# Blender v2.90.0 OBJ File: ''
# www.blender.org
mtllib Cat.mtl
o Cat
v 0.000001 0.205973 0.193101
v 0.009927 0.195755 0.183883
v 0.000001 0.165443 0.173278
v 0.008719 0.167787 0.173079
v 0.000001 0.140237 0.171250
v 0.013044 0.142288 0.172147
v 0.016382 0.171121 0.163063
v 0.026859 0.122373 0.176502
v 0.022875 0.144881 0.163807
v -0.057223 -0.094731 0.048197
v -0.060854 -0.108783 0.039364
v -0.063593 -0.093895 0.074267
v -0.076568 -0.065623 0.174581
v -0.083665 -0.073183 0.195836
v -0.060801 -0.060641 0.175013
v 0.025581 0.177817 0.119077
v -0.062676 -0.118171 0.014078
v -0.060268 -0.124802 0.022800
v 0.037331 0.123341 0.169380
v 0.032683 0.154385 0.125731
v -0.031300 0.230265 0.094853
v -0.022981 0.215789 0.084044
v -0.029693 0.208695 0.042122
v -0.079696 -0.057403 0.222795
v -0.083817 -0.025642 0.220070
v -0.072356 -0.050507 0.197193
v -0.088997 0.067825 0.245696
v -0.087309 0.071727 0.273338
v -0.085198 0.094963 0.250997
v 0.007885 -0.317932 0.305941
v -0.005182 -0.322775 0.308200
v 0.007626 -0.341232 0.306948
v 0.044039 0.138893 0.133360
v -0.011578 0.240704 0.220324
v -0.001442 0.251203 0.246505
v 0.000001 0.234134 0.215916
v -0.071272 -0.181579 0.225309
v -0.074559 -0.166974 0.198532
v -0.052561 -0.197064 0.209266
v 0.051588 0.108089 0.176215
v 0.055912 0.113504 0.159183
v 0.032581 0.178419 0.100872
v 0.026045 0.186841 0.099887
v -0.026010 -0.178836 0.184696
v -0.025064 -0.151934 0.172784
v 0.000001 -0.183228 0.175489
v 0.056038 0.133555 0.135245
v -0.053590 -0.167791 0.171554
v -0.075021 -0.155315 0.176892
v -0.054082 -0.154755 0.160425
v 0.008766 0.625615 0.321640
v 0.012026 0.633596 0.312435
v -0.005380 0.629501 0.320742
v -0.055808 -0.106596 0.011971
v 0.011905 -0.340797 0.302423
v 0.005446 -0.329533 0.297585
v -0.010499 -0.341676 0.303006
v 0.044071 0.173076 0.103436
v -0.030615 -0.096349 0.050218
v -0.028156 -0.099550 0.027610
v -0.044398 -0.089147 0.049763
v -0.023021 0.257488 0.247921
v -0.067239 -0.248565 0.365315
v -0.062460 -0.227279 0.349014
v -0.069044 -0.243194 0.343817
v -0.055910 0.113504 0.159183
v -0.070013 0.109077 0.163112
v -0.056034 0.133555 0.135245
v 0.065462 0.132887 0.137274
v -0.030432 -0.131532 0.005143
v -0.050132 -0.154511 0.006160
v -0.055780 -0.142979 0.006290
v -0.031067 0.196037 0.015752
v -0.035108 0.182281 0.003541
v -0.049163 0.197153 0.014573
v -0.026103 0.219149 0.100974
v -0.022099 0.200300 0.087038
v -0.077134 0.040152 0.202055
v -0.085417 0.055273 0.222530
v -0.074657 0.066190 0.205892
v 0.039650 0.140089 0.004085
v 0.030981 0.143977 0.005186
v 0.038019 0.149641 0.002735
v 0.037144 0.184993 0.081268
v -0.092226 -0.109328 0.243410
v -0.091782 -0.127669 0.236082
v -0.089411 -0.115562 0.271186
v -0.039692 0.014422 0.155949
v -0.059387 0.013635 0.169185
v -0.034822 0.043578 0.161726
v -0.047555 -0.327683 0.340472
v -0.049454 -0.323318 0.367413
v -0.064310 -0.307312 0.338138
v 0.020562 -0.342142 0.371654
v 0.046944 -0.346651 0.381403
v 0.020410 -0.341848 0.372207
v -0.052183 -0.091730 0.353685
v -0.053839 -0.061588 0.346259
v -0.071828 -0.092501 0.330323
v -0.061008 -0.207918 0.331829
v -0.053859 -0.207180 0.353773
v -0.064716 -0.187247 0.319949
v -0.051801 -0.310240 0.379487
v -0.062610 -0.299489 0.367141
v -0.077623 0.158871 0.144565
v -0.086257 0.152917 0.172839
v -0.075974 0.181518 0.144722
v -0.058232 -0.247744 0.384267
v -0.070986 -0.124949 0.126886
v -0.058738 -0.128521 0.125873
v -0.071203 -0.135890 0.149415
v -0.037288 0.245993 0.333225
v -0.013924 0.260031 0.344246
v -0.025175 0.267958 0.330238
v 0.043546 -0.274892 0.417198
v 0.071774 -0.286920 0.437367
v 0.055127 -0.270952 0.417417
v 0.050736 0.189051 0.081948
v -0.081984 -0.079262 0.230017
v -0.083526 -0.060705 0.245625
v -0.062583 0.101441 0.176607
v -0.073390 0.098508 0.182458
v 0.057913 0.179804 0.106177
v -0.054561 0.178038 0.028513
v -0.063616 0.179509 0.014635
v -0.058297 0.172589 0.023159
v -0.085126 0.007802 0.219040
v -0.089589 0.030774 0.244327
v 0.072841 -0.288301 0.435209
v 0.061031 -0.292853 0.433490
v 0.051893 -0.277640 0.419300
v 0.071884 -0.270616 0.370931
v 0.060969 -0.279342 0.383643
v 0.067730 -0.280372 0.369800
v 0.069597 -0.259376 0.397237
v 0.058235 -0.247743 0.384266
v 0.045708 -0.248677 0.396999
v -0.049037 0.206656 0.352895
v -0.045584 0.160377 0.359729
v -0.023607 0.203539 0.362650
v 0.018228 0.612565 0.316194
v 0.017881 0.622760 0.307641
v 0.020370 -0.342127 0.373104
v 0.044546 -0.349071 0.386033
v 0.020301 -0.341632 0.373503
v 0.038894 0.184292 0.058927
v 0.000001 0.064982 0.381839
v 0.000001 0.116998 0.380503
v -0.021246 0.063378 0.374798
v -0.076325 -0.269128 0.402432
v -0.077803 -0.281214 0.413301
v -0.071770 -0.286920 0.437366
v 0.062613 -0.299489 0.367141
v 0.051803 -0.310240 0.379487
v 0.089592 0.030764 0.244326
v 0.085420 0.055275 0.222530
v 0.089000 0.067825 0.245696
v 0.049334 0.187585 0.057341
v 0.035696 -0.256123 0.404493
v 0.039034 0.174810 0.031337
v 0.054564 0.178039 0.028514
v 0.024280 -0.354073 0.319168
v 0.031832 -0.343583 0.311511
v 0.031109 -0.339095 0.332682
v -0.025367 -0.326931 0.365679
v -0.024161 -0.337817 0.362018
v -0.020118 -0.327656 0.364381
v -0.007049 -0.281096 0.278426
v -0.024988 -0.269988 0.278667
v -0.007230 -0.249168 0.259817
v -0.057796 -0.139267 0.145991
v -0.036678 -0.156511 0.166295
v -0.077859 0.132863 0.149789
v -0.068029 0.152439 0.128735
v -0.065460 0.132885 0.137276
v 0.022564 -0.353139 0.322438
v 0.022271 -0.353386 0.321746
v 0.022737 -0.352444 0.322111
v -0.060877 -0.257127 0.304655
v -0.068369 -0.250216 0.321981
v -0.056454 -0.238537 0.293207
v -0.031352 -0.201031 0.208070
v -0.000875 -0.206934 0.196273
v -0.014626 -0.214345 0.216452
v -0.063224 0.171826 0.007552
v -0.054133 0.179386 0.004218
v 0.018537 -0.145359 0.012177
v 0.020082 -0.139292 0.006118
v 0.026945 -0.152148 0.015112
v -0.060211 0.224135 0.175910
v -0.048691 0.223843 0.161105
v -0.055065 0.218480 0.146022
v -0.016898 0.199997 0.174935
v -0.034162 0.225956 0.185208
v -0.009925 0.195755 0.183883
v -0.061446 -0.128786 0.006156
v -0.043189 -0.106812 0.003612
v -0.039752 -0.118410 0.001488
v 0.011695 -0.324001 0.393540
v 0.000001 -0.317807 0.398349
v 0.015869 -0.339039 0.379899
v 0.055176 0.193940 0.049408
v -0.031566 -0.131249 0.027484
v -0.034192 -0.151275 0.025764
v -0.026941 -0.152148 0.015112
v -0.035513 -0.332176 0.348040
v -0.019884 -0.336495 0.343787
v -0.031851 -0.333256 0.347256
v 0.057166 0.198704 0.075466
v -0.055125 -0.087883 0.056874
v -0.047954 -0.085364 0.054781
v -0.086903 -0.027308 0.243532
v -0.087119 0.021394 0.274834
v -0.049008 0.090403 0.351902
v -0.051824 -0.027102 0.346743
v -0.034849 0.030503 0.364251
v -0.075688 -0.022462 0.197154
v 0.073392 0.098508 0.182458
v 0.082323 0.110942 0.175657
v 0.084860 0.098184 0.204231
v 0.061726 0.196604 0.102514
v 0.056548 0.215165 0.084436
v 0.069008 -0.294876 0.347436
v 0.064314 -0.307308 0.338139
v 0.074115 -0.272285 0.347206
v 0.024850 -0.296364 0.405497
v 0.037098 -0.290476 0.415083
v 0.024809 -0.283055 0.409442
v -0.066582 -0.155223 0.327669
v -0.071192 -0.117800 0.330601
v -0.077395 -0.148512 0.300371
v -0.026500 0.271879 0.314233
v -0.029967 0.259106 0.310535
v -0.042785 -0.279285 0.410984
v -0.042050 -0.278456 0.400717
v -0.036309 -0.297271 0.399037
v -0.045191 -0.124604 0.130201
v -0.035990 -0.113818 0.130698
v -0.041428 -0.135349 0.147774
v 0.068036 0.152432 0.128742
v -0.004393 -0.089172 0.358255
v -0.008702 -0.054153 0.361813
v -0.034499 -0.090682 0.359051
v -0.069077 -0.188865 0.279086
v -0.063487 -0.209398 0.299704
v -0.071111 -0.176772 0.297425
v 0.067906 0.170010 0.122479
v -0.026967 -0.350811 0.321220
v -0.031105 -0.339096 0.332682
v -0.031830 -0.343583 0.311513
v 0.000001 0.429458 0.290091
v 0.000001 0.541588 0.291751
v 0.013838 0.502650 0.295777
v -0.079845 0.203294 0.279236
v -0.068033 0.231518 0.302521
v -0.072312 0.229256 0.279746
v -0.018534 -0.145359 0.012178
v -0.020080 -0.139291 0.006118
v 0.077621 0.158879 0.144551
v 0.077862 0.132863 0.149789
v 0.018636 -0.126946 0.013391
v 0.075977 0.181519 0.144722
v -0.077228 -0.029099 0.300249
v -0.083971 -0.029514 0.274399
v -0.078701 -0.062759 0.301836
v -0.051357 0.071220 0.186286
v -0.033705 0.072176 0.172737
v -0.056221 0.041340 0.176426
v -0.007422 -0.350659 0.351305
v -0.009745 -0.347445 0.368032
v -0.022428 -0.335261 0.351437
v -0.051693 -0.295583 0.425043
v 0.069429 0.203599 0.150390
v -0.082346 -0.098482 0.126199
v -0.092511 -0.102728 0.167617
v -0.080878 -0.083809 0.136135
v 0.058646 0.211702 0.111252
v -0.035693 -0.256123 0.404493
v -0.045707 -0.248677 0.396999
v -0.055125 -0.270952 0.417417
v 0.076326 -0.269127 0.402431
v 0.067843 -0.270118 0.413549
v 0.039597 -0.327394 0.349097
v 0.040278 -0.326746 0.353978
v 0.039620 -0.334999 0.354519
v 0.043334 0.233056 0.094128
v -0.055171 0.193943 0.049420
v -0.053983 0.200858 0.038585
v 0.047736 0.223914 0.116760
v -0.059338 -0.292482 0.435614
v -0.072840 -0.288301 0.435209
v -0.061030 -0.292852 0.433491
v 0.000001 0.324010 0.339772
v 0.000001 0.251902 0.350228
v 0.011776 0.330459 0.333901
v -0.046486 -0.234961 0.272388
v -0.056935 -0.220520 0.280636
v -0.048427 -0.212196 0.245782
v -0.054143 -0.315461 0.325251
v -0.017401 0.108752 0.174607
v -0.026857 0.122373 0.176502
v 0.039080 0.235163 0.092826
v -0.020627 -0.341262 0.373097
v -0.020695 -0.341756 0.372705
v -0.044543 -0.349071 0.386033
v -0.086506 -0.138777 0.266285
v 0.000001 0.109663 0.171562
v -0.017218 -0.330464 0.343573
v -0.017934 -0.337443 0.347972
v -0.021949 -0.330247 0.341132
v -0.058601 0.156823 0.001817
v -0.038014 0.149641 0.002735
v -0.058771 -0.118501 0.038262
v -0.053946 -0.122948 0.046280
v -0.062488 -0.114691 0.065103
v 0.053986 0.200862 0.038593
v -0.013720 -0.356693 0.309016
v -0.021950 -0.345645 0.302323
v -0.002760 -0.353038 0.306342
v -0.055018 -0.183376 0.340412
v -0.043353 -0.182527 0.356069
v -0.072113 -0.274096 0.327154
v 0.000001 0.442478 0.329615
v -0.033486 -0.152061 0.005960
v -0.044046 -0.157827 0.013165
v -0.064933 -0.105012 0.068831
v 0.049166 0.197154 0.014575
v -0.003784 -0.313370 0.299820
v 0.003660 -0.313370 0.299814
v 0.000266 -0.324566 0.304128
v -0.006572 -0.313694 0.300872
v -0.006933 -0.313154 0.302433
v -0.035497 -0.326222 0.362620
v -0.047630 0.234412 0.189941
v 0.036583 0.209445 0.036048
v -0.067646 0.146510 0.339757
v -0.059675 0.176837 0.349777
v -0.072211 0.166908 0.335411
v -0.045207 -0.308736 0.310502
v -0.029222 -0.329635 0.302739
v 0.055384 0.192014 0.013000
v -0.056981 -0.145486 0.015460
v -0.053194 -0.152607 0.019912
v 0.063619 0.179508 0.014636
v -0.083662 -0.063761 0.273182
v -0.090999 -0.089828 0.195712
v -0.086976 -0.089294 0.230765
v 0.034436 -0.330402 0.348039
v 0.038941 -0.333028 0.345223
v 0.036898 -0.328088 0.350021
v 0.089397 0.100050 0.223790
v 0.080673 0.091334 0.226290
v -0.003795 -0.291665 0.409366
v -0.024857 -0.296505 0.405229
v -0.011691 -0.324000 0.393541
v -0.020617 0.160526 0.007991
v -0.023689 0.184111 0.012000
v 0.003392 0.259316 0.274270
v -0.018432 0.260451 0.271422
v 0.031072 0.196036 0.015748
v -0.013391 -0.332385 0.291495
v -0.022032 -0.331832 0.299884
v -0.080412 -0.089168 0.303949
v -0.086138 -0.093947 0.276147
v -0.080733 -0.117243 0.302772
v 0.017223 -0.330464 0.343573
v 0.021951 -0.330247 0.341132
v 0.017938 -0.337444 0.347971
v 0.013926 0.260034 0.344246
v 0.020407 0.234947 0.352544
v 0.037290 0.245992 0.333224
v 0.029696 0.208700 0.042134
v 0.034762 -0.330571 0.358325
v 0.037115 -0.327594 0.357275
v 0.045454 -0.326648 0.355605
v 0.025177 0.267957 0.330238
v 0.000001 -0.346396 0.299454
v 0.006933 -0.348115 0.306163
v 0.007848 -0.344083 0.299926
v 0.051613 -0.290919 0.389106
v 0.037292 -0.302797 0.395116
v -0.027286 -0.268838 0.409518
v -0.024806 -0.283056 0.409442
v 0.000002 -0.267531 0.413066
v 0.023693 0.184117 0.012004
v 0.025190 0.201298 0.042483
v 0.062523 -0.143779 0.008475
v 0.055782 -0.142979 0.006290
v 0.061448 -0.128783 0.006156
v 0.006927 -0.313139 0.302433
v 0.003838 -0.312244 0.302945
v -0.067495 -0.279633 0.389299
v -0.060968 -0.279341 0.383643
v -0.060091 -0.272384 0.392537
v 0.000001 0.629192 0.298852
v -0.005608 0.636976 0.310319
v 0.011327 0.627680 0.300492
v -0.053976 -0.269360 0.402354
v -0.051891 -0.277640 0.419299
v -0.069081 -0.279960 0.423706
v -0.030813 -0.337380 0.345233
v 0.022983 0.215789 0.084047
v 0.031303 0.230265 0.094856
v 0.032603 -0.329013 0.341804
v 0.036901 -0.328196 0.344823
v 0.030817 -0.337379 0.345233
v -0.044839 0.091617 0.187030
v -0.036899 -0.328196 0.344823
v -0.039617 -0.335001 0.354516
v -0.039594 -0.327394 0.349097
v -0.050791 0.252241 0.297717
v 0.019304 0.475852 0.316433
v 0.011424 0.478355 0.323610
v -0.021311 -0.143189 0.021983
v -0.023135 -0.123988 0.025180
v -0.054137 0.099608 0.192097
v -0.051585 0.108089 0.176215
v 0.026106 0.219147 0.100977
v -0.044526 0.225975 0.079018
v -0.036581 0.209442 0.036042
v 0.035110 0.182280 0.003541
v 0.027493 0.151795 0.003049
v 0.020619 0.160536 0.007992
v -0.032012 -0.122931 0.151975
v -0.046471 0.223064 0.127657
v -0.058644 0.211703 0.111257
v 0.044509 0.222808 0.127937
v 0.027289 -0.268838 0.409518
v -0.016192 -0.341257 0.299423
v 0.031573 0.214159 0.120646
v 0.039123 0.219850 0.134061
v -0.044150 -0.131682 0.027819
v -0.036048 -0.158826 0.013566
v -0.083561 -0.152529 0.224622
v 0.021952 -0.345645 0.302322
v 0.016196 -0.341257 0.299423
v 0.029225 -0.329634 0.302739
v 0.000001 0.301581 0.292822
v 0.014378 0.354519 0.298065
v 0.022102 0.346322 0.310484
v 0.026503 0.271881 0.314232
v 0.087311 0.071727 0.273338
v 0.080418 0.070426 0.297596
v 0.087123 0.021393 0.274834
v 0.000001 0.012618 0.147226
v -0.017727 0.013620 0.149254
v 0.000001 0.042945 0.153270
v -0.037681 -0.099563 0.011476
v 0.055068 0.218480 0.146024
v -0.025187 0.201295 0.042477
v 0.039172 0.219746 0.156253
v -0.044105 0.231735 0.097416
v -0.056545 0.215163 0.084428
v -0.047294 -0.267713 0.293795
v 0.019997 0.591754 0.306050
v -0.013121 -0.329277 0.357095
v -0.015816 -0.328475 0.361370
v -0.012443 -0.329939 0.352208
v -0.056017 0.251626 0.254849
v -0.055359 0.252704 0.276814
v -0.039952 0.259277 0.251419
v 0.048697 0.223842 0.161100
v 0.063468 -0.139382 0.019240
v 0.065331 -0.132489 0.012307
v 0.051695 -0.295585 0.425041
v 0.036312 -0.297269 0.399037
v 0.042787 -0.279285 0.410983
v -0.023740 -0.341222 0.362114
v 0.034164 0.225955 0.185207
v 0.000001 0.166841 0.373199
v -0.021921 0.114576 0.375245
v 0.060215 0.224136 0.175913
v 0.014900 0.218076 0.196828
v -0.013310 -0.139708 0.361540
v -0.011863 -0.177571 0.368889
v 0.012700 -0.146942 0.362300
v 0.047632 0.234412 0.189941
v 0.030316 0.237420 0.207193
v 0.011581 0.240704 0.220324
v 0.021053 0.256740 0.247478
v 0.024567 0.249235 0.225941
v -0.039166 0.219744 0.156250
v -0.021229 0.193047 0.142533
v -0.011762 0.261237 0.286046
v 0.016737 0.262195 0.293027
v -0.030410 -0.053100 0.357538
v -0.039078 0.235163 0.092825
v 0.022218 0.260619 0.271935
v 0.031551 0.258782 0.294260
v -0.027301 -0.232941 0.395791
v -0.027981 -0.201843 0.376200
v -0.012848 -0.249927 0.407591
v 0.007140 -0.249722 0.408549
v 0.036575 0.260387 0.273025
v 0.050794 0.252241 0.297717
v 0.039955 0.259277 0.251419
v 0.055361 0.252704 0.276814
v 0.055776 0.230026 0.328823
v 0.056019 0.251626 0.254849
v 0.068040 0.231513 0.302520
v 0.042873 0.251645 0.225758
v 0.072314 0.229256 0.279746
v 0.074617 0.224266 0.249553
v -0.031955 -0.100094 0.129870
v -0.033010 -0.101536 0.097424
v 0.000001 0.267381 0.292071
v 0.016947 0.272962 0.300943
v 0.058590 0.243576 0.227051
v 0.020603 -0.341293 0.371967
v 0.020754 -0.341570 0.371415
v 0.000001 -0.323869 0.301914
v -0.043057 0.164613 0.026337
v 0.073210 0.215995 0.198363
v -0.040194 -0.206436 0.371395
v -0.034757 -0.023918 0.358786
v -0.080320 0.100869 0.285540
v -0.080414 0.070425 0.297597
v -0.068019 0.106943 0.320573
v -0.025515 -0.350146 0.316540
v -0.025097 -0.350269 0.315828
v -0.024996 -0.351072 0.316035
v -0.086021 0.175942 0.276551
v -0.082348 0.165649 0.310729
v 0.062679 -0.118170 0.014078
v 0.060271 -0.124801 0.022800
v 0.084281 0.186097 0.195744
v 0.086260 0.152916 0.172839
v 0.084887 0.191723 0.222997
v 0.092220 0.155863 0.199498
v 0.086677 0.131475 0.174347
v -0.040275 -0.326746 0.353978
v 0.093854 0.160613 0.225638
v 0.095044 0.133414 0.214242
v 0.093823 0.110939 0.219390
v -0.070825 0.090344 0.208038
v -0.080670 0.091334 0.226290
v -0.084857 0.098184 0.204231
v 0.094368 0.140152 0.248087
v -0.063311 -0.122691 0.097383
v -0.049913 -0.125187 0.077815
v -0.055645 -0.181243 0.187149
v -0.036605 -0.180162 0.185301
v 0.086028 0.175933 0.276520
v -0.074938 -0.066689 0.198874
v 0.093203 0.117214 0.251517
v -0.057381 -0.047606 0.171797
v 0.079855 0.203282 0.279206
v 0.000001 -0.349683 0.299235
v 0.003233 -0.349159 0.299348
v -0.069006 -0.294876 0.347436
v -0.074112 -0.272285 0.347207
v -0.069592 -0.259373 0.397233
v -0.033821 -0.082315 0.158325
v -0.025923 -0.110067 0.164766
v -0.036144 -0.083938 0.138438
v 0.082350 0.165645 0.310731
v -0.039461 -0.053976 0.160368
v -0.024123 -0.080818 0.160520
v -0.044224 -0.065823 0.161664
v 0.064254 0.206102 0.334234
v -0.036573 0.260387 0.273025
v 0.072215 0.166902 0.335409
v 0.049040 0.206656 0.352895
v 0.042455 0.232279 0.342333
v 0.059678 0.176837 0.349777
v -0.079900 0.007477 0.299112
v 0.023610 0.203539 0.362650
v 0.000001 0.205344 0.363860
v 0.045586 0.160377 0.359729
v 0.022890 0.164326 0.369881
v 0.067649 0.146510 0.339757
v 0.021924 0.114576 0.375245
v 0.039893 0.109718 0.363358
v 0.021249 0.063378 0.374798
v 0.034856 0.030532 0.364251
v 0.057009 0.135727 0.348513
v 0.020023 0.012194 0.370715
v 0.000001 0.018827 0.377848
v 0.030412 -0.053101 0.357539
v 0.000001 -0.022823 0.369736
v 0.034760 -0.023918 0.358786
v 0.015071 -0.054492 0.360859
v -0.030705 -0.179829 0.364373
v 0.033077 -0.089400 0.359197
v -0.022010 -0.108473 0.038148
v -0.023532 -0.112340 0.011469
v 0.014347 -0.116196 0.360525
v 0.035470 -0.117584 0.360738
v -0.027490 0.151795 0.003049
v 0.033945 -0.150303 0.359946
v 0.015120 -0.178009 0.368428
v -0.009341 -0.198321 0.378608
v 0.030707 -0.179829 0.364373
v 0.012389 -0.198232 0.377948
v -0.006364 -0.230880 0.400185
v 0.043358 -0.182527 0.356069
v 0.018291 -0.230408 0.397525
v 0.027984 -0.201835 0.376194
v 0.071089 -0.259630 0.376628
v 0.033708 0.072176 0.172737
v 0.044842 0.091616 0.187030
v 0.051360 0.071220 0.186286
v -0.063212 -0.228928 0.316404
v 0.029969 0.259106 0.310535
v -0.073207 0.215995 0.198363
v -0.058586 0.243576 0.227052
v -0.055773 0.230026 0.328823
v 0.003768 -0.215491 0.214696
v -0.019280 -0.232447 0.245061
v 0.040195 -0.206417 0.371385
v -0.020601 -0.341293 0.371967
v -0.020751 -0.341570 0.371415
v -0.046941 -0.346651 0.381403
v -0.053951 -0.120052 0.353411
v -0.049162 -0.152617 0.352353
v -0.016134 0.075108 0.165817
v 0.053861 -0.207176 0.353769
v 0.003965 -0.350408 0.311847
v 0.000001 -0.351180 0.311992
v 0.000103 -0.351057 0.305623
v 0.067241 -0.248567 0.365315
v 0.074660 0.066190 0.205892
v 0.077136 0.040152 0.202055
v 0.062462 -0.227279 0.349014
v -0.067727 -0.280374 0.369800
v -0.084279 0.186097 0.195744
v 0.069048 -0.243200 0.343818
v 0.061009 -0.207918 0.331835
v -0.034998 -0.092112 0.081141
v 0.063214 -0.228928 0.316404
v -0.058547 -0.082931 0.089063
v -0.045388 -0.084859 0.074957
v 0.068372 -0.250216 0.321981
v 0.072114 -0.274095 0.327154
v -0.051610 -0.290920 0.389106
v -0.071882 -0.270616 0.370932
v 0.064060 -0.276539 0.312144
v 0.060880 -0.257127 0.304655
v 0.054149 -0.315456 0.325252
v -0.058975 -0.021120 0.169716
v 0.047295 -0.267713 0.293794
v 0.045208 -0.308737 0.310501
v 0.056457 -0.238537 0.293207
v 0.046491 -0.234971 0.272397
v 0.063490 -0.209399 0.299704
v -0.007812 -0.337836 0.307465
v 0.037569 -0.270761 0.287325
v 0.056937 -0.220520 0.280636
v 0.035195 -0.234200 0.257579
v -0.044229 -0.150269 0.025025
v -0.052712 -0.134842 0.024122
v 0.021525 -0.250004 0.263222
v -0.057164 0.198705 0.075468
v 0.024990 -0.269988 0.278666
v 0.070018 0.109077 0.163111
v 0.021557 -0.299321 0.290449
v -0.020020 0.012194 0.370715
v -0.067377 -0.030565 0.325592
v -0.070232 -0.061510 0.325085
v 0.012954 -0.278179 0.278350
v 0.013392 -0.332390 0.291496
v -0.028907 -0.103665 0.057809
v -0.041901 -0.346819 0.392358
v -0.019662 -0.340445 0.375091
v -0.019510 -0.339951 0.375470
v -0.073655 -0.113712 0.106796
v 0.020610 -0.232323 0.245511
v 0.005750 -0.360438 0.317958
v 0.008966 -0.353981 0.304635
v -0.061384 -0.204554 0.265965
v 0.008905 -0.302099 0.286542
v -0.007380 -0.301372 0.285943
v 0.001462 -0.340685 0.287708
v 0.039755 -0.118410 0.001488
v 0.023535 -0.112340 0.011469
v 0.043190 -0.106811 0.003612
v -0.063465 -0.139382 0.019240
v 0.004892 -0.352350 0.352304
v 0.012927 -0.346111 0.368348
v -0.026790 0.190786 0.058887
v -0.027085 0.185111 0.037759
v 0.012923 -0.204638 0.200572
v -0.000840 -0.196789 0.184755
v -0.055382 0.192013 0.012999
v 0.026872 -0.192082 0.194939
v 0.009963 -0.349863 0.301101
v -0.002102 -0.351133 0.297024
v 0.031356 -0.201031 0.208071
v -0.031549 0.258782 0.294260
v 0.085201 0.094963 0.250996
v 0.019513 -0.339951 0.375470
v 0.041906 -0.346820 0.392360
v 0.019886 -0.339565 0.375125
v -0.015132 -0.339217 0.379967
v -0.011130 -0.345920 0.312152
v -0.009794 -0.343143 0.312299
v -0.007881 -0.348233 0.311740
v 0.048431 -0.212196 0.245783
v -0.091913 -0.115661 0.199601
v 0.052564 -0.197063 0.209265
v 0.061387 -0.204554 0.265965
v 0.071278 -0.181572 0.225296
v 0.069079 -0.188868 0.279092
v -0.017866 0.263657 0.296820
v -0.016944 0.272963 0.300943
v 0.071117 -0.176772 0.297425
v 0.000001 0.611871 0.325754
v 0.000001 0.517221 0.326735
v 0.011074 0.590835 0.323069
v 0.083563 -0.152530 0.224613
v 0.086509 -0.138777 0.266285
v 0.064719 -0.187247 0.319949
v 0.055021 -0.183376 0.340412
v 0.066585 -0.155223 0.327669
v 0.077397 -0.148512 0.300371
v 0.049167 -0.152617 0.352353
v 0.071195 -0.117800 0.330601
v 0.053954 -0.120052 0.353411
v 0.052186 -0.091730 0.353685
v 0.053842 -0.061588 0.346259
v 0.071831 -0.092501 0.330323
v 0.051828 -0.027101 0.346742
v 0.070235 -0.061510 0.325085
v 0.067379 -0.030565 0.325592
v 0.049008 0.090408 0.351904
v 0.069114 0.013009 0.325079
v 0.068025 0.106938 0.320571
v -0.064251 0.206102 0.334234
v 0.079903 0.007477 0.299112
v 0.077231 -0.029099 0.300249
v -0.000242 -0.353442 0.307953
v 0.078704 -0.062759 0.301836
v 0.083973 -0.029514 0.274399
v 0.080418 -0.089168 0.303949
v 0.083664 -0.063761 0.273182
v 0.086905 -0.027308 0.243532
v 0.080735 -0.117243 0.302772
v 0.086140 -0.093950 0.276147
v 0.089415 -0.115562 0.271186
v 0.047907 -0.285200 0.425538
v 0.059342 -0.292480 0.435615
v 0.091784 -0.127668 0.236082
v 0.092228 -0.109328 0.243410
v -0.049801 -0.073533 0.134943
v -0.070252 -0.069063 0.155794
v 0.083532 -0.060705 0.245625
v 0.081988 -0.079265 0.230024
v 0.086980 -0.089297 0.230773
v -0.027433 -0.192496 0.195649
v 0.079699 -0.057403 0.222795
v -0.065328 -0.132489 0.012307
v 0.091000 -0.089830 0.195717
v 0.083671 -0.073183 0.195836
v 0.091915 -0.115663 0.199605
v -0.051466 0.137515 0.005157
v -0.049197 0.142123 0.020939
v -0.057903 0.144532 0.009444
v -0.044045 0.148595 0.024865
v -0.050071 0.152799 0.026720
v 0.079073 0.146546 0.319595
v 0.075036 -0.274747 0.391502
v 0.086817 -0.134826 0.187637
v 0.092514 -0.102728 0.167618
v 0.086082 -0.123255 0.165027
v 0.075024 -0.155315 0.176892
v 0.088329 -0.082900 0.166170
v 0.074562 -0.166974 0.198532
v 0.053593 -0.167791 0.171554
v 0.055648 -0.181243 0.187149
v 0.036608 -0.180162 0.185302
v -0.064058 -0.276542 0.312144
v 0.026012 -0.178836 0.184696
v 0.036681 -0.156510 0.166294
v 0.025067 -0.151934 0.172784
v 0.054085 -0.154755 0.160425
v 0.009324 -0.145598 0.164665
v -0.001810 -0.152079 0.164528
v -0.095041 0.133414 0.214237
v -0.086674 0.131475 0.174347
v -0.093820 0.110941 0.219389
v -0.013228 -0.358532 0.328982
v 0.024484 -0.132125 0.167519
v 0.032014 -0.122931 0.151975
v 0.041430 -0.135349 0.147774
v 0.035994 -0.113816 0.130694
v 0.057799 -0.139267 0.145991
v 0.045194 -0.124603 0.130201
v -0.088327 -0.082898 0.166175
v 0.071206 -0.135890 0.149415
v 0.058739 -0.128521 0.125869
v 0.070988 -0.124949 0.126885
v -0.049325 -0.101095 0.010843
v -0.093200 0.117212 0.251517
v -0.094366 0.140141 0.248069
v -0.064310 0.152117 0.010159
v 0.041749 -0.120983 0.082307
v 0.035377 -0.112499 0.091592
v -0.093852 0.160607 0.225612
v -0.084890 0.191705 0.222986
v -0.077513 0.009562 0.197606
v 0.049915 -0.125187 0.077815
v 0.000001 -0.025081 0.146510
v 0.000001 -0.080463 0.155779
v -0.012975 -0.071971 0.155676
v 0.030549 -0.114096 0.056946
v -0.039710 -0.022570 0.155535
v 0.034728 -0.122943 0.044572
v 0.063311 -0.122691 0.097372
v 0.053949 -0.122948 0.046280
v 0.043458 -0.127111 0.040583
v -0.035191 -0.234200 0.257579
v 0.062492 -0.114690 0.065112
v 0.073662 -0.113712 0.106810
v -0.086079 -0.123256 0.165028
v -0.042453 0.232279 0.342333
v -0.071087 -0.259631 0.376628
v 0.082350 -0.098481 0.126201
v -0.022887 0.164326 0.369881
v 0.080878 -0.083810 0.136127
v -0.038087 -0.332717 0.323339
v 0.076570 -0.065623 0.174581
v 0.070254 -0.069063 0.155793
v 0.060803 -0.060641 0.175013
v -0.014899 0.218076 0.196828
v 0.074942 -0.066689 0.198874
v 0.044226 -0.065823 0.161664
v 0.072358 -0.050507 0.197193
v 0.057384 -0.047606 0.171797
v 0.083819 -0.025642 0.220070
v 0.075694 -0.022462 0.197154
v 0.039463 -0.053976 0.160368
v 0.058981 -0.021120 0.169716
v 0.077516 0.009562 0.197606
v 0.085128 0.007802 0.219040
v -0.016356 0.043978 0.155019
v 0.000001 0.075139 0.163815
v 0.059390 0.013635 0.169185
v 0.056223 0.041340 0.176426
v 0.039695 0.014422 0.155949
v 0.039713 -0.022570 0.155535
v 0.034824 0.043578 0.161726
v 0.017730 0.013620 0.149254
v 0.016359 0.043978 0.155019
v 0.016136 0.075108 0.165817
v 0.017940 -0.021489 0.149053
v 0.012980 -0.071960 0.155673
v 0.038105 -0.322598 0.384825
v -0.042869 0.251645 0.225755
v 0.024126 -0.080818 0.160520
v 0.033823 -0.082315 0.158325
v 0.036147 -0.083938 0.138438
v 0.049803 -0.073532 0.134948
v -0.024561 0.249235 0.225941
v -0.082810 0.113999 0.282331
v 0.035002 -0.092110 0.081157
v 0.045390 -0.084859 0.074956
v 0.008503 -0.346196 0.299846
v 0.070828 0.090344 0.208038
v 0.017404 0.108752 0.174607
v 0.058549 -0.082931 0.089063
v 0.063595 -0.093895 0.074267
v 0.064937 -0.105010 0.068840
v 0.024268 -0.333487 0.351437
v 0.024727 -0.334243 0.354322
v 0.019289 -0.342180 0.358592
v 0.049329 -0.101095 0.010844
v 0.055815 -0.106596 0.011975
v -0.089394 0.100050 0.223790
v -0.074613 0.224261 0.249515
v -0.075032 -0.274747 0.391501
v 0.003548 -0.345640 0.307010
v 0.022112 -0.332803 0.300314
v 0.055128 -0.087883 0.056875
v -0.069111 0.013014 0.325079
v -0.003962 -0.350408 0.311847
v -0.038103 -0.322599 0.384824
v -0.023599 0.203201 0.099962
v -0.025031 0.196446 0.121755
v -0.041748 -0.120983 0.082322
v 0.047957 -0.085363 0.054781
v 0.030621 -0.096349 0.050218
v -0.023638 -0.115859 0.039999
v 0.044402 -0.089147 0.049764
v 0.015819 -0.328475 0.361370
v 0.012445 -0.329939 0.352208
v 0.020196 0.348175 0.322924
v 0.057226 -0.094732 0.048198
v 0.046949 -0.150710 0.004669
v 0.038177 -0.158316 0.013150
v 0.033489 -0.152061 0.005960
v 0.028158 -0.099548 0.027617
v 0.049457 -0.323318 0.367412
v -0.037096 -0.290476 0.415083
v -0.047899 -0.285199 0.425534
v 0.020969 0.469893 0.305575
v 0.037683 -0.099562 0.011477
v -0.005333 -0.365797 0.331650
v -0.030767 -0.326438 0.365059
v -0.008500 -0.346196 0.299846
v -0.003227 -0.349159 0.299348
v -0.006678 -0.348283 0.305965
v 0.060856 -0.108783 0.039365
v -0.037567 -0.270761 0.287325
v -0.043543 -0.274892 0.417198
v 0.058773 -0.118500 0.038264
v -0.011806 -0.344824 0.312265
v -0.011018 -0.343683 0.312305
v 0.031589 -0.331620 0.347256
v -0.092217 0.155863 0.199498
v 0.048668 -0.129817 0.027636
v -0.017938 -0.021489 0.149053
v -0.020367 -0.342127 0.373104
v -0.020299 -0.341632 0.373503
v 0.024163 -0.337817 0.362018
v 0.035500 -0.326222 0.362620
v 0.042056 -0.278453 0.400716
v 0.035290 -0.133090 0.028076
v 0.023641 -0.115857 0.039998
v 0.047558 -0.327684 0.340474
v -0.022562 -0.353139 0.322438
v -0.022733 -0.352444 0.322111
v -0.022268 -0.353386 0.321746
v 0.069085 -0.279961 0.423708
v 0.023139 -0.123988 0.025180
v -0.035468 -0.117584 0.360738
v -0.033939 -0.150303 0.359946
v -0.004355 -0.361477 0.322831
v 0.021315 -0.143186 0.021984
v -0.001432 -0.347213 0.304055
v 0.034194 -0.151276 0.025763
v -0.021556 -0.299322 0.290452
v -0.037290 -0.302797 0.395115
v -0.018634 -0.126947 0.013391
v 0.044232 -0.150269 0.025025
v 0.080325 0.100868 0.285529
v 0.049856 -0.158395 0.011417
v -0.013550 -0.346153 0.299168
v -0.022223 0.178659 0.018449
v 0.035049 -0.336140 0.372648
v 0.052835 -0.148543 0.023557
v -0.030314 0.237420 0.207193
v 0.056985 -0.145486 0.015461
v 0.030772 -0.333117 0.359150
v -0.020405 0.234947 0.352544
v -0.024232 -0.247639 0.262426
v 0.013124 -0.329277 0.357095
v 0.025926 -0.110067 0.164766
v 0.022227 0.178661 0.018447
v 0.020044 0.161900 0.016054
v 0.030434 -0.131534 0.005143
v 0.022626 0.148452 0.012397
v 0.031470 0.142456 0.013581
v 0.039790 0.136834 0.011261
v 0.038275 0.141710 0.022649
v 0.044048 0.148595 0.024865
v -0.039121 0.219849 0.134062
v 0.051468 0.137515 0.005157
v 0.049200 0.142123 0.020939
v 0.057905 0.144532 0.009444
v 0.055884 0.147558 0.019879
v 0.058606 0.156824 0.001817
v 0.064312 0.152117 0.010159
v 0.063227 0.171827 0.007552
v 0.050075 0.152800 0.026720
v 0.061875 0.159377 0.022099
v -0.030546 -0.114095 0.056942
v -0.035375 -0.112498 0.091602
v 0.054136 0.179386 0.004218
v -0.069426 0.203599 0.150390
v 0.077806 -0.281214 0.413301
v 0.067499 -0.279633 0.389299
v -0.082321 0.110942 0.175657
v 0.082816 0.113994 0.282314
v 0.053982 -0.269361 0.402354
v -0.057006 0.135727 0.348513
v -0.034726 -0.122944 0.044571
v 0.060094 -0.272384 0.392537
v -0.013880 -0.330355 0.347462
v -0.031567 0.214159 0.120646
v -0.067839 -0.270118 0.413548
v -0.010848 -0.124074 0.161905
v 0.022013 -0.108473 0.038150
v 0.033226 -0.301160 0.400978
v 0.009797 -0.343143 0.312299
v 0.011024 -0.343683 0.312305
v 0.011811 -0.344824 0.312265
v 0.031957 -0.100095 0.129878
v 0.033013 -0.101535 0.097441
v 0.028911 -0.103663 0.057816
v -0.030800 -0.334876 0.359150
v -0.035936 -0.332330 0.358325
v -0.003606 -0.345764 0.299580
v -0.019884 -0.339565 0.375125
v -0.020035 -0.340060 0.374746
v -0.024481 -0.132125 0.167519
v 0.027091 0.185113 0.037769
v -0.045608 -0.325480 0.353941
v -0.039831 -0.328720 0.354735
v -0.038960 -0.329368 0.357274
v 0.026793 0.190785 0.058885
v 0.022101 0.200299 0.087037
v 0.023601 0.203204 0.099961
v -0.043454 -0.127111 0.040583
v -0.055880 0.147558 0.019879
v 0.025037 0.196451 0.121744
v 0.021232 0.193048 0.142537
v -0.044037 0.138892 0.133361
v -0.044067 0.173075 0.103436
v 0.016901 0.199997 0.174935
v -0.033222 -0.301160 0.400978
v -0.062521 -0.143779 0.008475
v 0.028148 0.189112 0.082136
v -0.039890 0.109718 0.363358
v 0.027860 0.173985 0.026121
v -0.061872 0.159378 0.022100
v -0.086815 -0.134826 0.187637
v -0.061722 0.196607 0.102509
v 0.054144 0.099608 0.192099
v -0.025417 -0.350949 0.316746
v 0.005155 -0.359559 0.327329
v 0.007518 -0.363402 0.331255
v 0.021954 -0.348866 0.313050
v 0.022143 -0.349606 0.313442
v 0.021347 -0.349266 0.312598
v -0.030979 0.143977 0.005185
v 0.000001 0.611652 0.295233
v 0.038088 -0.332717 0.323338
v -0.008737 -0.345209 0.299926
v 0.012949 0.589482 0.297443
v 0.025651 0.154899 0.022811
v -0.035047 -0.336140 0.372648
v 0.043061 0.164612 0.026337
v 0.038209 0.151302 0.026439
v -0.022908 -0.334582 0.349469
v -0.023921 -0.333688 0.347368
v -0.022437 -0.352692 0.321420
v 0.018891 -0.337228 0.344592
v -0.027864 -0.335832 0.358445
v -0.013038 0.142288 0.172147
v -0.022870 0.144884 0.163804
v 0.030769 -0.326438 0.365059
v 0.025370 -0.326931 0.365679
v -0.025598 -0.336140 0.357700
v 0.058301 0.172590 0.023158
v -0.039646 0.140089 0.004085
v 0.020037 -0.340060 0.374746
v 0.019664 -0.340445 0.375091
v -0.003752 -0.347415 0.311952
v -0.021951 -0.348866 0.313050
v -0.021344 -0.349266 0.312598
v -0.022141 -0.349606 0.313442
v 0.013886 -0.330355 0.347462
v -0.020560 -0.342142 0.371654
v -0.020405 -0.341848 0.372207
v -0.027348 -0.329738 0.340508
v -0.008357 -0.343915 0.312319
v 0.020630 -0.341262 0.373097
v 0.020698 -0.341756 0.372705
v 0.027873 -0.332114 0.346903
v 0.025428 -0.332083 0.347369
v -0.037333 0.123336 0.169381
v 0.062589 0.101441 0.176607
v 0.018401 -0.355330 0.317331
v 0.018471 -0.354619 0.316965
v 0.018889 -0.355082 0.317909
v -0.007846 -0.344083 0.299926
v -0.038835 -0.326329 0.358730
v -0.079070 0.146545 0.319595
v 0.025517 -0.350146 0.316540
v 0.024999 -0.351072 0.316035
v 0.025100 -0.350270 0.315828
v 0.025420 -0.350949 0.316746
v 0.037790 -0.326962 0.354735
v 0.027354 -0.329738 0.340508
v 0.008361 -0.343915 0.312319
v 0.000001 -0.348064 0.311960
v -0.021531 -0.350007 0.312990
v -0.003841 -0.312244 0.302945
v 0.003754 -0.347415 0.311952
v 0.037686 -0.327147 0.352129
v 0.026731 -0.334397 0.357700
v 0.028492 -0.334073 0.358444
v 0.022440 -0.352692 0.321420
v 0.011133 -0.345920 0.312152
v 0.020121 -0.327656 0.364381
v 0.021533 -0.350007 0.312990
v -0.009580 -0.339291 0.305299
v 0.018956 -0.354373 0.317544
v -0.018400 -0.355330 0.317331
v -0.018886 -0.355082 0.317909
v -0.018468 -0.354619 0.316965
v -0.032600 -0.329013 0.341804
v -0.014374 0.354551 0.298065
v -0.022099 0.346323 0.310484
v -0.020193 0.348177 0.322923
v -0.011774 0.330455 0.333902
v 0.038838 -0.326329 0.358730
v -0.013835 0.502640 0.295776
v -0.020966 0.469885 0.305576
v -0.023018 -0.335986 0.354322
v -0.038681 -0.329847 0.350021
v -0.011421 0.478338 0.323611
v -0.019302 0.475831 0.316434
v -0.012947 0.589483 0.297443
v -0.019995 0.591745 0.306050
v 0.006574 -0.313694 0.300891
v -0.018715 0.590348 0.316241
v -0.010629 0.612280 0.322868
v -0.039695 -0.328905 0.352129
v -0.011324 0.627680 0.300492
v -0.017878 0.622763 0.307641
v -0.016509 0.624571 0.315394
v -0.008714 0.167787 0.173079
v -0.016379 0.171121 0.163064
v -0.025579 0.177817 0.119076
v -0.032678 0.154383 0.125734
v -0.032578 0.178418 0.100873
v -0.026042 0.186842 0.099886
v -0.028146 0.189111 0.082136
v -0.037142 0.184993 0.081268
v -0.038890 0.184291 0.058927
v -0.039032 0.174810 0.031337
v 0.008739 -0.345209 0.299926
v -0.027858 0.173985 0.026120
v -0.020042 0.161899 0.016055
v -0.025647 0.154902 0.022812
v -0.022624 0.148452 0.012398
v -0.031467 0.142456 0.013580
v -0.038205 0.151302 0.026438
v -0.038271 0.141710 0.022649
v -0.039787 0.136834 0.011261
v -0.018951 -0.354373 0.317544
v -0.049327 0.187585 0.057344
v -0.050734 0.189052 0.081947
v -0.057910 0.179806 0.106176
v -0.067903 0.170010 0.122479
vn -0.0000 0.5462 -0.8376
vn -0.5579 0.4420 -0.7025
vn 0.0000 0.2095 -0.9778
vn -0.4790 0.1632 -0.8625
vn -0.0000 -0.0130 -0.9999
vn -0.2360 -0.1958 -0.9518
vn -0.9145 -0.0197 -0.4040
vn -0.0839 -0.3526 -0.9320
vn -0.7167 -0.4165 -0.5593
vn -0.7104 0.6384 -0.2964
vn -0.9970 0.0611 -0.0466
vn -0.8634 0.4423 -0.2428
vn -0.5131 0.8523 -0.1015
vn -0.7685 0.6374 0.0552
vn -0.6217 0.5089 -0.5954
vn -0.9461 -0.2291 -0.2289
vn -0.9454 0.2526 -0.2061
vn -0.8399 -0.2482 0.4826
vn -0.5352 -0.6432 -0.5475
vn -0.6989 -0.5415 -0.4672
vn 0.6759 0.7338 0.0680
vn 0.9398 0.3374 -0.0549
vn 0.6436 0.6985 -0.3129
vn -0.9716 -0.0519 -0.2309
vn -0.9670 -0.0913 -0.2377
vn -0.9143 -0.0207 -0.4045
vn -0.9925 0.0911 -0.0815
vn -0.9837 0.0799 0.1611
vn -0.9925 -0.1093 0.0552
vn 0.9287 0.0375 0.3688
vn -0.4051 0.1883 0.8947
vn 0.8675 -0.4727 0.1552
vn -0.4116 -0.6950 -0.5895
vn 0.2808 0.7903 -0.5446
vn 0.0200 0.9291 -0.3693
vn 0.0029 0.7616 -0.6480
vn -0.8385 -0.5277 -0.1358
vn -0.8248 -0.5022 -0.2599
vn -0.4562 -0.7932 -0.4034
vn -0.4517 -0.7877 -0.4190
vn -0.3218 -0.8088 -0.4922
vn -0.5789 -0.6892 -0.4357
vn -0.8930 -0.3968 -0.2123
vn -0.1840 -0.4980 -0.8474
vn 0.0978 -0.3621 -0.9270
vn 0.0017 -0.4751 -0.8799
vn -0.0465 -0.6938 -0.7186
vn -0.1449 -0.7320 -0.6657
vn -0.7188 -0.5782 -0.3860
vn -0.1357 -0.6747 -0.7255
vn 0.4020 0.4001 0.8236
vn 0.5582 0.8120 0.1704
vn -0.2293 0.5703 0.7888
vn -0.6997 0.5105 -0.4998
vn 0.1957 0.1002 0.9755
vn -0.0970 -0.2197 0.9707
vn -0.2859 0.0648 0.9561
vn 0.1093 -0.7298 -0.6748
vn 0.7303 0.6826 0.0249
vn 0.6491 0.7421 -0.1675
vn 0.1328 0.9201 -0.3685
vn 0.1503 0.9530 -0.2629
vn -0.9105 0.3517 0.2175
vn -0.9389 0.3145 0.1396
vn -0.9641 0.2641 0.0272
vn 0.3218 -0.8088 -0.4923
vn -0.2629 -0.7623 -0.5914
vn 0.0465 -0.6938 -0.7186
vn 0.3938 -0.5743 -0.7177
vn -0.1042 -0.2428 -0.9645
vn -0.4259 -0.6151 -0.6636
vn -0.3041 -0.3573 -0.8831
vn 0.4413 0.7026 -0.5583
vn 0.2045 0.3397 -0.9180
vn -0.2588 0.7721 -0.5804
vn 0.9014 0.3751 0.2162
vn 0.9677 -0.2350 0.0916
vn -0.8397 0.1221 -0.5292
vn -0.9438 0.0897 -0.3182
vn -0.7781 0.1659 -0.6058
vn -0.2300 -0.5982 -0.7677
vn -0.5994 -0.5952 -0.5352
vn -0.0473 -0.0983 -0.9940
vn -0.1464 -0.9676 -0.2059
vn -0.9935 0.1010 0.0534
vn -0.9844 -0.1758 0.0108
vn -0.9829 -0.0206 0.1827
vn -0.4378 0.1186 -0.8912
vn -0.7155 0.1144 -0.6891
vn -0.4482 0.2860 -0.8470
vn -0.6463 -0.7630 0.0121
vn -0.7326 -0.6463 0.2135
vn -0.8779 -0.4597 -0.1337
vn -0.0346 -0.9398 -0.3400
vn 0.0000 0.0000 0.0000
vn -0.3613 -0.2981 0.8835
vn -0.5564 0.0656 0.8283
vn -0.6566 0.0893 0.7490
vn -0.8713 0.0459 0.4886
vn -0.9749 0.0535 0.2163
vn -0.8445 0.3069 0.4389
vn -0.9581 -0.1030 0.2673
vn -0.7386 -0.4078 0.5368
vn -0.8798 -0.3607 0.3095
vn -0.9265 -0.0137 -0.3759
vn -0.9678 0.0772 -0.2394
vn -0.9505 0.1865 -0.2486
vn -0.6616 0.6229 0.4175
vn -0.5671 -0.7733 -0.2837
vn 0.0059 -0.9637 -0.2670
vn -0.5821 -0.6826 -0.4418
vn -0.6280 0.5950 0.5016
vn -0.4612 0.2717 0.8447
vn -0.8661 0.2721 0.4194
vn -0.3731 0.3829 0.8451
vn 0.4070 0.1138 0.9063
vn -0.0353 0.6930 0.7201
vn 0.6144 -0.7572 -0.2218
vn -0.9612 0.2752 -0.0203
vn -0.9953 -0.0362 -0.0904
vn 0.2459 -0.8659 -0.4356
vn -0.2759 -0.8840 -0.3774
vn 0.6525 -0.4489 -0.6105
vn -0.5930 -0.5622 0.5765
vn -0.9620 0.2597 -0.0839
vn -0.6528 -0.0301 0.7569
vn -0.9680 -0.0159 -0.2504
vn -0.9988 -0.0099 -0.0481
vn 0.7867 -0.6106 0.0913
vn 0.3852 -0.9043 -0.1841
vn 0.4075 -0.6694 -0.6212
vn 0.9824 -0.1846 0.0275
vn 0.5468 -0.7348 0.4013
vn 0.8846 -0.3495 0.3088
vn 0.6060 0.7346 0.3051
vn 0.6616 0.6228 0.4175
vn 0.3472 0.6166 0.7066
vn -0.5329 0.2923 0.7941
vn -0.5191 0.0269 0.8543
vn -0.2261 0.2392 0.9443
vn 0.8716 0.1208 0.4750
vn 0.9404 0.2866 -0.1829
vn -0.2813 -0.9596 0.0087
vn 0.8490 -0.2632 0.4581
vn -0.4213 0.1366 0.8966
vn -0.0826 -0.9799 0.1815
vn -0.0000 -0.0268 0.9996
vn -0.0000 0.0759 0.9971
vn -0.4424 -0.0308 0.8963
vn -0.8949 0.4147 0.1650
vn -0.7302 -0.6770 0.0924
vn -0.4068 0.1141 0.9064
vn 0.8798 -0.3607 0.3095
vn 0.7386 -0.4078 0.5368
vn 0.9988 -0.0099 -0.0481
vn 0.9438 0.0896 -0.3183
vn 0.9925 0.0911 -0.0815
vn 0.5975 -0.7828 0.1737
vn 0.0990 0.4834 0.8698
vn -0.1011 -0.7384 0.6667
vn 0.5930 -0.5622 0.5765
vn 0.6148 -0.7887 0.0004
vn 0.7906 -0.5210 -0.3218
vn 0.5462 -0.7824 0.2992
vn -0.0894 -0.3780 0.9215
vn 0.1191 -0.7943 0.5958
vn 0.3518 -0.3426 0.8711
vn -0.1196 -0.4170 -0.9010
vn -0.3865 -0.4641 -0.7970
vn -0.0576 -0.6159 -0.7857
vn -0.0648 -0.7954 -0.6026
vn 0.4215 -0.5391 -0.7292
vn -0.8015 -0.3176 -0.5066
vn -0.7313 -0.2771 -0.6232
vn -0.3938 -0.5743 -0.7177
vn 0.9022 -0.3455 -0.2583
vn 0.9032 -0.3416 -0.2600
vn 0.9032 -0.3415 -0.2602
vn -0.8525 -0.1152 -0.5099
vn -0.9643 0.1105 -0.2405
vn -0.9246 -0.1071 -0.3655
vn -0.2993 -0.7904 -0.5345
vn -0.0225 -0.8120 -0.5832
vn -0.2435 -0.8172 -0.5224
vn -0.8182 0.2002 -0.5390
vn -0.3213 0.3288 -0.8881
vn -0.8338 -0.5115 -0.2078
vn -0.6415 -0.1420 -0.7539
vn -0.6106 -0.7839 0.1124
vn -0.5849 0.7663 -0.2659
vn -0.0083 0.9774 -0.2111
vn -0.6291 0.7682 -0.1188
vn 0.8330 0.4529 -0.3178
vn 0.5308 0.7445 -0.4049
vn 0.5579 0.4420 -0.7024
vn -0.5706 0.0822 -0.8171
vn -0.0340 0.4463 -0.8942
vn 0.0986 0.0459 -0.9941
vn 0.1271 -0.5841 0.8017
vn -0.0137 -0.4983 0.8669
vn 0.1767 -0.7558 0.6306
vn 0.9767 -0.1865 0.1064
vn 0.3547 -0.5009 0.7894
vn 0.3307 -0.5085 0.7950
vn 0.6528 -0.7503 0.1042
vn -0.3752 -0.8856 0.2739
vn -0.5672 -0.7669 0.3002
vn -0.3112 -0.9277 -0.2063
vn 0.9652 -0.2429 -0.0966
vn -0.5613 0.7876 -0.2541
vn 0.0202 0.9526 -0.3035
vn -0.9965 -0.0720 -0.0425
vn -0.9844 -0.0256 0.1739
vn -0.7932 -0.0351 0.6079
vn -0.7017 -0.0017 0.7125
vn -0.5921 -0.0484 0.8044
vn -0.8972 -0.0731 -0.4356
vn 0.2758 -0.8840 -0.3774
vn 0.7956 -0.4607 -0.3934
vn 0.7123 -0.6626 -0.2318
vn 0.9644 -0.0104 -0.2641
vn 0.8904 0.4341 -0.1372
vn 0.9526 -0.2991 0.0546
vn 0.8780 -0.4597 -0.1337
vn 0.9986 -0.0490 0.0198
vn -0.0336 -0.4708 0.8816
vn -0.5657 -0.2846 0.7740
vn -0.1740 -0.1155 0.9780
vn -0.8809 -0.1310 0.4549
vn -0.8791 -0.0675 0.4719
vn -0.9508 -0.1727 0.2572
vn -0.9620 0.1745 -0.2099
vn -0.6983 0.7156 -0.0151
vn -0.7954 -0.4599 -0.3946
vn -0.7849 -0.5380 0.3074
vn -0.8559 -0.4356 0.2786
vn 0.5504 -0.7789 -0.3006
vn 0.8785 -0.4369 -0.1930
vn 0.5321 -0.5861 -0.6111
vn 0.7313 -0.2771 -0.6232
vn -0.0010 -0.0183 0.9998
vn -0.0761 -0.1263 0.9891
vn -0.1646 0.0348 0.9857
vn -0.9439 -0.3302 0.0024
vn -0.9791 -0.1936 -0.0618
vn -0.9604 -0.2450 0.1324
vn 0.8675 -0.1200 -0.4828
vn -0.6965 -0.7125 0.0854
vn -0.5868 -0.7517 0.3010
vn -0.7873 -0.5232 -0.3263
vn -0.0000 -0.0123 -0.9999
vn 0.0000 0.0243 -0.9997
vn 0.5998 0.0109 -0.8001
vn -0.9637 0.2434 0.1102
vn -0.8435 0.4783 0.2442
vn -0.8910 0.4485 0.0698
vn 0.8338 -0.5114 -0.2078
vn 0.6415 -0.1420 -0.7539
vn 0.9265 -0.0138 -0.3760
vn 0.8015 -0.3177 -0.5066
vn -0.9839 0.1694 -0.0568
vn 0.9505 0.1866 -0.2486
vn -0.9523 -0.0002 0.3053
vn -0.9860 -0.0276 0.1642
vn -0.9637 0.0616 0.2600
vn -0.6351 0.2533 -0.7298
vn -0.4977 0.2931 -0.8163
vn -0.6809 0.2704 -0.6806
vn -0.5043 -0.8095 0.3006
vn -0.2299 -0.9308 0.2843
vn -0.6524 -0.7379 -0.1725
vn -0.1856 -0.9819 -0.0364
vn 0.8660 0.4685 -0.1747
vn -0.9626 0.0380 -0.2682
vn -0.9895 -0.0352 -0.1405
vn -0.8083 0.5306 -0.2551
vn 0.8746 0.4809 -0.0626
vn -0.0998 0.4830 0.8699
vn -0.3505 0.6147 0.7066
vn 0.0353 0.6930 0.7201
vn 0.8948 0.4147 0.1650
vn 0.3460 0.7641 0.5445
vn 0.9049 -0.2453 -0.3479
vn 0.9931 -0.0732 0.0911
vn 0.7690 -0.6237 0.1401
vn 0.5800 0.8145 -0.0145
vn -0.9766 -0.1867 0.1064
vn -0.8577 0.4996 -0.1214
vn 0.6067 0.7856 0.1217
vn 0.2376 -0.4057 0.8826
vn -0.7871 -0.6100 0.0916
vn -0.3853 -0.9042 -0.1842
vn 0.0000 0.1239 0.9923
vn -0.0000 0.2792 0.9602
vn 0.5645 0.0992 0.8195
vn -0.7787 -0.3980 -0.4851
vn -0.8975 -0.3508 -0.2674
vn -0.6707 -0.6542 -0.3496
vn -0.7444 -0.5197 -0.4193
vn -0.2826 0.0810 -0.9558
vn 0.0839 -0.3526 -0.9320
vn -0.0431 0.9959 -0.0791
vn -0.3094 0.9509 0.0022
vn -0.4502 -0.1371 -0.8823
vn -0.8498 -0.2599 0.4585
vn -0.9642 -0.2351 0.1225
vn -0.0000 0.1126 -0.9936
vn 0.5112 -0.4952 -0.7025
vn 0.4833 -0.8293 -0.2806
vn 0.1241 -0.6464 -0.7529
vn -0.4280 -0.0897 -0.8993
vn 0.0473 -0.0983 -0.9940
vn -0.8508 -0.5164 0.0974
vn -0.5552 -0.8316 0.0133
vn -0.9128 -0.3795 -0.1507
vn 0.8585 0.4982 -0.1215
vn -0.2518 -0.8248 -0.5063
vn -0.4122 -0.4824 -0.7729
vn 0.0586 -0.4735 -0.8788
vn -0.8571 0.0563 0.5121
vn -0.6873 0.1672 0.7069
vn -0.9563 -0.1012 -0.2742
vn -0.0000 0.0675 0.9977
vn 0.2736 -0.5014 -0.8208
vn -0.1564 -0.9877 -0.0078
vn -0.9767 0.0248 -0.2131
vn 0.2589 0.7719 -0.5806
vn -0.3152 -0.5592 -0.7668
vn 0.2269 -0.5014 -0.8349
vn 0.0695 -0.1808 -0.9811
vn 0.2428 -0.8981 0.3668
vn -0.8978 -0.3480 0.2699
vn -0.4861 -0.4342 0.7584
vn -0.0176 0.9179 -0.3964
vn -0.1269 0.8969 -0.4237
vn -0.7764 -0.1371 0.6152
vn -0.6764 0.0822 0.7320
vn -0.8557 0.0634 0.5136
vn -0.6612 -0.3517 -0.6627
vn -0.6119 -0.2523 -0.7496
vn 0.6017 0.6063 -0.5199
vn -0.7002 -0.6750 0.2324
vn -0.6478 -0.6113 0.4545
vn 0.9621 0.2596 -0.0839
vn -0.9952 0.0271 0.0938
vn -0.9699 0.2409 0.0366
vn -0.9222 0.3767 0.0872
vn 0.0689 -0.6724 0.7370
vn 0.2756 -0.8837 0.3782
vn -0.1646 -0.7577 0.6315
vn 0.8427 -0.5372 -0.0356
vn 0.9080 -0.3438 -0.2396
vn -0.0200 -0.2845 0.9585
vn 0.0292 -0.4795 0.8771
vn -0.1301 -0.5730 0.8092
vn 0.8586 -0.0022 -0.5126
vn 0.8023 0.3499 -0.4835
vn -0.0260 0.9842 -0.1751
vn 0.0379 0.9938 -0.1044
vn -0.4411 0.7026 -0.5584
vn -0.4839 -0.2671 -0.8334
vn -0.4390 -0.5932 -0.6748
vn -0.9657 0.0457 0.2555
vn -0.9849 0.1054 0.1372
vn -0.9574 -0.0539 0.2836
vn -0.5114 -0.4950 -0.7025
vn -0.1242 -0.6462 -0.7530
vn -0.4832 -0.8293 -0.2807
vn 0.4612 0.2717 0.8447
vn 0.3321 0.3713 0.8671
vn 0.6280 0.5950 0.5015
vn -0.6436 0.6985 -0.3129
vn -0.2824 0.1092 -0.9531
vn -0.1103 -0.5207 -0.8466
vn 0.3864 -0.9216 0.0356
vn 0.8661 0.2720 0.4194
vn 0.0590 0.9800 0.1901
vn 0.5043 -0.1602 0.8486
vn 0.2983 0.6786 0.6712
vn 0.6905 -0.2806 0.6667
vn 0.5677 -0.4372 0.6976
vn 0.0565 0.2015 0.9779
vn 0.1677 -0.1168 0.9789
vn -0.0016 0.0591 0.9983
vn -0.8023 0.3527 -0.4816
vn -0.9662 0.2255 -0.1249
vn 0.6116 -0.6461 -0.4567
vn 0.3228 -0.3399 -0.8833
vn 0.5706 0.0822 -0.8171
vn 0.8471 0.4137 0.3336
vn 0.0869 0.5120 0.8546
vn -0.0239 -0.9996 -0.0164
vn -0.5468 -0.7348 0.4013
vn 0.0564 -0.8987 0.4348
vn 0.0242 0.5680 -0.8227
vn -0.2498 0.9683 0.0092
vn 0.4965 0.4952 -0.7129
vn -0.1641 -0.9850 0.0539
vn -0.4074 -0.6694 -0.6212
vn 0.2526 -0.8633 -0.4368
vn -0.2532 -0.8147 -0.5217
vn -0.9398 0.3374 -0.0548
vn -0.6792 0.7312 0.0635
vn 0.4452 -0.4193 -0.7912
vn 0.6982 -0.4224 -0.5780
vn 0.2534 -0.8146 -0.5217
vn -0.5565 0.1072 -0.8239
vn -0.6982 -0.4223 -0.5781
vn -0.7690 -0.6238 0.1399
vn -0.9050 -0.2450 -0.3478
vn -0.5646 0.7997 0.2040
vn 0.8860 0.0234 0.4632
vn 0.5322 0.0294 0.8461
vn 0.5677 -0.3992 0.7199
vn 0.9142 -0.1659 0.3697
vn -0.1596 -0.6665 -0.7282
vn 0.4527 -0.7875 -0.4182
vn -0.9014 0.3750 0.2163
vn -0.5696 0.7631 -0.3053
vn 0.1234 0.8978 -0.4228
vn -0.2045 0.3397 -0.9180
vn -0.4632 -0.2644 -0.8459
vn -0.8586 -0.0020 -0.5126
vn 0.8692 -0.2861 -0.4032
vn -0.2513 0.9621 0.1054
vn -0.8691 0.4919 -0.0527
vn -0.0122 0.9840 0.1778
vn -0.0560 0.2022 0.9777
vn 0.1738 -0.0452 -0.9837
vn -0.8611 0.3924 0.3234
vn -0.6657 0.7390 0.1035
vn -0.2459 -0.5923 0.7673
vn 0.1908 -0.9792 -0.0683
vn -0.9385 -0.3421 -0.0478
vn 0.4417 -0.4951 -0.7482
vn -0.1860 0.0455 -0.9815
vn 0.6139 -0.2517 -0.7482
vn -0.0000 -0.0134 -0.9999
vn 0.6515 -0.0111 -0.7585
vn 0.9788 0.0288 -0.2027
vn 0.9623 0.1797 -0.2042
vn 0.9837 0.0799 0.1611
vn 0.9385 0.0493 0.3418
vn 0.9841 -0.0241 0.1758
vn -0.0000 0.0993 -0.9951
vn -0.1953 0.1037 -0.9752
vn -0.0000 0.2455 -0.9694
vn 0.2633 0.8164 -0.5140
vn 0.6069 0.7857 -0.1200
vn 0.9662 0.2255 -0.1249
vn -0.5910 0.7964 -0.1281
vn -0.6286 0.7764 0.0449
vn -0.8866 0.4418 -0.1367
vn -0.6551 -0.3437 -0.6729
vn 0.9606 0.0415 -0.2749
vn -0.1047 -0.9873 0.1192
vn 0.6051 -0.6106 0.5109
vn 0.7037 -0.6889 0.1740
vn -0.6447 0.7603 -0.0801
vn -0.6240 0.7784 0.0686
vn -0.1829 0.9707 -0.1556
vn 0.0099 0.9772 -0.2120
vn 0.7025 -0.4129 0.5796
vn 0.9938 0.0351 -0.1057
vn 0.1854 -0.9820 -0.0362
vn 0.8560 -0.4355 0.2785
vn 0.7955 -0.4600 -0.3945
vn -0.3815 -0.8696 -0.3134
vn -0.5308 0.7445 -0.4049
vn -0.0000 0.1790 0.9839
vn -0.3977 0.0454 0.9164
vn 0.5857 0.7656 -0.2662
vn -0.4184 0.6045 -0.6779
vn -0.0411 0.0876 0.9953
vn -0.1216 0.2981 0.9468
vn 0.0720 0.1209 0.9900
vn 0.0175 0.9179 -0.3964
vn -0.3341 0.7741 -0.5378
vn -0.3040 0.7958 -0.5237
vn -0.1471 0.9480 -0.2821
vn -0.2321 0.8683 -0.4383
vn 0.5864 0.7990 -0.1333
vn 0.9443 0.2876 -0.1601
vn -0.1011 0.9670 -0.2337
vn 0.2952 0.8750 -0.3838
vn -0.3154 -0.0323 0.9484
vn -0.0099 0.9970 -0.0765
vn -0.0048 0.9960 -0.0887
vn 0.2449 0.9686 0.0436
vn -0.2843 0.4706 0.8353
vn -0.3404 0.4732 0.8125
vn -0.1423 0.3241 0.9353
vn 0.0844 0.3269 0.9413
vn 0.1763 0.9841 0.0192
vn 0.5646 0.7997 0.2040
vn 0.1720 0.9729 -0.1544
vn 0.6240 0.7784 0.0686
vn 0.7237 0.5104 0.4645
vn 0.6438 0.7609 -0.0814
vn 0.8436 0.4783 0.2442
vn 0.1527 0.9209 -0.3586
vn 0.8910 0.4486 0.0698
vn 0.8989 0.4368 -0.0338
vn 0.9950 0.0314 -0.0952
vn 0.9997 -0.0052 0.0230
vn 0.0393 0.3998 -0.9158
vn 0.6449 0.2232 -0.7310
vn 0.6480 0.7335 -0.2051
vn 0.0613 0.9320 0.3573
vn 0.3903 0.3133 -0.8657
vn 0.0229 -0.9827 -0.1837
vn -0.0174 -0.1628 0.9865
vn 0.8577 0.4894 -0.1578
vn -0.5956 0.4429 0.6701
vn -0.5020 -0.0800 0.8612
vn -0.9677 0.0126 0.2519
vn -0.9375 0.0534 0.3440
vn -0.8970 -0.0913 0.4324
vn -0.8550 -0.2254 -0.4671
vn -0.8568 -0.2267 -0.4632
vn -0.9767 0.1810 0.1156
vn -0.9587 0.0976 0.2670
vn 0.9454 0.2525 -0.2061
vn 0.8539 -0.2285 0.4676
vn 0.9480 0.2855 -0.1404
vn 0.9678 0.0772 -0.2394
vn 0.9532 0.3000 -0.0379
vn 0.9781 0.1287 -0.1634
vn 0.9547 -0.1102 -0.2764
vn -0.9932 -0.0732 0.0910
vn 0.9845 0.1753 -0.0069
vn 0.9955 -0.0233 -0.0923
vn 0.9668 -0.2429 -0.0796
vn -0.6747 -0.4561 -0.5804
vn -0.9080 -0.3438 -0.2396
vn -0.7123 -0.6626 -0.2317
vn 0.9942 0.0325 0.1028
vn -0.5899 -0.7867 -0.1822
vn 0.0825 -0.9965 0.0151
vn -0.3796 -0.7130 -0.5895
vn -0.0041 -0.6439 -0.7651
vn 0.9767 0.1810 0.1155
vn -0.8460 0.5096 -0.1566
vn 0.9697 -0.1896 0.1544
vn -0.7105 -0.0561 -0.7015
vn 0.9637 0.2434 0.1101
vn 0.0041 -0.9905 0.1372
vn 0.2704 -0.9628 0.0007
vn -0.9527 -0.2991 0.0546
vn -0.9986 -0.0490 0.0198
vn -0.6059 0.7347 0.3051
vn 0.6839 0.3142 -0.6584
vn 0.4570 -0.0871 -0.8852
vn 0.8433 0.5178 -0.1438
vn 0.9587 0.0976 0.2670
vn -0.3944 -0.0801 -0.9154
vn -0.1141 -0.0821 -0.9901
vn -0.0695 0.5614 -0.8246
vn 0.8331 0.2820 0.4757
vn -0.1750 0.9843 0.0245
vn 0.8557 0.0633 0.5136
vn 0.5329 0.2923 0.7941
vn 0.5259 0.4990 0.6888
vn 0.6764 0.0822 0.7320
vn -0.9463 -0.0322 0.3218
vn 0.2261 0.2392 0.9443
vn -0.0000 0.2418 0.9703
vn 0.5191 0.0269 0.8543
vn 0.2937 0.1296 0.9471
vn 0.7764 -0.1371 0.6152
vn 0.3976 0.0454 0.9164
vn 0.6278 -0.0207 0.7781
vn 0.4424 -0.0308 0.8963
vn 0.5918 -0.0483 0.8046
vn 0.7348 -0.1069 0.6699
vn 0.3859 -0.1038 0.9167
vn -0.0000 -0.1170 0.9931
vn 0.3222 -0.0307 0.9462
vn 0.0000 -0.1973 0.9803
vn 0.5020 -0.0800 0.8612
vn 0.1281 -0.0941 0.9873
vn -0.4109 0.2487 0.8771
vn 0.1594 0.0335 0.9866
vn 0.9741 0.1963 0.1124
vn 0.7843 0.3868 -0.4851
vn -0.0091 0.0484 0.9988
vn 0.1967 0.0130 0.9804
vn 0.4632 -0.2644 -0.8459
vn 0.2926 0.0372 0.9555
vn 0.1579 0.3042 0.9394
vn -0.0951 0.4849 0.8694
vn 0.4140 0.2512 0.8749
vn 0.1215 0.4819 0.8678
vn -0.0743 0.4781 0.8752
vn 0.6873 0.1671 0.7069
vn 0.2053 0.4780 0.8540
vn 0.3457 0.4743 0.8096
vn 0.9227 0.3854 -0.0120
vn 0.4977 0.2931 -0.8163
vn 0.5565 0.1072 -0.8239
vn 0.6351 0.2533 -0.7298
vn -0.9914 0.0619 -0.1150
vn 0.7004 0.7134 -0.0220
vn -0.8576 0.4894 -0.1578
vn -0.6480 0.7335 -0.2051
vn -0.7237 0.5104 0.4645
vn 0.0522 -0.8670 -0.4956
vn -0.2105 -0.7617 -0.6128
vn 0.5956 0.4429 0.6701
vn -0.0612 0.9322 0.3568
vn -0.3909 0.3125 -0.8658
vn -0.9286 -0.1679 0.3308
vn -0.6101 -0.0388 0.7914
vn -0.6464 -0.0669 0.7600
vn -0.2556 0.2771 -0.9262
vn 0.8445 0.3069 0.4389
vn 0.4218 -0.8909 -0.1688
vn -0.0019 -0.9998 -0.0193
vn -0.0889 -0.3129 -0.9456
vn 0.9105 0.3517 0.2175
vn 0.7781 0.1659 -0.6058
vn 0.8397 0.1221 -0.5292
vn 0.9389 0.3145 0.1396
vn -0.8846 -0.3496 0.3088
vn -0.9480 0.2855 -0.1404
vn 0.9641 0.2640 0.0272
vn 0.9749 0.0536 0.2163
vn 0.8103 0.5857 -0.0189
vn 0.9914 0.0619 -0.1149
vn -0.3932 0.8844 -0.2514
vn 0.3136 0.9409 -0.1282
vn 0.9643 0.1105 -0.2405
vn 0.9563 -0.1012 -0.2742
vn -0.6905 -0.2806 0.6667
vn -0.9824 -0.1846 0.0275
vn 0.7968 -0.2172 -0.5638
vn 0.8525 -0.1152 -0.5099
vn 0.7444 -0.5196 -0.4193
vn -0.7306 -0.0561 -0.6805
vn 0.6551 -0.3437 -0.6728
vn 0.6612 -0.3517 -0.6627
vn 0.9246 -0.1071 -0.3655
vn 0.7786 -0.3989 -0.4845
vn 0.9791 -0.1936 -0.0618
vn -0.9234 -0.3094 0.2273
vn 0.5378 -0.4242 -0.7286
vn 0.8975 -0.3514 -0.2664
vn 0.5324 -0.6134 -0.5834
vn -0.2175 -0.4955 0.8410
vn -0.3816 -0.2037 0.9016
vn 0.2589 -0.5941 -0.7616
vn -0.9652 -0.2428 -0.0967
vn 0.4286 -0.4598 -0.7778
vn 0.2630 -0.7623 -0.5914
vn 0.4517 -0.2806 -0.8469
vn -0.3850 -0.1040 0.9170
vn -0.8735 0.0215 0.4864
vn -0.8772 0.0913 0.4713
vn 0.1920 -0.4303 -0.8820
vn 0.5150 -0.3251 -0.7932
vn 0.9757 0.1095 0.1900
vn 0.2473 -0.9681 -0.0393
vn 0.5733 0.1249 0.8098
vn -0.8740 -0.4161 -0.2508
vn 0.2208 -0.7650 -0.6050
vn 0.2041 -0.9389 -0.2771
vn -0.0057 -0.6219 -0.7831
vn -0.8598 -0.4833 -0.1647
vn 0.1909 -0.2083 -0.9592
vn -0.1658 -0.2092 -0.9637
vn 0.0751 -0.4161 -0.9062
vn -0.0985 0.0459 -0.9941
vn -0.7842 0.3868 -0.4851
vn 0.0339 0.4463 -0.8942
vn -0.7062 -0.4048 0.5809
vn 0.3135 -0.8935 0.3216
vn 0.2677 -0.9194 0.2881
vn 0.8118 -0.5828 0.0367
vn 0.8122 -0.5014 0.2982
vn 0.3225 -0.7538 -0.5726
vn -0.0228 -0.6524 -0.7576
vn -0.6017 0.6063 -0.5199
vn 0.2762 -0.6776 -0.6816
vn 0.6908 -0.7222 0.0350
vn -0.1256 -0.8520 -0.5082
vn 0.3080 -0.7863 -0.5357
vn -0.2569 0.9663 0.0163
vn 0.9925 -0.1093 0.0552
vn -0.5734 0.1242 0.8098
vn 0.7694 -0.2324 0.5951
vn 0.2733 0.9604 0.0534
vn -0.1721 -0.7516 0.6368
vn -0.0589 0.0807 -0.9950
vn -0.0066 0.0980 -0.9952
vn -0.1373 0.1365 -0.9811
vn 0.6701 -0.6545 -0.3503
vn -0.9939 -0.1062 -0.0293
vn 0.4562 -0.7932 -0.4033
vn 0.8598 -0.4833 -0.1647
vn 0.8373 -0.5303 -0.1330
vn 0.9439 -0.3303 0.0024
vn -0.4482 0.7429 -0.4972
vn -0.6411 0.1756 -0.7471
vn 0.9604 -0.2450 0.1325
vn 0.0206 0.1028 0.9945
vn -0.0025 0.0097 0.9999
vn 0.4835 0.0166 0.8752
vn 0.9386 -0.3421 -0.0450
vn 0.9642 -0.2351 0.1224
vn 0.9581 -0.1030 0.2673
vn 0.8571 0.0562 0.5121
vn 0.8805 -0.1329 0.4551
vn 0.9508 -0.1732 0.2569
vn 0.6457 -0.0711 0.7602
vn 0.8780 -0.0675 0.4738
vn 0.6092 -0.0375 0.7921
vn 0.5521 0.0639 0.8313
vn 0.6566 0.0893 0.7490
vn 0.8713 0.0459 0.4887
vn 0.7017 -0.0017 0.7124
vn 0.8772 0.0913 0.4713
vn 0.8735 0.0215 0.4864
vn 0.7932 -0.0351 0.6079
vn 0.8658 -0.0072 0.5004
vn 0.8971 -0.0912 0.4324
vn -0.8332 0.2821 0.4757
vn 0.9463 -0.0322 0.3218
vn 0.9522 0.0001 0.3055
vn -0.0312 -0.6693 0.7423
vn 0.9637 0.0616 0.2600
vn 0.9860 -0.0276 0.1642
vn 0.9657 0.0457 0.2554
vn 0.9952 0.0271 0.0938
vn 0.9965 -0.0720 -0.0425
vn 0.9574 -0.0540 0.2836
vn 0.9849 0.1054 0.1371
vn 0.9829 -0.0206 0.1827
vn -0.5790 0.2448 0.7777
vn -0.2378 -0.4053 0.8827
vn 0.9844 -0.1757 0.0108
vn 0.9935 0.1010 0.0534
vn 0.3080 0.9259 -0.2187
vn -0.3623 0.8968 -0.2539
vn 0.9953 -0.0362 -0.0904
vn 0.9612 0.2751 -0.0203
vn 0.9223 0.3766 0.0872
vn -0.2743 -0.6866 -0.6733
vn 0.9716 -0.0519 -0.2310
vn -0.9938 0.0351 -0.1056
vn 0.9699 0.2408 0.0366
vn 0.7686 0.6374 0.0551
vn 0.9939 -0.1061 -0.0293
vn -0.3602 -0.8227 -0.4398
vn 0.0735 -0.8573 0.5095
vn -0.7696 -0.6310 -0.0972
vn -0.0739 -0.4499 0.8900
vn -0.2209 -0.2317 0.9474
vn 0.9205 -0.1258 0.3700
vn 0.8949 -0.3770 -0.2386
vn 0.9398 -0.3154 -0.1314
vn 0.9895 -0.0352 -0.1405
vn 0.9039 -0.3527 -0.2419
vn 0.7188 -0.5782 -0.3860
vn 0.8880 0.4291 -0.1653
vn 0.8248 -0.5022 -0.2599
vn 0.1449 -0.7320 -0.6657
vn 0.3796 -0.7130 -0.5895
vn 0.0071 -0.6420 -0.7667
vn -0.7968 -0.2173 -0.5638
vn 0.1826 -0.4933 -0.8505
vn -0.4215 -0.5391 -0.7292
vn -0.0888 -0.3695 -0.9250
vn 0.1357 -0.6747 -0.7255
vn 0.2319 -0.2178 -0.9481
vn -0.0721 -0.2628 -0.9621
vn -0.9955 -0.0233 -0.0923
vn -0.9547 -0.1102 -0.2764
vn -0.9668 -0.2427 -0.0795
vn -0.6134 -0.7720 0.1668
vn -0.2700 -0.2419 -0.9320
vn -0.8692 -0.2861 -0.4032
vn -0.5321 -0.5861 -0.6111
vn -0.8786 -0.4369 -0.1930
vn 0.0648 -0.7954 -0.6026
vn -0.5505 -0.7789 -0.3006
vn -0.8880 0.4292 -0.1652
vn 0.5821 -0.6826 -0.4418
vn -0.0060 -0.9637 -0.2669
vn 0.5671 -0.7733 -0.2837
vn -0.3850 0.7620 -0.5208
vn -0.9698 -0.1880 0.1556
vn -0.9942 0.0323 0.1028
vn -0.9175 -0.3804 -0.1160
vn -0.5950 -0.8001 0.0766
vn -0.8960 -0.4403 0.0574
vn -0.9845 0.1753 -0.0070
vn -0.9537 0.2985 -0.0358
vn -0.8909 0.0323 -0.4531
vn -0.0825 -0.9965 0.0152
vn -0.0000 -0.0753 -0.9972
vn 0.0053 -0.1348 -0.9909
vn -0.1917 -0.1481 -0.9702
vn -0.8657 -0.4334 0.2505
vn -0.4405 -0.0707 -0.8950
vn -0.5120 -0.8027 0.3059
vn 0.5898 -0.7867 -0.1821
vn 0.5542 -0.8319 0.0277
vn 0.0284 -0.9600 0.2787
vn -0.5327 -0.6105 -0.5861
vn 0.9129 -0.3795 -0.1507
vn 0.8740 -0.4161 -0.2509
vn -0.9039 -0.3527 -0.2419
vn -0.5259 0.4990 0.6888
vn -0.9227 0.3853 -0.0120
vn 0.9626 0.0380 -0.2682
vn -0.2937 0.1296 0.9471
vn 0.8083 0.5306 -0.2551
vn -0.7908 -0.5977 -0.1321
vn 0.5130 0.8523 -0.1016
vn 0.3623 0.8968 -0.2539
vn 0.6217 0.5088 -0.5954
vn 0.4184 0.6045 -0.6779
vn 0.8460 0.5097 -0.1566
vn 0.0695 0.5614 -0.8246
vn 0.9143 -0.0207 -0.4045
vn 0.7113 -0.0552 -0.7007
vn 0.9672 -0.0916 -0.2371
vn 0.8972 -0.0732 -0.4355
vn 0.3944 -0.0801 -0.9154
vn 0.7305 -0.0561 -0.6806
vn 0.8908 0.0320 -0.4532
vn 0.9680 -0.0159 -0.2504
vn -0.2060 0.2612 -0.9430
vn -0.0000 0.2727 -0.9621
vn 0.7155 0.1145 -0.6891
vn 0.6809 0.2704 -0.6806
vn 0.4378 0.1187 -0.8912
vn 0.4416 -0.0659 -0.8948
vn 0.4482 0.2860 -0.8470
vn 0.1998 0.1012 -0.9746
vn 0.2060 0.2612 -0.9430
vn 0.2556 0.2771 -0.9262
vn 0.2159 -0.0623 -0.9744
vn 0.1918 -0.1489 -0.9701
vn 0.4993 -0.5290 0.6862
vn -0.1538 0.9204 -0.3594
vn 0.1142 -0.0821 -0.9901
vn -0.6839 0.3142 -0.6584
vn -0.8433 0.5178 -0.1438
vn -0.3129 0.9239 -0.2204
vn 0.2369 0.8681 -0.4363
vn -0.9399 -0.2015 0.2756
vn -0.8098 0.5866 -0.0126
vn -0.3156 0.9402 -0.1280
vn 0.8901 -0.2765 0.3623
vn 0.6747 -0.4561 -0.5804
vn 0.2826 0.0810 -0.9558
vn 0.3932 0.8844 -0.2514
vn 0.8634 0.4422 -0.2428
vn 0.9772 0.0267 -0.2107
vn 0.7053 -0.6804 -0.1991
vn 0.6841 -0.6484 -0.3341
vn 0.5721 -0.7942 -0.2047
vn 0.3850 0.7619 -0.5208
vn 0.6997 0.5105 -0.4997
vn -0.8445 -0.5343 -0.0366
vn -0.8989 0.4368 -0.0339
vn -0.8949 -0.3772 -0.2386
vn -0.1656 -0.0325 -0.9857
vn 0.4240 -0.4842 -0.7654
vn 0.5614 0.7876 -0.2541
vn -0.8658 -0.0072 0.5004
vn -0.3832 -0.9105 -0.1554
vn -0.4988 -0.5295 0.6861
vn 0.9987 0.0009 0.0517
vn 0.9808 0.1924 0.0331
vn 0.5950 -0.8001 0.0765
vn -0.0202 0.9526 -0.3036
vn -0.7302 0.6827 0.0248
vn 0.8566 -0.4037 0.3215
vn -0.1328 0.9201 -0.3686
vn -0.6052 -0.6106 0.5109
vn -0.7038 -0.6889 0.1738
vn 0.9047 0.0526 0.4228
vn 0.7104 0.6383 -0.2964
vn 0.1621 -0.3502 -0.9226
vn -0.1635 -0.9843 -0.0667
vn -0.2913 -0.5412 -0.7888
vn -0.6491 0.7421 -0.1674
vn 0.7479 -0.6215 0.2333
vn 0.5646 -0.2852 0.7745
vn 0.5791 0.2447 0.7777
vn 0.9680 0.0031 -0.2511
vn -0.2633 0.8164 -0.5140
vn -0.2924 -0.9519 0.0915
vn -0.1031 -0.9883 0.1126
vn -0.2892 0.0497 0.9560
vn -0.2732 -0.9618 -0.0152
vn -0.5967 -0.1192 0.7936
vn 0.9971 0.0610 -0.0465
vn -0.5392 -0.4255 -0.7268
vn 0.3731 0.3829 0.8451
vn 0.8644 -0.4933 0.0974
vn -0.0440 0.0723 -0.9964
vn -0.0299 0.0553 -0.9980
vn 0.0466 -0.7337 0.6778
vn -0.9781 0.1287 -0.1635
vn 0.3965 -0.6234 0.6739
vn -0.2159 -0.0623 -0.9744
vn 0.2811 -0.9596 0.0092
vn 0.4207 0.1382 0.8966
vn -0.1191 -0.7943 0.5958
vn 0.4861 -0.4342 0.7584
vn 0.7848 -0.5382 0.3074
vn -0.2240 -0.5257 0.8206
vn -0.8533 -0.4131 0.3183
vn 0.6795 -0.7331 -0.0287
vn -0.9021 -0.3446 -0.2599
vn -0.9008 -0.3456 -0.2627
vn -0.9009 -0.3456 -0.2626
vn -0.2527 -0.8633 -0.4368
vn -0.9033 -0.1795 0.3898
vn -0.1963 0.0224 0.9803
vn -0.2988 0.0333 0.9537
vn -0.2372 -0.9151 -0.3260
vn -0.6049 -0.3879 0.6954
vn -0.1649 -0.9566 -0.2403
vn -0.3654 -0.4944 0.7887
vn -0.4429 -0.2743 -0.8536
vn -0.5672 -0.4366 0.6983
vn 0.9839 0.1694 -0.0570
vn 0.1700 -0.5138 0.8409
vn 0.9677 0.0126 0.2518
vn 0.4131 -0.8930 -0.1788
vn -0.7617 -0.6469 -0.0371
vn 0.9882 0.0328 0.1499
vn 0.5213 -0.8082 0.2740
vn 0.6119 -0.3747 0.6966
vn 0.3341 0.7740 -0.5378
vn 0.7273 -0.6303 0.2715
vn -0.3600 0.4910 -0.7933
vn -0.3321 0.3713 0.8671
vn -0.3020 -0.6099 -0.7327
vn 0.1045 -0.9873 0.1193
vn -0.4622 -0.0879 -0.8824
vn -0.9882 0.0329 0.1498
vn -0.9643 -0.0392 0.2620
vn 0.0991 -0.2365 -0.9666
vn -0.7801 -0.6256 0.0070
vn -0.6279 -0.7557 0.1865
vn -0.1531 -0.9836 0.0955
vn -0.1237 -0.7112 0.6921
vn 0.0740 -0.4499 0.8900
vn 0.6340 0.7655 0.1100
vn 0.3602 -0.8227 -0.4398
vn -0.0735 -0.8573 0.5095
vn 0.7696 -0.6311 -0.0972
vn 0.7028 -0.4075 0.5831
vn 0.4281 -0.0897 -0.8993
vn 0.9175 -0.3804 -0.1160
vn 0.8182 0.2002 -0.5389
vn 0.2210 -0.2317 0.9474
vn 0.7399 -0.2030 0.6414
vn 0.8657 -0.4334 0.2505
vn 0.8961 -0.4402 0.0573
vn 0.3213 0.3289 -0.8880
vn -0.8660 0.4685 -0.1747
vn 0.7302 -0.6769 0.0924
vn 0.0240 -0.9996 -0.0164
vn -0.7956 -0.4607 -0.3935
vn 0.9399 -0.2015 0.2756
vn 0.1640 -0.9850 0.0539
vn -0.7348 -0.1069 0.6698
vn 0.5040 -0.8075 0.3065
vn -0.0562 -0.8987 0.4349
vn 0.7929 -0.4805 -0.3749
vn 0.8610 0.3925 0.3234
vn -0.3459 0.7641 0.5445
vn -0.1953 -0.1381 -0.9710
vn -0.9741 0.1963 0.1124
vn 0.4027 -0.7151 0.5714
vn -0.0103 0.0461 -0.9989
vn 0.0298 0.0554 -0.9980
vn 0.0437 0.0721 -0.9964
vn -0.9950 0.0314 -0.0953
vn -0.9997 -0.0051 0.0230
vn -0.9757 0.1097 0.1899
vn -0.1799 -0.5737 -0.7991
vn -0.5481 -0.8047 -0.2281
vn 0.0119 0.9015 0.4327
vn -0.2731 0.9605 0.0534
vn -0.6008 -0.1156 -0.7910
vn 0.2793 -0.2507 -0.9269
vn -0.8123 -0.5014 0.2980
vn -0.2897 -0.9517 0.1012
vn -0.4872 -0.8731 -0.0184
vn 0.4818 0.0749 -0.8731
vn -0.8118 -0.5828 0.0367
vn -0.9676 -0.2351 0.0917
vn -0.9987 0.0009 0.0517
vn 0.0153 -0.9593 0.2820
vn -0.7027 -0.4075 0.5832
vn -0.9807 0.1925 0.0332
vn -0.9443 0.2877 -0.1601
vn 0.4116 -0.6950 -0.5895
vn -0.1093 -0.7298 -0.6748
vn -0.8330 0.4529 -0.3179
vn -0.3983 -0.7154 0.5740
vn -0.6116 -0.6461 -0.4566
vn -0.7041 -0.7082 -0.0513
vn -0.6278 -0.0207 0.7781
vn -0.6014 -0.3654 0.7105
vn -0.7398 -0.2030 0.6414
vn -0.9398 -0.3154 -0.1314
vn -0.9644 -0.0104 -0.2641
vn 0.1596 -0.6666 -0.7282
vn -0.8555 -0.2240 -0.4668
vn 0.8136 -0.4433 -0.3763
vn 0.4646 -0.8817 0.0821
vn 0.6686 -0.2075 -0.7141
vn 0.6690 -0.2085 -0.7134
vn 0.6691 -0.2085 -0.7134
vn 0.5993 -0.5952 -0.5353
vn -0.0000 0.1074 -0.9942
vn 0.7908 -0.5976 -0.1321
vn 0.0606 -0.0584 0.9965
vn 0.5406 0.0522 -0.8396
vn -0.5611 -0.3485 0.7509
vn -0.5379 -0.7993 0.2678
vn 0.0174 -0.1628 0.9865
vn -0.1790 -0.2310 0.9564
vn -0.6381 -0.7656 -0.0818
vn -0.3057 -0.8856 0.3496
vn -0.9016 -0.3426 -0.2642
vn 0.6375 -0.7379 0.2217
vn -0.3529 -0.6958 -0.6256
vn 0.2360 -0.1958 -0.9518
vn 0.7168 -0.4165 -0.5593
vn 0.1032 -0.9883 0.1126
vn 0.0894 -0.3780 0.9215
vn -0.4689 -0.6707 -0.5748
vn 0.6529 -0.0301 0.7568
vn 0.2300 -0.5982 -0.7676
vn 0.6011 -0.1152 -0.7908
vn -0.2469 -0.9682 -0.0395
vn -0.0228 0.7432 -0.6687
vn -0.6684 -0.2069 -0.7144
vn -0.6688 -0.2079 -0.7138
vn -0.6689 -0.2078 -0.7137
vn -0.7929 -0.4801 -0.3753
vn 0.0360 -0.9402 -0.3386
vn 0.3611 -0.2984 0.8835
vn -0.0434 -0.5495 -0.8344
vn 0.0721 0.1404 -0.9875
vn 0.3085 0.9512 0.0035
vn 0.4502 -0.1371 -0.8823
vn 0.1606 -0.8177 0.5528
vn 0.3865 -0.7673 0.5117
vn 0.5352 -0.6433 -0.5475
vn -0.2459 -0.8659 -0.4356
vn 0.7862 -0.3411 -0.5154
vn 0.7864 -0.3406 -0.5153
vn 0.7863 -0.3408 -0.5153
vn 0.0619 -0.0490 0.9969
vn -0.8274 -0.1834 0.5308
vn -0.9205 -0.1258 0.3700
vn 0.8553 -0.2246 -0.4669
vn 0.8568 -0.2269 -0.4631
vn 0.8555 -0.2240 -0.4668
vn 0.0496 -0.9957 -0.0785
vn 0.0435 -0.5495 -0.8344
vn 0.0812 0.4395 -0.8946
vn -0.1386 0.9250 -0.3538
vn -0.6672 -0.2101 -0.7147
vn -0.1243 0.4590 0.8797
vn 0.0254 -0.1371 0.9902
vn -0.0882 -0.9392 0.3317
vn 0.5062 -0.5592 -0.6565
vn 0.4378 -0.5106 -0.7400
vn 0.9014 -0.3428 -0.2646
vn 0.2266 0.0899 -0.9698
vn -0.3518 -0.3425 0.8711
vn 0.6677 -0.2106 -0.7140
vn 0.3311 -0.0223 -0.9433
vn 0.7867 -0.3401 -0.5151
vn -0.7868 -0.3399 -0.5151
vn -0.7883 -0.3373 -0.5147
vn -0.4451 -0.4193 -0.7912
vn -0.6515 -0.0111 -0.7585
vn -0.9788 0.0288 -0.2027
vn -0.9049 0.0506 0.4227
vn -0.5645 0.0993 0.8194
vn 0.8274 -0.1832 0.5309
vn -0.5998 0.0109 -0.8001
vn -0.9691 0.0038 -0.2467
vn -0.8864 -0.3420 -0.3119
vn 0.0869 -0.5856 0.8060
vn -0.5297 0.0292 0.8477
vn -0.8867 0.0175 0.4620
vn -0.5406 0.0522 -0.8396
vn -0.9585 0.0486 -0.2809
vn 0.5143 -0.5866 -0.6256
vn -0.8820 0.0248 0.4705
vn -0.4917 0.1034 0.8646
vn -0.4679 -0.8747 0.1266
vn -0.5367 0.4759 -0.6967
vn -0.9228 0.3075 -0.2319
vn -0.8105 0.4035 0.4246
vn 0.4789 0.1632 -0.8626
vn 0.9145 -0.0197 -0.4041
vn 0.9461 -0.2291 -0.2289
vn 0.6989 -0.5415 -0.4672
vn 0.5790 -0.6891 -0.4357
vn 0.8930 -0.3968 -0.2123
vn 0.7041 -0.7082 -0.0514
vn 0.1464 -0.9676 -0.2059
vn 0.0826 -0.9799 0.1815
vn 0.1011 -0.7384 0.6667
vn -0.0776 -0.0615 0.9951
vn 0.6013 -0.3654 0.7106
vn 0.9643 -0.0392 0.2620
vn 0.5611 -0.3483 0.7509
vn 0.7801 -0.6257 0.0071
vn 0.6279 -0.7557 0.1864
vn 0.1790 -0.2310 0.9563
vn 0.1238 -0.7111 0.6921
vn 0.1530 -0.9836 0.0955
vn -0.7886 -0.3369 -0.5144
vn -0.5975 -0.7828 0.1737
vn -0.6145 -0.7571 -0.2218
vn -0.6525 -0.4490 -0.6105
vn -0.8675 -0.1200 -0.4828
usemtl Cat
s 1
f 1//1 2//2 3//3
f 4//4 3//3 2//2
f 3//3 4//4 5//5
f 6//6 5//5 4//4
f 4//4 7//7 6//6
f 6//6 8//8 5//5
f 9//9 6//6 7//7
f 6//6 9//9 8//8
f 10//10 11//11 12//12
f 13//13 14//14 15//15
f 7//7 16//16 9//9
f 17//17 18//18 11//11
f 19//19 8//8 9//9
f 20//20 9//9 16//16
f 21//21 22//22 23//23
f 24//24 25//25 26//26
f 9//9 20//20 19//19
f 27//27 28//28 29//29
f 30//30 31//31 32//32
f 33//33 19//19 20//20
f 34//34 35//35 36//36
f 37//37 38//38 39//39
f 19//19 40//40 8//8
f 19//19 33//33 41//41
f 41//41 40//40 19//19
f 42//42 20//20 16//16
f 16//16 43//43 42//42
f 44//44 45//45 46//46
f 20//20 42//42 33//33
f 47//47 41//41 33//33
f 48//48 49//49 50//50
f 51//51 52//52 53//53
f 54//54 17//17 10//10
f 55//55 56//56 57//57
f 58//58 33//33 42//42
f 59//59 60//60 61//61
f 35//35 34//34 62//62
f 33//33 58//58 47//47
f 63//63 64//64 65//65
f 66//66 67//67 68//68
f 69//69 47//47 58//58
f 70//70 71//71 72//72
f 73//73 74//74 75//75
f 22//22 76//76 77//77
f 78//78 79//79 80//80
f 81//81 82//82 83//83
f 58//58 42//42 84//84
f 85//85 86//86 87//87
f 88//88 89//89 90//90
f 91//91 92//92 93//93
f 94//94 95//95 96//96
f 97//97 98//98 99//99
f 100//100 101//101 102//102
f 103//103 104//104 92//92
f 105//105 106//106 107//107
f 108//108 101//101 63//63
f 109//109 110//110 111//111
f 112//112 113//113 114//114
f 115//115 116//116 117//117
f 118//118 58//58 84//84
f 24//24 119//119 120//120
f 121//121 122//122 67//67
f 58//58 118//118 123//123
f 124//124 125//125 126//126
f 58//58 123//123 69//69
f 79//79 127//127 128//128
f 129//129 130//130 131//131
f 132//132 133//133 134//134
f 135//135 136//136 137//137
f 138//138 139//139 140//140
f 52//52 141//141 142//142
f 143//143 144//144 145//145
f 84//84 146//146 118//118
f 147//147 148//148 149//149
f 150//150 151//151 152//152
f 153//153 134//134 154//154
f 155//155 156//156 157//157
f 158//158 118//118 146//146
f 159//159 117//117 137//137
f 160//160 161//161 146//146
f 158//158 146//146 161//161
f 162//162 163//163 164//164
f 165//165 166//166 167//167
f 168//168 169//169 170//170
f 50//50 171//171 172//172
f 173//173 174//174 175//175
f 176//176 177//177 178//178
f 179//179 180//180 181//181
f 182//182 183//183 184//184
f 185//185 125//125 186//186
f 187//187 188//188 189//189
f 190//190 191//191 192//192
f 193//193 194//194 195//195
f 196//196 197//197 198//198
f 199//199 200//200 201//201
f 161//161 202//202 158//158
f 203//203 204//204 205//205
f 206//206 207//207 208//208
f 118//118 158//158 209//209
f 210//210 211//211 10//10
f 202//202 209//209 158//158
f 128//128 212//212 213//213
f 214//214 215//215 216//216
f 217//217 26//26 25//25
f 218//218 219//219 220//220
f 221//221 118//118 209//209
f 209//209 222//222 221//221
f 223//223 224//224 225//225
f 123//123 118//118 221//221
f 226//226 227//227 228//228
f 209//209 202//202 222//222
f 229//229 230//230 231//231
f 232//232 233//233 114//114
f 234//234 235//235 236//236
f 237//237 238//238 239//239
f 240//240 69//69 123//123
f 241//241 242//242 243//243
f 244//244 245//245 246//246
f 247//247 240//240 123//123
f 123//123 221//221 247//247
f 248//248 249//249 250//250
f 251//251 252//252 253//253
f 254//254 255//255 256//256
f 257//257 205//205 258//258
f 247//247 259//259 240//240
f 260//260 69//69 240//240
f 240//240 259//259 260//260
f 187//187 261//261 188//188
f 259//259 247//247 262//262
f 221//221 262//262 247//247
f 263//263 264//264 265//265
f 266//266 267//267 268//268
f 269//269 270//270 271//271
f 272//272 234//234 236//236
f 262//262 221//221 273//273
f 274//274 275//275 276//276
f 277//277 273//273 221//221
f 278//278 279//279 280//280
f 281//281 282//282 116//116
f 283//283 284//284 285//285
f 277//277 222//222 286//286
f 222//222 277//277 221//221
f 287//287 288//288 125//125
f 289//289 277//277 286//286
f 290//290 291//291 292//292
f 293//293 294//294 295//295
f 296//296 297//297 298//298
f 93//93 299//299 91//91
f 300//300 301//301 5//5
f 286//286 302//302 289//289
f 303//303 304//304 305//305
f 231//231 306//306 246//246
f 307//307 300//300 5//5
f 308//308 309//309 310//310
f 311//311 186//186 312//312
f 313//313 314//314 315//315
f 222//222 316//316 286//286
f 316//316 222//222 202//202
f 317//317 318//318 319//319
f 320//320 101//101 321//321
f 93//93 322//322 299//299
f 323//323 293//293 295//295
f 71//71 324//324 325//325
f 11//11 313//313 326//326
f 286//286 316//316 327//327
f 328//328 329//329 330//330
f 331//331 328//328 332//332
f 166//166 165//165 333//333
f 334//334 194//194 191//191
f 327//327 335//335 286//286
f 336//336 337//337 338//338
f 339//339 340//340 250//250
f 316//316 341//341 327//327
f 342//342 72//72 343//343
f 335//335 302//302 286//286
f 341//341 316//316 344//344
f 202//202 344//344 316//316
f 345//345 265//265 264//264
f 264//264 212//212 345//345
f 346//346 85//85 347//347
f 348//348 349//349 350//350
f 351//351 352//352 220//220
f 353//353 354//354 355//355
f 356//356 74//74 357//357
f 358//358 35//35 359//359
f 360//360 335//335 327//327
f 340//340 361//361 362//362
f 363//363 364//364 365//365
f 366//366 367//367 368//368
f 369//369 370//370 371//371
f 335//335 360//360 372//372
f 340//340 339//339 361//361
f 373//373 374//374 375//375
f 371//371 376//376 369//369
f 377//377 378//378 379//379
f 380//380 381//381 154//154
f 382//382 383//383 384//384
f 385//385 386//386 360//360
f 372//372 360//360 386//386
f 387//387 388//388 389//389
f 390//390 391//391 30//30
f 392//392 393//393 394//394
f 395//395 396//396 397//397
f 234//234 398//398 235//235
f 398//398 399//399 400//400
f 401//401 309//309 166//166
f 386//386 402//402 372//372
f 372//372 403//403 335//335
f 403//403 372//372 402//402
f 302//302 335//335 403//403
f 404//404 405//405 406//406
f 407//407 300//300 267//267
f 408//408 409//409 410//410
f 112//112 233//233 411//411
f 412//412 141//141 413//413
f 414//414 257//257 415//415
f 416//416 417//417 301//301
f 418//418 403//403 402//402
f 75//75 419//419 420//420
f 421//421 422//422 423//423
f 424//424 239//239 238//238
f 74//74 312//312 186//186
f 425//425 426//426 192//192
f 302//302 403//403 427//427
f 115//115 428//428 227//227
f 362//362 429//429 340//340
f 418//418 430//430 403//403
f 427//427 289//289 302//302
f 431//431 403//403 430//430
f 403//403 431//431 427//427
f 203//203 432//432 204//204
f 324//324 205//205 433//433
f 433//433 204//204 325//325
f 38//38 37//37 434//434
f 435//435 436//436 437//437
f 438//438 251//251 439//439
f 440//440 441//441 439//439
f 442//442 443//443 444//444
f 445//445 446//446 447//447
f 61//61 60//60 448//448
f 289//289 449//449 277//277
f 449//449 289//289 427//427
f 273//273 277//277 449//449
f 23//23 450//450 73//73
f 431//431 451//451 427//427
f 452//452 419//419 453//453
f 454//454 179//179 296//296
f 141//141 412//412 455//455
f 456//456 457//457 458//458
f 459//459 460//460 461//461
f 462//462 427//427 451//451
f 462//462 449//449 427//427
f 463//463 387//387 464//464
f 417//417 416//416 121//121
f 465//465 466//466 467//467
f 468//468 271//271 270//270
f 70//70 72//72 196//196
f 451//451 469//469 462//462
f 148//148 470//470 471//471
f 365//365 230//230 363//363
f 472//472 449//449 462//462
f 449//449 472//472 273//273
f 2//2 1//1 473//473
f 474//474 475//475 476//476
f 1//1 36//36 473//473
f 462//462 477//477 472//472
f 477//477 462//462 469//469
f 478//478 469//469 473//473
f 469//469 478//478 477//477
f 479//479 473//473 36//36
f 473//473 479//479 478//478
f 479//479 36//36 480//480
f 35//35 480//480 36//36
f 481//481 478//478 479//479
f 480//480 35//35 358//358
f 482//482 194//194 483//483
f 484//484 485//485 358//358
f 486//486 243//243 242//242
f 419//419 452//452 487//487
f 488//488 358//358 485//485
f 358//358 488//488 480//480
f 485//485 489//489 488//488
f 490//490 491//491 279//279
f 492//492 384//384 493//493
f 481//481 479//479 480//480
f 494//494 488//488 489//489
f 488//488 494//494 480//480
f 489//489 495//495 494//494
f 496//496 480//480 494//494
f 480//480 496//496 481//481
f 497//497 494//494 495//495
f 494//494 497//497 496//496
f 371//371 498//498 495//495
f 499//499 496//496 497//497
f 500//500 495//495 498//498
f 501//501 481//481 496//496
f 496//496 499//499 501//501
f 497//497 495//495 502//502
f 500//500 502//502 495//495
f 499//499 497//497 503//503
f 502//502 503//503 497//497
f 504//504 238//238 505//505
f 478//478 481//481 501//501
f 501//501 477//477 478//478
f 506//506 438//438 507//507
f 501//501 508//508 477//477
f 508//508 501//501 499//499
f 509//509 95//95 510//510
f 508//508 499//499 503//503
f 56//56 511//511 362//362
f 126//126 512//512 124//124
f 503//503 513//513 508//508
f 472//472 477//477 508//508
f 514//514 491//491 321//321
f 486//486 515//515 98//98
f 472//472 508//508 513//513
f 516//516 517//517 518//518
f 519//519 520//520 521//519
f 513//513 273//273 472//472
f 513//513 262//262 273//273
f 522//521 523//522 254//254
f 464//464 524//523 525//524
f 515//515 216//216 215//215
f 526//525 262//262 513//513
f 365//365 87//87 231//231
f 262//262 526//525 527//526
f 259//259 262//262 527//526
f 528//527 526//525 513//513
f 513//513 503//503 528//527
f 529//528 527//526 526//525
f 526//525 528//527 529//528
f 527//526 530//529 259//259
f 527//526 529//528 530//529
f 260//260 259//259 530//529
f 410//410 409//409 531//530
f 306//306 231//231 87//87
f 532//531 529//528 528//527
f 429//429 319//319 318//318
f 533//532 530//529 529//528
f 529//528 532//531 533//532
f 530//529 219//219 260//260
f 260//260 219//219 69//69
f 533//532 534//533 530//529
f 219//219 530//529 534//533
f 535//534 536//535 537//536
f 80//80 535//534 266//266
f 533//532 532//531 538//537
f 539//538 314//314 540//539
f 533//532 538//537 534//533
f 244//244 434//434 37//37
f 541//540 542//541 39//39
f 422//422 421//421 83//83
f 534//533 220//220 219//219
f 532//531 528//527 543//542
f 544//543 15//15 14//14
f 543//542 538//537 532//531
f 545//544 534//533 538//537
f 15//15 544//543 546//545
f 547//546 543//542 528//527
f 547//546 528//527 503//503
f 503//503 502//502 547//546
f 548//547 549//548 378//378
f 550//549 104//104 551//550
f 17//17 54//54 196//196
f 243//243 486//486 97//97
f 552//551 279//279 108//108
f 547//546 502//502 500//500
f 553//552 554//553 555//554
f 543//542 547//546 556//555
f 500//500 556//555 547//546
f 557//556 558//557 559//558
f 500//500 560//559 556//555
f 498//498 560//559 500//500
f 359//359 62//62 561//560
f 538//537 543//542 556//555
f 562//561 556//555 560//559
f 228//228 227//227 428//428
f 560//559 498//498 563//562
f 564//563 563//562 498//498
f 562//561 560//559 565//564
f 563//562 565//564 560//559
f 212//212 128//128 25//25
f 566//565 213//213 263//263
f 563//562 564//563 567//566
f 370//370 567//566 564//563
f 370//370 294//294 567//566
f 568//567 567//566 294//294
f 565//564 563//562 569//568
f 563//562 567//566 569//568
f 567//566 568//567 570//569
f 570//569 569//568 567//566
f 470//470 570//569 568//567
f 565//564 569//568 571//570
f 571//570 562//561 565//564
f 570//569 470//470 572//571
f 148//148 572//571 470//470
f 569//568 570//569 573//572
f 572//571 573//572 570//569
f 572//571 148//148 574//573
f 147//147 574//573 148//148
f 573//572 572//571 575//574
f 574//573 575//574 572//571
f 569//568 573//572 576//575
f 576//575 571//570 569//568
f 574//573 147//147 577//576
f 578//577 577//576 147//147
f 485//485 484//484 506//506
f 577//576 575//574 574//573
f 577//576 578//577 579//578
f 580//579 579//578 578//577
f 575//574 577//576 581//580
f 579//578 581//580 577//576
f 579//578 580//579 582//581
f 242//242 582//581 580//579
f 475//475 474//474 583//582
f 357//357 74//74 73//73
f 582//581 242//242 584//583
f 241//241 584//583 242//242
f 579//578 582//581 584//583
f 585//584 415//415 586//585
f 584//583 241//241 587//586
f 476//476 587//586 241//241
f 516//516 29//29 28//28
f 587//586 588//587 584//583
f 74//74 356//356 589//588
f 288//288 287//287 453//453
f 588//587 587//586 590//589
f 476//476 590//589 587//586
f 550//549 551//550 93//93
f 475//475 591//590 476//476
f 475//475 592//591 591//590
f 591//590 593//592 476//476
f 590//589 476//476 593//592
f 594//593 591//590 592//591
f 591//590 594//593 593//592
f 592//591 595//594 594//593
f 593//592 596//595 590//589
f 597//596 594//593 595//594
f 598//597 593//592 594//593
f 593//592 598//597 596//595
f 597//596 598//597 594//593
f 135//135 281//281 599//598
f 491//491 592//591 583//582
f 600//599 601//600 602//601
f 603//602 180//180 65//65
f 597//596 595//594 493//493
f 371//371 604//603 376//376
f 190//190 605//604 606//605
f 255//255 607//606 411//411
f 159//159 597//596 493//493
f 159//159 137//137 597//596
f 597//596 137//137 598//597
f 184//184 608//607 609//608
f 610//609 598//597 137//137
f 441//441 376//376 604//603
f 611//610 612//611 613//612
f 137//137 136//136 610//609
f 614//613 230//230 615//614
f 267//267 616//615 90//90
f 610//609 596//595 598//597
f 617//616 610//609 136//136
f 90//90 268//268 267//267
f 618//617 619//618 620//619
f 136//136 621//620 617//616
f 420//420 419//419 487//487
f 622//621 623//622 602//601
f 610//609 617//616 596//595
f 624//623 617//616 621//620
f 625//624 551//550 104//104
f 626//625 605//604 107//107
f 621//620 627//626 624//623
f 132//132 627//626 621//620
f 628//627 617//616 624//623
f 627//626 132//132 225//225
f 112//112 411//411 607//606
f 629//628 59//59 211//211
f 345//345 120//120 364//364
f 134//134 225//225 132//132
f 627//626 630//629 624//623
f 628//627 624//623 630//629
f 210//210 631//630 632//631
f 630//629 627//626 633//632
f 225//225 634//633 627//626
f 633//632 627//626 634//633
f 393//393 625//624 635//634
f 65//65 551//550 636//635
f 634//633 637//636 633//632
f 467//467 131//131 465//465
f 546//545 557//556 15//15
f 634//633 225//225 224//224
f 638//637 633//632 637//636
f 637//636 634//633 639//638
f 224//224 639//638 634//633
f 546//545 640//639 557//556
f 637//636 641//640 638//637
f 637//636 639//638 642//641
f 642//641 641//640 637//636
f 638//637 643//642 633//632
f 630//629 633//632 643//642
f 86//86 434//434 306//306
f 643//642 638//637 644//643
f 641//640 644//643 638//637
f 630//629 643//642 645//644
f 332//332 646//645 31//31
f 641//640 642//641 647//646
f 643//642 644//643 648//647
f 648//647 645//644 643//642
f 644//643 641//640 649//648
f 407//407 535//534 416//416
f 453//453 419//419 288//288
f 647//646 649//648 641//640
f 650//649 432//432 651//650
f 300//300 307//307 616//615
f 649//648 647//646 652//651
f 353//353 384//384 383//383
f 653//652 453//453 287//287
f 654//653 652//651 647//646
f 219//219 218//218 655//654
f 647//646 656//655 654//653
f 656//655 647//646 642//641
f 149//149 657//656 147//147
f 658//657 659//658 215//215
f 654//653 656//655 660//659
f 656//655 642//641 661//660
f 629//628 662//661 59//59
f 663//95 664//662 665//663
f 314//314 539//538 315//315
f 660//659 652//651 654//653
f 315//315 666//664 326//326
f 667//665 649//648 652//651
f 652//651 660//659 170//170
f 168//168 170//170 660//659
f 668//666 319//319 669//667
f 670//668 37//37 298//298
f 652//651 170//170 667//665
f 651//650 432//432 18//18
f 609//608 667//665 170//170
f 609//608 608//607 667//665
f 660//659 671//669 168//168
f 672//670 168//168 671//669
f 671//669 660//659 656//655
f 672//670 671//669 673//671
f 674//672 675//673 676//674
f 18//18 677//675 651//650
f 270//270 678//676 679//677
f 680//678 450//450 77//77
f 680//678 681//679 450//450
f 682//680 608//607 183//183
f 183//183 683//681 682//680
f 682//680 667//665 608//607
f 684//682 75//75 186//186
f 667//665 682//680 649//648
f 685//683 682//680 683//681
f 673//671 686//684 687//685
f 682//680 685//683 688//686
f 688//686 649//648 682//680
f 689//687 561//560 411//411
f 685//683 683//681 46//46
f 690//688 351//351 545//544
f 691//689 692//690 693//691
f 487//487 425//425 21//21
f 355//355 694//692 200//200
f 695//693 696//694 697//695
f 698//696 649//648 688//686
f 62//62 359//359 35//35
f 699//697 346//346 275//275
f 644//643 649//648 698//696
f 644//643 698//696 648//647
f 700//698 698//696 688//686
f 561//560 689//687 359//359
f 701//699 648//647 698//696
f 702//700 698//696 700//698
f 698//696 702//700 701//699
f 701//699 703//701 648//647
f 701//699 702//700 703//701
f 645//644 648//647 703//701
f 704//702 705//703 506//506
f 703//701 706//704 645//644
f 707//705 708//706 709//707
f 313//313 11//11 18//18
f 703//701 702//700 710//708
f 87//87 364//364 85//85
f 703//701 711//709 706//704
f 703//701 710//708 711//709
f 712//710 645//644 706//704
f 645//644 712//710 630//629
f 628//627 630//629 712//710
f 628//627 712//710 617//616
f 713//711 617//616 712//710
f 713//711 596//595 617//616
f 712//710 714//712 713//711
f 713//711 714//712 596//595
f 706//704 715//713 712//710
f 714//712 712//710 715//713
f 715//713 706//704 711//709
f 716//714 596//595 714//712
f 716//714 590//589 596//595
f 590//589 716//714 588//587
f 714//712 717//715 716//714
f 714//712 715//713 717//715
f 718//716 588//587 716//714
f 718//716 716//714 717//715
f 588//587 718//716 584//583
f 719//717 584//583 718//716
f 718//716 717//715 719//717
f 584//583 719//717 579//578
f 720//718 579//578 719//717
f 579//578 720//718 581//580
f 721//719 719//717 717//715
f 719//717 721//719 720//718
f 722//720 581//580 720//718
f 581//580 722//720 575//574
f 723//721 720//718 721//719
f 720//718 723//721 722//720
f 514//514 321//321 101//101
f 278//278 492//492 490//490
f 724//722 722//720 723//721
f 64//64 63//63 101//101
f 725//723 575//574 722//720
f 575//574 725//723 573//572
f 726//724 722//720 724//722
f 722//720 726//724 725//723
f 74//74 186//186 75//75
f 725//723 576//575 573//572
f 162//162 668//666 669//667
f 420//420 23//23 73//73
f 576//575 725//723 727//725
f 576//575 727//725 571//570
f 727//725 725//723 726//724
f 504//504 505//505 555//554
f 727//725 726//724 443//443
f 551//550 65//65 322//322
f 122//122 121//121 416//416
f 607//606 255//255 728//726
f 729//727 443//443 726//724
f 726//724 724//722 729//727
f 629//628 555//554 505//505
f 443//443 729//727 444//444
f 730//728 729//727 724//722
f 724//722 723//721 730//728
f 55//55 731//729 686//684
f 729//727 730//728 444//444
f 732//730 730//728 723//721
f 723//721 721//719 732//730
f 733//731 444//444 730//728
f 730//728 732//730 733//731
f 734//732 732//730 721//719
f 721//719 717//715 734//732
f 735//733 733//731 732//730
f 732//730 734//732 735//733
f 733//731 736//734 444//444
f 733//731 735//733 736//734
f 737//735 734//732 717//715
f 737//735 717//715 715//713
f 738//736 735//733 734//732
f 737//735 715//713 739//737
f 711//709 739//737 715//713
f 734//732 737//735 738//736
f 739//737 738//736 737//735
f 740//738 227//227 741//739
f 711//709 742//740 739//737
f 742//740 711//709 710//708
f 739//737 743//741 738//736
f 743//741 739//737 742//740
f 559//558 744//742 745//743
f 735//733 738//736 746//744
f 747//745 746//744 738//736
f 746//744 736//734 735//733
f 748//746 747//745 738//736
f 748//746 738//736 743//741
f 749//747 683//681 182//182
f 683//681 749//747 46//46
f 746//744 750//748 736//734
f 750//748 746//744 747//745
f 751//749 18//18 17//17
f 18//18 751//749 677//675
f 752//750 748//746 743//741
f 743//741 742//740 752//750
f 748//746 753//751 747//745
f 754//752 752//750 742//740
f 742//740 710//708 754//752
f 755//753 756//754 757//755
f 753//751 748//746 752//750
f 239//239 424//424 172//172
f 756//754 758//756 759//757
f 760//758 545//544 556//555
f 761//759 132//132 599//598
f 238//238 504//504 424//424
f 710//708 762//760 754//752
f 754//752 763//761 752//750
f 762//760 764//762 754//752
f 763//761 754//752 764//762
f 762//760 710//708 765//763
f 766//764 752//750 763//761
f 752//750 766//764 753//751
f 767//765 710//708 702//700
f 767//765 765//763 710//708
f 702//700 700//698 767//765
f 539//538 540//539 109//109
f 24//24 26//26 119//119
f 765//763 767//765 768//766
f 685//683 700//698 688//686
f 640//639 546//545 217//217
f 769//767 767//765 700//698
f 769//767 768//766 767//765
f 685//683 770//768 700//698
f 769//767 700//698 770//768
f 322//322 180//180 771//769
f 770//768 685//683 772//770
f 772//770 685//683 46//46
f 770//768 773//771 769//767
f 768//766 769//767 773//771
f 772//770 774//772 770//768
f 772//770 46//46 774//772
f 773//771 770//768 774//772
f 768//766 773//771 775//773
f 768//766 775//773 765//763
f 320//320 229//229 102//102
f 100//100 64//64 101//101
f 776//774 774//772 46//46
f 104//104 550//549 92//92
f 777//775 776//774 46//46
f 778//776 779//777 780//778
f 207//207 781//779 269//269
f 85//85 346//346 86//86
f 774//772 776//774 782//780
f 782//780 773//771 774//772
f 782//780 783//781 773//771
f 784//782 773//771 783//781
f 783//781 785//783 784//782
f 784//782 786//784 773//771
f 775//773 773//771 786//784
f 787//785 784//782 785//783
f 784//782 787//785 786//784
f 625//624 636//635 551//550
f 775//773 786//784 765//763
f 788//786 745//743 276//276
f 363//363 99//99 265//265
f 764//762 762//760 765//763
f 789//787 765//763 786//784
f 765//763 789//787 764//762
f 786//784 790//788 789//787
f 790//788 786//784 787//785
f 657//656 486//486 578//577
f 578//577 147//147 657//656
f 791//789 789//787 790//788
f 789//787 791//789 764//762
f 460//460 256//256 411//411
f 448//448 197//197 792//790
f 793//791 794//792 780//778
f 185//185 795//793 125//125
f 787//785 785//783 796//794
f 787//785 796//794 790//788
f 797//795 796//794 785//783
f 798//796 522//521 799//797
f 800//798 127//127 78//78
f 369//369 294//294 370//370
f 790//788 801//799 791//789
f 801//799 790//788 796//794
f 802//800 803//801 804//802
f 805//803 796//794 797//795
f 799//797 605//604 626//625
f 186//186 311//311 185//185
f 655//654 69//69 219//219
f 557//556 806//804 804//802
f 632//631 211//211 210//210
f 807//805 796//794 805//803
f 796//794 807//805 801//799
f 245//245 244//244 297//297
f 292//292 399//399 272//272
f 808//806 801//799 809//807
f 810//808 801//799 807//805
f 801//799 810//808 809//807
f 609//608 811//809 184//184
f 808//806 791//789 801//799
f 809//807 812//810 808//806
f 791//789 808//806 813//811
f 111//111 814//812 109//109
f 525//524 463//463 464//464
f 138//138 140//140 815//813
f 125//125 124//124 287//287
f 813//811 808//806 812//810
f 764//762 791//789 813//811
f 63//63 816//814 108//108
f 764//762 813//811 817//815
f 448//448 792//790 61//61
f 817//815 763//761 764//762
f 60//60 59//59 585//584
f 470//470 568//567 818//816
f 157//157 690//688 442//442
f 517//517 213//213 566//565
f 817//815 819//817 763//761
f 250//250 820//818 339//339
f 182//182 184//184 811//809
f 766//764 763//761 819//817
f 183//183 182//182 683//681
f 821//819 753//751 766//764
f 766//764 819//817 822//820
f 822//820 821//819 766//764
f 821//819 823//821 753//751
f 195//195 824//822 1//1
f 825//823 753//751 823//821
f 825//823 747//745 753//751
f 822//820 826//824 821//819
f 823//821 821//819 826//824
f 825//823 827//825 747//745
f 750//748 747//745 827//825
f 823//821 828//826 825//823
f 827//825 825//823 828//826
f 750//748 827//825 829//827
f 829//827 736//734 750//748
f 827//825 828//826 830//828
f 830//828 829//827 827//825
f 828//826 823//821 831//829
f 826//824 831//829 823//821
f 832//830 830//828 828//826
f 828//826 831//829 832//830
f 736//734 829//827 155//155
f 155//155 444//444 736//734
f 204//204 432//432 650//649
f 830//828 833//831 829//827
f 834//832 155//155 829//827
f 834//832 829//827 833//831
f 447//447 835//833 836//834
f 446//446 88//88 835//833
f 833//831 830//828 837//835
f 832//830 837//835 830//828
f 833//831 623//622 834//832
f 837//835 838//836 833//831
f 623//622 833//831 838//836
f 837//835 832//830 839//837
f 156//156 834//832 623//622
f 156//156 155//155 834//832
f 840//838 839//837 832//830
f 840//838 832//830 831//829
f 839//837 841//839 837//835
f 838//836 837//835 841//839
f 839//837 840//838 842//840
f 841//839 839//837 843//841
f 842//840 843//841 839//837
f 841//839 600//599 838//836
f 843//841 842//840 447//447
f 447//447 836//834 843//841
f 445//445 447//447 842//840
f 844//842 843//841 836//834
f 843//841 844//842 841//839
f 600//599 841//839 844//842
f 836//834 307//307 844//842
f 842//840 845//843 445//445
f 845//843 842//840 840//838
f 802//800 445//445 845//843
f 239//239 172//172 171//171
f 845//843 840//838 846//844
f 846//844 802//800 845//843
f 831//829 846//844 840//838
f 802//800 846//844 803//801
f 381//381 199//199 847//845
f 848//846 334//334 606//605
f 849//847 846//844 831//829
f 831//829 826//824 849//847
f 850//848 849//847 826//824
f 850//848 826//824 851//849
f 852//850 851//849 826//824
f 826//824 822//820 852//850
f 853//851 62//62 34//34
f 29//29 854//852 793//791
f 99//99 230//230 97//97
f 851//849 852//850 855//853
f 603//602 181//181 180//180
f 311//311 312//312 755//753
f 856//854 855//853 852//850
f 852//850 822//820 856//854
f 379//379 378//378 857//855
f 220//220 858//856 218//218
f 844//842 859//857 600//599
f 822//820 819//817 860//858
f 860//858 856//854 822//820
f 819//817 817//815 861//859
f 861//859 860//858 819//817
f 862//860 861//859 817//815
f 862//860 817//815 813//811
f 863//861 864//862 865//863
f 514//514 279//279 491//491
f 812//810 862//860 813//811
f 866//864 867//865 676//674
f 760//758 556//555 562//561
f 868//866 780//778 537//536
f 869//867 254//254 256//256
f 870//868 816//814 636//635
f 318//318 340//340 429//429
f 426//426 452//452 453//453
f 436//436 871//869 872//870
f 860//858 861//859 873//871
f 34//34 36//36 824//822
f 215//215 214//214 874//872
f 875//873 620//619 619//618
f 355//355 876//874 694//692
f 877//875 76//76 878//876
f 365//365 231//231 230//230
f 237//237 879//877 238//238
f 873//871 856//854 860//858
f 855//853 856//854 880//878
f 855//853 880//878 881//879
f 856//854 873//871 880//878
f 794//792 793//791 523//522
f 415//415 585//584 882//880
f 883//881 881//879 880//878
f 317//317 248//248 250//250
f 207//207 249//249 781//779
f 368//368 884//882 885//883
f 326//326 666//664 274//274
f 886//884 412//412 413//413
f 65//65 64//64 603//602
f 213//213 28//28 128//128
f 873//871 887//885 880//878
f 883//881 880//878 887//885
f 888//886 889//887 890//888
f 606//605 869//867 459//459
f 848//846 461//461 853//851
f 881//879 883//881 891//889
f 188//188 261//261 675//673
f 861//859 887//885 873//871
f 153//153 892//890 223//223
f 524//523 389//389 867//865
f 290//290 893//891 894//892
f 275//275 814//812 699//697
f 895//893 440//440 439//439
f 883//881 896//894 891//889
f 896//894 883//881 866//864
f 866//864 883//881 887//885
f 897//895 269//269 781//779
f 245//245 603//602 102//102
f 898//896 333//333 165//165
f 887//885 867//865 866//864
f 899//897 900//898 901//899
f 867//865 887//885 524//523
f 902//900 524//523 887//885
f 454//454 903//901 339//339
f 524//523 902//900 525//524
f 904//902 280//280 152//152
f 887//885 861//859 902//900
f 862//860 902//900 861//859
f 905//903 525//524 902//900
f 696//694 906//904 907//905
f 902//900 862//860 905//903
f 908//906 349//349 348//348
f 812//810 905//903 862//860
f 905//903 812//810 809//807
f 413//413 709//707 708//706
f 227//227 740//738 115//115
f 650//649 343//343 325//325
f 106//106 779//777 909//907
f 505//505 662//661 629//628
f 525//524 905//903 910//908
f 809//807 910//908 905//903
f 874//872 658//657 215//215
f 804//802 911//909 802//800
f 622//621 602//601 858//856
f 912//910 913//911 305//305
f 810//808 910//908 809//807
f 229//229 231//231 102//102
f 525//524 910//908 463//463
f 914//912 285//285 915//913
f 380//380 133//133 916//914
f 807//805 917//915 810//808
f 910//908 810//808 917//915
f 918//916 807//805 805//803
f 807//805 918//916 917//915
f 224//224 919//917 639//638
f 920//918 921//919 922//920
f 668//666 317//317 319//319
f 129//129 131//131 923//921
f 924//922 917//915 918//916
f 925//923 926//924 474//474
f 317//317 668//666 927//925
f 684//682 186//186 125//125
f 70//70 198//198 258//258
f 156//156 352//352 157//157
f 484//484 689//687 704//702
f 924//922 928//926 917//915
f 187//187 189//189 928//926
f 806//804 557//556 640//639
f 189//189 917//915 928//926
f 800//798 89//89 217//217
f 330//330 30//30 929//927
f 364//364 363//363 345//345
f 189//189 930//928 917//915
f 169//169 168//168 931//929
f 603//602 245//245 181//181
f 80//80 266//266 78//78
f 535//534 80//80 536//535
f 903//901 454//454 811//809
f 771//769 299//299 322//322
f 236//236 635//634 932//930
f 98//98 97//97 486//486
f 164//164 919//917 349//349
f 258//258 586//585 933//931
f 215//215 98//98 515//515
f 489//489 604//603 495//495
f 934//932 930//928 889//887
f 443//443 442//442 935//933
f 889//887 936//934 934//932
f 930//928 934//932 917//915
f 602//601 838//836 600//599
f 601//600 600//599 859//857
f 355//355 200//200 353//353
f 541//540 38//38 48//48
f 679//677 201//201 270//270
f 361//361 937//935 362//362
f 357//357 450//450 938//936
f 568//567 294//294 140//140
f 939//937 375//375 892//890
f 778//776 909//907 779//777
f 246//246 102//102 231//231
f 934//932 936//934 940//938
f 194//194 334//334 941//939
f 669//667 435//435 162//162
f 936//934 942//940 940//938
f 940//938 917//915 934//932
f 943//941 375//375 865//863
f 917//915 940//938 910//908
f 944//942 815//813 140//140
f 811//809 945//943 903//901
f 387//387 463//463 942//940
f 140//140 818//816 568//567
f 858//856 352//352 622//621
f 946//944 885//883 884//882
f 101//101 108//108 514//514
f 910//908 940//938 942//940
f 910//908 942//940 463//463
f 849//847 947//945 846//844
f 776//774 846//844 947//945
f 846//844 776//774 803//801
f 777//775 803//801 776//774
f 948//946 385//385 949//947
f 423//423 949//947 385//385
f 320//320 321//321 229//229
f 388//388 888//886 950//948
f 423//423 951//949 949//947
f 486//486 242//242 580//579
f 423//423 422//422 951//949
f 61//61 10//10 211//211
f 951//949 422//422 952//950
f 82//82 952//950 422//422
f 352//352 351//351 690//688
f 932//930 876//874 355//355
f 511//511 872//870 871//869
f 322//322 93//93 551//550
f 93//93 92//92 550//549
f 82//82 81//81 952//950
f 229//229 615//614 230//230
f 953//951 952//950 81//81
f 953//951 954//952 952//950
f 254//254 869//867 799//797
f 954//952 953//951 955//953
f 97//97 614//613 243//243
f 956//954 425//425 482//482
f 953//951 81//81 957//955
f 953//951 957//955 955//953
f 39//39 182//182 298//298
f 958//956 955//953 957//955
f 957//955 959//957 958//956
f 749//747 39//39 542//541
f 960//958 958//956 959//957
f 657//656 149//149 216//216
f 792//790 197//197 54//54
f 961//959 959//957 957//955
f 870//868 151//151 150//150
f 959//957 961//959 962//960
f 959//957 962//960 960//958
f 941//939 848//846 853//851
f 962//960 961//959 963//961
f 425//425 452//452 426//426
f 53//53 707//705 51//51
f 960//958 962//960 964//962
f 965//963 964//962 962//960
f 965//963 962//960 344//344
f 963//961 344//344 962//960
f 966//964 967//965 879//877
f 659//658 265//265 99//99
f 687//685 686//684 731//729
f 963//961 968//966 344//344
f 341//341 344//344 968//966
f 341//341 968//966 327//327
f 421//421 327//327 968//966
f 127//127 25//25 128//128
f 360//360 327//327 421//421
f 868//866 537//536 536//535
f 385//385 360//360 421//421
f 461//461 848//846 459//459
f 911//909 806//804 446//446
f 62//62 853//851 461//461
f 192//192 969//967 190//190
f 538//537 556//555 545//544
f 548//547 901//899 900//898
f 561//560 461//461 460//460
f 886//884 376//376 441//441
f 129//129 923//921 970//968
f 971//969 133//133 132//132
f 466//466 380//380 916//914
f 122//122 537//536 972//970
f 935//933 973//971 727//725
f 974//972 970//968 923//921
f 966//964 882//880 662//661
f 975//973 336//336 518//518
f 882//880 966//964 976//974
f 167//167 166//166 457//457
f 977//975 971//969 970//968
f 970//968 974//972 977//975
f 788//786 275//275 346//346
f 935//933 442//442 690//688
f 269//269 678//676 270//270
f 30//30 32//32 929//927
f 971//969 977//975 133//133
f 398//398 400//400 151//151
f 792//790 10//10 61//61
f 458//458 309//309 978//976
f 439//439 253//253 895//893
f 441//441 440//440 886//884
f 956//954 878//876 979//977
f 980//978 152//152 280//280
f 437//437 661//660 642//641
f 777//775 981//979 803//801
f 804//802 803//801 981//979
f 981//979 554//553 804//802
f 558//557 804//802 554//553
f 558//557 554//553 553//552
f 616//615 267//267 300//300
f 361//361 931//929 672//670
f 982//980 675//673 924//922
f 261//261 924//922 675//673
f 60//60 585//584 586//585
f 120//120 345//345 212//212
f 381//381 983//981 199//199
f 226//226 199//199 983//981
f 761//759 971//969 132//132
f 925//923 243//243 614//613
f 604//603 485//485 441//441
f 672//670 673//671 361//361
f 631//630 745//743 632//631
f 984//982 985//983 986//984
f 562//561 571//570 760//758
f 199//199 226//226 200//200
f 228//228 353//353 226//226
f 353//353 200//200 226//226
f 320//320 102//102 101//101
f 849//847 850//848 947//945
f 976//974 203//203 882//880
f 850//848 851//849 947//945
f 987//985 947//945 851//849
f 585//584 662//661 882//880
f 264//264 263//263 213//213
f 987//985 851//849 988//986
f 855//853 988//986 851//849
f 412//412 886//884 895//893
f 555//554 629//628 744//742
f 988//986 855//853 989//987
f 956//954 979//977 21//21
f 855//853 881//879 989//987
f 257//257 414//414 205//205
f 989//987 881//879 982//980
f 891//889 982//980 881//879
f 440//440 895//893 886//884
f 806//804 640//639 88//88
f 267//267 266//266 407//407
f 783//781 782//780 947//945
f 947//945 987//985 783//781
f 785//783 783//781 987//985
f 978//976 309//309 308//308
f 930//928 189//189 889//887
f 987//985 988//986 785//783
f 797//795 785//783 988//986
f 10//10 792//790 54//54
f 815//813 944//942 112//112
f 988//986 989//987 797//795
f 805//803 797//795 989//987
f 970//968 116//116 129//129
f 869//867 606//605 605//604
f 805//803 989//987 918//916
f 982//980 918//916 989//987
f 990//988 468//468 991//989
f 534//533 545//544 351//351
f 992//990 901//899 378//378
f 188//188 950//948 890//888
f 88//88 446//446 806//804
f 906//904 696//694 695//693
f 86//86 699//697 434//434
f 993//991 994//992 663//95
f 552//551 816//814 150//150
f 924//922 918//916 982//980
f 424//424 554//553 995//993
f 181//181 296//296 179//179
f 554//553 981//979 995//993
f 297//297 181//181 245//245
f 983//981 466//466 465//465
f 12//12 210//210 10//10
f 385//385 948//946 386//386
f 996//994 386//386 948//946
f 285//285 406//406 405//405
f 997//995 998//996 999//997
f 26//26 217//217 546//545
f 1000//998 386//386 996//994
f 1000//998 1001//999 386//386
f 402//402 386//386 1001//999
f 79//79 78//78 127//127
f 741//739 227//227 465//465
f 402//402 1001//999 418//418
f 1002//1000 418//418 1001//999
f 5//5 859//857 307//307
f 976//974 1003//1001 203//203
f 970//968 971//969 761//759
f 1004//1002 759//757 795//793
f 1002//1000 1005//1003 418//418
f 430//430 418//418 1005//1003
f 256//256 460//460 869//867
f 431//431 430//430 1005//1003
f 1005//1003 1006//1004 431//431
f 451//451 431//431 1006//1004
f 1007//1005 68//68 1008//1006
f 535//534 122//122 416//416
f 451//451 1006//1004 469//469
f 1009//1007 469//469 1006//1004
f 1009//1007 2//2 469//469
f 473//473 469//469 2//2
f 2//2 1009//1007 4//4
f 7//7 4//4 1009//1007
f 13//13 788//786 14//14
f 1006//1004 7//7 1009//1007
f 802//800 911//909 445//445
f 16//16 7//7 1006//1004
f 1006//1004 1005//1003 16//16
f 223//223 225//225 153//153
f 932//930 355//355 1010//1008
f 415//415 203//203 414//414
f 1005//1003 1002//1000 16//16
f 43//43 16//16 1002//1000
f 423//423 385//385 421//421
f 1011//1009 342//342 677//675
f 911//909 804//802 806//804
f 798//796 799//797 909//907
f 901//899 548//547 378//378
f 432//432 203//203 1003//1001
f 42//42 43//43 84//84
f 43//43 1002//1000 1012//1010
f 1012//1010 84//84 43//43
f 1001//999 1012//1010 1002//1000
f 439//439 507//507 438//438
f 1013//1011 216//216 471//471
f 974//972 923//921 131//131
f 258//258 324//324 70//70
f 1001//999 1000//998 1012//1010
f 1012//1010 1000//998 84//84
f 309//309 458//458 457//457
f 146//146 84//84 1000//998
f 146//146 1000//998 160//160
f 204//204 433//433 205//205
f 996//994 160//160 1000//998
f 814//812 666//664 109//109
f 185//185 311//311 795//793
f 340//340 318//318 250//250
f 107//107 106//106 626//625
f 113//113 112//112 944//942
f 109//109 666//664 539//538
f 1014//1012 996//994 948//946
f 996//994 1014//1012 160//160
f 771//769 179//179 454//454
f 419//419 75//75 288//288
f 815//813 607//606 138//138
f 658//657 263//263 659//658
f 947//945 782//780 776//774
f 777//775 46//46 45//45
f 1015//1013 125//125 795//793
f 235//235 398//398 393//393
f 243//243 925//923 241//241
f 196//196 72//72 1011//1009
f 814//812 49//49 1016//1014
f 433//433 325//325 324//324
f 854//852 29//29 516//516
f 281//281 116//116 970//968
f 426//426 1017//1015 969//967
f 407//407 266//266 535//534
f 1018//1016 601//600 8//8
f 1018//1016 8//8 40//40
f 1019//1017 519//519 521//519
f 745//743 788//786 13//13
f 975//973 518//518 214//214
f 466//466 983//981 381//381
f 668//666 1020//1018 1021//1019
f 466//466 381//381 380//380
f 991//989 92//92 997//995
f 1022//1020 1023//1021 1024//1022
f 541//540 39//39 38//38
f 461//461 561//560 62//62
f 661//660 872//870 673//671
f 589//588 1025//1023 312//312
f 133//133 380//380 134//134
f 1026//1024 395//395 397//397
f 487//487 21//21 420//420
f 975//973 139//139 336//336
f 216//216 1013//1011 214//214
f 119//119 364//364 120//120
f 78//78 268//268 800//798
f 255//255 411//411 256//256
f 132//132 621//620 599//598
f 476//476 241//241 474//474
f 621//620 136//136 599//598
f 1027//1025 164//164 163//163
f 278//278 490//490 279//279
f 972//970 67//67 122//122
f 173//173 779//777 105//105
f 756//754 755//753 758//756
f 319//319 871//869 669//667
f 142//142 397//397 52//52
f 159//159 493//493 428//428
f 135//135 282//282 281//281
f 745//743 13//13 559//558
f 384//384 428//428 493//493
f 428//428 384//384 228//228
f 254//254 799//797 522//521
f 992//990 1028//1026 899//897
f 288//288 75//75 684//682
f 314//314 313//313 432//432
f 353//353 228//228 384//384
f 604//603 489//489 485//485
f 949//947 1014//1012 948//946
f 1029//1027 397//397 455//455
f 354//354 893//891 1010//1008
f 1030//1028 1014//1012 949//947
f 1031//1029 92//92 991//989
f 1032//1030 160//160 1014//1012
f 1014//1012 1030//1028 1032//1030
f 874//872 566//565 658//657
f 740//738 116//116 115//115
f 1030//1028 949//947 951//949
f 1033//1031 1032//1030 1030//1028
f 1030//1028 951//949 1033//1031
f 250//250 318//318 317//317
f 415//415 882//880 203//203
f 952//950 1033//1031 951//949
f 952//950 954//952 1033//1031
f 271//271 1034//1032 207//207
f 1034//1032 1035//1033 207//207
f 338//338 728//726 523//522
f 106//106 105//105 779//777
f 631//630 210//210 12//12
f 897//895 1021//1019 678//676
f 191//191 482//482 425//425
f 57//57 937//935 731//729
f 941//939 824//822 194//194
f 237//237 110//110 879//877
f 967//965 505//505 238//238
f 1033//1031 954//952 955//953
f 922//920 921//919 1036//1034
f 343//343 71//71 325//325
f 955//953 1032//1030 1033//1031
f 896//894 866//864 676//674
f 162//162 164//164 1037//1035
f 295//295 369//369 376//376
f 160//160 1032//1030 161//161
f 973//971 935//933 690//688
f 639//638 1027//1025 642//641
f 958//956 964//962 955//953
f 958//956 960//958 964//962
f 964//962 1032//1030 955//953
f 1038//1036 468//468 990//988
f 405//405 283//283 285//285
f 295//295 413//413 323//323
f 1039//1037 301//301 1040//1038
f 173//173 175//175 972//970
f 265//265 659//658 263//263
f 552//551 150//150 980//978
f 305//305 304//304 912//910
f 467//467 466//466 916//914
f 1039//1037 5//5 301//301
f 1041//1039 1042//1040 915//913
f 12//12 276//276 631//630
f 583//582 926//924 321//321
f 1038//1036 1043//1041 468//468
f 344//344 202//202 161//161
f 161//161 1044//1042 344//344
f 1044//1042 161//161 1032//1030
f 30//30 330//330 329//329
f 1032//1030 964//962 1044//1042
f 1037//1035 678//676 1021//1019
f 965//963 1044//1042 964//962
f 1045//1043 312//312 1025//1023
f 344//344 1044//1042 965//963
f 507//507 441//441 485//485
f 665//663 993//991 663//95
f 666//664 315//315 539//538
f 511//511 56//56 872//870
f 136//136 135//135 599//598
f 1046//1044 692//690 1047//1045
f 697//695 1048//1046 620//619
f 972//970 780//778 779//777
f 1049//1047 1050//1048 1051//1049
f 1052//1050 366//366 368//368
f 991//989 468//468 1031//1029
f 1053//1051 1054//1052 613//612
f 467//467 974//972 131//131
f 636//635 63//63 65//65
f 191//191 425//425 192//192
f 401//401 1055//1053 309//309
f 234//234 399//399 398//398
f 968//966 963//961 961//959
f 76//76 21//21 979//977
f 110//110 237//237 171//171
f 697//695 1056//1054 1048//1046
f 614//613 97//97 230//230
f 151//151 394//394 398//398
f 1//1 824//822 36//36
f 257//257 258//258 933//931
f 815//813 112//112 607//606
f 67//67 972//970 175//175
f 436//436 435//435 669//667
f 636//635 816//814 63//63
f 467//467 916//914 974//972
f 236//236 932//930 1010//1008
f 130//130 741//739 465//465
f 595//594 592//591 491//491
f 79//79 27//27 536//535
f 1056//1054 697//695 696//694
f 236//236 235//235 635//634
f 1057//1055 144//144 1058//1056
f 870//868 636//635 392//392
f 1037//1035 1059//1057 1060//1058
f 66//66 1061//1059 417//417
f 166//166 333//333 409//409
f 110//110 109//109 540//539
f 134//134 153//153 225//225
f 895//893 455//455 412//412
f 108//108 816//814 552//551
f 482//482 483//483 956//954
f 1062//1060 40//40 655//654
f 41//41 655//654 40//40
f 392//392 636//635 393//393
f 291//291 399//399 292//292
f 545//544 760//758 973//971
f 1063//1061 1064//1062 1065//1063
f 278//278 382//382 492//492
f 169//169 903//901 945//943
f 933//931 586//585 415//415
f 1066//1064 1028//1026 992//990
f 632//631 744//742 629//628
f 531//530 409//409 1067//1065
f 142//142 455//455 397//397
f 1068//1066 518//518 336//336
f 744//742 632//631 745//743
f 296//296 298//298 811//809
f 847//845 154//154 381//381
f 421//421 968//966 83//83
f 608//607 184//184 183//183
f 793//791 854//852 1068//1066
f 369//369 295//295 294//294
f 175//175 1008//1006 68//68
f 1054//1052 611//610 613//612
f 249//249 206//206 91//91
f 328//328 330//330 332//332
f 425//425 487//487 452//452
f 1020//1018 162//162 1021//1019
f 937//935 687//685 731//729
f 208//208 207//207 1035//1033
f 926//924 583//582 474//474
f 138//138 728//726 337//337
f 676//674 867//865 389//389
f 939//937 679//677 865//863
f 1069//1067 1070//1067 1071//1068
f 1072//1069 1070//1067 1069//1067
f 914//912 915//913 1042//1040
f 756//754 759//757 1004//1002
f 615//614 229//229 321//321
f 89//89 88//88 640//639
f 904//902 893//891 382//382
f 255//255 254//254 523//522
f 980//978 279//279 552//551
f 157//157 442//442 155//155
f 605//604 799//797 869//867
f 678//676 1037//1035 865//863
f 89//89 800//798 268//268
f 156//156 622//621 352//352
f 151//151 291//291 152//152
f 112//112 114//114 233//233
f 374//374 1073//1070 375//375
f 614//613 615//614 925//923
f 1015//1013 759//757 126//126
f 48//48 172//172 541//540
f 659//658 99//99 98//98
f 281//281 761//759 599//598
f 699//697 86//86 346//346
f 25//25 24//24 212//212
f 249//249 91//91 820//818
f 181//181 297//297 296//296
f 199//199 201//201 847//845
f 1021//1019 897//895 668//666
f 1018//1016 218//218 858//856
f 116//116 740//738 741//739
f 14//14 346//346 347//347
f 1074//1071 404//404 406//406
f 346//346 14//14 788//786
f 992//990 899//897 901//899
f 1075//1072 620//619 1076//1073
f 28//28 213//213 517//517
f 120//120 212//212 24//24
f 96//96 95//95 509//509
f 196//196 198//198 70//70
f 471//471 149//149 148//148
f 1050//1048 1077//1074 1051//1049
f 935//933 727//725 443//443
f 32//32 646//645 929//927
f 394//394 151//151 392//392
f 391//391 1078//1075 30//30
f 459//459 869//867 460//460
f 1079//1076 1075//1072 1076//1073
f 44//44 46//46 749//747
f 173//173 972//970 779//777
f 21//21 425//425 956//954
f 45//45 995//993 777//775
f 279//279 980//978 280//280
f 1067//1065 409//409 333//333
f 1048//1046 1076//1073 620//619
f 1080//1077 350//350 375//375
f 1078//1075 332//332 31//31
f 152//152 291//291 290//290
f 248//248 781//779 249//249
f 207//207 206//206 249//249
f 678//676 865//863 679//677
f 375//375 943//941 373//373
f 255//255 523//522 728//726
f 164//164 1059//1057 1037//1035
f 745//743 631//630 276//276
f 151//151 870//868 392//392
f 253//253 439//439 251//251
f 916//914 133//133 974//972
f 675//673 891//889 896//894
f 865//863 1037//1035 863//861
f 116//116 741//739 129//129
f 104//104 103//103 625//624
f 475//475 583//582 592//591
f 252//252 1026//1024 1029//1027
f 349//349 908//906 1059//1057
f 865//863 1081//1078 1082//1079
f 197//197 448//448 586//585
f 377//377 992//990 378//378
f 781//779 248//248 317//317
f 389//389 950//948 674//672
f 847//845 939//937 892//890
f 650//649 325//325 204//204
f 760//758 571//570 727//725
f 113//113 944//942 294//294
f 300//300 407//407 301//301
f 315//315 326//326 313//313
f 708//706 323//323 413//413
f 326//326 12//12 11//11
f 263//263 658//657 566//565
f 605//604 190//190 969//967
f 177//177 1083//1080 178//178
f 69//69 655//654 47//47
f 41//41 47//47 655//654
f 337//337 336//336 139//139
f 117//117 159//159 115//115
f 264//264 213//213 212//212
f 326//326 274//274 12//12
f 1075//1072 984//982 1084//1081
f 409//409 401//401 166//166
f 71//71 343//343 72//72
f 282//282 117//117 116//116
f 1068//1066 523//522 793//791
f 190//190 606//605 334//334
f 670//668 298//298 297//297
f 677//675 751//749 1011//1009
f 486//486 657//656 515//515
f 338//338 1068//1066 336//336
f 268//268 78//78 266//266
f 818//816 471//471 470//470
f 90//90 835//833 88//88
f 1068//1066 854//852 518//518
f 376//376 886//884 295//295
f 651//650 677//675 342//342
f 879//877 540//539 976//974
f 838//836 602//601 623//622
f 979//977 878//876 76//76
f 164//164 1027//1025 919//917
f 671//669 661//660 673//671
f 686//684 673//671 872//870
f 437//437 163//163 435//435
f 139//139 138//138 337//337
f 299//299 339//339 820//818
f 413//413 295//295 886//884
f 933//931 415//415 257//257
f 216//216 515//515 657//656
f 214//214 1013//1011 975//973
f 518//518 874//872 214//214
f 781//779 927//925 897//895
f 848//846 941//939 334//334
f 995//993 45//45 172//172
f 820//818 250//250 249//249
f 22//22 77//77 450//450
f 1042//1040 1085//1082 914//912
f 382//382 278//278 904//902
f 994//992 664//662 663//95
f 450//450 23//23 22//22
f 944//942 140//140 294//294
f 299//299 820//818 91//91
f 601//600 858//856 602//601
f 859//857 5//5 8//8
f 1082//1079 943//941 865//863
f 347//347 119//119 14//14
f 474//474 241//241 925//923
f 291//291 400//400 399//399
f 406//406 914//912 368//368
f 351//351 220//220 534//533
f 1024//1022 1023//1021 1086//1083
f 434//434 699//697 1016//1014
f 422//422 83//83 82//82
f 942//940 936//934 388//388
f 690//688 157//157 352//352
f 1087//1084 871//869 319//319
f 319//319 429//429 1087//1084
f 564//563 371//371 370//370
f 40//40 1062//1060 1018//1016
f 1085//1082 884//882 914//912
f 999//997 991//989 997//995
f 760//758 727//725 973//971
f 163//163 642//641 1027//1025
f 92//92 876//874 103//103
f 857//855 378//378 549//548
f 429//429 362//362 1087//1084
f 416//416 301//301 407//407
f 927//925 668//666 897//895
f 1031//1029 694//692 876//874
f 818//816 140//140 139//139
f 18//18 432//432 313//313
f 48//48 50//50 172//172
f 639//638 919//917 1027//1025
f 511//511 1087//1084 362//362
f 1065//1063 1064//1062 1088//1085
f 661//660 671//669 656//655
f 580//579 578//577 486//486
f 794//792 523//522 522//521
f 518//518 517//517 874//872
f 29//29 536//535 27//27
f 1089//1086 1090//1087 1091//1087
f 858//856 220//220 352//352
f 100//100 102//102 603//602
f 1055//1053 401//401 1092//1088
f 623//622 622//621 156//156
f 406//406 285//285 914//912
f 961//959 83//83 968//966
f 343//343 651//650 342//342
f 310//310 309//309 1055//1053
f 144//144 143//143 1058//1056
f 835//833 90//90 616//615
f 780//778 972//970 537//536
f 389//389 464//464 387//387
f 662//661 585//584 59//59
f 455//455 142//142 141//141
f 536//535 29//29 868//866
f 864//862 1081//1078 865//863
f 646//645 32//32 31//31
f 493//493 595//594 492//492
f 56//56 362//362 57//57
f 1031//1029 468//468 270//270
f 566//565 874//872 517//517
f 788//786 276//276 275//275
f 290//290 272//272 893//891
f 673//671 687//685 937//935
f 1062//1060 655//654 218//218
f 111//111 171//171 49//49
f 872//870 56//56 55//55
f 635//634 235//235 393//393
f 446//446 445//445 911//909
f 945//943 609//608 170//170
f 709//707 51//51 707//705
f 609//608 945//943 811//809
f 50//50 49//49 171//171
f 995//993 172//172 424//424
f 554//553 424//424 504//504
f 606//605 459//459 848//846
f 484//484 359//359 689//687
f 1045//1043 755//753 312//312
f 1010//1008 272//272 236//236
f 506//506 705//703 438//438
f 859//857 844//842 307//307
f 99//99 363//363 230//230
f 926//924 925//923 615//614
f 1093//1089 438//438 705//703
f 139//139 1013//1011 818//816
f 931//929 361//361 339//339
f 705//703 232//232 1093//1089
f 1003//1001 976//974 540//539
f 354//354 383//383 893//891
f 438//438 1093//1089 251//251
f 1094//1090 1093//1089 232//232
f 705//703 704//702 232//232
f 1095//1091 232//232 114//114
f 232//232 1095//1091 1094//1090
f 114//114 1096//1092 1095//1091
f 689//687 411//411 233//233
f 728//726 138//138 607//606
f 233//233 704//702 689//687
f 1097//1093 915//913 285//285
f 244//244 246//246 306//306
f 892//890 154//154 847//845
f 154//154 892//890 153//153
f 375//375 349//349 919//917
f 27//27 128//128 28//28
f 66//66 417//417 67//67
f 928//926 924//922 187//187
f 986//984 1084//1081 984//982
f 969//967 192//192 426//426
f 1004//1002 757//755 756//754
f 296//296 811//809 454//454
f 175//175 68//68 67//67
f 1061//1059 66//66 1007//1005
f 939//937 865//863 375//375
f 180//180 322//322 65//65
f 939//937 847//845 201//201
f 309//309 457//457 166//166
f 197//197 196//196 54//54
f 741//739 130//130 129//129
f 291//291 151//151 400//400
f 455//455 895//893 253//253
f 342//342 1011//1009 72//72
f 196//196 1011//1009 751//749
f 201//201 679//677 939//937
f 888//886 388//388 936//934
f 323//323 1096//1092 293//293
f 1098//1094 251//251 1093//1089
f 460//460 411//411 561//560
f 1099//1095 1093//1089 1094//1090
f 1093//1089 1099//1095 1098//1094
f 1094//1090 1095//1091 1099//1095
f 836//834 616//615 307//307
f 125//125 1015//1013 126//126
f 694//692 270//270 201//201
f 269//269 271//271 207//207
f 1100//1096 468//468 1043//1041
f 694//692 201//201 200//200
f 544//543 14//14 119//119
f 211//211 632//631 629//628
f 909//907 626//625 106//106
f 761//759 281//281 970//968
f 676//674 675//673 896//894
f 1101//1097 997//995 206//206
f 877//875 77//77 76//76
f 330//330 646//645 332//332
f 601//600 1018//1016 858//856
f 1102//1098 1095//1091 1096//1092
f 1096//1092 323//323 1102//1098
f 353//353 383//383 354//354
f 1103//1099 1099//1095 1095//1091
f 1095//1091 1102//1098 1103//1099
f 91//91 997//995 92//92
f 233//233 232//232 704//702
f 744//742 559//558 555//554
f 553//552 559//558 558//557
f 553//552 555//554 559//558
f 468//468 1100//1096 271//271
f 244//244 306//306 434//434
f 347//347 364//364 119//119
f 347//347 85//85 364//364
f 708//706 1102//1098 323//323
f 542//541 44//44 749//747
f 749//747 182//182 39//39
f 251//251 1098//1094 252//252
f 977//975 974//972 133//133
f 615//614 321//321 926//924
f 516//516 518//518 854//852
f 128//128 27//27 79//79
f 891//889 675//673 982//980
f 616//615 836//834 835//833
f 1059//1057 164//164 349//349
f 1104//1100 252//252 1098//1094
f 252//252 1104//1100 1026//1024
f 1105//1101 1098//1094 1099//1095
f 1098//1094 1105//1101 1104//1100
f 620//619 875//873 697//695
f 1099//1095 1103//1099 1105//1101
f 669//667 871//869 436//436
f 751//749 17//17 196//196
f 224//224 223//223 892//890
f 61//61 211//211 59//59
f 945//943 170//170 169//169
f 863//861 1037//1035 1060//1058
f 583//582 321//321 491//491
f 371//371 495//495 604//603
f 635//634 103//103 932//930
f 329//329 1106//1102 30//30
f 1084//1081 620//619 1075//1072
f 311//311 755//753 757//755
f 1107//1103 1105//1101 1103//1099
f 1103//1099 1102//1098 1107//1103
f 1102//1098 708//706 1108//1104
f 1108//1104 1107//1103 1102//1098
f 707//705 1108//1104 708//706
f 626//625 909//907 799//797
f 464//464 389//389 524//523
f 102//102 246//246 245//245
f 1092//1088 401//401 408//408
f 1109//1105 997//995 1101//1097
f 690//688 545//544 973//971
f 362//362 937//935 57//57
f 1104//1100 1105//1101 1110//1106
f 1110//1106 1026//1024 1104//1100
f 1026//1024 1110//1106 395//395
f 942//940 388//388 387//387
f 544//543 119//119 26//26
f 950//948 188//188 674//672
f 395//395 1110//1106 396//396
f 1111//1107 1110//1106 1105//1101
f 73//73 75//75 420//420
f 1105//1101 1107//1103 1111//1107
f 1107//1103 1108//1104 1112//1108
f 1112//1108 1111//1107 1107//1103
f 338//338 523//522 1068//1066
f 292//292 272//272 290//290
f 23//23 420//420 21//21
f 876//874 932//930 103//103
f 52//52 397//397 396//396
f 1108//1104 707//705 53//53
f 53//53 1112//1108 1108//1104
f 324//324 71//71 70//70
f 1111//1107 1112//1108 396//396
f 1111//1107 396//396 1110//1106
f 276//276 12//12 274//274
f 53//53 396//396 1112//1108
f 1029//1027 253//253 252//252
f 127//127 800//798 25//25
f 781//779 317//317 927//925
f 913//911 303//303 305//305
f 872//870 437//437 436//436
f 694//692 1031//1029 270//270
f 253//253 1029//1027 455//455
f 981//979 777//775 995//993
f 268//268 90//90 89//89
f 390//390 30//30 1106//1102
f 757//755 795//793 311//311
f 284//284 1097//1093 285//285
f 437//437 872//870 661//660
f 586//585 448//448 60//60
f 859//857 8//8 601//600
f 670//668 244//244 37//37
f 919//917 224//224 892//890
f 44//44 542//541 45//45
f 172//172 45//45 542//541
f 1016//1014 699//697 814//812
f 191//191 190//190 334//334
f 49//49 48//48 38//38
f 152//152 290//290 894//892
f 68//68 1007//1005 66//66
f 1096//1092 114//114 113//113
f 672//670 931//929 168//168
f 113//113 294//294 1096//1092
f 625//624 393//393 636//635
f 293//293 1096//1092 294//294
f 1//1 3//3 195//195
f 1113//1109 195//195 3//3
f 195//195 1113//1109 193//193
f 3//3 5//5 1113//1109
f 1114//1110 193//193 1113//1109
f 1039//1037 1113//1109 5//5
f 1113//1109 1039//1037 1114//1110
f 15//15 559//558 13//13
f 483//483 193//193 1114//1110
f 693//691 692//690 1046//1044
f 1040//1038 1114//1110 1039//1037
f 1115//1111 483//483 1114//1110
f 483//483 1115//1111 878//876
f 559//558 15//15 557//556
f 1114//1110 1040//1038 1115//1111
f 11//11 10//10 17//17
f 605//604 969//967 107//107
f 98//98 215//215 659//658
f 1116//1112 1115//1111 1040//1038
f 357//357 73//73 450//450
f 368//368 914//912 884//882
f 205//205 414//414 203//203
f 878//876 1115//1111 877//875
f 889//887 189//189 890//888
f 540//539 879//877 110//110
f 1040//1038 1061//1059 1116//1112
f 306//306 87//87 86//86
f 394//394 393//393 398//398
f 1007//1005 1116//1112 1061//1059
f 1117//1113 1115//1111 1116//1112
f 1118//1114 877//875 1115//1111
f 1115//1111 1117//1113 1118//1114
f 517//517 516//516 28//28
f 1116//1112 1007//1005 1117//1113
f 893//891 904//902 894//892
f 49//49 814//812 111//111
f 354//354 1010//1008 355//355
f 491//491 490//490 595//594
f 1008//1006 1117//1113 1007//1005
f 1016//1014 49//49 434//434
f 26//26 546//545 544//543
f 1003//1001 314//314 432//432
f 709//707 413//413 141//141
f 1118//1114 1119//1115 877//875
f 77//77 877//875 1119//1115
f 670//668 297//297 244//244
f 37//37 39//39 298//298
f 1119//1115 1118//1114 1120//1116
f 1117//1113 1120//1116 1118//1114
f 771//769 339//339 299//299
f 507//507 439//439 441//441
f 872//870 55//55 686//684
f 77//77 1119//1115 680//678
f 100//100 603//602 64//64
f 484//484 704//702 506//506
f 171//171 111//111 110//110
f 504//504 555//554 554//553
f 1119//1115 1120//1116 680//678
f 558//557 557//556 804//802
f 814//812 274//274 666//664
f 1121//1117 680//678 1120//1116
f 149//149 471//471 216//216
f 937//935 361//361 673//671
f 274//274 814//812 275//275
f 681//679 680//678 1122//1118
f 1121//1117 1122//1118 680//678
f 976//974 966//964 879//877
f 379//379 857//855 1123//1119
f 1124//1120 938//936 681//679
f 681//679 1122//1118 1124//1120
f 107//107 969//967 1017//1015
f 1109//1105 998//996 997//995
f 1125//1121 938//936 1124//1120
f 938//936 1125//1121 357//357
f 356//356 357//357 1125//1121
f 640//639 217//217 89//89
f 1087//1084 511//511 871//869
f 589//588 312//312 74//74
f 396//396 53//53 52//52
f 367//367 1074//1071 368//368
f 950//948 389//389 388//388
f 1125//1121 1124//1120 1126//1122
f 234//234 272//272 399//399
f 512//512 1124//1120 1122//1118
f 1124//1120 512//512 1126//1122
f 356//356 1125//1121 1127//1123
f 1127//1123 589//588 356//356
f 835//833 447//447 446//446
f 1127//1123 1128//1124 589//588
f 1025//1023 589//588 1128//1124
f 269//269 897//895 678//676
f 1127//1123 1125//1121 1126//1122
f 359//359 484//484 358//358
f 471//471 818//816 1013//1011
f 1126//1122 1129//1125 1127//1123
f 79//79 536//535 80//80
f 428//428 115//115 159//159
f 1128//1124 1127//1123 1129//1125
f 122//122 535//534 537//536
f 522//521 798//796 794//792
f 1025//1023 1128//1124 1045//1043
f 540//539 314//314 1003//1001
f 1128//1124 1129//1125 1130//1126
f 1131//1127 1045//1043 1128//1124
f 38//38 434//434 49//49
f 824//822 941//939 34//34
f 1131//1127 1128//1124 1130//1126
f 145//145 144//144 1057//1055
f 76//76 22//22 21//21
f 936//934 889//887 888//886
f 853//851 34//34 941//939
f 1131//1127 755//753 1045//1043
f 542//541 541//540 172//172
f 409//409 408//408 401//401
f 1130//1126 758//756 1131//1127
f 1131//1127 758//756 755//753
f 1129//1125 758//756 1130//1126
f 505//505 967//965 662//661
f 406//406 368//368 1074//1071
f 444//444 155//155 442//442
f 681//679 938//936 450//450
f 966//964 662//661 967//965
f 564//563 498//498 371//371
f 635//634 625//624 103//103
f 1129//1125 1126//1122 512//512
f 595//594 490//490 492//492
f 338//338 337//337 728//726
f 1037//1035 1021//1019 162//162
f 651//650 343//343 650//649
f 758//756 1129//1125 512//512
f 383//383 382//382 893//891
f 1090//1087 1132//1128 1091//1087
f 967//965 238//238 879//877
f 885//883 1052//1050 368//368
f 646//645 330//330 929//927
f 81//81 83//83 957//955
f 961//959 957//955 83//83
f 759//757 758//756 512//512
f 983//981 465//465 227//227
f 1122//1118 124//124 512//512
f 179//179 771//769 180//180
f 931//929 339//339 903//901
f 397//397 1029//1027 1026//1024
f 163//163 437//437 642//641
f 282//282 135//135 137//137
f 757//755 1004//1002 795//793
f 150//150 152//152 980//978
f 894//892 904//902 152//152
f 1018//1016 1062//1060 218//218
f 1122//1118 1121//1117 124//124
f 890//888 189//189 188//188
f 1080//1077 375//375 1073//1070
f 389//389 674//672 676//674
f 380//380 154//154 134//134
f 1015//1013 795//793 759//757
f 1133//1129 124//124 1121//1117
f 1120//1116 1134//1130 1121//1117
f 1133//1129 1121//1117 1134//1130
f 876//874 92//92 1031//1029
f 51//51 709//707 141//141
f 512//512 126//126 759//757
f 824//822 195//195 194//194
f 997//995 91//91 206//206
f 121//121 67//67 417//417
f 780//778 868//866 793//791
f 124//124 1133//1129 287//287
f 139//139 975//973 1013//1011
f 909//907 778//776 798//796
f 137//137 117//117 282//282
f 265//265 345//345 363//363
f 1134//1130 653//652 1133//1129
f 55//55 57//57 731//729
f 287//287 1133//1129 653//652
f 141//141 52//52 51//51
f 692//690 691//689 1047//1045
f 618//617 620//619 1084//1081
f 217//217 25//25 800//798
f 226//226 983//981 227//227
f 339//339 771//769 454//454
f 182//182 811//809 298//298
f 280//280 904//902 278//278
f 130//130 465//465 131//131
f 163//163 162//162 435//435
f 1008//1006 1120//1116 1117//1113
f 1134//1130 1120//1116 1008//1006
f 1061//1059 301//301 417//417
f 150//150 816//814 870//868
f 878//876 956//954 483//483
f 384//384 492//492 382//382
f 198//198 197//197 586//585
f 1008//1006 1135//1131 1134//1130
f 485//485 506//506 507//507
f 612//611 1053//1051 613//612
f 510//510 95//95 94//94
f 586//585 258//258 198//198
f 324//324 258//258 205//205
f 1010//1008 893//891 272//272
f 1008//1006 175//175 1135//1131
f 375//375 350//350 349//349
f 1061//1059 1040//1038 301//301
f 1135//1131 1017//1015 1134//1130
f 239//239 171//171 237//237
f 675//673 674//672 188//188
f 261//261 187//187 924//922
f 174//174 1135//1131 175//175
f 30//30 1078//1075 31//31
f 1017//1015 653//652 1134//1130
f 653//652 1017//1015 453//453
f 668//666 162//162 1020//1018
f 193//193 483//483 194//194
f 279//279 514//514 108//108
f 684//682 125//125 288//288
f 453//453 1017//1015 426//426
f 1135//1131 1136//1132 1017//1015
f 1136//1132 1135//1131 174//174
f 29//29 793//791 868//866
f 903//901 169//169 931//929
f 919//917 892//890 375//375
f 1136//1132 174//174 105//105
f 1017//1015 1136//1132 107//107
f 105//105 107//107 1136//1132
f 890//888 950//948 888//886
f 87//87 365//365 364//364
f 778//776 780//778 794//792
f 482//482 191//191 194//194
f 174//174 173//173 105//105
f 778//776 794//792 798//796
