# Blender v2.90.0 OBJ File: ''
# www.blender.org
mtllib Horseskull.mtl
o Horseskull
v 0.045630 0.147695 0.318667
v 0.024525 0.200871 0.327219
v 0.041909 0.129650 0.323399
v -0.043578 0.204212 0.308430
v -0.058310 0.224116 0.287857
v -0.059586 0.190893 0.295535
v 0.035291 0.204734 0.317222
v 0.060218 0.181725 0.297193
v 0.056188 0.212851 0.293005
v -0.081228 0.203889 0.275099
v -0.101235 0.198552 0.263874
v -0.073249 0.180455 0.286231
v -0.000016 0.312980 0.244045
v 0.029627 0.316237 0.222696
v -0.000245 0.320190 0.229765
v 0.121627 0.191731 0.265767
v 0.131938 0.174670 0.275436
v 0.132382 0.174507 0.275377
v 0.137163 0.165030 0.279713
v 0.127802 0.177937 0.264945
v 0.132351 0.174141 0.275003
v 0.131750 0.175104 0.274637
v -0.132199 0.174349 0.274931
v -0.131924 0.174679 0.275435
v -0.135198 0.168678 0.278227
v -0.130874 0.176621 0.274404
v -0.137393 0.160269 0.268043
v 0.147190 0.171484 0.271836
v -0.073668 0.109456 0.279949
v -0.080760 0.125333 0.276875
v -0.069836 0.069988 0.264699
v -0.143803 0.133581 0.267119
v -0.145030 0.093022 0.257023
v -0.139035 0.144825 0.259140
v 0.009744 0.317896 0.171578
v 0.010335 0.322990 0.193614
v 0.030589 0.319280 0.192001
v 0.152280 0.158317 0.242769
v 0.154466 0.154388 0.217687
v 0.146904 0.165944 0.235672
v -0.140575 0.172432 0.229687
v -0.129728 0.181257 0.218877
v -0.137654 0.166887 0.202804
v -0.155605 0.150280 0.252331
v -0.153081 0.156738 0.243507
v -0.157159 0.149568 0.217711
v 0.143005 0.169480 0.228576
v 0.149094 0.160965 0.215977
v 0.137543 0.171180 0.214891
v -0.091547 0.253873 0.204479
v -0.091377 0.250817 0.196143
v -0.124426 0.182717 0.177876
v 0.077732 0.251689 0.165816
v 0.090539 0.246659 0.186978
v 0.086519 0.235625 0.166475
v 0.100263 0.093302 0.247728
v 0.082374 0.053680 0.247560
v 0.099762 0.070997 0.244248
v -0.157140 0.195242 0.196186
v -0.156555 0.191425 0.198631
v -0.156509 0.191412 0.198876
v -0.156545 0.190471 0.199488
v -0.156790 0.192024 0.198326
v -0.156394 0.191313 0.198434
v 0.156408 0.191409 0.198388
v 0.156413 0.189615 0.199868
v 0.157183 0.196562 0.194996
v 0.156748 0.191555 0.198949
v -0.156610 0.191143 0.197564
v 0.123456 0.183664 0.176176
v 0.132467 0.174410 0.187774
v 0.154756 0.181283 0.200737
v 0.095997 -0.001094 0.267753
v 0.119848 -0.008423 0.266652
v 0.127214 -0.002572 0.261811
v -0.112650 0.212091 0.203280
v -0.128536 0.177832 0.185113
v 0.128302 0.179651 0.182653
v 0.162001 0.112543 0.220222
v 0.157061 0.079685 0.233475
v 0.160827 0.087757 0.201637
v -0.134289 0.171402 0.189524
v -0.135951 0.167120 0.192977
v -0.161641 0.113662 0.226115
v -0.161031 0.090581 0.202643
v -0.158060 0.085057 0.231281
v 0.152425 0.169962 0.173314
v 0.128708 0.177454 0.185209
v 0.128079 0.178537 0.184775
v -0.128916 0.177895 0.185239
v -0.129766 0.177599 0.185217
v 0.129263 0.177228 0.185664
v -0.131020 0.177452 0.185712
v 0.132123 0.172693 0.189345
v 0.155285 0.198983 0.175584
v 0.156869 0.199210 0.185831
v 0.155968 0.199091 0.176554
v 0.153833 0.196854 0.158970
v 0.153046 0.178859 0.165101
v 0.129311 0.177466 0.184635
v -0.129545 0.177468 0.184503
v -0.129100 0.177064 0.184794
v 0.155406 0.198775 0.175716
v 0.155865 0.199149 0.175327
v -0.149740 0.151108 0.186411
v -0.153617 0.174586 0.199549
v -0.152901 0.174400 0.170502
v -0.124698 -0.021846 0.232525
v -0.128400 -0.015782 0.227677
v -0.103477 -0.012951 0.214734
v 0.154200 0.078870 0.179118
v 0.144287 0.089965 0.173041
v 0.140746 0.117030 0.170501
v -0.152637 0.172704 0.139027
v -0.148838 0.152256 0.135726
v -0.147608 0.139502 0.180532
v 0.161126 0.011513 0.208371
v 0.162842 0.021538 0.193001
v 0.158248 0.029349 0.197930
v -0.104077 -0.064999 0.229782
v -0.101101 -0.075251 0.222945
v -0.126959 -0.074933 0.237174
v -0.139807 -0.092171 0.229297
v -0.136172 -0.096922 0.221616
v -0.138320 -0.095314 0.224852
v -0.136514 -0.097658 0.223131
v 0.137887 -0.095882 0.224065
v 0.140196 -0.090819 0.231041
v 0.138280 -0.095762 0.224221
v -0.137887 -0.095882 0.224065
v 0.130676 -0.096797 0.231802
v -0.138280 -0.095762 0.224221
v 0.137509 -0.097046 0.222211
v 0.136508 -0.096643 0.222175
v 0.136361 -0.098257 0.221555
v 0.101194 -0.113226 0.227534
v 0.105565 -0.115501 0.219248
v 0.067197 0.174680 0.118127
v 0.043294 0.184350 0.110587
v 0.067137 0.197242 0.126431
v 0.145711 0.130162 0.144190
v 0.134619 0.099476 0.145508
v 0.146538 0.131129 0.126668
v -0.137417 -0.097369 0.221763
v 0.136796 -0.097827 0.221064
v 0.137405 -0.097644 0.221327
v -0.136799 -0.097829 0.221064
v -0.137405 -0.097644 0.221327
v 0.136649 -0.098414 0.220217
v 0.136390 -0.099236 0.218822
v -0.136661 -0.098411 0.220212
v -0.136389 -0.099233 0.218764
v 0.116993 -0.111355 0.213405
v 0.135729 -0.100209 0.217237
v 0.135173 -0.100656 0.216500
v 0.134194 -0.099891 0.216661
v -0.135584 -0.100510 0.216620
v -0.134762 -0.099793 0.217109
v -0.135173 -0.100656 0.216500
v 0.135584 -0.100510 0.216620
v -0.150612 0.171399 0.102028
v -0.147681 0.185089 0.116885
v 0.132771 -0.103862 0.210066
v -0.130228 -0.105909 0.205126
v -0.133780 -0.102405 0.213751
v 0.152604 0.172710 0.138114
v 0.150579 0.171441 0.101440
v 0.147131 0.185935 0.113253
v -0.130726 0.056519 0.158010
v -0.123448 0.069466 0.160564
v -0.118599 0.056620 0.152879
v 0.092589 0.172029 0.130631
v 0.071705 0.143512 0.090707
v 0.080055 0.142359 0.113229
v -0.105306 0.046915 0.141957
v 0.129634 -0.106651 0.203153
v 0.118658 -0.113128 0.191034
v 0.127833 -0.107837 0.199407
v 0.097328 0.178655 0.102278
v 0.099111 0.177703 0.096048
v 0.078264 0.167418 0.086705
v 0.127163 -0.108046 0.198626
v 0.127716 -0.107924 0.198883
v 0.118260 -0.106652 0.195318
v -0.127716 -0.107924 0.198883
v -0.120141 -0.106267 0.197959
v -0.127165 -0.108049 0.198626
v -0.119713 -0.112433 0.196501
v -0.080107 0.114449 0.116350
v -0.083930 0.111492 0.120837
v -0.080834 0.115653 0.115387
v 0.127008 -0.108237 0.197637
v -0.127018 -0.108237 0.197633
v -0.079590 0.116415 0.115030
v -0.080509 0.116264 0.114436
v -0.078315 0.120186 0.109715
v 0.080059 0.115708 0.115301
v 0.080954 0.115994 0.114746
v 0.079555 0.115498 0.114671
v -0.079655 0.115609 0.114683
v 0.079729 0.114507 0.115668
v 0.080813 0.115735 0.114429
v -0.080752 0.115160 0.113806
v 0.126300 -0.108498 0.196894
v 0.126832 -0.108420 0.196904
v 0.124938 -0.109001 0.193648
v -0.125582 -0.108979 0.194303
v -0.126310 -0.108502 0.196891
v -0.126832 -0.108420 0.196904
v 0.079586 0.116420 0.115024
v -0.076952 0.119413 0.110144
v 0.077604 0.119781 0.110912
v 0.126242 -0.108688 0.195957
v -0.126256 -0.108695 0.195958
v -0.146556 0.131556 0.128396
v -0.120259 0.053263 0.122058
v -0.119354 0.055417 0.137092
v -0.077184 0.124221 0.107662
v -0.077192 0.134089 0.108197
v -0.075890 0.132603 0.108983
v 0.077539 0.123773 0.108217
v 0.075614 0.125001 0.107985
v 0.077318 0.122727 0.107619
v 0.076659 0.123918 0.105813
v -0.076632 0.124033 0.105767
v -0.075634 0.124379 0.108046
v -0.077146 0.124080 0.107881
v 0.076468 0.123568 0.108593
v 0.076410 0.123560 0.105008
v -0.076075 0.123311 0.108191
v -0.077197 0.123545 0.108730
v 0.075380 0.122500 0.107733
v 0.073758 0.109677 0.105514
v 0.091225 -0.023882 0.149605
v 0.097798 -0.005404 0.158949
v 0.095727 -0.007597 0.167132
v 0.125187 -0.109211 0.193269
v 0.071814 0.106204 0.081409
v 0.083250 0.111513 0.118841
v 0.124623 -0.109266 0.192456
v -0.125071 -0.109260 0.192737
v -0.124635 -0.109271 0.192445
v 0.125071 -0.109260 0.192737
v -0.113998 -0.115676 0.180924
v -0.072376 0.127703 0.094801
v 0.124307 -0.109496 0.191577
v -0.124311 -0.109499 0.191576
v -0.124103 -0.109606 0.190552
v 0.070297 0.133662 0.089101
v 0.076903 0.130642 0.107629
v 0.112783 -0.115289 0.173560
v -0.122253 -0.109466 0.188892
v 0.123522 -0.109793 0.188789
v 0.122864 -0.109947 0.187957
v 0.108708 -0.106768 0.185128
v -0.123245 -0.109864 0.188078
v -0.122874 -0.109947 0.187953
v 0.123261 -0.109866 0.188072
v 0.120469 -0.110291 0.180553
v -0.119077 -0.110296 0.176989
v -0.076227 0.116378 0.101421
v 0.068246 0.116489 0.074341
v 0.073592 0.120527 0.095572
v 0.075918 0.098387 0.087356
v 0.082873 0.081621 0.089954
v 0.084379 0.097349 0.109756
v 0.073619 0.066680 0.099690
v 0.085196 0.049661 0.118772
v 0.074828 0.052346 0.094141
v 0.110342 0.008934 0.104401
v 0.106378 0.026240 0.124610
v 0.123868 0.019857 0.125111
v 0.071589 0.087534 0.070211
v 0.095929 0.067867 0.085093
v -0.068104 0.088423 0.064174
v -0.077737 0.084392 0.080153
v -0.090253 0.070509 0.076943
v 0.025758 -0.190361 0.196416
v 0.014039 -0.245895 0.176688
v 0.029916 -0.217984 0.174862
v 0.050197 0.069231 0.073070
v 0.057943 0.048194 0.074300
v 0.040612 0.067236 0.066590
v -0.031679 -0.209506 0.178017
v -0.050269 -0.197404 0.163566
v -0.042371 -0.227184 0.153178
v -0.077436 0.006273 0.070864
v -0.085820 0.012883 0.084718
v -0.069220 0.024523 0.074115
v 0.052957 -0.188675 0.166785
v 0.061295 -0.206973 0.130631
v 0.067548 -0.190717 0.133911
v -0.145256 0.115954 0.015935
v -0.117149 0.033541 0.048805
v -0.148284 0.123592 0.045340
v 0.049141 0.018842 0.057780
v 0.041085 0.035085 0.059470
v 0.061328 0.036118 0.072897
v -0.132265 -0.027922 0.095395
v -0.118002 -0.075209 0.071562
v -0.151822 -0.055641 0.096770
v 0.013275 0.014645 0.047149
v -0.057041 -0.000985 0.052473
v -0.050990 0.010867 0.055788
v -0.033915 -0.018721 0.041387
v 0.089244 -0.036949 0.056068
v 0.092720 -0.065149 0.054768
v 0.088508 -0.070138 0.047547
v -0.098217 -0.041730 0.014770
v -0.082110 -0.025060 0.036538
v -0.078972 -0.021677 0.041569
v -0.082568 -0.025914 0.036160
v -0.082866 -0.025606 0.035800
v -0.084925 -0.034781 0.034524
v -0.066497 -0.039042 0.024903
v -0.068998 -0.015851 0.044963
v -0.059051 -0.025442 0.037186
v -0.092785 -0.172601 0.100386
v -0.109578 -0.172351 0.070600
v -0.093265 -0.202837 0.060318
v -0.100420 -0.045148 0.010774
v -0.093843 -0.044985 0.019774
v 0.098677 -0.041973 0.014343
v 0.098213 -0.041729 0.014760
v 0.094317 -0.036400 0.021320
v 0.098704 -0.042083 0.014256
v 0.090931 -0.046195 0.012610
v 0.098333 -0.042208 0.014566
v 0.095917 -0.047853 0.015723
v -0.098343 -0.042405 0.014302
v -0.075765 -0.032608 0.029066
v -0.093135 -0.048466 0.010241
v 0.100533 -0.046063 0.010045
v 0.100888 -0.048532 0.007927
v 0.101493 -0.049023 0.007191
v 0.101260 -0.048016 0.008067
v 0.101791 -0.050561 0.005812
v 0.101845 -0.053677 0.003816
v 0.096596 -0.059902 0.009270
v 0.093201 -0.060457 0.015779
v 0.088741 -0.069204 0.022892
v 0.090794 -0.089584 0.005557
v -0.101745 -0.053030 0.003913
v -0.095579 -0.053257 0.014103
v -0.102443 -0.055149 0.001931
v 0.101747 -0.053022 0.003916
v 0.102607 -0.056700 0.000641
v 0.102153 -0.053623 0.003304
v 0.101700 -0.053880 0.003447
v -0.101865 -0.053947 0.003623
v 0.094123 -0.063744 -0.001310
v -0.102511 -0.063412 -0.004289
v 0.098191 -0.073641 -0.003496
v -0.096341 -0.066867 0.005755
v 0.093687 -0.090002 -0.004608
v 0.086151 -0.080370 0.033034
v 0.090906 -0.121743 0.016021
v 0.090299 -0.122194 0.008067
v -0.092500 -0.139072 0.005906
v -0.092525 -0.124952 0.020782
v -0.085878 -0.076659 0.035501
v -0.034473 -0.058590 -0.025110
v -0.024440 -0.052728 0.022767
v -0.005433 -0.051691 0.024818
v 0.035738 -0.058493 -0.023841
v 0.025317 -0.052778 0.022649
v 0.051217 -0.058609 -0.017319
v 0.101896 -0.064700 -0.004903
v 0.102254 -0.066096 -0.006083
v 0.102034 -0.065333 -0.004981
v 0.102267 -0.065217 -0.005511
v 0.101803 -0.065582 -0.005342
v -0.013920 -0.379995 0.118655
v -0.042532 -0.375148 0.091012
v -0.014366 -0.408951 0.108433
v 0.101799 -0.067315 -0.006762
v 0.101942 -0.070226 -0.009191
v 0.101922 -0.067872 -0.006894
v -0.101170 -0.074549 -0.011348
v -0.100685 -0.080312 -0.015919
v 0.102128 -0.067823 -0.007435
v 0.101703 -0.068109 -0.007276
v -0.101986 -0.065316 -0.004870
v 0.043216 -0.376465 0.089891
v 0.038216 -0.346941 0.102219
v 0.027070 -0.359032 0.111188
v 0.091988 -0.076169 -0.008883
v -0.099128 -0.065391 -0.004473
v -0.087787 -0.082470 -0.011016
v -0.101057 -0.073471 -0.011193
v -0.038085 -0.346514 0.102505
v -0.024102 -0.365728 0.112495
v 0.101055 -0.073476 -0.011197
v 0.101176 -0.074271 -0.011112
v 0.101453 -0.074032 -0.011653
v 0.100928 -0.076813 -0.012931
v 0.100941 -0.074442 -0.011602
v 0.101315 -0.075202 -0.012532
v 0.101045 -0.078358 -0.014757
v 0.100818 -0.076176 -0.012923
v 0.101124 -0.076705 -0.013347
v 0.100799 -0.077041 -0.013398
v 0.099937 -0.082444 -0.017194
v 0.098355 -0.100783 -0.029050
v 0.100174 -0.082985 -0.017210
v 0.099199 -0.092630 -0.023921
v 0.100344 -0.082983 -0.017740
v 0.088642 -0.094740 -0.019425
v 0.098545 -0.096384 -0.025484
v 0.052286 0.112305 -0.144679
v 0.048137 0.076963 -0.121182
v 0.041820 0.030696 -0.025026
v 0.095926 -0.219882 0.030929
v 0.097696 -0.195318 0.061824
v 0.072184 -0.272917 0.004684
v 0.098371 -0.095715 -0.025449
v 0.098696 -0.096294 -0.026131
v 0.098261 -0.096611 -0.025893
v -0.097305 -0.105346 -0.031288
v -0.098382 -0.099546 -0.028134
v -0.097117 -0.096508 -0.025434
v 0.066636 -0.065368 -0.029977
v 0.068688 -0.089796 -0.033995
v 0.066731 -0.067256 -0.048497
v 0.097569 -0.105869 -0.031772
v 0.097429 -0.108336 -0.032748
v 0.093420 -0.104385 -0.013968
v 0.097476 -0.109104 -0.033867
v 0.097582 -0.105961 -0.031346
v -0.097466 -0.107006 -0.032142
v -0.089008 -0.090522 0.012110
v -0.097080 -0.117748 -0.038587
v -0.090339 -0.106092 -0.000690
v 0.015957 -0.060402 -0.043059
v 0.054876 -0.061800 -0.050540
v -0.044409 -0.061596 -0.050255
v 0.097370 -0.106543 -0.031776
v 0.088453 -0.111031 -0.028965
v 0.097425 -0.107367 -0.032234
v 0.091526 -0.113407 -0.009421
v 0.090997 -0.123110 -0.007180
v 0.096410 -0.129184 -0.041456
v 0.078249 -0.026716 -0.056136
v 0.061009 -0.021683 -0.059675
v 0.093404 -0.061082 -0.077444
v -0.096529 -0.215628 0.035637
v -0.094259 -0.231101 0.019396
v -0.071479 -0.273869 0.004814
v -0.083144 -0.107114 -0.023452
v -0.096773 -0.126409 -0.042101
v -0.096944 -0.134750 -0.046704
v 0.042836 0.019286 -0.102215
v 0.039725 -0.016862 -0.064816
v 0.040276 0.005909 -0.046553
v 0.096342 -0.125065 -0.041724
v 0.097016 -0.121443 -0.040486
v -0.096363 -0.124960 -0.041804
v -0.083776 -0.132059 -0.036317
v 0.096741 -0.124674 -0.041279
v 0.096934 -0.124921 -0.042208
v 0.096799 -0.125839 -0.041927
v 0.092841 -0.134303 -0.043600
v 0.096481 -0.126210 -0.042328
v 0.096736 -0.128056 -0.042958
v 0.096931 -0.126500 -0.043026
v 0.096786 -0.126879 -0.042383
v 0.096511 -0.127274 -0.042838
v 0.096922 -0.127724 -0.043509
v 0.096465 -0.128397 -0.043357
v -0.096436 -0.131133 -0.044536
v -0.121809 0.191742 -0.167434
v -0.122488 0.199961 -0.150693
v -0.059671 0.164064 -0.152301
v -0.028667 -0.083210 -0.061890
v 0.035092 -0.068231 -0.054312
v 0.032084 -0.091869 -0.066071
v 0.096929 -0.128159 -0.043726
v 0.096897 -0.128857 -0.044078
v 0.096896 -0.130256 -0.044510
v 0.096684 -0.129803 -0.043329
v 0.096695 -0.130347 -0.043965
v 0.096334 -0.134243 -0.042949
v 0.096600 -0.130426 -0.043964
v 0.096347 -0.130724 -0.044355
v 0.096916 -0.131056 -0.045127
v 0.096809 -0.132556 -0.044966
v 0.096339 -0.131913 -0.044969
v -0.095244 -0.134549 -0.045463
v -0.099609 -0.193545 -0.063822
v -0.097968 -0.193072 -0.042866
v -0.091980 -0.129869 -0.013925
v 0.096927 -0.133789 -0.046144
v 0.096299 -0.132901 -0.045479
v -0.071431 -0.120234 -0.024460
v -0.070644 -0.113662 -0.068297
v -0.074435 -0.156836 -0.039745
v 0.096688 -0.133819 -0.045695
v 0.096965 -0.132188 -0.045666
v 0.096683 -0.133737 -0.045578
v 0.096348 -0.134190 -0.045961
v -0.096732 -0.134309 -0.045541
v 0.096711 -0.179041 -0.009293
v 0.099066 -0.202558 -0.011345
v 0.098560 -0.206701 -0.028009
v 0.096971 -0.136449 -0.047670
v -0.098353 -0.169259 -0.058796
v -0.090813 -0.158181 -0.050574
v -0.097276 -0.145151 -0.051155
v 0.070993 -0.115664 -0.023472
v 0.074038 -0.154149 -0.082048
v 0.097482 -0.150443 -0.053110
v 0.098155 -0.166152 -0.057732
v 0.096749 -0.172124 -0.042899
v -0.000025 -0.440803 0.056906
v 0.013134 -0.446841 0.060592
v -0.009184 -0.445626 0.060031
v 0.075099 -0.151293 -0.037117
v 0.097527 -0.152840 -0.053839
v -0.097527 -0.152840 -0.053839
v 0.097259 -0.153858 -0.053740
v -0.097259 -0.153858 -0.053740
v -0.097403 -0.154472 -0.052722
v 0.097640 -0.154239 -0.054358
v -0.097640 -0.154239 -0.054358
v 0.097374 -0.155059 -0.054284
v 0.096636 -0.182856 -0.028843
v 0.099037 -0.212336 -0.044850
v 0.076182 -0.166077 -0.042321
v 0.077497 -0.189873 -0.049324
v 0.099142 -0.187934 -0.062652
v 0.097864 -0.194125 -0.063047
v 0.055350 0.139448 -0.189494
v 0.051423 0.107138 -0.173927
v -0.095920 -0.196969 -0.062090
v -0.086952 -0.187854 -0.054856
v 0.075791 -0.182170 -0.089604
v 0.075883 -0.182040 -0.047917
v 0.076320 -0.205600 -0.054077
v -0.076324 -0.208345 -0.096406
v -0.075319 -0.230891 -0.059164
v -0.076326 -0.205324 -0.053728
v 0.094324 -0.253776 -0.019632
v 0.092804 -0.272733 -0.045905
v 0.096724 -0.258020 -0.044331
v -0.099316 -0.194030 -0.062932
v 0.099325 -0.194029 -0.062855
v 0.099424 -0.195250 -0.062697
v -0.099374 -0.195064 -0.062778
v 0.076812 -0.197441 -0.050920
v 0.099549 -0.195204 -0.063954
v 0.089452 -0.211143 -0.060717
v 0.100288 -0.218524 -0.067361
v -0.091107 -0.224591 -0.063945
v -0.077288 -0.208953 -0.053776
v -0.100173 -0.213334 -0.066677
v -0.100194 -0.238486 -0.069728
v -0.079949 -0.312376 -0.061318
v -0.085486 -0.286654 -0.041889
v -0.085718 -0.319216 -0.086454
v -0.098872 -0.259973 -0.072416
v -0.096182 -0.277836 -0.075268
v -0.097871 -0.253213 -0.047545
v -0.065573 -0.292792 -0.067726
v 0.091773 -0.296262 -0.078327
v 0.088493 -0.283483 -0.046354
v 0.090603 -0.300994 -0.079760
v 0.087985 -0.310638 -0.082799
v 0.095410 -0.282040 -0.075991
v 0.059704 -0.316768 -0.072353
v 0.064765 -0.296816 -0.068351
v -0.072036 -0.261230 -0.108988
v -0.067266 -0.286569 -0.114694
v -0.072095 -0.256720 -0.063793
v -0.090094 -0.287567 -0.057981
v -0.088646 -0.308841 -0.082846
v 0.092482 -0.294061 -0.078439
v 0.092724 -0.293311 -0.078408
v 0.091343 -0.294517 -0.078330
v -0.090652 -0.300633 -0.079463
v 0.092056 -0.294199 -0.078465
v 0.092482 -0.294382 -0.078781
v 0.091113 -0.299503 -0.079979
v -0.060628 -0.312775 -0.071254
v -0.090444 -0.301175 -0.080259
v -0.093334 -0.290745 -0.077859
v -0.083323 -0.328415 -0.090283
v 0.091948 -0.296456 -0.079204
v 0.091227 -0.297264 -0.079212
v 0.091659 -0.297630 -0.079610
v 0.089509 -0.300351 -0.079651
v 0.113140 0.127022 -0.235117
v 0.112412 0.123399 -0.237424
v 0.050608 0.105264 -0.223228
v 0.112842 0.122769 -0.236430
v 0.112814 0.123499 -0.236547
v 0.088629 -0.308897 -0.082888
v 0.090807 -0.300669 -0.080242
v 0.090651 -0.300616 -0.079425
v 0.090400 -0.301283 -0.080213
v 0.112259 0.124190 -0.236645
v 0.112701 0.124023 -0.237109
v 0.085128 -0.321825 -0.087554
v 0.088010 -0.311201 -0.083632
v 0.047597 -0.361306 -0.088833
v 0.064158 -0.330632 -0.081068
v 0.061836 -0.304397 -0.070603
v 0.053634 -0.335505 -0.079834
v 0.062076 -0.308408 -0.119270
v 0.088218 -0.310294 -0.083191
v 0.088034 -0.310242 -0.082445
v 0.086838 -0.310134 -0.082566
v -0.086962 -0.309901 -0.082564
v -0.088036 -0.310260 -0.082481
v 0.087846 -0.310834 -0.083190
v -0.087891 -0.310722 -0.083231
v -0.033587 -0.171715 -0.131556
v -0.083132 -0.182594 -0.133596
v -0.054274 -0.197086 -0.137093
v -0.057628 -0.327578 -0.076283
v -0.049404 -0.355220 -0.086662
v 0.081701 -0.317272 -0.071846
v -0.082521 -0.326439 -0.088743
v 0.055213 -0.333375 -0.124061
v 0.083476 -0.327076 -0.089223
v 0.083420 -0.327688 -0.089672
v 0.084089 -0.325342 -0.088993
v 0.083810 -0.326595 -0.089391
v 0.083616 -0.326469 -0.088762
v 0.082402 -0.326740 -0.088836
v -0.083622 -0.326492 -0.088770
v -0.083523 -0.327053 -0.089391
v -0.082309 -0.332189 -0.091863
v -0.081724 -0.334030 -0.092447
v -0.077885 -0.348331 -0.099214
v 0.083347 -0.327778 -0.089958
v 0.082848 -0.330018 -0.090981
v 0.082425 -0.329718 -0.090567
v -0.082419 -0.329729 -0.090570
v 0.082616 -0.330352 -0.090569
v -0.054028 -0.333991 -0.079136
v -0.060998 -0.307638 -0.071359
v -0.060563 -0.314397 -0.120357
v 0.082326 -0.331983 -0.091832
v 0.082562 -0.330632 -0.090947
v -0.080149 -0.332580 -0.090969
v -0.082648 -0.330581 -0.090920
v 0.076912 -0.333719 -0.089780
v 0.078745 -0.345261 -0.097760
v 0.081755 -0.333331 -0.091745
v 0.081948 -0.333532 -0.092425
v -0.081767 -0.333355 -0.091731
v 0.081694 -0.333785 -0.092144
v 0.081588 -0.334037 -0.092538
v 0.061416 -0.354620 -0.092825
v 0.074312 -0.353701 -0.100377
v -0.059231 -0.506122 -0.075612
v -0.057367 -0.443010 -0.043478
v -0.057459 -0.473475 -0.074271
v 0.076989 -0.351467 -0.100483
v 0.076091 -0.354002 -0.101192
v 0.046529 -0.360556 -0.089014
v 0.073817 -0.347971 -0.089143
v 0.042844 -0.375985 -0.091547
v 0.060860 -0.361771 -0.095658
v 0.064238 -0.368532 -0.098961
v 0.077451 -0.350318 -0.100285
v 0.077059 -0.351155 -0.100459
v -0.077100 -0.351157 -0.100499
v -0.077452 -0.350318 -0.100285
v -0.071303 -0.332476 -0.065923
v 0.076541 -0.352546 -0.100810
v -0.076554 -0.352556 -0.100795
v 0.077026 -0.351673 -0.100941
v -0.077024 -0.351670 -0.100937
v -0.070367 -0.358981 -0.100516
v -0.076840 -0.352429 -0.101248
v 0.076400 -0.353279 -0.101367
v -0.074439 -0.356109 -0.099338
v 0.074990 -0.357997 -0.102498
v 0.068697 -0.372826 -0.091102
v 0.076722 -0.352750 -0.101346
v 0.076598 -0.353297 -0.101611
v -0.076471 -0.353238 -0.101449
v 0.075561 -0.356344 -0.102625
v 0.076519 -0.353768 -0.101964
v -0.076518 -0.353777 -0.101968
v 0.076154 -0.354532 -0.102112
v -0.076161 -0.354534 -0.102116
v -0.074732 -0.358198 -0.103400
v 0.076097 -0.355087 -0.102571
v -0.076096 -0.355080 -0.102566
v 0.075667 -0.355958 -0.102422
v -0.075671 -0.355963 -0.102420
v 0.073586 -0.358550 -0.102899
v 0.075819 -0.356145 -0.102965
v 0.075196 -0.358128 -0.103875
v 0.075512 -0.356671 -0.103004
v -0.075576 -0.356590 -0.103036
v 0.073393 -0.364766 -0.102845
v 0.074652 -0.359441 -0.103243
v 0.075013 -0.358901 -0.103751
v 0.074771 -0.358864 -0.102899
v 0.074834 -0.359710 -0.103712
v 0.074461 -0.359764 -0.103358
v -0.074494 -0.359641 -0.103385
v -0.074828 -0.358876 -0.102803
v -0.073185 -0.365414 -0.102583
v -0.064344 -0.374147 -0.099123
v -0.028769 -0.099483 -0.221129
v -0.033038 -0.096348 -0.180581
v -0.028387 -0.117704 -0.201195
v 0.072496 -0.367708 -0.102047
v -0.043083 -0.407607 -0.094889
v -0.033161 -0.391348 -0.091265
v -0.018565 -0.390092 -0.088373
v 0.071805 -0.368417 -0.101906
v 0.072337 -0.368480 -0.102193
v 0.071495 -0.371099 -0.101733
v 0.034379 -0.063141 -0.226602
v 0.030748 -0.081799 -0.230568
v 0.033276 -0.090266 -0.187510
v -0.026060 -0.310491 -0.126375
v -0.027301 -0.287161 -0.121710
v 0.025252 -0.310151 -0.126318
v 0.069897 -0.376667 -0.100717
v 0.069447 -0.378109 -0.100509
v 0.064413 -0.376667 -0.099106
v 0.069207 -0.377299 -0.100403
v 0.069648 -0.377581 -0.100689
v 0.037817 -0.388368 -0.105687
v 0.047124 -0.359982 -0.125990
v 0.067494 -0.384359 -0.099668
v 0.067200 -0.385384 -0.099247
v 0.067068 -0.385710 -0.098741
v -0.064392 -0.532000 -0.086961
v -0.063761 -0.503454 -0.039238
v -0.063860 -0.495314 -0.036473
v 0.066549 -0.386155 -0.099225
v 0.067040 -0.386318 -0.099432
v 0.063822 -0.396835 -0.098321
v -0.020166 -0.388393 -0.114512
v 0.022917 -0.330481 -0.129798
v -0.007148 -0.441523 -0.099258
v -0.024515 -0.424398 -0.095768
v -0.007630 -0.409411 -0.090849
v 0.064089 -0.503612 -0.042747
v 0.062633 -0.525499 -0.060087
v 0.064248 -0.533416 -0.081209
v -0.029250 -0.570144 -0.055400
v -0.021289 -0.578555 -0.078059
v -0.033652 -0.530912 -0.030437
v 0.027188 -0.387616 -0.126368
v -0.005236 -0.388225 -0.104729
v -0.007172 -0.387165 -0.129888
v 0.019287 -0.232377 -0.217961
v 0.019048 -0.258496 -0.210698
v 0.031384 -0.227607 -0.143473
v -0.017358 -0.315129 -0.152729
v -0.078354 -0.296778 -0.150304
v -0.073105 -0.340460 -0.152867
v -0.043399 -0.504238 -0.109559
v -0.055874 -0.484125 -0.105328
v 0.001713 -0.469847 -0.103356
v 0.090432 -0.019507 -0.279649
v 0.048472 -0.048209 -0.267383
v 0.035440 -0.039259 -0.266626
v 0.057594 -0.471645 -0.070710
v 0.057300 -0.516352 -0.112549
v 0.055832 -0.483574 -0.105177
v -0.072260 -0.295622 -0.203587
v -0.075852 -0.297380 -0.185803
v -0.082552 -0.236024 -0.178579
v 0.035877 -0.502111 -0.109233
v 0.075430 -0.301180 -0.186082
v 0.072992 -0.341512 -0.152945
v 0.070694 -0.340686 -0.188982
v 0.071950 -0.297446 -0.204264
v -0.006233 -0.557243 -0.115849
v 0.002737 -0.548590 -0.111707
v 0.036166 -0.557499 -0.114592
v -0.035371 -0.555347 -0.113495
v 0.016428 -0.569090 -0.123276
v 0.062171 -0.560026 -0.114015
v 0.057146 -0.566139 -0.116922
v 0.058154 -0.565199 -0.117208
v 0.057604 -0.565568 -0.117363
v 0.053803 -0.564983 -0.117760
v -0.057595 -0.565566 -0.117355
v -0.061999 -0.560337 -0.114178
v -0.058173 -0.558236 -0.113452
v -0.058154 -0.565199 -0.117208
v -0.056876 -0.566002 -0.116262
v -0.056441 -0.566638 -0.118226
v 0.054437 -0.563456 -0.118116
v -0.054437 -0.563456 -0.118115
v 0.053027 -0.571166 -0.121413
v -0.051863 -0.589606 -0.132220
v -0.053006 -0.571197 -0.121431
v -0.016387 -0.583959 -0.132165
v 0.018548 -0.655120 -0.121052
v 0.027547 -0.644434 -0.105877
v 0.007295 -0.647784 -0.113658
v 0.011903 -0.251450 -0.263566
v 0.015616 -0.254437 -0.263730
v 0.010395 -0.271544 -0.265515
v 0.011612 -0.247426 -0.263120
v 0.011437 -0.251604 -0.263589
v 0.011442 -0.250905 -0.263537
v -0.010558 -0.315425 -0.228185
v -0.010045 -0.324480 -0.210439
v -0.006506 -0.326970 -0.254002
v -0.006969 -0.315868 -0.268028
v -0.006179 -0.322548 -0.268285
v -0.006649 -0.322474 -0.268252
v -0.006163 -0.322058 -0.268335
v -0.030708 -0.318177 -0.264782
v -0.004030 -0.335725 -0.268556
v -0.037576 -0.333179 -0.262918
v -0.023514 -0.359960 -0.263844
v -0.050193 -0.362862 -0.257901
v 0.047850 -0.382140 -0.257279
v 0.040754 -0.423672 -0.258456
v 0.023038 -0.414164 -0.263192
v -0.030402 -0.081691 0.271348
v -0.002290 -0.151892 0.239459
v -0.005263 -0.104263 0.262373
v -0.066522 0.019331 0.279957
v -0.074762 0.009901 0.280530
v -0.068279 0.017822 0.290825
v -0.025030 -0.014399 0.300003
v -0.029489 -0.061456 0.280469
v -0.006639 -0.042375 0.288346
v 0.066314 0.107766 0.294330
v 0.058167 0.071817 0.296356
v 0.065178 0.064760 0.272024
v -0.078143 0.167285 0.086355
v -0.100157 0.181566 0.108557
v -0.093212 0.183919 0.119543
v 0.111469 -0.168430 0.072239
v 0.094463 -0.094363 0.044766
v 0.100470 -0.134803 0.031205
v 0.089790 -0.092050 0.038207
v 0.077763 -0.301785 -0.150633
v 0.018083 -0.312928 -0.152596
v 0.013010 -0.321245 -0.182378
v 0.013468 -0.326124 -0.153313
v -0.025800 0.151094 0.089047
v -0.004199 0.158045 0.090309
v -0.025864 0.135349 0.078859
v 0.044287 0.206078 0.117385
v 0.060701 0.215818 0.127848
v -0.139423 0.020322 0.232712
v -0.151714 0.020478 0.218112
v -0.149410 0.003730 0.243002
v -0.158544 0.075482 0.205162
v -0.155052 0.061323 0.209287
v -0.156130 0.073323 0.228338
v -0.052297 0.303269 0.114119
v -0.056321 0.288674 0.134039
v -0.058513 0.294664 0.151153
v -0.024533 0.229435 0.112810
v -0.003578 0.240604 0.108020
v -0.004233 0.220750 0.109159
v 0.145209 0.128397 0.160287
v 0.149412 0.157364 0.127253
v 0.136663 0.166050 0.191331
v 0.033898 -0.512647 -0.192659
v 0.063137 -0.509895 -0.189403
v 0.065605 -0.463405 -0.177242
v -0.064372 -0.353090 -0.208824
v -0.066204 -0.317675 -0.219193
v 0.140039 -0.090123 0.100549
v 0.132152 -0.116862 0.099791
v 0.131041 -0.126470 0.068011
v 0.123177 -0.041488 0.134565
v 0.137943 -0.050833 0.140814
v 0.144497 -0.038832 0.142110
v -0.115638 -0.048157 0.133769
v -0.133453 -0.058660 0.140582
v -0.124959 -0.073865 0.141073
v -0.139900 -0.096170 0.075275
v -0.147300 -0.067613 0.103109
v 0.120316 0.052968 0.120447
v 0.121098 0.049175 0.102673
v 0.147981 0.131635 0.109667
v 0.097725 -0.060255 -0.199556
v 0.085188 -0.052744 -0.242369
v 0.091957 -0.016844 -0.237184
v 0.011272 -0.217701 0.195540
v -0.029327 -0.233502 0.165999
v 0.002954 0.132313 0.072656
v 0.024858 0.138309 0.080554
v 0.027070 0.126403 0.073883
v 0.048886 0.169493 0.106514
v 0.063456 0.164482 0.111434
v 0.051288 0.137990 0.090837
v -0.089401 0.037736 0.118465
v -0.083205 0.033026 0.096587
v -0.088896 0.022747 0.097248
v -0.104144 0.026471 0.123707
v -0.112342 0.013515 0.111318
v -0.127319 0.019122 0.125970
v -0.137306 0.133710 -0.110648
v -0.120335 -0.056085 -0.132218
v -0.126503 -0.036104 -0.123573
v -0.117464 0.013651 -0.179721
v 0.072538 -0.009771 -0.044005
v 0.099470 -0.033750 -0.052315
v 0.102763 -0.019640 -0.037189
v 0.132857 -0.011712 -0.111574
v 0.121212 -0.018229 -0.091415
v 0.108449 -0.040385 -0.086924
v 0.134305 0.001316 0.189105
v 0.143225 0.000703 0.199614
v 0.110823 0.000113 0.190352
v 0.006281 0.120094 0.336006
v 0.020104 0.120971 0.333371
v 0.015729 0.188128 0.332234
v 0.006639 0.067451 0.331686
v 0.030001 -0.004808 0.303682
v 0.035785 0.013345 0.309338
v 0.136205 0.210304 0.046521
v 0.118017 0.194313 0.060288
v 0.140228 0.201674 0.082350
v 0.141354 0.193956 0.062110
v 0.020580 -0.576997 -0.079123
v 0.009595 -0.623185 -0.105005
v 0.021383 -0.591098 -0.079319
v 0.022687 -0.476745 -0.014378
v 0.028990 -0.484591 -0.010952
v 0.035189 -0.466414 0.022350
v -0.049559 0.091067 -0.071902
v -0.041833 0.031088 -0.024509
v -0.057067 0.149470 -0.176005
v -0.043678 0.049201 -0.004832
v -0.068787 0.031992 -0.003953
v -0.042486 0.038471 -0.016954
v 0.139346 -0.098159 0.074216
v 0.125616 -0.120052 0.058191
v 0.119171 -0.073914 0.072688
v 0.145851 0.026076 0.144267
v 0.163953 0.006547 0.134840
v 0.130230 0.008062 0.115127
v -0.116282 0.188907 0.149846
v -0.137102 0.193503 0.160353
v -0.126434 0.190206 0.164287
v -0.115306 0.186699 0.161420
v -0.089763 0.220461 0.156920
v -0.106834 0.186829 0.150141
v -0.090780 -0.075233 -0.088269
v -0.088014 -0.092519 -0.099536
v -0.061908 -0.074814 -0.093872
v -0.117225 -0.002076 0.145568
v -0.127465 -0.012520 0.141114
v -0.113389 -0.011295 0.138780
v -0.086493 -0.092744 0.195277
v -0.094771 -0.086930 0.209529
v -0.090962 -0.079289 0.210690
v 0.118241 -0.112840 0.202414
v 0.108552 -0.121384 0.183251
v 0.100107 -0.127944 0.192017
v 0.098929 -0.131605 0.180252
v -0.060818 0.170248 -0.139314
v -0.058232 0.156324 -0.165521
v 0.023195 -0.458800 -0.179479
v 0.051103 -0.427020 -0.169211
v 0.130843 0.191687 0.145898
v 0.098978 0.186509 0.142148
v 0.115691 0.188814 0.149711
v 0.101309 0.220651 0.176443
v 0.114098 0.187004 0.159728
v 0.092282 0.219178 0.159310
v -0.154014 -0.005638 0.166795
v -0.152152 -0.015150 0.153430
v -0.134821 -0.002854 0.152793
v -0.127425 0.043142 0.148449
v 0.087220 -0.039752 -0.274402
v 0.060508 -0.053630 -0.267640
v 0.093654 -0.002383 -0.271755
v 0.087764 -0.034830 0.274193
v 0.119764 -0.050656 0.268448
v 0.115884 -0.039650 0.270517
v 0.045410 -0.011128 0.298271
v 0.041942 -0.025895 0.293782
v 0.058862 -0.047227 0.280455
v 0.065661 0.179021 -0.040239
v 0.048201 0.069110 0.018180
v 0.057704 0.118758 0.012302
v 0.130566 0.216416 0.009719
v 0.098959 0.193623 0.011423
v 0.109242 0.194208 0.038918
v -0.016486 -0.431771 -0.263358
v -0.018138 -0.468964 -0.257523
v -0.034310 -0.461382 -0.256043
v -0.056736 -0.630147 -0.220886
v -0.049279 -0.612339 -0.226312
v -0.043425 -0.610175 -0.234365
v -0.067360 0.009951 0.064116
v -0.059835 0.024661 0.066983
v -0.056538 0.011556 0.058319
v -0.062971 0.082468 0.087092
v -0.068321 0.122918 0.098339
v -0.059029 0.103249 0.085012
v 0.032291 -0.153177 -0.142710
v 0.033877 -0.157307 -0.127679
v 0.034561 -0.132861 -0.120450
v 0.082885 -0.162530 -0.128680
v -0.118235 0.063777 0.239456
v -0.115688 0.039714 0.239857
v -0.092142 0.045776 0.243860
v -0.101182 0.002719 0.263769
v -0.087925 0.019326 0.250538
v -0.113614 0.016447 0.248671
v 0.122621 0.200943 -0.148201
v 0.137636 0.136010 -0.107131
v 0.129101 0.164411 -0.139854
v 0.122091 0.194186 -0.162960
v 0.059983 0.166002 -0.148387
v -0.104424 0.070507 -0.265241
v -0.107531 0.090684 -0.255843
v -0.047784 0.076041 -0.241556
v -0.099090 0.011203 -0.230446
v -0.115470 -0.072361 -0.138583
v -0.111342 -0.011808 -0.183179
v -0.053599 -0.566879 -0.105905
v -0.050673 -0.606702 -0.118183
v -0.053874 -0.559935 -0.086868
v 0.012046 -0.674788 -0.211479
v -0.002997 -0.671350 -0.169150
v -0.012536 -0.674805 -0.211464
v -0.061089 0.136999 0.009691
v -0.066160 0.177664 -0.027992
v -0.067693 0.173070 0.004545
v -0.128477 0.217835 -0.004850
v -0.035883 -0.650271 -0.121584
v -0.041900 -0.643989 -0.121828
v -0.041388 -0.656805 -0.136040
v -0.041308 -0.570648 -0.055391
v -0.039636 -0.618476 -0.085155
v -0.034067 -0.621758 -0.084719
v 0.009010 -0.469625 0.061204
v -0.011837 -0.454671 0.062329
v 0.011661 -0.458524 0.062279
v 0.017728 -0.382571 0.114048
v 0.011542 -0.425901 0.105102
v 0.052489 -0.438425 0.044387
v 0.046956 -0.460455 0.028109
v 0.051505 -0.475759 0.009662
v 0.027721 -0.423752 0.086099
v 0.026575 -0.412658 0.093417
v 0.096359 -0.102315 0.158892
v 0.090219 -0.095565 0.146703
v 0.084397 -0.100092 0.163045
v 0.093961 -0.014871 0.178357
v 0.081818 -0.062954 0.164824
v 0.084283 -0.047329 0.153428
v 0.138663 0.069338 -0.056945
v 0.130320 0.042597 -0.053216
v 0.133263 0.030175 -0.073362
v 0.134230 0.120357 -0.138354
v 0.128892 0.151443 -0.151831
v -0.059816 -0.288690 0.052766
v -0.058711 -0.321176 0.065789
v -0.056771 -0.294209 0.068197
v -0.065046 -0.199227 0.130026
v -0.053986 -0.223379 0.131331
v 0.141994 0.021759 0.228748
v 0.150297 0.020942 0.219365
v 0.153383 0.030621 0.206385
v 0.156981 0.068277 0.207165
v 0.151994 0.054229 0.216126
v -0.011724 0.283602 0.090809
v -0.024486 0.279539 0.096342
v -0.017829 0.295397 0.078643
v -0.049445 0.308455 0.152321
v -0.033101 0.315420 0.123669
v -0.045309 0.311411 0.115560
v -0.099172 -0.068279 0.060415
v -0.101746 -0.036131 0.071381
v -0.092768 -0.070404 0.053346
v -0.081253 -0.020601 0.048978
v -0.082770 -0.030180 0.045539
v -0.087151 -0.022401 0.058825
v 0.023399 0.296929 0.078195
v 0.022619 0.280247 0.095336
v 0.010559 0.297617 0.075860
v 0.051920 0.305258 0.115090
v 0.058048 0.295306 0.149082
v 0.055727 0.291220 0.131252
v -0.114012 -0.080506 0.257882
v -0.083658 -0.096339 0.252390
v -0.075685 -0.089613 0.258137
v -0.125649 0.001278 0.259682
v -0.105911 0.044556 0.054351
v -0.101103 0.039912 0.039585
v -0.083321 0.054355 0.040045
v -0.114149 0.025082 0.029180
v 0.055618 -0.420454 -0.079807
v 0.055240 -0.424453 -0.067062
v 0.053964 -0.430044 -0.099238
v 0.060754 -0.326652 0.029018
v 0.060721 -0.292516 0.046117
v 0.058952 -0.318503 0.063559
v -0.046529 0.058976 -0.181671
v -0.042281 0.000929 -0.180880
v -0.046259 0.057517 -0.250472
v -0.106609 0.224558 0.220255
v -0.085150 0.268077 0.212199
v -0.020837 0.308787 0.239687
v -0.025040 0.317616 0.222366
v -0.026320 -0.012160 0.043148
v 0.030794 -0.037940 0.030586
v 0.042845 -0.054605 0.019032
v -0.085903 0.058185 0.124954
v -0.087105 0.076099 0.132276
v -0.075411 0.070544 0.105074
v -0.109039 0.063261 0.151588
v -0.060003 -0.366233 0.010147
v -0.060402 -0.383012 -0.040918
v -0.059372 -0.382288 -0.002817
v -0.061407 -0.292795 0.036873
v -0.061563 -0.330540 0.012839
v 0.031221 -0.157533 -0.090434
v -0.030412 -0.157953 -0.090567
v -0.029026 -0.134781 -0.083355
v -0.068728 -0.090678 -0.029156
v -0.066645 -0.066417 -0.046995
v -0.138583 0.074445 -0.051679
v -0.138998 0.057562 -0.067615
v -0.129266 0.037929 -0.054097
v -0.135656 0.072880 -0.118164
v -0.139137 0.037779 -0.082888
v -0.137751 0.070102 -0.094781
v -0.099889 -0.002044 0.159865
v -0.096953 -0.002656 0.179292
v -0.105452 0.002318 0.158701
v -0.110599 -0.000095 0.190729
v -0.120981 0.001968 0.182931
v -0.116184 0.004616 0.168162
v -0.085799 -0.048928 -0.271112
v -0.070599 -0.075653 -0.260327
v -0.081713 -0.073675 -0.259909
v -0.099920 0.020411 -0.246296
v -0.095911 0.008241 -0.265518
v -0.055973 -0.501367 -0.217065
v -0.062332 -0.477918 -0.207638
v -0.057003 -0.474109 -0.214586
v -0.053210 -0.419317 -0.167068
v -0.029742 -0.458700 -0.179045
v -0.028169 -0.410098 -0.166262
v 0.051812 -0.591206 -0.133278
v 0.053809 -0.564630 -0.099112
v 0.051138 -0.601368 -0.118479
v 0.033529 -0.531787 -0.031139
v 0.029638 -0.566043 -0.052863
v -0.059404 -0.424477 0.048539
v -0.057843 -0.506253 -0.027495
v -0.053507 -0.478744 0.004909
v -0.041899 -0.403262 0.079988
v -0.038488 -0.417389 0.075123
v -0.022028 -0.431513 0.088838
v 0.122974 -0.008248 -0.149993
v 0.113655 0.006591 -0.187147
v 0.112440 0.046601 -0.214118
v 0.137676 0.092329 -0.094548
v 0.139192 0.043003 -0.079375
v 0.136279 0.085342 -0.113073
v 0.117613 0.201628 0.198254
v 0.021341 0.309446 0.238148
v -0.155444 0.050512 0.202904
v -0.158670 0.036036 0.194930
v -0.149581 0.038556 0.209882
v -0.159870 0.058086 0.178797
v -0.159305 0.040384 0.166336
v -0.160262 0.051190 0.188791
v -0.137841 0.207161 0.060097
v -0.143537 0.187807 0.069601
v -0.141168 0.199474 0.091605
v -0.110097 0.188456 0.063324
v -0.007811 0.089068 0.058283
v -0.010500 0.047338 0.052214
v -0.032045 0.070792 0.062528
v -0.043051 0.068040 0.068132
v -0.055857 0.075108 0.078195
v -0.052310 0.103155 0.079105
v 0.064938 -0.230801 0.096180
v 0.057975 -0.257668 0.088235
v 0.064880 -0.250624 0.070023
v 0.058200 -0.339518 0.070113
v 0.057606 -0.298498 0.065489
v 0.054688 -0.298590 0.076248
v 0.001891 0.317923 0.319715
v 0.016092 0.323276 0.330953
v 0.020225 0.310799 0.306256
v -0.017795 0.315959 0.316586
v -0.015907 0.323136 0.330587
v 0.111433 0.042214 0.058078
v 0.096846 0.045727 0.043939
v 0.117177 0.033601 0.048773
v 0.148334 0.123711 0.046172
v 0.119687 0.040388 0.067955
v -0.033466 -0.050988 -0.264573
v -0.028414 -0.078844 -0.257858
v -0.063661 -0.042436 -0.270827
v -0.031672 -0.077039 -0.230413
v -0.035025 -0.063331 -0.216948
v -0.051808 -0.626844 -0.129503
v -0.056156 -0.639315 -0.146515
v -0.048846 -0.635913 -0.126640
v 0.050440 -0.661579 -0.206119
v 0.016434 -0.667662 -0.209301
v 0.017323 -0.616679 -0.184734
v -0.037934 -0.337605 -0.153509
v -0.043254 -0.353773 -0.154763
v -0.007397 -0.337965 -0.153777
v -0.003968 -0.340300 -0.227583
v -0.007705 -0.334073 -0.198883
v 0.059610 0.107228 0.038848
v 0.051978 0.081334 0.032152
v 0.056144 0.087284 0.042863
v 0.105558 0.053959 0.073608
v 0.080833 0.074131 0.063901
v 0.077803 0.068101 0.050647
v 0.095077 -0.030254 0.208200
v 0.091530 -0.052947 0.210661
v 0.083363 -0.065512 0.181284
v 0.127913 -0.031338 0.241098
v 0.107890 -0.031924 0.230659
v 0.102991 -0.018365 0.219559
v -0.082060 -0.244272 -0.166361
v 0.122440 -0.049419 -0.129495
v 0.089995 -0.079758 -0.091455
v 0.117512 -0.065489 -0.136031
v 0.160052 0.090397 0.186839
v 0.151209 0.108064 0.178951
v 0.138749 0.164844 0.201594
v 0.097389 0.006080 0.261477
v 0.117859 0.005558 0.257900
v 0.088068 0.017404 0.252174
v 0.067447 0.018842 0.292054
v 0.075654 0.009167 0.278002
v 0.066039 0.020124 0.278550
v 0.052620 -0.610671 -0.133259
v 0.057615 -0.628689 -0.150941
v 0.052414 -0.604858 -0.140128
v 0.000482 -0.611743 -0.178339
v 0.030415 -0.612512 -0.174428
v 0.046763 -0.613982 -0.182961
v 0.043028 0.012113 -0.202600
v 0.044540 0.033407 -0.177172
v 0.046844 0.064564 -0.247248
v 0.048192 0.080755 -0.239086
v 0.049638 0.096235 -0.229612
v 0.111410 0.115582 -0.242284
v -0.086266 -0.044509 0.273149
v -0.090339 -0.029843 0.274189
v -0.117947 -0.039233 0.270257
v -0.072600 -0.013925 0.282975
v -0.062016 -0.009814 0.290316
v -0.064426 0.007631 0.292309
v -0.068111 -0.419972 -0.193092
v -0.068028 -0.405714 -0.162838
v -0.067960 -0.388738 -0.191142
v -0.070958 -0.338573 -0.188413
v -0.040251 0.317559 0.193338
v -0.010450 0.317510 0.169982
v -0.039483 0.312577 0.173094
v -0.062035 0.299758 0.219231
v -0.055039 0.294402 0.235760
v -0.051089 0.304933 0.223236
v -0.085467 -0.100936 0.165947
v -0.102741 -0.104830 0.161849
v -0.115940 -0.109180 0.165847
v -0.080701 -0.066823 0.162679
v -0.082917 -0.065176 0.177891
v -0.094636 -0.028552 0.204114
v 0.039379 -0.215717 -0.259522
v 0.056386 -0.268453 -0.262726
v 0.058576 -0.233484 -0.260910
v 0.065522 -0.239187 -0.240356
v 0.079297 0.216318 0.272798
v 0.071103 0.193928 0.284618
v 0.097725 0.196328 0.266714
v 0.087523 0.118886 0.264923
v 0.080525 0.124150 0.276623
v 0.073263 0.079072 0.264068
v -0.040940 -0.012497 -0.102944
v -0.038830 -0.047249 -0.084040
v -0.038939 -0.051286 -0.123890
v -0.061822 -0.094884 -0.103995
v -0.022530 -0.494947 -0.030629
v -0.015383 -0.530234 -0.062863
v -0.013279 -0.486479 -0.034081
v 0.026413 -0.509985 -0.035027
v 0.022142 -0.490375 -0.027986
v 0.012650 -0.544098 -0.075179
v -0.045273 -0.617928 -0.160020
v -0.050455 -0.623428 -0.166723
v -0.053892 -0.632440 -0.159181
v -0.041271 -0.613474 -0.160205
v -0.009616 -0.608054 -0.159602
v -0.034050 -0.612425 -0.167262
v -0.091800 0.098190 0.253464
v -0.099316 0.092969 0.247856
v -0.079654 0.056610 0.249674
v 0.042120 -0.434936 -0.248931
v 0.037287 -0.621969 -0.239220
v 0.022331 -0.613789 -0.247969
v 0.023798 -0.598091 -0.250043
v -0.072799 0.139856 0.095383
v -0.086958 0.157810 0.124103
v -0.112328 0.148406 0.247446
v -0.116017 0.128352 0.243669
v -0.106135 0.127451 0.250345
v -0.074631 0.134754 0.288658
v -0.100945 0.154590 0.260554
v -0.093386 0.136139 0.264434
v -0.120950 0.183885 -0.180515
v -0.133410 0.116451 -0.144723
v -0.135752 0.126845 -0.125893
v -0.110959 0.081456 -0.237904
v -0.156074 -0.040002 0.111622
v -0.160352 -0.028065 0.129047
v -0.163771 0.007595 0.146844
v -0.164556 -0.001013 0.149789
v -0.164271 0.013581 0.170346
v 0.028158 0.318014 0.332365
v 0.033955 0.306549 0.322541
v 0.042051 0.302117 0.312310
v -0.014784 0.179607 0.332677
v -0.006766 0.117684 0.335991
v -0.004343 0.183613 0.334513
v 0.031986 -0.507356 -0.246288
v 0.037908 -0.488345 -0.241063
v 0.050091 -0.478621 -0.224302
v 0.068101 -0.396640 -0.180255
v 0.067799 -0.410128 -0.163763
v 0.067447 -0.433865 -0.180916
v -0.026147 -0.484426 -0.016581
v -0.022399 -0.473368 -0.010623
v -0.031908 -0.463765 0.019227
v -0.044608 -0.426083 0.062821
v -0.054180 -0.431564 0.048836
v -0.048044 -0.452408 0.035064
v -0.074097 0.267072 0.173794
v -0.087237 0.251889 0.186270
v -0.076927 0.277873 0.192515
v -0.032516 0.213107 0.113431
v -0.000357 0.323122 0.331762
v 0.007433 0.283830 0.336663
v 0.002919 0.323971 0.340063
v 0.000101 0.264647 0.336611
v -0.062412 -0.139387 -0.252463
v -0.043092 -0.174500 -0.255209
v -0.068063 -0.156290 -0.253867
v -0.092283 -0.097086 -0.202272
v -0.078015 -0.097436 -0.247482
v -0.076810 -0.152457 -0.230458
v 0.152340 -0.026448 0.255219
v 0.126561 -0.037152 0.242995
v 0.153035 -0.014147 0.253231
v 0.138158 -0.008398 0.260042
v 0.147523 -0.021673 0.260148
v 0.027556 0.227524 0.113429
v 0.003384 0.220776 0.108762
v 0.004064 0.238169 0.108533
v 0.035056 0.282710 0.096078
v -0.113448 -0.024308 0.271314
v -0.148294 -0.045286 0.259130
v -0.126796 -0.048103 0.244911
v -0.147315 -0.052971 0.257824
v 0.161795 0.030766 0.181499
v 0.164689 0.010525 0.171075
v 0.163635 0.009415 0.150704
v 0.084897 -0.051850 0.271894
v 0.081317 -0.066876 0.268006
v 0.116121 -0.060412 0.266590
v 0.126166 -0.086891 0.249289
v 0.094972 -0.104940 0.241585
v 0.095019 -0.110713 0.234845
v 0.113079 -0.080990 -0.141618
v 0.087811 -0.093914 -0.100277
v 0.085950 -0.108103 -0.107989
v 0.069518 -0.085181 -0.098157
v 0.060450 -0.097571 -0.105431
v -0.127365 0.094632 0.238888
v -0.133409 0.053276 0.236318
v -0.100041 0.125673 0.272571
v -0.099243 0.127027 0.258255
v -0.135980 0.127041 0.252249
v -0.124899 0.092341 0.266444
v -0.119733 0.075906 0.285789
v -0.102021 0.075034 0.277565
v -0.101068 0.070478 0.243882
v -0.048299 0.203915 0.118957
v -0.061302 0.218885 0.128852
v -0.050367 0.217444 0.122059
v -0.057999 0.167868 0.110199
v -0.045625 0.168074 0.104417
v -0.049414 0.133306 0.087513
v -0.011605 -0.532362 -0.259133
v -0.021221 -0.528120 -0.256674
v -0.008050 -0.493260 -0.257078
v -0.036409 -0.582547 -0.241419
v -0.050773 -0.578951 -0.226279
v -0.040648 -0.526775 -0.234369
v 0.145444 0.099906 0.261558
v 0.146179 0.116655 0.271651
v 0.143866 0.129361 0.265547
v 0.099244 0.127055 0.258080
v 0.100098 0.125780 0.271472
v 0.135542 0.126858 0.254005
v -0.051630 -0.538698 -0.051227
v -0.049308 -0.583999 -0.077681
v -0.049610 -0.524344 -0.032930
v -0.049927 -0.599556 -0.096857
v -0.002748 -0.623193 -0.249344
v 0.009484 -0.657191 -0.236392
v -0.022190 -0.658711 -0.235151
v -0.038214 -0.598867 -0.204804
v -0.027688 -0.652267 -0.231462
v 0.026386 -0.598758 -0.204502
v -0.087599 -0.060280 0.198534
v -0.092245 -0.055426 0.214157
v -0.097422 -0.030254 0.218504
v -0.104950 -0.023241 0.224194
v -0.106358 -0.035083 0.230863
v -0.127213 -0.031647 0.241063
v 0.051741 -0.539077 -0.051940
v 0.060359 -0.506486 -0.032164
v 0.049953 -0.526927 -0.035960
v 0.049013 -0.583481 -0.076158
v 0.021699 -0.653139 -0.231821
v 0.046077 -0.588647 -0.221751
v 0.051449 -0.612103 -0.221426
v 0.044671 -0.594198 -0.229213
v 0.104411 0.050723 0.143642
v 0.131919 0.054941 0.157723
v 0.123897 0.042585 0.146728
v 0.086798 0.074645 0.131451
v 0.084417 0.061852 0.122913
v 0.077056 0.075121 0.109771
v -0.029895 -0.252529 -0.114089
v 0.031702 -0.209757 -0.104066
v 0.031137 -0.256759 -0.115044
v 0.076324 -0.208394 -0.096318
v 0.050636 -0.603456 -0.212243
v 0.015726 -0.584028 -0.219324
v 0.000329 -0.584529 -0.217848
v -0.029576 0.102360 0.066025
v -0.002729 0.127531 0.069467
v 0.029236 0.309656 0.085011
v 0.022176 0.314231 0.092274
v 0.039924 0.311586 0.099598
v 0.042807 0.310204 0.154847
v 0.033532 0.315583 0.116974
v 0.018856 0.318352 0.125048
v 0.104053 0.140300 0.254056
v 0.110798 0.167551 0.251634
v 0.103332 0.170322 0.261155
v 0.089703 0.156872 0.275724
v 0.081597 0.140592 0.281430
v 0.095132 0.139713 0.263617
v -0.138650 0.082854 -0.067141
v -0.145243 0.130418 0.012588
v 0.077490 0.272490 0.239095
v 0.093436 0.244099 0.239133
v 0.078288 0.277837 0.227213
v 0.058608 0.249665 0.279123
v 0.057007 0.233899 0.286045
v 0.101207 0.070411 0.245209
v 0.101977 0.075450 0.278968
v 0.131883 0.123036 0.279499
v 0.126984 0.097717 0.257054
v 0.123571 0.218345 -0.071860
v 0.123390 0.216386 -0.089978
v 0.083523 0.193463 -0.080917
v 0.137108 0.175365 -0.044290
v 0.124114 0.219380 -0.051681
v 0.143925 0.157152 -0.022344
v -0.150464 0.159116 0.214347
v -0.159060 0.078156 0.183808
v -0.162657 0.100179 0.192545
v -0.154691 0.105459 0.182644
v 0.127050 0.093335 0.238793
v 0.118189 0.063866 0.239556
v 0.088777 0.043649 0.244515
v 0.114648 0.052153 0.239892
v 0.027760 -0.312650 -0.265304
v 0.007336 -0.310501 -0.267955
v 0.032396 -0.293033 -0.264907
v 0.011874 -0.299095 -0.237024
v 0.014973 -0.306701 -0.198623
v 0.021766 -0.299044 -0.151716
v 0.131807 -0.014599 0.141988
v 0.131462 -0.023472 0.138182
v 0.150595 -0.022721 0.147216
v 0.114436 0.004937 0.165419
v -0.012942 -0.221760 -0.260290
v -0.015903 -0.177606 -0.254671
v -0.021980 -0.188654 -0.211178
v -0.029555 -0.210169 -0.258932
v -0.060825 -0.208920 -0.258995
v -0.008784 0.304986 0.337906
v -0.008704 0.253848 0.334645
v -0.020488 0.240233 0.326638
v -0.032859 0.253547 0.306909
v -0.028811 0.216724 0.321369
v 0.164006 -0.003562 0.126826
v 0.164134 -0.008309 0.142444
v 0.153543 -0.007087 0.164094
v 0.133800 -0.001910 0.153145
v 0.151996 -0.016172 0.152387
v -0.130578 0.188584 -0.085710
v -0.130672 0.193472 -0.067326
v -0.123517 0.217304 -0.082593
v -0.097271 0.200610 -0.094911
v -0.123322 0.214337 -0.102739
v -0.032597 -0.550128 -0.111639
v -0.038328 -0.540268 -0.110421
v -0.046625 -0.556105 -0.148682
v -0.039369 -0.554926 -0.126947
v -0.042720 -0.564733 -0.118412
v -0.032899 0.202907 0.320070
v -0.052881 0.161676 0.309534
v -0.067258 0.106242 0.291098
v -0.064871 0.065921 0.273508
v -0.058143 0.073568 0.297362
v -0.054299 -0.556029 -0.148778
v -0.053694 -0.564767 -0.118350
v -0.057575 -0.555531 -0.130295
v -0.046999 -0.537079 -0.142833
v -0.044903 -0.531027 -0.110684
v 0.147897 0.145944 0.117366
v 0.138610 0.075880 -0.073568
v -0.082970 -0.152843 -0.125900
v -0.082981 -0.172737 -0.131290
v -0.087701 -0.160023 -0.139247
v -0.005238 -0.191761 0.211082
v -0.012786 -0.187650 0.209090
v -0.008306 -0.218953 0.197134
v -0.026541 -0.133915 0.244133
v -0.044127 -0.103903 0.257850
v -0.063371 -0.103486 0.252786
v 0.050856 -0.578930 -0.226223
v 0.035668 -0.536959 -0.240085
v 0.056435 -0.505125 -0.216769
v 0.022680 -0.578703 -0.214763
v 0.008894 -0.671189 -0.171164
v 0.048655 -0.651776 -0.140829
v 0.057411 -0.638144 -0.148935
v 0.048707 -0.635313 -0.125961
v -0.058242 -0.541991 -0.129868
v -0.055971 -0.531085 -0.110811
v -0.054288 -0.537107 -0.143418
v -0.063127 -0.515090 -0.071409
v -0.062121 -0.483570 -0.032499
v -0.075912 0.270957 0.245401
v -0.079137 0.275370 0.229124
v -0.092614 0.246429 0.238001
v -0.045111 0.241401 0.295924
v 0.112180 0.061548 0.152348
v 0.118535 0.056525 0.152773
v 0.088692 -0.071641 0.207539
v 0.088022 -0.085199 0.203194
v 0.080015 -0.091047 0.184107
v 0.147193 -0.052498 0.257810
v 0.124548 -0.061336 0.241925
v 0.125095 -0.047291 0.244076
v 0.046209 -0.619264 -0.159968
v 0.052068 -0.626415 -0.168168
v 0.048690 -0.614576 -0.177752
v 0.040830 -0.158263 0.211176
v 0.026741 -0.167494 0.213555
v 0.047504 -0.166857 0.192239
v 0.033802 -0.148464 0.229521
v 0.029423 -0.140752 0.238449
v 0.008760 -0.163592 0.230719
v -0.021338 0.116595 0.333202
v -0.050334 0.041989 0.310745
v -0.046702 0.007654 0.303966
v -0.057358 -0.266078 0.082218
v -0.057600 -0.280300 0.068406
v -0.052112 -0.282037 0.090848
v 0.053157 -0.649483 -0.163537
v 0.049133 -0.654830 -0.162811
v 0.056238 -0.640317 -0.195607
v -0.056463 0.109512 0.019078
v -0.046718 0.063735 0.012129
v -0.053012 0.083519 0.034971
v -0.081488 0.066072 0.053279
v -0.066073 0.069836 0.037726
v -0.066683 0.282946 0.171389
v -0.050571 0.313334 0.192462
v -0.066925 0.299284 0.189622
v -0.073122 0.293811 0.201962
v -0.030701 -0.237326 -0.145006
v -0.027945 -0.263549 -0.148429
v -0.021009 -0.264666 -0.194753
v -0.081388 -0.263283 -0.146853
v -0.016370 -0.596506 -0.206400
v -0.046211 -0.598642 -0.205631
v -0.055101 -0.619563 -0.216085
v 0.062407 0.177429 -0.118619
v 0.063404 0.180673 -0.100674
v 0.044548 0.054437 0.001465
v 0.042221 -0.643052 -0.121463
v 0.043539 -0.617161 -0.088808
v 0.040291 -0.630316 -0.098864
v 0.044666 -0.566534 -0.054661
v 0.039920 -0.615214 -0.083244
v 0.145286 0.116027 0.016338
v 0.145468 0.139214 0.014466
v -0.084307 0.015415 -0.011737
v -0.132262 0.064099 -0.035370
v -0.119100 0.033246 -0.009868
v -0.139267 0.087284 -0.036623
v 0.077939 -0.159751 0.150775
v 0.057297 -0.176394 0.171523
v 0.075641 -0.177274 0.133026
v 0.103792 -0.134716 0.140668
v 0.094833 -0.154349 0.128863
v 0.114251 -0.137441 0.120639
v 0.025898 0.314036 0.150262
v -0.009147 0.316504 0.151315
v -0.010785 0.319349 0.127751
v -0.033547 0.312641 0.150657
v -0.034757 -0.591242 -0.213620
v -0.026980 -0.583085 -0.221995
v -0.043179 -0.588107 -0.219832
v -0.062863 -0.514892 -0.190701
v -0.032916 -0.512328 -0.192647
v 0.038776 -0.049782 -0.085457
v 0.037779 -0.071237 -0.096069
v 0.052303 -0.066849 -0.091426
v 0.042703 0.009664 -0.137341
v 0.038251 -0.062993 -0.127206
v 0.040574 -0.017884 -0.099061
v -0.018857 -0.613481 -0.183185
v -0.025553 -0.663400 -0.207243
v -0.056256 -0.647761 -0.199360
v -0.026679 -0.668357 -0.170529
v -0.035852 -0.664719 -0.167067
v -0.040640 -0.670174 -0.210086
v -0.042542 -0.573089 -0.217489
v -0.023947 -0.578020 -0.214505
v -0.055792 -0.561030 -0.220381
v -0.061291 -0.529253 -0.213043
v 0.034835 0.314458 0.176656
v 0.039260 0.315061 0.218189
v 0.041507 0.302318 0.235314
v 0.051515 0.306964 0.219459
v 0.042215 0.011695 -0.265150
v 0.099508 0.037984 -0.276345
v 0.096255 0.017455 -0.280507
v 0.102449 0.039129 -0.255700
v 0.098019 0.016709 -0.260096
v -0.050611 -0.246400 0.120228
v -0.045512 -0.269669 0.117066
v -0.037731 -0.254737 0.142848
v -0.027663 -0.255068 0.155631
v -0.025432 -0.290574 0.140051
v -0.157980 0.099178 0.244120
v -0.157037 0.121067 0.262020
v -0.145972 0.109627 0.267567
v -0.155802 0.089607 0.246054
v 0.032317 0.071459 0.062738
v 0.014576 0.085372 0.059570
v 0.029272 0.103268 0.066065
v 0.017144 0.042554 0.053419
v 0.113266 -0.108503 0.153624
v 0.109486 -0.116864 0.157660
v 0.113810 -0.118659 0.142134
v 0.128021 -0.068237 0.140674
v 0.127936 -0.086111 0.135144
v 0.135826 -0.071249 0.133818
v 0.154755 0.092156 0.248858
v 0.156134 0.138552 0.270692
v 0.157203 0.119744 0.260383
v 0.160711 0.120103 0.236317
v -0.135058 0.100260 0.142366
v -0.138824 0.112149 0.169797
v -0.145479 0.129459 0.150146
v -0.145161 0.127029 0.175963
v -0.100641 0.123821 0.282785
v -0.131491 0.123170 0.279205
v -0.129648 0.118751 0.291686
v -0.119030 0.070832 0.272803
v -0.116604 0.067068 0.256333
v -0.101830 0.072893 0.266656
v -0.102484 0.106055 0.306996
v -0.102385 0.100025 0.307594
v -0.101973 0.111770 0.304220
v -0.069064 0.107926 0.098122
v -0.076841 0.085627 0.111069
v -0.085688 0.091993 0.130534
v -0.076578 0.107287 0.110965
v -0.099814 -0.064514 -0.191023
v -0.084806 -0.054949 -0.242797
v -0.083786 -0.133623 -0.119242
v -0.106319 -0.111025 -0.150487
v -0.095381 -0.141288 -0.146667
v -0.143634 -0.052444 0.136228
v -0.113159 -0.138830 0.120419
v -0.091829 -0.157072 0.130153
v -0.101509 -0.134735 0.144473
v 0.032507 -0.550054 -0.111536
v 0.040413 -0.554823 -0.131035
v 0.042669 -0.564733 -0.118409
v 0.038454 -0.540685 -0.110516
v -0.125575 0.207529 0.248297
v -0.115646 0.209891 0.253822
v -0.102139 0.222918 0.253124
v -0.143809 0.185415 0.258242
v -0.147377 0.171398 0.271812
v -0.130966 0.197099 0.255462
v -0.152644 0.195711 0.151321
v -0.152339 0.181279 0.154288
v -0.155780 0.199041 0.174642
v -0.134054 0.192233 0.145628
v -0.033656 -0.365336 -0.132758
v -0.037987 -0.348858 -0.131809
v 0.018021 -0.364837 -0.132940
v -0.037882 -0.388319 -0.105169
v -0.050363 -0.349736 -0.125788
v -0.038552 -0.384209 -0.129209
v 0.057298 -0.555850 -0.130256
v 0.058046 -0.557178 -0.113239
v 0.039759 -0.549591 -0.142808
v 0.039114 -0.015174 -0.268383
v 0.038582 -0.036955 -0.216474
v 0.040834 -0.001072 -0.267273
v 0.081001 0.174513 0.125598
v 0.073262 0.208115 0.133069
v 0.095725 0.181549 0.137217
v 0.078963 0.214272 0.140031
v 0.105851 0.186772 0.149064
v 0.063824 -0.511426 -0.060470
v 0.064467 -0.532602 -0.087700
v 0.062238 -0.550041 -0.110683
v 0.056599 -0.538722 -0.131445
v 0.056085 -0.531081 -0.110812
v 0.067962 -0.400932 -0.191785
v 0.068111 -0.443175 -0.195490
v 0.064401 -0.418302 -0.200773
v 0.065426 -0.315482 -0.223296
v 0.061375 -0.356505 -0.218492
v -0.030462 0.311486 0.090023
v -0.021670 0.316472 0.099960
v -0.010886 0.313858 0.084981
v -0.045111 0.282235 0.104078
v -0.046113 0.298710 0.094326
v -0.042413 0.294587 0.091321
v 0.033419 -0.177961 -0.133144
v 0.083174 -0.187998 -0.134790
v 0.085392 -0.177861 -0.139959
v 0.101918 0.113035 0.303332
v 0.099725 0.106456 0.250745
v 0.102367 0.099901 0.307593
v 0.121497 0.086647 0.299696
v 0.121938 0.081579 0.268490
v -0.069393 0.172311 0.118305
v -0.068411 0.194581 0.126124
v -0.043484 0.185304 0.111079
v -0.094009 0.178322 0.135258
v -0.082012 0.179395 0.127922
v -0.077677 0.162049 0.119494
v 0.133510 0.125322 0.268250
v 0.111316 0.104298 0.306346
v 0.126971 0.111074 0.300926
v 0.120477 0.118525 -0.203976
v 0.125718 0.084810 -0.183178
v 0.118068 0.100231 -0.213384
v 0.121573 0.071003 -0.195855
v -0.086461 0.195305 -0.067793
v -0.099853 0.203167 -0.048691
v -0.065096 0.180673 -0.056783
v -0.044706 0.055279 0.002271
v -0.064351 0.181866 -0.077794
v 0.062967 -0.290500 0.016116
v 0.072103 -0.236803 0.064718
v 0.068762 -0.278130 0.006685
v -0.007836 -0.670248 -0.140922
v 0.013610 -0.668164 -0.137957
v 0.003229 -0.660598 -0.127055
v -0.036978 -0.633697 -0.097839
v -0.030479 -0.645695 -0.108856
v -0.026586 -0.639677 -0.099807
v -0.141055 0.024159 0.139246
v -0.141987 0.008908 0.123411
v -0.163963 0.006730 0.135078
v -0.160610 0.028418 0.165735
v -0.031815 0.055178 0.323123
v -0.035300 0.076523 0.325302
v -0.043182 0.048530 0.316462
v -0.060309 0.104742 0.305799
v 0.026402 -0.012074 0.043186
v 0.047359 0.004232 0.052672
v 0.046111 -0.009489 0.046824
v -0.000493 -0.021919 0.037231
v 0.024821 -0.024210 0.038456
v 0.000009 -0.031539 0.034888
v 0.128115 0.195900 0.258150
v 0.101115 0.218712 0.257045
v 0.107193 0.210014 0.257879
v 0.120146 0.207734 0.252725
v -0.019348 -0.656637 -0.122989
v -0.008686 -0.645404 -0.110557
v -0.011938 -0.604540 -0.098672
v -0.019517 -0.597660 -0.083278
v -0.068101 -0.096909 -0.065462
v -0.046809 -0.064145 -0.052098
v 0.117519 0.066299 0.253465
v 0.091845 -0.140304 -0.138854
v 0.105668 -0.114680 -0.151421
v 0.084034 -0.129629 -0.117764
v 0.099746 -0.146745 -0.159122
v 0.043575 0.098956 0.072617
v 0.067506 0.117849 0.096628
v 0.058420 0.079180 0.081193
v 0.056325 0.099836 0.081781
v -0.097393 0.024930 -0.279224
v -0.099447 0.037837 -0.276369
v -0.042237 0.011959 -0.265090
v -0.101573 0.036238 -0.258966
v 0.024703 0.060536 0.326425
v 0.022741 0.084493 0.330902
v 0.056459 0.109099 0.312159
v 0.045134 0.090650 0.320947
v 0.048756 0.072822 0.314508
v 0.086460 0.265040 0.208754
v 0.111423 0.018259 0.247582
v 0.140794 0.001724 0.252274
v 0.146750 0.007463 0.241394
v 0.050758 -0.279451 0.096838
v 0.059860 -0.267291 0.069480
v 0.016380 -0.290863 0.150740
v 0.025386 -0.263711 0.153806
v 0.015584 -0.262611 0.165867
v -0.088096 0.078655 0.100428
v -0.080590 0.094748 0.096633
v -0.089605 0.096054 0.124310
v -0.092174 0.098794 0.137012
v -0.095867 0.085143 0.142800
v -0.096752 0.073208 0.131893
v 0.053887 0.294712 0.236514
v 0.068896 0.281772 0.238609
v 0.061831 0.298787 0.221041
v 0.049344 0.293456 0.289256
v 0.043898 0.299157 0.295387
v 0.034097 0.313722 0.323486
v 0.052891 0.282826 0.120884
v 0.048798 0.281158 0.111015
v 0.046621 0.296246 0.096362
v 0.070693 0.234285 0.142053
v 0.067593 0.221882 0.134104
v 0.058888 0.232514 0.129888
v 0.078084 -0.088859 0.151454
v 0.082618 -0.086843 0.140237
v 0.082872 -0.062624 0.141548
v 0.111240 -0.074916 0.138451
v 0.113954 -0.048396 0.133602
v 0.093482 -0.049067 0.134728
v 0.088390 -0.079810 0.137574
v 0.103523 -0.042665 0.132401
v 0.098963 -0.020155 0.138260
v 0.099360 -0.032680 0.133438
v 0.106488 -0.021945 0.134230
v -0.095483 -0.081066 0.137786
v -0.087255 -0.081232 0.137860
v -0.098334 -0.046917 0.133452
v -0.076872 -0.090925 0.156141
v -0.076476 -0.087696 0.163340
v -0.082655 -0.055372 0.148670
v 0.035404 -0.520600 -0.240705
v 0.001642 -0.558611 -0.262317
v 0.008899 -0.524544 -0.259007
v 0.017783 -0.572629 -0.261577
v 0.069212 0.239605 0.271847
v 0.078276 0.252690 0.255614
v 0.113563 0.216293 0.249925
v -0.060964 -0.147315 0.207588
v -0.076853 -0.138220 0.206341
v -0.067914 -0.151976 0.189504
v -0.098572 -0.111910 0.231297
v -0.097648 -0.105279 0.240289
v -0.124002 -0.094841 0.240346
v -0.058185 -0.547809 -0.216585
v -0.067325 -0.463336 -0.199044
v -0.066793 -0.437088 -0.170442
v 0.099590 -0.017883 0.272555
v 0.090699 -0.025057 0.274307
v 0.121841 -0.027641 0.270033
v 0.061635 0.007185 0.294328
v 0.066057 -0.033161 0.281922
v 0.071524 -0.014627 0.283464
v -0.027658 -0.143314 0.237267
v -0.042426 -0.141623 0.230953
v -0.006070 -0.164340 0.231335
v -0.063420 -0.126979 0.233560
v 0.097958 -0.174062 0.002980
v 0.126175 -0.148673 0.048817
v -0.134780 0.212254 0.036737
v -0.139066 0.180565 -0.000501
v -0.143599 0.179532 0.043901
v -0.145588 0.147034 0.019902
v -0.149561 0.127735 0.067771
v -0.147633 0.155369 0.053733
v -0.086876 -0.044486 0.140023
v -0.092248 -0.042744 0.135428
v -0.086936 -0.061998 0.137276
v -0.104514 -0.002480 0.149901
v -0.119033 0.167769 -0.201243
v -0.117254 0.155145 -0.213715
v -0.131254 0.106894 -0.158162
v -0.079342 0.139409 -0.206717
v -0.010525 -0.442122 0.027165
v -0.025025 -0.446417 0.037243
v -0.010488 -0.449705 0.008815
v 0.013661 -0.441456 0.034492
v 0.014673 -0.447692 0.018633
v 0.028375 -0.448162 0.037820
v -0.004749 -0.499104 -0.047929
v 0.000568 -0.537539 -0.078654
v 0.001623 -0.498875 -0.048562
v -0.001526 -0.447307 0.007488
v 0.000949 -0.460503 -0.015843
v 0.005012 -0.451082 0.001473
v -0.093511 -0.060438 -0.076831
v -0.112166 -0.040533 -0.095934
v -0.116465 0.021681 -0.018776
v -0.107161 -0.002285 -0.015828
v -0.109594 0.007199 -0.002346
v 0.005618 -0.539377 -0.078242
v -0.003921 -0.585839 -0.102663
v -0.000515 -0.618214 -0.112442
v 0.001663 -0.583408 -0.102965
v -0.079383 -0.219926 0.068013
v -0.068801 -0.262637 0.032595
v -0.073106 -0.234309 0.065089
v -0.070251 -0.185134 0.134429
v -0.077866 -0.208147 0.087704
v -0.071261 -0.215239 0.096355
v 0.017328 -0.125648 0.250855
v 0.040622 -0.096804 0.262570
v 0.035248 -0.078337 0.272530
v 0.067000 -0.069596 0.269728
v -0.099447 -0.220038 -0.050458
v -0.099305 -0.241258 -0.053394
v -0.098524 -0.241167 -0.030621
v -0.099179 -0.228359 -0.034508
v 0.029592 -0.249040 -0.146617
v 0.082237 -0.251368 -0.145314
v -0.136655 -0.088931 0.119493
v -0.128484 -0.119640 0.112888
v -0.126906 -0.112073 0.124630
v -0.137909 -0.098676 0.095221
v -0.130030 -0.128753 0.072359
v -0.131418 -0.118500 0.101020
v 0.059950 -0.536370 -0.208840
v 0.055655 -0.553258 -0.208378
v 0.055567 -0.560058 -0.218954
v 0.066809 -0.472603 -0.200844
v -0.051360 0.104861 -0.134325
v -0.081814 0.152892 -0.192058
v -0.097637 0.072693 0.146213
v 0.062927 0.302082 0.179622
v 0.051714 0.312283 0.191001
v 0.070347 0.296415 0.196186
v 0.067653 0.283821 0.174923
v -0.114386 -0.100209 0.152069
v -0.088837 -0.090471 0.141227
v -0.115553 -0.094262 0.147147
v -0.118680 -0.085897 0.143152
v -0.130991 -0.082516 0.133669
v -0.123803 -0.098346 0.136239
v 0.108430 -0.010800 -0.043551
v 0.127306 0.049620 -0.032164
v 0.139979 0.093701 -0.027812
v 0.121946 0.043195 -0.006612
v 0.053758 -0.402172 0.070474
v 0.041437 -0.409776 0.077076
v 0.053455 -0.418244 0.061015
v 0.059170 -0.371029 0.034653
v -0.029312 -0.488751 -0.254057
v -0.047017 -0.437364 -0.235529
v -0.054824 -0.393995 -0.226678
v -0.044719 -0.423067 -0.246456
v -0.122817 0.092825 0.303452
v -0.125288 0.104504 0.304177
v -0.121991 0.098875 0.305049
v -0.102480 0.094023 0.305964
v -0.058434 -0.440976 -0.019013
v -0.059274 -0.480782 -0.048846
v -0.059157 -0.443967 0.001549
v -0.044904 -0.324029 0.097110
v -0.053953 -0.361580 0.077108
v -0.048130 -0.364308 0.085888
v 0.057929 -0.439781 -0.030558
v 0.059206 -0.447169 -0.000466
v 0.059151 -0.476332 -0.044616
v 0.058234 -0.360378 0.068614
v 0.060122 -0.398638 0.050091
v 0.059298 -0.384995 0.040622
v 0.025085 0.213008 0.111918
v 0.028894 0.198444 0.109977
v 0.003468 0.205008 0.107496
v 0.040403 0.141458 0.088227
v 0.026073 0.151963 0.089645
v 0.036938 0.158621 0.096719
v -0.042515 -0.559610 -0.210859
v -0.009387 -0.557198 -0.213046
v 0.011384 -0.554183 -0.212505
v -0.003547 -0.579385 -0.215781
v 0.016945 -0.534905 -0.201985
v 0.007995 -0.544959 -0.209550
v 0.037936 -0.544212 -0.206832
v -0.003438 -0.533719 -0.201615
v -0.026954 -0.533776 -0.200675
v -0.016819 -0.544872 -0.209061
v -0.098023 0.217804 0.259781
v -0.057184 0.253831 0.279451
v -0.071954 0.259110 0.260466
v -0.063434 0.243783 0.276029
v -0.113303 0.128605 -0.234107
v -0.118575 0.088114 -0.209697
v -0.123838 0.077968 -0.189339
v -0.120138 0.064751 -0.198610
v -0.134217 -0.005014 -0.108232
v 0.148129 0.153433 0.060260
v 0.149427 0.127243 0.064729
v 0.143468 0.179045 0.041281
v 0.139973 0.181155 0.010646
v -0.049258 0.290536 0.257953
v -0.068649 0.279972 0.245857
v -0.060600 0.283254 0.261776
v -0.049441 0.293360 0.288255
v -0.032122 0.314760 0.321268
v -0.039020 0.302573 0.297932
v 0.047645 -0.628319 -0.231313
v 0.031765 -0.603190 -0.244740
v 0.050650 -0.646183 -0.228783
v 0.056422 -0.625441 -0.218535
v -0.114223 -0.182129 0.040687
v -0.119428 -0.152992 0.076445
v -0.120502 -0.159604 0.057725
v -0.099560 -0.219076 -0.018707
v -0.099434 -0.232997 -0.009440
v -0.100947 -0.217369 -0.001694
v -0.160789 0.038598 0.183490
v -0.157071 0.003718 0.232674
v -0.002488 0.307111 0.277616
v -0.001911 0.307611 0.265945
v -0.023730 0.302431 0.255601
v 0.017376 0.304551 0.256121
v 0.000136 0.308740 0.259495
v 0.004142 0.306609 0.274174
v -0.026440 0.307752 0.080775
v -0.011405 0.310889 0.078449
v -0.003863 0.302991 0.070873
v 0.031662 -0.370930 -0.261624
v 0.015119 -0.369037 -0.265033
v -0.023376 -0.379168 -0.263397
v -0.029034 -0.414353 -0.261790
v -0.047990 -0.381180 -0.257282
v 0.118188 -0.105213 0.142478
v 0.115643 -0.094049 0.146999
v 0.114221 -0.102215 0.154165
v 0.090095 -0.091541 0.142057
v 0.088974 0.011882 0.087486
v 0.093562 -0.008861 0.076343
v 0.084507 -0.004051 0.070367
v 0.091789 0.020069 0.099402
v 0.098504 0.029348 0.122769
v 0.100048 0.013692 0.101991
v 0.032539 -0.611737 -0.160187
v -0.138619 0.036258 0.224312
v -0.151585 0.030328 0.209442
v -0.143398 0.029082 0.220920
v -0.122270 0.043745 0.238326
v 0.040340 0.308177 0.092050
v 0.050396 0.302367 0.105348
v 0.145575 -0.063614 0.253618
v 0.141243 -0.069225 0.254928
v 0.143040 -0.053556 0.261749
v -0.159171 0.030736 0.194791
v -0.163676 0.019830 0.191774
v -0.161847 0.009800 0.207801
v -0.138030 0.001534 0.187212
v -0.139570 0.002008 0.175535
v -0.121069 0.005214 0.163330
v -0.071615 0.251341 0.154324
v -0.069303 0.260314 0.156928
v -0.060306 0.258195 0.138105
v -0.053280 0.286663 0.121148
v -0.049681 0.297802 0.103999
v -0.049117 0.281869 0.111039
v 0.109859 0.035291 0.241057
v 0.154654 0.077743 0.237219
v 0.142281 0.069790 0.241497
v 0.145658 0.055517 0.225577
v -0.040052 -0.002572 -0.053552
v -0.039759 -0.017318 -0.065071
v -0.078162 -0.029973 -0.058956
v 0.131762 0.020595 0.237499
v 0.128341 0.048742 0.236945
v 0.124203 0.038552 0.235732
v 0.135315 0.044379 0.228968
v -0.043548 0.025749 -0.261707
v -0.039158 -0.042976 -0.169266
v -0.035069 -0.481244 -0.247372
v -0.028427 -0.560412 -0.249395
v 0.057136 -0.560970 -0.102121
v -0.011813 0.322915 0.193696
v -0.096040 -0.134209 0.181194
v -0.103997 -0.126255 0.181133
v -0.102973 -0.126633 0.172002
v -0.077935 -0.144832 0.189325
v -0.101407 -0.122376 0.208268
v -0.098513 -0.128673 0.193956
v -0.155579 -0.016599 0.246336
v -0.158530 -0.003973 0.240831
v -0.161479 0.001039 0.230427
v -0.138170 -0.025161 0.265129
v -0.134945 -0.035535 0.267069
v -0.121408 -0.016025 0.268838
v -0.121216 -0.166403 0.040626
v -0.113346 -0.173578 0.032425
v -0.114519 -0.188472 0.030352
v -0.106504 -0.131686 0.039869
v -0.093128 -0.093909 0.043246
v -0.099872 -0.132947 0.031339
v -0.047366 -0.650040 -0.230670
v -0.053528 -0.639882 -0.226418
v -0.029952 -0.605960 -0.245499
v 0.101165 0.024888 -0.244887
v 0.097902 0.007278 -0.231533
v -0.042191 -0.084667 0.268596
v -0.045562 -0.028810 0.291850
v -0.060065 -0.068131 0.272163
v -0.041541 -0.063380 0.278619
v 0.106866 -0.006122 0.206356
v 0.130463 -0.005292 0.212438
v 0.131635 -0.010807 0.222306
v 0.154407 0.003594 0.236887
v -0.066715 -0.284216 -0.067356
v -0.073677 -0.253755 -0.062507
v 0.074102 -0.163844 -0.234332
v 0.067520 -0.159096 -0.254194
v 0.075776 -0.110311 -0.248923
v 0.033481 -0.156422 -0.253267
v 0.039111 -0.137279 -0.252464
v 0.019893 -0.565653 -0.260507
v 0.021453 -0.525360 -0.256451
v 0.035179 -0.455844 -0.256647
v 0.013227 -0.464763 -0.258807
v 0.017921 -0.430544 -0.263218
v 0.154016 0.133937 0.272358
v 0.155067 0.114708 0.262496
v -0.018091 -0.034972 0.033006
v 0.074726 -0.132166 0.219308
v 0.083924 -0.133201 0.207984
v 0.152224 0.168338 0.197433
v 0.148755 0.145662 0.183154
v 0.154439 0.133319 0.189307
v 0.145556 0.144372 0.183693
v 0.145914 0.150768 0.193350
v -0.025295 -0.201751 -0.187093
v -0.029608 -0.170947 -0.162154
v -0.032525 -0.207125 -0.139853
v 0.074680 0.135991 -0.207378
v 0.096311 0.151394 -0.204408
v 0.116840 0.151984 -0.216549
v 0.132474 0.112301 -0.150883
v 0.124382 0.131265 -0.185235
v 0.119904 0.174446 -0.193455
v -0.038288 -0.556717 -0.046262
v -0.041884 -0.478416 0.013717
v -0.038673 -0.437545 0.056466
v 0.032886 -0.391332 -0.091412
v 0.012035 -0.389383 -0.087283
v 0.015971 -0.388346 -0.112163
v 0.059140 -0.411889 -0.097957
v -0.151862 0.165917 0.196045
v -0.142186 0.155354 0.188949
v -0.151802 0.152708 0.206153
v -0.146267 0.150326 0.193380
v 0.086428 0.038173 0.020424
v 0.063631 0.049355 0.012796
v 0.084270 0.028046 0.004107
v 0.058663 0.063923 0.023903
v -0.035585 -0.287444 0.129214
v 0.038047 -0.430360 0.064095
v 0.027696 -0.441131 0.052198
v 0.023652 -0.441140 0.057603
v 0.018824 -0.440575 0.049587
v -0.010635 -0.451390 0.092598
v -0.024064 -0.459583 0.069703
v -0.003869 -0.488332 0.082047
v 0.010893 -0.449091 0.093472
v 0.005732 -0.487642 0.079934
v 0.029589 -0.440969 0.072126
v -0.056481 -0.266304 -0.262614
v -0.058599 -0.233465 -0.260904
v -0.038691 -0.254032 -0.262819
v -0.069807 -0.286171 -0.217434
v -0.077253 -0.220985 -0.206056
v 0.051367 0.268672 0.121129
v 0.053931 0.256009 0.127217
v 0.048633 0.250926 0.120337
v 0.027069 0.241412 0.112805
v 0.025784 0.253459 0.110489
v -0.090899 0.195681 -0.033436
v -0.124863 0.219502 -0.038707
v -0.126428 0.218980 -0.021441
v 0.097675 -0.035501 0.067543
v 0.119899 -0.033780 0.086036
v 0.141312 -0.048463 0.093571
v 0.002172 -0.427941 0.110365
v -0.000939 -0.454653 0.098132
v 0.003820 -0.454257 0.097395
v 0.001088 -0.392614 0.122402
v -0.002993 -0.320055 0.148743
v -0.003724 -0.390329 0.122360
v 0.053128 -0.330856 -0.260475
v 0.035801 -0.348847 -0.262039
v 0.028514 -0.330355 -0.264540
v 0.063947 -0.295330 -0.235635
v 0.054934 -0.300607 -0.262623
v 0.072091 -0.230040 -0.222052
v 0.093226 0.095015 0.138263
v 0.089436 0.103906 0.131975
v 0.094933 0.074389 0.120789
v 0.119516 0.055139 0.134619
v -0.031422 -0.656847 -0.234618
v -0.020507 -0.616355 -0.247948
v -0.012887 -0.620102 -0.249129
v -0.006932 -0.573386 -0.262839
v 0.032502 -0.653215 -0.122534
v 0.025449 -0.660469 -0.129649
v 0.036044 -0.664606 -0.166915
v 0.026380 -0.668582 -0.171486
v 0.036405 -0.671702 -0.210656
v -0.059031 -0.548291 -0.081729
v -0.060781 -0.534772 -0.066327
v -0.064878 -0.554597 -0.111749
v -0.125707 -0.087260 0.249030
v -0.121633 -0.083636 0.253880
v -0.144601 -0.044945 0.262916
v -0.077344 -0.069589 0.001251
v -0.061688 -0.059660 -0.018563
v -0.040758 -0.054283 0.019522
v -0.049014 -0.058503 -0.017486
v 0.018163 -0.385920 -0.132492
v -0.016378 -0.385846 -0.132537
v 0.038289 -0.384463 -0.129713
v 0.047349 0.068672 -0.191816
v -0.141197 0.105378 0.253523
v -0.132109 0.153356 0.252656
v -0.134932 0.158482 0.258183
v -0.126448 0.164250 0.252268
v -0.114914 0.196783 0.260319
v 0.045705 -0.271248 0.115686
v 0.048985 -0.249884 0.121605
v 0.035712 -0.279153 0.133074
v 0.047541 -0.207255 0.160028
v 0.042838 -0.226533 0.153061
v -0.154770 0.113377 0.262052
v 0.034751 -0.574402 -0.057094
v 0.037167 -0.497457 -0.003518
v 0.041761 -0.500069 -0.006750
v 0.038070 -0.476227 0.017803
v 0.004893 -0.339650 -0.195371
v 0.003400 -0.341848 -0.153909
v 0.008066 -0.337068 -0.153689
v 0.044431 -0.344281 -0.153867
v 0.034051 -0.361425 -0.155873
v -0.015621 -0.491892 0.062067
v 0.022394 -0.465615 0.068647
v 0.016504 -0.488595 0.062829
v -0.050441 0.076593 0.026721
v -0.071098 0.101552 0.076561
v -0.072684 0.092298 0.075412
v 0.099891 -0.220177 -0.012807
v 0.098760 -0.237985 -0.022440
v 0.099152 -0.228953 -0.038483
v 0.092614 -0.245739 0.002408
v 0.098942 -0.230609 0.012740
v -0.017486 -0.470026 0.064006
v -0.019352 -0.456042 0.064052
v -0.037621 -0.459550 0.033311
v -0.038110 -0.475030 0.018973
v -0.090125 -0.029035 0.144803
v -0.093091 -0.032743 0.137064
v -0.094986 -0.010860 0.160467
v -0.086602 -0.037554 0.148904
v -0.062622 -0.275167 0.045251
v -0.062836 -0.261455 0.062763
v -0.066929 -0.279156 0.013369
v -0.064362 -0.288752 -0.001116
v 0.008336 -0.178217 0.217900
v 0.021457 -0.159948 0.226236
v -0.024910 -0.154842 0.228829
v -0.012031 -0.176571 0.216964
v 0.119777 0.208491 0.239770
v 0.110863 0.219689 0.243061
v 0.128376 0.204980 0.248859
v 0.100498 0.235277 0.227637
v 0.102626 0.232539 0.216138
v 0.030382 -0.107300 -0.194824
v 0.030494 -0.126583 -0.172643
v 0.033342 -0.114474 -0.151083
v 0.045208 -0.103649 -0.254400
v 0.041869 -0.092940 -0.256127
v 0.062431 -0.089012 -0.256907
v 0.112321 -0.160593 0.034727
v 0.111150 -0.188775 0.027085
v 0.107899 -0.177627 0.024950
v 0.105503 -0.136054 0.036608
v 0.025341 -0.184938 -0.189972
v 0.013941 -0.204778 -0.258153
v 0.032654 -0.203582 -0.139050
v 0.023829 -0.106018 -0.252710
v 0.021561 -0.122752 -0.251328
v 0.026316 -0.119216 -0.217060
v 0.001118 -0.321276 0.148730
v 0.000905 -0.219811 0.199656
v -0.000721 -0.255239 0.179455
v 0.005283 -0.258711 0.176388
v -0.056175 -0.627924 -0.156279
v -0.050281 -0.608195 -0.149659
v -0.049948 -0.612576 -0.158789
v -0.026450 -0.606016 -0.152313
v -0.116785 -0.105100 0.145249
v -0.110269 -0.116987 0.169456
v -0.025399 0.084495 0.330308
v -0.018249 0.062670 0.328380
v -0.004525 0.066952 0.331840
v -0.001540 -0.005389 0.304261
v -0.084022 -0.224979 -0.165189
v -0.082712 -0.240578 -0.143812
v -0.083422 -0.222035 -0.140976
v -0.016825 -0.440695 0.042689
v -0.030894 -0.436719 0.060847
v -0.036334 -0.429983 0.065868
v -0.032474 -0.441511 0.050923
v -0.005733 0.250013 0.107052
v -0.024724 0.255982 0.109601
v -0.000052 0.264713 0.101689
v 0.004382 0.252590 0.106122
v 0.143415 -0.052898 0.136155
v 0.163245 0.001451 0.164854
v 0.160016 -0.016045 0.146161
v 0.162337 -0.015071 0.141875
v 0.025688 -0.594716 -0.070237
v 0.030074 -0.617024 -0.081398
v 0.013369 -0.631943 -0.095486
v 0.029837 -0.437291 0.060342
v 0.019466 -0.455814 0.064179
v 0.016951 -0.468488 0.063515
v -0.090083 0.156041 0.275021
v -0.118439 0.173427 0.251325
v -0.007983 -0.598375 -0.102679
v -0.019223 -0.569796 -0.079371
v -0.014354 -0.552506 -0.078108
v -0.022304 -0.530717 -0.053688
v -0.124689 -0.142742 0.074754
v -0.098763 -0.160219 0.109149
v -0.148877 0.051940 0.218416
v -0.143488 0.058185 0.230246
v -0.154571 0.073758 0.233423
v -0.131217 0.043806 0.232432
v -0.081597 -0.011456 0.059807
v -0.081311 -0.027097 0.034042
v 0.041928 -0.536790 -0.201107
v 0.060448 -0.536009 -0.198751
v 0.057602 -0.545649 -0.205462
v -0.056526 -0.414348 -0.072283
v -0.058681 -0.394289 -0.018841
v -0.058715 -0.399911 -0.059949
v -0.036200 -0.389552 -0.091793
v -0.052096 -0.390874 -0.095581
v 0.144311 0.160727 -0.002742
v 0.127567 0.218389 -0.011836
v 0.066790 0.175563 -0.012447
v 0.061256 -0.101834 -0.253800
v 0.049956 -0.612481 -0.158695
v 0.025136 -0.605440 -0.151512
v 0.049965 -0.608898 -0.150891
v 0.055169 -0.624300 -0.155880
v -0.090719 -0.012570 0.070579
v -0.163949 -0.006498 0.124957
v -0.129143 0.000158 0.107402
v -0.107776 -0.007650 0.089028
v -0.084507 0.245498 0.173186
v -0.119953 0.185986 0.169828
v -0.100379 0.226593 0.182321
v 0.075317 0.156806 0.090310
v 0.068628 0.150323 0.059201
v 0.072584 0.166888 0.057880
v 0.068878 0.171024 0.020229
v 0.083802 0.030941 0.247373
v 0.111818 0.030404 0.240859
v 0.056179 0.053140 0.294733
v 0.061624 0.036720 0.273956
v 0.062199 0.050298 0.274174
v 0.042277 -0.559650 -0.210932
v 0.034515 -0.549679 -0.209529
v 0.057717 -0.550703 -0.171618
v 0.050406 -0.545689 -0.184829
v 0.043175 -0.556517 -0.188564
v 0.050089 0.293054 0.245535
v 0.047834 0.291817 0.255008
v 0.033716 0.299164 0.253001
v 0.028353 0.299432 0.267069
v -0.098271 -0.154217 -0.161025
v -0.087027 -0.161603 -0.193929
v -0.087876 -0.196882 -0.162264
v -0.085884 -0.191802 -0.147329
v -0.089838 -0.172855 -0.151621
v -0.053806 0.290195 0.246241
v -0.035006 0.297893 0.257025
v 0.050826 -0.538447 -0.201207
v 0.034597 -0.527286 -0.197037
v 0.050108 -0.368290 0.082426
v 0.043876 -0.324472 0.098681
v 0.035261 -0.309060 0.119718
v -0.119312 -0.142970 0.046129
v 0.065347 0.118446 0.060896
v 0.064098 0.146341 0.022373
v 0.055821 -0.546411 -0.185408
v 0.054568 -0.552648 -0.207411
v 0.048482 -0.563761 -0.188732
v 0.039138 -0.560445 -0.207861
v 0.064583 0.181646 -0.071466
v 0.045973 0.060980 0.008904
v 0.092687 -0.032735 0.196347
v 0.116999 -0.001753 0.199558
v -0.016694 0.282741 0.329784
v -0.018395 0.300485 0.331752
v -0.025549 0.281393 0.316995
v -0.012254 0.289627 0.334796
v -0.015679 0.311869 0.336161
v 0.016949 0.325477 0.337752
v 0.046830 -0.560634 -0.210283
v 0.053545 -0.563721 -0.190476
v 0.051130 -0.561810 -0.210189
v 0.030278 -0.483790 -0.254326
v 0.013429 -0.481042 -0.256848
v 0.036491 -0.476068 -0.246420
v -0.025465 -0.602082 -0.146890
v -0.051029 -0.599653 -0.140288
v -0.032837 -0.596384 -0.140019
v 0.012477 -0.601624 -0.147977
v 0.025194 -0.594062 -0.138866
v 0.050619 -0.602812 -0.143514
v -0.075267 -0.235031 -0.102788
v -0.030983 -0.208683 -0.103816
v 0.098414 -0.069084 0.223912
v 0.093916 -0.068248 0.218564
v 0.104067 -0.094591 0.207667
v 0.100770 -0.087087 0.213830
v 0.116958 0.127795 0.243367
v 0.114787 0.196695 0.260208
v 0.118483 0.171796 0.250714
v 0.125590 0.164457 0.251675
v 0.136306 0.148120 0.256079
v 0.136881 0.126725 0.253118
v 0.143292 0.101769 0.255868
v 0.130691 0.153488 0.251549
v 0.122173 0.128038 0.243622
v 0.133183 0.128096 0.249952
v 0.068432 -0.313457 -0.038139
v 0.064379 -0.288599 -0.000934
v 0.065200 -0.316833 -0.020119
v 0.079263 -0.276426 -0.013214
v -0.023298 -0.109815 -0.252176
v -0.042376 -0.116365 -0.253025
v -0.045331 -0.103499 -0.254432
v -0.066761 0.283349 0.238683
v -0.080733 0.276077 0.202961
v 0.085082 -0.161932 -0.200282
v 0.086764 -0.194038 -0.152581
v 0.085545 -0.210600 -0.159910
v 0.088598 -0.200488 -0.171922
v 0.067582 -0.031605 0.031155
v 0.064667 -0.015898 0.044472
v 0.072537 -0.016687 0.044579
v 0.062057 0.017793 0.065156
v 0.075621 0.001345 0.065175
v 0.067347 0.003468 0.059691
v -0.027795 -0.518004 -0.110819
v -0.063916 -0.534931 -0.110394
v -0.049552 -0.518114 -0.111478
v -0.083562 0.270156 0.220428
v -0.100381 0.234816 0.230299
v -0.100436 0.228894 0.248977
v -0.108006 0.222532 0.244053
v 0.061249 0.172319 -0.134409
v 0.053245 0.116368 -0.079180
v 0.062518 -0.454598 0.007206
v 0.055660 -0.487938 -0.006565
v -0.056078 0.064331 0.021576
v -0.074599 0.051813 0.026579
v -0.093343 0.037620 0.026913
v -0.070713 0.042875 0.011274
v 0.072536 -0.123663 -0.025020
v 0.074306 -0.155418 -0.039346
v -0.043425 0.102221 0.073068
v -0.040835 0.143575 0.089573
v -0.027484 0.122411 0.072006
v 0.053050 0.151428 0.311561
v 0.073872 0.171119 0.287654
v 0.074159 0.154164 0.289751
v 0.089559 0.169902 0.276672
v 0.062650 -0.371447 -0.048455
v 0.060239 -0.393300 -0.064532
v 0.065296 -0.366615 -0.064498
v 0.058708 -0.396906 -0.044361
v 0.057001 -0.411994 -0.048126
v -0.044094 -0.368224 -0.091783
v -0.051954 -0.378077 -0.094913
v -0.043890 -0.372050 -0.091198
v -0.111189 -0.025492 -0.074841
v -0.095935 -0.048974 -0.067050
v -0.098901 -0.036153 -0.054790
v -0.059632 -0.004304 -0.045588
v 0.044729 0.039044 -0.257557
v 0.045860 0.052681 -0.252426
v 0.101423 0.050517 -0.272644
v 0.149334 0.047211 0.163587
v 0.138062 0.064690 0.165197
v 0.151042 0.058613 0.171116
v 0.160722 0.027378 0.164687
v 0.027964 -0.388790 -0.161231
v 0.069346 -0.381653 -0.157815
v -0.044633 -0.387980 -0.160277
v -0.017557 -0.395304 -0.163144
v -0.001868 -0.370664 -0.158425
v 0.161619 0.077830 0.188464
v 0.160211 0.048941 0.187561
v 0.159753 0.056819 0.177998
v 0.159649 0.042563 0.178069
v 0.159655 0.037357 0.163844
v -0.051179 -0.546471 -0.183224
v -0.043534 -0.556441 -0.188102
v -0.042090 -0.536828 -0.200969
v -0.057453 -0.546310 -0.205888
v -0.061260 -0.532187 -0.196591
v 0.083483 -0.219102 -0.140553
v 0.083629 -0.226190 -0.152369
v -0.093263 -0.019735 0.181009
v -0.108767 -0.008027 0.210122
v -0.130948 -0.009353 0.219980
v 0.053038 0.069031 0.306758
v 0.059399 0.103770 0.306804
v 0.066642 0.148015 0.297178
v 0.064595 0.164870 0.296515
v -0.097569 0.027328 0.244699
v -0.083161 0.032954 0.246971
v -0.063162 0.046025 0.269631
v -0.057263 0.058823 0.293233
v 0.157831 0.061902 0.199903
v 0.159931 0.058811 0.192981
v 0.149829 0.039910 0.209712
v 0.157650 0.036354 0.196718
v 0.154259 0.051544 0.205412
v -0.050874 -0.538468 -0.201164
v -0.032235 -0.525546 -0.196665
v -0.086989 -0.036930 0.052183
v -0.087262 -0.068076 0.046157
v -0.093410 -0.037148 0.061968
v -0.088449 -0.086031 0.038628
v -0.162070 0.005230 0.197920
v -0.163485 0.007927 0.182468
v -0.161242 0.004787 0.180743
v -0.157785 -0.007031 0.161909
v -0.162204 -0.002172 0.162375
v -0.048506 -0.563728 -0.188566
v -0.056869 -0.558502 -0.172855
v -0.057668 -0.556840 -0.193890
v -0.055827 -0.546341 -0.185599
v -0.147300 0.172322 0.256853
v -0.150273 0.168739 0.270116
v -0.134249 0.188760 0.240525
v -0.141948 0.179714 0.247413
v -0.139604 0.192052 0.252603
v -0.050195 -0.562801 -0.210355
v -0.055222 -0.553894 -0.208620
v -0.052200 -0.564613 -0.217299
v -0.058723 -0.558522 -0.173755
v -0.053315 -0.563767 -0.190923
v 0.032460 -0.515241 -0.110632
v 0.044888 -0.531031 -0.110723
v 0.046934 -0.537109 -0.143213
v -0.133096 0.057019 -0.133797
v -0.136598 0.009361 -0.100355
v -0.138275 0.024079 -0.091925
v -0.129269 0.002268 -0.089436
v -0.126508 0.014192 -0.070046
v -0.068670 0.150968 0.058265
v -0.086559 0.168118 0.114809
v -0.041815 0.086148 0.322864
v -0.052044 0.101009 0.316130
v -0.045994 0.063903 0.316039
v -0.022673 0.195988 0.328794
v -0.040555 0.140322 0.323273
v -0.035396 0.122280 0.327798
v 0.061720 -0.167978 0.174472
v 0.077589 -0.154971 0.160418
v 0.067873 -0.159157 0.177171
v 0.037804 -0.176081 0.193522
v 0.112583 0.019510 0.018037
v 0.142570 0.107178 -0.005177
v 0.136698 0.009484 -0.100188
v -0.056840 0.258768 0.132129
v -0.054845 0.274024 0.128535
v -0.050703 0.266473 0.120578
v -0.013376 0.272922 0.099451
v -0.036691 0.260799 0.110645
v -0.039211 0.268503 0.107669
v -0.071719 0.146523 0.292244
v -0.088748 0.165083 0.277476
v -0.064966 0.145756 0.299540
v -0.067560 0.129855 0.296993
v -0.057856 0.118498 0.310599
v -0.030090 -0.517148 -0.032098
v -0.115454 -0.118940 0.138739
v -0.120043 -0.128351 0.121733
v -0.110344 -0.117896 0.152065
v 0.159045 -0.006331 0.230675
v 0.155633 -0.016621 0.246519
v 0.145138 -0.012964 0.233012
v 0.135227 -0.025546 0.241769
v 0.039782 0.245373 0.300766
v 0.011564 0.273108 0.334250
v 0.010528 0.250106 0.334053
v 0.015976 0.248721 0.330389
v 0.042967 -0.660321 -0.164313
v 0.045041 -0.666811 -0.207873
v 0.058681 -0.389127 0.061419
v 0.055347 -0.384675 0.070787
v 0.054548 -0.351944 0.077174
v 0.047700 -0.318559 0.092984
v 0.022023 0.187923 0.329712
v 0.034049 0.122246 0.328520
v 0.013547 0.220176 0.332703
v 0.019816 0.225672 0.328526
v -0.016188 -0.304489 -0.191649
v -0.022355 -0.297018 -0.151576
v -0.017635 -0.247353 0.171787
v -0.014106 -0.292113 0.152322
v 0.000955 -0.283773 0.165112
v 0.105124 0.052225 -0.251564
v 0.103432 0.063579 -0.267953
v 0.105869 0.079224 -0.261391
v -0.127969 0.035784 0.232992
v -0.108747 0.031136 0.241506
v -0.061742 0.174588 -0.128278
v -0.123260 0.211183 -0.117018
v -0.062728 0.178609 -0.113181
v 0.005089 -0.281266 0.165020
v 0.004765 -0.320456 0.147637
v 0.009021 -0.287833 0.159166
v 0.014206 -0.329590 0.135684
v 0.017194 -0.313501 0.139138
v -0.059280 -0.390295 0.031138
v -0.060209 -0.398882 0.051974
v -0.058928 -0.376624 0.062145
v -0.059104 -0.369121 0.040812
v 0.156202 -0.019170 0.147073
v 0.156876 -0.007911 0.161283
v 0.156573 0.002259 0.179263
v 0.157788 0.002445 0.193197
v -0.070922 0.268299 0.257654
v -0.061125 0.269541 0.271359
v -0.033613 0.314291 0.324159
v -0.046527 0.295904 0.303011
v -0.096987 -0.177343 -0.005450
v -0.100421 -0.186308 0.006363
v -0.096049 -0.159924 0.005567
v -0.104622 -0.159016 0.026081
v -0.109946 -0.147764 0.036653
v -0.093360 -0.001137 -0.281539
v -0.039021 -0.015924 -0.268395
v -0.091405 -0.013381 -0.280602
v -0.089797 -0.023675 -0.278846
v -0.089420 -0.029190 -0.239292
v 0.086232 0.214897 0.147659
v 0.078232 0.233037 0.150770
v 0.016189 -0.174080 -0.254224
v 0.034845 -0.178516 -0.255382
v 0.008018 -0.596168 -0.258196
v 0.013787 -0.577496 -0.260971
v 0.028364 -0.570073 -0.249784
v -0.139539 0.119346 -0.066973
v -0.142105 0.152169 -0.053764
v -0.139507 0.143365 -0.086450
v -0.133598 0.170393 -0.094686
v -0.039511 -0.430945 -0.258273
v -0.043855 -0.406492 -0.258021
v -0.049547 -0.394375 -0.243937
v -0.055981 -0.637170 -0.193675
v -0.055205 -0.637960 -0.161617
v -0.042909 -0.660326 -0.164189
v -0.052354 -0.659218 -0.204416
v -0.141373 0.008129 0.245284
v -0.139009 -0.006922 0.258907
v -0.151879 -0.017772 0.255723
v -0.143204 -0.019694 0.261661
v -0.058092 0.107006 0.032606
v -0.069219 0.143941 0.080216
v -0.064966 0.115892 0.059055
v -0.065325 0.129466 0.057326
v -0.061203 -0.549672 -0.142821
v -0.052981 -0.535548 -0.161623
v -0.039834 -0.549641 -0.142825
v -0.048770 -0.655249 -0.162801
v -0.048677 -0.651679 -0.140761
v -0.161252 -0.017102 0.142430
v -0.154353 -0.030203 0.140085
v -0.150477 -0.048401 0.130065
v 0.046726 -0.556067 -0.148753
v -0.150763 0.138230 0.187715
v -0.156904 0.145389 0.206681
v -0.160423 0.140647 0.219036
v -0.162038 0.130193 0.221420
v -0.157429 0.143009 0.251952
v 0.004290 0.099527 0.336292
v -0.005368 0.097604 0.335974
v -0.077358 -0.067259 0.268374
v -0.114377 -0.072659 0.262310
v -0.074899 -0.078839 0.263961
v -0.064731 -0.028966 0.283690
v -0.063227 -0.054348 0.276439
v 0.051980 0.039620 0.309173
v 0.046004 0.011035 0.305229
v 0.042845 0.049655 0.316886
v 0.047140 0.054706 0.313834
v -0.019284 -0.570952 -0.261212
v -0.001567 -0.604769 -0.257747
v -0.012882 -0.600097 -0.255050
v -0.014508 -0.579712 -0.260266
v 0.009526 0.323154 0.339382
v 0.020480 0.311141 0.333673
v 0.027721 0.297109 0.321866
v 0.077936 -0.060613 -0.081810
v 0.062850 -0.036329 -0.069941
v -0.118557 -0.109968 0.215130
v -0.102661 -0.117564 0.217966
v -0.129879 -0.095320 0.235241
v 0.099767 -0.000847 0.182197
v 0.106536 0.003033 0.160624
v 0.112106 -0.002732 0.145037
v 0.117186 -0.015753 0.136522
v 0.122116 -0.007049 0.142904
v 0.068831 0.075817 0.094079
v 0.070369 0.054059 0.087481
v 0.062609 0.073800 0.084565
v 0.068173 0.090658 0.095472
v -0.045230 -0.587579 -0.235138
v -0.038854 -0.583327 -0.226541
v -0.096957 0.186775 0.131496
v -0.091304 0.168812 0.129491
v -0.053719 -0.401194 0.070920
v 0.101144 -0.007704 0.084060
v 0.099272 0.004719 0.091860
v 0.128601 0.000300 0.107214
v -0.148700 0.147219 0.094143
v -0.148085 0.131438 0.107775
v -0.071178 -0.222908 -0.226470
v -0.055356 -0.291169 -0.262832
v -0.064621 -0.287455 -0.235246
v -0.052597 -0.338541 -0.259790
v 0.061148 -0.549623 -0.143003
v 0.048480 -0.535835 -0.162164
v 0.131230 0.071815 0.237647
v 0.131027 0.103571 0.242363
v 0.141079 0.098963 0.251117
v 0.144772 0.087567 0.253246
v -0.008208 -0.468464 0.061291
v -0.005001 -0.533692 0.043630
v -0.007754 -0.519505 0.053340
v 0.087142 -0.247474 -0.066169
v 0.076330 -0.231775 -0.058570
v 0.100253 -0.233040 -0.069073
v 0.099658 -0.250427 -0.071194
v 0.098760 -0.245070 -0.046703
v 0.002615 0.188260 0.103726
v 0.023837 0.185211 0.105545
v -0.000053 0.172212 0.097362
v -0.025657 0.178974 0.103538
v -0.003010 0.188089 0.103712
v -0.088329 -0.255244 -0.002590
v -0.091809 -0.243422 0.008755
v -0.091512 -0.260732 -0.021016
v -0.100922 -0.225806 0.003230
v -0.103264 -0.220318 0.016386
v 0.160389 -0.027925 0.129304
v 0.144977 -0.074036 0.104612
v 0.152724 -0.051033 0.107529
v 0.152478 -0.034488 0.138872
v 0.144316 -0.066370 0.123626
v -0.133343 0.117793 0.249876
v -0.134285 0.115373 0.248596
v -0.137849 0.094628 0.245947
v -0.130630 0.102378 0.242116
v 0.153852 0.147217 0.202876
v 0.157651 0.141588 0.253211
v 0.161785 0.129568 0.225365
v 0.161096 0.137885 0.218085
v -0.064814 -0.311925 -0.014412
v -0.061422 -0.390466 -0.071074
v -0.062552 -0.371330 -0.047538
v -0.064268 -0.371123 -0.062824
v 0.073333 0.063107 0.256828
v 0.078488 0.059507 0.251190
v 0.090061 0.100284 0.255412
v 0.071831 0.041239 0.253398
v -0.084484 -0.043316 0.044410
v 0.070550 -0.235541 -0.108747
v 0.058864 -0.252837 -0.113732
v 0.061653 -0.191730 -0.099212
v 0.055708 -0.319434 -0.126940
v 0.050589 -0.302484 -0.124527
v 0.065457 -0.274842 -0.117795
v 0.132524 -0.057868 0.264291
v 0.136418 -0.066441 0.259753
v 0.119406 -0.070279 0.262704
v 0.143055 0.186934 0.256780
v 0.138984 0.192911 0.252052
v 0.136708 0.185672 0.241865
v 0.127346 0.195453 0.236130
v 0.121024 -0.144631 0.046831
v 0.120456 -0.150041 0.078730
v 0.116435 -0.173614 0.047597
v 0.125956 -0.139209 0.075941
v -0.064016 -0.400479 -0.201220
v 0.123677 0.097404 0.304906
v 0.119740 0.075596 0.285213
v 0.119148 0.071527 0.275018
v 0.102136 0.078473 0.288002
v 0.102431 0.093354 0.305726
v 0.120594 0.080702 0.293497
v 0.102524 0.088235 0.302174
v 0.102588 0.083039 0.296221
v -0.074071 -0.120214 -0.249969
v -0.062075 -0.550044 -0.110527
v 0.120535 -0.124958 0.124256
v 0.137971 -0.086812 0.117367
v 0.129830 -0.106064 0.122892
v 0.129341 -0.121560 0.106869
v 0.047620 -0.023895 0.038864
v 0.056797 -0.035261 0.029609
v 0.046068 -0.044604 0.024592
v 0.068557 -0.042988 0.021266
v 0.063894 -0.054656 0.014213
v 0.009579 -0.599622 -0.101043
v 0.016088 -0.563983 -0.081816
v 0.002599 0.311461 0.078675
v 0.000031 0.315691 0.094181
v 0.010911 0.317332 0.097080
v -0.000205 0.318996 0.128851
v 0.009134 0.316444 0.152292
v 0.008789 0.318853 0.132920
v 0.075312 -0.231146 -0.059152
v 0.075260 -0.235144 -0.102812
v 0.098740 -0.159994 0.109617
v 0.110176 -0.156420 0.093136
v 0.038042 -0.197853 0.178115
v -0.140063 0.094163 -0.026952
v -0.111148 0.013607 0.007744
v -0.142666 0.107353 -0.005283
v -0.142913 0.129788 -0.017287
v 0.032326 -0.583986 -0.130785
v -0.067288 0.036086 0.077775
v -0.080741 0.026323 0.087087
v 0.064277 0.300607 0.211720
v 0.047835 0.314669 0.203847
v 0.093490 0.245859 0.194001
v -0.053916 0.130595 -0.199969
v -0.048397 0.078781 -0.129461
v -0.049504 0.090293 -0.178943
v -0.042872 0.013805 -0.126847
v 0.142532 0.132902 -0.026157
v 0.141292 0.149348 -0.064354
v 0.142962 0.154404 -0.041546
v 0.137183 0.168734 -0.063140
v -0.093730 -0.098059 0.194749
v -0.100772 -0.091686 0.209342
v -0.101147 0.121008 0.291842
v -0.102406 0.088401 0.302302
v -0.102273 0.080467 0.292428
v -0.120614 0.080714 0.293556
v -0.036378 -0.075051 -0.165722
v -0.001160 -0.675330 -0.169595
v 0.014424 -0.674493 -0.154483
v -0.013575 -0.674621 -0.155140
v -0.035945 -0.665665 -0.150398
v -0.048018 -0.660018 -0.161417
v -0.035474 -0.667251 -0.166944
v -0.075143 0.073651 0.259166
v -0.089502 0.110927 0.259726
v -0.079731 0.069241 0.253155
v -0.067139 0.051914 0.262420
v -0.071651 0.050460 0.255051
v 0.130433 0.182791 -0.102373
v 0.123260 0.212247 -0.112609
v 0.123066 0.207081 -0.131718
v 0.161801 -0.018653 0.117136
v 0.132529 -0.006228 0.105241
v 0.070555 -0.125956 -0.076798
v 0.028829 -0.114576 -0.075851
v 0.030136 -0.134771 -0.083337
v -0.117252 -0.018807 0.135526
v -0.128593 -0.022703 0.137286
v -0.112404 -0.030369 0.132054
v 0.136522 -0.042209 0.266351
v 0.130950 -0.014023 0.265307
v -0.136102 -0.085013 0.245036
v -0.139874 -0.069701 0.256102
v -0.143387 -0.076777 0.245334
v 0.086863 -0.040072 0.031767
v 0.087455 -0.016789 0.063516
v -0.037402 -0.027035 -0.268073
v -0.035899 -0.038276 -0.266848
v 0.075492 0.268473 0.249434
v 0.066702 0.280914 0.248866
v 0.059387 0.283904 0.262913
v -0.030603 0.194762 0.109446
v 0.150550 0.194468 0.140622
v 0.139803 0.193457 0.120512
v 0.135625 0.192428 0.130256
v 0.151190 0.185636 0.143849
v 0.144852 0.195530 0.114738
v 0.069611 -0.157506 -0.088915
v 0.058054 -0.134831 -0.082894
v 0.067391 -0.125138 -0.078519
v 0.071505 -0.192254 -0.098343
v 0.051043 -0.355889 -0.258136
v -0.162428 -0.016306 0.118812
v -0.162442 -0.015850 0.125068
v -0.163931 -0.009619 0.142021
v -0.164274 0.000509 0.129968
v -0.053808 -0.613799 -0.138859
v -0.058039 -0.636258 -0.150763
v -0.052107 -0.618527 -0.129316
v -0.051748 -0.594095 -0.122694
v 0.078398 -0.208144 0.086475
v 0.104474 -0.175007 0.076586
v 0.092812 -0.172656 0.100271
v -0.042603 -0.091585 -0.256422
v -0.025700 -0.094584 -0.254518
v -0.068946 -0.058133 -0.266945
v 0.039053 -0.581996 -0.225329
v 0.039942 -0.587137 -0.232118
v 0.045324 -0.587669 -0.235086
v 0.026210 -0.671068 -0.155859
v 0.029522 -0.669484 -0.169391
v 0.042628 -0.663667 -0.163456
v 0.010047 -0.674632 -0.170814
v -0.096895 -0.004056 0.269299
v -0.097176 -0.011422 0.271805
v -0.074353 0.002967 0.282782
v -0.058467 -0.114979 -0.252539
v -0.061280 -0.101414 -0.253874
v -0.072809 0.044299 0.086500
v -0.065184 0.060664 0.083846
v -0.074363 0.059308 0.097708
v -0.078181 0.041809 0.093494
v -0.086419 0.045140 0.118397
v 0.030981 0.286835 0.313547
v 0.042056 0.288099 0.302424
v -0.003598 -0.436952 0.043358
v 0.026250 -0.443657 0.045016
v 0.006122 -0.438337 0.036948
v 0.075820 0.263744 0.252717
v 0.070470 0.262545 0.261104
v 0.047791 0.294223 0.299742
v 0.051890 0.283981 0.285074
v 0.056242 0.285550 0.273839
v -0.027806 0.201420 0.324773
v -0.017499 0.225534 0.330354
v -0.142002 -0.084384 0.238337
v -0.103783 -0.082027 0.219854
v -0.051342 0.228939 0.123536
v -0.064183 0.229850 0.133988
v -0.056316 0.243573 0.129454
v -0.042992 0.253275 0.115112
v -0.049521 0.253936 0.120922
v -0.044666 0.268545 0.111046
v -0.086058 -0.107846 -0.107918
v -0.084698 -0.121176 -0.114097
v -0.051107 -0.108321 -0.110973
v -0.160373 0.028333 0.156157
v -0.147675 0.048488 0.163199
v 0.105219 -0.126476 0.149611
v 0.095902 -0.134214 0.167814
v 0.104940 -0.123987 0.167528
v -0.109689 0.104821 -0.248414
v -0.111995 0.045959 -0.215037
v -0.105903 0.035957 -0.231017
v 0.097588 0.186896 0.133872
v 0.094233 0.184932 0.121818
v 0.074535 -0.083956 0.261552
v 0.076038 -0.095776 0.254316
v 0.112974 -0.079630 0.258620
v 0.045559 -0.074784 0.272678
v -0.158264 0.065431 0.179928
v -0.144701 0.058713 0.166700
v -0.142408 0.120878 0.171808
v -0.151960 0.078844 0.177495
v -0.151308 -0.030824 0.257410
v -0.126884 -0.041026 0.244239
v -0.137844 -0.021692 0.239910
v -0.143857 -0.013955 0.233724
v 0.053977 -0.130518 0.235207
v 0.068284 -0.130276 0.226701
v 0.069407 -0.064644 -0.264631
v 0.082941 -0.066725 -0.263310
v 0.079788 -0.086310 -0.253413
v 0.071037 -0.078933 -0.259152
v -0.061540 -0.168064 0.174552
v -0.078876 -0.151952 0.164590
v -0.078712 -0.157018 0.153378
v 0.063784 -0.298658 -0.121047
v 0.071957 -0.261693 -0.109098
v 0.067337 -0.281465 -0.068032
v 0.067309 -0.286388 -0.114636
v -0.046018 -0.532189 -0.032692
v -0.043618 -0.607682 -0.081919
v -0.047652 -0.608643 -0.092910
v -0.049377 -0.613602 -0.112791
v -0.048073 -0.622333 -0.114544
v -0.068107 -0.170732 0.156107
v -0.056119 -0.179158 0.170682
v -0.044708 -0.167988 0.194076
v 0.079938 -0.297144 -0.041845
v 0.072230 -0.337914 -0.074454
v 0.096816 -0.240954 -0.004662
v 0.025934 -0.040085 0.289218
v 0.045446 -0.054485 0.281611
v -0.069517 0.017808 0.268557
v -0.076243 0.015918 0.259958
v -0.083577 0.003339 0.271473
v -0.067217 0.037109 0.259807
v -0.073722 0.039569 0.251811
v -0.070023 0.028683 0.257573
v 0.094560 -0.171834 -0.165229
v 0.079248 -0.264467 -0.182625
v 0.076957 -0.236604 -0.202807
v -0.032137 -0.174537 0.200738
v -0.024896 -0.165149 0.217615
v -0.021422 -0.177380 0.208793
v 0.054098 -0.107195 -0.110261
v 0.035268 -0.118092 -0.115447
v 0.036468 -0.063129 -0.193696
v -0.100318 -0.088118 0.054414
v -0.124446 -0.121937 0.056793
v 0.122003 -0.079355 0.141746
v -0.052237 -0.452073 -0.101069
v -0.054876 -0.453065 -0.080044
v -0.056452 -0.430179 -0.047159
v -0.054390 -0.469135 -0.102733
v -0.022713 -0.445900 -0.100242
v 0.082629 0.003577 0.272317
v 0.073524 0.015989 0.263595
v 0.071515 0.014176 0.273360
v 0.067247 0.048066 0.260869
v 0.064944 0.039321 0.264300
v 0.055374 0.042086 0.297717
v -0.086393 -0.075214 0.028822
v -0.093043 -0.083558 0.002246
v -0.099045 -0.095022 -0.025571
v -0.085660 -0.052015 0.036152
v -0.088237 -0.072566 0.022730
v -0.000032 -0.536015 0.038736
v -0.002355 -0.507104 0.050175
v 0.003864 -0.505644 0.050939
v 0.005097 -0.533618 0.043739
v 0.011101 -0.511348 0.054325
v 0.000156 -0.523811 0.063352
v 0.008103 -0.507822 0.052084
v -0.050470 0.104014 -0.224102
v -0.111520 0.116421 -0.241766
v -0.140146 0.158210 0.281450
v -0.143508 0.147604 0.281989
v -0.141084 0.149219 0.267195
v -0.154004 0.155943 0.276077
v 0.051407 0.105000 -0.105607
v 0.042785 0.041564 -0.013626
v 0.055301 0.027165 -0.019618
v 0.075990 0.006466 -0.026827
v 0.082588 0.017225 -0.010963
v 0.030932 0.294956 0.082283
v 0.039116 0.297078 0.085624
v 0.025128 0.305263 0.077748
v 0.038692 0.304275 0.085147
v 0.031010 0.300528 0.078852
v 0.135713 0.035140 0.226835
v 0.144343 0.037701 0.217627
v 0.150690 0.047245 0.212071
v 0.149409 0.129649 0.084522
v 0.148831 0.153274 0.087107
v -0.096881 -0.050663 0.223894
v -0.101155 -0.040456 0.227663
v -0.122989 -0.056175 0.242112
v -0.122408 -0.066400 0.238955
v -0.145278 -0.065326 0.252893
v 0.045250 -0.629713 -0.111968
v 0.049390 -0.600385 -0.093342
v 0.049131 -0.617299 -0.114362
v 0.053856 -0.557403 -0.082717
v 0.010953 -0.432298 -0.097014
v 0.008926 -0.406686 -0.090217
v 0.031070 -0.427327 -0.097005
v -0.083688 0.219539 0.148206
v -0.080195 0.215108 0.141561
v -0.065747 0.248661 0.143010
v -0.007543 -0.507579 0.051740
v 0.087710 -0.083646 0.021047
v 0.085789 -0.055511 0.035109
v 0.054735 -0.435554 -0.069548
v 0.052217 -0.452395 -0.101005
v 0.052191 -0.440354 -0.100225
v 0.029155 -0.452505 -0.101073
v 0.031691 -0.441821 -0.099718
v 0.057487 -0.061886 0.011494
v 0.063192 -0.073848 0.003664
v 0.063325 -0.069581 -0.001440
v -0.057316 -0.516328 -0.112478
v -0.063098 -0.527345 -0.093877
v -0.058115 -0.514555 -0.097149
v 0.138774 0.177467 0.236061
v 0.130030 0.183980 0.225074
v -0.149993 0.164343 0.253241
v -0.149593 0.164085 0.275726
v -0.042986 -0.363672 -0.131832
v -0.052605 -0.339801 -0.128326
v -0.050975 -0.337129 -0.129660
v -0.057829 -0.310195 -0.125142
v -0.063328 -0.300212 -0.121489
v -0.065443 -0.274880 -0.117803
v -0.052626 -0.057052 0.015158
v -0.038249 -0.040160 0.028587
v -0.061437 -0.066248 0.008342
v -0.069497 -0.091486 -0.007639
v 0.081210 0.231533 0.264690
v 0.098534 0.228629 0.251516
v 0.068010 0.221556 0.279659
v -0.140970 -0.057431 0.261405
v -0.117410 -0.051395 0.268620
v -0.143139 0.073510 0.243863
v 0.105938 0.035509 -0.229803
v 0.109851 0.075978 -0.241016
v 0.061798 -0.528513 -0.111069
v 0.065652 -0.542660 -0.109969
v -0.038535 -0.543888 -0.206472
v -0.033779 -0.550390 -0.209922
v 0.033612 -0.454096 0.034265
v 0.032326 -0.440467 0.052984
v 0.035357 -0.444845 0.047322
v -0.116245 0.164367 0.248064
v -0.124696 0.157064 0.248853
v -0.120618 0.127759 0.243283
v -0.128579 0.128126 0.246924
v -0.045254 0.046024 -0.128869
v -0.049160 0.091564 -0.232655
v -0.059427 -0.405508 -0.085401
v -0.065377 -0.391820 -0.098737
v -0.059778 -0.409736 -0.097849
v -0.065962 -0.382854 -0.089409
v 0.081773 0.147370 0.118310
v 0.074950 0.156893 0.115578
v 0.063869 0.124869 0.094203
v 0.058919 0.132543 0.092681
v 0.035418 -0.664884 -0.146185
v -0.056767 -0.556559 -0.090717
v -0.070369 -0.169613 -0.092436
v -0.071763 -0.221889 -0.105558
v -0.074571 -0.182005 -0.093678
v -0.072017 -0.143866 -0.082923
v -0.067843 -0.134714 -0.081838
v 0.038437 -0.654641 -0.233581
v 0.031722 -0.657179 -0.234430
v 0.069222 -0.008657 0.051007
v 0.081845 -0.017206 0.054238
v 0.082500 -0.027680 0.046340
v 0.079861 -0.023447 0.041945
v 0.144612 -0.072340 0.113339
v 0.057062 -0.640844 -0.162364
v 0.053982 -0.652058 -0.161917
v 0.055273 -0.644085 -0.164562
v 0.052556 -0.629747 -0.158738
v -0.131247 0.215786 0.014013
v -0.103881 0.195805 0.017275
v 0.044806 0.235330 0.119016
v 0.042642 0.252184 0.115118
v -0.006356 0.324159 0.202443
v -0.031513 0.320304 0.203151
v -0.010004 0.323057 0.213126
v 0.009594 0.323804 0.202977
v 0.001993 0.323837 0.214968
v 0.027206 0.321237 0.204300
v -0.016484 -0.662738 -0.129963
v -0.030341 -0.666435 -0.143721
v -0.030154 -0.659286 -0.129853
v -0.094347 0.005485 0.087811
v -0.099828 -0.013597 0.079284
v 0.018708 -0.290950 -0.189103
v 0.025183 -0.282057 -0.150319
v -0.126853 0.110694 0.301049
v -0.101669 0.116697 0.299377
v 0.061420 0.101390 0.048494
v 0.065155 0.105124 0.060820
v -0.050659 -0.435445 -0.227824
v -0.055540 -0.443042 -0.217255
v -0.057682 -0.400733 -0.217109
v -0.062602 -0.381030 -0.206630
v 0.122573 0.158335 0.248193
v 0.111911 0.149480 0.247782
v 0.110177 0.128369 0.247479
v -0.072750 0.166880 0.058860
v -0.072591 0.157961 0.077458
v -0.073749 0.165422 0.068432
v -0.119529 0.186743 0.094948
v -0.075451 0.165277 0.077798
v 0.058742 -0.219046 0.124612
v 0.055990 -0.244496 0.107864
v 0.052768 -0.232421 0.126506
v 0.039952 -0.240761 0.148029
v -0.109921 -0.016842 -0.059049
v -0.126822 0.043314 -0.038427
v -0.093158 0.062763 0.139119
v -0.090968 0.082236 0.139145
v -0.092758 0.094018 0.141171
v -0.022134 -0.568952 -0.122771
v 0.115691 0.002735 0.151431
v 0.122252 -0.000558 0.148447
v 0.147435 -0.001850 0.167719
v 0.125082 0.003418 0.155962
v 0.160517 0.027435 0.155346
v 0.140802 0.039672 0.153159
v 0.061013 -0.452326 -0.208066
v 0.059219 -0.542106 -0.215898
v 0.106652 0.181005 0.085093
v 0.102772 0.182084 0.070424
v 0.087664 0.181462 0.031500
v 0.049313 -0.400546 -0.241702
v 0.048569 -0.463258 -0.227900
v 0.056853 -0.433076 -0.215604
v 0.068282 -0.123038 -0.250973
v 0.063167 0.056905 0.080848
v 0.073613 0.036652 0.083957
v 0.087980 0.039019 0.116434
v 0.083740 0.031921 0.097175
v -0.021821 -0.243288 -0.198610
v -0.014645 -0.275671 -0.233119
v -0.010866 -0.261913 -0.264680
v -0.008950 -0.294048 -0.267157
v -0.023325 -0.277822 -0.265089
v -0.012643 0.038594 0.320705
v -0.035497 0.010552 0.308473
v -0.158716 0.065265 0.197893
v -0.161670 0.078211 0.188766
v -0.092573 0.026924 0.010000
v 0.105690 -0.054439 0.232927
v 0.102037 -0.029949 0.225251
v 0.098636 -0.043790 0.225305
v 0.098310 -0.022642 0.216964
v 0.064349 -0.508895 -0.208351
v 0.059638 -0.481862 -0.211501
v -0.148018 -0.030948 0.143750
v -0.126657 -0.031748 0.135286
v -0.156301 -0.016772 0.149973
v 0.061563 0.293745 0.165263
v 0.066000 0.270392 0.157301
v 0.060573 0.284511 0.152028
v 0.056418 0.276101 0.132939
v 0.056928 0.266704 0.133216
v -0.150778 -0.022065 0.147577
v -0.135520 -0.009714 0.146961
v 0.002270 0.184770 0.334757
v 0.080857 0.278007 0.209375
v 0.081132 0.273256 0.199429
v 0.074640 0.291821 0.205435
v 0.076015 0.278762 0.191041
v 0.030723 -0.514467 -0.029288
v 0.023519 -0.554337 -0.063652
v 0.031432 -0.496662 -0.016797
v -0.103790 0.209452 0.259893
v -0.128130 0.176669 0.264336
v -0.149210 0.186968 0.132074
v -0.123673 0.190513 0.126185
v 0.070997 0.018820 0.072633
v 0.130492 0.103423 -0.162595
v 0.127977 0.093111 -0.174415
v 0.132182 0.058324 -0.139554
v -0.022254 0.301501 0.273662
v -0.000387 0.308471 0.289693
v 0.024077 0.301690 0.279812
v -0.120534 0.186988 0.100424
v -0.135978 0.192794 0.112168
v -0.143339 0.196773 0.107241
v -0.146366 0.194732 0.122342
v -0.054247 0.047999 0.300652
v 0.010007 -0.451140 0.061698
v -0.024365 -0.443860 0.062965
v -0.030617 -0.435713 0.068696
v -0.025796 -0.440336 0.060188
v -0.007531 -0.653174 -0.120074
v -0.004378 -0.632205 -0.113634
v 0.162811 0.005541 0.205165
v 0.161575 0.001135 0.230077
v 0.113375 0.014191 -0.015015
v 0.105870 -0.007304 -0.022317
v 0.114726 0.010108 -0.033327
v 0.001922 -0.179996 0.218501
v -0.004385 -0.179422 0.218425
v -0.003711 -0.220477 0.198695
v -0.012964 -0.632770 -0.096404
v -0.009156 -0.625541 -0.105978
v -0.032661 -0.590133 -0.066320
v 0.096283 0.083060 0.143389
v 0.098099 0.072233 0.144384
v 0.085571 0.093381 0.130257
v -0.031242 -0.549585 -0.207236
v -0.119479 -0.006611 0.266021
v -0.129882 -0.010337 0.264504
v 0.056837 -0.558510 -0.173002
v 0.057682 -0.556949 -0.193917
v 0.024622 0.168470 0.098758
v 0.004152 0.156787 0.089617
v 0.162591 0.099645 0.192728
v 0.161843 0.129114 0.205818
v 0.162745 0.121747 0.209706
v 0.162564 0.113881 0.196066
v -0.068692 -0.364011 -0.189795
v -0.069051 -0.386582 -0.158774
v -0.070553 -0.364672 -0.155093
v -0.035231 -0.367991 -0.156899
v -0.003683 -0.341709 -0.153956
v -0.036895 0.048792 0.060745
v -0.041337 0.034630 0.059404
v -0.056327 0.036621 0.069706
v 0.157133 -0.005429 0.244116
v 0.062784 0.275800 0.266965
v 0.054749 0.276006 0.280143
v 0.061675 0.269678 0.270754
v 0.055066 0.261787 0.280324
v 0.049850 0.270242 0.286434
v 0.031808 0.267595 0.306993
v 0.000120 -0.344834 -0.268606
v -0.000064 -0.343011 -0.153950
v -0.000242 0.008821 0.043397
v 0.005596 0.050241 0.051458
v 0.105191 -0.044012 0.232278
v -0.037559 -0.076597 -0.098670
v -0.036082 -0.102927 -0.109826
v -0.037163 -0.079544 -0.125093
v 0.041901 -0.573838 -0.217925
v 0.156481 0.148705 0.243284
v 0.150957 0.161276 0.276427
v 0.141552 0.154375 0.282016
v 0.154708 0.150405 0.275702
v 0.119855 0.185873 0.169552
v 0.125700 0.189913 0.165733
v 0.005515 -0.469470 -0.025013
v 0.008046 -0.460351 -0.011909
v 0.030085 -0.457903 0.024257
v 0.013368 -0.453671 0.004533
v 0.016406 -0.465076 -0.009500
v -0.034950 -0.123179 -0.117237
v -0.034021 -0.148338 -0.125140
v -0.033019 -0.125394 -0.145135
v -0.057306 0.301879 0.159961
v -0.054371 0.305633 0.164866
v -0.050565 0.307806 0.117799
v -0.061831 0.302239 0.175692
v -0.061933 0.125463 0.092558
v -0.076153 0.143009 0.111756
v -0.070022 0.145708 0.107237
v -0.085812 0.158770 0.124663
v 0.020198 -0.672577 -0.171464
v -0.120402 0.033559 0.237174
v -0.127330 0.018831 0.241634
v 0.096672 0.057794 0.141035
v 0.096381 0.042507 0.132492
v 0.091098 0.047101 0.129099
v 0.092415 0.034046 0.120244
v 0.000257 0.022351 0.315343
v -0.033316 -0.005358 0.303170
v -0.032620 -0.511338 -0.244931
v -0.050329 -0.485443 -0.223596
v -0.043380 -0.481126 -0.233723
v -0.050637 -0.452873 -0.225284
v 0.083362 -0.145753 -0.123562
v -0.028059 0.267986 0.311520
v -0.061077 0.268241 0.143504
v -0.058307 0.279359 0.139646
v -0.063024 0.279496 0.156378
v 0.119999 0.197930 0.259105
v -0.053395 0.284312 0.282250
v -0.053629 0.266354 0.281656
v -0.046830 0.276346 0.291315
v 0.077971 -0.227535 0.060683
v 0.088046 -0.209875 0.061522
v 0.084002 -0.203071 0.079116
v -0.031884 0.304915 0.298117
v -0.029233 0.316790 0.331222
v -0.028206 0.298019 0.322123
v -0.020746 0.311607 0.333600
v 0.160483 -0.005295 0.161098
v 0.164899 0.015525 0.188339
v 0.164046 0.009382 0.184418
v 0.056768 0.007307 0.056196
v 0.062145 -0.003648 0.052119
v -0.066612 -0.065412 -0.031834
v -0.062518 -0.060443 -0.003492
v -0.066201 -0.083204 -0.003269
v -0.061673 -0.070324 0.004466
v -0.120825 0.050810 0.109929
v -0.107842 0.059464 0.095600
v 0.131693 -0.090100 0.242171
v 0.137650 -0.080120 0.248969
v 0.142310 -0.083047 0.239675
v 0.011061 0.274265 0.098281
v 0.020449 0.264699 0.105426
v 0.005415 0.270209 0.100148
v -0.005080 0.270571 0.099880
v -0.066739 -0.076326 -0.018826
v 0.142400 0.144442 0.268506
v 0.145804 0.133254 0.278984
v 0.144054 0.145457 0.281858
v -0.014919 -0.416844 -0.264608
v -0.009319 -0.373198 -0.265876
v -0.002707 -0.420107 -0.265668
v -0.003365 -0.438331 -0.263888
v -0.121156 0.047010 0.092820
v -0.149166 0.130433 0.091878
v 0.059664 -0.415324 0.054736
v -0.001701 0.306949 0.070208
v -0.123008 0.206253 -0.134099
v -0.134097 0.158927 -0.108103
v 0.002161 0.304663 0.069799
v -0.157975 -0.009511 0.236060
v -0.110657 -0.003477 0.201974
v -0.134131 -0.003033 0.208753
v -0.141387 0.000435 0.200474
v 0.111275 0.116435 0.298047
v 0.129633 0.118936 0.291012
v 0.060632 -0.356604 0.007529
v 0.058920 -0.391836 -0.007309
v 0.059968 -0.379610 -0.019958
v 0.066421 -0.339723 -0.045126
v 0.129995 0.006950 -0.086602
v 0.090015 -0.182558 -0.158375
v 0.088963 -0.165704 -0.144764
v 0.046446 0.264184 0.114867
v 0.037797 0.273811 0.104154
v 0.027276 0.268908 0.104671
v -0.058152 -0.408113 -0.011217
v -0.060151 -0.408698 0.037828
v -0.077630 0.284157 0.220059
v -0.135357 -0.083766 0.126846
v 0.058845 -0.402333 0.009237
v 0.060253 -0.404763 0.042242
v 0.059309 -0.377096 0.018702
v -0.103688 0.144412 0.255331
v -0.098053 0.127548 0.256939
v -0.055822 -0.423109 -0.057698
v -0.052192 -0.440365 -0.100231
v -0.040191 -0.429870 -0.098239
v -0.022723 -0.404326 -0.091201
v -0.044450 -0.618186 -0.092105
v 0.049003 0.290368 0.267068
v 0.048968 0.291306 0.276704
v 0.010901 -0.557934 -0.085089
v 0.006546 -0.592113 -0.102469
v -0.002603 -0.552224 -0.088000
v 0.002302 -0.551241 -0.087370
v 0.084530 -0.045240 0.043028
v 0.084134 -0.040348 0.038475
v -0.064348 0.023774 0.276059
v -0.056399 0.034717 0.301209
v -0.064306 0.027898 0.268956
v -0.070832 0.022117 0.260598
v 0.093390 -0.000939 -0.281539
v -0.089167 -0.110672 0.010465
v 0.093243 0.023389 0.247218
v 0.109929 0.025828 0.242928
v 0.054361 -0.556114 -0.148578
v 0.023890 0.319878 0.216640
v 0.007225 -0.330366 -0.225568
v 0.006169 -0.336331 -0.207226
v 0.101322 0.120548 0.292896
v 0.100638 0.123813 0.282606
v 0.056400 -0.384463 -0.224750
v 0.063512 -0.391121 -0.202919
v 0.055152 -0.405425 -0.222791
v 0.048189 -0.426293 -0.235565
v -0.050153 0.290622 0.276656
v -0.046963 0.291585 0.268994
v -0.026779 0.302009 0.284968
v -0.128797 0.096516 -0.170946
v -0.128916 0.086441 0.166187
v -0.144310 0.089477 0.172949
v -0.008389 -0.543522 -0.079066
v -0.003914 -0.538282 -0.078301
v 0.018652 -0.147968 -0.251859
v 0.025549 -0.139640 -0.206355
v -0.058962 -0.253164 -0.113806
v -0.051832 -0.302157 -0.124417
v -0.154980 0.122779 0.187093
v -0.146496 0.140468 0.182522
v -0.021586 -0.601505 -0.250488
v -0.025287 -0.586646 -0.251121
v 0.022858 -0.444003 0.061915
v 0.027618 -0.439386 0.063713
v 0.025692 -0.445862 0.067682
v 0.036119 -0.422368 0.073710
v -0.076678 -0.012948 0.051947
v -0.072490 -0.014991 0.046521
v -0.063702 -0.005030 0.051828
v -0.046318 -0.494793 -0.003491
v 0.100502 -0.227841 0.001579
v 0.103738 -0.179570 0.017088
v 0.106157 -0.198047 0.019012
v 0.102640 -0.200437 0.009017
v -0.029671 -0.114497 -0.075806
v -0.027422 -0.097286 -0.068514
v -0.066191 -0.114359 -0.074351
v 0.082893 -0.025585 0.035763
v 0.082355 -0.036880 0.023418
v 0.140038 0.145207 -0.079783
v 0.138800 0.081197 -0.044242
v 0.138910 0.102253 -0.069949
v 0.138692 0.121991 -0.086036
v -0.150289 -0.003481 0.217599
v -0.159617 -0.002178 0.220883
v -0.157601 0.002480 0.193173
v 0.002476 -0.189522 0.212823
v 0.015909 -0.185069 0.208287
v 0.142875 0.001068 0.172350
v 0.142280 0.001766 0.180726
v 0.121887 0.005209 0.162190
v 0.151244 0.000147 0.174813
v -0.056530 -0.643398 -0.163737
v -0.053474 -0.653180 -0.161561
v 0.031562 -0.549907 -0.206934
v -0.014615 -0.221753 0.190137
v -0.027726 -0.188075 0.195637
v -0.010459 -0.252093 0.176408
v 0.055668 -0.122350 0.241685
v 0.074938 -0.113593 0.241177
v 0.046259 -0.109153 0.254158
v -0.064639 -0.505669 -0.207742
v -0.137794 0.173251 -0.043267
v -0.045101 -0.613877 -0.182829
v -0.009766 -0.610146 -0.169848
v -0.026378 -0.612286 -0.174353
v 0.160105 0.124468 0.194040
v 0.121296 0.186736 -0.176044
v 0.120496 0.179675 -0.186593
v 0.057128 0.150094 -0.174943
v 0.000077 -0.588739 -0.261289
v -0.035216 -0.313858 0.117836
v -0.036604 -0.332949 0.108599
v -0.011070 -0.325747 0.140669
v 0.080440 0.123032 -0.222874
v 0.052270 0.118803 -0.211925
v 0.115771 0.144595 -0.222579
v 0.045042 0.041759 -0.142913
v 0.048276 0.077257 -0.159045
v -0.008725 -0.388111 0.120330
v -0.006774 -0.426857 0.108785
v -0.001491 -0.428810 0.110208
v -0.128991 0.180048 0.196699
v -0.125131 0.200124 0.237868
v -0.133598 0.198875 0.248469
v -0.119872 0.209189 0.241020
v 0.113483 -0.123597 0.048968
v 0.097290 -0.085927 0.052354
v 0.103867 -0.086766 0.057800
v 0.107485 -0.036170 0.076480
v 0.108425 -0.069793 0.067336
v 0.099998 -0.068661 0.061049
v -0.064405 -0.537323 -0.087561
v -0.062985 -0.521979 -0.057686
v -0.104246 -0.186135 0.016551
v -0.101638 -0.163680 0.019060
v -0.106710 -0.203746 0.019790
v -0.102729 -0.200060 0.009346
v -0.085951 0.252715 0.244809
v -0.100463 0.232401 0.240762
v -0.092229 0.238501 0.248947
v -0.075587 0.237621 0.266391
v -0.080382 0.254103 0.252548
v -0.085993 0.244856 0.251358
v 0.078242 -0.023057 0.278616
v 0.088925 -0.014264 0.274659
v 0.072888 0.000961 0.284084
v 0.075859 0.005886 0.280449
v 0.049407 -0.297157 0.093362
v 0.051491 -0.311289 0.085744
v 0.055663 -0.282759 0.075978
v 0.042872 -0.296208 0.109626
v 0.036669 -0.333171 0.108430
v 0.087691 0.005573 0.265270
v 0.082447 0.012184 0.259023
v 0.080689 -0.004506 0.277859
v 0.089480 -0.005826 0.272827
v 0.086972 0.000758 0.270807
v -0.085053 -0.210396 -0.153507
v -0.083331 -0.200808 -0.137301
v 0.050949 0.109279 0.079487
v 0.039459 0.115121 0.074373
v 0.086354 -0.063537 0.137666
v 0.090436 -0.031160 0.141595
v 0.095167 -0.030291 0.136376
v -0.095205 0.028472 0.117534
v -0.095659 0.016470 0.100480
v -0.104000 0.011804 0.103227
v -0.106318 0.003675 0.096660
v -0.030536 -0.137074 -0.164416
v -0.026815 -0.158426 -0.186678
v -0.023855 -0.132448 -0.224458
v -0.027659 -0.133204 -0.193306
v -0.022443 -0.161257 -0.217539
v 0.045937 0.306199 0.096909
v 0.048792 0.309089 0.114409
v 0.054440 0.305352 0.158756
v 0.106065 -0.213013 0.019139
v 0.103261 -0.220409 0.016446
v 0.103364 -0.211747 0.012135
v 0.105341 -0.202359 0.034617
v -0.087038 -0.208333 -0.173868
v -0.018192 -0.151908 -0.252138
v -0.020546 -0.130784 -0.251347
v -0.038041 -0.147256 -0.252826
v -0.040631 -0.129312 -0.252510
v -0.155605 0.143175 0.273544
v -0.160943 0.122828 0.234830
v -0.145465 0.137110 0.280272
v -0.154410 0.128137 0.269691
v -0.012997 -0.349562 0.129823
v 0.097750 -0.011299 0.148603
v 0.105661 0.000475 0.152850
v -0.054160 -0.254143 0.104788
v -0.061749 -0.251608 0.081400
v -0.050122 -0.271622 0.103288
v -0.062014 -0.220504 0.114862
v -0.094069 -0.022487 0.142767
v -0.100724 -0.017714 0.138325
v -0.100872 -0.031034 0.133158
v -0.108378 -0.020682 0.134542
v 0.063883 -0.272089 0.041633
v 0.063854 -0.283071 0.024657
v 0.067629 -0.272589 0.021267
v 0.059077 -0.284486 0.059206
v -0.063596 0.301018 0.211435
v -0.038446 -0.655129 -0.233449
v -0.057121 0.135883 0.309869
v -0.043685 0.107792 0.322989
v -0.050222 0.126352 0.317520
v 0.051681 -0.617173 -0.127580
v 0.050953 -0.626542 -0.126863
v -0.105217 -0.009940 -0.025651
v -0.111325 -0.001480 -0.038643
v -0.101840 -0.023543 -0.041534
v -0.071000 0.002288 -0.033731
v -0.046525 0.312739 0.213683
v -0.047177 0.315405 0.200677
v 0.076476 -0.039453 0.276425
v -0.040600 0.016069 -0.037963
v -0.044846 0.049817 -0.084734
v -0.077279 0.011703 -0.020716
v 0.045255 -0.614213 -0.232704
v 0.031071 -0.582117 -0.246721
v 0.020634 -0.587523 -0.254354
v 0.109076 0.055508 0.085901
v 0.070469 0.251534 0.152272
v 0.062948 0.270329 0.149300
v 0.013045 -0.472793 -0.022906
v 0.008236 -0.498836 -0.046219
v 0.013759 -0.509168 -0.049809
v 0.065281 -0.283092 0.013133
v -0.142090 0.042614 0.221314
v -0.139245 0.048392 0.227516
v -0.151316 0.049681 0.212101
v -0.112886 0.003684 0.153829
v -0.108808 -0.003856 0.145127
v -0.125802 0.003798 0.157180
v 0.031180 -0.182819 -0.097359
v 0.060029 -0.158037 -0.090044
v -0.048151 0.244158 0.120581
v -0.024919 0.246562 0.111664
v 0.090605 0.196890 -0.047904
v 0.125646 0.219293 -0.029041
v -0.091999 -0.096153 0.147213
v -0.114732 -0.103462 0.156181
v -0.082418 -0.063669 0.142310
v -0.081920 -0.087257 0.140984
v -0.017357 -0.465805 -0.008941
v -0.019085 -0.456694 0.007997
v 0.093653 -0.104046 0.173586
v 0.116182 -0.109448 0.166388
v 0.089296 -0.101396 0.180884
v 0.081099 -0.096454 0.179996
v 0.085814 -0.095081 0.191137
v -0.039356 0.216724 0.116585
v -0.043344 0.229465 0.118744
v -0.042415 0.244789 0.116658
v 0.064996 0.180901 -0.058793
v 0.101658 0.204818 -0.063490
v -0.082163 -0.097671 0.179976
v -0.095513 -0.103230 0.183826
v -0.085289 -0.100823 0.173312
v -0.078050 -0.095817 0.164207
v -0.094919 -0.259646 -0.034213
v -0.096964 -0.242702 -0.010664
v 0.059273 0.115881 0.028582
v 0.069541 0.147912 0.075600
v 0.063654 0.134641 0.036797
v 0.063456 0.123055 0.047664
v 0.067364 0.135944 0.297311
v 0.069958 0.127759 0.293123
v 0.074850 0.142590 0.289319
v -0.068393 -0.360913 -0.076681
v -0.069214 -0.337212 -0.059378
v -0.022475 -0.674323 -0.211959
v 0.092783 0.068473 0.139866
v 0.089628 0.057877 0.131781
v 0.094730 0.083328 0.144166
v 0.089577 0.082701 0.137138
v 0.091624 0.098493 0.138958
v -0.039107 -0.560437 -0.207915
v -0.046762 -0.560663 -0.209926
v -0.054639 -0.552698 -0.207094
v -0.035860 -0.291087 -0.264568
v 0.036907 0.092797 0.326674
v 0.026234 0.131695 0.331301
v 0.144222 0.146881 -0.006935
v 0.143549 0.125045 -0.005452
v -0.051396 -0.652912 -0.149998
v -0.044952 -0.659003 -0.147610
v -0.160340 0.137632 0.207741
v -0.162391 0.115576 0.196259
v -0.162730 0.124542 0.208622
v 0.023282 -0.608278 -0.158027
v 0.054270 -0.537118 -0.143328
v 0.048959 -0.533162 -0.158568
v -0.121652 0.191668 0.265788
v -0.122230 0.198823 0.257776
v -0.056256 -0.057383 0.004158
v -0.008242 -0.557208 -0.087083
v -0.013495 -0.565560 -0.085580
v -0.120839 -0.002933 -0.073286
v -0.120477 -0.020467 -0.092330
v -0.071978 -0.135471 0.216248
v -0.043069 -0.150880 0.219686
v 0.037145 -0.071684 -0.151573
v 0.035230 -0.103909 -0.133122
v 0.040319 -0.028368 -0.162075
v 0.021620 -0.449537 0.064060
v 0.123018 -0.132378 0.108928
v 0.125946 -0.122478 0.116080
v 0.052253 -0.540185 -0.160159
v 0.052118 -0.533192 -0.158628
v -0.130871 -0.020142 -0.115917
v 0.037467 -0.026611 -0.268090
v 0.067499 -0.019443 -0.275012
v -0.114275 0.211210 0.227585
v -0.107783 0.222628 0.238056
v 0.077663 0.286095 0.215289
v 0.077153 0.283318 0.222533
v -0.096777 -0.116957 0.224749
v -0.062808 -0.135539 0.224051
v -0.098030 0.049154 0.138191
v -0.102530 0.062356 0.147428
v -0.085327 0.006201 0.265425
v -0.044104 0.114245 0.076585
v -0.027769 0.112943 0.068224
v -0.003377 0.102810 0.059819
v -0.059681 0.297529 0.162110
v 0.030716 -0.179092 -0.153304
v 0.059415 -0.196412 -0.136835
v 0.111867 0.183016 0.094969
v 0.074569 0.164903 0.074285
v -0.003286 0.114636 0.063098
v 0.004253 0.103929 0.060096
v 0.003618 0.118656 0.064806
v 0.028197 0.114450 0.068860
v 0.076648 0.091715 0.111064
v -0.086720 0.228632 0.261871
v -0.068965 0.224318 0.278031
v -0.069203 0.198486 0.285075
v -0.136629 0.104239 -0.111355
v 0.031127 -0.142175 -0.157140
v 0.029500 -0.157813 -0.165809
v 0.058879 -0.511792 -0.086021
v 0.062989 -0.527007 -0.093728
v -0.003071 0.201772 0.106809
v 0.000055 0.194226 0.103595
v 0.000004 0.220025 0.105998
v -0.035505 -0.514829 -0.018834
v -0.030426 -0.497420 -0.019673
v -0.037412 -0.494701 -0.000656
v -0.044321 -0.504736 -0.011303
v -0.036387 0.296855 0.083734
v -0.029562 0.295574 0.081200
v -0.040952 0.280307 0.101364
v -0.027501 0.304114 0.078169
v -0.023647 0.300736 0.076053
v 0.062301 -0.489078 -0.039020
v 0.060301 -0.485571 -0.042703
v -0.076789 -0.092719 0.170673
v -0.080153 -0.091641 0.184156
v 0.057442 0.301869 0.160202
v 0.052853 0.307743 0.170741
v 0.088082 0.240831 0.251777
v 0.104198 0.227518 0.240324
v 0.108683 0.220528 0.228440
v -0.007906 -0.525571 -0.197935
v -0.012791 -0.462878 -0.180982
v 0.006648 -0.512821 -0.194052
v 0.002413 -0.456704 -0.179588
v 0.010758 -0.673241 -0.147494
v 0.024372 -0.669054 -0.144278
v 0.003543 -0.394574 -0.163232
v -0.004094 -0.414613 -0.168182
v 0.005130 0.281349 0.093300
v -0.000004 0.293136 0.086104
v 0.005809 0.291934 0.082996
v -0.000106 0.282899 0.094620
v -0.057652 -0.635303 -0.158231
v -0.055216 -0.643952 -0.164657
v -0.062071 0.089680 0.054230
v -0.075518 0.074464 0.055673
v -0.056262 0.087798 0.043004
v -0.060702 0.101546 0.046523
v -0.063717 -0.285209 0.022167
v -0.080974 -0.227356 0.052591
v -0.005961 0.291952 0.082917
v 0.051146 -0.653312 -0.149957
v 0.043634 -0.658506 -0.143537
v 0.049148 -0.659035 -0.161039
v -0.083633 -0.184898 0.102918
v 0.002712 -0.492698 -0.257348
v 0.006532 -0.439970 -0.263419
v -0.004050 -0.465282 -0.259274
v -0.087804 -0.036352 -0.275441
v 0.062277 -0.345178 -0.010113
v 0.061749 -0.367532 -0.031691
v 0.063920 -0.346637 -0.031049
v 0.063154 -0.317019 0.000014
v -0.046927 0.304887 0.096853
v -0.039225 0.308390 0.090843
v -0.038334 0.304793 0.085349
v -0.067051 0.111055 0.067998
v -0.064421 0.096723 0.059129
v -0.023778 -0.608490 -0.158336
v 0.094011 -0.021476 0.069010
v 0.088317 -0.026301 0.058709
v 0.123166 -0.020015 0.092931
v 0.031180 0.254139 0.308932
v 0.025247 0.229898 0.322487
v 0.019265 0.254993 0.326223
v 0.019605 0.266481 0.324417
v 0.024450 0.278763 0.317688
v 0.017706 0.288653 0.329507
v 0.154150 -0.047807 0.101088
v -0.069999 0.169603 0.032943
v -0.122583 0.200963 0.047160
v -0.093022 0.181327 0.048336
v -0.092152 0.185101 0.029005
v -0.072409 -0.120462 -0.023624
v 0.056626 -0.159683 0.191269
v 0.079645 -0.143861 0.188909
v 0.100943 -0.123906 0.205056
v 0.096603 -0.083225 0.138273
v 0.101791 -0.089624 0.142047
v 0.072897 -0.260205 -0.063586
v 0.071993 -0.257436 -0.063728
v -0.011203 -0.674404 -0.170986
v -0.057636 0.051692 0.074949
v -0.048426 -0.535869 -0.162090
v -0.148629 0.153885 0.073748
v 0.150281 0.156521 0.209036
v 0.158420 0.146640 0.218865
v -0.048931 -0.533162 -0.158622
v -0.066572 -0.249889 0.064369
v -0.062156 -0.235572 0.098817
v -0.068714 -0.230858 0.084446
v -0.157822 0.022873 0.204562
v -0.052085 -0.533206 -0.158627
v -0.078910 -0.025081 0.278022
v -0.074702 -0.039977 0.276886
v -0.081029 0.000912 0.275912
v -0.088179 -0.008077 0.274227
v -0.081456 -0.009254 0.278000
v -0.093786 -0.175424 -0.166042
v 0.146598 0.031602 0.215751
v 0.140544 0.028980 0.224170
v 0.148339 -0.030486 0.144022
v 0.062927 -0.495995 -0.028918
v 0.061609 -0.428343 0.039255
v 0.065494 0.028140 0.266131
v 0.069249 0.029771 0.258141
v 0.063010 0.027011 0.275691
v -0.126532 -0.147432 0.049541
v -0.130956 -0.129901 0.058019
v 0.148460 -0.044555 0.259272
v 0.150917 -0.034083 0.258914
v 0.143856 -0.030386 0.263800
v -0.068695 -0.005002 0.054036
v -0.099963 -0.000443 0.180734
v -0.097453 -0.008769 0.202986
v -0.101530 -0.004779 0.199884
v -0.044268 -0.025926 0.037441
v -0.112331 -0.112039 0.154190
v -0.016731 0.262044 0.329208
v -0.012036 0.249166 0.333232
v 0.124510 -0.110150 0.130757
v 0.116907 -0.112873 0.141900
v 0.123989 -0.100704 0.135638
v -0.052072 -0.540100 -0.160218
v -0.004695 -0.455869 -0.007280
v -0.005389 -0.463920 -0.018693
v -0.011397 -0.457990 -0.005042
v -0.011868 -0.467683 -0.018108
v 0.037057 -0.583366 -0.240874
v -0.075791 -0.182201 -0.089572
v -0.075831 -0.180604 -0.047339
v -0.074213 -0.156536 -0.082422
v 0.138205 0.157178 0.265228
v 0.139887 0.144302 0.260843
v -0.034326 -0.427987 0.071992
v -0.036634 -0.421107 0.073758
v -0.030082 -0.439741 0.072112
v -0.099623 -0.228874 0.013139
v -0.106449 -0.195093 0.043435
v -0.106961 -0.202715 0.030186
v -0.072038 0.242174 0.148410
v -0.073067 0.228250 0.141717
v -0.081092 0.237695 0.158990
v 0.101645 -0.003620 0.195666
v -0.144744 0.165031 0.018667
v -0.143697 0.156407 -0.028361
v -0.144347 0.148154 -0.005272
v -0.075868 0.025754 0.252971
v -0.087404 0.057446 0.246212
v -0.046423 0.308095 0.102515
v -0.039043 0.312044 0.101040
v -0.035331 0.314562 0.110613
v 0.114363 0.058907 -0.215331
v 0.109728 0.053081 -0.229739
v -0.061917 -0.448345 0.008442
v -0.060219 -0.479517 -0.034624
v -0.062573 -0.458294 0.003774
v -0.061384 -0.427706 0.040335
v -0.070685 0.204569 0.130367
v -0.093962 0.075010 0.117357
v -0.001668 -0.539694 0.040596
v -0.153620 -0.022600 0.252290
v -0.061515 -0.416521 0.038169
v -0.061873 -0.415397 0.047985
v -0.057873 -0.386732 0.064442
v -0.119926 0.174809 -0.192975
v 0.002793 -0.376449 -0.266295
v -0.001737 -0.343388 -0.268677
v 0.008730 -0.330202 0.140897
v 0.011085 -0.385573 0.119354
v 0.072139 0.021526 0.259140
v 0.044838 0.045523 -0.100150
v 0.154728 0.124394 0.187150
v 0.145517 0.127879 0.176414
v 0.140791 -0.001469 0.206993
v 0.159398 -0.000498 0.214689
v 0.158589 0.001637 0.204233
v 0.058596 0.158462 -0.162141
v 0.030945 0.315904 0.323124
v 0.035861 0.302928 0.295821
v 0.021025 0.323963 0.337871
v 0.027450 -0.497216 -0.254275
v 0.023138 -0.513848 -0.255455
v -0.066022 -0.546763 -0.110136
v 0.058789 -0.406254 -0.079895
v 0.042728 -0.422029 -0.097112
v 0.151618 0.068014 0.175038
v 0.158437 0.069023 0.181353
v -0.081583 -0.169360 0.131528
v -0.100407 -0.054758 0.228806
v -0.121044 -0.135322 0.108736
v -0.127262 -0.126696 0.105302
v -0.115625 -0.154128 0.085554
v 0.048205 -0.515969 -0.023795
v 0.040181 -0.576879 -0.058794
v 0.078910 -0.148451 -0.225226
v 0.078052 -0.097303 -0.247514
v -0.094401 -0.006001 -0.235048
v -0.000036 0.318520 0.109878
v 0.010486 0.319794 0.115547
v 0.023973 0.316351 0.102457
v 0.076765 -0.085802 0.168826
v 0.076297 -0.090999 0.160608
v 0.081922 -0.060133 0.147740
v 0.083640 -0.099842 0.172325
v 0.078358 -0.096271 0.165735
v -0.111397 -0.087703 -0.143815
v 0.120791 0.044325 0.081668
v 0.061883 -0.061962 -0.049857
v 0.065302 -0.063355 -0.049000
v 0.064327 -0.090619 -0.064284
v 0.061615 -0.059543 -0.016562
v 0.094645 -0.122218 0.028486
v 0.090653 -0.111824 0.025084
v 0.100587 -0.177329 0.010451
v -0.058050 0.134771 0.093113
v 0.112570 -0.022000 0.085356
v 0.100801 -0.020500 0.076572
v 0.071142 -0.205334 -0.230423
v 0.061677 -0.201702 -0.258337
v 0.067698 0.097390 0.066402
v 0.061597 0.089647 0.053215
v 0.075121 -0.208632 -0.100396
v -0.095490 0.012469 -0.280983
v -0.040867 -0.000781 -0.267236
v -0.038178 -0.045432 -0.200909
v 0.040891 0.262508 0.110790
v 0.043591 0.278758 0.104539
v 0.059148 -0.049132 -0.079795
v 0.039296 -0.034160 -0.076358
v 0.080350 -0.149949 0.166704
v 0.086940 -0.142442 0.172452
v 0.075996 -0.150814 0.179204
v 0.103679 -0.125656 0.159122
v 0.094358 -0.137093 0.158453
v -0.112300 -0.111390 0.161369
v 0.079256 -0.056573 0.008686
v 0.077278 -0.072554 -0.000400
v -0.071715 0.159833 0.290989
v -0.087993 0.177062 0.276948
v -0.063266 0.172990 0.296135
v 0.121346 -0.015053 0.268719
v -0.042471 -0.307001 0.106429
v -0.049567 -0.313792 0.089870
v -0.053226 -0.301672 0.081151
v -0.058138 -0.351852 0.069983
v -0.052077 -0.291534 0.086753
v 0.144222 -0.072520 0.248517
v 0.100949 -0.080321 0.219520
v 0.127185 -0.072793 0.238622
v -0.132426 -0.062965 0.262607
v -0.015955 -0.488202 -0.256169
v -0.022550 -0.517407 -0.255600
v 0.061261 -0.449400 0.004593
v 0.119103 0.025876 -0.027290
v 0.111724 -0.012677 -0.058383
v 0.117339 0.006272 -0.050452
v 0.104108 -0.040589 -0.188813
v 0.109959 -0.093804 -0.145602
v 0.093724 -0.083835 0.210851
v 0.104897 -0.072491 0.226784
v 0.107976 -0.011793 0.139358
v 0.103345 -0.009044 0.144021
v 0.049577 -0.388557 -0.094897
v 0.036006 -0.389680 -0.091848
v -0.105833 0.046856 -0.243287
v -0.111115 0.058571 -0.227611
v -0.106767 0.066182 -0.251099
v -0.101423 0.050612 -0.272608
v 0.043632 -0.079496 -0.259244
v 0.033034 -0.053044 -0.264089
v 0.026850 -0.087603 -0.255844
v 0.084022 -0.166287 0.131079
v 0.085416 -0.182618 0.101961
v -0.138021 -0.091678 0.109728
v -0.144829 -0.068016 0.120065
v -0.144171 -0.075318 0.108544
v 0.027876 -0.099559 -0.228506
v -0.123943 0.219200 -0.058118
v -0.123146 0.217816 -0.075416
v -0.060254 -0.352484 0.019764
v -0.035077 -0.098184 -0.145453
v 0.076930 0.052052 0.029305
v 0.086337 0.058711 0.049884
v 0.100155 0.053521 0.062174
v 0.099886 -0.055748 0.228138
v 0.020856 -0.347140 -0.131798
v 0.052760 -0.339341 -0.128172
v -0.079576 -0.087234 -0.252817
v -0.071978 -0.110184 -0.250094
v -0.070909 -0.098847 -0.251648
v 0.042446 -0.536920 -0.034083
v -0.146122 0.124427 0.275373
v -0.060220 0.028939 0.301097
v -0.056535 0.285212 0.272370
v -0.060738 0.278026 0.269720
v -0.096715 -0.067911 0.222328
v -0.093697 -0.061888 0.218988
v -0.087855 -0.073421 0.205263
v 0.108867 0.098916 -0.251647
v 0.057039 -0.531414 -0.053379
v 0.064716 -0.555036 -0.111917
v 0.059462 -0.544470 -0.076620
v -0.000239 0.310574 0.250933
v -0.015593 0.306423 0.250312
v 0.013244 0.308156 0.247086
v 0.038586 -0.422332 0.071394
v -0.147292 -0.031829 0.262269
v -0.149858 -0.037418 0.259153
v -0.156700 0.002281 0.179151
v 0.156362 0.015462 0.215924
v 0.158845 0.006118 0.225418
v 0.042325 -0.390110 0.085641
v 0.048936 -0.598796 -0.207558
v 0.043344 -0.589121 -0.218248
v 0.052956 -0.549001 -0.067158
v -0.042334 0.303027 0.233543
v 0.162948 0.004576 0.216301
v -0.051371 0.069018 0.309845
v -0.050804 0.056371 0.308984
v -0.148925 0.001670 0.181001
v 0.038138 -0.648069 -0.121308
v 0.035683 -0.639197 -0.103962
v 0.035470 -0.658637 -0.132693
v 0.043337 -0.653119 -0.133918
v 0.045608 0.106260 0.321713
v 0.051936 0.125916 0.315977
v 0.057932 0.127726 0.309999
v -0.134749 0.083308 0.238843
v -0.139978 0.063115 0.238078
v -0.115676 -0.112681 0.144280
v -0.124658 -0.106156 0.132782
v 0.055917 -0.650365 -0.199866
v 0.053923 -0.628537 -0.188279
v -0.038982 0.305601 0.317457
v -0.045560 0.286895 0.296803
v 0.113835 -0.109784 0.163237
v -0.036324 0.286782 0.308151
v -0.088940 0.065231 0.063975
v -0.107277 0.055800 0.082066
v -0.120511 0.043220 0.077670
v -0.103562 0.052753 0.066775
v 0.110177 -0.033475 0.131858
v 0.133263 -0.034316 0.137644
v 0.120490 -0.028722 0.133837
v 0.134397 0.086339 -0.130855
v 0.138792 0.030842 -0.087315
v 0.055214 -0.637728 -0.161355
v -0.027378 -0.386974 -0.131481
v -0.034827 -0.390258 -0.103538
v -0.034930 -0.386219 -0.131805
v -0.097766 -0.009195 0.151760
v 0.063296 -0.389113 -0.082584
v 0.156924 0.101092 0.250883
v 0.159572 0.102146 0.234921
v -0.061370 -0.496803 -0.025087
v -0.058685 -0.406674 0.061006
v -0.163016 0.004178 0.217952
v -0.158682 0.001593 0.203867
v 0.099571 -0.008269 0.270416
v 0.059356 -0.148287 0.207571
v 0.066887 -0.150222 0.194270
v -0.079915 -0.094934 0.155315
v -0.089055 -0.100057 0.158409
v -0.084977 -0.093237 0.145823
v 0.122987 -0.023503 0.233014
v 0.126391 -0.017718 0.229139
v 0.136010 -0.019783 0.236492
v -0.097276 -0.026789 0.070385
v -0.148941 0.163187 0.233591
v -0.093522 -0.152914 -0.008611
v 0.132180 0.167332 -0.112101
v 0.058965 -0.115214 -0.252449
v 0.006478 -0.420205 -0.265486
v -0.106530 -0.021575 0.081073
v -0.118342 -0.015132 0.091940
v -0.013163 -0.326989 -0.153324
v -0.067103 -0.305704 -0.026397
v -0.073951 -0.308506 -0.043102
v -0.066077 -0.329354 -0.034660
v -0.026059 -0.453551 0.024891
v -0.036985 -0.444571 0.048405
v -0.033860 -0.452613 0.036417
v 0.073905 -0.168275 -0.090050
v 0.023953 -0.172747 0.210685
v 0.005570 -0.220747 0.197819
v 0.009622 -0.190671 0.209526
v 0.071537 -0.224883 0.083799
v -0.060127 -0.519201 -0.045725
v 0.139702 0.062789 0.238104
v 0.133892 0.082001 0.238362
v 0.135225 0.055021 0.236195
v 0.104947 0.035977 0.133742
v -0.065793 -0.349714 -0.050298
v -0.074978 -0.209815 -0.100773
v -0.070903 -0.261471 -0.112935
v 0.123304 0.019542 0.242615
v 0.122141 0.027013 0.238200
v 0.132690 0.027537 0.231911
v 0.129121 0.179712 0.196682
v 0.115713 0.207438 0.221239
v 0.130776 0.179121 0.216555
v 0.109646 0.007036 -0.002701
v 0.083725 -0.227187 -0.164253
v 0.081483 -0.253883 -0.159602
v 0.082570 -0.236252 -0.178588
v 0.086138 -0.213447 -0.174543
v 0.080769 -0.213955 -0.194944
v -0.082917 -0.034491 0.040398
v -0.065234 -0.063316 -0.048755
v -0.061995 -0.062031 -0.050032
v 0.046124 -0.350488 -0.131436
v 0.045176 -0.363493 -0.130230
v 0.040926 -0.367133 -0.132324
v 0.043595 0.026042 -0.261639
v 0.040069 -0.025619 -0.200816
v -0.036069 0.162599 0.098634
v -0.037333 0.181309 0.107126
v -0.064001 0.181684 -0.087033
v -0.063456 0.180824 -0.099860
v 0.049435 0.221428 0.121758
v -0.035044 -0.602851 -0.242226
v 0.008945 -0.292929 -0.267079
v 0.031814 -0.270345 -0.264124
v 0.019107 -0.278170 -0.198694
v 0.028032 -0.262982 -0.148356
v 0.034742 0.215899 0.114762
v -0.096214 -0.132175 0.025341
v -0.098634 -0.162760 0.012846
v -0.155521 0.184409 0.200858
v -0.138577 0.164113 0.191947
v -0.066556 -0.032898 -0.066050
v -0.060255 -0.042371 -0.075057
v -0.053128 -0.649480 -0.163332
v -0.001857 -0.510116 0.070791
v 0.037731 -0.256289 0.142081
v 0.025488 -0.240692 0.166546
v 0.090686 0.243583 0.245863
v 0.098733 0.231834 0.246524
v 0.012999 -0.283778 -0.240398
v -0.000530 -0.477513 0.088816
v 0.000538 -0.501779 0.076867
v -0.022681 0.317794 0.115092
v -0.009954 0.319719 0.115989
v 0.003418 -0.624549 -0.112727
v 0.002758 -0.481713 0.086138
v -0.098744 -0.211554 -0.032568
v -0.096700 -0.183849 -0.025022
v -0.100024 -0.203743 -0.004368
v -0.097761 -0.191602 -0.015952
v -0.023729 -0.671987 -0.155469
v -0.019598 -0.670747 -0.144973
v -0.079061 -0.187895 -0.210499
v -0.073685 -0.190428 -0.227230
v -0.063459 -0.187504 -0.257036
v -0.136190 0.066515 0.164949
v -0.139797 0.076191 0.169478
v -0.149080 0.067786 0.173017
v -0.018758 -0.441171 0.055032
v -0.018576 -0.440504 0.049383
v -0.076818 0.288293 0.211551
v -0.071063 -0.059207 -0.082795
v 0.146064 -0.005568 0.220046
v 0.015383 -0.662469 -0.129638
v 0.008337 -0.653592 -0.120196
v 0.154297 0.154894 0.259631
v 0.153264 0.159644 0.273960
v 0.148093 0.169061 0.255360
v 0.149272 0.171337 0.268878
v 0.022974 -0.635562 -0.096177
v 0.019984 -0.611691 -0.080711
v 0.160648 0.029176 0.189551
v 0.162842 0.022157 0.183966
v 0.060972 0.246716 0.135765
v 0.052097 0.240381 0.124458
v 0.065811 0.252349 0.144822
v 0.060855 0.259080 0.139188
v 0.037313 -0.627089 -0.091231
v -0.076989 -0.189213 -0.048961
v -0.159682 0.125024 0.193578
v 0.062153 -0.422385 0.037285
v 0.087600 0.212802 0.268257
v 0.071957 -0.054612 0.273894
v 0.080512 0.022178 0.252151
v -0.002450 -0.598142 -0.144304
v -0.005541 -0.603945 -0.151770
v 0.107628 0.192872 0.260459
v 0.004927 -0.153441 0.238367
v 0.023070 -0.135959 0.243871
v 0.056279 0.034367 0.305287
v -0.123524 0.029852 0.135699
v -0.138577 0.035943 0.148855
v -0.012828 -0.593075 -0.139003
v -0.003787 -0.567343 -0.122557
v 0.009031 -0.586100 -0.133880
v 0.116715 0.208876 0.232611
v -0.092309 -0.139956 0.155948
v -0.098479 -0.131703 0.164650
v -0.104361 -0.125936 0.154195
v -0.070201 -0.156319 0.178039
v -0.086228 -0.143195 0.171749
v -0.119292 0.039227 0.064381
v 0.076549 -0.194230 -0.216819
v -0.079942 -0.113970 0.238623
v -0.054486 -0.123565 0.241251
v -0.068054 -0.111266 0.245648
v 0.044971 0.277579 0.293931
v 0.018978 0.300282 0.330974
v -0.055609 -0.091629 -0.065574
v 0.145302 -0.042009 0.262833
v -0.017904 -0.287723 -0.199236
v -0.010716 -0.303729 -0.244017
v -0.053067 -0.549622 -0.068303
v 0.068788 -0.361179 -0.190639
v 0.070660 -0.363325 -0.154991
v 0.068138 -0.376902 -0.190437
v 0.046394 -0.181341 0.179986
v -0.055521 0.140574 -0.188050
v -0.041358 -0.332241 -0.129905
v 0.081927 0.273924 0.219779
v 0.097352 0.238895 0.235338
v -0.142133 -0.043425 0.141422
v 0.032842 -0.155744 0.222065
v 0.058007 -0.411192 -0.017168
v -0.118622 0.019178 -0.036727
v -0.122190 0.015706 -0.054993
v 0.134117 0.158566 0.256990
v -0.017343 0.325485 0.338107
v -0.028187 0.099652 0.331051
v -0.036945 0.095916 0.326697
v -0.031219 -0.182870 -0.097367
v -0.061368 -0.206063 -0.102693
v -0.044037 -0.289216 0.110258
v 0.006130 -0.388997 0.121707
v 0.002315 -0.340983 -0.268614
v 0.007383 -0.323851 -0.246186
v 0.010429 -0.314535 -0.229827
v -0.041690 -0.465024 -0.239737
v -0.040409 -0.448104 -0.247774
v 0.149071 0.170955 0.074749
v 0.141954 0.198256 0.097983
v 0.054313 -0.468402 -0.102584
v 0.055836 -0.446552 -0.064590
v 0.046724 -0.598690 -0.205721
v 0.051214 0.051741 0.307963
v -0.002830 0.050419 0.051081
v 0.005356 -0.443141 0.019322
v -0.001915 -0.439831 0.027774
v -0.090883 0.049006 0.129722
v -0.137445 0.180082 0.236750
v -0.119383 0.204644 0.232128
v 0.057625 -0.111226 0.249304
v 0.135629 0.193034 0.160610
v 0.078599 -0.087537 0.179180
v 0.095018 -0.054359 0.221314
v -0.075869 -0.238573 -0.059887
v -0.085152 0.013543 0.256546
v -0.000420 -0.606106 -0.158702
v 0.012592 -0.610149 -0.168815
v -0.096431 0.036389 0.128040
v -0.107341 0.036050 0.134934
v 0.077079 0.023542 0.081433
v -0.095552 0.176520 0.096708
v -0.119994 0.188683 0.118010
v 0.034446 -0.386529 -0.131832
v 0.034752 -0.390322 -0.102980
v 0.082964 -0.102770 0.247622
v 0.117894 -0.084565 0.254094
v 0.033820 0.054897 0.322249
v 0.032847 0.077022 0.326542
v 0.123944 -0.152754 0.053308
v -0.061767 0.114783 0.043235
v 0.138588 -0.077641 0.124940
v 0.131644 -0.090495 0.129317
v 0.098289 -0.264492 -0.073119
v -0.082523 -0.145137 0.180508
v -0.003885 -0.483962 0.057680
v 0.006009 -0.485754 0.057334
v -0.010943 -0.489470 0.057713
v -0.048973 -0.598959 -0.207583
v -0.046235 -0.588850 -0.221230
v -0.051835 -0.607784 -0.213248
v 0.106590 0.223751 0.246597
v 0.001002 -0.540407 0.040291
v -0.158693 0.009646 0.218666
v 0.070461 -0.101424 -0.013307
v 0.071102 -0.111751 -0.018790
v -0.090157 -0.057808 0.004275
v -0.070205 -0.052344 0.014108
v -0.164191 0.008254 0.173439
v -0.163189 0.007644 0.200059
v -0.164841 0.014730 0.187077
v -0.006820 -0.330600 0.142421
v -0.003134 -0.277410 0.167585
v -0.007485 -0.301626 0.154145
v -0.007716 -0.269575 0.169212
v -0.005122 -0.252502 0.179729
v -0.048165 -0.601270 -0.223743
v -0.018449 -0.670166 -0.171399
v 0.090283 -0.043111 0.136641
v 0.086329 -0.045594 0.140995
v -0.111065 0.195438 0.258718
v -0.111122 0.165552 0.250891
v 0.065687 -0.550705 -0.110750
v 0.128862 0.086261 0.166160
v -0.109414 0.204927 0.258857
v -0.113687 0.201244 0.258360
v 0.039212 0.295140 0.265770
v 0.039393 0.296517 0.278886
v -0.080269 0.216944 0.271737
v 0.142186 0.044404 0.221791
v -0.074777 0.153434 0.092378
v -0.069721 0.134152 0.086398
v -0.115786 0.144802 -0.222307
v -0.126315 0.086528 -0.180837
v 0.131481 0.188669 -0.073262
v -0.135509 0.028092 0.229383
v -0.125074 0.025794 0.237340
v -0.111887 0.023638 0.243781
v -0.138459 0.120788 -0.089826
v 0.069068 -0.350868 -0.070328
v 0.011961 -0.619837 -0.249445
v 0.004227 -0.621296 -0.250011
v 0.005698 -0.437552 0.046610
v -0.000355 -0.438045 0.052567
v -0.095152 -0.009661 0.184294
v -0.095861 -0.012855 0.204766
v -0.106386 0.184415 0.259941
v -0.042446 -0.527814 -0.028134
v -0.030749 -0.592726 -0.246315
v -0.041237 -0.596912 -0.239380
v -0.040326 -0.588433 -0.233060
v -0.040375 -0.596821 -0.237722
v 0.127639 0.027313 0.135115
v 0.052817 -0.261542 0.102685
v 0.028175 -0.583136 -0.222563
v 0.039505 -0.598798 -0.204935
v -0.040636 0.296720 0.282189
v -0.035785 0.296933 0.272787
v -0.002304 0.219353 0.334883
v -0.011859 0.215515 0.333054
v -0.044802 -0.364634 -0.130285
v 0.072369 0.157154 0.077704
v -0.014511 -0.026477 0.037059
v 0.037701 0.178943 0.106316
v -0.069701 0.120566 0.291798
v 0.040930 0.020844 -0.033890
v -0.094838 -0.244106 -0.002172
v 0.096286 -0.047484 -0.065842
v 0.129214 -0.026456 -0.118907
v 0.003025 0.237516 0.335137
v 0.115482 0.164687 0.248274
v 0.111037 0.195944 0.258823
v 0.103390 -0.035459 -0.067361
v 0.116262 -0.014531 -0.074354
v 0.122752 0.005166 -0.069319
v 0.092246 -0.093677 0.200360
v 0.093585 -0.100495 0.189350
v -0.012363 -0.428815 0.102769
v -0.004970 -0.452337 0.097448
v 0.070913 -0.261353 -0.112906
v 0.074052 -0.235531 -0.106860
v 0.013854 -0.349156 0.129017
v -0.028701 -0.617428 -0.081825
v -0.018845 -0.615492 -0.083174
v 0.038682 -0.452901 0.041000
v 0.032580 -0.590531 -0.245201
v 0.026401 0.101402 0.331695
v 0.035946 -0.601365 -0.242304
v 0.040542 -0.596795 -0.237024
v 0.042399 -0.595201 -0.238244
v -0.023020 -0.633393 -0.094582
v -0.005191 -0.474621 -0.030140
v -0.000148 -0.473657 -0.030096
v 0.063995 0.181688 -0.087429
v 0.012842 0.286676 0.334323
v 0.016704 0.318072 0.337218
v 0.013352 0.306065 0.336388
v -0.158910 -0.030670 0.110498
v 0.011683 -0.487493 0.058700
v -0.054589 -0.415192 0.061932
v 0.125766 0.190420 0.122713
v -0.134967 -0.077678 0.253141
v -0.129013 -0.072451 0.259176
v 0.043932 -0.458442 -0.237017
v 0.046002 -0.443900 -0.236095
v -0.056874 -0.625420 -0.149520
v -0.041505 -0.569457 -0.211959
v 0.111328 -0.135580 0.042377
v 0.129053 0.190405 0.106757
v 0.119611 0.187668 0.111985
v 0.105631 0.185276 0.116453
v 0.101553 0.186434 0.264914
v 0.096267 -0.012735 0.206937
v 0.095227 -0.009375 0.186385
v -0.052334 -0.603637 -0.135227
v 0.089695 0.077679 0.104407
v 0.006332 -0.553130 -0.086500
v 0.099903 -0.151927 0.021655
v 0.104642 -0.158134 0.026566
v -0.004172 0.321858 0.339909
v 0.062536 0.280307 0.263333
v 0.077004 -0.092590 0.171353
v 0.097002 -0.229292 0.016881
v -0.108554 -0.079370 0.138993
v -0.100538 -0.088595 0.141176
v 0.112082 -0.023611 0.133478
v -0.014310 0.013959 0.047280
v -0.020463 -0.001323 0.045389
v -0.150281 0.194515 0.139063
v -0.053874 -0.076046 -0.260790
v -0.056298 -0.091092 -0.256671
v -0.071023 -0.085559 -0.256329
v -0.055172 -0.425348 -0.098837
v 0.023609 -0.156736 -0.211423
v -0.160769 0.035363 0.188588
v -0.162591 0.023266 0.182810
v 0.001723 -0.165814 0.230745
v 0.095923 -0.145304 0.016270
v -0.042624 -0.388726 0.085980
v -0.106057 -0.213028 0.019471
v 0.080276 -0.277329 -0.148428
v -0.114838 0.185337 0.106993
v 0.077739 0.036848 0.249321
v -0.133548 -0.049985 0.265953
v 0.078602 -0.093614 0.155056
v 0.083590 -0.091731 0.144455
v 0.011322 -0.527184 -0.198368
v 0.059300 -0.428748 0.044692
v -0.029602 0.319714 0.212548
v -0.088435 -0.101599 0.247004
v 0.071365 0.265251 0.165625
v 0.033847 -0.062937 0.279659
v -0.043810 0.297073 0.243906
v -0.026206 -0.275828 -0.149710
v -0.061385 -0.365842 -0.023402
v -0.062059 -0.347034 -0.008694
v -0.118095 -0.032976 0.085098
v -0.107145 -0.067754 0.067054
v -0.114756 -0.123567 0.049841
v -0.110736 -0.085261 0.063342
v 0.052750 -0.521230 -0.111500
v 0.050332 -0.511792 -0.111214
v -0.021189 0.323904 0.337856
v -0.105582 -0.041089 0.132157
v 0.114866 -0.187538 0.030816
v 0.032143 -0.631185 -0.092356
v 0.036313 -0.615876 -0.081594
v 0.074939 0.028095 0.253023
v -0.157192 0.197921 0.191797
v -0.156754 0.199383 0.184616
v 0.032959 -0.432508 0.066505
v 0.031898 -0.433338 0.070089
v -0.044759 0.039276 -0.257484
v 0.144945 0.165065 0.020975
v 0.006977 -0.611877 -0.253986
v 0.083006 0.262232 0.188791
v 0.011608 -0.494567 -0.256792
v -0.002332 -0.478198 -0.257813
v 0.123853 0.070745 0.161042
v 0.042612 -0.116577 -0.253017
v -0.038869 0.300663 0.084149
v 0.123441 0.017886 -0.056691
v 0.121757 0.026484 -0.039292
v 0.111908 -0.031799 -0.170583
v 0.056890 -0.113684 -0.075004
v 0.067801 -0.093220 -0.063574
v 0.112886 0.083157 -0.230810
v 0.117775 0.061185 -0.205160
v 0.044976 -0.331279 -0.129530
v -0.081768 -0.060389 0.270072
v 0.021869 -0.674353 -0.211884
v -0.047367 0.022435 0.058305
v -0.137534 0.002011 0.254025
v -0.153229 -0.009005 0.250238
v -0.098702 0.115574 0.253333
v 0.034443 -0.122206 -0.128217
v 0.036477 -0.096089 -0.107167
v -0.033749 0.279776 0.098521
v -0.074055 0.280490 0.232198
v -0.091760 -0.066420 0.016315
v -0.088882 -0.055462 0.026756
v -0.087347 -0.045765 0.031129
v -0.145496 -0.008679 0.225910
v 0.012298 0.313200 0.083845
v 0.010386 0.308440 0.074425
v -0.107697 -0.182759 0.023497
v 0.148153 0.169723 0.061891
v 0.149506 0.163149 0.099968
v 0.027877 -0.179868 0.200918
v -0.046604 -0.594326 -0.077319
v 0.055576 -0.635371 -0.224013
v -0.036832 0.314852 0.220455
v -0.041305 0.317002 0.208317
v 0.022722 -0.658517 -0.235138
v 0.078443 -0.010774 0.279679
v -0.068273 0.068735 0.090529
v -0.069865 0.083248 0.097597
v 0.057779 0.014271 -0.030223
v 0.046113 -0.610964 -0.088686
v -0.058846 -0.161280 0.186223
v 0.099320 -0.000694 0.168986
v 0.103892 -0.012048 0.213772
v -0.144171 0.000151 0.169727
v -0.152710 -0.000259 0.174384
v -0.010371 -0.673091 -0.147428
v 0.105549 -0.100213 0.199788
v 0.060801 -0.554620 -0.171403
v 0.058935 -0.558415 -0.173543
v 0.131392 0.005267 0.253842
v 0.161410 0.004911 0.180803
v -0.045450 -0.630333 -0.113650
v 0.069721 -0.284239 -0.218291
v 0.030645 0.003218 0.048772
v 0.010430 -0.007770 0.041991
v 0.010881 -0.051898 0.024357
v -0.001030 -0.056598 -0.014331
v -0.061441 -0.166190 -0.092406
v -0.132629 0.193637 0.095339
v 0.101580 -0.213662 0.002254
v 0.100527 -0.197936 0.000924
v 0.141132 0.157594 0.191791
v -0.106427 -0.044716 0.233111
v 0.085439 -0.037996 0.048700
v -0.062604 0.034537 0.271281
v 0.086277 -0.070001 0.042331
v 0.069185 0.073469 0.267893
v 0.076923 -0.021114 0.040413
v -0.132822 0.035200 -0.067981
v 0.042152 -0.569042 -0.211883
v -0.096475 0.223460 0.170809
v -0.087013 -0.019229 0.275609
v 0.068254 0.063318 0.033409
v -0.012817 -0.584174 -0.218870
v -0.065253 -0.061508 -0.017853
v 0.050236 -0.567624 -0.218066
v 0.151163 0.179791 0.139843
v -0.021856 0.307814 0.299808
v 0.000264 0.313422 0.309093
v 0.000059 0.310327 0.299505
v 0.025167 0.303527 0.289097
v 0.045765 0.310841 0.172586
v 0.044103 0.316422 0.193499
v 0.046362 0.310792 0.127150
v 0.048825 0.308535 0.152174
v 0.029931 0.313122 0.163583
v -0.038612 -0.191488 0.181709
v -0.018984 -0.186735 0.204914
v -0.005230 0.280946 0.093582
v 0.040310 0.313163 0.113405
v 0.059171 -0.133691 -0.252095
v -0.026313 -0.441136 0.052143
v -0.095741 -0.104597 0.175181
v -0.039378 -0.031328 -0.074571
v 0.056765 -0.416843 -0.217236
v -0.000038 0.243766 0.105227
v -0.109549 -0.033177 0.078998
v 0.114956 0.027444 0.034435
v 0.094677 0.039810 0.031673
v 0.035650 -0.513228 -0.017514
v -0.059253 -0.354247 -0.091455
v -0.028235 0.129107 0.330722
v -0.103521 -0.212006 0.012900
v -0.110005 0.004204 0.162683
v 0.055898 -0.057334 0.004471
v 0.053519 -0.057642 0.014900
v -0.048533 -0.160172 0.200077
v -0.000661 -0.653796 -0.121812
v 0.000473 -0.646515 -0.117575
v 0.124846 0.032417 0.234999
v 0.041843 -0.374468 -0.092407
v 0.032250 0.301749 0.246119
v 0.132499 -0.075255 0.256318
v -0.024968 0.163450 0.096154
v -0.081816 0.043973 0.247221
v 0.140061 0.074660 0.169315
v 0.133099 -0.008477 0.146473
v 0.142559 0.176081 0.245029
v 0.056389 0.038711 -0.006263
v -0.064524 -0.092164 -0.064956
v -0.056451 -0.114174 -0.075232
v -0.057983 -0.135033 -0.082958
v -0.098470 0.186505 0.141808
v -0.088028 0.190643 0.135566
v -0.099075 0.186696 0.140292
v -0.106155 -0.121974 0.162846
v -0.049661 0.308841 0.168995
v -0.074948 -0.283747 -0.014175
v -0.087982 -0.265978 -0.018562
v -0.080157 -0.286848 -0.029051
v 0.004618 -0.330837 -0.268491
v -0.025290 -0.596148 -0.071047
v -0.096247 -0.020258 0.273250
v -0.031129 -0.499652 -0.248744
v -0.074459 0.212410 0.135666
v 0.046590 -0.498991 -0.007392
v 0.045880 -0.517001 -0.021809
v 0.042303 -0.520181 -0.022842
v -0.019431 0.185825 0.330980
v 0.088720 -0.265683 -0.020285
v -0.065288 0.277884 0.260106
v 0.118904 0.166927 -0.202246
v 0.056256 0.144829 -0.182383
v 0.016118 -0.440704 0.054344
v 0.015421 -0.443276 0.058428
v -0.068109 -0.438969 -0.195153
v -0.061230 -0.451089 -0.207666
v 0.006410 -0.426439 0.109038
v -0.061193 -0.427439 -0.207419
v -0.064509 0.136229 0.042154
v -0.061158 0.126315 0.028620
v -0.086296 -0.206973 0.068989
v -0.004966 -0.549708 -0.211470
v -0.052120 0.117844 -0.212780
v 0.009375 0.316375 0.160782
v 0.061532 -0.413646 0.049193
v 0.058639 -0.403762 0.061786
v 0.036027 0.054445 0.061466
v -0.098903 -0.017178 0.214640
v -0.100486 -0.027224 0.222223
v -0.025771 -0.577211 -0.252491
v -0.013756 -0.472355 0.061861
v -0.066314 0.158105 0.110107
v -0.058559 0.052258 0.011283
v 0.073407 -0.075670 -0.092214
v -0.055030 -0.365786 -0.094119
v -0.000297 -0.078526 0.273960
v 0.005455 -0.110624 0.259448
v -0.033204 -0.107249 -0.162558
v -0.047967 -0.299606 0.096271
v -0.120663 0.002708 0.152189
v -0.125225 -0.002707 0.147557
v 0.077927 -0.012706 0.053620
v -0.148804 0.170944 0.071054
v -0.149110 0.162934 0.087222
v 0.040044 0.318043 0.205258
v -0.074090 -0.235310 -0.106807
v -0.119243 -0.060734 0.266134
v -0.085270 0.116270 0.266525
v -0.091199 0.055770 0.052314
v -0.143176 0.173604 0.242123
v 0.028628 -0.287247 -0.121715
v 0.097663 -0.007841 0.201526
v 0.070952 -0.099010 -0.251550
v 0.096655 -0.003732 0.180399
v 0.072255 0.115994 0.285858
v 0.086517 -0.037877 0.148890
v -0.115509 0.063910 -0.214150
v -0.046062 0.154427 0.317359
v 0.034822 -0.091211 -0.162785
v 0.062179 -0.510872 -0.070087
v 0.080133 -0.119552 0.232557
v -0.035013 -0.233212 -0.261243
v -0.138284 0.084088 -0.081921
v 0.068684 0.140038 0.078986
v 0.057888 -0.554279 -0.169943
v -0.054385 -0.310690 -0.262071
v -0.063302 -0.309784 -0.233088
v 0.117501 0.081526 -0.212357
v 0.141557 0.159328 0.190988
v -0.009689 0.316346 0.159687
v -0.042292 0.310713 0.162489
v 0.044962 0.301783 0.092212
v -0.099933 -0.082448 -0.017204
v -0.021588 -0.672214 -0.171486
v -0.010797 0.317740 0.099180
v 0.054717 -0.145020 0.217569
v -0.149708 0.039785 0.158776
v 0.009969 0.283552 0.090788
v -0.121615 0.086492 0.299584
v -0.108307 -0.121431 0.189094
v -0.112053 -0.116486 0.205614
v -0.000127 0.121251 0.336419
v 0.118325 -0.086853 0.143519
v -0.032429 -0.158324 -0.141029
v 0.104163 0.066634 0.149806
v 0.096780 0.072289 0.145217
v 0.116828 -0.149755 0.090517
v -0.022972 -0.448729 0.064888
v 0.093387 -0.163563 -0.155278
v 0.084321 -0.203981 -0.143853
v 0.078852 -0.085874 -0.008785
v 0.066577 -0.084161 -0.002799
v 0.066820 -0.075781 -0.020319
v -0.139074 -0.065976 0.133128
v -0.142287 -0.070625 0.123836
v 0.136355 0.194271 0.102443
v -0.015779 -0.476966 -0.024123
v 0.106911 -0.064146 0.231509
v -0.148521 0.151783 0.114368
v 0.115493 0.202985 0.257674
v -0.042773 0.027656 -0.076646
v 0.110389 -0.001433 0.095002
v -0.047582 -0.517797 -0.024164
v 0.095089 -0.138834 0.151140
v -0.049347 -0.351053 -0.086165
v -0.063554 -0.345453 -0.025864
v -0.044315 -0.596118 -0.230801
v -0.016063 -0.443353 0.058532
v 0.113868 0.004554 0.157382
v -0.103373 0.191537 0.263068
v 0.092461 0.180859 0.049126
v 0.068756 -0.094547 -0.011534
v -0.109161 -0.155354 0.097080
v -0.075431 -0.153134 -0.038053
v 0.070954 -0.211038 0.102061
v -0.055110 0.039467 0.300564
v 0.065241 -0.061515 -0.017226
v -0.060752 -0.554277 -0.171190
v -0.057873 -0.554290 -0.169948
v 0.061904 -0.060079 -0.002206
v 0.081173 0.027019 0.088306
v -0.043108 0.194177 0.113815
v -0.029634 0.207144 0.111852
v -0.077176 0.008161 0.275322
v -0.057036 -0.061197 0.012054
v 0.057395 -0.425201 -0.030805
v 0.038030 0.197034 0.112276
v -0.084802 -0.046253 0.157656
v 0.088740 -0.050381 0.027841
v -0.108869 -0.053249 0.234820
v 0.029334 0.203872 0.323142
v 0.051492 -0.494303 -0.221985
v -0.123536 -0.040323 0.134595
v -0.003266 -0.388826 -0.086540
v 0.061895 -0.527018 -0.194499
v -0.037051 -0.164145 0.207109
v -0.012115 -0.512475 -0.193764
v -0.031539 0.302732 0.244017
v 0.106512 0.202532 0.260227
v -0.058742 -0.128229 -0.252123
v 0.158416 0.144095 0.208939
v 0.055197 -0.091927 -0.065723
v 0.068612 0.020053 0.267291
v 0.052970 -0.545365 -0.205728
v -0.058251 -0.338774 0.069736
v -0.073959 -0.001214 0.061169
v -0.053066 -0.545651 -0.205827
v -0.133518 0.125333 0.268124
v 0.040144 -0.244168 -0.262068
v 0.002116 -0.605474 -0.154939
v -0.111969 -0.099529 0.205132
v 0.075881 0.131929 0.108875
v 0.004846 -0.575401 -0.262763
v -0.005163 -0.335912 -0.241548
v -0.125845 0.007777 0.111991
v -0.028998 -0.444709 0.044095
v 0.113698 -0.010311 0.091534
v 0.133037 0.198818 0.247604
v 0.042080 -0.614210 -0.159846
v -0.006114 -0.647739 -0.114841
v 0.018256 -0.670265 -0.171545
v 0.058536 -0.077648 -0.260312
v 0.039230 -0.583671 -0.225738
v 0.057602 -0.633835 -0.157226
v -0.028127 0.235642 0.113500
v 0.021078 -0.413456 -0.167489
v 0.097743 0.127034 0.257066
v 0.056608 0.035649 0.298251
v -0.036595 0.296409 0.263239
v -0.087675 0.104948 0.131749
v -0.115314 -0.002156 -0.055306
v 0.012710 -0.482165 -0.031350
v 0.052905 -0.535399 -0.161724
v 0.113629 -0.091802 0.062567
v 0.004980 -0.479994 -0.034145
v -0.068769 -0.094795 -0.011061
v -0.018291 -0.448154 0.062123
v -0.155428 0.131251 0.189381
v 0.114051 0.133013 -0.231158
v 0.059765 -0.550751 -0.172493
v -0.078315 -0.088064 0.178676
v -0.059849 -0.411845 -0.210662
v 0.044954 -0.650489 -0.231744
v -0.053704 -0.629734 -0.175693
v -0.047957 -0.615606 -0.170580
v -0.049121 -0.615178 -0.182323
v 0.054102 0.131792 -0.198692
v -0.100040 -0.083158 -0.017631
v -0.098375 -0.095720 -0.025465
v -0.098501 -0.096725 -0.025667
v -0.077261 -0.084096 0.169524
v 0.085456 0.108510 0.127112
v -0.059764 -0.550743 -0.172413
v -0.057672 -0.550739 -0.171596
vn 0.6192 0.1037 0.7784
vn 0.5653 0.0752 0.8214
vn 0.5568 0.0624 0.8283
vn -0.7132 0.1906 0.6745
vn -0.6803 0.2137 0.7010
vn -0.6850 0.1746 0.7073
vn 0.7065 0.1611 0.6891
vn 0.6884 0.1646 0.7064
vn 0.6835 0.1949 0.7034
vn -0.5421 0.2253 0.8096
vn -0.5110 0.1413 0.8479
vn -0.5869 0.1697 0.7917
vn 0.0034 0.9169 0.3990
vn 0.2806 0.8598 0.4266
vn -0.0041 0.9282 0.3721
vn -0.3190 0.2936 0.9011
vn -0.1331 0.4154 0.8998
vn 0.2998 0.5587 0.7733
vn -0.4814 0.0695 0.8737
vn -0.8925 -0.3576 0.2749
vn -0.8412 -0.4212 0.3390
vn -0.9120 -0.3790 0.1569
vn -0.8059 -0.5909 0.0360
vn 0.8771 -0.4684 0.1059
vn 0.7582 -0.0583 0.6494
vn 0.5218 0.0996 0.8472
vn 0.4962 0.1573 0.8538
vn 0.9026 -0.3722 0.2164
vn 0.5187 0.5638 0.6427
vn -0.8428 -0.2491 0.4772
vn -0.7916 -0.2411 0.5614
vn -0.8362 -0.2279 0.4989
vn 0.9566 -0.1290 0.2614
vn 0.2731 -0.4926 0.8263
vn 0.8584 -0.1684 0.4845
vn 0.0837 0.9788 -0.1871
vn 0.0852 0.9837 -0.1582
vn 0.1959 0.9652 -0.1733
vn 0.8903 0.4537 -0.0380
vn 0.8402 0.5295 -0.1168
vn 0.8186 0.5640 -0.1086
vn -0.7545 0.6211 -0.2120
vn -0.8187 0.5467 -0.1759
vn -0.7865 0.5853 -0.1972
vn -0.9529 0.3031 0.0094
vn -0.9024 0.4307 -0.0105
vn -0.8911 0.4463 -0.0822
vn 0.7462 0.6452 -0.1640
vn 0.7296 0.6562 -0.1925
vn 0.6940 0.6823 -0.2297
vn -0.8864 0.4438 -0.1314
vn -0.8586 0.4523 -0.2414
vn -0.2777 0.8990 0.3387
vn 0.8168 0.3996 -0.4161
vn 0.8219 0.4521 -0.3466
vn 0.7772 0.4497 -0.4401
vn -0.5253 -0.1994 0.8272
vn 0.4407 -0.1133 0.8905
vn -0.0023 -0.2579 0.9662
vn -0.5070 0.6127 0.6063
vn -0.9928 -0.1198 -0.0071
vn -0.3236 0.5372 0.7789
vn -0.4855 0.2961 0.8225
vn -0.8614 -0.4958 -0.1103
vn -0.6373 0.2041 0.7431
vn -0.9832 -0.1812 0.0209
vn -0.4892 0.5542 0.6735
vn 0.0813 0.8326 -0.5479
vn -0.6442 0.4857 0.5909
vn -0.9825 0.1840 0.0292
vn -0.9260 0.2801 0.2532
vn -0.9888 -0.1480 0.0170
vn 0.4657 0.2770 0.8405
vn 0.4951 0.6717 0.5510
vn 0.2699 0.9206 0.2821
vn -0.2185 0.4758 0.8520
vn 0.4492 -0.0785 0.8900
vn 0.2739 0.5484 0.7901
vn 0.2065 0.3877 0.8984
vn 0.2809 0.5027 0.8175
vn -0.8900 0.4536 -0.0470
vn -0.7744 0.6239 -0.1054
vn -0.2382 0.6876 0.6859
vn 0.9953 -0.0594 0.0769
vn 0.9387 -0.2580 0.2288
vn 0.9885 -0.1103 0.1030
vn 0.1585 0.4430 0.8824
vn -0.8387 0.5376 0.0871
vn -0.9943 -0.0560 0.0902
vn -0.9898 -0.1066 0.0948
vn -0.9766 -0.1631 0.1405
vn 0.9898 -0.1408 -0.0217
vn 0.5165 0.8560 0.0220
vn 0.8083 0.5837 0.0766
vn -0.0759 0.0301 0.9967
vn 0.2569 0.4018 0.8790
vn 0.0211 0.5770 0.8165
vn 0.3965 0.4471 0.8018
vn 0.7399 0.6069 0.2903
vn 0.3279 0.9284 -0.1749
vn 0.5759 0.8090 0.1182
vn 0.7115 0.6920 -0.1224
vn 0.6564 0.7354 -0.1681
vn 0.9960 -0.0679 -0.0588
vn 0.3719 0.7457 0.5528
vn -0.1017 0.6666 -0.7384
vn 0.3175 0.7856 0.5310
vn 0.1211 0.9191 0.3749
vn 0.6484 0.7587 0.0628
vn 0.5835 -0.8073 -0.0877
vn 0.4063 0.8250 -0.3927
vn -0.6981 -0.4351 0.5686
vn -0.5035 -0.2507 0.8268
vn -0.9924 -0.1182 -0.0338
vn -0.3436 -0.6275 -0.6987
vn -0.2764 -0.7442 -0.6081
vn -0.4088 -0.6900 -0.5974
vn 0.6376 0.1076 -0.7628
vn 0.4757 0.0143 -0.8795
vn 0.8909 -0.1976 -0.4089
vn -0.9985 0.0045 -0.0555
vn -0.9865 -0.1626 -0.0186
vn -0.9100 -0.2628 0.3207
vn 0.9188 0.3203 0.2307
vn 0.9423 0.2821 0.1805
vn 0.8934 0.2629 0.3642
vn -0.5428 0.2618 -0.7980
vn -0.5403 0.4188 -0.7298
vn -0.4243 0.4690 -0.7746
vn -0.9708 -0.0844 -0.2247
vn -0.4657 0.7186 -0.5164
vn -0.9504 -0.0476 -0.3075
vn -0.6931 -0.6909 0.2055
vn 0.2330 0.7679 -0.5967
vn 0.9712 -0.0867 -0.2219
vn 0.7714 -0.1786 -0.6107
vn -0.3374 0.7591 -0.5567
vn 0.4419 -0.7909 0.4233
vn 0.2142 -0.8596 0.4640
vn -0.0167 -0.8157 0.5783
vn -0.3845 -0.6438 0.6616
vn 0.9337 0.0392 -0.3559
vn 0.5941 0.4901 0.6379
vn 0.3395 0.7253 -0.5990
vn -0.7337 0.4434 0.5148
vn 0.5482 -0.7862 0.2852
vn 0.3730 -0.7886 0.4888
vn 0.4357 -0.8148 0.3825
vn 0.4402 0.3349 -0.8331
vn 0.3741 0.3263 -0.8681
vn 0.4333 0.2715 -0.8594
vn 0.9736 -0.2279 0.0148
vn 0.9391 -0.3419 0.0353
vn 0.9795 -0.1938 0.0555
vn -0.9838 0.1743 -0.0424
vn 0.4885 0.6766 -0.5510
vn 0.8704 -0.0308 -0.4913
vn 0.0254 0.8452 -0.5338
vn 0.0104 0.8292 -0.5589
vn 0.0212 0.8410 -0.5406
vn -0.4389 0.6685 -0.6004
vn 0.6424 -0.7603 -0.0962
vn -0.8067 -0.5694 0.1582
vn -0.0008 0.8223 -0.5691
vn 0.9447 -0.1178 -0.3062
vn 0.9582 -0.2862 -0.0000
vn -0.9788 0.0328 -0.2021
vn 0.0067 0.8260 -0.5636
vn -0.9416 -0.1069 -0.3193
vn 0.4740 -0.8458 0.2450
vn 0.8975 -0.0080 -0.4409
vn 0.1776 0.8334 -0.5233
vn 0.3641 0.7364 -0.5702
vn -0.7353 -0.3676 -0.5695
vn -0.3295 0.7426 -0.5831
vn -0.1344 0.8068 -0.5754
vn 0.2058 -0.8975 0.3901
vn 0.0184 -0.3075 0.9514
vn -0.3409 -0.8625 0.3740
vn -0.9953 0.0830 -0.0508
vn -0.9636 0.2471 -0.1021
vn 0.9263 -0.0962 -0.3642
vn 0.7614 0.4540 0.4628
vn -0.9158 -0.0720 -0.3952
vn -0.6321 0.4258 0.6474
vn -0.6104 -0.7833 0.1176
vn 0.9983 0.0218 -0.0549
vn 0.9951 0.0820 -0.0549
vn 0.9602 0.2620 -0.0967
vn -0.3916 0.4182 -0.8196
vn -0.7644 0.0529 -0.6426
vn -0.5844 0.0190 -0.8112
vn -0.8961 0.4360 -0.0838
vn -0.9456 0.1676 0.2788
vn -0.9541 0.1861 0.2347
vn -0.4284 0.4710 -0.7711
vn 0.9132 -0.0580 -0.4033
vn 0.5772 -0.8162 -0.0272
vn 0.8787 0.0525 -0.4744
vn -0.2821 0.9184 -0.2776
vn -0.3589 0.9164 -0.1769
vn -0.7391 0.6688 0.0809
vn -0.1415 0.9769 -0.1601
vn -0.1580 0.9794 -0.1258
vn -0.1535 0.9789 -0.1351
vn 0.2647 0.8948 -0.3596
vn 0.2825 0.8979 -0.3375
vn -0.8237 -0.2439 -0.5119
vn -0.2859 0.8858 -0.3654
vn -0.2493 0.7546 -0.6069
vn 0.7069 -0.5825 -0.4012
vn -0.5405 -0.8409 0.0263
vn -0.4327 -0.8959 0.1006
vn -0.6374 -0.4885 -0.5959
vn 0.6692 -0.7325 -0.1251
vn 0.0049 -0.9999 -0.0158
vn -0.1384 0.9763 -0.1666
vn 0.2485 0.9176 -0.3103
vn -0.9578 0.0678 -0.2792
vn 0.1432 0.9759 -0.1645
vn 0.4720 -0.8798 0.0562
vn -0.5405 -0.4503 -0.7107
vn 0.9739 -0.1193 -0.1933
vn 0.7828 -0.5205 -0.3409
vn -0.3316 0.9421 -0.0492
vn -0.7726 0.2144 0.5976
vn -0.0384 -0.5042 -0.8627
vn 0.3781 0.7149 0.5881
vn 0.4458 -0.5848 -0.6777
vn 0.7024 -0.3339 -0.6286
vn -0.8636 -0.4992 -0.0707
vn 0.5485 -0.8312 -0.0905
vn 0.9322 -0.3471 0.1027
vn -0.1401 0.9709 -0.1943
vn -0.1394 0.9682 -0.2079
vn -0.1390 0.9694 -0.2023
vn 0.2709 0.8540 -0.4442
vn 0.9254 0.2921 -0.2414
vn -0.9318 0.0729 -0.3555
vn -0.0987 0.6609 -0.7440
vn -0.7517 -0.1984 -0.6290
vn 0.6653 -0.6640 -0.3412
vn -0.4580 -0.8887 -0.0204
vn 0.3373 -0.7410 -0.5807
vn -0.6205 -0.3223 -0.7149
vn 0.3824 -0.5062 -0.7730
vn -0.1405 0.9721 -0.1879
vn 0.9734 0.1087 -0.2015
vn -0.9626 0.1480 -0.2269
vn -0.1481 -0.9700 0.1926
vn -0.9802 -0.1925 0.0475
vn -0.2637 -0.9492 0.1715
vn -0.2738 -0.9559 0.1066
vn 0.8498 0.0595 -0.5238
vn 0.9702 0.2424 -0.0027
vn -0.1525 0.2306 -0.9610
vn 0.2758 0.8214 0.4993
vn 0.3686 0.2786 -0.8869
vn -0.6918 -0.7174 0.0820
vn 0.1986 0.9118 -0.3594
vn 0.4668 0.7802 -0.4164
vn -0.2678 0.1128 -0.9569
vn 0.3024 0.8096 0.5031
vn -0.1878 0.9822 0.0006
vn -0.4153 0.2770 -0.8665
vn 0.7349 -0.3572 -0.5764
vn 0.4018 0.7640 0.5049
vn 0.7203 -0.3717 -0.5856
vn 0.0738 -0.9564 -0.2827
vn -0.1639 -0.7453 -0.6463
vn 0.8578 -0.0081 -0.5140
vn 0.9107 -0.3719 0.1799
vn 0.8110 -0.5456 0.2111
vn 0.9180 -0.3907 0.0677
vn 0.9966 -0.0178 0.0808
vn -0.9316 -0.1725 0.3200
vn -0.8182 -0.5707 0.0705
vn -0.3057 0.9429 -0.1319
vn -0.7598 -0.2891 -0.5823
vn -0.2118 0.9205 -0.3283
vn -0.0529 -0.9932 0.1036
vn 0.5675 -0.7885 -0.2371
vn -0.5760 -0.8036 -0.1500
vn -0.6737 -0.7311 -0.1077
vn 0.9511 -0.0660 0.3017
vn 0.1838 0.9326 -0.3106
vn 0.8404 0.3109 -0.4439
vn -0.9800 -0.0068 -0.1987
vn 0.1892 -0.9302 0.3146
vn -0.9505 0.0832 -0.2995
vn -0.9644 0.0055 0.2643
vn -0.9876 0.0802 -0.1346
vn 0.7191 -0.6709 -0.1809
vn -0.2714 0.9371 -0.2195
vn 0.9320 0.0514 -0.3588
vn 0.0856 0.9794 -0.1830
vn 0.2741 0.9417 -0.1953
vn -0.7176 -0.0468 -0.6949
vn -0.0583 0.9800 -0.1900
vn 0.1947 -0.9805 0.0280
vn 0.8008 -0.4523 -0.3926
vn -0.3209 -0.9107 0.2600
vn 0.9246 0.2315 -0.3027
vn -0.9349 0.2236 -0.2756
vn 0.6741 0.1927 0.7131
vn -0.7150 0.2452 0.6547
vn 0.9361 -0.1715 0.3071
vn -0.9650 -0.0809 0.2493
vn -0.9453 -0.1363 0.2964
vn -0.8997 -0.2637 0.3477
vn -0.8013 -0.5355 0.2668
vn -0.9011 -0.3024 0.3108
vn 0.8878 0.1882 -0.4201
vn 0.8847 0.2561 -0.3896
vn 0.8581 0.2720 -0.4355
vn 0.4148 0.6696 -0.6161
vn 0.3535 0.7084 -0.6109
vn 0.3039 0.7187 -0.6254
vn -0.8191 -0.4393 0.3688
vn -0.6761 -0.6990 0.2329
vn 0.8222 -0.4007 0.4043
vn 0.7965 -0.5201 0.3084
vn 0.6846 -0.6721 0.2821
vn 0.6406 -0.3911 0.6608
vn 0.6435 -0.3770 0.6662
vn 0.7145 -0.3690 0.5944
vn 0.5730 0.1332 -0.8087
vn 0.5786 0.2089 -0.7884
vn 0.5100 0.1398 -0.8488
vn -0.7108 -0.3757 0.5946
vn -0.7707 -0.4077 0.4898
vn -0.7959 -0.3467 0.4964
vn -0.6353 0.4644 -0.6170
vn -0.6758 0.4430 -0.5892
vn -0.6138 0.3558 -0.7047
vn 0.7602 -0.4274 0.4894
vn 0.8507 -0.3759 0.3674
vn 0.8240 -0.4299 0.3690
vn -0.9836 -0.1720 -0.0543
vn -0.3445 -0.8867 0.3084
vn -0.9885 -0.1457 -0.0400
vn 0.3661 0.3176 -0.8747
vn 0.3960 0.2329 -0.8882
vn 0.5731 0.2904 -0.7663
vn -0.4870 0.2981 -0.8209
vn -0.4850 0.2937 -0.8237
vn -0.8787 -0.0111 -0.4772
vn 0.2255 0.1893 -0.9557
vn -0.1766 0.4100 -0.8948
vn -0.2767 0.3266 -0.9037
vn -0.0525 0.4268 -0.9028
vn 0.8292 0.1599 -0.5355
vn 0.7558 0.1795 -0.6297
vn 0.8505 0.1839 -0.4927
vn -0.8370 0.5164 -0.1812
vn -0.3758 -0.6344 0.6755
vn -0.7201 0.6148 -0.3216
vn 0.7279 -0.0895 -0.6799
vn -0.8681 0.2114 0.4492
vn -0.8947 0.1105 0.4327
vn 0.1489 0.6200 -0.7703
vn -0.1097 0.6396 -0.7609
vn 0.0453 0.6128 -0.7889
vn -0.7482 -0.5523 0.3675
vn -0.7676 -0.5297 0.3608
vn -0.7658 -0.5181 0.3809
vn -0.8017 -0.2395 0.5476
vn -0.8267 -0.1488 0.5427
vn 0.7238 0.6535 -0.2215
vn -0.2037 0.6170 -0.7602
vn 0.7350 0.6658 -0.1282
vn 0.8205 0.5544 0.1395
vn -0.2149 0.6281 -0.7479
vn 0.6652 -0.1928 0.7213
vn 0.8234 -0.1933 0.5336
vn -0.2540 0.7632 -0.5942
vn 0.1448 0.7080 -0.6912
vn 0.1206 0.6893 -0.7144
vn 0.2104 0.6438 -0.7357
vn 0.2311 0.6062 -0.7610
vn 0.8165 0.5112 -0.2681
vn 0.4537 -0.5224 0.7219
vn -0.3008 0.6126 -0.7309
vn -0.9051 -0.3749 0.2007
vn 0.8119 0.4784 -0.3346
vn 0.8327 -0.2877 0.4730
vn 0.8557 -0.2507 0.4527
vn 0.8873 -0.1787 0.4251
vn 0.9292 -0.1309 0.3455
vn 0.9514 -0.1597 0.2632
vn 0.3795 0.4621 -0.8015
vn -0.8469 -0.2109 0.4881
vn -0.8015 0.4636 -0.3776
vn -0.3470 0.5326 -0.7720
vn 0.8060 0.3872 -0.4477
vn -0.5058 -0.2878 0.8132
vn 0.3002 0.5970 -0.7440
vn -0.5332 0.8126 -0.2355
vn -0.3526 0.6682 -0.6551
vn 0.4971 0.5681 -0.6559
vn 0.8600 0.2292 -0.4559
vn -0.2972 0.5469 -0.7826
vn -0.7830 0.2394 -0.5741
vn 0.8733 -0.3011 0.3831
vn -0.8721 -0.2690 0.4088
vn 0.9268 -0.2357 0.2923
vn 0.9936 0.0996 -0.0538
vn 0.9748 0.1749 -0.1387
vn 0.9934 0.1122 -0.0236
vn -0.9833 0.1496 -0.1041
vn -0.9415 0.2138 -0.2606
vn -0.9908 0.1040 -0.0870
vn -0.0331 0.9938 -0.1059
vn 0.0213 0.8285 -0.5596
vn 0.0037 0.8084 -0.5886
vn 0.0331 0.9935 -0.1091
vn -0.0215 0.8286 -0.5595
vn 0.0710 0.9934 -0.0903
vn -0.3136 0.5284 -0.7890
vn 0.7782 0.3689 -0.5083
vn 0.8616 -0.3203 0.3939
vn 0.0885 -0.0580 0.9944
vn -0.6397 0.7601 -0.1141
vn -0.3887 0.6779 -0.6240
vn -0.6687 -0.2417 0.7032
vn -0.7411 -0.1756 0.6480
vn -0.6735 -0.2529 0.6946
vn -0.3597 0.5528 -0.7517
vn 0.7610 0.3194 -0.5646
vn 0.8741 -0.3304 0.3561
vn -0.9795 -0.1671 0.1120
vn -0.7372 0.3498 -0.5782
vn 0.1735 0.0042 0.9848
vn -0.5907 0.7921 -0.1539
vn -0.4168 0.6503 -0.6351
vn -0.8547 0.1013 -0.5092
vn 0.7430 -0.1767 0.6455
vn 0.7695 -0.1512 0.6205
vn 0.7217 -0.1909 0.6653
vn -0.3544 0.5196 -0.7775
vn 0.2596 0.5429 -0.7986
vn 0.3755 0.4993 -0.7808
vn 0.2086 0.5670 -0.7969
vn -0.7704 -0.1517 0.6192
vn -0.7138 -0.1979 0.6718
vn -0.2729 0.5214 -0.8085
vn 0.8730 -0.3341 0.3553
vn 0.9309 0.3424 -0.1272
vn 0.8781 -0.3361 0.3407
vn -0.6239 0.7811 0.0260
vn -0.4569 0.6219 -0.6360
vn 0.6829 0.3742 -0.6274
vn 0.7560 0.3433 -0.5574
vn -0.4452 0.4880 -0.7508
vn -0.7329 -0.1925 0.6526
vn -0.7001 0.6984 -0.1484
vn -0.4506 0.6198 -0.6425
vn -0.2417 0.4640 -0.8522
vn 0.6620 0.3441 -0.6659
vn 0.8465 -0.3597 0.3924
vn 0.6924 0.3262 -0.6436
vn -0.4050 0.0655 0.9119
vn -0.3244 0.4726 -0.8194
vn -0.4276 0.4791 -0.7666
vn 0.9118 -0.2829 0.2977
vn -0.9925 0.1219 0.0055
vn -0.9945 0.1047 -0.0073
vn -0.8684 -0.3073 0.3891
vn 0.7667 -0.5161 0.3817
vn 0.7557 -0.5289 0.3863
vn 0.7969 -0.5004 0.3385
vn -0.4841 0.4741 -0.7354
vn 0.0968 0.0159 0.9952
vn -0.5999 0.7995 -0.0286
vn -0.5455 0.5814 -0.6037
vn 0.4399 0.4700 -0.7653
vn 0.3909 0.5153 -0.7627
vn 0.3314 0.4845 -0.8096
vn 0.9722 0.2340 0.0123
vn 0.9952 0.0958 0.0193
vn 0.9573 0.2301 -0.1752
vn 0.2522 0.3514 -0.9016
vn 0.9576 -0.2128 0.1944
vn 0.9624 -0.1453 0.2297
vn 0.5969 0.4506 -0.6639
vn 0.9516 -0.2197 0.2148
vn -0.9327 -0.2577 0.2522
vn -0.9369 0.1507 -0.3156
vn -0.9730 -0.0908 0.2122
vn -0.5848 0.3598 -0.7270
vn -0.9854 -0.0464 0.1637
vn 0.0088 0.9890 -0.1479
vn 0.0470 0.8183 -0.5729
vn -0.0151 0.8643 -0.5027
vn -0.9555 0.2808 0.0907
vn -0.3936 0.2247 -0.8914
vn -0.4897 0.4256 -0.7610
vn 0.9822 -0.0877 0.1659
vn -0.7618 0.3744 -0.5286
vn 0.9828 -0.0586 0.1752
vn 0.9947 0.0294 0.0981
vn 0.9823 -0.0729 0.1725
vn -0.3300 -0.6092 0.7211
vn -0.3148 -0.5868 0.7460
vn 0.3536 -0.6164 0.7036
vn -0.7634 -0.5239 0.3779
vn -0.7427 -0.5202 0.4216
vn -0.8102 -0.4913 0.3198
vn 0.4686 0.4245 -0.7747
vn -0.9562 0.1194 -0.2673
vn -0.7013 0.4763 -0.5304
vn -0.9978 0.0638 -0.0154
vn -0.8294 -0.3202 0.4577
vn -0.8443 -0.3319 0.4206
vn -0.5616 0.3634 -0.7433
vn 0.5708 0.3357 -0.7493
vn 0.4521 0.3930 -0.8007
vn 0.5470 0.3250 -0.7714
vn 0.9517 -0.1202 0.2827
vn 0.8925 0.1787 -0.4142
vn -0.4607 0.8290 -0.3172
vn 0.9796 -0.0917 0.1786
vn -0.5483 0.3385 -0.7647
vn -0.5111 0.3530 -0.7837
vn 0.9768 -0.0494 0.2086
vn -0.8983 0.3207 -0.3003
vn 0.9737 0.2097 0.0890
vn -0.2849 0.8063 -0.5185
vn 0.9846 0.0618 -0.1633
vn -0.5271 0.3588 -0.7703
vn -0.8567 0.3573 -0.3721
vn -0.9524 0.1613 -0.2586
vn -0.1265 0.7858 -0.6054
vn -0.4506 0.4491 -0.7716
vn 0.3339 0.4055 -0.8509
vn -0.4403 0.7780 -0.4481
vn -0.4268 0.8231 -0.3747
vn 0.7983 0.5603 -0.2209
vn -0.0028 0.4408 -0.8976
vn 0.0070 0.4668 -0.8843
vn 0.0055 0.4200 -0.9075
vn 0.8030 0.2917 -0.5197
vn -0.7977 0.4306 -0.4222
vn 0.0906 0.2729 -0.9578
vn 0.3873 0.5143 -0.7652
vn -0.6672 0.1722 -0.7247
vn 0.9517 -0.1617 0.2608
vn 0.9830 -0.0738 0.1679
vn -0.9421 -0.3353 0.0022
vn -0.5596 0.6302 -0.5382
vn 0.8063 -0.4240 0.4126
vn 0.4124 0.4988 -0.7623
vn 0.9802 -0.1017 0.1696
vn -0.5991 0.3615 -0.7144
vn 0.4437 0.3957 -0.8041
vn -0.5189 0.1811 -0.8354
vn -0.9970 0.0562 0.0539
vn -0.9942 0.0258 0.1046
vn 0.3686 0.5296 -0.7640
vn -0.5522 0.3428 -0.7600
vn -0.9025 0.2470 -0.3527
vn -0.9763 0.1439 -0.1617
vn -0.8159 0.2328 -0.5293
vn -0.7721 0.3721 -0.5152
vn -0.9621 0.0639 -0.2650
vn 0.5058 0.3941 -0.7673
vn 0.9775 0.1676 0.1284
vn 0.9298 0.2149 0.2987
vn -0.2976 0.4931 -0.8175
vn 0.1462 0.6759 -0.7223
vn 0.9894 0.1169 -0.0865
vn 0.9919 0.0800 -0.0987
vn 0.9978 0.0626 -0.0201
vn -0.4201 0.5261 -0.7395
vn 0.5161 0.3824 -0.7665
vn -0.5006 0.2509 -0.8285
vn 0.5645 0.2286 -0.7932
vn -0.5115 0.3241 -0.7958
vn 0.9816 0.1547 -0.1122
vn 0.9785 0.1245 -0.1642
vn 0.5129 0.3078 -0.8014
vn 0.5060 0.2630 -0.8214
vn 0.9954 0.0480 0.0830
vn -0.0022 -0.7238 -0.6900
vn 0.0876 -0.4245 -0.9012
vn -0.0255 -0.4198 -0.9073
vn -0.1337 0.3709 -0.9190
vn 0.6846 -0.0120 -0.7288
vn -0.4992 0.1532 -0.8529
vn -0.6673 0.1825 -0.7221
vn -0.5737 0.1975 -0.7949
vn 0.5556 0.1080 -0.8244
vn -0.9938 0.0243 0.1081
vn -0.9907 0.1161 -0.0710
vn 0.7958 -0.1530 0.5859
vn -0.7958 -0.1530 0.5859
vn 0.5221 0.3272 -0.7876
vn -0.7750 0.1972 -0.6004
vn -0.3586 0.5526 -0.7524
vn 0.9969 0.0766 0.0186
vn 0.9987 0.0336 0.0375
vn -0.1238 0.2981 -0.9465
vn -0.2282 0.2131 -0.9500
vn 0.5103 0.2083 -0.8344
vn -0.2719 0.1179 -0.9551
vn -0.8091 0.5045 -0.3013
vn -0.9929 0.1178 0.0129
vn 0.5027 0.1411 -0.8529
vn 0.5266 0.1650 -0.8339
vn 0.9828 0.0778 -0.1675
vn 0.8835 0.1676 -0.4374
vn 0.9891 0.0241 -0.1454
vn -0.9867 0.0312 -0.1594
vn -0.9137 0.0234 -0.4058
vn -0.9094 0.0985 -0.4041
vn 0.9032 -0.3834 0.1928
vn 0.9275 -0.3212 0.1912
vn 0.9718 -0.2098 0.1076
vn -0.7728 0.5919 -0.2290
vn -0.4833 -0.7066 -0.5169
vn -0.6076 -0.7642 -0.2163
vn -0.4769 -0.0449 -0.8778
vn 0.5876 0.6755 -0.4453
vn 0.5033 0.8410 -0.1985
vn 0.2383 0.2341 -0.9426
vn 0.8616 0.5064 -0.0356
vn -0.4603 0.1611 -0.8730
vn 0.1576 0.5757 0.8023
vn 0.5616 0.1343 -0.8164
vn 0.4165 0.1460 -0.8973
vn -0.0395 0.1951 -0.9800
vn -0.5560 0.1404 -0.8192
vn -0.5948 0.0998 -0.7976
vn -0.8392 -0.4248 0.3394
vn -0.8523 -0.4249 0.3052
vn -0.6715 0.0631 -0.7383
vn -0.6287 0.0295 -0.7771
vn -0.6394 -0.0088 -0.7689
vn -0.9849 -0.1538 0.0796
vn -0.2521 0.1003 -0.9625
vn 0.9258 -0.3250 0.1929
vn 0.8761 -0.3984 0.2716
vn 0.9319 -0.3060 0.1948
vn 0.9019 -0.3434 0.2619
vn 0.6473 -0.0265 -0.7618
vn 0.3034 0.1994 -0.9318
vn 0.2638 0.0875 -0.9606
vn -0.9842 -0.1224 -0.1283
vn -0.9749 -0.1719 -0.1417
vn -0.9070 -0.0962 -0.4099
vn -0.9051 -0.3530 0.2371
vn -0.9200 -0.3297 0.2120
vn 0.7963 -0.1809 -0.5772
vn 0.7458 -0.0599 -0.6634
vn -0.3136 0.2920 -0.9035
vn -0.9538 -0.2862 0.0913
vn 0.0294 -0.3778 -0.9254
vn -0.4392 0.3824 -0.8129
vn 0.6001 -0.1158 -0.7915
vn -0.2996 0.1796 -0.9370
vn 0.1818 0.2937 -0.9385
vn -0.6426 -0.0167 -0.7661
vn -0.6955 0.1579 -0.7010
vn 0.6394 -0.2555 -0.7252
vn 0.4255 -0.3876 0.8178
vn 0.2181 0.2343 -0.9474
vn -0.2410 0.3065 -0.9208
vn 0.4846 0.4243 -0.7649
vn 0.4189 0.4853 -0.7675
vn -0.7943 0.4191 -0.4398
vn 0.9599 0.0182 -0.2798
vn 0.8966 0.1505 -0.4165
vn 0.6102 -0.0730 -0.7889
vn -0.9414 0.3253 -0.0891
vn -0.2110 0.1797 -0.9608
vn -0.8332 0.5525 0.0218
vn -0.4343 0.5057 -0.7454
vn 0.3330 0.2603 -0.9063
vn 0.9904 -0.0833 -0.1099
vn -0.6745 -0.6031 -0.4258
vn 0.6773 0.0839 -0.7309
vn 0.6768 0.1865 -0.7122
vn -0.0884 0.2762 -0.9570
vn -0.4022 0.4155 -0.8158
vn 0.8834 -0.1322 -0.4495
vn 0.8650 -0.0483 -0.4995
vn 0.9663 -0.2337 -0.1082
vn -0.8952 0.3745 -0.2417
vn -0.2693 0.2575 -0.9280
vn -0.2958 0.3734 -0.8792
vn 0.3671 0.5810 -0.7264
vn -0.1749 0.3062 -0.9358
vn -0.8232 0.5677 0.0093
vn -0.2625 0.7590 -0.5958
vn 0.4313 0.5056 -0.7472
vn 0.6669 -0.1645 0.7267
vn -0.5916 -0.1849 0.7847
vn 0.0221 -0.2045 0.9786
vn 0.0843 0.3579 -0.9299
vn 0.0059 0.2879 -0.9576
vn 0.8594 -0.4009 0.3172
vn 0.2886 0.4737 -0.8321
vn 0.9617 -0.2476 -0.1173
vn 0.8784 -0.3383 0.3375
vn 0.9432 -0.3183 0.0952
vn 0.4821 0.1011 -0.8703
vn -0.1641 -0.2115 0.9635
vn -0.3103 0.1716 -0.9350
vn -0.3330 0.4503 -0.8285
vn 0.5004 0.5246 -0.6888
vn 0.9042 0.3420 -0.2559
vn -0.3904 0.6701 -0.6313
vn 0.5134 0.5569 -0.6529
vn 0.8339 0.3826 -0.3978
vn -0.8943 -0.3605 0.2651
vn -0.8615 0.1178 -0.4940
vn -0.6756 0.1186 -0.7276
vn 0.4551 0.3336 -0.8256
vn 0.9050 -0.0073 -0.4254
vn -0.4071 0.4552 -0.7919
vn 0.6697 0.3675 -0.6453
vn 0.4118 0.3110 -0.8565
vn 0.8874 -0.3638 0.2832
vn -0.7985 0.0060 -0.6020
vn -0.9220 -0.1703 -0.3476
vn -0.9637 -0.2362 -0.1242
vn 0.6003 0.0112 -0.7997
vn -0.8966 0.4078 -0.1726
vn -0.3487 0.5773 -0.7383
vn 0.4000 0.4413 -0.8033
vn -0.3088 0.4317 -0.8475
vn -0.4281 0.4519 -0.7826
vn 0.6864 0.1323 -0.7151
vn -0.5642 0.4171 -0.7125
vn -0.9589 0.2759 0.0667
vn 0.1689 0.4883 -0.8562
vn 0.8706 -0.3777 0.3152
vn -0.7830 0.5979 -0.1717
vn -0.4547 0.5600 -0.6926
vn -0.4537 0.4063 -0.7932
vn -0.4749 0.4619 -0.7490
vn -0.9713 0.1950 -0.1361
vn -0.9965 0.0563 -0.0610
vn -0.9955 0.0668 -0.0673
vn 0.9080 -0.3375 0.2483
vn 0.8506 -0.3963 0.3455
vn 0.8123 -0.0771 -0.5781
vn 0.9023 -0.3129 0.2967
vn 0.0789 0.0122 -0.9968
vn -0.4534 0.2915 -0.8423
vn -0.3984 0.0830 -0.9134
vn 0.5733 0.2118 -0.7915
vn 0.6437 -0.0864 -0.7604
vn -0.5344 0.4568 -0.7112
vn 0.8283 0.4076 -0.3845
vn -0.5358 0.0880 -0.8398
vn -0.9089 -0.3007 0.2890
vn -0.8172 -0.4386 0.3740
vn -0.5681 0.4396 -0.6957
vn 0.6350 0.4610 -0.6200
vn 0.7771 -0.4546 0.4352
vn 0.8207 0.4372 -0.3679
vn 0.4455 0.3739 -0.8135
vn 0.5072 0.2975 -0.8088
vn -0.4012 0.9159 -0.0149
vn -0.9170 -0.3464 0.1978
vn 0.8304 -0.3543 0.4300
vn -0.9165 -0.2997 0.2649
vn 0.9410 -0.2603 0.2160
vn 0.9550 -0.2222 0.1962
vn 0.9745 -0.1160 -0.1919
vn 0.8607 -0.3485 0.3710
vn -0.5795 0.5205 -0.6271
vn 0.6610 0.5059 -0.5543
vn 0.9105 -0.3276 0.2525
vn 0.5258 0.1067 -0.8439
vn -0.5361 0.1458 -0.8314
vn 0.9107 -0.3279 0.2513
vn -0.4426 0.5732 -0.6896
vn 0.6143 0.4444 -0.6521
vn -0.8440 -0.4479 0.2949
vn -0.9480 -0.2417 0.2072
vn 0.7674 -0.4539 0.4528
vn -0.7764 -0.4523 0.4388
vn 0.5219 0.0619 -0.8507
vn -0.5010 0.5119 -0.6979
vn 0.7513 0.4354 -0.4960
vn 0.5496 0.3517 -0.7578
vn 0.5408 -0.3814 0.7497
vn -0.4456 0.2162 -0.8687
vn 0.7979 -0.4100 0.4420
vn 0.4272 -0.1207 -0.8961
vn -0.8069 0.4946 -0.3230
vn -0.5651 0.5299 -0.6324
vn 0.7789 0.4956 -0.3844
vn 0.5871 -0.2835 -0.7582
vn 0.8985 -0.3152 0.3055
vn 0.9312 -0.2439 -0.2707
vn -0.2818 -0.1908 -0.9403
vn 0.0113 -0.8620 -0.5068
vn -0.6127 0.5587 -0.5589
vn 0.5772 0.3111 -0.7550
vn -0.5165 0.2169 -0.8284
vn -0.8800 0.1742 -0.4418
vn -0.9318 -0.1579 -0.3268
vn -0.2846 -0.1518 -0.9465
vn -0.6366 -0.2556 -0.7276
vn 0.3305 0.0085 -0.9438
vn 0.9815 0.1579 0.1078
vn 0.9902 0.1176 0.0749
vn 0.9868 0.1200 0.1089
vn 0.6063 -0.4318 -0.6678
vn 0.1632 0.1173 -0.9796
vn 0.0568 -0.5625 -0.8249
vn 0.1571 -0.6133 -0.7741
vn 0.3220 -0.3288 -0.8878
vn -0.4358 0.2529 -0.8638
vn 0.6549 -0.1846 -0.7329
vn -0.9852 0.1557 0.0720
vn -0.9797 0.1734 0.1004
vn -0.9885 0.1311 0.0757
vn -0.0071 0.1838 -0.9829
vn -0.0045 0.2041 -0.9789
vn 0.0050 0.1805 -0.9836
vn 0.6293 -0.3347 -0.7014
vn 0.6352 -0.2538 -0.7294
vn -0.3021 -0.0136 -0.9532
vn -0.3150 -0.0464 -0.9480
vn -0.4914 0.1071 -0.8643
vn 0.7646 -0.6435 -0.0359
vn 0.9504 -0.2971 -0.0920
vn 0.3593 -0.3933 -0.8463
vn 0.6524 -0.3538 -0.6703
vn 0.9314 -0.3628 -0.0297
vn -0.9964 0.0827 -0.0198
vn -0.9686 -0.1797 0.1716
vn -0.9982 0.0560 -0.0218
vn 0.3098 -0.2359 0.9211
vn 0.3052 -0.1952 -0.9321
vn 0.6571 -0.2454 -0.7128
vn 0.0441 -0.9962 -0.0758
vn 0.0066 0.1438 -0.9896
vn 0.0082 0.2139 -0.9768
vn 0.0679 0.2225 -0.9726
vn 0.0423 0.2216 -0.9742
vn 0.9944 -0.0711 0.0777
vn 0.9209 -0.3051 0.2425
vn 0.9903 -0.1050 0.0913
vn 0.6075 -0.3597 0.7082
vn 0.8922 -0.0999 0.4404
vn 0.5470 -0.4239 0.7218
vn 0.0060 -0.9909 -0.1345
vn 0.0225 -0.9986 -0.0469
vn 0.0073 -0.9922 -0.1245
vn -0.9868 0.0418 0.1563
vn -0.9864 0.0670 0.1500
vn -0.6645 -0.0781 0.7432
vn 0.6534 0.1543 0.7411
vn -0.7225 -0.1327 0.6785
vn -0.7084 -0.1311 0.6935
vn 0.0170 0.1652 -0.9861
vn -0.6850 0.1790 -0.7062
vn -0.0004 0.1534 -0.9882
vn 0.5894 -0.2140 -0.7790
vn -0.1438 -0.1971 -0.9698
vn -0.7819 0.0218 -0.6230
vn 0.9953 0.0686 -0.0678
vn 0.5322 0.1405 -0.8349
vn 0.6864 0.1779 -0.7051
vn -0.9712 -0.0919 -0.2200
vn -0.9857 -0.0984 -0.1371
vn -0.9862 -0.1050 -0.1277
vn -0.0052 0.1634 -0.9866
vn 0.9856 -0.0995 -0.1367
vn 0.7106 -0.1326 0.6910
vn 0.9830 -0.1017 -0.1527
vn 0.9708 -0.0915 -0.2217
vn -0.0189 0.5030 -0.8641
vn 0.0060 0.2788 -0.9603
vn -0.0990 0.3849 -0.9176
vn 0.2658 0.2520 -0.9305
vn 0.0415 0.5364 -0.8429
vn 0.7976 -0.2253 -0.5596
vn 0.6291 -0.7028 -0.3321
vn 0.6385 -0.1300 -0.7586
vn -0.0988 0.9492 0.2988
vn 0.4933 -0.0962 -0.8645
vn 0.0994 0.6741 -0.7320
vn -0.7760 -0.2380 -0.5842
vn -0.5411 0.1172 -0.8328
vn -0.6252 -0.1876 -0.7576
vn -0.7203 -0.6932 -0.0249
vn 0.3244 -0.4926 -0.8075
vn -0.2598 -0.6903 -0.6752
vn 0.9771 0.0336 0.2101
vn 0.9157 -0.2431 -0.3199
vn -0.8309 0.0677 -0.5522
vn 0.1705 -0.9372 0.3042
vn -0.6890 -0.6945 0.2075
vn 0.7116 0.2596 -0.6528
vn -0.7480 0.3667 -0.5532
vn -0.7019 0.2656 -0.6610
vn -0.0461 0.5519 -0.8326
vn -0.0018 -0.7903 0.6127
vn 0.1340 -0.7850 0.6049
vn -0.4144 -0.5740 0.7062
vn 0.0269 0.1053 -0.9941
vn 0.0359 0.0863 -0.9956
vn -0.7271 0.1045 -0.6785
vn -0.7499 0.1095 -0.6524
vn -0.0264 -0.0738 0.9969
vn -0.4614 0.1127 -0.8800
vn 0.9811 0.1719 0.0889
vn 0.9644 0.2557 0.0679
vn 0.9813 0.1794 0.0703
vn 0.6816 0.1099 -0.7234
vn 0.1543 0.0502 -0.9868
vn -0.1055 0.0144 -0.9943
vn -0.0870 -0.0958 -0.9916
vn -0.1379 -0.0339 -0.9899
vn 0.6294 0.1563 -0.7612
vn -0.1658 -0.0700 -0.9837
vn -0.1923 -0.0452 -0.9803
vn -0.6907 -0.1097 -0.7148
vn 0.7078 -0.0947 -0.7001
vn 0.6610 -0.1211 -0.7405
vn 0.1977 -0.0308 -0.9798
vn -0.0743 -0.4224 0.9034
vn -0.0716 -0.4855 0.8713
vn -0.0345 -0.4223 0.9058
vn -0.8064 0.5887 0.0557
vn -0.8454 0.4288 0.3186
vn -0.8708 0.2798 0.4043
vn -0.0360 -0.3780 0.9251
vn -0.0474 -0.3887 0.9202
vn -0.0030 -0.3802 0.9249
vn 0.8904 -0.1734 0.4209
vn 0.9181 -0.1645 0.3606
vn 0.9088 -0.1779 0.3774
vn 0.7394 0.6691 0.0746
vn 0.2411 0.9227 -0.3007
vn 0.6481 0.7610 -0.0274
vn 0.7742 -0.5292 0.3474
vn 0.7792 0.2874 -0.5570
vn 0.7794 0.2761 -0.5624
vn 0.8983 0.2381 -0.3694
vn 0.7184 -0.1316 0.6831
vn -0.6523 0.1483 0.7433
vn -0.9567 0.2808 0.0766
vn -0.6354 0.2228 0.7393
vn -0.1943 0.5104 -0.8377
vn -0.0674 0.5066 -0.8596
vn -0.2334 0.5076 -0.8294
vn 0.4321 0.1744 -0.8848
vn 0.5056 0.1903 -0.8415
vn -0.5177 0.6063 0.6037
vn -0.7151 0.5142 0.4736
vn -0.5698 0.5953 0.5665
vn -0.9783 -0.1557 0.1369
vn -0.9583 -0.2049 0.1994
vn -0.9385 -0.2817 0.1998
vn -0.9488 0.2417 -0.2033
vn -0.9791 0.0433 -0.1989
vn -0.9608 0.2274 -0.1587
vn -0.2118 0.0025 -0.9773
vn -0.4012 -0.0847 -0.9121
vn -0.3873 0.0288 -0.9215
vn 0.9643 -0.2644 -0.0120
vn 0.9884 -0.1503 -0.0241
vn 0.4805 0.4482 0.7539
vn -0.0654 -0.2690 0.9609
vn 0.6438 -0.2415 0.7261
vn 0.6438 -0.2186 0.7333
vn -0.9608 -0.1002 -0.2584
vn -0.9624 -0.1128 -0.2471
vn 0.9453 -0.3061 0.1125
vn 0.9420 -0.3161 0.1125
vn 0.9465 -0.3093 0.0921
vn -0.2522 0.0824 0.9642
vn 0.1271 -0.1282 0.9836
vn 0.0982 -0.2130 0.9721
vn 0.1580 0.1411 0.9773
vn -0.1309 -0.0680 0.9891
vn -0.2187 -0.0205 0.9756
vn -0.8764 0.0162 -0.4814
vn -0.9436 -0.3251 0.0627
vn 0.2605 -0.9485 0.1802
vn 0.2709 -0.9377 0.2174
vn 0.9846 -0.1620 0.0660
vn 0.9461 -0.1259 -0.2985
vn 0.9775 -0.1477 -0.1506
vn 0.9696 -0.1766 -0.1696
vn 0.5837 -0.3844 0.7152
vn -0.7287 -0.3539 0.5863
vn 0.0796 0.5402 -0.8378
vn 0.2220 0.5238 -0.8224
vn 0.2745 0.4477 -0.8510
vn 0.3751 0.4025 -0.8350
vn 0.4653 0.3795 -0.7997
vn 0.4134 0.4075 -0.8143
vn -0.8082 0.4223 -0.4104
vn -0.8362 0.3820 -0.3935
vn -0.7577 0.4757 -0.4467
vn -0.4059 0.6943 -0.5943
vn -0.3501 0.7271 -0.5906
vn -0.3377 0.7040 -0.6248
vn -0.9921 0.0552 -0.1129
vn -0.9511 -0.3065 0.0372
vn -0.9522 -0.3031 0.0372
vn -0.9365 -0.1697 -0.3068
vn -0.3601 -0.6281 0.6898
vn 0.3453 -0.6983 0.6270
vn 0.3505 -0.7342 0.5814
vn 0.9648 -0.2522 0.0744
vn 0.8508 -0.3939 0.3478
vn 0.8367 -0.4314 0.3374
vn 0.0231 -0.9945 -0.1024
vn 0.0891 -0.9804 -0.1758
vn 0.1538 -0.9620 -0.2255
vn 0.1318 0.0131 0.9912
vn 0.2375 0.0122 0.9713
vn 0.2770 0.0198 0.9607
vn 0.1018 -0.2271 0.9685
vn 0.0916 -0.3554 0.9302
vn 0.2118 -0.3048 0.9286
vn 0.3743 0.9183 0.1292
vn -0.5241 0.8203 0.2289
vn 0.3727 0.9145 0.1576
vn 0.9639 0.2595 -0.0603
vn -0.8758 -0.1286 0.4651
vn -0.9053 -0.0431 0.4226
vn -0.8988 -0.0295 0.4374
vn -0.7313 -0.5027 0.4609
vn -0.8172 -0.4042 0.4110
vn -0.7570 -0.4850 0.4379
vn 0.9909 0.1346 0.0018
vn 0.8678 -0.3098 0.3886
vn 0.8107 0.5194 -0.2703
vn 0.8869 -0.2984 0.3526
vn 0.4657 -0.6829 0.5628
vn 0.8772 -0.3132 0.3639
vn 0.8767 0.0127 -0.4809
vn 0.5038 0.3016 -0.8094
vn 0.4803 0.2937 -0.8265
vn 0.4016 0.6447 -0.6505
vn 0.8366 0.3907 -0.3840
vn 0.3890 0.6523 -0.6506
vn 0.2102 0.9730 0.0949
vn 0.2336 0.9721 -0.0210
vn 0.3029 0.9486 0.0919
vn -0.2651 0.9495 -0.1680
vn -0.7318 0.4551 -0.5073
vn -0.2949 0.9203 -0.2572
vn -0.3916 -0.5679 0.7240
vn -0.4256 -0.5019 0.7530
vn 0.1564 -0.4683 0.8696
vn 0.0580 -0.6907 0.7208
vn 0.3006 -0.4710 0.8294
vn -0.0240 -0.5201 0.8538
vn -0.6957 0.5304 -0.4845
vn -0.5730 0.5357 -0.6202
vn -0.7922 0.2606 -0.5518
vn 0.5232 -0.8444 0.1151
vn 0.6963 -0.7174 -0.0221
vn 0.6147 -0.7708 0.1673
vn 0.6856 -0.7246 0.0701
vn 0.8094 0.5605 -0.1753
vn 0.8115 0.5319 -0.2418
vn -0.0480 -0.2545 0.9659
vn -0.0690 -0.2479 0.9663
vn -0.1693 0.9855 -0.0136
vn 0.2214 0.8519 -0.4746
vn -0.2067 0.9742 0.0904
vn 0.7788 0.4890 -0.3928
vn 0.2807 0.9417 -0.1854
vn 0.7392 0.4655 -0.4868
vn 0.0459 -0.8551 0.5164
vn 0.1137 -0.7206 0.6839
vn 0.4128 -0.7236 0.5532
vn -0.3592 0.5366 -0.7636
vn 0.6256 -0.3149 -0.7138
vn -0.0957 -0.2622 -0.9603
vn 0.9837 -0.1740 -0.0446
vn 0.1966 -0.1246 0.9725
vn 0.1537 -0.1826 0.9711
vn 0.1428 -0.0902 0.9856
vn 0.3040 -0.3114 0.9004
vn 0.1924 -0.3558 0.9145
vn 0.3125 -0.3020 0.9006
vn -0.8345 0.5437 0.0897
vn -0.9025 -0.1807 0.3909
vn -0.9757 0.1979 0.0937
vn 0.3386 0.9384 0.0688
vn -0.5645 0.8072 0.1725
vn -0.5438 0.8146 0.2019
vn -0.1548 -0.1005 -0.9828
vn -0.1161 -0.1185 -0.9861
vn -0.5952 -0.1596 -0.7875
vn -0.8983 -0.2876 0.3323
vn -0.8667 0.1761 -0.4667
vn -0.7636 0.0694 -0.6419
vn -0.5411 0.4664 -0.6998
vn -0.5296 0.3656 -0.7654
vn -0.4126 0.4076 -0.8146
vn -0.7776 0.1113 -0.6188
vn -0.7454 0.1170 -0.6562
vn -0.7020 0.1156 -0.7027
vn -0.9940 0.0140 0.1085
vn -0.6773 -0.1831 0.7126
vn -0.7006 -0.1890 0.6881
vn 0.5350 -0.2384 0.8105
vn -0.3351 -0.3126 0.8888
vn -0.2860 -0.0631 0.9562
vn -0.2444 -0.0065 0.9697
vn -0.1745 0.6165 0.7678
vn -0.2691 0.5218 0.8095
vn -0.1926 0.6381 0.7455
vn 0.4323 0.8266 -0.3603
vn 0.9920 0.0591 -0.1114
vn 0.9814 0.1334 -0.1382
vn 0.4412 0.7895 -0.4267
vn -0.8083 0.5533 -0.2011
vn -0.5108 0.2631 -0.8184
vn -0.5061 0.3216 -0.8003
vn 0.7902 0.3341 -0.5138
vn -0.9535 -0.2198 -0.2062
vn -0.9581 -0.2836 0.0393
vn -0.9283 -0.1801 -0.3252
vn -0.9323 -0.3463 0.1042
vn -0.9928 -0.0611 0.1027
vn -0.9379 -0.3064 0.1628
vn 0.0182 -0.9373 -0.3480
vn 0.0314 -0.6489 -0.7602
vn -0.0191 -0.9441 -0.3291
vn 0.9778 0.1902 0.0882
vn 0.8346 0.5413 0.1020
vn 0.8337 0.5377 0.1259
vn -0.3317 0.9425 0.0411
vn -0.5550 -0.6824 0.4758
vn -0.7351 -0.5245 0.4295
vn -0.5698 -0.7042 0.4235
vn -0.2437 -0.5123 0.8235
vn -0.5654 -0.5170 0.6426
vn -0.1923 -0.6022 0.7748
vn 0.1350 0.1398 -0.9809
vn -0.1234 -0.0959 -0.9877
vn 0.1433 0.0059 -0.9897
vn 0.6899 -0.2293 0.6866
vn 0.6661 -0.3038 0.6812
vn 0.6080 -0.5397 0.5823
vn 0.4677 -0.6180 0.6319
vn 0.5910 -0.5534 0.5869
vn 0.7576 -0.3549 0.5478
vn 0.7305 -0.2958 0.6155
vn 0.2084 0.9154 0.3443
vn 0.1898 0.8325 0.5205
vn 0.4239 0.8862 0.1867
vn 0.9765 -0.2031 -0.0715
vn 0.9670 -0.2272 -0.1153
vn 0.9761 -0.2165 -0.0182
vn 0.9844 -0.1255 0.1237
vn 0.9268 -0.2734 0.2574
vn 0.9009 -0.2902 0.3226
vn 0.9890 0.0391 -0.1426
vn 0.9832 0.1082 -0.1472
vn -0.9874 -0.0501 0.1500
vn -0.9840 0.0150 0.1774
vn -0.9745 -0.0095 0.2244
vn -0.8405 -0.3987 0.3669
vn -0.8603 -0.3384 0.3813
vn 0.5657 0.5819 0.5842
vn 0.6889 0.5416 0.4818
vn 0.8206 0.3529 0.4496
vn 0.9678 -0.1826 0.1734
vn 0.8505 -0.3709 0.3729
vn -0.0144 -0.6875 -0.7261
vn -0.1523 -0.6492 -0.7452
vn -0.1034 -0.6591 -0.7449
vn -0.3948 0.9188 0.0051
vn -0.2542 0.9663 0.0412
vn -0.4652 0.8829 -0.0642
vn -0.6563 0.2230 -0.7208
vn -0.6742 0.2247 -0.7035
vn -0.7560 0.2090 -0.6204
vn -0.8128 0.4311 -0.3918
vn -0.9211 0.2322 -0.3126
vn -0.8018 0.3243 -0.5020
vn 0.1939 -0.5512 -0.8115
vn 0.1396 -0.6538 -0.7437
vn 0.0123 -0.6696 -0.7426
vn 0.9118 0.3810 -0.1530
vn 0.9645 0.2201 -0.1458
vn 0.9788 0.0489 -0.1987
vn -0.1647 -0.5357 0.8282
vn -0.1816 -0.5686 0.8023
vn -0.1720 -0.4889 0.8552
vn -0.2559 0.5771 0.7755
vn 0.5667 -0.7281 0.3856
vn 0.5380 -0.7274 0.4260
vn 0.5820 -0.6599 0.4752
vn -0.3611 -0.8560 0.3700
vn 0.9849 -0.1727 0.0112
vn 0.9961 -0.0805 -0.0375
vn 0.6701 -0.0497 -0.7406
vn 0.9975 -0.0358 0.0609
vn 0.9932 -0.0282 0.1128
vn 0.9884 0.0129 0.1514
vn 0.9969 0.0788 0.0008
vn 0.9972 0.0744 -0.0016
vn 0.7937 0.2940 -0.5325
vn -0.8824 0.4704 0.0064
vn -0.9062 0.4228 0.0002
vn -0.3028 0.8513 0.4285
vn -0.2365 0.8913 0.3869
vn -0.1219 0.3223 -0.9388
vn -0.0544 0.5078 -0.8597
vn -0.0234 0.8402 -0.5417
vn -0.8831 0.1800 -0.4333
vn -0.8749 0.0798 -0.4778
vn -0.8981 0.1281 -0.4208
vn 0.0284 -0.3525 -0.9354
vn -0.9980 -0.0539 0.0320
vn -0.9896 -0.1338 0.0524
vn -0.9985 -0.0534 0.0109
vn -0.9945 -0.0533 0.0906
vn -0.9969 -0.0439 0.0655
vn 0.0090 0.2808 -0.9597
vn -0.0079 0.2854 -0.9584
vn -0.0076 0.3231 -0.9463
vn -0.9953 0.0947 0.0195
vn -0.9625 0.2428 -0.1209
vn -0.9847 -0.1384 0.1054
vn -0.9820 -0.1169 0.1481
vn -0.9236 -0.2764 0.2656
vn -0.9938 -0.0180 -0.1093
vn -0.9834 -0.1286 0.1281
vn -0.9973 0.0096 -0.0731
vn -0.7437 -0.6415 0.1882
vn -0.8163 -0.5764 -0.0368
vn -0.4769 -0.8571 0.1948
vn -0.1545 -0.9624 -0.2236
vn -0.0419 -0.9839 -0.1739
vn -0.0877 -0.9886 -0.1226
vn -0.6464 -0.3421 -0.6821
vn -0.0721 -0.3576 -0.9311
vn -0.6774 -0.3913 -0.6229
vn -0.9721 -0.2118 -0.1013
vn -0.9818 -0.1793 -0.0629
vn -0.7504 0.0301 -0.6603
vn -0.8021 0.0485 -0.5953
vn -0.8073 0.0104 -0.5900
vn 0.0689 -0.2501 0.9658
vn 0.0657 -0.2497 0.9661
vn 0.0454 -0.2415 0.9693
vn 0.7560 0.3798 -0.5332
vn 0.9376 -0.3286 0.1140
vn 0.9957 -0.0624 0.0682
vn -0.5605 -0.4330 0.7059
vn -0.6121 -0.3676 0.7002
vn -0.8157 -0.3621 0.4511
vn -0.7754 -0.4441 0.4489
vn -0.6431 -0.5239 0.5586
vn -0.6679 -0.3372 0.6635
vn -0.6803 -0.4410 0.5855
vn -0.7616 -0.3464 0.5478
vn 0.9441 -0.1559 -0.2906
vn 0.9307 -0.1797 -0.3184
vn 0.9408 -0.1899 -0.2807
vn 0.9982 -0.0052 -0.0599
vn 0.9835 -0.1209 0.1346
vn 0.9959 -0.0108 -0.0903
vn 0.8851 0.4592 -0.0754
vn 0.3056 0.8381 0.4520
vn -0.9001 -0.1193 0.4191
vn -0.9164 0.0198 0.3999
vn -0.8337 -0.0232 0.5518
vn -0.9066 0.1450 -0.3964
vn -0.8438 0.3398 -0.4154
vn -0.9989 0.0098 0.0469
vn -0.3817 0.9109 0.1566
vn -0.9589 0.2762 -0.0645
vn -0.3724 0.9189 0.1303
vn 0.5168 0.8279 0.2181
vn -0.2135 0.1579 -0.9641
vn -0.2508 0.1655 -0.9538
vn -0.3756 0.1450 -0.9154
vn -0.5227 0.1408 -0.8408
vn -0.6397 0.1316 -0.7573
vn -0.5943 0.1590 -0.7883
vn 0.8892 -0.3436 0.3022
vn 0.9312 -0.2659 0.2494
vn 0.9143 -0.3330 0.2304
vn 0.9637 -0.0055 0.2670
vn 0.9748 0.0255 0.2215
vn 0.9649 -0.0147 0.2623
vn 0.0056 0.9103 -0.4139
vn 0.1118 0.9251 -0.3629
vn 0.1188 0.9098 -0.3978
vn -0.0803 0.8981 -0.4325
vn -0.1081 0.9253 -0.3635
vn -0.5520 -0.7470 0.3706
vn -0.5608 -0.7076 0.4298
vn 0.3449 -0.8853 0.3118
vn 0.9885 -0.1461 -0.0397
vn 0.3181 -0.9112 0.2619
vn 0.7781 -0.0098 -0.6281
vn 0.7796 -0.0067 -0.6262
vn 0.1313 -0.2246 -0.9656
vn 0.9800 0.1745 0.0961
vn 0.9859 0.1517 0.0711
vn -0.9454 -0.1141 0.3052
vn -0.9186 -0.2757 0.2830
vn -0.8670 -0.3194 0.3825
vn 0.6904 -0.2319 -0.6852
vn 0.0042 0.4013 -0.9159
vn 0.0079 0.4612 -0.8873
vn 0.0171 -0.0665 0.9976
vn 0.0256 -0.1067 0.9940
vn 0.5470 0.3529 0.7591
vn 0.8917 0.4522 0.0221
vn 0.9302 0.3641 0.0457
vn -0.9580 0.1758 0.2266
vn -0.9141 -0.1448 0.3788
vn -0.8856 -0.1507 0.4394
vn -0.6333 -0.7127 0.3016
vn -0.6874 -0.6249 0.3701
vn -0.6534 -0.6012 0.4601
vn 0.9704 -0.1539 -0.1863
vn 0.9533 -0.1386 -0.2684
vn 0.9653 -0.2106 -0.1547
vn 0.4663 -0.4383 -0.7684
vn 0.5095 -0.3438 -0.7888
vn 0.5166 -0.5334 -0.6698
vn -0.9951 -0.0938 -0.0303
vn 0.9506 -0.3084 0.0360
vn 0.4005 -0.5530 0.7306
vn 0.9551 -0.2934 0.0401
vn 0.8195 0.0766 -0.5680
vn 0.7279 0.0979 -0.6787
vn 0.7832 0.5835 -0.2148
vn 0.1762 0.6710 0.7202
vn 0.1879 0.6413 0.7439
vn 0.2359 0.5900 0.7722
vn 0.8588 0.2621 0.4402
vn 0.7963 0.5517 0.2480
vn 0.8270 0.5559 0.0838
vn 0.9912 0.0563 0.1198
vn 0.9901 0.1406 -0.0027
vn 0.9719 0.1942 -0.1332
vn 0.0074 0.9544 -0.2983
vn 0.0771 0.9932 -0.0870
vn 0.3621 0.8002 -0.4780
vn -0.9969 0.0784 0.0014
vn -0.9975 0.0705 -0.0063
vn -0.7957 0.3060 -0.5227
vn -0.7912 0.3500 -0.5015
vn -0.7923 0.3875 -0.4713
vn 0.4925 0.3839 -0.7811
vn -0.1670 -0.1801 0.9694
vn -0.1995 -0.0749 0.9770
vn -0.1562 -0.0805 0.9844
vn -0.5107 -0.1324 0.8495
vn -0.5107 -0.2008 0.8360
vn -0.6232 -0.1515 0.7672
vn -0.9781 0.0042 -0.2081
vn -0.6820 -0.1835 0.7080
vn -0.9823 -0.0142 -0.1867
vn -0.9838 -0.1019 -0.1474
vn -0.2730 0.9527 -0.1337
vn -0.0919 0.9805 -0.1738
vn -0.2231 0.9568 -0.1863
vn -0.5909 0.7291 0.3452
vn -0.5131 0.7465 0.4237
vn -0.4735 0.7586 0.4476
vn -0.4176 0.9004 0.1217
vn -0.2002 0.9252 0.3224
vn -0.9614 0.2463 -0.1228
vn -0.9749 -0.2126 -0.0659
vn -0.9663 -0.2165 -0.1394
vn -0.9771 -0.1407 -0.1599
vn -0.0054 0.0965 -0.9953
vn 0.5985 -0.0019 -0.8011
vn 0.5846 0.0119 -0.8112
vn 0.9450 -0.0526 -0.3229
vn 0.5587 0.2743 0.7827
vn 0.5988 0.1910 0.7778
vn 0.5403 0.1585 0.8264
vn 0.7353 -0.2561 0.6275
vn 0.7908 -0.2412 0.5625
vn 0.7853 -0.2682 0.5581
vn 0.9984 0.0546 -0.0176
vn 0.7959 -0.2785 0.5375
vn 0.9979 0.0644 0.0021
vn 0.1018 -0.4268 0.8986
vn 0.7278 -0.4009 0.5565
vn 0.6936 -0.3998 0.5992
vn 0.5387 -0.5045 0.6748
vn -0.8077 -0.3103 0.5014
vn -0.7227 -0.4264 0.5439
vn -0.6909 -0.3852 0.6117
vn -0.7477 0.4333 -0.5032
vn -0.8925 0.4202 0.1641
vn -0.7806 0.3841 -0.4930
vn -0.2761 0.8121 -0.5141
vn -0.1148 0.9452 -0.3057
vn -0.1257 0.9912 -0.0404
vn -0.5543 -0.2312 0.7996
vn 0.1950 -0.2370 0.9517
vn -0.5344 -0.1598 0.8300
vn 0.8599 -0.4421 0.2551
vn 0.9001 -0.4129 0.1389
vn 0.9255 -0.1499 -0.3477
vn 0.5190 -0.0888 -0.8502
vn 0.3713 -0.2023 -0.9062
vn 0.4899 -0.1523 -0.8584
vn 0.9420 0.1156 0.3151
vn 0.7098 0.5492 -0.4411
vn -0.5127 -0.1069 0.8519
vn -0.2903 0.4526 0.8431
vn -0.4569 0.6422 0.6155
vn -0.7736 -0.1124 0.6237
vn -0.7620 -0.1454 0.6311
vn -0.7504 -0.2051 0.6283
vn -0.4437 0.7327 -0.5160
vn -0.9878 0.0273 -0.1531
vn -0.9906 0.0413 -0.1305
vn -0.9706 -0.0705 -0.2300
vn -0.9585 -0.2852 0.0004
vn -0.9482 -0.3045 0.0908
vn -0.9918 0.1273 -0.0141
vn -0.9993 -0.0350 0.0110
vn -0.9936 0.1054 -0.0397
vn 0.7688 0.2540 0.5869
vn 0.6317 -0.3168 0.7075
vn 0.8959 0.0491 0.4414
vn -0.2405 0.0262 0.9703
vn -0.1298 0.0083 0.9915
vn -0.1106 0.0125 0.9938
vn 0.7842 -0.0909 -0.6138
vn 0.8356 -0.1149 -0.5371
vn 0.8151 -0.0282 -0.5786
vn 0.9997 -0.0210 -0.0131
vn 0.6752 -0.1919 0.7123
vn 0.9977 -0.0385 0.0555
vn 0.7805 -0.4329 0.4510
vn 0.7284 -0.5249 0.4403
vn 0.7341 -0.5332 0.4206
vn -0.5581 -0.5428 0.6277
vn -0.6330 -0.5210 0.5725
vn -0.5145 -0.5937 0.6187
vn -0.8470 0.3784 -0.3734
vn -0.8286 0.4398 -0.3463
vn -0.8708 0.3881 -0.3017
vn -0.2909 0.1309 -0.9478
vn 0.0082 0.9615 -0.2747
vn 0.2475 -0.0701 0.9664
vn 0.0085 0.6799 0.7333
vn 0.0068 -0.0556 0.9984
vn -0.0329 0.0690 -0.9971
vn 0.0227 0.1003 -0.9947
vn -0.5732 -0.0127 -0.8193
vn -0.9500 -0.1093 -0.2926
vn -0.8225 -0.2083 -0.5293
vn -0.9439 -0.1101 -0.3113
vn 0.9296 -0.3345 -0.1549
vn 0.5057 -0.2653 -0.8209
vn 0.7362 0.2351 0.6346
vn 0.4259 0.3975 0.8128
vn 0.5507 0.2100 0.8079
vn 0.2420 0.0192 -0.9701
vn 0.4196 0.0252 -0.9074
vn 0.3952 -0.0742 -0.9156
vn 0.2999 -0.6347 -0.7122
vn -0.1631 0.0554 0.9850
vn -0.9838 -0.1656 -0.0692
vn -0.5227 -0.0164 -0.8524
vn -0.9883 -0.1432 -0.0523
vn 0.9910 0.1328 0.0192
vn 1.0000 -0.0006 -0.0019
vn 0.9875 0.1527 -0.0384
vn 0.1552 -0.2244 0.9621
vn 0.1383 -0.3416 0.9296
vn 0.1302 -0.2803 0.9510
vn 0.3137 -0.6752 0.6676
vn 0.2586 -0.7024 0.6632
vn 0.3205 -0.7406 0.5905
vn 0.9613 -0.2708 0.0511
vn 0.4263 -0.4980 0.7551
vn 0.4506 -0.4340 0.7802
vn -0.1345 -0.4651 0.8750
vn -0.0952 -0.4189 0.9030
vn -0.4930 -0.3525 0.7954
vn -0.4035 -0.2864 0.8690
vn 0.6947 0.7054 0.1407
vn 0.5975 0.7246 0.3434
vn 0.2972 0.2090 0.9317
vn -0.9639 -0.2589 0.0615
vn -0.5662 -0.7594 0.3206
vn 0.7289 -0.6518 0.2092
vn 0.1481 -0.4539 0.8787
vn -0.4359 0.1978 -0.8780
vn -0.5293 0.1900 -0.8269
vn -0.4880 0.0862 -0.8686
vn -0.4225 0.3982 -0.8142
vn -0.3470 0.4051 -0.8459
vn -0.4149 0.3960 -0.8192
vn -0.1926 0.0764 -0.9783
vn -0.5070 0.0401 -0.8610
vn -0.0783 0.0225 -0.9967
vn -0.6812 0.0775 -0.7280
vn -0.8609 -0.5059 0.0534
vn -0.7451 0.0068 -0.6670
vn -0.3115 -0.4748 0.8231
vn -0.3119 -0.4212 0.8516
vn -0.9530 -0.1149 0.2802
vn -0.5554 0.7733 0.3058
vn -0.6153 0.7754 0.1418
vn 0.6256 0.6408 0.4449
vn -0.8871 -0.3319 0.3208
vn -0.9547 -0.1920 0.2274
vn -0.8045 -0.3921 0.4462
vn -0.9817 -0.1478 0.1203
vn -0.0518 -0.3702 -0.9275
vn 0.0167 -0.5074 -0.8615
vn -0.1056 -0.9892 -0.1018
vn -0.0497 0.1889 0.9807
vn -0.0102 -0.4769 0.8789
vn 0.0284 0.1795 0.9833
vn -0.9634 -0.1681 -0.2089
vn -0.9419 -0.1127 -0.3165
vn -0.9041 -0.1734 -0.3905
vn -0.4969 -0.4762 -0.7255
vn -0.5611 -0.2792 -0.7793
vn -0.4670 -0.4236 -0.7762
vn 0.8845 -0.3340 0.3257
vn 0.8350 -0.3948 0.3834
vn 0.8299 -0.3730 0.4149
vn 0.9483 -0.1997 0.2467
vn 0.0077 -0.4849 0.8745
vn 0.7762 0.6301 0.0215
vn 0.9220 0.2550 -0.2914
vn 0.8631 0.2421 -0.4433
vn 0.4639 0.4278 -0.7758
vn 0.3910 0.4324 -0.8125
vn 0.3461 0.5475 -0.7619
vn 0.8800 0.0845 -0.4673
vn 0.8956 0.1553 -0.4168
vn 0.9004 0.0889 -0.4259
vn -0.0073 0.2213 -0.9752
vn 0.0014 0.2379 -0.9713
vn 0.0052 0.2200 -0.9755
vn 0.9892 0.0262 -0.1442
vn 0.9689 0.2471 0.0123
vn 0.1469 0.0088 0.9891
vn -0.0023 0.1743 0.9847
vn -0.3447 0.1900 -0.9193
vn -0.0694 0.5009 -0.8627
vn 0.3208 0.8123 -0.4872
vn 0.2053 0.9344 -0.2910
vn 0.4132 0.8793 -0.2367
vn 0.2476 0.9688 0.0096
vn 0.2579 0.9660 -0.0178
vn 0.1663 0.9842 0.0609
vn 0.6925 -0.1222 0.7110
vn 0.6258 -0.1660 0.7621
vn 0.7569 -0.1144 0.6434
vn 0.7486 -0.1062 0.6545
vn 0.7654 -0.1678 0.6213
vn 0.7506 -0.1880 0.6334
vn -0.9999 -0.0056 -0.0151
vn -0.9965 -0.0141 -0.0826
vn 0.7984 0.5190 0.3054
vn 0.8268 0.4870 0.2816
vn 0.8187 0.4931 0.2941
vn 0.7247 0.2001 0.6594
vn 0.6816 0.2331 0.6936
vn -0.4800 -0.8530 -0.2050
vn -0.7282 -0.6540 0.2051
vn 0.7754 0.5707 0.2702
vn 0.9615 -0.2658 0.0692
vn 0.3571 0.9308 -0.0783
vn 0.3767 0.9174 -0.1282
vn -0.5165 0.8560 -0.0221
vn 0.9621 0.2618 -0.0758
vn 0.3366 0.9412 -0.0291
vn 0.9914 0.1161 -0.0599
vn -0.7562 0.6211 -0.2059
vn -0.7945 0.0956 -0.5996
vn -0.9611 0.0268 -0.2750
vn -0.7627 0.1059 -0.6381
vn 0.5177 -0.3278 0.7903
vn 0.3327 -0.3226 0.8861
vn 0.2859 0.0109 0.9582
vn 0.1937 -0.0126 0.9810
vn 0.1253 -0.0193 -0.9919
vn -0.6850 0.1038 -0.7211
vn 0.0941 0.0128 -0.9955
vn -0.9873 0.1093 0.1155
vn -0.9773 0.1854 0.1027
vn -0.6597 0.0946 0.7455
vn -0.3530 -0.4326 0.8296
vn -0.3369 -0.2411 0.9101
vn -0.0368 -0.4779 0.8776
vn 0.1258 -0.9894 -0.0720
vn 0.7538 0.1196 -0.6461
vn 0.7684 0.1255 -0.6276
vn 0.9877 0.0437 0.1502
vn 0.0051 0.1108 -0.9938
vn -0.5704 0.0152 -0.8212
vn -0.2586 -0.0907 0.9617
vn -0.2670 -0.0329 0.9631
vn -0.7266 0.0829 0.6820
vn -0.7740 0.1077 0.6239
vn -0.7086 0.1390 0.6918
vn 0.8564 0.2598 -0.4462
vn 0.9875 -0.1492 0.0508
vn -0.1132 -0.8350 0.5385
vn -0.4037 -0.7394 0.5388
vn -0.1142 -0.7141 0.6906
vn -0.9710 0.2273 -0.0745
vn -0.9642 0.2578 -0.0625
vn -0.3773 0.9186 -0.1180
vn 0.4974 0.8622 -0.0958
vn -0.3905 0.9067 -0.1595
vn 0.4229 0.2318 -0.8760
vn 0.3647 0.2643 -0.8928
vn 0.4100 -0.7244 -0.5541
vn 0.8273 -0.5155 -0.2230
vn 0.2680 -0.0555 -0.9618
vn -0.6849 0.1443 0.7142
vn -0.7024 0.1414 0.6976
vn -0.8906 -0.1922 0.4121
vn -0.9145 -0.1802 0.3623
vn -0.9142 -0.1627 0.3710
vn -0.4237 -0.7329 -0.5323
vn -0.4033 -0.3548 -0.8435
vn -0.8311 -0.5498 -0.0836
vn 0.5320 0.8458 -0.0413
vn 0.2441 0.3997 -0.8835
vn 0.9968 -0.0775 0.0198
vn 0.9998 0.0072 -0.0164
vn -0.5198 -0.2724 0.8097
vn -0.5670 -0.2096 0.7966
vn -0.9100 -0.1719 0.3773
vn -0.2659 -0.4258 0.8649
vn -0.4905 -0.4256 0.7605
vn -0.5055 -0.3983 0.7654
vn -0.2488 -0.5251 0.8138
vn -0.1946 -0.4885 0.8506
vn -0.2312 -0.5414 0.8084
vn 0.8602 -0.5066 0.0585
vn 0.7442 0.0174 -0.6677
vn 0.7418 0.0326 -0.6698
vn 0.0932 -0.5020 0.8598
vn -0.0210 -0.9408 -0.3383
vn 0.7805 -0.5057 0.3675
vn 0.9636 -0.1858 0.1924
vn 0.8695 -0.3190 0.3770
vn -0.9158 0.3951 -0.0718
vn -0.2749 0.3441 -0.8978
vn -0.5622 0.8269 -0.0134
vn -0.9562 0.2467 -0.1575
vn -0.9235 0.3062 -0.2309
vn -0.8051 0.4906 0.3334
vn -0.8291 0.4853 0.2776
vn -0.8397 0.4856 0.2430
vn -0.7266 0.1811 0.6627
vn -0.1984 -0.4430 -0.8743
vn 0.5780 0.0144 -0.8159
vn 0.9276 0.0002 -0.3735
vn 0.8023 0.3080 -0.5113
vn 0.9115 0.2185 -0.3484
vn 0.9851 -0.1364 -0.1045
vn 0.4795 0.2367 -0.8450
vn 0.5178 -0.0285 -0.8550
vn 0.7273 0.4356 -0.5303
vn 0.9190 0.3776 0.1136
vn 0.6577 0.7530 0.0207
vn 0.5066 -0.7043 0.4972
vn 0.5345 -0.6289 0.5646
vn 0.5883 -0.6184 0.5210
vn 0.4102 -0.6417 0.6480
vn 0.3184 -0.5742 0.7543
vn 0.2878 -0.5927 0.7523
vn -0.2496 0.0048 0.9683
vn -0.7224 -0.0614 0.6888
vn -0.3921 -0.2623 0.8817
vn -0.9459 -0.2317 0.2272
vn -0.9729 -0.1174 0.1992
vn -0.9487 -0.1500 0.2784
vn 0.7599 -0.4799 -0.4384
vn 0.6544 -0.5893 -0.4739
vn 0.7381 0.3221 -0.5928
vn 0.9739 0.1988 0.1099
vn 0.9005 -0.2079 0.3818
vn 0.9087 -0.1318 0.3961
vn 0.6510 -0.6149 0.4450
vn 0.6324 -0.5512 0.5442
vn -0.8976 0.3144 -0.3090
vn -0.5173 0.8527 -0.0724
vn -0.7934 0.5880 -0.1576
vn -0.8095 0.5827 -0.0716
vn 0.6625 -0.0635 0.7463
vn 0.6633 -0.0067 0.7483
vn 0.9860 0.0815 0.1458
vn -0.7114 -0.1400 0.6887
vn -0.0240 0.6636 0.7477
vn -0.3110 0.2753 0.9097
vn -0.8660 -0.0857 0.4926
vn -0.8066 0.5827 -0.0997
vn -0.8133 0.5805 -0.0385
vn -0.8893 -0.2777 0.3634
vn 0.7586 -0.4983 0.4198
vn 0.7723 -0.4463 0.4520
vn 0.7319 -0.5387 0.4173
vn 0.5992 -0.4474 0.6639
vn 0.5590 -0.4941 0.6659
vn 0.9844 -0.1695 -0.0470
vn 0.9975 0.0071 -0.0698
vn 0.4324 -0.6790 0.5933
vn -0.9449 -0.2782 0.1728
vn -0.9450 -0.3142 0.0912
vn -0.9851 -0.1630 0.0554
vn 0.7484 -0.5523 0.3673
vn 0.7287 -0.4977 0.4704
vn 0.7906 -0.4906 0.3664
vn 0.7283 -0.5486 0.4106
vn 0.7113 -0.5945 0.3750
vn 0.7316 -0.5638 0.3834
vn 0.1768 0.9817 0.0710
vn -0.0745 0.9949 0.0678
vn -0.0769 0.9942 0.0755
vn -0.2014 0.9776 0.0615
vn -0.0882 0.7745 0.6264
vn -0.2538 -0.0257 0.9669
vn -0.2886 0.8227 0.4898
vn -0.6430 -0.2627 0.7194
vn 0.0673 -0.2652 0.9618
vn -0.7920 -0.2739 0.5457
vn -0.7621 -0.2529 0.5960
vn -0.1696 -0.4557 0.8738
vn -0.9980 0.0627 -0.0084
vn -0.9978 0.0660 0.0015
vn -0.9980 0.0593 -0.0225
vn -0.0289 0.7880 -0.6150
vn -0.0086 0.4178 -0.9085
vn -0.7742 0.1367 -0.6180
vn -0.3959 -0.7840 -0.4782
vn -0.5517 -0.6581 -0.5124
vn -0.4329 -0.5270 -0.7313
vn -0.3729 -0.6697 0.6422
vn -0.0872 -0.4908 0.8669
vn -0.9515 -0.2278 -0.2069
vn -0.9231 -0.0755 -0.3770
vn 0.2102 0.9538 -0.2149
vn 0.3800 0.8491 0.3670
vn 0.4035 0.7979 0.4478
vn 0.5040 0.7761 0.3791
vn -0.7938 0.1918 -0.5772
vn 0.5409 0.1189 -0.8326
vn 0.5506 0.0280 -0.8343
vn 0.9765 -0.1612 -0.1428
vn 0.9792 -0.1838 -0.0857
vn -0.8865 -0.2858 0.3639
vn -0.8996 -0.2237 0.3750
vn -0.8149 -0.2978 0.4972
vn -0.7384 -0.3232 0.5918
vn -0.7307 -0.2945 0.6159
vn -0.9741 -0.1294 0.1853
vn -0.9355 -0.1398 0.3244
vn 0.3284 -0.4535 0.8285
vn -0.7995 -0.3666 0.4758
vn 0.3780 0.1422 -0.9148
vn 0.2547 0.1502 -0.9553
vn 0.3422 0.1957 -0.9190
vn 0.2842 0.1652 -0.9444
vn 0.9624 -0.2293 0.1454
vn 0.8668 -0.4881 0.1024
vn 0.7978 -0.4565 0.3939
vn 0.1926 -0.0529 0.9798
vn 0.6724 -0.2196 0.7068
vn 0.6886 -0.3240 0.6487
vn 0.7250 -0.4112 0.5525
vn 0.9341 -0.0608 0.3518
vn 0.9503 -0.1209 0.2869
vn 0.9924 -0.0278 0.1202
vn -0.9397 -0.3407 0.0300
vn -0.8358 -0.2197 -0.5032
vn -0.9690 -0.2472 0.0070
vn -0.9323 -0.0396 -0.3595
vn 0.6578 0.7201 0.2209
vn -0.6018 0.7430 0.2928
vn -0.7477 0.5104 0.4247
vn -0.5655 -0.7976 0.2100
vn 0.0883 -0.9784 0.1870
vn 0.7140 -0.6856 0.1420
vn 0.5050 0.2211 0.8343
vn 0.6039 -0.0701 0.7940
vn 0.6144 0.4319 0.6603
vn -0.8364 0.0321 -0.5471
vn -0.8994 0.0456 -0.4347
vn -0.8746 -0.0240 -0.4843
vn -0.8774 -0.0315 -0.4787
vn -0.9442 -0.1319 -0.3019
vn -0.9778 -0.1475 -0.1488
vn -0.4896 -0.3363 0.8045
vn -0.9737 -0.2163 0.0721
vn -0.8779 -0.2360 0.4166
vn -0.6384 -0.3764 0.6714
vn -0.7202 -0.5826 0.3768
vn -0.7187 -0.5844 0.3767
vn -0.7346 -0.5663 0.3737
vn -0.4076 0.2525 -0.8776
vn -0.8173 -0.5298 -0.2264
vn -0.2823 -0.0152 -0.9592
vn -0.5268 0.3566 -0.7715
vn -0.6746 0.7301 0.1092
vn -0.4357 0.5111 0.7409
vn -0.5291 0.5394 0.6550
vn -0.8240 0.5462 0.1507
vn -0.5388 0.5742 0.6165
vn -0.4140 0.6466 0.6407
vn -0.6573 0.7295 -0.1891
vn -0.9967 0.0099 -0.0806
vn -0.6216 0.7752 -0.1127
vn 0.1653 0.9859 -0.0248
vn -0.0515 0.0047 -0.9987
vn -0.0557 0.0703 -0.9960
vn 0.0085 0.0210 -0.9997
vn -0.7742 -0.6321 -0.0323
vn -0.9512 -0.2871 -0.1130
vn -0.7824 -0.5147 -0.3508
vn 0.8363 -0.5416 -0.0850
vn 0.6908 -0.0550 -0.7209
vn -0.9510 -0.0935 -0.2947
vn -0.7832 0.1077 -0.6124
vn -0.9935 0.1089 0.0329
vn -0.7904 0.1531 -0.5931
vn 0.4982 0.2768 -0.8217
vn 0.5214 0.2925 -0.8016
vn 0.5772 0.3039 -0.7580
vn 0.6182 0.3589 -0.6993
vn 0.2863 0.9216 -0.2621
vn 0.9807 0.1643 -0.1063
vn 0.9959 0.0887 -0.0170
vn 0.5513 0.1282 -0.8244
vn 0.9117 0.4012 -0.0887
vn 0.2591 0.3119 -0.9141
vn 0.9801 0.0072 -0.1983
vn 0.9757 -0.0047 -0.2189
vn 0.9013 0.0129 -0.4330
vn 0.9616 -0.1066 -0.2530
vn 0.9593 -0.1134 -0.2587
vn -0.2782 0.8880 -0.3662
vn -0.1845 0.9638 -0.1926
vn -0.0823 0.9402 -0.3306
vn -0.7368 -0.3705 -0.5655
vn -0.8623 -0.1069 -0.4949
vn -0.7075 -0.3869 -0.5914
vn -0.6692 -0.1554 0.7267
vn 0.6047 -0.1745 0.7771
vn 0.9511 -0.1061 0.2902
vn -0.6080 0.4568 0.6494
vn -0.4627 -0.2474 0.8513
vn -0.6072 -0.0212 0.7943
vn 0.6184 -0.5420 0.5691
vn 0.9647 -0.2600 0.0411
vn -0.4555 0.3331 -0.8256
vn -0.4222 0.2819 -0.8616
vn -0.3746 0.3255 -0.8682
vn -0.2633 0.4246 -0.8662
vn -0.4908 0.2831 -0.8240
vn -0.5502 0.2769 -0.7878
vn 0.7017 0.6839 0.1997
vn 0.1135 0.2378 0.9647
vn 0.7131 0.2893 0.6385
vn 0.9719 0.0113 -0.2351
vn 0.9722 -0.0476 -0.2292
vn 0.9687 -0.0286 -0.2468
vn 0.9624 -0.0865 -0.2574
vn 0.5343 0.8449 0.0264
vn 0.5554 0.8299 0.0527
vn 0.8289 0.5555 0.0664
vn 0.8987 -0.2466 0.3627
vn 0.8214 0.5691 0.0364
vn 0.9869 -0.1406 0.0790
vn 0.8785 -0.4023 0.2578
vn 0.8720 -0.4489 0.1950
vn -0.0409 -0.8735 0.4851
vn 0.0987 -0.8591 0.5022
vn 0.0014 -0.7482 0.6635
vn -0.5407 -0.6387 0.5475
vn -0.3017 -0.7823 0.5449
vn -0.0580 -0.7365 0.6739
vn -0.3841 0.6606 -0.6451
vn -0.4036 0.6499 -0.6440
vn -0.8274 0.4097 -0.3843
vn -0.9843 0.1621 -0.0700
vn -0.3151 -0.2214 0.9229
vn -0.4274 -0.1327 0.8943
vn -0.4831 -0.1674 0.8594
vn -0.8497 -0.1206 0.5132
vn 0.1319 0.3214 -0.9377
vn 0.2053 0.3296 -0.9215
vn 0.1091 0.4305 -0.8960
vn -0.0050 0.2478 -0.9688
vn 0.0339 0.4192 -0.9073
vn 0.0050 0.3669 -0.9302
vn 0.3518 0.6490 0.6745
vn 0.5032 0.4527 0.7361
vn 0.4100 0.3298 0.8504
vn 0.4383 0.5573 0.7053
vn -0.0572 -0.7861 0.6155
vn 0.5405 -0.5226 0.6594
vn 0.8422 -0.0879 0.5320
vn 0.9011 -0.0105 0.4335
vn -0.7437 0.3181 -0.5880
vn -0.0246 0.5219 -0.8526
vn 0.4100 -0.8957 0.1722
vn 0.8781 -0.2256 0.4220
vn 0.9756 -0.2069 0.0736
vn 0.4826 -0.3555 0.8004
vn 0.9791 -0.1944 0.0598
vn 0.5076 0.1513 -0.8482
vn 0.7675 0.0851 -0.6353
vn 0.6945 0.1218 -0.7091
vn 0.6587 0.1217 -0.7425
vn -0.5467 0.0582 -0.8353
vn -0.5342 0.1317 -0.8350
vn 0.7902 0.1962 -0.5806
vn -0.9786 -0.1566 -0.1338
vn 0.2369 -0.2266 0.9447
vn 0.2514 -0.1249 0.9598
vn 0.7576 -0.0490 0.6509
vn 0.6304 -0.0923 0.7707
vn 0.7856 -0.1053 0.6097
vn 0.9098 0.4097 -0.0672
vn 0.1841 0.6127 0.7686
vn 0.4535 0.5666 0.6880
vn 0.5341 0.6332 0.5602
vn 0.9391 -0.1759 0.2951
vn 0.9504 -0.2361 0.2026
vn 0.6918 -0.3164 0.6491
vn 0.7328 -0.3184 0.6014
vn 0.7000 -0.3389 0.6287
vn 0.8025 -0.5555 0.2177
vn 0.8926 -0.3047 0.3322
vn 0.9217 -0.2803 0.2681
vn 0.6900 -0.6215 -0.3710
vn 0.8421 -0.2920 -0.4536
vn 0.8438 -0.5311 0.0766
vn 0.5112 0.7503 0.4192
vn 0.5876 0.7564 0.2875
vn 0.5845 0.7202 0.3738
vn 0.6785 0.7292 -0.0894
vn 0.5065 0.8289 -0.2375
vn 0.8265 0.5250 0.2033
vn 0.9495 -0.0827 -0.3027
vn 0.8684 -0.2296 -0.4395
vn 0.8628 -0.2062 -0.4615
vn 0.7136 0.3063 -0.6301
vn 0.5917 0.2639 -0.7618
vn 0.6473 0.1533 -0.7467
vn 0.9407 0.1417 0.3081
vn 0.5845 0.3071 0.7510
vn 0.8849 -0.1082 0.4531
vn -0.1625 0.2270 0.9602
vn -0.1349 0.1438 0.9804
vn 0.3223 -0.0019 0.9466
vn 0.1736 0.1530 0.9729
vn 0.0835 0.0544 0.9950
vn 0.5634 -0.4428 0.6975
vn 0.3148 -0.1610 0.9354
vn 0.1973 -0.3380 0.9202
vn 0.0487 0.2539 0.9660
vn -0.2229 0.1738 0.9592
vn -0.1956 0.0456 0.9796
vn -0.9466 0.2315 0.2246
vn -0.9979 -0.0635 0.0154
vn -0.9764 -0.1929 0.0974
vn 0.7603 -0.0282 -0.6490
vn 0.0246 0.0641 -0.9976
vn 0.1513 0.0708 -0.9860
vn 0.4131 -0.1162 -0.9033
vn 0.6778 0.2905 0.6754
vn 0.7198 0.3174 0.6174
vn 0.5446 0.6510 0.5288
vn -0.4832 -0.7606 0.4336
vn -0.4775 -0.7867 0.3913
vn -0.5434 -0.7423 0.3921
vn -0.3344 -0.7668 0.5479
vn -0.2776 -0.7165 0.6400
vn -0.3453 -0.7626 0.5470
vn -0.9822 -0.1879 -0.0008
vn -0.9702 -0.0123 -0.2421
vn -0.6564 -0.2033 0.7265
vn 0.1759 0.1231 0.9767
vn 0.2231 -0.0235 0.9745
vn 0.2065 0.0409 0.9776
vn 0.6130 -0.1628 0.7731
vn 0.3810 -0.2400 0.8929
vn 0.4954 -0.1453 0.8564
vn -0.3341 -0.5686 0.7517
vn -0.3882 -0.6432 0.6600
vn -0.2127 -0.5934 0.7763
vn -0.3603 -0.6766 0.6422
vn 0.9660 0.1527 -0.2088
vn 0.9076 -0.0456 -0.4174
vn -0.3648 0.9238 0.1162
vn -0.9620 0.2606 -0.0809
vn -0.9632 0.2522 -0.0925
vn -0.9976 0.0303 -0.0621
vn -0.9908 -0.1356 -0.0043
vn -0.9974 0.0224 -0.0680
vn -0.8477 -0.1967 0.4927
vn -0.4979 -0.0952 0.8620
vn -0.5446 -0.0289 0.8382
vn -0.5393 -0.6942 0.4767
vn -0.4581 0.6290 -0.6281
vn -0.4638 0.5616 -0.6852
vn -0.9843 0.0088 -0.1764
vn 0.3936 0.6796 -0.6190
vn 0.3406 -0.8935 0.2928
vn 0.4541 -0.8055 0.3808
vn 0.4252 -0.8150 0.3937
vn -0.3679 -0.8917 0.2636
vn -0.4826 -0.7973 0.3625
vn -0.4468 -0.7795 0.4389
vn 0.2396 -0.5848 0.7750
vn -0.0562 -0.5861 0.8083
vn -0.0882 -0.5960 0.7982
vn 0.0815 -0.9058 0.4159
vn -0.0633 -0.8063 0.5881
vn -0.2451 -0.8570 0.4533
vn -0.3513 -0.6233 0.6987
vn -0.8333 -0.4250 0.3535
vn -0.9383 -0.3165 0.1392
vn -0.3701 -0.7648 0.5274
vn -0.3830 -0.7903 0.4783
vn -0.4338 -0.5137 0.7402
vn 0.4500 -0.2889 0.8450
vn 0.0956 -0.2309 0.9683
vn -0.2032 -0.3481 0.9152
vn -0.8424 -0.4451 0.3036
vn -0.8924 -0.3873 0.2315
vn -0.8746 -0.4091 0.2602
vn -0.8100 -0.4552 0.3696
vn -0.8418 -0.4238 0.3343
vn -0.8664 -0.3793 0.3246
vn 0.1300 -0.4609 0.8779
vn 0.1617 -0.4626 0.8717
vn 0.0977 -0.4247 0.9001
vn 0.2123 -0.3733 0.9031
vn -0.9993 0.0158 0.0341
vn -0.9976 -0.0542 0.0430
vn -0.9936 -0.1073 0.0352
vn -0.9999 -0.0128 0.0032
vn -0.6631 -0.0383 0.7475
vn 0.7081 -0.1411 0.6919
vn -0.9021 -0.3166 0.2931
vn -0.8808 -0.3767 0.2868
vn -0.8495 -0.3485 0.3961
vn -0.9524 -0.2912 0.0905
vn -0.9437 -0.3208 0.0810
vn -0.9354 -0.3275 0.1335
vn 0.9812 -0.1929 0.0067
vn 0.7297 -0.3911 0.5609
vn 0.9445 -0.3200 0.0745
vn 0.9653 -0.0139 -0.2608
vn 0.9929 0.1191 0.0002
vn 0.4256 0.7230 -0.5442
vn -0.0294 -0.4535 -0.8908
vn 0.7808 0.5944 -0.1925
vn 0.5462 0.8348 -0.0684
vn 0.7980 0.5885 -0.1299
vn 0.8929 0.3237 -0.3129
vn -0.6412 0.4647 0.6106
vn -0.0976 0.5782 0.8100
vn -0.4505 0.3520 0.8205
vn -0.2900 0.1457 0.9458
vn -0.7024 -0.2624 0.6616
vn -0.7409 -0.1772 0.6478
vn 0.8881 -0.4059 0.2158
vn 0.9428 -0.2847 0.1732
vn 0.9844 -0.1743 0.0230
vn 0.9489 -0.3034 0.0865
vn 0.7475 -0.2524 0.6145
vn 0.6681 -0.3759 0.6422
vn 0.6620 -0.4421 0.6053
vn 0.9997 -0.0068 0.0221
vn -0.5424 -0.1086 -0.8330
vn -0.9154 -0.1037 -0.3890
vn -0.9455 -0.0925 -0.3123
vn -0.9390 -0.1343 -0.3168
vn -0.6502 -0.3805 0.6576
vn -0.6993 0.0443 0.7134
vn -0.2697 -0.1067 0.9570
vn 0.6054 -0.3182 0.7295
vn -0.9985 0.0322 -0.0441
vn -0.9945 0.0769 -0.0715
vn -0.9829 0.1305 -0.1297
vn -0.8655 -0.1029 0.4902
vn -0.8728 -0.0725 0.4827
vn -0.8159 -0.0995 0.5696
vn 0.9980 0.0399 -0.0489
vn 0.9764 0.1554 -0.1497
vn 0.9950 0.0779 -0.0629
vn 0.9675 -0.0314 0.2509
vn 0.9977 0.0669 0.0096
vn 0.9996 0.0270 -0.0075
vn 0.1992 0.1178 -0.9729
vn 0.2094 0.2231 -0.9520
vn 0.3962 0.1222 -0.9100
vn 0.3145 0.4733 -0.8229
vn 0.1967 0.5039 -0.8411
vn 0.2574 0.4561 -0.8519
vn 0.3513 -0.7735 0.5276
vn 0.0380 -0.1694 0.9848
vn -0.0425 -0.2161 0.9755
vn 0.0128 -0.2437 0.9698
vn -0.0455 -0.5117 0.8580
vn -0.0288 -0.4575 0.8888
vn -0.8425 0.1543 0.5162
vn 0.0048 -0.4957 0.8685
vn 0.0681 -0.4804 0.8744
vn 0.0503 -0.4620 0.8855
vn -0.5029 0.3995 0.7665
vn -0.7417 0.1652 0.6501
vn -0.7523 0.2364 0.6150
vn -0.7001 0.2526 0.6678
vn -0.4812 0.4424 -0.7568
vn -0.9644 -0.0504 -0.2596
vn -0.9675 -0.0676 -0.2438
vn -0.9580 -0.1057 -0.2667
vn -0.9679 -0.2388 0.0779
vn 0.9981 0.0196 -0.0580
vn 0.9907 -0.1358 -0.0118
vn 0.9638 0.2490 -0.0951
vn 0.9644 0.2509 -0.0837
vn -0.4883 0.8680 0.0905
vn -0.5342 0.8329 0.1443
vn -0.6585 0.7407 0.1327
vn -0.7022 0.7099 -0.0534
vn -0.4290 0.8677 -0.2510
vn -0.3822 0.8704 -0.3104
vn 0.6550 0.0140 -0.7555
vn 0.5336 -0.0947 -0.8404
vn 0.7634 -0.6422 0.0690
vn 0.8816 -0.2024 0.4265
vn -0.8681 -0.4243 0.2577
vn -0.8524 -0.4677 0.2339
vn -0.9077 -0.3800 0.1780
vn -0.9986 0.0165 -0.0493
vn -0.9880 -0.1547 -0.0003
vn -0.9926 -0.0185 -0.1199
vn -0.9960 0.0876 -0.0197
vn -0.6433 0.6289 0.4367
vn -0.1229 0.9917 -0.0367
vn -0.1389 0.9851 0.1018
vn -0.3338 0.9243 0.1851
vn 0.3104 0.9333 0.1803
vn 0.0102 0.9886 0.1500
vn 0.1795 0.9837 0.0104
vn -0.3182 0.7338 -0.6003
vn -0.1657 0.8424 -0.5128
vn -0.0592 -0.4568 -0.8876
vn 0.2152 -0.0370 -0.9759
vn 0.1633 -0.0371 -0.9859
vn -0.1997 -0.0184 -0.9797
vn -0.2280 -0.0344 -0.9730
vn -0.7094 -0.0978 -0.6980
vn 0.8561 -0.1053 0.5060
vn 0.4551 0.3499 0.8188
vn 0.7917 0.4598 0.4022
vn 0.0663 0.6108 0.7890
vn 0.6653 0.4699 -0.5802
vn 0.6346 0.4435 -0.6329
vn 0.6557 0.4810 -0.5819
vn 0.7076 0.5357 -0.4607
vn 0.5416 0.6351 -0.5508
vn 0.5399 0.6520 -0.5324
vn 0.1324 0.8953 -0.4253
vn -0.7020 -0.0020 0.7122
vn -0.8069 0.2986 0.5097
vn -0.7069 0.3634 0.6068
vn -0.3566 -0.1701 0.9186
vn 0.5054 0.7467 -0.4324
vn 0.9448 0.1532 -0.2898
vn 0.9889 -0.0788 -0.1257
vn 0.5946 -0.4577 0.6610
vn 0.5223 -0.2709 0.8086
vn -0.9258 0.1861 0.3290
vn -0.9603 0.2451 0.1335
vn -0.9259 0.3263 0.1904
vn -0.0019 -0.9975 -0.0711
vn 0.1464 -0.9883 0.0426
vn 0.0479 -0.9984 0.0294
vn -0.8139 0.3476 -0.4655
vn -0.8557 0.3238 -0.4037
vn -0.8563 0.1575 -0.4919
vn -0.9599 -0.0659 -0.2726
vn -0.9487 -0.0592 -0.3107
vn -0.8844 -0.2132 -0.4152
vn 0.2249 0.0194 0.9742
vn 0.7334 -0.4552 0.5049
vn 0.0044 -0.4788 0.8779
vn 0.6648 -0.4815 0.5711
vn 0.8376 -0.3348 0.4317
vn 0.8254 -0.3265 0.4605
vn 0.3191 -0.6032 0.7310
vn 0.4197 0.6055 0.6762
vn 0.3832 -0.2216 0.8967
vn 0.4898 -0.1663 0.8558
vn 0.6405 -0.3058 0.7045
vn 0.7969 0.2240 -0.5610
vn 0.9967 0.0806 0.0127
vn -0.8489 -0.1510 -0.5066
vn -0.7594 0.0213 -0.6503
vn 0.7731 -0.5949 0.2200
vn -0.1016 0.9827 -0.1550
vn -0.6691 -0.7362 0.1017
vn -0.7027 -0.7108 0.0302
vn -0.7527 -0.6566 -0.0483
vn -0.5496 -0.7670 0.3310
vn -0.5021 -0.8124 0.2965
vn -0.5967 -0.7784 0.1949
vn -0.8238 -0.5276 -0.2072
vn -0.8626 0.2603 0.4338
vn -0.9305 0.2441 0.2732
vn -0.3402 0.1513 0.9281
vn -0.2774 -0.0101 0.9607
vn -0.2304 0.2045 0.9514
vn -0.9290 -0.1024 -0.3558
vn -0.6956 0.1679 -0.6986
vn -0.9484 -0.1791 -0.2616
vn -0.6720 0.2942 -0.6796
vn -0.7997 0.2819 -0.5301
vn -0.7907 0.2749 -0.5470
vn -0.6686 -0.7436 -0.0054
vn -0.8986 -0.4368 -0.0412
vn -0.5092 -0.0960 -0.8553
vn 0.9684 -0.2217 -0.1143
vn 0.9554 -0.2096 -0.2080
vn -0.1556 -0.4408 0.8840
vn -0.2406 -0.3404 0.9090
vn -0.2153 -0.3790 0.9000
vn -0.1476 -0.3926 0.9078
vn 0.2576 -0.8610 -0.4385
vn 0.1601 -0.8863 -0.4345
vn 0.2363 -0.8138 -0.5309
vn 0.6339 0.6111 0.4741
vn -0.9305 -0.1528 -0.3329
vn -0.1061 0.1440 -0.9839
vn 0.9410 -0.1051 -0.3217
vn 0.5678 -0.0136 -0.8231
vn 0.6816 -0.0906 -0.7261
vn -0.0362 0.0769 -0.9964
vn -0.0279 0.0246 -0.9993
vn 0.5404 0.0208 -0.8412
vn 0.5023 0.0309 -0.8642
vn 0.5997 -0.1556 -0.7850
vn 0.0954 -0.1333 -0.9865
vn 0.1668 -0.0959 -0.9813
vn 0.7302 -0.2293 0.6436
vn 0.7675 -0.3067 0.5630
vn 0.0254 0.4642 -0.8854
vn 0.4293 -0.7578 0.4914
vn 0.4741 -0.7940 0.3806
vn 0.4758 -0.3636 0.8008
vn 0.7822 -0.3448 0.5189
vn 0.7828 0.3061 -0.5418
vn 0.9121 0.0074 0.4100
vn 0.7763 0.5105 -0.3696
vn 0.9880 0.0316 0.1512
vn 0.9910 0.0213 0.1321
vn 0.6670 -0.1134 0.7363
vn -0.3894 0.6702 -0.6318
vn -0.4054 0.6788 -0.6123
vn 0.4627 0.5508 -0.6946
vn 0.9864 0.0193 -0.1635
vn 0.9777 0.0476 -0.2047
vn 0.4550 0.6714 -0.5850
vn 0.0001 -0.5315 0.8470
vn -0.3177 -0.6596 0.6812
vn -0.1748 -0.7366 0.6533
vn -0.0637 -0.5859 -0.8079
vn -0.1183 -0.6138 -0.7805
vn -0.0483 -0.9961 -0.0734
vn 0.6740 -0.1535 -0.7226
vn -0.4628 -0.4406 0.7692
vn -0.7611 0.0014 0.6486
vn -0.7493 0.5528 -0.3645
vn -0.7915 0.4949 -0.3586
vn -0.5063 -0.7054 0.4961
vn -0.5172 -0.6516 0.5548
vn -0.4695 -0.7030 0.5342
vn -0.5829 -0.5703 0.5788
vn -0.8199 -0.2503 0.5149
vn 0.4885 -0.6462 0.5863
vn 0.0601 -0.9587 0.2781
vn 0.3129 -0.9358 -0.1622
vn -0.1859 -0.9810 0.0556
vn -0.7123 -0.3249 0.6221
vn -0.9564 -0.2863 -0.0567
vn -0.5803 -0.3894 0.7153
vn 0.7076 -0.3298 0.6249
vn 0.7221 -0.3510 0.5961
vn 0.9270 -0.3577 0.1132
vn -0.5950 0.0024 -0.8037
vn -0.5827 0.0129 -0.8126
vn -0.0421 0.0652 -0.9970
vn -0.9652 -0.0758 -0.2501
vn -0.9622 -0.0828 -0.2593
vn 0.8845 -0.1069 -0.4540
vn 0.8366 0.0035 -0.5478
vn 0.7233 -0.0829 -0.6855
vn 0.2475 -0.1054 -0.9631
vn 0.2223 -0.2413 -0.9446
vn 0.5660 0.8191 0.0929
vn -0.3290 0.9443 -0.0098
vn -0.3286 0.9443 0.0184
vn 0.7235 0.2154 -0.6558
vn 0.5165 0.2772 -0.8102
vn 0.4714 0.2901 -0.8328
vn 0.2207 -0.3612 0.9060
vn -0.0991 -0.4002 0.9111
vn 0.4173 -0.3770 0.8269
vn 0.0947 -0.3229 0.9417
vn -0.2779 -0.3650 0.8886
vn -0.3213 -0.3131 0.8937
vn 0.6638 -0.1049 -0.7405
vn 0.1957 -0.0692 -0.9782
vn 0.1648 -0.0515 -0.9850
vn 0.9546 -0.0764 -0.2880
vn 0.6292 -0.0524 -0.7755
vn 0.9545 -0.0707 -0.2898
vn -0.9495 -0.3112 -0.0390
vn -0.7413 -0.6504 -0.1657
vn -0.8254 -0.5512 0.1222
vn 0.2704 -0.9560 0.1137
vn -0.2508 -0.8622 -0.4401
vn -0.3267 -0.2209 -0.9189
vn -0.2062 -0.3106 -0.9279
vn -0.0920 -0.0533 -0.9943
vn 0.4083 -0.7579 0.5089
vn 0.2250 -0.8206 0.5254
vn 0.5669 -0.6784 -0.4674
vn 0.2738 -0.9294 -0.2475
vn 0.3277 -0.5777 -0.7476
vn -0.8448 -0.4563 0.2795
vn -0.8719 -0.3941 0.2906
vn -0.8185 -0.1359 -0.5582
vn -0.3166 -0.6888 0.6522
vn -0.2394 -0.6070 0.7578
vn -0.5172 -0.1500 0.8426
vn 0.2980 0.4879 -0.8205
vn -0.2926 0.9551 -0.0474
vn 0.0411 0.8377 -0.5445
vn -0.0675 0.9933 -0.0943
vn 0.0097 -0.3970 -0.9178
vn -0.0055 -0.3696 -0.9292
vn 0.7523 -0.5129 -0.4135
vn -0.9968 0.0797 0.0051
vn 0.8056 -0.1611 0.5701
vn 0.6523 -0.1974 0.7318
vn 0.8136 -0.3328 0.4768
vn 0.5800 -0.3387 0.7409
vn 0.2739 0.1789 0.9450
vn 0.9033 -0.2185 0.3691
vn 0.8894 -0.2709 0.3681
vn 0.8162 -0.2622 0.5148
vn 0.7828 -0.3846 0.4891
vn 0.7983 -0.3517 0.4889
vn -0.7433 -0.3318 0.5809
vn -0.0459 -0.5114 0.8581
vn -0.4677 -0.6011 0.6480
vn 0.1820 -0.6540 0.7343
vn -0.2980 -0.6718 0.6782
vn -0.8311 0.5557 0.0213
vn -0.3485 0.5094 0.7868
vn -0.5478 0.3355 0.7664
vn -0.0248 -0.0853 0.9960
vn -0.0265 -0.1409 0.9897
vn -0.9738 -0.1990 -0.1102
vn 0.9609 -0.2639 -0.0835
vn 0.9699 -0.1995 -0.1395
vn 0.9062 -0.1717 0.3863
vn 0.9225 -0.1699 0.3467
vn 0.8783 -0.2488 0.4083
vn 0.9979 0.0008 -0.0655
vn 0.9919 -0.1242 0.0267
vn 0.9998 -0.0081 0.0154
vn 0.8167 -0.5038 0.2812
vn 0.8327 -0.4715 0.2905
vn -0.5574 0.0301 -0.8297
vn -0.4706 -0.1486 -0.8698
vn 0.7093 -0.5156 0.4806
vn 0.2974 -0.6841 0.6660
vn -0.8907 -0.3465 0.2942
vn -0.6616 -0.2845 0.6938
vn -0.9104 -0.3971 0.1161
vn -0.9600 -0.2621 0.0983
vn -0.9710 -0.1832 0.1538
vn -0.9341 -0.2962 0.1992
vn -0.9117 -0.3769 0.1635
vn -0.9212 -0.3129 0.2312
vn 0.3619 -0.5711 0.7368
vn 0.4436 -0.6370 0.6304
vn -0.4307 -0.6495 0.6266
vn -0.4362 -0.5706 0.6958
vn 0.7134 0.6046 -0.3542
vn 0.7305 0.6760 -0.0972
vn 0.6845 0.7207 0.1096
vn 0.8725 0.4830 0.0736
vn 0.8891 0.4576 0.0133
vn -0.9868 0.1288 0.0979
vn -0.9923 0.0768 0.0974
vn -0.9944 0.0788 0.0710
vn -0.0065 -0.1418 -0.9899
vn -0.0479 -0.1923 -0.9802
vn 0.1159 -0.2722 -0.9552
vn 0.7072 0.1950 -0.6795
vn 0.7401 0.1056 -0.6641
vn 0.8245 0.1347 -0.5497
vn 0.6999 0.2819 -0.6562
vn -0.9887 0.0358 0.1457
vn -0.7622 0.1206 -0.6360
vn -0.6712 -0.1179 0.7319
vn -0.7806 0.0389 -0.6238
vn -0.7789 0.0750 -0.6227
vn -0.9849 0.1284 0.1164
vn 0.1210 -0.3673 0.9222
vn 0.0662 -0.4413 0.8949
vn -0.0353 -0.4758 0.8789
vn 0.3730 -0.4267 0.8239
vn -0.8011 0.2757 -0.5312
vn -0.5576 0.6566 -0.5079
vn -0.5277 0.4890 -0.6946
vn -0.1119 0.8611 -0.4960
vn -0.8902 -0.0829 0.4479
vn -0.7694 -0.6169 -0.1656
vn -0.2797 -0.1264 0.9517
vn -0.1947 -0.2366 0.9519
vn -0.0709 -0.2336 0.9697
vn -0.0034 -0.3799 0.9250
vn -0.9927 -0.1182 0.0256
vn -0.6960 -0.1448 0.7033
vn -0.6801 -0.1481 0.7180
vn 0.3209 -0.9284 0.1872
vn -0.5451 -0.7866 0.2901
vn -0.5253 -0.6588 0.5386
vn 0.0476 -0.8450 0.5327
vn -0.2764 -0.1937 -0.9413
vn -0.2085 -0.2737 -0.9389
vn 0.0046 -0.3183 -0.9480
vn 0.3246 -0.1922 -0.9261
vn 0.6008 -0.3789 0.7039
vn 0.9161 -0.3606 0.1752
vn 0.7357 -0.5361 0.4141
vn 0.9018 -0.3643 0.2325
vn -0.6130 -0.2964 0.7324
vn -0.0382 -0.5445 0.8379
vn -0.6443 -0.3841 0.6613
vn 0.4875 -0.8334 0.2603
vn 0.4220 -0.1386 -0.8960
vn 0.5016 0.0242 -0.8648
vn -0.7562 -0.1228 0.6427
vn 0.2929 -0.3489 0.8902
vn 0.7081 -0.1718 0.6849
vn 0.8456 -0.1879 0.4996
vn 0.7463 -0.3227 0.5821
vn 0.8120 -0.2919 0.5054
vn -0.9151 -0.3799 0.1353
vn -0.7108 -0.6137 0.3436
vn -0.7257 -0.4662 0.5060
vn -0.6223 -0.5103 0.5935
vn -0.7642 -0.4466 0.4653
vn -0.5679 -0.3579 0.7412
vn -0.6906 0.4996 -0.5230
vn -0.0026 0.7702 -0.6378
vn -0.3069 -0.0781 0.9485
vn 0.6388 -0.4750 0.6053
vn 0.6470 -0.4937 0.5811
vn -0.9850 -0.1715 0.0198
vn -0.9981 -0.0619 -0.0036
vn -0.9825 -0.1795 0.0497
vn -0.3371 -0.4170 -0.8441
vn 0.2318 0.0369 -0.9721
vn 0.9895 0.1351 -0.0505
vn 0.3300 0.9434 0.0325
vn -0.8351 0.5384 0.1132
vn 0.1585 -0.1884 -0.9692
vn 0.5230 0.5168 -0.6778
vn 0.0985 0.8591 -0.5023
vn 0.5519 0.6794 -0.4836
vn 0.8268 0.2470 -0.5053
vn -0.6887 0.4204 -0.5907
vn -0.9013 0.1935 -0.3876
vn -0.4442 0.5390 -0.7157
vn -0.5115 0.4539 -0.7296
vn -0.8021 0.4364 -0.4077
vn -0.2707 0.9624 0.0232
vn -0.7932 0.4859 -0.3670
vn -0.9212 0.2932 0.2557
vn -0.9729 0.2112 0.0939
vn -0.7924 0.5898 0.1553
vn -0.8281 0.5438 0.1361
vn 0.3433 0.2164 0.9140
vn 0.2889 0.1902 0.9383
vn 0.9463 -0.0592 0.3179
vn 0.9572 0.0738 0.2799
vn 0.9409 -0.0970 0.3245
vn -0.3764 -0.7452 0.5504
vn -0.7958 -0.3184 0.5150
vn -0.2095 0.6553 0.7257
vn -0.3778 0.7390 0.5578
vn -0.8343 -0.1802 0.5211
vn 0.5026 0.8119 0.2971
vn 0.4800 0.8661 0.1398
vn 0.3968 0.8965 0.1971
vn 0.3397 0.9402 0.0261
vn -0.9812 -0.1892 0.0374
vn -0.9499 -0.1189 -0.2889
vn -0.9709 -0.1768 0.1613
vn -0.9730 -0.1087 0.2037
vn -0.9336 -0.1879 0.3050
vn -0.5292 0.8039 0.2714
vn -0.3958 0.9068 0.1453
vn 0.3362 -0.0210 0.9415
vn -0.0710 -0.3656 0.9280
vn 0.8291 -0.0944 0.5511
vn 0.8593 -0.1112 0.4993
vn 0.8119 -0.2260 0.5382
vn -0.5746 0.2589 -0.7764
vn -0.9814 0.0273 0.1898
vn -0.9763 0.1922 0.0994
vn 0.6724 0.7342 0.0939
vn 0.8792 -0.2814 0.3844
vn -0.3808 -0.8877 0.2587
vn -0.5821 -0.7727 -0.2530
vn -0.8243 0.5646 0.0417
vn -0.8950 -0.2330 0.3804
vn 0.9706 -0.1932 -0.1432
vn 0.1316 -0.9388 -0.3185
vn -0.7704 -0.0712 0.6336
vn -0.6651 -0.1968 0.7203
vn -0.7568 -0.1866 0.6265
vn -0.5764 -0.0882 0.8124
vn -0.4069 -0.2061 0.8899
vn 0.1597 0.9087 0.3858
vn 0.0815 -0.7174 0.6919
vn 0.4455 -0.8925 -0.0703
vn 0.4348 -0.4675 0.7697
vn 0.5459 -0.1321 -0.8273
vn 0.0974 -0.0633 -0.9932
vn 0.8635 -0.1453 -0.4829
vn -0.0922 0.7650 -0.6374
vn -0.6714 0.5063 -0.5412
vn -0.0975 0.6616 -0.7435
vn 0.0537 0.7872 -0.6143
vn 0.0788 0.6474 -0.7580
vn 0.5823 0.5744 -0.5753
vn -0.9893 -0.0481 -0.1378
vn -0.0045 0.2350 -0.9720
vn 0.6602 0.2645 -0.7030
vn 0.8323 0.1321 -0.5383
vn 0.3580 0.7394 -0.5701
vn 0.4402 0.6157 -0.6536
vn 0.1753 0.5828 0.7935
vn -0.3138 0.1595 0.9360
vn -0.2635 -0.3399 0.9028
vn -0.5542 -0.3303 0.7641
vn -0.7826 -0.1675 0.5996
vn -0.4518 -0.0273 0.8917
vn -0.8980 -0.1448 0.4154
vn -0.5953 -0.1900 0.7807
vn -0.2321 0.5303 0.8154
vn -0.5058 0.4325 0.7464
vn 0.9095 -0.3025 0.2852
vn 0.9216 -0.3146 0.2272
vn 0.9888 -0.0769 0.1281
vn 0.7773 -0.5034 0.3772
vn 0.7817 0.0497 -0.6217
vn 0.0174 -0.0650 -0.9977
vn 0.0088 -0.1488 -0.9888
vn -0.5721 0.7568 0.3163
vn -0.8998 0.3998 -0.1745
vn 0.9503 -0.1100 -0.2912
vn 0.9748 -0.1305 0.1807
vn 0.9881 -0.1230 0.0925
vn 0.9853 -0.1549 -0.0718
vn -0.1011 0.6603 -0.7442
vn 0.0552 0.6041 -0.7950
vn 0.1941 0.7083 -0.6787
vn 0.5139 0.4028 -0.7574
vn 0.6049 0.5029 -0.6174
vn 0.5057 0.4959 -0.7059
vn 0.0075 0.0345 -0.9994
vn -0.7054 0.1515 -0.6925
vn 0.0687 -0.0005 -0.9976
vn -0.8954 0.4269 0.1267
vn -0.8659 0.4920 0.0904
vn -0.6713 0.6085 0.4232
vn -0.7184 0.6956 0.0078
vn -0.8042 0.5722 -0.1606
vn -0.9889 0.1485 0.0019
vn 0.9980 0.0542 -0.0326
vn 0.7107 -0.4851 0.5095
vn 0.5818 -0.5688 0.5814
vn 0.5465 -0.6630 0.5117
vn 0.5120 -0.7166 0.4736
vn 0.5058 -0.6805 0.5301
vn 0.2457 0.4300 -0.8688
vn 0.8696 0.2221 -0.4410
vn -0.4961 0.1694 -0.8516
vn -0.3111 0.4661 -0.8282
vn -0.2934 0.4132 -0.8620
vn 0.6952 0.1252 0.7078
vn 0.5962 0.1408 0.7904
vn 0.6483 0.0566 0.7592
vn 0.6547 0.0383 0.7549
vn 0.9852 -0.1440 0.0931
vn 0.9787 -0.1892 0.0791
vn 0.9741 -0.1736 0.1449
vn 0.9913 -0.1290 0.0268
vn 0.9949 -0.0996 -0.0183
vn -0.9433 -0.2334 -0.2361
vn 0.3218 0.0995 -0.9416
vn -0.0756 0.0376 -0.9964
vn -0.8528 -0.4146 0.3176
vn -0.3383 -0.6609 0.6699
vn -0.3418 -0.6945 0.6331
vn 0.3523 -0.6150 0.7054
vn -0.7948 0.2567 -0.5499
vn -0.7929 0.2833 -0.5394
vn 0.5286 0.1832 -0.8289
vn 0.4982 0.4570 -0.7369
vn 0.4455 0.3241 -0.8345
vn 0.5783 0.3406 -0.7414
vn 0.9827 0.1731 -0.0651
vn -0.0386 -0.2095 0.9770
vn 0.6932 -0.1695 0.7006
vn 0.0481 -0.2048 0.9776
vn 0.0314 -0.2232 0.9743
vn 0.0033 -0.1806 0.9835
vn 0.9873 -0.0132 -0.1585
vn 0.9998 0.0140 -0.0142
vn 0.8956 0.1648 -0.4132
vn 0.9951 0.0696 -0.0700
vn 0.8411 0.3558 -0.4073
vn 0.3926 0.7411 0.5446
vn 0.8346 -0.1621 0.5264
vn 0.2107 0.2719 0.9390
vn -0.6460 -0.4570 0.6114
vn -0.6411 -0.4151 0.6455
vn 0.6814 -0.1459 0.7172
vn 0.9970 -0.0708 0.0322
vn -0.9751 -0.1968 -0.1024
vn -0.2310 -0.8320 -0.5044
vn -0.2104 -0.8322 -0.5129
vn 0.8826 -0.1161 0.4555
vn 0.8512 -0.1286 0.5088
vn 0.7165 0.0817 0.6928
vn 0.6818 0.1366 0.7187
vn -0.2051 0.3085 0.9288
vn -0.3671 0.1738 0.9138
vn -0.9340 -0.0681 0.3508
vn -0.9406 -0.1087 0.3217
vn 0.9533 -0.0946 0.2867
vn 0.9745 -0.0264 0.2229
vn 0.8364 -0.0884 0.5409
vn 0.8975 0.0187 0.4406
vn 0.9116 -0.1573 0.3799
vn -0.3497 -0.0111 0.9368
vn 0.0708 -0.3413 0.9373
vn -0.8720 0.1534 -0.4649
vn -0.9028 0.1511 -0.4026
vn -0.7748 0.1851 -0.6044
vn -0.9170 0.2224 -0.3312
vn -0.7819 -0.6214 -0.0499
vn -0.6132 -0.7893 0.0299
vn -0.6265 -0.7591 0.1766
vn -0.5050 -0.7312 0.4586
vn -0.8072 -0.5223 0.2749
vn 0.3849 -0.8827 0.2696
vn 0.2362 -0.7016 0.6723
vn -0.9499 -0.2132 -0.2284
vn -0.6742 0.7317 0.1003
vn -0.9262 0.3334 -0.1759
vn -0.8781 0.4317 0.2062
vn -0.7794 0.4426 -0.4434
vn -0.8714 0.3717 -0.3202
vn -0.8249 0.5590 -0.0847
vn -0.4050 -0.4934 0.7698
vn -0.7532 -0.4267 0.5006
vn -0.7145 -0.5303 0.4564
vn -0.6021 -0.7428 0.2929
vn -0.4319 -0.8982 -0.0822
vn -0.0168 0.0534 -0.9984
vn -0.2462 0.4079 -0.8792
vn -0.5372 0.8428 -0.0335
vn -0.9873 -0.0405 -0.1537
vn -0.9751 -0.1970 0.1022
vn -0.9805 -0.1657 0.1060
vn -0.8686 -0.3511 0.3497
vn -0.8916 -0.3266 0.3135
vn 0.9723 0.2111 0.0999
vn 0.9167 0.2807 0.2843
vn -0.5688 -0.0983 0.8166
vn -0.7114 -0.0742 0.6989
vn -0.7227 -0.0886 0.6854
vn -0.5130 0.0614 0.8562
vn -0.5544 0.0799 0.8284
vn -0.4746 0.0322 0.8796
vn 0.7002 -0.5703 0.4295
vn 0.7307 -0.6230 0.2793
vn 0.6679 -0.6563 0.3509
vn 0.6307 -0.5005 0.5930
vn 0.3721 -0.8323 0.4109
vn 0.9823 -0.1855 -0.0257
vn 0.9739 -0.2043 0.0993
vn -0.8701 0.0441 -0.4909
vn -0.9396 -0.0162 -0.3420
vn -0.8659 -0.1064 -0.4888
vn -0.1097 -0.5652 -0.8176
vn -0.1982 -0.3603 -0.9115
vn -0.3414 -0.4383 -0.8315
vn -0.7071 0.0130 0.7070
vn -0.6777 -0.0016 0.7354
vn -0.7347 0.0786 0.6738
vn -0.8045 -0.0391 0.5927
vn -0.7604 -0.0039 0.6495
vn 0.8661 -0.2399 0.4386
vn -0.7849 -0.4538 0.4220
vn -0.7804 -0.4821 0.3982
vn -0.8452 -0.4658 0.2621
vn 0.7189 -0.6562 -0.2294
vn 0.8635 -0.4836 -0.1430
vn 0.3221 -0.8046 -0.4989
vn 0.4476 -0.5938 -0.6686
vn 0.7415 0.1576 0.6521
vn 0.5494 -0.0439 0.8344
vn 0.3788 -0.0239 0.9252
vn 0.6526 0.0311 0.7570
vn 0.6370 -0.6329 -0.4402
vn 0.5971 -0.5982 -0.5345
vn 0.9715 -0.0116 0.2366
vn 0.8938 -0.0732 0.4425
vn 0.8830 -0.0481 0.4668
vn 0.8795 -0.0622 0.4719
vn 0.4364 0.0539 0.8982
vn 0.4439 0.0275 0.8957
vn 0.3684 0.0172 0.9295
vn 0.6191 0.0657 0.7826
vn 0.9773 0.1849 0.1036
vn 0.6574 0.0844 0.7488
vn -0.6918 -0.3548 0.6289
vn -0.6833 -0.3161 0.6581
vn 0.0902 -0.4158 0.9050
vn 0.9756 -0.1283 -0.1784
vn 0.5270 0.2411 -0.8149
vn 0.5163 0.2773 -0.8103
vn -0.5558 -0.0071 0.8313
vn -0.2388 0.1843 0.9534
vn 0.8085 0.5738 -0.1310
vn -0.4056 0.8843 -0.2314
vn 0.8102 0.5800 -0.0843
vn 0.3932 -0.4061 0.8249
vn 0.4291 -0.3461 0.8344
vn 0.5996 -0.3441 0.7225
vn 0.7084 -0.2592 0.6565
vn 0.7242 -0.2786 0.6308
vn -0.9998 0.0179 -0.0121
vn -0.9970 0.0650 0.0431
vn -0.9919 -0.0111 0.1264
vn -0.9998 -0.0061 0.0214
vn 0.4895 -0.5826 0.6489
vn 0.4146 -0.7585 0.5028
vn 0.2123 -0.9375 0.2758
vn 0.3550 -0.9335 -0.0514
vn -0.7926 0.2986 0.5316
vn -0.8088 0.1203 0.5756
vn -0.7662 0.6160 0.1830
vn -0.9173 0.0270 0.3972
vn -0.9826 0.1322 -0.1301
vn -0.9553 0.1206 -0.2700
vn -0.9611 0.1731 -0.2155
vn -0.7973 0.2191 -0.5624
vn -0.6754 0.2477 -0.6946
vn -0.5677 -0.0939 -0.8179
vn 0.7832 0.1063 -0.6126
vn -0.5775 -0.1775 -0.7968
vn -0.6021 -0.2508 -0.7580
vn -0.9733 -0.1626 -0.1622
vn 0.6791 0.4249 -0.5985
vn 0.7457 0.3943 -0.5370
vn -0.7701 0.1278 -0.6250
vn -0.0266 0.1063 -0.9940
vn 0.2814 -0.2338 -0.9307
vn 0.2429 -0.2635 -0.9336
vn 0.7507 0.0058 -0.6606
vn -0.9980 -0.0431 -0.0471
vn -0.9928 0.0881 -0.0809
vn -0.9931 0.0660 -0.0972
vn -0.9767 0.1869 -0.1050
vn -0.6556 -0.1336 -0.7432
vn -0.6943 -0.0953 -0.7133
vn -0.9542 -0.1318 -0.2685
vn -0.7651 0.3671 -0.5291
vn -0.8480 0.3254 -0.4183
vn -0.6458 -0.5966 -0.4764
vn -0.7355 -0.2554 -0.6275
vn -0.4478 0.6525 0.6113
vn -0.4329 0.4196 0.7978
vn -0.7286 0.1898 0.6581
vn -0.4449 0.2575 0.8578
vn 0.9610 0.1970 0.1943
vn 0.9708 0.1631 0.1760
vn 0.9779 0.0360 0.2058
vn 0.9876 0.0842 0.1322
vn -0.9678 -0.1398 -0.2092
vn -0.5707 0.3020 -0.7636
vn 0.9503 -0.0946 -0.2968
vn -0.6516 -0.5800 -0.4889
vn -0.7777 -0.5079 0.3705
vn -0.8454 -0.4199 0.3301
vn -0.6003 -0.4615 0.6532
vn -0.8085 -0.4181 0.4142
vn -0.4032 -0.7239 -0.5598
vn -0.7820 0.3804 -0.4938
vn -0.8455 0.4407 -0.3014
vn -0.9671 0.2544 -0.0056
vn -0.9945 0.0891 0.0543
vn -0.9795 0.1909 0.0639
vn 0.0887 -0.0644 0.9940
vn -0.1089 -0.0772 0.9910
vn -0.1630 -0.3549 0.9206
vn -0.1435 -0.4189 0.8966
vn -0.1601 -0.4247 0.8910
vn -0.4197 -0.2359 0.8765
vn -0.2748 -0.3082 0.9108
vn 0.7469 -0.0202 0.6646
vn 0.3972 -0.2556 0.8814
vn 0.5062 -0.1581 0.8478
vn 0.7243 -0.0664 0.6862
vn -0.4788 -0.0704 -0.8751
vn -0.0641 -0.2920 -0.9543
vn -0.3640 -0.2426 -0.8993
vn -0.3236 -0.2418 -0.9148
vn 0.1426 0.0638 0.9877
vn 0.4791 -0.2948 0.8267
vn 0.5693 -0.3857 0.7260
vn -0.2245 -0.5336 0.8154
vn -0.2744 -0.5573 0.7836
vn -0.4687 -0.8440 0.2608
vn -0.4413 -0.8102 0.3859
vn -0.4325 -0.7757 0.4597
vn 0.4895 -0.8603 -0.1421
vn 0.4103 -0.9055 0.1079
vn 0.1469 -0.6860 0.7126
vn -0.1226 -0.4169 0.9007
vn -0.2106 -0.5666 0.7967
vn 0.8500 0.1391 -0.5081
vn 0.7826 0.2418 -0.5737
vn 0.7627 0.1741 -0.6228
vn 0.8389 0.0591 -0.5410
vn -0.9314 -0.3368 -0.1379
vn -0.6549 -0.1003 0.7490
vn 0.6308 0.7720 0.0782
vn 0.8023 0.5143 -0.3029
vn -0.7547 -0.2405 0.6104
vn 0.5689 0.4451 -0.6915
vn 0.5561 0.5462 -0.6264
vn 0.4312 0.5589 -0.7083
vn -0.9997 -0.0076 0.0213
vn -0.9859 -0.1474 0.0790
vn -0.9501 -0.0698 -0.3040
vn -0.6227 -0.0378 -0.7816
vn -0.9545 -0.0665 -0.2907
vn -0.6686 -0.1189 -0.7341
vn 0.9674 -0.1371 -0.2130
vn -0.4868 0.2163 -0.8463
vn 0.0299 -0.0475 0.9984
vn -0.0781 -0.4083 0.9095
vn -0.7857 -0.1946 0.5871
vn -0.2337 -0.5085 0.8288
vn -0.0796 0.1196 -0.9896
vn -0.9357 -0.3001 -0.1856
vn -0.8561 -0.3777 0.3527
vn -0.3502 0.1752 -0.9202
vn 0.0697 0.1592 -0.9848
vn 0.5815 0.1008 -0.8073
vn 0.6142 0.0618 -0.7867
vn 0.9945 -0.0923 0.0487
vn 0.3373 0.2598 -0.9048
vn 0.1506 0.3133 -0.9376
vn -0.0011 0.4095 -0.9123
vn -0.1632 0.3595 -0.9188
vn -0.3086 0.2673 -0.9129
vn -0.7873 -0.5242 0.3246
vn -0.7684 -0.5268 0.3634
vn -0.8741 -0.4201 0.2436
vn -0.9820 -0.1837 -0.0446
vn -0.9186 -0.3628 0.1568
vn 0.9451 -0.3096 0.1043
vn 0.9421 -0.3246 0.0841
vn 0.9506 -0.3094 0.0259
vn 0.6247 -0.4441 0.6423
vn 0.8649 -0.3920 0.3135
vn -0.7541 -0.3638 0.5467
vn 0.3505 -0.3198 0.8803
vn 0.6876 -0.2409 0.6849
vn 0.1807 -0.3852 0.9050
vn 0.7778 0.4908 -0.3927
vn 0.9842 0.1600 0.0756
vn 0.9950 0.0691 0.0720
vn 0.9778 0.2092 -0.0100
vn -0.9905 -0.0667 0.1206
vn -0.9730 -0.2035 0.1090
vn -0.9864 -0.1388 0.0875
vn -0.9750 -0.1775 0.1335
vn 0.7413 -0.2168 0.6351
vn 0.5853 -0.1905 0.7881
vn 0.6043 -0.2471 0.7575
vn 0.7093 -0.0169 0.7047
vn -0.9728 0.1157 -0.2006
vn 0.2847 0.1988 -0.9378
vn 0.0570 0.2180 -0.9743
vn 0.0579 0.2479 -0.9671
vn 0.3934 0.0559 -0.9176
vn 0.0609 0.1830 -0.9812
vn 0.3253 0.1437 -0.9346
vn 0.2558 -0.2726 0.9275
vn 0.3836 -0.4086 0.8282
vn 0.1743 -0.4107 0.8949
vn 0.8293 0.5491 0.1033
vn 0.8261 0.5490 -0.1273
vn 0.8033 0.4309 -0.4110
vn 0.7591 0.5070 -0.4083
vn 0.5569 0.2616 -0.7883
vn 0.8599 -0.4598 0.2215
vn 0.8827 -0.4123 0.2256
vn 0.9216 -0.3683 0.1224
vn -0.9242 -0.0066 -0.3819
vn 0.6610 -0.2004 0.7231
vn 0.5626 -0.7624 0.3197
vn 0.5414 -0.8118 0.2189
vn -0.7029 -0.6408 0.3087
vn -0.6244 -0.3316 0.7072
vn 0.6093 -0.6642 0.4332
vn -0.6267 -0.5116 0.5878
vn -0.5926 -0.6449 0.4826
vn -0.6431 -0.0505 -0.7641
vn -0.5406 0.1173 -0.8330
vn 0.7809 -0.4633 0.4189
vn 0.9124 -0.3267 0.2464
vn 0.8802 -0.3136 0.3562
vn 0.9014 -0.3775 0.2120
vn -0.0112 0.5433 -0.8394
vn -0.1125 0.6079 -0.7860
vn -0.1306 0.5459 -0.8276
vn -0.1747 0.6059 -0.7761
vn -0.2078 0.5229 -0.8267
vn -0.7821 -0.1344 0.6085
vn -0.7901 -0.2399 0.5641
vn 0.0231 0.9151 -0.4025
vn 0.0004 0.9728 -0.2318
vn 0.0347 0.9767 -0.2115
vn 0.0009 0.9980 0.0632
vn 0.0709 0.9958 0.0583
vn 0.0485 0.9937 0.1010
vn 0.8806 0.0238 -0.4733
vn 0.9895 -0.0454 -0.1375
vn 0.7138 -0.6135 0.3377
vn 0.7180 -0.5959 0.3596
vn 0.6965 -0.4002 0.5956
vn -0.9839 -0.1775 0.0185
vn -0.3838 -0.8141 0.4358
vn -0.9834 -0.1793 -0.0284
vn -0.9961 -0.0568 -0.0674
vn 0.0815 0.5413 -0.8369
vn -0.6347 0.2839 -0.7188
vn -0.7495 0.3612 -0.5548
vn 0.6349 0.7488 0.1905
vn 0.5142 0.8493 0.1198
vn 0.8508 0.4625 -0.2494
vn 0.8066 0.4831 -0.3406
vn 0.9944 0.1049 -0.0100
vn 0.9949 0.1005 0.0089
vn 0.9977 0.0658 -0.0149
vn 0.9965 -0.0537 -0.0634
vn 0.9934 0.0740 -0.0880
vn 0.9923 0.0988 -0.0754
vn 0.9695 0.2281 -0.0902
vn -0.4210 0.7966 -0.4338
vn -0.4057 0.6912 -0.5981
vn 0.6585 0.6767 0.3295
vn 0.6445 -0.4943 0.5834
vn 0.6822 -0.6216 0.3850
vn -0.6363 -0.6524 0.4117
vn 0.9938 0.1022 0.0434
vn -0.0131 -0.7198 -0.6940
vn 0.1615 -0.9799 0.1172
vn -0.1398 -0.9844 0.1070
vn -0.4682 -0.8621 0.1936
vn -0.6624 -0.6661 -0.3429
vn -0.5230 -0.6572 -0.5427
vn -0.7278 -0.2565 0.6360
vn -0.6718 -0.2501 0.6972
vn -0.6116 -0.2345 0.7556
vn -0.8711 -0.1401 0.4706
vn -0.7402 -0.1353 0.6586
vn 0.9754 0.1985 -0.0961
vn 0.4009 0.8928 -0.2057
vn 0.4217 0.8610 -0.2845
vn 0.8664 0.1054 -0.4880
vn 0.4734 0.4477 -0.7586
vn 0.7982 0.2615 -0.5427
vn 0.0079 0.3684 -0.9296
vn 0.0080 0.3231 -0.9463
vn 0.1482 -0.3396 0.9288
vn 0.3169 -0.2539 0.9138
vn 0.0686 -0.1034 0.9923
vn 0.2851 -0.0902 0.9543
vn 0.3344 0.2734 0.9019
vn -0.5075 -0.6621 0.5515
vn -0.5363 -0.4645 0.7047
vn -0.9841 -0.0817 -0.1577
vn 0.8812 0.0318 0.4716
vn 0.7516 0.3950 -0.5283
vn 0.7811 0.0630 -0.6212
vn 0.4975 -0.0512 -0.8659
vn 0.8124 0.4305 0.3933
vn 0.6369 0.7426 0.2072
vn 0.6373 0.7634 0.1047
vn -0.2140 0.2421 -0.9464
vn 0.6522 0.7359 -0.1821
vn -0.2527 0.9660 0.0551
vn -0.1609 0.9870 0.0066
vn 0.9908 0.0274 -0.1325
vn 0.4941 0.8693 -0.0122
vn 0.3131 0.2941 -0.9030
vn 0.0607 0.3221 -0.9448
vn 0.3104 0.3456 -0.8856
vn 0.3298 0.2417 -0.9126
vn 0.6950 -0.1149 -0.7098
vn -0.8830 0.0899 -0.4607
vn -0.9842 -0.1763 -0.0139
vn -0.9799 -0.1863 0.0718
vn -0.8581 0.3074 -0.4114
vn -0.9863 0.1190 0.1145
vn -0.9874 -0.1042 0.1194
vn -0.9761 -0.0306 0.2150
vn -0.9985 -0.0497 0.0242
vn 0.8451 -0.4171 0.3344
vn 0.7359 -0.5489 0.3964
vn 0.7460 -0.5540 0.3696
vn 0.0465 -0.2015 -0.9784
vn 0.7806 0.0140 -0.6248
vn 0.0580 -0.3045 -0.9507
vn 0.3610 -0.6038 0.7107
vn 0.9173 -0.2574 0.3038
vn 0.9290 -0.3490 -0.1232
vn 0.3545 -0.9303 0.0937
vn 0.4697 -0.7129 -0.5207
vn 0.5859 -0.6979 -0.4119
vn 0.0027 -0.5967 -0.8025
vn -0.2563 0.4403 0.8605
vn -0.2318 0.2249 0.9464
vn -0.7144 0.0399 0.6986
vn -0.1157 -0.0698 -0.9908
vn -0.1533 -0.1842 -0.9709
vn -0.7595 0.2714 -0.5912
vn -0.7073 0.2026 -0.6772
vn -0.8813 0.2309 -0.4122
vn -0.8428 0.3237 -0.4299
vn -0.8741 0.2969 -0.3846
vn 0.6817 -0.3204 0.6577
vn 0.7128 -0.3730 0.5939
vn 0.1009 -0.9941 0.0401
vn -0.2453 -0.8963 0.3694
vn -0.1798 -0.9680 0.1749
vn 0.7924 0.3461 0.5023
vn 0.7769 0.2233 0.5886
vn 0.9155 -0.0301 0.4012
vn 0.8803 -0.0922 0.4653
vn 0.8069 0.5548 0.2027
vn -0.6150 0.0992 0.7822
vn -0.5482 0.0378 0.8355
vn -0.9764 -0.0696 -0.2045
vn -0.4312 0.5606 -0.7069
vn -0.5794 0.0563 -0.8131
vn -0.6430 0.2279 -0.7312
vn -0.7403 0.0907 -0.6661
vn -0.5208 -0.2112 -0.8271
vn -0.7632 -0.0858 -0.6404
vn -0.6703 -0.2926 -0.6820
vn -0.4531 -0.4391 0.7758
vn -0.4664 -0.3875 0.7952
vn 0.0623 -0.3763 0.9244
vn -0.8127 0.4397 -0.3824
vn -0.5003 0.4493 -0.7401
vn 0.7796 -0.5599 0.2806
vn 0.7256 -0.6875 0.0293
vn 0.7821 -0.6211 -0.0506
vn -0.4963 0.3537 -0.7928
vn -0.9419 -0.1867 -0.2791
vn -0.9564 -0.2262 -0.1847
vn -0.6302 0.7717 0.0859
vn -0.6348 0.7724 -0.0179
vn 0.1660 -0.4532 0.8758
vn 0.1939 -0.5302 0.8254
vn 0.1601 -0.5186 0.8399
vn 0.1732 -0.4180 0.8918
vn -0.6849 0.2323 -0.6906
vn -0.4974 0.3678 -0.7857
vn -0.9041 -0.1924 -0.3815
vn -0.6069 0.1050 -0.7878
vn -0.9609 -0.2757 -0.0243
vn -0.5188 -0.1881 -0.8340
vn -0.4166 -0.6599 -0.6253
vn -0.3412 -0.7835 -0.5194
vn 0.3630 -0.6449 0.6725
vn 0.3946 -0.7189 0.5723
vn -0.0066 -0.3321 -0.9432
vn 0.6915 -0.3695 -0.6208
vn 0.7710 -0.3435 -0.5362
vn 0.1304 -0.3805 -0.9155
vn -0.6996 -0.5672 0.4346
vn -0.7138 -0.6619 0.2288
vn -0.7424 -0.5750 0.3438
vn 0.7932 -0.0609 -0.6059
vn 0.9835 -0.1269 -0.1292
vn 0.9794 -0.1863 -0.0783
vn 0.9755 -0.1686 -0.1414
vn -0.4598 -0.4955 0.7369
vn -0.7595 -0.3879 0.5222
vn -0.9456 -0.2377 0.2219
vn -0.9799 -0.1413 0.1406
vn -0.9484 -0.2162 0.2320
vn -0.7814 -0.4983 0.3756
vn -0.7353 -0.4739 0.4845
vn -0.5881 -0.6104 0.5307
vn 0.8213 -0.4509 0.3495
vn 0.9050 -0.3024 0.2993
vn 0.9214 -0.3642 0.1358
vn 0.0113 -0.3819 0.9241
vn 0.1854 -0.3738 0.9088
vn -0.7671 0.5787 0.2769
vn -0.5597 0.6169 0.5534
vn -0.5866 0.5840 0.5611
vn -0.8563 0.0392 0.5150
vn -0.6415 0.0250 0.7667
vn -0.7712 0.2315 0.5930
vn 0.9820 -0.1887 -0.0057
vn 0.9862 -0.0891 -0.1399
vn 0.9671 -0.0780 -0.2422
vn -0.6077 -0.5288 0.5925
vn -0.5148 -0.6340 0.5770
vn -0.5731 -0.5083 0.6428
vn -0.0667 -0.3836 0.9211
vn -0.7102 -0.2085 0.6724
vn -0.9913 0.1225 0.0485
vn -0.6525 0.2960 -0.6976
vn -0.5039 0.2993 -0.8103
vn 0.2397 0.0293 0.9704
vn -0.6483 0.1162 -0.7524
vn -0.9884 0.1085 -0.1064
vn -0.9975 0.0254 -0.0652
vn -0.6712 0.1743 -0.7205
vn 0.0125 0.1530 -0.9881
vn 0.6098 0.6016 0.5160
vn 0.6491 0.6318 0.4236
vn 0.7384 0.6538 0.1650
vn 0.8601 -0.1163 0.4967
vn 0.9066 0.0110 0.4218
vn 0.9536 0.1046 0.2822
vn -0.9862 -0.0029 0.1654
vn -0.9020 -0.2785 0.3299
vn -0.6726 0.2680 -0.6898
vn -0.9715 0.0023 0.2370
vn -0.9478 -0.1021 0.3020
vn 0.0046 0.0088 -1.0000
vn -0.1327 0.3226 -0.9372
vn 0.2083 0.2993 -0.9311
vn 0.9309 -0.3143 -0.1860
vn 0.9736 -0.1678 -0.1545
vn 0.0120 -0.6683 0.7438
vn 0.5469 0.1993 -0.8132
vn 0.7954 0.4120 -0.4446
vn -0.4936 0.3960 -0.7743
vn 0.4551 -0.0237 0.8901
vn 0.3853 -0.1727 0.9065
vn 0.9395 -0.2453 0.2392
vn -0.8090 0.2019 0.5521
vn -0.9901 0.1403 0.0049
vn -0.8807 -0.3079 0.3599
vn -0.4307 -0.6423 0.6339
vn -0.3990 -0.6455 0.6513
vn -0.4360 -0.6809 0.5885
vn 0.3228 -0.6000 -0.7320
vn 0.6323 -0.3138 -0.7083
vn 0.3495 0.4795 -0.8049
vn 0.6203 0.3866 -0.6825
vn 0.4485 -0.0746 -0.8906
vn 0.6710 0.0595 0.7391
vn 0.7834 -0.0143 0.6214
vn 0.8433 -0.3118 0.4377
vn 0.9888 -0.1447 0.0380
vn 0.9999 -0.0131 -0.0020
vn -0.8550 -0.0828 -0.5120
vn -0.7439 -0.1638 -0.6479
vn -0.4887 0.1552 -0.8585
vn -0.4585 0.3264 -0.8266
vn -0.9865 -0.0978 -0.1316
vn 0.8977 -0.3361 0.2847
vn 0.9737 -0.1719 0.1494
vn 0.9683 -0.1656 0.1869
vn 0.9268 -0.3208 0.1951
vn -0.0247 0.2471 -0.9687
vn -0.0517 0.2135 -0.9756
vn -0.0800 0.2008 -0.9764
vn -0.6983 0.4172 -0.5817
vn -0.6355 0.3723 -0.6764
vn -0.8078 0.2505 -0.5336
vn -0.4852 0.2268 -0.8445
vn 0.9816 -0.0512 0.1839
vn 0.9713 -0.0132 0.2377
vn 0.9964 0.0123 -0.0838
vn 0.6539 0.1163 -0.7476
vn 0.6542 0.0306 -0.7557
vn -0.0056 0.1260 -0.9920
vn -0.0370 0.1542 -0.9873
vn 0.5170 0.7211 -0.4611
vn 0.5716 0.6042 -0.5551
vn 0.9594 0.1883 0.2101
vn -0.5516 0.1338 -0.8233
vn -0.9623 0.2554 -0.0940
vn -0.9785 0.1818 -0.0973
vn 0.7956 0.5374 -0.2796
vn 0.8002 0.5344 -0.2721
vn -0.9087 0.4034 -0.1076
vn -0.5459 0.4260 0.7214
vn -0.3600 -0.0793 -0.9296
vn -0.8204 -0.1765 -0.5438
vn -0.3528 0.0325 -0.9352
vn -0.3282 0.0832 -0.9409
vn -0.7945 -0.0617 -0.6041
vn -0.3255 0.1445 -0.9345
vn -0.1026 0.8596 -0.5006
vn 0.0902 0.5352 -0.8399
vn 0.0288 0.5891 -0.8076
vn -0.0843 0.5588 -0.8250
vn 0.6019 0.3822 0.7011
vn 0.6005 0.5726 0.5581
vn 0.6358 0.2384 0.7341
vn -0.4763 -0.3105 0.8226
vn -0.1372 -0.1873 0.9727
vn 0.0554 -0.4958 0.8667
vn 0.9550 -0.2278 -0.1900
vn 0.9714 -0.0874 -0.2206
vn 0.6558 0.1475 -0.7404
vn 0.7777 0.0827 -0.6232
vn 0.8603 0.1620 0.4835
vn 0.6701 -0.4303 0.6048
vn -0.5735 -0.6493 0.4995
vn 0.0720 -0.8541 0.5152
vn -0.3365 -0.7394 0.5831
vn -0.0819 -0.2202 0.9720
vn 0.3934 -0.1971 0.8980
vn 0.1213 0.5864 0.8009
vn 0.4585 0.3445 0.8192
vn 0.9963 0.0849 -0.0092
vn 0.7929 0.3741 -0.4810
vn -0.9632 -0.2493 0.1005
vn -0.6562 -0.2454 -0.7136
vn -0.6690 -0.1893 -0.7188
vn -0.9568 -0.2341 0.1726
vn -0.1999 0.5918 -0.7809
vn 0.5710 0.2897 -0.7681
vn 0.6657 0.1956 -0.7201
vn 0.5444 0.3143 -0.7777
vn 0.4595 -0.8482 0.2635
vn -0.8282 -0.5112 0.2299
vn -0.3194 0.2700 -0.9084
vn -0.3279 0.2071 -0.9217
vn -0.7570 0.1885 -0.6257
vn -0.7575 0.2492 -0.6035
vn -0.3104 0.3306 -0.8913
vn 0.4529 -0.8673 -0.2067
vn 0.2602 -0.9594 -0.1086
vn 0.2833 0.6302 -0.7228
vn 0.7500 0.4749 -0.4604
vn 0.9098 0.2505 -0.3310
vn 0.8431 0.5172 -0.1471
vn 0.9161 -0.3620 0.1723
vn 0.8289 0.1308 -0.5439
vn 0.7939 -0.4706 -0.3850
vn 0.9665 -0.1669 -0.1948
vn 0.7903 0.3526 -0.5010
vn -0.3426 0.9369 0.0703
vn 0.5613 0.8074 0.1818
vn 0.4758 -0.0433 -0.8785
vn 0.4482 -0.2130 -0.8682
vn -0.0612 0.9977 -0.0282
vn -0.2182 0.9759 0.0087
vn -0.1346 0.9785 0.1561
vn 0.0926 0.9956 -0.0107
vn 0.0352 0.9871 0.1561
vn 0.1952 0.9803 0.0309
vn -0.1043 -0.8124 0.5737
vn -0.3794 -0.8612 0.3382
vn -0.3172 -0.8058 0.5001
vn -0.6026 0.5082 -0.6153
vn -0.6167 0.3964 -0.6801
vn -0.9821 0.1435 0.1217
vn -0.6652 0.0418 0.7455
vn -0.7003 0.3219 0.6371
vn 0.6154 0.5987 0.5127
vn -0.9487 0.1300 0.2881
vn -0.9533 -0.0070 0.3019
vn -0.9021 -0.0714 -0.4256
vn -0.8687 -0.0298 -0.4945
vn -0.9327 -0.0572 -0.3561
vn -0.9453 -0.0538 -0.3217
vn -0.3159 -0.1937 0.9288
vn 0.5316 -0.1051 0.8405
vn 0.5552 0.2485 0.7937
vn 0.7887 0.5940 0.1583
vn 0.9391 0.2965 0.1735
vn 0.7654 0.6226 0.1631
vn 0.4452 0.8926 0.0713
vn 0.7538 0.6436 0.1328
vn 0.8657 -0.3486 0.3593
vn 0.8979 -0.2969 0.3251
vn 0.8700 -0.3181 0.3766
vn 0.8078 -0.3209 0.4945
vn -0.8721 -0.4060 0.2732
vn -0.9373 -0.2779 0.2103
vn -0.7628 0.1996 -0.6151
vn -0.8033 0.0265 -0.5949
vn 0.0453 -0.4321 -0.9007
vn -0.0572 0.5351 -0.8428
vn 0.0389 -0.8771 0.4786
vn -0.2172 -0.7282 0.6501
vn -0.3690 -0.8481 0.3801
vn -0.2339 -0.9076 0.3485
vn 0.8121 0.4438 -0.3790
vn 0.4234 0.5451 -0.7236
vn 0.8513 0.0165 -0.5245
vn 0.9326 -0.0911 -0.3493
vn -0.4783 0.8685 0.1301
vn -0.5083 0.8366 0.2042
vn -0.5466 0.8200 0.1696
vn 0.9526 -0.1242 -0.2777
vn 0.8591 -0.0558 -0.5087
vn 0.8875 -0.0259 -0.4601
vn 0.1333 0.0513 -0.9897
vn 0.6718 0.2039 -0.7122
vn 0.7084 0.2965 -0.6405
vn 0.8458 0.3815 -0.3728
vn 0.8336 0.3887 -0.3924
vn 0.9875 0.0497 0.1498
vn 0.9881 0.0763 0.1338
vn 0.7359 0.0985 -0.6699
vn 0.7075 0.0944 -0.7004
vn -0.0660 0.0556 -0.9963
vn -0.0811 -0.3372 0.9379
vn -0.2024 -0.3078 0.9297
vn -0.9650 -0.0900 0.2465
vn -0.9881 -0.0162 -0.1531
vn 0.4707 -0.7242 0.5040
vn 0.5566 0.0789 -0.8271
vn 0.6859 -0.2904 -0.6672
vn 0.8121 -0.1375 -0.5671
vn 0.8414 -0.2671 -0.4698
vn 0.9425 -0.0283 -0.3331
vn 0.7962 0.0380 -0.6039
vn -0.0835 -0.3281 0.9409
vn 0.2940 -0.0605 0.9539
vn -0.4889 -0.6480 0.5840
vn 0.9255 0.2877 -0.2463
vn 0.8942 0.2823 -0.3474
vn 0.9509 0.1940 -0.2411
vn 0.9478 0.0281 -0.3175
vn 0.9071 0.0516 -0.4177
vn 0.0487 -0.5368 0.8423
vn 0.4096 -0.5515 0.7267
vn 0.0722 0.0096 0.9973
vn 0.9191 0.3897 -0.0585
vn 0.8836 0.4092 -0.2275
vn 0.8223 0.5687 -0.0217
vn 0.8687 0.3798 -0.3180
vn -0.8769 -0.2280 0.4231
vn -0.8806 -0.1971 0.4310
vn -0.8533 -0.3155 0.4150
vn -0.4372 0.2838 0.8534
vn 0.8396 -0.4277 0.3347
vn -0.9812 0.1231 -0.1486
vn 0.1712 0.9829 -0.0684
vn 0.6218 0.3950 -0.6763
vn 0.9827 -0.0006 -0.1852
vn 0.9780 -0.0225 -0.2076
vn 0.9851 -0.0437 -0.1663
vn -0.2780 0.9586 -0.0615
vn -0.0135 0.9895 -0.1440
vn 0.2683 0.9534 -0.1383
vn 0.3824 0.9240 -0.0082
vn 0.3317 0.9404 0.0748
vn -0.4110 0.9101 0.0528
vn -0.5466 0.8344 -0.0700
vn -0.9418 0.0238 0.3355
vn 0.0573 -0.1910 -0.9799
vn -0.6752 -0.5341 -0.5087
vn -0.8788 -0.4602 -0.1259
vn -0.5846 -0.7997 -0.1365
vn 0.1258 -0.6812 0.7212
vn 0.5622 -0.1516 0.8130
vn 0.9502 -0.3115 -0.0029
vn 0.9393 0.2313 0.2533
vn 0.9375 -0.3283 0.1155
vn 0.3662 -0.7503 0.5504
vn 0.9229 -0.3435 0.1739
vn 0.0917 -0.5819 0.8080
vn -0.2139 -0.5806 0.7856
vn -0.2666 -0.4396 0.8577
vn 0.6471 -0.3948 0.6522
vn 0.8691 -0.0615 0.4909
vn 0.1105 -0.4941 0.8624
vn -0.8523 -0.2609 -0.4534
vn -0.6931 -0.6380 -0.3354
vn 0.8730 -0.0313 -0.4867
vn 0.9807 0.1152 -0.1577
vn -0.2091 0.4216 0.8824
vn -0.3260 0.3455 0.8800
vn -0.2752 -0.7091 0.6492
vn 0.9478 -0.2264 -0.2245
vn 0.1617 0.4301 -0.8882
vn 0.0697 0.5145 -0.8547
vn 0.9693 0.0212 -0.2449
vn 0.9739 0.1833 -0.1341
vn 0.9992 0.0395 0.0025
vn 0.9658 0.0816 -0.2460
vn -0.9846 -0.0632 -0.1633
vn -0.6943 -0.1730 0.6986
vn -0.6974 -0.1518 0.7004
vn 0.0316 -0.1586 0.9868
vn 0.3582 0.5092 0.7826
vn -0.4102 0.1811 -0.8938
vn -0.3967 0.2375 -0.8867
vn -0.5427 0.2808 -0.7916
vn 0.8207 0.2851 0.4952
vn 0.8427 0.2717 0.4648
vn 0.8270 -0.0007 0.5622
vn 0.8061 0.1336 0.5766
vn 0.7677 0.0908 0.6344
vn 0.7752 -0.0365 0.6306
vn 0.7783 -0.0280 0.6273
vn -0.0267 0.3314 -0.9431
vn 0.0016 0.5606 0.8281
vn -0.0059 0.1902 -0.9817
vn 0.1591 0.1661 -0.9732
vn 0.6049 -0.1282 -0.7859
vn 0.7614 -0.2509 0.5977
vn 0.7312 -0.2123 0.6482
vn 0.9977 0.0640 0.0210
vn 0.3540 -0.6660 0.6566
vn 0.9471 0.3188 0.0370
vn 0.5857 0.3512 0.7305
vn -0.4219 -0.0812 0.9030
vn 0.8294 0.0693 0.5544
vn 0.2715 0.9624 0.0042
vn -0.3458 0.9213 0.1778
vn -0.2869 -0.6899 0.6646
vn -0.4059 -0.7534 0.5174
vn -0.6719 -0.6008 0.4332
vn -0.5166 -0.7530 0.4075
vn -0.6240 -0.6323 0.4592
vn 0.7109 -0.1945 0.6759
vn 0.6871 -0.1800 0.7039
vn 0.9948 0.0604 0.0815
vn -0.8396 0.5242 -0.1424
vn -0.5953 0.7961 -0.1093
vn -0.7560 0.6481 -0.0915
vn -0.7873 0.5834 -0.1993
vn -0.6275 0.2240 -0.7457
vn -0.6617 0.2118 -0.7192
vn -0.6037 0.2960 -0.7402
vn -0.2946 0.3696 -0.8812
vn 0.2472 -0.6310 -0.7353
vn -0.4227 0.0853 0.9022
vn -0.3335 0.6343 0.6975
vn 0.6680 0.2813 -0.6889
vn 0.6168 0.4572 -0.6408
vn 0.7897 0.3243 -0.5208
vn 0.7344 0.5023 -0.4565
vn -0.0002 -0.3544 0.9351
vn -0.1232 -0.3506 0.9284
vn -0.7705 -0.0697 -0.6336
vn -0.7977 -0.0162 -0.6029
vn -0.8328 -0.0805 -0.5477
vn -0.8673 -0.0556 -0.4946
vn 0.5178 -0.2912 0.8044
vn -0.7946 -0.0170 0.6069
vn -0.9176 0.1660 -0.3612
vn -0.9543 0.1009 -0.2812
vn -0.9278 0.2421 -0.2838
vn 0.1531 0.5662 0.8099
vn -0.9018 0.0034 0.4322
vn -0.7817 0.0391 0.6224
vn -0.7916 -0.1265 0.5978
vn 0.8417 -0.4525 0.2946
vn 0.7862 -0.4980 0.3658
vn 0.8198 -0.4530 0.3503
vn -0.2519 0.9055 -0.3413
vn -0.7765 0.2183 0.5911
vn -0.5865 -0.3615 0.7248
vn -0.4668 -0.3124 0.8274
vn 0.6900 -0.6230 0.3684
vn 0.9948 0.0886 0.0508
vn 0.9512 -0.3076 0.0261
vn 0.3218 0.4117 -0.8526
vn 0.2596 0.5001 -0.8262
vn -0.9711 0.2387 0.0049
vn -0.8094 0.5650 0.1598
vn -0.8966 0.3809 -0.2260
vn -0.8966 0.4230 -0.1313
vn -0.2601 -0.9431 0.2069
vn 0.6701 -0.7146 0.2008
vn 0.4388 -0.7266 0.5287
vn 0.5319 -0.6015 0.5960
vn 0.9750 -0.0970 -0.1998
vn 0.0935 -0.5598 -0.8234
vn 0.1790 -0.4019 -0.8980
vn 0.0641 -0.4391 -0.8962
vn -0.0549 -0.4313 -0.9005
vn -0.9911 0.1005 0.0872
vn -0.9544 -0.2028 0.2192
vn -0.3104 -0.3375 0.8887
vn -0.3607 -0.2065 0.9095
vn -0.1487 -0.0394 -0.9881
vn -0.1143 -0.0356 -0.9928
vn -0.0369 -0.0559 -0.9978
vn -0.0395 -0.1344 -0.9901
vn -0.2823 -0.9323 0.2261
vn -0.9876 -0.1479 0.0519
vn 0.8655 -0.2621 0.4269
vn -0.0877 0.4875 -0.8687
vn -0.4262 0.8547 -0.2965
vn -0.9794 0.1604 -0.1224
vn 0.1093 -0.1380 -0.9844
vn -0.7270 -0.6421 -0.2433
vn -0.1671 -0.9158 -0.3652
vn -0.1450 -0.9191 -0.3663
vn -0.0944 -0.9758 -0.1970
vn 0.0945 0.7914 0.6040
vn 0.7418 0.5181 0.4258
vn 0.9975 -0.0551 0.0453
vn 0.9989 -0.0468 -0.0035
vn 0.9958 -0.0870 0.0287
vn 0.9826 -0.1214 0.1409
vn 0.8725 -0.3437 0.3473
vn 0.9476 -0.2004 0.2489
vn 0.9216 -0.1722 0.3478
vn 0.7360 -0.2234 -0.6390
vn 0.3116 -0.4896 -0.8144
vn 0.1829 -0.5022 -0.8452
vn -0.9994 -0.0138 -0.0307
vn -0.9915 0.0978 -0.0856
vn -0.8008 0.5409 0.2571
vn -0.8239 -0.3193 0.4683
vn 0.9997 0.0014 -0.0259
vn 0.9950 0.0840 -0.0546
vn 0.9995 -0.0283 0.0114
vn -0.7134 -0.1317 0.6883
vn -0.4609 0.0333 0.8868
vn -0.9969 -0.0649 -0.0440
vn -0.6497 0.0378 -0.7592
vn 0.0743 0.1657 -0.9834
vn 0.1187 0.1778 -0.9769
vn -0.8409 -0.4029 0.3614
vn 0.4851 0.8741 -0.0252
vn 0.5211 0.8446 -0.1232
vn -0.6642 -0.3241 0.6737
vn -0.6336 -0.2179 0.7423
vn 0.2406 -0.4663 0.8513
vn -0.2015 -0.4839 0.8516
vn 0.9892 0.0915 -0.1143
vn 0.9744 0.1160 0.1924
vn -0.8914 0.4250 0.1572
vn -0.8893 0.4313 0.1520
vn -0.9070 0.2724 0.3213
vn -0.7436 0.4395 0.5039
vn 0.5690 -0.0902 -0.8174
vn -0.9970 0.0680 0.0360
vn 0.2099 0.4166 0.8846
vn 0.2207 0.4321 0.8744
vn 0.4274 -0.7367 -0.5240
vn 0.2052 0.9464 0.2495
vn -0.9603 0.2731 0.0570
vn -0.9170 0.3967 0.0424
vn -0.6302 0.6808 0.3732
vn -0.6753 0.7051 0.2165
vn 0.9475 -0.0916 -0.3065
vn 0.9363 -0.0242 -0.3503
vn 0.9294 -0.0721 -0.3620
vn 0.9278 -0.1059 -0.3577
vn -0.5347 0.8360 -0.1236
vn -0.4647 0.8839 -0.0527
vn -0.2479 0.9427 -0.2235
vn -0.9798 -0.0147 -0.1996
vn -0.8160 -0.1534 -0.5573
vn -0.4727 0.0166 -0.8811
vn 0.5679 -0.4444 0.6928
vn 0.3188 -0.5509 0.7713
vn -0.7742 0.1147 -0.6225
vn -0.9897 0.0764 0.1210
vn -0.0589 0.2172 -0.9743
vn -0.0634 0.1815 -0.9813
vn -0.7647 0.1608 -0.6241
vn -0.9836 0.1803 -0.0023
vn -0.4613 -0.1681 -0.8712
vn -0.6082 -0.1511 -0.7793
vn 0.5586 -0.5882 -0.5848
vn 0.7729 -0.6084 -0.1802
vn 0.8100 -0.2945 -0.5071
vn 0.7130 -0.4265 0.5566
vn -0.5602 0.6243 -0.5444
vn -0.2714 0.7027 -0.6577
vn -0.2466 0.5305 -0.8110
vn -0.3923 -0.6159 0.6832
vn 0.9798 -0.1986 -0.0224
vn 0.8928 0.1283 -0.4318
vn 0.8967 0.0309 -0.4415
vn 0.9589 0.0473 -0.2796
vn -0.0084 0.3707 -0.9287
vn -0.0054 0.4065 -0.9136
vn -0.3224 0.3631 -0.8742
vn 0.6835 0.7088 -0.1743
vn -0.1487 0.6927 -0.7057
vn 0.9934 0.0620 -0.0961
vn 0.9859 -0.1495 0.0754
vn 0.9993 -0.0223 -0.0301
vn 0.9973 -0.0342 -0.0652
vn -0.2331 -0.8985 -0.3719
vn -0.5977 -0.7560 -0.2668
vn -0.3184 -0.9469 -0.0455
vn 0.1314 -0.4608 0.8777
vn 0.5568 -0.4305 0.7104
vn -0.2349 -0.9572 0.1689
vn -0.0497 -0.9987 0.0125
vn -0.0903 -0.9937 0.0657
vn -0.1155 -0.9090 0.4005
vn -0.8355 -0.0143 -0.5492
vn -0.7862 -0.4924 -0.3734
vn -0.9860 0.0590 -0.1558
vn -0.6415 -0.3795 0.6667
vn -0.6527 -0.4080 0.6384
vn -0.5850 -0.3885 0.7119
vn 0.3176 -0.6031 0.7317
vn 0.2878 -0.6379 0.7143
vn 0.2222 -0.5068 0.8329
vn -0.9439 -0.0225 -0.3294
vn -0.9627 0.2591 -0.0786
vn -0.1762 0.8442 -0.5062
vn -0.0889 0.9721 -0.2172
vn -0.0649 0.9907 -0.1192
vn 0.8833 0.2084 -0.4200
vn 0.4445 0.7494 -0.4907
vn 0.4451 0.7105 -0.5451
vn -0.8115 0.5214 -0.2640
vn 0.0011 -0.1882 -0.9821
vn -0.8062 -0.2209 0.5489
vn -0.7966 -0.1920 0.5732
vn -0.6814 -0.2813 0.6757
vn -0.3556 0.6006 -0.7161
vn -0.7974 0.4564 -0.3946
vn 0.4745 0.5040 -0.7217
vn -0.9965 0.0826 -0.0095
vn -0.9952 0.0980 0.0002
vn -0.5533 -0.2753 0.7861
vn -0.5091 -0.3220 0.7982
vn -0.1606 -0.3766 0.9124
vn -0.8660 0.4908 -0.0956
vn -0.7366 0.5394 -0.4079
vn -0.7648 0.5929 -0.2521
vn -0.6970 0.6072 -0.3814
vn 0.5550 0.3071 -0.7730
vn 0.7010 0.2797 -0.6561
vn 0.5919 0.3026 -0.7471
vn 0.6076 0.2464 -0.7551
vn 0.5575 0.2612 -0.7880
vn 0.6503 0.2284 -0.7245
vn -0.9929 -0.0777 0.0905
vn -0.9387 -0.2675 0.2174
vn -0.9081 0.0987 -0.4070
vn -0.8759 0.1951 -0.4412
vn -0.8808 -0.0072 -0.4734
vn -0.9595 0.0478 -0.2777
vn -0.7905 0.4308 0.4353
vn -0.7932 0.5766 0.1959
vn -0.7000 0.4945 0.5152
vn -0.6487 0.3506 0.6755
vn -0.7540 0.3334 0.5660
vn -0.6929 0.4177 0.5878
vn 0.3914 -0.1120 0.9134
vn 0.3351 0.0835 0.9385
vn 0.6802 -0.0251 0.7326
vn 0.8215 0.1512 0.5498
vn 0.9338 -0.0947 0.3449
vn 0.9265 -0.0269 0.3753
vn 0.9664 -0.1116 0.2317
vn 0.9014 -0.1675 0.3993
vn 0.7981 -0.1887 0.5723
vn 0.3354 0.7176 0.6103
vn 0.3905 0.6858 0.6142
vn 0.6003 0.1206 0.7906
vn 0.3832 0.2887 0.8774
vn 0.4895 0.5195 0.7004
vn -0.9904 -0.0961 0.0992
vn -0.6394 -0.1559 0.7529
vn 0.5594 0.2082 -0.8023
vn 0.4440 0.3040 -0.8429
vn 0.5521 -0.0241 0.8335
vn 0.8403 -0.3343 0.4267
vn 0.5954 -0.2965 0.7467
vn -0.6428 0.6063 -0.4682
vn -0.6295 0.6007 -0.4928
vn -0.4934 0.6624 -0.5637
vn -0.4808 0.5871 -0.6513
vn 0.9928 0.0572 0.1052
vn 0.9903 0.0483 0.1305
vn 0.9864 0.1025 0.1283
vn 0.9898 0.0849 0.1142
vn 0.9881 0.0661 0.1385
vn 0.7652 0.5296 -0.3660
vn 0.6357 0.7631 -0.1164
vn 0.6774 0.7339 -0.0495
vn 0.9496 -0.3127 -0.0213
vn 0.9106 -0.3604 0.2020
vn 0.9621 -0.0640 -0.2650
vn 0.8159 -0.4759 0.3284
vn -0.9857 -0.1393 -0.0950
vn 0.7728 0.1170 -0.6238
vn 0.7736 0.0935 -0.6267
vn 0.0306 0.0553 -0.9980
vn 0.0199 -0.0067 -0.9998
vn -0.8705 -0.0458 0.4901
vn -0.9931 -0.0035 0.1169
vn 0.3070 -0.3098 0.8999
vn -0.7466 -0.2513 0.6159
vn -0.7087 -0.2264 0.6682
vn 0.7635 -0.5147 0.3899
vn 0.4911 -0.7740 0.3997
vn -0.9149 -0.2610 0.3079
vn -0.9205 -0.3058 0.2431
vn -0.9275 -0.2099 0.3094
vn -0.8740 -0.3449 0.3423
vn -0.7804 -0.4331 0.4509
vn -0.4932 -0.4796 0.7258
vn -0.2953 -0.1869 0.9370
vn -0.1280 -0.3555 0.9259
vn 0.9600 -0.2263 0.1649
vn 0.9665 -0.2292 0.1154
vn 0.9395 -0.2943 0.1753
vn 0.9807 -0.0671 0.1835
vn -0.6326 0.7558 0.1690
vn -0.4170 -0.9017 -0.1142
vn -0.7212 0.0878 0.6871
vn -0.5679 -0.0080 0.8230
vn -0.6364 0.0537 0.7695
vn 0.9789 -0.0315 0.2018
vn 0.9459 -0.1339 0.2955
vn -0.3585 -0.7558 0.5479
vn -0.9053 -0.3778 0.1942
vn -0.3515 -0.7172 0.6018
vn 0.3791 -0.6321 0.6759
vn -0.4938 0.8175 0.2964
vn -0.4731 0.8789 0.0604
vn 0.2933 -0.2003 0.9348
vn 0.8493 -0.3182 0.4212
vn 0.9963 0.0845 -0.0180
vn 0.4139 -0.6564 0.6308
vn 0.7525 0.0598 -0.6558
vn 0.6779 -0.0492 -0.7335
vn 0.5692 -0.1840 -0.8013
vn -0.6560 -0.7173 0.2350
vn 0.8170 0.3397 -0.4659
vn 0.9133 0.2068 -0.3510
vn -0.5607 -0.5920 0.5789
vn -0.3863 -0.5412 0.7469
vn -0.5842 -0.4724 0.6599
vn 0.9354 -0.3312 0.1240
vn -0.7493 -0.2401 0.6172
vn -0.6556 -0.4102 0.6340
vn -0.8633 -0.2940 0.4102
vn -0.1624 -0.9164 0.3658
vn -0.2859 -0.6731 0.6821
vn 0.2435 -0.9224 0.3000
vn 0.0052 0.2550 -0.9669
vn 0.0578 0.2811 -0.9579
vn -0.6521 -0.0605 -0.7557
vn -0.2325 -0.1502 -0.9609
vn -0.5573 0.8271 0.0737
vn 0.3258 0.9454 0.0049
vn -0.1361 0.8257 0.5475
vn -0.8561 0.4532 0.2483
vn -0.9034 -0.1070 0.4152
vn -0.6490 0.3223 0.6892
vn 0.6444 -0.6179 0.4504
vn 0.6205 -0.6787 0.3929
vn 0.3082 0.9510 -0.0233
vn 0.9612 0.1667 -0.2197
vn 0.4201 0.8798 -0.2222
vn 0.7282 0.6323 -0.2645
vn 0.6545 0.6198 -0.4329
vn -0.3830 0.0816 -0.9201
vn -0.4206 -0.0170 -0.9071
vn -0.4054 -0.1521 -0.9014
vn -0.8285 0.5560 0.0670
vn -0.5375 0.8433 -0.0004
vn -0.6656 0.7005 -0.2575
vn -0.3430 0.9069 -0.2448
vn -0.4782 0.8744 -0.0824
vn -0.7799 0.6221 0.0688
vn -0.9439 -0.2923 0.1537
vn -0.9459 -0.3051 0.1107
vn -0.9714 0.1875 0.1457
vn -0.9683 0.2073 0.1392
vn -0.9800 0.1597 0.1191
vn -0.9815 0.1147 0.1532
vn 0.7775 -0.0002 0.6289
vn 0.8182 -0.1085 0.5646
vn 0.7209 -0.0390 0.6920
vn -0.9640 -0.1908 0.1850
vn -0.9717 -0.1486 0.1836
vn -0.1366 -0.6061 -0.7836
vn 0.7901 0.1448 -0.5956
vn 0.8347 0.2024 -0.5121
vn 0.2108 -0.1775 -0.9613
vn 0.8387 0.0222 -0.5441
vn -0.1059 -0.5984 -0.7942
vn 0.5750 -0.7694 -0.2782
vn 0.0114 -0.9007 0.4344
vn -0.9840 -0.1502 0.0963
vn -0.0872 0.0099 -0.9961
vn 0.4663 -0.0749 0.8814
vn 0.3334 0.0402 0.9419
vn 0.9990 -0.0153 -0.0416
vn 0.9961 -0.0419 -0.0772
vn -0.8236 -0.5173 0.2324
vn -0.6178 -0.7410 0.2629
vn -0.9413 0.2782 -0.1912
vn -0.9628 0.1029 -0.2500
vn -0.9958 0.0817 -0.0402
vn 0.0901 0.8121 -0.5766
vn 0.5555 0.8313 -0.0208
vn -0.4533 0.8732 -0.1789
vn 0.3295 0.2839 0.9005
vn -0.2469 0.5772 0.7784
vn -0.3777 0.9243 0.0544
vn 0.5826 -0.3594 0.7290
vn 0.7324 -0.2569 0.6305
vn -0.8738 -0.3715 0.3137
vn -0.8492 -0.3933 0.3524
vn -0.4372 -0.7703 0.4643
vn -0.4645 -0.7061 0.5345
vn -0.9961 0.0838 0.0293
vn -0.9967 0.0695 0.0427
vn -0.9979 0.0640 0.0100
vn 0.5617 -0.2691 -0.7824
vn 0.8104 -0.5126 0.2836
vn 0.8430 -0.4166 0.3403
vn 0.3441 -0.4563 -0.8206
vn 0.4326 0.8861 -0.1663
vn -0.9605 -0.2719 0.0590
vn -0.7822 0.0647 -0.6197
vn -0.2124 -0.0567 -0.9755
vn -0.8552 0.5113 -0.0850
vn -0.8111 0.5840 -0.0324
vn 0.8310 0.5349 0.1524
vn 0.7788 0.5426 0.3149
vn -0.3938 -0.7869 0.4751
vn -0.4154 -0.7222 0.5530
vn -0.6148 0.3827 -0.6896
vn -0.5520 0.2630 -0.7913
vn -0.3875 0.7238 0.5709
vn -0.4774 0.2823 -0.8321
vn -0.3142 0.3018 -0.9001
vn -0.1073 0.2148 -0.9708
vn -0.9192 0.3172 -0.2335
vn -0.9912 0.0084 0.1318
vn -0.0228 -0.1989 0.9797
vn -0.4129 0.9107 0.0101
vn -0.7693 0.6215 0.1484
vn -0.0947 0.3461 -0.9334
vn 0.1206 0.2287 -0.9660
vn 0.1018 0.4037 -0.9092
vn 0.3103 0.3249 -0.8934
vn 0.8959 0.0315 -0.4431
vn -0.5781 0.4166 0.7016
vn -0.6313 0.2562 0.7320
vn -0.6145 0.1926 0.7651
vn -0.9963 -0.0137 -0.0851
vn -0.9936 0.0494 0.1021
vn -0.9919 0.0319 0.1227
vn 0.9674 0.2144 -0.1348
vn 0.9620 0.2553 -0.0963
vn -0.3898 0.1327 -0.9113
vn 0.0125 0.2037 -0.9790
vn 0.0201 0.0286 -0.9994
vn 0.5241 -0.4852 0.7000
vn 0.8477 -0.3133 0.4280
vn 0.4087 -0.6120 0.6771
vn -0.2338 -0.6371 0.7345
vn -0.5008 -0.4237 -0.7548
vn -0.2916 -0.5712 -0.7672
vn -0.4983 -0.5003 -0.7081
vn -0.4164 0.3465 -0.8405
vn -0.3008 -0.1992 -0.9326
vn 0.9418 0.2666 -0.2045
vn 0.9649 0.2077 -0.1608
vn -0.9527 0.2763 -0.1269
vn -0.8970 0.2697 -0.3501
vn 0.8469 0.5157 -0.1298
vn 0.5028 0.8531 -0.1393
vn 0.6738 0.4539 0.5830
vn 0.7867 0.6096 0.0976
vn 0.8618 0.5069 -0.0213
vn 0.0193 -0.3512 0.9361
vn 0.0320 -0.2556 0.9663
vn -0.0157 -0.2701 0.9627
vn -0.0071 -0.2554 0.9668
vn 0.0817 -0.9424 0.3243
vn 0.2904 -0.8911 0.3488
vn -0.0098 -0.2210 0.9752
vn 0.0055 -0.2498 0.9683
vn -0.2213 -0.5965 -0.7715
vn -0.0025 -0.7234 -0.6905
vn -0.2944 -0.6984 -0.6523
vn 0.0075 -0.5729 -0.8196
vn -0.8826 0.2029 -0.4241
vn -0.9250 -0.1699 -0.3399
vn 0.8631 -0.2413 0.4437
vn 0.6785 -0.5945 0.4316
vn 0.8885 -0.1234 0.4419
vn 0.9481 0.1419 0.2844
vn -0.9678 -0.2294 0.1033
vn -0.8145 -0.4832 0.3210
vn 0.3048 -0.7057 -0.6396
vn 0.8104 -0.5349 0.2389
vn 0.6031 -0.7350 0.3099
vn 0.6922 -0.6527 -0.3079
vn -0.8021 -0.4808 0.3543
vn 0.0263 0.0208 -0.9994
vn 0.0722 -0.1384 -0.9877
vn -0.0301 -0.1451 -0.9890
vn -0.6283 -0.3125 -0.7124
vn 0.9952 -0.0694 0.0685
vn 0.9922 -0.1062 0.0647
vn 0.9896 -0.1013 0.1024
vn 0.9957 -0.0472 0.0799
vn -0.8295 0.3859 -0.4038
vn -0.4926 0.7575 -0.4283
vn -0.5831 0.4954 -0.6438
vn 0.9617 -0.0565 0.2681
vn 0.9292 -0.0253 0.3688
vn -0.0961 0.7842 -0.6130
vn 0.7243 0.3199 -0.6108
vn 0.8217 0.2608 -0.5067
vn 0.4983 0.3284 -0.8024
vn 0.7861 0.0987 0.6101
vn 0.7425 0.1245 0.6582
vn 0.7886 0.0606 0.6119
vn 0.8414 0.0239 0.5399
vn 0.7881 -0.1226 0.6032
vn 0.7653 -0.1339 0.6296
vn 0.8835 -0.0010 -0.4684
vn 0.8160 0.5606 0.1412
vn 0.5381 0.8115 0.2278
vn 0.5261 0.8311 0.1802
vn 0.5507 0.8155 0.1779
vn -0.0968 0.4567 -0.8843
vn 0.5585 -0.6904 0.4599
vn 0.5349 -0.7775 0.3308
vn 0.5239 -0.8085 0.2681
vn -0.0617 0.3097 0.9488
vn -0.1156 0.5019 0.8572
vn -0.0052 0.1346 -0.9909
vn 0.8488 -0.0372 -0.5273
vn -0.0008 -0.6445 -0.7646
vn -0.5844 0.2006 -0.7863
vn 0.4889 0.2155 -0.8453
vn -0.9997 0.0052 -0.0248
vn 0.7422 0.5872 -0.3230
vn 0.9283 0.3709 -0.0271
vn 0.4482 0.8726 -0.1944
vn -0.9081 -0.3554 0.2213
vn -0.8935 -0.3304 0.3041
vn -0.8840 -0.3710 0.2843
vn -0.8262 0.3909 0.4056
vn -0.4319 0.8849 -0.1743
vn -0.3560 -0.1211 0.9266
vn -0.2909 -0.2118 0.9330
vn -0.6999 0.3090 0.6439
vn -0.4159 0.2204 0.8823
vn -0.5041 0.0446 0.8625
vn -0.9822 -0.1877 -0.0085
vn 0.7747 0.2373 0.5861
vn 0.6510 0.4003 0.6450
vn 0.0587 -0.3600 0.9311
vn 0.9437 -0.2257 0.2418
vn 0.9544 -0.1959 0.2254
vn 0.8944 0.2543 0.3678
vn 0.7939 0.2021 0.5735
vn 0.9238 0.3263 0.2001
vn -0.9088 -0.0527 -0.4139
vn -0.8927 -0.0165 -0.4504
vn 0.9785 -0.2011 -0.0450
vn 0.9711 -0.2191 0.0951
vn 0.4374 0.0800 0.8957
vn -0.3940 0.5885 -0.7060
vn -0.4446 -0.8861 -0.1312
vn -0.6983 -0.6347 -0.3311
vn -0.3919 -0.8594 -0.3284
vn 0.0096 0.5263 -0.8502
vn -0.9289 -0.3251 0.1775
vn -0.7631 0.0063 0.6463
vn -0.5077 0.0011 0.8615
vn 0.8277 -0.3234 0.4586
vn 0.8366 -0.3259 0.4404
vn 0.7832 -0.1756 0.5964
vn -0.3007 -0.4655 -0.8324
vn 0.2366 -0.8334 0.4994
vn 0.2907 -0.7390 0.6077
vn 0.5018 -0.7337 0.4582
vn 0.5300 -0.6470 0.5482
vn 0.6795 0.0685 -0.7305
vn -0.9868 0.0780 -0.1419
vn -0.9328 0.1402 -0.3320
vn -0.9813 0.1122 -0.1561
vn -0.9045 -0.3340 0.2652
vn -0.8933 -0.1744 0.4143
vn -0.8872 -0.4141 0.2034
vn -0.7008 -0.4909 0.5176
vn -0.9211 -0.3716 0.1160
vn -0.8523 -0.4541 0.2597
vn -0.8180 -0.4849 0.3096
vn -0.8207 -0.4645 0.3327
vn -0.7744 0.3535 -0.5247
vn -0.6762 0.3428 -0.6522
vn -0.7788 0.4209 -0.4651
vn 0.3587 -0.8893 -0.2838
vn -0.9867 0.1447 -0.0735
vn -0.9920 0.1101 -0.0625
vn -0.9989 -0.0078 -0.0456
vn -0.5432 0.3476 0.7643
vn -0.3453 -0.1225 0.9305
vn -0.6684 0.7058 -0.2348
vn -0.3795 0.8992 -0.2177
vn -0.2805 0.9564 -0.0819
vn 0.9518 -0.1441 -0.2707
vn 0.9599 -0.1633 -0.2277
vn -0.9731 0.1704 -0.1553
vn -0.9637 0.2108 -0.1639
vn -0.9990 0.0416 -0.0167
vn -0.9441 -0.2216 0.2441
vn -0.4734 0.2742 -0.8371
vn 0.8219 -0.5524 0.1392
vn -0.5985 -0.7609 -0.2506
vn -0.9413 -0.2139 0.2612
vn -0.9876 0.1156 -0.1062
vn -0.9844 -0.0590 0.1655
vn -0.9595 -0.0304 0.2800
vn -0.4529 0.6829 -0.5732
vn 0.0391 -0.0322 -0.9987
vn 0.4403 0.3369 -0.8322
vn 0.6425 -0.2732 0.7159
vn 0.6192 -0.2581 0.7416
vn 0.6809 0.4606 0.5694
vn -0.9965 0.0805 -0.0205
vn 0.7680 0.1697 -0.6175
vn 0.9346 -0.0353 -0.3539
vn 0.1365 -0.9431 -0.3031
vn 0.5522 -0.8018 -0.2287
vn 0.4289 -0.8886 -0.1628
vn -0.8083 0.5377 -0.2397
vn 0.4390 0.8709 -0.2210
vn 0.3145 0.8936 -0.3202
vn 0.5300 0.5578 0.6387
vn 0.5393 -0.0737 -0.8389
vn 0.4965 -0.0236 -0.8677
vn -0.8062 -0.0102 -0.5916
vn 0.9686 -0.2324 0.0888
vn -0.1088 0.1602 -0.9811
vn 0.5913 0.2179 -0.7765
vn 0.7060 0.2039 -0.6783
vn -0.7627 -0.5337 0.3652
vn -0.6980 0.0356 -0.7153
vn -0.7905 -0.5390 0.2910
vn -0.8719 -0.4385 0.2180
vn -0.7789 -0.5458 0.3088
vn 0.6782 -0.4715 0.5637
vn 0.2436 -0.5097 0.8252
vn 0.9474 -0.1092 -0.3008
vn 0.8272 -0.2030 -0.5240
vn -0.9639 -0.1911 -0.1856
vn -0.0001 0.9945 -0.1051
vn 0.0428 0.9982 -0.0421
vn 0.1991 0.9672 -0.1578
vn 0.9890 -0.1190 -0.0878
vn 0.9820 0.1619 0.0977
vn 0.9778 -0.1685 0.1244
vn 0.5174 0.8523 -0.0767
vn 0.7688 0.6386 0.0331
vn -0.9666 -0.2493 0.0586
vn 0.2986 -0.9252 0.2341
vn 0.2442 0.8157 -0.5244
vn 0.6773 0.6275 -0.3840
vn 0.2771 0.4232 -0.8626
vn 0.3047 0.9516 -0.0402
vn 0.8742 0.2604 -0.4098
vn 0.9458 0.2135 -0.2447
vn 0.9345 0.1507 -0.3225
vn -0.5228 0.3422 -0.7808
vn 0.5443 0.3134 -0.7781
vn 0.6435 0.3259 -0.6925
vn 0.9431 -0.0781 -0.3232
vn 0.5711 0.0121 -0.8208
vn -0.9115 -0.1196 0.3935
vn -0.8638 -0.2306 0.4480
vn 0.7599 0.1413 -0.6345
vn -0.5590 -0.0030 -0.8292
vn 0.7901 0.1534 -0.5935
vn 0.9942 0.1031 0.0306
vn 0.4111 -0.3547 -0.8397
vn 0.6442 -0.4078 -0.6471
vn -0.2332 -0.5122 0.8266
vn -0.8092 -0.2992 0.5057
vn 0.6988 -0.6885 0.1941
vn 0.6715 -0.7346 0.0975
vn 0.6248 -0.7339 0.2664
vn 0.7991 -0.5935 0.0956
vn 0.7387 -0.6531 0.1663
vn -0.8508 -0.5029 -0.1522
vn -0.2453 0.5347 -0.8086
vn -0.3060 0.4833 -0.8202
vn -0.6345 0.1061 0.7656
vn -0.5884 0.1117 0.8008
vn -0.6795 0.1505 0.7181
vn 0.2268 0.2252 0.9475
vn -0.8893 -0.1424 0.4347
vn -0.9083 -0.0500 0.4152
vn -0.9527 -0.0198 0.3032
vn -0.9649 -0.0237 0.2615
vn -0.9555 -0.0851 0.2824
vn 0.9826 -0.0903 -0.1622
vn 0.5008 0.4952 -0.7099
vn 0.4319 0.4353 -0.7899
vn -0.2773 -0.3483 0.8954
vn -0.1248 -0.0257 -0.9919
vn -0.5463 -0.0092 -0.8376
vn 0.9554 0.2158 -0.2015
vn 0.9379 -0.3014 0.1717
vn 0.8755 -0.4014 0.2689
vn 0.8999 -0.3545 0.2541
vn 0.9387 -0.1543 -0.3083
vn 0.9690 -0.2377 0.0669
vn 0.6398 0.4466 -0.6255
vn 0.4738 0.4123 -0.7782
vn 0.2259 -0.5373 0.8126
vn 0.5141 -0.5962 0.6167
vn -0.2489 0.0545 -0.9670
vn 0.3321 -0.3645 -0.8700
vn -0.9696 -0.1632 -0.1825
vn -0.9608 -0.1448 -0.2365
vn -0.9754 -0.1058 -0.1934
vn -0.5323 0.1831 -0.8265
vn -0.0678 -0.2364 -0.9693
vn -0.7841 -0.0003 -0.6206
vn -0.7826 0.0021 -0.6225
vn 0.7471 -0.5508 0.3719
vn 0.7960 -0.4877 0.3585
vn -0.9312 -0.3164 0.1811
vn -0.8857 -0.3887 0.2539
vn -0.9327 -0.3394 0.1218
vn -0.9805 0.1592 0.1155
vn -0.3477 0.9365 -0.0447
vn 0.3211 0.9445 -0.0697
vn -0.9982 -0.0407 0.0447
vn 0.9952 0.0839 0.0513
vn -0.5566 -0.6584 0.5067
vn -0.6167 -0.6399 0.4585
vn -0.6123 -0.7052 0.3575
vn 0.7158 0.0515 -0.6964
vn 0.0100 0.0885 -0.9960
vn 0.7906 -0.1602 -0.5910
vn -0.7165 -0.3753 -0.5880
vn -0.2742 -0.0206 -0.9615
vn -0.3804 -0.2365 -0.8941
vn 0.1228 -0.5434 0.8304
vn 0.3212 -0.3899 0.8630
vn -0.8295 0.1907 0.5249
vn -0.8042 0.5566 0.2085
vn -0.8606 0.2593 0.4384
vn -0.7341 0.2058 -0.6471
vn -0.8777 0.0150 -0.4790
vn -0.9306 0.0022 -0.3660
vn 0.5042 0.3413 -0.7933
vn 0.8148 -0.4443 0.3725
vn 0.8208 -0.1797 -0.5422
vn 0.8554 -0.4324 0.2853
vn -0.0153 0.9633 0.2679
vn -0.2916 0.9188 0.2661
vn 0.2747 0.9130 0.3017
vn 0.6073 -0.4881 0.6269
vn -0.5729 0.0450 0.8184
vn -0.9722 -0.2337 -0.0117
vn -0.2339 -0.9303 0.2824
vn 0.7860 0.4972 0.3674
vn 0.7312 0.5997 0.3252
vn 0.6769 -0.2746 0.6829
vn 0.7790 0.3516 0.5191
vn 0.2924 0.8068 0.5134
vn 0.9122 -0.3178 0.2586
vn -0.4057 0.7858 0.4668
vn 0.9967 0.0132 0.0805
vn -0.8424 -0.1119 0.5271
vn -0.8816 -0.0213 0.4715
vn -0.0370 -0.9829 0.1805
vn 0.6181 -0.6348 0.4636
vn 0.5250 -0.6845 0.5058
vn 0.4386 -0.7715 0.4609
vn 0.6455 -0.6133 0.4552
vn 0.5931 -0.0169 0.8049
vn 0.6559 0.0536 0.7529
vn 0.7457 0.0495 0.6645
vn 0.4261 -0.1735 0.8879
vn -0.2377 -0.3956 0.8871
vn -0.8661 -0.2975 0.4017
vn -0.8233 -0.2481 0.5105
vn 0.8502 -0.0078 -0.5264
vn 0.8536 0.4118 -0.3190
vn -0.8547 -0.0156 0.5190
vn -0.7706 -0.3287 0.5460
vn 0.7914 -0.5521 -0.2624
vn -0.6851 -0.3597 0.6334
vn 0.6645 -0.6461 0.3755
vn 0.6488 -0.7178 0.2528
vn -0.3015 -0.9221 0.2424
vn 0.6199 -0.7083 0.3376
vn -0.0232 -0.0467 0.9986
vn -0.3404 -0.0189 0.9401
vn -0.2276 -0.1193 0.9664
vn 0.9916 -0.0252 -0.1267
vn 0.9807 -0.1536 0.1213
vn 0.8026 0.3918 -0.4498
vn -0.0279 -0.8642 -0.5024
vn -0.2574 -0.9631 -0.0790
vn -0.3238 -0.6418 -0.6951
vn -0.7896 -0.5111 0.3395
vn 0.9620 -0.2327 0.1426
vn 0.9205 -0.2121 0.3281
vn 0.9874 -0.1013 0.1217
vn -0.8708 -0.3430 0.3522
vn -0.8961 -0.1588 0.4144
vn -0.9974 0.0354 0.0627
vn -0.4234 -0.8954 -0.1378
vn 0.2313 0.3263 0.9165
vn 0.4864 -0.7558 0.4384
vn 0.5346 -0.7522 0.3851
vn -0.6153 0.7203 0.3203
vn -0.3009 0.9006 0.3137
vn -0.3927 0.7668 0.5077
vn 0.3610 -0.5942 -0.7188
vn 0.3011 -0.7111 -0.6354
vn 0.3671 -0.6931 -0.6204
vn -0.7084 0.2833 -0.6464
vn -0.8206 0.5660 -0.0788
vn -0.9931 0.1158 -0.0178
vn 0.9785 0.1688 -0.1185
vn 0.1151 -0.0568 -0.9917
vn 0.0790 -0.0519 -0.9955
vn -0.5872 0.3243 -0.7417
vn -0.5037 0.3533 -0.7884
vn 0.6295 0.2332 0.7412
vn -0.9091 -0.3018 0.2872
vn -0.7964 -0.4682 0.3827
vn -0.9856 -0.0942 0.1407
vn 0.6098 -0.6800 0.4071
vn 0.2957 -0.7234 0.6239
vn 0.5591 -0.6571 0.5055
vn 0.7635 0.2144 -0.6092
vn 0.5512 -0.5672 0.6119
vn 0.3825 -0.4290 0.8183
vn 0.4184 -0.4112 0.8099
vn 0.8759 -0.3862 0.2892
vn -0.8445 -0.3992 0.3569
vn 0.2342 -0.3922 0.8896
vn -0.3400 -0.1494 0.9285
vn 0.3964 -0.3196 0.8607
vn 0.4009 0.5906 -0.7003
vn -0.9807 -0.1376 0.1387
vn -0.7567 0.1521 -0.6358
vn -0.7667 0.0316 -0.6412
vn 0.2952 0.6092 0.7360
vn 0.3638 0.4214 0.8307
vn 0.5411 0.3944 0.7428
vn 0.8693 0.4876 -0.0812
vn 0.8731 0.4819 -0.0733
vn 0.8119 0.5614 -0.1602
vn 0.3925 -0.7870 0.4759
vn 0.9934 -0.1135 0.0164
vn 0.9958 -0.0817 -0.0415
vn 0.9867 -0.1018 -0.1265
vn 0.9848 -0.1436 -0.0981
vn 0.9631 -0.0917 -0.2531
vn -0.9781 0.1863 0.0931
vn -0.6931 0.6237 -0.3614
vn -0.2547 0.8028 -0.5391
vn 0.3184 -0.0148 -0.9478
vn 0.7948 -0.2361 -0.5590
vn 0.3083 -0.0920 -0.9468
vn -0.7935 0.2256 -0.5652
vn -0.9957 0.0915 0.0146
vn -0.2478 0.4425 -0.8619
vn -0.2824 0.3479 -0.8940
vn 0.8182 0.5749 0.0045
vn 0.8123 0.5825 -0.0304
vn 0.5015 0.0683 -0.8625
vn -0.6580 -0.2103 -0.7231
vn -0.7082 0.1013 -0.6987
vn 0.0550 0.0538 -0.9970
vn -0.9854 0.1045 0.1344
vn -0.6644 -0.0026 0.7474
vn 0.3230 0.1005 -0.9411
vn -0.8734 0.2474 -0.4196
vn -0.9220 0.1907 -0.3369
vn -0.4580 0.0133 0.8888
vn 0.1218 -0.2124 0.9696
vn 0.2953 -0.5741 0.7637
vn 0.2543 -0.5362 0.8049
vn -0.7675 -0.4615 -0.4450
vn -0.5987 -0.4395 0.6696
vn 0.8156 -0.2920 0.4995
vn 0.7222 -0.3473 0.5982
vn 0.7553 0.4808 0.4453
vn 0.7216 0.6031 0.3400
vn -0.9880 0.0830 0.1303
vn -0.1185 -0.4001 0.9088
vn 0.1552 -0.5010 0.8514
vn -0.1845 0.9823 -0.0325
vn -0.0328 0.9986 -0.0405
vn -0.4866 -0.1714 0.8567
vn 0.4572 -0.3885 0.8000
vn -0.9987 0.0499 -0.0028
vn -0.9958 0.0918 0.0015
vn -0.9867 0.0693 -0.1471
vn -0.9934 0.0971 -0.0606
vn -0.3255 -0.9402 0.1003
vn -0.2279 -0.9051 0.3589
vn -0.9545 -0.0994 -0.2810
vn -0.9459 -0.0913 -0.3115
vn -0.5644 0.0000 -0.8255
vn -0.4301 0.3041 -0.8500
vn -0.4589 0.1614 -0.8737
vn -0.5664 0.2180 -0.7948
vn -0.0201 -0.9622 -0.2716
vn 0.2056 -0.9783 0.0278
vn -0.8317 0.5492 0.0817
vn 0.2192 -0.5169 0.8275
vn 0.2275 -0.8844 -0.4076
vn 0.0748 -0.7986 0.5972
vn -0.1144 -0.6991 0.7058
vn 0.9510 0.3080 -0.0278
vn 0.9099 0.2993 0.2872
vn 0.9189 0.3678 -0.1425
vn 0.8603 0.4667 0.2052
vn -0.0880 -0.6826 0.7255
vn -0.6508 -0.2680 0.7104
vn 0.9666 0.1705 0.1914
vn 0.9769 0.2125 0.0221
vn 0.7745 0.1701 -0.6093
vn 0.6888 0.0072 -0.7249
vn 0.8251 0.2628 -0.5002
vn 0.8645 0.1657 -0.4745
vn 0.5046 -0.6016 0.6193
vn 0.0036 0.2442 -0.9697
vn -0.8803 0.2096 -0.4257
vn 0.9984 0.0495 -0.0266
vn 0.5314 0.2662 0.8042
vn 0.2399 -0.2885 0.9269
vn 0.4275 0.4484 0.7850
vn -0.0110 0.7305 -0.6828
vn -0.0316 0.8506 -0.5248
vn 0.5661 -0.0503 0.8228
vn 0.1277 -0.5030 0.8548
vn 0.2309 -0.5085 0.8295
vn 0.7985 0.1719 0.5769
vn -0.3167 0.6575 -0.6837
vn -0.4051 0.5839 -0.7035
vn -0.0387 0.6462 -0.7622
vn -0.0089 0.5359 -0.8442
vn 0.0295 0.5739 -0.8184
vn 0.7979 0.5636 -0.2136
vn -0.7317 -0.6454 0.2192
vn -0.7487 -0.6613 0.0470
vn -0.7957 -0.5727 0.1974
vn -0.6513 -0.6843 0.3279
vn -0.6748 -0.7303 0.1063
vn -0.3224 -0.9060 0.2743
vn 0.9531 -0.0945 -0.2875
vn -0.3006 -0.6807 0.6681
vn -0.3215 -0.6123 0.7223
vn -0.2687 -0.5937 0.7585
vn 0.7820 -0.1654 0.6009
vn 0.6491 -0.2103 0.7310
vn -0.0514 0.4215 -0.9054
vn 0.5311 -0.1111 0.8400
vn 0.9836 0.1296 0.1252
vn 0.9874 0.1148 0.1088
vn -0.9139 -0.3167 0.2538
vn 0.9824 -0.0673 -0.1742
vn 0.7008 -0.1479 0.6979
vn 0.9834 -0.0326 -0.1783
vn 0.6697 -0.4539 0.5878
vn 0.8096 0.5063 -0.2971
vn -0.0456 0.1365 -0.9896
vn 0.8980 0.4188 0.1349
vn 0.8478 0.5021 0.1707
vn -0.1043 -0.1807 0.9780
vn 0.4746 -0.6738 0.5663
vn 0.9993 -0.0225 -0.0283
vn -0.9257 -0.3236 0.1958
vn -0.9074 -0.3261 0.2649
vn -0.7827 -0.3271 0.5295
vn -0.2211 0.7957 0.5639
vn -0.3300 -0.0507 0.9426
vn -0.4765 -0.0597 0.8771
vn -0.0083 0.2570 -0.9664
vn -0.0614 0.2369 -0.9696
vn -0.9071 -0.1784 0.3812
vn 0.4582 -0.2944 0.8387
vn -0.5649 0.2404 -0.7893
vn -0.9809 0.1789 0.0760
vn -0.9796 0.1795 0.0900
vn -0.8747 -0.1156 -0.4707
vn -0.9112 -0.1486 -0.3843
vn 0.9898 0.1244 -0.0687
vn 0.3771 0.9194 0.1119
vn 0.6718 0.1727 -0.7203
vn 0.9931 0.0755 -0.0895
vn 0.3289 0.2778 0.9026
vn 0.8949 0.0162 0.4460
vn -0.0809 0.1639 -0.9831
vn -0.2227 -0.9129 0.3422
vn 0.0713 -0.9608 0.2678
vn -0.7925 0.3090 -0.5258
vn -0.8024 0.5099 -0.3101
vn -0.7996 0.5418 -0.2591
vn 0.2625 -0.5610 0.7851
vn -0.2427 0.9701 -0.0029
vn 0.9704 -0.0604 -0.2337
vn 0.8845 -0.0554 -0.4633
vn 0.0243 0.1654 -0.9859
vn -0.3075 0.6649 0.6807
vn -0.0641 0.9834 -0.1698
vn 0.1022 0.9728 -0.2077
vn -0.6105 0.5248 -0.5932
vn -0.3650 0.6067 -0.7062
vn 0.6824 0.3472 -0.6433
vn 0.3327 0.9120 -0.2401
vn 0.2293 0.9631 -0.1412
vn 0.2806 -0.6627 -0.6944
vn 0.2530 -0.9649 -0.0712
vn 0.2226 -0.6113 0.7594
vn 0.2141 -0.6052 0.7667
vn 0.3470 -0.2132 0.9133
vn 0.3876 -0.1371 0.9116
vn 0.9249 -0.3501 0.1485
vn 0.9745 0.1295 0.1832
vn 0.8361 -0.3452 0.4263
vn 0.7982 -0.2665 0.5402
vn 0.6298 0.0207 -0.7765
vn -0.6119 -0.7626 0.2099
vn -0.0758 0.2430 -0.9671
vn 0.1502 0.2446 -0.9579
vn -0.4708 0.1585 -0.8679
vn -0.7689 0.3272 0.5493
vn -0.7786 0.6262 0.0399
vn -0.9646 0.2634 -0.0110
vn 0.7111 0.6973 0.0901
vn 0.3428 -0.8848 -0.3158
vn -0.7889 0.5365 0.2996
vn 0.2336 0.4856 -0.8424
vn 0.3960 0.4831 -0.7809
vn 0.2719 0.5532 -0.7874
vn 0.2254 0.5453 -0.8073
vn -0.9889 -0.1444 0.0338
vn -0.9860 -0.1594 0.0486
vn -0.9985 0.0449 0.0301
vn -0.5731 -0.2914 0.7659
vn -0.2773 -0.4239 0.8622
vn -0.5629 -0.3346 0.7558
vn -0.5019 -0.4008 0.7664
vn -0.3765 -0.4489 0.8104
vn -0.9330 0.2005 -0.2989
vn -0.0865 -0.7377 -0.6696
vn 0.6240 -0.1533 0.7662
vn 0.8861 -0.2023 0.4170
vn -0.1633 -0.1007 0.9814
vn -0.5961 -0.1628 0.7862
vn 0.8124 -0.0115 -0.5830
vn 0.8159 -0.1509 -0.5581
vn -0.3568 0.2449 0.9015
vn -0.0344 0.0749 0.9966
vn 0.3897 0.9205 -0.0280
vn 0.3717 0.9107 -0.1800
vn -0.5678 0.2759 0.7755
vn 0.7287 -0.2960 0.6176
vn 0.9257 0.2621 0.2727
vn 0.9721 0.0190 0.2338
vn -0.4724 0.5054 -0.7221
vn -0.9746 -0.0408 -0.2201
vn 0.9673 0.2435 -0.0710
vn -0.5732 0.4276 0.6990
vn -0.4113 0.4483 0.7936
vn -0.2372 0.4914 0.8380
vn -0.9978 -0.0275 -0.0605
vn 0.9666 -0.1729 0.1893
vn 0.2126 -0.3221 -0.9226
vn 0.0741 -0.3822 -0.9211
vn -0.1398 -0.9888 -0.0531
vn 0.0088 -0.9413 -0.3374
vn -0.9753 -0.2186 -0.0315
vn -0.9210 -0.2957 -0.2538
vn -0.6779 -0.1195 0.7254
vn -0.1352 -0.5720 0.8090
vn -0.5635 -0.0752 -0.8227
vn -0.8520 -0.4310 -0.2971
vn -0.9306 -0.2034 0.3043
vn -0.9405 -0.3257 -0.0966
vn 0.3327 0.6667 -0.6669
vn 0.9234 -0.2316 0.3061
vn 0.2231 0.3345 0.9156
vn 0.0727 0.2188 0.9731
vn -0.3673 0.9018 -0.2278
vn -0.3522 0.9310 -0.0961
vn -0.1010 -0.0093 0.9948
vn -0.2887 0.0078 0.9574
vn -0.8178 -0.2548 -0.5160
vn -0.9391 0.2928 0.1799
vn -0.0445 0.3720 -0.9272
vn 0.2790 0.3566 -0.8916
vn -0.8484 -0.1550 0.5062
vn -0.8542 -0.3081 0.4188
vn -0.8681 -0.4481 0.2133
vn 0.3459 -0.6625 0.6644
vn 0.9559 -0.2889 0.0525
vn 0.1447 -0.0335 0.9889
vn 0.1668 -0.2098 0.9634
vn 0.1399 -0.0740 0.9874
vn 0.8473 -0.4380 0.3003
vn 0.8625 -0.3934 0.3183
vn 0.8853 -0.3508 0.3051
vn 0.5196 0.6698 -0.5305
vn 0.3851 0.8538 -0.3504
vn -0.6886 -0.3133 0.6540
vn -0.5121 -0.3659 0.7771
vn 0.7718 0.0241 -0.6354
vn 0.7786 0.0814 -0.6222
vn 0.7344 -0.2105 0.6453
vn 0.0873 -0.5270 0.8454
vn 0.6539 -0.2793 0.7031
vn -0.0804 -0.7301 0.6785
vn 0.5958 -0.0283 -0.8027
vn 0.3087 -0.0448 0.9501
vn 0.6122 -0.1127 -0.7826
vn 0.9470 -0.2406 -0.2127
vn 0.9266 -0.3412 -0.1584
vn 0.1136 -0.6358 0.7634
vn 0.2957 -0.6279 0.7199
vn -0.0141 -0.6638 0.7478
vn -0.8189 0.5739 0.0091
vn 0.6484 -0.0821 0.7568
vn 0.2504 -0.2150 0.9440
vn 0.3907 -0.1543 0.9075
vn -0.8901 0.0278 -0.4549
vn 0.4853 0.1457 -0.8621
vn -0.6941 -0.4040 0.5959
vn -0.1985 0.9774 -0.0719
vn -0.4292 -0.5782 0.6939
vn -0.2682 -0.4736 0.8389
vn 0.8866 -0.1022 -0.4512
vn 0.9088 -0.1089 -0.4028
vn -0.9833 0.1817 -0.0105
vn -0.1694 -0.4884 0.8560
vn 0.6294 0.2860 -0.7225
vn -0.3680 0.9297 0.0155
vn -0.2826 0.9511 -0.1249
vn -0.1952 0.9410 -0.2764
vn 0.6443 0.0001 0.7647
vn 0.8443 -0.4108 -0.3441
vn 0.9667 -0.2448 -0.0741
vn -0.9954 0.0934 -0.0217
vn -0.8050 -0.5588 0.1994
vn -0.5004 -0.4112 0.7619
vn 0.8638 0.2253 -0.4506
vn 0.7891 0.2170 -0.5747
vn -0.0830 0.0422 0.9957
vn 0.8006 0.5191 0.2993
vn 0.9549 0.2587 -0.1455
vn 0.7302 -0.5141 0.4500
vn 0.1534 0.2647 0.9521
vn 0.1078 0.4664 0.8780
vn -0.0458 -0.2437 0.9688
vn -0.2278 0.1915 -0.9547
vn -0.1916 0.2387 -0.9520
vn -0.6521 0.7433 -0.1491
vn 0.0306 -0.2670 -0.9632
vn -0.0499 -0.2419 -0.9690
vn -0.2060 -0.3569 -0.9111
vn -0.6719 -0.0701 -0.7373
vn -0.9886 0.0593 0.1384
vn -0.9819 0.0448 0.1842
vn -0.9815 0.1881 0.0364
vn 0.0686 -0.6085 0.7906
vn 0.9216 0.2138 -0.3238
vn -0.6814 -0.2689 0.6807
vn -0.9436 -0.3310 0.0054
vn 0.7200 -0.1385 0.6800
vn 0.3111 0.9411 -0.1325
vn 0.5027 0.0748 0.8612
vn -0.2568 -0.1804 0.9495
vn 0.7365 0.6029 0.3068
vn 0.4771 0.6988 0.5330
vn -0.0283 -0.3688 0.9291
vn 0.7930 -0.4013 0.4583
vn -0.2310 0.9509 0.2061
vn -0.2273 -0.6352 0.7381
vn 0.8556 0.3583 -0.3735
vn 0.0760 -0.3917 0.9169
vn -0.4474 0.8279 0.3383
vn 0.6621 0.0291 0.7489
vn -0.9937 -0.0969 0.0560
vn -0.9954 -0.0692 0.0664
vn -0.5251 0.2743 -0.8057
vn -0.5701 0.2520 -0.7820
vn -0.5560 0.3117 -0.7705
vn -0.5308 0.3073 -0.7898
vn -0.0681 -0.0598 -0.9959
vn -0.0537 0.1251 -0.9907
vn -0.5154 0.5511 0.6562
vn -0.0405 0.0496 0.9979
vn 0.9450 -0.1976 -0.2608
vn 0.1948 -0.6718 0.7146
vn 0.2822 -0.5449 0.7896
vn 0.5868 0.2712 0.7630
vn -0.5403 0.7713 0.3363
vn -0.5801 0.8121 0.0628
vn 0.6920 -0.6621 0.2877
vn 0.8923 -0.4505 -0.0291
vn 0.7921 0.2588 -0.5529
vn 0.9873 0.1401 -0.0744
vn 0.1980 -0.3395 -0.9195
vn 0.8401 0.4235 -0.3389
vn 0.0904 0.0146 -0.9958
vn -0.0160 -0.0736 -0.9972
vn 0.7702 0.0360 -0.6367
vn -0.0127 -0.0648 -0.9978
vn -0.6661 -0.0109 -0.7458
vn 0.9079 -0.3178 0.2733
vn 0.9296 -0.3011 0.2125
vn 0.9330 -0.1749 -0.3144
vn 0.0603 0.3768 -0.9243
vn 0.7626 0.3090 -0.5683
vn 0.9688 -0.0648 -0.2394
vn 0.9525 -0.1257 -0.2775
vn 0.0623 0.1276 -0.9899
vn -0.1553 -0.2839 0.9462
vn 0.1184 -0.6139 -0.7804
vn -0.3717 0.3036 -0.8773
vn -0.4050 0.5793 0.7074
vn -0.6523 0.3838 0.6536
vn 0.2295 -0.2732 0.9342
vn -0.9972 0.0434 0.0611
vn -0.7407 -0.2194 0.6350
vn -0.2600 -0.6093 -0.7491
vn -0.6920 0.6289 0.3544
vn -0.9055 -0.1849 0.3820
vn -0.9115 -0.0988 0.3993
vn -0.9024 0.0189 0.4305
vn -0.2690 -0.8496 -0.4537
vn 0.1137 0.9187 -0.3782
vn 0.2113 0.6968 -0.6854
vn -0.8321 0.1040 -0.5448
vn 0.9877 0.1371 -0.0754
vn 0.9949 -0.0982 -0.0233
vn 0.6277 -0.4564 0.6307
vn -0.8757 -0.2930 0.3838
vn 0.9270 -0.3538 0.1247
vn -0.3548 0.8406 0.4094
vn -0.3677 0.9139 0.1720
vn 0.1096 -0.9873 -0.1146
vn 0.5063 -0.0257 0.8620
vn -0.8313 0.1844 -0.5243
vn -0.8558 0.0922 -0.5091
vn -0.3880 -0.6151 0.6864
vn 0.8986 -0.2981 0.3220
vn -0.5815 -0.6616 0.4734
vn 0.6859 -0.7251 0.0607
vn 0.3893 -0.7158 -0.5797
vn 0.2910 -0.9173 0.2720
vn 0.1305 -0.8912 0.4344
vn -0.0727 -0.9463 0.3150
vn 0.3258 0.8312 -0.4505
vn 0.8546 -0.1322 0.5022
vn 0.6156 -0.7303 0.2960
vn 0.3025 0.6444 0.7023
vn 0.6579 -0.7352 0.1632
vn -0.8943 -0.3394 0.2915
vn 0.9646 -0.0745 -0.2531
vn 0.2120 0.2619 -0.9415
vn 0.1633 0.2186 -0.9621
vn -0.0092 0.8151 -0.5792
vn -0.0031 0.9920 -0.1262
vn -0.0621 0.2723 -0.9602
vn 0.4796 0.8556 0.1946
vn 0.9886 -0.0091 -0.1503
vn 0.9774 0.0880 -0.1924
vn 0.9176 0.3679 0.1504
vn -0.5755 -0.1040 -0.8111
vn 0.9000 0.1444 -0.4112
vn -0.9501 0.0835 0.3005
vn 0.9578 0.1294 -0.2566
vn 0.8562 -0.2308 0.4622
vn 0.2959 0.7664 -0.5702
vn -0.9072 -0.2797 0.3141
vn 0.2023 -0.4884 0.8488
vn -0.7648 0.4858 -0.4232
vn -0.3105 0.0037 0.9506
vn -0.6036 -0.5926 0.5333
vn -0.1165 0.0313 0.9927
vn -0.8305 0.5533 0.0643
vn 0.6120 -0.5564 0.5621
vn 0.9843 0.1493 -0.0944
vn -0.1481 0.9227 -0.3561
vn 0.0070 0.9292 -0.3695
vn 0.0042 0.9633 -0.2683
vn 0.2144 0.9386 -0.2704
vn 0.2953 0.9407 -0.1668
vn 0.3407 0.9333 -0.1131
vn 0.4405 0.8976 0.0175
vn 0.3815 0.9241 0.0207
vn 0.1875 0.9789 -0.0806
vn -0.6824 -0.4120 0.6038
vn -0.5978 -0.4072 0.6905
vn 0.2022 -0.5930 -0.7794
vn 0.3644 0.9285 -0.0715
vn 0.0319 0.0436 -0.9985
vn -0.0210 -0.9627 0.2699
vn -0.2893 0.9563 -0.0413
vn 0.8109 -0.2998 0.5025
vn 0.9127 -0.0441 -0.4063
vn -0.0266 -0.1372 -0.9902
vn -0.5865 0.2582 -0.7677
vn 0.3580 -0.8662 0.3487
vn -0.5270 -0.7158 0.4580
vn -0.5299 -0.4940 0.6893
vn 0.4500 0.4036 -0.7966
vn -0.3557 0.0410 0.9337
vn -0.9612 -0.0655 -0.2678
vn -0.2316 -0.9728 0.0061
vn 0.3469 0.9369 0.0425
vn 0.1212 0.8554 -0.5036
vn -0.5370 -0.6969 0.4753
vn 0.0410 -0.5521 0.8328
vn -0.0526 -0.4131 0.9092
vn 0.4916 0.1302 0.8610
vn 0.8828 -0.2507 -0.3973
vn 0.3715 0.8744 0.3120
vn 0.3449 -0.5333 0.7724
vn -0.1681 0.4605 -0.8716
vn -0.4172 -0.0300 0.9083
vn 0.4595 0.1851 -0.8687
vn -0.3876 -0.5673 0.7266
vn 0.8618 0.4321 -0.2656
vn -0.4644 -0.6647 0.5852
vn -0.2687 0.4254 -0.8642
vn -0.0531 0.3725 -0.9265
vn -0.0564 0.3209 -0.9454
vn -0.2283 0.7975 -0.5584
vn -0.5408 0.3200 -0.7779
vn 0.4851 0.8744 -0.0053
vn -0.8181 -0.5750 0.0115
vn -0.3846 0.9138 -0.1309
vn -0.7709 -0.5015 0.3928
vn -0.8283 -0.4668 0.3098
vn -0.8063 -0.4703 0.3587
vn -0.6456 0.1283 -0.7528
vn 0.6090 -0.2948 0.7363
vn -0.1836 0.0696 0.9805
vn -0.8050 -0.1228 -0.5804
vn -0.5633 0.3035 -0.7685
vn 0.3779 -0.6125 0.6943
vn 0.5052 -0.5239 0.6858
vn 0.1641 -0.5648 0.8087
vn -0.3727 0.0385 0.9271
vn 0.8415 -0.4569 0.2882
vn -0.8055 0.4892 0.3345
vn 0.4560 0.6260 -0.6326
vn -0.8107 0.5134 -0.2813
vn -0.0519 -0.9488 -0.3115
vn 0.0921 -0.7140 -0.6940
vn -0.9757 0.0025 -0.2190
vn -0.8468 0.0235 -0.5314
vn 0.4976 -0.3216 0.8056
vn -0.8941 0.0046 -0.4479
vn 0.9810 0.1597 0.1103
vn 0.9752 0.1795 0.1292
vn -0.7969 -0.4816 0.3648
vn 0.0185 -0.3101 0.9505
vn 0.8010 0.4483 -0.3968
vn 0.0786 0.9950 -0.0624
vn 0.9906 -0.0239 0.1347
vn 0.9165 -0.1039 0.3862
vn 0.4164 0.1680 -0.8935
vn -0.7368 -0.4207 -0.5293
vn -0.7354 -0.2851 -0.6148
vn -0.7416 -0.0718 -0.6670
vn -0.3338 0.1348 -0.9330
vn -0.4974 0.3670 -0.7861
vn 0.5185 -0.6387 0.5685
vn -0.1680 -0.4920 0.8542
vn 0.4266 0.2616 -0.8658
vn -0.0000 -0.3935 0.9193
vn 0.0373 -0.4311 0.9015
vn 0.9930 0.0910 0.0748
vn -0.9237 -0.1042 0.3686
vn 0.1433 -0.8622 0.4859
vn 0.2946 -0.6653 0.6860
vn 0.6237 0.5791 -0.5251
vn -0.9881 0.1397 -0.0645
vn -0.9980 -0.0566 -0.0297
vn 0.3243 0.9402 0.1043
vn -0.7690 0.0746 -0.6349
vn -0.1502 -0.2937 0.9440
vn -0.7493 -0.2630 0.6077
vn 0.6118 -0.6650 0.4283
vn -0.8433 0.4917 -0.2168
vn 0.0052 0.2056 -0.9786
vn 0.6850 -0.6666 -0.2941
vn 0.3711 -0.2315 -0.8993
vn 0.8581 -0.5110 -0.0504
vn 0.8475 -0.2037 0.4901
vn 0.9585 -0.2658 0.1028
vn -0.9562 -0.1204 -0.2668
vn -0.6426 0.1159 0.7574
vn -0.9937 0.0982 0.0546
vn 0.9432 0.2794 -0.1796
vn 0.3415 -0.7109 0.6148
vn -0.0154 0.0927 -0.9956
vn -0.9992 0.0013 -0.0408
vn -0.9815 0.1077 0.1585
vn -0.1643 -0.0506 0.9851
vn -0.6421 -0.0795 -0.7625
vn -0.9574 -0.0950 -0.2726
vn 0.9642 -0.0585 -0.2586
vn 0.2276 -0.1540 0.9615
vn -0.0853 0.9952 -0.0481
vn -0.2399 0.9694 -0.0516
vn 0.8375 0.1037 -0.5365
vn 0.3019 0.5227 -0.7972
vn -0.2436 -0.6173 -0.7480
vn -0.0276 0.9811 -0.1916
vn 0.4520 -0.7369 0.5026
vn -0.4778 0.5266 -0.7032
vn -0.0074 -0.6858 -0.7277
vn -0.6391 -0.5516 0.5360
vn -0.6497 -0.7597 0.0269
vn -0.5330 -0.8262 0.1828
vn -0.0048 0.0148 0.9999
vn 0.3127 0.1651 0.9354
vn 0.9940 0.0096 0.1092
vn 0.1266 -0.4118 -0.9024
vn 0.3033 -0.1382 -0.9428
vn 0.7683 -0.5669 0.2971
vn -0.6675 -0.2818 -0.6892
vn 0.9106 -0.2297 0.3435
vn 0.9873 -0.0609 0.1467
vn -0.3693 0.4683 -0.8026
vn 0.5472 0.5342 -0.6444
vn 0.9917 0.0956 0.0858
vn -0.7058 -0.3670 0.6059
vn -0.8455 -0.3773 0.3780
vn -0.4369 0.8865 0.1525
vn 0.6115 -0.5430 0.5754
vn 0.5082 0.2605 -0.8209
vn -0.9954 -0.0954 0.0043
vn 0.2371 0.3768 0.8954
vn 0.9970 0.0719 -0.0271
vn 0.4733 0.5315 -0.7025
vn -0.7382 -0.4059 0.5388
vn 0.7346 -0.6095 0.2980
vn -0.9176 -0.1095 -0.3822
vn -0.9913 -0.0909 0.0949
vn -0.8704 0.2066 -0.4469
vn -0.0839 -0.7323 -0.6758
vn 0.1269 -0.9700 0.2074
vn -0.5890 0.0095 0.8081
vn -0.5217 0.8322 0.1880
vn 0.9791 0.2010 -0.0315
vn -0.7130 -0.6062 0.3523
vn 0.2631 0.3476 -0.9000
vn 0.8640 -0.3738 0.3373
vn -0.9381 0.1900 0.2897
vn 0.8347 0.5471 0.0629
vn -0.8382 -0.0883 0.5382
vn 0.1777 -0.0664 0.9818
vn 0.7918 0.5850 0.1758
vn 0.7631 0.3664 -0.5324
vn -0.4082 0.2605 -0.8750
vn -0.2141 0.1644 -0.9629
vn -0.7589 0.6006 0.2518
vn -0.4627 0.7461 -0.4788
vn 0.9980 0.0243 -0.0577
vn 0.3415 0.2270 -0.9120
vn -0.9735 -0.2211 -0.0579
vn 0.9036 -0.0610 0.4239
vn -0.5198 0.0682 -0.8516
vn 0.6516 0.1155 0.7497
vn 0.7702 0.0039 -0.6377
vn 0.2577 0.0797 0.9629
vn 0.0395 -0.6204 -0.7833
vn 0.6449 -0.3410 0.6840
vn -0.5420 -0.6580 0.5228
vn 0.0302 -0.2703 0.9623
vn -0.3642 0.8670 0.3400
vn 0.4056 0.1602 0.8999
vn -0.0596 0.0180 -0.9981
vn 0.8912 0.3886 -0.2339
vn 0.0476 0.4217 -0.9055
vn 0.8100 0.4989 0.3082
vn 0.5896 -0.2311 0.7739
vn -0.9728 -0.0038 0.2315
vn -0.5681 0.5347 -0.6256
vn -0.6148 -0.2211 0.7570
vn -0.7768 0.5994 0.1934
vn 0.0241 0.0805 -0.9965
vn 0.0141 0.9317 -0.3629
vn -0.3156 0.8022 -0.5068
vn 0.3040 0.3204 -0.8972
vn 0.0719 -0.0682 -0.9951
vn 0.9566 0.2880 0.0434
vn -0.3854 0.6570 -0.6479
vn 0.2904 -0.8459 0.4473
vn 0.5025 0.4293 -0.7505
vn 0.7551 0.5368 -0.3763
vn 0.3681 0.6727 -0.6418
vn 0.4939 -0.5011 0.7106
vn 0.1334 -0.7515 -0.6462
vn 0.0060 -0.2883 -0.9575
vn 0.7660 0.5267 0.3686
vn 0.8981 0.1945 -0.3945
vn -0.2597 -0.0473 -0.9645
vn -0.0364 -0.2458 0.9686
vn 0.4409 -0.0344 0.8969
vn 0.9315 0.3142 0.1831
vn -0.4088 0.9113 0.0489
vn -0.1310 -0.7434 -0.6559
vn -0.8897 -0.3749 0.2605
vn -0.5317 -0.5279 0.6623
vn 0.5553 0.3222 -0.7667
vn 0.5073 0.3194 -0.8004
vn -0.2693 -0.5885 0.7624
vn -0.9224 0.2840 -0.2618
vn -0.3039 -0.3367 -0.8913
vn -0.7502 0.2772 -0.6003
vn 0.4798 0.4504 -0.7530
vn 0.6921 0.6326 0.3476
vn -0.9716 -0.0385 -0.2336
vn -0.9185 -0.0260 -0.3945
vn 0.6221 -0.6861 -0.3771
vn -0.9561 0.2908 0.0363
vn -0.7255 0.6707 0.1545
vn -0.6424 0.6948 -0.3234
vn -0.8057 0.4880 -0.3356
vn 0.3913 0.4936 -0.7767
vn 0.1728 0.0578 -0.9833
vn 0.0728 0.4757 -0.8766
vn -0.9822 -0.1573 -0.1029
vn 0.1457 -0.8057 -0.5741
vn -0.6766 0.6456 0.3541
vn 0.2297 0.6494 0.7249
usemtl Horseskull
s 1
f 1//1 2//2 3//3
f 4//4 5//5 6//6
f 7//7 8//8 9//9
f 10//10 11//11 12//12
f 13//13 14//14 15//15
f 16//16 17//17 18//18
f 19//19 18//18 17//17
f 18//20 20//21 21//22
f 18//20 22//23 20//21
f 17//17 16//16 22//23
f 19//19 21//22 20//21
f 19//19 17//17 21//22
f 23//24 24//25 25//26
f 26//27 25//26 24//25
f 22//23 16//16 20//21
f 27//28 23//24 25//26
f 16//16 18//18 28//29
f 29//30 30//31 31//32
f 32//33 33//34 34//35
f 35//36 36//37 37//38
f 38//39 39//40 40//41
f 41//42 42//43 43//44
f 44//45 45//46 46//47
f 47//48 48//49 49//50
f 50//51 51//52 52//53
f 53//54 54//55 55//56
f 56//57 57//58 58//59
f 59//60 60//61 61//62
f 62//63 61//62 60//61
f 61//64 63//65 64//66
f 60//61 59//60 63//65
f 65//67 66//68 67//69
f 65//67 68//70 66//68
f 68//70 67//71 66//68
f 62//63 52//53 61//62
f 62//63 60//61 64//66
f 59//60 69//72 63//65
f 66//73 67//74 70//75
f 66//73 71//76 72//77
f 73//78 74//79 75//80
f 76//81 50//51 77//82
f 50//51 52//53 77//82
f 71//76 66//73 78//83
f 79//84 80//85 81//86
f 77//82 82//87 83//88
f 84//89 85//90 86//91
f 67//74 66//73 87//92
f 71//76 88//93 89//94
f 77//82 90//95 91//96
f 92//97 71//76 89//94
f 91//96 93//98 77//82
f 94//99 92//97 89//94
f 95//100 96//101 97//102
f 96//101 98//103 97//102
f 98//103 96//101 99//104
f 88//93 78//83 89//94
f 71//76 100//105 88//93
f 93//98 90//95 101//106
f 93//98 91//96 90//95
f 71//76 92//97 94//99
f 92//107 78//83 88//93
f 92//107 100//105 78//83
f 102//108 90//95 77//82
f 91//109 102//108 101//106
f 97//110 103//110 104//110
f 97//102 98//103 103//111
f 97//102 103//111 95//100
f 102//108 77//82 52//53
f 93//98 102//108 52//53
f 71//76 78//83 100//105
f 101//106 102//108 93//98
f 98//103 95//100 103//111
f 105//112 106//113 107//114
f 108//115 109//116 110//117
f 111//118 112//119 113//120
f 114//121 115//122 116//123
f 117//124 118//125 119//126
f 120//127 121//128 122//129
f 123//130 124//131 125//132
f 126//133 123//130 125//132
f 127//134 128//135 129//136
f 125//132 124//131 130//137
f 129//136 131//138 127//139
f 129//136 128//135 131//138
f 130//140 125//140 132//140
f 130//141 126//133 125//132
f 133//142 127//134 129//143
f 134//144 127//134 133//142
f 132//145 130//137 124//131
f 129//143 135//146 133//142
f 129//143 127//139 135//146
f 131//138 135//146 127//139
f 126//133 132//145 124//131
f 126//133 130//141 132//145
f 131//138 136//147 137//148
f 138//149 139//150 140//151
f 141//152 142//153 143//154
f 126//133 124//131 144//155
f 145//156 133//142 146//157
f 145//156 134//144 133//142
f 144//158 147//159 148//160
f 144//155 124//131 147//161
f 146//157 135//146 145//162
f 146//157 133//142 135//146
f 147//163 126//133 144//155
f 149//164 145//164 146//164
f 150//165 145//156 149//166
f 150//165 134//144 145//156
f 147//161 124//131 151//167
f 148//160 147//159 151//168
f 145//162 135//146 149//166
f 126//133 147//163 151//167
f 152//169 151//167 124//131
f 149//166 135//146 150//165
f 126//133 151//167 152//169
f 150//165 153//170 154//171
f 155//172 150//165 154//171
f 156//173 150//165 155//172
f 157//174 158//175 159//176
f 157//174 152//169 158//175
f 154//177 155//177 160//177
f 154//171 153//170 155//178
f 159//179 152//169 157//174
f 159//179 126//133 152//169
f 161//180 114//121 162//181
f 163//182 155//172 160//183
f 156//173 155//172 163//182
f 164//184 159//176 158//175
f 157//185 159//176 164//184
f 160//183 153//170 163//182
f 160//183 155//178 153//170
f 159//179 165//186 126//133
f 165//186 157//185 164//184
f 165//186 159//179 157//185
f 166//187 167//188 168//189
f 169//190 170//191 171//192
f 172//193 173//194 174//195
f 169//190 171//192 175//196
f 176//197 177//198 178//199
f 179//200 180//201 181//202
f 182//203 178//204 183//205
f 182//206 176//197 178//199
f 184//207 176//197 182//206
f 185//208 186//209 187//210
f 185//208 164//184 186//209
f 178//199 177//198 182//211
f 188//212 164//184 187//213
f 187//213 164//184 185//208
f 189//214 190//215 191//216
f 192//217 182//203 183//205
f 184//207 182//206 192//218
f 193//219 187//210 186//209
f 185//220 187//220 193//220
f 182//211 177//198 192//221
f 188//212 187//213 193//219
f 194//222 195//223 196//224
f 197//225 198//226 199//227
f 191//228 200//229 195//223
f 201//230 202//231 197//232
f 191//216 203//233 189//214
f 190//215 203//233 191//216
f 204//234 192//235 205//236
f 204//237 184//207 192//218
f 204//237 206//238 184//207
f 186//209 207//239 208//240
f 209//241 186//209 208//240
f 209//241 193//219 186//209
f 192//221 177//198 204//242
f 208//243 193//219 209//241
f 208//243 188//212 193//219
f 202//231 198//226 210//244
f 211//245 194//222 196//224
f 202//231 199//227 198//226
f 211//245 200//229 194//222
f 195//223 200//229 203//233
f 199//227 202//231 201//230
f 201//230 212//246 199//227
f 211//245 189//214 200//229
f 203//233 200//229 189//214
f 213//247 204//234 205//236
f 213//248 206//238 204//237
f 208//240 207//239 214//249
f 209//250 214//250 208//250
f 204//242 177//198 213//248
f 188//212 208//243 214//249
f 213//248 177//198 206//238
f 207//239 188//212 214//249
f 215//251 216//252 217//253
f 218//254 219//255 220//256
f 221//257 222//258 223//259
f 221//257 224//260 222//258
f 225//261 218//254 226//262
f 225//261 227//263 218//254
f 228//264 221//257 229//265
f 229//265 222//258 224//260
f 230//266 225//261 226//262
f 231//267 230//266 227//263
f 232//268 223//259 228//269
f 231//270 218//254 211//245
f 196//224 218//254 231//270
f 223//259 212//246 228//269
f 212//246 232//268 228//269
f 211//245 196//224 231//270
f 212//246 201//230 233//271
f 234//272 235//273 236//274
f 237//275 206//238 177//198
f 223//259 229//265 221//257
f 222//258 229//265 232//268
f 227//263 230//266 218//254
f 229//265 223//259 232//268
f 226//262 211//245 230//266
f 218//254 230//266 211//245
f 202//231 238//276 239//277
f 240//278 206//238 237//275
f 241//279 186//209 242//280
f 241//279 207//239 186//209
f 237//281 240//281 243//281
f 237//275 177//198 240//282
f 242//283 207//239 241//279
f 242//283 244//284 207//239
f 218//254 245//285 219//255
f 246//286 240//286 243//286
f 246//287 206//238 240//278
f 186//209 247//288 242//280
f 241//289 247//289 242//289
f 240//282 177//198 246//287
f 244//284 247//288 248//290
f 244//284 242//283 247//288
f 249//291 223//259 250//292
f 251//293 206//238 246//287
f 247//288 186//209 248//290
f 246//287 177//198 251//293
f 252//294 248//290 186//209
f 253//295 206//238 251//293
f 254//296 255//297 253//295
f 256//298 252//294 257//299
f 256//298 248//290 252//294
f 253//300 254//300 258//300
f 253//295 251//293 254//301
f 257//302 248//290 256//298
f 257//302 244//284 248//290
f 259//303 255//297 254//296
f 252//294 260//304 257//299
f 259//303 258//305 251//293
f 259//303 254//296 258//305
f 260//304 256//306 257//299
f 260//304 244//284 256//306
f 258//305 254//301 251//293
f 244//284 257//302 256//306
f 218//254 261//307 245//285
f 249//291 262//308 263//309
f 264//310 265//311 266//312
f 267//313 268//314 269//315
f 270//316 271//317 272//318
f 265//311 273//319 274//320
f 275//321 276//322 277//323
f 278//324 279//325 280//326
f 281//327 282//328 283//329
f 284//330 285//331 286//332
f 287//333 288//334 289//335
f 290//336 291//337 292//338
f 293//339 294//340 295//341
f 296//342 297//343 298//344
f 299//345 300//346 301//347
f 296//342 302//348 297//343
f 303//349 304//350 305//351
f 306//352 307//353 308//354
f 309//355 310//356 311//357
f 310//358 312//358 313//358
f 310//356 309//355 312//359
f 310//356 312//359 311//357
f 312//359 314//360 311//357
f 312//359 309//355 314//360
f 315//361 316//362 317//363
f 318//364 319//365 320//366
f 309//355 321//367 322//368
f 323//369 324//370 325//371
f 323//369 326//372 324//370
f 327//373 325//371 324//370
f 328//374 323//369 325//371
f 329//375 328//374 325//371
f 327//373 324//370 328//376
f 330//377 309//355 331//378
f 329//375 323//369 328//374
f 326//372 323//369 329//375
f 327//373 328//376 326//372
f 321//379 330//377 331//378
f 321//379 331//378 332//380
f 333//381 327//373 326//372
f 329//375 333//381 326//372
f 334//382 335//382 336//382
f 334//383 333//381 335//384
f 327//373 333//381 334//383
f 337//385 333//381 329//375
f 334//383 335//384 337//385
f 337//385 327//373 334//383
f 335//384 333//381 337//385
f 338//386 337//385 339//387
f 340//388 341//389 342//390
f 343//391 321//379 332//380
f 344//392 321//367 345//393
f 346//394 347//395 348//396
f 346//394 337//385 347//395
f 345//397 321//379 343//391
f 337//385 338//386 347//395
f 338//398 348//396 349//399
f 327//373 346//394 349//399
f 327//373 337//385 346//394
f 350//400 343//391 332//380
f 321//401 350//400 345//393
f 349//399 347//395 327//373
f 349//399 348//396 347//395
f 345//393 350//400 332//380
f 338//386 339//387 347//395
f 351//402 327//373 347//395
f 352//403 345//393 332//380
f 353//404 347//395 339//387
f 354//405 345//393 352//403
f 355//406 339//387 342//390
f 356//407 357//408 358//409
f 359//410 360//411 361//412
f 362//413 363//414 364//415
f 365//416 366//417 367//418
f 368//419 347//395 369//420
f 351//402 347//395 368//419
f 347//395 370//421 369//420
f 347//395 353//404 370//421
f 368//419 369//420 371//422
f 370//423 371//422 372//424
f 351//402 368//419 372//424
f 353//404 369//420 370//421
f 372//424 371//422 369//420
f 351//402 372//424 369//420
f 373//425 374//426 375//427
f 376//428 369//420 377//429
f 351//402 369//420 376//428
f 369//420 378//430 377//429
f 353//404 378//430 369//420
f 354//405 379//431 380//432
f 376//428 377//429 381//433
f 378//434 381//433 382//435
f 351//402 376//428 382//435
f 353//404 377//429 378//430
f 354//405 383//436 379//431
f 382//435 381//433 377//429
f 384//437 385//438 386//439
f 351//402 382//435 377//429
f 351//402 377//429 387//440
f 388//441 389//442 390//443
f 391//444 374//426 392//445
f 387//440 377//429 393//446
f 377//429 353//404 394//447
f 377//429 395//448 393//446
f 396//449 377//429 394//447
f 396//449 395//448 377//429
f 394//450 395//448 397//451
f 387//440 393//446 397//451
f 396//449 394//447 353//404
f 387//440 397//451 398//452
f 380//432 390//443 389//442
f 398//452 396//449 399//453
f 400//454 398//452 399//453
f 387//440 398//452 400//454
f 400//454 399//453 401//455
f 396//456 401//455 402//457
f 387//440 400//454 402//457
f 379//431 390//443 380//432
f 399//453 396//449 353//404
f 399//453 402//457 401//455
f 387//440 402//457 399//453
f 403//458 387//440 399//453
f 355//406 342//390 404//459
f 399//453 353//404 405//460
f 403//458 406//461 407//462
f 403//458 399//453 406//461
f 399//453 405//460 406//461
f 403//458 405//463 408//464
f 406//461 405//460 353//404
f 407//462 406//461 408//464
f 405//463 407//462 408//464
f 409//465 355//406 404//459
f 406//461 355//406 409//465
f 410//466 411//467 412//468
f 413//469 414//470 415//471
f 416//472 408//464 406//461
f 416//472 404//459 417//473
f 416//472 406//461 404//459
f 406//461 409//465 404//459
f 409//474 417//473 418//475
f 408//464 416//472 418//475
f 418//475 417//473 404//459
f 408//464 418//475 404//459
f 419//476 420//477 421//478
f 422//479 423//480 424//481
f 408//464 404//459 425//482
f 426//483 427//484 428//485
f 404//459 427//484 429//486
f 420//487 430//488 431//489
f 427//484 426//483 429//486
f 432//490 433//491 430//488
f 434//492 435//493 436//494
f 429//495 425//495 437//495
f 425//482 437//496 438//497
f 439//498 404//459 429//486
f 429//486 426//483 439//498
f 425//482 404//459 426//483
f 404//459 439//498 426//483
f 438//497 437//496 439//499
f 440//500 441//501 442//502
f 443//503 444//504 445//505
f 428//485 425//482 426//483
f 428//485 439//499 425//482
f 438//497 439//499 428//485
f 430//488 419//476 432//490
f 446//506 447//507 448//508
f 432//490 419//476 449//509
f 432//490 450//510 433//491
f 450//510 451//511 433//491
f 452//512 453//513 454//514
f 455//515 438//497 456//516
f 438//497 428//485 456//516
f 427//484 456//516 428//485
f 457//517 432//490 458//518
f 456//516 440//500 459//519
f 455//515 456//516 460//520
f 459//521 460//521 455//521
f 461//522 459//519 440//500
f 461//522 456//516 459//519
f 462//523 455//515 463//524
f 460//520 456//516 464//525
f 456//516 461//522 464//525
f 461//526 465//527 463//528
f 461//526 460//520 465//527
f 466//529 461//522 440//500
f 466//529 464//525 461//522
f 462//523 463//524 467//530
f 440//500 442//502 466//529
f 460//520 464//525 465//527
f 466//531 468//532 467//533
f 466//531 465//527 468//532
f 464//525 466//529 442//502
f 462//523 467//530 469//534
f 457//517 470//535 450//510
f 471//536 472//537 473//538
f 474//539 475//540 476//541
f 465//527 477//542 468//532
f 465//527 464//525 477//542
f 464//543 478//544 469//534
f 464//543 468//532 478//544
f 450//510 470//535 451//511
f 442//502 477//542 464//525
f 442//502 479//545 477//542
f 462//523 469//534 480//546
f 481//547 479//545 442//502
f 442//502 482//548 481//547
f 468//532 477//542 478//544
f 477//542 479//545 478//544
f 480//546 478//544 483//549
f 480//546 469//534 478//544
f 462//523 480//546 484//550
f 478//544 479//545 483//549
f 481//551 483//549 485//552
f 482//548 479//545 481//547
f 482//548 486//553 479//545
f 462//523 484//550 487//554
f 488//555 470//535 457//517
f 489//556 490//557 491//558
f 483//549 479//545 485//552
f 479//545 492//559 485//552
f 479//545 486//553 492//559
f 462//523 487//554 493//560
f 494//561 495//562 496//563
f 486//564 497//565 493//566
f 486//564 498//567 497//565
f 499//568 486//553 482//548
f 499//568 492//559 486//553
f 462//523 493//560 500//569
f 488//555 501//570 470//535
f 502//571 503//572 504//573
f 498//567 492//559 497//565
f 499//574 505//575 500//569
f 499//574 497//565 505//575
f 482//548 492//559 499//568
f 488//555 451//511 501//570
f 505//575 492//559 482//548
f 497//565 492//559 505//575
f 462//523 500//569 505//575
f 506//576 489//556 491//558
f 458//518 507//577 508//578
f 424//481 509//579 510//580
f 441//501 511//581 505//575
f 441//501 512//582 511//581
f 441//501 513//583 512//582
f 514//584 515//585 516//586
f 517//587 505//575 511//581
f 517//587 511//581 518//588
f 507//577 519//589 508//578
f 511//581 520//590 518//588
f 520//591 517//587 518//588
f 507//577 521//592 519//589
f 519//589 522//593 508//578
f 519//589 521//594 522//593
f 511//581 512//582 520//590
f 518//595 520//595 523//595
f 519//596 524//596 521//596
f 520//590 512//582 525//597
f 525//598 520//598 523//598
f 525//597 517//587 520//591
f 521//592 506//576 524//599
f 521//592 507//577 506//576
f 524//599 522//593 521//594
f 524//599 506//576 522//593
f 512//582 517//587 525//597
f 526//600 527//601 513//583
f 528//602 512//582 529//603
f 530//604 531//605 512//582
f 532//606 533//607 410//466
f 534//608 489//556 535//609
f 535//609 489//556 506//576
f 536//610 537//611 538//612
f 539//613 540//614 541//615
f 542//616 543//617 544//618
f 534//619 545//620 489//621
f 531//605 546//622 547//623
f 534//619 548//624 545//620
f 549//625 550//626 551//627
f 534//619 489//628 548//624
f 550//626 531//605 547//623
f 530//604 552//629 550//626
f 553//630 534//608 554//631
f 534//608 553//630 555//632
f 553//630 556//633 555//632
f 557//634 558//635 559//636
f 560//637 561//638 562//639
f 563//640 561//638 560//637
f 564//641 565//642 566//643
f 565//642 567//644 566//643
f 568//645 569//646 570//647
f 571//648 572//649 573//650
f 574//651 575//652 559//636
f 568//645 576//653 577//654
f 578//655 568//645 577//654
f 579//656 575//652 574//651
f 577//654 576//653 580//657
f 577//654 580//657 578//655
f 577//658 581//658 580//658
f 578//655 580//657 576//653
f 566//643 582//659 564//641
f 583//660 584//661 585//662
f 557//634 559//636 586//663
f 578//655 576//653 587//664
f 587//665 588//665 589//665
f 587//664 564//641 588//666
f 587//664 588//666 578//655
f 564//641 582//659 588//666
f 590//667 588//666 582//659
f 591//668 592//669 593//670
f 591//668 594//671 595//672
f 582//659 596//673 597//674
f 582//659 598//675 590//667
f 582//659 597//674 598//675
f 582//659 566//643 596//673
f 566//676 597//674 599//677
f 590//667 598//675 599//677
f 575//678 584//661 583//660
f 600//679 591//668 595//672
f 595//680 600//680 601//680
f 595//672 592//669 600//679
f 592//669 591//668 600//679
f 595//672 594//671 592//669
f 596//673 599//677 597//674
f 590//667 599//677 596//673
f 566//643 567//644 596//673
f 567//644 602//681 603//682
f 604//683 569//646 605//684
f 596//673 567//644 603//682
f 606//685 607//686 608//687
f 596//673 603//682 609//688
f 596//673 609//688 610//689
f 596//673 610//689 611//690
f 612//691 613//692 575//678
f 567//693 609//688 614//694
f 611//690 610//689 614//694
f 615//695 613//692 612//691
f 605//684 569//646 603//682
f 616//696 617//697 618//698
f 603//682 614//694 609//688
f 611//690 614//694 603//682
f 559//636 615//695 612//691
f 559//636 575//652 615//695
f 605//684 603//682 602//681
f 619//699 620//700 559//636
f 567//644 621//701 602//681
f 559//636 620//700 622//702
f 608//687 607//686 623//703
f 602//681 624//704 625//705
f 602//681 621//701 624//704
f 626//706 625//705 627//707
f 626//706 627//707 628//708
f 626//706 628//708 629//709
f 622//702 630//710 559//636
f 630//710 586//711 559//636
f 629//709 628//708 624//712
f 631//713 630//710 622//702
f 559//714 631//713 586//663
f 625//705 624//704 621//701
f 557//634 632//715 633//716
f 557//634 633//716 634//717
f 635//718 627//707 625//705
f 635//718 624//712 627//707
f 629//709 624//712 635//718
f 586//663 631//713 622//702
f 635//718 625//705 636//719
f 637//720 635//718 636//719
f 629//709 635//718 637//720
f 638//721 622//702 632//722
f 638//721 586//663 622//702
f 625//705 621//701 639//723
f 640//724 641//725 642//726
f 636//719 625//705 643//727
f 625//705 639//723 643//727
f 639//728 636//719 644//729
f 632//722 622//702 645//730
f 646//731 638//731 632//731
f 643//727 644//729 636//719
f 637//720 644//729 643//727
f 647//732 637//720 643//727
f 643//727 639//723 648//733
f 649//734 643//727 650//735
f 647//732 643//727 649//734
f 651//736 632//722 645//730
f 639//723 652//737 648//733
f 639//723 621//701 652//737
f 643//727 648//733 650//735
f 652//738 650//735 653//739
f 647//732 649//734 653//739
f 633//716 651//736 645//730
f 621//701 648//733 652//737
f 645//730 634//717 633//716
f 648//733 653//739 650//735
f 647//732 653//739 648//733
f 604//683 605//684 654//740
f 647//732 648//733 655//741
f 656//742 657//743 658//744
f 648//733 621//701 659//745
f 660//746 659//745 621//701
f 623//703 607//686 661//747
f 662//748 660//746 621//701
f 663//749 664//750 665//751
f 666//752 659//745 667//753
f 666//752 648//733 659//745
f 667//754 648//733 666//752
f 667//754 655//741 648//733
f 634//717 668//755 669//756
f 670//757 669//756 668//758
f 670//757 634//717 669//756
f 671//759 655//741 667//754
f 672//760 668//755 634//717
f 666//761 667//761 673//761
f 669//762 668//762 674//762
f 667//753 659//745 673//763
f 671//759 667//754 673//763
f 672//760 634//717 675//764
f 672//760 674//765 668//755
f 674//765 670//757 668//758
f 674//765 676//766 670//757
f 659//745 660//746 677//767
f 678//768 670//757 676//766
f 679//769 662//748 680//770
f 673//763 681//771 671//759
f 673//763 659//745 681//771
f 674//765 672//760 676//766
f 682//772 659//745 677//767
f 682//772 681//771 659//745
f 655//741 671//759 677//773
f 672//760 675//764 683//774
f 660//746 682//772 677//767
f 684//775 660//746 662//748
f 679//769 684//775 662//748
f 685//776 681//771 682//772
f 685//776 677//773 681//771
f 686//777 676//766 683//774
f 685//776 660//746 687//778
f 685//776 682//772 660//746
f 687//779 677//773 685//776
f 687//779 655//741 677//773
f 683//774 688//780 686//777
f 683//774 675//764 688//780
f 678//768 686//777 688//781
f 678//768 676//766 686//777
f 688//781 689//782 678//768
f 685//783 687//783 690//783
f 686//784 691//784 688//784
f 687//778 660//746 690//785
f 655//741 690//785 692//786
f 655//741 687//779 690//785
f 693//787 675//764 689//788
f 693//787 688//780 675//764
f 693//787 691//789 688//780
f 691//789 689//782 688//781
f 664//750 694//790 665//751
f 690//785 695//791 692//786
f 690//785 660//746 695//791
f 691//789 693//787 689//782
f 696//792 660//746 684//775
f 696//792 695//791 660//746
f 684//793 695//791 697//794
f 655//741 697//794 696//792
f 655//741 692//786 697//794
f 693//795 689//795 698//795
f 696//792 684//775 679//769
f 694//790 655//741 696//792
f 696//792 697//794 695//791
f 679//769 699//796 700//797
f 699//796 665//751 694//790
f 696//792 679//769 701//798
f 701//798 702//799 696//792
f 696//792 702//799 694//790
f 703//800 679//769 700//797
f 703//800 701//798 679//769
f 700//801 703//802 704//803
f 700//804 701//798 703//800
f 702//799 704//803 694//790
f 689//805 705//805 706//805
f 699//796 703//802 700//797
f 699//796 694//790 704//803
f 689//782 705//806 678//768
f 707//807 705//806 689//788
f 705//806 707//807 678//768
f 679//769 680//770 699//796
f 708//808 689//788 675//764
f 709//809 710//810 711//811
f 699//796 704//803 703//802
f 680//770 712//812 699//796
f 713//813 714//814 715//815
f 699//796 712//812 665//751
f 712//812 680//770 716//816
f 712//812 716//816 665//751
f 712//817 717//817 716//817
f 680//770 718//818 716//816
f 716//816 718//818 665//751
f 719//819 720//820 721//821
f 722//822 723//823 724//824
f 680//770 725//825 718//818
f 680//770 726//826 725//825
f 718//818 725//825 727//827
f 725//825 726//826 728//828
f 725//825 728//828 727//827
f 725//829 729//829 728//829
f 728//828 726//826 727//827
f 661//747 730//830 731//831
f 732//832 727//827 726//826
f 726//826 733//833 732//832
f 726//826 734//834 733//833
f 735//835 736//836 737//837
f 732//832 733//833 727//827
f 733//838 738//838 739//838
f 733//833 734//834 738//839
f 733//833 738//839 727//827
f 734//834 740//840 738//839
f 740//840 727//827 738//839
f 715//815 714//814 741//841
f 722//822 724//824 742//842
f 743//843 744//844 745//845
f 746//846 747//847 748//848
f 749//849 750//850 751//851
f 752//852 753//853 754//854
f 755//855 756//856 757//857
f 758//858 759//859 760//860
f 761//861 762//862 763//863
f 764//864 765//865 766//866
f 767//867 768//868 769//869
f 770//870 771//871 772//872
f 763//863 773//873 761//861
f 774//874 775//875 776//876
f 774//874 776//876 777//877
f 778//878 779//879 780//880
f 778//878 781//881 779//879
f 782//882 778//878 780//880
f 783//883 784//884 785//885
f 786//886 783//883 785//885
f 786//886 787//887 783//883
f 788//888 789//889 790//890
f 791//891 789//889 788//888
f 791//891 792//892 789//889
f 784//884 786//893 785//885
f 788//894 792//892 791//891
f 787//887 786//886 785//895
f 791//896 788//888 793//897
f 785//895 794//898 787//887
f 785//895 786//893 794//898
f 784//884 794//898 786//893
f 784//884 787//887 794//898
f 788//894 795//899 792//892
f 795//899 791//896 793//897
f 795//899 788//894 791//896
f 787//887 784//884 796//900
f 793//897 792//892 795//899
f 797//901 798//902 799//903
f 800//904 801//905 802//906
f 803//907 804//908 805//909
f 803//907 806//910 804//908
f 807//911 803//911 808//911
f 807//912 806//910 803//907
f 806//910 807//912 805//909
f 803//907 805//909 807//912
f 809//913 810//914 811//915
f 812//916 813//917 814//918
f 814//919 815//919 813//919
f 812//916 814//918 816//920
f 817//921 816//920 814//918
f 813//917 817//921 814//918
f 813//917 812//916 817//921
f 818//922 819//923 820//924
f 821//925 822//926 823//927
f 824//928 825//929 826//930
f 827//931 828//932 829//933
f 830//934 831//935 832//936
f 833//937 834//938 835//939
f 836//940 837//941 838//942
f 59//60 61//62 52//53
f 839//943 414//470 413//469
f 840//944 841//945 842//946
f 843//947 844//948 775//875
f 845//949 846//950 844//948
f 847//951 848//952 849//953
f 140//151 850//954 851//955
f 852//956 853//957 854//958
f 855//959 856//960 857//961
f 858//962 859//963 860//964
f 861//965 862//966 863//967
f 166//187 864//968 865//969
f 72//77 71//76 866//970
f 867//971 868//972 869//973
f 820//924 870//974 871//975
f 872//976 873//977 874//978
f 875//979 876//980 877//981
f 878//982 879//983 880//984
f 301//347 881//985 882//986
f 883//987 884//988 885//989
f 886//990 887//991 888//992
f 279//325 278//324 889//993
f 284//330 286//332 890//994
f 891//995 892//996 893//997
f 894//998 895//999 896//1000
f 897//1001 898//1002 899//1003
f 900//1004 901//1005 902//1006
f 471//536 903//1007 472//537
f 904//1008 905//1009 906//1010
f 907//1011 908//1012 909//1013
f 910//1014 911//1015 912//1016
f 913//1017 914//1018 915//1019
f 127//134 134//144 128//135
f 261//307 218//254 196//224
f 261//307 203//233 190//215
f 916//1020 917//1021 918//1022
f 919//1023 920//1024 921//1025
f 922//1026 923//1027 924//1028
f 924//1028 925//1029 922//1026
f 926//1030 927//1031 928//1032
f 929//1033 930//1034 931//1035
f 932//1036 933//1037 934//1038
f 935//1039 936//1040 937//1041
f 938//1042 939//1043 940//1044
f 941//1045 942//1046 943//1047
f 944//1048 945//1049 946//1050
f 947//1051 948//1052 949//1053
f 950//1054 905//1009 904//1008
f 951//1055 952//1056 950//1054
f 953//1057 954//1058 955//1059
f 956//1060 957//1061 958//1062
f 176//197 959//1063 177//198
f 960//1064 961//1065 962//1066
f 963//1067 932//1036 964//1068
f 471//536 473//538 964//1068
f 965//1069 867//971 966//1070
f 844//948 846//950 775//875
f 967//1071 968//1072 969//1073
f 970//1074 971//1075 972//1076
f 973//1077 974//1078 975//1079
f 976//1080 169//190 175//196
f 977//1081 978//1082 764//864
f 888//992 887//991 979//1083
f 980//1084 981//1085 982//1086
f 983//1087 984//1088 985//1089
f 986//1090 987//1091 988//1092
f 989//1093 990//1094 991//1095
f 992//1096 993//1097 994//1098
f 995//1099 996//1100 997//1101
f 998//1102 999//1103 1000//1104
f 1001//1105 1002//1106 1003//1107
f 1004//1108 1005//1109 1006//1110
f 1006//1110 1005//1109 1007//1111
f 1008//1112 1009//1113 1010//1114
f 1011//1115 1012//1116 1013//1117
f 1014//1118 1015//1119 1016//1120
f 1014//1118 1017//1121 1018//1122
f 1019//1123 1020//1124 1021//1125
f 1022//1126 1023//1127 1024//1128
f 1025//1129 1026//1130 1027//1131
f 1028//1132 1029//1133 1030//1134
f 1031//1135 1032//1136 1033//1137
f 1032//1136 1034//1138 1033//1137
f 1035//1139 1036//1140 1037//1141
f 1038//1142 1039//1143 1040//1144
f 1041//1145 1042//1146 1043//1147
f 1044//1148 1045//1149 384//437
f 1046//1150 1047//1151 1048//1152
f 1045//1149 1049//1153 1050//1154
f 1051//1155 1052//1156 1053//1157
f 1054//1158 1055//1159 1056//1160
f 1057//1161 1058//1162 1059//1163
f 1015//1119 1060//1164 1061//1165
f 1062//1166 1063//1167 1064//1168
f 286//332 1065//1169 1066//1170
f 1067//1171 1068//1172 1069//1173
f 1070//1174 80//85 1071//1175
f 1072//1176 1073//1177 1074//1178
f 1075//1179 1076//1180 1077//1181
f 1078//1182 1079//1183 1080//1184
f 1081//1185 1082//1186 1083//1187
f 1084//1188 1085//1189 1086//1190
f 1087//1191 1088//1192 1089//1193
f 1090//1194 1091//1195 1092//1196
f 1093//1197 1011//1115 1013//1117
f 1094//1198 1095//1199 1096//1200
f 293//339 1097//1201 294//340
f 1098//1202 1099//1203 1100//1204
f 1101//1205 1102//1206 1103//1207
f 1104//1208 1105//1209 1106//1210
f 1106//1210 1019//1123 1021//1125
f 76//81 1107//1211 1108//1212
f 1109//1213 13//13 1110//1214
f 305//351 304//350 1111//1215
f 366//417 1112//1216 1113//1217
f 1114//1218 1115//1219 1116//1220
f 171//192 1117//1221 175//196
f 1118//1222 1119//1223 1120//1224
f 1121//1225 1122//1226 1063//1167
f 1123//1227 1124//1228 1125//1229
f 495//562 1126//1230 1127//1231
f 1128//1232 1129//1233 1130//1234
f 1131//1235 1132//1236 1133//1237
f 1134//1238 1135//1239 1136//1240
f 1137//1241 1138//1242 1139//1243
f 1140//1244 1141//1245 1142//1246
f 1143//1247 1144//1248 1022//1126
f 1145//1249 1146//1250 1147//1251
f 1148//1252 1149//1253 1150//1254
f 1151//1255 1152//1256 1153//1257
f 1154//1258 926//1030 1155//1259
f 1156//1260 1157//1261 1158//1262
f 1159//1263 1160//1264 1161//1265
f 1162//1266 1163//1267 1164//1268
f 1165//1269 1166//1270 1167//1271
f 89//94 1168//1272 94//99
f 1169//1273 14//14 13//13
f 1170//1274 1171//1275 1172//1276
f 1173//1277 1174//1278 1175//1279
f 1176//1280 1177//1281 1178//1282
f 1176//1280 1178//1282 1179//1283
f 1180//1284 1181//1285 1182//1286
f 1183//1287 1184//1288 1185//1289
f 1186//1290 1187//1291 1188//1292
f 1189//1293 1190//1294 1191//1295
f 1192//1296 1193//1297 1194//1298
f 1195//1299 1196//1300 1192//1296
f 1197//1301 1198//1302 1199//1303
f 1200//1304 1201//1305 1199//1303
f 1202//1306 1203//1307 1204//1308
f 710//810 1205//1309 1206//1310
f 1207//1311 1208//1312 1209//1313
f 1210//1314 1211//1315 1212//1316
f 1213//1317 1214//1318 1215//1319
f 1215//1319 1216//1320 1217//1321
f 1218//1322 1219//1323 1220//1324
f 1221//1325 1222//1326 1223//1327
f 1224//1328 1225//1329 1226//1330
f 1227//1331 1228//1332 1229//1333
f 950//1054 1023//1127 951//1055
f 771//871 759//859 1230//1334
f 843//947 775//875 774//874
f 1231//1335 1232//1336 1233//1337
f 1234//1338 111//118 1235//1339
f 1236//1340 49//50 48//49
f 1237//1341 1238//1342 1239//1343
f 1240//1344 1241//1345 1242//1346
f 1243//1347 1244//1348 1245//1349
f 1246//1350 1247//1351 1248//1352
f 1249//1353 1250//1354 1251//1355
f 1252//1356 1253//1357 1254//1358
f 1255//1359 1256//1360 1257//1361
f 1258//1362 1259//1363 1260//1364
f 1261//1365 1262//1366 1263//1367
f 1264//1368 760//860 759//859
f 1265//1369 1266//1370 1267//1371
f 1268//1372 1269//1373 1270//1374
f 1271//1375 1272//1376 1273//1377
f 1274//1378 1275//1379 1276//1380
f 804//908 806//910 1277//1381
f 1278//1382 1279//1383 1280//1384
f 1281//1385 1282//1386 1283//1387
f 1284//1388 1285//1389 1286//1390
f 1287//1391 1288//1392 1289//1393
f 952//1056 951//1055 1290//1394
f 1291//1395 1292//1396 1293//1397
f 1294//1398 1295//1399 1296//1400
f 1297//1401 1298//1402 1299//1403
f 1300//1404 1301//1405 1302//1406
f 1303//1407 1304//1408 1305//1409
f 26//1410 23//24 27//28
f 27//1411 26//27 24//25
f 1306//1412 822//926 821//925
f 1307//1413 1308//1414 1309//1415
f 1310//1416 1311//1417 219//255
f 1311//1417 220//256 219//255
f 1312//1418 1313//1419 1314//1420
f 1315//1421 1316//1422 1317//1423
f 1318//1424 1319//1425 1320//1426
f 1019//1123 1321//1427 1020//1124
f 1322//1428 882//986 1323//1429
f 1324//1430 1325//1431 1326//1432
f 1327//1433 1328//1434 1329//1435
f 1330//1436 1331//1437 1332//1438
f 1333//1439 1334//1440 1335//1441
f 1336//1442 1337//1443 1338//1444
f 1339//1445 1340//1446 1341//1447
f 1342//1448 1343//1449 1344//1450
f 1345//1451 1346//1452 1347//1453
f 861//965 863//967 1348//1454
f 1192//1296 1349//1455 1193//1297
f 1350//1456 1351//1457 1352//1458
f 1353//1459 1354//1460 1355//1461
f 1356//1462 1357//1463 1358//1464
f 1359//1465 1360//1466 1227//1331
f 1361//1467 1362//1468 1363//1469
f 1364//1470 1365//1471 1366//1472
f 1367//1473 1085//1189 1084//1188
f 1368//1474 1257//1361 1256//1360
f 1369//1475 1370//1476 1371//1477
f 872//976 874//978 938//1042
f 1372//1478 1373//1479 1374//1480
f 1375//1481 1376//1482 1377//1483
f 1378//1484 1379//1485 1380//1486
f 1381//1487 1382//1488 1383//1489
f 1384//1490 1385//1491 1383//1489
f 1386//1492 1387//1493 1008//1112
f 1388//1494 1389//1495 1390//1496
f 1391//1497 1008//1112 1392//1498
f 1389//1495 1393//1499 1394//1500
f 1395//1501 1396//1502 1397//1503
f 1398//1504 1399//1505 1400//1506
f 1401//1507 1402//1508 1403//1509
f 1404//1510 1405//1511 1406//1512
f 1407//1513 1408//1514 1409//1515
f 1410//1516 1411//1517 1412//1518
f 1413//1519 1414//1520 1415//1521
f 1026//1130 1416//1522 1027//1131
f 1417//1523 1418//1524 1419//1525
f 1420//1526 1421//1527 1422//1528
f 1423//1529 1424//1530 1425//1531
f 1426//1532 1427//1533 1428//1534
f 1429//1535 1430//1536 1431//1537
f 1429//1535 1431//1537 1432//1538
f 1422//1528 1421//1527 1433//1539
f 1434//1540 1435//1541 1436//1542
f 1437//1543 1438//1544 1439//1545
f 1440//1546 1441//1547 1442//1548
f 1443//1549 1444//1550 1445//1551
f 538//612 1446//1552 536//610
f 1435//1541 1434//1540 1447//1553
f 1422//1528 1448//1554 1449//1555
f 1450//1556 1180//1284 1182//1286
f 849//953 848//952 1451//1557
f 1452//1558 1453//1559 1454//1560
f 1455//1561 1456//1562 1457//1563
f 1458//1564 1459//1565 1460//1566
f 1461//1567 1462//1568 1463//1569
f 1464//1570 1129//1233 1128//1232
f 1465//1571 293//339 295//341
f 1466//1572 1467//1573 1468//1574
f 1469//1575 7//7 1470//1576
f 56//57 1471//1577 1472//1578
f 1473//1579 1474//1580 1412//1518
f 1475//1581 1476//1582 1477//1583
f 1478//1584 1479//1585 1480//1586
f 1481//1587 41//42 43//44
f 1482//1588 1483//1589 1484//1590
f 1412//1518 1474//1580 1485//1591
f 1486//1592 1487//1593 1488//1594
f 1489//1595 1490//1596 1491//1597
f 1492//1598 1493//1599 1494//1600
f 1495//1601 1496//1602 1497//1603
f 1498//1604 913//1017 915//1019
f 1499//1605 1500//1606 1501//1607
f 1354//1460 1502//1608 1503//1609
f 1504//1610 1505//1611 1352//1458
f 1506//1612 1507//1613 1508//1614
f 1509//1615 1373//1479 1510//1616
f 1511//1617 1512//1618 1513//1619
f 1514//1620 1515//1621 1516//1622
f 1517//1623 1518//1624 1516//1622
f 1519//1625 1520//1626 779//879
f 1521//1627 1522//1628 1523//1629
f 1524//1630 6//6 1525//1631
f 1526//1632 1527//1633 1528//1634
f 1529//1635 1530//1636 1531//1637
f 1519//1625 1532//1638 1533//1639
f 141//152 143//154 1534//1640
f 1057//1161 1166//1270 1535//1641
f 616//696 1536//1642 1537//1643
f 1536//1642 1538//1644 1537//1643
f 1539//1645 1540//1646 1541//1647
f 1542//1648 1543//1649 1544//1650
f 1545//1651 1546//1652 1547//1653
f 1449//1555 1448//1554 1548//1654
f 1028//1132 1549//1655 1029//1133
f 1550//1656 1551//1657 1552//1658
f 1553//1659 1554//1660 1555//1661
f 1556//1662 1557//1663 656//742
f 1558//1664 1559//1665 1560//1666
f 1561//1667 5//5 4//4
f 1437//1543 1562//1668 1563//1669
f 884//988 883//987 265//311
f 1564//1670 1565//1671 1566//1672
f 1567//1673 1568//1674 1569//1675
f 1212//1316 1248//1352 1210//1314
f 1570//1676 1571//1677 1572//1678
f 1573//1679 1574//1680 1575//1681
f 1576//1682 1577//1683 1578//1684
f 1579//1685 1331//1437 1330//1436
f 1580//1686 1259//1363 1581//1687
f 1582//1688 1583//1689 1584//1690
f 320//366 446//506 448//508
f 1585//1691 1586//1692 1210//1314
f 1210//1314 1248//1352 1587//1693
f 1588//1694 1589//1695 1032//1136
f 1590//1696 1591//1697 1592//1698
f 1345//1451 1347//1453 1593//1699
f 1594//1700 1595//1701 1596//1702
f 1597//1703 1598//1704 1599//1705
f 1597//1703 1600//1706 1598//1704
f 1449//1555 1601//1707 1422//1528
f 1602//1708 1603//1709 995//1099
f 1604//1710 1605//1711 1476//1582
f 1604//1710 1606//1712 1605//1711
f 1607//1713 1608//1714 1609//1715
f 1610//1716 1611//1717 1608//1714
f 1200//1304 1199//1303 1612//1718
f 1613//1719 1200//1304 1612//1718
f 937//1041 936//1040 1614//1720
f 1615//1721 1616//1722 1617//1723
f 1618//1724 1619//1725 1620//1726
f 1621//1727 1622//1728 1623//1729
f 1455//1561 1457//1563 1624//1730
f 1625//1731 1626//1732 1627//1733
f 1628//1734 1629//1735 1630//1736
f 1631//1737 1632//1738 1148//1252
f 1633//1739 1634//1740 1635//1741
f 1636//1742 1637//1743 1638//1744
f 1639//1745 1640//1746 1641//1747
f 1642//1748 1643//1749 1644//1750
f 1645//1751 1405//1511 1646//1752
f 1647//1753 1648//1754 1145//1249
f 1649//1755 35//36 37//38
f 1650//1756 1651//1757 1652//1758
f 1653//1759 1654//1760 1655//1761
f 1656//1762 1657//1763 1654//1760
f 1658//1764 1659//1765 1660//1766
f 1661//1767 1660//1766 1662//1768
f 84//89 1663//1769 1664//1770
f 1665//1771 1666//1772 33//34
f 1667//1773 1668//1774 1669//1775
f 302//348 1670//1776 297//343
f 1671//1777 1672//1778 1673//1779
f 1674//1780 1675//1781 1676//1782
f 1408//1514 1407//1513 1677//1783
f 1678//1784 1679//1785 1680//1786
f 215//251 1681//1787 1682//1788
f 115//122 1683//1789 1684//1790
f 1685//1791 1686//1792 1687//1793
f 1688//1794 1689//1795 1690//1796
f 1691//1797 1692//1798 1693//1799
f 1388//1494 1393//1499 1389//1495
f 1001//1105 1694//1800 1002//1106
f 1695//1801 1696//1802 1697//1803
f 1698//1804 1699//1805 1356//1462
f 1700//1806 1701//1807 1702//1808
f 879//983 1703//1809 880//984
f 1704//1810 1705//1811 1706//1812
f 1707//1813 1708//1814 1709//1815
f 779//879 1520//1626 1710//1816
f 1711//1817 1712//1818 1713//1819
f 1714//1820 1715//1821 1716//1822
f 1717//1823 1718//1824 1719//1825
f 1720//1826 945//1049 944//1048
f 1721//1827 1722//1828 1723//1829
f 1724//1830 1725//1831 1726//1832
f 1727//1833 1728//1834 787//887
f 1707//1813 1710//1816 1729//1835
f 1730//1836 1731//1837 1732//1838
f 1655//1761 1730//1836 1732//1838
f 1733//1839 1734//1840 1735//1841
f 1736//1842 1737//1843 968//1072
f 1738//1844 746//846 1739//1845
f 1740//1846 1741//1847 1742//1848
f 1743//1849 1744//1850 1745//1851
f 1746//1852 776//876 1747//1853
f 1748//1854 1749//1855 1750//1856
f 1751//1857 1752//1858 1753//1859
f 1007//1111 1754//1860 1755//1861
f 1007//1111 1755//1861 1756//1862
f 1757//1863 1758//1864 1759//1865
f 1473//1579 1760//1866 1761//1867
f 1762//1868 1763//1869 1764//1870
f 1765//1871 1766//1872 1767//1873
f 1768//1874 1473//1579 1412//1518
f 1757//1863 1769//1875 1770//1876
f 1771//1877 1772//1878 1773//1879
f 1772//1878 910//1014 1774//1880
f 1775//1881 1776//1882 1777//1883
f 1777//1883 1778//1884 1779//1885
f 1780//1886 1102//1206 1101//1205
f 1781//1887 1188//1292 1782//1888
f 1783//1889 1784//1890 1785//1891
f 1786//1892 1787//1893 1788//1894
f 1789//1895 1790//1896 1791//1897
f 1324//1430 1326//1432 1792//1898
f 1793//1899 1794//1900 1795//1901
f 1526//1632 1528//1634 1796//1902
f 1797//1903 1798//1904 1799//1905
f 1800//1906 1801//1907 1802//1908
f 16//16 28//29 1803//1909
f 1804//1910 1805//1911 1806//1912
f 1788//1894 1807//1913 1808//1914
f 1809//1915 750//850 1810//1916
f 1811//1917 495//562 1127//1231
f 474//539 1812//1918 475//540
f 1471//1577 1813//1919 1472//1578
f 58//59 1487//1593 1486//1592
f 1814//1920 1815//1921 1816//1922
f 1817//1923 887//991 1815//1921
f 281//327 283//329 1818//1924
f 1819//1925 1820//1926 1821//1927
f 1822//1928 1823//1929 1824//1930
f 1825//1931 1823//1929 1822//1928
f 919//1023 1826//1932 1827//1933
f 1828//1934 1829//1935 1830//1936
f 1831//1937 1168//1272 89//94
f 1831//1937 89//94 70//75
f 1238//1342 1832//1938 1239//1343
f 1833//1939 1834//1940 1067//1171
f 1187//1291 1835//1941 1836//1942
f 1837//1943 1838//1944 1839//1945
f 1840//1946 1841//1947 1842//1948
f 1843//1949 1844//1950 1845//1951
f 1846//1952 1847//1953 1848//1954
f 1849//1955 1850//1956 1851//1957
f 1852//1958 1853//1959 1854//1960
f 1855//1961 1856//1962 1857//1963
f 1858//1964 1859//1965 1860//1966
f 1861//1967 1674//1780 1862//1968
f 1863//1969 1864//1970 1865//1971
f 1866//1972 1867//1973 1868//1974
f 1869//1975 1870//1976 1871//1977
f 1872//1978 1873//1979 1874//1980
f 1333//1439 1335//1441 1875//1981
f 1876//1982 1877//1983 1878//1984
f 1469//1575 1879//1985 1880//1986
f 1804//1910 1806//1912 1881//1987
f 1882//1988 1883//1989 1884//1990
f 1885//1991 1886//1992 1887//1993
f 1647//1753 1888//1994 1648//1754
f 1889//1995 1631//1737 1890//1996
f 1891//1997 1892//1998 1893//1999
f 1894//2000 1895//2001 1896//2002
f 1897//2003 1898//2004 1899//2005
f 1900//2006 1898//2004 1897//2003
f 1901//2007 503//572 502//571
f 1902//2008 939//1043 938//1042
f 1903//2009 1904//2010 1905//2011
f 1906//2012 1907//2013 1908//2014
f 1909//2015 1910//2016 1911//2017
f 1134//1238 1136//1240 1912//2018
f 1913//2019 1914//2020 1915//2021
f 1914//2020 1913//2019 1916//2022
f 1917//2023 1918//2024 1919//2025
f 1920//2026 1921//2027 1922//2028
f 1923//2029 1924//2030 1925//2031
f 1926//2032 1927//2033 1928//2034
f 905//1009 1929//2035 1930//2036
f 1931//2037 1932//2038 1933//2039
f 1925//2031 1924//2030 1934//2040
f 1935//2041 1936//2042 1937//2043
f 1938//2044 1939//2045 1940//2046
f 1941//2047 1942//2048 1943//2049
f 1944//2050 1945//2051 1946//2052
f 984//1088 1947//2053 985//1089
f 1394//1500 1690//1796 1689//1795
f 1010//1114 1394//1500 1008//1112
f 555//632 556//633 1948//2054
f 1949//2055 1950//2056 1951//2057
f 757//857 756//856 1952//2058
f 757//857 1952//2058 1953//2059
f 1954//2060 1955//2061 1956//2062
f 1957//2063 1958//2064 1959//2065
f 1960//2066 1961//2067 1962//2068
f 869//973 868//972 1963//2069
f 934//1038 933//1037 1964//2070
f 1913//2019 1965//2071 1916//2022
f 217//253 216//252 1840//1946
f 1845//1951 1966//2072 217//253
f 1967//2073 1968//2074 1969//2075
f 1970//2076 1967//2073 1969//2075
f 1971//2077 1972//2078 1973//2079
f 1974//2080 1975//2081 1976//2082
f 1977//2083 909//1013 908//1012
f 1978//2084 1979//2085 1980//2086
f 1981//2087 1982//2088 1983//2089
f 1103//1207 1984//2090 1101//1205
f 993//1097 1985//2091 994//1098
f 1986//2092 1987//2093 1988//2094
f 1989//2095 1990//2096 1391//1497
f 1991//2097 1989//2095 1992//2098
f 1993//2099 1994//2100 1995//2101
f 1996//2102 1997//2103 1998//2104
f 1999//2105 2000//2106 2001//2107
f 2002//2108 2003//2109 2004//2110
f 2005//2111 2006//2112 2007//2113
f 2008//2114 2009//2115 2010//2116
f 2011//2117 1646//1752 2012//2118
f 2013//2119 2014//2120 1548//1654
f 2015//2121 2016//2122 2017//2123
f 2018//2124 2019//2125 2020//2126
f 2021//2127 1713//1819 1712//1818
f 2022//2128 2023//2129 2024//2130
f 2025//2131 2026//2132 2027//2133
f 2028//2134 2029//2135 2027//2133
f 2030//2136 2031//2137 1613//1719
f 2032//2138 2033//2139 922//1026
f 2034//2140 2035//2141 2036//2142
f 2037//2143 2038//2144 2039//2145
f 2040//2146 1307//1413 2041//2147
f 1422//1528 2042//2148 2043//2149
f 2044//2150 2045//2151 2046//2152
f 2047//2153 2048//2154 2049//2155
f 1699//1805 1357//1463 1356//1462
f 1140//1244 1357//1463 1699//1805
f 1326//1432 2050//2156 1792//1898
f 853//957 2051//2157 854//958
f 2052//2158 2053//2159 2054//2160
f 2055//2161 2056//2162 2057//2163
f 2058//2164 1748//1854 2059//2165
f 2060//2166 1072//1176 1074//1178
f 2061//2167 823//927 2062//2168
f 2063//2169 2064//2170 2065//2171
f 2066//2172 2067//2173 1671//1777
f 2068//2174 2067//2173 2069//2175
f 2070//2176 2071//2177 2072//2178
f 2073//2179 2074//2180 2075//2181
f 782//882 787//887 796//900
f 1247//1351 2076//2182 1572//1678
f 2077//2183 2078//2184 2079//2185
f 2080//2186 1008//1112 1387//1493
f 1452//1558 1454//1560 2081//2187
f 2082//2188 1852//1958 1854//1960
f 2083//2189 1568//1674 1567//1673
f 2084//2190 2083//2189 2085//2191
f 2086//2192 2087//2193 2088//2194
f 2089//2195 2090//2196 2091//2197
f 2092//2198 2093//2199 2094//2200
f 2095//2201 2096//2202 2097//2203
f 1488//1594 1487//1593 2098//2204
f 2099//2205 2100//2206 2101//2207
f 2102//2208 2103//2209 1287//1391
f 2102//2208 2104//2210 2103//2209
f 2105//2211 1833//1939 1067//1171
f 2106//2212 2107//2213 2108//2214
f 2109//2215 2110//2216 1824//1930
f 1824//1930 1823//1929 2109//2215
f 2111//2217 994//1098 1985//2091
f 1402//1508 2112//2218 1406//1512
f 784//884 2113//2219 796//900
f 783//883 2113//2219 784//884
f 1265//1369 2114//2220 1266//1370
f 1110//1214 13//13 15//15
f 2115//2221 2116//2222 2117//2223
f 2118//2224 2119//2225 2120//2226
f 2121//2227 2122//2228 2123//2229
f 2124//2230 2125//2231 2126//2232
f 2127//2233 2128//2234 2129//2235
f 2130//2236 2131//2237 2132//2238
f 1420//1526 995//1099 2133//2239
f 2133//2239 2134//2240 2135//2241
f 1657//1763 2136//2242 2137//2243
f 1164//1268 1163//1267 2137//2243
f 2138//2244 1543//1649 825//929
f 2139//2245 2140//2246 2141//2247
f 2142//2248 2143//2249 2144//2250
f 1067//1171 2145//2251 1068//1172
f 573//650 572//649 2146//2252
f 563//640 560//637 2147//2253
f 2148//2254 2149//2255 2150//2256
f 2151//2257 2152//2258 2149//2255
f 2153//2259 1877//1983 2154//2260
f 2155//2261 2156//2262 2157//2263
f 19//19 28//29 18//18
f 2158//2264 1408//1514 2159//2265
f 363//414 2160//2266 364//415
f 364//415 1802//1908 1801//1907
f 959//1063 961//1065 960//1064
f 2161//2267 2162//2268 137//148
f 72//77 2163//2269 2164//2270
f 2165//2271 2166//2272 2167//2273
f 1597//1703 1499//1605 2168//2274
f 2169//2275 2170//2276 2168//2274
f 2171//2277 2172//2278 2173//2279
f 2174//2280 2175//2281 2176//2282
f 2177//2283 749//849 751//851
f 1344//1450 2178//2284 2179//2285
f 2180//2286 2181//2287 2182//2288
f 2180//2286 2183//2289 2181//2287
f 2184//2290 105//112 2185//2291
f 2186//2292 43//44 2187//2293
f 2188//2294 2189//2295 2190//2296
f 1219//1323 2191//2297 1220//1324
f 391//444 1996//2102 1998//2104
f 1660//1766 1659//1765 2192//2298
f 2193//2299 1047//1151 1046//1150
f 2194//2300 2195//2301 2196//2302
f 2197//2303 2198//2304 2199//2305
f 2200//2306 2201//2307 2202//2308
f 2203//2309 2204//2310 2205//2311
f 2206//2312 772//872 2207//2313
f 2208//2314 2209//2315 2210//2316
f 2211//2317 1366//1472 2212//2318
f 2213//2319 1777//1883 1776//1882
f 2214//2320 1904//2010 2215//2321
f 2216//2322 307//353 306//352
f 940//1044 2217//2323 2218//2324
f 2219//2325 2220//2326 2221//2327
f 2222//2328 2223//2329 2224//2330
f 2225//2331 2226//2332 2227//2333
f 2228//2334 2229//2335 2230//2336
f 2231//2337 2232//2338 2233//2339
f 2234//2340 1562//1668 2233//2339
f 2235//2341 2236//2342 2237//2343
f 1876//1982 2238//2344 1403//1509
f 2239//2345 801//905 2240//2346
f 2241//2347 2242//2348 2243//2349
f 2244//2350 2245//2351 2246//2352
f 1157//1261 1413//1519 1415//1521
f 2247//2353 1886//1992 2248//2354
f 2249//2355 1369//1475 1371//1477
f 388//441 2250//2356 389//442
f 2251//2357 2252//2358 2253//2359
f 1723//1829 2254//2360 2255//2361
f 731//831 730//830 2256//2362
f 2257//2363 1251//1355 1250//1354
f 410//466 533//607 411//467
f 2258//2364 2259//2365 34//35
f 2260//2366 2261//2367 2262//2368
f 481//551 485//552 484//550
f 2263//2369 2264//2370 2265//2371
f 2266//2372 2267//2373 291//337
f 1715//1821 25//26 26//27
f 2268//2374 1666//1772 1665//1771
f 1155//1259 2269//2375 1154//1258
f 2270//2376 2271//2377 2272//2378
f 2273//2379 2274//2380 2275//2381
f 2276//2382 2275//2381 2277//2383
f 2198//2304 2278//2384 2199//2305
f 2279//2385 2201//2307 2280//2386
f 2281//2387 1589//1695 1588//1694
f 275//321 2282//2388 2283//2389
f 2284//2390 2285//2391 2286//2392
f 2287//2393 2288//2394 415//471
f 2289//2395 2198//2304 2290//2396
f 2291//2397 2179//2285 2292//2398
f 2293//2399 2294//2400 1909//2015
f 2295//2401 2296//2402 1135//1239
f 2297//2403 2298//2404 2299//2405
f 2300//2406 1122//1226 1121//1225
f 1578//1684 2301//2407 2302//2408
f 2303//2409 2304//2410 1899//2005
f 2305//2411 2306//2412 2307//2413
f 1831//1937 2308//2414 2309//2415
f 2310//2416 2311//2417 2312//2418
f 2313//2419 2314//2420 2315//2421
f 2316//2422 2317//2423 2318//2424
f 2319//2425 841//945 840//944
f 2320//2426 2321//2427 2322//2428
f 2323//2429 2324//2430 2325//2431
f 2223//2329 2222//2328 2326//2432
f 2327//2433 2328//2434 2329//2435
f 2330//2436 2331//2437 2332//2438
f 2332//2438 2331//2437 2333//2439
f 1973//2079 2334//2440 1971//2077
f 2117//2223 244//284 2335//2441
f 2336//2442 2337//2443 2338//2444
f 830//934 832//936 2339//2445
f 2340//2446 2341//2447 2342//2448
f 2342//2448 2341//2447 1597//1703
f 2343//2449 1918//2024 1917//2023
f 2344//2450 2345//2451 2346//2452
f 2347//2453 2348//2454 2349//2455
f 2212//2318 2350//2456 2349//2455
f 876//980 2351//2457 877//981
f 2352//2458 2353//2459 2354//2460
f 2355//2461 2356//2462 2269//2375
f 928//1032 927//1031 2357//2463
f 2194//2300 2358//2464 2195//2301
f 2359//2465 2279//2385 2360//2466
f 2361//2467 1316//1422 1315//1421
f 2262//2368 2261//2367 2362//2468
f 1809//1915 2363//2469 2364//2470
f 2364//2470 2365//2471 2366//2472
f 2367//2473 1959//2065 1958//2064
f 1705//1811 1704//1810 2368//2474
f 2369//2475 2370//2476 2371//2477
f 2372//2478 2077//2183 2080//2186
f 1081//1185 1083//1187 2373//2479
f 309//355 311//357 2374//2480
f 2015//2121 2017//2123 2375//2481
f 1960//2066 2376//2482 2377//2483
f 2378//2484 2379//2485 2380//2486
f 2381//2487 713//813 2382//2488
f 989//1093 2383//2489 2384//2490
f 2385//2491 989//1093 2384//2490
f 979//1083 887//991 977//1081
f 2386//2492 2313//2419 2315//2421
f 2387//2493 2388//2494 2389//2495
f 2387//2493 2389//2495 2390//2496
f 288//334 287//333 2391//2497
f 2392//2498 2393//2499 2394//2500
f 485//552 492//559 498//567
f 487//554 484//550 485//552
f 2395//2501 2093//2199 2092//2198
f 2396//2502 51//52 2397//2503
f 181//202 2398//2504 172//193
f 2399//2505 2400//2506 2401//2507
f 1487//1593 2402//2508 2403//2509
f 2404//2510 2405//2511 2406//2512
f 2407//2513 2408//2514 2013//2119
f 2409//2515 2410//2516 2411//2517
f 1847//1953 2412//2518 2413//2519
f 2414//2520 2057//2163 2415//2521
f 2416//2522 1358//1464 2417//2523
f 2418//2524 2419//2525 2420//2526
f 2034//2140 2421//2527 2035//2141
f 2052//2158 2054//2160 2422//2528
f 2423//2529 2377//2483 2376//2482
f 2375//2481 2376//2482 2424//2530
f 385//438 2425//2531 2426//2532
f 2427//2533 2263//2369 2265//2371
f 301//347 300//346 881//985
f 2127//2233 2428//2534 2128//2234
f 2429//2535 262//308 249//291
f 2401//2507 2430//2536 2399//2505
f 2431//2537 2432//2538 2423//2529
f 2433//2539 2411//2517 2434//2540
f 2435//2541 2436//2542 987//1091
f 2191//2297 987//1091 2436//2542
f 1054//1158 2437//2543 1055//1159
f 2438//2544 2143//2249 2142//2248
f 2439//2545 2440//2546 2441//2547
f 2442//2548 1505//1611 1504//1610
f 2442//2548 1504//1610 2443//2549
f 1349//1455 1351//1457 2444//2550
f 2445//2551 2432//2538 2446//2552
f 1961//2067 2447//2553 1962//2068
f 2155//2261 2448//2554 2449//2555
f 2450//2556 2448//2554 2155//2261
f 2451//2557 2452//2558 2453//2559
f 2454//2560 2455//2561 2456//2562
f 2457//2563 540//614 539//613
f 1443//1549 2458//2564 1444//1550
f 2459//2565 1565//1671 2460//2566
f 2461//2567 2462//2568 128//135
f 2463//2569 1410//1516 1412//1518
f 2464//2570 2465//2571 2466//2572
f 2467//2573 2468//2574 2469//2575
f 2470//2576 2471//2577 2472//2578
f 2473//2579 2474//2580 2475//2581
f 2474//2580 2473//2579 2476//2582
f 709//809 711//811 2477//2583
f 2477//2583 2478//2584 2479//2585
f 1269//1373 1268//1372 2480//2586
f 51//52 50//51 2481//2587
f 2482//2588 887//991 1817//1923
f 2483//2589 2484//2590 2485//2591
f 2486//2592 2487//2593 2488//2594
f 2489//2595 2490//2596 2491//2597
f 1520//1626 2492//2598 1710//1816
f 2493//2599 2494//2600 1554//1660
f 2495//2601 2496//2602 1560//1666
f 2497//2603 2498//2604 1711//1817
f 2499//2605 1014//1118 1018//1122
f 2499//2605 2500//2606 1606//1712
f 2501//2607 746//846 1738//1844
f 2502//2608 1431//1537 1430//1536
f 1592//1698 2503//2609 2281//2387
f 2504//2610 2505//2611 2506//2612
f 2507//2613 455//515 462//523
f 510//580 509//579 2508//2614
f 1183//1287 1185//1289 2509//2615
f 1400//1506 2510//2616 2511//2617
f 2512//2618 8//8 7//7
f 2513//2619 2514//2620 2515//2621
f 2516//2622 2517//2623 2518//2624
f 2519//2625 2520//2626 1098//1202
f 1725//1831 1724//1830 2521//2627
f 2381//2487 2522//2628 2523//2629
f 2524//2630 2525//2631 2526//2632
f 2104//2210 2527//2633 2526//2632
f 2528//2634 2529//2635 2530//2636
f 2528//2634 1249//1353 2529//2635
f 2531//2637 2532//2638 2533//2639
f 2534//2640 1372//1478 1374//1480
f 2277//2383 2535//2641 2536//2642
f 2537//2643 2538//2644 2539//2645
f 2540//2646 2541//2647 2542//2648
f 2542//2648 2543//2649 2544//2650
f 2545//2651 2546//2652 2547//2653
f 1648//1754 2548//2654 2549//2655
f 1953//2059 2550//2656 757//857
f 2550//2656 1953//2059 2551//2657
f 255//297 206//238 253//295
f 255//297 184//207 206//238
f 1276//1380 2552//2658 1274//1378
f 2553//2659 110//117 2554//2660
f 2555//2661 833//937 2556//2662
f 2512//2618 2557//2663 2558//2664
f 2559//2665 1012//1116 2560//2666
f 1527//1633 2561//2667 2562//2668
f 2563//2669 2564//2670 2540//2646
f 2565//2671 2566//2672 2567//2673
f 2549//2655 2548//2654 2568//2674
f 2019//2125 2569//2675 2549//2655
f 2570//2676 2571//2677 2572//2678
f 360//411 2573//2679 361//412
f 2574//2680 2575//2681 2576//2682
f 2577//2683 2576//2682 2578//2684
f 2579//2685 2546//2652 2580//2686
f 2568//2674 2581//2687 2582//2688
f 2583//2689 2584//2690 1714//1820
f 2585//2691 2586//2692 2587//2693
f 2588//2694 2589//2695 2590//2696
f 2591//2697 2581//2687 2592//2698
f 2593//2699 2594//2700 2492//2598
f 2595//2701 2594//2700 1742//1848
f 2596//2702 2597//2703 2598//2704
f 2598//2704 2599//2705 2600//2706
f 1033//1137 2601//2707 1031//1135
f 838//942 2602//2708 836//940
f 2603//2709 2604//2710 2605//2711
f 2606//2712 2607//2713 2608//2714
f 2609//2715 2610//2716 2611//2717
f 2612//2718 1575//1681 1574//1680
f 2188//2294 2190//2296 2613//2719
f 2614//2720 2613//2719 1980//2086
f 2615//2721 911//1015 910//1014
f 2615//2721 910//1014 1772//1878
f 2616//2722 2617//2723 2618//2724
f 2619//2725 2620//2726 2621//2727
f 2622//2728 2623//2729 1315//1421
f 2624//2730 2625//2731 2626//2732
f 2364//2470 2627//2733 751//851
f 2292//2398 1339//1445 1341//1447
f 1706//1812 2628//2734 2629//2735
f 2630//2736 2628//2734 1706//1812
f 2631//2737 2632//2738 2633//2739
f 2632//2738 1359//1465 2634//2740
f 1469//1575 2635//2741 7//7
f 2636//2742 2637//2743 2638//2744
f 1211//1315 1210//1314 2243//2349
f 2639//2745 2243//2349 2640//2746
f 2641//2747 2002//2108 2642//2748
f 2425//2531 2643//2749 2644//2750
f 2//2 2645//2751 2646//2752
f 2647//2753 2648//2754 2638//2744
f 758//858 2649//2755 2650//2756
f 759//859 758//858 2650//2756
f 2651//2757 1662//1768 2652//2758
f 2223//2329 2326//2432 2653//2759
f 2654//2760 2655//2761 2656//2762
f 2656//2762 2655//2761 2529//2635
f 2531//2637 1438//1544 2532//2638
f 2234//2340 143//154 142//153
f 2080//2186 2077//2183 2657//2763
f 1010//1114 1009//1113 2658//2764
f 2659//2765 2660//2766 2661//2767
f 1778//1884 2659//2765 2661//2767
f 2662//2768 2653//2759 2663//2769
f 2664//2770 2665//2771 2666//2772
f 2667//2773 2668//2774 2669//2775
f 1118//1222 1120//1224 2670//2776
f 2671//2777 2672//2778 1511//1617
f 913//1017 2673//2779 2674//2780
f 2675//2781 2023//2129 2676//2782
f 2677//2783 2037//2143 2678//2784
f 2384//2490 986//1090 2385//2491
f 986//1090 988//1092 2385//2491
f 2679//2785 2680//2786 2681//2787
f 2682//2788 2128//2234 2683//2789
f 2684//2790 2685//2791 2686//2792
f 1144//1248 2687//2793 2688//2794
f 2689//2795 1737//1843 1736//1842
f 1855//1961 2690//2796 1736//1842
f 2321//2427 2320//2426 2691//2797
f 2321//2427 2692//2798 1277//1381
f 2693//2799 2694//2800 1309//1415
f 2695//2801 2153//2259 2154//2260
f 2696//2802 1617//1723 2697//2803
f 2698//2804 2697//2803 2699//2805
f 2700//2806 2701//2807 2064//2170
f 2701//2807 1988//2094 2702//2808
f 2703//2809 1641//1747 2704//2810
f 2705//2811 2706//2812 1644//1750
f 2707//2813 852//956 854//958
f 2708//2814 2709//2815 2710//2816
f 2711//2817 1590//1696 1588//1694
f 2712//2818 2713//2819 2714//2820
f 1529//1635 2715//2821 2716//2822
f 1521//1627 2717//2823 1522//1628
f 2705//2811 2718//2824 2706//2812
f 1209//1313 1208//1312 2719//2825
f 2577//2683 2578//2684 2720//2826
f 2721//2827 2720//2826 2722//2828
f 1710//1816 2595//2701 1729//1835
f 2723//2829 1709//1815 1708//1814
f 2724//2830 2725//2831 2187//2293
f 2726//2832 2727//2833 2728//2834
f 2729//2835 919//1023 1827//1933
f 2336//2442 2338//2444 2730//2836
f 2731//2837 2732//2838 2733//2839
f 1581//1687 2734//2840 2735//2841
f 2736//2842 2737//2843 1895//2001
f 2738//2844 2739//2845 1829//1935
f 2740//2846 2112//2218 1402//1508
f 2741//2847 2742//2848 2743//2849
f 1351//1457 1350//1456 2744//2850
f 2745//2851 2746//2852 1327//1433
f 445//505 1232//1336 1231//1335
f 2747//2853 445//505 2748//2854
f 126//133 2749//2855 2750//2856
f 2751//2857 126//133 2750//2856
f 1498//1604 2752//2858 2753//2859
f 2754//2860 2755//2861 2756//2862
f 2757//2863 2758//2864 2759//2865
f 1819//1925 2760//2866 1820//1926
f 1405//1511 2761//2867 2762//2868
f 2762//2868 1646//1752 1405//1511
f 2763//2869 1720//1826 944//1048
f 2764//2870 2602//2708 838//942
f 2765//2871 1160//1264 1159//1263
f 1998//2104 374//426 391//444
f 2766//2872 2070//2176 2767//2873
f 2768//2874 943//1047 942//1046
f 2769//2875 2770//2876 215//251
f 216//252 215//251 2770//2876
f 2771//2877 2772//2878 2773//2879
f 2774//2880 820//924 871//975
f 2775//2881 1740//1846 1727//1833
f 2723//2829 1729//1835 2776//2882
f 1486//1592 2777//2883 1485//1591
f 2468//2574 2778//2884 2779//2885
f 2780//2886 2100//2206 1677//1783
f 2779//2885 2778//2884 2100//2206
f 1042//1146 1041//1145 2781//2887
f 2782//2888 2783//2889 2278//2384
f 2784//2890 2785//2891 2786//2892
f 2787//2893 2286//2392 2788//2894
f 2789//2895 2790//2896 2791//2897
f 2792//2898 2793//2899 2791//2897
f 2794//2900 2795//2901 2796//2902
f 2049//2155 2797//2903 2798//2904
f 2799//2905 2800//2906 2801//2907
f 2802//2908 2803//2909 2354//2460
f 2804//2910 1391//1497 1687//1793
f 2805//2911 2806//2912 2807//2913
f 2808//2914 2165//2271 2167//2273
f 2809//2915 2810//2916 2811//2917
f 2300//2406 2812//2918 1122//1226
f 2813//2919 2814//2920 2815//2921
f 2816//2922 2817//2923 2818//2924
f 2816//2922 2819//2925 2817//2923
f 344//392 345//393 354//405
f 361//412 2571//2677 2820//2926
f 72//77 2164//2270 87//92
f 66//73 72//77 87//92
f 2821//2927 2822//2928 2823//2929
f 2824//2930 2825//2931 2826//2932
f 2085//2191 2827//2933 2828//2934
f 2829//2935 1377//1483 1376//1482
f 2307//2413 28//29 2830//2936
f 2831//2937 2832//2938 2833//2939
f 1902//2008 2317//2423 2834//2940
f 2835//2941 2836//2942 2837//2943
f 1261//1365 1263//1367 2838//2944
f 870//974 1264//1368 871//975
f 1770//1876 2839//2945 1760//1866
f 2840//2946 1472//1578 2841//2947
f 56//57 2842//2948 2843//2949
f 2844//2950 2845//2951 2846//2952
f 2203//2309 2771//2877 2204//2310
f 2847//2953 1355//1461 1358//1464
f 1531//1637 1530//1636 2848//2954
f 1554//1660 1553//1659 2848//2954
f 1673//1779 1621//1727 2849//2955
f 2850//2956 2851//2957 2852//2958
f 2853//2959 2487//2593 2854//2960
f 2855//2961 2856//2962 2857//2963
f 926//1030 2858//2964 927//1031
f 1296//1400 2859//2965 1294//1398
f 2860//2966 2861//2967 2862//2968
f 2863//2969 2864//2970 2865//2971
f 551//627 2785//2891 549//625
f 538//612 2866//2972 2867//2973
f 2852//2958 2835//2941 2837//2943
f 1623//1729 2868//2974 2869//2975
f 1575//1681 2612//2718 2609//2715
f 280//326 2266//2372 2870//2976
f 2871//2977 2872//2978 2873//2979
f 2871//2977 2873//2979 2874//2980
f 1667//1773 1669//1775 1818//1924
f 893//997 2009//2115 2008//2114
f 1152//1256 1151//1255 796//900
f 1151//1255 2875//2981 796//900
f 1184//1288 1001//1105 1003//1107
f 2876//2982 288//334 2877//2983
f 2878//2984 1969//2075 2879//2985
f 70//75 2880//2986 1831//1937
f 2881//2987 2882//2988 2883//2989
f 1104//1208 2884//2990 1105//1209
f 2885//2991 1979//2085 2886//2992
f 2887//2993 2886//2992 2888//2994
f 2889//2995 2890//2996 956//1060
f 124//131 123//130 2890//2996
f 2891//2997 2892//2998 2893//2999
f 2892//2998 2894//3000 2893//2999
f 710//810 1206//1310 2895//3001
f 2884//2990 1289//1393 1105//1209
f 2896//3002 2897//3003 2898//3004
f 2899//3005 2900//3006 2901//3007
f 2902//3008 2903//3009 2904//3010
f 2905//3011 31//32 2906//3012
f 2888//2994 2886//2992 2907//3013
f 2908//3014 2909//3015 1604//1710
f 2910//3016 2911//3017 1509//1615
f 1509//1615 1510//1616 2910//3016
f 424//481 510//580 2912//3018
f 1125//1229 2913//3019 2914//3020
f 1911//2017 1910//2016 1871//1977
f 2915//3021 2916//3022 2917//3023
f 982//1086 981//1085 2918//3024
f 2919//3025 1363//1469 1362//1468
f 2751//2857 123//130 126//133
f 2920//3026 2921//3027 2922//3028
f 329//375 325//371 2923//3029
f 2924//3030 2072//2178 2071//2177
f 2925//3031 2895//3001 1206//1310
f 2926//3032 2687//2793 2925//3031
f 1467//1573 1466//1572 2927//3033
f 2928//3034 2413//2519 2929//3035
f 2792//2898 2930//3036 2793//2899
f 1398//1504 1764//1870 1399//1505
f 2931//3037 2932//3038 2933//3039
f 2931//3037 2934//3040 2935//3041
f 2936//3042 2937//3043 2938//3044
f 2939//3045 2821//2927 2823//2929
f 1746//1852 1747//1853 2940//3046
f 2940//3046 2225//2331 2228//2334
f 2392//2498 2394//2500 2941//3047
f 2942//3048 2943//3049 2944//3050
f 2945//3051 2946//3052 2947//3053
f 1025//1129 2948//3054 1026//1130
f 2949//3055 292//338 291//337
f 2950//3056 2951//3057 414//470
f 2477//2583 2952//3058 2953//3059
f 1203//1307 2954//3060 1204//1308
f 1548//1654 2955//3061 1545//1651
f 2956//3062 2957//3063 1545//1651
f 2958//3064 2959//3065 2960//3066
f 2961//3067 2897//3003 2896//3002
f 2962//3068 2126//2232 2963//3069
f 829//933 828//932 2964//3070
f 1353//1459 1355//1461 2847//2953
f 2479//2585 2965//3071 2966//3072
f 2876//2982 2967//3073 2968//3074
f 2969//3075 2970//3076 2971//3077
f 1849//1955 1851//1957 1329//1435
f 1329//1435 2972//3078 2973//3079
f 2974//3080 2343//2449 1917//2023
f 2975//3081 2196//2302 2976//3082
f 1880//1986 2977//3083 2978//3084
f 2979//3085 2980//3086 2981//3087
f 2606//2712 2982//3088 2607//2713
f 1506//1612 1508//1614 2983//3089
f 62//63 64//66 69//72
f 64//66 63//65 69//72
f 2922//3028 2984//3090 2920//3026
f 122//129 2985//3091 2984//3090
f 2986//3092 2987//3093 2988//3094
f 2989//3095 2990//3096 2991//3097
f 2992//3098 1701//1807 2993//3099
f 2992//3098 2993//3099 2994//3100
f 2995//3101 1789//1895 1791//1897
f 1173//1277 2996//3102 1174//1278
f 1672//1778 2997//3103 1673//1779
f 960//1064 2998//3104 2999//3105
f 1321//1427 2026//2132 3000//3106
f 1022//1126 3001//3107 3002//3108
f 967//1071 2933//3039 3003//3109
f 181//202 172//193 3004//3110
f 3005//3111 3006//3112 3007//3113
f 3005//3111 3008//3114 1945//2051
f 557//634 634//717 670//757
f 448//508 2795//2901 2794//2900
f 2996//3102 3009//3115 3010//3116
f 1482//1588 3011//3117 3012//3118
f 3013//3119 1428//1534 3014//3120
f 3015//3121 2121//2227 3016//3122
f 1577//1683 1576//1682 3017//3123
f 137//148 3018//3124 2161//2267
f 977//1081 3019//3125 978//1082
f 3020//3126 3021//3127 3022//3128
f 285//331 1065//1169 286//332
f 3023//3129 3024//3130 3025//3131
f 3026//3132 2824//2930 2826//2932
f 3027//3133 3028//3134 3029//3135
f 3030//3136 3031//3137 1039//1143
f 3032//3138 3033//3139 3034//3140
f 3023//3129 3035//3141 3036//3142
f 3037//3143 3023//3129 3036//3142
f 2885//2991 2614//2720 1979//2085
f 1979//2085 2614//2720 1980//2086
f 565//642 3038//3144 3039//3145
f 3040//3146 2288//2394 2287//2393
f 2339//2445 3041//3147 920//1024
f 3042//3148 3008//3114 1947//2053
f 3043//3149 3044//3150 3045//3151
f 3046//3152 3047//3153 3048//3154
f 2482//2588 3049//3155 2485//2591
f 3050//3156 777//877 3051//3157
f 3037//3143 3036//3142 3052//3158
f 3053//3159 3054//3160 2304//2410
f 3055//3161 3056//3162 1816//1922
f 719//819 721//821 3057//3163
f 2130//2236 3058//3164 2131//2237
f 881//985 300//346 3059//3165
f 3060//3166 1674//1780 1861//1967
f 1674//1780 3060//3166 1675//1781
f 3061//3167 3062//3168 3063//3169
f 3064//3170 3061//3167 3065//3171
f 3066//3172 3067//3173 3068//3174
f 2819//2925 3069//3175 3070//3176
f 2738//2844 2736//2842 2739//2845
f 2405//2511 2404//2510 3071//3177
f 3072//3178 3073//3179 3074//3180
f 3075//3181 3076//3182 3072//3178
f 3077//3183 3078//3184 3079//3185
f 3080//3186 3081//3187 3082//3188
f 3083//3189 3081//3187 3080//3186
f 2360//2466 2279//2385 2280//2386
f 2025//2131 3084//3190 3085//3191
f 3085//3191 2026//2132 2025//2131
f 3086//3192 3087//3193 3088//3194
f 3089//3195 3087//3193 3086//3192
f 3090//3196 412//468 3091//3197
f 3092//3198 3093//3199 3094//3200
f 1367//1473 3095//3201 3096//3202
f 3097//3203 3098//3204 3099//3205
f 2536//2642 1337//1443 1336//1442
f 2535//2641 1337//1443 2536//2642
f 2108//2214 3100//3206 3101//3207
f 2565//2671 2567//2673 3102//3208
f 885//989 3103//3209 3104//3210
f 885//989 884//988 3103//3209
f 3105//3211 3106//3212 1425//1531
f 3107//3213 3108//3214 3109//3215
f 2705//2811 2900//3006 2718//2824
f 2901//3007 2900//3006 2705//2811
f 3110//3216 1608//1714 1607//1713
f 3111//3217 3112//3218 3113//3219
f 3114//3220 3115//3221 3116//3222
f 763//863 3064//3170 3065//3171
f 949//1053 3117//3223 3118//3224
f 2987//3093 3119//3225 2094//2200
f 2289//2395 2278//2384 2198//2304
f 2782//2888 2278//2384 3120//3226
f 2494//2600 1533//1639 1554//1660
f 1554//1660 1533//1639 1532//1638
f 3121//3227 356//407 441//501
f 356//407 3121//3227 3122//3228
f 3123//3229 3124//3230 3125//3231
f 3125//3231 3126//3232 3127//3233
f 3128//3234 3129//3235 3130//3236
f 366//417 1113//1217 367//418
f 3131//3237 656//742 658//744
f 3132//3238 3133//3239 3131//3237
f 1831//1937 2309//2415 1168//1272
f 2833//2939 3134//3240 3135//3241
f 3136//3242 44//45 2584//2690
f 3086//3192 3137//3243 3089//3195
f 3138//3244 3139//3245 3140//3246
f 3141//3247 3142//3248 3143//3249
f 3144//3250 315//361 3145//3251
f 3146//3252 3147//3253 2250//2356
f 3148//3254 1804//1910 3149//3255
f 1282//1386 1281//1385 3150//3256
f 1371//1477 2921//3027 3151//3257
f 1257//1361 3152//3258 1255//1359
f 33//34 1666//1772 3153//3259
f 2806//2912 2805//2911 2258//2364
f 1164//1268 2137//2243 3154//3260
f 3155//3261 2654//2760 2656//2762
f 2594//2700 3156//3262 1742//1848
f 3156//3262 3157//3263 1742//1848
f 2547//2653 3158//3264 2020//2126
f 3159//3265 2011//2117 2012//2118
f 1922//2028 1921//2027 3160//3266
f 3161//3267 3162//3268 2193//2299
f 3163//3269 3164//3270 3165//3271
f 1389//1495 3165//3271 1390//1496
f 3166//3272 1390//1496 3165//3271
f 1390//1496 2259//2365 2258//2364
f 2883//2989 3167//3273 1104//1208
f 3085//3191 3084//3190 3168//3274
f 3169//3275 3170//3276 3171//3277
f 2815//2921 3172//3278 2813//2919
f 3173//3279 1733//1839 1735//1841
f 3174//3280 3175//3281 3176//3282
f 3177//3283 2958//3064 2960//3066
f 1550//1656 1552//1658 1607//1713
f 1027//1131 792//892 1025//1129
f 792//892 3178//3284 789//889
f 3179//3285 3180//3286 3181//3287
f 3182//3288 3183//3289 3179//3285
f 1308//1414 3184//3290 3185//3291
f 1422//1528 1433//1539 2042//2148
f 2488//2594 3186//3292 2490//2596
f 3187//3293 3188//3294 3189//3295
f 2850//2956 873//977 872//976
f 2799//2905 2803//2909 3190//3296
f 3191//3297 3192//3298 3193//3299
f 2387//2493 2390//2496 3194//3300
f 3195//3301 1034//1138 1904//2010
f 3195//3301 3196//3302 1034//1138
f 2960//3066 2959//3065 2241//2347
f 1585//1691 3192//3298 1586//1692
f 1856//1962 851//955 1857//1963
f 2210//2316 3197//3303 3198//3304
f 3199//3305 3200//3306 3201//3307
f 3202//3308 3203//3309 3204//3310
f 3205//3311 1783//1889 1785//1891
f 3206//3312 3207//3313 1037//1141
f 2572//2678 1080//1184 1079//1183
f 3208//3314 2391//2497 3209//3315
f 3210//3316 1494//1600 3211//3317
f 3211//3317 1494//1600 843//947
f 239//277 197//232 202//231
f 239//277 201//230 197//232
f 1990//2096 1687//1793 1391//1497
f 3212//3318 3213//3319 1687//1793
f 2429//2535 3214//3320 3215//3321
f 265//311 264//310 273//319
f 3216//3322 3217//3323 3218//3324
f 2838//2944 1263//1367 3219//3325
f 3220//3326 2471//2577 2470//2576
f 3221//3327 3222//3328 2463//2569
f 2712//2818 3223//3329 3224//3330
f 3225//3331 3226//3332 3227//3333
f 441//501 482//548 442//502
f 482//548 441//501 505//575
f 1186//1290 3228//3334 3229//3335
f 3230//3336 3228//3334 3231//3337
f 2526//2632 3232//3338 2524//2630
f 1128//1232 1130//1234 3233//3339
f 3234//3340 1966//2072 3235//3341
f 3236//3342 1844//1950 1843//1949
f 793//897 788//888 790//890
f 798//902 3237//3343 799//903
f 3238//3344 2754//2860 3239//3345
f 1512//1618 3240//3346 3241//3347
f 941//1045 3242//3348 942//1046
f 3243//3349 1438//1544 2531//2637
f 1745//1851 1744//1850 3244//3350
f 3245//3351 1545//1651 1547//1653
f 3246//3352 3247//3353 2400//2506
f 2400//2506 3248//3354 2401//2507
f 1747//1853 3249//3355 2940//3046
f 3244//3350 3250//3356 3251//3357
f 2150//2256 2149//2255 3252//3358
f 3021//3127 2386//2492 2315//2421
f 3253//3359 3254//3360 281//327
f 269//315 3255//3361 3256//3362
f 3257//3363 3258//3364 3259//3365
f 3259//3365 3260//3366 3261//3367
f 1581//1687 1793//1899 1795//1901
f 3262//3368 2337//2443 3263//3369
f 1175//1279 3264//3370 3265//3371
f 1483//1589 3265//3371 85//90
f 2505//2611 3266//3372 2506//2612
f 1097//1201 2873//2979 2872//2978
f 1568//1674 3267//3373 1569//1675
f 3268//3374 3269//3375 3270//3376
f 1963//2069 868//972 3271//3377
f 1963//2069 3271//3377 3272//3378
f 2916//3022 3273//3379 3274//3380
f 3275//3381 2720//2826 2721//2827
f 3276//3382 3277//3383 3278//3384
f 3279//3385 3280//3386 2208//2314
f 2916//3022 3281//3387 3273//3379
f 975//1079 974//1078 3282//3388
f 1350//1456 1352//1458 2637//2743
f 3283//3389 916//1020 918//1022
f 3284//3390 3285//3391 3286//3392
f 1969//2075 3287//3393 1970//2076
f 3288//3394 3289//3395 1154//1258
f 2272//2378 3290//3396 2270//2376
f 10//10 3291//3397 11//11
f 3292//3398 2260//2366 2262//2368
f 162//181 114//121 3293//3399
f 3294//3400 1720//1826 2763//2869
f 2070//2176 2490//2596 3295//3401
f 281//327 3254//3360 282//328
f 2175//2281 3296//3402 3297//3403
f 3298//3404 2615//2721 1772//1878
f 3299//3405 3300//3406 2052//2158
f 2057//2163 3300//3406 3301//3407
f 3226//3332 3302//3408 836//940
f 3303//3409 3304//3410 3305//3411
f 546//622 531//605 530//604
f 550//626 546//622 530//604
f 2562//2668 2561//2667 3306//3412
f 2603//2709 2605//2711 1795//1901
f 516//586 3307//3413 1042//1146
f 3308//3414 3309//3415 3310//3416
f 1807//1913 1785//1891 3311//3417
f 1936//2042 1935//2041 3312//3418
f 3313//3419 2674//2780 2673//2779
f 3314//3420 2632//2738 2631//2737
f 3315//3421 3316//3422 3317//3423
f 3093//3199 3316//3422 3094//3200
f 3318//3424 1899//2005 3319//3425
f 1539//1645 3320//3426 2327//2433
f 3321//3427 3322//3428 1810//1916
f 2177//2283 3323//3429 749//849
f 3324//3430 2233//2339 3325//3431
f 3326//3432 233//271 201//230
f 2579//2685 3327//3433 2546//2652
f 3327//3433 2547//2653 2546//2652
f 3328//3434 2126//2232 2962//3068
f 3329//3435 2124//2230 2126//2232
f 356//407 358//409 441//501
f 526//600 513//583 441//501
f 2433//2539 3330//3436 2411//2517
f 2432//2538 3331//3437 2446//2552
f 2791//2897 2790//2896 3332//3438
f 891//995 3333//3439 892//996
f 3334//3440 79//84 81//86
f 3335//3441 3336//3442 3337//3443
f 3338//3444 3339//3445 3340//3446
f 1214//1318 3341//3447 3342//3448
f 3343//3449 1181//1285 3344//3450
f 3345//3451 3343//3449 3344//3450
f 3346//3452 2632//2738 3314//3420
f 1359//1465 2632//2738 3346//3452
f 3347//3453 3348//3454 3349//3455
f 3350//3456 3351//3457 3352//3458
f 3353//3459 3342//3448 3354//3460
f 3342//3448 3341//3447 3354//3460
f 3355//3461 3356//3462 302//348
f 1800//1906 1797//1903 1801//1907
f 1227//1331 1360//1466 1228//1332
f 1360//1466 3357//3463 1228//1332
f 3358//3464 3359//3465 3360//3466
f 1290//1394 2992//3098 2994//3100
f 2013//2119 1548//1654 2407//2513
f 3361//3467 1548//1654 1545//1651
f 2809//2915 2811//2917 3362//3468
f 3363//3469 3364//3470 3365//3471
f 970//1074 3366//3472 971//1075
f 3366//3472 67//74 3367//3473
f 1927//2033 3368//3474 3369//3475
f 3370//3476 3371//3477 3372//3478
f 3373//3479 1536//1642 3374//3480
f 3373//3479 3374//3480 3375//3481
f 3376//3482 3377//3483 3378//3484
f 1594//1700 3377//3483 3379//3485
f 3380//3486 3381//3487 3382//3488
f 3383//3489 1765//1871 1767//1873
f 2896//3002 1029//1133 3384//3490
f 1643//1749 1642//1748 2901//3007
f 1009//1113 2657//2763 3385//3491
f 2707//2813 3386//3492 852//956
f 3387//3493 3388//3494 3389//3495
f 2073//2179 3390//3496 2074//2180
f 3391//3497 3262//3368 3392//3498
f 3391//3497 920//1024 919//1023
f 793//897 1530//1636 1523//1629
f 1523//1629 1530//1636 1529//1635
f 3393//3499 3394//3500 3395//3501
f 3394//3500 3217//3323 3396//3502
f 3397//3503 1814//1920 1816//1922
f 1816//1922 1006//1110 3397//3503
f 2441//2547 3398//3504 2439//2545
f 1507//1613 1561//1667 1508//1614
f 2094//2200 3399//3505 3400//3506
f 3401//3507 860//964 3400//3506
f 20//21 16//16 2464//2570
f 2464//2570 16//16 3402//3508
f 3403//3509 3404//3510 3405//3511
f 3405//3511 3404//3510 3398//3504
f 3406//3512 3407//3513 3408//3514
f 415//471 3407//3513 3406//3512
f 2038//2144 1196//1300 3409//3515
f 3410//3516 3411//3517 3412//3518
f 2352//2458 3413//3519 2353//2459
f 3414//3520 3313//3419 3415//3521
f 1799//1905 3416//3522 3417//3523
f 3416//3522 2489//2595 3417//3523
f 1127//1231 1126//1230 3418//3524
f 3419//3525 3420//3526 3421//3527
f 1094//1198 294//340 1095//1199
f 276//322 3422//3528 3423//3529
f 1378//1484 1380//1486 3424//3530
f 3425//3531 3424//3530 3426//3532
f 3427//3533 3428//3534 3429//3535
f 2349//2455 2348//2454 3430//3536
f 432//490 449//509 458//518
f 1126//1230 3420//3526 3431//3537
f 3432//3538 3433//3539 3434//3540
f 3434//3540 3433//3539 3365//3471
f 3435//3541 3436//3542 3437//3543
f 993//1097 992//1096 3438//3544
f 3439//3545 3422//3528 3440//3546
f 3422//3528 3439//3545 3423//3529
f 2502//2608 1046//1150 1048//1152
f 1981//2087 1983//2089 3441//3547
f 1750//1856 2861//2967 2860//2966
f 3442//3548 2058//2164 2059//2165
f 3443//3549 3444//3550 2699//2805
f 2659//2765 3443//3549 2660//2766
f 3442//3548 2059//2165 2860//2966
f 3099//3205 3445//3551 3097//3203
f 3016//3122 2121//2227 3446//3552
f 3447//3553 3448//3554 3449//3555
f 3450//3556 1770//1876 3451//3557
f 3451//3557 1770//1876 1760//1866
f 3452//3558 3453//3559 3454//3560
f 3455//3561 2516//2622 2518//2624
f 3456//3562 911//1015 2615//2721
f 3317//3423 3316//3422 1977//2083
f 2485//2591 3049//3155 3457//3563
f 3397//3503 3458//3564 1814//1920
f 1391//1497 1392//1498 1989//2095
f 2893//2999 2894//3000 1392//1498
f 787//887 1728//1834 783//883
f 1742//1848 3157//3263 1740//1846
f 2210//2316 3198//3304 3459//3565
f 3460//3566 3461//3567 1085//1189
f 2379//2485 2378//2484 3462//3568
f 2667//2773 3462//3568 3463//3569
f 3464//3570 1108//1212 2495//2601
f 1108//1212 2496//2602 2495//2601
f 1954//2060 1956//2062 3465//3571
f 1703//1809 2721//2827 2722//2828
f 3466//3572 3467//3573 1999//2105
f 3468//3574 3453//3559 3452//3558
f 2903//3009 1303//1407 2904//3010
f 1317//1423 3469//3575 3470//3576
f 3471//3577 2378//2484 3472//3578
f 3473//3579 713//813 3474//3580
f 1786//1892 1036//1140 1035//1139
f 3475//3581 1036//1140 1786//1892
f 2415//2521 2057//2163 3301//3407
f 2929//3035 3476//3582 3477//3583
f 3478//3584 3479//3585 2859//2965
f 3480//3586 1937//2043 3481//3587
f 3482//3588 356//407 3122//3228
f 3189//3295 3188//3294 3483//3589
f 3484//3590 3485//3591 3486//3592
f 3486//3592 3487//3593 3043//3149
f 979//1083 1657//1763 888//992
f 1655//1761 3488//3594 1730//1836
f 395//448 396//449 398//452
f 397//451 395//448 398//452
f 508//578 491//558 433//491
f 491//558 490//557 3489//3595
f 3490//3596 1832//1938 3491//3597
f 3100//3206 2108//2214 2107//2213
f 3492//3598 787//887 1709//1815
f 787//887 782//882 1709//1815
f 3493//3599 3204//3310 3203//3309
f 1650//1756 1652//1758 2879//2985
f 2226//2332 2062//2168 2227//2333
f 3494//3600 3495//3601 846//950
f 3450//3556 3451//3557 3496//3602
f 1410//1516 1757//1863 3497//3603
f 3498//3604 3499//3605 3500//3606
f 3500//3606 3501//3607 3498//3604
f 3502//3608 3503//3609 2036//2142
f 3300//3406 3299//3405 3504//3610
f 2596//2702 2598//2704 1131//1235
f 1914//2020 3505//3611 1915//2021
f 1681//1787 3506//3612 1682//1788
f 3507//3613 1682//1788 3506//3612
f 3480//3586 1935//2041 1937//2043
f 1293//1397 3508//3614 3509//3615
f 2324//2430 3510//3616 3511//3617
f 2324//2430 2152//2258 3510//3616
f 3512//3618 2458//2564 1443//1549
f 3513//3619 3512//3618 723//823
f 116//123 115//122 1684//1790
f 1684//1790 3514//3620 3515//3621
f 2743//2849 3516//3622 3517//3623
f 2133//2239 2135//2241 3516//3622
f 3518//3624 3519//3625 3520//3626
f 2202//2308 3521//3627 2200//2306
f 311//357 3522//3628 3523//3629
f 998//1102 1000//1104 3524//3630
f 1344//1450 1343//1449 1158//1262
f 1344//1450 3525//3631 2178//2284
f 2284//2390 3526//3632 2285//2391
f 3527//3633 3528//3634 3529//3635
f 3530//3636 3531//3637 2913//3019
f 1811//1917 3532//3638 3182//3288
f 2923//3029 325//371 3533//3639
f 3534//3640 3533//3639 325//371
f 3535//3641 3536//3642 3537//3643
f 1015//1119 3538//3644 1167//1271
f 408//464 387//440 403//458
f 423//480 509//579 424//481
f 3449//3555 3539//3645 3540//3646
f 3541//3647 2574//2680 2576//2682
f 2327//2433 3542//3648 1539//1645
f 889//993 278//324 3543//3649
f 1489//1595 1491//1597 2229//2335
f 2229//2335 1278//1382 1280//1384
f 3544//3650 3545//3651 3546//3652
f 2673//2779 3545//3651 3547//3653
f 2946//3052 3548//3654 3549//3655
f 1297//1401 1299//1403 2330//2436
f 2410//2516 3550//3656 2411//2517
f 2434//2540 2411//2517 3550//3656
f 3551//3657 3552//3658 2651//2757
f 3553//3659 2651//2757 2652//2758
f 3554//3660 1380//1486 3555//3661
f 3005//3111 3556//3662 3006//3112
f 1145//1249 3557//3663 1146//1250
f 3557//3663 1631//1737 1889//1995
f 1904//2010 2214//2320 3558//3664
f 2697//2803 2871//2977 2874//2980
f 3559//3665 1639//1745 1641//1747
f 3560//3666 1639//1745 3561//3667
f 2786//2892 2286//2392 2787//2893
f 530//604 527//601 552//629
f 3562//3668 1234//1338 1235//1339
f 3335//3441 3337//3443 3562//3668
f 3563//3669 3564//3670 3565//3671
f 3564//3670 1061//1165 1060//1164
f 2693//2799 3566//3672 2694//2800
f 2741//2847 2743//2849 3566//3672
f 3567//3673 1996//2102 3568//3674
f 3567//3673 3568//3674 3569//3675
f 3570//3676 3571//3677 3572//3678
f 2257//2363 3573//3679 3574//3680
f 3575//3681 3576//3682 2224//2330
f 2220//2326 3577//3683 3576//3682
f 42//43 1107//1211 3578//3684
f 3579//3685 3580//3686 3581//3687
f 3582//3688 3583//3689 3584//3690
f 3585//3691 3586//3692 3587//3693
f 2848//2954 2493//2599 1554//1660
f 3588//3694 2246//2352 3589//3695
f 3590//3696 3591//3697 2680//2786
f 3592//3698 3590//3696 3593//3699
f 3594//3700 3595//3701 3596//3702
f 3597//3703 3598//3704 3599//3705
f 3600//3706 1892//1998 3601//3707
f 1240//1344 3602//3708 3603//3709
f 3604//3710 3605//3711 3606//3712
f 2426//2532 3607//3713 3608//3714
f 3609//3715 3610//3716 3066//3172
f 3611//3717 3612//3718 3613//3719
f 3614//3720 2342//2448 3615//3721
f 2342//2448 618//698 3615//3721
f 3176//3282 3175//3281 3616//3722
f 3616//3722 3617//3723 3176//3282
f 1859//1965 3618//3724 1860//1966
f 3619//3725 3620//3726 1866//1972
f 3621//3727 3622//3728 3623//3729
f 3624//3730 3208//3314 2394//2500
f 3625//3731 2169//2275 3626//3732
f 3627//3733 3628//3734 3629//3735
f 3630//3736 3631//3737 1087//1191
f 1087//1191 3631//3737 3632//3738
f 3633//3739 3634//3740 3635//3741
f 2835//2941 3636//3742 2836//2942
f 2207//2313 772//872 3637//3743
f 2340//2446 2342//2448 3614//3720
f 3627//3733 3629//3735 3638//3744
f 3639//3745 3640//3746 3641//3747
f 3642//3748 3643//3749 1664//1770
f 3644//3750 3642//3748 3645//3751
f 3646//3752 391//444 392//445
f 3575//3681 2224//2330 2223//2329
f 235//273 234//272 3647//3753
f 3238//3344 3648//3754 2754//2860
f 3649//3755 3650//3756 3651//3757
f 1943//2049 3652//3758 1065//1169
f 3653//3759 3654//3760 2294//2400
f 2917//3023 3655//3761 3656//3762
f 3657//3763 3658//3764 3659//3765
f 3660//3766 3606//3712 1191//1295
f 3661//3767 1594//1700 1596//1702
f 1268//1372 3464//3570 2480//2586
f 2236//2342 3662//3768 2133//2239
f 1420//1526 2133//2239 1421//1527
f 1525//1631 2624//2730 3663//3769
f 3664//3770 3665//3771 2604//2710
f 3113//3219 3112//3218 1153//1257
f 1551//1657 3666//3772 3667//3773
f 3668//3774 3669//3775 3670//3776
f 3668//3774 3670//3776 3671//3777
f 3200//3306 2114//2220 1265//1369
f 3672//3778 3673//3779 3661//3767
f 980//1084 1375//1481 981//1085
f 3600//3706 3674//3780 980//1084
f 933//1037 3675//3781 3676//3782
f 3677//3783 3671//3777 933//1037
f 3678//3784 2040//2146 2041//2147
f 3679//3785 3680//3786 1878//1984
f 2891//2997 1693//1799 2892//2998
f 3213//3319 2891//2997 1687//1793
f 1199//1303 1201//1305 1221//1325
f 3681//3787 1222//1326 1221//1325
f 3682//3788 53//54 2690//2796
f 3279//3385 3683//3789 3280//3386
f 3369//3475 3684//3790 3372//3478
f 3685//3791 1934//2040 3686//3792
f 2474//2580 2476//2582 415//471
f 1782//1888 3687//3793 2474//2580
f 2369//2475 3688//3794 3689//3795
f 3690//3796 1170//1274 1172//1276
f 3691//3797 953//1057 3692//3798
f 2091//2197 2090//2196 3693//3799
f 3694//3800 1124//1228 1123//1227
f 2823//2929 3695//3801 2939//3045
f 2549//2655 2568//2674 2019//2125
f 2547//2653 2568//2674 2582//2688
f 2986//3092 2988//3094 3696//3802
f 3697//3803 2348//2454 2347//2453
f 3698//3804 3699//3805 1479//1585
f 3699//3805 1480//1586 1479//1585
f 1272//1376 3700//3806 3701//3807
f 3702//3808 3703//3809 1872//1978
f 1293//1397 3509//3615 1923//2029
f 1341//1447 3704//3810 3705//3811
f 1053//1157 3706//3812 3707//3813
f 3708//3814 3709//3815 3710//3816
f 861//965 1348//1454 3711//3817
f 3697//3803 3712//3818 3713//3819
f 3714//3820 3715//3821 2435//2541
f 2435//2541 987//1091 3714//3820
f 2889//2995 3716//3822 3717//3823
f 3718//3824 3716//3822 3719//3825
f 562//639 561//638 3720//3826
f 3720//3826 3721//3827 562//639
f 988//1092 1219//1323 3722//3828
f 3723//3829 3724//3830 3725//3831
f 3726//3832 1828//1934 3727//3833
f 1462//1568 1461//1567 3728//3834
f 678//768 3729//3835 3730//3836
f 678//768 3172//3278 3729//3835
f 1644//1750 1641//1747 1640//1746
f 3731//3837 1642//1748 1644//1750
f 1440//1546 3732//3838 3733//3839
f 3734//3840 3735//3841 3736//3842
f 2011//2117 3327//3433 3737//3843
f 3738//3844 2592//2698 3739//3845
f 2772//2878 2771//2877 2203//2309
f 3740//3846 812//916 816//920
f 3741//3847 2738//2844 1829//1935
f 2646//2752 918//1022 3742//3848
f 3743//3849 3744//3850 1480//1586
f 2384//2490 2383//2489 1480//1586
f 2946//3052 3549//3655 3745//3851
f 2900//3006 2899//3005 3746//3852
f 2375//2481 2423//2529 2376//2482
f 2431//2537 2423//2529 2410//2516
f 3747//3853 3748//3854 3749//3855
f 84//89 1483//1589 85//90
f 2076//2182 3750//3856 2387//2493
f 2387//2493 3194//3300 1570//1676
f 1719//1825 946//1050 945//1049
f 945//1049 1717//1823 1719//1825
f 2595//2701 1742//1848 3751//3857
f 3752//3858 1729//1835 2595//2701
f 3753//3859 2262//2368 3754//3860
f 1715//1821 3753//3859 1716//1822
f 3144//3250 3145//3251 2252//2358
f 3144//3250 2252//2358 3755//3861
f 3756//3862 1935//2041 3480//3586
f 3757//3863 2364//2470 2363//2469
f 3232//3338 3758//3864 2524//2630
f 3759//3865 3758//3864 2599//2705
f 3053//3159 2304//2410 2303//2409
f 2303//2409 3760//3866 3761//3867
f 3762//3868 3763//3869 1637//1743
f 3764//3870 1637//1743 1636//1742
f 515//585 3307//3413 516//586
f 3520//3626 3765//3871 3518//3624
f 3766//3872 2835//2941 2852//2958
f 2851//2957 3767//3873 2852//2958
f 1740//1846 2775//2881 1741//1847
f 2775//2881 3492//3598 3768//3874
f 3752//3858 2595//2701 3751//3857
f 3769//3875 3751//3857 2775//2881
f 3770//3876 2029//2135 2028//2134
f 3759//3865 2029//2135 3770//3876
f 3771//3877 766//866 3057//3163
f 764//864 766//866 3772//3878
f 2496//2602 3773//3879 3774//3880
f 1560//1666 2496//2602 3595//3701
f 3775//3881 3286//3392 2878//2984
f 1847//1953 3776//3882 1848//1954
f 1486//1592 1813//1919 58//59
f 1474//1580 1486//1592 1485//1591
f 3777//3883 2751//2857 2750//2856
f 2303//2409 3778//3884 3760//3866
f 3779//3885 3780//3886 3234//3340
f 3621//3727 897//1001 899//1003
f 2963//3069 3045//3151 2962//3068
f 2962//3068 3045//3151 3781//3887
f 3782//3888 1400//1506 2511//2617
f 1450//1556 3783//3889 3784//3890
f 1593//1699 3785//3891 3401//3507
f 3377//3483 3376//3482 3379//3485
f 3258//3364 3260//3366 3259//3365
f 809//913 811//915 812//916
f 3786//3892 2320//2426 2322//2428
f 1754//1860 2322//2428 3787//3893
f 3788//3894 3246//3352 3789//3895
f 2932//3038 2931//3037 2935//3041
f 3492//3598 1709//1815 2723//2829
f 3768//3874 3492//3598 2723//2829
f 3790//3896 3784//3890 3783//3889
f 3791//3897 3792//3898 3793//3899
f 1625//1731 2864//2970 2863//2969
f 1266//1370 36//37 35//36
f 1819//1925 233//271 2760//2866
f 233//271 3326//3432 3794//3900
f 3597//3703 3599//3705 3795//3901
f 3796//3902 10//10 3797//3903
f 1319//1425 3798//3904 1320//1426
f 1464//1570 1128//1232 2696//2802
f 2324//2430 3511//3617 3799//3905
f 2320//2426 3786//3892 3800//3906
f 767//867 3801//3907 768//868
f 3157//3263 3156//3262 3802//3908
f 2930//3036 3803//3909 2793//2899
f 3804//3910 3803//3909 3805//3911
f 3806//3912 3807//3913 3808//3914
f 3809//3915 3806//3912 3808//3914
f 3810//3916 3811//3917 3812//3918
f 3813//3919 3442//3548 3814//3920
f 2789//2895 2007//2113 2006//2112
f 2007//2113 3804//3910 3805//3911
f 768//868 3801//3907 3802//3908
f 2000//2106 3815//3921 3816//3922
f 3817//3923 3719//3825 3716//3822
f 956//1060 958//1062 3818//3924
f 3632//3738 3819//3925 1087//1191
f 1967//2073 3820//3926 1968//2074
f 1879//1985 3821//3927 1880//1986
f 3822//3928 3823//3929 2308//2414
f 3824//3930 2019//2125 2018//2124
f 3825//3931 3826//3932 3827//3933
f 3828//3934 3829//3935 1784//1890
f 3828//3934 1784//1890 1783//1889
f 2538//2644 3830//3936 2539//2645
f 1150//1254 3825//3931 3831//3937
f 3832//3938 3833//3939 3834//3940
f 3429//3535 3835//3941 3832//3938
f 3548//3654 3836//3942 2704//2810
f 1641//1747 3837//3943 2704//2810
f 3838//3944 3839//3945 3840//3946
f 3838//3944 3840//3946 3841//3947
f 3842//3948 2299//2405 2300//2406
f 1939//2045 3843//3949 448//508
f 3844//3950 2060//2166 3833//3939
f 3429//3535 3430//3536 3835//3941
f 1551//1657 3845//3951 3192//3298
f 3846//3952 3177//3283 3847//3953
f 1941//2047 3848//3954 1942//2048
f 3036//3142 3035//3141 1941//2047
f 3849//3955 1876//1982 1403//1509
f 3850//3956 2156//2262 3851//3957
f 1204//1308 2954//3060 1140//1244
f 2687//2793 3852//3958 2688//2794
f 3853//3959 3854//3960 3855//3961
f 3856//3962 2475//2581 2474//2580
f 3376//3482 3378//3484 858//962
f 3857//3963 3858//3964 3859//3965
f 3860//3966 2282//2388 3861//3967
f 245//285 2282//2388 3860//3966
f 1297//1401 2330//2436 2332//2438
f 2332//2438 3862//3968 1300//1404
f 2071//2177 3863//3969 3864//3970
f 2218//2324 2217//2323 3865//3971
f 3352//3458 3866//3972 3350//3456
f 3867//3973 3866//3972 3868//3974
f 3866//3972 3352//3458 3869//3975
f 3870//3976 3871//3977 3869//3975
f 3865//3971 2910//3016 3872//3978
f 2910//3016 2799//2905 2801//2907
f 2601//2707 3873//3979 3223//3329
f 3874//3980 3875//3981 3876//3982
f 449//509 3147//3253 3877//3983
f 389//442 2250//2356 3147//3253
f 3878//3984 2609//2715 2611//2717
f 3879//3985 3880//3986 2162//2268
f 1864//1970 3881//3987 1865//1971
f 3882//3988 2069//2175 2067//2173
f 3883//3989 2785//2891 2784//2890
f 2866//2972 3884//3990 3027//3133
f 2896//3002 2898//3004 3885//3991
f 2896//3002 3885//3991 1029//1133
f 3886//3992 3343//3449 3345//3451
f 2876//2982 2968//3074 3886//3992
f 1725//1831 640//724 642//726
f 3139//3245 3142//3248 3140//3246
f 1532//1638 1519//1625 2717//2823
f 1521//1627 3887//3993 2717//2823
f 2769//2875 3888//3994 3440//3546
f 115//122 114//121 161//180
f 2808//2914 2167//2273 3889//3995
f 3890//3996 39//40 38//39
f 1532//1638 2717//2823 3891//3997
f 1554//1660 1532//1638 1555//1661
f 1939//2045 2298//2404 3892//3998
f 3650//3756 3893//3999 3894//4000
f 3895//4001 2086//2192 2088//2194
f 1172//1276 1171//1275 2078//2184
f 1532//1638 3896//4002 1555//1661
f 2715//2821 1555//1661 3896//4002
f 3897//4003 1256//1360 3898//4004
f 3899//4005 3900//4006 3901//4007
f 3902//4008 2420//2526 2416//2522
f 1536//1642 1702//1808 1538//1644
f 1067//1171 1069//1173 3903//4009
f 2105//2211 1067//1171 3904//4010
f 3664//3770 2608//2714 3665//3771
f 1795//1901 1794//1900 2603//2709
f 1497//1603 1496//1602 3905//4011
f 877//981 2351//2457 2802//2908
f 2002//2108 2641//2747 2003//2109
f 3906//4012 2501//2607 3907//4013
f 3070//3176 3908//4014 3909//4015
f 2405//2511 3071//3177 3910//4016
f 3911//4017 2367//2473 3912//4018
f 3911//4017 3912//4018 3059//3165
f 3913//4019 1360//1466 3914//4020
f 3915//4021 1893//1999 2918//3024
f 316//362 3524//3630 317//363
f 316//362 3916//4022 3524//3630
f 3917//4023 1137//1241 1139//1243
f 3918//4024 3919//4025 3917//4023
f 303//349 305//351 3920//4026
f 363//414 3145//3251 2160//2266
f 1971//2077 2334//2440 3921//4027
f 1273//1377 1272//1376 3701//3807
f 2439//2545 3398//3504 3922//4028
f 3923//4029 2442//2548 3922//4028
f 2849//2955 3924//4030 3925//4031
f 2066//2172 3926//4032 2067//2173
f 3927//4033 1521//1627 1529//1635
f 1521//1627 1523//1629 1529//1635
f 1919//2025 3928//4034 1926//2032
f 3929//4035 3930//4036 3931//4037
f 1545//1651 3932//4038 1546//1652
f 1546//1652 2695//2801 2154//2260
f 3181//3287 3182//3288 3179//3285
f 3933//4039 3934//4040 3935//4041
f 3936//4042 19//19 20//21
f 3937//4043 2467//2573 2469//2575
f 3309//3415 3938//4044 2344//2450
f 2197//2303 3939//4045 3940//4046
f 2797//2903 3941//4047 2798//2904
f 3942//4048 3943//4049 447//507
f 3117//3223 3944//4050 3945//4051
f 3946//4052 2397//2503 2395//2501
f 1498//1604 915//1019 2752//2858
f 915//1019 3947//4053 2752//2858
f 3948//4054 1906//2012 1908//2014
f 3949//4055 3950//4056 3948//4054
f 3047//3153 2560//2666 3951//4057
f 1305//1409 1304//1408 3952//4058
f 3953//4059 1077//1181 3954//4060
f 1077//1181 3955//4061 3954//4060
f 1772//1878 1774//1880 1773//1879
f 3956//4062 3957//4063 3155//3261
f 3958//4064 1995//2101 3959//4065
f 3960//4066 736//836 3961//4067
f 542//616 3038//3144 565//642
f 542//616 565//642 543//617
f 3945//4051 3119//3225 2987//3093
f 1396//1502 1395//1501 3962//4068
f 1842//1948 3963//4069 1840//1946
f 3963//4069 217//253 1840//1946
f 2782//2888 3964//4070 3082//3188
f 3077//3183 2782//2888 3120//3226
f 3013//3119 2122//2228 3965//4071
f 3013//3119 3965//4071 1428//1534
f 3966//4072 3958//4064 3967//4073
f 3967//4073 3968//4074 2668//2774
f 1318//1424 934//1038 3969//4075
f 3969//4075 1319//1425 1318//1424
f 1993//2099 1995//2101 3463//3569
f 3958//4064 3966//4072 1995//2101
f 3436//3542 3970//4076 3437//3543
f 819//923 816//920 3971//4077
f 3972//4078 2663//2769 3973//4079
f 2663//2769 3972//4078 2664//2770
f 2403//2509 2402//2508 3490//3596
f 3908//4014 3974//4080 3909//4015
f 452//512 454//514 3975//4081
f 3574//3680 3573//3679 3975//4081
f 166//187 2164//2270 864//968
f 2166//2272 3976//4082 3977//4083
f 2734//2840 1258//1362 3898//4004
f 2734//2840 3898//4004 2735//2841
f 914//1018 3978//4084 2438//2544
f 3313//3419 3979//4085 3980//4086
f 3981//4087 3563//3669 3565//3671
f 410//466 412//468 3090//3196
f 1193//1297 3982//4088 3983//4089
f 3984//4090 2745//2851 1327//1433
f 3985//4091 3986//4092 2449//2555
f 1875//1981 3986//4092 1333//1439
f 2246//2352 3987//4093 2848//2954
f 2246//2352 2848//2954 790//890
f 2407//2513 2434//2540 2408//2514
f 2445//2551 2433//2539 2434//2540
f 2883//2989 2882//2988 3167//3273
f 933//1037 3676//3782 2882//2988
f 3988//4094 1100//1204 2183//2289
f 3989//4095 2181//2287 2183//2289
f 3990//4096 2532//2638 111//118
f 111//118 3991//4097 3990//4096
f 3848//3954 1941//2047 3992//4098
f 1705//1811 2368//2474 318//364
f 1427//1533 3014//3120 1428//1534
f 3105//3211 3993//4099 3106//3212
f 1956//2062 1955//2061 2629//2735
f 3994//4100 3995//4101 3996//4102
f 1048//1152 3997//4103 2502//2608
f 3998//4104 1611//1717 1610//1716
f 3020//3126 887//991 3021//3127
f 887//991 3999//4105 4000//4106
f 1144//1248 2688//2794 4001//4107
f 2688//2794 1698//1804 4001//4107
f 2115//2221 2120//2226 2116//2222
f 188//212 207//239 244//284
f 3320//3426 2328//2434 2327//2433
f 2651//2757 3553//3659 3551//3657
f 4002//4108 4003//4109 2862//2968
f 4003//4109 1456//1562 4004//4110
f 4005//4111 4006//4112 4007//4113
f 4008//4114 4009//4115 3709//3815
f 4001//4107 4010//4116 1023//1127
f 951//1055 1023//1127 4010//4116
f 1581//1687 2735//2841 2139//2245
f 3263//3369 1793//1899 1581//1687
f 4011//4117 3681//3787 1221//1325
f 3103//3209 884//988 4011//4117
f 4012//4118 4013//4119 4014//4120
f 4012//4118 4015//4121 4013//4119
f 842//946 4016//4122 4017//4123
f 3527//3633 3529//3635 4018//4124
f 292//338 2949//3055 3408//3514
f 2868//2974 2951//3057 2869//2975
f 3380//3486 4019//4125 3782//3888
f 4019//4125 3380//3486 3382//3488
f 2217//2323 3586//3692 3585//3691
f 2766//2872 4020//4126 4021//4127
f 2149//2255 1277//1381 2692//2798
f 4022//4128 4023//4129 2149//2255
f 4024//4130 4025//4131 273//319
f 274//320 273//319 1222//1326
f 2866//2972 3027//3133 2867//2973
f 4026//4132 2821//2927 2939//3045
f 2685//2791 4027//4133 4028//4134
f 4028//4134 4029//4135 2685//2791
f 3459//3565 4030//4136 4031//4137
f 1854//1960 1853//1959 4031//4137
f 4032//4138 453//513 4033//4139
f 452//512 1638//1744 453//513
f 4034//4140 4035//4141 4036//4142
f 4037//4143 2998//3104 4038//4144
f 3109//3215 1371//1477 3107//3213
f 1371//1477 3109//3215 2921//3027
f 4039//4145 1273//1377 3701//3807
f 260//304 2335//2441 244//284
f 2857//2963 327//373 4040//4146
f 3129//3235 2857//2963 4041//4147
f 2998//3104 4034//4140 4038//4144
f 1621//1727 1618//1724 1622//1728
f 4042//4148 12//12 4043//4149
f 4044//4150 2624//2730 1525//1631
f 4045//4151 1893//1999 3915//4021
f 4045//4151 1891//1997 1893//1999
f 4046//4152 1996//2102 3567//3673
f 4047//4153 4048//4154 4049//4155
f 3235//3341 1966//2072 3236//3342
f 189//214 1697//1803 1696//1802
f 2045//2151 2044//2150 3942//4048
f 3996//4102 3995//4101 2045//2151
f 59//60 52//53 2396//2502
f 2396//2502 52//53 51//52
f 1583//1689 4048//4154 4050//4156
f 4048//4154 4047//4153 4050//4156
f 4051//4157 3425//3531 3426//3532
f 4052//4158 4053//4159 3426//3532
f 1458//1564 1460//1566 1463//1569
f 1284//1388 2816//2922 2818//2924
f 1090//1194 1092//1196 2732//2838
f 3151//3257 2921//3027 4054//4160
f 1985//2091 4055//4161 4056//4162
f 1406//1512 3393//3499 4056//4162
f 4057//4163 3815//3921 2000//2106
f 1999//2105 3467//3573 2000//2106
f 4058//4164 4059//4165 4060//4166
f 1058//1162 3536//3642 1978//2084
f 1353//1459 3641//3747 3640//3746
f 2479//2585 2478//2584 2965//3071
f 4061//4167 4062//4168 888//992
f 1381//1487 1383//1489 4062//4168
f 3750//3856 2388//2494 2387//2493
f 2332//2438 2333//2439 3862//3968
f 2459//2565 4052//4158 4063//4169
f 4064//4170 4053//4159 4052//4158
f 4065//4171 1866//1972 1868//1974
f 3648//3754 3647//3753 4066//4172
f 2180//2286 4067//4173 740//840
f 4068//4174 663//749 4067//4173
f 4069//4175 4070//4176 4071//4177
f 4072//4178 1825//1931 4071//4177
f 3019//3125 4073//4179 978//1082
f 4074//4180 765//865 4075//4181
f 4076//4182 1618//1724 1620//1726
f 4076//4182 1620//1726 4077//4183
f 3393//3499 1406//1512 3394//3500
f 1406//1512 1405//1511 1145//1249
f 1957//2063 1959//2065 4078//4184
f 4079//4185 1323//1429 4080//4186
f 4081//4187 2323//2429 2325//2431
f 4074//4180 4075//4181 720//820
f 4082//4188 1516//1622 1515//1621
f 1775//1881 4083//4189 4082//4188
f 4084//4190 2670//2776 4049//4155
f 4049//4155 1997//2103 4047//4153
f 3373//3479 3375//3481 4085//4191
f 2895//3001 3359//3465 4085//4191
f 2671//2777 1511//1617 1513//1619
f 1497//1603 3905//4011 2671//2777
f 2191//2297 2189//2295 4086//4192
f 4087//4193 1198//1302 4088//4194
f 2459//2565 2460//2566 4089//4195
f 3357//3463 3269//3375 3268//3374
f 4090//4196 1723//1829 1722//1828
f 4091//4197 2824//2930 3026//3132
f 4092//4198 1357//1463 1140//1244
f 4093//4199 1357//1463 4094//4200
f 1154//1258 2269//2375 4095//4201
f 3998//4104 1610//1716 4095//4201
f 3644//3750 3645//3751 4096//4202
f 3644//3750 32//33 3088//3194
f 1580//1686 1260//1364 1259//1363
f 4097//4203 3485//3591 827//931
f 3502//3608 2036//2142 4098//4204
f 4099//4205 2676//2782 3403//3509
f 1651//1757 1846//1952 1652//1758
f 2412//2518 2414//2520 2413//2519
f 4100//4206 3993//4099 4101//4207
f 958//1062 4102//4208 3818//3924
f 4103//4209 3155//3261 2656//2762
f 1252//1356 4103//4209 2656//2762
f 2234//2340 1563//1669 1562//1668
f 142//153 1563//1669 2234//2340
f 1430//1536 4104//4210 747//847
f 4105//4211 4106//4212 3113//3219
f 4107//4213 4108//4214 2056//2162
f 4109//4215 4107//4213 2056//2162
f 3521//3627 1049//1153 2200//2306
f 1982//2088 4110//4216 1983//2089
f 4111//4217 2709//2815 3013//3119
f 2249//2355 4111//4217 4112//4218
f 1137//1241 3449//3555 1138//1242
f 4113//4219 2089//2195 3541//3647
f 4114//4220 117//124 119//126
f 2145//2251 3314//3420 4115//4221
f 4116//4222 1982//2088 1981//2087
f 2425//2531 385//438 384//437
f 4117//4223 1434//1540 4118//4224
f 1436//1542 2956//3062 1434//1540
f 3113//3219 4119//4225 3111//3217
f 4119//4225 3113//3219 4106//4212
f 4120//4226 1270//1374 1269//1373
f 2053//2159 4108//4214 2054//2160
f 3313//3419 4121//4227 3979//4085
f 4115//4221 4121//4227 117//124
f 1528//1634 4122//4228 1796//1902
f 2562//2668 3306//3412 4123//4229
f 4124//4230 2089//2195 4113//4219
f 973//1077 2576//2682 2577//2683
f 4125//4231 4126//4232 2239//2345
f 4125//4231 4127//4233 4128//4234
f 4129//4235 1828//1934 4130//4236
f 3726//3832 4131//4237 1828//1934
f 1387//1493 4132//4238 4133//4239
f 4133//4239 2371//2477 2370//2476
f 574//651 585//662 579//656
f 584//661 579//656 585//662
f 4134//4240 1956//2062 2629//2735
f 4135//4241 2334//2440 1973//2079
f 4136//4242 1585//1691 1210//1314
f 1571//1677 4137//4243 1572//1678
f 4138//4244 3411//3517 3410//3516
f 4139//4245 2678//2784 3403//3509
f 3354//3460 3341//3447 2539//2645
f 2274//2380 2277//2383 2275//2381
f 1051//1155 2068//2174 1052//1156
f 1671//1777 4140//4246 1672//1778
f 3265//3371 3264//3370 855//959
f 3264//3370 856//960 855//959
f 4138//4244 4141//4247 3411//3517
f 2441//2547 3405//3511 3398//3504
f 275//321 277//323 4142//4248
f 4143//4249 4144//4250 4145//4251
f 1867//1973 4146//4252 1868//1974
f 875//979 4147//4253 4148//4254
f 4149//4255 4150//4256 2615//2721
f 4150//4256 3456//3562 2615//2721
f 3193//3299 4151//4257 3191//3297
f 4151//4257 3193//3299 4136//4242
f 4152//4258 4153//4259 4154//4260
f 2255//2361 1721//1827 1723//1829
f 3653//3759 4155//4261 3654//3760
f 1134//1238 2295//2401 1135//1239
f 734//834 4156//4262 740//840
f 2518//2624 4156//4262 680//770
f 2159//2265 1408//1514 1677//1783
f 4157//4263 80//85 4158//4264
f 2285//2391 3040//3146 544//618
f 2285//2391 2288//2394 3040//3146
f 3961//4067 4159//4265 1156//1260
f 3968//4074 3967//4073 4160//4266
f 1523//1629 3237//3343 793//897
f 1523//1629 781//881 778//878
f 137//148 2162//2268 3880//3986
f 150//165 135//146 153//170
f 1470//1576 1879//1985 1469//1575
f 3150//3256 1281//1385 3148//3254
f 2121//2227 2123//2229 3446//3552
f 3540//3646 4161//4267 4162//4268
f 3578//3684 77//82 83//88
f 43//44 2185//2291 2187//2293
f 2990//3096 2618//2724 2991//3097
f 2097//2203 1752//1858 1751//1857
f 73//78 3613//3719 4163//4269
f 73//78 4163//4269 4045//4151
f 3878//3984 4164//4270 1573//1679
f 3878//3984 2611//2717 4165//4271
f 1271//1375 4166//4272 4167//4273
f 4166//4272 4168//4274 4167//4273
f 4169//4275 1229//1333 4170//4276
f 2634//2740 4171//4277 2632//2738
f 4172//4278 3209//3315 2391//2497
f 2570//2676 2572//2678 1083//1187
f 1933//2039 1614//1720 936//1040
f 2505//2611 2872//2978 3266//3372
f 46//47 4173//4279 1481//1587
f 2187//2293 2725//2831 2186//2292
f 3489//3595 490//557 4174//4280
f 1948//2054 1949//2055 1951//2057
f 3535//3641 1015//1119 4175//4281
f 3535//3641 3538//3644 1015//1119
f 2493//2599 3132//3238 3131//3237
f 3588//3694 3987//4093 2246//2352
f 4176//4282 2313//2419 2386//2492
f 4176//4282 2386//2492 2150//2256
f 2157//2263 2156//2262 3850//3956
f 823//927 4177//4283 2062//2168
f 4178//4284 3209//3315 4172//4278
f 2941//3047 2394//2500 4179//4285
f 1217//1321 4180//4286 1215//1319
f 758//858 810//914 809//913
f 4181//4287 4182//4288 670//757
f 4181//4287 3730//3836 4183//4289
f 2738//2844 2737//2843 2736//2842
f 919//1023 921//1025 1826//1932
f 4184//4290 1341//1447 3705//3811
f 4185//4291 2291//2397 4186//4292
f 4187//4293 2936//3042 2938//3044
f 4026//4132 2939//3045 4187//4293
f 2455//2561 1151//1255 2456//2562
f 2456//2562 1245//1349 2390//2496
f 2301//2407 4188//4294 2302//2408
f 3542//3648 4189//4295 4190//4296
f 2570//2676 1083//1187 1082//1186
f 3075//3181 3072//3178 2820//2926
f 2293//2399 1909//2015 2296//2402
f 1872//1978 1874//1980 3702//3808
f 4191//4297 1188//1292 1781//1887
f 3408//3514 2949//3055 1781//1887
f 1413//1519 4192//4298 2245//2351
f 3961//4067 736//836 4159//4265
f 4193//4299 4194//4300 2777//2883
f 4193//4299 4195//4301 2101//2207
f 3387//3493 1437//1543 3388//3494
f 4196//4302 1437//1543 1439//1545
f 4197//4303 3730//3836 3729//3835
f 4197//4303 2815//2921 2814//2920
f 4198//4304 3181//3287 3180//3286
f 3142//3248 4199//4305 3143//3249
f 3491//3597 4200//4306 4201//4307
f 4202//4308 2105//2211 3904//4010
f 4203//4309 4204//4310 4205//4311
f 1236//1340 4203//4309 4205//4311
f 4206//4312 3094//3200 3316//3422
f 2190//2296 4206//4312 2613//2719
f 4207//4313 4208//4314 4209//4315
f 4210//4316 4209//4315 4211//4317
f 4210//4316 4207//4313 4209//4315
f 2484//2590 4207//4313 4210//4316
f 309//355 322//368 314//360
f 3075//3181 2820//2926 4212//4318
f 4213//4319 4214//4320 1811//1917
f 4214//4320 4213//4319 2251//2357
f 3342//3448 3353//3459 3971//4077
f 3353//3459 3436//3542 3971//4077
f 641//725 640//724 583//660
f 583//660 561//638 563//640
f 4091//4197 4215//4321 2824//2930
f 4216//4322 2256//2362 4217//4323
f 1653//1759 4218//4324 1654//1760
f 4218//4324 1653//1759 4219//4325
f 2792//2898 4220//4326 4221//4327
f 2510//2616 847//951 849//953
f 1517//1623 1516//1622 4222//4328
f 4222//4328 1778//1884 4223//4329
f 2005//2111 1365//1471 1364//1470
f 4224//4330 3197//3303 1857//1963
f 2134//2240 997//1101 4225//4331
f 1404//1510 2761//2867 1405//1511
f 4226//4332 805//909 4227//4333
f 756//856 4228//4334 4229//4335
f 4224//4330 850//954 4230//4336
f 4224//4330 4230//4336 3197//3303
f 4231//4337 2573//2679 360//411
f 2680//2786 3591//3697 4232//4338
f 1627//1733 1626//1732 1076//1180
f 4003//4109 4002//4108 2863//2969
f 82//87 4233//4339 4234//4340
f 93//98 52//53 62//63
f 4235//4341 4236//4342 2103//2209
f 952//1056 3358//3464 1288//1392
f 3711//3817 1348//1454 1395//1501
f 2792//2898 4221//4327 2930//3036
f 2706//2812 4237//4343 1641//1747
f 2706//2812 1641//1747 1644//1750
f 2199//2305 2278//2384 4238//4344
f 3082//3188 2280//2386 2201//2307
f 4239//4345 3230//3336 3231//3337
f 4240//4346 1839//1945 1838//1944
f 4241//4347 4242//4348 1467//1573
f 2977//3083 4241//4347 1467//1573
f 1492//1598 1490//1596 1493//1599
f 805//909 4226//4332 4243//4349
f 2220//2326 4244//4350 2221//2327
f 2199//2305 4238//4344 4245//4351
f 3955//4061 1749//1855 3954//4060
f 4246//4352 4247//4353 1749//1855
f 3478//3584 1937//2043 3479//3585
f 1937//2043 4248//4354 3479//3585
f 4249//4355 2200//2306 2221//2327
f 2200//2306 1049//1153 1045//1149
f 490//557 4250//4356 4251//4357
f 2047//2153 4252//4358 4253//4359
f 4254//4360 2899//3005 2901//3007
f 4255//4361 3207//3313 3206//3312
f 2886//2992 1979//2085 3536//3642
f 1978//2084 3536//3642 1979//2085
f 2207//2313 3637//3743 4256//4362
f 2771//2877 4257//4363 4258//4364
f 4259//4365 4260//4366 170//191
f 4261//4367 3009//3115 3012//3118
f 4262//4368 4263//4369 2974//3080
f 3309//3415 2344//2450 3310//3416
f 2481//2587 1108//1212 4264//4370
f 1347//1453 1596//1702 1595//1701
f 1929//2035 905//1009 950//1054
f 1929//2035 950//1054 4265//4371
f 114//121 1718//1824 3293//3399
f 114//121 105//112 107//114
f 1354//1460 4258//4364 1355//1461
f 4258//4364 4257//4363 1355//1461
f 3979//4085 3978//4084 3980//4086
f 2633//2739 4266//4372 2631//2737
f 2858//2964 4248//4354 802//906
f 1785//1891 4267//4373 4268//4374
f 2809//2915 4269//4375 4270//4376
f 4269//4375 4271//4377 4272//4378
f 1266//1370 2114//2220 36//37
f 3203//3309 3202//3308 3199//3305
f 3656//3762 3655//3761 3654//3760
f 3692//3798 953//1057 955//1059
f 802//906 4273//4379 2357//2463
f 4274//4380 2356//2462 2355//2461
f 2564//2670 2563//2669 4275//4381
f 1372//1478 4276//4382 1373//1479
f 4277//4383 4278//4384 2209//2315
f 3683//3789 4279//4385 4280//4386
f 4136//4242 1210//1314 1587//1693
f 4151//4257 4136//4242 1587//1693
f 1611//1717 4281//4387 1608//1714
f 2357//2463 4273//4379 2356//2462
f 541//615 3934//4040 3933//4039
f 4282//4388 534//608 535//609
f 1484//1590 1483//1589 4283//4389
f 4283//4389 3748//3854 3747//3853
f 3467//3573 4284//4390 4057//4163
f 3467//3573 4057//4163 2000//2106
f 1804//1910 4285//4391 1805//1911
f 3148//3254 1281//1385 1804//1910
f 1896//2002 1895//2001 3674//3780
f 985//1089 1947//2053 4286//4392
f 4287//4393 3610//3716 1239//1343
f 1237//1341 1239//1343 3610//3716
f 2333//2439 4288//4394 4289//4395
f 3862//3968 2333//2439 4289//4395
f 4285//4391 1283//1387 1805//1911
f 4290//4396 1460//1566 1459//1565
f 1899//2005 1542//1648 1897//2003
f 4291//4397 1578//1684 4292//4398
f 1240//1344 1242//1346 4293//4399
f 1894//2000 2736//2842 1895//2001
f 4294//4400 900//1004 902//1006
f 2995//3101 4295//4401 1789//1895
f 2451//2557 4296//4402 4288//4394
f 799//903 4297//4403 4298//4404
f 4204//4310 2306//2412 4299//4405
f 4205//4311 4204//4310 4299//4405
f 4300//4406 4301//4407 4302//4408
f 4303//4409 4304//4410 3024//3130
f 4144//4250 4305//4411 4145//4251
f 4305//4411 4144//4250 1907//2013
f 4022//4128 2149//2255 2148//2254
f 2482//2588 2485//2591 4306//4412
f 4276//4382 3414//3520 1373//1479
f 3414//3520 3415//3521 2352//2458
f 4307//4413 1885//1991 4308//4414
f 4309//4415 4308//4414 1542//1648
f 2972//3078 3870//3976 4310//4416
f 4311//4417 3870//3976 2972//3078
f 3530//3636 4312//4418 3531//3637
f 4312//4418 1812//1918 474//539
f 3338//3444 1263//1367 3339//3445
f 1263//1367 3338//3444 3219//3325
f 4313//4419 3914//4020 3915//4021
f 3914//4020 1361//1467 1363//1469
f 4314//4420 2649//2755 4315//4421
f 4314//4420 2650//2756 2649//2755
f 2843//2949 1760//1866 2839//2945
f 1769//1875 2839//2945 1770//1876
f 3174//3280 3173//3279 3175//3281
f 233//271 1819//1925 222//258
f 1027//1131 1416//1522 4316//4422
f 4316//4422 2245//2351 2244//2350
f 4317//4423 3499//3605 3498//3604
f 4317//4423 4318//4424 4319//4425
f 2085//2191 2083//2189 1567//1673
f 3913//4019 3914//4020 4313//4419
f 3599//3705 3598//3704 3594//3700
f 3598//3704 2675//2781 3594//3700
f 1481//1587 4173//4279 41//42
f 2583//2689 1714//1820 2586//2692
f 1619//1725 4320//4426 290//336
f 292//338 1619//1725 290//336
f 1015//1119 1167//1271 1060//1164
f 2615//2721 3298//3404 4149//4255
f 3969//4075 934//1038 1965//2071
f 1964//2070 4321//4427 934//1038
f 3819//3925 3820//3926 1967//2073
f 1967//2073 1970//2076 3276//3382
f 742//842 4322//4428 722//822
f 3513//3619 3141//3247 3143//3249
f 1759//1865 56//57 2843//2949
f 1759//1865 2843//2949 2839//2945
f 4323//4429 4324//4430 3284//3390
f 3775//3881 3284//3390 3286//3392
f 1518//1624 1514//1620 1516//1622
f 3443//3549 2699//2805 2660//2766
f 3274//3380 3273//3379 4325//4431
f 2721//2827 1703//1809 4325//4431
f 3018//3124 1576//1682 2161//2267
f 2302//2408 1574//1680 4326//4432
f 1099//1203 3123//3229 3125//3231
f 3453//3559 3466//3572 4327//4433
f 3669//3775 4328//4434 4329//4435
f 1932//2038 4328//4434 3669//3775
f 20//21 4330//4436 3936//4042
f 2464//2570 4330//4436 20//21
f 2038//2144 4331//4437 1196//1300
f 4331//4437 1351//1457 1349//1455
f 4332//4438 2608//2714 4333//4439
f 4332//4438 2730//2836 1579//1685
f 4334//4440 1124//1228 3694//3800
f 3180//3286 3179//3285 4335//4441
f 3651//3757 1582//1688 1584//1690
f 4336//4442 2192//2298 1659//1765
f 2221//2327 2200//2306 1045//1149
f 2663//2769 4337//4443 3973//4079
f 3992//4098 1941//2047 3035//3141
f 1706//1812 1705//1811 3025//3131
f 3494//3600 4338//4444 3495//3601
f 1490//1596 4339//4445 4340//4446
f 4341//4447 1986//2092 4342//4448
f 3395//3501 3394//3500 3396//3502
f 4343//4449 4344//4450 167//188
f 1534//1640 885//989 3104//3210
f 140//151 851//955 1734//1840
f 140//151 1734//1840 1733//1839
f 4345//4451 3124//3230 4346//4452
f 773//873 763//863 769//869
f 2527//2633 2104//2210 2102//2208
f 933//1037 2527//2633 3675//3781
f 4118//4224 4347//4453 4117//4223
f 4117//4223 4347//4453 2043//2149
f 1907//2013 3440//3546 3888//3994
f 3440//3546 1907//2013 3439//3545
f 3071//3177 2404//2510 4348//4454
f 834//938 833//937 2555//2661
f 3791//3897 1669//1775 1668//1774
f 4349//4455 3791//3897 3356//3462
f 763//863 3124//3230 4345//4451
f 3065//3171 3126//3232 763//863
f 2140//2246 2733//2839 2138//2244
f 2731//2837 2733//2839 2140//2246
f 4072//4178 1019//1123 1106//1210
f 1019//1123 4072//4178 4071//4177
f 4350//4456 1926//2032 1928//2034
f 2976//3082 2974//3080 4351//4457
f 4218//4324 4219//4325 3764//3870
f 4219//4325 1637//1743 3764//3870
f 708//808 707//807 689//788
f 3171//3277 3170//3276 2382//2488
f 2969//3075 2971//3077 1114//1218
f 3779//3885 3234//3340 4352//4458
f 529//603 512//582 531//605
f 531//605 550//626 549//625
f 4070//4176 3002//3108 3001//3107
f 1024//1128 904//1008 906//1010
f 4353//4459 4354//4460 42//43
f 42//43 3773//3879 1107//1211
f 929//1033 3684//3790 1295//1399
f 929//1033 1295//1399 930//1034
f 4355//4461 3554//3660 3555//3661
f 4292//4398 1578//1684 1577//1683
f 4356//4462 967//1071 969//1073
f 96//101 4356//4462 3367//3473
f 3604//3710 2644//2750 3605//3711
f 2643//2749 3605//3711 2644//2750
f 1225//1329 1564//1670 4357//4463
f 4089//4195 2460//2566 4358//4464
f 553//630 4359//4465 556//633
f 4359//4465 553//630 554//631
f 1011//1115 3781//3887 4360//4466
f 2560//2666 1012//1116 3951//4057
f 1246//1350 4361//4467 4362//4468
f 4362//4468 4361//4467 2076//2182
f 4363//4469 3779//3885 4352//4458
f 976//1080 175//196 4364//4470
f 2489//2595 296//342 298//344
f 4365//4471 3295//3401 298//344
f 3302//3408 4366//4472 836//940
f 3303//3409 3305//3411 4367//4473
f 4368//4474 752//852 754//854
f 4369//4475 752//852 4368//4474
f 4370//4476 1378//1484 4371//4477
f 2829//2935 2828//2934 2827//2933
f 4372//4478 2737//2843 2738//2844
f 2738//2844 4373//4479 4372//4478
f 938//1042 874//978 1902//2008
f 2837//2943 2836//2942 4374//4480
f 1549//1655 3384//3490 1029//1133
f 2959//3065 2242//2348 2241//2347
f 2713//2819 3861//3967 3841//3947
f 2713//2819 3841//3947 4375//4481
f 893//997 896//1000 3617//3723
f 3792//3898 893//997 3793//3899
f 4376//4482 2802//2908 2351//2457
f 4377//4483 4376//4482 1676//1782
f 3334//3440 1234//1338 3562//3668
f 3334//3440 81//86 2540//2646
f 4378//4484 3883//3989 2787//2893
f 2788//2894 4378//4484 2787//2893
f 958//1062 4100//4206 4101//4207
f 121//128 4100//4206 958//1062
f 4303//4409 4379//4485 4304//4410
f 2118//2224 1884//1990 1883//1989
f 4380//4486 2781//2887 4381//4487
f 4382//4488 2278//2384 2289//2395
f 4383//4489 4384//4490 4385//4491
f 1603//1709 996//1100 995//1099
f 4386//4492 2307//2413 2306//2412
f 3821//3927 4242//4348 4241//4347
f 4387//4493 3080//3186 3082//3188
f 3083//3189 3080//3186 3077//3183
f 2088//2194 4388//4494 3895//4001
f 4161//4267 2574//2680 4162//4268
f 408//464 425//482 438//497
f 4389//4495 408//464 4390//4496
f 4391//4497 332//380 4392//4498
f 4392//4498 315//361 3144//3250
f 1105//1209 1289//1393 2110//2216
f 1105//1209 2110//2216 2109//2215
f 4393//4499 4394//4500 4395//4501
f 1325//1431 4393//4499 1326//1432
f 2223//2329 4396//4502 3575//3681
f 2223//2329 4397//4503 4398//4504
f 1881//1987 1806//1912 2307//2413
f 2307//2413 1803//1909 28//29
f 2494//2600 2493//2599 3131//3237
f 3131//3237 762//862 761//861
f 4399//4505 4398//4504 4397//4503
f 3320//3426 4400//4506 2328//2434
f 1883//1989 2119//2225 2118//2224
f 2750//2856 3760//3866 3777//3883
f 1629//1735 2762//2868 1630//1736
f 4401//4507 4385//4491 4384//4490
f 1029//1133 4402//4508 1030//1134
f 3885//3991 4402//4508 1029//1133
f 4007//4113 1056//1160 4005//4111
f 1860//1966 4403//4509 4404//4510
f 1312//1418 3163//3269 1313//1419
f 4405//4511 3163//3269 4406//4512
f 3802//3908 1739//1845 3157//3263
f 1728//1834 4407//4513 4105//4211
f 3639//3745 3638//3744 3640//3746
f 1500//1606 1502//1608 1354//1460
f 113//120 4408//4514 864//968
f 2164//2270 3977//4083 864//968
f 4409//4515 3754//3860 4410//4516
f 1716//1822 1712//1818 1711//1817
f 4411//4517 3301//3407 4412//4518
f 1193//1297 3983//4089 1194//1298
f 2021//2127 3291//3397 10//10
f 3796//3902 3795//3901 4413//4519
f 2565//2671 3102//3208 4414//4520
f 2099//2205 2101//2207 1071//1175
f 1597//1703 2168//2274 2170//2276
f 2170//2276 2342//2448 1597//1703
f 1311//1417 1310//1416 4415//4521
f 2712//2818 4416//4522 2713//2819
f 2025//2131 4417//4523 3084//3190
f 4417//4523 2025//2131 4418//4524
f 4419//4525 2907//3013 2908//3014
f 1475//1581 4419//4525 1476//1582
f 3385//3491 4420//4526 4421//4527
f 2559//2665 4422//4528 1012//1116
f 1173//1277 3009//3115 2996//3102
f 3265//3371 1173//1277 1175//1279
f 903//1007 3798//3904 4423//4529
f 472//537 903//1007 3444//3550
f 662//748 4424//4530 680//770
f 2473//2579 3455//3561 4424//4530
f 4425//4531 1418//1524 4426//4532
f 3566//3672 2693//2799 2741//2847
f 2976//3082 2196//2302 4427//4533
f 4428//4534 4262//4368 2974//3080
f 1158//1262 3525//3631 1344//1450
f 3030//3136 1039//1143 1038//1142
f 4338//4444 2062//2168 3353//3459
f 3436//3542 3353//3459 3970//4076
f 1423//1529 1425//1531 1276//1380
f 4429//4535 1276//1380 4430//4536
f 4431//4537 4405//4511 4406//4512
f 11//11 4409//4515 4405//4511
f 2975//3081 2194//2300 2196//2302
f 3162//3268 3161//3267 1922//2028
f 3809//3915 4432//4538 3806//3912
f 3030//3136 4432//4538 3809//3915
f 2761//2867 4433//4539 4434//4540
f 4435//4541 2761//2867 4436//4542
f 4196//4302 1439//1545 4437//4543
f 3243//3349 3242//3348 941//1045
f 3918//4024 110//117 3919//4025
f 1276//1380 1425//1531 4430//4536
f 1758//1864 2818//2924 2817//2923
f 1758//1864 1757//1863 1410//1516
f 2263//2369 4438//4544 2264//2370
f 3229//3335 3228//3334 3230//3336
f 4439//4545 4440//4546 4118//4224
f 2955//3061 1548//1654 1448//1554
f 4441//4547 3504//3610 4442//4548
f 3409//3515 1196//1300 1195//1299
f 42//43 3578//3684 43//44
f 43//44 3578//3684 83//88
f 3923//4029 1506//1612 2983//3089
f 4443//4549 1505//1611 4444//4550
f 2255//2361 4154//4260 1721//1827
f 1726//1832 1725//1831 4445//4551
f 1820//1926 281//327 1821//1927
f 1820//1926 3253//3359 281//327
f 3789//3895 4446//4552 181//202
f 3788//3894 3789//3895 181//202
f 1188//1292 1836//1942 3659//3765
f 1187//1291 1836//1942 1188//1292
f 4447//4553 305//351 1111//1215
f 3920//4026 305//351 2160//2266
f 3332//3438 4448//4554 2010//2116
f 895//999 894//998 139//150
f 30//31 29//30 4449//4555
f 4449//4555 1526//1632 1796//1902
f 3093//3199 907//1011 909//1013
f 454//514 4450//4556 3975//4081
f 574//651 3720//3826 585//662
f 3720//3826 2796//2902 4451//4557
f 443//503 445//505 4452//4558
f 4453//4559 912//1016 445//505
f 3874//3980 3876//3982 1903//2009
f 1903//2009 1905//2011 1176//1280
f 4454//4560 3283//3389 2647//2753
f 1332//1438 4443//4549 4444//4550
f 2471//2577 3220//3326 4455//4561
f 4456//4562 4455//4561 2465//2571
f 4059//4165 4457//4563 4458//4564
f 4459//4565 4059//4165 4458//4564
f 1551//1657 3192//3298 3191//3297
f 1244//1348 3666//3772 1551//1657
f 2461//2567 4460//4566 2462//2568
f 4461//4567 3708//3814 3710//3816
f 922//1026 989//1093 991//1095
f 2033//2139 989//1093 922//1026
f 4462//4568 2197//2303 4463//4569
f 4462//4568 1159//1263 1161//1265
f 3026//3132 2826//2932 4464//4570
f 4465//4571 2821//2927 4026//4132
f 3972//4078 3973//4079 1044//1148
f 386//439 385//438 4466//4572
f 4467//4573 3321//3427 4468//4574
f 1808//1914 3321//3427 1788//1894
f 2272//2378 2271//2377 1047//1151
f 1922//2028 3160//3266 3162//3268
f 3657//3763 3660//3766 3658//3764
f 1102//1206 1190//1294 1103//1207
f 747//847 3906//4012 1430//1536
f 1430//1536 3906//4012 3907//4013
f 3370//3476 929//1033 931//1035
f 4469//4575 3160//3266 931//1035
f 1545//1651 2957//3063 3932//4038
f 4470//4576 3680//3786 3679//3785
f 917//1021 2729//2835 4471//4577
f 2646//2752 3742//3848 4471//4577
f 4472//4578 1309//1415 4470//4576
f 4473//4579 4474//4580 2956//3062
f 2696//2802 1128//1232 1617//1723
f 1615//1721 1617//1723 1128//1232
f 4467//4573 4475//4581 3321//3427
f 1040//1144 1786//1892 1788//1894
f 3931//4037 4476//4582 3929//4035
f 3929//4035 4476//4582 4477//4583
f 4478//4584 2436//2542 2435//2541
f 1605//1711 1477//1583 1476//1582
f 87//92 2164//2270 166//187
f 98//103 99//104 2934//3040
f 2727//2833 3642//3748 2728//2834
f 2584//2690 44//45 3089//3195
f 4479//4585 3869//3975 3871//3977
f 4480//4586 2744//2850 4481//4587
f 301//347 882//986 1322//1428
f 4482//4588 299//345 301//347
f 3081//3187 3083//3189 4483//4589
f 3079//3185 3078//3184 4381//4487
f 3967//4073 1156//1260 4160//4266
f 2765//2871 4484//4590 1160//1264
f 3003//3109 4485//4591 3004//3110
f 181//202 3004//3110 179//200
f 4486//4592 2247//2353 2248//2354
f 4487//4593 4486//4592 2248//2354
f 4488//4594 2155//2261 4489//4595
f 4489//4595 3251//3357 4488//4594
f 2452//2558 4490//4596 2945//3051
f 2452//2558 797//901 2453//2559
f 3724//3830 3722//3828 3725//3831
f 3725//3831 1218//1322 3214//3320
f 4491//4597 1646//1752 2011//2117
f 3738//3844 2589//2695 2588//2694
f 2317//2423 2316//2422 2834//2940
f 4492//4598 3583//3689 3582//3688
f 3738//3844 3737//3843 2592//2698
f 3327//3433 2579//2685 3737//3843
f 4130//4236 3//3 4129//4235
f 4129//4235 2646//2752 3741//3847
f 4485//4591 4493//4599 4494//4600
f 4495//4601 3004//3110 4485//4591
f 2579//2685 2591//2697 2592//2698
f 3737//3843 2579//2685 2592//2698
f 4496//4602 1460//1566 4290//4396
f 3728//3834 1461//1567 2515//2621
f 2853//2959 1799//1905 3417//3523
f 1801//1907 1112//1216 366//417
f 4497//4603 1224//1328 4498//4604
f 3270//3376 1225//1329 1224//1328
f 2452//2558 4499//4605 797//901
f 4499//4605 1026//1130 2948//3054
f 2427//2533 2665//2771 3608//3714
f 3608//3714 3607//3713 2427//2533
f 152//169 124//131 158//175
f 158//175 124//131 2890//2996
f 2234//2340 2233//2339 4500//4606
f 4500//4606 2233//2339 2232//2338
f 4501//4607 1937//2043 3478//3584
f 1934//2040 1296//1400 3686//3792
f 4502//4608 3527//3633 4018//4124
f 4503//4609 2316//2422 2318//2424
f 1504//1610 1352//1458 4504//4610
f 4331//4437 1504//1610 4504//4610
f 3347//3453 2981//3087 2980//3086
f 2927//3033 1466//1572 4505//4611
f 4506//4612 4006//4112 4005//4111
f 1225//1329 4357//4463 4005//4111
f 413//469 415//471 4507//4613
f 4507//4613 3633//3739 3636//3742
f 880//984 4508//4614 878//982
f 4508//4614 1974//2080 4509//4615
f 1495//1601 2755//2861 1496//1602
f 4146//4252 4148//4254 4510//4616
f 304//350 4511//4617 4512//4618
f 3356//3462 3355//3461 4349//4455
f 4513//4619 3293//3399 1718//1824
f 3305//3411 4513//4619 3294//3400
f 2225//2331 2940//3046 2226//2332
f 2061//2167 821//925 823//927
f 2953//3059 2952//3058 4514//4620
f 1141//1245 4515//4621 4516//4622
f 1386//1492 1008//1112 1391//1497
f 1386//1492 1391//1497 2804//2910
f 2327//2433 2329//2435 4189//4295
f 3542//3648 2327//2433 4189//4295
f 4512//4618 4511//4617 3355//3461
f 4447//4553 1111//1215 1800//1906
f 3473//3579 3065//3171 3472//3578
f 3472//3578 4517//4623 3473//3579
f 2691//2797 2320//2426 4518//4624
f 4518//4624 2320//2426 3800//3906
f 3264//3370 4519//4625 1171//1275
f 4519//4625 4520//4626 2086//2192
f 4209//4315 3050//3156 3051//3157
f 4209//4315 4208//4314 3050//3156
f 880//984 1975//2081 1974//2080
f 1974//2080 4508//4614 880//984
f 825//929 1899//2005 4521//4627
f 1899//2005 3318//3424 4521//4627
f 4522//4628 4502//4608 4018//4124
f 358//409 357//408 1901//2007
f 4523//4629 2765//2871 1159//1263
f 375//427 4523//4629 1159//1263
f 4524//4630 3592//3698 3593//3699
f 3943//4049 4524//4630 447//507
f 4525//4631 3050//3156 4208//4314
f 4229//4335 4525//4631 1953//2059
f 838//942 837//941 4367//4473
f 4526//4632 3303//3409 4367//4473
f 1641//1747 4237//4343 3837//3943
f 3548//3654 4237//4343 3549//3655
f 1683//1789 3011//3117 1684//1790
f 1482//1588 1484//1590 3011//3117
f 58//59 57//58 1487//1593
f 1487//1593 57//58 4527//4633
f 2779//2885 2100//2206 2780//2886
f 2469//2575 2468//2574 2779//2885
f 3836//3942 3548//3654 2946//3052
f 4490//4596 2946//3052 2945//3051
f 2125//2231 4111//4217 2249//2355
f 4528//4634 3152//3258 1257//1361
f 4529//4635 1053//1157 4530//4636
f 4009//4115 4006//4112 4506//4612
f 2424//2530 2015//2121 2375//2481
f 3824//3930 2018//2124 4531//4637
f 3907//4013 4532//4638 1430//1536
f 4532//4638 3441//3547 1983//2089
f 15//15 3201//3307 4533//4639
f 3493//3599 3203//3309 15//15
f 4309//4415 4307//4413 4308//4414
f 2248//2354 1886//1992 4534//4640
f 1172//1276 2078//2184 2077//2183
f 3688//3794 3690//3796 1172//1276
f 3287//3393 4535//4641 1970//2076
f 4535//4641 3682//3788 3277//3383
f 3003//3109 3004//3110 172//193
f 172//193 3173//3279 1735//1841
f 984//1088 920//1024 4536//4642
f 920//1024 984//1088 921//1025
f 2968//3074 1001//1105 1184//1288
f 1116//1220 1115//1219 1695//1801
f 2422//2528 4537//4643 2421//2527
f 4537//4643 4120//4226 1269//1373
f 1700//1806 1702//1808 1536//1642
f 1700//1806 1536//1642 3373//3479
f 2650//2756 4314//4420 4538//4644
f 4538//4644 759//859 2650//2756
f 2138//2244 1092//1196 1543//1649
f 1092//1196 1544//1650 1543//1649
f 4539//4645 1119//1223 1118//1222
f 2812//2918 4540//4646 1122//1226
f 2581//2687 3739//3845 2592//2698
f 2581//2687 2568//2674 3739//3845
f 2034//2140 2422//2528 2421//2527
f 3299//3405 4442//4548 3504//3610
f 300//346 4541//4647 4542//4648
f 4543//4649 4544//4650 3058//3164
f 3447//3553 3449//3555 1137//1241
f 3919//4025 1137//1241 3917//4023
f 2593//2699 4545//4651 2594//2700
f 4546//4652 773//873 769//869
f 4547//4653 3410//3516 3412//3518
f 1504//1610 4331//4437 2443//2549
f 878//982 1869//1975 4548//4654
f 3655//3761 2917//3023 4548//4654
f 3633//3739 4549//4655 3636//3742
f 2318//2424 2317//2423 3528//3634
f 801//905 2239//2345 4126//4232
f 4550//4656 4281//4387 4551//4657
f 3909//4015 3974//4080 4552//4658
f 2819//2925 4527//4633 57//58
f 1718//1824 4553//4659 4554//4660
f 4553//4659 946//1050 4554//4660
f 2193//2299 4555//4661 3161//3267
f 2202//2308 4556//4662 3521//3627
f 4378//4484 570//647 3883//3989
f 3884//3990 3028//3134 3027//3133
f 1106//1210 4557//4663 4072//4178
f 1105//1209 4557//4663 1106//1210
f 3630//3736 1454//1560 3631//3737
f 1454//1560 4004//4110 1456//1562
f 4558//4664 2030//2136 1613//1719
f 2383//2489 3743//3849 1480//1586
f 910//1014 912//1016 4453//4559
f 1774//1880 910//1014 4453//4559
f 4559//4665 4426//4532 2741//2847
f 2741//2847 2237//2343 2236//2342
f 3284//3390 2880//2986 3285//3391
f 4560//4666 54//55 53//54
f 1507//1613 3404//3510 2022//2128
f 2676//2782 2023//2129 2022//2128
f 3986//4092 4561//4667 2449//2555
f 4562//4668 2449//2555 3849//3955
f 1563//1669 4408//4514 4563//4669
f 112//119 4408//4514 113//120
f 4564//4670 2152//2258 2324//2430
f 2313//2419 2324//2430 2323//2429
f 2537//2643 1262//1366 1150//1254
f 1263//1367 1262//1366 3339//3445
f 4370//4476 1379//1485 1378//1484
f 4355//4461 3555//3661 4370//4476
f 4565//4671 3813//3919 3814//3920
f 4565//4671 3857//3963 3859//3965
f 319//365 446//506 320//366
f 2045//2151 3942//4048 319//365
f 4566//4672 1058//1162 4567//4673
f 1058//1162 4566//4672 1059//1163
f 1231//1335 1233//1337 4568//4674
f 4568//4674 4061//4167 2137//2243
f 2937//3043 4569//4675 2938//3044
f 4014//4120 4013//4119 4570//4676
f 1405//1511 1647//1753 1145//1249
f 1405//1511 1645//1751 2590//2696
f 4571//4677 4572//4678 3956//4062
f 4572//4678 1162//1266 3956//4062
f 2824//2930 4573//4679 2825//2931
f 4215//4321 4573//4679 2824//2930
f 4574//4680 1255//1359 3152//3258
f 3898//4004 4574//4680 2735//2841
f 2243//2349 2242//2348 4575//4681
f 4575//4681 1211//1315 2243//2349
f 770//870 1264//1368 771//871
f 1264//1368 759//859 771//871
f 4230//4336 1364//1470 3197//3303
f 3197//3303 2211//2317 2212//2318
f 4511//4617 304//350 4576//4682
f 4576//4682 1000//1104 999//1103
f 4569//4675 4014//4120 2938//3044
f 3531//3637 476//541 2913//3019
f 445//505 2747//2853 1232//1336
f 1383//1489 1382//1488 1384//1490
f 3198//3304 3197//3303 2212//2318
f 4030//4136 3461//3567 3460//3566
f 107//114 106//113 4233//4339
f 106//113 4234//4340 4233//4339
f 2991//3097 2097//2203 1751//1857
f 2619//2725 2621//2727 1073//1177
f 268//314 3255//3361 269//315
f 3390//3496 3389//3495 3388//3494
f 1093//1197 3386//3492 4577//4683
f 4577//4683 4578//4684 2708//2814
f 3952//4058 1304//1408 1394//1500
f 1394//1500 1304//1408 4579//4685
f 2446//2552 3330//3436 2433//2539
f 2446//2552 2433//2539 2445//2551
f 4580//4686 1004//1108 1006//1110
f 4580//4686 3056//3162 4581//4687
f 2014//2120 1449//1555 1548//1654
f 1629//1735 1646//1752 2762//2868
f 3811//3917 4582//4688 3812//3918
f 2621//2727 3812//3918 4582//4688
f 4583//4689 3464//3570 1559//1665
f 2035//2141 1559//1665 2036//2142
f 3295//3401 4365//4471 2070//2176
f 3255//3361 2073//2179 3256//3362
f 344//392 4584//4690 4585//4691
f 322//368 4586//4692 314//360
f 2128//2234 2428//2534 2683//2789
f 2130//2236 4543//4649 3058//3164
f 3447//3553 2554//2660 3448//3554
f 3539//3645 4587//4693 3540//3646
f 1323//1429 2943//3049 2942//3048
f 2722//2828 2720//2826 1323//1429
f 3462//3568 1993//2099 3463//3569
f 3062//3168 657//743 3063//3169
f 4588//4694 1453//1559 1452//1558
f 3442//3548 2860//2966 4589//4695
f 3592//3698 2128//2234 4590//4696
f 4590//4696 2128//2234 2682//2788
f 3104//3210 3103//3209 4591//4697
f 4343//4449 4592//4698 3104//3210
f 2//2 2647//2753 2645//2751
f 2647//2753 3283//3389 918//1022
f 3543//3649 4188//4294 2301//2407
f 4188//4294 3543//3649 4593//4699
f 3062//3168 762//862 657//743
f 762//862 3064//3170 763//863
f 286//332 1066//1170 1660//1766
f 1661//1767 286//332 1660//1766
f 3032//3138 3034//3140 3475//3581
f 1415//1521 1414//1520 4594//4700
f 2891//2997 2893//2999 1393//1499
f 2893//2999 1688//1794 1393//1499
f 1737//1843 2689//2795 971//1075
f 3367//3473 4356//4462 969//1073
f 818//922 820//924 2774//2880
f 3740//3846 816//920 2772//2878
f 3678//3784 2043//2149 4595//4701
f 2043//2149 2042//2148 4595//4701
f 3652//3758 1943//2049 3893//3999
f 1066//1170 1658//1764 1660//1766
f 15//15 4533//4639 1110//1214
f 4596//4702 4533//4639 4597//4703
f 2666//2772 2665//2771 2427//2533
f 2427//2533 2265//2371 1837//1943
f 4425//4531 4598//4704 1418//1524
f 1418//1524 4598//4704 1419//1525
f 2685//2791 2684//2790 4027//4133
f 1822//1928 1144//1248 1825//1931
f 3601//3707 4599//4705 3600//3706
f 1896//2002 3602//3708 1894//2000
f 3348//3454 3347//3453 2980//3086
f 2972//3078 4310//4416 2973//3079
f 4600//4706 4601//4707 1001//1105
f 4601//4707 1694//1800 1001//1105
f 1220//1324 1223//1327 1222//1326
f 3214//3320 1218//1322 1220//1324
f 1839//1945 2664//2770 1837//1943
f 889//993 2329//2435 279//325
f 412//468 4602//4708 3092//3198
f 4450//4556 454//514 4602//4708
f 2095//2201 858//962 2096//2202
f 4565//4671 1752//1858 3857//3963
f 1598//1704 1600//1706 759//859
f 1230//1334 759//859 1600//1706
f 1608//1714 3110//3216 4603//4709
f 1608//1714 4603//4709 3997//4103
f 265//311 274//320 884//988
f 884//988 3681//3787 4011//4117
f 4303//4409 3024//3130 3023//3129
f 4604//4710 3023//3129 3037//3143
f 1476//1582 2908//3014 1604//1710
f 2908//3014 1476//1582 4419//4525
f 3784//3890 3790//3896 3791//3897
f 3791//3897 4349//4455 3784//3890
f 2752//2858 4605//4711 2753//2859
f 3647//3753 3648//3754 235//273
f 2299//2405 3842//3948 2297//2403
f 1062//1166 1064//1168 1583//1689
f 1089//1193 1852//1958 2082//2188
f 3278//3384 3683//3789 3279//3385
f 2721//2827 3273//3379 3281//3387
f 2721//2827 4325//4431 3273//3379
f 4192//4298 3589//3695 2245//2351
f 2245//2351 3589//3695 2246//2352
f 3270//3376 1224//1328 4497//4603
f 2144//2250 4606//4712 2142//2248
f 2700//2806 1988//2094 2701//2807
f 994//1098 2111//2217 4342//4448
f 1144//1248 1143//1247 1825//1931
f 4070//4176 4069//4175 3002//3108
f 2851//2957 4376//4482 4377//4483
f 3924//4030 3926//4032 3925//4031
f 2586//2692 1714//1820 2587//2693
f 1714//1820 1716//1822 1711//1817
f 1602//1708 995//1099 1420//1526
f 1602//1708 1628//1734 1630//1736
f 4431//4537 1316//1422 2361//2467
f 2623//2729 4042//4148 4043//4149
f 4607//4713 973//1077 3693//3799
f 4608//4714 4113//4219 973//1077
f 2079//2185 853//957 852//956
f 852//956 4421//4527 4420//4526
f 3169//3275 4517//4623 2378//2484
f 3472//3578 2378//2484 4517//4623
f 3485//3591 4097//4203 1580//1686
f 4123//4229 3306//3412 1580//1686
f 4254//4360 4255//4361 3206//3312
f 3828//3934 4609//4715 2898//3004
f 3038//3144 2473//2579 3039//3145
f 2473//2579 4424//4530 3039//3145
f 2312//2418 2311//2417 3799//3905
f 2325//2431 2324//2430 3799//3905
f 4460//4566 2461//2567 4610//4716
f 4610//4716 2461//2567 163//182
f 4491//4597 1645//1751 1646//1752
f 2588//2694 2590//2696 1645//1751
f 3951//4057 1012//1116 3044//3150
f 3043//3149 3487//3593 3044//3150
f 2409//2515 2431//2537 2410//2516
f 4611//4717 4612//4718 2446//2552
f 2185//2291 116//123 3515//3621
f 1684//1790 3515//3621 116//123
f 3881//3987 1862//1968 1865//1971
f 875//979 4148//4254 4146//4252
f 3491//3597 1832//1938 4200//4306
f 1832//1938 4613//4719 4200//4306
f 2673//2779 1511//1617 2672//2778
f 3313//3419 2673//2779 4614//4720
f 2719//2825 1036//1140 1209//1313
f 3475//3581 4615//4721 1036//1140
f 2485//2591 4211//4317 4306//4412
f 3051//3157 4616//4722 2230//2336
f 4614//4720 2673//2779 2672//2778
f 4614//4720 3413//3519 2352//2458
f 4617//4723 302//348 296//342
f 4618//4724 3355//3461 302//348
f 1086//1190 3445//3551 1084//1188
f 3833//3939 3445//3551 3834//3940
f 2984//3090 2985//3091 2890//2996
f 957//1061 121//128 958//1062
f 4418//4524 2597//2703 2596//2702
f 4418//4524 3505//3611 4417//4523
f 2540//2646 81//86 2563//2669
f 2567//2673 1070//1174 1071//1175
f 993//1097 4055//4161 1985//2091
f 1403//1509 4562//4668 3849//3955
f 4619//4725 365//416 434//492
f 4620//4726 362//413 364//415
f 1925//2031 1934//2040 3685//3791
f 3369//3475 3368//3474 3684//3790
f 4335//4441 3179//3285 4621//4727
f 3179//3285 3183//3289 4621//4727
f 472//537 963//1067 473//538
f 963//1067 964//1068 473//538
f 3873//3979 3875//3981 3223//3329
f 4622//4728 3223//3329 1179//1283
f 3635//3741 3526//3632 4623//4729
f 4018//4124 3529//3635 4624//4730
f 3055//3161 1816//1922 1383//1489
f 1816//1922 1815//1921 1383//1489
f 94//99 4203//4309 1236//1340
f 4625//4731 2167//2273 2166//2272
f 3103//3209 4011//4117 2031//2137
f 2030//2136 3103//3209 2031//2137
f 4626//4732 3014//3120 1427//1533
f 1370//1476 3107//3213 1371//1477
f 2924//3030 3188//3294 3187//3293
f 306//352 308//354 4627//4733
f 3486//3592 3046//3152 3048//3154
f 2561//2667 4628//4734 3306//3412
f 4165//4271 4036//4142 3879//3985
f 961//1065 4036//4142 962//1066
f 2276//2382 2277//2383 4318//4424
f 4318//4424 776//876 775//875
f 4094//4200 1357//1463 4092//4198
f 4515//4621 2966//3072 4516//4622
f 4619//4725 4620//4726 364//415
f 1801//1907 4619//4725 364//415
f 4017//4123 356//407 842//946
f 4629//4735 356//407 3482//3588
f 835//939 4630//4736 833//937
f 3069//3175 2819//2925 2816//2922
f 1326//1432 4393//4499 4395//4501
f 2087//2193 2086//2192 4520//4626
f 4631//4737 3534//3640 2486//2592
f 2857//2963 2856//2962 327//373
f 4438//4544 2263//2369 1835//1941
f 2426//2532 3604//3710 3607//3713
f 4632//4738 2598//2704 2600//2706
f 1130//1234 4329//4435 4328//4434
f 3205//3311 3207//3313 4255//4361
f 1788//1894 1787//1893 1807//1913
f 2407//2513 1548//1654 4633//4739
f 2445//2551 2447//2553 1961//2067
f 1376//1482 3005//3111 2829//2935
f 1947//2053 3008//3114 3005//3111
f 947//1051 4634//4740 948//1052
f 4634//4740 3946//4052 948//1052
f 315//361 317//363 3145//3251
f 3920//4026 2160//2266 3145//3251
f 3897//4003 3901//4007 4635//4741
f 1260//1364 2964//3070 1258//1362
f 2585//2691 4354//4460 4353//4459
f 4354//4460 3579//3685 3774//3880
f 1220//1324 4636//4742 1223//1327
f 4086//4192 1223//1327 4636//4742
f 1306//1412 2155//2261 822//926
f 822//926 2155//2261 2157//2263
f 3322//3428 3321//3427 1808//1914
f 3312//3418 2363//2469 1809//1915
f 2654//2760 1656//1762 2530//2636
f 3957//4063 1164//1268 3154//3260
f 2604//2710 1796//1902 4122//4228
f 2626//2732 2625//2731 1796//1902
f 1629//1735 1601//1707 4637//4743
f 4637//4743 1646//1752 1629//1735
f 4277//4383 1857//1963 4278//4384
f 1857//1963 3197//3303 4278//4384
f 998//1102 3524//3630 3916//4022
f 2373//2479 2391//2497 287//333
f 3431//3537 3420//3526 3419//3525
f 2251//2357 4213//4319 4638//4744
f 1962//2068 1545//1651 3245//3351
f 1545//1651 1962//2068 4639//4745
f 2652//2758 1662//1768 3569//3675
f 4398//4504 4396//4502 2223//2329
f 2727//2833 3643//3749 3642//3748
f 3749//3855 1483//1589 84//89
f 1951//2057 1950//2056 2048//2154
f 1950//2056 3721//3827 2048//2154
f 99//104 166//187 4640//4746
f 168//189 4640//4746 166//187
f 4641//4747 4642//4748 4643//4749
f 4643//4749 4642//4748 4644//4750
f 3488//3594 764//864 3772//3878
f 979//1083 977//1081 764//864
f 3820//3926 4645//4751 4646//4752
f 3632//3738 4647//4753 4648//4754
f 4265//4371 950//1054 952//1056
f 4265//4371 952//1056 1288//1392
f 2800//2906 938//1042 3872//3978
f 940//1044 2218//2324 938//1042
f 4645//4751 1455//1561 4649//4755
f 3820//3926 1455//1561 4645//4751
f 3052//3158 3036//3142 4650//4756
f 4651//4757 3552//3658 3551//3657
f 1072//1176 2619//2725 1073//1177
f 3833//3939 4652//4758 3844//3950
f 4653//4759 3631//3737 1454//1560
f 4647//4753 1456//1562 4648//4754
f 1251//1355 1252//1356 2656//2762
f 1251//1355 2257//2363 1252//1356
f 896//1000 3176//3282 3617//3723
f 896//1000 895//999 3176//3282
f 4654//4760 2149//2255 2152//2258
f 4654//4760 2152//2258 4564//4670
f 2344//2450 2346//2452 4655//4761
f 4655//4761 3310//3416 2344//2450
f 1291//1395 2366//2472 1292//1396
f 2292//2398 3807//3913 1339//1445
f 260//304 3717//3823 4656//4762
f 3717//3823 3716//3822 3718//3824
f 1288//1392 1287//1391 4657//4763
f 4236//4342 1288//1392 4657//4763
f 3251//3357 4489//4595 4658//4764
f 1745//1851 4658//4764 3499//3605
f 2356//2462 4550//4656 4551//4657
f 2356//2462 4551//4657 3998//4104
f 3847//3953 2639//2745 1586//1692
f 1586//1692 2639//2745 2640//2746
f 709//809 2477//2583 2953//3059
f 1203//1307 1202//1306 1205//1309
f 4659//4765 2349//2455 2350//2456
f 1365//1471 3805//3911 1366//1472
f 557//634 586//663 632//715
f 638//721 632//715 586//663
f 4541//4647 4660//4766 4542//4648
f 4482//4588 4179//4285 299//345
f 4474//4580 4473//4579 4472//4578
f 4473//4579 2043//2149 3678//3784
f 3243//3349 2531//2637 2544//2650
f 2531//2637 2542//2648 2544//2650
f 3805//3911 863//967 862//966
f 2349//2455 4659//4765 862//966
f 1760//1866 2844//2950 1761//1867
f 1760//1866 2845//2951 2844//2950
f 1199//1303 4661//4767 1612//1718
f 4662//4768 4661//4767 1199//1303
f 4095//4201 4663//4769 1154//1258
f 4663//4769 3288//3394 1154//1258
f 1302//1406 3559//3665 1300//1404
f 3559//3665 3561//3667 1639//1745
f 634//717 645//730 4664//4770
f 622//702 620//700 645//730
f 1579//1685 4665//4771 4332//4438
f 4665//4771 1579//1685 1330//1436
f 2679//2785 4252//4358 2680//2786
f 2049//2155 2798//2904 4666//4772
f 294//340 1097//1201 1095//1199
f 2505//2611 1097//1201 2872//2978
f 3691//3797 2091//2197 3693//3799
f 4667//4773 3917//4023 1139//1243
f 743//843 745//845 3114//3220
f 3126//3232 743//843 3127//3233
f 4668//4774 1113//1217 4669//4775
f 1113//1217 2855//2961 4669//4775
f 3037//3143 4670//4776 4604//4710
f 3761//3867 3053//3159 2303//2409
f 3311//3417 4671//4777 4672//4778
f 4672//4778 4671//4777 4268//4374
f 2106//2212 2098//2204 2107//2213
f 2403//2509 4673//4779 2107//2213
f 53//54 55//56 2690//2796
f 972//1076 971//1075 2689//2795
f 730//830 4369//4475 4368//4474
f 4674//4780 4068//4174 730//830
f 13//13 4109//4215 1169//1273
f 4675//4781 2412//2518 1651//1757
f 4371//4477 1378//1484 4676//4782
f 3424//3530 3425//3531 1378//1484
f 4677//4783 4220//4326 2792//2898
f 4677//4783 2792//2898 2791//2897
f 3047//3153 4678//4784 2560//2666
f 2560//2666 1010//1114 2658//2764
f 4679//4785 4408//4514 112//119
f 111//118 4679//4785 112//119
f 2669//2775 2668//2774 3968//4074
f 4049//4155 2669//2775 3968//4074
f 2078//2184 853//957 2079//2185
f 3895//4001 4388//4494 853//957
f 1512//1618 4680//4786 1513//1619
f 3241//3347 3239//3345 1512//1618
f 4559//4665 2741//2847 2693//2799
f 1308//1414 2693//2799 1309//1415
f 2122//2228 3013//3119 2709//2815
f 4578//4684 4577//4683 854//958
f 2990//3096 2616//2722 2618//2724
f 2987//3093 2094//2200 2988//3094
f 4463//4569 2199//2305 4244//4350
f 4463//4569 2197//2303 2199//2305
f 4296//4402 4298//4404 4288//4394
f 2455//2561 2875//2981 1151//1255
f 2830//2936 2832//2938 2831//2937
f 2830//2936 4272//4378 4271//4377
f 4681//4787 4271//4377 38//39
f 2830//2936 4271//4377 4681//4787
f 4154//4260 4153//4259 1724//1830
f 2521//2627 1724//1830 2381//2487
f 487//554 485//552 498//567
f 1859//1965 2069//2175 3881//3987
f 4529//4635 4530//4636 1859//1965
f 2721//2827 3281//3387 3275//3381
f 2577//2683 974//1078 973//1077
f 4140//4246 251//293 2999//3105
f 2999//3105 251//293 960//1064
f 2436//2542 2189//2295 2191//2297
f 4682//4788 2190//2296 2189//2295
f 3532//3638 4683//4789 4684//4790
f 3183//3289 4685//4791 4621//4727
f 4686//4792 4687//4793 1765//1871
f 2764//2870 838//942 4688//4794
f 2117//2223 2335//2441 4689//4795
f 4039//4145 3701//3807 3921//4027
f 1426//1532 1428//1534 108//115
f 3965//4071 3015//3121 1428//1534
f 462//523 505//575 517//587
f 2507//2613 462//523 517//587
f 4214//4320 2251//2357 2253//2359
f 436//494 362//413 4620//4726
f 4690//4796 1265//1369 1267//1371
f 1627//1733 1076//1180 1075//1179
f 2189//2295 1606//1712 4682//4788
f 3090//3196 3091//3197 1606//1712
f 4691//4797 4692//4798 4693//4799
f 4182//4288 4181//4287 4691//4797
f 1489//1595 4694//4800 1490//1596
f 2062//2168 4338//4444 2227//2333
f 4695//4801 750//850 749//849
f 749//849 3323//3429 4695//4801
f 4642//4748 1194//1298 4644//4750
f 4644//4750 1194//1298 3983//4089
f 1368//1474 4696//4802 2963//3069
f 4635//4741 3901//4007 3900//4006
f 1985//2091 4697//4803 2111//2217
f 4056//4162 4697//4803 1985//2091
f 1396//1502 3962//4068 4698//4804
f 4686//4792 3118//3224 4687//4793
f 2354//2460 2803//2909 2799//2905
f 2910//3016 1510//1616 2799//2905
f 3997//4103 4699//4805 4700//4806
f 4701//4807 2271//2377 4663//4769
f 1330//1436 4702//4808 4665//4771
f 4444//4550 3923//4029 2983//3089
f 2413//2519 2414//2520 2415//2521
f 2415//2521 3301//3407 4411//4517
f 1945//2051 3556//3662 3005//3111
f 1944//2050 4292//4398 1945//2051
f 2476//2582 2473//2579 4703//4809
f 2287//2393 4703//4809 542//616
f 2346//2452 2345//2451 2179//2285
f 2345//2451 1344//1450 2179//2285
f 4098//4204 2036//2142 4704//4810
f 1559//1665 1558//1664 2036//2142
f 2176//2282 2175//2281 4705//4811
f 2176//2282 4705//4811 4706//4812
f 4427//4533 4707//4813 4428//4534
f 4707//4813 4708//4814 514//584
f 4672//4778 1936//2042 3312//3418
f 4248//4354 4672//4778 802//906
f 3336//3442 79//84 3334//3440
f 2810//2916 1678//1784 1680//1786
f 4709//4815 1889//1995 1890//1996
f 1889//1995 4709//4815 4710//4816
f 3597//3703 3795//3901 3796//3902
f 2024//2130 5//5 1561//1667
f 4337//4443 4711//4817 3973//4079
f 2219//2325 4711//4817 4337//4443
f 3394//3500 1147//1251 3217//3323
f 4710//4816 4709//4815 4712//4818
f 358//409 1901//2007 502//571
f 441//501 358//409 526//600
f 3780//3886 1966//2072 3234//3340
f 1117//1221 171//192 1966//2072
f 3692//3798 955//1059 3654//3760
f 4155//4261 1912//2018 3654//3760
f 2224//2330 3577//3683 2222//2328
f 2224//2330 3576//3682 3577//3683
f 4713//4819 1031//1135 2601//2707
f 4714//4820 2711//2817 1588//1694
f 1939//2045 1938//2044 3843//3949
f 4715//4821 1942//2048 3848//3954
f 2016//2122 2013//2119 2408//2514
f 3159//3265 4716//4822 2020//2126
f 2118//2224 2120//2226 4379//4485
f 2118//2224 4379//4485 4303//4409
f 3084//3190 4417//4523 4717//4823
f 1104//1208 3084//3190 2883//2989
f 35//36 4718//4824 1266//1370
f 4649//4755 35//36 1649//1755
f 2641//2747 4719//4825 2003//2109
f 2642//2748 4720//4826 2641//2747
f 3703//3809 4168//4274 4166//4272
f 1870//1976 1869//1975 1972//2078
f 1446//1552 538//612 2867//2973
f 2867//2973 4465//4571 4026//4132
f 772//872 771//871 1230//1334
f 2340//2446 3637//3743 772//872
f 3430//3536 2348//2454 2620//2726
f 2348//2454 3697//3803 3713//3819
f 297//343 1670//1776 4721//4827
f 298//344 297//343 4721//4827
f 3180//3286 4335//4441 3512//3618
f 4199//4305 3180//3286 3143//3249
f 2420//2526 3902//4008 2418//2524
f 3637//3743 2340//2446 3614//3720
f 1425//1531 4722//4828 4430//4536
f 1425//1531 4723//4829 4722//4828
f 3517//3623 4724//4830 2740//2846
f 2761//2867 1404//1510 3517//3623
f 526//600 502//571 504//573
f 358//409 502//571 526//600
f 727//827 740//840 4067//4173
f 663//749 727//827 4067//4173
f 2417//2523 4256//4362 3637//3743
f 3902//4008 3637//3743 2418//2524
f 2743//2849 3517//3623 2740//2846
f 1401//1507 2740//2846 1402//1508
f 3359//3465 3373//3479 4085//4191
f 3373//3479 2994//3100 1700//1806
f 1472//1578 2840//2946 2842//2948
f 1472//1578 2842//2948 56//57
f 4340//4446 4339//4445 845//949
f 4340//4446 845//949 844//948
f 2290//2396 1042//1146 2289//2395
f 1042//1146 2290//2396 516//586
f 2919//3025 1362//1468 75//80
f 2105//2211 4613//4719 1833//1939
f 2289//2395 4725//4831 4382//4488
f 4725//4831 2289//2395 1042//1146
f 756//856 805//909 4243//4349
f 806//910 805//909 756//856
f 3401//3507 2093//2199 1593//1699
f 2093//2199 3399//3505 2094//2200
f 2943//3049 2720//2826 2578//2684
f 2720//2826 2943//3049 1323//1429
f 3382//3488 4726//4832 4019//4125
f 1767//1873 1766//1872 1762//1868
f 1198//1302 4087//4193 4086//4192
f 1198//1302 4662//4768 1199//1303
f 2147//2253 560//637 556//633
f 1949//2055 560//637 562//639
f 1120//1224 2667//2773 2670//2776
f 2379//2485 3462//3568 2667//2773
f 1966//2072 171//192 217//253
f 3506//3612 1681//1787 171//192
f 3826//3932 965//1069 3827//3933
f 2539//2645 3830//3936 2535//2641
f 4688//4794 2763//2869 944//1048
f 4686//4792 949//1053 3118//3224
f 2503//2609 2504//2610 4727//4833
f 1778//1884 1777//1883 1589//1695
f 262//308 238//276 263//309
f 264//310 4024//4130 273//319
f 1206//1310 1205//1309 1202//1306
f 2925//3031 1206//1310 1202//1306
f 1232//1336 2747//2853 4728//4834
f 1633//1739 1635//1741 4032//4138
f 4727//4833 936//1040 935//1039
f 2503//2609 4727//4833 1778//1884
f 2434//2540 3550//3656 2408//2514
f 2375//2481 2017//2123 3550//3656
f 634//717 4664//4770 675//764
f 2523//2629 2522//2628 4729//4835
f 1279//1383 1278//1382 4227//4333
f 4227//4333 1491//1597 4226//4332
f 3067//3173 3066//3172 3610//3716
f 3974//4080 3610//3716 4287//4393
f 831//935 4730//4836 832//936
f 4731//4837 1944//2050 1946//2052
f 3677//3783 3668//3774 3671//3777
f 1933//2039 1932//2038 1614//1720
f 4732//4838 3625//3731 3628//3734
f 3625//3731 3626//3732 3628//3734
f 3041//3147 4730//4836 4536//4642
f 3041//3147 4536//4642 920//1024
f 4050//4156 4047//4153 4733//4839
f 3651//3757 1584//1690 4336//4442
f 4734//4840 953//1057 3691//3797
f 3282//3388 4735//4841 975//1079
f 2457//2563 573//650 540//614
f 4359//4465 2147//2253 556//633
f 3639//3745 2478//2584 2477//2583
f 2477//2583 711//811 3627//3733
f 3189//3295 4631//4737 3187//3293
f 3534//3640 4631//4737 3533//3639
f 1511//1617 3240//3346 1512//1618
f 3547//3653 1511//1617 2673//2779
f 975//1079 4735//4841 4734//4840
f 973//1077 975//1079 3693//3799
f 3847//3953 1586//1692 3192//3298
f 3192//3298 3845//3951 3847//3953
f 2924//3030 3187//3293 2072//2178
f 2488//2594 2490//2596 4736//4842
f 1121//1225 1063//1167 1062//1166
f 2297//2403 3842//3948 1062//1166
f 3948//4054 1908//2014 4737//4843
f 3888//3994 2769//2875 4738//4844
f 1968//2074 3820//3926 4646//4752
f 2879//2985 4739//4845 1650//1756
f 3281//3387 2916//3022 954//1058
f 954//1058 2916//3022 2915//3021
f 1527//1633 31//32 2905//3011
f 1526//1632 31//32 1527//1633
f 1469//1575 1880//1986 2978//3084
f 2635//2741 1469//1575 3350//3456
f 3328//3434 2962//3068 1011//1115
f 1011//1115 2962//3068 3781//3887
f 1182//1286 2509//2615 1450//1556
f 3782//3888 3783//3889 1450//1556
f 2192//2298 4336//4442 3567//3673
f 1662//1768 3567//3673 3569//3675
f 216//252 276//322 1840//1946
f 1840//1946 276//322 1841//1947
f 3180//3286 4199//4305 4740//4846
f 2457//2563 571//648 573//650
f 1665//1771 33//34 32//33
f 4096//4202 32//33 3644//3750
f 2273//2379 3353//3459 2274//2380
f 4338//4444 3353//3459 3495//3601
f 4651//4757 3054//3160 3552//3658
f 2304//2410 3054//3160 4651//4757
f 2626//2732 1796//1902 2604//2710
f 3665//3771 2626//2732 2604//2710
f 3564//3670 1060//1164 2174//2280
f 1060//1164 4149//4255 2174//2280
f 1712//1818 3754//3860 4409//4515
f 2021//2127 1712//1818 3291//3397
f 2134//2240 995//1099 997//1101
f 2134//2240 2133//2239 995//1099
f 4574//4680 4741//4847 2732//2838
f 4528//4634 4054//4160 4741//4847
f 853//957 4388//4494 2051//2157
f 4161//4267 3446//3552 2123//2229
f 30//31 4742//4848 2902//3008
f 1315//1421 1317//1423 30//31
f 2595//2701 1710//1816 2594//2700
f 1710//1816 2492//2598 2594//2700
f 2535//2641 2277//2383 2539//2645
f 3354//3460 2539//2645 2277//2383
f 831//935 824//928 826//930
f 2141//2247 831//935 3392//3498
f 1181//1285 4511//4617 3344//3450
f 4511//4617 4349//4455 3355//3461
f 277//323 4145//4251 4142//4248
f 1591//1697 4743//4849 1096//1200
f 2397//2503 51//52 1346//1452
f 51//52 1347//1453 1346//1452
f 3136//3242 45//46 44//45
f 3136//3242 4744//4850 4173//4279
f 2104//2210 2526//2632 2525//2631
f 4235//4341 1929//2035 4236//4342
f 2958//3064 2897//3003 3384//3490
f 2958//3064 3829//3935 2897//3003
f 1215//1319 3342//3448 1216//1320
f 1214//1318 3342//3448 1215//1319
f 3622//3728 3208//3314 3624//3730
f 899//1003 2877//2983 288//334
f 1894//2000 3602//3708 1240//1344
f 4293//4399 1894//2000 1240//1344
f 723//823 1445//1551 4745//4851
f 2826//2932 2825//2931 2822//2928
f 2517//2623 2519//2625 1098//1202
f 4156//4262 3988//4094 2183//2289
f 4505//4611 1466//1572 2928//3034
f 1466//1572 1468//1574 2928//3034
f 38//39 40//41 4681//4787
f 47//48 4205//4311 3134//3240
f 41//42 4353//4459 42//43
f 41//42 4173//4279 4744//4850
f 1733//1839 138//149 140//151
f 3176//3282 895//999 3174//3280
f 4606//4712 4497//4603 4746//4852
f 4498//4604 4746//4852 4497//4603
f 2516//2622 2519//2625 2517//2623
f 3854//3960 3452//3558 3454//3560
f 1557//1663 3959//4065 656//742
f 1993//2099 656//742 1994//2100
f 4000//4106 4747//4853 3021//3127
f 3021//3127 887//991 4000//4106
f 3658//3764 1102//1206 1780//1886
f 3660//3766 1102//1206 3658//3764
f 4605//4711 2752//2858 4748//4854
f 4748//4854 2752//2858 4746//4852
f 2533//2639 2542//2648 2531//2637
f 3991//4097 2542//2648 2533//2639
f 1462//1568 1285//1389 1463//1569
f 1286//1390 1285//1389 4749//4855
f 3936//4042 3364//3470 19//19
f 19//19 3364//3470 3363//3469
f 2530//2636 1656//1762 1654//1760
f 2530//2636 1654//1760 4218//4324
f 4404//4510 4750//4856 4007//4113
f 236//274 4750//4856 234//272
f 3857//3963 2096//2202 858//962
f 3857//3963 858//962 3378//3484
f 979//1083 1655//1761 1657//1763
f 1654//1760 1657//1763 1655//1761
f 389//442 449//509 419//476
f 389//442 3147//3253 449//509
f 4749//4855 1285//1389 3727//3833
f 833//937 3727//3833 2556//2662
f 1321//1427 4751//4857 2026//2132
f 2028//2134 4751//4857 3770//3876
f 2607//2713 2982//3088 4752//4858
f 4752//4858 3663//3769 3665//3771
f 1276//1380 1275//1379 1423//1529
f 1872//1978 3817//3923 1873//1979
f 1866//1972 3647//3753 3619//3725
f 3647//3753 1866//1972 4066//4172
f 1604//1710 2909//3015 2499//2605
f 2499//2605 1606//1712 1604//1710
f 748//848 747//847 4105//4211
f 748//848 4105//4211 4407//4513
f 721//821 2310//2416 2312//2418
f 4753//4859 3763//3869 3762//3868
f 3428//3534 2212//2318 2349//2455
f 3198//3304 2212//2318 3428//3534
f 4633//4739 1548//1654 3361//3467
f 4639//4745 1962//2068 2447//2553
f 1738//1844 1739//1845 3802//3908
f 3802//3908 3801//3907 4754//4860
f 3554//3660 3017//3123 4755//4861
f 3018//3124 137//148 136//147
f 1499//1605 3257//3363 3259//3365
f 1502//1608 4756//4862 1503//1609
f 96//101 67//74 99//104
f 67//74 96//101 3367//3473
f 1133//1237 1132//1236 4757//4863
f 4423//4529 3798//3904 4757//4863
f 3109//3215 2922//3028 2921//3027
f 3109//3215 3108//3214 2922//3028
f 4358//4464 1564//1670 1225//1329
f 3270//3376 4358//4464 1225//1329
f 3332//3438 2010//2116 2009//2115
f 2009//2115 3333//3439 3332//3438
f 4302//4408 1706//1812 4300//4406
f 3025//3131 4300//4406 1706//1812
f 4758//4864 2429//2535 249//291
f 173//194 249//291 250//292
f 1333//1439 3985//4091 1334//1440
f 1333//1439 3986//4092 3985//4091
f 2492//2598 1520//1626 1533//1639
f 1519//1625 1533//1639 1520//1626
f 864//968 3977//4083 113//120
f 1235//1339 111//118 113//120
f 4759//4865 2411//2517 3330//3436
f 4759//4865 4612//4718 4611//4717
f 2193//2299 4469//4575 1047//1151
f 4469//4575 2272//2378 1047//1151
f 1104//1208 1106//1210 1021//1125
f 3084//3190 1104//1208 3168//3274
f 992//1096 994//1098 2700//2806
f 2700//2806 994//1098 4342//4448
f 3760//3866 3778//3884 3777//3883
f 1900//2006 4308//4414 1885//1991
f 2889//2995 956//1060 3716//3822
f 3716//3822 956//1060 3818//3924
f 3464//3570 1268//1372 4264//4370
f 1108//1212 3464//3570 4264//4370
f 4760//4866 2774//2880 4761//4867
f 4760//4866 818//922 2774//2880
f 1773//1879 4571//4677 1254//1358
f 1773//1879 4762//4868 4571//4677
f 3977//4083 2164//2270 2166//2272
f 2166//2272 2164//2270 4763//4869
f 3096//3202 3099//3205 3098//3204
f 3096//3202 1854//1960 4031//4137
f 1266//1370 4764//4870 4765//4871
f 1266//1370 4718//4824 4764//4870
f 2131//2237 2573//2679 4231//4337
f 1080//1184 2572//2678 2571//2677
f 3630//3736 2082//2188 4766//4872
f 3098//3204 4766//4872 3096//3202
f 1075//1179 4765//4871 1627//1733
f 4764//4870 1627//1733 4765//4871
f 166//187 865//969 167//188
f 4592//4698 1534//1640 3104//3210
f 4767//4873 380//432 389//442
f 380//432 3074//3180 3073//3179
f 1642//1748 4768//4874 2901//3007
f 4254//4360 2901//3007 4768//4874
f 2371//2477 4133//4239 3153//3259
f 4132//4238 3153//3259 4133//4239
f 1433//1539 1421//1527 1419//1525
f 2237//2343 1419//1525 2235//2341
f 4769//4875 4247//4353 4002//4108
f 1750//1856 4769//4875 2861//2967
f 3515//3621 2187//2293 2185//2291
f 2724//2830 2187//2293 3515//3621
f 4058//4164 1978//2084 3315//3421
f 1978//2084 4567//4673 1058//1162
f 1592//1698 1591//1697 1096//1200
f 1592//1698 1096//1200 2503//2609
f 1576//1682 4326//4432 4770//4876
f 4770//4876 1573//1679 4164//4270
f 2256//2362 4368//4474 4217//4323
f 730//830 4368//4474 2256//2362
f 3055//3161 4581//4687 3056//3162
f 1634//1740 1385//1491 1384//1490
f 1978//2084 1980//2086 3315//3421
f 1980//2086 2613//2719 4206//4312
f 2858//2964 802//906 927//1031
f 802//906 2357//2463 927//1031
f 2267//2373 2266//2372 280//326
f 4240//4346 1838//1944 3231//3337
f 2171//2277 3572//3678 3571//3677
f 533//607 3574//3680 411//467
f 380//432 3073//3179 354//405
f 344//392 354//405 4584//4690
f 1626//1732 1625//1731 2863//2969
f 2863//2969 4002//4108 4247//4353
f 1295//1399 1294//1398 3290//3396
f 3290//3396 3288//3394 4663//4769
f 4771//4877 2996//3102 4295//4401
f 3010//3116 976//1080 2996//3102
f 1093//1197 1013//1117 3386//3492
f 4422//4528 2658//2764 4421//4527
f 4137//4243 1248//1352 1572//1678
f 1248//1352 1247//1351 1572//1678
f 2338//2444 3391//3497 919//1023
f 2729//2835 2338//2444 919//1023
f 2360//2466 1041//1145 1043//1147
f 4483//4589 3079//3185 4381//4487
f 4098//4204 4099//4205 3403//3509
f 4098//4204 3403//3509 2678//2784
f 2768//2874 942//1046 1509//1615
f 1374//1480 1373//1479 1509//1615
f 515//585 2359//2465 3307//3413
f 2359//2465 2360//2466 1043//1147
f 2908//3014 2907//3013 2909//3015
f 1014//1118 4175//4281 1015//1119
f 1071//1175 80//85 2099//2205
f 4157//4263 1677//1783 80//85
f 3504//3610 3409//3515 4641//4747
f 3504//3610 4641//4747 4643//4749
f 3216//3322 3218//3324 1987//2093
f 870//974 3219//3325 3338//3444
f 1086//1190 1085//1189 4772//4878
f 1085//1189 3461//3567 3427//3533
f 4593//4699 280//326 2870//2976
f 4593//4699 2612//2718 4188//4294
f 2519//2625 3453//3559 2520//2626
f 3453//3559 4327//4433 2520//2626
f 1009//1113 3385//3491 2658//2764
f 2658//2764 3385//3491 4421//4527
f 3327//3433 2011//2117 3159//3265
f 3159//3265 2547//2653 3327//3433
f 2257//2363 1250//1354 3573//3679
f 1636//1742 1638//1744 452//512
f 1989//2095 1392//1498 4773//4879
f 2892//2998 1989//2095 4773//4879
f 2195//2301 4708//4814 4707//4813
f 3518//3624 3765//3871 4708//4814
f 4774//4880 2120//2226 188//212
f 2120//2226 2119//2225 4775//4881
f 2730//2836 2338//2444 2729//2835
f 1331//1437 4776//4882 1332//1438
f 2067//2173 3926//4032 4777//4883
f 4777//4883 3882//3988 2067//2173
f 1777//1883 2213//2319 1032//1136
f 1589//1695 1777//1883 1032//1136
f 616//696 2170//2276 2169//2275
f 3374//3480 4778//4884 3625//3731
f 119//126 2566//2672 2565//2671
f 119//126 118//125 4275//4381
f 2313//2419 2323//2429 2314//2420
f 765//865 4073//4179 4075//4181
f 4374//4480 2836//2942 4549//4655
f 2836//2942 3636//3742 4549//4655
f 3047//3153 1305//1409 4678//4784
f 2902//3008 2904//3010 2906//3012
f 1151//1255 1245//1349 2456//2562
f 1151//1255 1243//1347 1245//1349
f 2391//2497 2373//2479 1083//1187
f 4172//4278 2391//2497 1083//1187
f 1103//1207 2002//2108 1984//2090
f 2643//2749 1189//1293 3605//3711
f 3325//3431 2233//2339 1562//1668
f 1437//1543 3387//3493 4779//4885
f 2168//2274 3626//3732 2169//2275
f 1501//1607 2168//2274 1499//1605
f 4780//4886 4779//4885 3387//3493
f 3734//3840 3732//3838 3735//3841
f 3036//3142 285//331 4650//4756
f 1941//2047 285//331 3036//3142
f 839//943 413//469 2835//2941
f 4781//4887 2835//2941 3766//3872
f 3090//3196 1606//1712 2500//2606
f 3565//3671 3090//3196 3981//4087
f 1337//1443 869//973 1338//1444
f 966//1070 867//971 869//973
f 4782//4888 2198//2304 3940//4046
f 3940//4046 2198//2304 2197//2303
f 4783//4889 1817//1923 1814//1920
f 1814//1920 1817//1923 1815//1921
f 1926//2032 1917//2023 1919//2025
f 4350//4456 4351//4457 1926//2032
f 4784//4890 2483//2589 1756//1862
f 4783//4889 1814//1920 3458//3564
f 4389//4495 4785//4891 408//464
f 3130//3236 4786//4892 4787//4893
f 880//984 4788//4894 1975//2081
f 4788//4894 4789//4895 3465//3571
f 4344//4450 168//189 167//188
f 2935//3041 4790//4896 2932//3038
f 4791//4897 1293//1397 4476//4582
f 1291//1395 1293//1397 4791//4897
f 1569//1675 3357//3463 1360//1466
f 3913//4019 1569//1675 1360//1466
f 3707//3813 2068//2174 1051//1155
f 3707//3813 1051//1155 1053//1157
f 4027//4133 2684//2790 1144//1248
f 1144//1248 2684//2790 2686//2792
f 1461//1567 1460//1566 4496//4602
f 1463//1569 1460//1566 1461//1567
f 4053//4159 4792//4898 1568//1674
f 4792//4898 3267//3373 1568//1674
f 3089//3195 2728//2834 3642//3748
f 3644//3750 3089//3195 3642//3748
f 3602//3708 3066//3172 3603//3709
f 3066//3172 3068//3174 1241//1345
f 3127//3233 3989//4095 1100//1204
f 3989//4095 2183//2289 1100//1204
f 2300//2406 448//508 4691//4797
f 2299//2405 448//508 2300//2406
f 4738//4844 2769//2875 4793//4899
f 2769//2875 215//251 4793//4899
f 2677//2783 4138//4244 3410//3516
f 4547//4653 2038//2144 3410//3516
f 430//488 433//491 431//489
f 361//412 3489//3595 359//410
f 4456//4562 2465//2571 2464//2570
f 2464//2570 3402//3508 4794//4900
f 4795//4901 2102//2208 1287//1391
f 1287//1391 1289//1393 2884//2990
f 331//378 316//362 315//361
f 2374//2480 311//357 3523//3629
f 2279//2385 3765//3871 3520//3626
f 2202//2308 2201//2307 2279//2385
f 3821//3927 3149//3255 4242//4348
f 3148//3254 3149//3255 3821//3927
f 831//935 826//930 4730//4836
f 4730//4836 4731//4837 4536//4642
f 3433//3539 1408//1514 2158//2264
f 1409//1515 1408//1514 3433//3539
f 1631//1737 2549//2655 2569//2675
f 1631//1737 3557//3663 2549//2655
f 1565//1671 3710//3816 1566//1672
f 4063//4169 2462//2568 4460//4566
f 935//1039 937//1041 932//1036
f 963//1067 935//1039 932//1036
f 4786//4892 4785//4891 4389//4495
f 4041//4147 4785//4891 4786//4892
f 2767//2873 270//316 4796//4902
f 270//316 2075//2181 2074//2180
f 4797//4903 1415//1521 4594//4700
f 3525//3631 1415//1521 4797//4903
f 3495//3601 2275//2381 846//950
f 2275//2381 2276//2382 846//950
f 4252//4358 2679//2785 4253//4359
f 3489//3595 4174//4280 359//410
f 3746//3852 3745//3851 2900//3006
f 1036//1140 2719//2825 1037//1141
f 2610//2716 2609//2715 1618//1724
f 4798//4904 2610//2716 1618//1724
f 2521//2627 4799//4905 1725//1831
f 4729//4835 4664//4770 2523//2629
f 4183//4289 4800//4906 2812//2918
f 4181//4287 4183//4289 2812//2918
f 1681//1787 217//253 171//192
f 215//251 217//253 1681//1787
f 4801//4907 4384//4490 4435//4541
f 4436//4542 4801//4907 4435//4541
f 2510//2616 849//953 2511//2617
f 2511//2617 849//953 1451//1557
f 3404//3510 1507//1613 3398//3504
f 3398//3504 1507//1613 1506//1612
f 4262//4368 4802//4908 3308//3414
f 4428//4534 4802//4908 4262//4368
f 4436//4542 4225//4331 997//1101
f 997//1101 4801//4907 4436//4542
f 2452//2558 2451//2557 2331//2437
f 2452//2558 2331//2437 2330//2436
f 1692//1798 1691//1797 1991//2097
f 3212//3318 1691//1797 1693//1799
f 2558//2664 2557//2663 2513//2619
f 8//8 1282//1386 9//9
f 1185//1289 3380//3486 3782//3888
f 1003//1107 1002//1106 3380//3486
f 9//9 1282//1386 3150//3256
f 1470//1576 3150//3256 1879//1985
f 4803//4909 1498//1604 2753//2859
f 3241//3347 3544//3650 3546//3652
f 1990//2096 1691//1797 3212//3318
f 1687//1793 1990//2096 3212//3318
f 4382//4488 2781//2887 4380//4486
f 3120//3226 3078//3184 3077//3183
f 4804//4910 4431//4537 2623//2729
f 4431//4537 4804//4910 4405//4511
f 1786//1892 1040//1144 1039//1143
f 1039//1143 3475//3581 1786//1892
f 1797//1903 1799//1905 1801//1907
f 1801//1907 1799//1905 2853//2959
f 923//1027 922//1026 991//1095
f 2400//2506 3247//3353 4805//4911
f 423//480 4806//4912 509//579
f 4786//4892 4806//4912 423//480
f 444//504 443//503 454//514
f 454//514 907//1011 4602//4708
f 3996//4102 2045//2151 319//365
f 318//364 4807//4913 319//365
f 3987//4093 735//835 2493//2599
f 2848//2954 3987//4093 2493//2599
f 4808//4914 458//518 3877//3983
f 458//518 449//509 3877//3983
f 36//37 3204//3310 37//38
f 4646//4752 4739//4845 2879//2985
f 4431//4537 4406//4512 1316//1422
f 4406//4512 1314//1420 3469//3575
f 2492//2598 761//861 2593//2699
f 761//861 2494//2600 3131//3237
f 135//146 131//138 137//148
f 153//170 135//146 137//148
f 1308//1414 3185//3291 4425//4531
f 2693//2799 1308//1414 4559//4665
f 3411//3517 4141//4247 2441//2547
f 3411//3517 2441//2547 3412//3518
f 4256//4362 2417//2523 1358//1464
f 1355//1461 4257//4363 1358//1464
f 1361//1467 1359//1465 3346//3452
f 1361//1467 3346//3452 1833//1939
f 590//667 596//673 611//690
f 590//667 578//655 588//666
f 1811//1917 4683//4789 3532//3638
f 1811//1917 4214//4320 4683//4789
f 1186//1290 4809//4915 3228//3334
f 1188//1292 4191//4297 1186//1290
f 3306//3412 4628//4734 4810//4916
f 1580//1686 3306//3412 4810//4916
f 3130//3236 4787//4893 4811//4917
f 4015//4121 4811//4917 4013//4119
f 1314//1420 3165//3271 1389//1495
f 3469//3575 1314//1420 3470//3576
f 2581//2687 2591//2697 4812//4918
f 2546//2652 4813//4919 2580//2686
f 4525//4631 4229//4335 3211//3317
f 4228//4334 3211//3317 4229//4335
f 1260//1364 829//933 2964//3070
f 1580//1686 4097//4203 1260//1364
f 760//860 1214//1318 1213//1317
f 1264//1368 3340//3446 760//860
f 4811//4917 4015//4121 4814//4920
f 1113//1217 4668//4774 4015//4121
f 2547//2653 2582//2688 2545//2651
f 4812//4918 2580//2686 4813//4919
f 1222//1326 4025//4131 1220//1324
f 273//319 4025//4131 1222//1326
f 117//124 3313//3419 3414//3520
f 4121//4227 3313//3419 117//124
f 1229//1333 3270//3376 4497//4603
f 3268//3374 3270//3376 1229//1333
f 365//416 435//493 434//492
f 367//418 4012//4118 365//416
f 3853//3959 3452//3558 3854//3960
f 1780//1886 1101//1205 3856//3962
f 1657//1763 2137//2243 888//992
f 2137//2243 4061//4167 888//992
f 269//315 3256//3362 4815//4921
f 3256//3362 2070//2176 4815//4921
f 1957//2063 4078//4184 4079//4185
f 4789//4895 1954//2060 3465//3571
f 915//1019 2142//2248 3947//4053
f 4606//4712 4746//4852 2142//2248
f 2981//3087 2929//3035 3477//3583
f 3347//3453 4505//4611 2981//3087
f 1764//1870 4816//4922 4817//4923
f 1764//1870 1763//1869 4816//4922
f 2150//2256 4747//4853 4000//4106
f 4000//4106 3999//4105 2150//2256
f 1722//1828 3138//3244 3140//3246
f 4322//4428 3140//3246 3513//3619
f 38//39 4271//4377 4269//4375
f 38//39 3362//3468 3890//3996
f 3909//4015 4552//4658 2819//2925
f 3070//3176 3909//4015 2819//2925
f 4348//4454 2404//2510 2555//2661
f 2739//2845 1830//1936 1829//1935
f 3899//4005 3045//3151 3900//4006
f 4818//4924 3043//3149 3045//3151
f 3720//3826 574//651 2796//2902
f 4692//4798 558//635 4693//4799
f 988//1092 2430//2536 2385//2491
f 3724//3830 988//1092 3722//3828
f 4352//4458 3234//3340 1114//1218
f 1114//1218 3234//3340 1115//1219
f 4311//4417 2746//2852 2745//2851
f 4481//4587 4311//4417 2745//2851
f 806//910 2321//2427 1277//1381
f 2321//2427 755//855 757//857
f 4819//4925 4392//4498 3144//3250
f 3144//3250 3419//3525 4819//4925
f 1479//1585 3715//3821 3714//3820
f 1479//1585 1478//1584 1475//1581
f 180//201 179//200 4493//4599
f 4493//4599 4790//4896 3788//3894
f 4260//4366 3506//3612 170//191
f 171//192 170//191 3506//3612
f 2363//2469 3312//3418 1935//2041
f 3757//3863 2363//2469 1935//2041
f 3444//3550 3443//3549 472//537
f 472//537 3443//3549 2659//2765
f 4110//4216 2193//2299 1046//1150
f 4110//4216 4555//4661 2193//2299
f 1362//1468 1833//1939 75//80
f 1362//1468 1361//1467 1833//1939
f 1132//1236 2598//2704 4632//4738
f 1131//1235 2598//2704 1132//1236
f 3112//3218 4603//4709 3110//3216
f 3667//3773 1552//1658 1551//1657
f 4279//4385 4277//4383 4280//4386
f 1855//1961 3682//3788 2690//2796
f 3466//3572 1999//2105 4820//4926
f 4346//4452 767//867 769//869
f 1406//1512 1145//1249 3394//3500
f 1145//1249 1147//1251 3394//3500
f 1989//2095 2892//2998 1992//2098
f 1692//1798 2892//2998 1693//1799
f 3465//3571 1956//2062 4135//4241
f 4134//4240 4135//4241 1956//2062
f 4111//4217 3013//3119 4112//4218
f 3014//3120 4112//4218 3013//3119
f 2790//2896 2789//2895 2006//2112
f 140//151 139//150 4821//4927
f 3942//4048 2044//2150 2129//2235
f 2044//2150 2127//2233 2129//2235
f 2891//2997 1393//1499 1388//1494
f 2891//2997 1685//1791 1687//1793
f 2296//2402 4822//4928 1135//1239
f 1874//1980 1873//1979 1274//1378
f 3551//3657 3553//3659 1541//1647
f 4651//4757 3551//3657 1541//1647
f 851//955 850//954 4224//4330
f 851//955 4224//4330 1857//1963
f 2322//2428 757//857 2550//2656
f 2322//2428 2321//2427 757//857
f 1608//1714 3997//4103 1610//1716
f 4700//4806 1610//1716 3997//4103
f 2996//3102 976//1080 4295//4401
f 4294//4400 976//1080 4364//4470
f 4823//4929 341//389 340//388
f 3483//3589 2923//3029 3533//3639
f 2758//2864 269//315 3254//3360
f 267//313 269//315 2758//2864
f 2225//2331 2227//2333 2229//2335
f 2229//2335 2228//2334 2225//2331
f 3936//4042 3432//3538 3364//3470
f 3936//4042 4330//4436 3937//4043
f 120//127 3107//3213 4824//4930
f 4824//4930 3107//3213 1370//1476
f 4600//4706 1116//1220 1695//1801
f 2967//3073 2969//3075 4600//4706
f 1141//1245 4514//4620 4515//4621
f 1140//1244 2954//3060 1141//1245
f 860//964 3376//3482 858//962
f 860//964 3401//3507 3785//3891
f 1887//1993 1886//1992 2247//2353
f 2920//3026 123//130 2751//2857
f 3122//3228 3121//3227 341//389
f 4823//4929 3122//3228 341//389
f 887//991 2482//2588 3999//4105
f 3999//4105 2482//2588 4306//4412
f 2173//2279 3297//3403 1771//1877
f 2171//2277 2173//2279 3572//3678
f 1265//1369 4690//4796 1594//1700
f 3200//3306 1265//1369 3673//3779
f 4123//4229 1580//1686 2605//2711
f 2604//2710 4122//4228 2605//2711
f 2877//2983 899//1003 898//1002
f 2970//3076 2969//3075 2967//3073
f 3007//3113 4676//4782 2829//2935
f 3005//3111 3007//3113 2829//2935
f 4282//4388 535//609 507//577
f 507//577 535//609 506//576
f 2319//2425 2316//2422 4503//4609
f 2834//2940 2316//2422 4492//4598
f 2757//2863 267//313 2758//2864
f 1440//1546 1442//1548 3794//3900
f 3673//3779 1594//1700 3661//3767
f 3673//3779 1265//1369 1594//1700
f 4429//4535 4430//4536 1135//1239
f 1274//1378 2552//2658 1135//1239
f 2287//2393 2476//2582 4703//4809
f 2287//2393 415//471 2476//2582
f 3868//3974 3866//3972 3869//3975
f 3868//3974 3869//3975 4479//4585
f 4618//4724 1800//1906 3355//3461
f 4512//4618 3355//3461 1800//1906
f 3867//3973 7//7 2635//2741
f 4825//4931 2512//2618 7//7
f 3816//3922 3815//3921 3801//3907
f 2001//2107 3801//3907 767//867
f 3766//3872 1623//1729 4781//4887
f 1621//1727 1623//1729 2849//2955
f 233//271 3794//3900 2760//2866
f 1442//1548 2757//2863 3794//3900
f 3098//3204 3630//3736 4766//4872
f 3098//3204 1452//1558 2081//2187
f 1394//1500 1689//1795 1008//1112
f 1008//1112 1689//1795 1688//1794
f 1444//1550 2823//2929 2822//2928
f 1123//1227 2823//2929 3694//3800
f 3169//3275 2378//2484 2380//2486
f 1119//1223 2814//2920 2813//2919
f 4825//4931 7//7 3867//3973
f 2648//2754 3867//3973 2638//2744
f 2979//3085 2973//3079 2980//3086
f 4310//4416 2980//3086 2973//3079
f 3332//3438 2790//2896 4448//4554
f 2790//2896 2006//2112 4448//4554
f 1646//1752 1449//1555 2014//2120
f 2012//2118 1646//1752 2014//2120
f 1437//1543 1563//1669 1438//1544
f 1438//1544 1563//1669 2532//2638
f 3372//3478 929//1033 3370//3476
f 3372//3478 3684//3790 929//1033
f 1707//1813 779//879 1710//1816
f 780//880 779//879 1707//1813
f 1412//1518 2471//2577 2463//2569
f 4455//4561 2463//2569 2471//2577
f 1928//2034 3371//3477 4350//4456
f 3372//3478 3371//3477 3369//3475
f 4459//4565 1059//1163 4566//4672
f 4459//4565 4060//4166 4059//4165
f 2763//2869 4688//4794 838//942
f 3294//3400 2763//2869 838//942
f 2916//3022 3274//3380 2917//3023
f 2917//3023 878//982 4548//4654
f 1335//1441 4826//4932 1875//1981
f 3244//3350 1963//2069 3272//3378
f 2304//2410 1540//1646 3319//3425
f 1899//2005 2304//2410 3319//3425
f 4526//4632 3302//3408 3303//3409
f 3302//3408 3304//3410 3303//3409
f 2101//2207 4414//4520 3102//3208
f 2101//2207 4195//4301 4414//4520
f 3982//4088 1193//1297 2444//2550
f 2444//2550 1193//1297 1349//1455
f 3606//3712 1836//1942 1835//1941
f 3606//3712 3660//3766 3657//3763
f 3101//3207 119//126 2565//2671
f 3101//3207 2565//2671 4414//4520
f 4288//4394 4298//4404 2455//2561
f 4288//4394 2455//2561 2454//2560
f 4178//4284 4172//4278 1079//1183
f 4660//4766 4541//4647 4179//4285
f 4440//4546 1422//1528 2043//2149
f 1422//1528 4440//4546 4439//4545
f 1779//1885 4083//4189 1775//1881
f 1777//1883 1779//1885 1775//1881
f 3245//3351 1547//1653 3271//3377
f 3271//3377 2376//2482 1960//2066
f 2068//2174 4140//4246 1671//1777
f 2067//2173 2068//2174 1671//1777
f 3659//3765 1836//1942 3657//3763
f 1836//1942 3606//3712 3657//3763
f 2419//2525 3614//3720 3615//3721
f 2420//2526 2419//2525 617//697
f 3596//3702 2498//2604 2497//2603
f 3596//3702 1713//1819 3795//3901
f 3390//3496 3388//3494 2074//2180
f 3388//3494 1437//1543 4196//4302
f 2917//3023 4827//4933 878//982
f 4827//4933 879//983 878//982
f 2182//2288 2181//2287 4828//4934
f 3115//3221 2181//2287 3989//4095
f 990//1094 989//1093 2385//2491
f 2385//2491 2430//2536 2401//2507
f 427//484 440//500 456//516
f 342//390 341//389 3121//3227
f 2120//2226 4775//4881 188//212
f 188//212 4775//4881 164//184
f 744//844 3474//3580 745//845
f 4828//4934 2181//2287 3115//3221
f 617//697 2419//2525 3615//3721
f 3615//3721 618//698 617//697
f 4532//4638 3907//4013 3441//3547
f 2641//2747 4720//4826 4719//4825
f 1464//1570 2696//2802 4423//4529
f 2698//2804 2696//2802 2697//2803
f 867//971 2424//2530 4829//4935
f 3826//3932 867//971 965//1069
f 3761//3867 4670//4776 4830//4936
f 3761//3867 3760//3866 1882//1988
f 3826//3932 4531//4637 867//971
f 4831//4937 4531//4637 3826//3932
f 900//1004 3621//3727 3623//3729
f 4364//4470 175//196 4363//4469
f 2913//3019 1125//1229 3530//3636
f 3532//3638 4684//4790 4685//4791
f 900//1004 4364//4470 4363//4469
f 900//1004 4294//4400 4364//4470
f 3741//3847 2646//2752 4471//4577
f 4373//4479 1827//1933 1826//1932
f 4537//4643 4832//4938 4120//4226
f 4120//4226 1109//1213 4596//4702
f 4489//4595 2155//2261 1306//1412
f 3501//3607 3249//3355 3498//3604
f 3964//4070 2782//2888 3077//3183
f 3080//3186 4387//4493 3077//3183
f 2163//2269 72//77 866//970
f 2163//2269 4763//4869 2164//2270
f 3713//3819 3712//3818 2986//3092
f 1395//1501 1397//1503 3711//3817
f 4794//4900 4456//4562 2464//2570
f 1283//1387 4290//4396 4833//4939
f 2741//2847 1417//1523 2237//2343
f 2237//2343 1417//1523 1419//1525
f 3971//4077 3436//3542 819//923
f 3436//3542 3435//3541 2063//2169
f 1556//1662 735//835 737//837
f 2493//2599 735//835 3132//3238
f 4392//4498 332//380 315//361
f 332//380 331//378 315//361
f 3925//4031 1673//1779 2849//2955
f 1671//1777 1673//1779 3925//4031
f 4763//4869 2163//2269 866//970
f 4625//4731 866//970 1236//1340
f 3333//3439 2791//2897 3332//3438
f 4677//4783 2791//2897 848//952
f 1718//1824 114//121 107//114
f 107//114 59//60 1718//1824
f 2229//2335 1491//1597 1278//1382
f 1491//1597 4227//4333 1278//1382
f 4834//4940 3641//3747 1353//1459
f 4093//4199 1353//1459 2847//2953
f 4835//4941 3335//3441 3562//3668
f 3890//3996 4835//4941 39//40
f 4687//4793 4698//4804 3962//4068
f 1762//1868 1766//1872 1763//1869
f 4587//4693 3446//3552 3540//3646
f 3446//3552 4161//4267 3540//3646
f 961//1065 3879//3985 4036//4142
f 3880//3986 3879//3985 961//1065
f 1806//1912 4794//4900 1803//1909
f 1806//1912 1803//1909 2307//2413
f 3//3 4130//4236 1//1
f 4131//4237 2557//2663 2512//2618
f 4139//4245 3403//3509 3405//3511
f 4141//4247 3405//3511 2441//2547
f 2820//2926 3072//3178 361//412
f 431//489 433//491 361//412
f 4834//4940 1353//1459 4093//4199
f 2966//3072 2965//3071 4093//4199
f 1153//1257 1243//1347 1151//1255
f 3666//3772 1153//1257 3112//3218
f 1327//1433 3982//4088 3984//4090
f 1327//1433 1329//1435 1851//1957
f 4168//4274 3703//3809 1972//2078
f 3700//3806 1972//2078 1971//2077
f 1426//1532 108//115 110//117
f 4722//4828 110//117 3918//4024
f 4836//4942 475//540 435//493
f 475//540 1812//1918 435//493
f 3227//3333 3226//3332 836//940
f 836//940 4415//4521 3224//3330
f 2627//2733 3807//3913 3806//3912
f 2366//2472 1291//1395 3807//3913
f 2771//2877 2207//2313 4256//4362
f 2771//2877 2206//2312 2207//2313
f 863//967 3803//3909 4817//4923
f 3805//3911 3803//3909 863//967
f 2293//2399 2296//2402 2295//2401
f 2295//2401 4155//4261 2293//2399
f 1968//2074 4646//4752 2879//2985
f 2879//2985 1969//2075 1968//2074
f 1864//1970 1859//1965 3881//3987
f 3618//3724 1859//1965 1864//1970
f 3335//3441 4835//4941 2811//2917
f 3336//3442 3335//3441 2811//2917
f 2944//3050 2943//3049 1791//1897
f 1791//1897 1790//1896 2944//3050
f 3945//4051 3944//4050 3119//3225
f 3119//3225 2092//2198 2094//2200
f 1721//1827 4154//4260 3138//3244
f 1722//1828 1721//1827 3138//3244
f 1484//1590 1684//1790 3011//3117
f 1484//1590 3514//3620 1684//1790
f 4713//4819 2601//2707 2712//2818
f 2601//2707 3223//3329 2712//2818
f 1872//1978 3703//3809 4166//4272
f 1872//1978 3719//3825 3817//3923
f 153//170 959//1063 163//182
f 3880//3986 961//1065 959//1063
f 373//425 392//445 374//426
f 3646//3752 392//445 373//425
f 4090//4196 4215//4321 1723//1829
f 1723//1829 4217//4323 2254//2360
f 3811//3917 1074//1178 4582//4688
f 2060//2166 1074//1178 3814//3920
f 1761//1867 2840//2946 2841//2947
f 1761//1867 1813//1919 1486//1592
f 1482//1588 3265//3371 1483//1589
f 3009//3115 1173//1277 3265//3371
f 2167//2273 4625//4731 1236//1340
f 2167//2273 1236//1340 3889//3995
f 3094//3200 2190//2296 4682//4788
f 3094//3200 4206//4312 2190//2296
f 3787//3893 2322//2428 2550//2656
f 1755//1861 4784//4890 1756//1862
f 2045//2151 2367//2473 2046//2152
f 3995//4101 2367//2473 2045//2151
f 1813//1919 2841//2947 1472//1578
f 1761//1867 2841//2947 1813//1919
f 3770//3876 905//1009 3759//3865
f 4751//4857 905//1009 3770//3876
f 3863//3969 2216//2322 3864//3970
f 4021//4127 4020//4126 3585//3691
f 4127//4233 2240//2346 3829//3935
f 3846//3952 4127//4233 3177//3283
f 2942//3048 1322//1428 1323//1429
f 2941//3047 4179//4285 4482//4588
f 773//873 4546//4652 2593//2699
f 2593//2699 761//861 773//873
f 1807//1913 1787//1893 3207//3313
f 1037//1141 3207//3313 1035//1139
f 2945//3051 2947//3053 1026//1130
f 2947//3053 3034//3140 3033//3139
f 4077//4183 3407//3513 2951//3057
f 4076//4182 4077//4183 2951//3057
f 4031//4137 4030//4136 3460//3566
f 1367//1473 3096//3202 4031//4137
f 4044//4150 12//12 4042//4148
f 5//5 3797//3903 6//6
f 2353//2459 2802//2908 2354//2460
f 3905//4011 2802//2908 2671//2777
f 3933//4039 539//613 541//615
f 4198//4304 539//613 3181//3287
f 4836//4942 435//493 4014//4120
f 4569//4675 4836//4942 4014//4120
f 4//4 6//6 1524//1630
f 1508//1614 1561//1667 4//4
f 2869//2975 2951//3057 2950//3056
f 4781//4887 839//943 2835//2941
f 3992//4098 318//364 3848//3954
f 3848//3954 318//364 4715//4821
f 1499//1605 3259//3365 4756//4862
f 2203//2309 2205//2311 3259//3365
f 2125//2231 1257//1361 1368//1474
f 2125//2231 4528//4634 1257//1361
f 4837//4943 3974//4080 3908//4014
f 4293//4399 1242//1346 3910//4016
f 2432//2538 4838//4944 2423//2529
f 2432//2538 2445//2551 1961//2067
f 3581//3687 3774//3880 3579//3685
f 2498//2604 3596//3702 3595//3701
f 4187//4293 2938//3044 2912//3018
f 4014//4120 4570//4676 2938//3044
f 3328//3434 1011//1115 1093//1197
f 2708//2814 1093//1197 4577//4683
f 3756//3862 3757//3863 1935//2041
f 1292//1396 2366//2472 2365//2471
f 3392//3498 2139//2245 2141//2247
f 3262//3368 3263//3369 3392//3498
f 3650//3756 3894//4000 3892//3998
f 1938//2044 1940//2046 3894//4000
f 4270//4376 4269//4375 4272//4378
f 19//19 3363//3469 28//29
f 1650//1756 1169//1273 1651//1757
f 4675//4781 1651//1757 1169//1273
f 3263//3369 1581//1687 2139//2245
f 3392//3498 3263//3369 2139//2245
f 3873//3979 3876//3982 3875//3981
f 3196//3302 1033//1137 1034//1138
f 2026//2132 4751//4857 2028//2134
f 2028//2134 2027//2133 2026//2132
f 2487//2593 3186//3292 2488//2594
f 2489//2595 2491//2597 3417//3523
f 1358//1464 2416//2522 1356//1462
f 2416//2522 1701//1807 1356//1462
f 2037//2143 2039//2145 3502//3608
f 4441//4547 3409//3515 3504//3610
f 1033//1137 3876//3982 3873//3979
f 2601//2707 1033//1137 3873//3979
f 2370//2476 1387//1493 4133//4239
f 3689//3795 3688//3794 2372//2478
f 2628//2734 2630//2736 4134//4240
f 4134//4240 2629//2735 2628//2734
f 2992//3098 4010//4116 1701//1807
f 1356//1462 1701//1807 1698//1804
f 1122//1226 4084//4190 4839//4945
f 4540//4646 4084//4190 1122//1226
f 1966//2072 1844//1950 3236//3342
f 1844//1950 1966//2072 1845//1951
f 834//938 2404//2510 2406//2512
f 2404//2510 834//938 2555//2661
f 977//1081 887//991 3020//3126
f 3020//3126 3019//3125 977//1081
f 4808//4914 4282//4388 507//577
f 4808//4914 507//577 458//518
f 287//333 999//1103 998//1102
f 287//333 998//1102 4840//4946
f 4790//4896 4344//4450 3247//3353
f 2935//3041 4344//4450 4790//4896
f 912//1016 4452//4558 445//505
f 912//1016 4458//4564 4457//4563
f 2879//2985 1652//1758 2878//2984
f 1848//1954 3776//3882 2878//2984
f 3395//3501 3216//3322 1986//2092
f 1987//2093 1986//2092 3216//3322
f 2002//2108 2004//2110 1984//2090
f 3468//3574 3466//3572 3453//3559
f 1726//1832 4445//4551 4154//4260
f 4154//4260 1724//1830 1726//1832
f 4596//4702 4597//4703 3672//3778
f 4120//4226 4596//4702 1270//1374
f 289//335 999//1103 287//333
f 3345//3451 2876//2982 3886//3992
f 3277//3383 1970//2076 4535//4641
f 3276//3382 1970//2076 3277//3383
f 1601//1707 1629//1735 1628//1734
f 1601//1707 1420//1526 1422//1528
f 2646//2752 3//3 2//2
f 2646//2752 4129//4235 3//3
f 4697//4803 3395//3501 2111//2217
f 4341//4447 3395//3501 1986//2092
f 854//958 2122//2228 4578//4684
f 854//958 2051//2157 2122//2228
f 3272//3378 1335//1441 3244//3350
f 1335//1441 3250//3356 3244//3350
f 4644//4750 3983//4089 4412//4518
f 1849//1955 3477//3583 1850//1956
f 2589//2695 3738//3844 3739//3845
f 2548//2654 4841//4947 2568//2674
f 307//353 3583//3689 308//354
f 3584//3690 3583//3689 3587//3693
f 3429//3535 3428//3534 2349//2455
f 3429//3535 2349//2455 3430//3536
f 3736//3842 2232//2338 2231//2337
f 3324//3430 3734//3840 3736//3842
f 3175//3281 1821//1927 3616//3722
f 1821//1927 281//327 1818//1924
f 4324//4430 2308//2414 3284//3390
f 3822//3928 2308//2414 4324//4430
f 2772//2878 2203//2309 3740//3846
f 2203//2309 3259//3365 3261//3367
f 1744//1850 1963//2069 3244//3350
f 1963//2069 1744//1850 869//973
f 952//1056 1290//1394 3358//3464
f 1290//1394 2994//3100 3358//3464
f 1451//1557 3790//3896 2511//2617
f 3792//3898 891//995 893//997
f 4711//4817 2221//2327 1045//1149
f 2219//2325 2221//2327 4711//4817
f 4160//4266 4484//4590 2765//2871
f 1997//2103 4160//4266 2765//2871
f 1020//1124 1321//1427 3000//3106
f 1020//1124 3000//3106 1021//1125
f 4163//4269 1891//1997 4045//4151
f 4599//4705 3601//3707 3612//3718
f 262//308 4024//4130 238//276
f 2429//2535 3215//3321 262//308
f 4424//4530 3455//3561 2518//2624
f 4424//4530 2518//2624 680//770
f 276//322 3423//3529 277//323
f 4143//4249 4145//4251 277//323
f 4356//4462 98//103 967//1071
f 2931//3037 2933//3039 967//1071
f 4408//4514 1563//1669 142//153
f 4408//4514 142//153 864//968
f 3233//3339 1615//1721 1128//1232
f 1931//2037 4328//4434 1932//2038
f 2285//2391 3526//3632 2288//2394
f 4507//4613 415//471 2288//2394
f 1063//1167 1122//1226 4839//4945
f 1063//1167 4839//4945 4048//4154
f 4160//4266 1156//1260 4484//4590
f 1343//1449 1156//1260 1158//1262
f 2400//2506 4446//4552 3789//3895
f 3789//3895 3246//3352 2400//2506
f 3571//3677 3574//3680 533//607
f 3571//3677 593//670 3574//3680
f 2308//2414 1831//1937 3284//3390
f 3284//3390 1831//1937 2880//2986
f 33//34 3153//3259 2258//2364
f 34//35 33//34 2258//2364
f 2150//2256 3252//3358 4176//4282
f 4176//4282 4654//4760 4564//4670
f 4028//4134 2110//2216 4029//4135
f 3359//3465 2895//3001 3360//3466
f 760//860 1213//1317 758//858
f 1217//1321 758//858 4180//4286
f 4842//4948 2804//2910 1687//1793
f 1390//1496 4842//4948 1388//1494
f 1672//1778 4037//4143 2997//3103
f 1672//1778 4140//4246 2999//3105
f 1941//2047 1065//1169 285//331
f 1941//2047 1943//2049 1065//1169
f 3349//3455 3348//3454 3350//3456
f 3350//3456 1469//1575 2978//3084
f 2804//2910 4842//4948 1390//1496
f 2258//2364 2805//2911 1390//1496
f 967//1071 98//103 2931//3037
f 2931//3037 98//103 2934//3040
f 4284//4390 3907//4013 2501//2607
f 3907//4013 4719//4825 3441//3547
f 713//813 3473//3579 4517//4623
f 713//813 3171//3277 2382//2488
f 928//1032 4274//4380 2355//2461
f 2355//2461 926//1030 928//1032
f 2680//2786 4252//4358 3593//3699
f 3593//3699 3590//3696 2680//2786
f 3887//3993 1521//1627 3927//4033
f 3891//3997 3896//4002 1532//1638
f 3003//3109 172//193 968//1072
f 968//1072 967//1071 3003//3109
f 2083//2189 2084//2190 4051//4157
f 2083//2189 4051//4157 1568//1674
f 4843//4949 1277//1381 4023//4129
f 1277//1381 2149//2255 4023//4129
f 2089//2195 3449//3555 3541//3647
f 3449//3555 3540//3646 4162//4268
f 3143//3249 3512//3618 3513//3619
f 3143//3249 3180//3286 3512//3618
f 1184//1288 3886//3992 2968//3074
f 3886//3992 1184//1288 1183//1287
f 162//181 1178//1282 161//180
f 1179//1283 1178//1282 4622//4728
f 870//974 1987//2093 3219//3325
f 2702//2808 870//974 820//924
f 4035//4141 962//1066 4036//4142
f 960//1064 962//1066 2998//3104
f 1351//1457 2744//2850 2444//2550
f 2744//2850 4480//4586 3984//4090
f 3750//3856 4844//4950 2388//2494
f 4289//4395 4288//4394 2454//2560
f 4479//4585 2744//2850 2636//2742
f 2636//2742 3868//3974 4479//4585
f 4196//4302 2074//2180 3388//3494
f 271//317 4196//4302 4437//4543
f 2250//2356 4392//4498 3146//3252
f 4391//4497 4392//4498 2250//2356
f 4296//4402 799//903 4298//4404
f 797//901 799//903 2453//2559
f 1485//1591 2777//2883 4194//4300
f 2778//2884 1412//1518 1485//1591
f 70//75 3366//3472 2880//2986
f 70//75 67//74 3366//3472
f 4106//4212 4105//4211 747//847
f 4106//4212 747//847 4104//4210
f 870//974 3338//3444 1264//1368
f 3338//3444 3340//3446 1264//1368
f 3649//3755 1659//1765 1658//1764
f 3652//3758 3893//3999 1658//1764
f 164//184 4845//4951 186//209
f 4845//4951 2890//2996 2889//2995
f 1196//1300 4331//4437 1349//1455
f 1192//1296 1196//1300 1349//1455
f 3292//3398 26//27 27//28
f 3753//3859 1715//1821 26//27
f 172//193 174//195 3173//3279
f 4846//4952 3175//3281 3173//3279
f 2263//2369 3607//3713 1835//1941
f 2427//2533 3607//3713 2263//2369
f 2373//2479 287//333 4840//4946
f 1081//1185 2373//2479 3522//3628
f 4065//4171 1868//1974 2755//2861
f 2755//2861 4510//4616 4148//4254
f 1801//1907 2853//2959 1112//1216
f 2855//2961 2853//2959 2854//2960
f 2506//2612 3266//3372 936//1040
f 2872//2978 936//1040 3266//3372
f 4121//4227 2631//2737 3979//4085
f 3979//4085 2631//2737 4266//4372
f 1853//1959 3459//3565 4031//4137
f 2210//2316 3459//3565 2208//2314
f 4591//4697 2030//2136 4558//4664
f 4591//4697 3103//3209 2030//2136
f 2510//2616 4220//4326 847//951
f 1400//1506 1399//1505 2510//2616
f 4298//4404 4297//4403 782//882
f 782//882 796//900 2875//2981
f 3768//3874 2723//2829 2776//2882
f 3752//3858 3751//3857 3769//3875
f 3329//3435 2708//2814 2710//2816
f 2708//2814 3329//3435 1093//1197
f 1973//2079 4509//4615 1974//2080
f 1974//2080 1976//2082 1973//2079
f 2032//2138 4591//4697 4558//4664
f 924//1028 4591//4697 925//1029
f 3841//3947 3840//3946 2711//2817
f 3841//3947 2711//2817 4375//4481
f 4652//4758 3833//3939 3835//3941
f 3833//3939 3832//3938 3835//3941
f 3755//3861 4638//4744 3419//3525
f 3755//3861 3419//3525 3144//3250
f 1747//1853 3498//3604 3249//3355
f 4317//4423 3498//3604 1747//1853
f 2756//2862 2755//2861 1495//1601
f 3239//3345 4680//4786 1512//1618
f 3640//3746 1354//1460 1353//1459
f 1354//1460 3640//3746 3638//3744
f 4318//4424 4317//4423 776//876
f 776//876 4317//4423 1747//1853
f 1637//1743 3763//3869 4581//4687
f 1637//1743 1634//1740 1633//1739
f 3558//3664 3949//4055 1904//2010
f 1514//1620 2697//2803 1515//1621
f 626//706 602//681 625//705
f 605//684 602//681 626//706
f 2414//2520 2055//2161 2057//2163
f 1169//1273 4109//4215 4675//4781
f 1666//1772 2371//2477 3153//3259
f 1663//1769 1666//1772 1664//1770
f 81//86 1070//1174 2563//2669
f 80//85 1070//1174 81//86
f 4314//4420 4315//4421 3258//3364
f 3258//3364 4538//4644 4314//4420
f 4201//4307 2105//2211 4202//4308
f 4673//4779 3100//3206 2107//2213
f 86//91 855//959 857//961
f 1666//1772 86//91 857//961
f 3745//3851 3549//3655 2900//3006
f 3549//3655 2718//2824 2900//3006
f 3949//4055 2697//2803 2874//2980
f 2697//2803 3949//4055 3558//3664
f 1838//1944 1837//1943 2265//2371
f 3231//3337 1838//1944 4239//4345
f 1709//1815 780//880 1707//1813
f 782//882 780//880 1709//1815
f 3634//3740 2288//2394 3526//3632
f 3635//3741 3634//3740 3526//3632
f 156//173 134//144 150//165
f 2461//2567 128//135 134//144
f 3308//3414 3310//3416 4262//4368
f 4262//4368 3310//3416 4655//4761
f 2085//2191 2918//3024 2827//2933
f 3915//4021 2918//3024 4313//4419
f 3128//3234 2857//2963 3129//3235
f 2855//2961 2857//2963 4669//4775
f 3097//3203 1452//1558 3098//3204
f 4589//4695 4588//4694 1452//1558
f 3775//3881 4323//4429 3284//3390
f 1847//1953 1468//1574 3776//3882
f 2694//2800 4847//4953 1878//1984
f 3680//3786 2694//2800 1878//1984
f 3778//3884 1898//2004 1900//2006
f 3777//3883 3778//3884 1900//2006
f 2809//2915 1678//1784 2810//2916
f 3433//3539 2158//2264 3365//3471
f 1996//2102 4047//4153 1997//2103
f 4733//4839 4047//4153 1996//2102
f 3295//3401 2489//2595 298//344
f 3295//3401 2490//2596 2489//2595
f 3702//3808 1911//2017 3703//3809
f 1972//2078 3703//3809 1870//1976
f 1335//1441 1334//1440 3250//3356
f 4488//4594 2450//2556 2155//2261
f 4232//4338 3591//3697 4231//4337
f 2682//2788 2130//2236 2132//2238
f 3864//3970 2216//2322 306//352
f 3864//3970 306//352 4627//4733
f 928//1032 2357//2463 4274//4380
f 4274//4380 2357//2463 2356//2462
f 1309//1415 2694//2800 3680//3786
f 1309//1415 3680//3786 4470//4576
f 1870//1976 1911//2017 1871//1977
f 3703//3809 1911//2017 1870//1976
f 4521//4627 3318//3424 2301//2407
f 3318//3424 4190//4296 2301//2407
f 983//1087 985//1089 1895//2001
f 985//1089 4286//4392 1895//2001
f 1359//1465 1361//1467 3914//4020
f 3914//4020 1360//1466 1359//1465
f 1217//1321 4848//4954 810//914
f 1217//1321 810//914 758//858
f 1714//1820 1711//1817 2587//2693
f 3580//3686 1711//1817 3581//3687
f 4403//4509 1860//1966 3618//3724
f 1867//1973 1863//1969 1865//1971
f 2616//2722 3400//3506 2617//2723
f 858//962 2095//2201 859//963
f 1047//1151 2271//2377 4699//4805
f 2271//2377 4700//4806 4699//4805
f 2238//2344 2743//2849 2740//2846
f 2238//2344 3566//3672 2743//2849
f 881//985 1958//2064 1957//2063
f 881//985 3059//3165 3912//4018
f 4704//4810 1558//1664 3594//3700
f 2036//2142 1558//1664 4704//4810
f 3696//3802 2988//3094 2990//3096
f 2988//3094 2616//2722 2990//3096
f 4009//4115 1053//1157 4529//4635
f 4008//4114 1053//1157 4009//4115
f 4473//4579 3678//3784 4472//4578
f 2041//2147 4472//4578 3678//3784
f 856//960 1170//1274 3690//3796
f 856//960 3690//3796 857//961
f 4009//4115 4506//4612 3709//3815
f 1566//1672 3710//3816 3709//3815
f 3623//3729 3622//3728 3624//3730
f 902//1006 901//1005 4849//4955
f 2558//2664 2513//2619 1282//1386
f 1282//1386 2513//2619 1283//1387
f 1918//2024 3705//3811 1919//2025
f 1919//2025 3930//4036 3928//4034
f 4784//4890 2550//2656 2551//2657
f 1755//1861 2550//2656 4784//4890
f 2329//2435 2664//2770 279//325
f 2653//2759 2662//2768 2329//2435
f 4185//4291 4186//4292 4850//4956
f 4184//4290 3705//3811 1918//2024
f 3093//3199 909//1013 3316//3422
f 3316//3422 909//1013 1977//2083
f 2767//2873 4796//4902 2766//2872
f 2911//3017 2910//3016 4851//4957
f 621//701 567//644 565//642
f 565//642 3039//3145 621//701
f 619//699 559//636 612//691
f 612//691 575//678 619//699
f 3939//4045 3938//4044 3940//4046
f 1342//1448 1344//1450 2345//2451
f 2274//2380 3354//3460 2277//2383
f 2274//2380 3353//3459 3354//3460
f 2470//2576 2472//2578 2467//2573
f 2464//2570 2466//2572 4330//4436
f 2766//2872 3865//3971 4020//4126
f 4796//4902 4851//4957 2766//2872
f 2024//2130 3796//3902 5//5
f 3796//3902 3797//3903 5//5
f 1339//1445 1291//1395 4791//4897
f 3807//3913 1291//1395 1339//1445
f 1310//1416 2712//2818 4415//4521
f 4415//4521 2712//2818 3224//3330
f 1255//1359 4574//4680 3898//4004
f 1255//1359 3898//4004 1256//1360
f 3189//3295 3533//3639 4631//4737
f 3483//3589 3533//3639 3189//3295
f 2157//2263 3850//3956 4177//4283
f 3437//3543 3438//3544 992//1096
f 3135//3241 4299//4405 2833//2939
f 2305//2411 4852//4958 2833//2939
f 1647//1753 1405//1511 2590//2696
f 2589//2695 1647//1753 2590//2696
f 4089//4195 3269//3375 3357//3463
f 1569//1675 3267//3373 3357//3463
f 1673//1779 2997//3103 1621//1727
f 4798//4904 1618//1724 1621//1727
f 951//1055 4010//4116 2992//3098
f 1290//1394 951//1055 2992//3098
f 3030//3136 1038//1142 4432//4538
f 4432//4538 2177//2283 751//851
f 3010//3116 169//190 976//1080
f 4261//4367 4260//4366 4259//4365
f 4698//4804 2987//3093 1396//1502
f 2986//3092 1396//1502 2987//3093
f 1582//1688 3651//3757 3650//3756
f 2298//2404 2297//2403 1582//1688
f 2227//2333 4338//4444 4694//4800
f 4338//4444 3494//3600 4694//4800
f 59//60 2396//2502 947//1051
f 2396//2502 4634//4740 947//1051
f 1435//1541 2043//2149 4473//4579
f 2043//2149 1435//1541 1447//1553
f 2524//2630 3758//3864 3759//3865
f 2525//2631 2524//2630 1930//2036
f 3896//4002 3887//3993 2716//2822
f 3896//4002 2716//2822 2715//2821
f 2816//2922 4630//4736 3069//3175
f 2816//2922 1284//1388 1286//1390
f 2027//2133 2029//2135 2597//2703
f 2599//2705 2029//2135 3759//3865
f 3401//3507 3400//3506 3399//3505
f 3399//3505 2093//2199 3401//3507
f 4500//4606 265//311 883//987
f 4500//4606 266//312 265//311
f 2076//2182 4853//4959 1572//1678
f 4853//4959 2076//2182 2387//2493
f 4384//4490 2762//2868 4435//4541
f 2761//2867 4435//4541 2762//2868
f 4437//4543 1439//1545 941//1045
f 941//1045 943//1047 4437//4543
f 1983//2089 4110//4216 1046//1150
f 4532//4638 1983//2089 1046//1150
f 4845//4951 2889//2995 186//209
f 186//209 2889//2995 3717//3823
f 2909//3015 4175//4281 1014//1118
f 2499//2605 2909//3015 1014//1118
f 1439//1545 1438//1544 3243//3349
f 1439//1545 3243//3349 941//1045
f 1597//1703 1599//1705 3257//3363
f 1597//1703 3257//3363 1499//1605
f 642//726 2146//2252 572//649
f 4199//4305 3142//3248 572//649
f 3214//3320 1220//1324 4025//4131
f 3215//3321 3214//3320 4025//4131
f 4854//4960 3312//3418 3322//3428
f 4672//4778 3312//3418 4854//4960
f 1529//1635 1531//1637 2715//2821
f 1531//1637 2848//2954 2715//2821
f 2859//2965 2858//2964 926//1030
f 3289//3395 1294//1398 2859//2965
f 1555//1661 2715//2821 1553//1659
f 2715//2821 2848//2954 1553//1659
f 2748//2854 453//513 4032//4138
f 453//513 444//504 454//514
f 2184//2290 2185//2291 4234//4340
f 2185//2291 43//44 83//88
f 3311//3417 1808//1914 1807//1913
f 3311//3417 4672//4778 4854//4960
f 3497//3603 1757//1863 3496//3602
f 3496//3602 1473//1579 3497//3603
f 2151//2257 3510//3616 2152//2258
f 2321//2427 2691//2797 2692//2798
f 1248//1352 4137//4243 1587//1693
f 4151//4257 1587//1693 4137//4243
f 3088//3194 32//33 34//35
f 3292//3398 27//28 2260//2366
f 3707//3813 259//303 251//293
f 3707//3813 3706//3812 259//303
f 4372//4478 921//1025 2737//2843
f 921//1025 984//1088 983//1087
f 1077//1181 3378//3484 1075//1179
f 3378//3484 1077//1181 3953//4059
f 295//341 4305//4411 1907//2013
f 1906//2012 295//341 1907//2013
f 4540//4646 4539//4645 4084//4190
f 4197//4303 2814//2920 4800//4906
f 1909//2015 1911//2017 3702//3808
f 1909//2015 3702//3808 1874//1980
f 2918//3024 981//1085 2827//2933
f 1377//1483 2829//2935 2827//2933
f 3451//3557 1760//1866 1473//1579
f 3451//3557 1473//1579 3496//3602
f 3384//3490 4855//4961 2959//3065
f 2959//3065 2958//3064 3384//3490
f 3256//3362 2073//2179 2070//2176
f 2070//2176 2073//2179 2075//2181
f 4277//4383 1855//1961 1857//1963
f 4279//4385 1855//1961 4277//4383
f 4287//4393 3490//3596 2402//2508
f 4527//4633 2819//2925 4552//4658
f 1795//1901 1580//1686 1581//1687
f 2605//2711 1580//1686 1795//1901
f 1759//1865 1769//1875 1757//1863
f 1769//1875 1759//1865 2839//2945
f 1855//1961 1736//1842 1856//1962
f 1735//1841 1734//1840 1736//1842
f 1542//1648 1899//2005 825//929
f 1543//1649 1542//1648 825//929
f 4856//4962 2315//2421 2314//2420
f 3020//3126 3022//3128 3019//3125
f 4624//4730 3529//3635 4623//4729
f 503//572 2284//2390 2286//2392
f 604//683 607//686 569//646
f 569//646 607//686 606//685
f 2242//2348 2959//3065 4855//4961
f 2242//2348 4855//4961 4575//4681
f 2798//2904 3941//4047 447//507
f 2795//2901 4451//4557 2796//2902
f 4483//4589 4381//4487 2360//2466
f 2360//2466 2280//2386 4483//4589
f 800//904 802//906 4268//4374
f 4672//4778 4268//4374 802//906
f 3729//3835 3172//3278 2815//2921
f 3729//3835 2815//2921 4197//4303
f 2955//3061 2956//3062 1545//1651
f 1434//1540 2956//3062 4857//4963
f 503//572 2286//2392 504//573
f 527//601 2286//2392 2786//2892
f 1926//2032 4351//4457 1917//2023
f 4351//4457 2974//3080 1917//2023
f 4316//4422 2244//2350 1027//1131
f 1027//1131 3178//3284 792//892
f 1021//1125 3000//3106 3168//3274
f 1021//1125 3168//3274 1104//1208
f 2390//2496 4858//4964 3194//3300
f 1244//1348 2390//2496 1245//1349
f 1254//1358 4103//4209 1252//1356
f 1254//1358 4571//4677 4103//4209
f 3111//3217 1429//1535 1432//1538
f 3111//3217 4603//4709 3112//3218
f 2064//2170 2063//2169 3435//3541
f 2700//2806 2064//2170 992//1096
f 3691//3797 4667//4773 2091//2197
f 3691//3797 1912//2018 1136//1240
f 2823//2929 1123//1227 3695//3801
f 1125//1229 2914//3020 1123//1227
f 1244//1348 1551//1657 4858//4964
f 4858//4964 2390//2496 1244//1348
f 3676//3782 3167//3273 2882//2988
f 2884//2990 4795//4901 1287//1391
f 4350//4456 2976//3082 4351//4457
f 1920//2026 2975//3081 2976//3082
f 4846//4952 3173//3279 250//292
f 223//259 4846//4952 250//292
f 4858//4964 4151//4257 3194//3300
f 1571//1677 4151//4257 4137//4243
f 4859//4965 3711//3817 3712//3818
f 1397//1503 3712//3818 3711//3817
f 4847//4953 2238//2344 1876//1982
f 1876//1982 1878//1984 4847//4953
f 3922//4028 3398//3504 1506//1612
f 3923//4029 3922//4028 1506//1612
f 4356//4462 96//101 95//100
f 98//103 4356//4462 95//100
f 862//966 861//965 4859//4965
f 4859//4965 861//965 3711//3817
f 3099//3205 1084//1188 3445//3551
f 3095//3201 3099//3205 3096//3202
f 2008//2114 2010//2116 894//998
f 4448//4554 894//998 2010//2116
f 2335//2441 260//304 1273//1377
f 4656//4762 1273//1377 260//304
f 4078//4184 1959//2065 1955//2061
f 3995//4101 1959//2065 2367//2473
f 2870//2976 290//336 4320//4426
f 2612//2718 4593//4699 2870//2976
f 4487//4593 1090//1194 2732//2838
f 4054//4160 2732//2838 4741//4847
f 1246//1350 1248//1352 1639//1745
f 1639//1745 3560//3666 1246//1350
f 2660//2766 2699//2805 1514//1620
f 2697//2803 1514//1620 2699//2805
f 4187//4293 536//610 4026//4132
f 510//580 4187//4293 2912//3018
f 2082//2188 3630//3736 1087//1191
f 1087//1191 1089//1193 2082//2188
f 3622//3728 899//1003 3208//3314
f 3621//3727 899//1003 3622//3728
f 4310//4416 3870//3976 3352//3458
f 3352//3458 3870//3976 3869//3975
f 2435//2541 3715//3821 1477//1583
f 1477//1583 4478//4584 2435//2541
f 3825//3931 4831//4937 3826//3932
f 1148//1252 1632//1738 1149//1253
f 3512//3618 4335//4441 2458//2564
f 4334//4440 4335//4441 4621//4727
f 2834//2940 4492//4598 3582//3688
f 1902//2008 2834//2940 939//1043
f 3840//3946 1590//1696 2711//2817
f 3840//3946 3839//3945 1590//1696
f 3825//3931 3827//3933 3831//3937
f 3831//3937 3827//3933 4860//4966
f 1886//1992 4309//4415 4534//4640
f 1092//1196 1091//1195 1544//1650
f 3941//4047 2048//2154 3721//3827
f 2795//2901 3941//4047 4451//4557
f 4095//4201 1610//1716 4700//4806
f 4663//4769 4095//4201 4701//4807
f 4861//4967 1284//1388 2818//2924
f 4861//4967 2818//2924 1758//1864
f 3063//3169 1993//2099 3462//3568
f 2378//2484 3471//3577 3462//3568
f 1841//1947 2283//2389 2282//2388
f 190//215 1841//1947 2282//2388
f 2424//2530 2376//2482 4829//4935
f 3271//3377 4829//4935 2376//2482
f 4026//4132 1446//1552 2867//2973
f 1446//1552 4026//4132 536//610
f 2107//2213 2098//2204 2403//2509
f 1487//1593 2403//2509 2098//2204
f 3027//3133 3026//3132 4464//4570
f 2867//2973 3027//3133 4464//4570
f 4862//4968 4293//4399 3910//4016
f 4348//4454 2736//2842 3071//3177
f 2508//2614 2507//2613 517//587
f 529//603 537//611 528//602
f 2778//2884 4194//4300 2100//2206
f 4194//4300 2778//2884 1485//1591
f 1783//1889 3205//3311 4255//4361
f 2898//3004 4609//4715 4255//4361
f 3154//3260 1656//1762 2654//2760
f 3154//3260 2137//2243 2136//2242
f 4417//4523 1916//2022 4717//4823
f 4717//4823 1916//2022 2881//2987
f 542//616 4703//4809 3038//3144
f 3038//3144 4703//4809 2473//2579
f 778//878 3237//3343 1523//1629
f 4297//4403 778//878 782//882
f 4417//4523 1914//2020 1916//2022
f 1914//2020 4417//4523 3505//3611
f 4780//4886 3732//3838 3734//3840
f 4780//4886 3734//3840 3324//3430
f 3058//3164 1078//1182 1080//1184
f 4544//4650 4542//4648 3058//3164
f 2944//3050 4849//4955 2393//2499
f 4849//4955 901//1005 3624//3730
f 2503//2609 1778//1884 1589//1695
f 2281//2387 2503//2609 1589//1695
f 551//627 550//626 552//629
f 552//629 2785//2891 551//627
f 2964//3070 3899//4005 3901//4007
f 1258//1362 2964//3070 3901//4007
f 2776//2882 3752//3858 3769//3875
f 2776//2882 1729//1835 3752//3858
f 3299//3405 4863//4969 4442//4548
f 2052//2158 2422//2528 3299//3405
f 1182//1286 1181//1285 3343//3449
f 2509//2615 1182//1286 1183//1287
f 4863//4969 2034//2140 4442//4548
f 3503//3609 2034//2140 2036//2142
f 2062//2168 4177//4283 3970//4076
f 3353//3459 2062//2168 3970//4076
f 3978//4084 2143//2249 2438//2544
f 3979//4085 4266//4372 3978//4084
f 3012//3118 3011//3117 3507//3613
f 4261//4367 3012//3118 4260//4366
f 1745//1851 3244//3350 3251//3357
f 4658//4764 1745//1851 3251//3357
f 3819//3925 1967//2073 3276//3382
f 3819//3925 1088//1192 1087//1191
f 2622//2728 1315//1421 2625//2731
f 1315//1421 30//31 4449//4555
f 3499//3605 1743//1849 1745//1851
f 4317//4423 4319//4425 3499//3605
f 4599//4705 3602//3708 1896//2002
f 3611//3717 3613//3719 3602//3708
f 1526//1632 29//30 31//32
f 4449//4555 29//30 1526//1632
f 670//757 4182//4288 557//634
f 558//635 557//634 4693//4799
f 3343//3449 1183//1287 1182//1286
f 3886//3992 1183//1287 3343//3449
f 2337//2443 1793//1899 3263//3369
f 2337//2443 2336//2442 1793//1899
f 2020//2126 4716//4822 2016//2122
f 2018//2124 2020//2126 2016//2122
f 2670//2776 2669//2775 4049//4155
f 2670//2776 2667//2773 2669//2775
f 3260//3366 812//916 3740//3846
f 3258//3364 4315//4421 3260//3366
f 3417//3523 2491//2597 2487//2593
f 2853//2959 3417//3523 2487//2593
f 1893//1999 1892//1998 982//1086
f 1893//1999 982//1086 2918//3024
f 4219//4325 3762//3868 1637//1743
f 1731//1837 3771//3877 3057//3163
f 195//223 203//233 196//224
f 203//233 261//307 196//224
f 2547//2653 2019//2125 2568//2674
f 2019//2125 2547//2653 2020//2126
f 537//611 549//625 538//612
f 2785//2891 538//612 549//625
f 1730//1836 3771//3877 1731//1837
f 3488//3594 3772//3878 1730//1836
f 4410//4516 3754//3860 2262//2368
f 2262//2368 2362//2468 4405//4511
f 605//684 647//732 654//740
f 626//706 629//709 605//684
f 1135//1239 3917//4023 1136//1240
f 1135//1239 3918//4024 3917//4023
f 4864//4970 190//215 189//214
f 1696//1802 4864//4970 189//214
f 4086//4192 2189//2295 2188//2294
f 4086//4192 4662//4768 1198//1302
f 2070//2176 2072//2178 2490//2596
f 3187//3293 2490//2596 2072//2178
f 2410//2516 2375//2481 3550//3656
f 2375//2481 2410//2516 2423//2529
f 1219//1323 987//1091 2191//2297
f 988//1092 987//1091 1219//1323
f 3145//3251 317//363 3920//4026
f 3524//3630 3920//4026 317//363
f 384//437 4116//4222 1981//2087
f 1045//1149 1050//1154 384//437
f 2873//2979 293//339 1465//1571
f 293//339 2873//2979 1097//1201
f 4434//4540 4433//4539 2135//2241
f 2135//2241 4433//4539 3516//3622
f 3472//3578 3061//3167 3063//3169
f 3061//3167 3472//3578 3065//3171
f 2673//2779 913//1017 3545//3651
f 3546//3652 3545//3651 913//1017
f 1927//2033 3369//3475 1928//2034
f 3369//3475 3371//3477 1928//2034
f 3920//4026 3524//3630 303//349
f 3524//3630 1000//1104 303//349
f 2930//3036 4817//4923 3803//3909
f 1764//1870 4817//4923 2930//3036
f 4462//4568 375//427 1159//1263
f 373//425 375//427 3576//3682
f 3795//3901 2021//2127 4413//4519
f 3795//3901 1713//1819 2021//2127
f 1496//1602 4148//4254 4147//4253
f 1496//1602 2755//2861 4148//4254
f 3347//3453 2977//3083 4505//4611
f 2978//3084 2977//3083 3347//3453
f 4486//4592 2920//3026 2247//2353
f 2920//3026 1887//1993 2247//2353
f 4075//4181 2314//2420 2323//2429
f 4075//4181 2323//2429 4081//4187
f 2007//2113 3805//3911 1365//1471
f 2005//2111 2007//2113 1365//1471
f 817//921 3971//4077 816//920
f 810//914 4848//4954 811//915
f 1606//1712 3091//3197 4682//4788
f 3094//3200 4682//4788 3092//3198
f 46//47 2726//2832 44//45
f 4283//4389 3747//3853 2725//2831
f 1811//1917 3182//3288 495//562
f 3182//3288 3181//3287 3935//4041
f 2989//3095 3696//3802 2990//3096
f 2348//2454 3713//3819 2620//2726
f 4361//4467 1246//1350 3560//3666
f 1301//1405 4844//4950 4361//4467
f 4386//4492 2306//2412 3822//3928
f 2306//2412 3823//3929 3822//3928
f 220//256 1311//1417 3383//3489
f 3383//3489 1767//1873 3381//3487
f 568//645 570//647 4378//4484
f 544//618 4378//4484 2788//2894
f 4075//4181 4081//4187 720//820
f 720//820 2310//2416 721//821
f 539//613 3933//4039 3181//3287
f 3181//3287 3933//4039 3935//4041
f 2725//2831 3747//3853 46//47
f 2725//2831 46//47 1481//1587
f 1842//1948 1841//1947 190//215
f 4864//4970 1843//1949 190//215
f 1904//2010 3949//4055 3948//4054
f 1905//2011 1904//2010 3948//4054
f 1676//1782 876//980 1674//1780
f 876//980 875//979 1674//1780
f 1694//1800 220//256 1002//1106
f 3383//3489 3381//3487 220//256
f 3374//3480 616//696 4778//4884
f 616//696 3374//3480 1536//1642
f 2384//2490 1480//1586 3699//3805
f 3699//3805 986//1090 2384//2490
f 2596//2702 1131//1235 1915//2021
f 1319//1425 1131//1235 3798//3904
f 1068//1172 4114//4220 119//126
f 2145//2251 4115//4221 1068//1172
f 996//1100 1603//1709 4401//4507
f 997//1101 996//1100 4801//4907
f 4494//4600 4493//4599 179//200
f 179//200 3004//3110 4495//4601
f 1620//1726 292//338 4077//4183
f 1619//1725 292//338 1620//1726
f 3241//3347 3546//3652 3238//3344
f 3238//3344 3239//3345 3241//3347
f 2222//2328 2219//2325 4337//4443
f 2663//2769 2222//2328 4337//4443
f 3835//3941 3430//3536 4652//4758
f 2619//2725 3430//3536 2620//2726
f 3150//3256 3148//3254 1879//1985
f 1879//1985 3148//3254 3821//3927
f 2391//2497 3208//3314 288//334
f 3208//3314 899//1003 288//334
f 1075//1179 3378//3484 3377//3483
f 4765//4871 1075//1179 4690//4796
f 4329//4435 4865//4971 3669//3775
f 4865//4971 3670//3776 3669//3775
f 1918//2024 2343//2449 4850//4956
f 4850//4956 4186//4292 1918//2024
f 2090//2196 4607//4713 3693//3799
f 4608//4714 4124//4230 4113//4219
f 1582//1688 2297//2403 1583//1689
f 1583//1689 2297//2403 1062//1166
f 4329//4435 4632//4738 2600//2706
f 2600//2706 4865//4971 4329//4435
f 3087//3193 3644//3750 3088//3194
f 3087//3193 3089//3195 3644//3750
f 14//14 3493//3599 15//15
f 4739//4845 3493//3599 1650//1756
f 1424//1530 3105//3211 1425//1531
f 4101//4207 3993//4099 3105//3211
f 422//479 4787//4893 423//480
f 4787//4893 4786//4892 423//480
f 3057//3163 4753//4859 3762//3868
f 1731//1837 3057//3163 3762//3868
f 4866//4972 3686//3792 1295//1399
f 3686//3792 1296//1400 1295//1399
f 3606//3712 1835//1941 3604//3710
f 1835//1941 3607//3713 3604//3710
f 745//845 3115//3221 3114//3220
f 745//845 4828//4934 3115//3221
f 3781//3887 3044//3150 4360//4466
f 3045//3151 3044//3150 3781//3887
f 2862//2968 4003//4109 4004//4110
f 4588//4694 2862//2968 1453//1559
f 845//949 3494//3600 846//950
f 4339//4445 3494//3600 845//949
f 3190//3296 2803//2909 2850//2956
f 4376//4482 2803//2909 2802//2908
f 1373//1479 2352//2458 1510//1616
f 3414//3520 2352//2458 1373//1479
f 569//646 611//690 603//682
f 569//646 590//667 611//690
f 2983//3089 4702//4808 4444//4550
f 2983//3089 2982//3088 2606//2712
f 4664//4770 4729//4835 675//764
f 2522//2628 675//764 4729//4835
f 3492//3598 1727//1833 787//887
f 2775//2881 1727//1833 3492//3598
f 4744//4850 3136//3242 2586//2692
f 2586//2692 2585//2691 4353//4459
f 433//491 491//558 3489//3595
f 433//491 3489//3595 361//412
f 4606//4712 2144//2250 4170//4276
f 2633//2739 2632//2738 4171//4277
f 2983//3089 1508//1614 2982//3088
f 1524//1630 1508//1614 4//4
f 1805//1911 4794//4900 1806//1912
f 4794//4900 4833//4939 4456//4562
f 3053//3159 4830//4936 3052//3158
f 3053//3159 3761//3867 4830//4936
f 3164//3270 3166//3272 3165//3271
f 1390//1496 3166//3272 2259//2365
f 3743//3849 2383//2489 4558//4664
f 2033//2139 2383//2489 989//1093
f 4496//4602 4290//4396 1283//1387
f 1283//1387 2513//2619 2515//2621
f 2685//2791 2925//3031 2686//2792
f 4029//4135 2925//3031 2685//2791
f 2259//2365 3166//3272 3164//3270
f 2261//2367 3164//3270 2362//2468
f 4737//4843 1905//2011 3948//4054
f 1177//1281 161//180 1178//1282
f 1332//1438 4776//4882 3283//3389
f 4443//4549 1332//1438 3283//3389
f 4718//4824 35//36 4649//4755
f 1457//1563 2864//2970 1624//1730
f 2138//2244 825//929 824//928
f 2141//2247 2140//2246 2138//2244
f 2382//2488 3170//3276 708//808
f 2522//2628 708//808 675//764
f 3275//3381 3281//3387 974//1078
f 974//1078 3281//3387 3282//3388
f 3563//3669 1061//1165 3564//3670
f 1014//1118 1016//1120 1017//1121
f 2561//2667 3046//3152 4628//4734
f 2906//3012 3046//3152 2905//3011
f 2907//3013 4419//4525 2888//2994
f 4419//4525 1475//1581 1478//1584
f 2131//2237 3058//3164 1080//1184
f 1080//1184 2571//2677 2131//2237
f 4562//4668 4055//4161 993//1097
f 3438//3544 3851//3957 993//1097
f 162//181 3293//3399 3305//3411
f 3293//3399 4513//4619 3305//3411
f 4280//4386 4277//4383 2209//2315
f 3280//3386 2209//2315 2208//2314
f 2975//3081 1920//2026 1922//2028
f 1922//2028 3161//3267 2975//3081
f 1318//1424 1320//1426 471//536
f 964//1068 1318//1424 471//536
f 4740//4846 571//648 2457//2563
f 2457//2563 539//613 4740//4846
f 4808//4914 3934//4040 4282//4388
f 3877//3983 496//563 4808//4914
f 4367//4473 3294//3400 838//942
f 3305//3411 3294//3400 4367//4473
f 4689//4795 4039//4145 3921//4027
f 2630//2736 3921//4027 4134//4240
f 2776//2882 3769//3875 4867//4973
f 2775//2881 4867//4973 3769//3875
f 1366//1472 3805//3911 4659//4765
f 862//966 4659//4765 3805//3911
f 4199//4305 572//649 571//648
f 4199//4305 571//648 4740//4846
f 2895//3001 4732//4838 710//810
f 4732//4838 3628//3734 710//810
f 2640//2746 2243//2349 1210//1314
f 1586//1692 2640//2746 1210//1314
f 3051//3157 2230//2336 4306//4412
f 1279//1383 4022//4128 1280//1384
f 1648//1754 2549//2655 3557//3663
f 1648//1754 3557//3663 1145//1249
f 4398//4504 2652//2758 3569//3675
f 4399//4505 2652//2758 4398//4504
f 3655//3761 1871//1977 1910//2016
f 2294//2400 3654//3760 3655//3761
f 3517//3623 1404//1510 4724//4830
f 1404//1510 1406//1512 2112//2218
f 314//360 4212//4318 311//357
f 4212//4318 314//360 3075//3181
f 4550//4656 801//905 4126//4232
f 802//906 801//905 4273//4379
f 2638//2744 3867//3973 3868//3974
f 2636//2742 2638//2744 3868//3974
f 939//1043 4868//4974 940//1044
f 940//1044 3586//3692 2217//2323
f 2307//2413 2830//2936 2831//2937
f 2307//2413 4852//4958 2305//2411
f 4214//4320 1812//1918 4312//4418
f 4214//4320 362//413 436//494
f 1303//1407 4579//4685 1304//1408
f 4579//4685 1303//1407 2903//3009
f 3872//3978 2801//2907 2800//2906
f 2910//3016 2801//2907 3872//3978
f 4248//4354 1936//2042 4672//4778
f 4248//4354 1937//2043 1936//2042
f 1261//1365 1890//1996 1262//1366
f 1262//1366 1148//1252 1150//1254
f 1975//2081 3465//3571 1976//2082
f 4788//4894 3465//3571 1975//2081
f 918//1022 2645//2751 2647//2753
f 918//1022 2646//2752 2645//2751
f 3050//3156 774//874 777//877
f 3050//3156 4525//4631 774//874
f 2571//2677 2570//2676 2820//2926
f 2570//2676 1082//1186 2820//2926
f 4476//4582 1925//2031 4477//4583
f 1925//2031 3685//3791 4869//4975
f 2517//2623 3988//4094 4156//4262
f 2518//2624 2517//2623 4156//4262
f 1126//1230 494//561 4870//4976
f 494//561 1126//1230 495//562
f 3139//3245 642//726 3142//3248
f 3142//3248 642//726 572//649
f 4476//4582 1923//2029 1925//2031
f 1293//1397 1923//2029 4476//4582
f 3069//3175 2406//2512 3070//3176
f 4630//4736 835//939 3069//3175
f 1144//1248 4001//4107 1022//1126
f 4001//4107 1023//1127 1022//1126
f 3063//3169 657//743 1993//2099
f 657//743 656//742 1993//2099
f 1107//1211 3773//3879 2496//2602
f 2496//2602 1108//1212 1107//1211
f 320//366 448//508 3843//3949
f 4715//4821 318//364 320//366
f 4835//4941 3562//3668 2165//2271
f 2166//2272 2165//2271 3976//4082
f 3404//3510 2676//2782 2022//2128
f 2676//2782 3404//3510 3403//3509
f 3501//3607 1306//1412 3249//3355
f 3249//3355 1306//1412 821//925
f 1880//1986 4241//4347 2977//3083
f 1880//1986 3821//3927 4241//4347
f 1793//1899 2336//2442 1794//1900
f 4332//4438 4333//4439 1794//1900
f 2958//3064 3177//3283 3829//3935
f 3177//3283 4127//4233 3829//3935
f 4322//4428 742//842 4090//4196
f 4090//4196 4573//4679 4215//4321
f 3637//3743 3614//3720 2418//2524
f 2418//2524 3614//3720 2419//2525
f 1126//1230 4870//4976 3420//3526
f 3147//3253 3146//3252 3420//3526
f 2856//2962 2486//2592 3534//3640
f 2854//2960 2487//2593 2486//2592
f 3585//3691 3587//3693 2216//2322
f 3585//3691 2216//2322 4021//4127
f 3546//3652 1498//1604 4803//4909
f 3546//3652 913//1017 1498//1604
f 436//494 4620//4726 434//492
f 434//492 4620//4726 4619//4725
f 1387//1493 3689//3795 2372//2478
f 1387//1493 2372//2478 2080//2186
f 4244//4350 4249//4355 2221//2327
f 4245//4351 3082//3188 2201//2307
f 4404//4510 4007//4113 1860//1966
f 4007//4113 1858//1964 1860//1966
f 4455//4561 4456//4562 1459//1565
f 4455//4561 3221//3327 2463//2569
f 987//1091 986//1090 3714//3820
f 3698//3804 1479//1585 3714//3820
f 3688//3794 1172//1276 2077//2183
f 3688//3794 2077//2183 2372//2478
f 234//272 3619//3725 3647//3753
f 234//272 4750//4856 3619//3725
f 4550//4656 4273//4379 801//905
f 4273//4379 4550//4656 2356//2462
f 1901//2007 4018//4124 4624//4730
f 4522//4628 4018//4124 1901//2007
f 4286//4392 1376//1482 1375//1481
f 980//1084 3674//3780 1375//1481
f 2608//2714 2607//2713 3665//3771
f 4752//4858 3665//3771 2607//2713
f 4121//4227 3314//3420 2631//2737
f 4115//4221 3314//3420 4121//4227
f 1697//1803 189//214 211//245
f 211//245 226//262 1694//1800
f 1376//1482 1947//2053 3005//3111
f 4286//4392 1947//2053 1376//1482
f 1279//1383 4843//4949 4023//4129
f 4022//4128 1279//1383 4023//4129
f 3510//3616 2691//2797 4518//4624
f 2691//2797 3510//3616 2151//2257
f 2658//2764 2559//2665 2560//2666
f 2658//2764 4422//4528 2559//2665
f 2475//2581 3455//3561 2473//2579
f 3855//3961 2475//2581 3853//3959
f 1166//1270 1057//1161 1059//1163
f 1059//1163 3456//3562 4150//4256
f 2097//2203 2618//2724 2617//2723
f 2097//2203 2991//3097 2618//2724
f 1155//1259 926//1030 2355//2461
f 2355//2461 2269//2375 1155//1259
f 4138//4244 2677//2783 2678//2784
f 4138//4244 2678//2784 4141//4247
f 4225//4331 4436//4542 4434//4540
f 4434//4540 4436//4542 2761//2867
f 1668//1774 3356//3462 3791//3897
f 1670//1776 1668//1774 1667//1773
f 3242//3348 1374//1480 942//1046
f 942//1046 1374//1480 1509//1615
f 3304//3410 4622//4728 1178//1282
f 3226//3332 3304//3410 3302//3408
f 3205//3311 1785//1891 1807//1913
f 3207//3313 3205//3311 1807//1913
f 823//927 2157//2263 4177//4283
f 822//926 2157//2263 823//927
f 1818//1924 1669//1775 3617//3723
f 1669//1775 3791//3897 3793//3899
f 3296//3402 3298//3404 3297//3403
f 3296//3402 4149//4255 3298//3404
f 4393//4499 2943//3049 2578//2684
f 2576//2682 2575//2681 2578//2684
f 4268//4374 4267//4373 800//904
f 3829//3935 2240//2346 1784//1890
f 2290//2396 2198//2304 4782//4888
f 4802//4908 4871//4977 3308//3414
f 1885//1991 1887//1993 3777//3883
f 3777//3883 1900//2006 1885//1991
f 4051//4157 2084//2190 3425//3531
f 4676//4782 1378//1484 3425//3531
f 2572//2678 4172//4278 1083//1187
f 1079//1183 4172//4278 2572//2678
f 2012//2118 2014//2120 2013//2119
f 4716//4822 2013//2119 2016//2122
f 2106//2212 2108//2214 4195//4301
f 1486//1592 2106//2212 2777//2883
f 3017//3123 3018//3124 4755//4861
f 3017//3123 1576//1682 3018//3124
f 177//198 959//1063 960//1064
f 177//198 960//1064 251//293
f 1637//1743 4581//4687 1634//1740
f 1634//1740 4581//4687 3055//3161
f 1415//1521 3525//3631 1158//1262
f 1158//1262 1157//1261 1415//1521
f 4293//4399 4862//4968 2736//2842
f 4293//4399 2736//2842 1894//2000
f 2240//2346 800//904 4267//4373
f 800//904 2240//2346 801//905
f 3173//3279 3174//3280 1733//1839
f 3174//3280 138//149 1733//1839
f 4770//4876 4164//4270 2162//2268
f 2162//2268 4165//4271 3879//3985
f 1156//1260 1343//1449 4484//4590
f 4484//4590 1343//1449 1342//1448
f 45//46 3136//3242 4173//4279
f 4173//4279 46//47 45//46
f 1284//1388 1463//1569 1285//1389
f 1463//1569 1284//1388 4861//4967
f 4036//4142 4165//4271 2611//2717
f 2611//2717 4034//4140 4036//4142
f 1902//2008 4549//4655 2317//2423
f 4549//4655 3633//3739 2317//2423
f 3476//3582 2929//3035 2413//2519
f 2413//2519 2415//2521 4411//4517
f 2416//2522 1702//1808 1701//1807
f 1702//1808 2416//2522 2420//2526
f 3896//4002 3891//3997 3887//3993
f 2717//2823 3887//3993 3891//3997
f 3670//3776 2526//2632 2527//2633
f 2526//2632 3670//3776 3232//3338
f 2150//2256 2386//2492 4747//4853
f 4747//4853 2386//2492 3021//3127
f 3001//3107 1022//1126 1024//1128
f 3001//3107 1024//1128 906//1010
f 4532//4638 2502//2608 1430//1536
f 1046//1150 2502//2608 4532//4638
f 904//1008 1024//1128 1023//1127
f 950//1054 904//1008 1023//1127
f 4295//4401 4294//4400 1789//1895
f 4295//4401 976//1080 4294//4400
f 842//946 841//945 4016//4122
f 3527//3633 4502//4608 4503//4609
f 1861//1967 1862//1968 3881//3987
f 3060//3166 1861//1967 3881//3987
f 3592//3698 2129//2235 2128//2234
f 4524//4630 2129//2235 3592//3698
f 4077//4183 3408//3514 3407//3513
f 4077//4183 292//338 3408//3514
f 2280//2386 3081//3187 4483//4589
f 3081//3187 2280//2386 3082//3188
f 971//1075 3367//3473 969//1073
f 3367//3473 971//1075 3366//3472
f 2714//2820 4713//4819 2712//2818
f 4375//4481 2711//2817 4714//4820
f 2940//3046 821//925 2061//2167
f 3249//3355 821//925 2940//3046
f 4814//4920 3128//3234 3130//3236
f 4814//4920 3130//3236 4811//4917
f 3846//3952 3847//3953 3845//3951
f 1607//1713 4128//4234 1550//1656
f 3051//3157 777//877 4616//4722
f 1746//1852 2940//3046 2228//2334
f 4803//4909 2753//2859 3648//3754
f 2753//2859 4605//4711 3648//3754
f 1999//2105 767//867 4346//4452
f 1999//2105 2001//2107 767//867
f 1124//1228 4621//4727 4685//4791
f 4621//4727 1124//1228 4334//4440
f 175//196 3779//3885 4363//4469
f 175//196 3780//3886 3779//3885
f 978//1082 4073//4179 765//865
f 978//1082 765//865 764//864
f 1874//1980 4822//4928 2296//2402
f 2296//2402 1909//2015 1874//1980
f 593//670 1254//1358 1253//1357
f 593//670 2257//2363 3574//3680
f 833//937 4630//4736 4749//4855
f 833//937 4749//4855 3727//3833
f 3092//3198 4602//4708 3093//3199
f 907//1011 3093//3199 4602//4708
f 4723//4829 1426//1532 4722//4828
f 4722//4828 1426//1532 110//117
f 1143//1247 1022//1126 3002//3108
f 1143//1247 3002//3108 4069//4175
f 415//471 1782//1888 2474//2580
f 1782//1888 415//471 3406//3512
f 4283//4389 2725//2831 4872//4978
f 3514//3620 2724//2830 3515//3621
f 3074//3180 431//489 3072//3178
f 431//489 361//412 3072//3178
f 4536//4642 3008//3114 3042//3148
f 4536//4642 4731//4837 1946//2052
f 4100//4206 120//127 3993//4099
f 121//128 120//127 4100//4206
f 4820//4926 1999//2105 4346//4452
f 3123//3229 4346//4452 3124//3230
f 375//427 4462//4568 3576//3682
f 3576//3682 4462//4568 4463//4569
f 4420//4526 2079//2185 852//956
f 2077//2183 2079//2185 2657//2763
f 3667//3773 3666//3772 3112//3218
f 1552//1658 3667//3773 3112//3218
f 2265//2371 4239//4345 1838//1944
f 2265//2371 2264//2370 4239//4345
f 3581//3687 2498//2604 3774//3880
f 1711//1817 2498//2604 3581//3687
f 4446//4552 2400//2506 3723//3829
f 172//193 2398//2504 173//194
f 2126//2232 2125//2231 1368//1474
f 1368//1474 2963//3069 2126//2232
f 1364//1470 1366//1472 2211//2317
f 3197//3303 1364//1470 2211//2317
f 305//351 4447//4553 2160//2266
f 2160//2266 1802//1908 364//415
f 1997//2103 3968//4074 4160//4266
f 4049//4155 3968//4074 1997//2103
f 3859//3965 3858//3964 2058//2164
f 3859//3965 3813//3919 4565//4671
f 1830//1936 4348//4454 2555//2661
f 2555//2661 2556//2662 1830//1936
f 4228//4334 3210//3316 3211//3317
f 4226//4332 1492//1598 4243//4349
f 1436//1542 1435//1541 4473//4579
f 2956//3062 1436//1542 4473//4579
f 161//180 1177//1281 4737//4843
f 4738//4844 4793//4899 161//180
f 4563//4669 4408//4514 4679//4785
f 1563//1669 4563//4669 2532//2638
f 3254//3360 4365//4471 282//328
f 269//315 4815//4921 3254//3360
f 2541//2647 4275//4381 1372//1478
f 2534//2640 2543//2649 1372//1478
f 4604//4710 4303//4409 3023//3129
f 1884//1990 2118//2224 4303//4409
f 3670//3776 2527//2633 3671//3777
f 3671//3777 2527//2633 933//1037
f 2532//2638 4679//4785 111//118
f 2532//2638 4563//4669 4679//4785
f 298//344 4721//4827 282//328
f 282//328 4365//4471 298//344
f 2208//2314 1853//1959 1852//1958
f 1853//1959 2208//2314 3459//3565
f 2681//2787 360//411 359//410
f 360//411 4232//4338 4231//4337
f 558//635 574//651 559//636
f 4692//4798 574//651 558//635
f 3135//3241 3134//3240 4205//4311
f 4299//4405 3135//3241 4205//4311
f 3981//4087 1018//1122 1017//1121
f 3981//4087 3090//3196 2500//2606
f 3188//3294 3482//3588 3483//3589
f 3188//3294 3864//3970 4627//4733
f 4467//4573 1040//1144 4475//4581
f 2177//2283 1040//1144 3323//3429
f 2102//2208 4795//4901 3675//3781
f 3675//3781 2527//2633 2102//2208
f 270//316 272//318 943//1047
f 2768//2874 270//316 943//1047
f 1736//1842 968//1072 1735//1841
f 1735//1841 968//1072 172//193
f 3536//3642 1057//1161 1535//1641
f 3536//3642 1058//1162 1057//1161
f 2437//2543 1226//1330 1055//1159
f 1056//1160 1055//1159 4005//4111
f 2874//2980 2873//2979 1465//1571
f 3948//4054 3950//4056 1906//2012
f 4768//4874 2898//3004 4254//4360
f 2898//3004 4255//4361 4254//4360
f 4304//4410 4301//4407 4300//4406
f 4304//4410 2115//2221 4301//4407
f 1008//1112 1688//1794 1392//1498
f 1688//1794 2893//2999 1392//1498
f 3799//3905 3511//3617 1004//1108
f 3799//3905 1004//1108 4580//4686
f 3731//3837 1644//1750 1211//1315
f 3731//3837 1211//1315 4575//4681
f 2260//2366 3088//3194 34//35
f 34//35 2259//2365 2260//2366
f 2268//2374 1664//1770 1666//1772
f 3642//3748 1664//1770 3645//3751
f 2100//2206 2099//2205 1677//1783
f 1677//1783 2099//2205 80//85
f 3315//3421 4206//4312 3316//3422
f 1980//2086 4206//4312 3315//3421
f 2312//2418 3799//3905 4580//4686
f 4753//4859 2312//2418 3763//3869
f 1815//1921 887//991 886//990
f 1815//1921 4062//4168 1383//1489
f 2861//2967 4002//4108 2862//2968
f 4769//4875 4002//4108 2861//2967
f 1950//2056 1949//2055 562//639
f 562//639 3721//3827 1950//2056
f 3895//4001 853//957 2078//2184
f 2078//2184 2086//2192 3895//4001
f 3878//3984 1573//1679 1575//1681
f 3878//3984 1575//1681 2609//2715
f 1113//1217 1112//1216 2855//2961
f 1112//1216 2853//2959 2855//2961
f 1517//1623 4222//4328 4223//4329
f 2661//2767 1518//1624 1517//1623
f 4547//4653 2443//2549 4331//4437
f 2038//2144 4547//4653 4331//4437
f 865//969 141//152 1534//1640
f 865//969 1534//1640 4592//4698
f 3442//3548 2060//2166 3814//3920
f 3833//3939 2060//2166 3445//3551
f 1069//1173 119//126 3101//3207
f 1068//1172 119//126 1069//1173
f 4395//4501 4394//4500 2088//2194
f 2088//2194 4394//4500 4161//4267
f 664//750 663//749 604//683
f 4674//4780 663//749 4068//4174
f 1515//1621 2214//2320 4082//4188
f 1776//1882 1775//1881 4082//4188
f 3442//3548 3445//3551 2060//2166
f 3442//3548 4589//4695 3445//3551
f 4107//4213 1109//1213 4108//4214
f 4832//4938 1109//1213 4120//4226
f 4388//4494 4161//4267 2123//2229
f 2088//2194 4161//4267 4388//4494
f 143//154 883//987 885//989
f 1534//1640 143//154 885//989
f 4385//4491 1603//1709 4383//4489
f 4401//4507 1603//1709 4385//4491
f 4533//4639 3200//3306 4597//4703
f 3201//3307 3200//3306 4533//4639
f 2429//2535 3725//3831 3214//3320
f 3725//3831 2429//2535 4758//4864
f 939//1043 2834//2940 3582//3688
f 939//1043 3582//3688 4868//4974
f 619//699 583//660 640//724
f 583//660 619//699 575//678
f 3744//3850 1613//1719 1612//1718
f 1612//1718 4661//4767 2614//2720
f 3365//3471 2809//2915 4270//4376
f 3365//3471 1678//1784 2809//2915
f 4493//4599 4485//4591 2932//3038
f 4790//4896 4493//4599 2932//3038
f 3924//4030 4377//4483 3926//4032
f 4777//4883 3926//4032 1675//1781
f 3406//3512 1781//1887 1782//1888
f 3408//3514 1781//1887 3406//3512
f 2234//2340 4500//4606 883//987
f 143//154 2234//2340 883//987
f 3830//3936 4860//4966 2535//2641
f 4860//4966 966//1070 2535//2641
f 2624//2730 4044//4150 4042//4148
f 2624//2730 2622//2728 2625//2731
f 4178//4284 2394//2500 3209//3315
f 3208//3314 3209//3315 2394//2500
f 4796//4902 2911//3017 4851//4957
f 270//316 2768//2874 4796//4902
f 2362//2468 3163//3269 4405//4511
f 3164//3270 3163//3269 2362//2468
f 4516//4622 2966//3072 4094//4200
f 2966//3072 4093//4199 4094//4200
f 1326//1432 4520//4626 2050//2156
f 4520//4626 1326//1432 4395//4501
f 966//1070 869//973 1337//1443
f 2535//2641 966//1070 1337//1443
f 2204//2310 1503//1609 4756//4862
f 2204//2310 2771//2877 1503//1609
f 4515//4621 2479//2585 2966//3072
f 2477//2583 2479//2585 2952//3058
f 875//979 1862//1968 1674//1780
f 1862//1968 875//979 4146//4252
f 3027//3133 3029//3135 3026//3132
f 608//687 623//703 3026//3132
f 4860//4966 3827//3933 965//1069
f 4860//4966 965//1069 966//1070
f 1310//1416 4416//4522 2712//2818
f 1310//1416 219//255 245//285
f 1538//1644 2420//2526 1537//1643
f 1538//1644 1702//1808 2420//2526
f 2125//2231 2124//2230 4111//4217
f 2709//2815 4111//4217 2710//2816
f 3633//3739 3528//3634 2317//2423
f 3633//3739 3529//3635 3528//3634
f 4649//4755 1455//1561 1624//1730
f 4649//4755 1624//1730 4718//4824
f 2886//2992 3536//3642 3535//3641
f 2907//3013 2886//2992 3535//3641
f 2906//3012 1305//1409 3047//3153
f 2906//3012 3047//3153 3046//3152
f 3264//3370 1170//1274 856//960
f 3264//3370 1171//1275 1170//1274
f 3290//3396 4663//4769 2270//2376
f 2270//2376 4663//4769 2271//2377
f 4818//4924 827//931 3043//3149
f 3486//3592 3043//3149 3484//3590
f 1199//1303 1221//1325 1197//1301
f 1221//1325 1223//1327 4088//4194
f 413//469 3636//3742 2835//2941
f 3636//3742 413//469 4507//4613
f 1916//2022 1965//2071 2881//2987
f 4321//4427 2882//2988 2881//2987
f 4528//4634 3151//3257 4054//4160
f 2249//2355 4528//4634 2125//2231
f 1939//2045 448//508 2299//2405
f 1939//2045 2299//2405 2298//2404
f 3960//4066 3961//4067 3967//4073
f 3961//4067 1156//1260 3967//4073
f 3900//4006 3045//3151 2963//3069
f 4635//4741 3900//4006 2963//3069
f 2508//2614 536//610 510//580
f 510//580 536//610 4187//4293
f 2926//3032 1204//1308 2687//2793
f 3852//3958 2687//2793 1204//1308
f 30//31 2902//3008 31//32
f 2902//3008 2906//3012 31//32
f 3598//3704 3597//3703 2024//2130
f 3796//3902 2024//2130 3597//3703
f 4170//4276 1229//1333 4606//4712
f 1229//1333 4497//4603 4606//4712
f 3006//3112 4355//4461 4370//4476
f 3006//3112 4370//4476 4371//4477
f 2806//2912 4132//4238 2807//2913
f 1386//1492 4132//4238 1387//1493
f 2523//2629 620//700 4799//4905
f 619//699 640//724 620//700
f 4790//4896 3247//3353 3246//3352
f 3788//3894 4790//4896 3246//3352
f 309//355 2374//2480 331//378
f 3523//3629 331//378 2374//2480
f 555//632 1948//2054 490//557
f 1948//2054 4250//4356 490//557
f 4517//4623 3169//3275 3171//3277
f 713//813 4517//4623 3171//3277
f 1174//1278 1792//1898 2050//2156
f 2995//3101 4771//4877 4295//4401
f 3992//4098 1705//1811 318//364
f 1705//1811 3992//4098 3025//3131
f 2925//3031 2687//2793 2686//2792
f 2686//2792 2687//2793 1144//1248
f 1921//2027 4350//4456 3371//3477
f 1921//2027 3371//3477 3370//3476
f 4639//4745 4633//4739 3361//3467
f 4639//4745 3361//3467 1545//1651
f 3511//3617 4518//4624 3800//3906
f 3510//3616 4518//4624 3511//3617
f 4481//4587 4479//4585 4311//4417
f 4481//4587 2744//2850 4479//4585
f 2417//2523 3637//3743 3902//4008
f 3902//4008 2416//2522 2417//2523
f 3162//3268 3160//3266 4469//4575
f 3162//3268 4469//4575 2193//2299
f 1635//1741 1634//1740 4728//4834
f 1635//1741 4728//4834 4032//4138
f 933//1037 2882//2988 1964//2070
f 4321//4427 1964//2070 2882//2988
f 809//913 812//916 4315//4421
f 812//916 3260//3366 4315//4421
f 2740//2846 1401//1507 2238//2344
f 2238//2344 1401//1507 1403//1509
f 2690//2796 972//1076 2689//2795
f 2689//2795 1736//1842 2690//2796
f 3814//3920 3811//3917 3810//3916
f 3814//3920 1074//1178 3811//3917
f 2781//2887 1041//1145 4381//4487
f 2360//2466 4381//4487 1041//1145
f 3631//3737 4647//4753 3632//3738
f 3631//3737 4653//4759 4647//4753
f 2401//2507 990//1094 2385//2491
f 3248//3354 990//1094 2401//2507
f 3704//3810 3931//4037 3930//4036
f 1339//1445 4791//4897 1340//1446
f 970//1074 55//56 54//55
f 3366//3472 970//1074 2880//2986
f 2390//2496 2389//2495 2456//2562
f 2388//2494 2456//2562 2389//2495
f 55//56 972//1076 2690//2796
f 55//56 970//1074 972//1076
f 809//913 4315//4421 2649//2755
f 2649//2755 758//858 809//913
f 1121//1225 3842//3948 2300//2406
f 3842//3948 1121//1225 1062//1166
f 4310//4416 3352//3458 3351//3457
f 4310//4416 3351//3457 2980//3086
f 3416//3522 296//342 2489//2595
f 4617//4723 296//342 1798//1904
f 2339//2445 3391//3497 830//934
f 3391//3497 2339//2445 920//1024
f 1267//1371 1266//1370 4765//4871
f 4690//4796 1267//1371 4765//4871
f 2192//2298 3567//3673 1662//1768
f 1660//1766 2192//2298 1662//1768
f 2566//2672 4275//4381 2563//2669
f 119//126 4275//4381 2566//2672
f 4774//4880 188//212 244//284
f 2116//2222 244//284 2117//2223
f 1798//1904 1797//1903 4617//4723
f 1797//1903 1800//1906 4618//4724
f 109//116 2554//2660 110//117
f 3016//3122 3446//3552 4587//4693
f 777//877 776//876 1746//1852
f 4616//4722 777//877 1746//1852
f 4143//4249 3439//3545 4144//4250
f 3439//3545 1907//2013 4144//4250
f 1923//2029 3509//3615 1924//2030
f 1924//2030 3480//3586 3481//3587
f 2343//2449 4263//4369 4850//4956
f 2343//2449 2974//3080 4263//4369
f 916//1020 2729//2835 917//1021
f 4776//4882 2730//2836 2729//2835
f 1559//1665 3464//3570 2495//2601
f 1559//1665 2495//2601 1560//1666
f 4873//4979 594//671 591//668
f 3570//3676 4873//4979 591//668
f 4403//4509 1863//1969 1867//1973
f 1866//1972 3620//3726 1867//1973
f 4260//4366 3507//3613 3506//3612
f 4260//4366 3012//3118 3507//3613
f 1988//2094 1987//2093 2702//2808
f 2702//2808 1987//2093 870//974
f 3606//3712 3605//3711 1191//1295
f 3605//3711 1189//1293 1191//1295
f 1331//1437 1579//1685 2730//2836
f 1331//1437 2730//2836 4776//4882
f 1288//1392 3358//3464 1289//1393
f 1289//1393 3358//3464 3360//3466
f 1513//1619 1497//1603 2671//2777
f 4680//4786 1497//1603 1513//1619
f 163//182 959//1063 176//197
f 176//197 4610//4716 163//182
f 2720//2826 3275//3381 2577//2683
f 974//1078 2577//2683 3275//3381
f 4141//4247 4139//4245 3405//3511
f 4141//4247 2678//2784 4139//4245
f 4745//4851 1445//1551 2822//2928
f 1445//1551 1444//1550 2822//2928
f 4382//4488 4380//4486 3078//3184
f 3078//3184 4380//4486 4381//4487
f 2277//2383 2536//2642 4318//4424
f 4318//4424 2536//2642 4319//4425
f 3472//3578 3063//3169 3471//3577
f 3471//3577 3063//3169 3462//3568
f 4464//4570 2826//2932 2821//2927
f 2826//2932 2822//2928 2821//2927
f 122//129 3108//3214 120//127
f 3107//3213 120//127 3108//3214
f 2971//3077 4352//4458 1114//1218
f 4363//4469 4352//4458 897//1001
f 2218//2324 3872//3978 938//1042
f 3872//3978 2218//2324 3865//3971
f 3648//3754 4066//4172 2754//2860
f 2754//2860 4065//4171 2755//2861
f 2540//2646 1234//1338 3334//3440
f 2540//2646 2542//2648 3991//4097
f 1363//1469 2919//3025 3915//4021
f 3915//4021 3914//4020 1363//1469
f 2004//2110 3466//3572 3468//3574
f 2004//2110 2003//2109 3466//3572
f 3812//3918 2621//2727 2991//3097
f 2621//2727 2989//3095 2991//3097
f 745//845 3474//3580 4828//4934
f 753//853 715//815 741//841
f 3415//3521 4614//4720 2352//2458
f 4614//4720 3415//3521 3313//3419
f 10//10 4413//4519 2021//2127
f 4413//4519 10//10 3796//3902
f 3867//3973 2635//2741 3866//3972
f 3350//3456 3866//3972 2635//2741
f 1456//1562 4003//4109 1457//1563
f 1457//1563 2865//2971 2864//2970
f 3065//3171 744//844 743//843
f 3065//3171 743//843 3126//3232
f 3535//3641 4175//4281 2907//3013
f 2909//3015 2907//3013 4175//4281
f 156//173 2461//2567 134//144
f 2461//2567 156//173 163//182
f 4471//4577 1827//1933 4373//4479
f 2729//2835 1827//1933 4471//4577
f 1234//1338 3991//4097 111//118
f 1234//1338 2540//2646 3991//4097
f 3473//3579 744//844 3065//3171
f 3474//3580 744//844 3473//3579
f 2016//2122 2408//2514 2017//2123
f 2017//2123 2408//2514 3550//3656
f 2421//2527 1269//1373 2480//2586
f 4537//4643 1269//1373 2421//2527
f 2140//2246 2735//2841 2731//2837
f 2139//2245 2735//2841 2140//2246
f 1030//1134 4402//4508 3731//3837
f 4575//4681 1030//1134 3731//3837
f 2757//2863 2759//2865 2760//2866
f 3794//3900 2757//2863 2760//2866
f 2269//2375 3998//4104 4095//4201
f 2269//2375 2356//2462 3998//4104
f 1749//1855 4247//4353 4769//4875
f 1749//1855 4769//4875 1750//1856
f 893//997 3617//3723 3793//3899
f 3617//3723 1669//1775 3793//3899
f 1482//1588 3009//3115 3265//3371
f 3012//3118 3009//3115 1482//1588
f 4748//4854 4746//4852 4498//4604
f 4498//4604 2437//2543 1054//1158
f 1268//1372 3672//3778 3661//3767
f 1268//1372 3661//3767 4264//4370
f 4308//4414 1900//2006 1897//2003
f 4308//4414 1897//2003 1542//1648
f 663//749 661//747 604//683
f 607//686 604//683 661//747
f 1546//1652 3932//4038 2695//2801
f 3679//3785 1878//1984 2695//2801
f 3957//4063 2654//2760 3155//3261
f 3957//4063 3154//3260 2654//2760
f 1743//1849 1336//1442 1744//1850
f 2536//2642 1336//1442 4319//4425
f 3649//3755 3893//3999 3650//3756
f 3893//3999 3649//3755 1658//1764
f 1167//1271 3538//3644 1165//1269
f 3537//3643 3536//3642 1535//1641
f 2075//2181 270//316 2767//2873
f 2070//2176 2075//2181 2767//2873
f 1336//1442 1338//1444 1744//1850
f 1338//1444 869//973 1744//1850
f 3048//3154 3047//3153 3951//4057
f 3487//3593 3951//4057 3044//3150
f 1500//1606 1354//1460 3638//3744
f 3629//3735 1500//1606 3638//3744
f 2153//2259 2695//2801 1878//1984
f 1878//1984 1877//1983 2153//2259
f 3167//3273 2884//2990 1104//1208
f 3167//3273 3676//3782 2884//2990
f 1130//1234 4328//4434 3233//3339
f 1931//2037 3233//3339 4328//4434
f 1285//1389 1462//1568 3727//3833
f 3728//3834 3727//3833 1462//1568
f 131//138 3424//3530 136//147
f 3424//3530 131//138 128//135
f 2733//2839 2732//2838 1092//1196
f 2733//2839 1092//1196 2138//2244
f 2936//3042 3695//3801 2937//3043
f 1123//1227 2937//3043 3695//3801
f 2328//2434 2653//2759 2329//2435
f 4397//4503 2223//2329 2653//2759
f 304//350 4512//4618 1111//1215
f 1111//1215 4512//4618 1800//1906
f 2074//2180 4196//4302 271//317
f 2074//2180 271//317 270//316
f 3587//3693 3583//3689 307//353
f 2216//2322 3587//3693 307//353
f 1832//1938 1238//1342 4613//4719
f 73//78 75//80 1238//1342
f 3127//3233 743//843 3114//3220
f 3127//3233 3114//3220 3116//3222
f 3695//3801 2936//3042 2939//3045
f 2939//3045 2936//3042 4187//4293
f 3127//3233 1100//1204 3125//3231
f 1099//1203 3125//3231 1100//1204
f 3977//4083 1235//1339 113//120
f 3977//4083 3976//4082 1235//1339
f 3609//3715 3613//3719 73//78
f 1237//1341 73//78 1238//1342
f 4553//4659 1718//1824 59//60
f 59//60 947//1051 4553//4659
f 3029//3135 608//687 3026//3132
f 3028//3134 608//687 3029//3135
f 354//405 3073//3179 4584//4690
f 3073//3179 3072//3178 3076//3182
f 2504//2610 1096//1200 2505//2611
f 2503//2609 1096//1200 2504//2610
f 616//696 618//698 2170//2276
f 618//698 2342//2448 2170//2276
f 3066//3172 3613//3719 3609//3715
f 3602//3708 3613//3719 3066//3172
f 2195//2301 3519//3625 3518//3624
f 4708//4814 2195//2301 3518//3624
f 1313//1419 3165//3271 1314//1420
f 3165//3271 1313//1419 3163//3269
f 2431//2537 3331//3437 2432//2538
f 4611//4717 2446//2552 3331//3437
f 1622//1728 2868//2974 1623//1729
f 4076//4182 2951//3057 2868//2974
f 2326//2432 2663//2769 2653//2759
f 2326//2432 2222//2328 2663//2769
f 3981//4087 1017//1121 3563//3669
f 1017//1121 1061//1165 3563//3669
f 2872//2978 2871//2977 1617//1723
f 1617//1723 2871//2977 2697//2803
f 2486//2592 2488//2594 4631//4737
f 2488//2594 4736//4842 4631//4737
f 1715//1821 1714//1820 2584//2690
f 2584//2690 3089//3195 3137//3243
f 2460//2566 1565//1671 1564//1670
f 2460//2566 1564//1670 4358//4464
f 319//365 4807//4913 3996//4102
f 4807//4913 3994//4100 3996//4102
f 2872//2978 1617//1723 1616//1722
f 2872//2978 1933//2039 936//1040
f 2431//2537 4874//4980 3331//3437
f 2431//2537 2409//2515 4874//4980
f 2794//2900 4692//4798 4691//4797
f 448//508 2794//2900 4691//4797
f 2629//2735 1704//1810 1706//1812
f 1704//1810 3994//4100 4807//4913
f 1//1 2512//2618 4825//4931
f 1//1 4130//4236 2512//2618
f 1955//2061 3994//4100 2629//2735
f 2629//2735 3994//4100 1704//1810
f 1223//1327 4086//4192 4087//4193
f 4087//4193 4088//4194 1223//1327
f 3829//3935 3828//3934 2897//3003
f 2897//3003 3828//3934 2898//3004
f 3140//3246 3141//3247 3513//3619
f 3141//3247 3140//3246 3142//3248
f 4443//4549 1352//1458 1505//1611
f 1352//1458 4454//4560 2637//2743
f 1101//1205 3452//3558 3856//3962
f 1101//1205 3468//3574 3452//3558
f 1787//1893 1035//1139 3207//3313
f 1787//1893 1786//1892 1035//1139
f 4875//4981 3818//3924 4102//4208
f 3716//3822 3818//3924 3817//3923
f 1528//1634 2562//2668 4123//4229
f 1527//1633 2562//2668 1528//1634
f 164//184 158//175 4845//4951
f 158//175 2890//2996 4845//4951
f 4284//4390 2501//2607 4057//4163
f 4057//4163 2501//2607 3815//3921
f 4122//4228 1528//1634 4123//4229
f 4122//4228 4123//4229 2605//2711
f 4695//4801 4467//4573 4468//4574
f 3321//3427 1810//1916 4468//4574
f 3236//3342 1843//1949 4864//4970
f 4864//4970 1696//1802 3236//3342
f 1205//1309 709//809 2953//3059
f 1205//1309 710//810 709//809
f 3942//4048 2129//2235 3943//4049
f 2129//2235 4524//4630 3943//4049
f 3217//3323 1147//1251 4876//4982
f 3217//3323 4876//4982 3218//3324
f 4695//4801 1810//1916 750//850
f 4695//4801 4468//4574 1810//1916
f 2508//2614 537//611 536//610
f 2508//2614 528//602 537//611
f 973//1077 4113//4219 2576//2682
f 4113//4219 3541//3647 2576//2682
f 3300//3406 4644//4750 3301//3407
f 4412//4518 3301//3407 4644//4750
f 2890//2996 957//1061 956//1060
f 2985//3091 957//1061 2890//2996
f 4709//4815 1261//1365 4712//4818
f 1261//1365 4709//4815 1890//1996
f 3504//3610 4643//4749 3300//3406
f 3300//3406 4643//4749 4644//4750
f 4589//4695 3097//3203 3445//3551
f 3097//3203 4589//4695 1452//1558
f 3906//4012 746//846 2501//2607
f 3906//4012 747//847 746//846
f 1347//1453 1595//1701 1593//1699
f 3785//3891 1593//1699 3379//3485
f 1570//1676 3194//3300 1571//1677
f 3194//3300 4151//4257 1571//1677
f 1927//2033 1926//2032 3928//4034
f 4477//4583 1927//2033 3929//4035
f 2364//2470 2366//2472 2627//2733
f 2366//2472 3807//3913 2627//2733
f 3854//3960 3454//3560 2519//2625
f 3454//3560 3453//3559 2519//2625
f 1409//1515 3937//4043 2469//2575
f 3937//4043 3432//3538 3936//4042
f 3379//3485 1593//1699 1595//1701
f 1594//1700 3379//3485 1595//1701
f 723//823 1443//1549 1445//1551
f 3512//3618 1443//1549 723//823
f 1321//1427 4070//4176 4751//4857
f 4070//4176 3001//3107 4751//4857
f 1307//1413 4877//4983 1308//1414
f 3185//3291 3184//3290 2042//2148
f 2955//3061 4857//4963 2956//3062
f 4439//4545 4857//4963 2955//3061
f 2791//2897 3804//3910 2789//2895
f 2789//2895 3804//3910 2007//2113
f 1019//1123 4071//4177 1321//1427
f 1321//1427 4071//4177 4070//4176
f 2042//2148 1307//1413 2040//2146
f 1307//1413 2042//2148 4877//4983
f 4029//4135 2895//3001 2925//3031
f 3360//3466 2895//3001 4029//4135
f 4156//4262 2183//2289 740//840
f 2180//2286 740//840 2183//2289
f 2703//2809 3559//3665 1641//1747
f 2703//2809 2704//2810 4878//4984
f 1448//1554 1422//1528 4439//4545
f 4439//4545 2955//3061 1448//1554
f 4878//4984 1299//1403 1298//1402
f 4879//4985 1300//1404 4880//4986
f 3804//3910 2793//2899 3803//3909
f 2791//2897 2793//2899 3804//3910
f 516//586 4871//4977 4802//4908
f 514//584 516//586 4802//4908
f 3493//3599 4739//4845 3204//3310
f 4646//4752 3204//3310 4739//4845
f 252//294 186//209 3717//3823
f 260//304 252//294 3717//3823
f 4828//4934 715//815 753//853
f 2182//2288 4828//4934 753//853
f 4032//4138 4728//4834 2747//2853
f 2748//2854 4032//4138 2747//2853
f 2703//2809 4878//4984 4880//4986
f 4880//4986 4878//4984 4879//4985
f 3525//3631 3808//3914 2178//2284
f 2292//2398 3808//3914 3807//3913
f 4322//4428 1722//1828 3140//3246
f 1722//1828 4322//4428 4090//4196
f 1540//1646 1539//1645 3319//3425
f 3319//3425 1539//1645 3542//3648
f 4698//4804 3118//3224 2987//3093
f 3118//3224 4698//4804 4687//4793
f 752//852 2182//2288 753//853
f 752//852 4369//4475 2182//2288
f 1981//2087 2425//2531 384//437
f 1981//2087 4720//4826 2642//2748
f 1126//1230 3431//3537 3418//3524
f 4638//4744 3431//3537 3419//3525
f 3317//3423 1977//2083 4059//4165
f 1977//2083 908//1012 4059//4165
f 3946//4052 2395//2501 2092//2198
f 3117//3223 3946//4052 3944//4050
f 4412//4518 3983//4089 3477//3583
f 3477//3583 3476//3582 4412//4518
f 3858//3964 3953//4059 3954//4060
f 1749//1855 1748//1854 3954//4060
f 275//321 4142//4248 3839//3945
f 3839//3945 1591//1697 1590//1696
f 2764//2870 1765//1871 3383//3489
f 1765//1871 2764//2870 4688//4794
f 949//1053 948//1052 3117//3223
f 948//1052 3946//4052 3117//3223
f 816//920 819//923 818//922
f 816//920 818//922 4760//4866
f 1789//1895 902//1006 1790//1896
f 1789//1895 4294//4400 902//1006
f 1181//1285 1180//1284 4349//4455
f 4349//4455 4511//4617 1181//1285
f 3552//3658 284//330 2651//2757
f 3552//3658 3052//3158 4650//4756
f 2481//2587 1347//1453 51//52
f 1347//1453 2481//2587 1596//1702
f 2682//2788 2683//2789 2130//2236
f 2683//2789 4543//4649 2130//2236
f 2447//2553 4633//4739 4639//4745
f 2447//2553 2445//2551 4633//4739
f 3477//3583 3983//4089 1850//1956
f 3983//4089 3982//4088 1850//1956
f 4831//4937 3824//3930 4531//4637
f 1632//1738 1631//1737 2569//2675
f 2913//3019 4569//4675 2937//3043
f 4569//4675 2913//3019 4836//4942
f 1479//1585 1475//1581 3715//3821
f 3715//3821 1475//1581 1477//1583
f 4678//4784 1010//1114 2560//2666
f 1394//1500 1010//1114 3952//4058
f 2272//2378 931//1035 930//1034
f 931//1035 2272//2378 4469//4575
f 4675//4781 4109//4215 2055//2161
f 2055//2161 4109//4215 2056//2162
f 448//508 447//507 2795//2901
f 447//507 3941//4047 2795//2901
f 3211//3317 843//947 4525//4631
f 774//874 4525//4631 843//947
f 1315//1421 4449//4555 2625//2731
f 4449//4555 1796//1902 2625//2731
f 2660//2766 1518//1624 2661//2767
f 1514//1620 1518//1624 2660//2766
f 2807//2913 1386//1492 2804//2910
f 4132//4238 1386//1492 2807//2913
f 2031//2137 1201//1305 1200//1304
f 2031//2137 1200//1304 1613//1719
f 935//1039 963//1067 2659//2765
f 472//537 2659//2765 963//1067
f 3360//3466 4029//4135 2110//2216
f 1289//1393 3360//3466 2110//2216
f 2718//2824 4237//4343 2706//2812
f 3549//3655 4237//4343 2718//2824
f 3766//3872 3767//3873 1623//1729
f 3766//3872 2852//2958 3767//3873
f 4189//4295 889//993 3543//3649
f 4189//4295 2329//2435 889//993
f 544//618 543//617 568//645
f 544//618 568//645 4378//4484
f 4793//4899 215//251 1683//1789
f 215//251 1682//1788 1683//1789
f 4027//4133 1822//1928 1824//1930
f 4027//4133 1144//1248 1822//1928
f 2286//2392 2285//2391 2788//2894
f 2285//2391 544//618 2788//2894
f 3229//3335 1187//1291 1186//1290
f 4438//4544 1835//1941 1187//1291
f 1756//1862 3397//3503 1007//1111
f 3397//3503 1006//1110 1007//1111
f 2639//2745 2241//2347 2243//2349
f 2960//3066 2241//2347 2639//2745
f 4239//4345 2264//2370 3230//3336
f 3229//3335 3230//3336 2264//2370
f 4814//4920 4015//4121 4668//4774
f 4814//4920 4668//4774 4669//4775
f 3482//3588 3122//3228 3483//3589
f 3122//3228 4823//4929 3483//3589
f 2957//3063 4474//4580 3932//4038
f 4474//4580 2957//3063 2956//3062
f 1577//1683 3017//3123 3554//3660
f 4355//4461 1577//1683 3554//3660
f 1332//1438 4444//4550 1330//1436
f 4702//4808 1330//1436 4444//4550
f 3457//3563 3458//3564 1756//1862
f 3397//3503 1756//1862 3458//3564
f 1345//1451 1593//1699 2093//2199
f 1346//1452 1345//1451 2093//2199
f 3556//3662 4355//4461 3006//3112
f 4292//4398 1577//1683 4355//4461
f 4652//4758 2619//2725 1072//1176
f 4652//4758 3430//3536 2619//2725
f 1824//1930 2110//2216 4028//4134
f 4027//4133 1824//1930 4028//4134
f 4605//4711 235//273 3648//3754
f 4605//4711 236//274 235//273
f 4634//4740 2397//2503 3946//4052
f 2397//2503 4634//4740 2396//2502
f 1162//1266 1231//1335 1163//1267
f 1231//1335 4453//4559 445//505
f 340//388 329//375 4823//4929
f 329//375 339//387 337//385
f 1821//1927 3175//3281 1819//1925
f 3175//3281 4846//4952 1819//1925
f 2395//2501 2397//2503 1346//1452
f 2395//2501 1346//1452 2093//2199
f 2350//2456 2212//2318 1366//1472
f 2350//2456 1366//1472 4659//4765
f 4316//4422 1414//1520 1413//1519
f 4316//4422 1413//1519 2245//2351
f 2653//2759 2328//2434 4397//4503
f 4400//4506 4397//4503 2328//2434
f 2054//2160 4537//4643 2422//2528
f 2054//2160 4832//4938 4537//4643
f 2442//2548 2439//2545 3922//4028
f 2442//2548 2440//2546 2439//2545
f 2616//2722 2094//2200 3400//3506
f 2988//3094 2094//2200 2616//2722
f 1044//1148 386//439 4466//4572
f 1044//1148 384//437 386//439
f 3749//3855 2726//2832 3747//3853
f 2726//2832 46//47 3747//3853
f 4603//4709 1431//1537 3997//4103
f 2502//2608 3997//4103 1431//1537
f 2437//2543 1224//1328 1226//1330
f 4498//4604 1224//1328 2437//2543
f 3706//3812 255//297 259//303
f 255//297 3708//3814 4461//4567
f 1238//1342 75//80 4613//4719
f 4613//4719 75//80 1833//1939
f 3738//3844 2588//2694 2011//2117
f 3737//3843 3738//3844 2011//2117
f 4823//4929 329//375 2923//3029
f 4823//4929 2923//3029 3483//3589
f 2005//2111 4821//4927 2006//2112
f 2006//2112 4821//4927 139//150
f 4013//4119 424//481 4570//4676
f 4013//4119 422//479 424//481
f 1458//1564 3222//3328 3221//3327
f 2463//2569 3222//3328 4861//4967
f 2481//2587 4264//4370 1596//1702
f 3661//3767 1596//1702 4264//4370
f 1124//1228 4685//4791 1125//1229
f 4685//4791 4684//4790 1125//1229
f 3040//3146 542//616 544//618
f 3040//3146 2287//2393 542//616
f 2022//2128 2024//2130 1561//1667
f 1507//1613 2022//2128 1561//1667
f 3326//3432 3736//3842 3735//3841
f 3326//3432 1440//1546 3794//3900
f 2494//2600 761//861 2492//2598
f 2492//2598 1533//1639 2494//2600
f 1493//1599 844//948 1494//1600
f 1494//1600 844//948 843//947
f 4861//4967 1458//1564 1463//1569
f 1458//1564 4861//4967 3222//3328
f 4656//4762 1271//1375 1273//1377
f 4656//4762 3717//3823 3718//3824
f 54//55 4560//4666 2880//2986
f 2880//2986 970//1074 54//55
f 2455//2561 4298//4404 2875//2981
f 4298//4404 782//882 2875//2981
f 4390//4496 408//464 438//497
f 2507//2613 438//497 455//515
f 1258//1362 3901//4007 3897//4003
f 1258//1362 3897//4003 3898//4004
f 3706//3812 3708//3814 255//297
f 1053//1157 4008//4114 3706//3812
f 1951//2057 2048//2154 2047//2153
f 4250//4356 2047//2153 4253//4359
f 1317//1423 3470//3576 2903//3009
f 1317//1423 4742//4848 30//31
f 4516//4622 4094//4200 4092//4198
f 1141//1245 4516//4622 1142//1246
f 4521//4627 2301//2407 1578//1684
f 4291//4397 4521//4627 1578//1684
f 2175//2281 3297//3403 2173//2279
f 4705//4811 2175//2281 2173//2279
f 2859//2965 926//1030 3289//3395
f 3289//3395 926//1030 1154//1258
f 4149//4255 1166//1270 4150//4256
f 1059//1163 4150//4256 1166//1270
f 4706//4812 4705//4811 532//606
f 532//606 2172//2278 4881//4987
f 263//309 238//276 202//231
f 212//246 223//259 202//231
f 1142//1246 4516//4622 4092//4198
f 4092//4198 1140//1244 1142//1246
f 3982//4088 1851//1957 1850//1956
f 1851//1957 3982//4088 1327//1433
f 532//606 4705//4811 2172//2278
f 2172//2278 4705//4811 2173//2279
f 3748//3854 1483//1589 3749//3855
f 1483//1589 3748//3854 4283//4389
f 1461//1567 4496//4602 2515//2621
f 2515//2621 4496//4602 1283//1387
f 509//579 2507//2613 2508//2614
f 4390//4496 438//497 2507//2613
f 4432//4538 751//851 3806//3912
f 2627//2733 3806//3912 751//851
f 299//345 4179//4285 4541//4647
f 299//345 4541//4647 300//346
f 1037//1141 3746//3852 2899//3005
f 1037//1141 2719//2825 3746//3852
f 3726//3832 3727//3833 3728//3834
f 2557//2663 2514//2620 2513//2619
f 2969//3075 1116//1220 4600//4706
f 1116//1220 2969//3075 1114//1218
f 174//195 173//194 250//292
f 250//292 3173//3279 174//195
f 1185//1289 3782//3888 2509//2615
f 1450//1556 2509//2615 3782//3888
f 4176//4282 4564//4670 2313//2419
f 2313//2419 4564//4670 2324//2430
f 2053//2159 2052//2158 2057//2163
f 3300//3406 2057//2163 2052//2158
f 2336//2442 4332//4438 1794//1900
f 2730//2836 4332//4438 2336//2442
f 2525//2631 1930//2036 1929//2035
f 1929//2035 4235//4341 2525//2631
f 1064//1168 1063//1167 4048//4154
f 1583//1689 1064//1168 4048//4154
f 275//321 3861//3967 2282//2388
f 275//321 3839//3945 3838//3944
f 1929//2035 4265//4371 4236//4342
f 4236//4342 4265//4371 1288//1392
f 3044//3150 1012//1116 4360//4466
f 1012//1116 1011//1115 4360//4466
f 275//321 3838//3944 3861//3967
f 3861//3967 3838//3944 3841//3947
f 3074//3180 380//432 4767//4873
f 4882//4988 4767//4873 389//442
f 4707//4813 514//584 4428//4534
f 514//584 4802//4908 4428//4534
f 2217//2323 3585//3691 4020//4126
f 4020//4126 3865//3971 2217//2323
f 1146//1250 3557//3663 1889//1995
f 4710//4816 1146//1250 1889//1995
f 1556//1662 3133//3239 3132//3238
f 3132//3238 735//835 1556//1662
f 1410//1516 4861//4967 1758//1864
f 1410//1516 2463//2569 4861//4967
f 3074//3180 4882//4988 389//442
f 1973//2079 1976//2082 4135//4241
f 1976//2082 3465//3571 4135//4241
f 3131//3237 3133//3239 656//742
f 1556//1662 656//742 3133//3239
f 2445//2551 2407//2513 4633//4739
f 2407//2513 2445//2551 2434//2540
f 2703//2809 4880//4986 3559//3665
f 1300//1404 3559//3665 4880//4986
f 2775//2881 3751//3857 1741//1847
f 3751//3857 1742//1848 1741//1847
f 3057//3163 766//866 719//819
f 766//866 720//820 719//819
f 2883//2989 3084//3190 4717//4823
f 4717//4823 2881//2987 2883//2989
f 3732//3838 3387//3493 3733//3839
f 3732//3838 4780//4886 3387//3493
f 1419//1525 4598//4704 1433//1539
f 3185//3291 2042//2148 1433//1539
f 3074//3180 420//487 431//489
f 3074//3180 421//478 4883//4989
f 3903//4009 3101//3207 3100//3206
f 3903//4009 1069//1173 3101//3207
f 4866//4972 3685//3791 3686//3792
f 4869//4975 3685//3791 4866//4972
f 2027//2133 2597//2703 4418//4524
f 2025//2131 2027//2133 4418//4524
f 932//1036 937//1041 933//1037
f 937//1041 1614//1720 933//1037
f 2061//2167 2062//2168 2226//2332
f 2061//2167 2226//2332 2940//3046
f 1088//1192 3278//3384 1089//1193
f 1089//1193 3278//3384 3279//3385
f 3801//3907 2001//2107 3816//3922
f 2000//2106 3816//3922 2001//2107
f 28//29 4272//4378 2830//2936
f 28//29 3363//3469 4272//4378
f 3519//3625 4556//4662 3520//3626
f 2358//2464 3161//3267 4555//4661
f 2483//2589 4784//4890 2484//2590
f 4784//4890 2551//2657 2484//2590
f 879//983 4827//4933 4325//4431
f 879//983 4325//4431 1703//1809
f 3113//3219 1153//1257 1152//1256
f 4105//4211 3113//3219 2113//2219
f 3364//3470 3432//3538 3434//3540
f 3434//3540 3365//3471 3364//3470
f 949//1053 4688//4794 944//1048
f 949//1053 944//1048 947//1051
f 2341//2447 1600//1706 1597//1703
f 1230//1334 1600//1706 2341//2447
f 3627//3733 3638//3744 3639//3745
f 3627//3733 3639//3745 2477//2583
f 2812//2918 2300//2406 4181//4287
f 2300//2406 4691//4797 4181//4287
f 1230//1334 2341//2447 2340//2446
f 772//872 1230//1334 2340//2446
f 2485//2591 2484//2590 4210//4316
f 2485//2591 4210//4316 4211//4317
f 3279//3385 1852//1958 1089//1193
f 3279//3385 2208//2314 1852//1958
f 2935//3041 168//189 4344//4450
f 2934//3040 168//189 2935//3041
f 3386//3492 4422//4528 4421//4527
f 852//956 3386//3492 4421//4527
f 4617//4723 1797//1903 4618//4724
f 4617//4723 4618//4724 302//348
f 1502//1608 1499//1605 4756//4862
f 1500//1606 1499//1605 1502//1608
f 291//337 290//336 2266//2372
f 290//336 2870//2976 2266//2372
f 1203//1307 4514//4620 2954//3060
f 4514//4620 1141//1245 2954//3060
f 1468//1574 4323//4429 3776//3882
f 1467//1573 4323//4429 1468//1574
f 420//487 3074//3180 4883//4989
f 4884//4990 4883//4989 421//478
f 4844//4950 2454//2560 2388//2494
f 2454//2560 2456//2562 2388//2494
f 3424//3530 1380//1486 136//147
f 4755//4861 3018//3124 136//147
f 1895//2001 2737//2843 983//1087
f 921//1025 983//1087 2737//2843
f 420//477 4884//4990 421//478
f 2928//3034 1847//1953 2413//2519
f 2928//3034 1468//1574 1847//1953
f 327//373 3534//3640 325//371
f 327//373 2856//2962 3534//3640
f 835//939 2406//2512 3069//3175
f 834//938 2406//2512 835//939
f 1632//1738 2569//2675 4831//4937
f 3825//3931 1632//1738 4831//4937
f 3414//3520 4276//4382 118//125
f 117//124 3414//3520 118//125
f 2498//2604 3595//3701 3774//3880
f 2496//2602 3774//3880 3595//3701
f 1791//1897 1325//1431 1324//1430
f 2995//3101 1791//1897 1324//1430
f 3341//3447 2537//2643 2539//2645
f 3340//3446 3339//3445 3341//3447
f 3294//3400 4513//4619 1720//1826
f 1717//1823 945//1049 1720//1826
f 760//860 3340//3446 1214//1318
f 1214//1318 3340//3446 3341//3447
f 986//1090 3698//3804 3714//3820
f 3699//3805 3698//3804 986//1090
f 268//314 267//313 1441//1547
f 3733//3839 3387//3493 3389//3495
f 1609//1715 4126//4232 1607//1713
f 4550//4656 4126//4232 4281//4387
f 3553//3659 2652//2758 4399//4505
f 3553//3659 4400//4506 1541//1647
f 3674//3780 4286//4392 1375//1481
f 3674//3780 1895//2001 4286//4392
f 4202//4308 3100//3206 4673//4779
f 4202//4308 3904//4010 3100//3206
f 99//104 87//92 166//187
f 67//74 87//92 99//104
f 4453//4559 1231//1335 1162//1266
f 4453//4559 1162//1266 4572//4678
f 3375//3481 3374//3480 3625//3731
f 3375//3481 3625//3731 4732//4838
f 3696//3802 3713//3819 2986//3092
f 3713//3819 3696//3802 2989//3095
f 4190//4296 4189//4295 3543//3649
f 2301//2407 4190//4296 3543//3649
f 1904//2010 1903//2009 3195//3301
f 1903//2009 3196//3302 3195//3301
f 1725//1831 3139//3245 4445//4551
f 1725//1831 642//726 3139//3245
f 1382//1488 1232//1336 1384//1490
f 1381//1487 1232//1336 1382//1488
f 1552//1658 3112//3218 3110//3216
f 1552//1658 3110//3216 1607//1713
f 3578//3684 76//81 77//82
f 76//81 3578//3684 1107//1211
f 3934//4040 496//563 3935//4041
f 3934//4040 4808//4914 496//563
f 440//500 3121//3227 441//501
f 342//390 3121//3227 440//500
f 991//1095 990//1094 3248//3354
f 923//1027 991//1095 4805//4911
f 1982//2088 1049//1153 3521//3627
f 1050//1154 1049//1153 1982//2088
f 421//478 389//442 419//476
f 421//478 3074//3180 389//442
f 1644//1750 1643//1749 2705//2811
f 2705//2811 1643//1749 2901//3007
f 4712//4818 1261//1365 2838//2944
f 1147//1251 4712//4818 4876//4982
f 873//977 2837//2943 874//978
f 874//978 2837//2943 4374//4480
f 930//1034 3290//3396 2272//2378
f 930//1034 1295//1399 3290//3396
f 1716//1822 3754//3860 1712//1818
f 1716//1822 3753//3859 3754//3860
f 1694//1800 4601//4707 1697//1803
f 1694//1800 1697//1803 211//245
f 4361//4467 4844//4950 3750//3856
f 4361//4467 3750//3856 2076//2182
f 2657//2763 2079//2185 4420//4526
f 2657//2763 4420//4526 3385//3491
f 3823//3929 2309//2415 2308//2414
f 4204//4310 4203//4309 2309//2415
f 161//180 4793//4899 115//122
f 4793//4899 1683//1789 115//122
f 4448//4554 139//150 894//998
f 4448//4554 2006//2112 139//150
f 3663//3769 2624//2730 2626//2732
f 3665//3771 3663//3769 2626//2732
f 1896//2002 3674//3780 3600//3706
f 1896//2002 3600//3706 4599//4705
f 2365//2471 3508//3614 1292//1396
f 1292//1396 3508//3614 1293//1397
f 2156//2262 2155//2261 2449//2555
f 2449//2555 4562//4668 2156//2262
f 1535//1641 1165//1269 3537//3643
f 1535//1641 1166//1270 1165//1269
f 2598//2704 2597//2703 2599//2705
f 2599//2705 2597//2703 2029//2135
f 3569//3675 3568//3674 3646//3752
f 4398//4504 3569//3675 4396//4502
f 1876//1982 3849//3955 1877//1983
f 2154//2260 1877//1983 4561//4667
f 1103//1207 1190//1294 1189//1293
f 1103//1207 1189//1293 2002//2108
f 94//99 1168//1272 4203//4309
f 4203//4309 1168//1272 2309//2415
f 3583//3689 2319//2425 840//944
f 3583//3689 840//944 308//354
f 3817//3923 3818//3924 4875//4981
f 4885//4991 3817//3923 4875//4981
f 3502//3608 4098//4204 2037//2143
f 2037//2143 4098//4204 2678//2784
f 3297//3403 1772//1878 1771//1877
f 3298//3404 1772//1878 3297//3403
f 3573//3679 1636//1742 452//512
f 3975//4081 3573//3679 452//512
f 3304//3410 162//181 3305//3411
f 3304//3410 1178//1282 162//181
f 1875//1981 1546//1652 2154//2260
f 1547//1653 1546//1652 1875//1981
f 513//583 527//601 530//604
f 512//582 513//583 530//604
f 2858//2964 3479//3585 4248//4354
f 2859//2965 3479//3585 2858//2964
f 1818//1924 3616//3722 1821//1927
f 1818//1924 3617//3723 3616//3722
f 1216//1320 3342//3448 3971//4077
f 1216//1320 4848//4954 1217//1321
f 2115//2221 4304//4410 4379//4485
f 2120//2226 2115//2221 4379//4485
f 841//945 2319//2425 4503//4609
f 4502//4608 841//945 4503//4609
f 2742//2848 3516//3622 2743//2849
f 3516//3622 2236//2342 2133//2239
f 4249//4355 4244//4350 4245//4351
f 4244//4350 2199//2305 4245//4351
f 3028//3134 606//685 608//687
f 570//647 3028//3134 3884//3990
f 2344//2450 3938//4044 2345//2451
f 3938//4044 3939//4045 2345//2451
f 3235//3341 3236//3342 1696//1802
f 1695//1801 1115//1219 1696//1802
f 2443//2549 2440//2546 2442//2548
f 2443//2549 4547//4653 3412//3518
f 1547//1653 1875//1981 4826//4932
f 3271//3377 1547//1653 3272//3378
f 1157//1261 4192//4298 1413//1519
f 1156//1260 4159//4265 1157//1261
f 2811//2917 3890//3996 3362//3468
f 3890//3996 2811//2917 4835//4941
f 4405//4511 4409//4515 4410//4516
f 2262//2368 4405//4511 4410//4516
f 825//929 4521//4627 4291//4397
f 825//929 4291//4397 4731//4837
f 4580//4686 1006//1110 3056//3162
f 3056//3162 1006//1110 1816//1922
f 4179//4285 4178//4284 4660//4766
f 4179//4285 2394//2500 4178//4284
f 3522//3628 3916//4022 3523//3629
f 4840//4946 3522//3628 2373//2479
f 4624//4730 4623//4729 503//572
f 1901//2007 4624//4730 503//572
f 3621//3727 4363//4469 897//1001
f 4363//4469 3621//3727 900//1004
f 4463//4569 4244//4350 2220//2326
f 3576//3682 4463//4569 2220//2326
f 4425//4531 4559//4665 1308//1414
f 4559//4665 4425//4531 4426//4532
f 3963//4069 1845//1951 217//253
f 1845//1951 3963//4069 1843//1949
f 3877//3983 3147//3253 4870//4976
f 4870//4976 3147//3253 3420//3526
f 1175//1279 4519//4625 3264//3370
f 2050//2156 1175//1279 1174//1278
f 2291//2397 4184//4290 4186//4292
f 4186//4292 4184//4290 1918//2024
f 2556//2662 3727//3833 1828//1934
f 1830//1936 2556//2662 1828//1934
f 3025//3131 3992//4098 3035//3141
f 3023//3129 3025//3131 3035//3141
f 3798//3904 1133//1237 4757//4863
f 3798//3904 1131//1235 1133//1237
f 3285//3391 1969//2075 3286//3392
f 3286//3392 1969//2075 2878//2984
f 4820//4926 4346//4452 3123//3229
f 1099//1203 4820//4926 3123//3229
f 2623//2729 4431//4537 2361//2467
f 2623//2729 2361//2467 1315//1421
f 2803//2909 4376//4482 2850//2956
f 4376//4482 2851//2957 2850//2956
f 2708//2814 4578//4684 2709//2815
f 4578//4684 2122//2228 2709//2815
f 2979//3085 2981//3087 1329//1435
f 1329//1435 2973//3079 2979//3085
f 4346//4452 769//869 4345//4451
f 4345//4451 769//869 763//863
f 4213//4319 1811//1917 1127//1231
f 4213//4319 1127//1231 3418//3524
f 3819//3925 3632//3738 3820//3926
f 3632//3738 4648//4754 3820//3926
f 1584//1690 4733//4839 4336//4442
f 4336//4442 4046//4152 3567//3673
f 2800//2906 872//976 938//1042
f 3190//3296 2850//2956 872//976
f 2084//2190 4676//4782 3425//3531
f 2828//2934 2084//2190 2085//2191
f 2283//2389 276//322 275//321
f 276//322 2283//2389 1841//1947
f 2249//2355 1371//1477 3151//3257
f 2249//2355 3151//3257 4528//4634
f 1649//1755 37//38 4646//4752
f 3204//3310 4646//4752 37//38
f 1715//1821 2584//2690 3137//3243
f 1715//1821 3137//3243 25//26
f 3445//3551 1086//1190 3834//3940
f 1086//1190 4772//4878 3834//3940
f 1004//1108 1754//1860 1005//1109
f 1007//1111 1005//1109 1754//1860
f 2114//2220 3200//3306 3199//3305
f 2114//2220 3199//3305 36//37
f 955//1059 3656//3762 3654//3760
f 2915//3021 2917//3023 3656//3762
f 4237//4343 3548//3654 3837//3943
f 3548//3654 2704//2810 3837//3943
f 903//1007 1320//1426 3798//3904
f 1320//1426 903//1007 471//536
f 1060//1164 1167//1271 4149//4255
f 1166//1270 4149//4255 1167//1271
f 1013//1117 1012//1116 4422//4528
f 3386//3492 1013//1117 4422//4528
f 1655//1761 979//1083 3488//3594
f 3488//3594 979//1083 764//864
f 4339//4445 4694//4800 3494//3600
f 1490//1596 4694//4800 4339//4445
f 954//1058 2915//3021 955//1059
f 955//1059 2915//3021 3656//3762
f 2056//2162 4108//4214 2053//2159
f 2057//2163 2056//2162 2053//2159
f 2813//2919 2380//2486 1119//1223
f 1119//1223 2380//2486 1120//1224
f 3958//4064 3960//4066 3967//4073
f 1557//1663 3958//4064 3959//4065
f 3791//3897 3790//3896 3792//3898
f 3790//3896 1451//1557 3792//3898
f 2438//2544 2142//2248 915//1019
f 914//1018 2438//2544 915//1019
f 1207//1311 1209//1313 3034//3140
f 3034//3140 4615//4721 3475//3581
f 2318//2424 3528//3634 3527//3633
f 4503//4609 2318//2424 3527//3633
f 3707//3813 4140//4246 2068//2174
f 4140//4246 3707//3813 251//293
f 179//200 4495//4601 4494//4600
f 4494//4600 4495//4601 4485//4591
f 1120//1224 2379//2485 2667//2773
f 2380//2486 2379//2485 1120//1224
f 2881//2987 1965//2071 4321//4427
f 4321//4427 1965//2071 934//1038
f 1212//1316 1639//1745 1248//1352
f 1639//1745 1212//1316 1211//1315
f 4223//4329 1778//1884 2661//2767
f 4223//4329 2661//2767 1517//1623
f 3783//3889 2511//2617 3790//3896
f 2511//2617 3783//3889 3782//3888
f 2472//2578 2471//2577 1412//1518
f 1412//1518 2778//2884 2468//2574
f 3156//3262 768//868 3802//3908
f 3156//3262 2594//2700 4545//4651
f 1081//1185 3522//3628 311//357
f 311//357 1082//1186 1081//1185
f 3960//4066 3958//4064 1557//1663
f 1557//1663 1556//1662 3960//4066
f 3312//3418 1809//1915 3322//3428
f 3322//3428 1809//1915 1810//1916
f 3247//3353 923//1027 4805//4911
f 924//1028 923//1027 3247//3353
f 2713//2819 3860//3966 3861//3967
f 4416//4522 3860//3966 2713//2819
f 1412//1518 2468//2574 2472//2578
f 2467//2573 2472//2578 2468//2574
f 4427//4533 4428//4534 2974//3080
f 2976//3082 4427//4533 2974//3080
f 3059//3165 2428//2534 3911//4017
f 2428//2534 4543//4649 2683//2789
f 4499//4605 2945//3051 1026//1130
f 2452//2558 2945//3051 4499//4605
f 2195//2301 4707//4813 2196//2302
f 2196//2302 4707//4813 4427//4533
f 3935//4041 495//562 3182//3288
f 495//562 3935//4041 496//563
f 1809//1915 2364//2470 750//850
f 751//851 750//850 2364//2470
f 4030//4136 3198//3304 3428//3534
f 3459//3565 3198//3304 4030//4136
f 3426//3532 3424//3530 128//135
f 2462//2568 3426//3532 128//135
f 3059//3165 4543//4649 2428//2534
f 3059//3165 4544//4650 4543//4649
f 3083//3189 3079//3185 4483//4589
f 3077//3183 3079//3185 3083//3189
f 3026//3132 623//703 4091//4197
f 4216//4322 731//831 2256//2362
f 3934//4040 541//615 4282//4388
f 540//614 554//631 541//615
f 390//443 383//436 388//441
f 332//380 4391//4497 352//403
f 2739//2845 2736//2842 4348//4454
f 2739//2845 4348//4454 1830//1936
f 1904//2010 1034//1138 2215//2321
f 1032//1136 2215//2321 1034//1138
f 1637//1743 1633//1739 1638//1744
f 4033//4139 453//513 1638//1744
f 4847//4953 3566//3672 2238//2344
f 2694//2800 3566//3672 4847//4953
f 4091//4197 623//703 731//831
f 623//703 661//747 731//831
f 2051//2157 4388//4494 2123//2229
f 2122//2228 2051//2157 2123//2229
f 741//841 4153//4259 4152//4258
f 4368//4474 754//854 4152//4258
f 3158//3264 3159//3265 2020//2126
f 3159//3265 3158//3264 2547//2653
f 2830//2936 4681//4787 2832//2938
f 40//41 3134//3240 4681//4787
f 1758//1864 2817//2923 57//58
f 2817//2923 2819//2925 57//58
f 4748//4854 4498//4604 1054//1158
f 4748//4854 1054//1158 4750//4856
f 2579//2685 2580//2686 2591//2697
f 4812//4918 2591//2697 2580//2686
f 3588//3694 3589//3695 736//836
f 4192//4298 736//836 3589//3695
f 754//854 753//853 741//841
f 754//854 741//841 4152//4258
f 4290//4396 1459//1565 4456//4562
f 4290//4396 4456//4562 4833//4939
f 2065//2171 2702//2808 820//924
f 820//924 2063//2169 2065//2171
f 532//606 410//466 4706//4812
f 4706//4812 410//466 3090//3196
f 3736//3842 3326//3432 4886//4992
f 2232//2338 3736//3842 4886//4992
f 4504//4610 1352//1458 1351//1457
f 4331//4437 4504//4610 1351//1457
f 2852//2958 873//977 2850//2956
f 873//977 2852//2958 2837//2943
f 3490//3596 1239//1343 1832//1938
f 1239//1343 3490//3596 4287//4393
f 3389//3495 3390//3496 3255//3361
f 3255//3361 3390//3496 2073//2179
f 2913//3019 2937//3043 2914//3020
f 1123//1227 2914//3020 2937//3043
f 789//889 2246//2352 790//890
f 3178//3284 2246//2352 789//889
f 4874//4980 4611//4717 3331//3437
f 4759//4865 4611//4717 4874//4980
f 4571//4677 3155//3261 4103//4209
f 4571//4677 3956//4062 3155//3261
f 2918//3024 2085//2191 4313//4419
f 4313//4419 2085//2191 3913//4019
f 1102//1206 3660//3766 1190//1294
f 1191//1295 1190//1294 3660//3766
f 2946//3052 4490//4596 3836//3942
f 2330//2436 4490//4596 2452//2558
f 4007//4113 4006//4112 1858//1964
f 4006//4112 4009//4115 4529//4635
f 2232//2338 4886//4992 239//277
f 266//312 4500//4606 2232//2338
f 4670//4776 1882//1988 1884//1990
f 3761//3867 1882//1988 4670//4776
f 2252//2358 3145//3251 363//414
f 2253//2359 2252//2358 363//414
f 4623//4729 3526//3632 2284//2390
f 4623//4729 2284//2390 503//572
f 3277//3383 3682//3788 4279//4385
f 4279//4385 3682//3788 1855//1961
f 2303//2409 1899//2005 1898//2004
f 3778//3884 2303//2409 1898//2004
f 846//950 2276//2382 775//875
f 2276//2382 4318//4424 775//875
f 3199//3305 3201//3307 3203//3309
f 15//15 3203//3309 3201//3307
f 2608//2714 4665//4771 4702//4808
f 4332//4438 4665//4771 2608//2714
f 301//347 1322//1428 4482//4588
f 1322//1428 2941//3047 4482//4588
f 3120//3226 4382//4488 3078//3184
f 4382//4488 3120//3226 2278//2384
f 2393//2499 3624//3730 2394//2500
f 2393//2499 4849//4955 3624//3730
f 4821//4927 2005//2111 4230//4336
f 1364//1470 4230//4336 2005//2111
f 4145//4251 4305//4411 1094//1198
f 4142//4248 4145//4251 4743//4849
f 83//88 4234//4340 2185//2291
f 4234//4340 83//88 82//87
f 4461//4567 4460//4566 4610//4716
f 184//207 4610//4716 176//197
f 3619//3725 4404//4510 4403//4509
f 4404//4510 3619//3725 4750//4856
f 1088//1192 3276//3382 3278//3384
f 3819//3925 3276//3382 1088//1192
f 4690//4796 1075//1179 3377//3483
f 1594//1700 4690//4796 3377//3483
f 3192//3298 1585//1691 3193//3299
f 3193//3299 1585//1691 4136//4242
f 4631//4737 4736//4842 3187//3293
f 4736//4842 2490//2596 3187//3293
f 1163//1267 1231//1335 4568//4674
f 1163//1267 4568//4674 2137//2243
f 1524//1630 1525//1631 4752//4858
f 4752//4858 1525//1631 3663//3769
f 2068//2174 2069//2175 1052//1156
f 1859//1965 4530//4636 2069//2175
f 1703//1809 2722//2828 4788//4894
f 1703//1809 4788//4894 880//984
f 288//334 2876//2982 289//335
f 289//335 2876//2982 3345//3451
f 4530//4636 1052//1156 2069//2175
f 1053//1157 1052//1156 4530//4636
f 3808//3914 2292//2398 2178//2284
f 2178//2284 2292//2398 2179//2285
f 2305//2411 4299//4405 2306//2412
f 2833//2939 4299//4405 2305//2411
f 4816//4922 1348//1454 4817//4923
f 4817//4923 1348//1454 863//967
f 2877//2983 2967//3073 2876//2982
f 2877//2983 2970//3076 2967//3073
f 2232//2338 239//277 266//312
f 239//277 264//310 266//312
f 2951//3057 3407//3513 414//470
f 414//470 3407//3513 415//471
f 4097//4203 827//931 829//933
f 4097//4203 829//933 1260//1364
f 4396//4502 3646//3752 373//425
f 4396//4502 3569//3675 3646//3752
f 3691//3797 3692//3798 1912//2018
f 3692//3798 3654//3760 1912//2018
f 3243//3349 2544//2650 3242//3348
f 2543//2649 2534//2640 2544//2650
f 4783//4889 3458//3564 3457//3563
f 4783//4889 3457//3563 3049//3155
f 3423//3529 3439//3545 4143//4249
f 277//323 3423//3529 4143//4249
f 3160//3266 3370//3476 931//1035
f 1921//2027 3370//3476 3160//3266
f 2633//2739 2144//2250 4266//4372
f 4170//4276 2144//2250 2633//2739
f 4073//4179 2314//2420 4075//4181
f 4856//4962 2314//2420 4073//4179
f 1395//1501 1348//1454 4816//4922
f 4816//4922 1763//1869 1395//1501
f 4875//4981 4102//4208 1424//1530
f 4101//4207 3105//3211 1424//1530
f 1134//1238 1912//2018 4155//4261
f 1134//1238 4155//4261 2295//2401
f 1817//1923 3049//3155 2482//2588
f 3049//3155 1817//1923 4783//4889
f 276//322 216//252 3422//3528
f 216//252 2770//2876 3422//3528
f 893//997 2008//2114 896//1000
f 2008//2114 894//998 896//1000
f 3389//3495 3255//3361 268//314
f 3733//3839 3389//3495 268//314
f 4214//4320 4312//4418 4683//4789
f 4683//4789 4312//4418 4684//4790
f 3212//3318 1693//1799 3213//3319
f 1693//1799 2891//2997 3213//3319
f 27//28 3088//3194 2260//2366
f 27//28 3086//3192 3088//3194
f 4024//4130 3215//3321 4025//4131
f 3215//3321 4024//4130 262//308
f 76//81 1108//1212 50//51
f 1108//1212 2481//2587 50//51
f 4561//4667 3849//3955 2449//2555
f 3849//3955 4561//4667 1877//1983
f 4570//4676 424//481 2912//3018
f 2938//3044 4570//4676 2912//3018
f 1542//1648 1544//1650 4309//4415
f 4309//4415 1544//1650 4534//4640
f 1492//1598 3210//3316 4228//4334
f 1494//1600 3210//3316 1492//1598
f 568//645 564//641 576//653
f 576//653 564//641 587//664
f 3022//3128 2315//2421 4856//4962
f 3021//3127 2315//2421 3022//3128
f 496//563 3877//3983 494//561
f 3877//3983 4870//4976 494//561
f 4247//4353 1626//1732 2863//2969
f 1626//1732 4247//4353 4246//4352
f 2545//2651 2582//2688 4887//4993
f 2582//2688 2581//2687 4887//4993
f 2758//2864 3254//3360 3253//3359
f 2759//2865 2758//2864 3253//3359
f 4529//4635 1859//1965 1858//1964
f 1858//1964 4006//4112 4529//4635
f 2960//3066 2639//2745 3847//3953
f 3847//3953 3177//3283 2960//3066
f 4242//4348 3822//3928 4324//4430
f 4386//4492 3822//3928 4242//4348
f 556//633 1949//2055 1948//2054
f 556//633 560//637 1949//2055
f 1872//1978 4166//4272 3719//3825
f 3719//3825 4166//4272 1271//1375
f 3149//3255 1881//1987 4242//4348
f 1804//1910 1881//1987 3149//3255
f 4089//4195 4358//4464 3269//3375
f 3270//3376 3269//3375 4358//4464
f 3649//3755 3651//3757 1659//1765
f 3651//3757 4336//4442 1659//1765
f 39//40 48//49 40//41
f 4835//4941 3889//3995 39//40
f 2885//2991 3744//3850 2614//2720
f 3744//3850 1612//1718 2614//2720
f 569//646 606//685 570//647
f 570//647 606//685 3028//3134
f 2700//2806 4342//4448 1988//2094
f 4342//4448 1986//2092 1988//2094
f 2614//2720 4661//4767 2613//2719
f 2613//2719 4661//4767 2188//2294
f 3016//3122 109//116 108//115
f 4587//4693 109//116 3016//3122
f 2854//2960 2486//2592 2856//2962
f 2855//2961 2854//2960 2856//2962
f 2540//2646 2564//2670 2541//2647
f 2564//2670 4275//4381 2541//2647
f 508//578 522//593 491//558
f 522//593 506//576 491//558
f 543//617 564//641 568//645
f 543//617 565//642 564//641
f 1400//1506 3782//3888 4019//4125
f 1398//1504 1400//1506 4019//4125
f 4523//4629 375//427 374//426
f 374//426 2765//2871 4523//4629
f 1048//1152 4699//4805 3997//4103
f 1047//1151 4699//4805 1048//1152
f 190//215 1843//1949 1842//1948
f 1842//1948 1843//1949 3963//4069
f 3204//3310 36//37 3202//3308
f 3202//3308 36//37 3199//3305
f 2926//3032 1202//1306 1204//1308
f 2925//3031 1202//1306 2926//3032
f 2412//2518 1847//1953 1846//1952
f 1651//1757 2412//2518 1846//1952
f 1739//1845 4407//4513 3157//3263
f 3157//3263 4407//4513 1740//1846
f 1732//1838 1731//1837 4219//4325
f 1731//1837 3762//3868 4219//4325
f 3552//3658 4650//4756 284//330
f 285//331 284//330 4650//4756
f 4726//4832 1398//1504 4019//4125
f 1398//1504 1762//1868 1764//1870
f 2147//2253 4359//4465 540//614
f 4359//4465 554//631 540//614
f 4443//4549 4454//4560 1352//1458
f 4454//4560 4443//4549 3283//3389
f 3460//3566 1367//1473 4031//4137
f 3460//3566 1085//1189 1367//1473
f 2651//2757 1661//1767 1662//1768
f 2651//2757 284//330 890//994
f 2371//2477 857//961 3690//3796
f 1666//1772 857//961 2371//2477
f 359//410 4174//4280 2679//2785
f 359//410 2679//2785 2681//2787
f 2844//2950 2840//2946 1761//1867
f 2846//2952 2840//2946 2844//2950
f 2071//2177 2766//2872 3863//3969
f 2070//2176 2766//2872 2071//2177
f 2465//2571 3220//3326 2466//2572
f 3220//3326 2465//2571 4455//4561
f 664//750 655//741 694//790
f 647//732 655//741 654//740
f 3875//3981 1179//1283 3223//3329
f 3875//3981 1176//1280 1179//1283
f 2558//2664 1282//1386 8//8
f 2512//2618 2558//2664 8//8
f 3893//3999 1943//2049 3894//4000
f 1943//2049 1938//2044 3894//4000
f 1957//2063 4079//4185 4080//4186
f 881//985 1957//2063 4080//4186
f 905//1009 1930//2036 3759//3865
f 3759//3865 1930//2036 2524//2630
f 3313//3419 3980//4086 2674//2780
f 2674//2780 914//1018 913//1017
f 4078//4184 1955//2061 1954//2060
f 4789//4895 4078//4184 1954//2060
f 1823//1929 1825//1931 4072//4178
f 4072//4178 4557//4663 1823//1929
f 2754//2860 4066//4172 4065//4171
f 4065//4171 4066//4172 1866//1972
f 4079//4185 2722//2828 1323//1429
f 4079//4185 4078//4184 4789//4895
f 590//667 569//646 578//655
f 569//646 568//645 578//655
f 1105//1209 2109//2215 4557//4663
f 1823//1929 4557//4663 2109//2215
f 4850//4956 2346//2452 4185//4291
f 4850//4956 4655//4761 2346//2452
f 2201//2307 2200//2306 4249//4355
f 4249//4355 4245//4351 2201//2307
f 1883//1989 3760//3866 2750//2856
f 3760//3866 1883//1989 1882//1988
f 2209//2315 4278//4384 2210//2316
f 2210//2316 4278//4384 3197//3303
f 3154//3260 2136//2242 1656//1762
f 1656//1762 2136//2242 1657//1763
f 1457//1563 4003//4109 2865//2971
f 2865//2971 4003//4109 2863//2969
f 4254//4360 3206//3312 2899//3005
f 3206//3312 1037//1141 2899//3005
f 1527//1633 2905//3011 2561//2667
f 2905//3011 3046//3152 2561//2667
f 959//1063 153//170 3880//3986
f 153//170 137//148 3880//3986
f 4604//4710 1884//1990 4303//4409
f 1884//1990 4604//4710 4670//4776
f 3731//3837 4402//4508 1642//1748
f 4768//4874 1642//1748 4402//4508
f 1685//1791 2891//2997 1388//1494
f 1388//1494 1686//1792 1685//1791
f 2603//2709 3664//3770 2604//2710
f 2608//2714 3664//3770 4333//4439
f 2569//2675 2019//2125 3824//3930
f 4831//4937 2569//2675 3824//3930
f 1402//1508 4055//4161 1403//1509
f 4562//4668 1403//1509 4055//4161
f 1174//1278 2995//3101 1792//1898
f 2995//3101 1324//1430 1792//1898
f 4842//4948 1686//1792 1388//1494
f 1686//1792 4842//4948 1687//1793
f 3031//3137 3475//3581 1039//1143
f 3032//3138 3475//3581 4594//4700
f 1891//1997 3601//3707 1892//1998
f 4163//4269 3601//3707 1891//1997
f 2783//2889 2782//2888 3082//3188
f 2278//2384 2783//2889 4238//4344
f 762//862 658//744 657//743
f 762//862 3131//3237 658//744
f 4252//4358 2049//2155 4666//4772
f 2047//2153 2049//2155 4252//4358
f 3612//3718 3601//3707 4163//4269
f 3612//3718 4163//4269 3613//3719
f 947//1051 944//1048 946//1050
f 4553//4659 947//1051 946//1050
f 4238//4344 3082//3188 4245//4351
f 4238//4344 2783//2889 3082//3188
f 984//1088 3042//3148 1947//2053
f 984//1088 4536//4642 3042//3148
f 173//194 4758//4864 249//291
f 4446//4552 3723//3829 173//194
f 3438//3544 4177//4283 3850//3956
f 3850//3956 3851//3957 3438//3544
f 2080//2186 2657//2763 1009//1113
f 1009//1113 1008//1112 2080//2186
f 4689//4795 3921//4027 2630//2736
f 4301//4407 4689//4795 2630//2736
f 2813//2919 3172//3278 3169//3275
f 3169//3275 2380//2486 2813//2919
f 3650//3756 3892//3998 2298//2404
f 1582//1688 3650//3756 2298//2404
f 2031//2137 4011//4117 1201//1305
f 1201//1305 4011//4117 1221//1325
f 1125//1229 4684//4790 3530//3636
f 4684//4790 4312//4418 3530//3636
f 707//807 3172//3278 678//768
f 3170//3276 3169//3275 3172//3278
f 3410//3516 2038//2144 2677//2783
f 2677//2783 2038//2144 2037//2143
f 1698//1804 4010//4116 4001//4107
f 1698//1804 1701//1807 4010//4116
f 4738//4844 161//180 4737//4843
f 4737//4843 3888//3994 4738//4844
f 4177//4283 3438//3544 3437//3543
f 3970//4076 4177//4283 3437//3543
f 2334//2440 4135//4241 4134//4240
f 3921//4027 2334//2440 4134//4240
f 2108//2214 4414//4520 4195//4301
f 2108//2214 3101//3207 4414//4520
f 2880//2986 4560//4666 3285//3391
f 3287//3393 1969//2075 3285//3391
f 3457//3563 2483//2589 2485//2591
f 1756//1862 2483//2589 3457//3563
f 4194//4300 4193//4299 2100//2206
f 2100//2206 4193//4299 2101//2207
f 3575//3681 373//425 3576//3682
f 4396//4502 373//425 3575//3681
f 848//952 2791//2897 3333//3439
f 1451//1557 848//952 3333//3439
f 884//988 274//320 3681//3787
f 3681//3787 274//320 1222//1326
f 4165//4271 4164//4270 3878//3984
f 2162//2268 4164//4270 4165//4271
f 1848//1954 2878//2984 1652//1758
f 1652//1758 1846//1952 1848//1954
f 534//608 555//632 489//556
f 489//556 555//632 490//557
f 4256//4362 4257//4363 2771//2877
f 1358//1464 4257//4363 4256//4362
f 1018//1122 3981//4087 2500//2606
f 1018//1122 2500//2606 2499//2605
f 4735//4841 3282//3388 954//1058
f 3282//3388 3281//3387 954//1058
f 2647//2753 2638//2744 2637//2743
f 2637//2743 4454//4560 2647//2753
f 4322//4428 3513//3619 722//822
f 3513//3619 723//823 722//822
f 1606//1712 2436//2542 4478//4584
f 2436//2542 1606//1712 2189//2295
f 4585//4691 3076//3182 3075//3181
f 314//360 4586//4692 3075//3181
f 4635//4741 1256//1360 3897//4003
f 4696//4802 1368//1474 1256//1360
f 2642//2748 2643//2749 2425//2531
f 2425//2531 1981//2087 2642//2748
f 4645//4751 4649//4755 1649//1755
f 1649//1755 4646//4752 4645//4751
f 1510//1616 2354//2460 2799//2905
f 2352//2458 2354//2460 1510//1616
f 2046//2152 2367//2473 3911//4017
f 2127//2233 3911//4017 2428//2534
f 3710//3816 1565//1671 4460//4566
f 4461//4567 3710//3816 4460//4566
f 4552//4658 2402//2508 4527//4633
f 1487//1593 4527//4633 2402//2508
f 680//770 734//834 726//826
f 680//770 4156//4262 734//834
f 3911//4017 2127//2233 2046//2152
f 2044//2150 2046//2152 2127//2233
f 1699//1805 1698//1804 2688//2794
f 3852//3958 1699//1805 2688//2794
f 4344//4450 4343//4449 924//1028
f 4344//4450 924//1028 3247//3353
f 4686//4792 4688//4794 949//1053
f 4686//4792 1765//1871 4688//4794
f 1148//1252 1890//1996 1631//1737
f 1262//1366 1890//1996 1148//1252
f 4343//4449 4591//4697 924//1028
f 3104//3210 4591//4697 4343//4449
f 3265//3371 855//959 85//90
f 855//959 86//91 85//90
f 1619//1725 1618//1724 2609//2715
f 2609//2715 4320//4426 1619//1725
f 3974//4080 4287//4393 4552//4658
f 2402//2508 4552//4658 4287//4393
f 4652//4758 1072//1176 3844//3950
f 1072//1176 2060//2166 3844//3950
f 593//670 3571//3677 3570//3676
f 3570//3676 591//668 593//670
f 1444//1550 3694//3800 2823//2929
f 3694//3800 1444//1550 2458//2564
f 868//972 4829//4935 3271//3377
f 868//972 867//971 4829//4935
f 1618//1724 4076//4182 1622//1728
f 1622//1728 4076//4182 2868//2974
f 4795//4901 2884//2990 3676//3782
f 3675//3781 4795//4901 3676//3782
f 3520//3626 2202//2308 2279//2385
f 2202//2308 3520//3626 4556//4662
f 1915//2021 1319//1425 3969//4075
f 1319//1425 1915//2021 1131//1235
f 1180//1284 3784//3890 4349//4455
f 3784//3890 1180//1284 1450//1556
f 4629//4735 842//946 356//407
f 308//354 840//944 842//946
f 2874//2980 3950//4056 3949//4055
f 3950//4056 2874//2980 1465//1571
f 2159//2265 1679//1785 1678//1784
f 1677//1783 4157//4263 2159//2265
f 793//897 3237//3343 798//902
f 798//902 792//892 793//897
f 4627//4733 308//354 4629//4735
f 308//354 842//946 4629//4735
f 385//438 2426//2532 3608//3714
f 385//438 3608//3714 4466//4572
f 3137//3243 3086//3192 25//26
f 25//26 3086//3192 27//28
f 2159//2265 1678//1784 2158//2264
f 2158//2264 1678//1784 3365//3471
f 4204//4310 2309//2415 3823//3929
f 2306//2412 4204//4310 3823//3929
f 2723//2829 1708//1814 1729//1835
f 1707//1813 1729//1835 1708//1814
f 4393//4499 2578//2684 2575//2681
f 2575//2681 4394//4500 4393//4499
f 3856//3962 3452//3558 3853//3959
f 3856//3962 3853//3959 2475//2581
f 1566//1672 3709//3815 4506//4612
f 1566//1672 4357//4463 1564//1670
f 797//901 4499//4605 2948//3054
f 797//901 2948//3054 1025//1129
f 2864//2970 1625//1731 4764//4870
f 1625//1731 1627//1733 4764//4870
f 878//982 4508//4614 1869//1975
f 4508//4614 4509//4615 1869//1975
f 1394//1500 4579//4685 1389//1495
f 3470//3576 1314//1420 1389//1495
f 361//412 2573//2679 2571//2677
f 2131//2237 2571//2677 2573//2679
f 2135//2241 2134//2240 4225//4331
f 2135//2241 4225//4331 4434//4540
f 4759//4865 4874//4980 2409//2515
f 2409//2515 2411//2517 4759//4865
f 592//669 594//671 1254//1358
f 1254//1358 593//670 592//669
f 3628//3734 3626//3732 3629//3735
f 3629//3735 1501//1607 1500//1606
f 4213//4319 3418//3524 4638//4744
f 3418//3524 3431//3537 4638//4744
f 1031//1135 1588//1694 1032//1136
f 4714//4820 1588//1694 1031//1135
f 1921//2027 1920//2026 4350//4456
f 4350//4456 1920//2026 2976//3082
f 2864//2970 4718//4824 1624//1730
f 4764//4870 4718//4824 2864//2970
f 3629//3735 3626//3732 1501//1607
f 3626//3732 2168//2274 1501//1607
f 4600//4706 1695//1801 4601//4707
f 4601//4707 1695//1801 1697//1803
f 3392//3498 831//935 830//934
f 3391//3497 3392//3498 830//934
f 4737//4843 1177//1281 1905//2011
f 1177//1281 1176//1280 1905//2011
f 4099//4205 2675//2781 2676//2782
f 4098//4204 4704//4810 4099//4205
f 1944//2050 4291//4397 4292//4398
f 4731//4837 4291//4397 1944//2050
f 561//638 585//662 3720//3826
f 583//660 585//662 561//638
f 2111//2217 3395//3501 4341//4447
f 4342//4448 2111//2217 4341//4447
f 2294//2400 1910//2016 1909//2015
f 1910//2016 2294//2400 3655//3761
f 3923//4029 4444//4550 1505//1611
f 1505//1611 2442//2548 3923//4029
f 1776//1882 4082//4188 2214//2320
f 1776//1882 2214//2320 2213//2319
f 594//671 1773//1879 1254//1358
f 4873//4979 1773//1879 594//671
f 114//121 116//123 105//112
f 105//112 116//123 2185//2291
f 4815//4921 2070//2176 4365//4471
f 3254//3360 4815//4921 4365//4471
f 2214//2320 2215//2321 2213//2319
f 2215//2321 1032//1136 2213//2319
f 1522//1628 2717//2823 1519//1625
f 1522//1628 1519//1625 1523//1629
f 1205//1309 2953//3059 1203//1307
f 1203//1307 2953//3059 4514//4620
f 678//768 3730//3836 670//757
f 4181//4287 670//757 3730//3836
f 4217//4323 1723//1829 4215//4321
f 4216//4322 4217//4323 4215//4321
f 4233//4339 93//98 62//63
f 69//72 4233//4339 62//63
f 1519//1625 781//881 1523//1629
f 781//881 1519//1625 779//879
f 3723//3829 4758//4864 173//194
f 4758//4864 3723//3829 3725//3831
f 3584//3690 3587//3693 3586//3692
f 4868//4974 3586//3692 940//1044
f 3260//3366 3740//3846 3261//3367
f 3261//3367 3740//3846 2203//2309
f 1734//1840 851//955 1856//1962
f 1856//1962 1736//1842 1734//1840
f 1139//1243 1138//1242 2089//2195
f 1138//1242 3449//3555 2089//2195
f 1490//1596 4340//4446 1493//1599
f 1493//1599 4340//4446 844//948
f 1576//1682 4770//4876 2161//2267
f 2161//2267 4770//4876 2162//2268
f 3755//3861 2251//2357 4638//4744
f 3755//3861 2252//2358 2251//2357
f 3634//3740 4507//4613 2288//2394
f 3633//3739 4507//4613 3634//3740
f 4648//4754 1455//1561 3820//3926
f 4648//4754 1456//1562 1455//1561
f 1567//1673 1569//1675 3913//4019
f 1567//1673 3913//4019 2085//2191
f 1184//1288 1003//1107 1185//1289
f 1003//1107 3380//3486 1185//1289
f 3052//3158 3552//3658 3054//3160
f 3053//3159 3052//3158 3054//3160
f 3516//3622 4433//4539 3517//3623
f 4433//4539 2761//2867 3517//3623
f 4704//4810 3594//3700 2675//2781
f 4704//4810 2675//2781 4099//4205
f 1653//1759 1655//1761 1732//1838
f 1653//1759 1732//1838 4219//4325
f 3435//3541 3437//3543 992//1096
f 3435//3541 992//1096 2064//2170
f 4636//4742 2191//2297 4086//4192
f 1220//1324 2191//2297 4636//4742
f 4059//4165 4058//4164 3317//3423
f 3317//3423 4058//4164 3315//3421
f 2095//2201 2617//2723 859//963
f 2617//2723 2095//2201 2097//2203
f 1242//1346 4837//4943 3910//4016
f 1241//1345 3068//3174 1242//1346
f 3931//4037 4791//4897 4476//4582
f 3704//3810 4791//4897 3931//4037
f 2842//2948 2846//2952 2845//2951
f 2840//2946 2846//2952 2842//2948
f 107//114 69//72 59//60
f 4233//4339 69//72 107//114
f 3502//3608 2039//2145 4441//4547
f 4441//4547 3503//3609 3502//3608
f 4661//4767 4662//4768 2188//2294
f 4086//4192 2188//2294 4662//4768
f 1251//1355 2529//2635 1249//1353
f 2656//2762 2529//2635 1251//1355
f 2090//2196 4124//4230 4607//4713
f 2090//2196 2089//2195 4124//4230
f 226//262 218//254 220//256
f 1694//1800 226//262 220//256
f 3508//3614 3480//3586 3509//3615
f 1924//2030 3509//3615 3480//3586
f 4607//4713 4608//4714 973//1077
f 4607//4713 4124//4230 4608//4714
f 1913//2019 1915//2021 3969//4075
f 1913//2019 3969//4075 1965//2071
f 2504//2610 2506//2612 4727//4833
f 4727//4833 2506//2612 936//1040
f 3323//3429 4467//4573 4695//4801
f 1040//1144 4467//4573 3323//3429
f 1672//1778 2999//3105 4037//4143
f 4037//4143 2999//3105 2998//3104
f 3947//4053 2142//2248 4746//4852
f 3947//4053 4746//4852 2752//2858
f 3161//3267 2194//2300 2975//3081
f 3161//3267 2358//2464 2194//2300
f 4117//4223 2043//2149 1447//1553
f 4117//4223 1447//1553 1434//1540
f 1129//1233 1132//1236 4632//4738
f 4757//4863 1132//1236 1129//1233
f 4037//4143 4038//4144 4798//4904
f 4038//4144 4034//4140 4798//4904
f 3365//3471 4270//4376 3363//3469
f 4270//4376 4272//4378 3363//3469
f 790//890 1530//1636 793//897
f 1530//1636 790//890 2848//2954
f 2806//2912 3153//3259 4132//4238
f 3153//3259 2806//2912 2258//2364
f 2967//3073 4600//4706 2968//3074
f 2968//3074 4600//4706 1001//1105
f 4520//4626 4395//4501 2087//2193
f 4395//4501 2088//2194 2087//2193
f 1294//1398 3289//3395 3288//3394
f 3290//3396 1294//1398 3288//3394
f 4128//4234 4127//4233 3846//3952
f 1550//1656 4128//4234 3846//3952
f 2235//2341 3662//3768 2236//2342
f 3662//3768 2235//2341 1419//1525
f 4824//4930 1370//1476 4626//4732
f 4626//4732 3106//3212 3993//4099
f 3855//3961 2516//2622 3455//3561
f 2475//2581 3855//3961 3455//3561
f 4632//4738 4329//4435 1130//1234
f 1129//1233 4632//4738 1130//1234
f 3797//3903 10//10 12//12
f 4044//4150 3797//3903 12//12
f 2063//2169 820//924 819//923
f 2063//2169 819//923 3436//3542
f 3993//4099 4824//4930 4626//4732
f 4824//4930 3993//4099 120//127
f 422//479 4013//4119 4811//4917
f 422//479 4811//4917 4787//4893
f 2516//2622 3854//3960 2519//2625
f 2516//2622 3855//3961 3854//3960
f 4334//4440 3694//3800 2458//2564
f 4335//4441 4334//4440 2458//2564
f 4042//4148 2623//2729 2622//2728
f 2624//2730 4042//4148 2622//2728
f 4368//4474 2254//2360 4217//4323
f 2254//2360 4368//4474 4152//4258
f 4304//4410 4300//4406 3024//3130
f 3024//3130 4300//4406 3025//3131
f 2934//3040 99//104 4640//4746
f 168//189 2934//3040 4640//4746
f 3966//4072 3967//4073 2668//2774
f 1995//2101 3966//4072 3463//3569
f 1869//1975 4509//4615 1972//2078
f 1972//2078 4509//4615 1973//2079
f 2985//3091 121//128 957//1061
f 122//129 121//128 2985//3091
f 1927//2033 3928//4034 3929//4035
f 3928//4034 3930//4036 3929//4035
f 2668//2774 2667//2773 3463//3569
f 3966//4072 2668//2774 3463//3569
f 642//726 641//725 2146//2252
f 583//660 563//640 641//725
f 2443//2549 3412//3518 2440//2546
f 3412//3518 2441//2547 2440//2546
f 3449//3555 4162//4268 3541//3647
f 4162//4268 2574//2680 3541//3647
f 4400//4506 3320//3426 1541//1647
f 1541//1647 3320//3426 1539//1645
f 1833//1939 3346//3452 1834//1940
f 1834//1940 2145//2251 1067//1171
f 3242//3348 2534//2640 1374//1480
f 2544//2650 2534//2640 3242//3348
f 3071//3177 4862//4968 3910//4016
f 3071//3177 2736//2842 4862//4968
f 4888//4994 2546//2652 2545//2651
f 4887//4993 4888//4994 2545//2651
f 4597//4703 3673//3779 3672//3778
f 4597//4703 3200//3306 3673//3779
f 2750//2856 2119//2225 1883//1989
f 2749//2855 2119//2225 2750//2856
f 3591//3697 2132//2238 4231//4337
f 2132//2238 2131//2237 4231//4337
f 2146//2252 2147//2253 573//650
f 573//650 2147//2253 540//614
f 2714//2820 4375//4481 4714//4820
f 2714//2820 2713//2819 4375//4481
f 2785//2891 3884//3990 2866//2972
f 2866//2972 538//612 2785//2891
f 3812//3918 1751//1857 1753//1859
f 2991//3097 1751//1857 3812//3918
f 2581//2687 4812//4918 4887//4993
f 4813//4919 4887//4993 4812//4918
f 3346//3452 3314//3420 2145//2251
f 3346//3452 2145//2251 1834//1940
f 2522//2628 2381//2487 2382//2488
f 2382//2488 708//808 2522//2628
f 1679//1785 4157//4263 4158//4264
f 4157//4263 1679//1785 2159//2265
f 1614//1720 3677//3783 933//1037
f 1614//1720 3668//3774 3677//3783
f 4457//4563 4059//4165 908//1012
f 908//1012 443//503 4452//4558
f 3034//3140 1209//1313 4615//4721
f 4615//4721 1209//1313 1036//1140
f 4708//4814 515//585 514//584
f 3765//3871 515//585 4708//4814
f 4457//4563 4452//4558 912//1016
f 908//1012 4452//4558 4457//4563
f 1998//2104 2765//2871 374//426
f 1998//2104 1997//2103 2765//2871
f 2291//2397 1341//1447 4184//4290
f 1341//1447 2291//2397 2292//2398
f 2557//2663 3728//3834 2514//2620
f 2514//2620 3728//3834 2515//2621
f 4775//4881 2749//2855 164//184
f 2119//2225 2749//2855 4775//4881
f 3883//3989 570//647 3884//3990
f 3883//3989 3884//3990 2785//2891
f 3582//3688 3584//3690 4868//4974
f 4868//4974 3584//3690 3586//3692
f 2035//2141 2421//2527 2480//2586
f 2035//2141 4583//4689 1559//1665
f 4041//4147 351//402 387//440
f 2857//2963 4040//4146 4041//4147
f 4616//4722 1746//1852 2228//2334
f 2228//2334 2230//2336 4616//4722
f 3858//3964 3954//4060 1748//1854
f 1748//1854 2058//2164 3858//3964
f 641//725 563//640 2146//2252
f 563//640 2147//2253 2146//2252
f 1865//1971 1862//1968 4146//4252
f 4146//4252 1867//1973 1865//1971
f 1791//1897 2943//3049 1325//1431
f 1325//1431 2943//3049 4393//4499
f 3124//3230 3126//3232 3125//3231
f 763//863 3126//3232 3124//3230
f 2365//2471 3756//3862 3508//3614
f 3480//3586 3508//3614 3756//3862
f 1136//1240 3917//4023 4667//4773
f 1136//1240 4667//4773 3691//3797
f 238//276 4024//4130 264//310
f 239//277 238//276 264//310
f 3628//3734 3627//3733 711//811
f 3628//3734 711//811 710//810
f 4390//4496 509//579 4806//4912
f 4390//4496 2507//2613 509//579
f 1208//1312 3745//3851 2719//2825
f 2719//2825 3745//3851 3746//3852
f 2261//2367 2259//2365 3164//3270
f 2261//2367 2260//2366 2259//2365
f 2351//2457 1676//1782 4376//4482
f 876//980 1676//1782 2351//2457
f 271//317 4437//4543 272//318
f 943//1047 272//318 4437//4543
f 2430//2536 988//1092 3724//3830
f 2430//2536 3724//3830 2399//2505
f 1719//1825 1718//1824 4554//4660
f 946//1050 1719//1825 4554//4660
f 1195//1299 4641//4747 3409//3515
f 4641//4747 1195//1299 4642//4748
f 3953//4059 3858//3964 3857//3963
f 3378//3484 3953//4059 3857//3963
f 1650//1756 3493//3599 14//14
f 14//14 1169//1273 1650//1756
f 2399//2505 3723//3829 2400//2506
f 2399//2505 3724//3830 3723//3829
f 1195//1299 1192//1296 4642//4748
f 1192//1296 1194//1298 4642//4748
f 1737//1843 969//1073 968//1072
f 971//1075 969//1073 1737//1843
f 4316//4422 1416//1522 1414//1520
f 3032//3138 1416//1522 3033//3139
f 1115//1219 3235//3341 1696//1802
f 3234//3340 3235//3341 1115//1219
f 3319//3425 3542//3648 3318//3424
f 3318//3424 3542//3648 4190//4296
f 4115//4221 4114//4220 1068//1172
f 4115//4221 117//124 4114//4220
f 2230//2336 4022//4128 4306//4412
f 4306//4412 4022//4128 2148//2254
f 2444//2550 2744//2850 3984//4090
f 3982//4088 2444//2550 3984//4090
f 1428//1534 3015//3121 108//115
f 108//115 3015//3121 3016//3122
f 4267//4373 1784//1890 2240//2346
f 1784//1890 4267//4373 1785//1891
f 2759//2865 3253//3359 1820//1926
f 2760//2866 2759//2865 1820//1926
f 4438//4544 3229//3335 2264//2370
f 3229//3335 4438//4544 1187//1291
f 3146//3252 4392//4498 4819//4925
f 3421//3527 3420//3526 3146//3252
f 737//837 736//836 3960//4066
f 1556//1662 737//837 3960//4066
f 832//936 4730//4836 3041//3147
f 832//936 3041//3147 2339//2445
f 1025//1129 792//892 798//902
f 798//902 797//901 1025//1129
f 3815//3921 4754//4860 3801//3907
f 3815//3921 2501//2607 1738//1844
f 4301//4407 2630//2736 4302//4408
f 2630//2736 1706//1812 4302//4408
f 4760//4866 4761//4867 2773//2879
f 2773//2879 2206//2312 2771//2877
f 1663//1769 86//91 1666//1772
f 1663//1769 84//89 86//91
f 4731//4837 826//930 825//929
f 4730//4836 826//930 4731//4837
f 427//484 404//459 342//390
f 342//390 440//500 427//484
f 4531//4637 2015//2121 2424//2530
f 867//971 4531//4637 2424//2530
f 901//1005 900//1004 3623//3729
f 901//1005 3623//3729 3624//3730
f 2773//2879 4761//4867 2206//2312
f 871//975 1264//1368 770//870
f 2538//2644 3831//3937 3830//3936
f 3830//3936 3831//3937 4860//4966
f 999//1103 289//335 3345//3451
f 999//1103 3345//3451 4576//4682
f 3973//4079 1045//1149 1044//1148
f 4711//4817 1045//1149 3973//4079
f 3061//3167 3064//3170 3062//3168
f 3064//3170 762//862 3062//3168
f 1393//1499 1688//1794 1690//1796
f 1394//1500 1393//1499 1690//1796
f 3344//3450 4511//4617 4576//4682
f 3345//3451 3344//3450 4576//4682
f 1171//1275 2086//2192 2078//2184
f 4519//4625 2086//2192 1171//1275
f 3870//3976 4311//4417 3871//3977
f 4479//4585 3871//3977 4311//4417
f 1892//1998 3600//3706 980//1084
f 1892//1998 980//1084 982//1086
f 1000//1104 4576//4682 304//350
f 1000//1104 304//350 303//349
f 4821//4927 850//954 140//151
f 4821//4927 4230//4336 850//954
f 3505//3611 4418//4524 2596//2702
f 3505//3611 2596//2702 1915//2021
f 4276//4382 1372//1478 4275//4381
f 118//125 4276//4382 4275//4381
f 4762//4868 4572//4678 4571//4677
f 1774//1880 4453//4559 4572//4678
f 2947//3053 1207//1311 3034//3140
f 2947//3053 2946//3052 1207//1311
f 210//244 212//246 202//231
f 199//227 212//246 210//244
f 3495//3601 2273//2379 2275//2381
f 2273//2379 3495//3601 3353//3459
f 2984//3090 2890//2996 123//130
f 123//130 2920//3026 2984//3090
f 836//940 4366//4472 837//941
f 4526//4632 4367//4473 837//941
f 3925//4031 3926//4032 2066//2172
f 3925//4031 2066//2172 1671//1777
f 4833//4939 1805//1911 1283//1387
f 4833//4939 4794//4900 1805//1911
f 232//268 233//271 222//258
f 232//268 212//246 233//271
f 1634//1740 1384//1490 4728//4834
f 4728//4834 1384//1490 1232//1336
f 3329//3435 2126//2232 3328//3434
f 3329//3435 3328//3434 1093//1197
f 1592//1698 2281//2387 1590//1696
f 1590//1696 2281//2387 1588//1694
f 1717//1823 4513//4619 1718//1824
f 4513//4619 1717//1823 1720//1826
f 2675//2781 3598//3704 2023//2129
f 2023//2129 3598//3704 2024//2130
f 3749//3855 84//89 2727//2833
f 3749//3855 2727//2833 2726//2832
f 4362//4468 2076//2182 1247//1351
f 1246//1350 4362//4468 1247//1351
f 1602//1708 4383//4489 1603//1709
f 4383//4489 1602//1708 4384//4490
f 3836//3942 1299//1403 2704//2810
f 4878//4984 2704//2810 1299//1403
f 2414//2520 4675//4781 2055//2161
f 2412//2518 4675//4781 2414//2520
f 721//821 2312//2418 4753//4859
f 3057//3163 721//821 4753//4859
f 526//600 504//573 527//601
f 527//601 504//573 2286//2392
f 3134//3240 2833//2939 2832//2938
f 3134//3240 2832//2938 4681//4787
f 3007//3113 3006//3112 4371//4477
f 3007//3113 4371//4477 4676//4782
f 2589//2695 1888//1994 1647//1753
f 2548//2654 1648//1754 1888//1994
f 2369//2475 3690//3796 3688//3794
f 2371//2477 3690//3796 2369//2475
f 3594//3700 1560//1666 3595//3701
f 1558//1664 1560//1666 3594//3700
f 3416//3522 1798//1904 296//342
f 3416//3522 1799//1905 1798//1904
f 1990//2096 1989//2095 1991//2097
f 1990//2096 1991//2097 1691//1797
f 2548//2654 2589//2695 4841//4947
f 1888//1994 2589//2695 2548//2654
f 2426//2532 2644//2750 3604//3710
f 2425//2531 2644//2750 2426//2532
f 1465//1571 295//341 1906//2012
f 3950//4056 1465//1571 1906//2012
f 1692//1798 1992//2098 2892//2998
f 1991//2097 1992//2098 1692//1798
f 1055//1159 1226//1330 4005//4111
f 1225//1329 4005//4111 1226//1330
f 383//436 354//405 352//403
f 383//436 352//403 388//441
f 2986//3092 1397//1503 1396//1502
f 3712//3818 1397//1503 2986//3092
f 3918//4024 1135//1239 4430//4536
f 4430//4536 4722//4828 3918//4024
f 3128//3234 4814//4920 4669//4775
f 3128//3234 4669//4775 2857//2963
f 881//985 4080//4186 882//986
f 4080//4186 1323//1429 882//986
f 4678//4784 3952//4058 1010//1114
f 1305//1409 3952//4058 4678//4784
f 2141//2247 824//928 831//935
f 2141//2247 2138//2244 824//928
f 3447//3553 2553//2659 2554//2660
f 110//117 2553//2659 3919//4025
f 78//83 70//75 89//94
f 66//73 70//75 78//83
f 1599//1705 4538//4644 3258//3364
f 3257//3363 1599//1705 3258//3364
f 3250//3356 1334//1440 4488//4594
f 3250//3356 4488//4594 3251//3357
f 4837//4943 3908//4014 3910//4016
f 3910//4016 3908//4014 2405//2511
f 340//388 339//387 329//375
f 340//388 342//390 339//387
f 1598//1704 4538//4644 1599//1705
f 4538//4644 1598//1704 759//859
f 4222//4328 1516//1622 1779//1885
f 1779//1885 1778//1884 4222//4328
f 3478//3584 2859//2965 1296//1400
f 4501//4607 3478//3584 1296//1400
f 3447//3553 3919//4025 2553//2659
f 1137//1241 3919//4025 3447//3553
f 4637//4743 1601//1707 1449//1555
f 4637//4743 1449//1555 1646//1752
f 1779//1885 1516//1622 4083//4189
f 4083//4189 1516//1622 4082//4188
f 2662//2768 2663//2769 2664//2770
f 2329//2435 2662//2768 2664//2770
f 714//814 713//813 2381//2487
f 4153//4259 2381//2487 1724//1830
f 1945//2051 4292//4398 3556//3662
f 3556//3662 4292//4398 4355//4461
f 4089//4195 3267//3373 2459//2565
f 4089//4195 3357//3463 3267//3373
f 741//841 714//814 4153//4259
f 714//814 2381//2487 4153//4259
f 3238//3344 4803//4909 3648//3754
f 3238//3344 3546//3652 4803//4909
f 4603//4709 3111//3217 1432//1538
f 1431//1537 4603//4709 1432//1538
f 1370//1476 3014//3120 4626//4732
f 1370//1476 1369//1475 3014//3120
f 3240//3346 3544//3650 3241//3347
f 3547//3653 3545//3651 3544//3650
f 1570//1676 1572//1678 4853//4959
f 2387//2493 1570//1676 4853//4959
f 2860//2966 2862//2968 4588//4694
f 2860//2966 4588//4694 4589//4695
f 1399//1505 4220//4326 2510//2616
f 1399//1505 4221//4327 4220//4326
f 4391//4497 2250//2356 388//441
f 352//403 4391//4497 388//441
f 1995//2101 1994//2100 3959//4065
f 3959//4065 1994//2100 656//742
f 2059//2165 1748//1854 1750//1856
f 2059//2165 1750//1856 2860//2966
f 4171//4277 4170//4276 2633//2739
f 4171//4277 4169//4275 4170//4276
f 2921//3027 4487//4593 4054//4160
f 4054//4160 4487//4593 2732//2838
f 2042//2148 3184//3290 4877//4983
f 1308//1414 4877//4983 3184//3290
f 2405//2511 3908//4014 3070//3176
f 2406//2512 2405//2511 3070//3176
f 4051//4157 4053//4159 1568//1674
f 4051//4157 3426//3532 4053//4159
f 1307//1413 1309//1415 2041//2147
f 2041//2147 1309//1415 4472//4578
f 724//824 2825//2931 742//842
f 4745//4851 2822//2928 2825//2931
f 1511//1617 3547//3653 3240//3346
f 3240//3346 3547//3653 3544//3650
f 141//152 864//968 142//153
f 864//968 141//152 865//969
f 1971//2077 3921//4027 3701//3807
f 3701//3807 3700//3806 1971//2077
f 3758//3864 3232//3338 4865//4971
f 3670//3776 4865//4971 3232//3338
f 3308//3414 3940//4046 3309//3415
f 3940//4046 3938//4044 3309//3415
f 4052//4158 2459//2565 4064//4170
f 4792//4898 2459//2565 3267//3373
f 4354//4460 3773//3879 42//43
f 3773//3879 4354//4460 3774//3880
f 4462//4568 1161//1265 2197//2303
f 1161//1265 3939//4045 2197//2303
f 3590//3696 4590//4696 3591//3697
f 3592//3698 4590//4696 3590//3696
f 4259//4365 169//190 3010//3116
f 169//190 4259//4365 170//191
f 2156//2262 4562//4668 3851//3957
f 3851//3957 4562//4668 993//1097
f 3574//3680 3975//4081 411//467
f 411//467 3975//4081 4450//4556
f 3594//3700 3596//3702 3599//3705
f 3599//3705 3596//3702 3795//3901
f 4818//4924 3045//3151 3899//4005
f 828//932 3899//4005 2964//3070
f 4719//4825 4284//4390 3467//3573
f 4719//4825 3907//4013 4284//4390
f 4778//4884 2169//2275 3625//3731
f 2169//2275 4778//4884 616//696
f 1161//1265 1160//1264 3939//4045
f 1342//1448 2345//2451 3939//4045
f 3813//3919 2058//2164 3442//3548
f 3859//3965 2058//2164 3813//3919
f 4154//4260 4445//4551 3138//3244
f 4445//4551 3139//3245 3138//3244
f 3742//3848 917//1021 4471//4577
f 3742//3848 918//1022 917//1021
f 1110//1214 4533//4639 4596//4702
f 1109//1213 1110//1214 4596//4702
f 3767//3873 3924//4030 2849//2955
f 2849//2955 1623//1729 3767//3873
f 2756//2862 4680//4786 3239//3345
f 2756//2862 3239//3345 2754//2860
f 4719//4825 4720//4826 3441//3547
f 4720//4826 1981//2087 3441//3547
f 3118//3224 3117//3223 3945//4051
f 3118//3224 3945//4051 2987//3093
f 4573//4679 4090//4196 742//842
f 4573//4679 742//842 2825//2931
f 2583//2689 2586//2692 3136//3242
f 2584//2690 2583//2689 3136//3242
f 2487//2593 2491//2597 3186//3292
f 3186//3292 2491//2597 2490//2596
f 355//406 353//404 339//387
f 353//404 355//406 406//461
f 3577//3683 2219//2325 2222//2328
f 3577//3683 2220//2326 2219//2325
f 1157//1261 4159//4265 4192//4298
f 4159//4265 736//836 4192//4298
f 4760//4866 2772//2878 816//920
f 4760//4866 2773//2879 2772//2878
f 1490//1596 4226//4332 1491//1597
f 4226//4332 1490//1596 1492//1598
f 862//966 2347//2453 2349//2455
f 4859//4965 2347//2453 862//966
f 4590//4696 2682//2788 3591//3697
f 3591//3697 2682//2788 2132//2238
f 3511//3617 3800//3906 1004//1108
f 1004//1108 3800//3906 3786//3892
f 2347//2453 4859//4965 3697//3803
f 3712//3818 3697//3803 4859//4965
f 3741//3847 4373//4479 2738//2844
f 3741//3847 4471//4577 4373//4479
f 3560//3666 1302//1406 1301//1405
f 3560//3666 1301//1405 4361//4467
f 3892//3998 3894//4000 1940//2046
f 1940//2046 1939//2045 3892//3998
f 165//186 2749//2855 126//133
f 2749//2855 165//186 164//184
f 1176//1280 3874//3980 1903//2009
f 3875//3981 3874//3980 1176//1280
f 1942//2048 1938//2044 1943//2049
f 4715//4821 1938//2044 1942//2048
f 2567//2673 2563//2669 1070//1174
f 2563//2669 2567//2673 2566//2672
f 1091//1195 4534//4640 1544//1650
f 2248//2354 4534//4640 1091//1195
f 3559//3665 1302//1406 3561//3667
f 1302//1406 3560//3666 3561//3667
f 1826//1932 921//1025 4372//4478
f 4373//4479 1826//1932 4372//4478
f 3988//4094 2517//2623 1098//1202
f 3988//4094 1098//1202 1100//1204
f 1802//1908 4447//4553 1800//1906
f 1802//1908 2160//2266 4447//4553
f 4741//4847 4574//4680 3152//3258
f 4528//4634 4741//4847 3152//3258
f 2403//2509 4201//4307 4673//4779
f 4201//4307 4202//4308 4673//4779
f 4515//4621 2952//3058 2479//2585
f 4514//4620 2952//3058 4515//4621
f 4531//4637 2018//2124 2015//2121
f 2018//2124 2016//2122 2015//2121
f 93//98 82//87 77//82
f 4233//4339 82//87 93//98
f 3668//3774 1932//2038 3669//3775
f 1932//2038 3668//3774 1614//1720
f 3863//3969 4021//4127 2216//2322
f 2766//2872 4021//4127 3863//3969
f 2757//2863 1442//1548 267//313
f 1442//1548 1441//1547 267//313
f 4743//4849 4145//4251 1094//1198
f 1096//1200 4743//4849 1094//1198
f 3384//3490 2897//3003 2961//3067
f 2896//3002 3384//3490 2961//3067
f 2064//2170 2701//2807 2065//2171
f 2701//2807 2702//2808 2065//2171
f 3001//3107 906//1010 4751//4857
f 905//1009 4751//4857 906//1010
f 1675//1781 4377//4483 1676//1782
f 3926//4032 4377//4483 1675//1781
f 1077//1181 1076//1180 3955//4061
f 4246//4352 1076//1180 1626//1732
f 2149//2255 2692//2798 2151//2257
f 2691//2797 2151//2257 2692//2798
f 3924//4030 2851//2957 4377//4483
f 2851//2957 3924//4030 3767//3873
f 2588//2694 4491//4597 2011//2117
f 4491//4597 2588//2694 1645//1751
f 2381//2487 2523//2629 2521//2627
f 2521//2627 2523//2629 4799//4905
f 554//631 534//608 4282//4388
f 554//631 4282//4388 541//615
f 4593//4699 278//324 280//326
f 3543//3649 278//324 4593//4699
f 4142//4248 1591//1697 3839//3945
f 4142//4248 4743//4849 1591//1697
f 4246//4352 1749//1855 3955//4061
f 3955//4061 1076//1180 4246//4352
f 707//807 708//808 3170//3276
f 707//807 3170//3276 3172//3278
f 4475//4581 1788//1894 3321//3427
f 1788//1894 4475//4581 1040//1144
f 4201//4307 4200//4306 2105//2211
f 4613//4719 2105//2211 4200//4306
f 1078//1182 3058//3164 4542//4648
f 1078//1182 4542//4648 4660//4766
f 4071//4177 1825//1931 4069//4175
f 1825//1931 1143//1247 4069//4175
f 3568//3674 391//444 3646//3752
f 3568//3674 1996//2102 391//444
f 2770//2876 3440//3546 3422//3528
f 2769//2875 3440//3546 2770//2876
f 4677//4783 848//952 847//951
f 4677//4783 847//951 4220//4326
f 3846//3952 3845//3951 1550//1656
f 1551//1657 1550//1656 3845//3951
f 4056//4162 4055//4161 1402//1508
f 1402//1508 1406//1512 4056//4162
f 981//1085 1375//1481 1377//1483
f 981//1085 1377//1483 2827//2933
f 2820//2926 1082//1186 4212//4318
f 4212//4318 1082//1186 311//357
f 4243//4349 4228//4334 756//856
f 4243//4349 1492//1598 4228//4334
f 1987//2093 3218//3324 3219//3325
f 3218//3324 2838//2944 3219//3325
f 4664//4770 620//700 2523//2629
f 620//700 4664//4770 645//730
f 4326//4432 1574//1680 1573//1679
f 1573//1679 4770//4876 4326//4432
f 3603//3709 3066//3172 1241//1345
f 1240//1344 3603//3709 1241//1345
f 40//41 47//48 3134//3240
f 48//49 47//48 40//41
f 2674//2780 3980//4086 914//1018
f 3980//4086 3978//4084 914//1018
f 2448//2554 2450//2556 1334//1440
f 1334//1440 2450//2556 4488//4594
f 4289//4395 2454//2560 4844//4950
f 1301//1405 4289//4395 4844//4950
f 365//416 4619//4725 366//417
f 1801//1907 366//417 4619//4725
f 4609//4715 1783//1889 4255//4361
f 4609//4715 3828//3934 1783//1889
f 2333//2439 2331//2437 2451//2557
f 2333//2439 2451//2557 4288//4394
f 3098//3204 2081//2187 3630//3736
f 3630//3736 2081//2187 1454//1560
f 300//346 4542//4648 4544//4650
f 3059//3165 300//346 4544//4650
f 4064//4170 2459//2565 4792//4898
f 4064//4170 4792//4898 4053//4159
f 367//418 4015//4121 4012//4118
f 367//418 1113//1217 4015//4121
f 3792//3898 1451//1557 891//995
f 1451//1557 3333//3439 891//995
f 2921//3027 2920//3026 4486//4592
f 2921//3027 4486//4592 4487//4593
f 3852//3958 1140//1244 1699//1805
f 1140//1244 3852//3958 1204//1308
f 2929//3035 4505//4611 2928//3034
f 2981//3087 4505//4611 2929//3035
f 1644//1750 1640//1746 1211//1315
f 1640//1746 1639//1745 1211//1315
f 4548//4654 1869//1975 1871//1977
f 1871//1977 3655//3761 4548//4654
f 4785//4891 4041//4147 387//440
f 4785//4891 387//440 408//464
f 2600//2706 2599//2705 3758//3864
f 4865//4971 2600//2706 3758//3864
f 2227//2333 4694//4800 1489//1595
f 2229//2335 2227//2333 1489//1595
f 1633//1739 4033//4139 1638//1744
f 1633//1739 4032//4138 4033//4139
f 1902//2008 4374//4480 4549//4655
f 874//978 4374//4480 1902//2008
f 4558//4664 2033//2139 2032//2138
f 2033//2139 4558//4664 2383//2489
f 4797//4903 3809//3915 3525//3631
f 3809//3915 3808//3914 3525//3631
f 245//285 261//307 2282//2388
f 2282//2388 261//307 190//215
f 4269//4375 3362//3468 38//39
f 4269//4375 2809//2915 3362//3468
f 2946//3052 1208//1312 1207//1311
f 2946//3052 3745//3851 1208//1312
f 3274//3380 4827//4933 2917//3023
f 4827//4933 3274//3380 4325//4431
f 1227//1331 1229//1333 4169//4275
f 1227//1331 2634//2740 1359//1465
f 3593//3699 4252//4358 4666//4772
f 4666//4772 4524//4630 3593//3699
f 1270//1374 4596//4702 3672//3778
f 1270//1374 3672//3778 1268//1372
f 4119//4225 4106//4212 4104//4210
f 1430//1536 1429//1535 4104//4210
f 1960//2066 1962//2068 3245//3351
f 3271//3377 1960//2066 3245//3351
f 2798//2904 4524//4630 4666//4772
f 4524//4630 2798//2904 447//507
f 4108//4214 4832//4938 2054//2160
f 4108//4214 1109//1213 4832//4938
f 2231//2337 2233//2339 3324//3430
f 2231//2337 3324//3430 3736//3842
f 1350//1456 2637//2743 2636//2742
f 2744//2850 1350//1456 2636//2742
f 3325//3431 4780//4886 3324//3430
f 4780//4886 3325//3431 1562//1668
f 1948//2054 1951//2057 4250//4356
f 1951//2057 2047//2153 4250//4356
f 291//337 2267//2373 3228//3334
f 3228//3334 4809//4915 291//337
f 4773//4879 2894//3000 2892//2998
f 1392//1498 2894//3000 4773//4879
f 1385//1491 3055//3161 1383//1489
f 3055//3161 1385//1491 1634//1740
f 4451//4557 3721//3827 3720//3826
f 4451//4557 3941//4047 3721//3827
f 4096//4202 1665//1771 32//33
f 4096//4202 2268//2374 1665//1771
f 3277//3383 4279//4385 3683//3789
f 3278//3384 3277//3383 3683//3789
f 4858//4964 1551//1657 3191//3297
f 4151//4257 4858//4964 3191//3297
f 4721//4827 1670//1776 1667//1773
f 1667//1773 1818//1924 283//329
f 4464//4570 2821//2927 4465//4571
f 2867//2973 4464//4570 4465//4571
f 1096//1200 1095//1199 2505//2611
f 1097//1201 2505//2611 1095//1199
f 4147//4253 875//979 877//981
f 3905//4011 1496//1602 4147//4253
f 2698//2804 4423//4529 2696//2802
f 2698//2804 903//1007 4423//4529
f 4689//4795 2335//2441 4039//4145
f 2335//2441 1273//1377 4039//4145
f 2552//2658 1276//1380 4429//4535
f 2552//2658 4429//4535 1135//1239
f 75//80 74//79 2919//3025
f 4045//4151 3915//4021 2919//3025
f 2530//2636 2529//2635 2655//2761
f 2654//2760 2530//2636 2655//2761
f 2698//2804 3444//3550 903//1007
f 2698//2804 2699//2805 3444//3550
f 3986//4092 2154//2260 4561//4667
f 3986//4092 1875//1981 2154//2260
f 4045//4151 2919//3025 74//79
f 74//79 73//78 4045//4151
f 283//329 282//328 4721//4827
f 283//329 4721//4827 1667//1773
f 4676//4782 2084//2190 2828//2934
f 2829//2935 4676//4782 2828//2934
f 443//503 908//1012 907//1011
f 454//514 443//503 907//1011
f 1002//1106 3381//3487 3380//3486
f 1002//1106 220//256 3381//3487
f 3765//3871 2359//2465 515//585
f 2279//2385 2359//2465 3765//3871
f 4477//4583 1925//2031 4869//4975
f 4477//4583 3368//3474 1927//2033
f 1477//1583 1605//1711 4478//4584
f 1605//1711 1606//1712 4478//4584
f 2643//2749 2642//2748 2002//2108
f 2643//2749 2002//2108 1189//1293
f 1174//1278 2996//3102 4771//4877
f 1174//1278 4771//4877 2995//3101
f 3684//3790 4866//4972 1295//1399
f 3368//3474 4866//4972 3684//3790
f 665//751 718//818 727//827
f 727//827 663//749 665//751
f 4723//4829 1427//1533 1426//1532
f 3106//3212 4626//4732 1427//1533
f 2528//2634 4218//4324 1249//1353
f 2530//2636 4218//4324 2528//2634
f 2810//2916 79//84 3336//3442
f 2811//2917 2810//2916 3336//3442
f 1752//1858 2097//2203 2096//2202
f 1752//1858 2096//2202 3857//3963
f 4869//4975 3368//3474 4477//4583
f 4869//4975 4866//4972 3368//3474
f 2466//2572 3220//3326 2470//2576
f 4330//4436 2466//2572 2470//2576
f 1778//1884 935//1039 2659//2765
f 1778//1884 4727//4833 935//1039
f 1467//1573 4324//4430 4323//4429
f 4242//4348 4324//4430 1467//1573
f 1609//1715 4281//4387 4126//4232
f 1608//1714 4281//4387 1609//1715
f 2311//2417 2325//2431 3799//3905
f 2310//2416 2325//2431 2311//2417
f 3106//3212 1427//1533 4723//4829
f 1425//1531 3106//3212 4723//4829
f 4046//4152 4733//4839 1996//2102
f 4336//4442 4733//4839 4046//4152
f 4551//4657 4281//4387 1611//1717
f 3998//4104 4551//4657 1611//1717
f 3579//3685 4354//4460 2585//2691
f 3580//3686 3579//3685 2585//2691
f 411//467 4450//4556 412//468
f 412//468 4450//4556 4602//4708
f 2664//2770 3972//4078 2665//2771
f 4466//4572 3972//4078 1044//1148
f 4263//4369 4262//4368 4655//4761
f 4850//4956 4263//4369 4655//4761
f 527//601 2786//2892 552//629
f 2785//2891 552//629 2786//2892
f 1233//1337 4061//4167 4568//4674
f 1381//1487 1233//1337 1232//1336
f 2525//2631 4235//4341 2104//2210
f 2104//2210 4235//4341 2103//2209
f 2039//2145 2038//2144 3409//3515
f 4441//4547 2039//2145 3409//3515
f 2777//2883 4195//4301 4193//4299
f 4195//4301 2777//2883 2106//2212
f 4526//4632 837//941 4366//4472
f 3302//3408 4526//4632 4366//4472
f 1381//1487 4062//4168 4061//4167
f 1233//1337 1381//1487 4061//4167
f 4403//4509 3620//3726 3619//3725
f 3620//3726 4403//4509 1867//1973
f 4466//4572 2665//2771 3972//4078
f 2665//2771 4466//4572 3608//3714
f 2585//2691 2587//2693 3580//3686
f 2587//2693 1711//1817 3580//3686
f 2082//2188 1854//1960 4766//4872
f 1854//1960 3096//3202 4766//4872
f 4797//4903 4594//4700 3031//3137
f 3031//3137 4594//4700 3475//3581
f 4592//4698 4343//4449 167//188
f 167//188 865//969 4592//4698
f 2290//2396 4871//4977 516//586
f 4871//4977 2290//2396 4782//4888
f 3538//3644 3537//3643 1165//1269
f 3535//3641 3537//3643 3538//3644
f 294//340 4305//4411 295//341
f 4305//4411 294//340 1094//1198
f 53//54 4535//4641 4560//4666
f 4535//4641 53//54 3682//3788
f 4118//4224 4857//4963 4439//4545
f 4118//4224 1434//1540 4857//4963
f 56//57 1758//1864 57//58
f 1758//1864 56//57 1759//1865
f 3927//4033 1529//1635 2716//2822
f 3887//3993 3927//4033 2716//2822
f 1259//1363 1258//1362 2734//2840
f 1581//1687 1259//1363 2734//2840
f 4440//4546 4347//4453 4118//4224
f 4440//4546 2043//2149 4347//4453
f 3728//3834 2557//2663 3726//3832
f 4131//4237 3726//3832 2557//2663
f 4484//4590 1342//1448 1160//1264
f 1160//1264 1342//1448 3939//4045
f 4481//4587 2745//2851 4480//4586
f 4480//4586 2745//2851 3984//4090
f 3529//3635 3635//3741 4623//4729
f 3529//3635 3633//3739 3635//3741
f 1768//1874 1412//1518 1411//1517
f 1473//1579 1768//1874 3497//3603
f 4628//4734 3046//3152 3486//3592
f 4628//4734 3486//3592 4810//4916
f 3652//3758 1658//1764 1066//1170
f 1065//1169 3652//3758 1066//1170
f 2941//3047 2942//3048 2392//2498
f 2942//3048 2941//3047 1322//1428
f 1908//2014 1907//2013 3888//3994
f 4737//4843 1908//2014 3888//3994
f 1117//1221 1966//2072 3780//3886
f 1117//1221 3780//3886 175//196
f 2681//2787 4232//4338 360//411
f 2681//2787 2680//2786 4232//4338
f 302//348 3356//3462 1670//1776
f 1670//1776 3356//3462 1668//1774
f 1411//1517 1410//1516 3497//3603
f 1411//1517 3497//3603 1768//1874
f 2392//2498 2944//3050 2393//2499
f 2392//2498 2942//3048 2944//3050
f 1399//1505 1764//1870 4221//4327
f 1764//1870 2930//3036 4221//4327
f 3978//4084 4266//4372 2143//2249
f 2144//2250 2143//2249 4266//4372
f 4834//4940 2965//3071 2478//2584
f 2965//3071 4834//4940 4093//4199
f 6//6 3797//3903 4044//4150
f 6//6 4044//4150 1525//1631
f 4091//4197 731//831 4216//4322
f 4091//4197 4216//4322 4215//4321
f 3359//3465 2994//3100 3373//3479
f 3358//3464 2994//3100 3359//3465
f 79//84 4158//4264 80//85
f 1680//1786 1679//1785 4158//4264
f 4129//4235 1829//1935 1828//1934
f 3741//3847 1829//1935 4129//4235
f 4063//4169 4460//4566 1565//1671
f 1565//1671 2459//2565 4063//4169
f 4825//4931 3867//3973 2648//2754
f 2647//2753 2//2 2648//2754
f 2810//2916 1680//1786 79//84
f 1680//1786 4158//4264 79//84
f 1147//1251 1146//1250 4710//4816
f 1147//1251 4710//4816 4712//4818
f 4595//4701 2042//2148 2040//2146
f 3678//3784 4595//4701 2040//2146
f 2541//2647 1372//1478 2543//2649
f 2542//2648 2541//2647 2543//2649
f 4701//4807 4700//4806 2271//2377
f 4701//4807 4095//4201 4700//4806
f 2//2 4825//4931 2648//2754
f 4825//4931 2//2 1//1
f 3233//3339 1931//2037 1615//1721
f 1615//1721 1931//2037 1933//2039
f 4716//4822 3159//3265 2012//2118
f 4716//4822 2012//2118 2013//2119
f 4168//4274 1972//2078 3700//3806
f 4167//4273 4168//4274 3700//3806
f 3618//3724 1864//1970 1863//1969
f 1863//1969 4403//4509 3618//3724
f 3539//3645 2554//2660 4587//4693
f 2554//2660 109//116 4587//4693
f 3610//3716 3609//3715 1237//1341
f 1237//1341 3609//3715 73//78
f 3937//4043 1409//1515 3432//3538
f 1409//1515 3433//3539 3432//3538
f 4555//4661 3519//3625 2358//2464
f 2358//2464 3519//3625 2195//2301
f 2725//2831 1481//1587 2186//2292
f 1481//1587 43//44 2186//2292
f 3448//3554 2554//2660 3539//3645
f 3449//3555 3448//3554 3539//3645
f 1229//1333 1228//1332 3268//3374
f 3357//3463 3268//3374 1228//1332
f 2469//2575 2779//2885 2780//2886
f 1409//1515 2469//2575 1407//1513
f 1407//1513 2780//2886 1677//1783
f 1407//1513 2469//2575 2780//2886
f 2184//2290 106//113 105//112
f 106//113 2184//2290 4234//4340
f 1766//1872 3962//4068 1763//1869
f 1395//1501 1763//1869 3962//4068
f 4088//4194 1197//1301 1221//1325
f 1197//1301 4088//4194 1198//1302
f 3085//3191 3168//3274 3000//3106
f 3000//3106 2026//2132 3085//3191
f 2478//2584 3641//3747 4834//4940
f 3639//3745 3641//3747 2478//2584
f 1286//1390 4749//4855 4630//4736
f 2816//2922 1286//1390 4630//4736
f 249//291 263//309 223//259
f 263//309 202//231 223//259
f 451//511 508//578 433//491
f 508//578 451//511 488//555
f 1017//1121 1016//1120 1061//1165
f 1016//1120 1015//1119 1061//1165
f 49//50 1236//1340 4205//4311
f 47//48 49//50 4205//4311
f 2862//2968 4004//4110 1453//1559
f 4004//4110 1454//1560 1453//1559
f 4867//4973 3768//3874 2776//2882
f 2775//2881 3768//3874 4867//4973
f 1765//1871 4687//4793 1766//1872
f 4687//4793 3962//4068 1766//1872
f 3456//3562 1059//1163 4459//4565
f 4459//4565 4458//4564 3456//3562
f 2165//2271 2808//2914 4835//4941
f 2808//2914 3889//3995 4835//4941
f 2206//2312 871//975 770//870
f 770//870 772//872 2206//2312
f 3009//3115 4261//4367 3010//3116
f 3010//3116 4261//4367 4259//4365
f 4128//4234 1607//1713 4125//4231
f 1607//1713 4126//4232 4125//4231
f 3976//4082 3562//3668 1235//1339
f 3562//3668 3976//4082 2165//2271
f 3862//3968 4289//4395 1301//1405
f 1300//1404 3862//3968 1301//1405
f 4016//4122 4522//4628 4017//4123
f 357//408 4522//4628 1901//2007
f 3481//3587 1934//2040 1924//2030
f 1934//2040 4501//4607 1296//1400
f 4017//4123 4522//4628 357//408
f 356//407 4017//4123 357//408
f 3077//3183 4387//4493 3964//4070
f 3082//3188 3964//4070 4387//4493
f 1149//1253 1632//1738 3825//3931
f 1150//1254 1149//1253 3825//3931
f 2551//2657 1953//2059 4208//4314
f 1953//2059 4525//4631 4208//4314
f 1218//1322 3722//3828 1219//1323
f 3722//3828 1218//1322 3725//3831
f 4357//4463 1566//1672 4506//4612
f 4357//4463 4506//4612 4005//4111
f 1562//1668 1437//1543 4779//4885
f 1562//1668 4779//4885 4780//4886
f 2609//2715 2612//2718 4320//4426
f 2612//2718 2870//2976 4320//4426
f 4599//4705 3612//3718 3611//3717
f 3602//3708 4599//4705 3611//3717
f 1478//1584 2888//2994 4419//4525
f 1478//1584 2887//2993 2888//2994
f 1074//1178 1073//1177 4582//4688
f 2621//2727 4582//4688 1073//1177
f 4852//4958 2831//2937 2833//2939
f 4852//4958 2307//2413 2831//2937
f 458//518 508//578 488//555
f 458//518 488//555 457//517
f 4240//4346 280//326 279//325
f 280//326 4240//4346 3231//3337
f 2993//3099 1701//1807 1700//1806
f 2993//3099 1700//1806 2994//3100
f 1785//1891 4671//4777 3311//3417
f 4671//4777 1785//1891 4268//4374
f 3349//3455 2978//3084 3347//3453
f 3350//3456 2978//3084 3349//3455
f 3763//3869 4580//4686 4581//4687
f 2312//2418 4580//4686 3763//3869
f 4492//4598 2316//2422 2319//2425
f 3583//3689 4492//4598 2319//2425
f 3753//3859 3292//3398 2262//2368
f 3753//3859 26//27 3292//3398
f 2672//2778 2671//2777 2353//2459
f 2671//2777 2802//2908 2353//2459
f 4306//4412 4211//4317 3051//3157
f 4211//4317 4209//4315 3051//3157
f 4840//4946 3916//4022 3522//3628
f 4840//4946 998//1102 3916//4022
f 1547//1653 4826//4932 3272//3378
f 3272//3378 4826//4932 1335//1441
f 3413//3519 2672//2778 2353//2459
f 3413//3519 4614//4720 2672//2778
f 331//378 3523//3629 316//362
f 3523//3629 3916//4022 316//362
f 4014//4120 435//493 4012//4118
f 435//493 365//416 4012//4118
f 4458//4564 912//1016 911//1015
f 911//1015 3456//3562 4458//4564
f 1274//1378 1135//1239 4822//4928
f 4822//4928 1874//1980 1274//1378
f 1440//1546 3733//3839 1441//1547
f 1441//1547 3733//3839 268//314
f 3227//3333 3224//3330 3225//3331
f 3224//3330 3227//3333 836//940
f 2177//2283 1038//1142 1040//1144
f 1038//1142 2177//2283 4432//4538
f 2377//2483 1961//2067 1960//2066
f 2423//2529 4838//4944 2377//2483
f 3224//3330 3223//3329 3225//3331
f 3225//3331 3223//3329 4622//4728
f 2825//2931 724//824 4745//4851
f 724//824 723//823 4745//4851
f 2924//3030 3864//3970 3188//3294
f 2071//2177 3864//3970 2924//3030
f 3572//3678 4873//4979 3570//3676
f 1771//1877 1773//1879 4873//4979
f 4838//4944 2432//2538 1961//2067
f 1961//2067 2377//2483 4838//4944
f 4040//4146 327//373 351//402
f 4041//4147 4040//4146 351//402
f 3572//3678 1771//1877 4873//4979
f 2173//2279 1771//1877 3572//3678
f 2205//2311 2204//2310 4756//4862
f 2205//2311 4756//4862 3259//3365
f 1429//1535 3111//3217 4119//4225
f 1429//1535 4119//4225 4104//4210
f 4416//4522 1310//1416 245//285
f 3860//3966 4416//4522 245//285
f 1938//2044 4715//4821 3843//3949
f 320//366 3843//3949 4715//4821
f 1312//1418 4406//4512 3163//3269
f 4406//4512 1312//1418 1314//1420
f 2799//2905 3190//3296 2800//2906
f 3190//3296 872//976 2800//2906
f 4558//4664 1613//1719 3743//3849
f 1613//1719 3744//3850 3743//3849
f 1090//1194 2248//2354 1091//1195
f 4487//4593 2248//2354 1090//1194
f 3225//3331 4622//4728 3226//3332
f 3226//3332 4622//4728 3304//3410
f 2537//2643 3339//3445 1262//1366
f 3339//3445 2537//2643 3341//3447
f 2113//2219 1152//1256 796//900
f 3113//3219 1152//1256 2113//2219
f 4330//4436 2470//2576 2467//2573
f 4330//4436 2467//2573 3937//4043
f 3708//3814 3706//3812 4008//4114
f 4008//4114 3709//3815 3708//3814
f 3231//3337 2267//2373 280//326
f 3231//3337 3228//3334 2267//2373
f 2537//2643 1150//1254 2538//2644
f 2538//2644 1150//1254 3831//3937
f 4881//4987 2171//2277 3571//3677
f 4881//4987 2172//2278 2171//2277
f 4846//4952 222//258 1819//1925
f 222//258 4846//4952 223//259
f 1328//1434 2972//3078 1329//1435
f 1327//1433 2746//2852 1328//1434
f 2249//2355 4112//4218 1369//1475
f 1369//1475 4112//4218 3014//3120
f 4667//4773 1139//1243 2091//2197
f 1139//1243 2089//2195 2091//2197
f 4740//4846 539//613 4198//4304
f 4740//4846 4198//4304 3180//3286
f 4311//4417 2972//3078 2746//2852
f 2746//2852 2972//3078 1328//1434
f 239//277 4886//4992 201//230
f 4886//4992 3326//3432 201//230
f 2602//2708 4415//4521 836//940
f 1311//1417 4415//4521 2602//2708
f 2756//2862 1495//1601 4680//4786
f 4680//4786 1495//1601 1497//1603
f 2621//2727 2620//2726 2989//3095
f 2620//2726 3713//3819 2989//3095
f 4786//4892 3130//3236 3129//3235
f 4786//4892 3129//3235 4041//4147
f 4035//4141 4034//4140 2998//3104
f 2998//3104 962//1066 4035//4141
f 898//1002 897//1001 2971//3077
f 897//1001 4352//4458 2971//3077
f 892//996 2009//2115 893//997
f 892//996 3333//3439 2009//2115
f 4068//4174 4369//4475 730//830
f 4067//4173 2180//2286 4068//4174
f 1459//1565 3221//3327 4455//4561
f 1459//1565 1458//1564 3221//3327
f 3382//3488 1762//1868 4726//4832
f 4726//4832 1762//1868 1398//1504
f 2149//2255 4654//4760 3252//3358
f 4654//4760 4176//4282 3252//3358
f 2804//2910 2805//2911 2807//2913
f 1390//1496 2805//2911 2804//2910
f 3011//3117 1683//1789 1682//1788
f 3507//3613 3011//3117 1682//1788
f 1420//1526 1628//1734 1602//1708
f 1601//1707 1628//1734 1420//1526
f 3216//3322 3395//3501 3396//3502
f 3396//3502 3217//3323 3216//3322
f 4800//4906 2814//2920 4539//4645
f 2814//2920 1119//1223 4539//4645
f 932//1036 934//1038 964//1068
f 1318//1424 964//1068 934//1038
f 4369//4475 4068//4174 2180//2286
f 4369//4475 2180//2286 2182//2288
f 1153//1257 3666//3772 1243//1347
f 1243//1347 3666//3772 1244//1348
f 1026//1130 2947//3053 3033//3139
f 1026//1130 3033//3139 1416//1522
f 4539//4645 1118//1222 4084//4190
f 4084//4190 1118//1222 2670//2776
f 617//697 1537//1643 2420//2526
f 616//696 1537//1643 617//697
f 1297//1401 2332//2438 1300//1404
f 1300//1404 4879//4985 1297//1401
f 2446//2552 4612//4718 3330//3436
f 4759//4865 3330//3436 4612//4718
f 4742//4848 2903//3009 2902//3008
f 1317//1423 2903//3009 4742//4848
f 3757//3863 3756//3862 2365//2471
f 2364//2470 3757//3863 2365//2471
f 180//201 3788//3894 181//202
f 4493//4599 3788//3894 180//201
f 1281//1385 1283//1387 4285//4391
f 4285//4391 1804//1910 1281//1385
f 4879//4985 4878//4984 1298//1402
f 1297//1401 4879//4985 1298//1402
f 2253//2359 362//413 4214//4320
f 2253//2359 363//414 362//413
f 1754//1860 3787//3893 1755//1861
f 2550//2656 1755//1861 3787//3893
f 3030//3136 4797//4903 3031//3137
f 3809//3915 4797//4903 3030//3136
f 1761//1867 1486//1592 1474//1580
f 1473//1579 1761//1867 1474//1580
f 2462//2568 4052//4158 3426//3532
f 4063//4169 4052//4158 2462//2568
f 1250//1354 1636//1742 3573//3679
f 1250//1354 3764//3870 1636//1742
f 3262//3368 3391//3497 2338//2444
f 3262//3368 2338//2444 2337//2443
f 3419//3525 3421//3527 4819//4925
f 3146//3252 4819//4925 3421//3527
f 4693//4799 557//634 4182//4288
f 4693//4799 4182//4288 4691//4797
f 4016//4122 4502//4608 4522//4628
f 841//945 4502//4608 4016//4122
f 4218//4324 3764//3870 1249//1353
f 1249//1353 3764//3870 1250//1354
f 3812//3918 1753//1859 3810//3916
f 3810//3916 4565//4671 3814//3920
f 2120//2226 4774//4880 2116//2222
f 4774//4880 244//284 2116//2222
f 2766//2872 4851//4957 3865//3971
f 3865//3971 4851//4957 2910//3016
f 3985//4091 2449//2555 2448//2554
f 1334//1440 3985//4091 2448//2554
f 2254//2360 4152//4258 2255//2361
f 4154//4260 2255//2361 4152//4258
f 44//45 2728//2834 3089//3195
f 2726//2832 2728//2834 44//45
f 4805//4911 3248//3354 2400//2506
f 4805//4911 991//1095 3248//3354
f 2117//2223 4689//4795 4301//4407
f 2115//2221 2117//2223 4301//4407
f 859//963 3400//3506 860//964
f 2617//2723 3400//3506 859//963
f 1042//1146 2781//2887 4725//4831
f 2781//2887 4382//4488 4725//4831
f 828//932 4818//4924 3899//4005
f 4818//4924 828//932 827//931
f 318//364 2368//2474 4807//4913
f 2368//2474 1704//1810 4807//4913
f 4074//4180 766//866 765//865
f 4074//4180 720//820 766//866
f 805//909 804//908 4227//4333
f 4227//4333 4843//4949 1279//1383
f 3719//3825 1271//1375 3718//3824
f 3718//3824 1271//1375 4656//4762
f 1488//1594 2098//2204 2106//2212
f 1488//1594 2106//2212 1486//1592
f 1316//1422 4406//4512 3469//3575
f 1316//1422 3469//3575 1317//1423
f 4167//4273 3700//3806 1272//1376
f 1271//1375 4167//4273 1272//1376
f 866//970 94//99 1236//1340
f 866//970 71//76 94//99
f 3946//4052 2092//2198 3944//4050
f 2092//2198 3119//3225 3944//4050
f 4625//4731 2166//2272 4763//4869
f 866//970 4625//4731 4763//4869
f 4060//4166 4566//4672 4567//4673
f 4060//4166 4459//4565 4566//4672
f 4605//4711 4748//4854 236//274
f 236//274 4748//4854 4750//4856
f 4084//4190 4049//4155 4839//4945
f 4839//4945 4049//4155 4048//4154
f 4567//4673 4058//4164 4060//4166
f 4567//4673 1978//2084 4058//4164
f 4881//4987 3571//3677 533//607
f 4881//4987 533//607 532//606
f 4713//4819 4714//4820 1031//1135
f 2714//2820 4714//4820 4713//4819
f 2933//3039 2932//3038 4485//4591
f 2933//3039 4485//4591 3003//3109
f 41//42 4744//4850 4353//4459
f 4744//4850 2586//2692 4353//4459
f 3932//4038 4474//4580 4470//4576
f 4474//4580 4472//4578 4470//4576
f 3885//3991 2898//3004 4768//4874
f 3885//3991 4768//4874 4402//4508
f 4327//4433 4820//4926 1099//1203
f 4327//4433 3466//3572 4820//4926
f 996//1100 4401//4507 4801//4907
f 4801//4907 4401//4507 4384//4490
f 2568//2674 4841//4947 3739//3845
f 4841//4947 2589//2695 3739//3845
f 2229//2335 1280//1384 2230//2336
f 2230//2336 1280//1384 4022//4128
f 2520//2626 4327//4433 1099//1203
f 1098//1202 2520//2626 1099//1203
f 3932//4038 3679//3785 2695//2801
f 3932//4038 4470//4576 3679//3785
f 3999//4105 4306//4412 2148//2254
f 2148//2254 2150//2256 3999//4105
f 184//207 4461//4567 4610//4716
f 255//297 4461//4567 184//207
f 895//999 139//150 138//149
f 138//149 3174//3280 895//999
f 4776//4882 916//1020 3283//3389
f 4776//4882 2729//2835 916//1020
f 4854//4960 3322//3428 1808//1914
f 1808//1914 3311//3417 4854//4960
f 2768//2874 2911//3017 4796//4902
f 2768//2874 1509//1615 2911//3017
f 2413//2519 4411//4517 3476//3582
f 3476//3582 4411//4517 4412//4518
f 1984//2090 3468//3574 1101//1205
f 3468//3574 1984//2090 2004//2110
f 3474//3580 715//815 4828//4934
f 3474//3580 713//813 715//815
f 4696//4802 1256//1360 4635//4741
f 4696//4802 4635//4741 2963//3069
f 3941//4047 2797//2903 2048//2154
f 2048//2154 2797//2903 2049//2155
f 476//541 4836//4942 2913//3019
f 476//541 475//540 4836//4942
f 661//747 4674//4780 730//830
f 661//747 663//749 4674//4780
f 1515//1621 2697//2803 3558//3664
f 1515//1621 3558//3664 2214//2320
f 3531//3637 474//539 476//541
f 3531//3637 4312//4418 474//539
f 2751//2857 3777//3883 1887//1993
f 2751//2857 1887//1993 2920//3026
f 4658//4764 4489//4595 3501//3607
f 3501//3607 4489//4595 1306//1412
f 748//848 4407//4513 1739//1845
f 746//846 748//848 1739//1845
f 3553//3659 4399//4505 4400//4506
f 4399//4505 4397//4503 4400//4506
f 4658//4764 3501//3607 3500//3606
f 3499//3605 4658//4764 3500//3606
f 4724//4830 2112//2218 2740//2846
f 4724//4830 1404//1510 2112//2218
f 1050//1154 1982//2088 4116//4222
f 4116//4222 384//437 1050//1154
f 1743//1849 3499//3605 4319//4425
f 1336//1442 1743//1849 4319//4425
f 4830//4936 4670//4776 3037//3143
f 3052//3158 4830//4936 3037//3143
f 1215//1319 4180//4286 1213//1317
f 4180//4286 758//858 1213//1317
f 1661//1767 890//994 286//332
f 890//994 1661//1767 2651//2757
f 629//709 637//720 647//732
f 605//684 629//709 647//732
f 4575//4681 4855//4961 1028//1132
f 4575//4681 1028//1132 1030//1134
f 4442//4548 3503//3609 4441//4547
f 4442//4548 2034//2140 3503//3609
f 1839//1945 4240//4346 279//325
f 279//325 2664//2770 1839//1945
f 2787//2893 3883//3989 2784//2890
f 2786//2892 2787//2893 2784//2890
f 136//147 1380//1486 4755//4861
f 1380//1486 3554//3660 4755//4861
f 2904//3010 1305//1409 2906//3012
f 2904//3010 1303//1407 1305//1409
f 654//740 655//741 664//750
f 654//740 664//750 604//683
f 1886//1992 4307//4413 4309//4415
f 1886//1992 1885//1991 4307//4413
f 1602//1708 1630//1736 4384//4490
f 1630//1736 2762//2868 4384//4490
f 3287//3393 4560//4666 4535//4641
f 4560//4666 3287//3393 3285//3391
f 1549//1655 1028//1132 4855//4961
f 4855//4961 3384//3490 1549//1655
f 3067//3173 3610//3716 3974//4080
f 4837//4943 3067//3173 3974//4080
f 4236//4342 4657//4763 2103//2209
f 2103//2209 4657//4763 1287//1391
f 1753//1859 1752//1858 4565//4671
f 3810//3916 1753//1859 4565//4671
f 3786//3892 2322//2428 1754//1860
f 3786//3892 1754//1860 1004//1108
f 4370//4476 3555//3661 1379//1485
f 1379//1485 3555//3661 1380//1486
f 2748//2854 445//505 444//504
f 2748//2854 444//504 453//513
f 854//958 4577//4683 2707//2813
f 2707//2813 4577//4683 3386//3492
f 3019//3125 4856//4962 4073//4179
f 3019//3125 3022//3128 4856//4962
f 3645//3751 2268//2374 4096//4202
f 3645//3751 1664//1770 2268//2374
f 2244//2350 2246//2352 3178//3284
f 2244//2350 3178//3284 1027//1131
f 1354//1460 1503//1609 4258//4364
f 1503//1609 2771//2877 4258//4364
f 4794//4900 3402//3508 1803//1909
f 16//16 1803//1909 3402//3508
f 2174//2280 3296//3402 2175//2281
f 2174//2280 4149//4255 3296//3402
f 3481//3587 4501//4607 1934//2040
f 4501//4607 3481//3587 1937//2043
f 2403//2509 3490//3596 3491//3597
f 2403//2509 3491//3597 4201//4307
f 3942//4048 447//507 446//506
f 319//365 3942//4048 446//506
f 3470//3576 4579//4685 2903//3009
f 1389//1495 4579//4685 3470//3576
f 3485//3591 3484//3590 827//931
f 3484//3590 3043//3149 827//931
f 3116//3222 3115//3221 3989//4095
f 3989//4095 3127//3233 3116//3222
f 1757//1863 3450//3556 3496//3602
f 1770//1876 3450//3556 1757//1863
f 4093//4199 2847//2953 1357//1463
f 1358//1464 1357//1463 2847//2953
f 58//59 1813//1919 1471//1577
f 56//57 58//59 1471//1577
f 3565//3671 3564//3670 2176//2282
f 3564//3670 2174//2280 2176//2282
f 1812//1918 4214//4320 436//494
f 1812//1918 436//494 435//493
f 3881//3987 2069//2175 3882//3988
f 3882//3988 4777//4883 3881//3987
f 2533//2639 2532//2638 3990//4096
f 3991//4097 2533//2639 3990//4096
f 4888//4994 4813//4919 2546//2652
f 4887//4993 4813//4919 4888//4994
f 3381//3487 1767//1873 3382//3488
f 1762//1868 3382//3488 1767//1873
f 4734//4840 3693//3799 975//1079
f 3691//3797 3693//3799 4734//4840
f 3987//4093 3588//3694 735//835
f 736//836 735//835 3588//3694
f 799//903 3237//3343 4297//4403
f 3237//3343 778//878 4297//4403
f 1740//1846 1728//1834 1727//1833
f 1728//1834 1740//1846 4407//4513
f 2722//2828 4079//4185 4789//4895
f 4788//4894 2722//2828 4789//4895
f 4702//4808 2606//2712 2608//2714
f 4702//4808 2983//3089 2606//2712
f 806//910 756//856 755//855
f 806//910 755//855 2321//2427
f 3376//3482 860//964 3785//3891
f 3376//3482 3785//3891 3379//3485
f 1329//1435 2981//3087 1849//1955
f 3477//3583 1849//1955 2981//3087
f 3889//3995 1236//1340 48//49
f 48//49 39//40 3889//3995
f 4735//4841 954//1058 953//1057
f 4735//4841 953//1057 4734//4840
f 4062//4168 886//990 888//992
f 1815//1921 886//990 4062//4168
f 4390//4496 4806//4912 4389//4495
f 4389//4495 4806//4912 4786//4892
f 2359//2465 1043//1147 3307//3413
f 3307//3413 1043//1147 1042//1146
f 2484//2590 2551//2657 4207//4313
f 2551//2657 4208//4314 4207//4313
f 2293//2399 3653//3759 2294//2400
f 2293//2399 4155//4261 3653//3759
f 3514//3620 4283//4389 4872//4978
f 1484//1590 4283//4389 3514//3620
f 4757//4863 1464//1570 4423//4529
f 4757//4863 1129//1233 1464//1570
f 3776//3882 4323//4429 3775//3881
f 3776//3882 3775//3881 2878//2984
f 2302//2408 4326//4432 1576//1682
f 1576//1682 1578//1684 2302//2408
f 4863//4969 2422//2528 2034//2140
f 3299//3405 2422//2528 4863//4969
f 4102//4208 4101//4207 1424//1530
f 958//1062 4101//4207 4102//4208
f 1728//1834 4105//4211 783//883
f 2113//2219 783//883 4105//4211
f 2725//2831 2724//2830 4872//4978
f 3514//3620 4872//4978 2724//2830
f 4772//4878 3832//3938 3834//3940
f 3427//3533 3429//3535 3832//3938
f 2497//2603 1713//1819 3596//3702
f 1711//1817 1713//1819 2497//2603
f 2003//2109 3467//3573 3466//3572
f 2003//2109 4719//4825 3467//3573
f 2124//2230 3329//3435 2710//2816
f 2124//2230 2710//2816 4111//4217
f 2133//2239 3662//3768 1421//1527
f 3662//3768 1419//1525 1421//1527
f 1299//1403 3836//3942 2330//2436
f 3836//3942 4490//4596 2330//2436
f 1164//1268 3957//4063 3956//4062
f 1162//1266 1164//1268 3956//4062
f 1868//1974 4146//4252 4510//4616
f 1868//1974 4510//4616 2755//2861
f 4653//4759 1456//1562 4647//4753
f 1454//1560 1456//1562 4653//4759
f 2842//2948 2845//2951 2843//2949
f 2845//2951 1760//1866 2843//2949
f 531//605 549//625 529//603
f 549//625 537//611 529//603
f 1085//1189 3427//3533 4772//4878
f 4772//4878 3427//3533 3832//3938
f 2741//2847 2236//2342 2742//2848
f 2742//2848 2236//2342 3516//3622
f 4627//4733 4629//4735 3482//3588
f 3188//3294 4627//4733 3482//3588
f 662//748 621//701 3039//3145
f 3039//3145 4424//4530 662//748
f 2796//2902 574//651 4692//4798
f 2794//2900 2796//2902 4692//4798
f 2179//2285 2291//2397 4185//4291
f 2346//2452 2179//2285 4185//4291
f 13//13 1109//1213 4107//4213
f 4109//4215 13//13 4107//4213
f 3461//3567 3428//3534 3427//3533
f 4030//4136 3428//3534 3461//3567
f 4800//4906 4539//4645 4540//4646
f 2812//2918 4800//4906 4540//4646
f 3337//3443 3336//3442 3334//3440
f 3337//3443 3334//3440 3562//3668
f 1056//1160 4007//4113 4750//4856
f 4750//4856 1054//1158 1056//1160
f 4799//4905 640//724 1725//1831
f 4799//4905 620//700 640//724
f 2050//2156 4519//4625 1175//1279
f 2050//2156 4520//4626 4519//4625
f 1828//1934 4131//4237 4130//4236
f 2512//2618 4130//4236 4131//4237
f 3730//3836 4197//4303 4183//4289
f 4183//4289 4197//4303 4800//4906
f 4546//4652 769//869 768//868
f 768//868 3156//3262 4545//4651
f 2977//3083 1467//1573 2927//3033
f 4505//4611 2977//3083 2927//3033
f 1955//2061 1959//2065 3995//4101
f 1955//2061 3995//4101 3994//4100
f 2664//2770 2666//2772 1837//1943
f 2666//2772 2427//2533 1837//1943
f 756//856 4229//4335 1952//2058
f 1952//2058 4229//4335 1953//2059
f 768//868 4545//4651 4546//4652
f 2593//2699 4546//4652 4545//4651
f 2367//2473 1958//2064 3912//4018
f 1958//2064 881//985 3912//4018
f 4227//4333 804//908 4843//4949
f 804//908 1277//1381 4843//4949
f 4333//4439 2603//2709 1794//1900
f 4333//4439 3664//3770 2603//2709
f 1873//1979 4885//4991 1274//1378
f 1873//1979 3817//3923 4885//4991
f 4762//4868 1774//1880 4572//4678
f 1773//1879 1774//1880 4762//4868
f 2310//2416 720//820 4081//4187
f 4081//4187 2325//2431 2310//2416
f 4782//4888 3308//3414 4871//4977
f 4782//4888 3940//4046 3308//3414
f 3704//3810 1341//1447 1340//1446
f 1340//1446 4791//4897 3704//3810
f 1275//1379 4885//4991 1423//1529
f 4885//4991 1275//1379 1274//1378
f 3032//3138 4594//4700 1414//1520
f 1416//1522 3032//3138 1414//1520
f 3048//3154 3951//4057 3487//3593
f 3486//3592 3048//3154 3487//3593
f 2997//3103 4798//4904 1621//1727
f 2997//3103 4037//4143 4798//4904
f 2574//2680 4394//4500 2575//2681
f 4161//4267 4394//4500 2574//2680
f 4875//4981 1423//1529 4885//4991
f 1423//1529 4875//4981 1424//1530
f 3930//4036 1919//2025 3705//3811
f 3705//3811 3704//3810 3930//4036
f 4034//4140 2611//2717 2610//2716
f 4034//4140 2610//2716 4798//4904
f 1903//2009 3876//3982 3196//3302
f 1033//1137 3196//3302 3876//3982
f 3904//4010 1067//1171 3903//4009
f 3904//4010 3903//4009 3100//3206
f 1311//1417 2602//2708 2764//2870
f 3383//3489 1311//1417 2764//2870
f 3687//3793 1780//1886 2474//2580
f 2474//2580 1780//1886 3856//3962
f 4586//4692 344//392 4585//4691
f 3075//3181 4586//4692 4585//4691
f 4110//4216 4556//4662 4555//4661
f 4555//4661 4556//4662 3519//3625
f 2480//2586 3464//3570 4583//4689
f 2480//2586 4583//4689 2035//2141
f 4848//4954 1216//1320 3971//4077
f 817//921 4848//4954 3971//4077
f 3658//3764 3687//3793 3659//3765
f 3687//3793 3658//3764 1780//1886
f 2240//2346 4127//4233 2239//2345
f 2239//2345 4127//4233 4125//4231
f 2869//2975 839//943 4781//4887
f 4781//4887 1623//1729 2869//2975
f 1253//1357 2257//2363 593//670
f 1253//1357 1252//1356 2257//2363
f 1540//1646 4651//4757 1541//1647
f 4651//4757 1540//1646 2304//2410
f 322//368 321//367 344//392
f 322//368 344//392 4586//4692
f 839//943 2869//2975 2950//3056
f 2950//3056 414//470 839//943
f 3659//3765 3687//3793 1782//1888
f 1188//1292 3659//3765 1782//1888
f 812//916 811//915 817//921
f 4848//4954 817//921 811//915
f 4556//4662 4110//4216 3521//3627
f 3521//3627 4110//4216 1982//2088
f 2122//2228 2121//2227 3965//4071
f 3965//4071 2121//2227 3015//3121
f 3067//3173 4837//4943 3068//3174
f 1242//1346 3068//3174 4837//4943
f 4761//4867 2774//2880 871//975
f 4761//4867 871//975 2206//2312
f 2922//3028 3108//3214 122//129
f 2922//3028 122//129 2984//3090
f 1664//1770 3643//3749 84//89
f 2727//2833 84//89 3643//3749
f 1480//1586 2887//2993 1478//1584
f 1480//1586 3744//3850 2885//2991
f 4660//4766 1079//1183 1078//1182
f 1079//1183 4660//4766 4178//4284
f 1730//1836 3772//3878 3771//3877
f 3772//3878 766//866 3771//3877
f 2307//2413 4386//4492 1881//1987
f 1881//1987 4386//4492 4242//4348
f 3091//3197 412//468 3092//3198
f 3092//3198 4682//4788 3091//3197
f 3060//3166 4777//4883 1675//1781
f 3060//3166 3881//3987 4777//4883
f 4446//4552 173//194 2398//2504
f 181//202 4446//4552 2398//2504
f 877//981 2802//2908 3905//4011
f 877//981 3905//4011 4147//4253
f 3683//3789 4280//4386 3280//3386
f 3280//3386 4280//4386 2209//2315
f 4085//4191 3375//3481 4732//4838
f 2895//3001 4085//4191 4732//4838
f 3008//3114 1946//2052 1945//2051
f 4536//4642 1946//2052 3008//3114
f 4251//4357 4250//4356 4253//4359
f 4174//4280 4253//4359 2679//2785
f 1616//1722 1933//2039 2872//2978
f 1616//1722 1615//1721 1933//2039
f 1574//1680 4188//4294 2612//2718
f 2302//2408 4188//4294 1574//1680
f 2970//3076 898//1002 2971//3077
f 2877//2983 898//1002 2970//3076
f 2887//2993 1480//1586 2885//2991
f 2887//2993 2885//2991 2886//2992
f 490//557 4251//4357 4174//4280
f 4174//4280 4251//4357 4253//4359
f 2634//2740 1227//1331 4169//4275
f 4171//4277 2634//2740 4169//4275
f 2944//3050 1790//1896 4849//4955
f 1790//1896 902//1006 4849//4955
f 1524//1630 4752//4858 2982//3088
f 1524//1630 2982//3088 1508//1614
f 1584//1690 1583//1689 4050//4156
f 1584//1690 4050//4156 4733//4839
f 2623//2729 4043//4149 4804//4910
f 11//11 4405//4511 4804//4910
f 3351//3457 3350//3456 3348//3454
f 3351//3457 3348//3454 2980//3086
f 3395//3501 4697//4803 3393//3499
f 4056//4162 3393//3499 4697//4803
f 1738//1844 3802//3908 4754//4860
f 3815//3921 1738//1844 4754//4860
f 4809//4915 1186//1290 4191//4297
f 1781//1887 2949//3055 4191//4297
f 4584//4690 3073//3179 3076//3182
f 4585//4691 4584//4690 3076//3182
f 4809//4915 2949//3055 291//337
f 2949//3055 4809//4915 4191//4297
f 3565//3671 2176//2282 4706//4812
f 4706//4812 3090//3196 3565//3671
f 4043//4149 11//11 4804//4910
f 12//12 11//11 4043//4149
f 922//1026 925//1029 2032//2138
f 2032//2138 925//1029 4591//4697
f 2735//2841 4574//4680 2731//2837
f 4574//4680 2732//2838 2731//2837
f 2567//2673 1071//1175 3102//3208
f 2101//2207 3102//3208 1071//1175
f 11//11 3291//3397 4409//4515
f 4409//4515 3291//3397 1712//1818
f 4425//4531 3185//3291 4598//4704
f 1433//1539 4598//4704 3185//3291
f 517//587 512//582 528//602
f 528//602 2508//2614 517//587
f 3183//3289 3532//3638 4685//4791
f 3183//3289 3182//3288 3532//3638
f 4426//4532 1418//1524 1417//1523
f 4426//4532 1417//1523 2741//2847
f 4876//4982 2838//2944 3218//3324
f 4876//4982 4712//4818 2838//2944
f 9//9 3150//3256 1470//1576
f 7//7 9//9 1470//1576
f 4810//4916 3486//3592 3485//3591
f 3485//3591 1580//1686 4810//4916
f 2453//2559 4296//4402 2451//2557
f 2453//2559 799//903 4296//4402
f 3735//3841 3732//3838 1440//1546
f 3326//3432 3735//3841 1440//1546
f 3689//3795 2370//2476 2369//2475
f 2370//2476 3689//3795 1387//1493
f 3095//3201 1084//1188 3099//3205
f 1367//1473 1084//1188 3095//3201
