# Blender v2.90.0 OBJ File: ''
# www.blender.org
mtllib Humanskull.mtl
o Humanskull
v 0.219110 -0.009198 0.427769
v 0.292128 0.019701 0.357572
v 0.304663 0.059375 0.350155
v -0.320637 0.060232 0.350097
v -0.308210 0.019465 0.357256
v -0.235270 -0.007736 0.427634
v 0.337317 0.068451 0.160454
v 0.333285 0.072347 0.222449
v 0.338851 0.010421 0.192597
v -0.353131 0.068645 0.160210
v -0.354643 0.010524 0.192902
v -0.348958 0.074041 0.222849
v 0.161012 -0.322209 0.141677
v 0.108290 -0.338174 0.144818
v 0.116798 -0.317184 0.139422
v -0.132550 -0.317347 0.139427
v -0.124801 -0.338312 0.144962
v -0.175695 -0.322441 0.141744
v 0.314902 0.269184 0.013125
v 0.317406 0.237210 -0.006392
v 0.303742 0.250122 -0.029377
v -0.319467 0.250194 -0.029517
v -0.333838 0.235436 -0.006130
v -0.331144 0.267556 0.012804
v 0.245312 0.335690 -0.059295
v 0.213810 0.357095 -0.097858
v 0.236901 0.364834 -0.024659
v -0.261265 0.335693 -0.058964
v -0.252386 0.365002 -0.025144
v -0.229858 0.357053 -0.097321
v 0.272470 -0.016826 -0.102909
v 0.275800 0.002728 -0.106311
v 0.302645 0.015541 -0.095753
v -0.317930 0.014986 -0.095919
v -0.290329 0.002783 -0.107153
v -0.288410 -0.017409 -0.102771
v 0.257694 0.005649 -0.120782
v 0.295631 0.029106 -0.102678
v -0.311010 0.028417 -0.102749
v -0.273526 0.005508 -0.120687
v 0.286731 -0.150310 -0.114340
v 0.257209 -0.143944 -0.125614
v 0.253436 -0.082777 -0.125362
v -0.272996 -0.144077 -0.125640
v -0.302445 -0.150383 -0.114377
v -0.269552 -0.082558 -0.125243
v 0.252713 -0.210518 -0.121048
v 0.221519 -0.231673 -0.120815
v 0.234102 -0.207789 -0.121257
v -0.250375 -0.208476 -0.121065
v -0.252462 -0.222779 -0.121201
v -0.269853 -0.210730 -0.121149
v 0.280660 0.044021 -0.120630
v 0.250067 0.039810 -0.144150
v 0.277377 0.067219 -0.135775
v -0.265571 0.039609 -0.144332
v -0.296281 0.043260 -0.120415
v -0.294370 0.066767 -0.134331
v 0.220357 -0.203215 -0.125849
v 0.212252 -0.231537 -0.124621
v 0.205237 -0.202550 -0.134303
v -0.228195 -0.231924 -0.124421
v -0.236467 -0.203112 -0.125745
v -0.220967 -0.201162 -0.134678
v 0.071862 -0.401411 -0.135802
v 0.067711 -0.393243 -0.107674
v 0.051558 -0.402626 -0.137175
v -0.067852 -0.402760 -0.137487
v -0.083127 -0.393323 -0.107893
v -0.088102 -0.401249 -0.135539
v -0.284195 -0.026565 -0.142172
v -0.285745 -0.022544 -0.120018
v -0.294155 -0.011775 -0.116330
v 0.244411 -0.139910 -0.130257
v 0.219953 -0.138918 -0.137989
v -0.235628 -0.138798 -0.138067
v -0.260425 -0.139941 -0.130189
v 0.278412 -0.011770 -0.116536
v 0.268915 -0.025850 -0.142889
v 0.269134 -0.020650 -0.160312
v -0.285120 -0.020921 -0.159160
v 0.270174 -0.021984 -0.118838
v 0.253995 -0.015979 -0.124105
v 0.244394 -0.040870 -0.166145
v 0.259435 -0.020146 -0.115956
v 0.259016 0.000057 -0.124705
v 0.266145 0.002718 -0.127881
v 0.252506 -0.005902 -0.166653
v -0.269617 -0.004668 -0.156253
v -0.281343 0.002588 -0.129330
v -0.274674 -0.000014 -0.124813
v 0.244399 -0.032331 -0.159123
v -0.269731 -0.015721 -0.124224
v -0.275250 -0.019988 -0.116084
v -0.260559 -0.032712 -0.158330
v 0.245305 -0.017047 -0.158261
v 0.253827 -0.008416 -0.125571
v 0.247824 -0.009963 -0.163261
v -0.260698 -0.017037 -0.160190
v -0.264591 -0.008502 -0.164015
v -0.269599 -0.008328 -0.125812
v 0.206275 -0.135430 -0.145292
v 0.182280 -0.121387 -0.164725
v 0.213973 -0.093438 -0.141539
v -0.197589 -0.121868 -0.165037
v -0.222677 -0.137257 -0.144710
v -0.229949 -0.093471 -0.141418
v 0.227075 -0.137282 -0.152631
v 0.219962 -0.134169 -0.159321
v 0.219864 -0.143185 -0.140865
v -0.235859 -0.134151 -0.159370
v -0.243272 -0.137261 -0.152815
v -0.235827 -0.143098 -0.140808
v -0.262743 -0.044976 -0.167014
v 0.185826 -0.166062 -0.156544
v 0.170744 -0.149840 -0.168717
v -0.186490 -0.149803 -0.168758
v -0.201540 -0.166171 -0.156610
v 0.205296 -0.021512 -0.163955
v 0.200459 0.017565 -0.188569
v 0.229439 0.027370 -0.158846
v -0.220980 -0.021732 -0.163970
v -0.245267 0.027434 -0.158867
v -0.216219 0.017181 -0.188413
v 0.223620 -0.123640 -0.170478
v 0.229608 -0.131863 -0.163502
v 0.237175 -0.117709 -0.186906
v -0.239373 -0.123338 -0.170773
v -0.253075 -0.117414 -0.187236
v -0.245309 -0.131620 -0.163799
v 0.184398 -0.021908 -0.180417
v -0.200228 -0.021785 -0.180462
v 0.095884 -0.130015 -0.181958
v 0.103065 -0.135984 -0.184498
v 0.086446 -0.163708 -0.179530
v -0.109626 -0.134446 -0.181716
v -0.102317 -0.163476 -0.179549
v -0.118810 -0.135503 -0.184372
v 0.045041 -0.052119 -0.182362
v -0.007905 -0.097250 -0.185345
v -0.007905 -0.010588 -0.179954
v -0.060525 -0.052571 -0.182371
v 0.089138 -0.244978 -0.184111
v 0.086279 -0.199967 -0.183036
v 0.093924 -0.196686 -0.187812
v -0.105229 -0.244144 -0.184190
v -0.109810 -0.196827 -0.187913
v -0.102138 -0.200421 -0.183085
v -0.130919 -0.020364 -0.189029
v -0.163276 -0.030687 -0.187551
v -0.167647 0.022025 -0.209284
v 0.151899 0.021968 -0.209260
v 0.147377 -0.030362 -0.187636
v 0.116610 -0.021554 -0.188704
v -0.051333 -0.331395 -0.207905
v -0.077202 -0.341463 -0.204772
v -0.049806 -0.338110 -0.204139
v 0.037404 -0.329946 -0.210004
v 0.031758 -0.336976 -0.204113
v 0.067963 -0.335038 -0.209872
v 0.101558 -0.403835 -0.229958
v 0.100066 -0.395380 -0.206208
v 0.088404 -0.402264 -0.190677
v -0.104797 -0.401431 -0.189817
v -0.116017 -0.395727 -0.207511
v -0.117599 -0.403637 -0.230099
v 0.123032 -0.128527 -0.206846
v 0.138665 -0.098765 -0.202788
v 0.140611 -0.121956 -0.231954
v -0.156508 -0.122072 -0.232250
v -0.154567 -0.098450 -0.202579
v -0.138864 -0.128426 -0.206781
v 0.138712 -0.376442 -0.226331
v 0.127646 -0.381996 -0.211421
v 0.132612 -0.389171 -0.239216
v -0.143195 -0.382042 -0.211043
v -0.154525 -0.376511 -0.226379
v -0.148354 -0.389253 -0.239255
v 0.235648 -0.182671 -0.190126
v 0.216505 -0.187486 -0.193564
v 0.215876 -0.172458 -0.246766
v -0.231562 -0.172485 -0.246754
v -0.232218 -0.187490 -0.193723
v -0.251253 -0.182728 -0.190351
v 0.012285 -0.287544 -0.236424
v 0.002118 -0.315371 -0.230776
v 0.006316 -0.315513 -0.217468
v -0.022164 -0.315601 -0.217417
v -0.018049 -0.315312 -0.230052
v -0.027907 -0.287917 -0.236337
v -0.001071 -0.317463 -0.220065
v -0.005236 -0.295566 -0.238635
v -0.007905 -0.288990 -0.236765
v -0.010967 -0.296069 -0.240152
v -0.014697 -0.317665 -0.219726
v 0.200228 -0.133114 -0.239960
v 0.197285 -0.137215 -0.242172
v 0.199367 -0.143078 -0.240748
v 0.196907 -0.138972 -0.242161
v 0.193452 -0.139128 -0.242882
v 0.192778 -0.139453 -0.243044
v 0.000398 -0.293422 -0.241968
v 0.002528 -0.294759 -0.246150
v 0.005021 -0.295660 -0.241325
v -0.001486 -0.292754 -0.241462
v -0.014372 -0.292536 -0.241815
v 0.008163 -0.295895 -0.241380
v 0.007559 -0.297895 -0.240757
v -0.004103 -0.294406 -0.248246
v 0.001235 -0.304768 -0.246323
v -0.011257 -0.293136 -0.248624
v -0.017150 -0.306268 -0.244667
v 0.199352 -0.137994 -0.244648
v -0.215678 -0.133330 -0.243145
v -0.215232 -0.144984 -0.240572
v -0.214679 -0.138944 -0.248585
v 0.190023 -0.140709 -0.243781
v 0.190994 -0.140328 -0.243551
v 0.187343 -0.142050 -0.244487
v 0.185261 -0.142996 -0.245034
v 0.184251 -0.143465 -0.245290
v 0.182775 -0.144167 -0.245689
v 0.181811 -0.144628 -0.245946
v -0.001288 -0.292733 -0.243335
v -0.014206 -0.292864 -0.243602
v -0.017981 -0.294586 -0.243490
v -0.016621 -0.293665 -0.242964
v 0.004478 -0.295733 -0.243894
v -0.020312 -0.295617 -0.243574
v -0.020991 -0.297392 -0.244029
v -0.022935 -0.299096 -0.240701
v -0.023876 -0.296222 -0.241486
v 0.179111 -0.145900 -0.246635
v 0.180108 -0.145392 -0.246352
v 0.176887 -0.146867 -0.247195
v 0.172779 -0.148805 -0.248336
v 0.174003 -0.148185 -0.247925
v -0.001771 -0.292745 -0.246485
v 0.004651 -0.295508 -0.247216
v 0.006673 -0.294725 -0.249222
v -0.022970 -0.293674 -0.249636
v 0.004603 -0.297738 -0.249091
v 0.247722 -0.120365 -0.217594
v 0.241498 -0.145430 -0.236383
v 0.246145 -0.121070 -0.261515
v -0.261339 -0.123979 -0.260193
v -0.257244 -0.145803 -0.235871
v -0.263370 -0.121147 -0.218064
v 0.168503 -0.150706 -0.249376
v 0.165723 -0.152079 -0.250032
v 0.166472 -0.151626 -0.249960
v 0.163305 -0.153157 -0.250888
v 0.162550 -0.153486 -0.251182
v 0.158330 -0.161377 -0.249251
v 0.161065 -0.153661 -0.250515
v 0.157377 -0.149303 -0.247533
v -0.007905 -0.288999 -0.247094
v 0.157910 -0.144691 -0.255627
v 0.158859 -0.155346 -0.253055
v -0.169759 -0.169413 -0.256839
v -0.172347 -0.141470 -0.244621
v -0.166367 -0.143800 -0.252635
v 0.159215 -0.154723 -0.252049
v 0.153987 -0.153422 -0.252084
v 0.157227 -0.153630 -0.255267
v -0.174675 -0.162284 -0.248162
v 0.153525 -0.168047 -0.256204
v 0.010191 -0.284086 -0.256620
v 0.150584 -0.143702 -0.252676
v 0.163169 -0.142163 -0.258569
v 0.157076 -0.156154 -0.256055
v -0.000455 -0.288640 -0.256715
v -0.026119 -0.283866 -0.256885
v -0.015330 -0.288784 -0.256563
v 0.221005 -0.016559 -0.244858
v 0.202984 -0.001275 -0.292060
v 0.203196 -0.016655 -0.269266
v -0.236996 -0.016666 -0.244477
v -0.218611 -0.016717 -0.269729
v -0.218652 -0.001350 -0.292164
v 0.134826 -0.182910 -0.257180
v 0.129112 -0.175141 -0.253740
v 0.140885 -0.166971 -0.257452
v -0.150334 -0.181652 -0.256786
v -0.155078 -0.164098 -0.255799
v -0.145017 -0.175494 -0.253940
v 0.172055 -0.234844 -0.252550
v 0.166198 -0.225468 -0.257741
v 0.173823 -0.222865 -0.252733
v -0.182029 -0.225313 -0.257695
v -0.187742 -0.234753 -0.252870
v -0.189600 -0.222322 -0.252812
v 0.154789 -0.194001 -0.256752
v 0.162835 -0.198954 -0.253357
v 0.143022 -0.198821 -0.260455
v -0.170488 -0.193921 -0.256820
v -0.158663 -0.199402 -0.260474
v -0.178419 -0.197878 -0.253268
v 0.150582 -0.212854 -0.260460
v -0.166092 -0.213023 -0.260540
v 0.129219 -0.231995 -0.258680
v 0.132088 -0.201241 -0.258555
v 0.136550 -0.232028 -0.262080
v -0.144774 -0.232575 -0.258531
v -0.152519 -0.231604 -0.262090
v -0.147878 -0.201940 -0.258613
v -0.002388 -0.277978 -0.267236
v -0.013244 -0.278151 -0.266636
v 0.150289 -0.200582 -0.264640
v 0.158048 -0.199976 -0.267949
v -0.166110 -0.200647 -0.264716
v -0.173824 -0.199833 -0.267936
v 0.139892 -0.224330 -0.261854
v -0.155058 -0.225429 -0.261810
v 0.131673 -0.259036 -0.264368
v -0.147603 -0.259197 -0.264462
v 0.126574 -0.299664 -0.262391
v 0.126403 -0.253234 -0.258706
v -0.142097 -0.253956 -0.258561
v -0.142488 -0.299357 -0.262461
v 0.011259 -0.280316 -0.263856
v -0.026751 -0.280204 -0.264304
v 0.193305 -0.121413 -0.277404
v 0.197554 -0.146341 -0.260557
v 0.199365 -0.121076 -0.246323
v -0.215080 -0.120981 -0.246526
v -0.213537 -0.147221 -0.260031
v -0.209143 -0.121418 -0.277246
v 0.150538 -0.215824 -0.264015
v 0.143632 -0.204037 -0.265973
v 0.139982 -0.221241 -0.265784
v -0.158566 -0.204567 -0.266222
v -0.166283 -0.215641 -0.264033
v -0.155828 -0.221175 -0.265751
v -0.160959 -0.240022 -0.264017
v -0.159932 -0.237919 -0.266591
v 0.148165 -0.241552 -0.263912
v 0.144477 -0.237486 -0.266480
v 0.157167 -0.234278 -0.262798
v -0.172869 -0.234285 -0.262814
v 0.139049 -0.246916 -0.264721
v -0.154871 -0.246786 -0.264641
v 0.168181 -0.251555 -0.260345
v 0.162328 -0.274772 -0.260956
v 0.153809 -0.263649 -0.264542
v -0.183736 -0.251678 -0.260488
v -0.170524 -0.267222 -0.264293
v -0.178260 -0.274926 -0.260856
v 0.133554 -0.285813 -0.268083
v -0.149047 -0.284339 -0.268059
v 0.135724 -0.161529 -0.262635
v 0.132343 -0.173709 -0.276006
v 0.138490 -0.176843 -0.261092
v -0.154192 -0.179865 -0.261496
v -0.148157 -0.174388 -0.276020
v -0.151609 -0.162093 -0.263138
v 0.144373 -0.244180 -0.268954
v 0.161552 -0.231026 -0.267806
v -0.177418 -0.230334 -0.267932
v -0.160460 -0.244785 -0.268849
v 0.077257 -0.318287 -0.262643
v 0.108945 -0.298231 -0.270090
v 0.098171 -0.251181 -0.270466
v -0.113071 -0.253359 -0.270106
v -0.124485 -0.297992 -0.270051
v -0.094501 -0.317860 -0.262971
v 0.110375 -0.315700 -0.269429
v -0.126008 -0.315965 -0.269385
v 0.129155 -0.192011 -0.278456
v 0.135039 -0.191533 -0.266679
v -0.145113 -0.192774 -0.278348
v 0.161961 -0.242073 -0.279196
v -0.177752 -0.242025 -0.279317
v 0.122530 -0.239410 -0.276355
v 0.066375 -0.285558 -0.273996
v 0.079432 -0.281403 -0.268057
v 0.075219 -0.253090 -0.277579
v -0.090971 -0.252978 -0.277642
v -0.095164 -0.281088 -0.268165
v -0.081852 -0.287066 -0.273755
v -0.138965 -0.241439 -0.276318
v 0.134458 -0.258090 -0.269110
v 0.129191 -0.277430 -0.271892
v -0.144695 -0.277482 -0.272138
v -0.150454 -0.257728 -0.269133
v 0.128681 -0.227753 -0.276189
v 0.135965 -0.204470 -0.271057
v -0.144230 -0.227820 -0.276415
v -0.151720 -0.204386 -0.271146
v 0.167112 -0.218270 -0.283918
v -0.182918 -0.218440 -0.283798
v 0.160380 -0.251908 -0.273582
v -0.176003 -0.252561 -0.273374
v 0.122906 -0.282006 -0.273699
v 0.129258 -0.255175 -0.274259
v -0.145053 -0.256272 -0.274045
v -0.138955 -0.282387 -0.273657
v 0.137743 -0.294609 -0.274592
v 0.152476 -0.298568 -0.278508
v 0.150523 -0.288705 -0.272486
v -0.166081 -0.288225 -0.272198
v -0.168282 -0.298739 -0.278432
v -0.152508 -0.294348 -0.274399
v 0.146007 -0.306352 -0.274418
v -0.162260 -0.307043 -0.274407
v 0.120939 -0.154848 -0.280723
v 0.124448 -0.210262 -0.278773
v -0.140383 -0.210446 -0.278796
v -0.136477 -0.155596 -0.280659
v 0.183239 -0.085069 -0.266182
v 0.173564 -0.067480 -0.280450
v 0.177675 -0.093747 -0.301068
v -0.193458 -0.093679 -0.301021
v -0.190046 -0.067647 -0.278703
v -0.199515 -0.086181 -0.265801
v 0.095862 -0.218976 -0.278222
v 0.110396 -0.154953 -0.285481
v 0.086397 -0.222292 -0.287147
v -0.111558 -0.219693 -0.278046
v -0.102203 -0.222431 -0.287083
v -0.126261 -0.154908 -0.285463
v 0.144070 -0.123241 -0.277949
v 0.149083 -0.119135 -0.294954
v 0.137807 -0.125983 -0.289681
v 0.153994 -0.189301 -0.300970
v 0.159072 -0.195821 -0.280343
v 0.155772 -0.202137 -0.320738
v -0.169749 -0.189422 -0.301415
v -0.171879 -0.201936 -0.318416
v -0.175065 -0.196300 -0.280256
v 0.152872 -0.112424 -0.303201
v 0.141205 -0.105132 -0.307337
v 0.135475 -0.115360 -0.303265
v -0.151416 -0.115275 -0.303238
v -0.156874 -0.105025 -0.307406
v -0.169041 -0.111736 -0.303618
v 0.168837 -0.192886 -0.333879
v 0.166170 -0.245553 -0.336690
v 0.175297 -0.248440 -0.334375
v -0.191221 -0.248493 -0.334335
v -0.181920 -0.245709 -0.336704
v -0.184283 -0.190937 -0.333843
v 0.160791 -0.205952 -0.334967
v -0.176371 -0.206877 -0.335008
v 0.077302 -0.379987 -0.350065
v 0.055586 -0.396303 -0.336357
v 0.046034 -0.390839 -0.360727
v -0.060550 -0.391292 -0.361047
v -0.071242 -0.396317 -0.336521
v -0.093557 -0.379787 -0.350008
v 0.199735 -0.263717 -0.394431
v 0.170046 -0.298247 -0.386230
v 0.130572 -0.346740 -0.411379
v -0.185650 -0.298450 -0.386103
v -0.214793 -0.264622 -0.393721
v -0.146461 -0.346651 -0.411281
v 0.149032 -0.038394 -0.421570
v 0.203318 -0.084744 -0.420930
v 0.146495 -0.072142 -0.430055
v -0.164799 -0.037448 -0.421352
v -0.162335 -0.073413 -0.430316
v -0.217106 -0.084318 -0.421251
v 0.201217 -0.138600 -0.430293
v 0.186471 -0.211840 -0.435376
v 0.160253 -0.153093 -0.439416
v -0.175636 -0.153162 -0.439507
v -0.203051 -0.211581 -0.435212
v -0.216893 -0.138707 -0.430322
v 0.130616 -0.210408 -0.451283
v 0.161517 -0.248583 -0.446186
v 0.135247 -0.236418 -0.454573
v -0.150128 -0.236417 -0.454933
v -0.177012 -0.248077 -0.446229
v -0.146489 -0.210535 -0.451294
v 0.108330 -0.314942 0.333936
v 0.087475 -0.336020 0.313868
v 0.172638 -0.290623 0.319189
v -0.188433 -0.290644 0.319165
v -0.103138 -0.336243 0.313555
v -0.122678 -0.315837 0.333679
v -0.226277 0.228653 0.408714
v -0.226600 0.252052 0.394596
v -0.283232 0.225390 0.357400
v -0.196537 0.432007 0.097610
v -0.133911 0.436187 0.206414
v -0.172536 0.440835 0.084917
v 0.210452 0.228571 0.408770
v 0.267432 0.225349 0.357415
v 0.210764 0.252057 0.394615
v 0.156745 0.440859 0.084706
v 0.118151 0.436179 0.206382
v 0.179382 0.432395 0.098066
v -0.295308 -0.144010 0.000284
v -0.286537 -0.192389 0.006970
v -0.278679 -0.182958 0.016281
v -0.241049 -0.251259 0.072264
v -0.256269 -0.278651 0.076925
v -0.259844 -0.274044 0.058166
v 0.262568 -0.182856 0.016703
v 0.270575 -0.192301 0.007050
v 0.281051 -0.141249 -0.001317
v 0.244236 -0.274439 0.058380
v 0.240448 -0.278284 0.076364
v 0.225101 -0.251088 0.072292
v 0.153244 -0.292966 -0.453515
v 0.099067 -0.332483 -0.475440
v 0.132414 -0.287845 -0.465049
v -0.114847 -0.332020 -0.475581
v -0.170916 -0.291352 -0.452748
v -0.148219 -0.287837 -0.465038
v -0.171687 -0.330874 -0.064500
v -0.192203 -0.329169 -0.047750
v -0.214884 -0.305064 -0.084033
v -0.164940 -0.353963 -0.197687
v -0.161467 -0.363352 -0.221711
v -0.147330 -0.368394 -0.201751
v 0.177157 -0.328753 -0.047994
v 0.155837 -0.330903 -0.064474
v 0.198788 -0.305157 -0.084081
v 0.132032 -0.368005 -0.202093
v 0.145630 -0.363331 -0.221566
v 0.148747 -0.354258 -0.197441
v -0.169568 -0.264192 -0.020554
v -0.190862 -0.281193 -0.016706
v -0.161673 -0.298475 -0.019216
v -0.063234 -0.315024 0.026867
v -0.072581 -0.340270 0.028347
v -0.065229 -0.332749 0.044937
v 0.153926 -0.264034 -0.020543
v 0.145910 -0.299477 -0.019189
v 0.175427 -0.281336 -0.016657
v 0.049342 -0.332429 0.044736
v 0.056589 -0.340102 0.028595
v 0.047469 -0.315019 0.026745
v -0.216545 -0.258129 -0.343033
v -0.242054 -0.217412 -0.333481
v -0.226225 -0.249258 -0.384033
v -0.264924 -0.146554 -0.391949
v -0.266551 -0.120976 -0.312525
v -0.269418 -0.101422 -0.361360
v 0.225413 -0.218686 -0.333846
v 0.200808 -0.258016 -0.342945
v 0.210570 -0.248987 -0.383771
v 0.256068 -0.078950 -0.340161
v 0.250763 -0.120585 -0.312327
v 0.249183 -0.146004 -0.391853
v 0.113589 0.240122 -0.205837
v 0.060246 0.224856 -0.192636
v 0.118939 0.285977 -0.192203
v -0.129356 0.240348 -0.205752
v -0.134639 0.287128 -0.191784
v -0.075829 0.224814 -0.192572
v -0.292309 -0.149887 0.072763
v -0.307514 -0.138863 0.125698
v -0.308815 -0.120175 0.073519
v -0.272774 -0.069331 0.370255
v -0.200553 -0.142149 0.426976
v -0.203676 -0.105038 0.437496
v 0.293550 -0.119247 0.073685
v 0.291746 -0.138781 0.125667
v 0.276490 -0.149899 0.072749
v 0.187845 -0.105228 0.437450
v 0.184794 -0.142285 0.426859
v 0.257584 -0.068420 0.369874
v -0.195448 -0.281267 0.324054
v -0.294815 -0.170974 0.265781
v -0.252055 -0.233177 0.264989
v -0.202942 -0.306848 0.250665
v -0.197935 -0.322441 0.194709
v -0.190298 -0.320863 0.228801
v 0.236186 -0.232931 0.265596
v 0.279322 -0.170782 0.265361
v 0.179619 -0.281305 0.324035
v 0.174429 -0.321023 0.228272
v 0.182194 -0.322304 0.195048
v 0.187252 -0.306815 0.250361
v -0.164435 -0.313849 -0.270587
v -0.157372 -0.332684 -0.271556
v -0.170835 -0.335707 -0.267794
v -0.162457 -0.326202 -0.278668
v -0.161201 -0.340853 -0.281110
v -0.153230 -0.346956 -0.273055
v 0.154496 -0.336073 -0.267946
v 0.140241 -0.348196 -0.270351
v 0.148453 -0.315382 -0.270712
v 0.137616 -0.347308 -0.273734
v 0.145429 -0.340621 -0.280998
v 0.146556 -0.326419 -0.278675
v -0.136734 -0.306300 -0.251582
v -0.139523 -0.235700 -0.251222
v -0.129059 -0.245875 -0.216010
v -0.121393 -0.331056 -0.261942
v -0.116447 -0.332454 -0.251019
v -0.088425 -0.329337 -0.254782
v 0.123720 -0.235734 -0.251256
v 0.120915 -0.306070 -0.251523
v 0.113255 -0.245883 -0.216024
v 0.072460 -0.329336 -0.254883
v 0.100611 -0.332485 -0.250943
v 0.105552 -0.331105 -0.261865
v -0.261877 -0.138746 -0.199414
v -0.251946 -0.162925 -0.241165
v -0.255438 -0.181553 -0.172411
v -0.262440 -0.151025 -0.173937
v 0.245959 -0.140023 -0.197599
v 0.239999 -0.180872 -0.170781
v 0.236490 -0.161483 -0.241892
v 0.246586 -0.151036 -0.174137
v 0.203074 -0.318821 0.158607
v 0.104384 -0.365103 0.186221
v 0.114010 -0.359694 0.171240
v -0.120091 -0.365131 0.186393
v -0.217988 -0.319150 0.159488
v -0.134324 -0.357929 0.171181
v -0.305724 -0.251340 0.031865
v -0.291638 -0.272486 0.044711
v -0.297948 -0.252476 0.077795
v -0.252695 -0.284703 -0.090480
v -0.282594 -0.279044 -0.076786
v -0.285266 -0.271297 -0.095003
v 0.289825 -0.251333 0.032370
v 0.282046 -0.252762 0.077607
v 0.275778 -0.272418 0.045215
v 0.265792 -0.280073 -0.075084
v 0.236502 -0.284802 -0.090598
v 0.269279 -0.271536 -0.094726
v -0.178718 -0.261942 -0.280520
v -0.169765 -0.282331 -0.268622
v -0.175082 -0.281227 -0.276930
v 0.154640 -0.279877 -0.268600
v 0.159230 -0.282100 -0.277318
v 0.162888 -0.262473 -0.280628
v -0.335304 0.077232 -0.091901
v -0.302909 0.112130 -0.137461
v -0.304622 0.095201 -0.135155
v -0.073807 0.187249 -0.197567
v -0.116785 0.189771 -0.209150
v -0.128101 0.225314 -0.208921
v 0.319336 0.078300 -0.092095
v 0.289576 0.095743 -0.134371
v 0.287273 0.112116 -0.137220
v 0.112374 0.225066 -0.208973
v 0.099917 0.189388 -0.208936
v 0.058098 0.187247 -0.197596
v -0.333042 0.217846 0.095249
v -0.346553 0.128984 0.157255
v -0.342014 0.158456 0.182837
v -0.313174 0.304519 0.247745
v -0.205443 0.368906 0.298296
v -0.285338 0.333592 0.239327
v 0.326113 0.159134 0.183222
v 0.330696 0.129286 0.157229
v 0.317219 0.217942 0.095195
v 0.189673 0.368812 0.298395
v 0.297154 0.304579 0.247969
v 0.269578 0.333569 0.239281
v -0.186120 -0.287976 -0.201037
v -0.191720 -0.286438 -0.218923
v -0.184636 -0.306454 -0.194714
v -0.191796 -0.198935 -0.177069
v -0.202081 -0.197442 -0.159682
v -0.195702 -0.185833 -0.167243
v 0.170289 -0.288193 -0.201031
v 0.168763 -0.306786 -0.194829
v 0.176024 -0.286332 -0.219290
v 0.179757 -0.186254 -0.167572
v 0.186625 -0.196029 -0.158699
v 0.176148 -0.198981 -0.176889
v -0.110919 -0.166724 -0.312703
v -0.098197 -0.217442 -0.303838
v -0.093703 -0.220219 -0.323343
v -0.067224 -0.253374 -0.462410
v -0.099789 -0.237143 -0.450519
v -0.055056 -0.260121 -0.395100
v 0.077774 -0.220612 -0.323339
v 0.082297 -0.217588 -0.304047
v 0.095070 -0.166805 -0.312756
v 0.039213 -0.260132 -0.395179
v 0.084037 -0.237106 -0.449983
v 0.050780 -0.253672 -0.461750
v -0.202330 -0.072839 -0.164293
v -0.129557 -0.105118 -0.184752
v -0.144049 -0.090724 -0.187300
v -0.140833 -0.078095 -0.182371
v 0.188596 -0.072577 -0.162663
v 0.114052 -0.104576 -0.184780
v 0.126539 -0.076531 -0.182424
v 0.127999 -0.091378 -0.187446
v -0.270796 -0.232873 -0.128423
v -0.316940 -0.191777 -0.101563
v -0.327629 -0.202659 -0.090805
v -0.320835 -0.141047 -0.104957
v 0.254846 -0.232782 -0.128362
v 0.238141 -0.223648 -0.121704
v 0.312345 -0.204073 -0.090124
v 0.301295 -0.192147 -0.101358
v 0.304973 -0.141470 -0.104934
v -0.081242 -0.331005 -0.235758
v -0.065330 -0.328991 -0.217779
v -0.067447 -0.330592 -0.256755
v -0.047339 -0.279242 -0.258000
v -0.050417 -0.322822 -0.256457
v -0.053788 -0.310864 -0.228422
v 0.051108 -0.330545 -0.256746
v 0.049170 -0.328939 -0.217753
v 0.065420 -0.330985 -0.235238
v 0.037734 -0.309393 -0.228882
v 0.034584 -0.322714 -0.256441
v 0.031572 -0.279458 -0.258014
v 0.142700 -0.102437 0.455470
v 0.100904 -0.133069 0.461871
v 0.110370 -0.163064 0.453221
v -0.116840 -0.133410 0.461775
v -0.158528 -0.101943 0.455557
v -0.126195 -0.163164 0.453195
v 0.019465 -0.408968 -0.341064
v 0.013372 -0.413104 -0.319383
v -0.007905 -0.409693 -0.345757
v -0.028906 -0.412999 -0.319974
v -0.035467 -0.409006 -0.340867
v -0.235132 -0.065845 -0.190221
v -0.214708 -0.056287 -0.189865
v -0.234543 -0.053291 -0.195828
v -0.198682 -0.060583 -0.261382
v -0.186303 -0.051099 -0.288092
v -0.212932 -0.033849 -0.257891
v 0.199476 -0.055718 -0.190574
v 0.218834 -0.064984 -0.190393
v 0.218703 -0.053173 -0.196058
v 0.170512 -0.051154 -0.288062
v 0.182757 -0.061013 -0.261252
v 0.197159 -0.033541 -0.258136
v -0.163549 -0.292314 -0.268230
v -0.176424 -0.314787 -0.266196
v -0.172975 -0.281600 -0.264636
v 0.156948 -0.283936 -0.264919
v 0.160337 -0.313170 -0.266283
v 0.149573 -0.290399 -0.267651
v -0.296803 -0.236680 0.104264
v -0.285834 -0.214992 0.065431
v -0.304145 -0.223170 0.061859
v -0.279960 -0.189933 0.100355
v -0.306791 -0.223538 0.150916
v -0.308926 -0.189082 0.152599
v 0.288270 -0.223111 0.061696
v 0.270031 -0.214905 0.064802
v 0.278192 -0.232218 0.098983
v 0.289774 -0.223794 0.148387
v 0.264127 -0.189845 0.100329
v 0.292496 -0.189199 0.151493
v -0.052518 -0.099152 0.483716
v -0.071203 -0.015906 0.491781
v -0.135169 -0.049267 0.471136
v -0.172277 0.253772 0.427013
v -0.113116 0.261521 0.443189
v -0.164850 0.290812 0.410334
v 0.119400 -0.049140 0.471146
v 0.055698 -0.015390 0.491783
v 0.036588 -0.099503 0.483690
v 0.097326 0.261475 0.443204
v 0.156436 0.253641 0.427089
v 0.149065 0.290689 0.410393
v -0.314287 -0.251297 -0.037355
v -0.322758 -0.236311 -0.055615
v -0.299510 -0.256022 -0.103325
v -0.304795 -0.219622 -0.114843
v 0.306669 -0.236862 -0.054988
v 0.298664 -0.250987 -0.037805
v 0.283802 -0.255666 -0.104224
v 0.293223 -0.241181 -0.110563
v -0.194657 -0.243697 -0.011423
v -0.209150 -0.244466 -0.005130
v -0.215076 -0.272886 -0.009661
v -0.066590 -0.273851 0.075076
v -0.067867 -0.261607 0.055781
v -0.058843 -0.283513 0.060379
v 0.199058 -0.272858 -0.009738
v 0.193392 -0.244346 -0.005054
v 0.178782 -0.243538 -0.011415
v 0.051978 -0.261737 0.055728
v 0.050793 -0.273267 0.074518
v 0.042861 -0.283907 0.059726
v 0.002998 -0.282024 -0.336691
v 0.014158 -0.287929 -0.332762
v 0.007789 -0.279865 -0.420626
v -0.023483 -0.279845 -0.420391
v -0.029706 -0.287817 -0.332899
v -0.018796 -0.282047 -0.336351
v -0.154504 -0.298676 -0.271883
v -0.151827 -0.293982 -0.267913
v -0.140666 -0.298426 -0.268417
v 0.138855 -0.298837 -0.271807
v 0.124864 -0.298457 -0.268289
v 0.135765 -0.293951 -0.267918
v -0.232267 0.412751 0.070609
v -0.226795 0.413486 0.037205
v -0.264057 0.380482 0.065852
v -0.325616 0.302629 0.183439
v -0.318517 0.321056 0.165792
v -0.321554 0.319000 0.088675
v 0.248156 0.380609 0.066044
v 0.211107 0.413423 0.037568
v 0.216585 0.412643 0.070859
v 0.305595 0.319293 0.089125
v 0.302730 0.321005 0.165874
v 0.309857 0.302469 0.183610
v -0.222559 -0.136255 -0.182781
v -0.218788 -0.164894 -0.160576
v -0.219660 -0.157627 -0.205572
v -0.235126 -0.190933 -0.143819
v -0.237700 -0.187396 -0.133096
v -0.254173 -0.187160 -0.128753
v 0.203836 -0.157792 -0.205801
v 0.202981 -0.164631 -0.160819
v 0.206768 -0.136722 -0.181803
v 0.237399 -0.187239 -0.129376
v 0.222141 -0.187611 -0.133360
v 0.219237 -0.190941 -0.144088
v 0.018717 -0.395571 0.072081
v 0.019937 -0.412974 0.051782
v 0.030955 -0.399100 0.049084
v -0.034477 -0.395940 0.071708
v -0.046785 -0.399021 0.049124
v -0.035747 -0.413023 0.051751
v -0.036904 -0.394866 -0.007690
v -0.047662 -0.391108 -0.021874
v -0.025292 -0.389110 0.007224
v 0.021826 -0.395342 -0.008589
v 0.009419 -0.389167 0.007210
v 0.031444 -0.390857 -0.021278
v -0.062697 -0.431660 -0.018767
v -0.056889 -0.435025 0.005179
v -0.073207 -0.413096 -0.005807
v -0.128246 -0.381747 -0.153770
v -0.130819 -0.372399 -0.130069
v -0.143486 -0.361188 -0.143399
v 0.057155 -0.413425 -0.005683
v 0.041502 -0.434167 0.005769
v 0.046814 -0.431593 -0.018051
v 0.116921 -0.371754 -0.134277
v 0.112606 -0.381807 -0.154374
v 0.127747 -0.360887 -0.142933
v -0.144655 0.094838 0.480830
v -0.183706 0.107268 0.466957
v -0.185111 0.073296 0.467338
v -0.291544 0.160638 0.384500
v -0.279664 0.079128 0.392056
v 0.129073 0.094628 0.480771
v 0.169603 0.072629 0.467231
v 0.167884 0.106922 0.466973
v 0.263839 0.079496 0.392088
v 0.274531 0.160333 0.385676
v 0.008410 0.403967 -0.087568
v 0.058293 0.426867 -0.036923
v 0.064821 0.382672 -0.113398
v -0.080606 0.382691 -0.113369
v -0.074046 0.426895 -0.036883
v -0.024259 0.403678 -0.088070
v -0.078581 -0.253773 -0.278759
v -0.054308 -0.264991 -0.272391
v -0.055166 -0.262545 -0.317151
v -0.077573 -0.250477 -0.322210
v -0.080671 -0.243530 -0.292029
v 0.038142 -0.264775 -0.272394
v 0.062575 -0.253795 -0.278819
v 0.039293 -0.262581 -0.317161
v 0.064666 -0.243647 -0.291962
v 0.061923 -0.250411 -0.322717
v -0.277462 -0.281118 0.131536
v -0.298241 -0.242587 0.146887
v -0.283284 -0.276783 0.095088
v -0.291171 -0.219416 0.203042
v -0.309588 -0.218064 0.164841
v -0.285271 -0.245924 0.177508
v 0.283348 -0.241229 0.146307
v 0.261614 -0.281105 0.131935
v 0.267511 -0.276707 0.095148
v 0.269574 -0.246149 0.176954
v 0.294716 -0.216875 0.164233
v 0.275641 -0.218804 0.203351
v -0.185652 -0.299008 -0.340814
v -0.180724 -0.277991 -0.337302
v -0.170842 -0.284618 -0.336976
v -0.173528 -0.250607 -0.337076
v 0.170028 -0.298784 -0.340803
v 0.158065 -0.251020 -0.337113
v 0.154767 -0.283562 -0.336889
v 0.164784 -0.278699 -0.337355
v -0.029750 0.432595 -0.034753
v -0.159271 0.445754 0.067166
v -0.121798 0.446852 0.141571
v -0.077588 0.456907 0.123640
v 0.012386 0.432464 -0.035245
v 0.061852 0.456881 0.123803
v 0.105304 0.447069 0.140756
v 0.143612 0.445726 0.067046
v -0.342196 0.034141 0.306599
v -0.343224 0.088968 0.311363
v -0.346459 0.008416 0.286285
v -0.305113 -0.058968 0.335884
v 0.325994 0.037658 0.308513
v 0.330680 0.007819 0.286081
v 0.327561 0.091584 0.310836
v 0.288600 -0.060059 0.336262
v -0.122408 -0.325324 -0.011763
v -0.106160 -0.296681 -0.012664
v -0.136375 -0.284197 -0.020065
v -0.114131 -0.228388 0.013210
v -0.093112 -0.249963 0.010715
v -0.093714 -0.235184 0.028379
v 0.090092 -0.296851 -0.012576
v 0.106187 -0.324891 -0.011722
v 0.120164 -0.284662 -0.019962
v 0.077796 -0.235258 0.028428
v 0.076830 -0.250584 0.010622
v 0.096234 -0.228869 0.014485
v -0.125754 -0.124544 -0.346675
v -0.113949 -0.152705 -0.327584
v -0.112669 -0.159819 -0.341209
v -0.201858 0.006449 -0.318552
v -0.199115 -0.012621 -0.298342
v -0.186313 -0.006882 -0.322946
v 0.110622 -0.122773 -0.347227
v 0.096821 -0.159830 -0.340856
v 0.098090 -0.152842 -0.327792
v 0.185685 0.006161 -0.318604
v 0.170504 -0.006813 -0.323048
v 0.182761 -0.012894 -0.298695
v 0.059973 -0.386047 -0.377915
v 0.069138 -0.388536 -0.423087
v 0.085223 -0.374444 -0.361886
v -0.100426 -0.374713 -0.361580
v -0.085002 -0.388512 -0.423030
v -0.075413 -0.386151 -0.377700
v -0.176824 0.264003 -0.204501
v -0.197885 0.309837 -0.167196
v -0.156573 0.310315 -0.179441
v -0.249073 0.319591 -0.109740
v -0.269814 0.315971 -0.068995
v -0.237639 0.337064 -0.111423
v 0.160852 0.264102 -0.204488
v 0.140255 0.310102 -0.179690
v 0.182052 0.309820 -0.167217
v 0.221777 0.337041 -0.111550
v 0.253958 0.315931 -0.069138
v 0.233258 0.319587 -0.109750
v -0.156932 -0.359883 -0.167138
v -0.144405 -0.370779 -0.171159
v -0.197628 -0.264679 -0.179367
v -0.188470 -0.309804 -0.169270
v -0.193225 -0.288044 -0.147638
v 0.128547 -0.371001 -0.172083
v 0.140443 -0.360556 -0.166895
v 0.177411 -0.288128 -0.147127
v 0.172869 -0.308990 -0.169504
v 0.181908 -0.264220 -0.179114
v -0.169504 -0.253674 0.391101
v -0.184468 -0.269375 0.357809
v -0.131225 -0.268899 0.398390
v -0.180987 -0.244929 0.391012
v -0.259352 -0.193084 0.307680
v -0.189839 -0.259700 0.362002
v 0.115328 -0.268947 0.398392
v 0.168645 -0.269335 0.357879
v 0.153577 -0.253671 0.391206
v 0.174015 -0.259781 0.361936
v 0.243624 -0.193064 0.307554
v 0.165190 -0.244945 0.390974
v -0.241564 0.010329 -0.323429
v -0.272837 -0.000063 -0.323025
v -0.267482 -0.007892 -0.299320
v -0.272210 -0.076819 -0.340276
v -0.265517 -0.109620 -0.280699
v 0.256855 0.000069 -0.323190
v 0.225942 0.010347 -0.323631
v 0.251635 -0.007894 -0.299276
v 0.249687 -0.109757 -0.280708
v -0.336021 -0.179790 -0.022163
v -0.321379 -0.133341 -0.020592
v -0.354804 -0.113164 -0.041363
v -0.329824 -0.223221 -0.015526
v 0.306145 -0.133644 -0.020818
v 0.320647 -0.176911 -0.022715
v 0.338965 -0.114265 -0.041161
v 0.312812 -0.225490 -0.015185
v -0.135135 -0.122210 -0.381784
v -0.124162 -0.188716 -0.385525
v -0.135362 -0.180244 -0.437108
v -0.096065 -0.240629 -0.371865
v 0.119575 -0.180181 -0.437174
v 0.108387 -0.188542 -0.385530
v 0.119319 -0.122244 -0.381800
v 0.080320 -0.240574 -0.373578
v -0.058394 -0.349107 0.068272
v -0.068216 -0.369506 0.036305
v -0.047004 -0.375938 0.072518
v -0.050217 -0.384399 0.132487
v -0.052450 -0.392110 0.180998
v -0.073284 -0.384748 0.168779
v 0.052547 -0.369428 0.036077
v 0.042085 -0.350100 0.068900
v 0.031256 -0.375784 0.072516
v 0.057259 -0.384804 0.168508
v 0.036810 -0.392086 0.181032
v 0.032681 -0.384357 0.129676
v -0.355631 -0.010973 -0.041851
v -0.358649 0.032455 -0.040617
v -0.360031 0.000229 -0.050154
v -0.351062 -0.010430 0.088730
v -0.353441 0.010079 0.103777
v -0.353279 0.045310 0.073263
v 0.344259 -0.000409 -0.050329
v 0.342685 0.031208 -0.040402
v 0.339989 -0.010621 -0.042115
v 0.337507 0.048116 0.071897
v 0.337619 0.009850 0.103695
v 0.335279 -0.010313 0.088905
v 0.056155 -0.351061 -0.203868
v 0.061584 -0.346729 -0.205829
v 0.055413 -0.347324 -0.207435
v -0.070525 -0.351589 -0.204049
v -0.071704 -0.347404 -0.207349
v -0.077419 -0.346734 -0.205805
v 0.112463 0.219168 0.457883
v 0.113557 0.187977 0.468763
v 0.152744 0.195755 0.453734
v -0.168555 0.195658 0.453769
v -0.129474 0.187924 0.468748
v -0.128228 0.219164 0.457900
v -0.213221 -0.163682 -0.308681
v -0.220580 -0.163702 -0.263032
v -0.221251 -0.170197 -0.290741
v -0.245598 -0.170480 -0.240177
v 0.204593 -0.163553 -0.263221
v 0.197361 -0.163603 -0.308735
v 0.205572 -0.170402 -0.291209
v 0.229218 -0.170599 -0.240434
v -0.058462 -0.375408 0.124845
v -0.076364 -0.364782 0.137614
v -0.080393 -0.341150 0.127172
v -0.112807 -0.303260 0.126540
v -0.095516 -0.307801 0.119297
v -0.092497 -0.339977 0.136485
v 0.062542 -0.364267 0.139062
v 0.043532 -0.374094 0.125289
v 0.063063 -0.341289 0.125731
v 0.079111 -0.308046 0.118978
v 0.097076 -0.303356 0.126649
v 0.075468 -0.341688 0.136729
v -0.353192 0.056734 0.036106
v -0.355940 0.047777 -0.018176
v -0.350890 0.023715 0.008255
v -0.335934 0.208773 0.053398
v 0.334935 0.022804 0.008525
v 0.340100 0.047429 -0.018275
v 0.337377 0.056009 0.034013
v 0.320091 0.208807 0.053924
v -0.059869 -0.431015 -0.250425
v -0.066352 -0.430327 -0.233442
v -0.076513 -0.424730 -0.247110
v -0.034681 -0.436896 -0.252595
v -0.031071 -0.439224 -0.237342
v -0.045135 -0.433013 -0.235445
v 0.050639 -0.430291 -0.233364
v 0.044441 -0.431060 -0.249858
v 0.060725 -0.424675 -0.247217
v 0.029351 -0.432985 -0.235344
v 0.015245 -0.439241 -0.237469
v 0.019562 -0.436704 -0.252064
v -0.224884 -0.264941 0.100015
v -0.197064 -0.238124 0.095291
v -0.217085 -0.288119 0.114143
v -0.125636 -0.209570 0.044214
v -0.157297 -0.198814 0.043280
v -0.152985 -0.201944 0.025388
v 0.180654 -0.236698 0.094671
v 0.208765 -0.265595 0.100458
v 0.201323 -0.288267 0.114215
v 0.137165 -0.201921 0.025457
v 0.141460 -0.198813 0.043734
v 0.109380 -0.209742 0.044422
v -0.078346 -0.310090 -0.181797
v -0.088098 -0.338207 -0.200982
v -0.099624 -0.299188 -0.188608
v -0.128871 -0.319565 -0.239112
v -0.126277 -0.302908 -0.222762
v 0.062723 -0.310009 -0.181839
v 0.083889 -0.299194 -0.188664
v 0.072938 -0.337457 -0.201004
v 0.113183 -0.319502 -0.239307
v 0.110467 -0.303267 -0.222946
v -0.213442 -0.256035 -0.338924
v -0.230340 -0.216987 -0.323886
v -0.237553 -0.216506 -0.326832
v -0.233683 -0.169961 -0.264184
v -0.247282 -0.179665 -0.291452
v -0.238083 -0.181413 -0.289660
v 0.221569 -0.217122 -0.327163
v 0.213236 -0.217473 -0.323794
v 0.197440 -0.256085 -0.338856
v 0.217893 -0.169977 -0.264157
v 0.222171 -0.181482 -0.289803
v 0.231054 -0.179594 -0.290871
v -0.193302 -0.220917 -0.239377
v -0.189876 -0.234020 -0.237000
v -0.185475 -0.229876 -0.207167
v -0.173956 -0.147609 -0.239324
v -0.173772 -0.185050 -0.223901
v -0.170735 -0.160222 -0.208037
v 0.169693 -0.229360 -0.207336
v 0.174062 -0.234051 -0.236760
v 0.177492 -0.220926 -0.239308
v 0.154911 -0.160310 -0.208561
v 0.158000 -0.185319 -0.223893
v 0.158152 -0.148101 -0.239149
v -0.202994 0.012921 -0.196016
v -0.189973 0.013453 -0.202186
v -0.187239 -0.029873 -0.183688
v -0.237458 0.153663 -0.201541
v -0.197949 0.135520 -0.216660
v -0.240592 0.125935 -0.197489
v 0.171334 -0.029897 -0.183705
v 0.174277 0.013602 -0.202202
v 0.187233 0.013042 -0.196037
v 0.221476 0.154307 -0.201652
v 0.224553 0.125822 -0.197573
v 0.182604 0.135584 -0.216486
v -0.278216 0.195170 0.379603
v -0.331175 0.234022 0.118033
v -0.341399 0.167880 0.219629
v -0.332732 0.257284 0.215861
v 0.262720 0.194845 0.379495
v 0.316922 0.257227 0.215809
v 0.325578 0.168210 0.220060
v 0.315365 0.233965 0.118173
v -0.166474 -0.278782 -0.329368
v -0.174387 -0.275672 -0.313988
v -0.168772 -0.248501 -0.329035
v -0.155789 -0.325225 -0.316061
v -0.162764 -0.327561 -0.285340
v -0.169853 -0.318722 -0.288899
v 0.158663 -0.275630 -0.313795
v 0.150669 -0.278636 -0.329426
v 0.153025 -0.247905 -0.328982
v 0.146977 -0.327445 -0.285279
v 0.140392 -0.325314 -0.314688
v 0.154154 -0.318526 -0.289007
v -0.203522 -0.028890 -0.277872
v -0.168390 -0.041208 -0.316935
v -0.182463 -0.081212 -0.307895
v -0.183008 -0.061547 -0.291688
v 0.187357 -0.028896 -0.278349
v 0.152460 -0.041422 -0.316947
v 0.167164 -0.061571 -0.291763
v 0.166791 -0.081557 -0.308113
v -0.170160 -0.326433 -0.081865
v -0.195589 -0.308064 -0.099142
v -0.184597 -0.311691 -0.113862
v -0.215176 -0.227145 -0.136288
v 0.179167 -0.308248 -0.099511
v 0.154311 -0.326452 -0.081882
v 0.166039 -0.313766 -0.113422
v 0.199275 -0.227591 -0.136242
v -0.108275 -0.227727 0.073824
v -0.130517 -0.224225 0.082877
v -0.130623 -0.214108 0.070762
v -0.142171 -0.215988 0.078357
v -0.159811 -0.202659 0.061577
v 0.115064 -0.214044 0.070792
v 0.114973 -0.224047 0.082790
v 0.093034 -0.227408 0.073891
v 0.126145 -0.215951 0.078243
v 0.144730 -0.202706 0.061896
v 0.138679 0.428641 0.211939
v -0.154606 0.428547 0.212260
v -0.125995 -0.193507 -0.214941
v -0.136812 -0.158913 -0.227524
v -0.139784 -0.175143 -0.248347
v -0.144640 -0.150259 -0.241072
v 0.110194 -0.193543 -0.214972
v 0.124052 -0.174714 -0.248289
v 0.121079 -0.159339 -0.228046
v 0.128825 -0.150462 -0.241216
v -0.278242 -0.287729 -0.055241
v -0.303363 -0.265230 -0.030881
v -0.291240 -0.268466 -0.091170
v -0.241126 -0.269221 0.009040
v -0.232987 -0.242136 0.015122
v -0.248815 -0.268769 0.021515
v 0.287734 -0.265032 -0.030919
v 0.262712 -0.287385 -0.055816
v 0.275231 -0.268794 -0.090608
v 0.217126 -0.242034 0.015140
v 0.225646 -0.269298 0.009357
v 0.233366 -0.268792 0.022261
v -0.259496 -0.093352 -0.198939
v -0.255388 -0.105893 -0.195359
v -0.233524 -0.091460 -0.185403
v -0.266576 -0.089327 -0.208264
v -0.266748 -0.098588 -0.237099
v 0.243902 -0.093523 -0.199178
v 0.217071 -0.092102 -0.184905
v 0.239512 -0.106124 -0.195233
v 0.250771 -0.089129 -0.208042
v 0.250915 -0.098340 -0.234654
v -0.192446 0.238983 -0.209325
v -0.190931 0.200346 -0.214454
v -0.216952 0.213335 -0.207270
v -0.204221 0.271519 -0.189759
v 0.177037 0.238766 -0.209288
v 0.201454 0.213373 -0.207148
v 0.175548 0.200177 -0.214433
v 0.188393 0.271581 -0.189727
v -0.156485 -0.023556 -0.390629
v -0.175581 0.004842 -0.375849
v -0.161276 -0.022123 -0.365902
v -0.210655 0.009080 -0.379789
v -0.173987 -0.003937 -0.408643
v -0.221402 -0.001464 -0.395196
v 0.145185 -0.022411 -0.366487
v 0.159682 0.004135 -0.373559
v 0.140951 -0.022747 -0.391675
v 0.157489 -0.003850 -0.408684
v 0.195069 0.008902 -0.380192
v 0.205868 -0.001480 -0.395127
v 0.077231 -0.193457 0.454975
v 0.084408 -0.226830 0.441236
v 0.113422 -0.201483 0.442219
v -0.129276 -0.201433 0.442223
v -0.100311 -0.226870 0.441197
v -0.093040 -0.193458 0.454974
v -0.007905 0.401961 0.345165
v -0.035671 0.413977 0.322963
v -0.064941 0.405556 0.333929
v -0.094086 0.347328 0.396259
v -0.082701 0.362805 0.385746
v -0.118278 0.358244 0.380783
v 0.049068 0.405582 0.333899
v 0.019757 0.413936 0.323050
v 0.078420 0.347275 0.396265
v 0.102441 0.358225 0.380814
v 0.066820 0.362848 0.385720
v 0.057545 -0.265508 -0.479428
v 0.105823 -0.234249 -0.460758
v 0.109755 -0.244540 -0.465139
v -0.120239 -0.258227 -0.470274
v -0.102314 -0.257492 -0.472658
v -0.079888 -0.262269 -0.477607
v -0.304143 -0.054369 -0.104487
v -0.282180 -0.038174 -0.105579
v -0.255511 -0.066221 -0.126579
v -0.225302 -0.046030 -0.150698
v -0.269903 -0.034132 -0.111331
v -0.263046 -0.011129 -0.124346
v 0.288735 -0.054107 -0.104252
v 0.239794 -0.066260 -0.126551
v 0.266468 -0.038085 -0.105512
v 0.209438 -0.045866 -0.150804
v 0.246858 -0.011001 -0.124725
v 0.253623 -0.034568 -0.111661
v 0.017232 -0.340649 -0.085888
v 0.017724 -0.357954 -0.106643
v 0.030840 -0.354998 -0.093295
v -0.046535 -0.354955 -0.093185
v -0.033618 -0.358234 -0.106880
v -0.034337 -0.341674 -0.086003
v -0.292124 0.355656 0.123732
v -0.273937 0.374043 0.096680
v -0.310346 0.334821 0.089676
v -0.250471 0.387798 0.169067
v -0.186032 0.405124 0.248045
v -0.239763 0.403728 0.137921
v 0.294417 0.334954 0.089667
v 0.257877 0.374294 0.096656
v 0.276465 0.355491 0.123714
v 0.234822 0.387629 0.169247
v 0.224066 0.403656 0.137934
v 0.170399 0.404965 0.248207
v -0.247681 -0.166845 -0.265804
v -0.260886 -0.155136 -0.308875
v -0.256197 -0.152230 -0.272771
v 0.232866 -0.166550 -0.266066
v 0.245282 -0.154628 -0.309628
v 0.240523 -0.151529 -0.272658
v 0.065232 -0.262577 -0.176355
v 0.042833 -0.268070 -0.168693
v 0.062184 -0.240996 -0.176534
v -0.058104 -0.268154 -0.168579
v -0.081187 -0.262425 -0.176413
v -0.078155 -0.240869 -0.176570
v -0.057127 -0.425424 -0.259444
v -0.082374 -0.418341 -0.254337
v -0.080354 -0.411648 -0.262767
v -0.138617 -0.395304 -0.258859
v -0.154276 -0.384577 -0.254519
v -0.143301 -0.382548 -0.264981
v 0.066558 -0.418274 -0.254470
v 0.041343 -0.425673 -0.259198
v 0.064929 -0.411606 -0.262710
v 0.128331 -0.378718 -0.266301
v 0.138467 -0.384500 -0.254718
v 0.122966 -0.395414 -0.258576
v -0.353185 0.028742 -0.077286
v -0.355944 -0.031604 -0.071898
v -0.361553 -0.008596 -0.057677
v -0.301571 -0.021237 -0.097989
v -0.331633 -0.016807 -0.091868
v 0.345746 -0.008467 -0.057678
v 0.340289 -0.032902 -0.071542
v 0.337354 0.028820 -0.077316
v 0.315821 -0.017544 -0.091889
v 0.285909 -0.021184 -0.097970
v -0.187900 -0.302403 0.294160
v -0.141847 -0.343181 0.247467
v -0.112410 -0.348929 0.273608
v -0.169049 -0.340987 0.187664
v 0.096503 -0.348940 0.273705
v 0.126073 -0.343135 0.247547
v 0.171940 -0.302448 0.294244
v 0.153467 -0.340862 0.187715
v -0.054248 0.455623 0.174582
v -0.090656 0.449753 0.172961
v -0.096485 0.437953 0.236388
v -0.084759 0.446329 0.204542
v 0.074866 0.449764 0.172846
v 0.038442 0.455626 0.174544
v 0.069123 0.446271 0.204700
v 0.081372 0.437728 0.236789
v -0.169605 -0.093996 -0.310881
v -0.166494 -0.091214 -0.320296
v -0.176132 -0.117206 -0.324319
v -0.169416 -0.166374 -0.321923
v -0.176767 -0.142093 -0.325920
v -0.171560 -0.193679 -0.331857
v 0.160421 -0.117564 -0.324502
v 0.150810 -0.091387 -0.319873
v 0.153749 -0.093879 -0.311317
v 0.153622 -0.166268 -0.321968
v 0.155967 -0.193628 -0.332012
v 0.160914 -0.142404 -0.325951
v 0.085661 -0.362518 0.245272
v 0.072415 -0.360029 0.269247
v 0.053518 -0.382990 0.207942
v -0.088236 -0.360181 0.268755
v -0.101689 -0.362435 0.245274
v -0.069505 -0.382932 0.207919
v -0.350435 -0.039236 -0.039630
v -0.357922 -0.055286 -0.047878
v -0.333101 -0.066313 -0.032830
v -0.296539 -0.123978 0.049026
v 0.317526 -0.067678 -0.033200
v 0.342064 -0.054941 -0.047796
v 0.334899 -0.038825 -0.039795
v 0.279842 -0.125053 0.048129
v -0.205671 -0.038593 -0.411393
v -0.267563 -0.081520 -0.415180
v -0.264096 -0.140400 -0.409254
v -0.269327 -0.084529 -0.393119
v 0.189642 -0.038564 -0.411439
v 0.253426 -0.085754 -0.392994
v 0.248316 -0.139805 -0.409365
v 0.251545 -0.084428 -0.415290
v -0.098797 -0.385079 -0.092475
v -0.090082 -0.399173 -0.066249
v -0.102419 -0.380333 -0.058308
v -0.051262 -0.355782 -0.073295
v -0.039513 -0.348456 -0.033033
v -0.048111 -0.360955 -0.051460
v 0.086458 -0.380548 -0.058089
v 0.074238 -0.399303 -0.065662
v 0.083149 -0.384892 -0.090679
v 0.031987 -0.361745 -0.049578
v 0.023474 -0.347999 -0.032989
v 0.035182 -0.355450 -0.072369
v -0.216082 0.267494 -0.184186
v -0.243597 0.308683 -0.128488
v -0.210384 0.312621 -0.158606
v -0.293027 0.127864 -0.147757
v -0.321619 0.125095 -0.102087
v -0.315474 0.166257 -0.093219
v 0.194554 0.312742 -0.158538
v 0.227763 0.308747 -0.128463
v 0.200258 0.267526 -0.184177
v 0.299661 0.166360 -0.093174
v 0.305424 0.124598 -0.102940
v 0.277178 0.127853 -0.147812
v -0.030478 -0.395443 -0.472807
v -0.033084 -0.360092 -0.490600
v -0.007905 -0.378801 -0.472485
v -0.062949 -0.397192 -0.430048
v -0.034849 -0.406507 -0.433713
v 0.017264 -0.360230 -0.490530
v 0.015459 -0.394071 -0.473759
v 0.018973 -0.406479 -0.433444
v 0.047846 -0.396945 -0.429676
v -0.193337 -0.277965 0.114876
v -0.209828 -0.303390 0.127385
v -0.211673 -0.308606 0.210195
v 0.180265 -0.278909 0.114910
v 0.195292 -0.304047 0.127495
v 0.195282 -0.309320 0.209391
v -0.044877 -0.399388 -0.468776
v -0.023368 -0.409848 -0.450836
v -0.100411 -0.372752 -0.462891
v -0.142320 -0.331825 -0.451401
v -0.177447 -0.293444 -0.447138
v -0.007905 -0.407825 -0.457872
v 0.038778 -0.395242 -0.469966
v 0.162717 -0.292389 -0.446772
v 0.125750 -0.332273 -0.451965
v 0.084015 -0.373046 -0.463239
v 0.101982 0.082702 -0.218925
v 0.062321 0.081667 -0.207013
v 0.058759 0.116784 -0.209736
v -0.078012 0.081600 -0.206968
v -0.117929 0.082641 -0.218953
v -0.074553 0.116779 -0.209732
v -0.178805 0.340923 0.365773
v -0.170038 0.362427 0.350181
v -0.216824 0.333499 0.332588
v -0.106635 0.378444 0.363012
v -0.136160 0.370570 0.361454
v 0.163003 0.340912 0.365776
v 0.200964 0.333405 0.332749
v 0.154276 0.362438 0.350114
v 0.120342 0.370552 0.361481
v 0.090776 0.378470 0.362993
v -0.119052 0.303008 -0.183133
v -0.099999 0.317252 -0.176065
v -0.062215 0.281675 -0.173401
v -0.121110 0.345828 -0.162781
v -0.084865 0.361825 -0.144995
v -0.075655 0.352279 -0.155935
v 0.103512 0.303014 -0.183183
v 0.046227 0.281633 -0.173379
v 0.083475 0.317555 -0.175861
v 0.060031 0.352317 -0.155889
v 0.069107 0.361762 -0.145059
v 0.106229 0.345909 -0.162680
v -0.313506 -0.164845 0.228706
v -0.322773 -0.176064 0.188480
v -0.341751 -0.020565 0.302807
v -0.343073 -0.046259 0.282668
v -0.300738 -0.126234 0.300890
v 0.307153 -0.175509 0.188786
v 0.297371 -0.165065 0.229260
v 0.284924 -0.126260 0.300875
v 0.326875 -0.047328 0.282609
v 0.326120 -0.020767 0.302372
v -0.042052 -0.286912 -0.229820
v -0.048515 -0.280084 -0.241826
v 0.026233 -0.286689 -0.229949
v 0.032764 -0.280337 -0.241646
v 0.024192 -0.343549 -0.047158
v 0.022184 -0.339642 -0.067693
v -0.040169 -0.343646 -0.047487
v -0.038230 -0.339866 -0.067891
v -0.171300 -0.309547 -0.019985
v -0.200121 -0.288422 -0.016836
v -0.200233 -0.315640 -0.025545
v -0.229565 -0.284601 -0.015021
v -0.261735 -0.289904 -0.004490
v -0.240305 -0.298678 -0.015718
v 0.184893 -0.288148 -0.016772
v 0.156110 -0.309580 -0.020164
v 0.185005 -0.315491 -0.025527
v 0.224645 -0.299188 -0.015901
v 0.246445 -0.288841 -0.003643
v 0.214014 -0.284544 -0.014940
v -0.257707 -0.273342 0.023833
v -0.260157 -0.278134 0.003920
v -0.268632 -0.278635 0.053285
v -0.270196 -0.283828 0.074777
v -0.280729 -0.277818 0.041643
v 0.244739 -0.278133 0.004329
v 0.242229 -0.273406 0.023831
v 0.264972 -0.277783 0.041643
v 0.254666 -0.283824 0.074315
v 0.253162 -0.278743 0.053222
v 0.085880 -0.126408 -0.181274
v 0.049765 -0.195787 -0.178093
v 0.031035 -0.115656 -0.184457
v -0.045722 -0.114553 -0.184546
v -0.065536 -0.196344 -0.178057
v -0.101980 -0.126498 -0.181262
v -0.099712 -0.379963 -0.329282
v -0.101907 -0.394316 -0.286136
v -0.102042 -0.377975 -0.287619
v -0.048946 -0.423265 -0.293199
v -0.055932 -0.420086 -0.276246
v -0.058465 -0.412544 -0.317992
v 0.086240 -0.377924 -0.287839
v 0.086099 -0.394208 -0.285786
v 0.083886 -0.380068 -0.329314
v 0.040087 -0.420105 -0.276538
v 0.033077 -0.423264 -0.293481
v 0.042854 -0.412555 -0.316858
v -0.351368 -0.114316 -0.080794
v -0.341706 -0.172655 -0.082187
v -0.357981 -0.111663 -0.059672
v -0.332660 -0.204494 -0.016839
v -0.348434 -0.166944 -0.034256
v 0.342887 -0.111552 -0.057028
v 0.326985 -0.167019 -0.082085
v 0.335602 -0.114051 -0.080760
v 0.317693 -0.201437 -0.017893
v 0.331499 -0.171890 -0.032993
v -0.170403 -0.199769 0.023260
v -0.187114 -0.207795 0.012677
v -0.167355 -0.206812 0.010052
v -0.237406 -0.237266 0.043860
v -0.235981 -0.238843 0.059577
v 0.151518 -0.206716 0.010214
v 0.171250 -0.207846 0.012584
v 0.154602 -0.199787 0.023208
v 0.220610 -0.239360 0.059510
v 0.221597 -0.237292 0.044016
v -0.073016 -0.271207 0.422927
v -0.118796 -0.250062 0.423744
v -0.108012 -0.266799 0.413994
v -0.081791 -0.329552 0.340214
v -0.054845 -0.341447 0.332233
v -0.054241 -0.327752 0.355763
v 0.102947 -0.250097 0.423735
v 0.057240 -0.271250 0.422883
v 0.092438 -0.266705 0.413968
v 0.038418 -0.327609 0.355993
v 0.039085 -0.341403 0.332295
v 0.065818 -0.329562 0.340287
v -0.175596 -0.320402 -0.137094
v -0.185633 -0.306901 -0.144498
v -0.179031 -0.332929 -0.166922
v -0.188603 -0.305757 -0.120255
v -0.202067 -0.301262 -0.105099
v -0.201405 -0.282184 -0.125169
v 0.163354 -0.332442 -0.166272
v 0.170017 -0.306371 -0.144370
v 0.159981 -0.320090 -0.136962
v 0.186541 -0.301260 -0.104844
v 0.172734 -0.306147 -0.119712
v 0.186594 -0.280698 -0.124970
v -0.282026 -0.022940 -0.183157
v -0.281342 -0.007591 -0.163573
v -0.273881 -0.011484 -0.199022
v -0.282623 -0.004714 -0.322698
v -0.277186 -0.019279 -0.283066
v 0.265974 -0.023791 -0.186143
v 0.258143 -0.011524 -0.198645
v 0.265015 -0.007982 -0.165781
v 0.266831 -0.004816 -0.322534
v 0.261335 -0.019059 -0.283622
v 0.049562 0.151508 -0.205009
v -0.065472 0.151465 -0.205043
v -0.076509 -0.389873 0.011052
v -0.063109 -0.415408 0.017148
v -0.145501 -0.316805 -0.017001
v 0.061312 -0.389356 0.010319
v 0.047334 -0.415345 0.017156
v 0.128711 -0.316766 -0.016900
v -0.065133 -0.292678 -0.487030
v -0.065075 -0.332127 -0.493151
v -0.066280 -0.352117 -0.493499
v 0.102773 -0.260898 -0.471068
v 0.049170 -0.332304 -0.493192
v 0.048930 -0.293226 -0.487231
v 0.050134 -0.352062 -0.493624
v -0.354851 0.060328 -0.072349
v -0.361440 0.041489 -0.053898
v -0.328633 0.193921 -0.048324
v -0.340123 0.130820 -0.061907
v -0.347036 0.163190 -0.024002
v 0.345617 0.042529 -0.053831
v 0.339026 0.060688 -0.072294
v 0.312838 0.193902 -0.048296
v 0.331198 0.163228 -0.024039
v 0.324481 0.130800 -0.061500
v -0.266422 -0.293729 -0.011010
v -0.281872 -0.283710 0.003216
v -0.271683 -0.294385 -0.039492
v -0.220045 -0.297905 -0.094738
v -0.227046 -0.313269 -0.052968
v -0.252585 -0.295071 -0.067570
v 0.267152 -0.282922 0.004436
v 0.250645 -0.293564 -0.010297
v 0.256095 -0.294287 -0.039302
v 0.211621 -0.313078 -0.053045
v 0.204316 -0.297824 -0.094804
v 0.236542 -0.295149 -0.067638
v -0.074637 -0.252129 -0.354537
v -0.109704 -0.225002 -0.365944
v -0.114151 -0.180695 -0.358691
v -0.099660 -0.213804 -0.345250
v 0.057960 -0.252609 -0.353832
v 0.093904 -0.224928 -0.365909
v 0.084308 -0.213755 -0.346048
v 0.098165 -0.182182 -0.358923
v -0.230111 -0.094929 -0.183526
v -0.213561 -0.066744 -0.181862
v -0.220005 -0.134742 -0.211687
v 0.197623 -0.066771 -0.181718
v 0.204137 -0.134921 -0.212308
v -0.280352 -0.213786 0.084667
v -0.279949 -0.209420 0.063346
v -0.285499 -0.145728 0.017294
v -0.276736 -0.160199 0.029812
v -0.287325 -0.127432 0.026630
v 0.264646 -0.213935 0.084932
v 0.264025 -0.209204 0.062870
v 0.271453 -0.128360 0.025871
v 0.260606 -0.161340 0.030000
v 0.269964 -0.144246 0.017358
v -0.120993 -0.362371 -0.361524
v -0.140553 -0.346547 -0.364044
v -0.132410 -0.360203 -0.397408
v -0.107051 -0.371335 -0.335887
v -0.114005 -0.375429 -0.322676
v -0.120479 -0.370697 -0.328045
v 0.124727 -0.346567 -0.364068
v 0.105376 -0.362234 -0.361511
v 0.116723 -0.360118 -0.397561
v 0.104237 -0.371018 -0.328223
v 0.098033 -0.375549 -0.322133
v 0.091096 -0.371257 -0.336050
v -0.091868 -0.288096 -0.008338
v -0.115105 -0.252558 -0.006075
v -0.111661 -0.276795 -0.012214
v -0.131770 -0.236490 -0.006014
v -0.153874 -0.228421 -0.007563
v -0.148048 -0.246022 -0.015172
v 0.099141 -0.252901 -0.006170
v 0.075940 -0.287922 -0.008257
v 0.096065 -0.277550 -0.012440
v 0.138022 -0.228537 -0.007616
v 0.115912 -0.236570 -0.006043
v 0.132308 -0.245914 -0.015134
v -0.210031 0.403569 -0.038349
v -0.177360 0.421187 -0.031289
v -0.191156 0.375659 -0.112776
v -0.214600 0.425886 0.074206
v -0.196950 0.434148 0.043971
v -0.213120 0.425372 0.040244
v 0.175348 0.375681 -0.112727
v 0.161462 0.421215 -0.031299
v 0.194239 0.403515 -0.038448
v 0.197340 0.425361 0.040230
v 0.181149 0.434138 0.043928
v 0.198723 0.425933 0.074849
v 0.082593 0.115028 0.493059
v 0.154756 0.129667 0.469875
v -0.170387 0.129689 0.469927
v -0.098512 0.114773 0.493054
v -0.180159 -0.185374 -0.184502
v -0.177360 -0.169133 -0.171950
v -0.172442 -0.173851 -0.199199
v 0.161543 -0.168936 -0.171886
v 0.164441 -0.185330 -0.184399
v 0.156763 -0.174411 -0.198751
v -0.069395 -0.319521 0.092566
v -0.063989 -0.353595 0.116999
v -0.076385 -0.317837 0.104877
v -0.057986 -0.299545 0.062324
v -0.064423 -0.321410 0.077424
v -0.063663 -0.291771 0.079714
v 0.053719 -0.319198 0.092731
v 0.059955 -0.317509 0.103663
v 0.048169 -0.353124 0.116505
v 0.047406 -0.291641 0.078735
v 0.048469 -0.321304 0.076864
v 0.042128 -0.299692 0.061933
v -0.051251 -0.391001 -0.032806
v -0.046544 -0.408711 -0.028261
v -0.049628 -0.407836 -0.050911
v -0.063690 -0.395802 -0.071325
v -0.058886 -0.388516 -0.065322
v 0.033939 -0.407226 -0.051096
v 0.030624 -0.408996 -0.027731
v 0.035326 -0.391384 -0.032434
v 0.047966 -0.395745 -0.071297
v 0.043185 -0.388929 -0.065632
v 0.011491 -0.418410 -0.165281
v 0.033685 -0.414951 -0.159086
v 0.029905 -0.402308 -0.133918
v -0.045771 -0.402198 -0.133723
v -0.049549 -0.414964 -0.159119
v -0.027489 -0.418383 -0.165249
v -0.120025 -0.247287 0.095196
v -0.098020 -0.261120 0.095752
v -0.115543 -0.279986 0.111431
v 0.082245 -0.260983 0.095685
v 0.104253 -0.247254 0.095195
v 0.099696 -0.279940 0.111381
v -0.181376 -0.213001 -0.294071
v -0.178231 -0.265308 -0.301674
v -0.175213 -0.240155 -0.305078
v 0.165469 -0.212809 -0.294308
v 0.162431 -0.265247 -0.301547
v 0.159467 -0.240197 -0.304743
v -0.347935 0.003027 0.017531
v -0.351206 0.030635 0.039754
v -0.326749 -0.046341 -0.001102
v -0.304051 -0.072989 0.011376
v -0.327353 -0.051447 0.019219
v 0.335589 0.032407 0.041071
v 0.332051 0.002411 0.019470
v 0.331550 -0.003852 -0.007224
v 0.311253 -0.051782 0.019152
v 0.288729 -0.072403 0.011331
v 0.310966 -0.046350 -0.000906
v 0.061333 -0.341421 -0.204719
v -0.007905 0.365611 -0.147161
v -0.007905 0.376146 -0.134677
v -0.149068 -0.048410 -0.386357
v -0.149684 -0.044050 -0.372856
v -0.135121 -0.099248 -0.352619
v -0.148642 -0.070497 -0.410112
v 0.119678 -0.098137 -0.353174
v 0.133242 -0.045959 -0.371724
v 0.133268 -0.048627 -0.386793
v 0.132761 -0.071057 -0.410268
v -0.209261 -0.068668 -0.219521
v -0.216668 -0.048514 -0.222265
v -0.210005 -0.061962 -0.188719
v -0.216070 -0.108790 -0.207908
v -0.210221 -0.097164 -0.230992
v -0.209020 -0.073509 -0.186431
v 0.194327 -0.061518 -0.188635
v 0.200722 -0.048730 -0.222930
v 0.193580 -0.068092 -0.219773
v 0.193181 -0.073402 -0.186438
v 0.194339 -0.096955 -0.231125
v 0.200902 -0.111190 -0.208112
v -0.161814 -0.215652 0.424592
v -0.125289 -0.229316 0.432804
v -0.225991 -0.149016 0.392768
v -0.187617 -0.191288 0.419105
v 0.109386 -0.229321 0.432833
v 0.146093 -0.215635 0.424557
v 0.172303 -0.190955 0.418752
v 0.210001 -0.146085 0.394378
v -0.332154 0.239571 0.051937
v -0.333149 0.263060 0.023609
v -0.337044 0.222613 0.004849
v -0.328063 0.290864 0.150796
v 0.316368 0.239347 0.051674
v 0.321220 0.222775 0.004212
v 0.317054 0.266066 0.026038
v 0.312246 0.290780 0.150223
v 0.030286 0.459982 0.037116
v 0.042167 0.461496 0.058773
v 0.120722 0.450657 0.035776
v -0.136453 0.450656 0.035712
v -0.058142 0.461497 0.059053
v -0.046177 0.460025 0.037388
v -0.249374 -0.265269 -0.107525
v -0.272589 -0.260367 -0.121668
v -0.248055 -0.247035 -0.117818
v -0.227318 -0.269416 -0.109641
v -0.211859 -0.271941 -0.120371
v 0.256792 -0.260403 -0.121599
v 0.233327 -0.264805 -0.107821
v 0.231717 -0.246246 -0.117972
v 0.212051 -0.269349 -0.109293
v 0.196462 -0.271339 -0.120404
v -0.185252 -0.291978 -0.261845
v -0.175974 -0.329384 -0.209578
v -0.188447 -0.315577 -0.240999
v -0.180537 -0.328819 -0.236544
v 0.169600 -0.292043 -0.261790
v 0.172614 -0.315687 -0.241343
v 0.160117 -0.329441 -0.209305
v 0.164637 -0.328908 -0.236272
v -0.256108 -0.301527 0.115089
v -0.257992 -0.306403 0.133767
v -0.269126 -0.291017 0.098016
v -0.225321 -0.314924 0.145631
v 0.242273 -0.306329 0.133565
v 0.240198 -0.301358 0.114456
v 0.257752 -0.286328 0.088534
v 0.209989 -0.315253 0.146973
v -0.265475 0.005727 -0.334928
v -0.252765 0.010402 -0.351108
v -0.275240 0.000815 -0.345423
v -0.276214 -0.015236 -0.383986
v -0.274517 -0.045400 -0.368761
v 0.259584 0.000728 -0.345528
v 0.236724 0.010498 -0.351020
v 0.250061 0.005575 -0.334940
v 0.260552 -0.014513 -0.382982
v 0.258511 -0.047398 -0.368504
v -0.278483 0.221908 -0.125175
v -0.309901 0.245512 -0.052746
v -0.303275 0.275436 -0.042597
v -0.273971 0.278078 -0.096525
v 0.262614 0.222606 -0.124909
v 0.294125 0.245315 -0.052820
v 0.258161 0.277928 -0.096639
v 0.287499 0.275344 -0.042604
v -0.337230 0.097669 0.332499
v -0.339765 0.162543 0.315787
v -0.332001 0.179504 0.329593
v -0.336046 0.200716 0.309274
v 0.321526 0.097891 0.332259
v 0.320328 0.200315 0.309203
v 0.316676 0.179175 0.328770
v 0.324242 0.162320 0.314892
v -0.246467 -0.309791 0.149918
v -0.224592 -0.314761 0.165913
v -0.236306 -0.301024 0.179188
v -0.274239 -0.234805 0.210649
v -0.272477 -0.268147 0.168514
v -0.256647 -0.255872 0.213568
v 0.220710 -0.300517 0.179774
v 0.209925 -0.313767 0.166913
v 0.230244 -0.310075 0.149724
v 0.256529 -0.268162 0.168718
v 0.258842 -0.233686 0.211415
v 0.240868 -0.255892 0.213472
v -0.114346 0.109625 -0.220450
v -0.195841 0.056488 -0.203763
v -0.216751 0.060325 -0.196094
v -0.210288 0.086590 -0.204559
v 0.098296 0.109413 -0.220365
v 0.201732 0.060203 -0.195736
v 0.180008 0.056754 -0.203815
v 0.194539 0.086427 -0.204502
v 0.044981 -0.430136 -0.033305
v 0.035703 -0.436421 0.001601
v 0.036496 -0.429845 -0.022321
v -0.052161 -0.429893 -0.021978
v -0.051260 -0.435618 -0.001283
v -0.060538 -0.430234 -0.032644
v -0.188122 -0.291605 -0.426926
v -0.218776 -0.258371 -0.409655
v -0.219047 -0.253876 -0.427615
v -0.219529 -0.174793 -0.430952
v -0.238316 -0.219164 -0.432398
v 0.202728 -0.254513 -0.427473
v 0.203111 -0.258202 -0.409643
v 0.171501 -0.292492 -0.427192
v 0.222774 -0.219541 -0.432341
v 0.203764 -0.174987 -0.430953
v -0.036667 -0.329638 0.357155
v -0.023703 -0.395656 0.200988
v -0.028608 -0.377862 0.248018
v -0.056084 -0.361153 0.286356
v 0.020754 -0.329583 0.357258
v 0.007999 -0.395598 0.201106
v 0.040210 -0.361076 0.286596
v 0.012636 -0.377750 0.248368
v -0.350289 -0.100392 0.176556
v -0.356407 -0.082584 0.181286
v -0.349949 -0.067735 0.126858
v -0.305176 -0.150367 0.269178
v -0.343620 -0.096582 0.232913
v -0.331273 -0.144927 0.208346
v 0.334031 -0.067654 0.126276
v 0.340593 -0.082640 0.181310
v 0.334196 -0.100444 0.175374
v 0.315719 -0.144622 0.208045
v 0.327991 -0.095113 0.234105
v 0.289353 -0.150431 0.269137
v -0.007905 -0.426681 -0.218895
v -0.016577 -0.435986 -0.236622
v -0.007905 -0.430553 -0.251713
v -0.028678 -0.423690 -0.264211
v -0.046597 -0.429728 -0.255304
v -0.057123 -0.417156 -0.266101
v 0.000628 -0.435978 -0.236973
v 0.041376 -0.417409 -0.266174
v 0.030628 -0.429791 -0.255256
v 0.013297 -0.423524 -0.264312
v -0.267484 -0.183601 -0.125601
v -0.288444 -0.183727 -0.118589
v -0.278799 -0.167408 -0.122809
v -0.280540 -0.151151 -0.122921
v 0.272794 -0.184543 -0.118530
v 0.251631 -0.185289 -0.125272
v 0.262990 -0.167132 -0.122837
v 0.264684 -0.152962 -0.122887
v 0.040835 0.447291 0.223578
v 0.053603 0.436262 0.260950
v -0.069383 0.436473 0.260280
v -0.055683 0.447495 0.223153
v -0.182855 0.157921 -0.221645
v -0.226994 0.185904 -0.206037
v -0.227792 0.207179 -0.202862
v -0.259839 0.201138 -0.167565
v -0.251602 0.234301 -0.164924
v 0.210951 0.186057 -0.206121
v 0.167459 0.157709 -0.221552
v 0.235757 0.234069 -0.165066
v 0.244072 0.201075 -0.167531
v 0.212079 0.206786 -0.202893
v -0.186943 -0.213043 0.077812
v -0.192432 -0.204182 0.060839
v -0.176499 -0.202938 0.064258
v -0.204194 -0.206608 0.036284
v -0.204082 -0.210361 0.022657
v -0.184127 -0.199267 0.029629
v 0.177073 -0.204618 0.061509
v 0.170466 -0.213010 0.077982
v 0.160789 -0.203092 0.064529
v 0.168298 -0.199216 0.029739
v 0.188412 -0.210493 0.022562
v 0.188491 -0.206659 0.036274
v -0.032603 -0.311313 -0.493683
v -0.007905 -0.332076 -0.491305
v -0.043769 -0.337376 -0.497883
v -0.007905 -0.342766 -0.490049
v 0.016727 -0.310990 -0.493647
v 0.027876 -0.337295 -0.497869
v -0.300072 -0.089576 -0.000333
v -0.305006 -0.093170 -0.008403
v -0.288052 -0.150321 0.009914
v -0.337164 -0.035587 -0.022628
v -0.326291 -0.060418 -0.024714
v -0.309280 -0.073319 -0.007359
v 0.272251 -0.150887 0.009736
v 0.289584 -0.094731 -0.009149
v 0.284225 -0.089222 -0.000216
v 0.308380 -0.062874 -0.023305
v 0.321584 -0.035469 -0.022950
v 0.293561 -0.072374 -0.006702
v -0.272227 -0.071260 -0.244910
v -0.271928 -0.063038 -0.217540
v -0.279233 -0.036033 -0.217894
v -0.276577 -0.049155 -0.321029
v -0.268674 -0.090321 -0.275844
v -0.278525 -0.045080 -0.265538
v 0.263140 -0.037559 -0.218289
v 0.256006 -0.063330 -0.217094
v 0.256247 -0.071961 -0.244516
v 0.262635 -0.045450 -0.265462
v 0.252822 -0.090514 -0.275624
v 0.260717 -0.049417 -0.321190
v -0.117787 -0.305363 -0.210043
v -0.110827 -0.322587 -0.211553
v -0.121293 -0.322655 -0.226030
v -0.112708 -0.243143 -0.190560
v -0.121671 -0.237692 -0.202028
v 0.105186 -0.322663 -0.225537
v 0.095285 -0.323147 -0.212202
v 0.101963 -0.305201 -0.209949
v 0.105945 -0.237666 -0.202156
v 0.096768 -0.242773 -0.190357
v -0.222624 -0.152082 -0.157153
v 0.206718 -0.152152 -0.157364
v -0.072501 -0.382021 -0.102076
v -0.064026 -0.373055 -0.109686
v -0.064461 -0.368026 -0.101122
v -0.073519 -0.384951 -0.093680
v -0.082219 -0.395365 -0.087272
v -0.086885 -0.393621 -0.101146
v 0.048286 -0.367667 -0.101200
v 0.048156 -0.372880 -0.109611
v 0.056622 -0.381937 -0.101908
v 0.066788 -0.395375 -0.087669
v 0.058024 -0.385157 -0.093942
v 0.070949 -0.393873 -0.099849
v -0.031194 -0.278682 -0.285819
v -0.018393 -0.280592 -0.314299
v -0.030486 -0.285702 -0.312621
v -0.037610 -0.286023 -0.327882
v -0.038089 -0.276777 -0.433975
v -0.048927 -0.264925 -0.388772
v 0.002589 -0.280605 -0.314382
v 0.015265 -0.278662 -0.285798
v 0.014492 -0.285347 -0.311152
v 0.033174 -0.264877 -0.388573
v 0.022384 -0.276505 -0.436003
v 0.021681 -0.286165 -0.327781
v -0.232909 0.059565 -0.188455
v -0.260227 0.108000 -0.185806
v -0.238339 0.051273 -0.182882
v -0.255029 0.045798 -0.158517
v -0.278759 0.070791 -0.153230
v 0.217280 0.058857 -0.188211
v 0.244318 0.108281 -0.185917
v 0.222594 0.051126 -0.182709
v 0.262320 0.070849 -0.153999
v 0.239224 0.045808 -0.158523
v -0.215718 0.379587 -0.080433
v -0.197420 0.366904 -0.122136
v -0.220107 0.360530 -0.106410
v -0.224048 0.346467 -0.119745
v 0.199172 0.379273 -0.081877
v 0.203273 0.360760 -0.107259
v 0.181498 0.366936 -0.122153
v 0.207932 0.346477 -0.120048
v -0.270700 0.172706 0.398605
v -0.163180 0.163034 0.465458
v 0.253775 0.173367 0.399245
v 0.147233 0.163200 0.465459
v -0.175448 -0.163668 -0.269812
v -0.181919 -0.137366 -0.266124
v -0.176182 -0.130471 -0.299811
v -0.153051 -0.126323 -0.289685
v -0.164588 -0.119162 -0.295187
v -0.159668 -0.123371 -0.277957
v 0.160381 -0.131175 -0.299089
v 0.166107 -0.137457 -0.265777
v 0.159600 -0.163708 -0.269917
v 0.156240 -0.118535 -0.295347
v 0.153971 -0.123144 -0.273772
v 0.161778 -0.128188 -0.270001
v -0.069043 -0.308371 0.010716
v -0.073095 -0.253070 0.040578
v -0.064389 -0.279558 0.023397
v -0.058844 -0.282634 0.040922
v 0.054006 -0.309437 0.010173
v 0.048598 -0.279525 0.023385
v 0.057342 -0.252957 0.040590
v 0.042978 -0.282832 0.040711
v 0.048308 -0.290007 -0.171456
v 0.071837 -0.290594 -0.180785
v -0.087602 -0.290681 -0.180779
v -0.063964 -0.289603 -0.171324
v -0.047272 -0.270500 -0.320477
v -0.037703 -0.274758 -0.284578
v -0.056319 -0.254048 -0.287124
v 0.021893 -0.274893 -0.285339
v 0.031411 -0.270570 -0.320579
v 0.040448 -0.254085 -0.287282
v -0.246263 -0.002816 -0.294685
v -0.254161 -0.008202 -0.260215
v -0.225736 0.002313 -0.297221
v -0.272985 -0.004990 -0.169809
v 0.210123 0.002255 -0.297071
v 0.238438 -0.008190 -0.260731
v 0.230756 -0.002908 -0.294649
v 0.258056 -0.004883 -0.168310
v -0.119727 -0.360178 -0.013442
v -0.129126 -0.369909 -0.034909
v -0.102500 -0.388458 -0.024932
v -0.097549 -0.376172 -0.006037
v 0.102075 -0.362582 -0.014097
v 0.086354 -0.388668 -0.024701
v 0.114580 -0.368901 -0.035216
v 0.080464 -0.376624 -0.005052
v -0.007905 0.002028 -0.180276
v -0.082830 -0.040535 -0.183114
v -0.076857 -0.014495 -0.184439
v -0.007905 0.090862 -0.197094
v -0.007905 0.022391 -0.182969
v -0.032530 0.089633 -0.198280
v 0.062831 -0.015500 -0.184489
v 0.066948 -0.040678 -0.183115
v 0.016734 0.089596 -0.198269
v -0.197159 -0.255777 -0.181998
v -0.195057 -0.235948 -0.174094
v -0.187301 -0.244101 -0.193634
v -0.193113 -0.240320 -0.234018
v -0.193615 -0.251171 -0.219372
v -0.186007 -0.237596 -0.214741
v 0.181320 -0.255606 -0.182027
v 0.171460 -0.243974 -0.193699
v 0.179455 -0.236130 -0.173572
v 0.177878 -0.251277 -0.219606
v 0.177273 -0.240309 -0.233930
v 0.170200 -0.237629 -0.214628
v -0.094810 -0.289576 0.108384
v 0.079716 -0.289210 0.108562
v -0.046997 -0.016493 0.495603
v -0.076434 0.129340 0.495683
v -0.067190 0.092418 0.500502
v -0.007905 0.105526 0.501719
v 0.031205 -0.016511 0.495597
v 0.051118 0.092322 0.500546
v 0.060453 0.129363 0.495706
v -0.128473 0.386886 0.343174
v -0.200224 0.382564 0.280770
v 0.112739 0.386892 0.343134
v 0.184537 0.382578 0.280563
v -0.101116 -0.026521 -0.185115
v -0.133257 -0.062130 -0.180055
v -0.132575 -0.038887 -0.183649
v -0.158766 -0.074909 -0.187030
v 0.117134 -0.040921 -0.183238
v 0.116759 -0.062576 -0.180047
v 0.085575 -0.026842 -0.185081
v 0.142647 -0.075252 -0.187056
v -0.203911 0.120294 0.457141
v -0.226878 0.122674 0.442128
v -0.200750 0.063902 0.460959
v -0.227377 0.163059 0.436472
v -0.205982 0.154369 0.451438
v -0.211339 0.185947 0.439678
v 0.185008 0.064437 0.460919
v 0.210957 0.122826 0.442216
v 0.188114 0.120874 0.457098
v 0.190287 0.154585 0.451334
v 0.211363 0.163410 0.436502
v 0.195478 0.186130 0.439639
v -0.058495 -0.420473 -0.055223
v -0.074172 -0.408236 -0.066537
v -0.052002 -0.421704 -0.047731
v 0.058788 -0.408160 -0.066695
v 0.042485 -0.420372 -0.055330
v 0.035679 -0.421667 -0.046628
v -0.294469 -0.273230 0.024124
v -0.319669 -0.239053 -0.000769
v -0.306908 -0.261907 -0.014397
v -0.279241 -0.277939 0.021927
v -0.278402 -0.281499 0.008276
v 0.303312 -0.239895 -0.000411
v 0.278453 -0.273245 0.025359
v 0.291216 -0.261697 -0.014160
v 0.262777 -0.281353 0.008671
v 0.263672 -0.278005 0.021519
v -0.185477 -0.104462 -0.332875
v -0.179285 -0.108155 -0.331685
v -0.170741 -0.087253 -0.326251
v -0.225675 -0.181992 -0.299524
v -0.197570 -0.169977 -0.326897
v 0.154779 -0.087174 -0.326289
v 0.163982 -0.108581 -0.331918
v 0.169693 -0.104940 -0.333070
v 0.181802 -0.169525 -0.326791
v 0.209794 -0.182128 -0.299637
v -0.022286 -0.389420 0.140112
v -0.027444 -0.396971 0.188115
v -0.048652 -0.387096 0.214245
v 0.011594 -0.396972 0.188120
v 0.006713 -0.389474 0.140558
v 0.032570 -0.387205 0.214081
v -0.120403 -0.234951 -0.461252
v -0.134267 -0.229518 -0.458272
v -0.139583 -0.205475 -0.450838
v -0.117672 -0.220105 -0.425865
v -0.130026 -0.202262 -0.438673
v -0.121459 -0.207082 -0.398149
v 0.119044 -0.229600 -0.458216
v 0.123720 -0.205792 -0.450992
v 0.114280 -0.202293 -0.439032
v 0.102332 -0.218634 -0.421843
v 0.105740 -0.206613 -0.397597
v -0.096347 -0.392928 -0.044055
v -0.118598 -0.367483 -0.055039
v -0.104011 -0.385756 -0.037572
v -0.156384 -0.350646 -0.044133
v 0.080620 -0.392848 -0.043972
v 0.088533 -0.385454 -0.037681
v 0.102735 -0.367519 -0.055049
v 0.143792 -0.348621 -0.044344
v -0.069834 0.415570 0.313721
v -0.059109 0.427500 0.289538
v -0.101364 0.420888 0.290924
v -0.133299 0.400061 0.319605
v -0.151744 0.405540 0.295141
v -0.159111 0.387107 0.324544
v 0.085579 0.420894 0.290892
v 0.043551 0.427447 0.289596
v 0.053973 0.415545 0.313784
v 0.143310 0.387118 0.324519
v 0.135903 0.405549 0.295152
v 0.117434 0.400076 0.319604
v -0.337976 0.132615 0.329204
v -0.319563 0.152863 0.356284
v -0.328937 0.103990 0.344926
v 0.322048 0.131973 0.329591
v 0.313212 0.103042 0.344785
v 0.303867 0.153059 0.356149
v -0.087652 -0.331227 -0.244546
v -0.065483 -0.313866 -0.267585
v -0.056064 -0.323321 -0.262457
v -0.057489 -0.275303 -0.270845
v 0.071514 -0.331241 -0.244624
v 0.040025 -0.323277 -0.262365
v 0.049733 -0.313926 -0.267598
v 0.041518 -0.273151 -0.271146
v -0.306745 -0.132429 0.283972
v -0.344010 -0.072093 0.258065
v -0.258552 -0.171765 0.328795
v 0.328317 -0.071871 0.257979
v 0.290954 -0.132510 0.283862
v 0.243231 -0.171051 0.328631
v -0.228425 0.305810 0.349332
v -0.280880 0.264496 0.331550
v -0.224404 0.292874 0.365578
v -0.330972 0.277007 0.227185
v -0.339200 0.215662 0.276144
v -0.336143 0.232530 0.283203
v 0.208609 0.292825 0.365604
v 0.265003 0.264590 0.331536
v 0.212610 0.305829 0.349317
v 0.320375 0.232109 0.283396
v 0.323374 0.215749 0.276558
v 0.315112 0.277273 0.226241
v -0.222013 -0.040146 -0.223184
v -0.229633 -0.039043 -0.213886
v -0.223969 -0.029717 -0.240989
v 0.214641 -0.038054 -0.214751
v 0.206020 -0.040098 -0.223693
v 0.208011 -0.029665 -0.241320
v -0.072108 -0.353847 0.033778
v -0.058380 -0.385463 0.042680
v 0.056174 -0.353393 0.034072
v 0.042666 -0.385363 0.042578
v -0.211018 -0.194060 -0.318528
v -0.236048 -0.201913 -0.314132
v -0.227792 -0.203926 -0.315619
v -0.232187 -0.185295 -0.295858
v 0.194706 -0.194480 -0.319083
v 0.216475 -0.184975 -0.295510
v 0.211645 -0.203301 -0.315128
v 0.219895 -0.201705 -0.313894
v -0.126433 -0.382477 -0.263543
v -0.113419 -0.396723 -0.263842
v -0.130485 -0.391305 -0.264451
v -0.103115 -0.372468 -0.298282
v -0.109937 -0.377738 -0.307998
v -0.102409 -0.371298 -0.327503
v 0.112587 -0.392780 -0.264284
v 0.100781 -0.393874 -0.263848
v 0.087285 -0.372415 -0.298248
v 0.086572 -0.371317 -0.327052
v 0.094442 -0.378144 -0.305805
v -0.171377 -0.129942 -0.237350
v -0.165886 -0.103465 -0.209106
v -0.164987 -0.120529 -0.235215
v -0.167433 -0.093606 -0.200259
v -0.173068 -0.105145 -0.196441
v -0.174759 -0.086189 -0.190237
v 0.155243 -0.129240 -0.237216
v 0.149263 -0.120617 -0.235244
v 0.149874 -0.103808 -0.209555
v 0.159611 -0.082788 -0.188867
v 0.157290 -0.104207 -0.195987
v 0.151575 -0.091361 -0.198797
v -0.106164 -0.374367 -0.450731
v -0.102631 -0.380592 -0.420068
v -0.123971 -0.366988 -0.421998
v -0.120421 -0.369695 -0.403259
v 0.108100 -0.367018 -0.422159
v 0.086711 -0.380641 -0.420044
v 0.090067 -0.374534 -0.450797
v 0.104247 -0.369922 -0.403249
v 0.064667 -0.282503 0.408967
v -0.079766 -0.282951 0.408754
v -0.186143 0.009355 -0.378840
v 0.174769 0.012257 -0.371885
v -0.007905 0.212306 0.476346
v -0.007905 0.245565 0.464152
v -0.061114 0.220625 0.471942
v -0.183971 0.229461 0.434615
v 0.045438 0.220326 0.472039
v 0.168195 0.229467 0.434599
v -0.350861 0.029639 0.236546
v -0.346647 0.087201 0.275816
v -0.341384 0.192304 0.262610
v 0.334933 0.030386 0.237683
v 0.330822 0.087633 0.275799
v 0.325572 0.192261 0.262518
v -0.176277 -0.064419 -0.302614
v -0.167580 -0.057210 -0.311552
v -0.140751 -0.107577 -0.316562
v -0.151937 -0.085051 -0.318871
v 0.153058 -0.056035 -0.310377
v 0.160552 -0.064741 -0.302613
v 0.136262 -0.084096 -0.319195
v 0.125063 -0.106026 -0.317566
v -0.306225 0.058566 -0.119147
v -0.318707 0.072098 -0.112015
v -0.345374 -0.006939 -0.084399
v -0.338223 0.045840 -0.087532
v 0.304576 0.073166 -0.110339
v 0.290353 0.061481 -0.120364
v 0.282593 0.081427 -0.137860
v 0.329542 -0.007168 -0.084423
v 0.322238 0.045542 -0.087632
v 0.032033 -0.424144 0.030813
v -0.047812 -0.424177 0.030833
v -0.216893 -0.311971 0.135197
v -0.207282 -0.321379 0.152662
v 0.201814 -0.312001 0.135286
v 0.190658 -0.321555 0.152465
v -0.054243 -0.260424 0.433890
v -0.033137 -0.274257 0.427533
v -0.007905 -0.259423 0.437376
v -0.074223 -0.215054 0.451518
v -0.076934 -0.241699 0.439757
v -0.048739 -0.232793 0.447944
v 0.017397 -0.274349 0.427461
v 0.038447 -0.260540 0.433821
v 0.033022 -0.232965 0.447856
v 0.061085 -0.241741 0.439744
v 0.058246 -0.215054 0.451549
v -0.114504 0.440106 -0.005949
v -0.144336 0.443568 0.007401
v -0.036224 0.455545 0.018517
v -0.203105 0.427298 0.015907
v -0.185493 0.435886 0.021190
v -0.189544 0.427409 -0.003699
v 0.098801 0.440106 -0.005930
v 0.020077 0.455470 0.018245
v 0.128497 0.443547 0.007367
v 0.169835 0.435837 0.021227
v 0.187222 0.427328 0.015887
v 0.173735 0.427407 -0.003704
v -0.219779 -0.237156 0.004646
v 0.203979 -0.236950 0.004767
v -0.136708 -0.097681 -0.336402
v -0.146322 -0.083762 -0.326696
v -0.153931 -0.052999 -0.337091
v 0.120997 -0.097557 -0.336294
v 0.138107 -0.052892 -0.337255
v 0.130316 -0.083992 -0.326882
v -0.355482 -0.074263 0.221137
v -0.343665 -0.121040 0.203031
v 0.339687 -0.074453 0.220866
v 0.327844 -0.121000 0.203140
v -0.289193 0.335282 0.004760
v -0.328378 0.282871 0.106006
v 0.273348 0.335296 0.004708
v 0.312644 0.281726 0.105041
v -0.188827 -0.325258 -0.031745
v -0.183370 -0.331978 -0.038503
v -0.155657 -0.340083 -0.026023
v -0.218345 -0.315636 -0.036627
v -0.246657 -0.302977 -0.019454
v 0.174322 -0.324811 -0.031895
v 0.140086 -0.339757 -0.025910
v 0.165854 -0.332942 -0.038522
v 0.229989 -0.303474 -0.020220
v 0.201037 -0.316274 -0.037020
v -0.084853 -0.332214 -0.216242
v -0.126013 -0.340784 -0.248634
v -0.133292 -0.336961 -0.261108
v 0.069118 -0.332346 -0.216460
v 0.110291 -0.340720 -0.248687
v 0.117139 -0.337098 -0.260062
v -0.169040 0.019687 0.470449
v -0.137518 -0.018249 0.474876
v -0.087292 0.037569 0.494410
v -0.238146 0.051914 0.431226
v -0.229298 0.015613 0.436551
v 0.071494 0.038007 0.494449
v 0.121906 -0.018085 0.474842
v 0.153298 0.020052 0.470465
v 0.213566 0.016410 0.436562
v 0.224429 0.050129 0.429106
v -0.073690 0.334472 0.410926
v -0.042035 0.328292 0.419886
v -0.049300 0.353341 0.399288
v -0.049642 0.255124 0.459044
v -0.007905 0.296294 0.440507
v -0.060049 0.282291 0.444948
v 0.033450 0.353290 0.399336
v 0.026276 0.328344 0.419849
v 0.057863 0.334539 0.410878
v 0.034169 0.254431 0.459310
v 0.044497 0.281992 0.445061
v -0.007905 -0.400962 0.068341
v -0.034394 -0.387068 0.129276
v 0.016647 -0.387363 0.129655
v -0.102484 -0.341643 -0.211548
v -0.113437 -0.345296 -0.222821
v -0.090831 -0.337023 -0.235164
v -0.101253 -0.356402 -0.223736
v -0.088241 -0.337078 -0.224477
v 0.097085 -0.344941 -0.221964
v 0.085255 -0.341844 -0.210641
v 0.082945 -0.319952 -0.199578
v 0.072437 -0.337032 -0.224420
v 0.085469 -0.356405 -0.223727
v 0.075100 -0.337138 -0.235186
v -0.221902 -0.169102 -0.208014
v -0.226748 -0.178135 -0.213455
v -0.221122 -0.165563 -0.242181
v -0.219218 -0.173192 -0.157678
v -0.226482 -0.184311 -0.186336
v 0.203380 -0.173184 -0.157540
v 0.206102 -0.168966 -0.208706
v 0.210732 -0.184359 -0.186621
v 0.211354 -0.179456 -0.209974
v 0.199887 -0.155353 -0.258773
v -0.064590 -0.230377 -0.175366
v 0.048934 -0.230104 -0.175420
v -0.189370 0.286817 0.401040
v -0.207922 0.278206 0.393185
v -0.208143 0.243229 0.415537
v 0.173498 0.286853 0.401054
v 0.192328 0.243236 0.415535
v 0.192098 0.278202 0.393197
v -0.048590 -0.259186 -0.284155
v -0.036263 -0.281390 -0.251507
v -0.044858 -0.268497 -0.269093
v 0.032605 -0.259438 -0.284369
v 0.027434 -0.270426 -0.267885
v 0.020503 -0.281504 -0.250195
v -0.253299 -0.106114 -0.427356
v -0.231495 -0.130604 -0.428440
v -0.239334 -0.170154 -0.429899
v -0.231995 -0.105519 -0.424478
v -0.256303 -0.071210 -0.418617
v 0.236746 -0.110141 -0.427689
v 0.223748 -0.171109 -0.429925
v 0.215728 -0.130917 -0.428467
v 0.216242 -0.105376 -0.424469
v 0.237696 -0.083142 -0.421916
v 0.068848 0.257700 -0.184641
v -0.084343 0.257596 -0.184578
v -0.048061 -0.373543 0.085462
v -0.051009 -0.379163 0.112902
v -0.041574 -0.383993 0.105363
v 0.035127 -0.379264 0.112774
v 0.032080 -0.374061 0.085757
v 0.024535 -0.384324 0.103094
v -0.089410 -0.393378 -0.114099
v -0.103539 -0.394543 -0.128787
v -0.121159 -0.378989 -0.122864
v -0.104397 -0.383317 -0.110098
v 0.073533 -0.393469 -0.114195
v 0.087525 -0.394666 -0.128761
v 0.088745 -0.383646 -0.110917
v 0.105933 -0.378196 -0.122144
v -0.186558 -0.291315 -0.339055
v -0.200543 -0.258041 -0.335605
v 0.184779 -0.257591 -0.335545
v 0.170766 -0.290711 -0.339037
v -0.203448 -0.104536 -0.279810
v 0.187763 -0.104878 -0.279780
v -0.119760 0.034917 -0.207202
v -0.101869 -0.006802 -0.190089
v -0.144970 0.028464 -0.209485
v -0.145040 0.088381 -0.223486
v -0.123329 0.063153 -0.216186
v -0.144888 0.052169 -0.215093
v 0.103725 0.035171 -0.207234
v 0.129694 0.027517 -0.209252
v 0.086485 -0.006469 -0.190259
v 0.129017 0.051945 -0.215051
v 0.107310 0.063296 -0.216191
v 0.129101 0.088447 -0.223506
v -0.356106 0.105042 0.005186
v -0.358250 0.070422 -0.031635
v -0.353717 0.095541 0.055660
v -0.352244 0.115682 -0.040179
v -0.352500 0.077146 -0.070950
v -0.359178 0.069762 -0.051618
v 0.340105 0.105710 0.009039
v 0.337919 0.095005 0.055763
v 0.342351 0.069020 -0.030840
v 0.336135 0.116563 -0.040459
v 0.343064 0.071407 -0.051864
v 0.336641 0.077369 -0.070936
v -0.096235 -0.400621 -0.268330
v -0.100671 -0.389198 -0.260971
v -0.110351 -0.385811 -0.259837
v 0.085001 -0.388609 -0.261810
v 0.080340 -0.401020 -0.268749
v 0.093195 -0.386318 -0.259417
v 0.085158 -0.397685 -0.264241
v 0.049138 0.306460 0.430722
v -0.065093 0.306565 0.430637
v -0.245530 -0.227321 -0.425358
v -0.254733 -0.165941 -0.423294
v -0.255951 -0.183446 -0.418253
v -0.262741 -0.106344 -0.423514
v 0.229756 -0.227260 -0.425457
v 0.242032 -0.170181 -0.417201
v 0.238423 -0.167391 -0.423678
v 0.246891 -0.106606 -0.423534
v -0.181371 -0.342252 -0.237445
v -0.154740 -0.363007 -0.267090
v -0.177411 -0.348731 -0.259063
v 0.165571 -0.342466 -0.237545
v 0.160840 -0.350307 -0.259024
v 0.136029 -0.367436 -0.266692
v -0.017847 -0.375271 -0.001024
v -0.024180 -0.372492 -0.004547
v -0.024507 -0.357702 -0.007163
v 0.008192 -0.372454 -0.004368
v 0.002396 -0.375805 -0.000751
v -0.007905 -0.360552 -0.002268
v -0.243736 -0.257588 0.239716
v -0.198512 -0.298764 0.281944
v -0.104223 -0.344550 0.294785
v 0.182649 -0.298814 0.281981
v 0.227946 -0.257506 0.239820
v 0.088553 -0.344372 0.295034
v -0.025090 -0.448437 0.033015
v -0.007905 -0.450703 0.032900
v -0.007905 -0.425981 0.046159
v -0.036686 -0.436570 0.003642
v -0.028547 -0.449876 0.020936
v -0.047278 -0.442483 0.013692
v 0.009343 -0.448201 0.033167
v 0.014614 -0.449563 0.021251
v 0.021337 -0.436063 0.003431
v -0.278343 -0.028274 -0.233388
v -0.267557 -0.014215 -0.242099
v -0.278090 -0.025831 -0.260702
v 0.262474 -0.026083 -0.259783
v 0.252437 -0.015073 -0.242505
v 0.262788 -0.028687 -0.234403
v -0.175799 -0.126633 -0.317142
v -0.171038 -0.162717 -0.289350
v 0.159963 -0.126778 -0.317085
v 0.155186 -0.162850 -0.289429
v -0.246636 -0.140805 -0.137844
v -0.256435 -0.141145 -0.146564
v -0.261789 -0.179426 -0.147143
v -0.270234 -0.153551 -0.145020
v 0.230431 -0.140772 -0.137761
v 0.240391 -0.141087 -0.146235
v 0.254249 -0.153556 -0.145344
v 0.245797 -0.179318 -0.147961
v -0.347110 -0.004678 -0.007312
v -0.343872 -0.017894 0.021294
v -0.352962 -0.059918 0.132993
v -0.348158 -0.025579 0.075812
v 0.328070 -0.017791 0.021034
v 0.332429 -0.025924 0.076667
v 0.337144 -0.060315 0.133397
v -0.111455 -0.393751 -0.142229
v -0.102722 -0.399641 -0.146313
v -0.116437 -0.396283 -0.174295
v -0.093724 -0.405744 -0.163471
v 0.095761 -0.393634 -0.142132
v 0.100762 -0.396249 -0.174695
v 0.087060 -0.399565 -0.146220
v 0.078052 -0.405718 -0.163628
v -0.318664 0.308175 0.225264
v -0.306167 0.324492 0.221240
v -0.310977 0.327586 0.192653
v -0.258820 0.387357 0.146650
v -0.251055 0.397114 0.115760
v 0.295315 0.327259 0.193437
v 0.290986 0.323596 0.221955
v 0.303316 0.306968 0.226759
v 0.235329 0.397035 0.115806
v 0.243160 0.387216 0.146612
v -0.238740 0.178835 -0.199801
v -0.256079 0.125728 -0.189109
v 0.222988 0.178707 -0.199776
v 0.240049 0.126015 -0.189300
v 0.015295 0.447573 -0.002880
v -0.031217 0.447666 -0.002652
v -0.303217 -0.164409 0.136489
v -0.334655 -0.091622 0.112728
v -0.319848 -0.106785 0.090553
v 0.288184 -0.164673 0.137999
v 0.318935 -0.091453 0.112714
v 0.304731 -0.105415 0.089914
v -0.076373 -0.407632 -0.284074
v -0.081531 -0.405025 -0.308644
v -0.068095 -0.402267 -0.307139
v -0.081283 -0.394678 -0.331396
v -0.092542 -0.396141 -0.320777
v -0.095279 -0.385377 -0.332900
v 0.065618 -0.404799 -0.309669
v 0.060508 -0.407609 -0.284325
v 0.052407 -0.402515 -0.305506
v 0.078726 -0.385767 -0.333404
v 0.076726 -0.395986 -0.321188
v 0.064673 -0.395331 -0.330663
v -0.329047 -0.146604 0.172599
v -0.335163 -0.124503 0.164218
v -0.308127 -0.145204 0.134148
v -0.352017 -0.102102 0.196795
v 0.292031 -0.145384 0.133791
v 0.319422 -0.124982 0.164854
v 0.313408 -0.146572 0.172896
v 0.336207 -0.102041 0.196953
v -0.088330 -0.337078 0.005410
v -0.080622 -0.341207 0.015538
v -0.087204 -0.353039 0.009509
v -0.091720 -0.372003 0.001464
v -0.077858 -0.373621 0.018263
v 0.065184 -0.341559 0.015182
v 0.072542 -0.336224 0.005239
v 0.073991 -0.372663 0.003327
v 0.071084 -0.353510 0.009839
v 0.062548 -0.373429 0.017542
v -0.110765 0.150550 -0.217079
v 0.097476 0.151254 -0.217604
v -0.023062 -0.391551 -0.122702
v -0.007905 -0.382692 -0.115339
v -0.007905 -0.360904 -0.108951
v -0.027346 -0.366222 -0.112496
v 0.007559 -0.391379 -0.122409
v 0.012209 -0.365671 -0.112524
v -0.251475 -0.187187 -0.160922
v 0.235688 -0.187260 -0.160384
v 0.001813 -0.272065 -0.282226
v -0.017749 -0.272071 -0.282317
v -0.127126 -0.346003 -0.323006
v -0.140618 -0.353517 -0.291589
v -0.149518 -0.349463 -0.304494
v -0.161188 -0.340975 -0.292309
v 0.132336 -0.349211 -0.306750
v 0.124624 -0.353515 -0.291518
v 0.111259 -0.346090 -0.322853
v 0.145559 -0.340282 -0.291918
v -0.296207 -0.274370 -0.002908
v 0.280510 -0.274281 -0.003136
v -0.079273 -0.245005 0.056346
v -0.092652 -0.235800 0.067570
v -0.104501 -0.221370 0.053725
v -0.134651 -0.210584 0.022761
v -0.108285 -0.220371 0.035827
v 0.077006 -0.235654 0.067596
v 0.063376 -0.245105 0.056347
v 0.088549 -0.221437 0.053479
v 0.092818 -0.220089 0.036292
v 0.118794 -0.210646 0.022626
v -0.131255 -0.280132 -0.469798
v -0.137317 -0.254176 -0.464610
v -0.195685 -0.269757 -0.441411
v 0.115940 -0.280315 -0.469680
v 0.180528 -0.269026 -0.441054
v 0.121825 -0.254541 -0.464547
v -0.323506 0.290821 0.247822
v -0.328161 0.286675 0.236042
v -0.329129 0.260035 0.277204
v 0.313280 0.259055 0.278436
v 0.312571 0.285896 0.236627
v 0.307764 0.290402 0.248457
v -0.299013 -0.236983 0.130964
v -0.278866 -0.272050 0.150504
v 0.263103 -0.271546 0.151234
v 0.282607 -0.236400 0.129482
v -0.178534 -0.187276 -0.248049
v -0.190048 -0.200088 -0.238665
v -0.191146 -0.209698 -0.230748
v 0.162581 -0.187362 -0.248607
v 0.175325 -0.209657 -0.230783
v 0.174266 -0.200231 -0.238900
v 0.021883 0.066542 0.503434
v 0.016405 -0.005309 0.498078
v 0.044578 0.058181 0.500995
v -0.060442 0.058419 0.501008
v -0.032135 -0.005384 0.498078
v -0.037778 0.066525 0.503429
v -0.220410 0.416277 0.130825
v -0.181530 0.412101 0.232958
v -0.167189 0.421848 0.220759
v -0.173626 0.400120 0.281813
v -0.168097 0.390992 0.307992
v 0.204643 0.416274 0.130760
v 0.150637 0.422072 0.221214
v 0.165654 0.412188 0.232777
v 0.157816 0.400119 0.281817
v 0.152285 0.390992 0.307995
v -0.163207 -0.359909 -0.186183
v -0.189312 -0.319506 -0.186987
v -0.190627 -0.295681 -0.187185
v 0.147385 -0.360001 -0.186505
v 0.173612 -0.319163 -0.186474
v 0.174751 -0.295856 -0.187248
v -0.044023 -0.269676 -0.449278
v -0.053507 -0.261425 -0.463633
v 0.037565 -0.261526 -0.463320
v 0.028820 -0.269030 -0.452295
v -0.074567 -0.390656 -0.110719
v -0.058489 -0.389203 -0.121468
v -0.058558 -0.376328 -0.116777
v -0.040976 -0.389965 -0.122728
v -0.028231 -0.377268 -0.116926
v 0.058999 -0.390756 -0.110557
v 0.042675 -0.376041 -0.116712
v 0.042553 -0.389049 -0.121476
v 0.012512 -0.376770 -0.116832
v 0.024915 -0.389455 -0.122602
v -0.148660 -0.330544 -0.334036
v -0.158263 -0.326454 -0.343564
v -0.140289 -0.349240 -0.346629
v -0.137920 -0.346156 -0.328020
v -0.155187 -0.342180 -0.309079
v -0.146339 -0.336694 -0.329314
v 0.132628 -0.330985 -0.334218
v 0.124617 -0.349090 -0.346809
v 0.142323 -0.326607 -0.343550
v 0.130701 -0.336314 -0.329409
v 0.139476 -0.342299 -0.308867
v 0.122425 -0.346084 -0.327810
v -0.007905 -0.442098 0.011962
v -0.021213 -0.419772 0.003131
v -0.030525 -0.408988 -0.002725
v -0.018931 -0.397118 0.004652
v -0.007905 -0.454123 0.025016
v 0.006141 -0.419379 0.002827
v 0.003381 -0.397764 0.004372
v 0.015383 -0.409383 -0.003370
v -0.240101 -0.285778 -0.094921
v 0.225080 -0.285310 -0.095082
v -0.057724 -0.191890 0.462279
v -0.038008 -0.212860 0.457175
v -0.029362 -0.183447 0.468072
v -0.033776 -0.086618 0.488190
v 0.013500 -0.183663 0.468006
v 0.022167 -0.213005 0.457119
v 0.041877 -0.191990 0.462252
v 0.017936 -0.086422 0.488220
v -0.340828 0.178100 0.075030
v -0.350457 0.150590 0.021909
v -0.348493 0.134172 0.084214
v 0.324972 0.178324 0.075016
v 0.332677 0.134171 0.084313
v 0.334634 0.150640 0.021924
v -0.074093 -0.417420 -0.202806
v -0.080045 -0.421389 -0.235584
v -0.062938 -0.422410 -0.197399
v -0.056294 -0.431882 -0.230505
v -0.047733 -0.421579 -0.187818
v 0.058457 -0.417234 -0.202475
v 0.064315 -0.421386 -0.235752
v 0.032090 -0.421601 -0.188049
v 0.040789 -0.431820 -0.230269
v 0.047198 -0.420455 -0.190121
v -0.135849 -0.349876 -0.333753
v -0.127632 -0.358654 -0.330985
v -0.133979 -0.361346 -0.299956
v -0.126872 -0.350336 -0.319653
v 0.120524 -0.349611 -0.334450
v 0.110985 -0.350316 -0.319875
v 0.117700 -0.361135 -0.301901
v 0.111780 -0.358672 -0.330903
v -0.215631 -0.249213 -0.128592
v -0.227416 -0.248907 -0.119720
v -0.199546 -0.260235 -0.158155
v 0.211506 -0.248455 -0.119948
v 0.200038 -0.248890 -0.128543
v 0.183787 -0.260420 -0.157558
v -0.273733 -0.050896 -0.192605
v -0.280932 -0.032619 -0.184405
v -0.247186 -0.052378 -0.187041
v -0.240782 -0.061931 -0.191107
v 0.265010 -0.033129 -0.183931
v 0.257449 -0.051792 -0.192718
v 0.224272 -0.061185 -0.191408
v 0.231486 -0.052697 -0.186911
v -0.207236 0.415709 -0.011975
v -0.291914 0.342821 0.030363
v -0.248309 0.380813 0.001448
v 0.191574 0.415578 -0.012136
v 0.232493 0.380900 0.001678
v 0.276182 0.342759 0.030444
v -0.253524 -0.067792 -0.188457
v -0.260557 -0.080327 -0.196401
v -0.243782 -0.082968 -0.191486
v 0.230355 -0.072822 -0.190857
v 0.243493 -0.081394 -0.195990
v 0.238006 -0.063914 -0.186539
v 0.228655 -0.086785 -0.191596
v -0.142402 -0.123909 -0.299739
v -0.129578 -0.141489 -0.290641
v -0.132776 -0.122479 -0.312014
v 0.127345 -0.123468 -0.299800
v 0.117174 -0.121934 -0.312375
v 0.113959 -0.141314 -0.290608
v -0.227642 -0.170467 -0.269256
v -0.227127 -0.169421 -0.253101
v 0.211938 -0.170526 -0.269171
v 0.205644 -0.165705 -0.243305
v 0.211310 -0.169391 -0.252899
v -0.168134 -0.211185 0.076999
v -0.168758 -0.234543 0.097362
v -0.143873 -0.234898 0.093730
v -0.150896 -0.265688 0.111318
v 0.151682 -0.210888 0.076523
v 0.134190 -0.266475 0.111634
v 0.128421 -0.234507 0.093564
v 0.152833 -0.234793 0.097497
v -0.068958 -0.425323 -0.046601
v 0.053043 -0.425402 -0.046586
v -0.080165 0.393338 0.349969
v -0.043509 0.397221 0.350373
v -0.007905 0.351491 0.403365
v -0.007905 0.368720 0.387007
v -0.051750 0.369568 0.384097
v 0.027345 0.397394 0.350160
v 0.064279 0.393346 0.349974
v 0.035856 0.369586 0.384091
v 0.022001 -0.282874 -0.484559
v 0.036285 -0.287297 -0.487146
v -0.060170 -0.265359 -0.478539
v -0.038001 -0.282218 -0.483842
v -0.049137 -0.286088 -0.487012
v -0.299980 -0.079312 -0.112334
v -0.318520 -0.091755 -0.106470
v -0.330317 -0.057170 -0.095633
v -0.352264 -0.019216 -0.078075
v 0.302647 -0.091458 -0.106484
v 0.279427 -0.079019 -0.114263
v 0.314079 -0.058262 -0.095963
v 0.336528 -0.019268 -0.077991
v -0.135900 0.104040 -0.224361
v -0.161949 0.150057 -0.224313
v -0.166414 0.120940 -0.225495
v 0.119280 0.104341 -0.224264
v 0.150860 0.120571 -0.225438
v 0.146833 0.150230 -0.224326
v -0.239529 -0.078480 -0.416970
v -0.238105 -0.047955 -0.406716
v -0.258680 0.000416 -0.372787
v -0.235327 0.007115 -0.374541
v -0.251219 -0.005946 -0.389002
v 0.231877 -0.054450 -0.407881
v 0.221523 -0.046424 -0.406475
v 0.219795 0.007012 -0.374587
v 0.243119 0.000367 -0.372709
v 0.235385 -0.005999 -0.389096
v -0.288659 0.347040 0.202430
v -0.270285 0.372008 0.172169
v -0.276618 0.350049 0.219958
v -0.266617 0.368269 0.193687
v 0.254663 0.371793 0.172351
v 0.273447 0.346373 0.202799
v 0.251135 0.368028 0.193675
v 0.261006 0.349987 0.219744
v -0.133786 -0.273721 0.113395
v -0.143410 -0.303599 0.135037
v -0.168831 -0.298192 0.131940
v 0.117295 -0.274345 0.113603
v 0.153256 -0.298440 0.132054
v 0.129557 -0.303725 0.135145
v -0.326019 -0.103448 -0.102807
v -0.351648 -0.090369 -0.084635
v -0.344737 -0.067706 -0.088508
v -0.345288 -0.121595 -0.087268
v 0.335844 -0.090520 -0.084637
v 0.310425 -0.103797 -0.102688
v 0.328913 -0.068725 -0.088587
v 0.329326 -0.122577 -0.087272
v -0.080089 0.017686 -0.192877
v -0.037487 0.013323 -0.183410
v 0.062053 0.013779 -0.191273
v 0.024515 0.014282 -0.183931
v -0.218342 -0.085633 -0.186046
v -0.217308 -0.101903 -0.196013
v 0.201798 -0.102832 -0.196129
v 0.203105 -0.082778 -0.184514
v -0.084730 -0.383512 -0.464254
v -0.046096 -0.378061 -0.485290
v -0.043366 -0.393295 -0.476420
v -0.065197 -0.377882 -0.484046
v 0.067965 -0.383866 -0.464760
v 0.030355 -0.377875 -0.485397
v 0.049478 -0.377718 -0.484102
v 0.029255 -0.392887 -0.476626
v -0.074524 -0.266230 0.081397
v -0.075611 -0.254199 0.067604
v -0.086803 -0.316742 0.116727
v -0.076087 -0.277475 0.090172
v -0.069562 -0.286185 0.087427
v 0.059675 -0.254221 0.067347
v 0.059183 -0.265702 0.081508
v 0.070070 -0.316992 0.116038
v 0.053522 -0.286335 0.087410
v 0.061355 -0.275890 0.090313
v -0.322002 -0.093248 0.066473
v -0.327629 -0.070130 0.050411
v -0.302755 -0.083940 0.025980
v -0.340504 -0.080225 0.110635
v -0.333058 -0.070347 0.064106
v 0.312122 -0.069136 0.049627
v 0.306768 -0.091987 0.066115
v 0.287294 -0.083287 0.025804
v 0.324410 -0.080269 0.109704
v 0.317989 -0.069353 0.065103
v -0.130916 -0.375301 -0.284246
v -0.138591 -0.365728 -0.278363
v -0.127305 -0.365428 -0.322518
v 0.122524 -0.365823 -0.279239
v 0.114919 -0.374814 -0.286859
v 0.111372 -0.365422 -0.323096
v -0.007905 -0.339368 -0.092384
v -0.087765 -0.307525 -0.263465
v -0.072999 -0.323534 -0.265197
v 0.071413 -0.309536 -0.263080
v 0.057195 -0.323549 -0.265224
v -0.272875 -0.032088 -0.399954
v -0.265398 -0.027723 -0.407218
v -0.263048 -0.007627 -0.390725
v -0.246834 -0.010420 -0.394785
v 0.257109 -0.032059 -0.399934
v 0.231259 -0.010498 -0.394741
v 0.247258 -0.007545 -0.390617
v 0.247178 -0.026815 -0.406969
v -0.143799 -0.216756 0.005143
v 0.127720 -0.216847 0.005140
v -0.163823 -0.030092 -0.339823
v -0.177062 -0.003850 -0.347533
v -0.175110 -0.022196 -0.323396
v 0.159330 -0.022088 -0.323465
v 0.160964 -0.004195 -0.347701
v 0.148165 -0.029873 -0.339726
v -0.286848 -0.233341 -0.128236
v -0.299013 -0.237411 -0.122510
v -0.295776 -0.214437 -0.118971
v -0.268667 -0.273434 -0.102464
v 0.282217 -0.237904 -0.123583
v 0.269597 -0.232565 -0.128267
v 0.279058 -0.213900 -0.119205
v 0.252663 -0.273632 -0.102218
v -0.183173 0.370543 -0.126023
v -0.168509 0.397405 -0.082330
v -0.136026 0.359262 -0.144409
v -0.186262 0.361446 -0.138211
v 0.119221 0.359444 -0.144160
v 0.152821 0.397273 -0.082551
v 0.167297 0.371052 -0.125205
v 0.170240 0.362127 -0.137427
v -0.176315 -0.132732 -0.224315
v -0.172722 -0.115857 -0.205513
v -0.174100 -0.122200 -0.197732
v -0.172715 -0.142123 -0.206764
v 0.156624 -0.114954 -0.205776
v 0.160495 -0.132316 -0.224018
v 0.156756 -0.142134 -0.205182
v 0.158316 -0.121924 -0.197701
v -0.204450 -0.156481 -0.319066
v -0.195491 -0.123882 -0.330383
v -0.204146 -0.135937 -0.312607
v 0.188126 -0.154679 -0.319675
v 0.179457 -0.123457 -0.330569
v 0.188311 -0.135971 -0.312726
v -0.231957 -0.058711 -0.142653
v -0.195497 -0.046316 -0.174218
v 0.216214 -0.058587 -0.142620
v 0.179737 -0.046508 -0.174120
v -0.119094 -0.336462 -0.472114
v -0.065124 -0.387340 -0.475866
v -0.084715 -0.376043 -0.474379
v 0.103158 -0.336631 -0.472102
v 0.049780 -0.387123 -0.475829
v 0.069006 -0.375969 -0.474355
v -0.187657 -0.162053 0.431298
v -0.160975 -0.186270 0.435704
v -0.194205 -0.118706 0.440489
v -0.178603 -0.199518 0.422766
v 0.178331 -0.119396 0.440340
v 0.145388 -0.186299 0.435608
v 0.171804 -0.162724 0.431095
v 0.162916 -0.199625 0.422651
v -0.068210 0.184130 0.484122
v -0.052200 0.142105 0.495523
v 0.052327 0.184104 0.484138
v 0.036250 0.142059 0.495536
v -0.140558 0.150367 -0.222920
v -0.172965 0.200793 -0.214761
v -0.140901 0.195159 -0.212938
v -0.155755 0.235388 -0.212588
v 0.126462 0.149555 -0.223227
v 0.125577 0.194621 -0.213033
v 0.156922 0.200608 -0.214777
v 0.139883 0.235529 -0.212554
v -0.099547 -0.351803 -0.001697
v -0.122316 -0.353712 -0.012485
v -0.103749 -0.363423 -0.005059
v 0.083808 -0.350176 -0.001786
v 0.085419 -0.362614 -0.003577
v 0.104722 -0.355713 -0.011882
v -0.357288 -0.039046 0.228299
v -0.351704 0.006229 0.245316
v -0.357192 -0.061774 0.163100
v -0.355355 -0.016598 0.139757
v 0.335921 0.006248 0.244974
v 0.341499 -0.039101 0.228130
v 0.339587 -0.016872 0.140364
v 0.341342 -0.061997 0.162933
v -0.064069 -0.365717 -0.090735
v -0.067136 -0.378675 -0.085645
v -0.061977 -0.366419 -0.076884
v 0.048810 -0.366425 -0.091661
v 0.051231 -0.379272 -0.085132
v 0.046273 -0.366875 -0.076531
v -0.118027 0.425916 -0.032928
v -0.135040 0.389782 -0.095228
v -0.155719 0.427221 -0.027846
v 0.119354 0.389706 -0.095362
v 0.102277 0.425942 -0.032874
v 0.139765 0.427348 -0.027620
v -0.055904 -0.380837 0.128271
v -0.077761 -0.375666 0.151386
v -0.202354 -0.318870 0.143669
v -0.154900 -0.337322 0.148479
v 0.063102 -0.375820 0.152952
v 0.128972 -0.340610 0.149014
v 0.186825 -0.318951 0.143952
v -0.169874 -0.345168 -0.170419
v -0.150953 -0.342878 -0.129522
v -0.139626 -0.349287 -0.092970
v -0.167849 -0.325511 -0.119415
v 0.134699 -0.343917 -0.130840
v 0.154154 -0.344888 -0.170024
v 0.123672 -0.349440 -0.092966
v 0.152421 -0.325181 -0.124873
v -0.007905 0.117508 -0.200463
v -0.036292 0.118305 -0.202118
v -0.034382 0.150591 -0.199648
v -0.047254 0.183049 -0.193050
v 0.020575 0.118232 -0.202115
v 0.018675 0.150821 -0.199618
v 0.031561 0.183503 -0.192957
v -0.017657 -0.337642 -0.215006
v -0.029683 -0.344798 -0.218051
v -0.017882 -0.345042 -0.227990
v -0.007905 -0.367673 -0.212032
v -0.033815 -0.366723 -0.212678
v -0.007905 -0.342592 -0.192379
v 0.002006 -0.337695 -0.215051
v 0.001938 -0.345056 -0.228049
v 0.013507 -0.344683 -0.218077
v 0.017517 -0.366897 -0.212752
v -0.261945 -0.144119 -0.169569
v -0.253869 -0.128618 -0.177684
v -0.260277 -0.132163 -0.187770
v -0.264778 -0.145975 -0.145998
v 0.246129 -0.144114 -0.169838
v 0.244465 -0.131192 -0.188969
v 0.238348 -0.129098 -0.177446
v 0.249022 -0.145839 -0.145099
v -0.171700 -0.152350 -0.195409
v -0.177601 -0.153892 -0.176550
v -0.175709 -0.126041 -0.186652
v 0.161844 -0.154087 -0.176401
v 0.155970 -0.152593 -0.194863
v 0.160003 -0.124234 -0.186929
v -0.246868 -0.008112 -0.141503
v 0.230760 -0.007660 -0.142000
v -0.125885 -0.366073 -0.105980
v -0.111490 -0.373062 -0.097984
v -0.124601 -0.359099 -0.078711
v 0.108477 -0.359349 -0.078781
v 0.095366 -0.373213 -0.097785
v 0.110246 -0.365899 -0.105882
v -0.073580 0.460002 0.081866
v -0.043010 0.462497 0.109096
v -0.029333 0.460708 0.145917
v -0.007905 0.464576 0.098857
v 0.058135 0.459965 0.081653
v 0.013491 0.460704 0.145976
v 0.027241 0.462490 0.109165
v -0.048817 -0.349015 -0.218518
v -0.040158 -0.340103 -0.205905
v -0.028655 -0.350624 -0.222859
v -0.028852 -0.367079 -0.216088
v -0.024132 -0.381156 -0.229784
v 0.023961 -0.340004 -0.205901
v 0.030942 -0.348434 -0.218480
v 0.007843 -0.357015 -0.234534
v 0.008359 -0.381087 -0.229729
v 0.012964 -0.367482 -0.216886
v -0.230199 -0.268475 0.000337
v -0.238319 -0.277260 -0.007582
v 0.214523 -0.268358 0.000437
v 0.222329 -0.277391 -0.007719
v -0.152023 -0.334511 -0.361993
v -0.123070 -0.363858 -0.340737
v 0.136013 -0.334721 -0.362410
v 0.107146 -0.363937 -0.340541
v -0.146645 -0.136918 -0.282853
v -0.146709 -0.152172 -0.259665
v -0.142583 -0.150873 -0.277755
v -0.153729 -0.131227 -0.276143
v 0.130276 -0.136877 -0.283263
v 0.130976 -0.152572 -0.259193
v 0.137488 -0.130069 -0.279427
v 0.126941 -0.150424 -0.277415
v -0.356107 -0.136612 -0.048855
v -0.338881 -0.189802 -0.077433
v -0.350557 -0.167566 -0.041365
v -0.340509 -0.201219 -0.028098
v 0.339935 -0.138678 -0.048396
v 0.334752 -0.167461 -0.041325
v 0.323289 -0.189390 -0.076997
v 0.325152 -0.200115 -0.028959
v -0.189404 -0.275651 -0.217439
v -0.189405 -0.275840 -0.242171
v -0.193774 -0.285830 -0.235006
v 0.177983 -0.285893 -0.234370
v 0.173589 -0.275943 -0.242648
v 0.173573 -0.275615 -0.217158
v -0.257896 -0.190118 -0.408065
v -0.260285 -0.180721 -0.363586
v 0.244478 -0.180646 -0.363393
v 0.242402 -0.188254 -0.407782
v -0.234289 -0.291170 0.108996
v -0.246119 -0.286661 0.098275
v -0.231035 -0.261641 0.095126
v -0.265511 -0.289677 0.091506
v 0.230432 -0.285785 0.097483
v 0.219090 -0.290680 0.108397
v 0.217322 -0.263929 0.095407
v 0.248212 -0.289532 0.091653
v -0.073332 -0.357592 -0.210632
v -0.041309 -0.364450 -0.212239
v -0.048443 -0.354020 -0.219952
v -0.040148 -0.360933 -0.216483
v 0.026559 -0.363951 -0.211863
v 0.057516 -0.358156 -0.211408
v 0.013420 -0.350859 -0.222632
v 0.024828 -0.360463 -0.216713
v 0.032562 -0.353477 -0.220141
v -0.178741 -0.142207 -0.258402
v -0.175312 -0.120253 -0.298891
v -0.177512 -0.128216 -0.269899
v -0.169984 -0.122944 -0.274041
v -0.150070 -0.142717 -0.244945
v -0.159918 -0.132201 -0.259025
v -0.124691 -0.398253 -0.229114
v -0.126532 -0.394683 -0.212629
v -0.133064 -0.399876 -0.248367
v 0.117174 -0.399893 -0.248062
v 0.110849 -0.394580 -0.212491
v 0.109044 -0.398203 -0.228976
v -0.282767 -0.021749 -0.295878
v -0.283632 -0.010583 -0.321822
v -0.279334 -0.008580 -0.359576
v -0.278624 -0.029692 -0.339663
v 0.267034 -0.020993 -0.297707
v 0.267758 -0.010703 -0.322367
v 0.262758 -0.030043 -0.339677
v 0.263671 -0.008264 -0.358402
v -0.194714 -0.265121 -0.239083
v -0.184798 -0.275256 -0.253941
v -0.194406 -0.260899 -0.246797
v 0.178885 -0.265249 -0.239527
v 0.178498 -0.260420 -0.246977
v 0.168961 -0.275134 -0.253896
v -0.036540 -0.398670 -0.390512
v -0.007905 -0.403639 -0.363136
v -0.033093 -0.400690 -0.364615
v 0.020985 -0.398584 -0.390380
v 0.017580 -0.400616 -0.364626
v -0.073227 -0.412068 -0.162922
v -0.085659 -0.412923 -0.189135
v 0.057374 -0.412098 -0.163000
v 0.070064 -0.412881 -0.189539
v -0.332123 -0.215305 -0.066623
v -0.317002 -0.232444 -0.098922
v 0.315993 -0.216100 -0.066324
v 0.300830 -0.233170 -0.099156
v 0.143710 -0.132816 -0.258815
v 0.134313 -0.142577 -0.244912
v -0.178997 -0.337377 -0.187237
v -0.175270 -0.333906 -0.198931
v 0.158539 -0.336397 -0.197462
v 0.163083 -0.337558 -0.186820
v -0.220827 -0.304701 -0.021014
v -0.218997 -0.314087 -0.029858
v 0.205647 -0.304532 -0.020923
v 0.202734 -0.314124 -0.029605
v -0.183123 -0.231202 -0.282000
v -0.183485 -0.228747 -0.294477
v 0.167684 -0.228775 -0.294270
v 0.167356 -0.231095 -0.282141
v -0.169244 0.434506 -0.004207
v -0.160541 0.443283 0.020101
v -0.141709 0.449937 0.054242
v 0.153453 0.434482 -0.004253
v 0.144785 0.443231 0.019916
v 0.127208 0.449663 0.054952
v -0.219785 -0.178609 -0.142165
v -0.218534 -0.163858 -0.145469
v -0.214504 -0.180401 -0.145540
v -0.211450 -0.209015 -0.143152
v 0.195946 -0.210554 -0.142701
v 0.191740 -0.186120 -0.151254
v 0.197588 -0.179169 -0.146562
v 0.202779 -0.163046 -0.145430
v 0.204334 -0.179799 -0.141610
v -0.166989 -0.312439 -0.307876
v -0.154994 -0.312840 -0.329534
v -0.160550 -0.299930 -0.334829
v 0.139220 -0.312622 -0.329541
v 0.150623 -0.312834 -0.308966
v 0.144646 -0.299839 -0.334794
v -0.277085 -0.284427 0.089977
v -0.283041 -0.278286 0.057998
v 0.269124 -0.277055 0.047248
v -0.007905 -0.388085 0.118441
v -0.137773 -0.369451 -0.268295
v 0.104828 -0.384631 -0.261893
v 0.121588 -0.370333 -0.267849
v -0.269789 -0.034228 -0.144066
v -0.267235 -0.054687 -0.181505
v -0.264534 -0.065493 -0.191705
v 0.247392 -0.045263 -0.167288
v 0.251640 -0.055226 -0.182595
v 0.253822 -0.034404 -0.144571
v 0.248513 -0.065407 -0.191397
v -0.113780 -0.167663 -0.298806
v -0.120247 -0.148177 -0.300726
v -0.128849 -0.120841 -0.323324
v 0.097901 -0.167895 -0.298793
v 0.111900 -0.123204 -0.323169
v 0.104545 -0.147678 -0.301000
v -0.190987 0.012913 -0.345857
v -0.225431 0.017197 -0.346718
v -0.211751 0.017532 -0.336485
v -0.197351 0.017309 -0.352097
v 0.174842 0.012259 -0.345230
v 0.181770 0.017311 -0.350330
v 0.197051 0.017521 -0.336833
v 0.209482 0.017212 -0.346449
v -0.283059 -0.206995 0.021246
v -0.315205 -0.226807 0.008091
v -0.312637 -0.231610 0.019529
v 0.293856 -0.228658 0.019902
v 0.299124 -0.226845 0.008527
v 0.267049 -0.206813 0.021261
v -0.037216 -0.278122 -0.478730
v -0.057951 -0.260605 -0.471624
v -0.032861 -0.277536 -0.466495
v -0.007905 -0.281219 -0.431157
v 0.016887 -0.277615 -0.466418
v 0.041775 -0.261223 -0.472532
v 0.021494 -0.278057 -0.478673
v -0.063135 -0.333679 0.085259
v -0.062800 -0.327374 0.058347
v 0.047294 -0.333820 0.085351
v 0.047038 -0.327569 0.058264
v -0.353739 0.125940 0.023862
v -0.352080 0.113161 0.068232
v -0.354043 0.076185 0.075641
v -0.355687 -0.000817 0.162516
v -0.354080 0.076487 0.118773
v 0.336308 0.113022 0.067692
v 0.337906 0.126004 0.024026
v 0.338272 0.075984 0.119521
v 0.339870 -0.000683 0.162330
v 0.338250 0.076210 0.076716
v 0.052598 0.320575 -0.169622
v 0.053257 0.335318 -0.165705
v 0.101496 0.325868 -0.175623
v -0.068653 0.320718 -0.169633
v -0.116906 0.326180 -0.175449
v -0.068183 0.335479 -0.165552
v -0.034205 -0.323272 -0.209605
v 0.018477 -0.322698 -0.209874
v -0.261529 -0.010914 -0.245228
v -0.266849 -0.014163 -0.261943
v 0.251209 -0.014260 -0.263013
v 0.245285 -0.010729 -0.244652
v -0.031863 -0.384762 -0.002005
v -0.030253 -0.371329 -0.011610
v -0.040856 -0.366983 -0.031063
v -0.033786 -0.350073 -0.018975
v 0.015931 -0.384978 -0.001730
v 0.024450 -0.367240 -0.029737
v 0.014363 -0.371552 -0.011398
v 0.018065 -0.350219 -0.019015
v -0.159813 -0.089733 -0.310935
v -0.170842 -0.074499 -0.307826
v -0.166834 -0.093537 -0.308974
v 0.154742 -0.074453 -0.307845
v 0.144401 -0.088656 -0.311034
v 0.151299 -0.093757 -0.309031
v -0.177470 -0.278109 -0.295520
v -0.169692 -0.293289 -0.303135
v -0.170818 -0.296932 -0.282954
v 0.155019 -0.296973 -0.283062
v 0.153866 -0.293342 -0.303156
v 0.161657 -0.277991 -0.295733
v -0.203647 -0.225209 0.083869
v -0.216682 -0.224043 0.072703
v -0.223439 -0.224772 0.060845
v -0.215417 -0.214714 0.053043
v 0.217662 -0.254314 0.087409
v 0.187668 -0.224931 0.083792
v 0.200493 -0.222714 0.071141
v 0.207733 -0.224871 0.060795
v 0.199629 -0.214688 0.052694
v -0.055624 -0.382807 -0.054562
v -0.051427 -0.380874 -0.031308
v 0.039861 -0.382682 -0.054743
v 0.035760 -0.380551 -0.031847
v 0.039394 -0.163698 0.470833
v 0.013072 -0.150357 0.477139
v -0.029178 -0.150223 0.477147
v -0.055265 -0.163346 0.470911
v -0.172682 -0.309338 -0.288249
v -0.170007 -0.313464 -0.279738
v 0.156914 -0.309212 -0.288374
v 0.154312 -0.313438 -0.279957
v -0.344592 0.131934 0.241781
v -0.344218 0.165927 0.287229
v -0.343361 0.138742 0.307231
v 0.328404 0.165986 0.287134
v 0.328779 0.131907 0.241629
v 0.327630 0.137367 0.307095
v -0.019402 -0.366434 -0.239316
v -0.023011 -0.356642 -0.235274
v -0.007905 -0.351710 -0.227586
v -0.013184 -0.365869 -0.236900
v -0.012351 -0.383186 -0.232450
v 0.003281 -0.366272 -0.239388
v -0.003471 -0.383333 -0.232449
v -0.002560 -0.366058 -0.237116
v -0.007905 0.435231 0.277716
v -0.007905 0.444496 0.248989
v -0.036443 0.441007 0.257797
v -0.037782 0.423008 0.304505
v 0.020834 0.440954 0.257933
v 0.022356 0.423001 0.304463
v -0.220332 -0.120673 -0.198864
v -0.226061 -0.117297 -0.181464
v -0.222500 -0.114271 -0.189716
v 0.204672 -0.122828 -0.198992
v 0.210501 -0.117830 -0.181011
v 0.206804 -0.115212 -0.189574
v -0.180923 -0.216481 0.000336
v -0.171340 -0.229353 -0.009871
v -0.162259 -0.215062 0.001261
v -0.196794 -0.231171 -0.005236
v 0.146253 -0.215067 0.001286
v 0.155442 -0.229255 -0.009822
v 0.165042 -0.216446 0.000350
v 0.181076 -0.231075 -0.005147
v -0.249944 0.274003 -0.145416
v -0.274155 0.250922 -0.116013
v 0.234147 0.273975 -0.145420
v 0.258385 0.251077 -0.115826
v 0.018828 -0.422437 -0.268261
v 0.032138 -0.423795 -0.274292
v -0.047960 -0.423826 -0.274372
v -0.034808 -0.422434 -0.268326
v -0.083079 -0.281792 -0.001960
v -0.058696 -0.295293 0.028827
v -0.067399 -0.287391 0.011083
v -0.063892 -0.302055 0.016645
v 0.067440 -0.280848 -0.001668
v 0.048081 -0.302288 0.016654
v 0.051629 -0.287355 0.011040
v 0.042917 -0.295448 0.028689
v -0.018133 -0.385886 -0.234736
v -0.019301 -0.387100 -0.229531
v 0.002279 -0.385921 -0.234779
v 0.003565 -0.387030 -0.229436
v -0.182423 -0.315955 -0.198955
v 0.166268 -0.316791 -0.199394
v 0.166194 -0.331326 -0.191771
v -0.253710 -0.174902 -0.300383
v -0.253109 -0.163199 -0.269693
v 0.237234 -0.163003 -0.268906
v 0.237624 -0.175088 -0.299199
v -0.231613 0.014074 -0.359673
v -0.210260 0.016096 -0.360697
v -0.276685 -0.003005 -0.361890
v -0.248416 0.008366 -0.363352
v 0.195537 0.016200 -0.359996
v 0.215572 0.014173 -0.359502
v 0.232684 0.008275 -0.363530
v 0.260815 -0.002821 -0.361306
v -0.077270 -0.258443 0.020856
v -0.092182 -0.231493 0.045579
v 0.061452 -0.258458 0.020869
v 0.076717 -0.231171 0.045820
v -0.175186 -0.081393 -0.309682
v -0.170014 -0.081424 -0.322143
v -0.179205 -0.083293 -0.323913
v 0.154343 -0.081245 -0.321724
v 0.159728 -0.080897 -0.309525
v 0.163266 -0.083342 -0.324233
v -0.046586 -0.405665 -0.343002
v -0.061052 -0.412870 -0.288843
v 0.030578 -0.405653 -0.343230
v 0.045758 -0.411834 -0.291593
v -0.149310 -0.326636 -0.017757
v -0.165723 -0.329273 -0.023339
v -0.183730 -0.321535 -0.025476
v 0.131679 -0.326919 -0.017357
v 0.167582 -0.321701 -0.025510
v 0.146907 -0.331058 -0.022996
v -0.191059 -0.102416 -0.327397
v -0.201781 -0.116231 -0.315041
v 0.175169 -0.102370 -0.327516
v 0.185974 -0.116362 -0.315163
v -0.094572 -0.066212 -0.182084
v -0.116651 -0.099545 -0.181765
v 0.078521 -0.066253 -0.182098
v 0.100928 -0.099552 -0.181762
v -0.306056 -0.185913 -0.110010
v 0.288592 -0.220142 -0.115236
v 0.290533 -0.186005 -0.109847
v -0.191693 -0.285576 -0.190274
v -0.195051 -0.261968 -0.221898
v -0.189434 -0.265327 -0.201380
v 0.175594 -0.285954 -0.190792
v 0.173670 -0.265350 -0.201962
v 0.179188 -0.261930 -0.221632
v -0.113425 -0.224272 -0.378151
v -0.125097 -0.159928 -0.372977
v 0.097565 -0.224477 -0.378305
v 0.109200 -0.160424 -0.373009
v -0.185228 -0.211194 0.411027
v -0.247694 -0.143814 0.366471
v -0.238007 -0.168138 0.363332
v -0.336439 -0.013503 0.315628
v -0.295548 -0.114837 0.317021
v 0.223908 -0.164913 0.363202
v 0.216652 -0.155437 0.380518
v 0.169091 -0.212426 0.410627
v 0.279745 -0.114994 0.316907
v 0.320970 -0.013558 0.315066
v -0.027455 -0.303812 0.397177
v -0.050230 -0.311572 0.381727
v -0.044913 -0.290229 0.412150
v 0.034274 -0.311688 0.381590
v 0.011657 -0.303760 0.397248
v 0.029123 -0.290231 0.412129
v -0.293416 -0.002243 -0.120236
v -0.288521 -0.012154 -0.106042
v 0.277218 -0.001839 -0.121012
v 0.273444 -0.003380 -0.107743
v 0.272704 -0.012720 -0.107054
v -0.057976 -0.253501 -0.280080
v 0.040792 -0.254054 -0.279868
v -0.104349 -0.352011 -0.238609
v -0.095165 -0.336093 -0.240283
v 0.079362 -0.336111 -0.240285
v 0.088591 -0.351958 -0.238685
v -0.082091 -0.156251 0.467008
v 0.066233 -0.156168 0.467039
v -0.249927 -0.223643 -0.404031
v -0.240404 -0.227131 -0.370968
v -0.253361 -0.202692 -0.334450
v -0.251401 -0.215593 -0.377654
v 0.234314 -0.223384 -0.403948
v 0.237745 -0.202288 -0.334223
v 0.225344 -0.226021 -0.370340
v 0.235940 -0.214869 -0.376511
v -0.187090 -0.214430 -0.215893
v 0.171281 -0.214349 -0.215923
v 0.007897 -0.329745 -0.208239
v -0.024598 -0.329943 -0.208132
v -0.295903 -0.096103 0.025398
v -0.308964 -0.107963 0.058121
v -0.294268 -0.101294 0.009849
v 0.280267 -0.096051 0.025761
v 0.293849 -0.107340 0.058908
v 0.278544 -0.100692 0.009820
v -0.173195 -0.226685 -0.329965
v -0.169154 -0.252887 -0.334735
v 0.157357 -0.226948 -0.329876
v 0.153326 -0.252664 -0.334813
v -0.244541 -0.016544 -0.230953
v -0.240256 -0.027778 -0.215524
v -0.239708 -0.040177 -0.198861
v 0.225412 -0.029098 -0.210021
v 0.228333 -0.016826 -0.231163
v 0.224679 -0.041052 -0.197126
v -0.169939 0.410661 -0.057279
v 0.154171 0.410730 -0.057120
v -0.153002 -0.276843 -0.021427
v -0.172588 -0.247874 -0.016374
v -0.153173 -0.260159 -0.020848
v 0.136737 -0.276831 -0.021451
v 0.137447 -0.260075 -0.020818
v 0.156355 -0.247668 -0.016330
v -0.361879 -0.085456 -0.054625
v -0.359221 -0.114902 -0.048652
v 0.346081 -0.084754 -0.054703
v 0.343349 -0.115111 -0.048493
v -0.349020 0.012301 0.267404
v -0.351424 -0.028183 0.266420
v 0.335775 -0.028476 0.265636
v 0.333287 0.012259 0.266659
v -0.196246 -0.255657 -0.235865
v 0.180438 -0.255690 -0.235823
v -0.223589 0.051370 0.444242
v -0.215460 0.003562 0.447916
v -0.203787 0.015793 0.457567
v 0.208704 0.052341 0.443539
v 0.187759 0.018232 0.457825
v 0.197995 0.000602 0.449082
v -0.089960 -0.235092 -0.344151
v -0.093217 -0.231397 -0.299116
v -0.083168 -0.242922 -0.333180
v -0.089567 -0.229778 -0.334126
v 0.074567 -0.234917 -0.344818
v 0.073853 -0.229553 -0.334342
v 0.067649 -0.242404 -0.333838
v 0.077356 -0.231350 -0.299416
v -0.099454 -0.286142 0.395365
v -0.077535 -0.311377 0.371774
v -0.068677 -0.295538 0.397611
v -0.103657 -0.312524 0.354498
v 0.052191 -0.295166 0.398398
v 0.061617 -0.311354 0.371866
v 0.083311 -0.286184 0.395498
v 0.087897 -0.312552 0.354422
v -0.007905 -0.287095 -0.335413
v -0.007905 -0.276771 -0.283830
v -0.007905 -0.285447 -0.317582
v -0.007905 -0.324364 -0.180298
v -0.054578 -0.307186 -0.173986
v -0.035682 -0.299312 -0.168832
v -0.045991 -0.345989 -0.196171
v 0.019856 -0.299449 -0.168875
v 0.038777 -0.307113 -0.173959
v 0.030783 -0.346197 -0.196389
v -0.132069 -0.357283 -0.436421
v -0.164378 -0.324068 -0.420770
v 0.116088 -0.357379 -0.436711
v 0.148402 -0.324248 -0.420882
v -0.342983 -0.124309 0.186625
v -0.344905 -0.064098 0.101347
v 0.327435 -0.123728 0.186774
v 0.329023 -0.064575 0.101657
v -0.104837 -0.413435 -0.256698
v -0.107403 -0.415483 -0.233816
v 0.089112 -0.413488 -0.256634
v 0.091411 -0.415547 -0.233621
v -0.148464 -0.095973 -0.430268
v -0.136589 -0.193562 -0.446209
v -0.151050 -0.102223 -0.435336
v -0.151124 -0.148928 -0.443939
v -0.209590 -0.111063 -0.428922
v 0.135260 -0.101877 -0.435227
v 0.120840 -0.193470 -0.446237
v 0.132498 -0.097249 -0.430544
v 0.192755 -0.110710 -0.429044
v 0.136013 -0.147228 -0.443624
v -0.183504 0.271605 0.413088
v -0.186872 0.176472 0.453673
v 0.167608 0.271835 0.413004
v 0.171059 0.176538 0.453651
v -0.105991 -0.406742 -0.262454
v -0.120694 -0.399166 -0.260922
v -0.103403 -0.411099 -0.207918
v 0.105170 -0.398967 -0.261011
v 0.090412 -0.405788 -0.263067
v 0.087394 -0.411546 -0.208582
v -0.114245 -0.230918 -0.455469
v -0.131547 -0.208835 -0.448831
v 0.115962 -0.209070 -0.449165
v 0.099000 -0.230870 -0.455984
v -0.064650 -0.331307 -0.188029
v -0.078750 -0.343237 -0.199932
v 0.048847 -0.331029 -0.187871
v 0.063203 -0.343185 -0.199986
v -0.189694 -0.120618 -0.335302
v -0.188777 -0.162633 -0.330424
v -0.182363 -0.135685 -0.330961
v -0.180001 -0.157796 -0.330012
v 0.166584 -0.135247 -0.331080
v 0.173368 -0.161929 -0.330322
v 0.173736 -0.120401 -0.335347
v 0.164419 -0.158166 -0.330144
v -0.353663 0.003968 -0.033684
v -0.350983 0.007190 -0.019801
v -0.321267 -0.054962 -0.010853
v 0.335184 0.007324 -0.019782
v 0.337764 0.002661 -0.033974
v 0.305912 -0.054350 -0.010889
v -0.170997 0.238297 -0.212325
v -0.151922 0.259214 -0.206227
v -0.166494 0.260215 -0.207583
v 0.155143 0.238475 -0.212305
v 0.150553 0.260067 -0.207636
v 0.136132 0.259453 -0.206158
v -0.206351 0.355495 0.317283
v -0.271292 0.316116 0.287066
v -0.314482 0.273943 0.286843
v -0.321461 0.280550 0.268461
v -0.325683 0.251108 0.295360
v 0.255407 0.315912 0.287438
v 0.190538 0.355485 0.317299
v 0.306015 0.280302 0.268165
v 0.298655 0.274089 0.286705
v 0.309889 0.250956 0.295579
v -0.157283 -0.334199 -0.091231
v -0.120409 -0.362381 -0.068801
v 0.141187 -0.334484 -0.090807
v 0.104945 -0.362121 -0.068912
v -0.314045 0.205275 -0.072556
v 0.298250 0.205360 -0.072469
v -0.300956 -0.244451 -0.119408
v -0.281370 -0.252068 -0.126660
v 0.264910 -0.252494 -0.126524
v 0.284014 -0.244897 -0.120137
v -0.038465 0.336989 -0.163186
v -0.040499 0.319940 -0.166377
v 0.022367 0.336709 -0.163236
v 0.025152 0.319940 -0.166415
v -0.106546 -0.378383 -0.274942
v 0.090824 -0.378452 -0.274793
v -0.143898 -0.373802 -0.186890
v -0.105477 -0.401450 -0.184461
v -0.111898 -0.399680 -0.182119
v -0.118866 -0.394394 -0.189397
v 0.128338 -0.373565 -0.186948
v 0.095762 -0.399870 -0.182127
v 0.085639 -0.403937 -0.184329
v 0.106431 -0.388984 -0.197302
v -0.161539 -0.062041 -0.184244
v -0.162263 -0.049395 -0.183800
v 0.146505 -0.048854 -0.183840
v 0.145464 -0.061739 -0.184138
v -0.128262 -0.212164 -0.276531
v -0.126897 -0.176326 -0.279964
v 0.112333 -0.211639 -0.276551
v 0.111006 -0.175676 -0.280096
v -0.150526 0.290845 -0.191817
v -0.189959 0.346686 -0.149457
v -0.134624 0.335772 -0.170111
v 0.134207 0.291334 -0.191584
v 0.119946 0.331606 -0.172402
v 0.172943 0.349291 -0.148318
v -0.271076 -0.186663 0.034589
v -0.274892 -0.202433 0.037422
v -0.275120 -0.201849 0.070227
v -0.281534 -0.168574 0.065420
v -0.281623 -0.152499 0.042308
v -0.274254 -0.185835 0.057706
v 0.255270 -0.186975 0.034622
v 0.259557 -0.202143 0.072974
v 0.259025 -0.202518 0.037914
v 0.265509 -0.152695 0.041508
v 0.265623 -0.168795 0.065363
v 0.258326 -0.185908 0.057045
v -0.326640 0.305150 0.070243
v -0.325648 0.303945 0.124733
v 0.309845 0.304013 0.124499
v 0.310787 0.305346 0.071485
v -0.278922 -0.207025 0.091303
v -0.275771 -0.193521 0.084406
v 0.263212 -0.207166 0.091615
v 0.259934 -0.193789 0.084377
v -0.007905 -0.327162 -0.207867
v -0.257437 -0.189121 -0.330640
v 0.241666 -0.188984 -0.330734
v -0.185006 -0.110482 -0.177338
v -0.187680 -0.075157 -0.176746
v 0.172185 -0.075315 -0.176466
v 0.169095 -0.110279 -0.177472
v -0.096892 -0.239113 -0.280464
v -0.085055 -0.246008 -0.283465
v 0.081357 -0.238896 -0.280367
v 0.069327 -0.246018 -0.283457
v -0.199306 0.350966 -0.140444
v 0.183122 0.350911 -0.140824
v -0.184529 -0.023369 -0.306937
v 0.168242 -0.023636 -0.307389
v -0.339697 -0.025059 -0.011289
v -0.345660 -0.016589 -0.024239
v 0.323923 -0.025013 -0.011353
v 0.330117 -0.015386 -0.023821
v -0.136070 -0.304590 -0.267452
v -0.140255 -0.332386 -0.264312
v 0.121776 -0.314972 -0.266221
v 0.124193 -0.332199 -0.263717
v -0.308274 -0.174445 -0.011324
v -0.320994 -0.223442 -0.001212
v -0.286901 -0.202395 0.010924
v -0.301810 -0.198368 -0.002289
v 0.292761 -0.174548 -0.011467
v 0.286978 -0.199183 -0.002642
v 0.270625 -0.202070 0.011130
v 0.305035 -0.223627 -0.000948
v -0.007905 0.179664 -0.190998
v -0.007905 0.209493 -0.189129
v -0.043542 0.218979 -0.187913
v -0.007905 0.251795 -0.175740
v 0.028033 0.218972 -0.187940
v -0.260644 -0.115095 -0.199690
v 0.244466 -0.114038 -0.199340
v -0.184230 -0.228921 0.399702
v -0.142257 -0.254152 0.408501
v 0.168344 -0.229281 0.399511
v 0.126360 -0.254143 0.408558
v -0.276414 0.157482 -0.160510
v 0.260431 0.157760 -0.160668
v -0.053132 0.257414 -0.176852
v -0.007905 0.282050 -0.169847
v -0.040533 0.284599 -0.170461
v 0.037624 0.257647 -0.176839
v 0.024748 0.284629 -0.170460
v -0.176084 -0.224802 0.411228
v -0.158353 -0.240312 0.411538
v 0.160241 -0.224868 0.411200
v 0.142622 -0.240259 0.411528
v -0.057040 0.037509 -0.192015
v 0.043108 0.040381 -0.193128
v -0.329003 -0.213197 -0.011970
v 0.314279 -0.218892 -0.013548
v 0.311513 -0.213745 -0.010668
v -0.201516 -0.268344 -0.138898
v -0.207748 -0.260227 -0.133289
v -0.203698 -0.250275 -0.146508
v -0.196874 -0.283584 -0.134291
v -0.183306 -0.309829 -0.132092
v 0.187801 -0.250161 -0.146807
v 0.191794 -0.259788 -0.133704
v 0.185948 -0.267394 -0.139152
v 0.168628 -0.308258 -0.131268
v 0.181265 -0.283139 -0.134330
v -0.281101 -0.175419 0.085257
v 0.265171 -0.175579 0.085003
v -0.115166 0.331528 0.402469
v -0.136708 0.347841 0.383301
v -0.162358 0.319888 0.394308
v -0.175200 0.327570 0.381618
v 0.146475 0.319865 0.394351
v 0.120996 0.347770 0.383325
v 0.099372 0.331448 0.402516
v 0.159350 0.327537 0.381679
v 0.019393 -0.282752 -0.236777
v 0.028108 -0.276938 -0.242712
v 0.027949 -0.273430 -0.261512
v 0.017323 -0.288871 -0.228894
v -0.043443 -0.273190 -0.261562
v -0.043232 -0.276981 -0.242534
v -0.033155 -0.288756 -0.228916
v -0.182402 0.027987 -0.208547
v -0.208185 0.029071 -0.198323
v -0.179184 0.007078 -0.202608
v 0.192379 0.029268 -0.198344
v 0.166673 0.027949 -0.208518
v 0.163383 0.006900 -0.202539
v -0.160043 -0.366125 -0.255936
v -0.172629 -0.362448 -0.250108
v -0.171575 -0.359568 -0.229772
v 0.144230 -0.366223 -0.256988
v 0.155959 -0.359367 -0.229750
v -0.206445 -0.221624 -0.152164
v -0.196195 -0.219435 -0.178347
v 0.190636 -0.221511 -0.152178
v 0.180341 -0.219215 -0.178466
v -0.323508 0.309749 0.052342
v -0.309933 0.320935 0.031291
v -0.322156 0.298501 0.022578
v -0.243052 0.392520 0.020294
v -0.287376 0.353483 0.052178
v 0.306206 0.298679 0.022477
v 0.294187 0.320804 0.031198
v 0.307645 0.309961 0.052750
v 0.271402 0.353649 0.052141
v 0.226950 0.392855 0.020384
v -0.132555 -0.208632 0.058053
v -0.176978 -0.197327 0.048595
v -0.197705 -0.202624 0.046189
v 0.116747 -0.208803 0.058688
v 0.181537 -0.202491 0.046575
v 0.161152 -0.197382 0.048867
v -0.109005 0.428136 0.264875
v -0.158901 0.415523 0.259971
v 0.093268 0.428153 0.264766
v 0.143067 0.415501 0.260065
v -0.156771 0.053561 -0.214051
v -0.174699 0.055596 -0.210298
v -0.166199 0.091776 -0.221305
v 0.159737 0.055798 -0.210091
v 0.141094 0.053377 -0.214001
v 0.150376 0.091672 -0.221284
v -0.116724 -0.380648 -0.298830
v -0.116466 -0.381934 -0.265393
v -0.128511 -0.376972 -0.267160
v 0.101176 -0.380647 -0.298318
v 0.099977 -0.382021 -0.265358
v 0.108552 -0.379604 -0.266692
v -0.302739 0.314095 -0.001914
v -0.315868 0.279395 -0.012548
v 0.286889 0.314125 -0.001950
v 0.299987 0.279398 -0.012699
v -0.027237 -0.432189 0.004635
v -0.035264 -0.423255 -0.005334
v -0.045131 -0.422225 -0.021123
v 0.012055 -0.430089 0.003494
v 0.019927 -0.423565 -0.005666
v 0.029231 -0.422378 -0.020730
v -0.257880 -0.275301 0.182587
v -0.238968 -0.285506 0.200193
v -0.223301 -0.293061 0.219228
v 0.223044 -0.285494 0.200418
v 0.242338 -0.274705 0.182996
v 0.206817 -0.293626 0.219793
v 0.084863 -0.239156 -0.458839
v -0.356307 -0.083551 0.204079
v -0.358372 -0.050261 0.177133
v 0.340499 -0.083567 0.204061
v 0.342561 -0.051080 0.177008
v 0.112135 -0.300227 0.130408
v -0.084489 -0.408407 -0.283682
v -0.095880 -0.401166 -0.293731
v -0.099678 -0.393175 -0.308567
v 0.080276 -0.401220 -0.292971
v 0.068625 -0.408396 -0.283863
v 0.083865 -0.392343 -0.310559
v -0.103905 0.167093 0.482184
v -0.097439 0.145578 0.488747
v -0.075486 0.162215 0.489372
v 0.081572 0.145677 0.488742
v 0.088213 0.167129 0.482142
v 0.059738 0.162215 0.489364
v -0.224870 -0.184875 -0.149885
v -0.232944 -0.190736 -0.165075
v 0.217082 -0.190744 -0.165127
v 0.208842 -0.184589 -0.149499
v -0.235141 -0.258323 0.089210
v -0.252230 -0.281815 0.087261
v 0.236240 -0.282283 0.088063
v -0.027475 -0.422824 -0.274040
v -0.035823 -0.425135 -0.292316
v -0.026403 -0.420778 -0.291276
v -0.038132 -0.420973 -0.308797
v -0.035772 -0.411644 -0.329341
v 0.010678 -0.420818 -0.290885
v 0.019447 -0.425007 -0.292883
v 0.011628 -0.422830 -0.274162
v 0.020470 -0.411676 -0.329233
v 0.022294 -0.420899 -0.308990
v -0.110843 -0.290319 -0.196139
v 0.095053 -0.290445 -0.196201
v -0.333179 0.075773 0.336829
v -0.337874 0.037825 0.319023
v -0.331050 0.033362 0.331903
v -0.315434 -0.021791 0.340265
v 0.322010 0.039264 0.319439
v 0.317368 0.075671 0.336818
v 0.315098 0.032952 0.332056
v 0.299200 -0.022167 0.340614
v -0.266233 -0.009229 -0.211437
v -0.257239 -0.011592 -0.198995
v -0.250536 -0.019918 -0.197458
v 0.251854 -0.008839 -0.204826
v 0.254124 -0.012598 -0.222385
v 0.235735 -0.020502 -0.191653
v 0.241859 -0.011455 -0.198204
v -0.007905 -0.411044 -0.337276
v -0.007905 -0.418686 -0.317120
v -0.007905 -0.424370 -0.297314
v -0.007905 -0.424650 -0.274310
v -0.265762 0.091926 -0.178733
v 0.249983 0.091866 -0.178692
v -0.158739 -0.111833 -0.223942
v -0.161193 -0.096333 -0.204877
v -0.148932 -0.095247 -0.193659
v -0.161519 -0.083837 -0.193538
v 0.145269 -0.096043 -0.204603
v 0.142876 -0.111721 -0.223842
v 0.145544 -0.084373 -0.193869
v 0.133166 -0.095454 -0.193861
v -0.116673 0.083878 0.489422
v -0.164711 0.056982 0.474133
v -0.108236 0.061462 0.491013
v -0.083820 0.081635 0.497814
v 0.101162 0.083899 0.489342
v 0.092572 0.061575 0.490984
v 0.150253 0.056265 0.473675
v 0.067982 0.081661 0.497824
v -0.241103 -0.190900 -0.128313
v -0.275060 -0.194588 -0.122146
v 0.225418 -0.190758 -0.128300
v 0.259937 -0.196804 -0.121849
v -0.081113 -0.363346 -0.483399
v 0.064861 -0.363170 -0.483721
v -0.155302 -0.327620 -0.274128
v 0.140437 -0.324056 -0.274066
v -0.259034 -0.242883 -0.124134
v -0.289216 -0.243285 -0.127910
v 0.243811 -0.242917 -0.124348
v 0.273125 -0.243255 -0.127966
v -0.208202 -0.206534 -0.325140
v -0.194403 -0.190596 -0.331244
v -0.210913 -0.244889 -0.332871
v 0.178251 -0.190126 -0.331360
v 0.192913 -0.207175 -0.324953
v 0.197993 -0.241593 -0.332053
v -0.180965 0.108692 -0.219982
v 0.165061 0.108687 -0.220012
v -0.218201 -0.038341 -0.239541
v 0.201606 -0.039006 -0.240776
v -0.278671 -0.020031 -0.110052
v -0.266431 -0.016235 -0.120063
v 0.250694 -0.016208 -0.119881
v 0.263005 -0.020189 -0.109938
v -0.174869 -0.113274 -0.309368
v 0.158953 -0.113852 -0.307473
v 0.159516 -0.120483 -0.300368
v 0.025096 -0.396685 -0.374045
v 0.007794 -0.400349 -0.377289
v -0.023672 -0.400358 -0.377140
v -0.040881 -0.396684 -0.374092
v -0.007905 0.450549 0.223493
v -0.350845 0.099042 0.155580
v -0.345513 0.121110 0.210054
v 0.335089 0.098835 0.154903
v 0.329695 0.121097 0.210336
v -0.215831 0.012302 -0.319038
v 0.200164 0.012519 -0.319564
v -0.090618 -0.302644 -0.006896
v -0.097126 -0.333763 -0.001443
v -0.075109 -0.297321 0.000263
v 0.059252 -0.297088 0.000249
v 0.080814 -0.333869 -0.001088
v 0.074811 -0.302805 -0.006895
v -0.031053 0.452996 0.207052
v -0.007905 0.456524 0.188987
v 0.015706 0.452912 0.207384
v -0.347249 0.061256 -0.080342
v -0.336219 0.094426 -0.088535
v 0.331553 0.059938 -0.080305
v 0.320131 0.095625 -0.088653
v -0.118217 0.300433 0.420649
v 0.102395 0.300311 0.420722
v -0.187455 0.437814 0.060528
v -0.165494 0.444387 0.038775
v 0.172147 0.437636 0.060631
v 0.149733 0.444362 0.038624
v -0.220987 -0.220499 0.034324
v -0.219310 -0.225051 0.016788
v 0.205717 -0.221046 0.034172
v 0.203502 -0.224999 0.016961
v -0.059432 0.210606 -0.192096
v -0.083039 0.212841 -0.197294
v 0.043881 0.210237 -0.192210
v 0.066897 0.212939 -0.197186
v -0.190190 -0.287981 -0.254856
v -0.192369 -0.300407 -0.234356
v 0.174435 -0.286744 -0.253892
v 0.176559 -0.300805 -0.234978
v -0.173668 -0.050461 -0.182374
v -0.177906 -0.027269 -0.187647
v 0.158102 -0.050239 -0.182369
v 0.161705 -0.027160 -0.187782
v -0.244397 -0.008134 -0.256436
v -0.253195 -0.009835 -0.239623
v 0.228586 -0.007873 -0.257274
v 0.236939 -0.009886 -0.240133
v -0.081331 -0.347644 0.306705
v -0.074380 -0.359251 0.282025
v 0.065814 -0.347426 0.306962
v 0.058655 -0.358920 0.282925
v -0.090081 -0.357542 0.143200
v -0.101691 -0.366051 0.161149
v -0.106927 -0.353614 0.149271
v -0.117964 -0.317235 0.135952
v 0.086392 -0.366164 0.161666
v 0.074448 -0.357996 0.143674
v 0.092024 -0.353494 0.149531
v 0.102231 -0.317036 0.135885
v -0.043541 -0.286780 -0.166329
v -0.040927 -0.269542 -0.165700
v 0.027787 -0.286685 -0.166318
v 0.024608 -0.269707 -0.165601
v -0.142064 -0.199054 -0.254993
v -0.137474 -0.191800 -0.247685
v 0.126239 -0.198778 -0.255050
v 0.121605 -0.191151 -0.247522
v -0.007905 -0.425140 -0.259893
v -0.000762 -0.436156 -0.252937
v -0.014768 -0.436104 -0.252804
v -0.333691 0.058598 -0.092312
v -0.315843 0.043881 -0.104618
v 0.300799 0.042680 -0.103547
v 0.318200 0.059040 -0.092163
v -0.007905 0.182302 0.485462
v -0.156000 -0.347864 -0.036086
v 0.139333 -0.348249 -0.035738
v -0.058566 -0.261920 -0.334072
v -0.050061 -0.268242 -0.338929
v 0.042837 -0.261873 -0.334266
v 0.034287 -0.268196 -0.338907
v -0.179983 -0.328853 -0.256898
v -0.186334 -0.316720 -0.255718
v 0.164176 -0.328989 -0.256524
v 0.168549 -0.309625 -0.261906
v -0.128980 -0.281936 -0.222019
v -0.122423 -0.280593 -0.208148
v 0.113222 -0.282307 -0.222258
v 0.106589 -0.280595 -0.208109
v -0.278401 0.245290 0.348938
v -0.232363 0.274500 0.372912
v -0.325771 0.210891 0.325556
v 0.262427 0.245412 0.349008
v 0.216587 0.274447 0.372917
v 0.309792 0.210924 0.325907
v -0.203537 -0.222283 0.004939
v 0.187562 -0.222192 0.004947
v -0.251776 -0.195700 -0.321364
v -0.243880 -0.200154 -0.317163
v 0.227577 -0.200217 -0.316879
v 0.235896 -0.194030 -0.319198
v -0.254338 0.143516 0.419735
v -0.220353 0.199614 0.428472
v -0.266420 0.162901 0.406392
v 0.238332 0.143876 0.419911
v 0.250295 0.162906 0.406643
v 0.204506 0.199639 0.428485
v -0.231434 0.413217 0.108613
v -0.201201 0.425764 0.126582
v 0.215594 0.413219 0.108589
v 0.185558 0.425697 0.126592
v 0.007791 -0.409894 -0.449869
v -0.032433 -0.401687 -0.468070
v -0.173309 -0.198060 -0.442410
v 0.157721 -0.198560 -0.442367
v -0.126171 -0.354424 0.235897
v -0.148308 -0.347555 0.218302
v -0.102771 -0.370769 0.203342
v -0.168363 -0.335463 0.223936
v -0.192764 -0.309861 0.265011
v 0.132358 -0.347622 0.218333
v 0.110220 -0.354467 0.235987
v 0.086885 -0.370796 0.203362
v 0.152541 -0.335469 0.223947
v 0.177230 -0.309660 0.265154
v -0.101645 -0.375342 -0.341772
v -0.100490 -0.374300 -0.291715
v -0.099763 -0.374390 -0.321249
v 0.085909 -0.375188 -0.342664
v 0.083924 -0.374462 -0.321201
v 0.084744 -0.374225 -0.291683
v -0.060716 -0.396634 -0.127553
v 0.044819 -0.396465 -0.127362
v -0.362764 -0.062825 -0.055703
v 0.346949 -0.062751 -0.055724
v 0.016965 0.133828 -0.201741
v -0.007905 0.136498 -0.200527
v -0.033247 0.133965 -0.201776
v -0.101434 0.407290 0.320179
v -0.103022 0.396273 0.338750
v 0.085591 0.407348 0.320080
v 0.087210 0.396288 0.338726
v -0.207499 -0.318806 0.185609
v 0.193197 -0.318417 0.183714
v -0.138023 -0.290977 -0.271821
v 0.120052 -0.304524 -0.267560
v 0.121742 -0.291234 -0.271688
v -0.173533 -0.175054 -0.263673
v 0.157954 -0.173924 -0.263972
v -0.123475 -0.400431 -0.253911
v 0.107622 -0.400485 -0.253561
v -0.131393 -0.354241 0.162723
v 0.115383 -0.354558 0.163085
v -0.190595 -0.257929 -0.193129
v -0.188370 -0.274847 -0.192336
v 0.174734 -0.257851 -0.193255
v 0.172649 -0.274115 -0.192325
v -0.263128 -0.115714 -0.206664
v 0.247166 -0.115240 -0.206117
v -0.170528 -0.075614 -0.188146
v -0.176073 -0.068350 -0.184117
v 0.154177 -0.075306 -0.188060
v 0.159737 -0.067066 -0.183956
v -0.040347 -0.382272 0.084806
v 0.024108 -0.382872 0.087059
v -0.189782 -0.233739 -0.184562
v -0.182445 -0.207696 -0.188805
v -0.193113 -0.211143 -0.181994
v 0.173916 -0.233903 -0.184631
v 0.177274 -0.211017 -0.181965
v 0.166842 -0.207802 -0.188625
v -0.248143 -0.300068 0.112778
v 0.231977 -0.299448 0.112084
v -0.179203 -0.350216 -0.231765
v -0.170820 -0.346357 -0.201225
v 0.154866 -0.346342 -0.200669
v 0.163375 -0.350246 -0.231759
v -0.095514 -0.248286 0.432418
v 0.079704 -0.248230 0.432447
v -0.150185 -0.240361 -0.276967
v 0.134121 -0.240612 -0.277136
v -0.093166 -0.396553 -0.028421
v -0.075440 -0.416117 -0.027053
v -0.085112 -0.400767 -0.014651
v 0.077176 -0.396748 -0.028623
v 0.069111 -0.400888 -0.014511
v 0.059235 -0.416607 -0.027018
v -0.207672 0.247860 -0.201833
v -0.221791 0.226968 -0.201215
v 0.191816 0.247930 -0.201824
v 0.206012 0.227069 -0.201131
v -0.064818 0.345404 -0.160473
v -0.007905 0.355070 -0.154971
v -0.007905 0.342522 -0.160953
v 0.048784 0.345353 -0.160502
v -0.119365 -0.353818 -0.234884
v -0.108926 -0.361896 -0.231862
v -0.104736 -0.355108 -0.220434
v 0.093239 -0.361814 -0.231943
v 0.102764 -0.354853 -0.234048
v 0.087700 -0.354665 -0.219483
v -0.349324 0.162643 -0.002510
v -0.339660 0.204456 -0.009260
v -0.350726 0.153096 -0.016538
v -0.353409 0.139418 -0.007442
v -0.356283 0.100364 -0.029061
v 0.334895 0.153095 -0.016737
v 0.322247 0.212252 -0.009448
v 0.333488 0.162785 -0.002586
v 0.340571 0.100281 -0.028688
v 0.337746 0.138234 -0.006452
v -0.007905 -0.279041 -0.476375
v 0.004740 -0.281507 -0.475161
v -0.007905 -0.284465 -0.485162
v -0.020526 -0.281487 -0.475143
v -0.354319 0.074335 0.035114
v 0.338481 0.074174 0.035373
v -0.249233 -0.164232 -0.427838
v -0.265879 -0.067933 -0.415656
v -0.258693 -0.095942 -0.424578
v 0.233506 -0.164640 -0.427772
v 0.253664 -0.035836 -0.407419
v 0.242881 -0.096129 -0.424617
v -0.213363 -0.045492 0.443856
v -0.272330 -0.038325 0.381559
v -0.210607 -0.074950 0.439477
v 0.194926 -0.074613 0.439440
v 0.256317 -0.038476 0.381735
v 0.197738 -0.045355 0.443704
v -0.108054 -0.330027 -0.007066
v 0.091823 -0.330186 -0.006901
v -0.231873 -0.129013 -0.167521
v -0.226593 -0.131811 -0.171575
v -0.230087 -0.111239 -0.179199
v -0.228406 -0.147875 -0.145270
v 0.216207 -0.128745 -0.167603
v 0.214315 -0.110703 -0.179419
v 0.210392 -0.132859 -0.171532
v 0.212617 -0.147838 -0.145219
v -0.170243 -0.256958 -0.268794
v -0.164126 -0.247053 -0.264628
v 0.154439 -0.256960 -0.268840
v 0.148139 -0.246982 -0.264703
v -0.254343 -0.269509 0.035575
v -0.241487 -0.247008 0.029050
v -0.267236 -0.275752 0.028372
v 0.238999 -0.269794 0.036689
v 0.225848 -0.247019 0.029619
v 0.251552 -0.275768 0.028462
v -0.224162 -0.148608 -0.143191
v 0.208311 -0.148126 -0.143258
v -0.158197 -0.378863 -0.250351
v 0.142349 -0.378864 -0.249905
v 0.156534 -0.362685 -0.249783
v 0.005600 -0.424155 -0.182413
v 0.032382 -0.421728 -0.169437
v -0.048099 -0.421499 -0.168912
v -0.022501 -0.424149 -0.182379
v -0.279116 -0.026156 -0.210514
v -0.269905 -0.012981 -0.224079
v 0.263608 -0.027546 -0.213170
v -0.038346 -0.424976 -0.184531
v -0.058702 -0.421264 -0.181653
v -0.092983 -0.412159 -0.179100
v -0.071392 -0.419884 -0.185816
v 0.040740 -0.422082 -0.179825
v 0.021104 -0.424973 -0.185163
v 0.054523 -0.420171 -0.186560
v 0.076818 -0.412369 -0.179113
v -0.136362 -0.100586 -0.366533
v -0.128419 -0.129067 -0.363539
v 0.120632 -0.099778 -0.366103
v 0.113050 -0.127950 -0.364031
v -0.272748 -0.005248 -0.378575
v -0.270414 -0.020050 -0.399000
v 0.256769 -0.005158 -0.378545
v 0.254633 -0.019621 -0.398535
v -0.158985 0.348801 0.373353
v 0.143217 0.348731 0.373399
v -0.055398 -0.371072 -0.054810
v 0.039598 -0.371195 -0.054814
v -0.066257 -0.401588 -0.280123
v -0.062410 -0.413515 -0.266495
v 0.050339 -0.401574 -0.279112
v 0.046812 -0.413395 -0.266517
v -0.191882 -0.301233 -0.251872
v -0.185149 -0.307929 -0.261597
v 0.175936 -0.301242 -0.252665
v 0.170787 -0.316084 -0.255552
v -0.222800 -0.164936 -0.145927
v -0.222811 -0.177460 -0.143125
v 0.206887 -0.165119 -0.145744
v 0.206972 -0.177185 -0.145573
v -0.089894 -0.236751 -0.292367
v 0.074121 -0.236708 -0.292305
v -0.138564 -0.357526 -0.286783
v -0.146270 -0.354713 -0.269859
v 0.122922 -0.357945 -0.285823
v 0.130638 -0.354627 -0.269713
v -0.158737 -0.295964 -0.330107
v -0.166903 -0.281049 -0.334377
v 0.142958 -0.295934 -0.330077
v 0.151255 -0.280532 -0.334346
v -0.346775 -0.025344 -0.031747
v -0.307055 -0.131353 -0.011203
v -0.297292 -0.177767 -0.003472
v 0.331202 -0.025165 -0.032146
v 0.291516 -0.132902 -0.011335
v -0.069452 -0.386793 0.183546
v 0.053917 -0.386671 0.183690
v 0.009024 -0.356620 -0.007770
v -0.104899 -0.416302 -0.250414
v 0.089049 -0.416316 -0.250499
v -0.007905 -0.345694 -0.222670
v -0.056606 -0.301431 0.042011
v 0.040825 -0.301538 0.042082
v -0.140013 0.418843 0.271595
v -0.125697 0.430548 0.242895
v -0.147461 0.425704 0.238132
v 0.131613 0.425740 0.238031
v 0.109884 0.430528 0.242975
v 0.124213 0.418847 0.271572
v -0.007905 -0.343838 -0.012853
v -0.007905 -0.351848 -0.004764
v -0.025392 -0.346005 -0.015828
v -0.007905 -0.337582 -0.023363
v -0.031533 -0.339729 -0.031089
v -0.028699 -0.334663 -0.062958
v 0.009992 -0.345704 -0.016429
v 0.015635 -0.339714 -0.031114
v 0.012960 -0.334607 -0.063717
v -0.065135 -0.405360 -0.266522
v -0.072418 -0.403173 -0.267919
v 0.049575 -0.405782 -0.266172
v 0.056404 -0.403042 -0.267982
v -0.055134 -0.410393 -0.059456
v 0.039311 -0.409503 -0.059790
v -0.092782 -0.405368 -0.274970
v -0.082168 -0.406542 -0.267921
v 0.077042 -0.405250 -0.274469
v 0.066283 -0.406298 -0.266944
v -0.088176 -0.249201 0.080136
v -0.103395 -0.243718 0.086009
v 0.072138 -0.249078 0.079793
v 0.088145 -0.243366 0.086050
v -0.163862 -0.008446 -0.400251
v -0.169012 -0.003628 -0.405212
v -0.158118 -0.050700 -0.423880
v 0.148002 -0.008496 -0.400626
v 0.152713 -0.003949 -0.404997
v 0.142276 -0.050965 -0.423952
v -0.309052 -0.241164 -0.110528
v -0.117373 -0.196689 -0.197225
v -0.130493 -0.149615 -0.205500
v 0.101561 -0.196771 -0.197236
v 0.114749 -0.149939 -0.205802
v -0.205175 0.014011 -0.326850
v 0.167167 0.010092 -0.370967
v 0.189362 0.014221 -0.327176
v -0.233281 -0.234202 0.031077
v 0.217600 -0.234356 0.031177
v -0.178222 -0.200993 -0.195845
v 0.162561 -0.201442 -0.195286
v 0.018182 -0.389771 0.082664
v 0.013515 -0.389764 0.091811
v -0.007905 -0.394661 0.078892
v -0.029542 -0.389684 0.091777
v -0.033689 -0.390594 0.081454
v -0.007905 -0.295428 -0.167008
v -0.007905 -0.280217 -0.164450
v -0.041237 0.381612 0.371344
v -0.076367 0.383421 0.364393
v 0.060408 0.383493 0.364331
v 0.025620 0.381603 0.371338
v -0.108995 0.207728 0.467904
v -0.094597 0.185668 0.479251
v -0.080667 0.221453 0.469236
v -0.097606 0.233395 0.460398
v -0.077794 0.257222 0.454416
v 0.064783 0.221433 0.469259
v 0.078755 0.185747 0.479232
v 0.093207 0.207789 0.467874
v 0.062009 0.257323 0.454366
v 0.081835 0.233291 0.460433
v -0.156648 -0.037622 -0.414742
v 0.140771 -0.038425 -0.415215
v -0.007905 -0.292959 -0.491715
v -0.007905 -0.317456 -0.490296
v -0.340741 -0.106043 0.154318
v 0.323439 -0.107317 0.152591
v -0.147677 -0.158063 -0.273792
v 0.131962 -0.158047 -0.273622
v -0.032165 -0.443607 0.032670
v -0.031753 -0.449871 0.026705
v 0.016778 -0.441987 0.033539
v 0.017266 -0.449300 0.025836
v 0.032625 -0.441501 0.013109
v -0.180808 -0.238946 0.099484
v -0.169098 -0.269161 0.113718
v -0.196358 -0.311903 0.136271
v 0.164825 -0.238921 0.099482
v 0.152462 -0.268618 0.113456
v 0.183018 -0.312437 0.136219
v -0.026132 -0.437046 -0.257031
v 0.010422 -0.437091 -0.257068
v 0.131227 0.346130 -0.159382
v -0.199649 0.392559 0.258247
v 0.183779 0.392591 0.258260
v -0.261721 -0.009059 -0.204641
v 0.246244 -0.009023 -0.204045
v -0.169920 -0.159566 -0.305592
v -0.169556 -0.189017 -0.327280
v -0.168657 -0.175672 -0.299217
v 0.154072 -0.159768 -0.305678
v 0.152809 -0.176375 -0.299435
v 0.153710 -0.189160 -0.327271
v -0.162218 -0.303957 -0.269689
v -0.149847 -0.288246 -0.271650
v 0.146323 -0.303689 -0.269651
v 0.134981 -0.288399 -0.271523
v -0.122395 -0.235160 -0.000174
v 0.106717 -0.234914 -0.000089
v -0.332218 0.229814 0.298866
v 0.316784 0.228697 0.298841
v -0.257115 -0.044324 -0.172313
v -0.251956 -0.038933 -0.178495
v 0.234730 -0.038913 -0.181030
v -0.197855 -0.075119 -0.260035
v -0.204596 -0.072309 -0.239119
v -0.208439 -0.083051 -0.224133
v 0.188847 -0.071582 -0.239425
v 0.181465 -0.074473 -0.261673
v 0.192529 -0.082663 -0.224592
v -0.007905 -0.412654 0.055811
v -0.007905 0.385106 0.368642
v -0.007905 -0.128230 -0.184641
v -0.007905 -0.206976 -0.178509
v -0.065386 0.132538 -0.207323
v 0.049390 0.132492 -0.207282
v -0.198950 -0.078362 0.448421
v -0.203362 -0.030260 0.454056
v 0.187289 -0.030984 0.454135
v 0.183212 -0.078169 0.448432
v -0.195620 0.202127 0.441041
v -0.208389 0.221258 0.426529
v 0.179793 0.202129 0.441047
v 0.192595 0.221277 0.426509
v -0.096744 -0.343442 -0.210572
v -0.084476 -0.335629 -0.209516
v 0.080535 -0.343183 -0.210834
v -0.313994 -0.203489 0.165325
v -0.321410 -0.182776 0.180207
v -0.332580 -0.149799 0.185990
v 0.304331 -0.186674 0.178879
v 0.299811 -0.197302 0.167564
v 0.316264 -0.151512 0.186451
v -0.120492 0.128413 -0.221792
v -0.149001 0.121970 -0.226062
v 0.104504 0.128414 -0.221754
v 0.133316 0.121875 -0.226078
v -0.218198 -0.217377 -0.324192
v -0.219868 -0.200785 -0.315878
v 0.202695 -0.218545 -0.324445
v 0.204129 -0.200467 -0.315664
v -0.029431 0.383025 -0.122320
v 0.013916 0.382962 -0.122378
v -0.050417 -0.276580 -0.264758
v 0.034630 -0.276704 -0.264765
v -0.289912 -0.004271 -0.106770
v -0.289200 0.001160 -0.125113
v 0.273168 0.001319 -0.124816
v -0.272868 -0.178386 0.027780
v 0.257166 -0.177962 0.027680
v -0.150110 -0.050427 -0.355254
v 0.134500 -0.049526 -0.355921
v -0.125056 -0.140924 -0.191423
v -0.134068 -0.114762 -0.190278
v -0.132374 -0.133825 -0.199031
v 0.109313 -0.140884 -0.191500
v 0.118196 -0.115374 -0.190494
v 0.116627 -0.133995 -0.199301
v -0.237334 -0.249825 -0.115618
v 0.221211 -0.249155 -0.116014
v -0.151357 -0.191126 -0.266044
v -0.044259 -0.370609 -0.121775
v -0.048701 -0.364281 -0.115769
v 0.028508 -0.370534 -0.121758
v 0.032955 -0.364397 -0.115777
v -0.271344 -0.050352 -0.179915
v -0.269377 -0.066382 -0.204319
v -0.274850 -0.035971 -0.148597
v -0.280818 -0.033024 -0.162033
v 0.253493 -0.067001 -0.204787
v 0.255439 -0.048615 -0.175866
v 0.257634 -0.038503 -0.153976
v -0.175962 0.374493 0.326046
v -0.152142 0.374110 0.349244
v 0.160182 0.374475 0.326035
v 0.136365 0.374083 0.349261
v -0.041404 -0.411407 -0.016601
v -0.026724 -0.396423 0.001208
v 0.025501 -0.412463 -0.016634
v 0.011036 -0.396551 0.001064
v -0.161297 -0.139665 -0.252402
v -0.176490 -0.132809 -0.260027
v -0.166325 -0.130094 -0.259768
v -0.311710 0.333622 0.126673
v -0.305880 0.337965 0.164266
v 0.295863 0.333659 0.127079
v 0.289895 0.338158 0.164151
v -0.287980 -0.276760 0.024903
v 0.271960 -0.276804 0.025066
v 0.264211 -0.281222 0.084850
v -0.321650 -0.174960 0.173015
v 0.306213 -0.174055 0.173374
v -0.350350 -0.046596 0.263479
v 0.334671 -0.046493 0.263141
v -0.337327 -0.081799 -0.035986
v 0.323177 -0.080394 -0.037169
v -0.007905 -0.287915 0.417514
v -0.007905 -0.298554 0.405355
v -0.323036 0.170958 0.348881
v -0.330550 0.148722 0.342414
v 0.307291 0.170834 0.348826
v 0.314939 0.147792 0.342171
v -0.345664 0.086735 0.295753
v 0.329996 0.085456 0.294242
v -0.072150 -0.354566 -0.214194
v 0.056520 -0.354090 -0.213809
v -0.146451 -0.341612 -0.020280
v 0.128249 -0.343081 -0.019742
v -0.104569 -0.237903 -0.459544
v -0.115476 -0.225251 -0.445962
v 0.099651 -0.225359 -0.446314
v -0.123473 0.413179 0.298009
v 0.107679 0.413198 0.297949
v -0.155214 -0.370113 -0.221947
v 0.139468 -0.369979 -0.221881
v -0.105381 -0.234196 -0.371560
v 0.089419 -0.234249 -0.370870
v -0.337743 -0.032871 0.014311
v 0.321835 -0.032770 0.013367
v -0.295520 -0.238018 0.118088
v -0.297212 -0.246611 0.120434
v 0.279698 -0.237931 0.117606
v 0.281341 -0.247272 0.117490
v -0.188831 -0.204549 -0.248956
v -0.176874 -0.193813 -0.221300
v -0.187097 -0.199422 -0.228409
v -0.183604 -0.204128 -0.212677
v 0.173118 -0.204663 -0.248813
v 0.161420 -0.194429 -0.220724
v 0.167869 -0.204052 -0.212999
v 0.171253 -0.199446 -0.228221
v -0.181219 -0.342143 -0.251375
v 0.165521 -0.341906 -0.251007
v -0.086882 0.295952 0.432608
v 0.071087 0.296087 0.432527
v -0.289487 -0.214672 0.031618
v -0.277900 -0.196230 0.018342
v 0.273832 -0.214787 0.031112
v 0.261877 -0.195922 0.018642
v -0.092808 -0.211074 -0.180569
v -0.097616 -0.242122 -0.180844
v 0.076704 -0.211187 -0.180533
v 0.081578 -0.241921 -0.180762
v -0.135447 0.448410 0.020793
v 0.119731 0.448397 0.020814
v -0.177144 -0.180658 -0.244219
v -0.178766 -0.187559 -0.237092
v 0.161405 -0.180632 -0.244505
v 0.163152 -0.187393 -0.238185
v -0.289483 -0.193583 0.236178
v 0.273569 -0.193765 0.236097
v -0.157321 -0.318920 -0.336367
v 0.141751 -0.318623 -0.336290
v -0.207868 -0.058605 -0.242402
v 0.191988 -0.058597 -0.242582
v -0.051335 -0.416397 -0.318107
v -0.047133 -0.408355 -0.332526
v -0.062349 -0.402287 -0.328866
v 0.035727 -0.416091 -0.318780
v 0.046249 -0.401891 -0.330394
v 0.031386 -0.408387 -0.332348
v -0.308040 -0.229725 0.031951
v -0.306950 -0.228696 0.060694
v -0.310700 -0.236437 0.030905
v -0.301828 -0.237155 0.089604
v 0.292208 -0.229691 0.032477
v 0.282769 -0.241428 0.105758
v 0.295036 -0.236773 0.029841
v 0.291087 -0.228573 0.061215
v -0.295805 -0.089158 0.015619
v -0.304242 -0.073775 0.004220
v 0.279953 -0.089169 0.015813
v 0.288616 -0.073579 0.003947
v -0.194296 -0.269536 0.342579
v 0.178442 -0.269594 0.342592
v -0.147514 -0.345520 -0.396184
v 0.131629 -0.345599 -0.396206
v 0.303130 -0.233195 0.005722
v -0.224040 -0.095518 -0.184606
v -0.235898 -0.114455 -0.176940
v 0.208000 -0.096895 -0.185089
v 0.216541 -0.100194 -0.182408
v 0.220084 -0.114357 -0.177019
v -0.033557 -0.280802 -0.425479
v 0.017667 -0.280825 -0.425989
v -0.120063 -0.223145 -0.274802
v 0.103915 -0.223503 -0.274797
v -0.219192 -0.238587 -0.434042
v -0.244588 -0.223574 -0.430022
v 0.228929 -0.223395 -0.429910
v 0.202312 -0.240888 -0.434204
v 0.015003 -0.341936 0.337185
v 0.017342 -0.356414 0.307292
v -0.033052 -0.356425 0.307293
v -0.030703 -0.342015 0.337049
v -0.329051 0.287567 0.030616
v 0.313067 0.288890 0.032071
v -0.329321 -0.220221 -0.012133
v -0.320856 -0.230942 0.001729
v -0.315903 -0.042247 -0.098021
v 0.300413 -0.042387 -0.098002
v -0.219315 -0.248475 -0.431941
v 0.203771 -0.248373 -0.431691
v -0.121776 -0.380442 -0.279993
v -0.342746 0.190888 -0.001632
v 0.326989 0.190666 -0.001810
v -0.200245 -0.247398 -0.159749
v 0.184448 -0.247572 -0.159566
v -0.241753 -0.067044 -0.134939
v -0.250237 -0.082856 -0.131380
v 0.225954 -0.066917 -0.134921
v 0.234401 -0.083093 -0.131414
v -0.198664 -0.256469 -0.439795
v -0.193483 -0.280356 -0.437878
v 0.181640 -0.257278 -0.440317
v 0.179266 -0.278736 -0.437327
v -0.258061 0.239409 -0.153166
v -0.258393 0.268156 -0.135042
v 0.242248 0.239456 -0.153145
v 0.242697 0.268091 -0.134864
v -0.133864 -0.267656 -0.018142
v 0.118829 -0.267995 -0.018421
v -0.007905 -0.349817 -0.102238
v -0.314686 0.325814 0.066822
v 0.298993 0.325673 0.066831
v -0.056836 -0.364185 -0.491551
v -0.041709 -0.350759 -0.496670
v 0.040915 -0.364297 -0.491517
v 0.025821 -0.350807 -0.496631
v 0.033734 -0.227017 -0.174959
v -0.049476 -0.227145 -0.174935
v -0.225090 0.406195 -0.002586
v -0.214549 0.419071 0.010593
v -0.223027 0.398385 -0.029072
v 0.206924 0.398299 -0.029984
v 0.198796 0.419036 0.010601
v 0.209332 0.406220 -0.002317
v -0.203323 -0.211406 0.066757
v 0.187650 -0.211374 0.066564
v -0.084732 -0.268795 0.003480
v 0.068938 -0.268798 0.003467
v -0.178806 -0.353280 -0.246133
v 0.162831 -0.353754 -0.246077
v -0.007905 0.269521 0.453906
v -0.052257 -0.391592 0.192450
v -0.007905 -0.393225 0.209680
v 0.036297 -0.391631 0.192497
v -0.007905 -0.397963 0.188530
v -0.206841 -0.185760 -0.152028
v -0.086547 -0.400721 -0.072586
v -0.099690 -0.384782 -0.101259
v 0.070396 -0.401161 -0.071908
v 0.083393 -0.385156 -0.101107
v -0.198600 -0.179719 -0.161280
v -0.182595 -0.167376 -0.166094
v 0.182577 -0.179987 -0.161508
v 0.166911 -0.167332 -0.166001
v -0.083757 -0.267493 0.091285
v 0.068338 -0.267233 0.091376
v -0.107686 -0.232328 -0.445417
v 0.091846 -0.232345 -0.445407
v 0.145595 -0.139696 -0.252417
v 0.150180 -0.129959 -0.259875
v 0.160030 -0.132812 -0.259707
v -0.169785 -0.196739 0.035553
v 0.153932 -0.196772 0.035404
v -0.108539 -0.372922 -0.080921
v 0.092982 -0.372640 -0.080020
v -0.269063 0.080542 -0.171982
v 0.253292 0.080682 -0.172005
v -0.350609 0.016261 0.055039
v -0.346812 -0.010157 0.041134
v -0.344181 -0.032454 0.057762
v 0.334861 0.016310 0.056143
v 0.328478 -0.032160 0.058062
v 0.331088 -0.009974 0.041968
v -0.231622 -0.178320 -0.285872
v 0.215723 -0.178266 -0.285844
v 0.147893 -0.127109 -0.246320
v -0.043080 -0.425312 -0.204814
v 0.027442 -0.425460 -0.205462
v -0.192581 0.034315 0.463794
v -0.194287 -0.020137 0.459078
v 0.178677 -0.020605 0.458968
v 0.177036 0.033909 0.463667
v -0.011386 -0.424409 -0.200428
v -0.028383 -0.433766 -0.214799
v 0.012563 -0.433857 -0.215105
v -0.004427 -0.424414 -0.200323
v -0.176900 -0.098141 -0.189026
v 0.161183 -0.094638 -0.188955
v -0.194821 -0.053440 0.454613
v 0.178965 -0.053539 0.454608
v -0.296581 0.081648 -0.140022
v -0.359121 -0.064374 0.200707
v -0.358164 -0.056585 0.222100
v 0.343287 -0.064526 0.200887
v 0.342398 -0.056607 0.221745
v -0.137929 -0.373436 -0.195449
v -0.123132 -0.387996 -0.196918
v -0.130428 -0.380928 -0.190468
v -0.134431 -0.382921 -0.183192
v 0.122880 -0.372986 -0.195984
v 0.118453 -0.383060 -0.183261
v 0.104594 -0.393071 -0.189395
v 0.114609 -0.380935 -0.190423
v 0.004931 -0.422807 -0.190589
v -0.020104 -0.422775 -0.190708
v -0.140994 -0.320208 -0.261846
v -0.142720 -0.324340 -0.268590
v -0.136781 -0.314276 -0.266188
v 0.126078 -0.325999 -0.268730
v 0.125474 -0.317165 -0.261821
v -0.097432 -0.086074 0.474678
v -0.031876 -0.124814 0.482444
v -0.065669 -0.123616 0.477349
v 0.081355 -0.085523 0.474831
v 0.049741 -0.123836 0.477340
v 0.016009 -0.124963 0.482421
v -0.198408 -0.105066 -0.311115
v 0.182659 -0.105101 -0.310940
v -0.134352 -0.357873 -0.107029
v 0.118610 -0.357787 -0.107003
v -0.182825 -0.214597 -0.195268
v -0.185199 -0.234686 -0.189872
v 0.167005 -0.214451 -0.195393
v 0.169337 -0.234483 -0.189837
v -0.007905 -0.377728 -0.220986
v -0.007905 -0.425644 -0.187081
v -0.356750 -0.079428 -0.047880
v 0.340868 -0.079699 -0.047826
v -0.258669 -0.053559 -0.178289
v 0.242816 -0.052636 -0.177581
v -0.213317 0.424077 0.103838
v 0.198003 0.423819 0.103939
v -0.163696 -0.127050 -0.246249
v -0.301729 0.298225 -0.024585
v -0.271970 0.299011 -0.082755
v 0.285949 0.298163 -0.024585
v 0.256118 0.298961 -0.082882
v -0.305293 -0.175823 0.231683
v 0.289566 -0.175841 0.231473
v -0.238538 -0.232562 -0.120451
v -0.328491 -0.056900 0.033229
v -0.337060 -0.044505 0.038471
v 0.312654 -0.056752 0.032930
v 0.321379 -0.044477 0.039115
v -0.129391 -0.337431 -0.246489
v 0.112539 -0.338871 -0.245148
v -0.248702 -0.166593 -0.250925
v 0.233529 -0.166080 -0.244533
v -0.189005 -0.259126 -0.015757
v 0.174087 -0.258260 -0.015394
v -0.007905 -0.079066 0.490822
v -0.007905 -0.004037 0.498984
v -0.173436 -0.181588 -0.272947
v 0.157539 -0.181584 -0.273537
v -0.147404 -0.231004 0.423079
v 0.131576 -0.231038 0.423068
v -0.081195 -0.246342 -0.347114
v 0.064189 -0.247552 -0.347550
v -0.126486 0.440992 0.184543
v 0.110130 0.441272 0.183407
v 0.016709 -0.401645 -0.467926
v -0.067509 -0.392222 -0.076862
v 0.052518 -0.391690 -0.078125
v -0.171327 -0.308227 -0.298883
v 0.155407 -0.308178 -0.299192
v -0.064195 -0.336601 0.054783
v -0.062609 -0.332842 0.068055
v 0.048471 -0.336877 0.054999
v 0.046921 -0.332297 0.070109
v -0.112358 0.338334 -0.168882
v 0.096559 0.338429 -0.168823
v -0.112708 -0.218020 0.061417
v 0.096775 -0.218090 0.061431
v -0.240018 0.014226 -0.338572
v 0.224240 0.014195 -0.338460
v -0.250734 -0.219314 -0.420102
v -0.255166 -0.208648 -0.397427
v -0.255890 -0.201374 -0.349834
v 0.235198 -0.218414 -0.420319
v 0.240174 -0.201178 -0.351023
v 0.239487 -0.208029 -0.397383
v -0.280601 -0.030780 -0.269503
v 0.264912 -0.031012 -0.273331
v -0.183424 -0.048921 -0.179985
v 0.167657 -0.048790 -0.180009
v 0.043713 -0.265600 -0.478538
v -0.049781 -0.304972 -0.223149
v 0.034135 -0.306768 -0.222030
v -0.187612 0.141567 0.462155
v 0.171575 0.141509 0.462255
v -0.266831 -0.295858 0.139163
v -0.255955 -0.299400 0.152393
v 0.250808 -0.295935 0.139569
v 0.239809 -0.299793 0.152388
v -0.172801 -0.214193 -0.330346
v 0.157182 -0.216104 -0.330571
v -0.094183 -0.374716 0.167993
v 0.077716 -0.375002 0.167816
v -0.035842 -0.425913 -0.276491
v 0.020213 -0.425950 -0.276501
v -0.020612 -0.280857 -0.460282
v -0.007905 -0.278330 -0.459577
v 0.004820 -0.280843 -0.460375
v -0.313129 -0.099776 -0.016817
v 0.298430 -0.101607 -0.017746
v -0.156437 -0.350038 -0.283575
v 0.140860 -0.349885 -0.284262
v -0.121339 -0.154923 -0.291074
v 0.105577 -0.154813 -0.291050
v -0.098826 -0.319872 -0.199586
v -0.288322 -0.171066 0.109688
v 0.272837 -0.170461 0.109992
v -0.167657 -0.222417 0.089132
v 0.151151 -0.222246 0.088928
v -0.215642 -0.155474 -0.259900
v -0.301321 -0.234981 0.141974
v -0.084884 -0.324563 -0.260060
v -0.128727 -0.326522 -0.268880
v 0.112505 -0.326366 -0.268877
v 0.068755 -0.324534 -0.259928
v -0.179060 -0.227156 0.092426
v 0.163226 -0.227191 0.092447
v -0.044792 -0.431416 -0.006910
v 0.030166 -0.431449 -0.008320
v -0.265467 -0.014016 0.395112
v 0.249864 -0.014718 0.394738
v -0.287885 -0.130369 0.034253
v 0.272071 -0.129834 0.033548
v -0.318031 -0.001360 0.343137
v 0.302085 -0.001200 0.343314
v -0.200864 -0.006440 -0.404728
v -0.165553 -0.015472 -0.416150
v -0.239624 -0.016468 -0.398952
v 0.184283 -0.006514 -0.404960
v 0.223462 -0.016434 -0.399009
v 0.149773 -0.015275 -0.416094
v -0.152764 -0.153098 -0.252384
v 0.137282 -0.152563 -0.252572
v -0.182502 -0.067536 -0.180809
v 0.166849 -0.067124 -0.180749
v -0.026219 -0.319345 -0.212653
v -0.013618 -0.323250 -0.211046
v -0.007905 -0.311452 -0.218031
v 0.009721 -0.320377 -0.212181
v -0.002700 -0.323023 -0.210983
v -0.143023 -0.395500 -0.248905
v 0.127256 -0.395460 -0.248805
v -0.229059 -0.183910 -0.138376
v -0.225586 -0.185008 -0.136972
v 0.212485 -0.183323 -0.138553
v -0.088840 -0.341285 -0.205421
v 0.072579 -0.341209 -0.205398
v -0.025660 -0.334640 -0.078701
v -0.007905 -0.333335 -0.080850
v -0.007905 -0.332855 -0.068521
v 0.009641 -0.334778 -0.079378
v -0.256140 -0.025692 -0.170123
v -0.247439 -0.032996 -0.189995
v 0.231402 -0.032467 -0.190967
v 0.240982 -0.026023 -0.167941
v -0.329950 0.288556 0.054455
v 0.314009 0.289016 0.058433
v -0.055464 0.112059 -0.205122
v 0.039920 0.111906 -0.205165
v -0.229738 -0.045422 -0.203490
v 0.213890 -0.045402 -0.203577
v -0.261853 -0.287656 0.158573
v 0.246057 -0.287538 0.158708
v 0.281752 -0.178789 -0.003653
v -0.054104 0.082398 -0.200745
v 0.038710 0.081936 -0.200760
v -0.223144 -0.303154 0.196826
v 0.207547 -0.302465 0.198149
v -0.141727 -0.358841 -0.270950
v -0.085269 -0.383966 0.001852
v 0.068996 -0.385819 0.000892
v -0.126030 -0.359403 -0.445154
v 0.109402 -0.360036 -0.445621
v -0.007905 -0.421405 -0.264067
v -0.048619 -0.320612 -0.495612
v -0.041179 -0.298406 -0.491950
v 0.032730 -0.320420 -0.495596
v 0.024827 -0.298629 -0.492039
v -0.007905 -0.421002 -0.168646
v -0.007905 -0.389826 -0.120247
v -0.007905 -0.413998 -0.155160
v -0.282030 -0.211314 -0.121535
v 0.266235 -0.211909 -0.121665
v -0.253706 0.300206 -0.119493
v 0.237905 0.300229 -0.119455
v -0.169185 -0.189087 -0.261180
v 0.153241 -0.188524 -0.260872
v -0.162410 -0.012401 -0.411042
v 0.146483 -0.012611 -0.410927
v -0.269637 -0.036153 -0.407242
v -0.330666 0.242361 0.092535
v 0.314727 0.244210 0.093340
v -0.157590 -0.197602 -0.263755
v 0.141373 -0.196821 -0.263724
v -0.063298 -0.350652 0.310012
v 0.047477 -0.350619 0.310092
v -0.255024 -0.137783 -0.162477
v 0.238980 -0.137835 -0.161923
v -0.250568 -0.019432 -0.399737
v -0.247910 -0.054535 -0.408032
v -0.259764 -0.053487 -0.413441
v 0.234289 -0.019134 -0.399571
v 0.225728 -0.075282 -0.416215
v 0.080505 -0.211436 -0.334043
v 0.243846 -0.053623 -0.413495
v -0.314309 0.171909 0.360081
v 0.298337 0.171855 0.360296
v -0.127559 -0.301153 0.130860
v -0.007905 -0.411753 -0.443333
v -0.023972 -0.402467 -0.400555
v 0.008240 -0.402601 -0.401306
v -0.206753 -0.148755 -0.311138
v 0.190826 -0.148456 -0.311189
v -0.341750 0.180079 0.299112
v 0.325988 0.179888 0.298838
v -0.185597 -0.206501 -0.253222
v 0.170191 -0.207074 -0.253228
v 0.040665 -0.380744 0.129217
v -0.322111 0.308537 0.204013
v 0.306167 0.308969 0.203044
v -0.276483 -0.155232 -0.129321
v 0.260010 -0.155115 -0.130653
v 0.253397 -0.102542 -0.364679
v -0.250032 -0.207560 -0.425885
v 0.234271 -0.207689 -0.425836
v -0.277719 -0.070628 -0.120133
v 0.261383 -0.070906 -0.120415
v -0.187545 -0.230478 -0.439500
v 0.170329 -0.229524 -0.439848
v -0.248733 -0.234726 -0.121310
v 0.230218 -0.234482 -0.120526
v -0.034380 -0.287555 -0.336309
v 0.018762 -0.287361 -0.337823
v -0.151943 -0.179776 -0.446831
v 0.136034 -0.180022 -0.446889
v -0.191911 -0.240998 -0.246189
v 0.176143 -0.241028 -0.246019
v -0.079828 -0.401505 -0.074752
v 0.063814 -0.401450 -0.074809
v -0.184336 -0.322424 -0.165741
v 0.168621 -0.322430 -0.166125
v -0.172334 -0.244704 -0.319491
v 0.156493 -0.245169 -0.319595
v -0.057707 -0.324479 -0.218086
v -0.058213 -0.329423 -0.253501
v 0.042322 -0.329403 -0.253366
v 0.041752 -0.324277 -0.218194
v 0.019736 0.464053 0.077715
v -0.035430 0.464054 0.077924
v -0.007905 0.459229 0.028509
v -0.007905 0.452527 0.008033
v -0.233048 0.148108 0.436128
v 0.217169 0.148425 0.436108
v -0.181361 0.009009 -0.373120
v -0.096211 -0.211772 -0.333970
v -0.172296 -0.118189 -0.296605
v -0.284877 0.002225 -0.114551
v 0.268800 0.002215 -0.114785
v -0.106824 0.384041 -0.107482
v 0.090775 0.383847 -0.107835
v -0.127320 -0.345585 0.149377
v 0.108816 -0.346747 0.149647
v -0.339911 0.104679 -0.079256
v -0.324584 0.164705 -0.076283
v 0.308809 0.164551 -0.076303
v 0.323943 0.105265 -0.079265
v -0.264844 -0.011469 -0.280684
v 0.249168 -0.011550 -0.280642
v -0.007905 -0.222022 0.454592
v -0.007905 -0.189547 0.466752
v -0.336331 -0.202860 -0.071613
v 0.320643 -0.202652 -0.071237
v -0.170623 -0.099254 -0.326105
v 0.154428 -0.098842 -0.325638
v -0.007905 0.464727 0.065481
v -0.358453 -0.041186 0.199480
v 0.342688 -0.041729 0.198717
v -0.205014 0.114367 -0.211623
v 0.189377 0.114257 -0.211532
v -0.077336 -0.307647 -0.269923
v 0.061797 -0.307310 -0.269919
v -0.033011 -0.424045 -0.193470
v 0.017269 -0.423974 -0.193303
v -0.285462 -0.103482 0.338605
v 0.268532 -0.104488 0.339609
v -0.007905 -0.351297 0.321147
v -0.007905 -0.379767 0.244822
v -0.328516 -0.004605 0.329916
v 0.312824 -0.004837 0.329717
v -0.186219 -0.277601 -0.201250
v 0.170357 -0.277831 -0.201219
v -0.246109 -0.073634 -0.191133
v -0.344397 -0.189719 -0.039936
v 0.328756 -0.189441 -0.039186
v -0.007905 -0.338196 -0.212161
v -0.276410 0.291268 0.310855
v 0.260890 0.291085 0.310715
v -0.175418 -0.177412 -0.188748
v 0.159776 -0.178002 -0.188772
v -0.007905 0.152319 -0.197983
v -0.308818 -0.243636 0.032545
v -0.301434 -0.241710 0.086134
v 0.293004 -0.243656 0.032565
v 0.285608 -0.242594 0.083591
v -0.161960 -0.318684 -0.436709
v 0.145097 -0.319497 -0.437411
v 0.266091 -0.030760 -0.163131
v -0.255539 -0.278307 -0.098625
v 0.239416 -0.278007 -0.098988
v -0.279384 -0.025492 -0.121787
v 0.262964 -0.025084 -0.121266
v -0.135777 -0.332124 -0.268036
v 0.119587 -0.332338 -0.267887
v -0.151279 -0.167976 0.443904
v 0.135819 -0.168379 0.443693
v -0.017019 -0.354026 -0.241573
v 0.001253 -0.353933 -0.241500
v -0.144546 0.345321 -0.160396
v -0.262299 -0.184098 -0.129349
v 0.246567 -0.184096 -0.129312
v -0.007905 0.326589 0.422563
v -0.091295 -0.406985 -0.263795
v 0.077435 -0.406626 -0.263719
v -0.007905 -0.395529 -0.466340
v -0.099761 -0.397757 -0.264876
v -0.007905 0.161139 0.491137
v 0.125561 -0.360370 -0.270330
v -0.007905 -0.402292 -0.394354
v -0.007905 0.462434 0.043269
v -0.007905 -0.420076 0.005243
v -0.007905 -0.435885 0.009076
v -0.007905 -0.394786 0.004991
v 0.013697 -0.387585 0.101512
v -0.029764 -0.387597 0.101119
v -0.062030 -0.415417 -0.274277
v 0.046109 -0.415577 -0.274663
v -0.007905 0.402077 -0.092364
v -0.033992 -0.283127 -0.237235
v -0.267272 -0.177887 -0.132613
v 0.251893 -0.177683 -0.131591
v -0.007905 0.324551 -0.164944
v -0.199709 -0.207348 -0.167516
v 0.183918 -0.207686 -0.167545
v -0.308476 0.294742 0.269275
v 0.292623 0.294788 0.269272
v -0.108058 -0.240819 -0.272353
v 0.092378 -0.240360 -0.272429
v -0.007905 -0.386452 0.007444
v -0.007905 -0.362198 0.295280
v -0.312205 0.252171 0.310626
v -0.321394 0.226577 0.320949
v -0.315569 0.207305 0.338871
v 0.305182 0.227377 0.320820
v 0.295207 0.252949 0.311178
v 0.298697 0.208690 0.339015
v -0.080653 0.274319 -0.179093
v 0.064829 0.274418 -0.179063
v -0.007905 -0.266502 -0.165406
v -0.103049 -0.358318 -0.229707
v 0.087355 -0.358481 -0.230004
v -0.134153 -0.253184 -0.014656
v 0.118302 -0.253498 -0.014764
v -0.007905 -0.161362 0.475128
v -0.133556 -0.382938 -0.172344
v 0.117735 -0.382940 -0.172179
v -0.291612 -0.159334 0.286757
v 0.275702 -0.159523 0.286744
v -0.007905 -0.391010 0.149419
v -0.115335 -0.368292 -0.337814
v 0.100131 -0.367976 -0.337678
v -0.182165 -0.331070 -0.191790
v -0.007905 0.060483 0.503553
v -0.007905 0.086179 0.503612
v -0.007905 0.129062 0.498160
v -0.007905 0.437565 -0.026688
v -0.007905 -0.127019 0.482908
v -0.007905 -0.339318 0.343542
v -0.007905 -0.314930 0.381719
v -0.069475 -0.361102 -0.217896
v -0.058090 -0.363797 -0.216500
v 0.039984 -0.364145 -0.216396
v 0.053329 -0.361338 -0.217722
v -0.007905 -0.232097 -0.174281
v -0.007905 -0.276910 0.426729
v -0.007905 -0.375600 -0.002032
v -0.007905 -0.312168 -0.173845
v -0.007905 0.461139 0.148575
v -0.007905 -0.401449 -0.374212
v -0.007905 0.421313 0.310556
v -0.007905 -0.388574 0.097469
vn 0.7073 -0.1040 0.6993
vn 0.7184 -0.1110 0.6867
vn 0.7408 -0.0814 0.6668
vn -0.7420 -0.0807 0.6656
vn -0.7191 -0.1099 0.6862
vn -0.7094 -0.1024 0.6973
vn 0.9969 0.0644 0.0455
vn 0.9967 0.0675 0.0440
vn 0.9972 0.0645 0.0388
vn -0.9969 0.0644 0.0452
vn -0.9970 0.0665 0.0402
vn -0.9967 0.0693 0.0427
vn 0.0620 -0.4866 -0.8714
vn 0.1820 -0.4001 -0.8982
vn 0.1190 -0.3395 -0.9330
vn -0.1192 -0.3366 -0.9341
vn -0.1826 -0.3931 -0.9012
vn -0.0607 -0.4762 -0.8773
vn 0.9306 0.2703 -0.2467
vn 0.9204 0.2484 -0.3020
vn 0.8688 0.3039 -0.3910
vn -0.8689 0.3039 -0.3908
vn -0.9255 0.2424 -0.2911
vn -0.9351 0.2606 -0.2401
vn 0.7666 0.5502 -0.3310
vn 0.6915 0.6145 -0.3797
vn 0.7365 0.6123 -0.2875
vn -0.7664 0.5506 -0.3310
vn -0.7386 0.6097 -0.2876
vn -0.6969 0.6114 -0.3750
vn 0.5427 -0.2155 -0.8118
vn 0.5912 -0.2064 -0.7797
vn 0.3967 -0.0909 -0.9134
vn -0.3985 -0.0898 -0.9128
vn -0.6156 -0.1784 -0.7676
vn -0.5034 -0.1785 -0.8454
vn 0.5718 -0.0064 -0.8204
vn 0.5540 -0.2477 -0.7948
vn -0.5512 -0.2479 -0.7967
vn -0.5724 -0.0020 -0.8200
vn 0.4154 -0.0222 -0.9094
vn 0.5553 0.3003 -0.7755
vn 0.3310 0.0990 -0.9384
vn -0.5547 0.3079 -0.7730
vn -0.4163 -0.0227 -0.9089
vn -0.3308 0.1018 -0.9382
vn -0.0462 0.0897 -0.9949
vn 0.1948 -0.1801 -0.9642
vn 0.1275 -0.1551 -0.9796
vn -0.1172 -0.1405 -0.9831
vn 0.1329 0.0834 -0.9876
vn 0.0453 0.0945 -0.9945
vn 0.5999 -0.3422 -0.7232
vn 0.6368 -0.3679 -0.6775
vn 0.6481 -0.3714 -0.6648
vn -0.6377 -0.3670 -0.6773
vn -0.5979 -0.3428 -0.7246
vn -0.6523 -0.3639 -0.6649
vn 0.3529 -0.2299 -0.9070
vn 0.4987 -0.1971 -0.8441
vn 0.5924 -0.1732 -0.7868
vn -0.4880 -0.2016 -0.8492
vn -0.3454 -0.2287 -0.9102
vn -0.5919 -0.1795 -0.7857
vn 0.1785 -0.9435 0.2793
vn -0.2483 -0.9434 0.2199
vn 0.0200 -0.9140 0.4052
vn -0.0232 -0.9157 0.4011
vn 0.2289 -0.9416 0.2471
vn -0.1832 -0.9423 0.2800
vn -0.8062 -0.5916 0.0102
vn -0.5114 -0.8011 0.3109
vn -0.9509 -0.2111 0.2262
vn 0.3770 0.5699 -0.7301
vn 0.2729 0.2615 -0.9258
vn -0.2709 0.2505 -0.9294
vn -0.3804 0.5682 -0.7297
vn 0.9549 -0.2312 0.1861
vn 0.8305 -0.5570 0.0020
vn 0.9879 -0.0487 -0.1475
vn -0.9868 -0.0836 -0.1384
vn 0.5034 -0.8064 0.3102
vn -0.9317 -0.3630 -0.0131
vn -0.7297 -0.4507 0.5142
vn -0.4153 -0.8525 0.3175
vn -0.3804 0.8264 -0.4152
vn -0.0426 0.9955 -0.0851
vn -0.4370 0.8990 -0.0279
vn 0.4639 0.8827 -0.0757
vn 0.0527 0.9940 -0.0962
vn 0.4111 0.8249 -0.3880
vn -0.9069 -0.2010 0.3704
vn 0.9298 -0.3665 -0.0330
vn 0.4158 -0.8577 0.3025
vn 0.8830 -0.2561 0.3934
vn -0.9306 0.3053 0.2017
vn -0.8049 0.1901 -0.5622
vn -0.7820 0.6149 0.1019
vn 0.9198 0.3402 0.1955
vn 0.6955 0.7168 0.0505
vn 0.8372 0.2391 -0.4918
vn 0.5845 -0.0552 -0.8095
vn 0.6184 -0.0857 -0.7811
vn 0.5549 -0.0322 -0.8313
vn -0.6186 -0.0891 -0.7806
vn -0.5797 -0.0540 -0.8130
vn -0.5531 -0.0321 -0.8325
vn 0.0690 0.9313 0.3577
vn -0.1570 0.8100 0.5650
vn -0.2615 0.8993 -0.3506
vn 0.1625 0.8104 0.5629
vn -0.0819 0.9308 0.3561
vn 0.2612 0.8938 -0.3646
vn 0.4511 -0.6924 0.5631
vn 0.5691 -0.0196 -0.8220
vn 0.6104 -0.1654 -0.7746
vn -0.6115 -0.1652 -0.7738
vn -0.5674 -0.0194 -0.8232
vn 0.6533 -0.3004 -0.6950
vn 0.6242 -0.3192 -0.7131
vn 0.7044 -0.3304 -0.6282
vn -0.6528 -0.3002 -0.6955
vn -0.7045 -0.3304 -0.6280
vn -0.6248 -0.3211 -0.7117
vn 0.1634 0.6895 0.7057
vn 0.3104 0.7778 0.5466
vn 0.6683 0.4363 0.6025
vn -0.1660 0.6851 0.7093
vn -0.6702 0.4315 0.6039
vn -0.3125 0.7737 0.5511
vn 0.5126 -0.3555 -0.7816
vn -0.5133 -0.3562 -0.7808
vn -0.1815 0.0202 -0.9832
vn -0.4843 0.1265 -0.8657
vn -0.2123 0.0255 -0.9769
vn 0.1805 0.0019 -0.9836
vn 0.2109 0.0246 -0.9772
vn 0.4694 0.1275 -0.8737
vn -0.0051 0.0200 -0.9998
vn 0.0003 0.0180 -0.9998
vn 0.0003 -0.0003 -1.0000
vn 0.0045 0.0207 -0.9998
vn -0.5230 0.0612 -0.8501
vn -0.4324 0.0530 -0.9001
vn -0.6660 0.0783 -0.7418
vn 0.5285 0.0575 -0.8470
vn 0.6689 0.0784 -0.7392
vn 0.4353 0.0511 -0.8988
vn 0.0823 -0.3171 -0.9448
vn 0.0013 -0.2916 -0.9566
vn -0.0361 -0.2682 -0.9627
vn 0.0375 -0.2681 -0.9627
vn -0.0033 -0.2944 -0.9557
vn -0.0794 -0.3130 -0.9464
vn -0.2048 0.5405 0.8161
vn 0.2281 0.4019 0.8868
vn 0.0066 0.0025 1.0000
vn 0.2791 0.5843 0.7621
vn 0.0174 0.0603 0.9980
vn 0.2874 0.7666 0.5742
vn 0.6672 -0.7237 0.1763
vn 0.5501 -0.7910 0.2680
vn 0.5952 -0.7879 0.1579
vn -0.5528 -0.8296 0.0790
vn -0.5543 -0.7839 0.2798
vn -0.6687 -0.7222 0.1769
vn -0.8021 0.4300 -0.4144
vn -0.5901 0.5769 -0.5647
vn -0.6104 0.5949 -0.5229
vn 0.6092 0.5972 -0.5218
vn 0.5822 0.5782 -0.5715
vn 0.8014 0.4305 -0.4153
vn 0.8584 -0.4428 0.2590
vn 0.6490 -0.6440 0.4051
vn 0.6745 -0.7102 0.2015
vn -0.6475 -0.6451 0.4058
vn -0.8597 -0.4401 0.2590
vn -0.6730 -0.7115 0.2020
vn 0.6205 -0.7594 -0.1958
vn -0.1826 -0.9623 -0.2017
vn -0.0817 -0.9768 -0.1981
vn 0.0872 -0.9768 -0.1956
vn 0.1937 -0.9600 -0.2020
vn -0.5999 -0.7749 -0.1992
vn -0.7283 0.6077 0.3168
vn -0.1079 0.8737 0.4744
vn -0.5223 0.5963 0.6096
vn 0.5087 0.6017 0.6157
vn 0.1724 0.8729 0.4564
vn 0.7452 0.5871 0.3160
vn 0.2992 0.8215 0.4854
vn 0.9390 0.1235 0.3211
vn -0.0332 0.8492 0.5269
vn -0.9587 0.0690 0.2760
vn -0.2940 0.8214 0.4888
vn -0.9830 0.0767 0.1667
vn -0.9216 0.3854 0.0467
vn -0.9904 -0.0442 0.1312
vn -0.9768 -0.1900 0.0992
vn -0.4155 0.4827 0.7709
vn 0.7926 -0.5756 0.2012
vn 0.7132 0.6912 0.1164
vn -0.9240 -0.3266 -0.1987
vn 0.5529 -0.1165 0.8251
vn -0.5257 -0.8490 -0.0539
vn -0.6198 0.2300 -0.7503
vn -0.6211 0.2324 0.7485
vn 0.9469 0.0480 0.3179
vn -0.9468 0.2324 0.2227
vn -0.7071 0.6065 0.3635
vn -0.7239 0.3887 0.5700
vn -0.8781 0.2409 0.4133
vn 0.9232 0.3257 0.2042
vn -0.0104 0.7580 0.6522
vn -0.8091 0.4723 0.3498
vn -0.0109 0.7807 0.6249
vn -0.9832 0.0604 -0.1722
vn 0.9888 0.0216 0.1480
vn 0.9937 -0.0038 0.1123
vn 0.9944 0.0226 0.1035
vn 0.4565 -0.6402 -0.6178
vn 0.0838 0.3489 -0.9334
vn -0.1327 -0.2406 0.9615
vn -0.4381 0.5621 0.7015
vn -0.3107 0.9026 -0.2980
vn -0.4044 0.4741 0.7821
vn 0.1932 0.2690 -0.9436
vn 0.3584 -0.8550 -0.3748
vn 0.4009 0.9155 -0.0336
vn 0.4663 0.8840 -0.0344
vn -0.9292 0.0960 -0.3570
vn -0.3908 0.8874 -0.2446
vn -0.2993 0.8616 -0.4099
vn 0.5774 -0.4718 -0.6664
vn -0.4115 0.8889 -0.2014
vn 0.2807 0.9596 0.0193
vn -0.4794 -0.8774 -0.0188
vn 0.5843 -0.8112 -0.0215
vn 0.3280 -0.7846 0.5260
vn -0.8102 -0.5045 0.2984
vn 0.8579 0.3532 0.3731
vn 0.1107 0.4800 0.8703
vn 0.9856 -0.0814 0.1481
vn 0.8537 0.3424 0.3925
vn 0.7719 0.5042 0.3873
vn -0.0565 0.5680 -0.8211
vn 0.2350 -0.7957 0.5583
vn -0.0655 -0.3833 0.9213
vn -0.2522 0.8287 -0.4997
vn -0.8548 0.3583 -0.3754
vn -0.1929 0.9199 -0.3415
vn 0.8992 0.1041 -0.4249
vn -0.7661 0.6087 0.2061
vn 0.8257 0.5138 0.2328
vn -0.8896 0.4540 0.0488
vn 0.9905 -0.1373 0.0031
vn 0.9700 -0.2406 -0.0347
vn 0.9802 -0.1971 0.0186
vn -0.9802 -0.1973 0.0151
vn -0.9695 -0.2425 -0.0357
vn -0.9900 -0.1408 -0.0053
vn 0.4701 -0.6871 -0.5540
vn -0.1607 -0.4346 0.8862
vn 0.1472 -0.4299 0.8908
vn 0.8593 0.4803 0.1762
vn -0.8692 -0.4257 -0.2515
vn 0.9720 -0.0424 -0.2313
vn 0.6833 -0.2364 0.6908
vn 0.8922 0.3463 -0.2899
vn -0.0850 0.9400 0.3304
vn -0.1426 0.8202 -0.5541
vn 0.9561 -0.1219 0.2666
vn 0.4530 -0.8203 -0.3492
vn -0.7039 0.7103 -0.0013
vn -0.9990 -0.0287 0.0341
vn -0.8656 0.2362 -0.4415
vn -0.9024 0.3853 0.1929
vn 0.5084 0.3767 -0.7744
vn 0.7331 0.6687 -0.1244
vn 0.8284 0.1910 0.5266
vn -0.9180 0.1493 -0.3674
vn 0.8335 0.0940 -0.5444
vn 0.9937 -0.1080 -0.0287
vn -0.4789 0.7839 0.3952
vn 0.8587 0.4665 0.2123
vn 0.7574 0.0398 0.6518
vn -0.4420 -0.1811 -0.8785
vn 0.9703 -0.2163 0.1081
vn 0.2502 0.6550 0.7130
vn 0.4656 0.7935 0.3918
vn -0.2523 0.6565 0.7108
vn -0.5205 0.7716 0.3657
vn -0.3848 0.8052 0.4512
vn -0.6473 0.6104 0.4565
vn 0.5229 0.7710 0.3635
vn 0.6479 0.6100 0.4562
vn 0.3886 0.8024 0.4530
vn -0.4884 0.0615 -0.8705
vn -0.5729 0.1825 -0.7991
vn -0.9830 0.0207 -0.1825
vn 0.5224 0.0809 -0.8489
vn 0.9389 -0.0020 -0.3442
vn 0.5543 0.1804 -0.8125
vn 0.8692 0.0577 -0.4911
vn 0.4869 0.0876 -0.8691
vn 0.8138 -0.0075 -0.5812
vn -0.4794 0.0919 -0.8728
vn -0.8623 0.0578 -0.5030
vn -0.8088 0.0047 -0.5881
vn 0.4718 -0.1277 -0.8724
vn 0.4634 0.2265 -0.8567
vn -0.2085 -0.3732 -0.9040
vn -0.4963 -0.1708 -0.8512
vn 0.1997 -0.3409 -0.9186
vn -0.4843 0.2263 -0.8451
vn 0.2258 0.2613 -0.9385
vn -0.2132 0.2699 -0.9390
vn -0.6352 0.0691 -0.7692
vn -0.3505 0.0826 -0.9329
vn -0.3558 0.0940 -0.9298
vn 0.6449 0.0714 -0.7610
vn 0.3688 0.1002 -0.9241
vn 0.3555 0.0826 -0.9310
vn 0.0047 0.9100 0.4146
vn -0.0171 0.9043 0.4266
vn 0.2125 -0.2719 0.9386
vn 0.8064 0.0079 0.5914
vn -0.2200 -0.3036 0.9271
vn -0.8057 0.0033 0.5923
vn -0.5610 0.1540 -0.8133
vn 0.4922 0.1226 -0.8618
vn -0.7459 0.1345 -0.6523
vn 0.7504 0.1327 -0.6476
vn -0.9333 0.3276 -0.1472
vn -0.8094 0.0645 -0.5837
vn 0.8133 0.0623 -0.5785
vn 0.9279 0.3327 -0.1684
vn -0.0452 0.9469 0.3184
vn 0.0281 0.9460 0.3230
vn -0.9701 -0.1706 0.1726
vn -0.9835 -0.1266 0.1293
vn -0.9753 -0.1578 0.1548
vn 0.9744 -0.1621 0.1558
vn 0.9830 -0.1360 0.1230
vn 0.9700 -0.1714 0.1722
vn 0.3483 0.5598 0.7519
vn -0.3409 -0.1082 0.9339
vn -0.6923 0.1440 0.7071
vn 0.3682 -0.1043 0.9239
vn -0.3273 0.5249 0.7857
vn 0.6776 0.1615 0.7175
vn 0.0265 -0.2056 -0.9783
vn 0.5718 -0.7350 0.3644
vn 0.0292 -0.0299 -0.9991
vn -0.6074 -0.7296 0.3141
vn 0.5788 -0.2117 -0.7875
vn -0.5636 -0.2076 -0.7995
vn -0.3916 0.4089 -0.8243
vn 0.3597 0.3849 -0.8500
vn 0.5717 0.0109 -0.8204
vn 0.5537 0.0799 -0.8289
vn 0.8531 0.0611 -0.5181
vn -0.5638 0.0099 -0.8259
vn -0.7852 0.0274 -0.6186
vn -0.5575 0.0844 -0.8259
vn -0.8970 -0.1893 -0.3996
vn 0.9523 -0.1652 -0.2564
vn -0.8656 -0.3107 0.3927
vn -0.7483 -0.0355 0.6624
vn -0.9952 0.0697 0.0680
vn 0.9994 -0.0114 -0.0334
vn 0.7534 -0.0284 0.6569
vn 0.9050 -0.2636 0.3339
vn -0.1292 0.3489 0.9282
vn 0.7646 -0.2172 0.6068
vn -0.7692 -0.1917 0.6096
vn 0.0847 0.4212 0.9030
vn 0.1779 0.1243 0.9762
vn 0.0799 0.1079 0.9909
vn 0.0634 0.1020 0.9928
vn -0.0567 0.1026 0.9931
vn -0.0852 0.0990 0.9914
vn -0.1763 0.1178 0.9773
vn 0.0044 0.0146 0.9999
vn -0.0161 0.0235 0.9996
vn -0.5562 0.0039 0.8311
vn -0.7659 -0.1365 0.6283
vn 0.5607 -0.0025 0.8280
vn 0.9115 -0.2116 0.3525
vn -0.9120 -0.2113 0.3517
vn 0.1027 0.0663 0.9925
vn -0.1709 0.2111 0.9624
vn -0.3619 0.2401 0.9008
vn -0.3346 0.3069 0.8910
vn 0.3328 0.3093 0.8908
vn 0.3648 0.2390 0.8999
vn 0.1713 0.2117 0.9622
vn -0.0948 0.0763 0.9926
vn -0.9205 0.3167 0.2290
vn -0.4765 0.0114 0.8791
vn 0.4783 0.0182 0.8780
vn 0.9105 0.3375 0.2387
vn -0.3730 -0.0360 0.9271
vn -0.6685 -0.0517 0.7419
vn 0.3739 -0.0300 0.9270
vn 0.6862 -0.0529 0.7255
vn 0.9751 0.1610 0.1525
vn -0.9751 0.1582 0.1555
vn 0.7384 0.1609 0.6549
vn -0.7355 0.1557 0.6594
vn -0.0004 0.0483 0.9988
vn -0.3645 0.1637 0.9167
vn 0.3935 0.1527 0.9066
vn -0.0004 0.0507 0.9987
vn 0.2019 0.0479 0.9782
vn 0.6492 -0.1441 0.7468
vn 0.6060 -0.6497 0.4591
vn -0.6295 -0.6631 0.4049
vn -0.6486 -0.1320 0.7496
vn -0.1879 0.0664 0.9799
vn 0.8647 0.2266 0.4482
vn -0.8706 0.2084 0.4456
vn -0.4186 0.1842 0.8893
vn -0.0681 0.0619 0.9958
vn 0.0680 0.0595 0.9959
vn 0.3940 0.1760 0.9021
vn -0.9273 -0.3011 0.2226
vn -0.9126 -0.2049 0.3539
vn -0.8467 -0.4668 0.2554
vn 0.8465 -0.4670 0.2558
vn 0.9172 -0.1793 0.3559
vn 0.9277 -0.3026 0.2186
vn -0.5083 0.2641 0.8197
vn -0.5709 0.3108 0.7599
vn -0.7951 0.3857 0.4681
vn 0.5023 0.2680 0.8221
vn 0.7930 0.3861 0.4713
vn 0.5701 0.3100 0.7609
vn -0.4375 0.8592 0.2653
vn -0.1820 0.8830 0.4326
vn -0.4957 0.7814 0.3791
vn 0.9790 0.1872 -0.0806
vn 0.9712 0.2370 -0.0232
vn 0.9709 0.2132 -0.1094
vn -0.9769 0.1928 -0.0920
vn -0.9642 0.2405 -0.1120
vn -0.9704 0.2411 -0.0161
vn 0.2299 0.6223 0.7482
vn -0.1792 0.3754 0.9094
vn -0.2969 0.5822 0.7569
vn 0.2981 0.5798 0.7583
vn 0.1795 0.3750 0.9095
vn -0.3050 0.5925 0.7455
vn -0.1120 -0.0770 0.9907
vn -0.1414 -0.0324 0.9894
vn -0.1572 -0.0943 0.9831
vn 0.1575 -0.0972 0.9827
vn 0.1398 -0.0320 0.9897
vn 0.0961 -0.0818 0.9920
vn 0.3332 -0.0142 0.9427
vn -0.3665 -0.0109 0.9304
vn 0.4775 -0.8503 -0.2212
vn 0.3712 -0.8828 -0.2879
vn 0.3645 -0.9103 -0.1961
vn -0.3621 -0.9107 -0.1988
vn -0.3779 -0.8804 -0.2866
vn -0.4835 -0.8479 -0.2176
vn 0.7720 -0.6356 -0.0040
vn 0.7538 -0.6565 0.0288
vn 0.7318 -0.6788 -0.0612
vn -0.7533 -0.6569 0.0300
vn -0.7721 -0.6355 -0.0039
vn -0.7319 -0.6787 -0.0605
vn -0.1582 0.2915 -0.9434
vn 0.1578 0.2486 -0.9557
vn 0.0107 0.2227 -0.9748
vn 0.1733 0.2910 -0.9409
vn -0.0159 0.2198 -0.9754
vn -0.1661 0.2479 -0.9544
vn 0.1439 0.0550 -0.9881
vn 0.1782 0.0434 -0.9830
vn 0.2104 0.0669 -0.9753
vn -0.2088 0.0649 -0.9758
vn -0.1752 0.0435 -0.9836
vn -0.1456 0.0551 -0.9878
vn 0.2168 0.1595 -0.9631
vn 0.3630 0.1489 -0.9198
vn 0.3511 0.2056 -0.9135
vn -0.3469 0.2080 -0.9145
vn -0.3628 0.1484 -0.9200
vn -0.2141 0.1615 -0.9634
vn 0.3931 -0.7970 0.4586
vn 0.3581 -0.8310 0.4257
vn 0.5329 -0.7474 0.3966
vn -0.5331 -0.7477 0.3960
vn -0.3577 -0.8315 0.4251
vn -0.3919 -0.7979 0.4581
vn -0.6030 0.3855 0.6984
vn -0.6047 0.4333 0.6683
vn -0.6198 0.4129 0.6674
vn -0.3461 0.9327 0.1014
vn -0.2490 0.9548 0.1625
vn -0.2727 0.9577 0.0920
vn 0.6038 0.3843 0.6983
vn 0.6198 0.4133 0.6671
vn 0.6047 0.4332 0.6683
vn 0.2704 0.9584 0.0920
vn 0.2499 0.9548 0.1610
vn 0.3422 0.9339 0.1031
vn -0.7663 -0.0507 0.6405
vn -0.6837 0.1490 0.7144
vn -0.8311 -0.0399 0.5547
vn 0.7524 -0.5550 -0.3547
vn 0.6038 -0.7087 -0.3649
vn 0.6971 -0.6971 -0.1678
vn 0.8357 -0.0404 0.5476
vn 0.6860 0.1474 0.7125
vn 0.7543 -0.0424 0.6552
vn -0.6854 -0.7086 -0.1677
vn -0.6134 -0.6997 -0.3663
vn -0.7542 -0.5540 -0.3527
vn 0.5193 -0.2135 -0.8275
vn 0.4232 -0.1626 -0.8913
vn 0.3961 0.0059 -0.9182
vn -0.4215 -0.1570 -0.8931
vn -0.5179 -0.2027 -0.8311
vn -0.3960 0.0062 -0.9182
vn -0.4463 -0.8276 -0.3404
vn -0.4286 -0.8967 -0.1103
vn -0.3811 -0.8496 -0.3646
vn -0.7808 -0.6233 0.0432
vn -0.5892 -0.7859 0.1877
vn -0.6594 -0.7345 0.1602
vn 0.4224 -0.8979 -0.1238
vn 0.4459 -0.8279 -0.3403
vn 0.3802 -0.8508 -0.3627
vn 0.6593 -0.7347 0.1600
vn 0.5888 -0.7861 0.1881
vn 0.7747 -0.6320 0.0232
vn 0.1211 -0.0895 0.9886
vn 0.1521 -0.0729 0.9857
vn 0.0046 0.0345 0.9994
vn -0.9073 0.2858 0.3085
vn -0.8754 0.2412 0.4190
vn -0.9539 0.2369 0.1842
vn -0.1217 -0.0922 0.9883
vn 0.0041 0.0294 0.9996
vn -0.1500 -0.0755 0.9858
vn 0.9536 0.2409 0.1804
vn 0.8743 0.2460 0.4184
vn 0.9062 0.2868 0.3106
vn -0.7396 -0.5641 0.3672
vn -0.7476 -0.5775 0.3280
vn -0.7898 -0.6063 0.0930
vn -0.9931 -0.1109 -0.0375
vn -0.9911 -0.1220 0.0527
vn -0.9947 -0.1014 -0.0157
vn 0.7539 -0.5711 0.3247
vn 0.7360 -0.5644 0.3737
vn 0.7899 -0.6062 0.0923
vn 0.9924 -0.1230 -0.0030
vn 0.9911 -0.1220 0.0539
vn 0.9931 -0.1102 -0.0392
vn -0.2650 0.2545 -0.9300
vn -0.2464 0.2542 -0.9352
vn -0.1923 0.3411 -0.9201
vn 0.2637 0.2569 -0.9298
vn 0.1893 0.3445 -0.9195
vn 0.2455 0.2549 -0.9353
vn -0.8707 -0.4421 -0.2154
vn -0.8438 -0.4581 -0.2795
vn -0.8436 -0.4743 -0.2519
vn -0.7339 -0.2437 0.6340
vn -0.6982 -0.2645 0.6652
vn -0.6607 -0.2288 0.7149
vn 0.8441 -0.4742 -0.2503
vn 0.8430 -0.4603 -0.2784
vn 0.8715 -0.4405 -0.2154
vn 0.6609 -0.2310 0.7140
vn 0.7003 -0.2655 0.6626
vn 0.7336 -0.2430 0.6347
vn -0.7040 -0.6055 0.3711
vn -0.7914 -0.5056 0.3436
vn -0.7777 -0.5487 0.3069
vn -0.6669 -0.7091 0.2289
vn -0.5290 -0.8280 0.1857
vn -0.5431 -0.8191 0.1845
vn 0.7778 -0.5487 0.3065
vn 0.7916 -0.5055 0.3433
vn 0.7039 -0.6057 0.3710
vn 0.5435 -0.8191 0.1835
vn 0.5285 -0.8273 0.1903
vn 0.6675 -0.7094 0.2264
vn -0.5244 -0.0296 -0.8509
vn -0.4791 -0.1260 -0.8687
vn -0.5137 -0.1341 -0.8474
vn -0.7862 -0.2820 0.5499
vn -0.9117 -0.2886 0.2923
vn -0.8997 -0.4136 -0.1394
vn 0.4732 -0.1402 -0.8697
vn 0.4444 -0.2948 -0.8459
vn 0.4669 -0.0424 -0.8833
vn 0.8578 -0.5129 -0.0323
vn 0.9086 -0.2828 0.3073
vn 0.7883 -0.2607 0.5573
vn 0.9089 0.0900 -0.4072
vn 0.9031 0.0250 -0.4287
vn 0.9234 0.0140 -0.3837
vn -0.2649 0.8235 0.5017
vn -0.2699 0.8311 0.4863
vn -0.0275 0.9156 0.4012
vn -0.9016 0.0266 -0.4317
vn -0.9095 0.0896 -0.4059
vn -0.9235 0.0142 -0.3833
vn 0.0286 0.9117 0.4098
vn 0.2666 0.8315 0.4874
vn 0.2642 0.8245 0.5005
vn -0.9948 -0.1000 -0.0187
vn -0.8846 -0.4622 -0.0623
vn -0.9074 -0.3843 -0.1703
vn -0.9898 -0.0715 -0.1235
vn 0.9955 -0.0929 -0.0211
vn 0.9343 -0.3107 -0.1748
vn 0.9191 -0.3897 -0.0578
vn 0.9895 -0.0731 -0.1247
vn 0.3653 -0.9306 0.0226
vn 0.4134 -0.9100 0.0308
vn 0.3835 -0.8849 -0.2643
vn -0.4125 -0.9102 0.0374
vn -0.3693 -0.9291 0.0182
vn -0.3815 -0.8884 -0.2553
vn -0.8843 -0.4302 0.1816
vn -0.7521 -0.6520 0.0959
vn -0.8947 -0.4324 0.1119
vn -0.3112 -0.8293 -0.4642
vn -0.4908 -0.8314 -0.2606
vn -0.4421 -0.8093 -0.3868
vn 0.8848 -0.4299 0.1799
vn 0.8946 -0.4330 0.1104
vn 0.7429 -0.6629 0.0929
vn 0.4741 -0.8386 -0.2683
vn 0.3098 -0.8258 -0.4713
vn 0.4418 -0.8112 -0.3832
vn -0.9783 -0.0463 0.2019
vn -0.9244 -0.3742 -0.0735
vn -0.9000 -0.2601 0.3497
vn 0.9826 -0.1856 -0.0033
vn 0.8968 -0.2759 0.3458
vn 0.9778 -0.0517 0.2033
vn -0.7662 0.0137 -0.6424
vn -0.8047 0.0805 -0.5881
vn -0.7735 -0.0879 -0.6277
vn 0.2333 0.1752 -0.9565
vn 0.2247 0.1602 -0.9612
vn 0.2262 0.1440 -0.9634
vn 0.7715 0.0210 -0.6359
vn 0.7766 -0.0812 -0.6247
vn 0.8057 0.0840 -0.5863
vn -0.2254 0.1419 -0.9639
vn -0.2285 0.1618 -0.9600
vn -0.2337 0.1753 -0.9564
vn -0.9909 0.1335 0.0186
vn -0.9889 0.1456 0.0311
vn -0.9922 0.1247 0.0001
vn -0.6859 0.6323 0.3602
vn -0.5779 0.7001 0.4195
vn -0.6030 0.7076 0.3684
vn 0.9921 0.1257 -0.0000
vn 0.9889 0.1457 0.0292
vn 0.9910 0.1325 0.0187
vn 0.5781 0.6995 0.4200
vn 0.6837 0.6333 0.3625
vn 0.6030 0.7077 0.3682
vn -0.9994 -0.0091 -0.0336
vn -0.9788 0.0421 0.2006
vn -0.9574 -0.1226 -0.2616
vn -0.7567 0.2459 -0.6058
vn -0.8582 0.0875 -0.5059
vn -0.7360 0.2801 -0.6164
vn 0.9993 -0.0118 -0.0353
vn 0.9578 -0.1298 -0.2566
vn 0.9790 0.0405 0.1999
vn 0.7395 0.2798 -0.6122
vn 0.8533 0.0685 -0.5170
vn 0.7587 0.2441 -0.6039
vn 0.9392 0.3075 0.1528
vn 0.9178 0.3218 0.2326
vn 0.9466 0.3064 0.1004
vn 0.4079 0.8926 -0.1922
vn 0.4421 0.8875 -0.1304
vn 0.5316 0.8467 0.0215
vn -0.9470 0.3052 0.1004
vn -0.9180 0.3223 0.2309
vn -0.9393 0.3074 0.1522
vn -0.5319 0.8465 0.0213
vn -0.4486 0.8864 -0.1143
vn -0.4302 0.8889 -0.1574
vn -0.6343 -0.0823 -0.7687
vn 0.3341 0.1788 -0.9254
vn 0.4558 0.3355 -0.8244
vn 0.2085 0.1678 -0.9635
vn 0.6306 -0.0837 -0.7716
vn -0.3346 0.1822 -0.9246
vn -0.2083 0.1674 -0.9636
vn -0.4662 0.3378 -0.8176
vn 0.1320 0.0824 -0.9878
vn -0.6546 -0.0300 -0.7554
vn -0.7699 -0.1066 -0.6292
vn -0.5521 -0.0594 -0.8317
vn -0.1362 0.0825 -0.9872
vn -0.2014 0.1860 -0.9617
vn 0.7864 -0.1228 -0.6053
vn 0.6580 -0.0325 -0.7523
vn 0.5532 -0.0603 -0.8308
vn -0.2636 0.9622 0.0679
vn -0.2523 0.9407 0.2268
vn -0.0791 0.9296 0.3601
vn -0.9158 0.3519 0.1936
vn -0.8662 0.4329 0.2494
vn -0.9692 0.2431 0.0393
vn 0.0878 0.9289 0.3598
vn 0.2692 0.9398 0.2104
vn 0.2717 0.9602 0.0656
vn 0.9680 0.2406 0.0714
vn 0.8695 0.4291 0.2445
vn 0.9220 0.3359 0.1924
vn 0.2715 -0.1828 0.9449
vn 0.2666 -0.1760 0.9476
vn 0.2834 -0.2124 0.9352
vn -0.2680 -0.1727 0.9478
vn -0.2718 -0.1831 0.9448
vn -0.2817 -0.2124 0.9357
vn 0.1343 -0.9540 -0.2682
vn -0.0724 -0.9523 -0.2964
vn -0.0002 -0.9667 -0.2561
vn 0.0656 -0.9538 -0.2933
vn -0.1343 -0.9544 -0.2668
vn -0.1879 0.2472 0.9506
vn 0.3263 0.7345 0.5949
vn 0.2355 0.4580 0.8572
vn 0.8682 0.2801 0.4095
vn 0.8173 0.2248 0.5305
vn 0.7851 0.4671 0.4067
vn -0.2942 0.7495 0.5930
vn 0.1842 0.2708 0.9449
vn -0.2497 0.4540 0.8553
vn -0.8185 0.2247 0.5287
vn -0.8696 0.2780 0.4080
vn -0.7830 0.4688 0.4088
vn -0.2800 -0.2804 -0.9181
vn -0.5105 -0.0883 -0.8553
vn -0.5378 0.0628 -0.8407
vn 0.4939 0.0139 -0.8694
vn 0.4704 -0.0685 -0.8798
vn 0.4557 -0.3661 -0.8113
vn -0.8594 0.4787 0.1795
vn -0.5590 0.8074 0.1889
vn -0.6978 0.6980 0.1609
vn -0.9398 -0.0905 -0.3295
vn -0.9495 -0.2106 -0.2325
vn -0.8786 -0.0806 -0.4707
vn 0.6921 0.7049 0.1554
vn 0.5615 0.8084 0.1765
vn 0.7289 0.6472 0.2231
vn 0.9424 -0.1398 -0.3038
vn 0.9397 -0.0924 -0.3293
vn 0.8806 -0.0791 -0.4673
vn -0.1786 -0.1432 0.9734
vn -0.2010 -0.1240 0.9717
vn -0.2445 -0.1485 0.9582
vn -0.3160 0.4271 0.8472
vn -0.2606 0.4284 0.8652
vn -0.3217 0.4642 0.8253
vn 0.2514 -0.1498 0.9562
vn 0.1970 -0.1259 0.9723
vn 0.1800 -0.1446 0.9730
vn 0.2608 0.4279 0.8654
vn 0.3158 0.4270 0.8473
vn 0.3215 0.4641 0.8254
vn -0.8187 -0.5723 -0.0463
vn -0.8533 -0.5140 -0.0877
vn -0.6675 -0.6755 -0.3133
vn -0.6263 0.0846 -0.7750
vn 0.8524 -0.5157 -0.0861
vn 0.8184 -0.5727 -0.0476
vn 0.6606 -0.6778 -0.3228
vn 0.8136 -0.3535 -0.4616
vn 0.2766 -0.2900 0.9162
vn 0.4511 -0.3087 0.8374
vn 0.2515 -0.3523 0.9015
vn -0.8501 -0.3732 -0.3715
vn -0.8750 -0.4752 -0.0922
vn -0.9604 -0.2348 -0.1498
vn -0.2519 -0.3496 0.9024
vn -0.4520 -0.3094 0.8366
vn -0.2761 -0.2925 0.9155
vn 0.8762 -0.4737 -0.0893
vn 0.8508 -0.3794 -0.3636
vn 0.9626 -0.2305 -0.1422
vn 0.0303 0.9995 0.0010
vn 0.1580 0.9869 -0.0328
vn 0.0227 0.9995 0.0225
vn -0.0201 0.9995 0.0226
vn -0.1871 0.9818 -0.0319
vn -0.0311 0.9995 -0.0009
vn -0.6053 0.7960 0.0066
vn 0.2763 0.0941 -0.9565
vn 0.3052 0.6794 0.6673
vn 0.5966 0.8009 0.0513
vn -0.3019 0.6832 0.6649
vn -0.2852 0.0917 -0.9541
vn -0.6503 0.7581 -0.0488
vn -0.6766 0.7255 -0.1257
vn -0.7127 0.6934 -0.1063
vn -0.9532 0.3013 0.0238
vn -0.8658 0.4978 0.0510
vn -0.8875 0.4604 -0.0195
vn 0.7126 0.6936 -0.1060
vn 0.6768 0.7255 -0.1248
vn 0.6503 0.7582 -0.0483
vn 0.8858 0.4637 -0.0190
vn 0.8658 0.4978 0.0509
vn 0.9536 0.3000 0.0237
vn 0.9784 0.1357 0.1556
vn 0.9892 0.0844 0.1196
vn 0.9972 -0.0633 0.0403
vn 0.2319 -0.9593 0.1611
vn 0.0647 -0.9744 -0.2153
vn -0.2632 -0.9619 -0.0743
vn -0.9970 -0.0671 0.0394
vn -0.9895 0.0884 0.1142
vn -0.9774 0.1455 0.1536
vn 0.2387 -0.9456 -0.2212
vn -0.1562 -0.9807 -0.1175
vn -0.2336 -0.9591 0.1598
vn 0.4669 -0.7084 0.5293
vn 0.4349 -0.5769 0.6914
vn 0.7373 -0.4342 0.5175
vn -0.4661 -0.7063 0.5328
vn -0.7361 -0.4361 0.5177
vn -0.4352 -0.5763 0.6918
vn 0.7681 0.0651 -0.6370
vn 0.8795 -0.0013 -0.4759
vn 0.4175 -0.0584 -0.9068
vn -0.7709 0.0614 -0.6340
vn -0.4148 -0.0599 -0.9079
vn -0.8738 -0.0165 -0.4860
vn -0.5313 -0.8472 -0.0075
vn -0.6720 -0.7308 0.1200
vn -0.8194 -0.5046 0.2719
vn -0.6750 -0.7073 0.2101
vn -0.7165 -0.6554 0.2389
vn -0.7395 -0.6128 0.2786
vn 0.8206 -0.5043 0.2690
vn 0.7028 -0.6926 0.1622
vn 0.5575 -0.8302 -0.0006
vn 0.7264 -0.6496 0.2242
vn 0.6750 -0.7081 0.2073
vn 0.7442 -0.6067 0.2794
vn -0.3000 0.0367 0.9532
vn -0.3659 0.0518 0.9292
vn -0.3539 0.0072 0.9353
vn -0.6827 0.1052 0.7230
vn -0.7019 -0.0408 0.7111
vn 0.3001 0.0362 0.9532
vn 0.3544 0.0066 0.9351
vn 0.3659 0.0513 0.9292
vn 0.7047 -0.0429 0.7082
vn 0.6823 0.1039 0.7237
vn 0.0686 0.8673 -0.4930
vn 0.0801 0.8705 -0.4857
vn 0.0855 0.8507 -0.5187
vn -0.0860 0.8508 -0.5184
vn -0.0812 0.8696 -0.4870
vn -0.0685 0.8673 -0.4931
vn 0.0259 0.3936 0.9189
vn -0.1826 0.4396 0.8794
vn 0.5816 0.8031 -0.1296
vn 0.6385 0.7685 -0.0426
vn 0.4704 0.8755 0.1110
vn 0.1561 0.4688 0.8694
vn -0.0264 0.3935 0.9189
vn -0.5825 0.8024 -0.1298
vn -0.4683 0.8763 0.1131
vn -0.6435 0.7645 -0.0384
vn -0.8419 -0.5273 0.1146
vn -0.8842 -0.4607 0.0777
vn -0.8287 -0.5561 0.0626
vn -0.7443 -0.5297 0.4068
vn -0.8950 -0.4226 0.1426
vn -0.7398 -0.5518 0.3851
vn 0.9005 -0.4322 0.0479
vn 0.8394 -0.5299 0.1211
vn 0.8307 -0.5536 0.0597
vn 0.7419 -0.5506 0.3828
vn 0.9168 -0.3911 0.0801
vn 0.7450 -0.5300 0.4051
vn -0.6407 -0.5523 0.5334
vn -0.0264 -0.0662 0.9975
vn -0.2621 -0.0529 0.9636
vn -0.2435 -0.0438 0.9689
vn 0.6391 -0.5463 0.5414
vn 0.2163 -0.0422 0.9754
vn 0.2825 -0.0569 0.9576
vn 0.0352 -0.0682 0.9971
vn -0.0577 0.8858 -0.4605
vn -0.2342 0.9708 0.0509
vn -0.2033 0.9744 0.0957
vn -0.1592 0.9843 0.0769
vn 0.0570 0.8861 -0.4599
vn 0.1596 0.9840 0.0787
vn 0.2080 0.9735 0.0948
vn 0.2334 0.9710 0.0519
vn -0.9553 -0.0387 0.2929
vn -0.9748 -0.0130 0.2226
vn -0.9897 0.0408 0.1373
vn -0.7674 -0.2950 0.5692
vn 0.9530 -0.0438 0.2998
vn 0.9913 0.0517 0.1210
vn 0.9765 -0.0096 0.2151
vn 0.7671 -0.2941 0.5702
vn -0.2357 0.0655 0.9696
vn -0.2562 0.0565 0.9650
vn -0.1563 0.0236 0.9874
vn -0.5060 -0.6894 0.5183
vn -0.5796 -0.5565 0.5953
vn -0.6416 -0.6793 0.3561
vn 0.2570 0.0587 0.9646
vn 0.2360 0.0714 0.9691
vn 0.1568 0.0282 0.9872
vn 0.6438 -0.6795 0.3518
vn 0.5812 -0.5535 0.5965
vn 0.5148 -0.6893 0.5097
vn 0.9404 0.3043 -0.1521
vn 0.9373 0.3465 0.0383
vn 0.9411 0.2842 -0.1835
vn 0.5604 0.6799 0.4729
vn 0.6326 0.5789 0.5145
vn 0.7046 0.5730 0.4186
vn -0.9404 0.3020 -0.1566
vn -0.9409 0.2864 -0.1808
vn -0.9374 0.3464 0.0353
vn -0.5651 0.6762 0.4727
vn -0.7055 0.5722 0.4182
vn -0.6363 0.5743 0.5152
vn 0.3362 -0.9380 0.0842
vn 0.3848 -0.9230 0.0058
vn 0.4527 -0.8916 0.0088
vn -0.4511 -0.8925 0.0051
vn -0.3838 -0.9234 0.0062
vn -0.3351 -0.9384 0.0844
vn -0.2011 0.4322 -0.8791
vn -0.3399 0.4987 -0.7974
vn -0.2099 0.4986 -0.8410
vn -0.7919 0.4447 -0.4185
vn -0.7973 0.4727 -0.3752
vn -0.7318 0.5127 -0.4490
vn 0.1994 0.4323 -0.8794
vn 0.2110 0.4968 -0.8418
vn 0.3394 0.4999 -0.7968
vn 0.7310 0.5123 -0.4509
vn 0.7975 0.4724 -0.3754
vn 0.7920 0.4447 -0.4183
vn -0.6775 -0.6746 0.2931
vn -0.6562 -0.7284 0.1970
vn -0.9606 -0.1104 -0.2550
vn -0.9704 -0.2214 0.0961
vn -0.9517 -0.3010 -0.0603
vn 0.6546 -0.7316 0.1905
vn 0.6694 -0.6843 0.2893
vn 0.9502 -0.3051 -0.0635
vn 0.9720 -0.2165 0.0918
vn 0.9618 -0.1082 -0.2515
vn -0.4467 -0.6769 0.5850
vn -0.5421 -0.6846 0.4872
vn -0.3716 -0.7314 0.5719
vn -0.6301 -0.5372 0.5607
vn -0.7726 -0.4599 0.4378
vn -0.7230 -0.5138 0.4618
vn 0.3714 -0.7314 0.5719
vn 0.5418 -0.6847 0.4874
vn 0.4466 -0.6766 0.5855
vn 0.7229 -0.5140 0.4618
vn 0.7726 -0.4593 0.4383
vn 0.6300 -0.5379 0.5601
vn -0.2128 0.9310 0.2964
vn -0.3650 0.8874 0.2817
vn -0.3562 0.8781 0.3195
vn -0.9921 -0.1252 -0.0054
vn -0.9838 -0.1653 0.0687
vn 0.3669 0.8874 0.2792
vn 0.2147 0.9310 0.2952
vn 0.3559 0.8782 0.3194
vn 0.9838 -0.1655 0.0691
vn -0.4198 0.1256 0.8989
vn -0.5052 0.0810 0.8592
vn -0.6959 0.0590 0.7157
vn -0.9239 -0.3350 0.1850
vn 0.4999 0.0831 0.8621
vn 0.4431 0.1128 0.8893
vn 0.6980 0.0574 0.7138
vn 0.9059 -0.3949 0.1530
vn 0.9599 0.1831 -0.2122
vn 0.9468 0.2034 -0.2495
vn 0.9380 0.1948 -0.2867
vn 0.5224 0.8514 -0.0466
vn -0.9373 0.1950 -0.2889
vn -0.9472 0.2007 -0.2501
vn -0.9601 0.1829 -0.2114
vn -0.5171 0.8555 -0.0262
vn -0.9418 -0.2670 0.2045
vn -0.8544 -0.2391 0.4613
vn -0.8453 -0.4667 0.2601
vn -0.3091 -0.9365 -0.1655
vn -0.2240 -0.9728 -0.0595
vn -0.3537 -0.9233 -0.1494
vn 0.8546 -0.2369 0.4620
vn 0.9391 -0.2765 0.2042
vn 0.8463 -0.4665 0.2572
vn 0.3531 -0.9235 -0.1501
vn 0.2253 -0.9726 -0.0580
vn 0.2938 -0.9448 -0.1449
vn -0.8686 -0.0796 0.4890
vn -0.9773 -0.0572 0.2040
vn -0.9531 -0.0296 0.3012
vn -0.9930 -0.0689 -0.0956
vn -0.9971 -0.0410 -0.0637
vn -0.9984 -0.0449 -0.0346
vn 0.9529 -0.0269 0.3020
vn 0.9764 -0.0588 0.2078
vn 0.8714 -0.0775 0.4844
vn 0.9986 -0.0420 -0.0314
vn 0.9971 -0.0410 -0.0640
vn 0.9931 -0.0685 -0.0954
vn -0.5591 0.6772 -0.4783
vn -0.7328 0.3834 0.5621
vn -0.4467 -0.3126 0.8383
vn 0.4615 0.6440 -0.6101
vn 0.4724 -0.2387 0.8484
vn 0.7448 0.4104 0.5262
vn 0.2760 0.3664 0.8886
vn 0.2774 0.2913 0.9155
vn 0.3078 0.3209 0.8957
vn -0.3078 0.3207 0.8958
vn -0.2767 0.2918 0.9156
vn -0.2766 0.3667 0.8882
vn 0.8524 -0.2972 0.4302
vn 0.7582 -0.6491 0.0622
vn 0.7580 -0.6156 0.2156
vn -0.5015 -0.8447 -0.1870
vn -0.7603 -0.6459 0.0691
vn -0.8537 -0.2951 0.4291
vn -0.7610 -0.6102 0.2203
vn 0.4206 -0.8837 -0.2051
vn -0.7521 -0.4927 -0.4377
vn -0.6177 -0.4973 -0.6091
vn -0.6331 -0.4249 -0.6470
vn -0.3617 -0.4829 -0.7975
vn -0.5072 -0.4196 -0.7528
vn -0.4494 -0.4189 -0.7890
vn 0.6051 -0.5034 -0.6168
vn 0.7488 -0.4740 -0.4633
vn 0.6477 -0.4245 -0.6327
vn 0.5141 -0.4189 -0.7485
vn 0.3622 -0.4827 -0.7974
vn 0.4605 -0.4202 -0.7819
vn -0.9973 -0.0699 0.0209
vn -0.9912 -0.0776 0.1071
vn -0.9905 -0.1280 0.0513
vn -0.9860 0.1588 0.0508
vn 0.9902 -0.1306 0.0494
vn 0.9910 -0.0789 0.1077
vn 0.9971 -0.0724 0.0241
vn 0.9860 0.1590 0.0504
vn -0.2082 -0.9276 -0.3103
vn -0.3625 -0.9276 0.0906
vn -0.5352 -0.8293 -0.1605
vn -0.3095 -0.9034 -0.2967
vn -0.1091 -0.9901 0.0881
vn -0.2309 -0.9700 0.0756
vn 0.3653 -0.9263 0.0928
vn 0.2135 -0.9312 -0.2954
vn 0.5348 -0.8286 -0.1656
vn 0.2306 -0.9699 0.0781
vn 0.1078 -0.9903 0.0872
vn 0.3273 -0.9047 -0.2729
vn 0.3432 -0.4494 -0.8248
vn 0.2593 -0.4981 -0.8274
vn 0.2906 -0.4863 -0.8241
vn -0.4088 -0.9117 0.0396
vn -0.2256 -0.9721 -0.0638
vn -0.2727 -0.9153 0.2966
vn -0.2587 -0.5045 -0.8237
vn -0.3383 -0.4527 -0.8250
vn -0.2951 -0.4895 -0.8205
vn 0.2729 -0.9158 0.2947
vn 0.2243 -0.9719 -0.0709
vn 0.4094 -0.9116 0.0364
vn 0.3500 0.3445 -0.8711
vn 0.4157 0.5328 -0.7371
vn 0.5530 0.2636 -0.7904
vn 0.8828 0.1855 -0.4315
vn 0.8771 0.2060 -0.4339
vn -0.3515 0.3442 -0.8706
vn -0.5540 0.2638 -0.7896
vn -0.4214 0.5233 -0.7407
vn -0.8825 0.1854 -0.4322
vn -0.8769 0.2075 -0.4336
vn -0.4332 -0.4398 0.7867
vn -0.1875 -0.5025 0.8440
vn -0.5278 -0.5564 0.6417
vn -0.0567 -0.9899 0.1299
vn -0.5531 -0.7195 0.4199
vn -0.0846 -0.8445 0.5288
vn 0.5307 -0.5547 0.6409
vn 0.1577 -0.4843 0.8606
vn 0.4262 -0.4379 0.7916
vn 0.0597 -0.9894 0.1325
vn 0.0723 -0.8447 0.5303
vn 0.5297 -0.7340 0.4250
vn -0.9985 -0.0470 -0.0283
vn -0.9939 0.1068 0.0285
vn -0.9930 0.0221 0.1164
vn -0.9973 0.0423 -0.0596
vn -0.9631 0.2357 0.1299
vn -0.9999 0.0067 0.0092
vn 0.9925 0.0200 0.1210
vn 0.9935 0.1081 0.0348
vn 0.9986 -0.0465 -0.0257
vn 0.9999 0.0087 0.0113
vn 0.9600 0.2472 0.1316
vn 0.9996 -0.0266 -0.0115
vn -0.4686 -0.3315 -0.8188
vn -0.3209 -0.3085 -0.8955
vn -0.3656 -0.3150 -0.8758
vn -0.4725 -0.0153 -0.8812
vn -0.3386 -0.0497 -0.9396
vn -0.4208 -0.1037 -0.9012
vn 0.3646 -0.3139 -0.8767
vn 0.3219 -0.3076 -0.8954
vn 0.4687 -0.3308 -0.8191
vn 0.4716 -0.0144 -0.8817
vn 0.4186 -0.1052 -0.9020
vn 0.3397 -0.0504 -0.9392
vn -0.6199 0.3844 0.6841
vn -0.9957 0.0924 -0.0111
vn -0.9954 0.0919 -0.0282
vn -0.9947 0.0973 -0.0320
vn 0.6212 0.3875 0.6812
vn 0.9948 0.0968 -0.0326
vn 0.9954 0.0910 -0.0302
vn 0.9957 0.0920 -0.0117
vn -0.9629 -0.2451 -0.1125
vn -0.9225 -0.2153 -0.3204
vn -0.9886 -0.1250 -0.0844
vn -0.8706 -0.3286 -0.3662
vn -0.9363 -0.3499 -0.0294
vn -0.8750 -0.4829 -0.0346
vn 0.9231 -0.2147 -0.3190
vn 0.9637 -0.2454 -0.1047
vn 0.9875 -0.1305 -0.0880
vn 0.9350 -0.3536 -0.0265
vn 0.8715 -0.3311 -0.3618
vn 0.8763 -0.4802 -0.0382
vn 0.7336 0.4456 0.5132
vn 0.8018 0.3492 0.4850
vn 0.6159 -0.6133 0.4944
vn 0.8737 -0.1134 0.4730
vn -0.7339 0.4434 0.5146
vn -0.8019 0.3480 0.4857
vn -0.8751 -0.1119 0.4708
vn -0.6275 -0.6132 0.4799
vn -0.5141 -0.8352 -0.1953
vn -0.4807 -0.8271 -0.2913
vn -0.6166 -0.7614 -0.2003
vn -0.7401 -0.1594 -0.6533
vn 0.4851 -0.8273 -0.2833
vn 0.5147 -0.8352 -0.1938
vn 0.6235 -0.7699 -0.1363
vn 0.7402 -0.1617 -0.6527
vn -0.4586 -0.7054 -0.5405
vn -0.2747 -0.6447 -0.7134
vn -0.3079 -0.8251 -0.4738
vn -0.1804 -0.7564 -0.6287
vn -0.1444 -0.9162 -0.3737
vn 0.3060 -0.8252 -0.4748
vn 0.2736 -0.6456 -0.7130
vn 0.4545 -0.7059 -0.5432
vn 0.1819 -0.7578 -0.6266
vn 0.1398 -0.9148 -0.3789
vn 0.3296 0.9285 0.1708
vn -0.3302 0.9282 0.1716
vn 0.9265 0.0712 -0.3695
vn 0.9147 0.2222 -0.3377
vn 0.8377 0.1997 -0.5083
vn 0.8451 0.3206 -0.4279
vn -0.9265 0.0713 -0.3695
vn -0.8374 0.2032 -0.5074
vn -0.9158 0.2221 -0.3346
vn -0.8444 0.3203 -0.4294
vn -0.5683 -0.8051 -0.1700
vn -0.7395 -0.6696 -0.0687
vn -0.6585 -0.7180 -0.2255
vn 0.5606 -0.6832 0.4679
vn 0.7362 -0.4744 0.4828
vn 0.6905 -0.6329 0.3502
vn 0.7412 -0.6678 -0.0678
vn 0.5693 -0.8043 -0.1704
vn 0.6584 -0.7200 -0.2193
vn -0.7365 -0.4753 0.4814
vn -0.5626 -0.6891 0.4568
vn -0.6882 -0.6433 0.3355
vn -0.6629 -0.0627 0.7460
vn -0.6194 0.1680 0.7669
vn -0.4093 0.1076 0.9060
vn -0.9385 -0.1627 0.3046
vn -0.9845 -0.1743 0.0173
vn 0.6739 -0.0576 0.7365
vn 0.3545 0.1833 0.9169
vn 0.6218 0.1768 0.7629
vn 0.9357 -0.1595 0.3148
vn 0.9854 -0.1693 0.0194
vn -0.2148 0.2215 -0.9512
vn -0.1306 0.1268 -0.9833
vn -0.3459 0.1604 -0.9245
vn -0.3981 0.4862 -0.7779
vn 0.2163 0.2213 -0.9509
vn 0.3506 0.1613 -0.9225
vn 0.1336 0.1252 -0.9831
vn 0.3978 0.4864 -0.7780
vn 0.9236 0.3831 0.0112
vn 0.6855 0.7278 0.0198
vn 0.8642 0.4689 0.1825
vn -0.0823 0.9039 -0.4197
vn 0.0618 0.7386 -0.6713
vn -0.1901 0.7478 -0.6362
vn -0.8659 0.4666 0.1803
vn -0.7385 0.6692 0.0824
vn -0.9240 0.3824 0.0075
vn -0.0998 0.7524 -0.6511
vn 0.0857 0.9023 -0.4226
vn 0.1917 0.7458 -0.6380
vn 0.2286 -0.2801 0.9324
vn 0.2318 -0.3713 0.8991
vn 0.2942 -0.2990 0.9078
vn -0.2942 -0.2989 0.9078
vn -0.2320 -0.3714 0.8990
vn -0.2286 -0.2801 0.9324
vn -0.0001 0.8433 0.5375
vn -0.0496 0.8763 0.4792
vn -0.0995 0.8604 0.4998
vn -0.1883 0.6128 0.7675
vn -0.1489 0.6830 0.7151
vn -0.2249 0.6587 0.7180
vn 0.0994 0.8605 0.4997
vn 0.0494 0.8763 0.4793
vn 0.1885 0.6126 0.7676
vn 0.2243 0.6598 0.7171
vn 0.1488 0.6832 0.7149
vn 0.0374 0.4019 -0.9149
vn -0.0888 0.4810 -0.8722
vn 0.1667 0.3225 -0.9318
vn -0.2058 0.2303 -0.9511
vn -0.1330 0.3451 -0.9291
vn -0.0483 0.4018 -0.9144
vn -0.3135 0.2547 -0.9148
vn -0.3576 0.1785 -0.9167
vn -0.4228 0.1897 -0.8861
vn -0.6453 -0.2006 -0.7371
vn -0.5587 -0.0423 -0.8283
vn -0.4786 -0.2918 -0.8281
vn 0.3119 0.2544 -0.9154
vn 0.4232 0.1912 -0.8856
vn 0.3586 0.1746 -0.9170
vn 0.6450 -0.2022 -0.7369
vn 0.5064 -0.2885 -0.8126
vn 0.5601 -0.0379 -0.8275
vn -0.4277 -0.8010 0.4189
vn -0.0941 -0.7533 0.6509
vn -0.5035 -0.8091 0.3029
vn 0.5020 -0.8088 0.3063
vn 0.0836 -0.7518 0.6541
vn 0.4449 -0.7931 0.4160
vn -0.7264 0.6870 0.0198
vn -0.7139 0.6988 -0.0448
vn -0.7706 0.6348 -0.0568
vn -0.5549 0.7977 0.2359
vn -0.4937 0.8267 0.2700
vn -0.5542 0.8171 0.1588
vn 0.7697 0.6359 -0.0571
vn 0.7138 0.6990 -0.0446
vn 0.7265 0.6869 0.0196
vn 0.5563 0.7978 0.2327
vn 0.5550 0.8166 0.1585
vn 0.4945 0.8260 0.2705
vn -0.4582 -0.8773 0.1428
vn -0.9722 -0.1970 0.1263
vn -0.9713 -0.2210 0.0879
vn 0.5242 -0.8351 0.1672
vn 0.9733 -0.1935 0.1236
vn 0.9720 -0.2191 0.0843
vn -0.3242 0.0177 -0.9458
vn -0.2326 -0.0401 -0.9717
vn -0.2054 -0.0734 -0.9759
vn 0.2296 -0.0417 -0.9724
vn 0.3238 0.0174 -0.9460
vn 0.2070 -0.0720 -0.9757
vn -0.1500 -0.7084 -0.6897
vn -0.2770 -0.8526 -0.4431
vn -0.1635 -0.5435 -0.8233
vn -0.4000 -0.7515 -0.5246
vn -0.7537 -0.5701 -0.3271
vn -0.3031 -0.3663 -0.8797
vn 0.2766 -0.8511 -0.4462
vn 0.1599 -0.7221 -0.6730
vn 0.1604 -0.5392 -0.8268
vn 0.2721 -0.3364 -0.9015
vn 0.7484 -0.5679 -0.3428
vn 0.4079 -0.7498 -0.5210
vn -0.7879 0.0217 -0.6154
vn -0.9070 0.0161 -0.4208
vn -0.9936 0.0158 -0.1121
vn -0.2616 0.0333 -0.9646
vn -0.3386 0.0450 -0.9399
vn 0.9937 0.0137 -0.1115
vn 0.9113 0.0193 -0.4113
vn 0.7876 0.0221 -0.6158
vn 0.3372 0.0474 -0.9402
vn 0.2623 0.0331 -0.9644
vn -0.5172 -0.7887 0.3324
vn -0.4428 -0.8556 0.2683
vn -0.3941 -0.8659 0.3079
vn -0.4658 -0.8777 0.1120
vn 0.3939 -0.8659 0.3082
vn 0.4439 -0.8549 0.2685
vn 0.5151 -0.7899 0.3328
vn 0.4662 -0.8774 0.1133
vn -0.1165 0.9857 0.1215
vn -0.1802 0.9766 0.1178
vn -0.1764 0.9605 0.2151
vn -0.1719 0.9714 0.1641
vn 0.1800 0.9766 0.1178
vn 0.1168 0.9856 0.1221
vn 0.1714 0.9712 0.1653
vn 0.1794 0.9597 0.2164
vn -0.9352 0.0255 0.3533
vn -0.9977 -0.0494 0.0472
vn -0.9373 0.1465 0.3162
vn -0.9491 -0.1145 0.2933
vn -0.8010 -0.1071 0.5890
vn -0.6991 -0.0349 0.7142
vn 0.9325 0.1394 0.3331
vn 0.9990 -0.0427 0.0132
vn 0.9641 -0.0102 0.2652
vn 0.9478 -0.1152 0.2975
vn 0.6783 -0.0392 0.7338
vn 0.8002 -0.1077 0.5900
vn 0.3465 -0.9053 0.2458
vn 0.2904 -0.9077 0.3028
vn 0.3112 -0.9278 0.2056
vn -0.2907 -0.9079 0.3020
vn -0.3469 -0.9061 0.2420
vn -0.3118 -0.9277 0.2051
vn -0.6664 -0.1441 0.7316
vn -0.7203 -0.0589 0.6912
vn -0.6244 -0.1088 0.7735
vn -0.8479 -0.3848 -0.3647
vn 0.6210 -0.1017 0.7772
vn 0.7201 -0.0585 0.6914
vn 0.6691 -0.1387 0.7301
vn 0.8516 -0.3810 -0.3600
vn -0.2232 0.2294 -0.9474
vn -0.9204 -0.0033 -0.3910
vn -0.9739 -0.0990 -0.2045
vn -0.9942 -0.0786 -0.0738
vn 0.2234 0.2300 -0.9472
vn 0.9939 -0.0824 -0.0733
vn 0.9739 -0.0958 -0.2055
vn 0.9283 -0.0082 -0.3717
vn -0.7928 -0.6084 0.0359
vn -0.7586 -0.6426 -0.1080
vn -0.7504 -0.6492 -0.1241
vn 0.7446 -0.6649 -0.0590
vn 0.8646 -0.3849 -0.3229
vn 0.8693 -0.3817 -0.3140
vn 0.7515 -0.6477 -0.1250
vn 0.7589 -0.6420 -0.1094
vn 0.7880 -0.6155 0.0159
vn -0.8722 -0.3649 -0.3257
vn -0.8574 -0.4017 -0.3216
vn -0.7561 -0.6509 -0.0677
vn -0.5878 0.4233 -0.6894
vn -0.7055 0.4363 -0.5585
vn -0.5384 0.4703 -0.6992
vn -0.7919 0.1442 -0.5934
vn -0.8406 0.2142 -0.4976
vn -0.8421 0.2517 -0.4771
vn 0.5373 0.4728 -0.6984
vn 0.7055 0.4363 -0.5585
vn 0.5877 0.4235 -0.6895
vn 0.8428 0.2511 -0.4760
vn 0.8408 0.2102 -0.4989
vn 0.7918 0.1435 -0.5936
vn 0.1739 -0.5468 -0.8190
vn 0.2542 -0.3959 -0.8824
vn -0.0037 -0.4062 -0.9138
vn -0.3456 -0.9384 0.0025
vn -0.2383 -0.9678 0.0814
vn -0.2529 -0.3970 -0.8823
vn -0.1959 -0.5152 -0.8344
vn 0.2369 -0.9676 0.0867
vn 0.3343 -0.9424 -0.0082
vn 0.1775 -0.4750 -0.8619
vn 0.1852 -0.6283 -0.7556
vn -0.6413 -0.7371 0.2131
vn -0.1844 -0.4781 -0.8587
vn -0.1855 -0.6436 -0.7425
vn 0.6350 -0.7424 0.2136
vn -0.2338 -0.8758 -0.4223
vn -0.1629 -0.9727 -0.1653
vn -0.5892 -0.6208 -0.5171
vn -0.6929 -0.5564 -0.4587
vn -0.6587 -0.4468 -0.6054
vn 0.0480 -0.8520 -0.5214
vn 0.2847 -0.8916 -0.3522
vn 0.6596 -0.4395 -0.6097
vn 0.6904 -0.5537 -0.4656
vn 0.5869 -0.6234 -0.5166
vn -0.2146 -0.1462 -0.9657
vn -0.2662 -0.1517 -0.9519
vn -0.2473 -0.0395 -0.9681
vn 0.2659 -0.1518 -0.9520
vn 0.2136 -0.1467 -0.9658
vn 0.2470 -0.0394 -0.9682
vn -0.5433 0.6040 0.5831
vn -0.5007 0.6742 0.5429
vn -0.5994 0.6083 0.5204
vn -0.1925 0.7580 0.6232
vn -0.2732 0.7238 0.6337
vn 0.5458 0.6020 0.5828
vn 0.5993 0.6081 0.5206
vn 0.5011 0.6742 0.5426
vn 0.2732 0.7237 0.6338
vn 0.1923 0.7582 0.6231
vn 0.2055 0.2433 -0.9479
vn 0.1754 0.2615 -0.9491
vn 0.1654 0.1642 -0.9725
vn -0.0342 0.7040 -0.7094
vn -0.0513 0.7946 -0.6050
vn -0.0024 0.6688 -0.7434
vn -0.2037 0.2444 -0.9480
vn -0.1649 0.1639 -0.9726
vn -0.1755 0.2638 -0.9485
vn 0.0025 0.6699 -0.7425
vn 0.0513 0.7946 -0.6050
vn 0.0424 0.6965 -0.7163
vn -0.8271 -0.4584 0.3251
vn -0.8907 -0.3987 0.2183
vn -0.9024 -0.1727 0.3949
vn -0.8684 -0.2920 0.4007
vn -0.8013 -0.3716 0.4689
vn 0.8906 -0.3974 0.2213
vn 0.8253 -0.4609 0.3263
vn 0.8013 -0.3717 0.4687
vn 0.8660 -0.2966 0.4026
vn 0.9033 -0.1718 0.3932
vn -0.2415 0.6362 0.7328
vn -0.7762 0.5647 0.2804
vn 0.2334 0.6449 0.7278
vn 0.7923 0.5417 0.2808
vn -0.7473 -0.6490 -0.1427
vn -0.6267 -0.7778 0.0484
vn 0.7507 -0.6452 -0.1425
vn 0.6291 -0.7757 0.0492
vn -0.1116 -0.1552 0.9816
vn 0.0459 -0.2613 0.9642
vn -0.1413 -0.5344 0.8333
vn 0.1813 -0.3957 0.9003
vn 0.1428 -0.7052 0.6945
vn 0.1563 -0.4991 0.8523
vn -0.0458 -0.2661 0.9629
vn 0.1129 -0.1652 0.9798
vn 0.1399 -0.5378 0.8314
vn -0.1438 -0.5304 0.8355
vn -0.1762 -0.6925 0.6996
vn -0.1849 -0.3973 0.8989
vn 0.3712 -0.9189 0.1334
vn 0.3365 -0.7987 0.4989
vn 0.3134 -0.9340 -0.1717
vn 0.1793 -0.9366 -0.3012
vn -0.0170 -0.9978 -0.0646
vn -0.3328 -0.8058 0.4898
vn -0.3645 -0.9224 0.1274
vn 0.0694 -0.9961 -0.0548
vn -0.1124 -0.9627 -0.2461
vn -0.2975 -0.9395 -0.1701
vn -0.0065 -0.0370 -0.9993
vn -0.0251 -0.0556 -0.9981
vn 0.0333 -0.0291 -0.9990
vn -0.0320 -0.0288 -0.9991
vn 0.0254 -0.0559 -0.9981
vn 0.0046 -0.0343 -0.9994
vn -0.9452 -0.3171 -0.0771
vn -0.9404 -0.3399 -0.0083
vn -0.9123 -0.3637 -0.1883
vn -0.3587 -0.9249 -0.1262
vn -0.5467 -0.8368 0.0289
vn -0.6182 -0.7255 -0.3026
vn 0.9136 -0.3586 -0.1918
vn 0.9427 -0.3335 -0.0059
vn 0.9401 -0.3293 -0.0880
vn 0.5437 -0.8391 0.0152
vn 0.3541 -0.9263 -0.1288
vn 0.6463 -0.7181 -0.2583
vn -0.8871 -0.1159 -0.4468
vn -0.8644 -0.1761 -0.4710
vn -0.9670 -0.1237 -0.2226
vn -0.6783 0.0570 0.7325
vn -0.8680 -0.0762 0.4906
vn 0.9727 -0.1226 -0.1970
vn 0.8642 -0.1685 -0.4741
vn 0.8888 -0.1127 -0.4441
vn 0.6656 0.0744 0.7426
vn 0.8687 -0.0854 0.4880
vn -0.0110 -0.9309 0.3650
vn 0.2634 -0.8118 0.5211
vn -0.0547 -0.8260 0.5610
vn 0.7999 -0.6001 -0.0028
vn 0.7697 -0.6034 -0.2083
vn 0.0556 -0.8269 0.5596
vn -0.2630 -0.8115 0.5219
vn 0.0106 -0.9306 0.3659
vn -0.7719 -0.6014 -0.2062
vn -0.7992 -0.6010 -0.0048
vn -0.2047 -0.6177 0.7593
vn -0.3121 -0.5470 0.7768
vn -0.3071 -0.6696 0.6763
vn -0.2758 -0.8320 0.4814
vn -0.1714 -0.8687 0.4648
vn -0.1781 -0.8375 0.5167
vn 0.3120 -0.5471 0.7768
vn 0.2048 -0.6182 0.7589
vn 0.3076 -0.6696 0.6761
vn 0.1779 -0.8373 0.5170
vn 0.1716 -0.8685 0.4650
vn 0.2753 -0.8320 0.4816
vn -0.7456 -0.6032 0.2834
vn -0.8924 -0.4356 0.1175
vn -0.8000 -0.5532 0.2325
vn -0.7306 -0.6308 -0.2612
vn -0.5672 -0.6732 -0.4744
vn -0.7762 -0.4550 -0.4365
vn 0.8006 -0.5515 0.2345
vn 0.8943 -0.4343 0.1079
vn 0.7468 -0.6030 0.2804
vn 0.5613 -0.6760 -0.4775
vn 0.7233 -0.6406 -0.2579
vn 0.7686 -0.4537 -0.4510
vn -0.9803 0.1320 -0.1467
vn -0.7700 0.5819 -0.2618
vn -0.7803 0.6033 -0.1648
vn -0.7905 0.5985 0.1303
vn -0.6475 0.7357 0.1989
vn 0.9824 0.1283 -0.1355
vn 0.8042 0.5710 -0.1652
vn 0.7689 0.5873 -0.2530
vn 0.7934 0.5938 0.1340
vn 0.6318 0.7483 0.2020
vn -0.2127 0.1868 -0.9591
vn 0.2133 0.1868 -0.9590
vn -0.8050 -0.3498 0.4792
vn -0.7957 -0.4079 0.4477
vn -0.1432 0.0516 0.9883
vn 0.7981 -0.3576 0.4849
vn 0.7960 -0.4058 0.4491
vn 0.1432 0.0589 0.9879
vn -0.1605 0.2054 -0.9654
vn -0.2475 0.0724 -0.9662
vn -0.2693 -0.1628 -0.9492
vn 0.2141 0.1967 -0.9568
vn 0.2467 0.0725 -0.9664
vn 0.1633 0.2005 -0.9660
vn 0.2656 -0.1617 -0.9504
vn -0.8753 0.0942 -0.4743
vn -0.9975 0.0196 -0.0673
vn -0.8878 0.2550 -0.3832
vn -0.8980 0.2458 -0.3649
vn -0.9354 0.2288 -0.2697
vn 0.9975 0.0178 -0.0684
vn 0.8757 0.0948 -0.4735
vn 0.8871 0.2565 -0.3837
vn 0.9344 0.2278 -0.2737
vn 0.8976 0.2464 -0.3655
vn -0.2956 -0.9018 0.3152
vn -0.3563 -0.9032 0.2394
vn -0.5079 -0.8608 -0.0335
vn -0.4149 -0.7196 -0.5568
vn -0.3905 -0.9051 -0.1681
vn -0.3850 -0.8515 -0.3559
vn 0.3671 -0.9038 0.2198
vn 0.2715 -0.8994 0.3427
vn 0.5106 -0.8591 -0.0346
vn 0.3897 -0.9049 -0.1711
vn 0.4165 -0.7180 -0.5577
vn 0.3853 -0.8513 -0.3563
vn 0.5186 0.8550 -0.0032
vn 0.8441 0.3729 -0.3853
vn 0.8758 0.1827 -0.4468
vn 0.8671 0.2694 -0.4190
vn -0.5107 0.8598 0.0024
vn -0.8456 0.3669 -0.3879
vn -0.8648 0.2671 -0.4252
vn -0.8746 0.1808 -0.4499
vn -0.1265 0.1492 0.9807
vn 0.2688 0.2471 0.9309
vn 0.9935 -0.0073 0.1139
vn -0.2769 0.2442 0.9294
vn -0.9933 -0.0047 0.1153
vn -0.8756 0.4830 -0.0071
vn -0.7677 0.6372 0.0685
vn -0.9142 -0.1939 0.3560
vn -0.9585 -0.2712 0.0884
vn -0.9697 -0.2439 -0.0118
vn 0.8733 0.4871 -0.0067
vn 0.7687 0.6368 0.0596
vn 0.9715 -0.2364 0.0192
vn 0.9594 -0.2694 0.0833
vn 0.9180 -0.1908 0.3477
vn -0.5711 -0.8208 0.0118
vn -0.6929 -0.7208 0.0184
vn -0.6447 -0.7613 0.0691
vn -0.3025 -0.9531 -0.0038
vn -0.1368 -0.9529 -0.2708
vn -0.5543 -0.7403 -0.3804
vn 0.6924 -0.7213 0.0182
vn 0.5734 -0.8192 0.0115
vn 0.6447 -0.7614 0.0681
vn 0.5342 -0.7552 -0.3799
vn 0.1106 -0.9588 -0.2617
vn 0.3040 -0.9526 -0.0084
vn -0.3828 -0.1183 0.9162
vn -0.4234 -0.3796 0.8226
vn -0.3163 -0.1892 0.9296
vn -0.3267 -0.5010 0.8014
vn -0.1686 -0.5302 0.8310
vn -0.1542 -0.3818 0.9113
vn 0.4227 -0.3777 0.8238
vn 0.3862 -0.1220 0.9143
vn 0.3121 -0.1818 0.9325
vn 0.1689 -0.5292 0.8315
vn 0.3264 -0.4989 0.8028
vn 0.1539 -0.3821 0.9112
vn -0.4621 0.8085 -0.3644
vn -0.2848 0.8758 -0.3897
vn -0.3336 0.8265 -0.4535
vn -0.4946 0.8690 0.0163
vn -0.3949 0.9169 -0.0578
vn -0.5487 0.8309 -0.0917
vn 0.3347 0.8255 -0.4545
vn 0.2842 0.8759 -0.3898
vn 0.4604 0.8090 -0.3656
vn 0.5491 0.8308 -0.0916
vn 0.3949 0.9169 -0.0582
vn 0.4930 0.8698 0.0185
vn 0.2357 0.0925 0.9674
vn 0.3115 0.1240 0.9421
vn -0.3112 0.1244 0.9422
vn -0.2360 0.0920 0.9674
vn -0.7957 0.3224 -0.5128
vn -0.8374 0.1789 -0.5164
vn -0.9843 0.1358 -0.1127
vn 0.8372 0.1717 -0.5192
vn 0.7919 0.3229 -0.5183
vn 0.9834 0.1390 -0.1169
vn -0.9102 -0.1893 -0.3684
vn -0.7783 -0.3984 -0.4853
vn -0.7842 -0.2914 -0.5478
vn -0.9830 0.0404 -0.1789
vn -0.9796 -0.0282 -0.1991
vn -0.9065 -0.1134 -0.4066
vn 0.9096 -0.1895 -0.3699
vn 0.7959 -0.2773 -0.5383
vn 0.7831 -0.4003 -0.4759
vn 0.9133 -0.1110 -0.3918
vn 0.9800 -0.0273 -0.1971
vn 0.9837 0.0445 -0.1744
vn 0.9675 0.1341 -0.2146
vn 0.9643 0.0996 -0.2454
vn 0.9436 -0.0105 -0.3309
vn 0.6381 -0.3700 -0.6752
vn 0.9013 -0.0091 -0.4331
vn -0.9444 -0.0028 -0.3288
vn -0.9624 0.0943 -0.2547
vn -0.9645 0.1360 -0.2262
vn -0.6401 -0.3757 -0.6701
vn -0.8965 -0.0161 -0.4428
vn -0.0055 -0.9017 0.4323
vn 0.0824 -0.8749 0.4773
vn -0.0222 -0.8285 0.5596
vn 0.0219 -0.8265 0.5625
vn -0.0819 -0.8734 0.4800
vn 0.0052 -0.9018 0.4321
vn -0.2614 -0.5098 -0.8196
vn -0.3783 -0.4825 -0.7900
vn -0.2973 -0.4952 -0.8163
vn 0.3793 -0.4827 -0.7894
vn 0.2601 -0.5120 -0.8187
vn 0.2958 -0.4939 -0.8177
vn -0.9520 0.2811 -0.1208
vn -0.9881 -0.0133 -0.1529
vn -0.9673 -0.1650 -0.1929
vn 0.9513 0.2820 -0.1248
vn 0.9884 -0.0117 -0.1512
vn 0.9673 -0.1659 -0.1919
vn -0.9887 -0.1500 -0.0039
vn -0.9963 -0.0845 -0.0184
vn -0.8144 -0.5768 -0.0631
vn -0.8116 -0.5705 -0.1258
vn -0.7668 -0.5946 -0.2419
vn 0.9962 -0.0856 -0.0186
vn 0.9889 -0.1482 -0.0084
vn 0.9682 -0.2433 0.0583
vn 0.7625 -0.5994 -0.2436
vn 0.8062 -0.5775 -0.1286
vn 0.8142 -0.5772 -0.0623
vn -0.2305 0.3910 0.8911
vn 0.0000 0.6940 -0.7200
vn 0.0001 0.8064 -0.5913
vn 0.9666 0.2332 -0.1060
vn 0.9399 0.3348 0.0673
vn 0.9529 0.3022 -0.0256
vn 0.9629 0.1868 -0.1947
vn -0.9543 0.2980 -0.0216
vn -0.9423 0.3289 0.0625
vn -0.9666 0.2314 -0.1099
vn -0.9629 0.1864 -0.1952
vn 0.9787 0.1875 0.0836
vn 0.8795 0.4614 0.1168
vn 0.8518 0.4026 0.3352
vn 0.9561 -0.2527 0.1482
vn 0.9554 -0.2531 0.1522
vn 0.8530 -0.1435 0.5017
vn -0.8262 0.4373 0.3553
vn -0.8841 0.4526 0.1162
vn -0.9770 0.1963 0.0830
vn -0.8611 -0.1433 0.4879
vn -0.9550 -0.2539 0.1530
vn -0.9606 -0.2382 0.1435
vn -0.3978 -0.3900 0.8305
vn -0.3003 -0.4016 0.8652
vn -0.7500 -0.3043 0.5873
vn -0.6738 -0.3212 0.6654
vn 0.3001 -0.4016 0.8652
vn 0.3981 -0.3895 0.8305
vn 0.6812 -0.3205 0.6582
vn 0.7493 -0.2945 0.5932
vn -0.9958 0.0744 0.0531
vn -0.9924 0.1193 -0.0290
vn -0.9907 0.1321 0.0322
vn -0.9909 0.1345 -0.0102
vn 0.9957 0.0753 0.0531
vn 0.9924 0.1205 0.0242
vn 0.9916 0.1263 -0.0293
vn 0.9911 0.1327 -0.0103
vn 0.0658 0.9807 -0.1841
vn 0.0941 0.9933 -0.0668
vn 0.1609 0.9831 -0.0873
vn -0.1607 0.9830 -0.0883
vn -0.0945 0.9934 -0.0655
vn -0.0667 0.9808 -0.1831
vn 0.1744 -0.5435 -0.8211
vn -0.0149 -0.6463 -0.7630
vn 0.2423 -0.3679 -0.8977
vn -0.4451 -0.4509 -0.7737
vn -0.6386 -0.4384 -0.6324
vn 0.0163 -0.6508 -0.7591
vn -0.1799 -0.5390 -0.8229
vn -0.2394 -0.3536 -0.9043
vn 0.4377 -0.4508 -0.7779
vn 0.6349 -0.4366 -0.6374
vn -0.5946 0.1092 -0.7966
vn -0.9407 -0.3252 0.0969
vn -0.9222 -0.3864 0.0176
vn -0.9693 -0.2333 0.0771
vn 0.6069 0.1138 -0.7866
vn 0.9215 -0.3881 0.0159
vn 0.9396 -0.3283 0.0968
vn 0.9699 -0.2289 0.0832
vn -0.1703 -0.9175 -0.3595
vn -0.4982 -0.8670 -0.0122
vn -0.3878 -0.8751 -0.2895
vn -0.1697 -0.9481 -0.2689
vn 0.4992 -0.8664 -0.0149
vn 0.1542 -0.9148 -0.3733
vn 0.4060 -0.8921 -0.1984
vn 0.1780 -0.9507 -0.2539
vn -0.3766 0.9204 0.1052
vn -0.3263 0.9358 -0.1330
vn -0.5797 0.8112 -0.0762
vn -0.9323 0.2250 -0.2831
vn -0.9920 -0.1051 -0.0705
vn 0.5859 0.8068 -0.0766
vn 0.3248 0.9366 -0.1316
vn 0.3799 0.9193 0.1026
vn 0.9308 0.2339 -0.2810
vn 0.9921 -0.1053 -0.0682
vn -0.8387 0.2591 -0.4790
vn -0.8474 0.3149 -0.4275
vn -0.8367 0.3548 -0.4173
vn -0.8397 0.3356 -0.4269
vn 0.8389 0.2597 -0.4784
vn 0.8467 0.3137 -0.4298
vn 0.8396 0.3364 -0.4265
vn 0.8367 0.3546 -0.4174
vn -0.9050 -0.0217 0.4249
vn -0.9523 0.1021 0.2877
vn -0.8889 0.1786 0.4217
vn -0.9285 0.1979 0.3143
vn 0.9067 -0.0212 0.4212
vn 0.9295 0.1964 0.3122
vn 0.8931 0.1739 0.4148
vn 0.9552 0.0993 0.2787
vn -0.4922 -0.8370 0.2390
vn -0.4521 -0.8474 0.2785
vn -0.6017 -0.6991 0.3862
vn -0.7353 -0.5549 0.3891
vn -0.7103 -0.5801 0.3988
vn -0.7290 -0.5807 0.3625
vn 0.6055 -0.6958 0.3863
vn 0.4596 -0.8393 0.2903
vn 0.4819 -0.8465 0.2262
vn 0.7097 -0.5802 0.3997
vn 0.7361 -0.5528 0.3905
vn 0.7288 -0.5816 0.3614
vn 0.2332 -0.0404 -0.9716
vn -0.3373 -0.1021 -0.9358
vn -0.3964 -0.1234 -0.9097
vn -0.3800 -0.1789 -0.9075
vn -0.2348 -0.0412 -0.9712
vn 0.4000 -0.1235 -0.9082
vn 0.3381 -0.1031 -0.9354
vn 0.3808 -0.1793 -0.9071
vn -0.0304 -0.9701 -0.2410
vn 0.1696 -0.9437 -0.2839
vn -0.5197 -0.8051 -0.2859
vn 0.5247 -0.7998 -0.2916
vn -0.0394 -0.9549 -0.2943
vn 0.0413 -0.9692 -0.2427
vn -0.7560 -0.6092 -0.2392
vn -0.7520 -0.6512 -0.1022
vn -0.7169 -0.5949 -0.3635
vn -0.1129 0.0419 -0.9927
vn -0.2181 -0.0271 -0.9756
vn 0.7223 -0.5953 -0.3519
vn 0.7519 -0.6512 -0.1025
vn 0.7560 -0.6081 -0.2424
vn 0.2277 -0.0314 -0.9732
vn 0.1140 0.0419 -0.9926
vn -0.0855 -0.8456 0.5270
vn -0.0940 -0.9679 0.2331
vn -0.0644 -0.9379 0.3408
vn -0.1470 -0.9291 0.3393
vn 0.0852 -0.8455 0.5272
vn 0.0945 -0.9676 0.2341
vn 0.1466 -0.9292 0.3394
vn 0.0642 -0.9380 0.3406
vn -0.9214 -0.3391 -0.1897
vn -0.9753 -0.2010 -0.0919
vn -0.9388 -0.2741 -0.2088
vn -0.8303 -0.4214 0.3647
vn -0.8804 -0.3555 0.3138
vn -0.8640 -0.4053 0.2989
vn 0.9390 -0.2730 -0.2091
vn 0.9749 -0.2025 -0.0921
vn 0.9175 -0.3453 -0.1973
vn 0.8661 -0.4022 0.2968
vn 0.8806 -0.3546 0.3145
vn 0.8300 -0.4222 0.3644
vn -0.0008 -0.9789 0.2042
vn 0.4121 -0.9030 0.1216
vn 0.0047 -0.9688 -0.2477
vn -0.0073 -0.7664 -0.6423
vn -0.1839 -0.8364 -0.5163
vn -0.3969 -0.8642 -0.3092
vn -0.4153 -0.9019 0.1187
vn 0.4139 -0.8583 -0.3033
vn 0.1895 -0.8385 -0.5109
vn 0.0119 -0.7804 -0.6252
vn -0.4195 -0.3805 -0.8242
vn -0.3543 -0.0035 -0.9351
vn -0.4828 -0.1372 -0.8649
vn -0.5240 0.0764 -0.8483
vn 0.3508 -0.0018 -0.9365
vn 0.3570 -0.3441 -0.8684
vn 0.5042 -0.1453 -0.8513
vn 0.5625 0.0599 -0.8246
vn 0.1189 0.9718 0.2037
vn 0.1355 0.9493 0.2838
vn -0.1355 0.9497 0.2824
vn -0.1174 0.9721 0.2031
vn -0.1958 0.0704 -0.9781
vn -0.4107 0.0637 -0.9096
vn -0.5961 0.1924 -0.7795
vn -0.7846 0.2217 -0.5791
vn -0.7476 0.2845 -0.6001
vn 0.4084 0.0634 -0.9106
vn 0.2015 0.0676 -0.9772
vn 0.7475 0.2841 -0.6004
vn 0.7847 0.2218 -0.5788
vn 0.5963 0.1911 -0.7796
vn 0.1787 -0.7604 -0.6245
vn 0.2834 -0.8915 -0.3534
vn 0.0520 -0.8943 -0.4445
vn 0.5167 -0.8467 0.1267
vn 0.4875 -0.7979 0.3545
vn 0.2412 -0.9440 0.2253
vn -0.2842 -0.8872 -0.3634
vn -0.1712 -0.7606 -0.6263
vn -0.0554 -0.8930 -0.4467
vn -0.2408 -0.9445 0.2234
vn -0.4888 -0.7965 0.3558
vn -0.5172 -0.8465 0.1260
vn 0.1890 -0.0852 -0.9783
vn 0.0000 -0.0041 -1.0000
vn -0.0046 0.0116 -0.9999
vn 0.0002 -0.2528 -0.9675
vn -0.2030 -0.1080 -0.9732
vn 0.0030 0.0117 -0.9999
vn -0.8816 -0.2116 0.4219
vn -0.7679 -0.1009 0.6326
vn -0.8625 -0.1374 0.4871
vn -0.8342 -0.4218 0.3553
vn -0.7428 -0.2660 0.6144
vn -0.8183 -0.3296 0.4709
vn 0.8601 -0.1374 0.4913
vn 0.7608 -0.0896 0.6428
vn 0.8789 -0.2169 0.4248
vn 0.7457 -0.2557 0.6153
vn 0.8348 -0.4236 0.3517
vn 0.8208 -0.3481 0.4529
vn -0.9777 -0.2064 0.0383
vn -0.9676 -0.2390 0.0810
vn -0.9947 -0.1015 -0.0131
vn -0.9848 -0.1720 -0.0239
vn -0.9814 -0.1915 0.0149
vn -0.9827 -0.1850 0.0065
vn 0.9904 -0.1377 -0.0086
vn 0.9671 -0.2403 0.0833
vn 0.9779 -0.2058 0.0373
vn 0.9819 -0.1893 0.0072
vn 0.9814 -0.1915 0.0160
vn 0.9849 -0.1711 -0.0247
vn 0.7635 0.2772 -0.5833
vn 0.7006 0.3030 -0.6461
vn 0.8283 0.2453 -0.5036
vn 0.7251 0.0493 -0.6868
vn 0.8438 0.0055 -0.5366
vn -0.8263 0.2474 -0.5060
vn -0.7068 0.2947 -0.6432
vn -0.7632 0.2767 -0.5839
vn -0.8447 0.0046 -0.5352
vn -0.7208 0.0470 -0.6916
vn 0.9232 0.2919 0.2500
vn -0.9236 0.2928 0.2475
vn 0.8121 -0.5731 0.1095
vn 0.6742 -0.5407 0.5031
vn 0.6989 -0.6717 0.2457
vn 0.7203 -0.6477 -0.2485
vn 0.4245 -0.8348 -0.3505
vn -0.0516 -0.9978 -0.0418
vn -0.6870 -0.6815 0.2524
vn -0.6763 -0.5429 0.4978
vn -0.8085 -0.5795 0.1025
vn -0.4429 -0.8264 -0.3477
vn -0.7047 -0.6659 -0.2449
vn 0.0273 -0.9963 -0.0816
vn 0.0500 0.9958 -0.0772
vn -0.0225 0.9834 -0.1802
vn -0.0062 0.9781 -0.2080
vn 0.5645 0.8215 -0.0811
vn 0.6760 0.7351 0.0510
vn 0.7043 0.7084 0.0461
vn 0.0232 0.9838 -0.1777
vn -0.0401 0.9965 -0.0733
vn 0.0179 0.9765 -0.2147
vn -0.7036 0.7091 0.0464
vn -0.6703 0.7404 0.0506
vn -0.5499 0.8313 -0.0814
vn -0.4707 -0.1834 -0.8630
vn -0.5958 -0.0782 -0.7993
vn -0.6198 -0.3190 -0.7170
vn -0.6729 -0.4226 -0.6072
vn -0.6644 -0.4461 -0.5997
vn 0.4758 -0.1869 -0.8595
vn 0.5956 -0.0772 -0.7996
vn 0.6221 -0.3223 -0.7135
vn 0.6639 -0.4497 -0.5975
vn 0.6729 -0.4226 -0.6071
vn -0.5410 0.7459 -0.3885
vn -0.4539 0.7370 -0.5008
vn -0.5807 0.6725 -0.4588
vn -0.6257 0.5600 -0.5430
vn 0.5336 0.7495 -0.3919
vn 0.5729 0.6760 -0.4635
vn 0.4543 0.7366 -0.5010
vn 0.6238 0.5599 -0.5454
vn -0.6213 0.3324 0.7095
vn -0.2948 0.2331 0.9267
vn 0.6220 0.3343 0.7081
vn 0.2963 0.2336 0.9261
vn -0.9734 -0.1770 -0.1455
vn -0.9800 0.1283 0.1518
vn -0.9938 -0.0507 -0.0987
vn 0.4990 0.7723 0.3932
vn 0.1834 0.8786 0.4409
vn 0.4494 0.8515 0.2702
vn 0.9919 -0.0654 -0.1091
vn 0.9758 0.1400 0.1681
vn 0.9735 -0.1757 -0.1464
vn 0.3876 0.8577 0.3378
vn 0.1382 0.9341 0.3292
vn 0.6692 0.6944 0.2645
vn -0.7740 0.2621 0.5764
vn -0.8132 -0.5605 0.1566
vn -0.8723 -0.3551 0.3362
vn -0.9546 -0.2804 0.1009
vn 0.7621 0.2737 0.5868
vn 0.8721 -0.3551 0.3368
vn 0.8126 -0.5615 0.1565
vn 0.9549 -0.2781 0.1040
vn -0.2859 0.1584 -0.9451
vn -0.4059 0.1476 -0.9019
vn 0.4056 0.1480 -0.9020
vn 0.2853 0.1554 -0.9457
vn 0.7654 0.6353 -0.1029
vn 0.6907 0.7229 -0.0170
vn 0.5004 0.8604 -0.0964
vn -0.6859 0.7270 -0.0308
vn -0.7663 0.6342 -0.1026
vn -0.5011 0.8588 -0.1070
vn -0.2615 0.9364 0.2338
vn -0.2527 0.9639 0.0837
vn -0.0002 0.9323 0.3617
vn -0.0228 0.9901 -0.1382
vn 0.0061 0.9336 0.3582
vn 0.2617 0.9616 0.0821
vn 0.2629 0.9361 0.2338
vn 0.1370 0.9765 -0.1666
vn -0.5440 -0.4714 0.6942
vn -0.5982 -0.7768 0.1970
vn -0.6388 -0.6861 0.3481
vn -0.6342 -0.4569 0.6237
vn 0.5754 -0.5304 0.6226
vn 0.6395 -0.6858 0.3475
vn 0.5949 -0.7775 0.2040
vn 0.6426 -0.4428 0.6254
vn -0.0020 -0.0776 -0.9970
vn 0.0456 -0.0492 -0.9977
vn 0.1159 -0.1460 -0.9825
vn 0.0001 -0.1628 -0.9867
vn -0.0021 -0.1694 -0.9855
vn 0.1119 -0.1599 -0.9808
vn -0.1106 -0.1431 -0.9835
vn -0.0456 -0.0492 -0.9977
vn -0.1126 -0.1595 -0.9807
vn -0.9280 0.0783 -0.3643
vn -0.9264 0.0025 -0.3765
vn -0.9432 0.2454 -0.2240
vn -0.9277 0.3663 0.0719
vn -0.9537 0.2256 0.1988
vn -0.9705 0.1819 0.1581
vn 0.9271 0.0798 -0.3662
vn 0.9435 0.2460 -0.2222
vn 0.9280 0.0018 -0.3727
vn 0.9545 0.2227 0.1984
vn 0.9277 0.3661 0.0730
vn 0.9704 0.1832 0.1575
vn -0.4203 -0.4457 -0.7904
vn 0.4129 -0.4476 -0.7932
vn -0.1229 -0.1152 0.9857
vn -0.1303 0.1363 0.9821
vn -0.1129 0.0572 0.9920
vn -0.0022 0.1117 0.9937
vn 0.1198 -0.1177 0.9858
vn 0.1123 0.0570 0.9920
vn 0.1284 0.1377 0.9821
vn -0.2498 0.8019 0.5428
vn -0.5566 0.7469 0.3638
vn 0.2500 0.8019 0.5426
vn 0.5567 0.7469 0.3636
vn 0.0591 -0.1651 -0.9845
vn 0.0461 -0.0266 -0.9986
vn 0.0451 -0.2091 -0.9769
vn 0.2250 0.3614 -0.9049
vn -0.0426 -0.1986 -0.9791
vn -0.0427 -0.0239 -0.9988
vn -0.0577 -0.1633 -0.9849
vn -0.2322 0.3645 -0.9018
vn -0.4731 0.0678 0.8784
vn -0.5868 0.0269 0.8093
vn -0.4830 -0.0027 0.8756
vn -0.5501 0.2291 0.8031
vn -0.4493 0.1859 0.8738
vn -0.4691 0.2882 0.8348
vn 0.4841 -0.0023 0.8750
vn 0.5860 0.0281 0.8098
vn 0.4724 0.0691 0.8787
vn 0.4494 0.1868 0.8736
vn 0.5497 0.2302 0.8030
vn 0.4688 0.2887 0.8348
vn 0.2641 -0.7182 -0.6438
vn 0.0345 -0.6976 -0.7157
vn 0.6799 -0.6168 -0.3966
vn -0.0193 -0.7058 -0.7081
vn -0.2966 -0.7077 -0.6413
vn -0.7057 -0.5973 -0.3811
vn -0.6910 -0.7132 0.1179
vn -0.8974 -0.3910 0.2044
vn -0.8073 -0.5892 0.0321
vn 0.0529 -0.9879 0.1457
vn 0.1006 -0.9159 0.3886
vn 0.8935 -0.4097 0.1838
vn 0.6863 -0.7174 0.1200
vn 0.8089 -0.5870 0.0329
vn -0.0964 -0.9237 0.3709
vn -0.0644 -0.9849 0.1607
vn 0.2021 -0.2784 0.9390
vn -0.5065 0.0457 0.8610
vn -0.4753 -0.3126 0.8224
vn 0.6959 -0.4520 0.5580
vn 0.5927 -0.0702 0.8024
vn 0.5117 -0.3209 0.7970
vn 0.5057 0.0427 0.8617
vn -0.1952 -0.2701 0.9428
vn -0.5998 -0.0694 0.7972
vn -0.6945 -0.4472 0.5636
vn -0.0671 -0.9901 -0.1232
vn -0.1156 -0.9932 -0.0104
vn -0.2069 -0.9385 0.2765
vn 0.1150 -0.9933 -0.0098
vn 0.0631 -0.9902 -0.1243
vn 0.2061 -0.9386 0.2768
vn 0.0856 0.4826 -0.8716
vn -0.1853 0.2625 -0.9470
vn 0.1344 0.2611 -0.9559
vn 0.8637 0.5002 -0.0611
vn 0.8759 0.3963 -0.2751
vn 0.9388 0.3205 -0.1262
vn 0.1886 0.2641 -0.9459
vn -0.1255 0.2612 -0.9571
vn -0.8740 0.3954 -0.2826
vn -0.8729 0.4834 -0.0666
vn -0.9404 0.3140 -0.1308
vn -0.7691 -0.6346 -0.0761
vn -0.5497 -0.7796 -0.3002
vn -0.6164 -0.7494 -0.2418
vn -0.5409 -0.8369 -0.0835
vn 0.7677 -0.6361 -0.0774
vn 0.6138 -0.7487 -0.2504
vn 0.5501 -0.7797 -0.2991
vn 0.5325 -0.8432 -0.0738
vn -0.1158 0.8943 0.4322
vn -0.1024 0.9255 0.3647
vn -0.1697 0.9167 0.3617
vn -0.2670 0.8446 0.4641
vn -0.3540 0.8554 0.3782
vn -0.4085 0.7811 0.4722
vn 0.1698 0.9167 0.3616
vn 0.1019 0.9251 0.3658
vn 0.1158 0.8942 0.4324
vn 0.4085 0.7811 0.4722
vn 0.3538 0.8554 0.3782
vn 0.2668 0.8446 0.4641
vn -0.9338 0.0427 0.3552
vn -0.7526 0.0318 0.6577
vn -0.7684 -0.0287 0.6393
vn 0.9331 0.0436 0.3570
vn 0.7692 -0.0297 0.6383
vn 0.7535 0.0342 0.6566
vn -0.1455 0.9631 0.2265
vn -0.1980 0.2220 0.9547
vn -0.4587 0.4953 0.7377
vn -0.3957 0.2062 0.8949
vn 0.1439 0.9663 0.2134
vn 0.4681 0.4946 0.7323
vn 0.1957 0.2231 0.9550
vn 0.3883 0.2251 0.8936
vn -0.8318 -0.3804 0.4043
vn -0.8776 -0.3318 0.3460
vn -0.7679 -0.4174 0.4860
vn 0.8782 -0.3304 0.3458
vn 0.8318 -0.3806 0.4040
vn 0.7681 -0.4183 0.4847
vn -0.6071 0.5590 0.5648
vn -0.6116 0.5158 0.5999
vn -0.5982 0.5303 0.6008
vn -0.9835 0.1800 0.0187
vn -0.9913 0.1271 0.0342
vn -0.9612 0.2186 0.1684
vn 0.5996 0.5280 0.6014
vn 0.6115 0.5165 0.5994
vn 0.6043 0.5589 0.5679
vn 0.9615 0.2182 0.1672
vn 0.9910 0.1287 0.0361
vn 0.9840 0.1778 0.0154
vn 0.6856 0.6743 0.2745
vn 0.5417 0.7470 0.3854
vn 0.6784 0.6394 0.3619
vn -0.5671 0.7315 0.3786
vn -0.6943 0.6674 0.2695
vn -0.6822 0.6347 0.3630
vn -0.9000 -0.0198 0.4355
vn -0.7998 -0.3580 0.4819
vn 0.9011 -0.0145 0.4334
vn 0.7991 -0.3587 0.4825
vn 0.6129 -0.2631 0.7451
vn -0.2227 -0.6750 0.7034
vn 0.1066 -0.5882 0.8017
vn 0.3534 -0.7029 0.6173
vn -0.6117 -0.2582 0.7477
vn -0.3481 -0.7101 0.6121
vn -0.1525 -0.6057 0.7809
vn 0.2095 -0.6740 0.7084
vn 0.0017 -0.2656 -0.9641
vn -0.0612 -0.0532 -0.9967
vn -0.1052 -0.2969 -0.9491
vn 0.0803 -0.9923 -0.0946
vn 0.4000 -0.9094 -0.1137
vn -0.3341 -0.9425 -0.0113
vn 0.1258 -0.4046 -0.9058
vn -0.0223 0.0045 -0.9997
vn -0.0717 -0.9931 -0.0925
vn 0.3277 -0.9446 -0.0196
vn -0.4024 -0.9090 -0.1083
vn -0.8241 0.4216 -0.3783
vn -0.7107 0.5245 -0.4689
vn -0.2727 0.7815 -0.5612
vn -0.5238 0.4611 -0.7162
vn -0.8705 0.1681 -0.4625
vn -0.6510 0.2036 -0.7312
vn 0.8203 0.4199 -0.3884
vn 0.2735 0.7839 -0.5574
vn 0.7136 0.5242 -0.4647
vn 0.5835 0.2306 -0.7787
vn 0.8477 0.1782 -0.4997
vn 0.4647 0.4726 -0.7488
vn -0.5572 -0.7923 -0.2487
vn -0.4590 -0.8884 -0.0110
vn -0.6095 -0.7886 -0.0809
vn -0.5395 -0.8396 0.0639
vn 0.6090 -0.7890 -0.0813
vn 0.4583 -0.8888 -0.0107
vn 0.5538 -0.7953 -0.2467
vn 0.5373 -0.8409 0.0644
vn 0.2566 -0.7223 0.6422
vn -0.2553 -0.7237 0.6412
vn 0.1939 0.9358 -0.2943
vn -0.1477 0.9524 -0.2665
vn 0.0000 0.3208 0.9472
vn 0.0001 0.3684 0.9297
vn -0.0722 0.3488 0.9344
vn -0.3487 0.3916 0.8515
vn 0.0721 0.3483 0.9346
vn 0.3488 0.3928 0.8509
vn -0.9968 0.0512 0.0621
vn -0.9986 0.0419 0.0335
vn -0.9953 0.0915 -0.0320
vn 0.9968 0.0505 0.0620
vn 0.9986 0.0417 0.0327
vn 0.9953 0.0917 -0.0320
vn 0.7019 -0.2044 0.6823
vn 0.7372 0.1618 0.6560
vn 0.6733 0.4499 0.5867
vn 0.6791 0.3031 0.6685
vn -0.7436 0.1567 0.6500
vn -0.6982 -0.1999 0.6874
vn -0.6861 0.2966 0.6644
vn -0.6822 0.4388 0.5848
vn -0.6530 -0.2993 -0.6957
vn -0.7326 -0.1968 -0.6515
vn -0.5797 0.0201 -0.8146
vn -0.5848 -0.0380 -0.8103
vn 0.7422 -0.1771 -0.6464
vn 0.6613 -0.3030 -0.6862
vn 0.7157 -0.2712 -0.6436
vn 0.5800 0.0201 -0.8144
vn 0.5823 -0.0385 -0.8121
vn 0.6954 -0.4487 0.5613
vn -0.6949 -0.4508 0.5603
vn -0.0138 -0.8422 -0.5391
vn -0.3015 -0.8996 -0.3160
vn 0.0136 -0.8528 -0.5221
vn 0.2985 -0.8932 -0.3363
vn -0.1186 -0.5016 0.8570
vn -0.0758 -0.5812 0.8102
vn 0.0001 -0.4674 0.8841
vn -0.1672 -0.3491 0.9220
vn -0.1660 -0.4263 0.8892
vn -0.0915 -0.4054 0.9096
vn 0.0760 -0.5820 0.8097
vn 0.1188 -0.5022 0.8566
vn 0.0916 -0.4057 0.9094
vn 0.1660 -0.4265 0.8891
vn 0.1669 -0.3492 0.9221
vn -0.0617 0.9071 -0.4163
vn -0.1373 0.9397 -0.3132
vn -0.0504 0.9500 -0.3080
vn -0.4471 0.8714 -0.2017
vn -0.3381 0.9249 -0.1742
vn -0.3674 0.8792 -0.3035
vn 0.0617 0.9072 -0.4161
vn 0.0500 0.9496 -0.3094
vn 0.1369 0.9396 -0.3136
vn 0.3385 0.9247 -0.1741
vn 0.4467 0.8716 -0.2020
vn 0.3673 0.8792 -0.3035
vn 0.5673 -0.4534 0.6875
vn -0.5680 -0.4571 0.6845
vn 0.9103 0.3780 0.1687
vn 0.8127 0.3560 0.4612
vn 0.8719 0.3726 0.3178
vn -0.9099 0.3787 0.1692
vn -0.8724 0.3727 0.3163
vn -0.8146 0.3582 0.4561
vn -0.9458 -0.2393 0.2197
vn -0.9046 -0.3719 0.2082
vn 0.9460 -0.2390 0.2189
vn 0.9045 -0.3718 0.2091
vn -0.7439 0.6029 -0.2883
vn -0.9969 0.0763 0.0199
vn 0.7439 0.6029 -0.2884
vn 0.9972 0.0719 0.0193
vn -0.3387 -0.7502 0.5678
vn -0.4578 -0.8195 0.3446
vn -0.4866 -0.6392 0.5955
vn -0.3685 -0.9195 0.1371
vn -0.2012 -0.8842 0.4216
vn 0.3334 -0.7531 0.5672
vn 0.4853 -0.6348 0.6012
vn 0.4615 -0.8164 0.3471
vn 0.2132 -0.8887 0.4059
vn 0.3705 -0.9173 0.1460
vn -0.4377 0.8820 0.1743
vn 0.2443 0.8351 0.4928
vn 0.1302 0.9472 0.2930
vn 0.4476 0.8795 0.1615
vn -0.2082 0.8558 0.4736
vn -0.1415 0.9494 0.2805
vn -0.2822 -0.0850 0.9556
vn -0.2504 -0.1182 0.9609
vn -0.2162 -0.0914 0.9721
vn -0.6847 -0.0463 0.7273
vn -0.6851 -0.0716 0.7249
vn 0.2157 -0.0920 0.9721
vn 0.2547 -0.1179 0.9598
vn 0.2819 -0.0810 0.9560
vn 0.6840 -0.0729 0.7258
vn 0.6885 -0.0489 0.7236
vn -0.1553 0.5810 0.7990
vn -0.0716 0.5638 0.8228
vn -0.0801 0.6489 0.7566
vn -0.0667 0.4032 0.9127
vn -0.0007 0.4791 0.8778
vn -0.1045 0.4614 0.8810
vn 0.0801 0.6489 0.7567
vn 0.0717 0.5640 0.8227
vn 0.1552 0.5812 0.7989
vn 0.0685 0.4012 0.9134
vn 0.1048 0.4606 0.8814
vn 0.0011 -0.7969 0.6042
vn -0.1250 -0.9859 -0.1113
vn 0.1204 -0.9867 -0.1088
vn 0.5054 0.4056 -0.7616
vn 0.7144 0.3036 -0.6304
vn -0.6223 0.6826 0.3831
vn -0.5746 0.7692 -0.2797
vn -0.7450 0.6667 -0.0233
vn -0.7024 0.3076 -0.6419
vn -0.4369 0.4619 -0.7719
vn -0.5951 0.3712 -0.7128
vn 0.7439 0.6679 -0.0224
vn 0.5860 0.7706 -0.2506
vn 0.6313 0.6701 0.3904
vn 0.9450 -0.3249 -0.0376
vn 0.7479 -0.6477 -0.1453
vn 0.7919 -0.6057 -0.0778
vn 0.9759 -0.2020 0.0824
vn 0.7673 -0.6346 -0.0929
vn -0.9754 -0.2008 0.0906
vn -0.9444 -0.3276 -0.0293
vn -0.7635 -0.6387 -0.0956
vn -0.7384 -0.6568 -0.1528
vn -0.9274 -0.3676 0.0691
vn 0.1177 -0.1158 -0.9863
vn -0.1174 -0.1148 -0.9864
vn -0.4629 0.4846 0.7422
vn -0.5611 0.4860 0.6701
vn -0.5022 0.4208 0.7555
vn 0.4628 0.4846 0.7422
vn 0.5027 0.4208 0.7551
vn 0.5610 0.4860 0.6701
vn 0.6925 0.7205 0.0364
vn 0.4659 0.8761 0.1244
vn 0.5108 0.7781 0.3655
vn -0.7040 0.7099 0.0182
vn -0.5733 0.7621 0.3009
vn -0.5196 0.8503 0.0839
vn -0.1255 0.1128 -0.9857
vn -0.0444 0.0735 -0.9963
vn -0.1076 0.0405 -0.9934
vn -0.0125 0.2091 -0.9778
vn 0.0316 0.2798 -0.9596
vn 0.1363 0.0888 -0.9867
vn 0.1122 0.0392 -0.9929
vn 0.0422 0.0732 -0.9964
vn 0.0133 0.2076 -0.9781
vn -0.0556 0.2738 -0.9602
vn -0.2691 0.2764 -0.9226
vn 0.2692 0.2746 -0.9231
vn -0.8626 -0.4998 -0.0780
vn -0.7509 -0.6013 -0.2731
vn -0.3787 -0.9240 -0.0533
vn 0.7510 -0.6008 -0.2739
vn 0.8537 -0.5146 -0.0791
vn 0.3780 -0.9251 -0.0366
vn -0.3492 -0.8996 0.2621
vn -0.4233 -0.8424 0.3334
vn -0.6046 -0.7256 0.3287
vn -0.5421 -0.7755 0.3236
vn 0.3538 -0.8972 0.2643
vn 0.4209 -0.8437 0.3332
vn 0.5317 -0.7778 0.3351
vn 0.6116 -0.7194 0.3292
vn -0.2639 -0.1760 0.9483
vn -0.1316 -0.2001 0.9709
vn 0.1232 -0.2032 0.9714
vn 0.2520 -0.1669 0.9532
vn 0.9225 -0.3416 0.1795
vn -0.9233 -0.3396 0.1793
vn 0.1875 -0.2877 -0.9392
vn 0.1423 -0.2748 -0.9509
vn 0.1053 -0.2931 -0.9503
vn -0.0036 -0.1631 -0.9866
vn 0.1659 -0.2257 -0.9600
vn -0.0033 -0.2065 -0.9784
vn -0.1866 -0.2877 -0.9394
vn -0.1048 -0.2977 -0.9489
vn -0.1468 -0.2779 -0.9493
vn -0.0019 -0.2091 -0.9779
vn -0.1671 -0.2239 -0.9602
vn 0.0020 -0.1622 -0.9868
vn -0.9985 0.0486 0.0267
vn -0.9977 0.0182 0.0649
vn -0.9989 0.0374 0.0297
vn -0.9496 0.1987 -0.2426
vn -0.8758 0.1889 -0.4442
vn -0.9846 0.1243 -0.1226
vn 0.9982 0.0493 0.0331
vn 0.9988 0.0372 0.0308
vn 0.9966 0.0083 0.0822
vn 0.9479 0.2005 -0.2475
vn 0.9803 0.1350 -0.1444
vn 0.8752 0.1901 -0.4448
vn -0.7574 -0.6482 -0.0786
vn -0.6309 -0.2085 -0.7473
vn -0.0535 -0.3521 -0.9344
vn 0.6927 -0.2832 -0.6633
vn 0.7463 -0.6502 -0.1421
vn 0.0968 -0.3082 -0.9464
vn 0.3307 0.0386 -0.9429
vn 0.1247 0.5099 0.8512
vn -0.1253 0.5102 0.8509
vn -0.7783 -0.5386 -0.3228
vn -0.7309 -0.0802 -0.6778
vn -0.9253 -0.1028 -0.3649
vn -0.7290 -0.0260 -0.6840
vn 0.7763 -0.5374 -0.3294
vn 0.9146 -0.1057 -0.3903
vn 0.7499 -0.0721 -0.6576
vn 0.7265 -0.0239 -0.6867
vn -0.9940 -0.0764 0.0782
vn -0.4189 -0.3605 -0.8334
vn -0.7685 -0.3242 -0.5516
vn 0.9932 -0.0826 0.0816
vn 0.7497 -0.3598 -0.5555
vn 0.4923 -0.3480 -0.7978
vn 0.1810 -0.3936 -0.9013
vn 0.5247 -0.2885 -0.8009
vn 0.4986 -0.3014 -0.8127
vn -0.4856 -0.3255 -0.8113
vn -0.1907 -0.4328 -0.8811
vn -0.0122 -0.2141 -0.9767
vn -0.7534 -0.5842 0.3019
vn -0.6923 -0.6604 0.2908
vn -0.3669 -0.8575 0.3607
vn 0.6918 -0.6607 0.2915
vn 0.7552 -0.5823 0.3008
vn 0.3677 -0.8571 0.3609
vn -0.2264 -0.6794 0.6979
vn 0.0107 -0.7531 0.6579
vn 0.0002 -0.5275 0.8496
vn 0.1795 -0.7230 -0.6671
vn -0.1381 -0.9154 -0.3780
vn -0.5111 -0.8594 0.0154
vn 0.2281 -0.7097 0.6665
vn 0.1747 -0.9301 -0.3231
vn -0.2101 -0.6990 -0.6836
vn -0.9263 0.3768 -0.0098
vn -0.6572 0.7514 -0.0592
vn -0.8396 0.5384 0.0726
vn 0.8473 0.5269 0.0670
vn 0.6755 0.7350 -0.0592
vn 0.9408 0.3388 -0.0063
vn -0.9978 -0.0307 0.0592
vn -0.9753 -0.1402 -0.1705
vn 0.9975 -0.0334 0.0625
vn 0.9758 -0.1384 -0.1695
vn -0.0611 0.9840 -0.1676
vn -0.3380 0.9409 0.0215
vn -0.8810 -0.4168 -0.2239
vn -0.9370 0.1262 -0.3257
vn 0.0560 0.9836 -0.1713
vn 0.3258 0.9452 0.0209
vn 0.9381 0.1297 -0.3211
vn 0.8790 -0.4190 -0.2277
vn -0.9673 -0.2467 0.0592
vn -0.9619 -0.2653 -0.0657
vn -0.9714 -0.1677 -0.1680
vn -0.9825 -0.1329 -0.1305
vn 0.9615 -0.2669 -0.0655
vn 0.9826 -0.1313 -0.1312
vn 0.9709 -0.1701 -0.1685
vn -0.5695 -0.7946 0.2103
vn -0.3854 -0.9038 0.1863
vn -0.5460 -0.8319 0.0990
vn -0.3711 -0.9002 0.2278
vn 0.5714 -0.7929 0.2117
vn 0.5483 -0.8309 0.0945
vn 0.3874 -0.9029 0.1862
vn 0.3731 -0.8992 0.2285
vn -0.8053 0.5553 0.2077
vn -0.6835 0.6780 0.2705
vn -0.7627 0.6316 0.1390
vn -0.6490 0.7508 0.1230
vn -0.6650 0.7463 0.0281
vn 0.7629 0.6311 0.1403
vn 0.6863 0.6749 0.2712
vn 0.8095 0.5490 0.2081
vn 0.6650 0.7463 0.0281
vn 0.6512 0.7488 0.1234
vn -0.6361 0.1175 -0.7626
vn -0.6409 0.0268 -0.7672
vn 0.6357 0.1177 -0.7629
vn 0.6386 0.0261 -0.7691
vn 0.0459 0.9191 -0.3914
vn -0.0459 0.9193 -0.3909
vn -0.8641 -0.2033 -0.4605
vn -0.8315 -0.4952 -0.2519
vn -0.8453 -0.5000 -0.1881
vn 0.8644 -0.2001 -0.4612
vn 0.8308 -0.4965 -0.2515
vn 0.8455 -0.4989 -0.1903
vn 0.3556 -0.9345 0.0169
vn -0.0902 -0.9571 -0.2754
vn -0.3484 -0.9209 -0.1747
vn -0.3065 -0.8734 -0.3784
vn -0.5401 -0.7554 -0.3711
vn -0.6676 -0.6746 -0.3150
vn 0.0794 -0.9557 -0.2833
vn -0.3491 -0.9369 0.0171
vn 0.3326 -0.9295 -0.1595
vn 0.6430 -0.6926 -0.3267
vn 0.5424 -0.7514 -0.3757
vn 0.2848 -0.8825 -0.3742
vn -0.8697 -0.3111 -0.3831
vn -0.8367 -0.4130 -0.3596
vn -0.8389 -0.3587 -0.4093
vn -0.9477 -0.3131 0.0617
vn 0.8403 -0.3579 -0.4072
vn 0.8416 -0.4065 -0.3558
vn 0.8690 -0.3160 -0.3808
vn 0.9477 -0.3132 0.0616
vn -0.6250 0.2312 0.7456
vn -0.7872 0.2449 0.5660
vn -0.7579 0.0001 0.6524
vn -0.6837 -0.2507 0.6854
vn -0.8106 -0.2299 0.5386
vn 0.7887 0.2373 0.5671
vn 0.6204 0.2353 0.7481
vn 0.7100 -0.2505 0.6582
vn 0.7632 -0.0076 0.6462
vn 0.8085 -0.2261 0.5433
vn 0.2228 0.1671 -0.9604
vn -0.2184 0.1683 -0.9612
vn -0.0029 -0.7176 0.6964
vn 0.0003 -0.4164 0.9092
vn 0.0016 -0.4361 0.8999
vn -0.1612 -0.4837 0.8603
vn 0.0100 -0.7038 0.7103
vn 0.1615 -0.5018 0.8497
vn -0.3942 -0.9143 -0.0932
vn 0.3902 -0.9162 -0.0910
vn -0.0091 0.9996 0.0251
vn 0.0031 0.9997 0.0235
vn -0.6785 -0.7296 0.0849
vn -0.4331 -0.8650 -0.2534
vn -0.4166 -0.8712 -0.2596
vn -0.9253 -0.3352 -0.1772
vn 0.3686 -0.8885 -0.2732
vn 0.4499 -0.8534 -0.2632
vn 0.6827 -0.7271 0.0721
vn 0.9429 -0.2910 -0.1620
vn -0.6892 -0.7233 0.0430
vn 0.6923 -0.7203 0.0430
vn -0.7496 -0.6495 -0.1272
vn -0.6211 -0.6968 -0.3589
vn -0.5752 -0.8119 -0.0997
vn -0.4082 -0.8389 0.3601
vn -0.5393 -0.8093 0.2329
vn 0.6195 -0.6978 -0.3595
vn 0.7497 -0.6494 -0.1272
vn 0.5768 -0.8112 -0.0961
vn 0.5379 -0.8119 0.2269
vn 0.4085 -0.8384 0.3609
vn -0.2880 0.0939 -0.9530
vn -0.3182 0.1955 -0.9277
vn -0.5135 -0.1504 -0.8448
vn 0.2893 0.0938 -0.9526
vn 0.5095 -0.1483 -0.8476
vn 0.3203 0.1909 -0.9279
vn -0.8295 0.4886 0.2705
vn -0.9307 0.3435 0.1261
vn -0.8878 0.3680 0.2763
vn 0.8879 0.3663 0.2783
vn 0.9333 0.3366 0.1250
vn 0.8294 0.4877 0.2723
vn -0.9756 -0.0453 -0.2147
vn -0.7838 -0.5483 0.2917
vn 0.7823 -0.5469 0.2983
vn 0.9738 0.0201 -0.2265
vn -0.8907 0.3341 -0.3083
vn -0.9033 0.4285 -0.0225
vn -0.9658 0.1532 0.2093
vn 0.8811 0.3245 -0.3441
vn 0.9656 0.1550 0.2086
vn 0.9051 0.4243 -0.0289
vn 0.0512 -0.0106 0.9986
vn 0.0620 -0.0960 0.9935
vn 0.1313 -0.0562 0.9897
vn -0.1322 -0.0573 0.9896
vn -0.0618 -0.0960 0.9935
vn -0.0514 -0.0105 0.9986
vn -0.4572 0.8735 0.1675
vn -0.4540 0.8606 0.2308
vn -0.3905 0.8985 0.2005
vn -0.4721 0.8129 0.3410
vn -0.4773 0.7768 0.4108
vn 0.4576 0.8733 0.1673
vn 0.3886 0.8993 0.2005
vn 0.4537 0.8608 0.2306
vn 0.4721 0.8129 0.3410
vn 0.4773 0.7768 0.4108
vn -0.7251 -0.6886 -0.0105
vn -0.9467 -0.2563 -0.1949
vn -0.9574 -0.1732 -0.2313
vn 0.7254 -0.6881 -0.0182
vn 0.9525 -0.2489 -0.1756
vn 0.9578 -0.1713 -0.2308
vn 0.6631 0.7477 0.0360
vn 0.5641 0.8192 -0.1037
vn -0.5625 0.8201 -0.1047
vn -0.6545 0.7552 0.0364
vn 0.5063 -0.6223 0.5970
vn 0.3257 -0.4621 0.8248
vn 0.5220 -0.3912 0.7580
vn -0.0700 -0.3475 0.9351
vn -0.2414 -0.2802 0.9291
vn -0.4949 -0.6328 0.5955
vn -0.5235 -0.3944 0.7553
vn -0.3276 -0.4566 0.8272
vn 0.2420 -0.2826 0.9282
vn 0.0792 -0.3178 0.9448
vn -0.8446 -0.4827 0.2316
vn -0.7246 -0.6197 0.3016
vn -0.7270 -0.6834 0.0664
vn -0.4571 -0.8880 0.0493
vn -0.8057 -0.4726 -0.3569
vn -0.8138 -0.4881 -0.3153
vn 0.8446 -0.4865 0.2238
vn 0.7270 -0.6837 0.0641
vn 0.7250 -0.6200 0.3001
vn 0.8277 -0.4780 -0.2941
vn 0.8033 -0.4758 -0.3583
vn 0.4527 -0.8915 0.0143
vn -0.0135 -0.6200 -0.7845
vn 0.3360 -0.1293 -0.9330
vn 0.6426 0.0120 -0.7661
vn 0.1760 0.2235 -0.9587
vn 0.0044 -0.9923 -0.1240
vn -0.3604 -0.1148 -0.9257
vn -0.2115 0.2040 -0.9559
vn -0.6545 0.0048 -0.7561
vn -0.2612 -0.5568 -0.7885
vn 0.2569 -0.5643 -0.7846
vn -0.1415 -0.3019 0.9428
vn -0.0736 -0.3594 0.9303
vn -0.0657 -0.2968 0.9527
vn -0.0993 -0.1376 0.9855
vn 0.0654 -0.2973 0.9525
vn 0.0734 -0.3598 0.9301
vn 0.1413 -0.3023 0.9427
vn 0.0991 -0.1374 0.9855
vn -0.9804 0.1900 0.0518
vn -0.9827 0.1752 0.0593
vn -0.9862 0.1574 0.0512
vn 0.9805 0.1886 0.0545
vn 0.9862 0.1573 0.0512
vn 0.9827 0.1754 0.0594
vn -0.3544 -0.9262 0.1290
vn -0.3985 -0.9139 0.0779
vn -0.3037 -0.9294 0.2098
vn -0.1089 -0.9844 0.1380
vn -0.1336 -0.9891 -0.0615
vn 0.3543 -0.9266 0.1258
vn 0.3981 -0.9142 0.0759
vn 0.1383 -0.9897 -0.0360
vn 0.1116 -0.9835 0.1421
vn 0.2646 -0.9577 0.1135
vn -0.7002 -0.6305 0.3351
vn -0.8575 -0.5137 0.0287
vn -0.9565 -0.0968 -0.2751
vn -0.9697 -0.0648 -0.2355
vn 0.7092 -0.6340 0.3085
vn 0.9725 -0.0536 -0.2266
vn 0.9600 -0.0732 -0.2702
vn 0.8616 -0.5068 0.0273
vn -0.6545 -0.2799 -0.7023
vn -0.4658 -0.3268 -0.8224
vn -0.9763 -0.1710 -0.1326
vn 0.4675 -0.3264 -0.8215
vn 0.6535 -0.2780 -0.7041
vn 0.9753 -0.1744 -0.1352
vn -0.8976 -0.4174 0.1415
vn -0.9701 -0.2415 -0.0244
vn 0.6510 -0.1018 0.7522
vn 0.2328 0.0646 0.9704
vn 0.9675 -0.2513 -0.0263
vn 0.8968 -0.4160 0.1509
vn -0.2650 0.1049 0.9585
vn -0.6485 -0.1012 0.7544
vn -0.4706 0.8247 -0.3137
vn -0.7394 0.6382 -0.2143
vn -0.7296 0.6409 -0.2387
vn 0.4706 0.8248 -0.3136
vn 0.7277 0.6432 -0.2382
vn 0.7396 0.6380 -0.2142
vn -0.0047 -0.3634 0.9316
vn -0.5290 -0.3239 0.7843
vn -0.3329 -0.0205 0.9427
vn 0.0066 -0.1703 0.9854
vn 0.4968 -0.2983 0.8150
vn -0.0929 -0.4238 0.9010
vn 0.3884 0.0200 0.9213
vn 0.4559 0.6580 0.5993
vn 0.6177 0.5258 0.5847
vn 0.7145 0.5505 0.4318
vn -0.4490 0.6583 0.6042
vn -0.7210 0.5451 0.4278
vn -0.6132 0.5276 0.5879
vn 0.4350 -0.8762 0.2075
vn 0.4976 -0.8615 -0.1013
vn -0.4317 -0.8777 0.2080
vn -0.7505 -0.6506 -0.1163
vn -0.4980 -0.8612 -0.1018
vn -0.0376 -0.7943 -0.6063
vn -0.0516 -0.5002 -0.8643
vn -0.1690 -0.5306 -0.8306
vn -0.0827 -0.4895 -0.8681
vn 0.0437 -0.7969 -0.6026
vn 0.0863 -0.4930 -0.8657
vn 0.1693 -0.5318 -0.8298
vn 0.0516 -0.4996 -0.8647
vn -0.3943 -0.8724 -0.2887
vn 0.3904 -0.8738 -0.2900
vn -0.1326 0.8209 0.5554
vn -0.0557 0.8309 0.5536
vn -0.0000 0.6535 0.7569
vn -0.0041 0.7160 0.6981
vn -0.0754 0.7142 0.6959
vn 0.0552 0.8316 0.5527
vn 0.1325 0.8210 0.5554
vn 0.0748 0.7150 0.6952
vn -0.1225 0.6411 -0.7576
vn 0.0503 0.3343 -0.9411
vn 0.1873 0.5975 -0.7797
vn 0.1472 0.6683 -0.7292
vn -0.0278 0.3698 -0.9287
vn -0.3804 0.1642 -0.9101
vn -0.4336 0.0738 -0.8981
vn -0.4112 0.1114 -0.9047
vn -0.7881 0.0163 -0.6153
vn 0.4335 0.0752 -0.8980
vn 0.3809 0.1644 -0.9099
vn 0.4127 0.1130 -0.9038
vn 0.7911 0.0160 -0.6115
vn 0.1209 -0.0626 -0.9907
vn -0.0130 0.1186 -0.9929
vn -0.1539 -0.0466 -0.9870
vn -0.1267 -0.0608 -0.9901
vn 0.1572 -0.0490 -0.9864
vn 0.0193 0.1173 -0.9929
vn 0.0742 0.3173 -0.9454
vn -0.1191 0.2581 -0.9588
vn -0.2809 0.8897 -0.3599
vn -0.2150 0.8756 -0.4327
vn -0.1465 0.8248 -0.5461
vn -0.1854 0.3350 -0.9238
vn 0.1329 0.2537 -0.9581
vn 0.2165 0.8752 -0.4327
vn 0.2811 0.8908 -0.3570
vn 0.1468 0.8214 -0.5512
vn -0.6503 0.7232 0.2327
vn -0.6462 0.7422 0.1777
vn -0.5944 0.7394 0.3162
vn -0.5879 0.7637 0.2668
vn 0.6466 0.7419 0.1774
vn 0.6512 0.7223 0.2328
vn 0.5879 0.7634 0.2676
vn 0.5972 0.7373 0.3158
vn -0.1965 -0.5143 -0.8348
vn -0.0664 -0.4426 -0.8943
vn 0.0574 -0.4772 -0.8769
vn 0.2040 -0.5193 -0.8299
vn -0.0606 -0.4776 -0.8765
vn 0.0554 -0.4389 -0.8968
vn -0.5208 0.0036 -0.8537
vn -0.7982 -0.0179 -0.6021
vn -0.5732 0.0649 -0.8169
vn -0.7029 -0.0943 -0.7050
vn 0.7981 -0.0201 -0.6022
vn 0.5219 0.0024 -0.8530
vn 0.5733 0.0647 -0.8168
vn 0.7040 -0.0940 -0.7040
vn 0.2181 -0.2492 -0.9436
vn 0.1105 -0.1503 -0.9824
vn -0.2017 -0.2428 -0.9489
vn -0.1189 -0.1572 -0.9804
vn 0.5056 -0.3267 0.7985
vn 0.8723 -0.2609 0.4135
vn -0.8750 -0.2535 0.4125
vn -0.3511 -0.2719 0.8960
vn -0.4597 -0.8253 -0.3281
vn 0.0738 -0.4541 -0.8879
vn -0.0153 -0.6480 -0.7615
vn -0.2615 -0.5015 -0.8247
vn 0.4582 -0.8250 -0.3307
vn -0.0729 -0.4538 -0.8881
vn 0.2629 -0.4995 -0.8254
vn 0.0574 -0.6615 -0.7477
vn -0.7067 -0.4744 -0.5248
vn -0.7585 -0.5667 -0.3219
vn -0.6489 -0.3768 -0.6611
vn -0.6411 -0.3534 -0.6813
vn -0.7748 -0.2501 -0.5807
vn 0.7600 -0.5670 -0.3176
vn 0.7014 -0.4781 -0.5287
vn 0.6592 -0.3729 -0.6530
vn 0.7774 -0.2490 -0.5776
vn 0.6281 -0.3630 -0.6882
vn -0.8216 -0.4680 -0.3257
vn -0.7853 -0.4895 -0.3790
vn -0.7752 -0.4971 -0.3898
vn -0.8699 -0.4289 -0.2434
vn -0.8681 -0.4165 -0.2701
vn 0.7897 -0.4873 -0.3727
vn 0.8211 -0.4679 -0.3269
vn 0.7722 -0.5020 -0.3895
vn 0.8689 -0.4311 -0.2433
vn 0.8736 -0.4087 -0.2642
vn -0.6554 -0.7446 -0.1268
vn -0.9028 -0.3943 -0.1715
vn -0.8218 -0.4995 -0.2740
vn 0.9026 -0.3918 -0.1784
vn 0.6601 -0.7368 -0.1463
vn 0.8193 -0.4978 -0.2846
vn 0.0054 -0.7997 0.6004
vn 0.2173 0.2182 0.9514
vn 0.0966 0.5321 0.8412
vn -0.2148 0.2234 0.9507
vn -0.0992 0.5335 0.8400
vn -0.9411 0.0731 -0.3301
vn -0.1903 0.3955 -0.8986
vn -0.2418 0.7805 -0.5764
vn -0.1310 0.6007 -0.7887
vn 0.9405 0.0756 -0.3312
vn 0.1271 0.6025 -0.7879
vn 0.2413 0.7826 -0.5739
vn 0.0643 0.4073 -0.9110
vn -0.3111 -0.7248 0.6148
vn 0.3126 -0.7240 0.6149
vn 0.8461 0.4467 0.2909
vn 0.7884 0.5506 0.2742
vn 0.7815 0.4808 0.3976
vn -0.7813 0.4816 0.3970
vn -0.7903 0.5477 0.2748
vn -0.8455 0.4475 0.2915
vn -0.2133 0.1515 -0.9652
vn -0.6099 0.0105 -0.7924
vn -0.3816 0.1724 -0.9081
vn -0.2455 -0.8381 -0.4872
vn 0.5847 -0.0048 -0.8112
vn 0.1773 0.1633 -0.9705
vn 0.3653 0.1746 -0.9144
vn 0.2413 -0.8378 -0.4898
vn -0.1647 0.8313 -0.5308
vn -0.0894 0.8660 -0.4920
vn -0.0390 0.8190 -0.5725
vn -0.2483 0.7313 -0.6353
vn 0.0386 0.8208 -0.5698
vn 0.0901 0.8669 -0.4903
vn 0.1604 0.8344 -0.5273
vn 0.2457 0.7445 -0.6208
vn -0.9904 0.1084 -0.0853
vn -0.9480 0.2658 -0.1752
vn -0.9950 -0.0018 -0.1002
vn -0.9914 -0.1181 0.0563
vn 0.9390 0.2799 -0.2001
vn 0.9888 0.1199 -0.0889
vn 0.9926 -0.1127 0.0460
vn 0.9945 0.0025 -0.1050
vn 0.8156 -0.0724 0.5740
vn 0.7681 -0.0805 0.6352
vn 0.9720 -0.1090 0.2083
vn -0.8219 -0.0733 0.5649
vn -0.7645 -0.0828 0.6393
vn -0.9702 -0.1069 0.2173
vn -0.6299 -0.0799 -0.7725
vn -0.5392 -0.1998 -0.8181
vn 0.6304 -0.0807 -0.7721
vn 0.5402 -0.1983 -0.8178
vn -0.5450 -0.3459 -0.7638
vn -0.3353 -0.7414 -0.5813
vn -0.4923 -0.5667 -0.6607
vn 0.5457 -0.3478 -0.7624
vn 0.3415 -0.7258 -0.5971
vn 0.4927 -0.5635 -0.6630
vn -0.5288 -0.2745 0.8032
vn -0.3567 -0.2801 0.8913
vn -0.4701 -0.2374 0.8501
vn -0.5083 -0.3432 0.7898
vn 0.4717 -0.2379 0.8491
vn 0.3575 -0.2806 0.8908
vn 0.5308 -0.2753 0.8015
vn 0.5121 -0.3432 0.7874
vn -0.0829 0.2887 0.9538
vn -0.0408 0.1903 0.9809
vn 0.0826 0.2885 0.9539
vn 0.0405 0.1906 0.9808
vn 0.1245 0.1546 -0.9801
vn 0.0202 0.1186 -0.9927
vn 0.1356 0.1339 -0.9817
vn 0.0993 0.1421 -0.9849
vn -0.1176 0.1482 -0.9819
vn -0.1343 0.1366 -0.9815
vn -0.0176 0.1197 -0.9927
vn -0.0992 0.1420 -0.9849
vn -0.5478 -0.0198 0.8364
vn -0.4029 -0.1726 0.8988
vn -0.4985 -0.1997 0.8436
vn 0.5466 -0.0021 0.8374
vn 0.5077 -0.1554 0.8474
vn 0.4475 -0.2399 0.8615
vn -0.9946 0.0428 0.0945
vn -0.9935 0.0788 0.0816
vn -0.9907 -0.0856 -0.1055
vn -0.9981 0.0118 -0.0609
vn 0.9933 0.0797 0.0840
vn 0.9947 0.0432 0.0938
vn 0.9981 0.0121 -0.0602
vn 0.9905 -0.0875 -0.1064
vn 0.7815 -0.6237 -0.0166
vn 0.9036 -0.2838 -0.3208
vn 0.8636 -0.4436 -0.2398
vn -0.7934 -0.6082 -0.0226
vn -0.9001 -0.2841 -0.3303
vn -0.8703 -0.4278 -0.2440
vn -0.0444 0.8775 -0.4776
vn -0.0231 0.8586 -0.5121
vn -0.1086 0.8993 -0.4236
vn 0.0229 0.8586 -0.5122
vn 0.0455 0.8777 -0.4771
vn 0.1070 0.8992 -0.4243
vn -0.5727 -0.7695 -0.2825
vn -0.5519 -0.6568 -0.5138
vn -0.1666 -0.8155 -0.5542
vn -0.1979 -0.6989 -0.6873
vn 0.5598 -0.6400 -0.5263
vn 0.1906 -0.6861 -0.7020
vn 0.1812 -0.8225 -0.5392
vn -0.7554 -0.6003 0.2626
vn -0.7399 -0.6329 0.2280
vn -0.6712 -0.7287 0.1359
vn -0.6808 -0.7324 0.0017
vn 0.7450 -0.6219 0.2414
vn 0.7540 -0.6006 0.2659
vn 0.6703 -0.7295 0.1362
vn 0.6946 -0.7194 0.0069
vn 0.0001 -0.0634 -0.9980
vn 0.1229 -0.0553 -0.9909
vn 0.1067 0.1911 -0.9758
vn 0.1241 0.1626 -0.9789
vn -0.1238 -0.0585 -0.9906
vn -0.1074 0.1918 -0.9755
vn -0.1235 0.1595 -0.9794
vn 0.0625 -0.7071 0.7043
vn 0.3023 -0.7240 0.6201
vn 0.0654 -0.8085 0.5848
vn -0.0018 0.6539 -0.7566
vn 0.2392 0.9705 -0.0284
vn -0.0003 0.5856 -0.8106
vn -0.0696 -0.7075 0.7033
vn -0.0566 -0.8111 0.5821
vn -0.3100 -0.7193 0.6217
vn -0.2801 0.9582 -0.0581
vn -0.9293 0.3649 0.0578
vn -0.7317 0.5371 0.4196
vn -0.9318 0.2756 0.2364
vn -0.6687 0.7197 -0.1868
vn 0.9314 0.3593 0.0590
vn 0.9357 0.2522 0.2467
vn 0.7310 0.5430 0.4133
vn 0.6575 0.7273 -0.1970
vn -0.9881 -0.0372 -0.1494
vn -0.8530 -0.1427 -0.5020
vn -0.9200 -0.0981 -0.3793
vn 0.8502 -0.1463 -0.5057
vn 0.9868 -0.0342 -0.1581
vn 0.9201 -0.0958 -0.3798
vn -0.6924 -0.2634 -0.6717
vn 0.6931 -0.2646 -0.6706
vn -0.6201 -0.7296 0.2884
vn -0.6072 -0.7648 0.2155
vn -0.6244 -0.7768 0.0824
vn 0.6241 -0.7769 0.0826
vn 0.6104 -0.7627 0.2137
vn 0.6214 -0.7283 0.2890
vn -0.1359 0.9905 0.0223
vn -0.0881 0.9945 0.0569
vn -0.0599 0.9942 0.0891
vn -0.0034 0.9992 0.0404
vn 0.1362 0.9904 0.0220
vn 0.0619 0.9941 0.0891
vn 0.0882 0.9945 0.0570
vn 0.1993 -0.6018 0.7734
vn 0.2181 -0.5128 0.8303
vn 0.5811 -0.2547 0.7729
vn 0.6386 0.7600 0.1208
vn 0.8884 0.4179 0.1898
vn -0.2204 -0.5299 0.8189
vn -0.1969 -0.6393 0.7433
vn -0.8392 -0.1035 0.5339
vn -0.8915 0.4112 0.1902
vn -0.6911 0.7162 0.0976
vn 0.4401 -0.5497 0.7100
vn 0.3010 -0.6309 0.7151
vn -0.4438 -0.5480 0.7090
vn -0.3020 -0.6279 0.7173
vn -0.7445 -0.6676 -0.0086
vn -0.5698 -0.8215 0.0219
vn 0.7439 -0.6682 -0.0095
vn 0.5692 -0.8219 0.0219
vn 0.6347 0.5339 0.5587
vn 0.8998 -0.0201 0.4358
vn 0.7775 0.1990 0.5966
vn 0.7685 0.5647 0.3007
vn -0.5983 0.5343 0.5971
vn -0.8842 -0.0539 0.4640
vn -0.7529 0.5897 0.2923
vn -0.7921 0.2041 0.5752
vn -0.9848 -0.1667 -0.0477
vn -0.9184 -0.2543 -0.3031
vn -0.9788 -0.1938 0.0657
vn -0.9292 -0.2666 0.2559
vn 0.9851 -0.1668 -0.0413
vn 0.9794 -0.1893 0.0702
vn 0.9212 -0.2495 -0.2985
vn 0.9317 -0.2676 0.2456
vn -0.9831 -0.0889 0.1600
vn -0.9796 -0.0337 -0.1980
vn -0.9896 0.1427 -0.0155
vn 0.9903 0.1390 -0.0080
vn 0.9782 -0.0244 -0.2063
vn 0.9826 -0.0886 0.1633
vn -0.9789 -0.1474 -0.1417
vn -0.9874 -0.1577 0.0149
vn 0.9874 -0.1578 0.0148
vn 0.9795 -0.1428 -0.1423
vn 0.3319 -0.5649 -0.7554
vn 0.5107 -0.5808 -0.6339
vn 0.4795 -0.4880 -0.7293
vn -0.0239 -0.9105 -0.4127
vn -0.5360 -0.5629 -0.6292
vn -0.3395 -0.5582 -0.7571
vn -0.5215 -0.4756 -0.7084
vn -0.0630 -0.8917 -0.4482
vn 0.8240 0.5024 -0.2619
vn 0.1744 0.9845 0.0173
vn 0.0900 0.0676 0.9936
vn 0.0131 0.5932 0.8049
vn -0.1581 0.9863 -0.0465
vn -0.8288 0.5249 -0.1937
vn -0.5631 -0.2339 0.7926
vn -0.0188 0.5994 0.8002
vn -0.1160 -0.0075 0.9932
vn -0.7412 0.0217 0.6710
vn -0.9087 0.3978 0.1263
vn -0.6693 0.6964 0.2589
vn -0.1482 0.9350 0.3223
vn 0.7143 0.4125 -0.5653
vn 0.4821 0.6809 0.5513
vn -0.3729 -0.9104 0.1791
vn -0.3774 -0.8725 0.3103
vn -0.2479 -0.9687 -0.0146
vn 0.2477 -0.9688 -0.0069
vn 0.3810 -0.8725 0.3057
vn 0.3723 -0.9103 0.1810
vn -0.9837 0.1352 0.1187
vn -0.9996 0.0208 -0.0198
vn -0.9798 0.1479 -0.1348
vn -0.9862 -0.1440 -0.0819
vn 0.9840 0.1327 0.1192
vn 0.9995 0.0101 -0.0298
vn 0.9862 -0.1439 -0.0814
vn 0.9780 0.1609 -0.1324
vn -0.9500 -0.3003 -0.0854
vn -0.8172 0.0700 -0.5720
vn -0.9094 -0.1201 -0.3982
vn 0.9494 -0.2973 -0.1016
vn 0.9072 -0.1078 -0.4066
vn 0.8131 0.0680 -0.5781
vn -0.2309 -0.9666 0.1116
vn -0.0010 -0.9683 -0.2498
vn -0.2134 -0.9430 -0.2555
vn 0.2325 -0.9662 0.1116
vn 0.2159 -0.9423 -0.2560
vn -0.2240 -0.9143 0.3375
vn -0.4125 -0.8981 0.1527
vn 0.2239 -0.9129 0.3413
vn 0.3999 -0.9032 0.1561
vn -0.9032 -0.4099 -0.1275
vn -0.8763 -0.3709 -0.3075
vn 0.9022 -0.4123 -0.1262
vn 0.8735 -0.3889 -0.2929
vn -0.5140 0.6552 0.5536
vn -0.7145 0.4134 -0.5645
vn -0.8124 -0.5726 -0.1101
vn -0.8756 -0.4198 -0.2389
vn 0.8628 -0.4473 -0.2356
vn 0.8151 -0.5722 -0.0908
vn 0.0723 -0.2983 0.9517
vn -0.2592 -0.9081 0.3288
vn -0.0625 -0.3223 0.9446
vn 0.2526 -0.9038 0.3454
vn -0.9639 -0.2049 0.1703
vn -0.9737 -0.1769 -0.1437
vn 0.9739 -0.1763 -0.1430
vn 0.9659 -0.1984 0.1666
vn -0.2478 0.9157 -0.3163
vn -0.2417 0.9521 -0.1871
vn -0.1868 0.9822 0.0181
vn 0.2478 0.9157 -0.3163
vn 0.2418 0.9519 -0.1883
vn 0.1891 0.9818 0.0198
vn 0.0381 0.5639 -0.8249
vn 0.1253 0.0172 -0.9920
vn -0.6027 -0.1229 -0.7884
vn -0.8085 -0.0626 -0.5852
vn 0.8113 -0.0613 -0.5815
vn 0.7571 -0.0661 -0.6499
vn 0.6337 -0.1120 -0.7655
vn 0.1848 -0.0297 -0.9823
vn 0.2280 -0.4148 -0.8809
vn -0.8750 -0.3123 -0.3700
vn -0.9506 -0.3097 0.0199
vn -0.5906 -0.1642 0.7901
vn 0.9508 -0.3088 0.0258
vn 0.8698 -0.3204 -0.3752
vn 0.5977 -0.1652 0.7845
vn -0.6117 -0.7887 -0.0611
vn -0.3930 -0.9166 -0.0736
vn 0.4269 -0.9039 -0.0260
vn -0.0020 -0.9994 -0.0358
vn -0.5191 -0.5002 -0.6930
vn -0.0944 -0.2340 -0.9676
vn 0.4468 -0.5200 -0.7280
vn 0.1500 -0.8845 0.4417
vn -0.5174 -0.7030 0.4880
vn -0.6262 -0.5044 0.5945
vn -0.4071 -0.7198 0.5622
vn 0.5166 -0.7037 0.4878
vn -0.3166 -0.8361 0.4480
vn 0.6068 -0.5066 0.6124
vn 0.9077 0.2907 0.3027
vn 0.8578 0.4264 0.2869
vn 0.8560 0.4466 0.2604
vn -0.9077 0.2905 0.3030
vn -0.8636 0.4430 0.2406
vn -0.8564 0.4290 0.2873
vn 0.5974 0.7617 0.2508
vn -0.1224 0.9919 -0.0334
vn 0.0330 0.9866 0.1596
vn 0.2525 0.9676 -0.0064
vn -0.6184 0.7412 0.2613
vn -0.2684 0.9629 0.0290
vn -0.0104 0.9883 0.1518
vn 0.1218 0.9921 -0.0300
vn -0.7088 0.6232 0.3306
vn -0.6896 0.5416 0.4808
vn -0.8383 0.4501 0.3077
vn 0.7258 0.6163 0.3055
vn 0.7183 0.4755 0.5079
vn 0.7114 0.6192 0.3325
vn 0.3868 0.7977 -0.4626
vn 0.4082 0.8102 -0.4206
vn 0.4189 0.9061 -0.0595
vn 0.0005 0.9999 0.0101
vn -0.4151 0.9080 -0.0570
vn -0.4058 0.8028 -0.4368
vn -0.3936 0.7972 -0.4578
vn -0.9509 -0.2939 -0.0974
vn -0.9901 0.1398 0.0112
vn 0.9504 -0.2948 -0.0993
vn 0.9889 0.1481 0.0100
vn -0.9934 0.1019 0.0524
vn -0.9939 0.0994 0.0471
vn -1.0000 0.0014 -0.0046
vn -0.9992 0.0384 -0.0117
vn -0.9984 0.0539 0.0166
vn 0.9942 0.0967 0.0462
vn 0.9933 0.1031 0.0530
vn 0.9983 0.0552 0.0183
vn 0.9993 0.0365 -0.0110
vn 1.0000 -0.0009 -0.0066
vn -0.1339 0.1890 -0.9728
vn -0.0914 0.3522 -0.9314
vn -0.0647 0.3994 -0.9145
vn 0.1345 0.1904 -0.9725
vn 0.0621 0.4000 -0.9144
vn 0.0887 0.3544 -0.9309
vn -0.0137 0.4141 0.9101
vn 0.0040 0.4273 0.9041
vn -0.3393 0.9405 -0.0168
vn -0.5715 0.8193 0.0461
vn 0.5719 0.8184 0.0559
vn 0.3344 0.9422 -0.0190
vn 0.6873 -0.3414 -0.6412
vn 0.7495 -0.2983 -0.5911
vn 0.8404 -0.3184 -0.4386
vn 0.7451 -0.3804 -0.5479
vn -0.6882 -0.3334 -0.6444
vn -0.8377 -0.3128 -0.4476
vn -0.7471 -0.3001 -0.5931
vn -0.7501 -0.3756 -0.5442
vn 0.4460 0.1855 0.8756
vn 0.3147 -0.0959 0.9444
vn -0.1499 0.1007 0.9836
vn -0.3035 -0.0981 0.9478
vn -0.4520 0.1716 0.8754
vn 0.2236 0.0942 0.9701
vn -0.9687 -0.2393 -0.0657
vn -0.9485 -0.2028 -0.2432
vn -0.9679 -0.1542 0.1982
vn 0.9678 -0.1541 0.1991
vn 0.9487 -0.2014 -0.2438
vn 0.9688 -0.2380 -0.0691
vn 0.3553 -0.6300 -0.6905
vn 0.5673 -0.6690 -0.4802
vn 0.6980 -0.6728 -0.2453
vn 0.6214 -0.7714 -0.1373
vn -0.6080 -0.5462 -0.5762
vn -0.3575 -0.6338 -0.6859
vn -0.5705 -0.6808 -0.4593
vn -0.7023 -0.6697 -0.2414
vn -0.6226 -0.7718 -0.1291
vn 0.9688 0.0604 -0.2404
vn 0.8912 -0.2555 -0.3747
vn -0.9685 0.0596 -0.2418
vn -0.8921 -0.2590 -0.3703
vn 0.1517 -0.2423 0.9582
vn 0.0724 -0.2322 0.9700
vn -0.0732 -0.2318 0.9700
vn -0.1522 -0.2417 0.9583
vn -0.9949 -0.0864 0.0519
vn -0.8065 -0.2059 0.5542
vn 0.9956 -0.0819 0.0462
vn 0.8071 -0.2044 0.5539
vn -0.9982 0.0585 -0.0105
vn -0.9969 0.0662 0.0432
vn -0.9848 0.0379 0.1694
vn 0.9969 0.0659 0.0435
vn 0.9982 0.0586 -0.0105
vn 0.9851 0.0365 0.1681
vn 0.3063 0.1832 0.9341
vn 0.8256 -0.1408 0.5465
vn 0.0027 -0.5785 0.8157
vn -0.6923 0.1245 0.7108
vn -0.7296 0.5457 0.4122
vn -0.2868 0.1820 0.9405
vn 0.7278 0.5576 0.3992
vn 0.6851 0.1254 0.7176
vn 0.0000 0.9370 0.3494
vn 0.0002 0.9652 0.2614
vn -0.0700 0.9556 0.2862
vn -0.0591 0.9114 0.4073
vn 0.0703 0.9556 0.2863
vn 0.0595 0.9114 0.4071
vn 0.9803 -0.1013 0.1694
vn 0.8467 0.1810 0.5003
vn 0.9273 -0.0382 0.3723
vn -0.9839 -0.0860 0.1568
vn -0.8527 0.1823 0.4896
vn -0.9305 -0.0302 0.3649
vn 0.1617 -0.6634 0.7306
vn 0.0455 -0.4738 0.8794
vn -0.1060 -0.6886 0.7174
vn 0.3207 -0.4781 0.8177
vn 0.1083 -0.6897 0.7159
vn -0.0445 -0.4751 0.8788
vn -0.1604 -0.6639 0.7304
vn -0.3219 -0.4800 0.8161
vn -0.7385 0.3671 -0.5656
vn -0.8451 0.2947 -0.4461
vn 0.7388 0.3669 -0.5653
vn 0.8438 0.2970 -0.4469
vn 0.0719 -0.9826 0.1714
vn 0.2578 -0.9390 0.2276
vn -0.2588 -0.9379 0.2310
vn -0.0794 -0.9809 0.1776
vn -0.5526 -0.2892 0.7817
vn -0.9628 -0.0341 0.2681
vn -0.8110 -0.2197 0.5422
vn -0.8870 0.1179 0.4464
vn 0.5532 -0.2996 0.7773
vn 0.8847 0.1250 0.4491
vn 0.8109 -0.2210 0.5419
vn 0.9626 -0.0308 0.2692
vn 0.0826 0.7099 0.6994
vn 0.2162 0.9584 -0.1862
vn -0.0857 0.7143 0.6946
vn -0.2299 0.9527 -0.1989
vn -0.9376 -0.2883 -0.1944
vn 0.9346 -0.3000 -0.1910
vn 0.8032 -0.4600 -0.3785
vn -0.8927 -0.3757 0.2490
vn -0.8640 -0.4825 0.1441
vn 0.8693 -0.4748 0.1372
vn 0.8838 -0.3920 0.2555
vn -0.1797 0.9486 -0.2605
vn -0.0286 0.9703 -0.2401
vn -0.7027 0.6788 -0.2131
vn -0.2964 0.8963 -0.3299
vn 0.0338 0.9731 -0.2280
vn 0.1789 0.9494 -0.2582
vn 0.2968 0.8957 -0.3310
vn 0.6951 0.6871 -0.2115
vn -0.7335 -0.5205 0.4370
vn -0.6787 -0.7316 0.0648
vn 0.7337 -0.5204 0.4370
vn 0.6772 -0.7332 0.0622
vn -0.2650 -0.7083 0.6543
vn -0.5541 -0.7839 0.2801
vn 0.3802 -0.7331 0.5640
vn 0.5534 -0.7968 0.2428
vn 0.1716 -0.6961 0.6972
vn -0.3703 -0.7312 0.5729
vn -0.3188 -0.8934 -0.3164
vn -0.8197 -0.5701 -0.0552
vn 0.3176 -0.8938 -0.3167
vn 0.8195 -0.5717 -0.0383
vn -0.2343 -0.1108 0.9658
vn -0.3064 -0.3705 0.8768
vn -0.2530 -0.4788 0.8407
vn 0.2293 -0.0941 0.9688
vn 0.2552 -0.4716 0.8441
vn 0.3343 -0.3949 0.8557
vn 0.7381 -0.4187 0.5291
vn 0.9270 -0.2253 0.2998
vn -0.7352 -0.4195 0.5324
vn -0.9268 -0.2235 0.3018
vn -0.0289 -0.0164 -0.9994
vn 0.0629 0.0438 -0.9971
vn 0.0277 -0.0157 -0.9995
vn -0.0645 0.0443 -0.9969
vn -0.5246 0.0023 -0.8514
vn 0.6258 0.0914 -0.7746
vn 0.5273 -0.0003 -0.8497
vn -0.9167 -0.0627 -0.3945
vn -0.9800 -0.1350 0.1460
vn -0.9782 -0.1975 0.0644
vn 0.9170 -0.0651 -0.3935
vn 0.9775 -0.1977 0.0733
vn 0.9795 -0.1337 0.1505
vn 0.8903 0.4297 -0.1506
vn 0.9171 0.1877 -0.3518
vn -0.8880 0.4354 -0.1480
vn -0.9172 0.1875 -0.3515
vn -0.6871 -0.3772 0.6210
vn -0.7625 -0.3515 0.5432
vn -0.7687 -0.3818 0.5131
vn -0.8509 -0.1772 0.4946
vn -0.7863 -0.3396 0.5161
vn 0.7671 -0.3786 0.5178
vn 0.7602 -0.3421 0.5523
vn 0.6885 -0.3786 0.6186
vn 0.7874 -0.3391 0.5148
vn 0.8554 -0.1728 0.4883
vn -0.0670 -0.8065 0.5874
vn -0.1546 -0.8134 0.5609
vn -0.1323 -0.7258 0.6751
vn 0.1539 -0.8136 0.5607
vn 0.0672 -0.8062 0.5878
vn 0.1322 -0.7259 0.6750
vn -0.8899 0.4544 0.0402
vn -0.9263 -0.3717 -0.0615
vn 0.8730 0.4877 0.0091
vn 0.9836 0.0185 -0.1796
vn 0.9165 -0.3803 0.1237
vn 0.3190 0.8223 0.4712
vn -0.3437 0.8212 0.4556
vn -0.4193 0.5124 0.7494
vn -0.3986 0.6466 0.6504
vn 0.3989 0.6494 0.6474
vn 0.4132 0.5092 0.7550
vn -0.2310 -0.2105 0.9499
vn 0.2309 -0.2104 0.9499
vn -0.8612 -0.5082 0.0132
vn -0.7802 -0.6057 0.1565
vn -0.8502 -0.4746 0.2279
vn -0.8316 -0.5411 0.1251
vn 0.8644 -0.5027 0.0114
vn 0.8525 -0.4699 0.2289
vn 0.7779 -0.6073 0.1611
vn 0.8407 -0.5278 0.1209
vn -0.9606 0.1184 0.2515
vn 0.9604 0.1196 0.2514
vn -0.1267 -0.1344 0.9828
vn 0.1300 -0.1269 0.9834
vn -0.8731 -0.3554 -0.3338
vn -0.7994 -0.4344 -0.4151
vn -0.9514 -0.1656 0.2598
vn 0.8654 -0.3618 -0.3467
vn 0.7982 -0.4394 -0.4120
vn 0.9522 -0.1678 0.2551
vn -0.9884 -0.1242 -0.0877
vn -0.8258 -0.0879 0.5571
vn 0.9871 -0.1321 -0.0909
vn 0.8162 -0.0894 0.5708
vn 0.6033 0.7642 0.2281
vn 0.7380 0.6035 0.3019
vn 0.7215 0.4416 0.5334
vn -0.7690 0.5550 0.3173
vn -0.6076 0.7582 0.2365
vn -0.7355 0.3889 0.5548
vn -0.1729 0.8763 -0.4496
vn 0.1735 0.8763 -0.4495
vn -0.0048 0.0275 0.9996
vn 0.0999 -0.2843 0.9535
vn -0.0681 -0.1937 0.9787
vn 0.0119 0.0242 0.9996
vn 0.0675 -0.1950 0.9785
vn -0.0953 -0.2883 0.9528
vn -0.9905 -0.0254 0.1353
vn -0.9764 -0.0722 0.2034
vn 0.9902 -0.0257 0.1373
vn 0.9730 -0.0720 0.2194
vn -0.9929 0.0367 0.1130
vn -0.9783 -0.0232 0.2060
vn 0.9792 -0.0229 0.2016
vn 0.9927 0.0382 0.1142
vn -0.9982 0.0459 -0.0398
vn 0.9982 0.0441 -0.0395
vn -0.6276 -0.0276 0.7781
vn -0.6373 -0.0704 0.7674
vn -0.5084 -0.0534 0.8595
vn 0.6317 -0.0279 0.7747
vn 0.5079 -0.0510 0.8599
vn 0.6307 -0.0715 0.7727
vn 0.8059 0.5074 -0.3052
vn 0.8451 0.5155 0.1417
vn 0.8365 0.5475 -0.0201
vn 0.9168 0.3895 -0.0879
vn -0.7983 0.5122 -0.3168
vn -0.9165 0.3882 -0.0968
vn -0.8350 0.5499 -0.0202
vn -0.8472 0.5124 0.1406
vn -0.3212 -0.7550 0.5717
vn -0.2616 -0.8013 0.5381
vn -0.2297 -0.7739 0.5902
vn -0.3489 -0.7918 0.5013
vn 0.2279 -0.7725 0.5927
vn 0.2613 -0.8012 0.5383
vn 0.3205 -0.7550 0.5720
vn 0.3489 -0.7919 0.5011
vn -0.0009 0.9998 -0.0195
vn -0.0017 0.9984 -0.0564
vn -0.0003 0.9892 -0.1465
vn -0.0018 0.5060 -0.8625
vn 0.1602 0.3740 -0.9135
vn 0.0647 0.3346 -0.9401
vn 0.0662 0.5972 -0.7993
vn -0.0616 0.3367 -0.9396
vn -0.1603 0.3737 -0.9136
vn -0.0682 0.5983 -0.7983
vn -0.6977 -0.6765 -0.2357
vn -0.7636 -0.6250 -0.1618
vn 0.6971 -0.6749 -0.2421
vn 0.7657 -0.6222 -0.1629
vn -0.9150 -0.3695 -0.1623
vn -0.9158 -0.3325 -0.2253
vn 0.9153 -0.3707 -0.1577
vn 0.9160 -0.3314 -0.2262
vn -0.3265 -0.7768 -0.5385
vn -0.4939 -0.8635 0.1019
vn 0.3288 -0.7748 -0.5400
vn 0.4911 -0.8651 0.1022
vn 0.8680 0.2101 -0.4498
vn 0.7099 0.2369 -0.6632
vn 0.4276 0.2116 -0.8788
vn 0.0443 0.1459 -0.9883
vn -0.1581 0.1618 -0.9741
vn -0.4245 0.2122 -0.8802
vn -0.7120 0.2368 -0.6610
vn -0.8686 0.2087 -0.4494
vn 0.1592 0.1606 -0.9741
vn -0.0268 0.1457 -0.9890
vn -0.3856 0.4468 0.8072
vn -0.3498 0.2709 0.8968
vn 0.3855 0.4469 0.8073
vn 0.3497 0.2710 0.8968
vn -0.2209 -0.4734 -0.8527
vn -0.3191 -0.6894 -0.6503
vn -0.5433 -0.7965 0.2653
vn 0.3010 -0.6690 -0.6796
vn 0.2021 -0.4245 -0.8826
vn 0.5338 -0.8039 0.2622
vn 0.4565 0.7106 -0.5354
vn 0.5791 0.5113 -0.6350
vn -0.5674 0.5109 -0.6458
vn -0.4378 0.6869 -0.5800
vn 0.1820 0.5009 -0.8461
vn 0.4529 0.7284 -0.5141
vn -0.1821 0.4995 -0.8470
vn -0.4664 0.7291 -0.5008
vn 0.2141 -0.0500 0.9755
vn 0.1790 -0.0236 0.9836
vn -0.5258 0.0418 0.8496
vn -0.2597 -0.0791 0.9624
vn 0.5212 0.0444 0.8523
vn -0.1903 -0.0160 0.9816
vn -0.2073 -0.0489 0.9771
vn 0.2422 -0.0794 0.9670
vn -0.9429 -0.1335 0.3053
vn -0.9710 -0.1750 0.1630
vn -0.8208 -0.5268 0.2209
vn 0.9714 -0.1726 0.1628
vn 0.9394 -0.1355 0.3150
vn 0.8180 -0.5395 0.1996
vn -0.0574 0.1554 -0.9862
vn 0.1709 0.3086 -0.9357
vn -0.0233 0.3430 -0.9390
vn 0.0561 0.1591 -0.9857
vn 0.0210 0.3412 -0.9398
vn -0.1705 0.3117 -0.9348
vn -0.5867 0.6567 0.4738
vn -0.6046 0.6390 0.4755
vn -0.6559 0.5591 0.5072
vn -0.7600 0.5222 0.3869
vn -0.7835 0.4282 0.4504
vn 0.6040 0.6366 0.4795
vn 0.5868 0.6565 0.4739
vn 0.7652 0.5177 0.3826
vn 0.6556 0.5598 0.5067
vn 0.7824 0.4280 0.4524
vn -0.6063 -0.7941 -0.0431
vn -0.6099 -0.7842 -0.1140
vn 0.6075 -0.7931 -0.0437
vn 0.6081 -0.7854 -0.1155
vn -0.8553 0.2833 -0.4339
vn 0.8544 0.2828 -0.4359
vn -0.6461 -0.4347 -0.6273
vn -0.1684 -0.4971 -0.8512
vn 0.1579 -0.5011 -0.8509
vn 0.6250 -0.4598 -0.6308
vn 0.0356 0.2694 -0.9624
vn 0.0723 0.1433 -0.9870
vn -0.0355 0.2660 -0.9633
vn -0.0737 0.1427 -0.9870
vn -0.1984 -0.9486 -0.2467
vn 0.1857 -0.9509 -0.2476
vn -0.5772 -0.8094 -0.1086
vn -0.4457 -0.8426 -0.3023
vn -0.4808 -0.8723 -0.0893
vn -0.5435 -0.8046 -0.2391
vn 0.5769 -0.8101 -0.1044
vn 0.4936 -0.8645 -0.0946
vn 0.4767 -0.8337 -0.2787
vn 0.6072 -0.7832 0.1337
vn 0.0552 0.1387 -0.9888
vn -0.0098 -0.0965 -0.9953
vn 0.0109 -0.1046 -0.9945
vn -0.0570 0.1331 -0.9895
vn -0.1236 0.0819 0.9889
vn 0.3037 0.1554 0.9400
vn 0.1166 0.0828 0.9897
vn -0.3136 0.1575 0.9364
vn -0.0114 0.4519 -0.8920
vn -0.3206 0.5497 -0.7714
vn -0.1010 0.5477 -0.8305
vn 0.0090 0.4488 -0.8936
vn 0.1033 0.5219 -0.8468
vn 0.3076 0.5703 -0.7617
vn -0.9965 0.0239 0.0795
vn -0.8625 0.4941 0.1090
vn -0.9656 0.2580 -0.0338
vn -0.9108 -0.3732 -0.1767
vn -0.9126 -0.3425 -0.2233
vn -0.9748 -0.1776 -0.1348
vn 0.9962 0.0280 0.0826
vn 0.9670 0.2521 -0.0379
vn 0.8625 0.4953 0.1040
vn 0.9148 -0.3401 -0.2177
vn 0.9111 -0.3729 -0.1756
vn 0.9748 -0.1773 -0.1352
vn -0.9558 0.2932 -0.0208
vn -0.9769 0.2135 0.0042
vn 0.9766 0.2150 0.0046
vn 0.9559 0.2931 -0.0191
vn -0.9501 0.2154 -0.2256
vn -0.9844 -0.0575 -0.1665
vn 0.9485 0.2176 -0.2302
vn 0.9845 -0.0543 -0.1669
vn -0.0007 0.0837 0.9965
vn -0.9545 -0.2540 0.1563
vn 0.9568 -0.2485 0.1510
vn -0.7098 -0.0739 -0.7005
vn -0.6610 -0.0187 -0.7502
vn 0.6601 -0.0244 -0.7508
vn 0.7181 -0.0726 -0.6922
vn 0.5795 0.4437 0.6836
vn 0.3308 0.6768 0.6576
vn -0.5817 0.4398 0.6842
vn -0.3355 0.6726 0.6596
vn -0.5075 0.5832 -0.6343
vn 0.5070 0.5820 -0.6358
vn 0.7267 0.4565 0.5134
vn -0.7297 0.4547 0.5107
vn -0.9015 -0.4256 0.0789
vn -0.8928 -0.3142 0.3228
vn 0.9031 -0.4222 0.0789
vn 0.8990 -0.3098 0.3094
vn 0.4148 0.1957 0.8886
vn 0.8129 0.5748 0.0933
vn -0.5531 -0.1762 0.8143
vn -0.8230 0.5669 0.0354
vn -0.4898 0.0949 0.8667
vn -0.6703 0.3366 0.6613
vn -0.6415 0.4536 0.6187
vn -0.5205 0.2975 0.8004
vn 0.4839 0.1006 0.8694
vn 0.5164 0.3055 0.8000
vn 0.6482 0.4474 0.6162
vn 0.6561 0.3708 0.6573
vn 0.0003 0.1541 -0.9881
vn -0.0012 0.1866 -0.9824
vn 0.0954 0.3071 -0.9469
vn -0.0002 0.2510 -0.9680
vn -0.0962 0.3052 -0.9474
vn -0.8829 0.1670 0.4389
vn 0.8720 0.1580 0.4633
vn -0.7172 -0.4271 0.5507
vn -0.3804 -0.6470 0.6609
vn 0.7169 -0.4282 0.5502
vn 0.3802 -0.6465 0.6614
vn -0.7931 0.1973 -0.5763
vn 0.7931 0.1972 -0.5762
vn 0.1390 0.2518 -0.9577
vn -0.0001 0.1548 -0.9879
vn 0.0702 0.1514 -0.9860
vn -0.1400 0.2516 -0.9577
vn -0.0699 0.1514 -0.9860
vn -0.5420 -0.4614 0.7024
vn -0.4267 -0.5548 0.7143
vn 0.5409 -0.4625 0.7025
vn 0.4269 -0.5545 0.7143
vn 0.2086 -0.2094 -0.9553
vn -0.2178 -0.2097 -0.9532
vn -0.7299 0.1327 0.6705
vn 0.8738 -0.1210 0.4710
vn 0.6411 0.1935 0.7427
vn -0.8836 -0.3331 -0.3291
vn -0.8002 -0.3105 -0.5132
vn -0.9276 -0.1603 -0.3375
vn -0.8847 -0.3909 -0.2540
vn -0.7981 -0.6021 -0.0229
vn 0.9288 -0.1578 -0.3354
vn 0.8007 -0.3078 -0.5140
vn 0.8868 -0.3271 -0.3263
vn 0.8057 -0.5895 -0.0573
vn 0.8832 -0.3890 -0.2621
vn -0.9187 -0.3609 -0.1603
vn 0.9194 -0.3596 -0.1596
vn -0.2389 0.5521 0.7988
vn -0.2745 0.6120 0.7417
vn -0.3451 0.5238 0.7789
vn -0.4849 0.5563 0.6749
vn 0.3445 0.5236 0.7792
vn 0.2746 0.6118 0.7418
vn 0.2394 0.5508 0.7996
vn 0.4845 0.5561 0.6753
vn -0.3646 0.8465 0.3878
vn 0.0749 0.9382 0.3378
vn 0.1020 0.8643 0.4926
vn -0.3390 0.6300 0.6987
vn -0.0816 0.8548 0.5126
vn 0.0237 0.9451 0.3260
vn 0.3392 0.6342 0.6948
vn -0.2481 -0.1385 -0.9588
vn -0.4624 -0.1683 -0.8706
vn -0.1579 -0.3653 -0.9174
vn 0.4620 -0.1660 -0.8712
vn 0.2480 -0.1391 -0.9587
vn 0.1577 -0.3680 -0.9164
vn -0.7140 -0.6357 -0.2935
vn -0.6078 -0.7742 -0.1766
vn -0.6411 -0.7430 0.1922
vn 0.7230 -0.6004 -0.3417
vn 0.6486 -0.7357 0.1950
vn -0.8967 -0.0919 -0.4331
vn -0.8604 -0.0293 -0.5088
vn 0.8964 -0.0954 -0.4329
vn 0.8577 -0.0252 -0.5136
vn -0.8739 0.4650 -0.1417
vn -0.7796 0.5798 -0.2367
vn -0.8498 0.4445 -0.2834
vn -0.7216 0.6695 -0.1760
vn -0.7282 0.6701 -0.1436
vn 0.8487 0.4458 -0.2844
vn 0.7798 0.5794 -0.2369
vn 0.8734 0.4664 -0.1399
vn 0.7281 0.6702 -0.1436
vn 0.7210 0.6702 -0.1763
vn -0.3171 -0.9200 -0.2303
vn 0.0820 -0.9835 -0.1611
vn 0.3990 -0.9140 -0.0734
vn 0.3148 -0.9187 -0.2385
vn -0.3935 -0.9158 -0.0800
vn -0.0818 -0.9827 -0.1661
vn -0.1904 0.9395 0.2846
vn -0.3861 0.8800 0.2767
vn 0.1904 0.9396 0.2845
vn 0.3861 0.8799 0.2769
vn -0.1464 -0.1573 -0.9766
vn -0.2570 -0.1118 -0.9599
vn -0.2119 -0.1845 -0.9597
vn 0.2592 -0.1120 -0.9593
vn 0.1462 -0.1569 -0.9767
vn 0.2120 -0.1852 -0.9595
vn -0.1108 -0.9836 -0.1422
vn -0.1076 -0.9170 -0.3840
vn -0.4430 -0.7965 -0.4116
vn 0.1271 -0.9828 -0.1342
vn 0.0695 -0.9103 -0.4080
vn 0.4276 -0.8640 -0.2659
vn -0.7855 0.5239 -0.3294
vn -0.8533 0.3600 -0.3772
vn 0.7854 0.5240 -0.3295
vn 0.8529 0.3603 -0.3778
vn 0.2993 -0.3410 -0.8911
vn 0.6448 -0.3450 -0.6820
vn 0.8437 -0.3702 -0.3887
vn -0.3276 -0.3617 -0.8728
vn -0.6522 -0.3642 -0.6648
vn -0.8385 -0.3752 -0.3952
vn -0.6864 -0.6007 0.4098
vn -0.6921 -0.6219 0.3664
vn -0.7280 -0.6304 0.2694
vn 0.6941 -0.6199 0.3659
vn 0.6857 -0.6010 0.4107
vn 0.7276 -0.6321 0.2667
vn -0.3262 0.8494 -0.4149
vn -0.9705 -0.2194 0.1001
vn -0.9989 0.0072 -0.0463
vn 0.9706 -0.2192 0.0992
vn 0.9989 0.0038 -0.0477
vn 0.2189 -0.4992 -0.8384
vn -0.1635 -0.9857 -0.0395
vn -0.6320 -0.7635 -0.1326
vn -0.8661 -0.4656 -0.1821
vn 0.6426 -0.7552 -0.1293
vn 0.1627 -0.9859 -0.0379
vn 0.8734 -0.4501 -0.1858
vn -0.2449 0.2387 0.9397
vn -0.2310 0.1826 0.9557
vn -0.1183 0.2357 0.9646
vn 0.2309 0.1829 0.9556
vn 0.2452 0.2388 0.9396
vn 0.1186 0.2357 0.9646
vn 0.7620 -0.6365 0.1192
vn 0.2275 -0.9721 -0.0575
vn -0.2330 -0.9708 -0.0571
vn -0.7780 -0.6124 0.1403
vn 0.6203 -0.5295 -0.5786
vn 0.5468 -0.6571 -0.5189
vn -0.5441 -0.6546 -0.5249
vn 0.0640 -0.9979 -0.0064
vn 0.1583 -0.9742 -0.1609
vn 0.1103 -0.9805 -0.1625
vn 0.1281 -0.9439 -0.3043
vn 0.0190 -0.9488 -0.3153
vn -0.1252 -0.9791 -0.1600
vn -0.1821 -0.9684 -0.1702
vn -0.0665 -0.9978 -0.0048
vn -0.0126 -0.9479 -0.3183
vn -0.1275 -0.9416 -0.3116
vn 0.7015 0.1846 -0.6884
vn -0.7018 0.1849 -0.6880
vn -0.8405 -0.0806 0.5358
vn -0.9169 -0.0657 0.3936
vn -0.8482 -0.0825 0.5232
vn -0.7478 -0.2340 0.6213
vn 0.9155 -0.0691 0.3964
vn 0.8410 -0.0805 0.5350
vn 0.8464 -0.0822 0.5262
vn 0.7476 -0.2343 0.6214
vn -0.2020 0.9745 -0.0982
vn 0.6159 0.7822 0.0940
vn 0.8109 0.5451 0.2127
vn 0.1603 0.9810 -0.1097
vn 0.6923 0.7100 -0.1291
vn -0.8466 0.4831 0.2235
vn -0.6196 0.7789 0.0970
vn -0.0003 -0.9770 -0.2134
vn 0.0005 -0.9505 -0.3107
vn -0.0003 -0.9878 -0.1557
vn -0.0004 -0.9954 0.0953
vn -0.6313 -0.1668 -0.7574
vn 0.6314 -0.1669 -0.7573
vn 0.3992 0.6968 -0.5960
vn 0.0552 0.7136 -0.6984
vn 0.5922 0.4623 -0.6600
vn 0.2020 0.5663 -0.7991
vn -0.0858 0.7067 -0.7022
vn -0.4024 0.6941 -0.5969
vn -0.2136 0.5710 -0.7927
vn -0.5941 0.4646 -0.6567
vn -0.2705 0.0041 0.9627
vn -0.3044 -0.0331 0.9520
vn -0.2559 -0.0571 0.9650
vn -0.2038 -0.0044 0.9790
vn 0.2708 0.0043 0.9626
vn 0.2563 -0.0569 0.9649
vn 0.3054 -0.0332 0.9516
vn 0.2036 -0.0041 0.9790
vn -0.2360 -0.5006 -0.8329
vn -0.1587 -0.0737 -0.9846
vn 0.2296 -0.5318 -0.8151
vn 0.1408 -0.0559 -0.9885
vn -0.4329 -0.3417 -0.8342
vn 0.4305 -0.3385 -0.8367
vn -0.9717 -0.2325 0.0409
vn 0.9688 -0.2476 -0.0084
vn 0.3109 -0.2261 -0.9232
vn -0.3178 -0.2162 -0.9232
vn -0.3023 -0.2268 -0.9258
vn 0.2974 -0.2114 -0.9311
vn 0.4504 -0.1925 0.8718
vn 0.4196 -0.0829 0.9039
vn -0.1096 -0.3514 0.9298
vn -0.4145 -0.0828 0.9063
vn -0.4439 -0.1967 0.8742
vn 0.1027 -0.3607 0.9270
vn -0.3072 -0.1379 -0.9416
vn 0.3080 -0.1385 -0.9413
vn 0.8187 0.4991 0.2838
vn -0.8246 0.4861 0.2896
vn -0.5119 -0.7655 -0.3898
vn -0.2009 -0.5679 -0.7982
vn 0.2119 -0.5665 -0.7963
vn 0.5174 -0.7624 -0.3887
vn -0.9337 0.2784 0.2252
vn 0.9079 0.3174 0.2739
vn 0.9459 0.3062 0.1071
vn 0.2808 -0.9585 -0.0495
vn 0.1316 -0.9909 -0.0269
vn -0.1318 -0.9909 -0.0292
vn -0.2806 -0.9586 -0.0483
vn 0.0002 0.9777 0.2099
vn -0.9933 0.1080 0.0417
vn -0.9955 0.0916 0.0251
vn 0.9932 0.1086 0.0418
vn 0.9956 0.0907 0.0247
vn 0.0281 0.9267 0.3746
vn -0.0195 0.9293 0.3688
vn -0.3935 0.1560 0.9060
vn -0.4932 0.1699 0.8531
vn -0.6459 0.0421 0.7623
vn 0.6461 0.0357 0.7624
vn 0.5018 0.1724 0.8476
vn 0.3946 0.1568 0.9054
vn -0.0648 0.9823 0.1758
vn -0.0007 0.9907 0.1360
vn 0.0659 0.9820 0.1771
vn -0.6938 0.0256 -0.7197
vn -0.8238 0.1356 -0.5504
vn 0.6912 0.0249 -0.7222
vn 0.8257 0.1405 -0.5464
vn -0.2639 0.4817 0.8357
vn 0.2640 0.4815 0.8358
vn -0.3312 0.9433 0.0242
vn -0.2648 0.9624 -0.0610
vn 0.3325 0.9428 0.0244
vn 0.2652 0.9622 -0.0618
vn 0.6753 -0.7254 0.1334
vn 0.6199 -0.6658 0.4152
vn -0.6782 -0.7224 0.1350
vn -0.6203 -0.6672 0.4124
vn 0.1590 0.1485 -0.9760
vn 0.2648 0.1528 -0.9521
vn -0.1600 0.1470 -0.9761
vn -0.2641 0.1537 -0.9522
vn -0.8719 0.2001 -0.4470
vn -0.9793 -0.1887 0.0726
vn 0.8783 0.2244 -0.4221
vn 0.9792 -0.1919 0.0656
vn -0.1762 -0.0753 -0.9815
vn -0.1839 -0.3359 -0.9238
vn 0.1758 -0.0800 -0.9812
vn 0.1782 -0.3366 -0.9246
vn 0.1614 0.9486 0.2721
vn 0.1783 0.9784 0.1047
vn -0.1448 0.9520 0.2697
vn -0.1909 0.9750 0.1137
vn -0.2673 -0.8758 0.4019
vn -0.2196 -0.9167 0.3339
vn 0.2688 -0.8748 0.4030
vn 0.2202 -0.9160 0.3353
vn -0.4867 -0.4896 -0.7235
vn -0.4003 -0.7287 -0.5556
vn -0.3141 -0.6290 -0.7111
vn -0.2807 -0.3854 -0.8790
vn 0.3992 -0.7316 -0.5526
vn 0.4764 -0.4967 -0.7255
vn 0.3133 -0.6370 -0.7043
vn 0.2815 -0.3878 -0.8777
vn 0.1284 0.1393 -0.9819
vn 0.0858 -0.0845 -0.9927
vn -0.1295 0.1393 -0.9817
vn -0.0848 -0.0835 -0.9929
vn 0.6883 0.0555 -0.7233
vn 0.8915 0.0589 -0.4493
vn -0.6860 0.0575 -0.7253
vn -0.8927 0.0633 -0.4461
vn 0.0009 -0.6906 -0.7233
vn -0.4065 -0.8634 -0.2989
vn 0.4137 -0.8623 -0.2920
vn -0.6797 -0.0903 -0.7279
vn -0.6249 -0.2567 -0.7373
vn 0.6241 -0.2569 -0.7379
vn 0.6883 -0.0912 -0.7196
vn -0.0001 0.2745 0.9616
vn -0.5368 -0.7274 0.4276
vn 0.5459 -0.7131 0.4398
vn 0.5376 0.8429 -0.0195
vn 0.7176 0.6962 0.0170
vn -0.5372 0.8433 -0.0185
vn -0.7164 0.6975 0.0166
vn -0.8986 -0.1993 -0.3909
vn -0.8523 -0.3544 -0.3847
vn 0.9189 -0.1900 -0.3456
vn 0.6741 -0.1644 -0.7201
vn 0.9253 0.0884 -0.3687
vn 0.8342 0.1198 -0.5383
vn -0.9254 0.0893 -0.3683
vn -0.8343 0.1197 -0.5382
vn -0.6211 0.4555 0.6378
vn -0.6120 0.4853 0.6244
vn -0.7964 0.3104 0.5190
vn 0.6213 0.4573 0.6363
vn 0.6120 0.4852 0.6245
vn 0.7912 0.3146 0.5244
vn 0.4286 -0.6405 0.6373
vn -0.4279 -0.6419 0.6363
vn -0.7606 -0.5120 0.3991
vn -0.5179 -0.6413 0.5662
vn 0.5041 -0.6409 0.5790
vn 0.7414 -0.5319 0.4091
vn -0.6548 0.0479 0.7542
vn -0.5555 0.3325 0.7621
vn -0.6313 0.2119 0.7460
vn 0.6536 0.0501 0.7552
vn 0.6305 0.2142 0.7461
vn 0.5554 0.3326 0.7622
vn -0.5640 0.8231 0.0666
vn -0.3724 0.9146 0.1575
vn 0.5646 0.8227 0.0664
vn 0.3727 0.9146 0.1569
vn 0.3877 -0.7188 -0.5771
vn -0.0178 -0.7810 -0.6243
vn -0.2686 0.0508 -0.9619
vn 0.2668 0.0537 -0.9623
vn -0.4081 -0.8860 0.2201
vn -0.4452 -0.8799 0.1660
vn -0.3843 -0.9119 0.1441
vn -0.4881 -0.8515 0.1918
vn -0.5337 -0.8021 0.2681
vn 0.4451 -0.8798 0.1669
vn 0.4078 -0.8860 0.2204
vn 0.3849 -0.9118 0.1434
vn 0.4881 -0.8515 0.1918
vn 0.5366 -0.8002 0.2679
vn -0.6201 -0.7832 -0.0448
vn -0.5583 -0.6281 -0.5420
vn -0.9302 -0.3668 -0.0106
vn 0.6053 -0.7947 -0.0467
vn 0.9341 -0.3567 -0.0113
vn 0.5329 -0.6331 -0.5615
vn 0.1353 -0.7875 0.6013
vn -0.1417 -0.7817 0.6074
vn -0.9962 -0.0082 0.0869
vn 0.9961 -0.0080 0.0882
vn -0.1018 0.0623 -0.9928
vn 0.0002 0.0776 -0.9970
vn 0.1039 0.0634 -0.9926
vn -0.1706 0.8730 0.4568
vn -0.1805 0.8324 0.5239
vn 0.1705 0.8732 0.4565
vn 0.1804 0.8325 0.5238
vn -0.5260 -0.8169 0.2365
vn 0.5253 -0.8168 0.2384
vn -0.0869 0.2776 0.9567
vn -0.3893 0.2075 0.8974
vn 0.0738 0.2814 0.9567
vn -0.9293 -0.1364 0.3432
vn 0.9336 -0.1378 0.3308
vn -0.3998 -0.8993 -0.1770
vn 0.4034 -0.8990 -0.1703
vn -0.3050 -0.7976 -0.5204
vn 0.3303 -0.7980 -0.5041
vn -0.9677 0.0239 -0.2509
vn -0.9135 -0.0274 -0.4059
vn 0.9692 0.0245 -0.2452
vn 0.9171 -0.0373 -0.3970
vn -0.9809 -0.0218 0.1932
vn 0.9761 -0.0166 0.2167
vn -0.1707 0.3857 -0.9067
vn -0.3032 0.2406 -0.9220
vn 0.1481 0.3884 -0.9095
vn 0.2778 0.2271 -0.9334
vn -0.6932 -0.7176 0.0668
vn 0.6734 -0.7393 -0.0068
vn -0.8133 0.0897 -0.5749
vn -0.8258 0.2099 -0.5234
vn -0.7230 0.1662 -0.6705
vn 0.8147 0.0939 -0.5722
vn 0.7209 0.1710 -0.6716
vn 0.8186 0.2117 -0.5340
vn 0.1392 -0.8132 -0.5651
vn -0.1615 -0.7968 -0.5822
vn -0.9103 -0.3715 0.1827
vn -0.8611 -0.3740 0.3445
vn 0.8628 -0.4005 0.3084
vn 0.9098 -0.3716 0.1849
vn -0.2299 -0.4887 0.8416
vn 0.2298 -0.4884 0.8418
vn 0.3652 0.0172 0.9308
vn -0.3481 0.0274 0.9371
vn -0.6899 -0.7205 0.0693
vn -0.7678 -0.6309 0.1116
vn -0.7421 -0.5773 0.3406
vn 0.6916 -0.7189 0.0700
vn 0.7424 -0.5774 0.3398
vn 0.7687 -0.6303 0.1090
vn -0.4226 0.3610 -0.8313
vn -0.5730 0.2885 -0.7671
vn 0.4224 0.3617 -0.8311
vn 0.5751 0.2895 -0.7651
vn 0.0325 0.4944 -0.8686
vn 0.0000 0.5226 -0.8526
vn 0.0000 0.3309 -0.9437
vn -0.0323 0.4939 -0.8689
vn 0.7594 0.6440 -0.0926
vn 0.0928 0.9906 0.1006
vn 0.2094 0.6891 -0.6937
vn -0.0930 0.9905 0.1013
vn -0.7480 0.6543 -0.1117
vn -0.1040 0.7063 -0.7003
vn -0.9787 0.2049 0.0085
vn -0.9804 0.1905 -0.0494
vn -0.9753 0.1829 -0.1242
vn -0.9914 0.1291 -0.0209
vn -0.9917 0.1150 -0.0574
vn 0.9755 0.1809 -0.1254
vn 0.9788 0.1922 -0.0708
vn 0.9793 0.2021 0.0080
vn 0.9921 0.1117 -0.0566
vn 0.9918 0.1268 -0.0159
vn 0.0003 0.9544 -0.2984
vn -0.0302 0.9790 -0.2016
vn 0.0002 0.7811 -0.6244
vn 0.0332 0.9809 -0.1915
vn -0.9993 -0.0252 0.0284
vn 0.9993 -0.0268 0.0278
vn -0.4220 -0.0239 -0.9063
vn -0.6848 0.1520 -0.7127
vn -0.3054 0.1723 -0.9365
vn 0.4258 -0.0275 -0.9044
vn 0.6393 0.1898 -0.7452
vn 0.3012 0.1652 -0.9391
vn -0.6629 -0.1410 0.7353
vn -0.7216 -0.1990 0.6631
vn -0.6849 -0.1890 0.7037
vn 0.6855 -0.1888 0.7031
vn 0.7201 -0.1988 0.6647
vn 0.6642 -0.1407 0.7342
vn -0.3529 0.1111 0.9290
vn 0.3583 0.1125 0.9268
vn 0.4614 0.6224 0.6322
vn 0.8457 0.3692 0.3854
vn 0.4809 0.3006 0.8236
vn 0.7164 0.6926 -0.0839
vn -0.4654 0.6140 0.6375
vn -0.3810 0.2890 0.8783
vn -0.8539 0.3698 0.3663
vn -0.7044 0.6967 -0.1357
vn -0.7211 0.2134 0.6592
vn -0.4310 0.4311 -0.7927
vn 0.7140 0.2126 0.6671
vn 0.4393 0.4612 -0.7709
vn 0.7833 -0.6087 0.1259
vn 0.8448 -0.4811 0.2343
vn 0.2095 -0.9770 -0.0388
vn -0.7848 -0.6092 0.1135
vn -0.8453 -0.4830 0.2285
vn -0.2067 -0.9776 -0.0392
vn -0.1277 0.1708 -0.9770
vn 0.1620 0.1575 -0.9742
vn -0.9310 -0.3616 -0.0502
vn 0.9309 -0.3648 -0.0168
vn 0.5926 -0.7869 -0.1721
vn 0.0185 -0.9955 0.0928
vn 0.0892 -0.9286 0.3603
vn -0.0935 -0.9277 0.3613
vn -0.0113 -0.9959 0.0902
vn -0.9532 0.2785 -0.1174
vn -0.6848 0.7170 -0.1303
vn 0.9680 0.2304 -0.0990
vn -0.0886 -0.9958 -0.0222
vn -0.1337 -0.9896 0.0522
vn -0.4484 -0.8924 -0.0515
vn -0.2417 -0.9700 0.0242
vn 0.1671 -0.9841 0.0602
vn 0.0711 -0.9971 -0.0268
vn 0.2337 -0.9723 0.0019
vn 0.4464 -0.8938 -0.0436
vn 0.9643 0.2163 -0.1525
vn 0.9355 0.2360 -0.2630
vn -0.9647 0.2178 -0.1483
vn -0.9363 0.2359 -0.2603
vn -0.5794 0.7402 -0.3412
vn -0.6219 0.4774 -0.6207
vn 0.5686 0.7485 -0.3414
vn 0.6157 0.4775 -0.6268
vn -0.3804 0.6339 0.6734
vn 0.3796 0.6346 0.6732
vn 0.9020 -0.2793 -0.3292
vn -0.9034 -0.2756 -0.3284
vn -0.4588 -0.8878 -0.0360
vn -0.6215 -0.5896 -0.5159
vn 0.4695 -0.8819 -0.0423
vn 0.6337 -0.5741 -0.5185
vn -0.9527 -0.1116 -0.2827
vn -0.6968 -0.1450 -0.7024
vn 0.9448 -0.1052 -0.3103
vn 0.8709 -0.3454 -0.3496
vn 0.8461 0.0866 -0.5259
vn 0.6824 -0.4459 -0.5792
vn -0.8443 0.0491 -0.5337
vn -0.9401 -0.3144 -0.1315
vn 0.7024 0.6676 0.2470
vn -0.7032 0.6656 0.2499
vn -0.8578 -0.4441 -0.2586
vn -0.3976 -0.6288 -0.6683
vn 0.8605 -0.4344 -0.2662
vn 0.4433 -0.5833 -0.6807
vn -0.9575 -0.2801 0.0683
vn -0.7667 -0.1903 0.6132
vn 0.9579 -0.2810 0.0590
vn 0.7813 -0.1851 0.5961
vn -0.8143 -0.2286 0.5335
vn -0.6396 0.0110 0.7687
vn -0.6295 0.0566 0.7750
vn 0.8146 -0.2266 0.5339
vn 0.6290 0.0119 0.7773
vn -0.3443 -0.9379 0.0422
vn 0.3459 -0.9372 0.0438
vn -0.4929 -0.3137 -0.8116
vn -0.3836 -0.9011 -0.2021
vn 0.3837 -0.9012 -0.2015
vn 0.0012 -0.7740 0.6332
vn -0.9936 0.0876 0.0706
vn 0.9934 0.0903 0.0709
vn -0.2798 0.9099 0.3063
vn -0.2245 0.9468 0.2305
vn -0.3107 0.9243 0.2218
vn 0.3103 0.9244 0.2217
vn 0.2246 0.9468 0.2306
vn 0.2798 0.9099 0.3062
vn -0.0014 -0.7873 -0.6166
vn -0.0020 -0.5042 -0.8636
vn 0.3645 -0.6978 -0.6166
vn 0.0005 -0.9388 -0.3445
vn 0.4608 -0.8379 -0.2926
vn 0.2955 -0.9544 -0.0431
vn -0.3687 -0.7078 -0.6026
vn -0.4557 -0.8411 -0.2913
vn -0.2944 -0.9551 -0.0340
vn -0.5842 -0.5529 -0.5941
vn 0.0830 -0.9306 -0.3566
vn 0.5674 -0.5232 -0.6359
vn -0.1125 -0.8840 -0.4537
vn 0.6710 -0.2707 -0.6903
vn -0.6898 -0.2443 -0.6816
vn -0.5172 -0.8463 0.1277
vn 0.1060 -0.9546 0.2783
vn 0.5117 -0.8494 0.1289
vn -0.0118 -0.9999 -0.0075
vn -0.5716 -0.5906 -0.5696
vn -0.3980 -0.5794 -0.7113
vn 0.5743 -0.5930 -0.5645
vn 0.3967 -0.5798 -0.7116
vn 0.8207 0.5712 -0.0134
vn 0.4931 0.8071 -0.3247
vn 0.5312 0.2910 -0.7957
vn -0.8195 0.5729 -0.0139
vn -0.5294 0.7987 -0.2861
vn -0.5269 0.2929 -0.7979
vn -0.8162 -0.3542 -0.4564
vn 0.8402 0.0713 -0.5376
vn 0.8890 0.2171 -0.4032
vn -0.8400 0.0705 -0.5379
vn -0.8904 0.2155 -0.4009
vn 0.3428 0.8660 0.3641
vn -0.4803 0.8749 -0.0620
vn -0.3353 0.8709 0.3594
vn 0.7600 -0.6201 0.1946
vn -0.7611 -0.6190 0.1939
vn -0.9501 0.2867 -0.1231
vn 0.9477 0.2874 -0.1384
vn 0.5121 -0.8085 0.2901
vn 0.2553 -0.9529 0.1635
vn 0.0024 -0.9171 0.3988
vn -0.2655 -0.9490 0.1701
vn -0.5049 -0.7991 0.3265
vn 0.0000 0.2694 -0.9630
vn 0.0006 0.0506 -0.9987
vn -0.0522 0.7728 0.6325
vn -0.1222 0.7728 0.6228
vn 0.1219 0.7731 0.6225
vn 0.0546 0.7715 0.6338
vn -0.2426 0.3379 0.9094
vn -0.2055 0.2945 0.9333
vn -0.1631 0.3585 0.9192
vn -0.2272 0.3876 0.8934
vn -0.1719 0.4162 0.8929
vn 0.1610 0.3593 0.9192
vn 0.2054 0.2946 0.9333
vn 0.2426 0.3380 0.9093
vn 0.1721 0.4165 0.8927
vn 0.2272 0.3874 0.8935
vn 0.8516 0.2745 -0.4465
vn -0.8443 0.2762 -0.4592
vn -0.0002 0.3238 -0.9461
vn 0.0004 0.0154 -0.9999
vn -0.8444 -0.4411 -0.3041
vn 0.8348 -0.4554 -0.3094
vn 0.8651 -0.2758 0.4190
vn -0.8704 -0.2713 0.4110
vn -0.4932 -0.5177 0.6991
vn -0.4389 -0.8556 0.2744
vn 0.4780 -0.5121 0.7136
vn 0.4587 -0.8437 0.2787
vn 0.5818 -0.8076 0.0961
vn 0.1092 -0.4629 -0.8797
vn 0.0439 -0.4700 -0.8816
vn 0.0349 -0.6065 -0.7943
vn -0.1068 -0.4618 -0.8805
vn -0.0393 -0.4691 -0.8823
vn -0.0110 -0.6399 -0.7684
vn 0.0080 -0.8151 -0.5793
vn -0.0013 -0.8161 -0.5779
vn 0.1203 0.6577 -0.7436
vn -0.5426 0.7845 0.3002
vn 0.5466 0.7819 0.2997
vn 0.2556 0.9668 -0.0026
vn -0.2357 0.9718 0.0020
vn -0.9878 -0.1503 -0.0402
vn -0.9707 0.0120 0.2401
vn -0.9966 0.0015 -0.0826
vn 0.9881 -0.1484 -0.0395
vn 0.9968 0.0104 -0.0795
vn 0.9683 0.0094 0.2496
vn -0.4158 0.3639 -0.8335
vn 0.6457 -0.5892 0.4857
vn 0.4287 0.3585 -0.8293
vn -0.6729 -0.6624 0.3293
vn -0.4443 -0.5629 0.6970
vn 0.4443 -0.5665 0.6940
vn -0.8928 0.2825 0.3509
vn 0.8968 0.2766 0.3454
vn 0.7392 -0.3352 0.5842
vn 0.8775 -0.0294 0.4787
vn -0.8785 0.0325 0.4766
vn 0.9367 -0.2079 0.2816
vn 0.9484 0.1462 0.2812
vn 0.9862 -0.0959 0.1349
vn -0.9457 0.1572 0.2846
vn -0.9351 -0.2037 0.2899
vn -0.9866 -0.0883 0.1374
vn 0.0002 -0.6668 0.7453
vn 0.0000 0.7803 0.6254
vn 0.0001 -0.0568 -0.9984
vn 0.0000 -0.1168 -0.9932
vn 0.2134 0.0562 -0.9754
vn -0.2127 0.0576 -0.9754
vn -0.4666 -0.1893 0.8639
vn -0.5151 -0.1056 0.8506
vn 0.5111 -0.1076 0.8528
vn 0.4683 -0.1894 0.8631
vn -0.3800 0.3377 0.8611
vn -0.4781 0.3783 0.7927
vn 0.3799 0.3377 0.8612
vn 0.4783 0.3783 0.7925
vn -0.1874 0.8333 -0.5201
vn -0.2901 0.7525 0.5913
vn 0.2779 0.8389 -0.4679
vn -0.9507 -0.1873 -0.2471
vn -0.9509 -0.3089 -0.0187
vn -0.9049 -0.3311 -0.2675
vn 0.9523 -0.3049 -0.0138
vn 0.9398 -0.1603 -0.3018
vn 0.9156 -0.3326 -0.2260
vn 0.1974 0.0538 -0.9788
vn 0.0450 0.0067 -0.9990
vn -0.1981 0.0535 -0.9787
vn -0.0435 0.0054 -0.9990
vn 0.1534 -0.3149 0.9367
vn 0.4083 -0.4622 0.7872
vn -0.1327 -0.3035 0.9436
vn -0.4040 -0.4763 0.7810
vn -0.0679 0.8403 -0.5379
vn 0.0682 0.8402 -0.5380
vn -0.6567 0.3340 0.6762
vn 0.6618 0.2821 0.6946
vn -0.9937 0.0262 0.1088
vn -0.5320 0.8362 -0.1332
vn 0.5094 0.8524 -0.1182
vn -0.9558 -0.1189 0.2687
vn 0.9558 -0.1226 0.2671
vn 0.9084 0.3718 0.1912
vn -0.9065 0.3754 0.1933
vn 0.7570 0.2210 -0.6150
vn 0.6059 0.2933 -0.7395
vn 0.8191 0.3352 -0.4656
vn -0.7586 0.2216 -0.6127
vn -0.6146 0.2949 -0.7317
vn -0.8207 0.3351 -0.4627
vn -0.1396 -0.3915 -0.9095
vn 0.1508 -0.3815 -0.9120
vn 0.7510 -0.1425 0.6447
vn 0.0057 -0.3990 0.9169
vn 0.2884 -0.7372 0.6110
vn -0.0085 -0.4004 0.9163
vn -0.2926 -0.7362 0.6102
vn -0.7051 -0.6530 0.2764
vn -0.9358 -0.2746 0.2213
vn -0.3782 -0.8778 0.2939
vn -0.8649 -0.4960 0.0766
vn 0.9388 -0.2636 0.2218
vn 0.6923 -0.6643 0.2820
vn 0.3155 -0.8797 0.3557
vn -0.5324 0.7091 0.4623
vn -0.3606 0.7441 0.5624
vn 0.5325 0.7091 0.4622
vn 0.3609 0.7439 0.5624
vn 0.8546 -0.0004 -0.5193
vn 0.5416 0.2969 -0.7865
vn -0.8539 -0.0185 -0.5201
vn -0.5467 0.3011 -0.7813
vn 0.4646 0.8816 -0.0839
vn -0.5209 0.5570 0.6469
vn -0.0045 0.7858 0.6184
vn -0.7984 0.6018 0.0189
vn -0.7480 0.6584 0.0835
vn 0.7980 0.6023 0.0194
vn 0.7475 0.6590 0.0839
vn -0.3327 -0.9369 0.1072
vn 0.3263 -0.9384 0.1137
vn 0.6847 -0.7288 0.0084
vn -0.9097 -0.2114 -0.3575
vn 0.9072 -0.2149 -0.3617
vn -0.9405 -0.1911 0.2808
vn 0.9410 -0.1897 0.2803
vn -0.5486 0.0401 0.8351
vn 0.5403 0.0387 0.8406
vn 0.0000 -0.7001 0.7141
vn 0.0001 -0.7829 0.6221
vn -0.8129 0.1865 0.5517
vn -0.8572 0.0740 0.5096
vn 0.8141 0.1834 0.5511
vn 0.8574 0.0716 0.5096
vn -0.9941 0.0099 0.1081
vn 0.9947 0.0107 0.1025
vn 0.7193 -0.3292 0.6118
vn -0.7316 -0.3608 0.5784
vn -0.4499 -0.3775 0.8094
vn 0.4509 -0.3653 0.8144
vn 0.3082 0.7630 -0.5681
vn 0.7296 0.6555 -0.1949
vn -0.7251 0.6551 -0.2125
vn -0.2280 0.8938 0.3862
vn 0.2280 0.8938 0.3861
vn -0.8355 -0.4884 0.2520
vn 0.8351 -0.4906 0.2490
vn 0.7016 0.6921 -0.1696
vn -0.7018 0.6897 -0.1781
vn -0.8921 -0.4348 -0.1224
vn 0.8906 -0.4386 -0.1203
vn -0.9557 0.2717 -0.1137
vn -0.9800 -0.1991 0.0002
vn 0.9519 0.2867 -0.1081
vn 0.9779 -0.2071 0.0304
vn -0.8318 0.3115 -0.4595
vn -0.8163 0.5364 0.2144
vn -0.8020 0.5237 0.2873
vn -0.8659 0.4408 0.2365
vn 0.8337 0.3131 -0.4550
vn 0.8074 0.5491 0.2161
vn 0.8632 0.4447 0.2389
vn 0.8011 0.5256 0.2863
vn -0.9812 -0.0972 -0.1665
vn 0.9776 -0.0998 -0.1854
vn -0.2071 0.4839 0.8503
vn 0.2071 0.4842 0.8501
vn -0.6275 0.7739 0.0861
vn -0.8502 0.2635 0.4557
vn 0.6243 0.7753 0.0956
vn 0.8556 0.2562 0.4497
vn 0.1834 -0.0146 -0.9829
vn 0.3213 0.0225 -0.9467
vn -0.1805 -0.0168 -0.9834
vn -0.3195 0.0190 -0.9474
vn -0.1250 0.9674 -0.2201
vn 0.1255 0.9674 -0.2200
vn -0.9801 0.1732 0.0976
vn -0.8285 0.5343 0.1675
vn 0.9824 0.1775 0.0591
vn 0.8355 0.5299 0.1457
vn -0.7584 -0.5431 0.3604
vn 0.7586 -0.5428 0.3604
vn -0.6341 -0.4063 0.6579
vn 0.6254 -0.4048 0.6671
vn 0.8883 0.3496 0.2977
vn -0.8873 0.3516 0.2983
vn -0.2846 -0.8798 -0.3806
vn -0.2938 -0.8804 -0.3722
vn -0.5005 -0.8242 -0.2649
vn 0.2972 -0.8730 -0.3867
vn 0.4803 -0.8373 -0.2612
vn 0.2912 -0.8764 -0.3836
vn -0.8028 0.5912 0.0782
vn -0.9669 0.2124 0.1415
vn -0.9767 0.0535 0.2081
vn -0.9576 0.0440 0.2846
vn 0.8206 0.5688 0.0553
vn 0.9576 0.2413 0.1575
vn 0.9770 0.0702 0.2014
vn 0.9648 0.2150 0.1515
vn -0.9317 -0.3613 -0.0388
vn -0.8586 -0.4680 0.2091
vn 0.9296 -0.3654 -0.0473
vn 0.8582 -0.4709 0.2044
vn -0.7288 -0.5452 0.4143
vn 0.7265 -0.5492 0.4131
vn -0.7352 -0.6748 0.0641
vn 0.7352 -0.6748 0.0644
vn 0.9110 0.0029 0.4125
vn 0.4983 -0.0573 0.8651
vn -0.2290 0.5229 0.8210
vn -0.6102 -0.1173 0.7835
vn 0.1806 0.2848 0.9414
vn 0.2349 0.5306 0.8144
vn 0.2766 0.9599 0.0458
vn -0.2790 0.9592 0.0461
vn 0.1107 0.1806 0.9773
vn -0.1215 0.1864 0.9749
vn -0.2306 -0.0759 -0.9701
vn -0.6113 -0.2550 -0.7492
vn 0.6156 -0.2525 -0.7465
vn 0.2615 -0.0976 -0.9603
vn 0.0762 -0.8759 0.4765
vn 0.0871 -0.9180 0.3869
vn -0.0869 -0.9180 0.3869
vn -0.0759 -0.8761 0.4762
vn -0.9428 0.2948 -0.1557
vn 0.9425 0.2993 -0.1488
vn -0.9299 -0.0379 0.3659
vn -0.8826 -0.0287 0.4692
vn -0.2538 0.1498 -0.9556
vn 0.2525 0.1480 -0.9562
vn -0.5138 -0.3545 -0.7812
vn 0.5183 -0.3726 -0.7697
vn -0.3731 -0.9278 -0.0014
vn -0.9775 0.2092 0.0271
vn 0.9769 0.2102 0.0394
vn -0.9769 0.0754 -0.1998
vn 0.9773 0.0644 -0.2019
vn -0.5550 0.0234 -0.8315
vn -0.3686 0.0585 -0.9277
vn 0.5556 0.0236 -0.8311
vn 0.3674 0.0578 -0.9283
vn -0.3060 0.0546 -0.9505
vn -0.7185 -0.5093 -0.4737
vn 0.3088 0.0483 -0.9499
vn 0.7197 -0.5019 -0.4798
vn -0.8160 0.2724 -0.5099
vn -0.8324 0.3118 -0.4582
vn 0.8156 0.2726 -0.5103
vn 0.8327 0.3116 -0.4576
vn -0.2557 -0.1577 0.9538
vn 0.2475 -0.1508 0.9571
vn -0.0002 -0.6238 0.7816
vn -0.7870 0.6038 -0.1269
vn 0.7872 0.6036 -0.1267
vn -0.1073 -0.3539 -0.9291
vn 0.0803 -0.2277 -0.9704
vn 0.1050 -0.3553 -0.9288
vn -0.0823 -0.2285 -0.9701
vn -0.0203 -0.1561 -0.9875
vn 0.0202 -0.1562 -0.9875
vn -0.6748 0.7019 -0.2280
vn -0.5759 0.7899 -0.2106
vn -0.6451 0.7042 -0.2966
vn 0.6429 0.7052 -0.2989
vn 0.5764 0.7897 -0.2101
vn 0.6759 0.7011 -0.2272
vn 0.4250 -0.8016 -0.4204
vn -0.4257 -0.8026 -0.4178
vn -0.5897 -0.4321 0.6823
vn 0.5902 -0.4334 0.6810
vn -0.9036 -0.4250 -0.0535
vn 0.8963 -0.4403 -0.0531
vn 0.0006 0.4267 0.9044
vn -0.2518 -0.9580 0.1374
vn 0.0003 -0.9448 0.3278
vn 0.2513 -0.9580 0.1380
vn 0.0004 -1.0000 -0.0078
vn -0.7541 -0.0645 -0.6536
vn -0.4798 -0.8221 -0.3064
vn -0.6482 -0.7550 0.0990
vn 0.4853 -0.8172 -0.3111
vn 0.6403 -0.7635 0.0845
vn -0.6590 0.2191 -0.7195
vn -0.6200 0.0833 -0.7802
vn 0.6585 0.2270 -0.7175
vn 0.6173 0.0815 -0.7825
vn -0.5343 -0.4449 -0.7188
vn 0.5285 -0.4476 -0.7213
vn 0.5686 0.8173 -0.0940
vn -0.5667 0.8179 -0.0993
vn -0.4592 0.8847 -0.0798
vn -0.0192 0.7867 0.6170
vn 0.4901 0.5652 0.6636
vn -0.0412 -0.9951 0.0895
vn 0.0417 -0.9950 0.0912
vn -0.7052 -0.7079 0.0393
vn 0.7055 -0.7080 0.0329
vn -0.6687 -0.3213 -0.6706
vn 0.6687 -0.3199 -0.6712
vn -0.9953 -0.0821 -0.0517
vn -0.9857 -0.1529 -0.0705
vn -0.9604 -0.2322 -0.1542
vn 0.9954 -0.0805 -0.0524
vn 0.9607 -0.2312 -0.1539
vn 0.9860 -0.1505 -0.0714
vn 0.4272 -0.8147 0.3921
vn -0.4336 -0.8130 0.3885
vn 0.0818 0.6692 -0.7386
vn -0.1200 -0.9584 0.2588
vn 0.1219 -0.9580 0.2595
vn -0.3718 -0.0458 0.9272
vn -0.3405 -0.0965 0.9353
vn 0.3411 -0.0962 0.9351
vn 0.3722 -0.0458 0.9270
vn 0.0816 -0.9879 0.1321
vn -0.0257 -0.9555 0.2939
vn 0.0249 -0.9560 0.2923
vn -0.0802 -0.9884 0.1293
vn -0.8363 0.0083 -0.5482
vn 0.8053 0.0265 -0.5922
vn -0.3464 -0.1514 0.9258
vn 0.3426 -0.1499 0.9275
vn -0.7163 -0.2797 -0.6393
vn -0.9979 -0.0625 0.0180
vn -0.9898 -0.0672 0.1258
vn 0.9978 -0.0637 0.0182
vn 0.9900 -0.0649 0.1256
vn -0.5742 -0.8169 0.0548
vn -0.6233 -0.7698 0.1374
vn -0.6522 -0.7010 -0.2886
vn -0.6512 -0.7387 -0.1738
vn 0.5730 -0.8166 0.0698
vn 0.6514 -0.7376 -0.1778
vn 0.5497 -0.8051 -0.2229
vn 0.6543 -0.7019 -0.2815
vn 0.0136 -0.9985 0.0527
vn -0.0248 -0.9986 0.0476
vn 0.9737 -0.0403 -0.2244
vn 0.8178 -0.0113 0.5754
vn 0.5285 -0.1247 0.8397
vn -0.7692 0.1061 0.6301
vn -0.9985 -0.0292 -0.0472
vn -0.2416 -0.1544 0.9580
vn -0.0921 -0.1833 0.9787
vn -0.2058 -0.1692 0.9638
vn 0.2450 -0.1540 0.9572
vn 0.2055 -0.1696 0.9638
vn 0.0918 -0.1835 0.9787
vn 0.8646 -0.4464 0.2305
vn -0.8657 -0.4452 0.2290
vn -0.7321 -0.6518 0.1979
vn 0.7320 -0.6523 0.1965
vn -0.9842 0.1721 0.0405
vn -0.8996 0.2313 -0.3704
vn 0.9844 0.1726 0.0342
vn 0.9016 0.2275 -0.3679
vn 0.0017 0.8538 -0.5207
vn -0.0012 -0.9991 0.0418
vn -0.6739 0.0201 0.7385
vn 0.6738 0.0237 0.7385
vn 0.3158 -0.6479 0.6932
vn -0.3430 -0.6448 0.6831
vn -0.4405 0.8915 0.1058
vn 0.4404 0.8916 0.1055
vn -0.0754 0.6742 -0.7347
vn -0.8173 0.4281 -0.3855
vn -0.8260 0.3896 -0.4074
vn 0.8174 0.4280 -0.3855
vn 0.8261 0.3894 -0.4074
vn -0.7758 -0.5238 0.3517
vn 0.7747 -0.5243 0.3535
vn -0.1428 -0.1760 -0.9740
vn -0.7828 -0.5369 -0.3147
vn -0.8970 -0.3903 -0.2077
vn 0.7832 -0.5377 -0.3122
vn 0.8989 -0.3871 -0.2054
vn 0.8495 0.4322 -0.3027
vn -0.8554 0.4415 -0.2709
vn -0.7136 -0.7005 -0.0056
vn 0.7856 -0.6137 -0.0792
vn 0.2368 -0.1359 0.9620
vn -0.2410 -0.1385 0.9606
vn -0.0000 -0.1304 0.9915
vn 0.0001 -0.0911 0.9958
vn -0.9878 0.0788 -0.1346
vn 0.9811 0.0926 -0.1698
vn -0.3675 -0.4630 0.8066
vn 0.3673 -0.4631 0.8066
vn 0.6869 0.7198 -0.1003
vn -0.6689 0.7381 -0.0881
vn -0.2241 0.9663 0.1269
vn 0.2233 0.9667 0.1254
vn 0.0973 -0.9130 -0.3962
vn 0.5419 -0.5653 -0.6219
vn -0.5695 -0.5619 -0.6000
vn -0.9613 -0.1323 -0.2415
vn 0.9591 -0.1340 -0.2493
vn -0.9761 0.0296 0.2153
vn -0.9883 -0.1514 0.0187
vn 0.9774 0.0243 0.2101
vn 0.9875 -0.1570 0.0135
vn 0.0358 0.5450 -0.8377
vn -0.0314 0.5473 -0.8364
vn -0.4652 -0.8371 -0.2879
vn 0.4664 -0.8363 -0.2883
vn -0.2194 0.9701 0.1035
vn 0.2199 0.9699 0.1046
vn -0.9229 -0.3004 -0.2408
vn -0.9673 -0.2530 -0.0178
vn -0.9404 -0.3324 0.0712
vn 0.9252 -0.2852 -0.2504
vn 0.9447 -0.3212 0.0667
vn 0.9691 -0.2461 -0.0193
vn -0.9962 0.0434 0.0753
vn 0.9976 -0.0103 0.0679
vn -0.3660 -0.1324 -0.9212
vn 0.3691 -0.1339 -0.9197
vn -0.1959 0.5981 -0.7771
vn -0.6864 0.4355 0.5824
vn 0.6564 0.4482 0.6068
vn -0.3646 0.1582 0.9176
vn 0.3637 0.1584 0.9179
vn -0.7525 -0.6202 0.2215
vn -0.6616 -0.6379 0.3941
vn 0.7498 -0.6207 0.2291
vn 0.6587 -0.6420 0.3924
vn -0.9594 0.1045 0.2621
vn 0.9484 0.1017 0.3003
vn -0.4126 -0.8014 -0.4331
vn 0.4207 -0.8131 -0.4024
vn 0.0852 -0.9860 0.1433
vn -0.0770 -0.9865 0.1444
vn 0.0272 0.9995 0.0186
vn -0.0013 0.9995 0.0312
vn -0.0264 0.9995 0.0174
vn -0.6645 -0.0129 0.7472
vn 0.6486 0.0024 0.7612
vn -0.6598 -0.7504 0.0387
vn 0.6642 -0.7472 0.0217
vn 0.7966 0.3441 0.4970
vn -0.7961 0.3460 0.4965
vn 0.5913 0.3729 -0.7151
vn -0.8986 -0.3040 -0.3166
vn 0.8977 -0.3073 -0.3156
vn -0.0462 -0.6521 -0.7567
vn 0.0509 -0.6536 -0.7551
vn 0.9233 -0.3773 0.0721
vn -0.9165 -0.3877 -0.0988
vn 0.1190 0.4929 0.8619
vn -0.1572 0.3069 0.9387
vn 0.1661 0.3089 0.9365
vn -0.1388 0.4751 0.8689
vn 0.1107 -0.5997 -0.7926
vn -0.1058 -0.6001 -0.7929
vn 0.4463 -0.7743 -0.4487
vn -0.4454 -0.8014 -0.3993
vn -0.7144 -0.1488 0.6837
vn 0.7176 -0.1515 0.6798
vn -0.9068 -0.3234 -0.2704
vn 0.9156 -0.3177 -0.2464
vn -0.7389 -0.1427 0.6585
vn 0.7396 -0.1422 0.6579
vn -0.1978 0.5076 -0.8385
vn 0.2822 0.3935 -0.8750
vn -0.1507 0.3218 -0.9347
vn 0.1977 0.5073 -0.8388
vn 0.1561 0.3195 -0.9347
vn -0.2840 0.3994 -0.8717
vn 0.9519 0.2431 -0.1864
vn -0.9551 0.2541 -0.1521
vn -0.5444 0.0894 -0.8341
vn 0.5409 0.0837 -0.8369
vn 0.1592 0.5835 0.7964
vn 0.0258 0.7233 0.6900
vn 0.0042 0.6595 0.7517
vn -0.1515 0.6070 0.7801
vn 0.0145 0.6822 0.7310
vn -0.5438 -0.8391 -0.0167
vn 0.5460 -0.8377 -0.0105
vn 0.4042 -0.8897 -0.2121
vn -0.2805 -0.5000 -0.8194
vn -0.4825 -0.8747 -0.0462
vn -0.0244 0.9993 -0.0298
vn -0.0292 0.9986 -0.0432
vn 0.2634 -0.9292 0.2594
vn 0.0009 -0.9635 0.2678
vn -0.0012 -0.9997 -0.0238
vn -0.2548 -0.9309 0.2617
vn 0.9414 0.1423 0.3059
vn 0.8830 0.2749 0.3804
vn -0.8744 0.3120 0.3716
vn -0.9453 0.1067 0.3082
vn -0.9873 0.1588 -0.0034
vn 0.9888 0.1489 0.0073
vn 0.1965 -0.0730 -0.9778
vn -0.1974 -0.0730 -0.9776
vn 0.3067 0.7364 0.6030
vn -0.2895 0.7411 0.6058
vn -0.7095 -0.5729 0.4105
vn 0.7065 -0.5746 0.4132
vn 0.6180 0.0694 0.7831
vn 0.2103 -0.1700 -0.9628
vn -0.2106 -0.1695 -0.9628
vn -0.6258 -0.7174 0.3060
vn 0.6315 -0.7131 0.3046
vn -0.7559 -0.4845 -0.4402
vn -0.7327 -0.4170 0.5378
vn 0.7396 -0.4392 0.5100
vn -0.6657 -0.6260 -0.4061
vn 0.6627 -0.6301 -0.4046
vn 0.0012 -0.9711 -0.2387
vn -0.1135 0.1394 -0.9837
vn -0.0731 0.2501 -0.9655
vn 0.1129 0.1396 -0.9838
vn 0.0699 0.2524 -0.9651
vn 0.0007 -0.9342 0.3567
vn -0.0034 -0.7017 0.7124
vn 0.0003 -0.8458 0.5335
vn -0.1072 0.1598 -0.9813
vn 0.1043 0.1757 -0.9789
vn -0.8091 0.3790 -0.4490
vn 0.8091 0.3791 -0.4490
vn -0.9361 -0.2376 0.2595
vn 0.9504 -0.2102 0.2290
vn 0.7478 0.5184 -0.4148
vn -0.7632 0.5061 -0.4018
vn -0.6625 0.1451 -0.7349
vn -0.9972 0.0717 0.0199
vn 0.9975 0.0688 0.0158
vn 0.6986 -0.4706 0.5389
vn -0.7018 -0.4373 0.5624
vn -0.1844 -0.8966 0.4025
vn 0.1848 -0.8963 0.4030
vn -0.5851 0.7646 0.2703
vn 0.5744 0.7735 0.2681
vn 0.1424 0.3499 -0.9259
vn 0.1970 0.3325 -0.9223
vn 0.2336 0.2909 -0.9278
vn -0.1558 0.3498 -0.9238
vn -0.1016 0.3356 -0.9365
vn -0.9415 0.2978 -0.1578
vn -0.2724 0.2922 -0.9167
vn -0.7121 0.2275 0.6642
vn 0.7112 0.2271 0.6653
vn -0.2237 -0.4964 -0.8388
vn 0.0004 -1.0000 -0.0074
vn -0.1153 -0.9822 0.1480
vn 0.1161 -0.9818 0.1505
vn 0.9297 -0.2277 0.2895
vn -0.9313 -0.2302 0.2824
vn -0.9792 0.1184 0.1647
vn 0.9797 0.1177 0.1623
vn -0.5284 0.2715 -0.8044
vn 0.5452 0.2732 -0.7925
vn 0.5620 -0.7745 -0.2903
vn -0.8828 0.4592 0.0992
vn 0.8822 0.4602 0.0995
vn -0.8680 0.0356 -0.4953
vn 0.8817 0.0478 -0.4693
vn 0.9961 -0.0789 -0.0397
vn -0.8136 -0.0817 -0.5757
vn 0.8104 -0.0778 -0.5807
vn -0.3473 0.2318 -0.9087
vn 0.3467 0.2294 -0.9095
vn -0.2682 0.0935 -0.9588
vn 0.2732 0.0924 -0.9575
vn 0.2232 -0.0872 -0.9709
vn -0.1603 -0.1393 -0.9772
vn 0.2845 0.9578 0.0410
vn -0.3045 0.9507 0.0577
vn -0.1825 0.0859 -0.9794
vn 0.1839 0.0866 -0.9791
vn -0.9316 0.2589 -0.2551
vn 0.9322 0.2611 -0.2508
vn 0.0532 -0.8274 -0.5591
vn -0.0666 -0.8255 -0.5605
vn -0.8987 -0.3895 0.2018
vn 0.9007 -0.3868 0.1978
vn -0.9655 -0.0687 -0.2512
vn 0.9646 -0.0651 -0.2556
vn -0.6759 0.6337 0.3762
vn -0.4078 0.9011 0.1471
vn 0.4158 0.8987 0.1394
vn 0.6985 0.6218 0.3542
vn 0.0643 0.9979 -0.0107
vn -0.0642 0.9979 -0.0103
vn -0.0001 0.9662 -0.2577
vn -0.0001 0.9357 -0.3529
vn -0.5751 0.1243 0.8086
vn 0.5743 0.1268 0.8088
vn 0.4762 0.8732 -0.1033
vn 0.9415 0.3001 -0.1531
vn -0.4076 0.8250 0.3914
vn -0.0443 0.9836 0.1747
vn -0.0680 0.9470 0.3139
vn -0.0592 0.8546 -0.5159
vn 0.0600 0.8554 -0.5145
vn -0.2232 -0.6389 -0.7362
vn 0.2364 -0.6404 -0.7307
vn -0.8535 0.2256 -0.4697
vn -0.8740 0.2515 -0.4158
vn 0.8741 0.2515 -0.4157
vn 0.8540 0.2277 -0.4679
vn -0.4523 0.8828 0.1268
vn 0.4522 0.8828 0.1270
vn 0.0000 -0.3879 0.9217
vn -0.0000 -0.3197 0.9475
vn -0.9262 -0.3234 -0.1937
vn 0.9264 -0.3241 -0.1919
vn -0.7968 0.1660 0.5810
vn 0.8191 0.1750 0.5463
vn -0.0016 0.9983 -0.0577
vn -0.9986 0.0505 0.0123
vn 0.9987 0.0508 0.0089
vn -0.3778 -0.1279 -0.9170
vn 0.3779 -0.1284 -0.9169
vn 0.2168 0.2686 0.9385
vn -0.2235 0.2641 0.9382
vn -0.0575 -0.9855 0.1594
vn 0.0606 -0.9872 0.1478
vn -0.7689 -0.3182 0.5545
vn 0.7680 -0.3188 0.5554
vn 0.0001 -0.9019 0.4320
vn -0.0001 -0.9398 0.3418
vn -0.7989 -0.1494 0.5826
vn 0.7991 -0.1517 0.5818
vn -0.9933 -0.1152 -0.0107
vn 0.9938 -0.1102 -0.0144
vn 0.1824 -0.0130 0.9831
vn -0.9529 -0.3011 -0.0378
vn 0.9544 -0.2968 -0.0316
vn -0.0017 -0.5962 0.8029
vn -0.6093 0.5794 0.5413
vn 0.6099 0.5795 0.5407
vn -0.9335 0.2412 -0.2652
vn 0.9287 0.2471 -0.2763
vn -0.0003 0.2054 -0.9787
vn -0.9339 -0.2997 0.1951
vn -0.9553 -0.2603 0.1400
vn 0.9344 -0.3004 0.1912
vn 0.9044 -0.4104 0.1165
vn -0.7163 -0.5773 -0.3920
vn 0.7145 -0.5752 -0.3982
vn 0.9162 -0.4006 -0.0028
vn -0.0680 -0.7309 -0.6791
vn 0.0555 -0.7221 -0.6896
vn -0.0028 -0.8603 0.5098
vn -0.0349 -0.8629 0.5041
vn 0.0925 0.5779 0.8108
vn -0.0897 0.6275 0.7734
vn -0.3132 -0.2257 0.9225
vn 0.3136 -0.2263 0.9222
vn -0.0464 -0.3770 0.9250
vn 0.0396 -0.3810 0.9237
vn -0.1282 0.6640 -0.7367
vn -0.4629 -0.8387 -0.2870
vn 0.4496 -0.7863 -0.4239
vn -0.0000 0.5584 0.8296
vn -0.1786 -0.5431 -0.8204
vn 0.1708 -0.5061 -0.8454
vn -0.0074 -0.4760 -0.8794
vn -0.3480 0.0557 -0.9358
vn -0.0000 0.2418 0.9703
vn 0.7638 -0.4683 -0.4441
vn -0.0005 -0.9931 0.1172
vn 0.0001 0.9884 -0.1520
vn 0.0031 -0.1178 -0.9930
vn -0.0040 -0.3406 -0.9402
vn 0.0026 0.1714 -0.9852
vn 0.1674 -0.9626 0.2129
vn -0.1449 -0.9699 0.1954
vn -0.7985 -0.6020 0.0009
vn 0.7943 -0.6075 -0.0109
vn 0.0000 0.8660 -0.5000
vn 0.4247 0.8399 0.3379
vn -0.8284 -0.4575 -0.3232
vn 0.8294 -0.4320 -0.3543
vn -0.0002 0.1648 -0.9863
vn -0.8881 0.1314 -0.4405
vn 0.8893 0.1272 -0.4394
vn -0.6317 0.6251 0.4584
vn 0.6321 0.6235 0.4601
vn 0.2853 0.2422 0.9273
vn -0.2839 0.2415 0.9279
vn -0.0013 -0.2133 -0.9770
vn 0.0001 -0.9354 0.3536
vn -0.6355 0.5057 0.5835
vn -0.7062 0.4132 0.5749
vn -0.6509 0.3857 0.6539
vn 0.6993 0.4186 0.5795
vn 0.6303 0.5082 0.5869
vn 0.6429 0.3931 0.6574
vn 0.2425 0.2170 -0.9456
vn -0.2421 0.2165 -0.9458
vn 0.0008 -0.1540 -0.9881
vn -0.6657 0.7226 0.1863
vn 0.6496 0.7361 0.1900
vn -0.2921 -0.3184 0.9018
vn 0.2918 -0.3154 0.9030
vn -0.0001 -0.2540 0.9672
vn -0.6697 -0.7286 0.1437
vn 0.6707 -0.7271 0.1464
vn -0.7850 -0.4475 0.4284
vn 0.7848 -0.4480 0.4282
vn 0.0001 -0.9903 -0.1393
vn -0.2736 -0.7632 -0.5854
vn 0.3352 -0.7997 -0.4981
vn -0.8089 -0.4276 -0.4036
vn -0.0001 -0.0408 0.9992
vn -0.0000 0.0660 0.9978
vn -0.0000 0.1758 0.9844
vn -0.0007 0.8993 -0.4374
vn -0.0001 -0.1896 0.9819
vn -0.0001 -0.8629 0.5053
vn -0.0000 -0.8341 0.5516
vn 0.5352 0.5624 0.6303
vn 0.0915 0.9362 0.3394
vn -0.0724 0.9346 0.3483
vn -0.5062 0.5872 0.6316
vn 0.0000 -0.2113 -0.9774
vn 0.0000 -0.5866 0.8099
vn 0.0016 -0.3518 -0.9361
vn 0.0004 0.4364 -0.8998
vn -0.0000 0.9957 0.0929
vn -0.0001 -0.9958 -0.0912
vn 0.0001 0.8999 0.4362
vn -0.0010 -0.9850 0.1723
usemtl Humanskull
s 1
f 1//1 2//2 3//3
f 4//4 5//5 6//6
f 7//7 8//8 9//9
f 10//10 11//11 12//12
f 13//13 14//14 15//15
f 16//16 17//17 18//18
f 19//19 20//20 21//21
f 22//22 23//23 24//24
f 25//25 26//26 27//27
f 28//28 29//29 30//30
f 31//31 32//32 33//33
f 34//34 35//35 36//36
f 32//32 37//37 38//38
f 35//35 39//39 40//40
f 41//41 42//42 43//43
f 44//44 45//45 46//46
f 47//47 48//48 49//49
f 50//50 51//51 52//52
f 53//53 54//54 55//55
f 56//56 57//57 58//58
f 59//59 60//60 61//61
f 62//62 63//63 64//64
f 65//65 66//66 67//67
f 68//68 69//69 70//70
f 71//71 72//72 73//73
f 43//43 74//74 75//75
f 46//46 76//76 77//77
f 78//78 79//79 80//80
f 71//71 73//73 81//81
f 78//78 82//82 79//79
f 83//83 84//84 85//85
f 86//86 87//87 88//88
f 89//89 90//90 91//91
f 83//83 92//92 84//84
f 93//93 94//94 95//95
f 96//96 97//97 98//98
f 99//99 100//100 101//101
f 102//102 103//103 104//104
f 105//105 106//106 107//107
f 108//108 109//109 110//110
f 111//111 112//112 113//113
f 114//114 95//95 94//94
f 115//115 116//116 103//103
f 117//117 118//118 105//105
f 119//119 120//120 121//121
f 122//122 123//123 124//124
f 125//125 126//126 127//127
f 128//128 129//129 130//130
f 119//119 131//131 120//120
f 132//132 122//122 124//124
f 133//133 134//134 135//135
f 136//136 137//137 138//138
f 139//139 140//140 141//141
f 141//141 140//140 142//142
f 143//143 144//144 145//145
f 146//146 147//147 148//148
f 149//149 150//150 151//151
f 152//152 153//153 154//154
f 155//155 156//156 157//157
f 158//158 159//159 160//160
f 161//161 162//162 163//163
f 164//164 165//165 166//166
f 167//167 168//168 169//169
f 170//170 171//171 172//172
f 173//173 174//174 175//175
f 176//176 177//177 178//178
f 179//179 180//180 181//181
f 182//182 183//183 184//184
f 185//185 186//186 187//187
f 188//188 189//189 190//190
f 191//191 192//192 193//193
f 193//193 194//194 195//195
f 196//196 197//197 198//198
f 198//198 197//197 199//199
f 200//200 199//201 197//202
f 200//200 201//203 199//201
f 202//204 203//205 204//206
f 202//204 205//207 203//205
f 192//192 205//208 193//193
f 194//194 193//193 206//209
f 207//210 204//211 208//212
f 191//191 209//213 192//192
f 191//191 210//214 209//213
f 211//215 195//195 194//194
f 211//215 212//216 195//195
f 213//217 197//197 196//196
f 214//218 215//219 216//220
f 213//217 199//199 197//197
f 201//203 197//202 199//201
f 201//203 200//200 197//202
f 200//221 201//221 217//221
f 198//198 199//199 213//217
f 200//222 218//222 217//222
f 219//223 218//223 217//223
f 219//224 220//224 221//224
f 222//225 221//226 220//227
f 222//225 223//228 221//226
f 224//229 205//207 202//204
f 224//230 193//193 205//208
f 206//209 193//193 225//231
f 206//232 226//233 227//234
f 206//232 225//235 226//233
f 228//236 204//211 207//210
f 228//236 202//204 204//206
f 203//205 205//207 224//237
f 205//208 192//192 224//238
f 194//194 206//209 225//231
f 229//239 226//239 227//239
f 208//212 204//211 228//240
f 228//240 204//206 203//205
f 226//241 229//242 230//243
f 231//244 229//242 232//245
f 231//244 230//243 229//242
f 223//228 220//227 221//226
f 223//228 222//225 220//227
f 222//246 233//246 234//246
f 222//247 233//247 223//247
f 235//248 233//248 234//248
f 235//249 236//249 237//249
f 238//250 202//204 239//251
f 238//250 224//229 202//204
f 238//252 193//193 224//230
f 211//215 225//231 193//193
f 207//210 239//251 228//236
f 207//210 240//253 239//251
f 239//251 202//204 228//236
f 203//205 224//237 238//250
f 224//238 209//213 238//252
f 224//238 192//192 209//213
f 194//194 225//231 211//215
f 232//245 229//242 241//254
f 228//240 242//255 210//214
f 203//205 242//255 228//240
f 241//254 226//241 230//243
f 241//254 229//242 226//241
f 230//243 212//216 241//254
f 243//256 244//257 245//258
f 246//259 247//260 248//261
f 249//262 250//262 251//262
f 252//263 250//264 251//265
f 252//263 253//266 250//264
f 254//267 255//268 256//269
f 257//270 238//252 209//213
f 239//251 203//205 238//250
f 242//255 239//251 240//253
f 242//255 203//205 239//251
f 253//266 251//265 250//264
f 253//266 252//263 251//265
f 258//271 252//272 253//273
f 258//271 255//268 252//272
f 256//269 258//271 259//274
f 256//269 255//268 258//271
f 260//275 261//276 262//277
f 252//272 263//278 253//273
f 252//272 255//268 263//278
f 259//274 264//279 256//269
f 259//274 265//280 264//279
f 260//275 266//281 261//276
f 255//268 259//282 263//278
f 255//268 254//267 259//282
f 254//267 267//283 259//282
f 210//214 242//255 268//284
f 269//285 265//280 270//286
f 263//278 258//271 253//273
f 263//278 259//274 258//271
f 263//287 265//280 259//274
f 263//287 271//288 265//280
f 263//287 259//282 271//288
f 267//283 271//288 259//282
f 210//214 268//284 272//289
f 273//290 212//216 274//291
f 275//292 276//293 277//294
f 278//295 279//296 280//297
f 271//288 270//286 265//280
f 271//288 267//283 270//286
f 281//298 282//299 283//300
f 284//301 285//302 286//303
f 287//304 288//305 289//306
f 290//307 291//308 292//309
f 293//310 294//311 295//312
f 296//313 297//314 298//315
f 294//311 299//316 295//312
f 297//314 300//317 298//315
f 301//318 302//319 303//320
f 304//321 305//322 306//323
f 307//324 257//270 272//289
f 257//270 308//325 274//291
f 295//312 309//326 310//327
f 311//328 297//314 312//329
f 299//316 313//330 295//312
f 297//314 314//331 300//317
f 315//332 301//318 303//320
f 316//333 305//322 304//321
f 317//334 318//335 315//332
f 319//336 320//337 316//333
f 272//289 321//338 307//324
f 308//325 322//339 274//291
f 323//340 324//341 325//342
f 326//343 327//344 328//345
f 309//326 329//346 310//327
f 330//347 331//348 329//346
f 332//349 333//350 334//351
f 312//329 333//350 311//328
f 335//352 336//353 305//322
f 337//354 338//355 339//356
f 303//320 338//355 337//354
f 340//357 336//353 335//352
f 341//358 315//332 303//320
f 305//322 316//333 342//359
f 343//360 344//361 345//362
f 346//363 347//364 348//365
f 349//366 317//334 315//332
f 320//337 350//367 316//333
f 351//368 352//369 353//370
f 354//371 355//372 356//373
f 338//355 357//374 358//375
f 359//376 360//377 336//353
f 361//378 362//379 363//380
f 364//381 365//382 366//383
f 361//378 367//384 362//379
f 368//385 366//383 365//382
f 352//369 369//386 370//387
f 354//371 371//388 355//372
f 357//374 372//389 358//375
f 359//376 373//390 360//377
f 363//380 362//379 374//391
f 375//392 376//393 377//394
f 378//395 379//396 380//397
f 381//398 365//382 364//381
f 382//399 383//400 349//366
f 350//367 384//401 385//402
f 386//403 331//348 387//404
f 334//351 388//405 389//406
f 310//327 358//375 390//407
f 391//408 359//376 312//329
f 392//409 372//389 357//374
f 393//410 360//377 373//390
f 374//391 394//411 395//412
f 396//413 397//414 381//398
f 398//415 399//416 400//417
f 401//418 402//419 403//420
f 398//415 404//421 399//416
f 402//419 405//422 403//420
f 406//423 407//424 369//386
f 371//388 408//425 409//426
f 410//427 411//428 412//429
f 413//430 414//431 415//432
f 416//433 417//434 418//435
f 419//436 420//437 421//438
f 422//439 423//440 424//441
f 425//442 426//443 427//444
f 428//445 429//446 430//447
f 431//448 432//449 433//450
f 434//451 435//452 436//453
f 437//454 438//455 439//456
f 440//457 441//458 442//459
f 438//455 437//454 443//460
f 444//461 442//459 441//458
f 445//462 446//463 447//464
f 448//465 449//466 450//467
f 451//468 452//469 453//470
f 454//471 455//472 456//473
f 457//474 458//475 459//476
f 460//477 461//478 462//479
f 463//480 464//481 465//482
f 466//483 467//484 468//485
f 469//486 470//487 471//488
f 472//489 473//490 474//491
f 475//492 476//493 477//494
f 478//495 479//496 480//497
f 481//498 482//499 483//500
f 484//501 485//502 486//503
f 487//504 488//505 489//506
f 490//507 491//508 492//509
f 493//510 494//511 495//512
f 496//513 497//514 498//515
f 499//516 500//517 501//518
f 502//519 503//520 504//521
f 505//522 506//523 507//524
f 508//525 509//526 510//527
f 511//528 512//529 513//530
f 514//531 515//532 516//533
f 517//534 518//535 519//536
f 520//537 521//538 522//539
f 523//540 524//541 525//542
f 526//543 527//544 528//545
f 529//546 530//547 531//548
f 532//549 533//550 534//551
f 535//552 536//553 537//554
f 538//555 539//556 540//557
f 541//558 542//559 543//560
f 544//561 545//562 546//563
f 547//564 548//565 549//566
f 550//567 551//568 552//569
f 553//570 554//571 555//572
f 556//573 557//574 558//575
f 559//576 560//577 561//578
f 562//579 563//580 564//581
f 565//582 566//583 567//584
f 568//585 569//586 570//587
f 571//588 572//589 573//590
f 574//591 575//592 576//593
f 577//594 578//595 579//596
f 580//597 581//598 582//599
f 583//600 584//601 585//602
f 586//603 587//604 588//605
f 589//606 590//607 591//608
f 592//609 593//610 594//611
f 595//612 596//613 597//614
f 598//615 599//616 600//617
f 601//618 602//619 603//620
f 604//621 601//618 603//620
f 605//622 606//623 607//624
f 605//622 608//625 606//623
f 609//626 610//627 611//628
f 612//629 613//630 614//631
f 615//632 616//633 617//634
f 618//635 619//636 620//637
f 621//638 622//639 623//640
f 624//641 625//642 626//643
f 373//390 627//644 393//410
f 628//645 393//410 629//646
f 630//647 631//648 392//409
f 392//409 632//649 372//389
f 633//650 634//651 635//652
f 636//653 637//654 638//655
f 639//656 640//657 641//658
f 642//659 643//660 644//661
f 645//662 646//663 647//664
f 648//665 649//666 650//667
f 651//668 652//669 653//670
f 654//671 655//672 656//673
f 657//674 658//675 659//676
f 660//677 661//678 662//679
f 663//680 664//681 665//682
f 666//683 667//684 668//685
f 669//686 670//687 671//688
f 672//689 673//690 674//691
f 675//692 676//693 677//694
f 678//695 679//696 680//697
f 105//105 107//107 681//698
f 682//699 683//700 684//701
f 104//104 103//103 685//702
f 686//703 687//704 688//705
f 51//51 689//706 52//52
f 690//707 691//708 692//709
f 47//47 693//710 694//711
f 695//712 696//713 697//714
f 698//715 699//716 700//717
f 701//718 702//719 703//720
f 704//721 705//722 706//723
f 707//724 708//725 709//726
f 710//727 711//728 712//729
f 713//730 714//731 715//732
f 716//733 717//734 718//735
f 718//735 719//736 720//737
f 721//738 722//739 723//740
f 724//741 725//742 726//743
f 727//744 728//745 729//746
f 730//747 731//748 732//749
f 733//750 577//594 734//751
f 735//752 348//365 347//364
f 344//361 736//753 345//362
f 737//754 585//602 738//755
f 739//756 740//757 741//758
f 742//759 743//760 744//761
f 745//762 746//763 747//764
f 748//765 749//766 750//767
f 751//768 752//769 753//770
f 754//771 755//772 756//773
f 757//774 758//775 759//776
f 760//777 761//778 762//779
f 763//780 764//781 765//782
f 766//783 691//708 690//707
f 767//784 768//785 769//786
f 770//787 696//713 695//712
f 771//788 772//789 773//790
f 774//791 775//792 776//793
f 777//794 778//795 779//796
f 780//797 781//798 782//799
f 783//800 784//801 785//802
f 786//803 787//804 788//805
f 789//806 790//807 791//808
f 791//808 403//420 789//806
f 792//809 398//415 793//810
f 793//810 794//811 792//809
f 795//812 796//813 797//814
f 798//815 799//816 800//817
f 801//818 802//819 803//820
f 804//821 805//822 806//823
f 807//824 808//825 809//826
f 810//827 811//828 812//829
f 813//830 814//831 815//832
f 816//833 817//834 818//835
f 819//836 820//837 821//838
f 822//839 823//840 824//841
f 825//842 826//843 827//844
f 828//845 829//846 830//847
f 831//848 832//849 833//850
f 834//851 835//852 836//853
f 837//854 838//855 839//856
f 840//857 841//858 842//859
f 843//860 844//861 845//862
f 846//863 4//4 847//864
f 848//865 849//866 850//867
f 851//868 3//3 852//869
f 853//870 854//871 855//872
f 856//873 857//874 858//875
f 859//876 380//397 860//877
f 861//878 862//879 863//880
f 864//881 375//392 865//882
f 866//883 867//884 868//885
f 869//886 870//887 871//888
f 872//889 873//890 874//891
f 875//892 876//893 877//894
f 878//895 879//896 880//897
f 881//898 455//472 454//471
f 882//899 883//900 884//901
f 451//468 885//902 452//469
f 886//903 887//904 888//905
f 857//874 889//906 858//875
f 890//907 891//908 892//909
f 853//870 893//910 854//871
f 894//911 895//912 896//913
f 897//914 898//915 899//916
f 556//573 900//917 557//574
f 901//918 902//919 903//920
f 563//580 904//921 564//581
f 905//922 906//923 907//924
f 908//925 909//926 910//927
f 911//928 912//929 913//930
f 914//931 915//932 916//933
f 917//934 918//935 919//936
f 920//937 921//938 922//939
f 923//940 924//941 925//942
f 926//943 927//944 928//945
f 929//946 930//947 931//948
f 932//949 933//950 934//951
f 935//952 936//953 937//954
f 938//955 939//956 940//957
f 941//958 942//959 943//960
f 944//961 945//962 946//963
f 836//853 947//964 948//965
f 949//966 950//967 951//968
f 952//969 953//970 842//859
f 954//971 955//972 956//973
f 957//974 958//975 959//976
f 960//977 961//978 962//979
f 963//980 964//981 965//982
f 966//983 967//984 968//985
f 969//986 970//987 971//988
f 972//989 539//556 973//990
f 974//991 975//992 976//993
f 977//994 545//562 544//561
f 978//995 979//996 980//997
f 764//781 763//780 981//998
f 982//999 983//1000 984//1001
f 985//1002 768//785 767//784
f 986//1003 987//1004 988//1005
f 674//691 673//690 989//1006
f 990//1007 991//1008 992//1009
f 678//695 993//1010 679//696
f 994//1011 995//1012 996//1013
f 997//1014 998//1015 999//1016
f 1000//1017 1001//1018 1002//1019
f 1003//1020 1004//1021 1005//1022
f 1006//1023 1007//1024 1008//1025
f 1009//1026 1010//1027 1011//1028
f 1012//1029 1013//1030 1014//1031
f 1015//1032 1016//1033 1017//1034
f 1018//1035 1019//1036 1020//1037
f 1021//1038 1022//1039 1023//1040
f 1024//1041 1025//1042 1026//1043
f 1027//1044 1028//1045 1029//1046
f 1030//1047 1031//1048 1032//1049
f 182//182 184//184 1033//1050
f 1034//1051 1035//1052 1036//1053
f 179//179 181//181 1037//1054
f 1038//1055 1039//1056 1040//1057
f 1041//1058 1042//1059 1043//1060
f 1044//1061 1045//1062 1046//1063
f 1047//1064 1048//1065 1049//1066
f 1050//1067 1051//1068 1052//1069
f 1053//1070 646//663 645//662
f 1054//1071 1055//1072 1056//1073
f 653//670 652//669 1057//1074
f 1058//1075 1059//1076 1060//1077
f 1061//1078 1062//1079 1063//1080
f 1064//1081 1065//1082 1066//1083
f 1067//1084 1068//1085 1069//1086
f 1070//1087 1071//1088 1072//1089
f 1073//1090 1074//1091 1075//1092
f 1076//1093 1077//1094 1078//1095
f 1079//1096 1080//1097 1081//1098
f 1082//1099 1083//1100 1084//1101
f 1085//1102 589//606 1086//1103
f 1087//1104 1088//1105 1089//1106
f 1090//1107 1091//1108 596//613
f 1092//1109 1093//1110 1094//1111
f 1095//1112 1096//1113 1097//1114
f 1098//1115 1099//1116 1100//1117
f 1101//1118 1102//1119 1103//1120
f 1104//1121 1105//1122 1106//1123
f 1107//1124 1108//1125 1109//1126
f 1110//1127 1111//1128 1112//1129
f 1113//1130 1114//1131 1115//1132
f 1116//1133 1117//1134 1118//1135
f 1119//1136 1120//1137 1121//1138
f 1122//1139 1123//1140 1124//1141
f 1125//1142 1126//1143 1127//1144
f 1128//1145 481//498 483//500
f 1129//1146 1130//1147 1131//1148
f 1132//1149 488//505 487//504
f 1133//1150 1134//1151 1135//1152
f 1136//1153 1137//1154 1138//1155
f 1139//1156 1140//1157 1141//1158
f 1142//1159 1143//1160 1144//1161
f 1145//1162 1146//1163 1147//1164
f 1148//1165 725//742 1149//1166
f 1150//1167 1151//1168 413//430
f 1152//1169 1153//1170 730//747
f 1154//1171 1155//1172 412//429
f 1156//1173 1157//1174 1158//1175
f 1159//1176 62//62 64//64
f 1160//1177 1161//1178 1162//1179
f 60//60 1163//1180 61//61
f 1164//1181 1165//1182 1166//1183
f 1166//1183 1167//1184 1168//1185
f 1169//1186 1170//1187 1171//1188
f 1172//1189 1169//1186 1173//1190
f 491//508 1174//1191 492//509
f 484//501 1175//1192 485//502
f 1176//1193 591//608 590//607
f 1177//1194 1178//1195 1179//1196
f 595//612 597//614 1180//1197
f 1181//1198 1182//1199 1183//1200
f 1184//1201 1185//1202 1186//1203
f 1187//1204 1188//1205 1189//1206
f 1190//1207 1191//1208 1192//1209
f 1193//1210 1194//1211 1195//1212
f 1196//1213 1197//1214 1198//1215
f 248//261 1199//1216 1200//1217
f 1201//1218 1202//1219 1203//1220
f 1204//1221 243//256 1205//1222
f 1206//1223 1207//1224 1208//1225
f 1209//1226 936//953 935//952
f 1210//1227 1211//1228 1212//1229
f 1213//1230 941//958 943//960
f 1214//1231 1215//1232 1216//1233
f 1217//1234 1218//1235 1219//1236
f 1220//1237 1221//1238 1222//1239
f 1223//1240 1224//1241 1225//1242
f 1226//1243 1227//1244 1228//1245
f 1229//1246 1230//1247 1231//1248
f 1232//1249 1233//1250 1234//1251
f 1235//1252 1236//1253 1237//1254
f 1238//1255 1239//1256 1232//1249
f 1240//1257 1241//1258 1242//1259
f 1243//1260 1244//1261 1245//1262
f 1246//1263 1247//1264 1248//1265
f 1249//1266 1250//1267 1251//1268
f 1252//1269 1253//1270 1254//1271
f 1255//1272 1256//1273 1257//1274
f 1258//1275 1259//1276 1260//1277
f 1261//1278 1262//1279 1263//1280
f 1264//1281 1265//1282 1266//1283
f 1267//1284 1268//1285 1269//1286
f 1270//1287 1271//1288 1272//1289
f 1273//1290 1274//1291 1275//1292
f 1276//1293 1277//1294 1278//1295
f 1279//1296 1096//1113 1095//1112
f 973//990 1280//1297 1281//1298
f 1101//1118 1103//1120 1282//1299
f 1283//1300 977//994 1284//1301
f 1285//1302 1286//1303 1287//1304
f 1288//1305 1289//1306 1290//1307
f 1291//1308 1292//1309 1293//1310
f 1294//1311 1295//1312 1296//1313
f 1297//1314 1298//1315 1299//1316
f 1300//1317 1301//1318 1302//1319
f 1303//1320 1304//1321 1305//1322
f 1306//1323 1307//1324 34//34
f 1308//1325 1309//1326 1310//1327
f 1311//1328 1312//1329 33//33
f 1313//1330 1314//1331 1315//1332
f 612//629 1316//1333 613//630
f 1317//1334 1318//1335 1319//1336
f 1320//1337 610//627 609//626
f 1321//1338 892//909 1322//1339
f 485//502 1323//1340 1324//1341
f 1325//1342 894//911 1326//1343
f 1327//1344 1328//1345 491//508
f 1329//1346 1330//1347 1331//1348
f 1332//1349 1333//1350 1334//1351
f 1335//1352 1336//1353 1337//1354
f 1338//1355 1339//1356 1340//1357
f 1341//1358 1342//1359 1343//1360
f 1344//1361 1345//1362 1346//1363
f 1347//1364 1348//1365 1349//1366
f 553//570 555//572 1350//1367
f 1351//1368 1352//1369 1353//1370
f 1354//1371 559//576 561//578
f 460//477 462//479 1355//1372
f 1356//1373 1357//1374 1358//1375
f 458//475 457//474 1359//1376
f 1360//1377 1361//1378 1362//1379
f 1363//1380 1364//1381 1365//1382
f 1366//1383 1367//1384 1368//1385
f 1369//1386 1370//1387 1371//1388
f 1372//1389 1373//1390 1374//1391
f 1375//1392 1376//1393 1377//1394
f 1378//1395 1379//1396 1380//1397
f 1381//1398 1382//1399 1383//1400
f 1384//1401 1385//1402 1386//1403
f 1387//1404 1388//1405 1389//1406
f 934//951 1390//1407 1391//1408
f 1389//1406 1392//1409 1393//1410
f 1394//1411 1395//1412 929//946
f 1396//1413 1397//1414 1072//1089
f 568//585 1398//1415 569//586
f 1399//1416 1078//1095 1400//1417
f 1401//1418 576//593 575//592
f 1402//1419 1403//1420 1390//1407
f 1404//1421 1405//1422 1406//1423
f 1395//1412 1407//1424 1408//1425
f 1409//1426 1410//1427 1411//1428
f 1412//1429 1413//1430 1414//1431
f 1415//1432 1416//1433 1417//1434
f 1418//1435 1419//1436 1420//1437
f 1237//1254 1421//1438 1422//1439
f 1423//1440 1424//1441 1425//1442
f 1241//1258 1426//1443 1427//1444
f 1428//1445 1429//1446 1430//1447
f 1431//1448 1432//1449 1433//1450
f 1434//1451 1435//1452 1436//1453
f 1437//1454 1438//1455 1439//1456
f 1440//1457 1441//1458 873//890
f 1442//1459 1443//1460 1444//1461
f 879//896 1445//1462 1446//1463
f 1447//1464 1448//1465 1449//1466
f 157//157 1450//1467 155//155
f 701//718 703//720 1451//1468
f 158//158 1452//1469 159//159
f 1453//1470 707//724 709//726
f 1454//1471 1455//1472 1374//1391
f 1456//1473 1366//1383 1457//1474
f 1458//1475 1459//1476 1460//1477
f 1461//1478 1462//1479 1463//1480
f 1464//1481 1465//1482 1466//1483
f 1467//1484 1468//1485 1469//1486
f 1470//1487 1471//1488 1187//1204
f 1472//1489 1473//1490 1474//1491
f 1194//1211 1475//1492 1476//1493
f 1477//1494 1478//1495 1479//1496
f 1480//1497 1481//1498 1482//1499
f 1483//1500 1484//1501 1485//1502
f 1486//1503 1487//1504 1488//1505
f 1489//1506 1490//1507 1491//1508
f 1492//1509 1493//1510 1494//1511
f 1495//1512 1496//1513 1497//1514
f 1498//1515 1499//1516 1500//1517
f 1501//1518 980//997 1502//1519
f 1503//1520 1504//1521 1505//1522
f 1506//1523 1507//1524 984//1001
f 1508//1525 1509//1526 1510//1527
f 1511//1528 1512//1529 498//515
f 1513//1530 1514//1531 1515//1532
f 502//519 1516//1533 1517//1534
f 1518//1535 1519//1536 1520//1537
f 1521//1538 1522//1539 1523//1540
f 1524//1541 1525//1542 1526//1543
f 1527//1544 1528//1545 1529//1546
f 1530//1547 1531//1548 1532//1549
f 1533//1550 1534//1551 1535//1552
f 1536//1553 1537//1554 1538//1555
f 1539//1556 1540//1557 1541//1558
f 1542//1559 1543//1560 1544//1561
f 971//988 1545//1562 1546//1563
f 1547//1564 1548//1565 1549//1566
f 1550//1567 976//993 1551//1568
f 643//660 1552//1569 644//661
f 1553//1570 637//654 636//653
f 1554//1571 833//850 1555//1572
f 1556//1573 905//922 907//924
f 837//854 1557//1574 1558//1575
f 913//930 912//929 1559//1576
f 1560//1577 1561//1578 1246//1263
f 1562//1579 508//525 510//527
f 1563//1580 1564//1581 1565//1582
f 507//524 506//523 1566//1583
f 1567//1584 1305//1322 1568//1585
f 1569//1586 1570//1587 1571//1588
f 1572//1589 1308//1325 1573//1590
f 1574//1591 1575//1592 1576//1593
f 1577//1594 1578//1595 1579//1596
f 1580//1597 1581//1598 1582//1599
f 1583//1600 1584//1601 1585//1602
f 1586//1603 1587//1604 1588//1605
f 674//691 989//1006 1589//1606
f 1590//1607 1591//1608 1592//1609
f 1593//1610 993//1010 678//695
f 1594//1611 1595//1612 1596//1613
f 721//738 1597//1614 1598//1615
f 809//826 1599//1616 807//824
f 1600//1617 1202//1219 728//745
f 815//832 1601//1618 813//830
f 1602//1619 1603//1620 739//756
f 1604//1621 1605//1622 1606//1623
f 1607//1624 747//764 1608//1625
f 1609//1626 1610//1627 1611//1628
f 1612//1629 1613//1630 1614//1631
f 1615//1632 1616//1633 1617//1634
f 1618//1635 1619//1636 1620//1637
f 1621//1638 1622//1639 1623//1640
f 1624//1641 1625//1642 1626//1643
f 1627//1644 1628//1645 1629//1646
f 1630//1647 1631//1648 1632//1649
f 1633//1650 1634//1651 1635//1652
f 1636//1653 1637//1654 1638//1655
f 1639//1656 1640//1657 1641//1658
f 1642//1659 1643//1660 1644//1661
f 1645//1662 1646//1663 1647//1664
f 1648//1665 848//865 1649//1666
f 1650//1667 843//860 1651//1668
f 1652//1669 662//679 1653//1670
f 1109//1126 1108//1125 1654//1671
f 1655//1672 666//683 1656//1673
f 1113//1130 1657//1674 1114//1131
f 1658//1675 1659//1676 1660//1677
f 1661//1678 1662//1679 1663//1680
f 1664//1681 1665//1682 1666//1683
f 1667//1684 1668//1685 1669//1686
f 1670//1687 1671//1688 1672//1689
f 1672//1689 1673//1690 1674//1691
f 1675//1692 1676//1693 1677//1694
f 1678//1695 1675//1692 1679//1696
f 1680//1697 1681//1698 1682//1699
f 1683//1700 1684//1701 1685//1702
f 1396//1413 1072//1089 1071//1088
f 1686//1703 1687//1704 1688//1705
f 1076//1093 1078//1095 1399//1416
f 1689//1706 1690//1707 1691//1708
f 1692//1709 430//447 429//446
f 1693//1710 373//390 1694//1711
f 426//443 1695//1712 427//444
f 372//389 1696//1713 1697//1714
f 1052//1069 1698//1715 1699//1716
f 1700//1717 1701//1718 1702//1719
f 1703//1720 1704//1721 1705//1722
f 1706//1723 1707//1724 1708//1725
f 159//159 1020//1037 1709//1726
f 156//156 1022//1039 157//157
f 1710//1727 1711//1728 1438//1455
f 1432//1449 1711//1728 1710//1727
f 1712//1729 1713//1730 1714//1731
f 1715//1732 986//1003 988//1005
f 1716//1733 1717//1734 1718//1735
f 1719//1736 990//1007 992//1009
f 1720//1737 1721//1738 1722//1739
f 1723//1740 1724//1741 1725//1742
f 1726//1743 1727//1744 1728//1745
f 1729//1746 1730//1747 1731//1748
f 1229//1246 1732//1749 1733//1750
f 557//574 1734//1751 1735//1752
f 1228//1245 1736//1753 1737//1754
f 1738//1755 1739//1756 563//580
f 1740//1757 1741//1758 1742//1759
f 1743//1760 1129//1146 1131//1148
f 1744//1761 1745//1762 1746//1763
f 1747//1764 1133//1150 1135//1152
f 1748//1765 1749//1766 1750//1767
f 1751//1768 1752//1769 1753//1770
f 1754//1771 1755//1772 1756//1773
f 1534//1551 1757//1774 1758//1775
f 1759//1776 1760//1777 1761//1778
f 1762//1779 1539//1556 1763//1780
f 1764//1781 733//750 734//751
f 1765//1782 1766//1783 1767//1784
f 1768//1785 737//754 738//755
f 1769//1786 1770//1787 1771//1788
f 1772//1789 1773//1790 1774//1791
f 1775//1792 1773//1790 1772//1789
f 1776//1793 1777//1794 1778//1795
f 1777//1794 1776//1793 1779//1796
f 1780//1797 1781//1798 1782//1799
f 1783//1800 1356//1373 1784//1801
f 1785//1802 1786//1803 1787//1804
f 1788//1805 1789//1806 1362//1379
f 1378//1395 1380//1397 1790//1807
f 1791//1808 1792//1809 1793//1810
f 1384//1401 1386//1403 1794//1811
f 1795//1812 1796//1813 1797//1814
f 898//915 897//914 1798//1815
f 1799//1816 1800//1817 1801//1818
f 901//918 903//920 1802//1819
f 1803//1820 1804//1821 1805//1822
f 1806//1823 1807//1824 1808//1825
f 1809//1826 1810//1827 1811//1828
f 1812//1829 1813//1830 1814//1831
f 1815//1832 1816//1833 1817//1834
f 1417//1434 1416//1433 1818//1835
f 1819//1836 1820//1837 1821//1838
f 1412//1429 1414//1431 1822//1839
f 1823//1840 1824//1841 1825//1842
f 1826//1843 1827//1844 1828//1845
f 1829//1846 1830//1847 1831//1848
f 1832//1849 1833//1850 1834//1851
f 1835//1852 467//484 1836//1853
f 1837//1854 1838//1855 1839//1856
f 1840//1857 464//481 1841//1858
f 1522//1539 1842//1859 1523//1540
f 1843//1860 1844//1861 1845//1862
f 1528//1545 1527//1544 1846//1863
f 1847//1864 1848//1865 1849//1866
f 1850//1867 1851//1868 1852//1869
f 1853//1870 1854//1871 1855//1872
f 1856//1873 1857//1874 1858//1875
f 1859//1876 1860//1877 1861//1878
f 1862//1879 1863//1880 1864//1881
f 1865//1882 1866//1883 1867//1884
f 1868//1885 1862//1879 1864//1881
f 1869//1886 1870//1887 1871//1888
f 1872//1889 1873//1890 1874//1891
f 1875//1892 1873//1890 45//45
f 1876//1893 1877//1894 1878//1895
f 41//41 1876//1893 1879//1896
f 1880//1897 1881//1898 1328//1345
f 1323//1340 1882//1899 1883//1900
f 1884//1901 1885//1902 1208//1225
f 1886//1903 1887//1904 1888//1905
f 1211//1228 1889//1906 1890//1907
f 1891//1908 1892//1909 1893//1910
f 1894//1911 1895//1912 1896//1913
f 1897//1914 1898//1915 1899//1916
f 1900//1917 1901//1918 1902//1919
f 1903//1920 1904//1921 1905//1922
f 1906//1923 1907//1924 1908//1925
f 1388//1405 1909//1926 1389//1406
f 1910//1927 1911//1928 1907//1924
f 1909//1926 1392//1409 1389//1406
f 1912//1929 1913//1930 1914//1931
f 1915//1932 1916//1933 1917//1934
f 1918//1935 1919//1936 1920//1937
f 1921//1938 1922//1939 1923//1940
f 1924//1941 1925//1942 1926//1943
f 1927//1944 1928//1945 1929//1946
f 1930//1947 1931//1948 1932//1949
f 1933//1950 1934//1951 1935//1952
f 1936//1953 1937//1954 1938//1955
f 1939//1956 1940//1957 147//147
f 1941//1958 1942//1959 1943//1960
f 1944//1961 1945//1962 145//145
f 1946//1963 808//825 807//824
f 105//105 118//118 106//106
f 815//832 814//831 1947//1964
f 103//103 102//102 115//115
f 1948//1965 1949//1966 1950//1967
f 1951//1968 1952//1969 1953//1970
f 1954//1971 1955//1972 1956//1973
f 1957//1974 1958//1975 1959//1976
f 1960//1977 1961//1978 1962//1979
f 1963//1980 1964//1981 1965//1982
f 1966//1983 1967//1984 1968//1985
f 1969//1986 1970//1987 1971//1988
f 1821//1838 1972//1989 1973//1990
f 1974//1991 1975//1992 1976//1993
f 1977//1994 1825//1842 1978//1995
f 1979//1996 1980//1997 1981//1998
f 1982//1999 1983//2000 1984//2001
f 1376//1393 1985//2002 1377//1394
f 1986//2003 1987//2004 1988//2005
f 1989//2006 1382//1399 1381//1398
f 481//498 1128//1145 1990//2007
f 1991//2008 1028//1045 1027//1044
f 1992//2009 1132//1149 487//504
f 1026//1043 1025//1042 1993//2010
f 1994//2011 1995//2012 1996//2013
f 1997//2014 1998//2015 1999//2016
f 2000//2017 2001//2018 2002//2019
f 2003//2020 2004//2021 2005//2022
f 526//543 2006//2023 527//544
f 2007//2024 2008//2025 2009//2026
f 534//551 533//550 2010//2027
f 2011//2028 2012//2029 2013//2030
f 1087//1104 2014//2031 2015//2032
f 1082//1099 2016//2033 2017//2034
f 1963//1980 2018//2035 2019//2036
f 861//878 863//880 2020//2037
f 1971//1988 2021//2038 2022//2039
f 866//883 2023//2040 867//884
f 2024//2041 2025//2042 2026//2043
f 1543//1560 2027//2044 1544//1561
f 2028//2045 2029//2046 2030//2047
f 1548//1565 2031//2048 1549//1566
f 2032//2049 2033//2050 2034//2051
f 2032//2049 2034//2051 2035//2052
f 2036//2053 2037//2054 2038//2055
f 2036//2053 2039//2056 2037//2054
f 2040//2057 2041//2058 2042//2059
f 2043//2060 2044//2061 2045//2062
f 2046//2063 2047//2064 2040//2057
f 2048//2065 2044//2061 2043//2060
f 2049//2066 2050//2067 2051//2068
f 2052//2069 2053//2070 2054//2071
f 2055//2072 2056//2073 2057//2074
f 2058//2075 2059//2076 2060//2077
f 1658//1675 1660//1677 1663//1680
f 1687//1704 2061//2078 1688//1705
f 1664//1681 1667//1684 1665//1682
f 2062//2079 1689//1706 1691//1708
f 752//769 751//768 2063//2080
f 2064//2081 2065//2082 2066//2083
f 2067//2084 759//776 758//775
f 2066//2083 2068//2085 2069//2086
f 1421//1438 2070//2087 1422//1439
f 649//666 2071//2088 650//667
f 2072//2089 1427//1444 1426//1443
f 2073//2090 654//671 656//673
f 2074//2091 2075//2092 2076//2093
f 683//700 2077//2094 684//701
f 2078//2095 2079//2096 2080//2097
f 688//705 687//704 2081//2098
f 2082//2099 2083//2100 2084//2101
f 2085//2102 2086//2103 2087//2104
f 2088//2105 2089//2106 2090//2107
f 2091//2108 2092//2109 2093//2110
f 1673//1690 2094//2111 2095//2112
f 1829//1846 1831//1848 2096//2113
f 2097//2114 2098//2115 1678//1695
f 1826//1843 1828//1845 2099//2116
f 2100//2117 2101//2118 2102//2119
f 2103//2120 2104//2121 1470//1487
f 2105//2122 2106//2123 2107//2124
f 2108//2125 2109//2126 1476//1493
f 2110//2127 2111//2128 2112//2129
f 2113//2130 2114//2131 1030//1047
f 2115//2132 2116//2133 2117//2134
f 1035//1052 2118//2135 2119//2136
f 2120//2137 2121//2138 998//1015
f 1344//1361 1346//1363 2122//2139
f 1004//1021 2123//2140 2124//2141
f 2125//2142 1343//1360 1342//1359
f 2126//2143 2127//2144 2128//2145
f 2129//2146 2130//2147 2131//2148
f 2132//2149 1244//1261 2133//2150
f 2134//2151 2135//2152 2136//2153
f 1365//1382 1364//1381 2137//2154
f 2138//2155 2139//2156 2140//2157
f 2141//2158 1370//1387 1369//1386
f 2142//2159 2143//2160 2144//2161
f 2145//2162 2146//2163 2147//2164
f 2148//2165 2149//2166 2150//2167
f 2151//2168 2152//2169 2153//2170
f 2154//2171 2155//2172 2156//2173
f 1799//1816 2157//2174 1800//1817
f 2158//2175 2159//2176 846//863
f 1804//1821 2160//2177 1805//1822
f 852//869 2161//2178 2162//2179
f 594//611 2163//2180 700//717
f 2164//2181 2165//2182 2166//2183
f 704//721 2167//2184 598//615
f 2168//2185 2169//2186 2170//2187
f 2171//2188 2172//2189 1853//1870
f 2173//2190 961//978 960//977
f 1861//1878 2174//2191 2175//2192
f 967//984 2176//2193 968//985
f 2177//2194 2178//2195 2179//2196
f 2180//2197 2181//2198 2182//2199
f 2183//2200 2184//2201 2185//2202
f 2186//2203 2187//2204 2188//2205
f 2189//2206 2190//2207 722//739
f 2190//2207 2191//2208 278//295
f 2192//2209 2193//2210 727//744
f 2192//2209 275//292 2194//2211
f 2195//2212 995//1012 994//1011
f 2196//2213 1554//1571 1555//1572
f 1001//1018 1000//1017 2197//2214
f 2198//2215 1558//1575 1557//1574
f 2113//2130 2199//2216 2114//2131
f 2200//2217 2201//2218 2202//2219
f 2119//2136 2118//2135 2203//2220
f 2204//2221 2205//2222 2206//2223
f 2207//2224 2208//2225 2209//2226
f 2210//2227 2211//2228 2212//2229
f 1300//1317 2213//2230 2214//2231
f 2215//2232 2216//2233 2217//2234
f 2218//2235 2219//2236 2220//2237
f 2221//2238 2222//2239 2223//2240
f 2224//2241 2225//2242 2226//2243
f 2227//2244 2228//2245 2229//2246
f 2230//2247 2231//2248 2232//2249
f 2233//2250 2231//2248 932//949
f 2234//2251 2235//2252 2236//2253
f 931//948 2235//2252 2237//2254
f 1525//1542 2238//2255 1526//1543
f 1518//1535 1520//1537 2239//2256
f 1217//1234 2240//2257 1218//1235
f 2026//2043 969//986 2024//2041
f 1223//1240 2241//2258 1224//1241
f 2030//2047 975//992 2028//2045
f 2242//2259 2243//2260 2244//2261
f 2245//2262 1029//1046 755//772
f 2246//2263 2243//2260 2242//2259
f 760//777 1024//1041 2247//2264
f 12//12 2248//2265 2249//2266
f 1130//1147 2250//2267 1131//1148
f 2251//2268 8//8 2252//2269
f 2253//2270 1134//1151 1133//1150
f 2254//2271 2255//2272 725//742
f 434//451 2256//2273 2257//2274
f 730//747 2258//2275 2259//2276
f 433//450 2260//2277 2261//2278
f 58//58 2262//2279 2263//2280
f 2264//2281 1303//1320 2265//2282
f 2266//2283 2267//2284 2268//2285
f 1310//1327 2269//2286 2270//2287
f 820//837 2271//2288 821//838
f 824//841 823//840 2272//2289
f 2273//2290 1775//1792 1772//1789
f 614//631 613//630 2274//2291
f 1777//1794 1779//1796 2275//2292
f 609//626 611//628 2276//2293
f 2277//2294 2278//2295 2279//2296
f 2280//2297 2281//2298 2282//2299
f 2279//2296 2283//2300 2284//2301
f 2285//2302 2286//2303 2287//2304
f 2288//2305 2289//2306 2290//2307
f 2291//2308 2292//2309 2293//2310
f 2294//2311 2295//2312 2296//2313
f 2297//2314 2298//2315 2299//2316
f 1898//1915 1509//1526 1899//1916
f 1188//1205 1187//1204 2300//2317
f 1514//1531 1904//1921 1903//1920
f 1193//1210 2301//2318 1194//1211
f 1714//1731 1713//1730 2302//2319
f 2303//2320 2302//2319 2304//2321
f 2305//2322 1717//1734 1716//1733
f 2306//2323 2305//2322 2307//2324
f 1854//1871 2308//2325 2309//2326
f 11//11 2248//2265 12//12
f 2310//2327 1860//1877 2311//2328
f 2251//2268 9//9 8//8
f 28//28 2312//2329 29//29
f 1741//1758 1740//1757 2313//2330
f 27//27 2314//2331 25//25
f 2315//2332 1744//1761 1746//1763
f 2316//2333 2317//2334 2318//2335
f 2319//2336 2320//2337 1579//1596
f 2321//2338 2322//2339 2323//2340
f 1585//1602 2324//2341 2325//2342
f 698//715 2326//2343 699//716
f 2327//2344 593//610 2328//2345
f 706//723 705//722 2329//2346
f 2330//2347 2331//2348 599//616
f 2332//2349 2333//2350 2334//2351
f 2335//2352 4//4 2336//2353
f 2337//2354 2338//2355 2339//2356
f 2340//2357 3//3 2341//2358
f 2342//2359 2343//2360 2344//2361
f 2345//2362 2346//2363 2347//2364
f 2348//2365 2349//2366 2350//2367
f 2351//2368 2352//2369 2346//2363
f 822//839 824//841 2353//2370
f 2354//2371 998//1015 997//1014
f 2353//2370 820//837 819//836
f 1005//1022 1004//1021 2355//2372
f 1937//1954 2356//2373 2357//2374
f 2358//2375 2359//2376 2360//2377
f 2361//2378 2362//2379 2363//2380
f 2364//2381 2365//2382 2366//2383
f 2367//2384 2368//2385 2369//2386
f 2367//2384 2370//2387 2371//2388
f 2372//2389 2373//2390 2374//2391
f 2375//2392 2373//2390 2376//2393
f 2377//2394 1288//1305 1290//1307
f 1484//1501 137//137 1485//1502
f 2378//2395 1287//1304 1286//1303
f 1480//1497 135//135 1481//1498
f 2379//2396 2380//2397 2381//2398
f 2179//2196 1418//1435 2177//2194
f 2382//2399 2383//2400 2384//2401
f 2183//2200 2185//2202 1423//1440
f 2018//2035 2385//2402 2019//2036
f 2386//2403 2019//2036 2387//2404
f 2021//2038 2388//2405 2022//2039
f 2389//2406 2021//2038 2390//2407
f 2391//2408 2392//2409 2393//2410
f 2394//2411 2391//2408 2395//2412
f 2396//2413 2397//2414 2398//2415
f 2399//2416 2400//2417 2396//2413
f 549//566 548//565 2401//2418
f 2402//2419 552//569 551//568
f 1658//1675 2403//2420 2404//2421
f 2405//2422 2354//2371 997//1014
f 2406//2423 2407//2424 1664//1681
f 1005//1022 2355//2372 2408//2425
f 2409//2426 2410//2427 70//70
f 2411//2428 2410//2427 2412//2429
f 2413//2430 65//65 2414//2431
f 2415//2432 2414//2431 2416//2433
f 2417//2434 2418//2435 1092//1109
f 881//898 535//552 537//554
f 1100//1117 2419//2436 2420//2437
f 542//559 885//902 543//560
f 2421//2438 415//432 326//343
f 1723//1740 326//343 1724//1741
f 410//427 2422//2439 325//342
f 1730//1747 325//342 1731//1748
f 2423//2440 2424//2441 2425//2442
f 2426//2443 2427//2444 2428//2445
f 2429//2446 2430//2447 2431//2448
f 2432//2449 2433//2450 2434//2451
f 2435//2452 2436//2453 2437//2454
f 2438//2455 2439//2456 2440//2457
f 2441//2458 2442//2459 2443//2460
f 2444//2461 2445//2462 2446//2463
f 2447//2464 2448//2465 1487//1504
f 2448//2465 2208//2225 2449//2466
f 2450//2467 2451//2468 1493//1510
f 2452//2469 2453//2470 2450//2467
f 2346//2363 2454//2471 2349//2366
f 2346//2363 2343//2360 2455//2472
f 1834//1851 1833//1850 2456//2473
f 2457//2474 2458//2475 2459//2476
f 1838//1855 1837//1854 2460//2477
f 2461//2478 2462//2479 2463//2480
f 1767//1784 2464//2481 1765//1782
f 2465//2482 2466//2483 579//596
f 1770//1787 2467//2484 1771//1788
f 2468//2485 2469//2486 583//600
f 2470//2487 2471//2488 2472//2489
f 2473//2490 2474//2491 2475//2492
f 565//582 2476//2493 2477//2494
f 478//495 1313//1330 2478//2495
f 573//590 2479//2496 2480//2497
f 477//494 2481//2498 1319//1336
f 2482//2499 2483//2500 2484//2501
f 2485//2502 2486//2503 2487//2504
f 2484//2501 2483//2500 2488//2505
f 1827//1844 2489//2506 2490//2507
f 2491//2508 2492//2509 2493//2510
f 1929//1946 1924//1941 1926//1943
f 2494//2511 2495//2512 2496//2513
f 1930//1947 1932//1949 1933//1950
f 2497//2514 1333//1350 1332//1349
f 1994//2011 1996//2013 2498//2515
f 1338//1355 1340//1357 2499//2516
f 2000//2017 2002//2019 2500//2517
f 77//77 2501//2518 2502//2519
f 604//621 2503//2520 2504//2521
f 2505//2522 74//74 2506//2523
f 2507//2524 2508//2525 608//625
f 1698//1715 2509//2526 2510//2527
f 2511//2528 2512//2529 1852//1869
f 1704//1721 2513//2530 1705//1722
f 2514//2531 2515//2532 1856//1873
f 2516//2533 2411//2428 834//851
f 2517//2534 2518//2535 2519//2536
f 2416//2433 2520//2537 841//858
f 2521//2538 2522//2539 2523//2540
f 2524//2541 2525//2542 2526//2543
f 1267//1284 2527//2544 2528//2545
f 2529//2546 2530//2547 2531//2548
f 1275//1292 2532//2549 2533//2550
f 2534//2551 1887//1904 1886//1903
f 2535//2552 1378//1395 2534//2551
f 1893//1910 1892//1909 2536//2553
f 1386//1403 2537//2554 2536//2553
f 893//910 2538//2555 2294//2311
f 2288//2305 2539//2556 889//906
f 744//761 2540//2557 742//759
f 554//571 2541//2558 2542//2559
f 2543//2560 750//767 749//766
f 2544//2561 560//577 2545//2562
f 2546//2563 2547//2564 2548//2565
f 2549//2566 2550//2567 2551//2568
f 2552//2569 2553//2570 2554//2571
f 2555//2572 2556//2573 2557//2574
f 2558//2575 2559//2576 2560//2577
f 2309//2326 2308//2325 2561//2578
f 2562//2579 2563//2580 2564//2581
f 2310//2327 2311//2328 2565//2582
f 2006//2023 2566//2583 2567//2584
f 2568//2585 2569//2586 2570//2587
f 2571//2588 2572//2589 2010//2027
f 2573//2590 2574//2591 2575//2592
f 1885//1902 1884//1901 1120//1137
f 1553//1570 2576//2593 637//654
f 1127//1144 1890//1907 1889//1906
f 1552//1569 643//660 2577//2594
f 1683//1700 1685//1702 2578//2595
f 2579//2596 2580//2597 2581//2598
f 2582//2599 1680//1697 1682//1699
f 2583//2600 2580//2597 2579//2596
f 810//827 812//829 2584//2601
f 2503//2520 604//621 603//620
f 2585//2602 816//833 818//835
f 608//625 2508//2525 606//623
f 1966//1983 2586//2603 1967//1984
f 1960//1977 2587//2604 1961//1978
f 2588//2605 2589//2606 2590//2607
f 2591//2608 1140//1157 1139//1156
f 2592//2609 2593//2610 2594//2611
f 2595//2612 1146//1163 1145//1162
f 1578//1595 2596//2613 1579//1596
f 1578//1595 2100//2117 2596//2613
f 2597//2614 1583//1600 1585//1602
f 2106//2123 1583//1600 2597//2614
f 2598//2615 2599//2616 2600//2617
f 1073//1090 2601//2618 2602//2619
f 2603//2620 2604//2621 2605//2622
f 1081//1098 2606//2623 2607//2624
f 1246//1263 1561//1578 2608//2625
f 2609//2626 510//527 2610//2627
f 1563//1580 2611//2628 1564//1581
f 2612//2629 507//524 2613//2630
f 2525//2542 2524//2541 648//665
f 2614//2631 2615//2632 2616//2633
f 2531//2548 2530//2547 655//672
f 2617//2634 2618//2635 2619//2636
f 2620//2637 743//760 742//759
f 2621//2638 873//890 870//887
f 875//892 879//896 2622//2639
f 748//765 2623//2640 749//766
f 298//315 2624//2641 260//275
f 2625//2642 1104//1121 2626//2643
f 267//283 2627//2644 294//311
f 2628//2645 1112//1129 2629//2646
f 2630//2647 2631//2648 2632//2649
f 2633//2650 2634//2651 2635//2652
f 2636//2653 2637//2654 2638//2655
f 2149//2166 2639//2656 2640//2657
f 2641//2658 2642//2659 2643//2660
f 2644//2661 2155//2172 2645//2662
f 148//148 147//147 138//138
f 1177//1194 1176//1193 1178//1195
f 144//144 134//134 145//145
f 1181//1198 1180//1197 1182//1199
f 514//531 516//533 2646//2663
f 659//676 2647//2664 2648//2665
f 2649//2666 520//537 522//539
f 2650//2667 664//681 2651//2668
f 2652//2669 2653//2670 1965//1982
f 1560//1577 1246//1263 1248//1265
f 1969//1986 2654//2671 2655//2672
f 1565//1582 1243//1260 1563//1580
f 2656//2673 2657//2674 2658//2675
f 2659//2676 2579//2596 2660//2677
f 2661//2678 2662//2679 2663//2680
f 2664//2681 2579//2596 2665//2682
f 2666//2683 2667//2684 2668//2685
f 2669//2686 2670//2687 2671//2688
f 2672//2689 2673//2690 2674//2691
f 2675//2692 2676//2693 2677//2694
f 2678//2695 2486//2503 2485//2502
f 2679//2696 2680//2697 2681//2698
f 2490//2507 2682//2699 2678//2695
f 2683//2700 2684//2701 2685//2702
f 1757//1774 1580//1597 2686//2703
f 1580//1597 1582//1599 618//635
f 2687//2704 1587//1604 1762//1779
f 1588//1605 1587//1604 625//642
f 2688//2705 2689//2706 2690//2707
f 2691//2708 2063//2080 751//768
f 2692//2709 2693//2710 2694//2711
f 2067//2084 2695//2712 759//776
f 1571//1588 23//23 1569//1586
f 2696//2713 2697//2714 2698//2715
f 20//20 1575//1592 1574//1591
f 2699//2716 2700//2717 2701//2718
f 2702//2719 2703//2720 1059//1076
f 2704//2721 2705//2722 2706//2723
f 2707//2724 1064//1081 2708//2725
f 2709//2726 2710//2727 2711//2728
f 2712//2729 2666//2683 2668//2685
f 2713//2730 2714//2731 2715//2732
f 2672//2689 2716//2733 2673//2690
f 2717//2734 2718//2735 2719//2736
f 2720//2737 2721//2738 1159//1176
f 949//966 951//968 2722//2739
f 2723//2740 2724//2741 1163//1180
f 2725//2742 954//971 956//973
f 1925//1942 2726//2743 2727//2744
f 2728//2745 2729//2746 723//740
f 2730//2747 2731//2748 1931//1948
f 2732//2749 2733//2750 729//746
f 2291//2308 2293//2310 2734//2751
f 29//29 2735//2752 2736//2753
f 2299//2316 2298//2315 2737//2754
f 2738//2755 2739//2756 27//27
f 2740//2757 2741//2758 2742//2759
f 2742//2759 1196//1213 1198//1215
f 2743//2760 2744//2761 2745//2762
f 1202//1219 1201//1218 2746//2763
f 2302//2319 918//935 1714//1731
f 2747//2764 2748//2765 2749//2766
f 925//942 2305//2322 1716//1733
f 2750//2767 2751//2768 2752//2769
f 1031//1048 2753//2770 1032//1049
f 2369//2386 2368//2385 2754//2771
f 2755//2772 1034//1051 1036//1053
f 2375//2392 2756//2773 2757//2774
f 1168//1185 1167//1184 2758//2775
f 2759//2776 2760//2777 2761//2778
f 1173//1190 2762//2779 1172//1189
f 2763//2780 2764//2781 2765//2782
f 2766//2783 2137//2154 1364//1381
f 2095//2112 2094//2111 2766//2783
f 2141//2158 2767//2784 1370//1387
f 2767//2784 2098//2115 2097//2114
f 1234//1251 2768//2785 2769//2786
f 2770//2787 2771//2788 2772//2789
f 2773//2790 2774//2791 1238//1255
f 2770//2787 2775//2792 2771//2788
f 2776//2793 1243//1260 2777//2794
f 2778//2795 2779//2796 2780//2797
f 2781//2798 2782//2799 2783//2800
f 2264//2281 2784//2801 1303//1320
f 2785//2802 2786//2803 2787//2804
f 2788//2805 2269//2286 1310//1327
f 2789//2806 1416//1433 2426//2443
f 2790//2807 2791//2808 1884//1901
f 2434//2451 1412//1429 2792//2809
f 1890//1907 2793//2810 2794//2811
f 2795//2812 2796//2813 462//479
f 2797//2814 2798//2815 2799//2816
f 2800//2817 458//475 2801//2818
f 2802//2819 2803//2820 2804//2821
f 2805//2822 2806//2823 2526//2543
f 2805//2822 2807//2824 2808//2825
f 2529//2546 2809//2826 2810//2827
f 2810//2827 2811//2828 2812//2829
f 2760//2777 2813//2830 2761//2778
f 2814//2831 18//18 2815//2832
f 2816//2833 2764//2781 2763//2780
f 2817//2834 13//13 2818//2835
f 2819//2836 2820//2837 2821//2838
f 692//709 691//708 2822//2839
f 2823//2840 2824//2841 2825//2842
f 695//712 697//714 2826//2843
f 2423//2440 2827//2844 2424//2441
f 2828//2845 2040//2057 2042//2059
f 2829//2846 2429//2446 2431//2448
f 2046//2063 2040//2057 2830//2847
f 111//111 128//128 130//130
f 1725//1742 2831//2848 2832//2849
f 126//126 125//125 109//109
f 1729//1746 2833//2850 2834//2851
f 1402//1419 1390//1407 2835//2852
f 2836//2853 2837//2854 2838//2855
f 2839//2856 1395//1412 1408//1425
f 2840//2857 2841//2858 2842//2859
f 774//791 2843//2860 2844//2861
f 2845//2862 2846//2863 2847//2864
f 2848//2865 2849//2866 781//798
f 2850//2867 2851//2868 2852//2869
f 2853//2870 2854//2871 2855//2872
f 2853//2870 2856//2873 2857//2874
f 2858//2875 2859//2876 2860//2877
f 2861//2878 2859//2876 2862//2879
f 2465//2482 579//596 578//595
f 2863//2880 2864//2881 2865//2882
f 2469//2486 584//601 583//600
f 2866//2883 2867//2884 2868//2885
f 2869//2886 1262//1279 1261//1278
f 1266//1283 1265//1282 2869//2886
f 2870//2887 380//397 379//396
f 700//717 2871//2888 594//611
f 2872//2889 376//393 375//392
f 598//615 2873//2890 704//721
f 2874//2891 1356//1373 1783//1800
f 2875//2892 2876//2893 2877//2894
f 1788//1805 1362//1379 2878//2895
f 2879//2896 2880//2897 2881//2898
f 1627//1644 2882//2899 1628//1645
f 2601//2618 908//925 2602//2619
f 1633//1650 2883//2900 1634//1651
f 2606//2623 916//933 2607//2624
f 2303//2320 2304//2321 1149//1166
f 2884//2901 2885//2902 2886//2903
f 1153//1170 2306//2323 2307//2324
f 2887//2904 2888//2905 2889//2906
f 2890//2907 2891//2908 2892//2909
f 1755//1772 2893//2910 620//637
f 2894//2911 2895//2912 2896//2913
f 1759//1776 626//643 2897//2914
f 2898//2915 2899//2916 2900//2917
f 1431//1448 2901//2918 2900//2917
f 2902//2919 2903//2920 2904//2921
f 1439//1456 2902//2919 2905//2922
f 2219//2236 2906//2923 2907//2924
f 2908//2925 2906//2923 2909//2926
f 2226//2243 2910//2927 2911//2928
f 2912//2929 2911//2928 2913//2930
f 2914//2931 2114//2131 2915//2932
f 328//345 327//344 2916//2933
f 2917//2934 2918//2935 2118//2135
f 323//340 2919//2936 324//341
f 2920//2937 1253//1270 1252//1269
f 2921//2938 2920//2937 1252//1269
f 1260//1277 2922//2939 1258//1275
f 2922//2939 2923//2940 1258//1275
f 2924//2941 1404//1421 1406//1423
f 2925//2942 2835//2852 2926//2943
f 2927//2944 1409//1426 1411//1428
f 2839//2856 2928//2945 2929//2946
f 2930//2947 2931//2948 2932//2949
f 2931//2948 2930//2947 2933//2950
f 2934//2951 2935//2952 2936//2953
f 2936//2953 2935//2952 2937//2954
f 2244//2261 2938//2955 2242//2259
f 2064//2081 2066//2083 2939//2956
f 2242//2259 2940//2957 2246//2263
f 2941//2958 2066//2083 2069//2086
f 2942//2959 2943//2960 2944//2961
f 2945//2962 2944//2961 2943//2960
f 2946//2963 2947//2964 2948//2965
f 2949//2966 2948//2965 2947//2964
f 2568//2585 2950//2967 2569//2586
f 2950//2967 2951//2968 2952//2969
f 2573//2590 2953//2970 2574//2591
f 2953//2970 2954//2971 2955//2972
f 11//11 2956//2973 2957//2974
f 1009//1026 2958//2975 2959//2976
f 2960//2977 2961//2978 9//9
f 2962//2979 2963//2980 1017//1034
f 2964//2981 2965//2982 1948//1965
f 2966//2983 2965//2982 2964//2981
f 2967//2984 2968//2985 2969//2986
f 1956//1973 2968//2985 2967//2984
f 2899//2916 2970//2987 2971//2988
f 2972//2989 2289//2306 2288//2305
f 2973//2990 2974//2991 2903//2920
f 2294//2311 2296//2313 2975//2992
f 2976//2993 2977//2994 1039//1056
f 2978//2995 2979//2996 614//631
f 1044//1061 2980//2997 1045//1062
f 611//628 2981//2998 2982//2999
f 1530//1547 2983//3000 2984//3001
f 2985//3002 2986//3003 2984//3001
f 1538//1555 2987//3004 2988//3005
f 2989//3006 2987//3004 2990//3007
f 2991//3008 2045//2062 2992//3009
f 2993//3010 1553//1570 2994//3011
f 2048//2065 2991//3008 2995//3012
f 2996//3013 2997//3014 1552//1569
f 2998//3015 2999//3016 3000//3017
f 3001//3018 3002//3019 3003//3020
f 3004//3021 3005//3022 3006//3023
f 3001//3018 3003//3020 3007//3024
f 3008//3025 3009//3026 3010//3027
f 77//77 2502//2519 3011//3028
f 3012//3029 3013//3030 3014//3031
f 2506//2523 74//74 3015//3032
f 3016//3033 3017//3034 3018//3035
f 3016//3033 1654//1671 1653//1670
f 3019//3036 3020//3037 3021//3038
f 3020//3037 1655//1672 1657//1674
f 40//40 57//57 56//56
f 123//123 122//122 3022//3039
f 53//53 37//37 54//54
f 121//121 3023//3040 119//119
f 511//528 2138//2155 2140//2157
f 3024//3041 3025//3042 3026//3043
f 2144//2161 2143//2160 518//535
f 3027//3044 3028//3045 3029//3046
f 3030//3047 1752//1769 1751//1768
f 3031//3048 3032//3049 3033//3050
f 1749//1766 3034//3051 1750//1767
f 3033//3050 3035//3052 3036//3053
f 1022//1039 3037//3054 3038//3055
f 3039//3056 3040//3057 3041//3058
f 3042//3059 3043//3060 1020//1037
f 3044//3061 3045//3062 3046//3063
f 772//789 3047//3064 773//790
f 1471//1488 3048//3065 3047//3064
f 3049//3066 778//795 777//794
f 3050//3067 1475//1492 3049//3066
f 2668//2685 2667//2684 3051//3068
f 1613//1630 1612//1629 3052//3069
f 2674//2691 2673//2690 3053//3070
f 3054//3071 1619//1636 1618//1635
f 3055//3072 409//426 421//438
f 3056//3073 3057//3074 3058//3075
f 417//434 406//423 3059//3076
f 3060//3077 3061//3078 3062//3079
f 3063//3080 3064//3081 3065//3082
f 3066//3083 764//781 981//998
f 3067//3084 3068//3085 3069//3086
f 3070//3087 985//1002 767//784
f 3071//3088 3072//3089 3073//3090
f 735//752 1764//1781 348//365
f 3074//3091 3075//3092 3076//3093
f 344//361 1768//1785 736//753
f 538//555 3077//3094 3078//3095
f 1357//1374 2459//2476 2458//2475
f 3079//3096 3080//3097 546//563
f 2463//2480 1361//1378 2461//2478
f 3081//3098 3082//3099 3083//3100
f 3084//3101 1772//1789 1774//1791
f 3085//3102 3086//3103 3087//3104
f 1778//1795 1777//1794 3088//3105
f 3089//3106 1021//1038 3090//3107
f 3091//3108 3092//3109 3039//3056
f 3093//3110 1018//1035 3094//3111
f 3095//3112 3096//3113 3097//3114
f 260//275 262//277 3098//3115
f 3099//3116 3100//3117 3101//3118
f 170//170 172//172 3102//3119
f 3056//3073 3058//3075 3103//3120
f 1294//1311 1296//1313 2209//2226
f 3104//3121 3105//3122 3106//3123
f 1302//1319 2213//2230 1300//1317
f 3107//3124 3108//3125 3109//3126
f 3110//3127 3111//3128 1927//1944
f 3112//3129 3113//3130 3111//3128
f 3114//3131 1935//1952 3115//3132
f 3115//3132 3116//3133 3117//3134
f 3071//3088 3118//3135 3072//3089
f 3119//3136 3120//3137 346//363
f 3121//3138 3076//3093 3075//3092
f 3122//3139 3123//3140 343//360
f 3124//3141 934//951 1391//1408
f 3125//3142 720//737 3126//3143
f 929//946 3127//3144 1394//1411
f 3128//3145 716//733 3125//3142
f 68//68 3129//3146 1684//1701
f 2703//2720 2702//2719 3130//3147
f 67//67 1681//1698 3131//3148
f 2707//2724 2708//2725 3132//3149
f 764//781 3133//3150 3134//3151
f 3133//3150 764//781 3066//3083
f 3135//3152 767//784 3136//3153
f 3070//3087 767//784 3135//3152
f 3060//3077 3137//3154 3061//3078
f 3138//3155 167//167 169//169
f 2983//3000 1530//1547 1532//1549
f 2646//2663 3139//3156 3140//3157
f 1538//1555 2988//3005 1536//1553
f 3141//3158 3142//3159 2649//2666
f 1461//1478 3143//3160 1460//1477
f 3144//3161 1460//1477 2320//2337
f 1466//1483 3145//3162 1469//1486
f 1466//1483 3146//3163 2324//2341
f 359//376 3147//3164 373//390
f 373//390 3148//3165 1694//1711
f 3149//3166 372//389 1697//1714
f 372//389 3150//3167 358//375
f 3151//3168 2292//2309 3152//3169
f 3153//3170 3030//3047 1751//1768
f 3154//3171 3155//3172 2297//2314
f 1750//1767 3034//3051 3156//3173
f 3157//3174 3158//3175 3159//3176
f 3160//3177 64//64 3159//3176
f 61//61 3161//3178 3162//3179
f 3163//3180 3164//3181 3165//3182
f 1139//1156 3166//3183 3167//3184
f 3168//3185 883//900 2417//2434
f 3169//3186 3170//3187 1146//1163
f 887//904 3171//3188 2420//2437
f 871//888 617//634 616//633
f 3084//3101 3172//3189 3173//3190
f 622//639 877//894 623//640
f 3174//3191 1778//1795 1478//1495
f 2408//2425 2355//2372 3175//3192
f 3175//3192 2354//2371 2405//2422
f 1296//1313 3176//3193 2207//2224
f 2207//2224 2209//2226 1296//1313
f 1300//1317 2214//2231 3177//3194
f 3178//3195 1300//1317 3177//3194
f 3179//3196 3180//3197 114//114
f 3181//3198 2741//2758 2740//2757
f 3182//3199 3183//3200 3184//3201
f 2745//2762 2744//2761 3185//3202
f 670//687 669//686 3186//3203
f 3187//3204 918//935 3188//3205
f 3189//3206 677//694 676//693
f 3190//3207 925//942 3191//3208
f 922//939 3192//3209 920//937
f 3193//3210 3194//3211 3195//3212
f 926//943 3196//3213 927//944
f 3197//3214 3198//3215 3199//3216
f 616//633 615//632 2101//2118
f 3200//3217 3201//3218 3202//3219
f 621//638 623//640 2105//2122
f 3203//3220 3204//3221 3205//3222
f 3206//3223 3207//3224 3208//3225
f 786//803 788//805 3209//3226
f 3210//3227 3211//3228 3212//3229
f 3209//3226 783//800 785//802
f 2403//2420 3213//3230 994//1011
f 1661//1678 3214//3231 1662//1679
f 3215//3232 2407//2424 1001//1018
f 1668//1685 3216//3233 1669//1686
f 3217//3234 3218//3235 2698//2715
f 3219//3236 3220//3237 3221//3238
f 2700//2717 3222//3239 3223//3240
f 3224//3241 3225//3242 3226//3243
f 3227//3244 3228//3245 3229//3246
f 3230//3247 3231//3248 3232//3249
f 1450//1467 157//157 3233//3250
f 3038//3055 2999//3016 2998//3015
f 3234//3251 159//159 1452//1469
f 3004//3021 3006//3023 3042//3059
f 3235//3252 3236//3253 2492//2509
f 2492//2509 3236//3253 2493//2510
f 3237//3254 3238//3255 2495//2512
f 2494//2511 3237//3254 2495//2512
f 3239//3256 827//844 826//843
f 3240//3257 3241//3258 3242//3259
f 830//847 829//846 3243//3260
f 3244//3261 3245//3262 3246//3263
f 3247//3264 2255//2272 3248//3265
f 3248//3265 3249//3266 3247//3264
f 3250//3267 2258//2275 3251//3268
f 3251//3268 3252//3269 3250//3267
f 3253//3270 3254//3271 3255//3272
f 373//390 1693//1710 627//644
f 3256//3273 3257//3274 3258//3275
f 372//389 632//649 1696//1713
f 3259//3276 3083//3100 3260//3277
f 3261//3278 1511//1528 3262//3279
f 3263//3280 3264//3281 3265//3282
f 1517//1534 3266//3283 3267//3284
f 1672//1689 3268//3285 1670//1687
f 3241//3258 3240//3257 3269//3286
f 1677//1694 3270//3287 1675//1692
f 3271//3288 3245//3262 3244//3261
f 3272//3289 3273//3290 2692//2709
f 2690//2707 3274//3291 3275//3292
f 3276//3293 3255//3272 3254//3271
f 3255//3272 3276//3293 3277//3294
f 3278//3295 3257//3274 3256//3273
f 3256//3273 3279//3296 3278//3295
f 3280//3297 2249//2266 3281//3298
f 1799//1816 3282//3299 2157//2174
f 3283//3300 2252//2269 3284//3301
f 2160//2177 3285//3302 1805//1822
f 3041//3058 3286//3303 3287//3304
f 3288//3305 3289//3306 3290//3307
f 3291//3308 3045//3062 3044//3061
f 3292//3309 3293//3310 3288//3305
f 3294//3311 3295//3312 3296//3313
f 3297//3314 2146//2163 2145//2162
f 3294//3311 3298//3315 3295//3312
f 2153//2170 2152//2169 3299//3316
f 3300//3317 807//824 1599//1616
f 3301//3318 807//824 3302//3319
f 3303//3320 1601//1618 815//832
f 3304//3321 3305//3322 815//832
f 795//812 1639//1656 1641//1658
f 2527//2544 1272//1289 2528//2545
f 803//820 1645//1662 1647//1664
f 2532//2549 1277//1294 2533//2550
f 3306//3323 3307//3324 3308//3325
f 3309//3326 771//788 3307//3324
f 3310//3327 3311//3328 3312//3329
f 3311//3328 779//796 3313//3330
f 3314//3331 1376//1393 1375//1392
f 3315//3332 1791//1808 1793//1810
f 1382//1399 3316//3333 1383//1400
f 1796//1813 1795//1812 3317//3334
f 3318//3335 3319//3336 1869//1886
f 1867//1884 3320//3337 3321//3338
f 1624//1641 3322//3339 1625//1642
f 3323//3340 3324//3341 3325//3342
f 1630//1647 3326//3343 1631//1648
f 3327//3344 3328//3345 3329//3346
f 3290//3307 3286//3303 3330//3347
f 3331//3348 3040//3057 3001//3018
f 3292//3309 3332//3349 3291//3308
f 3333//3350 3001//3018 3046//3063
f 3140//3157 2647//2664 3334//3351
f 1765//1782 3334//3351 1766//1783
f 3335//3352 3336//3353 3141//3158
f 3335//3352 1770//1787 1769//1786
f 3337//3354 3338//3355 1280//1297
f 1094//1111 536//553 535//552
f 3339//3356 3340//3357 1283//1300
f 1098//1115 542//559 541//558
f 3341//3358 3193//3210 3342//3359
f 3343//3360 1781//1798 3344//3361
f 3345//3362 3199//3216 3346//3363
f 3347//3364 1786//1803 3348//3365
f 2007//2024 910//927 3349//3366
f 2598//2615 2600//2617 3350//3367
f 2012//2029 3351//3368 914//931
f 2605//2622 2604//2621 3352//3369
f 1329//1346 3353//3370 3354//3371
f 3355//3372 2110//2127 2112//2129
f 3356//3373 3357//3374 1337//1354
f 2115//2132 2117//2134 3358//3375
f 448//465 3359//3376 449//466
f 2548//2565 1491//1508 3360//3377
f 446//463 3361//3378 447//464
f 2554//2571 3362//3379 1497//1514
f 905//922 3363//3380 2951//2968
f 3364//3381 1458//1475 3365//3382
f 2955//2972 3366//3383 912//929
f 3367//3384 1465//1482 3368//3385
f 3369//3386 2110//2127 3355//3372
f 3370//3387 2914//2931 2915//2932
f 3358//3375 2117//2134 3371//3388
f 3372//3389 2918//2935 2917//2934
f 2074//2091 3373//3390 2075//2092
f 3374//3391 682//699 684//701
f 2080//2097 2079//2096 3375//3392
f 687//704 686//703 3376//3393
f 3377//3394 2892//2909 766//783
f 1873//1890 3377//3394 45//45
f 3378//3395 2896//2913 3379//3396
f 3379//3396 1876//1893 41//41
f 659//676 3380//3397 657//674
f 2053//2070 3381//3398 3382//3399
f 3383//3400 664//681 663//680
f 2058//2075 3384//3401 3385//3402
f 2131//2148 3386//3403 2129//2146
f 1590//1607 987//1004 3387//3404
f 2136//2153 2135//2152 3388//3405
f 3389//3406 991//1008 1594//1611
f 3390//3407 3391//3408 3392//3409
f 900//917 3393//3410 3394//3411
f 3395//3412 3396//3413 3397//3414
f 3398//3415 3399//3416 904//921
f 2334//2351 2333//2350 752//769
f 2633//2650 752//769 2063//2080
f 2337//2354 758//775 2338//2355
f 2067//2084 758//775 2632//2649
f 3400//3417 3401//3418 1842//1859
f 1518//1535 3402//3419 2278//2295
f 1846//1863 3403//3420 3404//3421
f 2283//2300 3405//3422 1525//1542
f 3406//3423 81//81 73//73
f 3406//3423 73//73 3407//3424
f 80//80 3408//3425 78//78
f 3409//3426 3410//3427 78//78
f 860//877 3411//3428 859//876
f 2019//2036 2385//2402 2387//2404
f 864//881 865//882 3412//3429
f 2021//2038 2389//2406 2388//2405
f 1937//1954 2357//2374 1938//1955
f 3413//3430 3414//3431 2327//2344
f 2361//2378 1942//1959 1941//1958
f 3415//3432 3416//3433 2330//2347
f 1231//1248 3417//3434 715//732
f 2690//2707 3275//3292 2688//2705
f 712//729 3418//3435 1226//1243
f 3272//3289 2692//2709 2694//2711
f 1833//1850 3419//3436 2456//2473
f 3420//3437 3421//3438 3422//3439
f 3423//3440 1838//1855 2460//2477
f 3424//3441 3425//3442 3426//3443
f 3427//3444 1104//1121 1106//1123
f 660//677 662//679 1652//1669
f 1110//1127 1112//1129 3428//3445
f 666//683 668//685 1656//1673
f 3042//3059 3429//3446 3004//3021
f 3430//3447 3038//3055 2998//3015
f 3431//3448 1350//1367 3432//3449
f 1606//1623 3433//3450 1604//1621
f 3434//3451 3435//3452 1354//1371
f 1611//1628 3436//3453 1609//1626
f 1694//1711 3148//3165 3437//3454
f 3438//3455 1136//1153 1138//1155
f 3439//3456 3149//3166 1697//1714
f 1144//1161 1143//1160 3440//3457
f 2190//2207 3441//3458 3442//3459
f 2728//2745 723//740 3443//3460
f 2192//2209 3444//3461 3445//3462
f 2733//2750 3446//3463 729//746
f 1638//1655 1637//1654 3447//3464
f 2972//2989 3151//3168 2289//2306
f 3448//3465 1643//1660 1642//1659
f 2975//2992 2296//2313 3154//3171
f 523//540 525//542 3449//3466
f 3307//3324 3450//3467 3451//3468
f 3452//3469 530//547 529//546
f 3311//3328 3453//3470 3454//3471
f 1498//1515 1500//1517 3455//3472
f 3456//3473 1502//1519 980//997
f 1503//1520 1505//1522 3457//3474
f 984//1001 1507//1524 3458//3475
f 3459//3476 2956//2973 3460//3477
f 899//916 3460//3477 897//914
f 3461//3478 2961//2978 3462//3479
f 901//918 3461//3478 902//919
f 3463//3480 2053//2070 2052//2069
f 346//363 3120//3137 291//308
f 2059//2076 2058//2075 3464//3481
f 3122//3139 343//360 287//304
f 2083//2100 3465//3482 2084//2101
f 3465//3482 3466//3483 3467//3484
f 2088//2105 3468//3485 2089//2106
f 3469//3486 3470//3487 3468//3485
f 1592//1609 3471//3488 1590//1607
f 3472//3489 3473//3490 3474//3491
f 1594//1611 3475//3492 1595//1612
f 3476//3493 3477//3494 3478//3495
f 3479//3496 3480//3497 3481//3498
f 958//975 3482//3499 959//976
f 3483//3500 3484//3501 3485//3502
f 963//980 3486//3503 964//981
f 3209//3226 788//805 3487//3504
f 1961//1978 3488//3505 3489//3506
f 3487//3504 783//800 3209//3226
f 3488//3505 1966//1983 3489//3506
f 3490//3507 3491//3508 3492//3509
f 3493//3510 3003//3020 3002//3019
f 3490//3507 3494//3511 3495//3512
f 3496//3513 3007//3024 3003//3020
f 2230//2247 2232//2249 3497//3514
f 456//473 455//472 3498//3515
f 2234//2251 2236//2253 3499//3516
f 451//468 453//470 3500//3517
f 2558//2575 3501//3518 2559//2576
f 1850//1867 3502//3519 2856//2873
f 3503//3520 2564//2581 2563//2580
f 2861//2878 3504//3521 1858//1875
f 1293//1310 1292//1309 3505//3522
f 2703//2720 3130//3147 3506//3523
f 3507//3524 1297//1314 1299//1316
f 3508//3525 3132//3149 2708//2725
f 3509//3526 3510//3527 3511//3528
f 461//478 3512//3529 3513//3530
f 3514//3531 3515//3532 3516//3533
f 3517//3534 3518//3535 459//476
f 2381//2398 2245//2262 3519//3536
f 2086//2103 3520//3537 2087//2104
f 3521//3538 2247//2264 2383//2400
f 3522//3539 2091//2108 2093//2110
f 3523//3540 3505//3522 3524//3541
f 164//164 166//166 3525//3542
f 3526//3543 3507//3524 3527//3544
f 161//161 163//163 3528//3545
f 3529//3546 2128//2145 3530//3547
f 3510//3527 2128//2145 3511//3528
f 3531//3548 2133//2150 3532//3549
f 3514//3531 2133//2150 3515//3532
f 3533//3550 3534//3551 1082//1099
f 3490//3507 3533//3550 3491//3508
f 3535//3552 1087//1104 3536//3553
f 3495//3512 3535//3552 3490//3507
f 3537//3554 3538//3555 3539//3556
f 3540//3557 442//459 444//461
f 3541//3558 3542//3559 3543//3560
f 443//460 437//454 3544//3561
f 1051//1068 3545//3562 3546//3563
f 3547//3564 1915//1932 1917//1934
f 3548//3565 3549//3566 1055//1072
f 1923//1940 1922//1939 3550//3567
f 1206//1223 3551//3568 1207//1224
f 3552//3569 3553//3570 551//568
f 1210//1227 1212//1229 3554//3571
f 3555//3572 3556//3573 549//566
f 1420//1437 3557//3574 3558//3575
f 3559//3576 3560//3577 3561//3578
f 1424//1441 3562//3579 3563//3580
f 3564//3581 3565//3582 3566//3583
f 3567//3584 1156//1173 1158//1175
f 3568//3585 1156//1173 3567//3584
f 1161//1178 3569//3586 1162//1179
f 1161//1178 3570//3587 3569//3586
f 3315//3332 3571//3588 1791//1808
f 22//22 1569//1586 23//23
f 1795//1812 3572//3589 3317//3334
f 21//21 20//20 1574//1591
f 1186//1203 763//780 765//782
f 620//637 3573//3590 3574//3591
f 768//785 1192//1209 769//786
f 3575//3592 3576//3593 626//643
f 3230//3247 3232//3249 3577//3594
f 3578//3595 1430//1447 3230//3247
f 3227//3244 3579//3596 3228//3245
f 3227//3244 1435//1452 3580//3597
f 1487//1504 2448//2465 1488//1505
f 2448//2465 2449//2466 3581//3598
f 1492//1509 2450//2467 1493//1510
f 2452//2469 2450//2467 3582//3599
f 516//533 3583//3600 2646//2663
f 3584//3601 3585//3602 3586//3603
f 2649//2666 3587//3604 520//537
f 3588//3605 3589//3606 3590//3607
f 2075//2092 3591//3608 3592//3609
f 681//698 2920//2937 2921//2938
f 3593//3610 3594//3611 2079//2096
f 685//702 2923//2940 2922//2939
f 3595//3612 381//398 364//381
f 3596//3613 419//436 421//438
f 363//380 374//391 3597//3614
f 3598//3615 417//434 416//433
f 3231//3248 1429//1446 3599//3616
f 937//954 3600//3617 3601//3618
f 3229//3246 3602//3619 1436//1453
f 942//959 3603//3620 3604//3621
f 3605//3622 3606//3623 3607//3624
f 3608//3625 3609//3626 3610//3627
f 3611//3628 3612//3629 3613//3630
f 3614//3631 3615//3632 3616//3633
f 800//817 3617//3634 3618//3635
f 800//817 3618//3635 798//815
f 804//821 3619//3636 3620//3637
f 806//823 3619//3636 804//821
f 3621//3638 2620//2637 742//759
f 3610//3627 3607//3624 3622//3639
f 2623//2640 3623//3640 749//766
f 3624//3641 3612//3629 3616//3633
f 195//195 189//189 188//188
f 3625//3642 3430//3447 2998//3015
f 187//187 186//186 191//191
f 3004//3021 3429//3446 3625//3642
f 1280//1297 3626//3643 3337//3354
f 538//555 3078//3095 539//556
f 3627//3644 1283//1300 3340//3357
f 545//562 3079//3096 546//563
f 3018//3035 3628//3645 3629//3646
f 3018//3035 3017//3034 3628//3645
f 3021//3038 3630//3647 3631//3648
f 3019//3036 3021//3038 3631//3648
f 419//436 3632//3649 420//437
f 863//880 3633//3650 3411//3428
f 416//433 418//435 3634//3651
f 867//884 3412//3429 3635//3652
f 1377//1394 1985//2002 3636//3653
f 937//954 936//953 3600//3617
f 1381//1398 3637//3654 1989//2006
f 943//960 942//959 3604//3621
f 1149//1166 3638//3655 1148//1165
f 1149//1166 2884//2901 2886//2903
f 1152//1169 3639//3656 1153//1170
f 2889//2906 1153//1170 2887//2904
f 2510//2527 2509//2526 3640//3657
f 2509//2526 3641//3658 3640//3657
f 1705//1722 2513//2530 3642//3659
f 3643//3660 1705//1722 3642//3659
f 3644//3661 368//385 365//382
f 589//606 1085//1102 3645//3662
f 362//379 367//384 3646//3663
f 3647//3664 1090//1107 596//613
f 979//996 978//995 3648//3665
f 3649//3666 3650//3667 3651//3668
f 982//999 3652//3669 983//1000
f 3653//3670 3654//3671 3655//3672
f 3656//3673 2993//3010 2994//3011
f 3657//3674 3658//3675 3659//3676
f 2997//3014 2996//3013 3656//3673
f 3657//3674 3659//3676 3660//3677
f 3010//3027 3009//3026 129//129
f 1197//1214 1196//1213 3661//3678
f 3013//3030 127//127 3014//3031
f 1203//1220 3662//3679 1201//1218
f 3392//3409 960//977 3663//3680
f 3664//3681 957//974 959//976
f 3665//3682 968//985 3395//3412
f 3666//3683 963//980 965//982
f 1378//1395 1790//1807 3667//3684
f 2534//2551 1378//1395 3667//3684
f 1794//1811 1386//1403 3668//3685
f 3668//3685 1386//1403 2536//2553
f 3669//3686 3659//3676 3658//3675
f 3670//3687 3671//3688 3578//3595
f 3660//3677 3659//3676 3672//3689
f 3580//3597 3673//3690 3670//3687
f 3674//3691 960//977 3675//3692
f 1732//1749 2931//2948 2933//2950
f 3676//3693 3677//3694 968//985
f 2935//2952 1737//1754 2937//2954
f 1415//1432 3678//3695 1416//1433
f 2044//2061 2828//2845 2045//2062
f 1412//1429 3679//3696 1413//1430
f 2830//2847 2044//2061 2048//2065
f 1501//1518 3066//3083 981//998
f 3649//3666 3651//3668 3680//3697
f 3681//3698 3070//3087 1506//1523
f 3653//3670 3655//3672 3682//3699
f 3683//3700 3684//3701 3685//3702
f 1535//1552 3686//3703 3687//3704
f 3688//3705 3689//3706 3690//3707
f 1541//1558 3691//3708 3692//3709
f 3693//3710 554//571 553//570
f 3610//3627 3693//3710 3608//3625
f 560//577 3694//3711 561//578
f 3694//3711 3616//3633 3615//3632
f 3695//3712 3696//3713 3697//3714
f 2380//2397 2379//2396 3698//3715
f 3699//3716 3700//3717 3701//3718
f 2382//2399 2384//2401 3702//3719
f 3703//3720 3704//3721 3705//3722
f 3234//3251 1452//1469 3706//3723
f 2386//2403 3707//3724 3708//3725
f 3233//3250 3709//3726 1450//1467
f 3710//3727 3711//3728 1819//1836
f 3712//3729 151//151 150//150
f 3713//3730 3714//3731 1824//1841
f 153//153 152//152 3715//3732
f 2465//2482 3716//3733 3717//3734
f 515//532 514//531 3718//3735
f 2468//2485 3719//3736 2469//2486
f 522//539 521//538 3720//3737
f 2050//2067 3721//3738 3722//3739
f 3685//3702 3684//3701 3721//3738
f 3723//3740 2057//2074 3724//3741
f 3688//3705 3723//3740 3689//3706
f 3725//3742 3726//3743 3727//3744
f 3728//3745 2735//2752 3729//3746
f 3730//3747 3731//3748 3732//3749
f 3733//3750 2739//2756 3734//3751
f 1074//1091 3735//3752 1168//1185
f 3736//3753 3737//3754 1899//1916
f 1173//1190 3738//3755 1080//1097
f 3739//3756 3740//3757 1903//1920
f 3741//3758 2147//2164 1882//1899
f 3742//3759 2638//2655 2637//2654
f 1881//1898 2151//2168 3743//3760
f 2642//2659 3744//3761 2643//2660
f 3745//3762 3710//3727 3746//3763
f 3745//3762 3746//3763 3747//3764
f 3748//3765 3714//3731 3749//3766
f 3748//3765 3749//3766 3750//3767
f 3751//3768 3581//3598 3752//3769
f 3753//3770 3176//3193 2863//2880
f 3754//3771 3755//3772 3582//3599
f 3178//3195 3756//3773 2867//2884
f 3727//3744 3726//3743 3757//3774
f 22//22 24//24 3758//3775
f 3759//3776 3731//3748 3730//3747
f 3760//3777 19//19 21//21
f 3761//3778 2485//2502 3762//3779
f 2096//2113 3763//3780 1829//1846
f 2490//2507 3764//3781 3765//3782
f 1828//1845 3766//3783 2099//2116
f 1811//1828 3767//3784 3768//3785
f 2476//2493 3769//3786 568//585
f 1817//1834 3770//3787 3771//3788
f 3772//3789 2480//2497 576//593
f 3208//3225 3207//3224 2653//2670
f 2126//2143 672//689 3207//3224
f 3210//3227 2654//2671 3211//3228
f 3211//3228 680//697 3773//3790
f 1851//1868 2561//2578 3774//3791
f 2959//2976 2958//2975 3775//3792
f 3776//3793 2565//2582 1857//1874
f 3777//3794 2963//2980 2962//2979
f 1041//1058 1688//1705 2061//2078
f 2813//2830 2814//2831 2761//2778
f 1048//1065 2062//2079 1691//1708
f 2763//2780 3778//3795 2816//2833
f 2547//2564 3779//3796 3780//3797
f 2550//2567 3781//3798 2551//2568
f 3782//3799 3783//3800 2552//2569
f 2555//2572 3784//3801 2556//2573
f 3785//3802 1991//2008 3786//3803
f 3787//3804 2064//2081 2939//2956
f 3788//3805 1993//2010 3789//3806
f 3790//3807 2941//2958 2069//2086
f 3791//3808 3792//3809 2371//2388
f 183//183 3792//3809 2584//2601
f 3793//3810 3794//3811 2374//2391
f 2585//2602 3793//3810 180//180
f 496//513 3795//3812 3796//3813
f 3795//3812 496//513 3260//3277
f 3797//3814 3263//3280 504//521
f 504//521 3263//3280 3265//3282
f 3798//3815 3799//3816 3800//3817
f 719//736 3801//3818 3802//3819
f 3803//3820 3804//3821 3805//3822
f 3806//3823 3807//3824 717//734
f 3808//3825 1084//1101 1936//1953
f 2017//2034 2016//2033 1289//1306
f 1943//1960 1088//1105 3809//3826
f 2015//2032 2014//2031 1285//1302
f 3810//3827 3811//3828 3812//3829
f 3813//3830 3393//3410 900//917
f 3814//3831 3815//3832 3816//3833
f 904//921 3399//3416 3817//3834
f 1819//1836 3711//3728 1820//1837
f 124//124 123//123 1974//1991
f 3713//3730 1824//1841 1823//1840
f 121//121 120//120 1979//1996
f 2492//2509 3818//3835 3235//3252
f 3441//3458 3819//3836 3820//3837
f 3238//3255 3821//3838 3822//3839
f 3823//3840 3824//3841 3445//3462
f 3825//3842 3826//3843 719//736
f 3827//3844 3828//3845 3800//3817
f 717//734 3826//3843 3825//3842
f 3828//3845 3827//3844 3803//3820
f 1972//1989 3829//3846 1973//1990
f 1973//1990 635//652 634//651
f 3830//3847 1977//1994 1978//1995
f 640//657 1978//1995 641//658
f 3831//3848 3832//3849 171//171
f 3833//3850 3834//3851 2077//2094
f 168//168 3835//3852 3836//3853
f 2081//2098 3837//3854 3838//3855
f 3839//3856 3840//3857 3841//3858
f 1651//1668 3839//3856 3842//3859
f 3843//3860 3844//3861 3845//3862
f 1648//1665 3846//3863 3843//3860
f 2640//2657 2071//2088 649//666
f 1420//1437 1419//1436 3557//3574
f 2073//2090 2645//2662 654//671
f 3563//3580 1425//1442 1424//1441
f 1150//1167 413//430 3355//3372
f 3354//3371 1150//1167 3355//3372
f 412//429 1155//1172 3358//3375
f 1155//1172 3356//3373 3358//3375
f 811//828 3847//3864 812//829
f 50//50 3848//3865 1872//1889
f 816//833 3849//3866 817//834
f 49//49 1877//1894 3850//3867
f 1562//1579 3851//3868 2924//2941
f 2924//2941 2926//2943 1404//1421
f 3852//3869 1566//1583 2927//2944
f 1411//1428 2929//2946 2927//2944
f 3853//3870 405//422 3277//3294
f 402//419 3277//3294 405//422
f 3854//3871 586//603 588//605
f 404//421 3279//3296 399//416
f 3855//3872 3574//3591 689//706
f 3856//3873 2891//2908 2890//2907
f 693//710 3575//3592 3857//3874
f 2894//2911 3858//3875 2895//2912
f 846//863 2159//2176 4//4
f 3810//3827 3812//3829 4//4
f 3//3 2161//2178 852//869
f 3//3 3816//3833 3815//3832
f 3859//3876 440//457 3860//3877
f 3861//3878 1093//1110 1092//1109
f 3862//3879 439//456 3863//3880
f 1099//1116 3864//3881 1100//1117
f 3865//3882 3747//3764 1819//1836
f 2791//2808 1120//1137 1884//1901
f 3750//3767 3866//3883 1824//1841
f 1127//1144 2793//2810 1890//1907
f 279//296 278//295 2191//2208
f 3867//3884 724//741 726//743
f 2194//2211 275//292 277//294
f 732//749 731//748 3868//3885
f 322//339 2587//2604 1960//1977
f 2386//2403 322//339 1960//1977
f 1967//1984 2586//2603 321//338
f 1967//1984 321//338 2390//2407
f 1483//1500 3374//3391 3373//3390
f 3373//3390 3374//3391 2075//2092
f 3375//3392 3376//3393 1482//1499
f 2079//2096 3376//3393 3375//3392
f 3869//3886 3870//3887 1253//1270
f 36//36 1306//1323 34//34
f 3871//3888 3872//3889 1260//1277
f 1312//1329 31//31 33//33
f 2497//2514 3873//3890 1331//1348
f 1996//2013 1995//2012 3099//3116
f 3874//3891 2499//2516 1335//1352
f 3875//3892 2001//2018 2000//2017
f 3876//3893 3877//3894 3127//3144
f 3878//3895 3879//3896 3124//3141
f 3032//3049 3031//3048 1321//1338
f 1883//1900 3296//3313 3880//3897
f 3036//3053 3035//3052 1326//1343
f 1880//1897 3880//3897 3298//3315
f 448//465 932//949 934//951
f 3124//3141 3879//3896 934//951
f 931//948 447//464 929//946
f 929//946 3876//3893 3127//3144
f 2698//2715 3218//3235 3881//3898
f 646//663 3881//3898 3882//3899
f 2700//2717 3883//3900 3222//3239
f 3884//3901 3883//3900 652//669
f 969//986 2026//2043 3885//3902
f 280//297 921//938 920//937
f 3886//3903 2028//2045 975//992
f 276//293 926//943 928//945
f 3887//3904 3888//3905 3889//3906
f 3322//3339 1624//1641 3889//3906
f 3890//3907 3891//3908 3892//3909
f 3890//3907 1631//1648 3326//3343
f 3893//3910 3880//3897 3894//3911
f 3894//3911 3880//3897 3895//3912
f 2265//2282 3896//3913 633//650
f 633//650 3897//3914 634//651
f 2270//2287 639//656 3898//3915
f 3899//3916 639//656 641//658
f 2455//2472 2343//2360 2342//2359
f 3900//3917 3695//3712 3697//3714
f 2349//2366 2454//2471 2350//2367
f 3701//3718 3901//3918 3699//3716
f 3902//3919 484//501 486//503
f 3903//3920 3902//3919 890//907
f 490//507 492//509 3904//3921
f 3905//3922 896//913 3904//3921
f 3262//3279 1511//1528 3906//3923
f 1188//1205 2300//2317 3907//3924
f 1517//1534 3267//3284 3908//3925
f 3909//3926 2301//2318 1193//1210
f 3657//3674 2994//3011 3910//3927
f 3911//3928 636//653 638//655
f 3912//3929 2997//3014 3657//3674
f 642//659 644//661 3913//3930
f 3073//3090 3072//3089 3914//3931
f 3915//3932 659//676 658//675
f 3916//3933 3075//3092 3074//3091
f 665//682 664//681 3917//3934
f 3592//3609 3591//3608 3918//3935
f 150//150 3919//3936 3712//3729
f 3920//3937 3594//3611 3593//3610
f 3921//3938 153//153 3715//3732
f 633//650 1567//1584 3897//3914
f 2439//2456 2438//2455 1570//1587
f 1573//1590 639//656 3899//3916
f 2444//2461 2446//2463 1576//1593
f 3657//3674 2997//3014 3656//3673
f 3656//3673 2994//3011 3657//3674
f 280//297 3922//3939 278//295
f 3441//3458 3923//3940 3819//3836
f 3924//3941 276//293 275//292
f 3824//3841 3925//3942 3445//3462
f 1521//1538 479//496 3926//3943
f 2122//2139 1845//1862 3927//3944
f 3928//3945 476//493 1529//1546
f 3929//3946 1848//1865 2125//2142
f 2588//2605 2712//2729 2713//2730
f 2588//2605 2590//2607 2669//2686
f 2719//2736 2716//2733 2594//2611
f 2677//2694 2592//2609 2594//2611
f 3930//3947 3931//3948 3932//3949
f 1043//1060 17//17 3933//3950
f 3934//3951 3935//3952 3936//3953
f 3937//3954 14//14 1049//1066
f 3938//3955 3492//3509 3491//3508
f 3939//3956 1288//1305 2377//2394
f 3495//3512 3494//3511 3940//3957
f 2378//2395 1286//1303 3941//3958
f 3942//3959 304//321 306//323
f 1176//1193 590//607 3943//3960
f 302//319 301//318 3944//3961
f 595//612 1180//1197 3945//3962
f 3946//3963 3947//3964 1864//1881
f 1864//1881 3948//3965 3946//3963
f 39//39 35//35 34//34
f 2265//2282 3949//3966 3950//3967
f 33//33 32//32 38//38
f 2270//2287 3951//3968 3952//3969
f 2242//2259 3953//3970 2940//2957
f 2938//2955 3953//3970 2242//2259
f 2140//2157 512//529 511//528
f 2318//2335 2317//2334 3954//3971
f 517//534 2144//2161 518//535
f 2322//2339 3955//3972 2323//2340
f 1589//1606 3956//3973 674//691
f 1963//1980 1965//1982 3957//3974
f 678//695 3958//3975 1593//1610
f 1971//1988 3959//3976 1969//1986
f 579//596 2466//2483 3960//3977
f 734//751 3960//3977 3961//3978
f 737//754 3962//3979 2468//2485
f 3963//3980 3962//3979 737//754
f 591//608 3964//3981 589//606
f 1939//1956 3965//3982 1940//1957
f 596//613 3966//3983 597//614
f 3967//3984 1945//1962 1944//1961
f 3968//3985 3969//3986 2178//2195
f 1801//1818 1800//1817 3970//3987
f 3971//3988 2184//2201 3972//3989
f 3973//3990 1804//1821 1803//1820
f 3306//3323 3309//3326 3307//3324
f 1898//1915 3974//3991 1509//1526
f 3312//3329 3311//3328 3313//3330
f 1514//1531 3975//3992 1904//1921
f 1096//1113 3976//3993 3977//3994
f 1096//1113 3977//3994 1097//1114
f 1103//1120 3978//3995 3979//3996
f 1102//1119 3978//3995 1103//1120
f 101//101 100//100 91//91
f 3022//3039 40//40 123//123
f 86//86 98//98 97//97
f 37//37 3023//3040 121//121
f 3980//3997 846//863 847//864
f 3981//3998 3982//3999 2085//2102
f 851//868 852//869 3983//4000
f 2092//2109 3984//4001 3985//4002
f 3986//4003 1639//1656 795//812
f 2638//2655 3987//4004 2636//2653
f 803//820 1647//1664 3988//4005
f 2641//2658 3989//4006 2642//2659
f 1407//1424 1395//1412 3990//4007
f 1407//1424 1403//1420 3991//4008
f 3992//4009 467//484 466//483
f 3511//3528 2128//2145 3512//3529
f 464//481 3993//4010 465//482
f 3518//3535 2133//2150 3514//3531
f 3994//4011 3995//4012 3996//4013
f 3997//4014 1314//1331 3998//4015
f 3999//4016 4000//4017 4001//4018
f 1318//1335 4002//4019 4003//4020
f 1615//1632 3052//3069 4004//4021
f 1486//1503 4005//4022 4006//4023
f 1623//1640 4007//4024 3054//3071
f 1494//1511 4008//4025 4009//4026
f 2656//2673 69//69 4010//4027
f 1948//1965 1951//1968 69//69
f 2661//2678 4011//4028 66//66
f 1958//1975 1956//1973 66//66
f 1006//1023 1008//1025 4012//4029
f 1304//1321 4012//4029 1305//1322
f 1014//1031 4013//4030 1012//1029
f 4013//4030 1309//1326 1308//1325
f 4014//4031 2991//3008 4015//4032
f 4015//4032 2991//3008 4016//4033
f 2145//2162 2147//2164 4017//4034
f 4018//4035 2768//2785 1234//1251
f 4019//4036 2151//2168 2153//2170
f 1238//1255 2774//2791 4020//4037
f 1316//1333 4021//4038 613//630
f 1806//1823 613//630 1807//1824
f 4022//4039 1320//1337 609//626
f 1813//1830 609//626 1814//1831
f 381//398 397//414 365//382
f 4023//4040 3644//3661 365//382
f 374//391 362//379 394//411
f 362//379 4024//4041 4025//4042
f 260//275 3098//3115 4026//4043
f 430//447 391//408 312//329
f 4027//4044 270//286 267//283
f 310//327 390//407 426//443
f 3369//3386 3355//3372 413//430
f 2421//2438 413//430 415//432
f 3358//3375 3371//3388 412//429
f 410//427 412//429 2422//2439
f 3506//3523 166//166 4028//4045
f 4028//4045 3104//3121 3106//3123
f 161//161 3508//3525 4029//4046
f 3107//3124 3109//3126 4029//4046
f 3932//3949 3931//3948 4030//4047
f 999//1016 612//629 614//631
f 4031//4048 3934//3951 3936//3953
f 611//628 610//627 1003//1020
f 4032//4049 2049//2066 2051//2068
f 4033//4050 949//966 4032//4049
f 2055//2072 4034//4051 2056//2073
f 956//973 4035//4052 4034//4051
f 1196//1213 1199//1216 4036//4053
f 3181//3198 1199//1216 2741//2758
f 1201//1218 4037//4054 1204//1221
f 3185//3202 2744//2761 1204//1221
f 647//664 646//663 3882//3899
f 1130//1147 3280//3297 3281//3298
f 651//668 3884//3901 652//669
f 3283//3300 3284//3301 1134//1151
f 4038//4055 2077//2094 3834//3851
f 3591//3608 4039//4056 3918//3935
f 3837//3854 2081//2098 4040//4057
f 3920//3937 4041//4058 3594//3611
f 996//1013 823//840 822//839
f 4042//4059 2404//2421 2403//2420
f 819//836 821//838 1002//1019
f 2407//2424 2406//2423 4043//4060
f 2050//2067 3722//3739 4044//4061
f 4045//4062 4044//4061 4046//4063
f 2057//2074 4047//4064 3724//3741
f 4048//4065 4047//4064 4049//4066
f 1397//1414 4050//4067 3081//3098
f 3082//3099 3081//3098 4050//4067
f 3086//3103 4051//4068 1400//1417
f 4051//4068 3086//3103 3085//3102
f 1568//1585 1008//1025 1007//1024
f 2436//2453 1051//1068 2437//2454
f 1013//1030 1012//1029 1572//1589
f 2442//2459 1055//1072 2443//2460
f 3334//3351 1765//1782 3140//3157
f 1765//1782 4052//4069 4053//4070
f 3335//3352 3141//3158 1770//1787
f 4054//4071 4055//4072 1770//1787
f 2282//2299 2281//2298 2277//2294
f 1518//1535 4056//4073 1519//1536
f 2285//2302 2284//2301 2286//2303
f 1524//1541 4057//4074 1525//1542
f 385//402 360//377 342//359
f 385//402 4058//4075 360//377
f 382//399 341//358 357//374
f 382//399 357//374 4059//4076
f 2034//2051 2033//2050 4060//4077
f 4061//4078 4062//4079 4060//4077
f 2037//2054 4063//4080 2038//2055
f 4064//4081 4065//4082 4063//4080
f 1206//1223 1208//1225 4066//4083
f 4067//4084 3314//3331 1375//1392
f 1211//1228 1210//1227 4068//4085
f 4069//4086 1383//1400 3316//3333
f 44//44 1875//1892 45//45
f 44//44 3011//3028 2504//2521
f 41//41 1879//1896 42//42
f 3015//3032 42//42 2507//2524
f 1432//1449 1710//1727 1433//1450
f 4070//4087 4071//4088 4072//4089
f 1437//1454 1710//1727 1438//1455
f 4072//4089 4071//4088 4073//4090
f 4074//4091 4075//4092 2327//2344
f 4076//4093 2357//2374 2356//2373
f 2330//2347 4077//4094 4078//4095
f 4079//4096 2362//2379 2361//2378
f 4080//4097 4081//4098 4082//4099
f 4083//4100 4082//4099 4084//4101
f 4085//4102 4086//4103 4087//4104
f 4088//4105 4085//4102 4089//4106
f 4090//4107 4091//4108 4092//4109
f 4093//4110 4090//4107 4092//4109
f 3219//3236 1011//1028 3220//3237
f 2437//2454 1051//1068 4094//4111
f 3226//3243 3225//3242 1015//1032
f 1055//1072 2442//2459 4095//4112
f 4096//4113 2459//2476 2391//2408
f 2459//2476 4097//4114 4098//4115
f 2463//2480 4099//4116 2396//2413
f 4100//4117 2463//2480 4101//4118
f 713//730 753//770 714//731
f 4102//4119 4103//4120 4104//4121
f 757//774 711//728 710//727
f 4105//4122 4106//4123 4107//4124
f 3887//3904 4108//4125 3888//3905
f 4108//4125 2951//2968 2950//2967
f 3891//3908 4109//4126 3892//3909
f 2953//2970 2955//2972 4109//4126
f 4110//4127 4111//4128 4112//4129
f 4113//4130 4111//4128 4110//4127
f 4114//4131 4115//4132 4116//4133
f 4114//4131 4116//4133 4117//4134
f 4118//4135 4119//4136 360//377
f 4119//4136 347//364 346//363
f 4120//4137 357//374 4121//4138
f 343//360 345//362 4121//4138
f 498//515 4122//4139 4123//4140
f 1470//1487 4124//4141 2103//2120
f 4125//4142 502//519 4126//4143
f 2109//2126 4127//4144 1476//1493
f 4113//4130 111//111 113//113
f 76//76 107//107 4128//4145
f 110//110 109//109 4117//4134
f 4129//4146 104//104 75//75
f 2790//2807 1884//1901 1207//1224
f 1207//1224 1884//1901 1208//1225
f 1212//1229 1890//1907 2794//2811
f 1890//1907 1212//1229 1211//1228
f 178//178 177//177 4130//4147
f 3716//3733 515//532 3717//3734
f 173//173 175//175 4131//4148
f 4132//4149 521//538 3719//3736
f 4133//4150 4134//4151 1680//1697
f 1685//1702 4135//4152 4136//4153
f 4004//4021 3052//3069 932//949
f 448//465 450//467 932//949
f 3054//3071 4007//4024 931//948
f 931//948 445//462 447//464
f 2491//2508 4137//4154 4138//4155
f 1926//1943 1925//1942 2727//2744
f 3822//3839 4139//4156 2496//2513
f 2730//2747 1931//1948 1930//1947
f 4140//4157 4135//4152 4141//4158
f 4142//4159 4143//4160 4135//4152
f 4144//4161 4134//4151 4145//4162
f 4134//4151 4146//4163 4147//4164
f 4148//4165 986//1003 1715//1732
f 917//934 919//936 4149//4166
f 1719//1736 992//1009 4150//4167
f 4151//4168 924//941 923//940
f 4152//4169 4153//4170 1783//1800
f 3343//3360 3344//3361 2797//2814
f 4154//4171 1788//1805 4155//4172
f 2803//2820 3347//3364 3348//3365
f 3697//3714 3696//3713 4156//4173
f 1237//1254 1422//1439 4156//4173
f 3700//3717 3699//3716 4157//4174
f 1241//1258 4157//4174 1426//1443
f 1368//1385 2966//2983 1366//1383
f 4158//4175 3241//3258 3269//3286
f 2969//2986 1372//1389 1374//1391
f 3271//3288 3244//3261 4159//4176
f 2615//2632 2180//2197 2182//2199
f 798//815 1743//1760 2180//2197
f 2618//2635 2186//2203 2188//2205
f 806//823 2188//2205 1747//1764
f 3360//3377 4160//4177 2548//2565
f 4161//4178 1291//1308 1293//1310
f 4162//4179 3362//3379 2554//2571
f 1299//1316 1298//1315 4163//4180
f 3914//3931 4164//4181 3073//3090
f 734//751 3961//3978 4165//4182
f 3916//3933 3074//3091 4166//4183
f 3963//3980 4167//4184 3962//3979
f 2370//2387 4168//4185 4169//4186
f 2370//2387 3791//3808 2371//2388
f 4170//4187 2372//2389 4171//4188
f 2374//2391 3794//3811 2372//2389
f 3632//3649 4172//4189 420//437
f 3472//3489 671//688 670//687
f 418//435 4173//4190 3634//3651
f 676//693 675//692 3478//3495
f 4174//4191 2589//2606 2715//2732
f 3176//3193 1296//1313 4175//4192
f 2717//2734 2593//2610 4176//4193
f 4177//4194 1300//1317 3178//3195
f 3254//3271 1137//1154 1136//1153
f 4178//4195 4179//4196 3168//3185
f 1143//1160 1142//1159 3257//3274
f 4180//4197 3171//3188 4181//4198
f 4182//4199 1349//1366 1916//1933
f 4183//4200 979//996 4184//4201
f 1921//1938 1351//1368 4185//4202
f 3652//3669 982//999 4186//4203
f 4187//4204 612//629 999//1016
f 3996//4013 1346//1363 1345//1362
f 610//627 4188//4205 1003//1020
f 1343//1360 4001//4018 1341//1358
f 2473//2490 2475//2492 4189//4206
f 2470//2487 2472//2489 2475//2492
f 4190//4207 2703//2720 3506//3523
f 3506//3523 4028//4045 4190//4207
f 4191//4208 3508//3525 2708//2725
f 3508//3525 4191//4208 4029//4046
f 3000//3017 4192//4209 2998//3015
f 3004//3021 4192//4209 3005//3022
f 2008//2025 3323//3340 2009//2026
f 1661//1678 4193//4210 3214//3231
f 2013//2030 3329//3346 2011//2028
f 1669//1686 3216//3233 4194//4211
f 4195//4212 4196//4213 4197//4214
f 485//502 4197//4214 4196//4213
f 4198//4215 4199//4216 4200//4217
f 4198//4215 491//508 4199//4216
f 4201//4218 4202//4219 4203//4220
f 4204//4221 4205//4222 4206//4223
f 4201//4218 4207//4224 4202//4219
f 4208//4225 4204//4221 4209//4226
f 4210//4227 4161//4178 1293//1310
f 4211//4228 2546//2563 2548//2565
f 4212//4229 1299//1316 4163//4180
f 2553//2570 4213//4230 2554//2571
f 2748//2765 2747//2764 3055//3072
f 2747//2764 1998//2015 1997//2014
f 2752//2769 3059//3076 2750//2767
f 424//441 423//440 2750//2767
f 4214//4231 1673//1690 1672//1689
f 1672//1689 3763//3780 2096//2113
f 4215//4232 1675//1692 1678//1695
f 1675//1692 2099//2116 3766//3783
f 4119//4136 346//363 340//357
f 346//363 291//308 290//307
f 339//356 343//360 4121//4138
f 287//304 343//360 288//305
f 3481//3498 3480//3497 3401//3418
f 3402//3419 3401//3418 3400//3417
f 3403//3420 3484//3501 3483//3500
f 3404//3421 3403//3420 3405//3422
f 3779//3796 4216//4233 3780//3797
f 2546//2563 4211//4228 4217//4234
f 4218//4235 3783//3800 3782//3799
f 2553//2570 4219//4236 4213//4230
f 2844//2861 2843//2860 4220//4237
f 4221//4238 1165//1182 1164//1181
f 2848//2865 4222//4239 2849//2866
f 1170//1187 4223//4240 1171//1188
f 4224//4241 4225//4242 1215//1232
f 4226//4243 3509//3526 3511//3528
f 4227//4244 1221//1238 4228//4245
f 3514//3531 3516//3533 4229//4246
f 620//637 765//782 3573//3590
f 766//783 4230//4247 691//708
f 769//786 626//643 3576//3593
f 770//787 3378//3395 696//713
f 4231//4248 1940//1957 1176//1193
f 4231//4248 1176//1193 4232//4249
f 1180//1197 1944//1961 4233//4250
f 1180//1197 4233//4250 4234//4251
f 3241//3258 1367//1384 3242//3259
f 4204//4221 4203//4220 4205//4222
f 1372//1389 3246//3263 1373//1390
f 4208//4225 4207//4224 4204//4221
f 2240//2257 1215//1232 4225//4242
f 4235//4252 3192//3209 3195//3212
f 1221//1238 4236//4253 4228//4245
f 4237//4254 3197//3214 3196//3213
f 1189//1206 1188//1205 4123//4140
f 3907//3924 4238//4255 1188//1205
f 4126//4143 1193//1210 1195//1212
f 4239//4256 3909//3926 1193//1210
f 1654//1671 1108//1125 4240//4257
f 4045//4062 660//677 1652//1669
f 1657//1674 4241//4258 1114//1131
f 668//685 4049//4066 1656//1673
f 4242//4259 4243//4260 4244//4261
f 4244//4261 4245//4262 4246//4263
f 3940//3957 4247//4264 4248//4265
f 4248//4265 4247//4264 3938//3955
f 1236//1253 1421//1438 1237//1254
f 4249//4266 2769//2786 4250//4267
f 1241//1258 1427//1444 1242//1259
f 4251//4268 2773//2790 4252//4269
f 4253//4270 4254//4271 4255//4272
f 4256//4273 4257//4274 755//772
f 4258//4275 4259//4276 4260//4277
f 4261//4278 4262//4279 760//777
f 1712//1729 4148//4165 1715//1732
f 4263//4280 3509//3526 4226//4243
f 1719//1736 4150//4167 1718//1735
f 4229//4246 3516//3533 4264//4281
f 3764//3781 2490//2507 2678//2695
f 2485//2502 3761//3778 2678//2695
f 4265//4282 4266//4283 1906//1923
f 2779//2796 4265//4282 2780//2797
f 1910//1927 4266//4283 4265//4282
f 2776//2793 2777//2794 4265//4282
f 1961//1978 2587//2604 3488//3505
f 2587//2604 322//339 308//325
f 3488//3505 2586//2603 1966//1983
f 2586//2603 307//324 321//338
f 4267//4284 2541//2558 554//571
f 4267//4284 1850//1867 2541//2558
f 4268//4285 560//577 2544//2561
f 2544//2561 1858//1875 4268//4285
f 3056//3073 4269//4286 3057//3074
f 3057//3074 355//372 371//388
f 4270//4287 3060//3077 3062//3079
f 352//369 3062//3079 369//386
f 4271//4288 824//841 2272//2289
f 4272//4289 2487//2504 2486//2503
f 4273//4290 2271//2288 820//837
f 4274//4291 2489//2506 4275//4292
f 1461//1478 1460//1477 1459//1476
f 3047//3064 3048//3065 773//790
f 1464//1481 1466//1483 1469//1486
f 777//794 3050//3067 3049//3066
f 4276//4293 4277//4294 1396//1413
f 1396//1413 2815//2832 4278//4295
f 4279//4296 1399//1416 4280//4297
f 1399//1416 4281//4298 2817//2834
f 3946//3963 4282//4299 1865//1882
f 3800//3817 3828//3845 3798//3815
f 1871//1888 4283//4300 3946//3963
f 3805//3822 3828//3845 3803//3820
f 1984//2001 1983//2000 3636//3653
f 3600//3617 2901//2918 3601//3618
f 1988//2005 1987//2004 3637//3654
f 4284//4301 2905//2922 3604//3621
f 2272//2289 2487//2504 4272//4289
f 1555//1572 833//850 832//849
f 4274//4291 4275//4292 2271//2288
f 837//854 1558//1575 838//855
f 4285//4302 1271//1288 2808//2825
f 2640//2657 2639//2656 2071//2088
f 2811//2828 1278//1295 4286//4303
f 2645//2662 2073//2090 2644//2661
f 100//100 89//89 91//91
f 4287//4304 3819//3836 3923//3940
f 98//98 86//86 88//88
f 3925//3942 3824//3841 4288//4305
f 2497//2514 1332//1349 4289//4306
f 1332//1349 4290//4307 4291//4308
f 1338//1355 2499//2516 4292//4309
f 4293//4310 4294//4311 1338//1355
f 790//807 4295//4312 733//750
f 4296//4313 790//807 401//418
f 4297//4314 794//811 738//755
f 400//417 794//811 4298//4315
f 2882//2899 4299//4316 908//925
f 908//925 4299//4316 909//926
f 916//933 4300//4317 2883//2900
f 915//932 4300//4317 916//933
f 2616//2633 2615//2632 2182//2199
f 3561//3578 4301//4318 3970//3987
f 2617//2634 2186//2203 2618//2635
f 3973//3990 4302//4319 3566//3583
f 4303//4320 4304//4321 95//95
f 99//99 3820//3837 100//100
f 92//92 4305//4322 84//84
f 98//98 3823//3840 96//96
f 4306//4323 414//431 4307//4324
f 1720//1737 1725//1742 4308//4325
f 4309//4326 411//428 4310//4327
f 1728//1745 4311//4328 1729//1746
f 824//841 4312//4329 2353//2370
f 2484//2501 824//841 4271//4288
f 2353//2370 4312//4329 820//837
f 2484//2501 4273//4290 820//837
f 4252//4269 2773//2790 4313//4330
f 4313//4330 2769//2786 4249//4266
f 4314//4331 4315//4332 1484//1501
f 2377//2394 1290//1307 1484//1501
f 4314//4331 1481//1498 4315//4332
f 1481//1498 1287//1304 2378//2395
f 1011//1028 1010//1027 3220//3237
f 2959//2976 3775//3792 3220//3237
f 3225//3242 1016//1033 1015//1032
f 3225//3242 3777//3794 2962//2979
f 1553//1570 4316//4333 2576//2593
f 2993//3010 4016//4033 1553//1570
f 2577//2594 4317//4334 1552//1569
f 1552//1569 4014//4031 2996//3013
f 4102//4119 4318//4335 4319//4336
f 3467//3484 3466//3483 4319//4336
f 4320//4337 4321//4338 4107//4124
f 4320//4337 3470//3487 3469//3486
f 2845//2862 1042//1059 2846//2863
f 1042//1059 2845//2862 1043//1060
f 1047//1064 2850//2867 2852//2869
f 2850//2867 1047//1064 1049//1066
f 2245//2262 1027//1044 1029//1046
f 4322//4339 2245//2262 4323//4340
f 2247//2264 1024//1041 1026//1043
f 2247//2264 4324//4341 4325//4342
f 2359//2376 4326//4343 2360//2377
f 156//156 155//155 4327//4344
f 4328//4345 2365//2382 2364//2381
f 1709//1726 160//160 159//159
f 3736//3753 1895//1912 3737//3754
f 3260//3277 3261//3278 3262//3279
f 3739//3756 1900//1917 3740//3757
f 3267//3284 3266//3283 3265//3282
f 4329//4346 873//890 4330//4347
f 2558//2575 4331//4348 3501//3518
f 4332//4349 879//896 4333//4350
f 3503//3520 4334//4351 2564//2581
f 4316//4333 4335//4352 2576//2593
f 2942//2959 4335//4352 4336//4353
f 4337//4354 4317//4334 2577//2594
f 2946//2963 4338//4355 4337//4354
f 3859//3876 4339//4356 440//457
f 2199//2216 2113//2130 4340//4357
f 439//456 4341//4358 3863//3880
f 4342//4359 2119//2136 2203//2220
f 856//873 4343//4360 1432//1449
f 2900//2917 2899//2916 2971//2988
f 4344//4361 855//872 1438//1455
f 2902//2919 2973//2990 2903//2920
f 4345//4362 2166//2183 2165//2182
f 2387//2404 3411//3428 860//877
f 2168//2185 2170//2187 4346//4363
f 864//881 3412//3429 2389//2406
f 3406//3423 3407//3424 4347//4364
f 4348//4365 90//90 2027//2044
f 3409//3426 78//78 3408//3425
f 2031//2048 87//87 4349//4366
f 4350//4367 1914//1931 495//512
f 1914//1931 493//510 495//512
f 1918//1935 499//516 501//518
f 4351//4368 499//516 1918//1935
f 4142//4159 2519//2536 3585//3602
f 4142//4159 4135//4152 3129//3146
f 2523//2540 4147//4164 3588//3605
f 3131//3148 4134//4151 4147//4164
f 2884//2901 1216//1233 2885//2902
f 2302//2319 4352//4369 2304//2321
f 2888//2905 1220//1237 2889//2906
f 2306//2323 4353//4370 2305//2322
f 4354//4371 4231//4248 4232//4249
f 4355//4372 4356//4373 3833//3850
f 4233//4250 4357//4374 4234//4251
f 4358//4375 3838//3855 4359//4376
f 2720//2737 1757//1774 2721//2738
f 1757//1774 2686//2703 4360//4377
f 1762//1779 2724//2741 2723//2740
f 4361//4378 2687//2704 1762//1779
f 389//406 371//388 4362//4379
f 388//405 371//388 389//406
f 387//404 369//386 386//403
f 370//387 369//386 387//404
f 4363//4380 2659//2676 2660//2677
f 1265//1282 1264//1281 4364//4381
f 2664//2681 2665//2682 4365//4382
f 4366//4383 1263//1280 1262//1279
f 4367//4384 2726//2743 4368//4385
f 4369//4386 4370//4387 4367//4384
f 4371//4388 2731//2748 4372//4389
f 79//79 4373//4390 4372//4389
f 401//418 629//646 402//419
f 3255//3272 629//646 3253//3270
f 400//417 399//416 631//648
f 631//648 3256//3273 3258//3275
f 4374//4391 2640//2657 649//666
f 2148//2165 2150//2167 4375//4392
f 654//671 2645//2662 4376//4393
f 2156//2173 4377//4394 2154//2171
f 4378//4395 826//843 825//842
f 2680//2697 825//842 4379//4396
f 4380//4397 828//845 830//847
f 828//845 2685//2702 4381//4398
f 1428//1445 3599//3616 1429//1446
f 3599//3616 551//568 3553//3570
f 1434//1451 1436//1453 3602//3619
f 3602//3619 3555//3572 549//566
f 1390//1407 933//950 2835//2852
f 1390//1407 934//951 933//950
f 2839//2856 930//947 1395//1412
f 930//947 929//946 1395//1412
f 3103//3120 4382//4399 3056//3073
f 4383//4400 4382//4399 4384//4401
f 2317//2334 512//529 2140//2157
f 2319//2336 1579//1596 1581//1598
f 2323//2340 2144//2161 517//534
f 1585//1602 2325//2342 1586//1603
f 799//816 4385//4402 800//817
f 4386//4403 2527//2544 1267//1284
f 804//821 4387//4404 805//822
f 1275//1292 2533//2550 4388//4405
f 2100//2117 1578//1595 4389//4406
f 3172//3189 616//633 3173//3190
f 1583//1600 2106//2123 4390//4407
f 623//640 4391//4408 3174//3191
f 2558//2575 4392//4409 4331//4348
f 4392//4409 2558//2575 2540//2557
f 2564//2581 4334//4351 4393//4410
f 2564//2581 4393//4410 2543//2560
f 3249//3266 436//453 435//452
f 1331//1348 3873//3890 1329//1346
f 432//449 431//448 3252//3269
f 1337//1354 3874//3891 1335//1352
f 1533//1550 1535//1552 3687//3704
f 3567//3584 1158//1175 2986//3003
f 3691//3708 1541//1558 1540//1557
f 3569//3586 2990//3007 1162//1179
f 3981//3998 481//498 1990//2007
f 4323//4340 2087//2104 4322//4339
f 3985//4002 1992//2009 487//504
f 4324//4341 2093//2110 4325//4342
f 4394//4411 2308//2325 2172//2189
f 1443//1460 2172//2189 2171//2188
f 4395//4412 2174//2191 2310//2327
f 2174//2191 1448//1465 2175//2192
f 4183//4200 4396//4413 979//996
f 4396//4413 980//997 979//996
f 4397//4414 982//999 984//1001
f 982//999 4397//4414 4186//4203
f 4398//4415 4399//4416 3405//3422
f 4398//4415 3402//3419 4399//4416
f 3763//3780 3762//3779 1829//1846
f 2680//2697 4378//4395 825//842
f 1828//1845 3765//3782 3766//3783
f 4380//4397 2685//2702 828//845
f 4058//4075 388//405 334//351
f 4058//4075 396//413 381//398
f 331//348 386//403 4059//4076
f 374//391 395//412 4059//4076
f 1800//1817 4400//4417 3970//3987
f 1800//1817 2157//2174 4401//4418
f 4402//4419 1804//1821 3973//3990
f 1804//1821 4403//4420 2160//2177
f 2957//2974 2956//2973 3459//3476
f 2248//2265 3459//3476 4404//4421
f 3462//3479 2961//2978 2960//2977
f 4405//4422 3462//3479 2251//2268
f 1022//1039 4406//4423 3037//3054
f 1021//1038 3089//3106 1022//1039
f 1020//1037 3043//3060 4407//4424
f 1018//1035 1020//1037 4407//4424
f 4408//4425 2951//2968 3363//3380
f 2032//2049 2318//2335 3954//3971
f 3366//3383 2955//2972 4409//4426
f 2036//2053 3955//3972 2322//2339
f 4410//4427 673//690 672//689
f 3529//3546 3530//3547 4411//4428
f 679//696 3773//3790 680//697
f 4412//4429 3531//3548 3532//3549
f 2148//2165 4413//4430 2149//2166
f 3741//3758 4195//4212 2147//2164
f 2155//2172 4414//4431 2156//2173
f 3743//3760 2151//2168 4200//4217
f 1295//1312 3716//3733 2465//2482
f 3716//3733 4130//4147 4415//4432
f 2469//2486 3719//3736 1301//1318
f 4416//4433 4131//4148 3719//3736
f 1315//1332 1345//1362 1344//1361
f 1344//1361 3926//3943 2478//2495
f 1342//1359 1341//1358 1317//1334
f 2481//2498 3928//3945 1342//1359
f 1508//1525 1510//1527 1075//1092
f 2882//2899 908//925 2601//2618
f 1079//1096 1513//1530 1515//1532
f 2607//2624 916//933 2883//2900
f 4417//4434 1590//1607 3471//3488
f 4417//4434 4411//4428 3386//3403
f 3475//3492 1594//1611 4418//4435
f 4418//4435 3388//3405 4412//4429
f 1700//1717 1702//1719 4419//4436
f 2856//2873 3502//3519 2857//2874
f 1708//1725 4420//4437 1706//1723
f 3504//3521 2861//2878 2862//2879
f 739//756 4421//4438 1602//1619
f 4422//4439 871//888 870//887
f 747//764 1607//1624 4423//4440
f 875//892 877//894 4424//4441
f 4425//4442 2625//2642 2624//2641
f 4426//4443 4427//4444 4428//4445
f 2629//2646 4429//4446 2627//2644
f 4430//4447 4431//4448 4432//4449
f 2465//2482 3717//3734 2466//2483
f 2466//2483 4433//4450 3960//3977
f 2468//2485 4132//4149 3719//3736
f 4434//4451 2468//2485 3962//3979
f 3243//3260 829//846 2474//2491
f 827//844 3239//3256 2470//2487
f 4435//4452 2455//2472 2342//2359
f 2347//2364 4435//4452 4257//4274
f 2350//2367 2454//2471 4436//4453
f 4261//4278 4436//4453 2352//2369
f 4437//4454 3200//3217 3202//3219
f 3605//3622 4438//4455 3606//3623
f 3203//3220 3205//3222 4439//4456
f 3613//3630 4440//4457 3611//3628
f 1484//1501 1290//1307 4441//4458
f 1290//1307 4442//4459 4441//4458
f 4443//4460 1287//1304 1481//1498
f 4443//4460 4444//4461 1287//1304
f 2292//2309 3903//3920 3152//3169
f 1751//1768 1753//1770 4445//4462
f 3155//3172 3905//3922 2297//2314
f 4446//4463 1748//1765 1750//1767
f 1107//1124 4447//4464 1108//1125
f 4426//4443 4448//4465 4427//4444
f 1114//1131 4449//4466 1115//1132
f 4432//4449 4450//4467 4430//4447
f 1853//1870 1855//1872 1440//1457
f 4451//4468 567//584 566//583
f 1446//1463 1859//1876 1861//1878
f 572//589 571//588 4452//4469
f 1532//1549 3139//3156 2983//3000
f 2648//2665 2647//2664 950//967
f 3142//3159 1536//1553 2988//3005
f 955//972 2650//2667 2651//2668
f 2667//2684 4453//4470 881//898
f 2667//2684 881//898 454//471
f 885//902 4454//4471 2674//2691
f 885//902 2674//2691 452//469
f 4308//4325 4307//4324 1720//1737
f 1721//1738 1720//1737 4455//4472
f 1728//1745 4309//4326 4311//4328
f 1727//1744 4456//4473 1728//1745
f 3802//3819 3801//3818 4457//4474
f 4458//4475 1491//1508 4459//4476
f 4460//4477 3807//3824 3806//3823
f 4461//4478 4460//4477 4462//4479
f 741//758 4437//4454 4463//4480
f 4464//4481 4465//4482 4466//4483
f 4467//4484 4439//4456 745//762
f 4468//4485 4469//4486 4470//4487
f 3433//3450 1606//1623 4471//4488
f 1701//1718 1700//1717 4472//4489
f 4473//4490 1609//1626 3436//3453
f 1707//1724 4474//4491 1708//1725
f 4475//4492 566//583 565//582
f 958//975 478//495 480//497
f 573//590 572//589 4476//4493
f 964//981 475//492 477//494
f 1613//1630 454//471 4477//4494
f 3051//3068 2667//2684 454//471
f 1618//1635 4478//4495 452//469
f 2674//2691 3053//3070 452//469
f 3202//3219 2101//2118 4465//4482
f 4463//4480 4465//4482 4464//4481
f 4469//4486 4479//4496 3203//3220
f 4470//4487 4469//4486 4467//4484
f 3301//3318 3302//3319 4480//4497
f 1197//1214 4481//4498 1597//1614
f 4482//4499 3305//3322 3304//3321
f 4483//4500 4484//4501 1203//1220
f 2653//2670 2652//2669 3208//3225
f 4485//4502 1964//1981 1963//1980
f 3210//3227 2655//2672 2654//2671
f 4486//4503 1971//1988 1970//1987
f 46//46 45//45 2782//2799
f 692//709 2820//2837 2819//2836
f 41//41 43//43 2785//2802
f 697//714 2824//2841 2823//2840
f 3596//3613 4487//4504 419//436
f 2870//2887 379//396 364//381
f 416//433 4488//4505 3598//3615
f 363//380 376//393 2872//2889
f 4489//4506 4490//4507 1836//1853
f 4096//4113 2457//2474 2459//2476
f 1840//1857 4491//4508 4492//4509
f 2462//2479 4099//4116 2463//2480
f 1104//1121 292//309 291//308
f 1104//1121 2625//2642 4425//4442
f 289//306 1112//1129 287//304
f 2629//2646 1112//1129 4429//4446
f 4493//4510 4494//4511 1528//1545
f 4495//4512 4496//4513 1522//1539
f 24//24 1742//1759 1741//1758
f 4497//4514 3617//3634 3725//3742
f 1746//1763 4086//4103 19//19
f 3732//3749 3620//3637 4498//4515
f 3680//3697 4499//4516 3649//3666
f 3202//3219 3201//3218 4500//4517
f 3655//3672 3681//3698 3682//3699
f 4479//4496 3204//3221 3203//3220
f 1306//1323 4501//4518 1307//1324
f 2782//2799 2821//2838 2783//2800
f 1311//1328 4502//4519 1312//1329
f 2825//2842 2785//2802 2787//2804
f 473//490 2609//2626 2610//2627
f 4489//4506 4503//4520 4490//4507
f 2612//2629 2613//2630 470//487
f 4504//4521 4492//4509 4491//4508
f 3751//3768 2863//2880 1617//1634
f 3752//3769 2863//2880 4505//4522
f 2867//2884 3754//3771 1621//1638
f 2867//2884 3756//3773 3754//3771
f 1742//1759 1053//1070 1740//1757
f 4506//4523 4080//4097 2696//2713
f 1744//1761 1057//1074 1745//1762
f 2699//2716 4087//4104 4507//4524
f 4050//4067 3084//3101 3796//3813
f 497//514 1473//1490 1472//1489
f 3797//3814 3088//3105 4051//4068
f 1479//1496 1478//1495 503//520
f 2296//2313 2295//2312 1748//1765
f 2289//2306 1753//1770 2290//2307
f 3072//3089 3120//3137 3119//3136
f 3914//3931 3072//3089 3119//3136
f 3075//3092 3123//3140 3122//3139
f 3075//3092 3916//3933 3123//3140
f 3685//3702 3721//3738 2050//2067
f 2050//2067 2049//2066 4508//4525
f 3723//3740 3688//3705 2057//2074
f 4509//4526 2055//2072 2057//2074
f 4510//4527 1251//1268 1253//1270
f 4510//4527 76//76 4511//4528
f 1256//1273 4512//4529 1260//1277
f 4513//4530 75//75 4512//4529
f 2548//2565 2547//2564 2549//2566
f 4459//4476 449//466 3359//3376
f 2557//2574 2552//2569 2554//2571
f 4461//4478 3361//3378 446//463
f 2610//2627 4503//4520 4514//4531
f 4515//4532 1832//1849 1834//1851
f 4504//4521 2612//2629 4516//4533
f 4517//4534 1837//1854 1839//1856
f 4518//4535 3667//3684 1790//1807
f 3315//3332 1793//1810 4519//4536
f 1794//1811 3668//3685 4520//4537
f 1796//1813 3317//3334 4521//4538
f 906//923 4522//4539 907//924
f 523//540 3449//3466 3451//3468
f 4523//4540 911//928 913//930
f 3453//3470 3452//3469 529//546
f 2869//2886 1265//1282 4524//4541
f 4524//4541 1262//1279 2869//2886
f 2007//2024 3349//3366 2008//2025
f 3889//3906 3324//3341 3322//3339
f 2011//2028 3351//3368 2012//2029
f 3326//3343 3328//3345 3890//3907
f 4525//4542 3729//3746 2735//2752
f 1269//1286 1268//1285 797//814
f 2739//2756 3733//3750 4526//4543
f 1273//1290 801//818 1274//1291
f 2470//2487 3239//3256 2471//2488
f 3269//3286 3240//3257 3239//3256
f 3243//3260 2474//2491 2473//2490
f 3243//3260 3245//3262 3271//3288
f 4344//4361 853//870 855//872
f 856//873 858//875 4343//4360
f 4527//4544 2838//2855 1562//1579
f 1907//1924 4528//4545 1908//1925
f 2841//2858 4529//4546 1566//1583
f 1911//1928 4530//4547 1907//1924
f 1481//1498 4531//4548 4315//4332
f 1484//1501 4315//4332 4532//4549
f 1281//1298 247//260 246//259
f 1095//1112 1033//1050 1279//1296
f 245//258 244//257 1284//1301
f 1037//1054 1101//1118 1282//1299
f 4533//4550 4534//4551 4535//4552
f 3729//3746 796//813 3728//3745
f 4536//4553 4537//4554 4538//4555
f 3734//3751 802//819 3733//3750
f 4528//4545 1562//1579 1908//1925
f 1561//1578 1562//1579 510//527
f 1566//1583 4530//4547 1911//1928
f 507//524 1566//1583 1564//1581
f 1929//1946 1928//1945 1924//1941
f 973//990 1281//1298 246//259
f 1932//1949 1934//1951 1933//1950
f 245//258 1284//1301 977//994
f 1894//1911 3259//3276 4539//4556
f 1396//1413 1071//1088 4276//4293
f 4540//4557 3264//3281 1901//1918
f 1399//1416 4279//4296 1076//1093
f 2576//2593 4335//4352 2942//2959
f 637//654 2576//2593 2942//2959
f 2946//2963 4337//4354 2577//2594
f 2947//2964 2946//2963 2577//2594
f 1457//1474 1366//1383 1264//1281
f 1950//1967 4364//4381 1264//1281
f 1374//1391 1455//1472 1263//1280
f 1263//1280 4366//4383 1954//1971
f 909//926 4299//4316 4541//4558
f 3349//3366 4541//4558 3324//3341
f 915//932 4542//4559 4300//4317
f 4542//4559 3351//3368 3328//3345
f 897//914 3460//3477 1442//1459
f 3812//3829 3811//3828 3393//3410
f 901//918 1449//1466 3461//3478
f 3399//3416 3814//3831 3816//3833
f 3717//3734 4543//4560 2466//2483
f 4052//4069 3718//3735 514//531
f 4544//4561 4132//4149 2468//2485
f 3720//3737 4055//4072 522//539
f 2427//2444 2425//2442 2428//2445
f 3745//3762 151//151 3710//3727
f 2432//2449 2430//2447 2433//2450
f 3714//3731 152//152 3749//3766
f 2351//2368 2346//2363 4545//4562
f 4545//4562 2346//2363 2345//2362
f 2121//2138 1843//1860 4546//4563
f 1847//1864 4547//4564 1843//1860
f 4548//4565 1847//1864 2123//2140
f 4549//4566 1847//1864 1843//1860
f 3684//3701 1159//1176 3721//3738
f 3160//3177 4550//4567 661//678
f 3723//3740 1163//1180 3689//3706
f 3161//3178 667//684 3162//3179
f 1543//1560 81//81 3406//3423
f 4348//4365 2027//2044 1543//1560
f 3408//3425 80//80 1549//1566
f 2031//2048 4349//4366 1549//1566
f 1953//1970 4551//4568 4552//4569
f 2412//2429 2410//2427 2409//2426
f 4553//4570 1959//1976 4554//4571
f 2413//2430 2414//2431 2415//2432
f 2255//2272 3247//3264 2257//2274
f 435//452 434//451 2257//2274
f 3251//3268 2258//2275 2260//2277
f 432//449 2260//2277 433//450
f 2938//2955 4255//4272 4254//4271
f 3785//3802 3786//3803 3787//3804
f 4258//4275 2940//2957 4259//4276
f 3790//3807 3788//3805 3789//3806
f 691//708 3134//3151 3064//3081
f 1499//1516 3064//3081 3063//3080
f 3069//3086 3136//3153 695//712
f 3067//3084 3069//3086 1504//1521
f 661//678 4550//4567 662//679
f 4555//4572 118//118 4556//4573
f 667//684 666//683 3162//3179
f 4557//4574 4558//4575 115//115
f 4559//4576 1687//1704 4220//4237
f 4559//4576 2061//2078 1687//1704
f 1689//1706 4560//4577 4222//4239
f 2062//2079 4560//4577 1689//1706
f 4143//4160 4142//4159 3584//3601
f 4142//4159 3585//3602 3584//3601
f 4147//4164 4146//4163 3589//3606
f 3588//3605 4147//4164 3589//3606
f 3529//3546 4411//4428 4561//4578
f 4561//4578 4411//4428 4417//4434
f 4562//4579 4412//4429 3532//3549
f 4418//4435 4412//4429 4562//4579
f 691//708 3064//3081 1499//1516
f 2822//2839 691//708 1499//1516
f 695//712 1504//1521 3069//3086
f 695//712 2826//2843 1504//1521
f 3060//3077 4563//4580 3137//3154
f 4564//4581 4563//4580 4565//4582
f 1783//1800 3343//3360 4152//4169
f 3343//3360 3112//3129 1545//1562
f 1788//1805 4154//4171 3348//3365
f 3348//3365 1550//1567 3117//3134
f 2334//2351 752//769 2633//2650
f 3842//3859 3839//3856 3841//3858
f 2632//2649 758//775 2337//2354
f 3846//3863 3844//3861 3843//3860
f 4566//4583 1074//1091 3736//3753
f 1075//1092 1074//1091 4566//4583
f 4567//4584 3740//3757 1080//1097
f 4567//4584 1080//1097 1079//1096
f 2138//2155 511//528 3568//3585
f 4568//4585 1365//1382 3568//3585
f 518//535 2143//2160 3570//3587
f 3570//3587 1369//1386 4569//4586
f 1974//1991 1976//1993 4570//4587
f 3829//3846 635//652 1973//1990
f 4571//4588 1980//1997 1979//1996
f 640//657 3830//3847 1978//1995
f 2285//2302 2279//2296 2284//2301
f 2282//2299 2277//2294 2279//2296
f 4572//4589 1009//1026 1011//1028
f 4573//4590 4574//4591 2512//2529
f 1015//1032 1017//1034 4575//4592
f 2514//2531 4576//4593 4577//4594
f 1063//1080 1866//1883 1061//1078
f 1865//1882 4282//4299 1866//1883
f 1067//1084 1069//1086 1870//1887
f 1870//1887 4283//4300 1871//1888
f 1219//1236 2798//2815 1217//1234
f 3341//3358 3342//3359 1217//1234
f 1224//1241 2802//2819 1225//1242
f 1224//1241 3345//3362 3346//3363
f 1032//1049 2753//2770 4578//4595
f 2113//2130 2202//2219 4340//4357
f 2755//2772 1036//1053 4579//4596
f 2204//2221 2119//2136 4342//4359
f 2815//2832 1396//1413 4277//4294
f 4277//4294 2814//2831 2815//2832
f 1399//1416 2817//2834 4280//4297
f 4280//4297 2817//2834 2818//2835
f 2598//2615 3350//3367 2007//2024
f 775//792 2007//2024 2009//2026
f 3352//3369 2604//2621 2012//2029
f 2013//2030 2012//2029 780//797
f 4580//4597 256//269 269//285
f 3138//3155 4580//4597 4563//4580
f 1063//1080 4581//4598 2705//2722
f 1063//1080 2705//2722 1058//1075
f 1067//1084 2710//2727 4582//4599
f 1065//1082 2710//2727 1067//1084
f 2332//2349 4583//4600 4584//4601
f 845//862 3840//3857 843//860
f 2339//2356 4585//4602 4586//4603
f 848//865 3845//3862 849//866
f 516//533 177//177 176//176
f 176//176 178//178 3105//3122
f 173//173 520//537 174//174
f 175//175 174//174 3108//3125
f 1063//1080 1062//1079 4581//4598
f 1863//1880 4587//4604 4588//4605
f 4582//4599 1068//1085 1067//1084
f 4589//4606 4590//4607 1868//1885
f 2908//2925 3018//3035 4591//4608
f 2908//2925 3016//3033 3018//3035
f 2913//2930 4592//4609 3021//3038
f 3021//3038 3020//3037 2913//2930
f 3353//3370 3249//3266 3248//3265
f 1150//1167 2254//2271 1151//1168
f 3250//3267 3252//3269 3357//3374
f 1154//1171 2259//2276 1155//1172
f 4593//4610 714//731 753//770
f 2332//2349 4584//4601 2333//2350
f 757//774 710//727 4594//4611
f 2339//2356 2338//2355 4585//4602
f 4570//4587 4595//4612 635//652
f 4595//4612 2263//2280 635//652
f 2268//2285 4571//4588 640//657
f 2266//2283 2268//2285 640//657
f 1851//1868 3774//3791 4596//4613
f 4597//4614 2308//2325 4394//4411
f 4598//4615 3776//3793 1857//1874
f 4395//4412 2310//2327 4599//4616
f 4600//4617 176//176 4601//4618
f 4602//4619 3586//3603 4603//4620
f 3590//3607 174//174 4604//4621
f 4605//4622 4606//4623 4607//4624
f 4590//4607 4589//4606 4608//4625
f 4609//4626 4588//4605 4587//4604
f 791//808 790//807 320//337
f 4610//4627 4611//4628 4612//4629
f 793//810 317//334 794//811
f 4613//4630 4614//4631 3646//3663
f 4615//4632 753//770 713//730
f 4616//4633 4617//4634 3275//3292
f 757//774 4618//4635 711//728
f 4619//4636 4620//4637 3272//3289
f 328//345 2916//2933 3370//3387
f 4621//4638 413//430 2421//2438
f 3372//3389 2919//2936 323//340
f 412//429 4622//4639 2422//2439
f 3026//3043 2985//3002 3024//3041
f 2985//3002 2984//3001 4623//4640
f 2989//3006 3027//3044 3029//3046
f 2987//3004 2989//3006 4624//4641
f 2805//2822 2808//2825 2806//2823
f 2808//2825 1271//1288 1270//1287
f 2809//2826 2811//2828 2810//2827
f 1276//1293 1278//1295 2811//2828
f 4032//4049 2051//2068 2054//2071
f 4625//4642 1106//1123 4626//4643
f 4034//4051 2060//2077 2056//2073
f 4627//4644 4628//4645 1110//1127
f 3143//3160 2320//2337 1460//1477
f 1462//1479 2320//2337 1463//1480
f 3145//3162 1466//1483 2324//2341
f 1467//1484 2324//2341 1468//1485
f 3288//3305 3290//3307 4629//4646
f 3331//3348 4629//4646 3290//3307
f 4629//4646 3292//3309 3288//3305
f 3333//3350 3292//3309 4629//4646
f 478//495 2477//2494 1313//1330
f 3998//4015 1314//1331 1313//1330
f 477//494 1319//1336 2479//2496
f 1319//1336 1318//1335 4003//4020
f 4136//4153 4135//4152 4140//4157
f 4630//4647 4609//4626 4587//4604
f 4145//4162 4134//4151 4133//4150
f 4608//4625 4630//4647 4590//4607
f 2984//3001 836//853 4623//4640
f 836//853 2984//3001 2983//3000
f 842//859 2987//3004 4624//4641
f 2987//3004 842//859 2988//3005
f 980//997 4396//4413 4631//4648
f 3455//3472 3456//3473 980//997
f 4397//4414 984//1001 4632//4649
f 984//1001 3458//3475 3457//3474
f 326//343 415//432 1724//1741
f 4308//4325 4306//4323 4307//4324
f 1730//1747 410//427 325//342
f 4309//4326 4310//4327 4311//4328
f 114//114 3181//3198 4633//4650
f 4303//4320 2728//2745 4304//4321
f 4634//4651 3185//3202 3182//3199
f 84//84 4305//4322 2733//2750
f 2518//2535 4603//4620 3586//3603
f 2516//2533 834//851 2518//2535
f 4605//4622 2521//2538 4606//4623
f 841//858 2520//2537 2521//2538
f 2066//2083 2630//2647 2068//2085
f 2065//2082 2635//2652 2066//2083
f 2696//2713 2698//2715 646//663
f 2698//2715 3881//3898 646//663
f 652//669 2700//2717 2699//2716
f 652//669 3883//3900 2700//2717
f 1639//1656 484//501 3902//3919
f 1639//1656 3986//4003 4635//4652
f 1647//1664 3904//3921 492//509
f 1647//1664 4636//4653 3988//4005
f 2906//2923 1107//1124 2909//2926
f 261//276 2218//2235 4637//4654
f 1115//1132 2911//2928 2912//2929
f 2224//2241 256//269 4580//4597
f 4638//4655 3727//3744 3757//3774
f 4639//4656 4638//4655 939//956
f 3759//3776 3730//3747 4640//4657
f 945//962 4640//4657 4641//4658
f 3011//3028 604//621 2504//2521
f 601//618 604//621 3008//3025
f 3015//3032 2507//2524 608//625
f 3012//3029 608//625 605//622
f 1184//1201 1581//1598 1579//1596
f 1579//1596 2596//2613 1184//1201
f 1585//1602 1586//1603 1191//1208
f 2597//2614 1585//1602 1191//1208
f 39//39 34//34 2265//2282
f 34//34 1307//1324 2265//2282
f 33//33 38//38 2270//2287
f 2270//2287 1311//1328 33//33
f 4451//4468 566//583 4642//4659
f 1810//1827 1809//1826 872//889
f 572//589 4452//4469 4643//4660
f 880//897 1816//1833 1815//1832
f 62//62 4644//4661 63//63
f 1757//1774 4360//4377 2721//2738
f 48//48 60//60 59//59
f 4361//4378 1762//1779 2723//2740
f 2855//2872 2854//2871 4645//4662
f 4645//4662 2854//2871 4646//4663
f 4647//4664 2858//2875 2860//2877
f 4647//4664 4648//4665 2858//2875
f 4649//4666 3645//3662 1085//1102
f 1938//1955 4074//4091 4649//4666
f 4650//4667 1090//1107 3647//3664
f 1941//1958 4650//4667 4078//4095
f 2095//2112 2766//2783 4551//4568
f 1952//1969 4551//4568 1953//1970
f 4553//4570 2767//2784 2097//2114
f 1959//1976 4553//4570 1957//1974
f 1033//1050 184//184 602//619
f 4651//4668 602//619 3338//3355
f 607//624 4652//4669 1282//1299
f 4652//4669 607//624 179//179
f 3294//3311 3299//3316 2152//2169
f 3294//3311 2146//2163 3297//3314
f 3179//3196 114//114 94//94
f 1253//1270 36//36 3869//3886
f 85//85 84//84 3184//3201
f 1260//1277 3872//3889 31//31
f 4459//4476 2548//2565 449//466
f 1491//1508 2548//2565 4459//4476
f 446//463 2554//2571 4461//4478
f 4461//4478 2554//2571 1497//1514
f 2659//2676 4010//4027 2578//2595
f 2656//2673 4010//4027 2657//2674
f 2665//2682 2582//2599 4011//4028
f 2661//2678 2663//2680 4011//4028
f 4419//4436 3640//3657 1700//1717
f 3547//3564 3640//3657 1915//1932
f 3642//3659 4420//4437 1708//1725
f 3642//3659 3550//3567 1922//1939
f 4653//4670 524//541 523//540
f 3307//3324 771//788 3450//3467
f 529//546 531//548 4654//4671
f 3311//3328 3454//3471 779//796
f 2634//2651 4655//4672 4656//4673
f 4656//4673 2635//2652 2634//2651
f 4656//4673 4655//4672 2631//2648
f 2630//2647 4656//4673 2631//2648
f 430//447 4657//4674 428//445
f 430//447 312//329 4026//4043
f 4658//4675 426//443 425//442
f 4027//4044 310//327 426//443
f 1519//1536 1733//1750 4659//4676
f 3675//3692 1732//1749 3674//3691
f 4660//4677 1736//1753 1524//1541
f 3676//3693 1737//1754 3677//3694
f 4417//4434 3471//3488 4661//4678
f 862//879 3473//3490 3472//3489
f 4662//4679 3475//3492 4418//4435
f 868//885 3478//3495 3477//3494
f 482//499 3969//3986 3968//3985
f 2380//2397 3698//3715 2179//2196
f 489//506 3971//3988 3972//3989
f 2384//2401 2183//2200 3702//3719
f 1184//1201 2596//2613 1185//1202
f 2100//2117 2102//2119 2596//2613
f 2597//2614 1191//1208 1190//1207
f 2106//2123 2597//2614 2107//2124
f 4663//4680 1324//1341 1322//1339
f 486//503 4663//4680 891//908
f 1325//1342 1327//1344 4664//4681
f 895//912 4664//4681 490//507
f 2837//2854 2925//2942 2838//2855
f 3991//4008 1403//1420 1402//1419
f 1408//1425 1407//1424 4665//4682
f 2841//2858 2928//2945 2842//2859
f 1951//1968 4666//4683 1952//1969
f 1673//1690 2965//2982 1674//1691
f 1957//1974 4667//4684 1958//1975
f 1678//1695 1679//1696 2968//2985
f 4178//4195 3254//3271 1136//1153
f 4178//4195 4668//4685 3254//3271
f 1143//1160 3257//3274 4180//4197
f 3257//3274 4669//4686 4180//4197
f 2195//2212 994//1011 4670//4687
f 4671//4688 4670//4687 994//1011
f 1001//1018 4672//4689 4673//4690
f 4672//4689 1001//1018 2197//2214
f 1366//1383 2964//2981 1264//1281
f 1366//1383 2966//2983 2964//2981
f 2967//2984 1374//1391 1263//1280
f 2969//2986 1374//1391 2967//2984
f 1925//1942 1200//1217 1199//1216
f 4368//4385 1199//1216 3181//3198
f 1931//1948 1204//1221 1205//1222
f 3185//3202 1204//1221 4371//4388
f 148//148 138//138 137//137
f 4441//4458 137//137 1484//1501
f 144//144 135//135 134//134
f 4443//4460 1481//1498 135//135
f 3231//3248 3599//3616 3601//3618
f 4674//4691 1431//1448 1433//1450
f 3603//3620 3602//3619 3229//3246
f 4675//4692 1437//1454 1439//1456
f 1073//1090 3735//3752 1074//1091
f 4676//4693 1164//1181 1166//1183
f 1080//1097 3738//3755 1081//1098
f 1171//1188 4677//4694 1169//1186
f 2779//2796 4093//4110 4092//4109
f 4265//4282 2779//2796 4092//4109
f 4092//4109 4091//4108 2776//2793
f 4265//4282 4092//4109 2776//2793
f 3194//3211 4678//4695 969//986
f 1780//1797 969//986 4678//4695
f 4679//4696 3198//3215 975//992
f 4679//4696 975//992 1787//1804
f 4158//4175 3269//3286 3268//3285
f 1674//1691 2965//2982 4158//4175
f 3271//3288 4159//4176 3270//3287
f 2968//2985 1679//1696 4159//4176
f 3380//3397 949//966 4033//4050
f 949//966 2648//2665 950//967
f 956//973 3383//3400 4035//4052
f 955//972 2651//2668 956//973
f 4401//4418 2157//2174 1798//1815
f 898//915 1798//1815 2157//2174
f 1802//1819 2160//2177 4403//4420
f 2160//2177 1802//1819 903//920
f 4637//4654 3102//3119 4382//4399
f 262//277 261//276 4637//4654
f 3010//3027 601//618 3008//3025
f 4036//4053 1199//1216 248//261
f 3013//3030 3012//3029 605//622
f 243//256 1204//1221 4037//4054
f 4156//4173 4375//4392 1419//1436
f 4375//4392 2150//2167 1419//1436
f 4377//4394 4157//4174 1425//1442
f 4377//4394 1425//1442 2154//2171
f 2273//2290 4050//4067 1397//1414
f 18//18 2979//2996 2978//2995
f 4051//4068 2275//2292 1400//1417
f 13//13 2982//2999 2981//2998
f 2944//2961 2945//2962 638//655
f 551//568 550//567 3552//3569
f 2949//2966 2947//2964 642//659
f 3556//3573 547//564 549//566
f 3419//3436 4680//4697 2456//2473
f 4681//4698 3419//3436 4682//4699
f 2460//2477 4683//4700 3423//3440
f 4684//4701 3423//3440 4685//4702
f 2111//2128 3537//3554 3539//3556
f 1331//1348 1333//1350 2497//2514
f 3541//3558 3543//3560 2116//2133
f 2499//2516 1340//1357 1335//1352
f 1546//1563 1545//1562 3110//3127
f 2491//2508 2493//2510 4686//4703
f 1551//1568 3114//3131 1550//1567
f 2496//2513 4687//4704 2494//2511
f 2830//2847 2040//2057 2044//2061
f 2044//2061 2040//2057 2828//2845
f 4688//4705 3629//3646 2921//2938
f 1116//1133 1118//1135 132//132
f 3630//3647 4689//4706 2923//2940
f 1122//1139 1124//1141 131//131
f 2780//2797 1248//1265 2778//2795
f 1248//1265 2126//2143 2778//2795
f 4690//4707 1244//1261 1243//1260
f 2776//2793 4690//4707 1243//1260
f 18//18 4278//4295 2815//2832
f 4278//4295 18//18 2978//2995
f 2817//2834 4281//4298 13//13
f 4281//4298 2982//2999 13//13
f 4691//4708 1450//1467 1451//1468
f 3709//3726 3708//3725 1450//1467
f 1452//1469 4692//4709 1453//1470
f 1452//1469 3704//3721 3706//3723
f 1307//1324 2783//2800 2264//2281
f 1307//1324 2264//2281 2265//2282
f 2269//2286 2787//2804 1311//1328
f 2269//2286 1311//1328 2270//2287
f 3078//3095 4681//4698 4682//4699
f 3078//3095 3626//3643 539//556
f 4684//4701 4685//4702 3079//3096
f 545//562 3627//3644 3079//3096
f 3520//3537 2086//2103 4693//4710
f 2082//2099 2084//2101 844//861
f 4694//4711 2091//2108 3522//3539
f 850//867 2088//2105 2090//2107
f 3219//3236 1050//1067 1011//1028
f 1050//1067 1052//1069 1699//1716
f 3226//3243 1015//1032 1056//1073
f 1056//1073 1703//1720 1054//1071
f 935//952 1206//1223 4066//4083
f 1206//1223 3553//3570 3551//3568
f 1210//1227 941//958 4068//4085
f 1210//1227 3554//3571 3555//3572
f 93//93 3870//3887 94//94
f 1254//1271 101//101 91//91
f 85//85 3871//3888 83//83
f 97//97 1259//1276 86//86
f 1773//1790 4695//4712 3172//3189
f 1808//1825 4696//4713 1806//1823
f 4697//4714 1776//1793 4391//4408
f 1812//1829 1814//1831 4698//4715
f 2349//2366 2348//2365 2770//2787
f 2770//2787 2344//2361 2343//2360
f 3540//3557 444//461 1334//1351
f 429//446 4699//4716 1692//1709
f 1339//1356 443//460 3544//3561
f 427//444 1695//1712 4700//4717
f 164//164 3525//3542 3130//3147
f 4143//4160 3584//3601 3130//3147
f 3132//3149 3528//3545 163//163
f 4146//4163 3132//3149 3589//3606
f 999//1016 614//631 4701//4718
f 997//1014 999//1016 4701//4718
f 611//628 1003//1020 4702//4719
f 1003//1020 1005//1022 4702//4719
f 3497//3514 2232//2249 456//473
f 1613//1630 4477//4494 1614//1631
f 453//470 2234//2251 3499//3516
f 1618//1635 1620//1637 4478//4495
f 2570//2587 1554//1571 2196//2213
f 996//1013 995//1012 2196//2213
f 2198//2215 1557//1574 2575//2592
f 2198//2215 1000//1017 1002//1019
f 2899//2916 2972//2989 2970//2987
f 1637//1654 2972//2989 3447//3464
f 2974//2991 2975//2992 2903//2920
f 3448//3465 2975//2992 1643//1660
f 1250//1267 4501//4518 1306//1323
f 36//36 1250//1267 1306//1323
f 1312//1329 4502//4519 1257//1274
f 31//31 1312//1329 1257//1274
f 3798//3815 4703//4720 3799//3816
f 3801//3818 1489//1506 4457//4474
f 4704//4721 3805//3822 3804//3821
f 4460//4477 1496//1513 3807//3824
f 4245//4262 4042//4059 4246//4263
f 4042//4059 2403//2420 4246//4263
f 4043//4060 4243//4260 4242//4259
f 4043//4060 4242//4259 2407//2424
f 4705//4722 3209//3226 4706//4723
f 4706//4723 3209//3226 4707//4724
f 773//790 524//541 4653//4670
f 773//790 1461//1478 1459//1476
f 4654//4671 531//548 777//794
f 1464//1481 1469//1486 777//794
f 215//219 809//826 327//344
f 1599//1616 809//826 215//219
f 198//198 813//830 1601//1618
f 198//198 324//341 813//830
f 739//756 741//758 4466//4483
f 739//756 4422//4439 4421//4438
f 4468//4485 747//764 4423//4440
f 747//764 4468//4485 745//762
f 4638//4655 3757//3774 939//956
f 28//28 3757//3774 2312//2329
f 4640//4657 945//962 3759//3776
f 3759//3776 25//25 2314//2331
f 3488//3505 2587//2604 308//325
f 307//324 2586//2603 3488//3505
f 1913//1930 1349//1366 4708//4725
f 1914//1931 1913//1930 493//510
f 4709//4726 1351//1368 1919//1936
f 1918//1935 501//518 1919//1936
f 872//889 4642//4659 873//890
f 4642//4659 872//889 4451//4468
f 879//896 1446//1463 880//897
f 4643//4660 4452//4469 880//897
f 2695//2712 4620//4637 759//776
f 751//768 4616//4633 2691//2708
f 3859//3876 4340//4357 4339//4356
f 2200//2217 1093//1110 2201//2218
f 4341//4358 4342//4359 3863//3880
f 2205//2222 1099//1116 2206//2223
f 1139//1156 2670//2687 2591//2608
f 581//598 4710//4727 582//599
f 1146//1163 2595//2612 2676//2693
f 587//604 586//603 4711//4728
f 4437//4454 741//758 740//757
f 1603//1620 3607//3624 3606//3623
f 4439//4456 746//763 745//762
f 3613//3630 3612//3629 1608//1625
f 421//438 420//437 4712//4729
f 2748//2765 3187//3204 2749//2766
f 4713//4730 418//435 417//434
f 2751//2768 3191//3208 2752//2769
f 1083//1100 4714//4731 1084//1101
f 1084//1101 1937//1954 1936//1953
f 1088//1105 2363//2380 1089//1106
f 1088//1105 1943//1960 1942//1959
f 4715//4732 2540//2557 2560//2577
f 2540//2557 2558//2575 2560//2577
f 2562//2579 2543//2560 4716//4733
f 2562//2579 2564//2581 2543//2560
f 3167//3184 2671//2688 1139//1156
f 1139//1156 2671//2688 2670//2687
f 1146//1163 2675//2692 3169//3186
f 1146//1163 2676//2693 2675//2692
f 3997//4014 3995//4012 1314//1331
f 3997//4014 569//586 1316//1333
f 1318//1335 3999//4016 4002//4019
f 4002//4019 1320//1337 575//592
f 2256//2273 3188//3205 2303//2320
f 3187//3204 3188//3205 2749//2766
f 2307//2324 3190//3207 2261//2278
f 2751//2768 3190//3207 3191//3208
f 1347//1364 1006//1023 1348//1365
f 3545//3562 4182//4199 3546//3563
f 1014//1031 1353//1370 1352//1369
f 3548//3565 4185//4202 3549//3566
f 4717//4734 1165//1182 2760//2777
f 1165//1182 4221//4238 1686//1703
f 1170//1187 4718//4735 2764//2781
f 1690//1707 4223//4240 1170//1187
f 1254//1271 91//91 40//40
f 91//91 35//35 40//40
f 1259//1276 37//37 86//86
f 86//86 37//37 32//32
f 1030//1047 4719//4736 1031//1048
f 2367//2384 2369//2386 4719//4736
f 2376//2393 1035//1052 1034//1051
f 2375//2392 2376//2393 2756//2773
f 4422//4439 870//887 2620//2637
f 870//887 4720//4737 2620//2637
f 2623//2640 875//892 4424//4441
f 2623//2640 879//896 875//892
f 368//385 4612//4629 4611//4628
f 4721//4738 4722//4739 592//609
f 4613//4630 3646//3663 367//384
f 600//617 4723//4740 4724//4741
f 3052//3069 2668//2685 1613//1630
f 1617//1634 2863//2880 2865//2882
f 2673//2690 3054//3071 1618//1635
f 2868//2885 2867//2884 1621//1638
f 4725//4742 3259//3276 1894//1911
f 4717//4734 2760//2777 2759//2776
f 3264//3281 4726//4743 1901//1918
f 2765//2782 2764//2781 4718//4735
f 2485//2502 4727//4744 3762//3779
f 4727//4744 2485//2502 1830//1847
f 2490//2507 3765//3782 4728//4745
f 4728//4745 1827//1844 2490//2507
f 4339//4356 3861//3878 440//457
f 440//457 2418//2435 882//899
f 439//456 3864//3881 4341//4358
f 439//456 888//905 2419//2436
f 4729//4746 4103//4120 4102//4119
f 556//573 3813//3830 900//917
f 4107//4124 4106//4123 4730//4747
f 564//581 904//921 3817//3834
f 3052//3069 2713//2730 2668//2685
f 2713//2730 2712//2729 2668//2685
f 2719//2736 3054//3071 2673//2690
f 2716//2733 2719//2736 2673//2690
f 553//570 1350//1367 3609//3626
f 4731//4748 1350//1367 3431//3448
f 1354//1371 561//578 3614//3631
f 4732//4749 3434//3451 1354//1371
f 4193//4210 776//793 2009//2026
f 775//792 2009//2026 776//793
f 2013//2030 782//799 4194//4211
f 782//799 2013//2030 780//797
f 3275//3292 3417//3434 1231//1248
f 3417//3434 3275//3292 4617//4634
f 3418//3435 3272//3289 1226//1243
f 4619//4636 3272//3289 3418//3435
f 4282//4299 3948//3965 1062//1079
f 3948//3965 4282//4299 3946//3963
f 4283//4300 1068//1085 3947//3964
f 4283//4300 3947//3964 3946//3963
f 2476//2493 565//582 567//584
f 1809//1826 2476//2493 567//584
f 573//590 2480//2497 571//588
f 2480//2497 1816//1833 571//588
f 2291//2308 1640//1657 2292//2309
f 1640//1657 3903//3920 2292//2309
f 2297//2314 1646//1663 2298//2315
f 2297//2314 3905//3922 1646//1663
f 5//5 4//4 4733//4750
f 4729//4746 4733//4750 4103//4120
f 2//2 4734//4751 3//3
f 4730//4747 4106//4123 4734//4751
f 2512//2529 4574//4591 1852//1869
f 4646//4663 2857//2874 3502//3519
f 2514//2531 1856//1873 4576//4593
f 3504//3521 2862//2879 4648//4665
f 4735//4752 4736//4753 4737//4754
f 2798//2815 1219//1236 2799//2816
f 4738//4755 4739//4756 4740//4757
f 1225//1242 2802//2819 2804//2821
f 4451//4468 872//889 1809//1826
f 4451//4468 1809//1826 567//584
f 880//897 4452//4469 1816//1833
f 1816//1833 4452//4469 571//588
f 4741//4758 4382//4399 3102//3119
f 3102//3119 286//303 4741//4758
f 4563//4580 4742//4759 3138//3155
f 282//299 3138//3155 4742//4759
f 513//530 512//529 1581//1598
f 1581//1598 512//529 2317//2334
f 519//536 1586//1603 517//534
f 2323//2340 517//534 1586//1603
f 4539//4556 3259//3276 3260//3277
f 4539//4556 3260//3277 3262//3279
f 3265//3282 3264//3281 4540//4557
f 3265//3282 4540//4557 3267//3284
f 1855//1872 1441//1458 1440//1457
f 2309//2326 2561//2578 1441//1458
f 1445//1462 1859//1876 1446//1463
f 1445//1462 2565//2582 2311//2328
f 4743//4760 3629//3646 4688//4705
f 3018//3035 3629//3646 4591//4608
f 3630//3647 4744//4761 4689//4706
f 3021//3038 4592//4609 3630//3647
f 4745//4762 4746//4763 195//195
f 193//193 195//195 4747//4764
f 4748//4765 191//191 4749//4766
f 4747//4764 191//191 193//193
f 4750//4767 1295//1312 1294//1311
f 3105//3122 4750//4767 3106//3123
f 4751//4768 1302//1319 1301//1318
f 3108//3125 3107//3124 4751//4768
f 3438//3455 4179//4196 1136//1153
f 1136//1153 4179//4196 4178//4195
f 1143//1160 4181//4198 3440//3457
f 4181//4198 1143//1160 4180//4197
f 1732//1749 2933//2950 3674//3691
f 1734//1751 3390//3407 1735//1752
f 2937//2954 1737//1754 3676//3693
f 1738//1755 3397//3414 3396//3413
f 4382//4399 4741//4758 3056//3073
f 3056//3073 356//373 4269//4286
f 3060//3077 4742//4759 4563//4580
f 351//368 3060//3077 4270//4287
f 2427//2444 1416//1433 3678//3695
f 1416//1433 2427//2444 2426//2443
f 1412//1429 2433//2450 3679//3696
f 2434//2451 2433//2450 1412//1429
f 3855//3872 1755//1772 3574//3591
f 1755//1772 620//637 3574//3591
f 3575//3592 1759//1776 3857//3874
f 626//643 1759//1776 3575//3592
f 4752//4769 810//827 3791//3808
f 4753//4770 3847//3864 4752//4769
f 4754//4771 3794//3811 818//835
f 4754//4771 3849//3866 3165//3182
f 2104//2121 1577//1594 1462//1479
f 1471//1488 1470//1487 2104//2121
f 1468//1485 1584//1601 2108//2125
f 2108//2125 1476//1493 1475//1492
f 1083//1100 2356//2373 4714//4731
f 4755//4772 2326//2343 4326//4343
f 2362//2379 1089//1106 2363//2380
f 4328//4345 2329//2346 4756//4773
f 1545//1562 1780//1797 1782//1799
f 971//988 970//987 1545//1562
f 1785//1802 1787//1804 1550//1567
f 1550//1567 974//991 976//993
f 4757//4774 2869//2886 4758//4775
f 4759//4776 4204//4221 4206//4223
f 4758//4775 2869//2886 4760//4777
f 4209//4226 4204//4221 4759//4776
f 3394//3411 1442//1459 1444//1461
f 3392//3409 2173//2190 960//977
f 1447//1464 1449//1466 3398//3415
f 3395//3412 968//985 2176//2193
f 4761//4778 4762//4779 3442//3459
f 3443//3460 2190//2207 3442//3459
f 3823//3840 4763//4780 4764//4781
f 3444//3461 2192//2209 3446//3463
f 1518//1535 2277//2294 4056//4073
f 2277//2294 1518//1535 2278//2295
f 4057//4074 2284//2301 1525//1542
f 2283//2300 1525//1542 2284//2301
f 1811//1828 1810//1827 3767//3784
f 4696//4713 4695//4712 1773//1790
f 1817//1834 3771//3788 1815//1832
f 4698//4715 1776//1793 4697//4714
f 4765//4782 1741//1758 2313//2330
f 4765//4782 4497//4514 1741//1758
f 2315//2332 1746//1763 4766//4783
f 1746//1763 4498//4515 4766//4783
f 4753//4770 3159//3176 64//64
f 4753//4770 64//64 63//63
f 2893//2910 618//635 620//637
f 4360//4377 2686//2703 1754//1771
f 626//643 625//642 2897//2914
f 1760//1777 2687//2704 4361//4378
f 2992//3009 2045//2062 4767//4784
f 4016//4033 4316//4333 1553//1570
f 4768//4785 2048//2065 2995//3012
f 4317//4334 4014//4031 1552//1569
f 722//739 2190//2207 4769//4786
f 2190//2207 3443//3460 4769//4786
f 4770//4787 2192//2209 727//744
f 4770//4787 3446//3463 2192//2209
f 3767//3784 1810//1827 4771//4788
f 3767//3784 4696//4713 1808//1825
f 4772//4789 1815//1832 3771//3788
f 1812//1829 4698//4715 3771//3788
f 409//426 3057//3074 371//388
f 3055//3072 3057//3074 409//426
f 369//386 3062//3079 406//423
f 406//423 3062//3079 3059//3076
f 2669//2686 2590//2607 2670//2687
f 2590//2607 2591//2608 2670//2687
f 2676//2693 2592//2609 2677//2694
f 2676//2693 2595//2612 4711//4728
f 3561//3578 3560//3577 2616//2633
f 2616//2633 4301//4318 3561//3578
f 3566//3583 2617//2634 3564//3581
f 3566//3583 4302//4319 2617//2634
f 4184//4201 979//996 3648//3665
f 3648//3665 1501//1518 3651//3668
f 4186//4203 4773//4790 3652//3669
f 3653//3670 1506//1523 3652//3669
f 2045//2062 4774//4791 4767//4784
f 2045//2062 3678//3695 4774//4791
f 4768//4785 4775//4792 2048//2065
f 4775//4792 3679//3696 2048//2065
f 4776//4793 1808//1825 4021//4038
f 3767//3784 1808//1825 3768//3785
f 1812//1829 4777//4794 4022//4039
f 3770//3787 1812//1829 3771//3788
f 1650//1667 3786//3803 1991//2008
f 4693//4710 1991//2008 3520//3537
f 3788//3805 1649//1666 1993//2010
f 1993//2010 4694//4711 3522//3539
f 4329//4346 743//760 873//890
f 873//890 743//760 870//887
f 4453//4470 2667//2684 2666//2683
f 3167//3184 4453//4470 2666//2683
f 4454//4471 2672//2689 2674//2691
f 2672//2689 4454//4471 3169//3186
f 4518//4535 3315//3332 4519//4536
f 1888//1905 3314//3331 4067//4084
f 3317//3334 4520//4537 4521//4538
f 3316//3333 1891//1908 4069//4086
f 266//281 4447//4464 1107//1124
f 260//275 2624//2641 266//281
f 1115//1132 4449//4466 254//267
f 254//267 2627//2644 267//283
f 3533//3550 1082//1099 3491//3508
f 3491//3508 1082//1099 2017//2034
f 1087//1104 3535//3552 3495//3512
f 2014//2031 1087//1104 3495//3512
f 2589//2606 4175//4192 4710//4727
f 4778//4795 4175//4192 2589//2606
f 4177//4194 2593//2610 4711//4728
f 4177//4194 4176//4193 2593//2610
f 456//473 3498//3515 3497//3514
f 3498//3515 1833//1850 1832//1849
f 3500//3517 453//470 3499//3516
f 1838//1855 3500//3517 1839//1856
f 833//850 4062//4079 4061//4078
f 4779//4796 4062//4079 833//850
f 4064//4081 837//854 4065//4082
f 837//854 4064//4081 4780//4797
f 743//760 2620//2637 4720//4737
f 743//760 4720//4737 870//887
f 748//765 879//896 2623//2640
f 4333//4350 879//896 748//765
f 1570//1587 2438//2455 1571//1588
f 2438//2455 4084//4101 4082//4099
f 1575//1592 2444//2461 1576//1593
f 4088//4105 2444//2461 4085//4102
f 1404//1421 4781//4798 1405//1422
f 3497//3514 3498//3515 1832//1849
f 1410//1427 4782//4799 1411//1428
f 1839//1856 3500//3517 3499//3516
f 994//1011 3213//3230 4671//4688
f 1662//1679 1658//1675 1663//1680
f 3215//3232 1001//1018 4673//4690
f 1664//1681 1668//1685 1667//1684
f 1554//1571 4779//4796 833//850
f 2570//2587 4779//4796 1554//1571
f 837//854 4780//4797 1557//1574
f 1557//1574 2573//2590 2575//2592
f 3321//3338 3828//3845 4783//4800
f 4783//4800 3828//3845 3318//3335
f 1561//1578 1560//1577 4784//4801
f 4784//4801 4785//4802 4265//4282
f 1564//1581 4786//4803 1565//1582
f 4265//4282 4787//4804 4786//4803
f 4136//4153 4788//4805 1685//1702
f 4789//4806 1685//1702 4790//4807
f 4133//4150 1680//1697 4788//4805
f 4790//4807 1680//1697 4789//4806
f 1872//1889 3848//3865 1873//1890
f 4791//4808 2890//2907 2892//2909
f 3850//3867 1877//1894 1876//1893
f 2896//2913 2895//2912 4792//4809
f 3742//3759 1271//1288 2639//2656
f 1271//1288 4285//4302 2639//2656
f 1278//1295 3744//3761 2644//2661
f 4286//4303 1278//1295 2644//2661
f 2483//2500 2682//2699 4274//4291
f 2482//2499 2682//2699 2483//2500
f 4539//4556 3262//3279 3737//3754
f 3262//3279 3906//3923 1897//1914
f 3267//3284 4540//4557 3739//3756
f 3267//3284 1905//1922 3908//3925
f 4519//4536 1793//1810 4793//4810
f 4639//4656 939//956 938//955
f 4794//4811 1796//1813 4521//4538
f 945//962 4641//4658 946//963
f 2438//2455 2440//2457 4084//4101
f 1568//1585 1007//1024 2436//2453
f 4088//4105 2445//2462 2444//2461
f 2443//2460 1013//1030 1572//1589
f 4795//4812 4026//4043 312//329
f 297//314 4795//4812 312//329
f 4027//4044 4796//4813 310//327
f 4796//4813 295//312 310//327
f 1218//1235 4736//4753 4735//4752
f 1218//1235 4797//4814 4736//4753
f 4738//4755 4740//4757 1223//1240
f 4740//4757 4798//4815 1223//1240
f 828//845 4381//4398 829//846
f 4379//4396 825//842 827//844
f 2892//2909 1873//1890 4791//4808
f 2892//2909 3377//3394 1873//1890
f 2896//2913 4792//4809 1876//1893
f 2896//2913 1876//1893 3379//3396
f 4153//4170 2876//2893 2875//2892
f 2875//2892 1356//1373 4799//4816
f 3125//3142 718//735 720//737
f 3125//3142 716//733 718//735
f 1740//1757 4800//4817 2313//2330
f 1740//1757 1053//1070 645//662
f 2315//2332 4801//4818 1744//1761
f 653//670 1057//1074 1744//1761
f 4695//4712 871//888 3172//3189
f 871//888 616//633 3172//3189
f 877//894 4697//4714 4391//4408
f 4391//4408 623//640 877//894
f 297//314 4802//4819 354//371
f 306//323 305//322 297//314
f 295//312 303//320 302//319
f 295//312 353//370 4803//4820
f 1522//1539 4804//4821 4495//4512
f 1521//1538 3926//3943 1522//1539
f 4494//4511 4805//4822 1528//1545
f 1528//1545 3928//3945 1529//1546
f 2502//2519 4806//4823 3008//3025
f 112//112 2502//2519 2501//2518
f 2506//2523 3012//3029 4807//4824
f 108//108 2505//2522 2506//2523
f 2130//2147 4411//4428 3530//3547
f 3509//3526 988//1005 3510//3527
f 4412//4429 2134//2151 3531//3548
f 3515//3532 990//1007 3516//3533
f 3606//3623 4437//4454 740//757
f 4437//4454 3606//3623 3200//3217
f 4439//4456 3205//3222 3613//3630
f 746//763 4439//4456 3613//3630
f 4098//4115 4097//4114 2875//2892
f 2875//2892 4097//4114 1356//1373
f 4100//4117 4101//4118 2881//2898
f 2881//2898 2880//2897 4155//4172
f 2075//2092 684//701 3591//3608
f 2075//2092 3374//3391 684//701
f 3594//3611 687//704 2079//2096
f 687//704 3376//3393 2079//2096
f 4394//4411 2172//2189 1443//1460
f 1442//1459 4394//4411 1443//1460
f 2174//2191 4395//4412 1448//1465
f 1449//1466 1448//1465 4395//4412
f 360//377 4058//4075 336//353
f 336//353 4058//4075 334//351
f 338//355 4059//4076 357//374
f 331//348 4059//4076 338//355
f 3711//3728 1974//1991 1972//1989
f 1972//1989 1974//1991 3829//3846
f 1979//1996 3713//3730 1977//1994
f 1979//1996 1977//1994 3830//3847
f 2394//2411 2395//2412 2795//2812
f 4808//4825 4809//4826 4810//4827
f 2881//2898 2800//2817 4811//4828
f 2400//2417 2399//2416 4812//4829
f 3180//3197 3181//3198 114//114
f 3180//3197 4368//4385 3181//3198
f 3182//3199 3185//3202 3183//3200
f 3185//3202 4371//4388 3183//3200
f 3474//3491 3471//3488 1592//1609
f 919//936 1592//1609 4149//4166
f 4151//4168 1595//1612 4813//4830
f 3475//3492 3476//3493 1595//1612
f 3707//3724 2166//2183 4345//4362
f 3707//3724 701//718 1451//1468
f 4346//4363 2170//2187 3705//3722
f 1453//1470 709//726 3705//3722
f 4810//4827 4098//4115 2875//2892
f 4808//4825 4810//4827 2875//2892
f 2881//2898 4101//4118 4814//4831
f 2881//2898 4814//4831 2800//2817
f 1519//1536 3664//3681 1520//1537
f 1519//1536 4659//4676 3675//3692
f 1524//1541 1526//1543 3666//3683
f 4660//4677 1524//1541 3677//3694
f 4400//4417 1800//1817 4401//4418
f 846//863 4815//4832 2158//2175
f 4402//4419 4403//4420 1804//1821
f 852//869 2162//2179 4816//4833
f 4661//4678 3473//3490 862//879
f 3956//3973 1589//1606 862//879
f 868//885 3477//3494 4662//4679
f 3958//3975 868//885 1593//1610
f 1021//1038 3534//3551 3533//3550
f 1021//1038 3493//3510 3002//3019
f 1018//1035 3535//3552 3536//3553
f 3007//3024 3496//3513 1018//1035
f 124//124 1974//1991 3711//3728
f 132//132 124//124 1116//1133
f 1979//1996 120//120 3713//3730
f 120//120 131//131 1124//1141
f 29//29 4535//4552 30//30
f 4533//4550 4535//4552 29//29
f 27//27 26//26 4536//4553
f 27//27 4536//4553 4538//4555
f 2053//2070 3382//3399 4032//4049
f 2054//2071 2053//2070 4032//4049
f 4034//4051 3384//3401 2058//2075
f 4034//4051 2058//2075 2060//2077
f 863//880 4172//4189 3633//3650
f 862//879 4172//4189 863//880
f 3635//3652 4173//4190 867//884
f 4173//4190 868//885 867//884
f 2813//2830 4817//4834 2814//2831
f 16//16 3933//3950 17//17
f 2763//2780 2818//2835 3778//3795
f 14//14 3937//3954 15//15
f 4600//4617 516//533 176//176
f 4600//4617 3583//3600 516//533
f 4604//4621 174//174 520//537
f 3587//3604 4604//4621 520//537
f 4083//4100 4084//4101 2435//2452
f 2697//2714 3217//3234 2698//2715
f 4089//4106 2441//2458 4088//4105
f 2701//2718 2700//2717 3223//3240
f 3157//3174 4169//4186 4168//4185
f 3159//3176 4169//4186 3157//3174
f 4171//4188 3165//3182 4170//4187
f 4171//4188 4754//4771 3165//3182
f 4818//4835 4819//4836 1391//1408
f 1407//1424 4818//4835 1403//1420
f 1394//1411 4820//4837 4818//4835
f 1407//1424 3990//4007 4818//4835
f 3099//3116 1995//2012 3100//3117
f 4383//4400 3098//3115 262//277
f 2005//2022 2001//2018 3875//3892
f 4565//4582 269//285 270//286
f 466//483 468//485 3513//3530
f 2394//2411 2392//2409 2391//2408
f 3517//3534 463//480 465//482
f 2396//2413 2398//2415 2399//2416
f 350//367 385//402 316//333
f 316//333 385//402 342//359
f 349//366 315//332 382//399
f 315//332 341//358 382//399
f 4759//4776 4206//4223 4757//4774
f 1266//1283 1457//1474 1264//1281
f 4209//4226 4759//4776 4760//4777
f 1455//1472 1261//1278 1263//1280
f 2550//2567 2547//2564 3780//3797
f 2549//2566 2547//2564 2550//2567
f 3782//3799 2552//2569 2556//2573
f 2556//2573 2552//2569 2557//2574
f 4426//4443 4428//4445 4240//4257
f 3427//3444 1106//1123 4625//4642
f 4431//4448 4430//4447 4241//4258
f 4627//4644 1110//1127 3428//3445
f 2114//2131 2914//2931 1030//1047
f 1030//1047 4821//4838 4719//4736
f 2917//2934 2118//2135 1035//1052
f 2376//2393 4822//4839 1035//1052
f 4717//4734 4725//4742 1894//1911
f 1896//1913 2758//2775 1894//1911
f 1901//1918 4726//4743 4718//4735
f 1902//1919 1901//1918 2762//2779
f 3606//3623 4438//4455 3200//3217
f 4438//4455 494//511 3650//3667
f 3205//3222 4440//4457 3613//3630
f 3654//3671 500//517 4440//4457
f 4823//4840 3281//3298 3282//3299
f 2182//2199 2181//2198 4823//4840
f 3285//3302 3283//3300 4824//4841
f 4824//4841 2187//2204 2186//2203
f 4745//4762 195//195 188//188
f 188//188 3709//3726 4745//4762
f 4748//4765 187//187 191//191
f 4748//4765 3706//3723 187//187
f 298//315 4425//4442 2624//2641
f 298//315 340//357 4825//4842
f 4429//4446 294//311 2627//2644
f 4826//4843 339//356 294//311
f 1712//1729 1715//1732 4263//4280
f 1712//1729 1214//1231 1713//1730
f 4264//4281 1719//1736 1718//1735
f 1717//1734 1222//1239 1718//1735
f 3024//3041 2411//2428 2412//2429
f 4623//4640 836//853 835//852
f 3029//3046 2415//2432 2416//2433
f 840//857 842//859 4624//4641
f 2580//2597 1265//1282 2581//2598
f 2581//2598 1265//1282 4363//4380
f 1262//1279 2580//2597 2583//2600
f 1262//1279 2583//2600 4365//4382
f 2789//2806 2426//2443 4336//4353
f 2426//2443 3745//3762 3747//3764
f 4338//4355 2434//2451 2792//2809
f 3750//3767 3749//3766 2434//2451
f 2405//2422 997//1014 2976//2993
f 2976//2993 997//1014 2977//2994
f 4827//4844 1005//1022 2408//2425
f 2980//2997 1005//1022 4827//4844
f 4828//4845 2526//2543 799//816
f 799//816 4386//4403 4385//4402
f 4829//4846 805//822 2529//2546
f 805//822 4387//4404 4388//4405
f 4830//4847 1875//1892 44//44
f 1874//1891 4830//4847 1872//1889
f 1879//1896 4831//4848 42//42
f 1877//1894 4831//4848 1878//1895
f 1268//1285 795//812 797//814
f 2528//2545 3986//4003 795//812
f 801//818 803//820 1274//1291
f 2532//2549 803//820 3988//4005
f 3112//3129 1784//1801 3113//3130
f 540//557 539//556 972//989
f 3116//3133 1789//1806 3117//3134
f 544//561 546//563 4832//4849
f 1151//1168 2254//2271 725//742
f 1151//1168 725//742 724//741
f 730//747 2259//2276 1154//1171
f 731//748 730//747 1154//1171
f 1916//1933 1349//1366 1913//1930
f 1917//1934 1916//1933 1913//1930
f 1919//1936 1351//1368 1921//1938
f 1920//1937 1919//1936 1921//1938
f 2017//2034 1289//1306 1288//1305
f 3939//3956 3938//3955 1288//1305
f 2014//2031 1286//1303 1285//1302
f 1286//1303 3940//3957 3941//3958
f 2249//2266 2248//2265 4404//4421
f 2249//2266 4404//4421 3281//3298
f 2252//2269 4405//4422 2251//2268
f 3283//3300 4405//4422 2252//2269
f 2659//2676 2657//2674 4010//4027
f 4363//4380 2657//2674 2659//2676
f 4011//4028 2663//2680 2665//2682
f 4365//4382 2665//2682 2663//2680
f 1006//1023 4012//4029 1348//1365
f 4631//4648 3455//3472 980//997
f 1352//1369 4013//4030 1014//1031
f 4632//4649 984//1001 3457//3474
f 4096//4113 4833//4850 2457//2474
f 4833//4850 2458//2475 2457//2474
f 2461//2478 4834//4851 2462//2479
f 4834//4851 4099//4116 2462//2479
f 580//597 3277//3294 1141//1158
f 3853//3870 3277//3294 580//597
f 3279//3296 588//605 1147//1164
f 3279//3296 3854//3871 588//605
f 3632//3649 3633//3650 4172//4189
f 378//395 380//397 859//876
f 3634//3651 4173//4190 3635//3652
f 375//392 377//394 865//882
f 4511//4528 76//76 46//46
f 1251//1268 4835//4852 1249//1266
f 43//43 75//75 4513//4530
f 4836//4853 1256//1273 1255//1272
f 4481//4498 4112//4129 1597//1614
f 4481//4498 4110//4127 4112//4129
f 4115//4132 4484//4501 4483//4500
f 4114//4131 4484//4501 4115//4132
f 972//989 1928//1945 1927//1944
f 3113//3130 1784//1801 972//989
f 1935//1952 1934//1951 544//561
f 3116//3133 544//561 1789//1806
f 359//376 333//350 312//329
f 336//353 340//357 359//376
f 310//327 329//346 358//375
f 358//375 339//356 338//355
f 1597//1614 3301//3318 4480//4497
f 1598//1615 1597//1614 2831//2848
f 4482//4499 4115//4132 4483//4500
f 1600//1617 2834//2851 1202//1219
f 1075//1092 1510//1527 2882//2899
f 2882//2899 3308//3325 1628//1645
f 1079//1096 2883//2900 1513//1530
f 3310//3327 2883//2900 1633//1650
f 3881//3898 12//12 3882//3899
f 3882//3899 12//12 2249//2266
f 3884//3901 8//8 3883//3900
f 3884//3901 2252//2269 8//8
f 3206//3223 3208//3225 4093//4110
f 4705//4722 786//803 3209//3226
f 4091//4108 3210//3227 3212//3229
f 3209//3226 785//802 4707//4724
f 4837//4854 474//491 473//490
f 1836//1853 467//484 4489//4506
f 470//487 469//486 4838//4855
f 4492//4509 464//481 1840//1857
f 232//245 273//290 190//190
f 232//245 190//190 231//244
f 207//210 185//185 268//284
f 185//185 207//210 186//186
f 359//376 340//357 333//350
f 298//315 300//317 340//357
f 329//346 339//356 358//375
f 339//356 299//316 294//311
f 211//215 193//193 257//270
f 238//252 257//270 193//193
f 4489//4506 4514//4531 4503//4520
f 4837//4854 4514//4531 4489//4506
f 4504//4521 4516//4533 4492//4509
f 4492//4509 4516//4533 4838//4855
f 3855//3872 689//706 4839//4856
f 4644//4661 62//62 4360//4377
f 4840//4857 693//710 3857//3874
f 60//60 48//48 4361//4378
f 4485//4502 4841//4858 786//803
f 4705//4722 4485//4502 786//803
f 785//802 4842//4859 4486//4503
f 785//802 4486//4503 4707//4724
f 4152//4169 3343//3360 2797//2814
f 2876//2893 2797//2814 2799//2816
f 2803//2820 3348//3365 4154//4171
f 2804//2821 2803//2820 2880//2897
f 68//68 1684//1701 1683//1700
f 4010//4027 1683//1700 2578//2595
f 1682//1699 1681//1698 67//67
f 2582//2599 1682//1699 4011//4028
f 3512//3529 4843//4860 466//483
f 3513//3530 3512//3529 466//483
f 465//482 4844//4861 3518//3535
f 465//482 3518//3535 3517//3534
f 4845//4862 3120//3137 3463//3480
f 3072//3089 3118//3135 3120//3137
f 3464//3481 3122//3139 4846//4863
f 3121//3138 3075//3092 3122//3139
f 2042//2059 3678//3695 2828//2845
f 2828//2845 3678//3695 2045//2062
f 2048//2065 3679//3696 2830//2847
f 2829//2846 2046//2063 2830//2847
f 307//324 308//325 257//270
f 3488//3505 308//325 307//324
f 890//907 3902//3919 486//503
f 890//907 486//503 891//908
f 3904//3921 896//913 490//507
f 490//507 896//913 895//912
f 1910//1927 1907//1924 4266//4283
f 4266//4283 1907//1924 1906//1923
f 2368//2385 183//183 182//182
f 2371//2388 3792//3809 183//183
f 181//181 180//180 2375//2392
f 180//180 3793//3810 2374//2391
f 3511//3528 3512//3529 461//478
f 4226//4243 3511//3528 461//478
f 459//476 3518//3535 3514//3531
f 459//476 3514//3531 4229//4246
f 1963//1980 1960//1977 1962//1979
f 4841//4858 787//804 786//803
f 1968//1985 1967//1984 1971//1988
f 785//802 784//801 4842//4859
f 3003//3020 3490//3507 3496//3513
f 3493//3510 3490//3507 3003//3020
f 4847//4864 1952//1969 4666//4683
f 1952//1969 4847//4864 4551//4568
f 1957//1974 4848//4865 4667//4684
f 4553//4570 4848//4865 1957//1974
f 1866//1883 1063//1080 1058//1075
f 1867//1884 1866//1883 1291//1308
f 1065//1082 1067//1084 1870//1887
f 1869//1886 1298//1315 1870//1887
f 950//967 2647//2664 4849//4866
f 4849//4866 1531//1548 950//967
f 2650//2667 955//972 4850//4867
f 1537//1554 4850//4867 955//972
f 592//609 594//611 4721//4738
f 594//611 2871//2888 4721//4738
f 4724//4741 598//615 600//617
f 598//615 4724//4741 2873//2890
f 455//472 1833//1850 3498//3515
f 455//472 3419//3436 1833//1850
f 451//468 3500//3517 1838//1855
f 3423//3440 451//468 1838//1855
f 516//533 515//532 4415//4432
f 4415//4432 515//532 3716//3733
f 4416//4433 521//538 520//537
f 521//538 4416//4433 3719//3736
f 4067//4084 1375//1392 4066//4083
f 1375//1392 1377//1394 1209//1226
f 1383//1400 4069//4086 4068//4085
f 1381//1398 1383//1400 1213//1230
f 1694//1711 3437//3454 4851//4868
f 4851//4868 1693//1710 1694//1711
f 3439//3456 1697//1714 4852//4869
f 1697//1714 1696//1713 4852//4869
f 4364//4381 4363//4380 1265//1282
f 2658//2675 2657//2674 4363//4380
f 1262//1279 4365//4382 4366//4383
f 2662//2679 4365//4382 2663//2680
f 628//645 629//646 401//418
f 401//418 790//807 733//750
f 631//648 630//647 400//417
f 400//417 738//755 794//811
f 702//719 4345//4362 2165//2182
f 4853//4870 702//719 4854//4871
f 708//725 2168//2185 4346//4363
f 4855//4872 708//725 4856//4873
f 1096//1113 3337//3354 3976//3993
f 1096//1113 3338//3355 3337//3354
f 3979//3996 3340//3357 1103//1120
f 3339//3356 1103//1120 3340//3357
f 4857//4874 3033//3050 3036//3053
f 4858//4875 3031//3048 3033//3050
f 755//772 3900//3917 756//773
f 755//772 4257//4274 4435//4452
f 760//777 762//779 3901//3918
f 4261//4278 760//777 4436//4453
f 3950//3967 3949//3966 2262//2279
f 40//40 39//39 57//57
f 3951//3968 2267//2284 3952//3969
f 38//38 37//37 53//53
f 2290//2307 4859//4876 4860//4877
f 2288//2305 2290//2307 2539//2556
f 4860//4877 4859//4876 2295//2312
f 2538//2555 2295//2312 2294//2311
f 2491//2508 4686//4703 1926//1943
f 4137//4154 2491//2508 1926//1943
f 2496//2513 1930//1947 4687//4704
f 4139//4156 1930//1947 2496//2513
f 3930//3947 3932//3949 1043//1060
f 1039//1056 1043//1060 1040//1057
f 3936//3953 3935//3952 1049//1066
f 1044//1061 1046//1063 1049//1066
f 4736//4753 1355//1372 4737//4754
f 4737//4754 2796//2813 4809//4826
f 4739//4756 1359//1376 4740//4757
f 2800//2817 2801//2818 4739//4756
f 700//717 2165//2182 2871//2888
f 702//719 2165//2182 4854//4871
f 704//721 2873//2890 2168//2185
f 708//725 4855//4872 2168//2185
f 3449//3466 525//542 1556//1573
f 4408//4425 3363//3380 1458//1475
f 1559//1576 530//547 3452//3469
f 1465//1482 3366//3383 4409//4426
f 4676//4693 3735//3752 1073//1090
f 2602//2619 2600//2617 1073//1090
f 3738//3755 4677//4694 1081//1098
f 1081//1098 2605//2622 2606//2623
f 4070//4087 1433//1450 4071//4088
f 4674//4691 1433//1450 4070//4087
f 4073//4090 4071//4088 1437//1454
f 4073//4090 1437//1454 4675//4692
f 1534//1551 1580//1597 1757//1774
f 1157//1174 511//528 513//530
f 1587//1604 1539//1556 1762//1779
f 519//536 518//535 1160//1177
f 3333//3350 4629//4646 3001//3018
f 3331//3348 3001//3018 4629//4646
f 4693//4710 2086//2103 2082//2099
f 2086//2103 4861//4878 2082//2099
f 4694//4711 2090//2107 2091//2108
f 2090//2107 4862//4879 2091//2108
f 1853//1870 1440//1457 566//583
f 961//978 566//583 4475//4492
f 1861//1878 572//589 1446//1463
f 572//589 967//984 4476//4493
f 3827//3844 3800//3817 719//736
f 3800//3817 3799//3816 719//736
f 3803//3820 3827//3844 717//734
f 717//734 3804//3821 3803//3820
f 2915//2932 3369//3386 3370//3387
f 413//430 4621//4638 3369//3386
f 3372//3389 3371//3388 2918//2935
f 4622//4639 412//429 3371//3388
f 3040//3057 3039//3056 3002//3019
f 3040//3057 3002//3019 3001//3018
f 3007//3024 3095//3112 3046//3063
f 3001//3018 3007//3024 3046//3063
f 2065//2082 2633//2650 2635//2652
f 3842//3859 2334//2351 2633//2650
f 2630//2647 2632//2649 2068//2085
f 2632//2649 2337//2354 3846//3863
f 2821//2838 2820//2837 2784//2801
f 2820//2837 4012//4029 1304//1321
f 2823//2840 2825//2842 2788//2805
f 1309//1326 4013//4030 2823//2840
f 1636//1653 1638//1655 1982//1999
f 4535//4552 1982//1999 30//30
f 1642//1659 1644//1661 1986//2003
f 26//26 1986//2003 4536//4553
f 448//465 934//951 3879//3896
f 3126//3143 3359//3376 448//465
f 447//464 3876//3893 929//946
f 3361//3378 3128//3145 447//464
f 1471//1488 1462//1479 3048//3065
f 2104//2121 1462//1479 1471//1488
f 1475//1492 3050//3067 1468//1485
f 1475//1492 1468//1485 2108//2125
f 2074//2091 2424//2441 2827//2844
f 2074//2091 2076//2093 149//149
f 2431//2448 2080//2097 2829//2846
f 2080//2097 154//154 2078//2095
f 1216//1233 1215//1232 2885//2902
f 1215//1232 4863//4880 3192//3209
f 2888//2905 1221//1238 1220//1237
f 1221//1238 3196//3213 4236//4253
f 4535//4552 1636//1653 1982//1999
f 4534//4551 2734//2751 4535//4552
f 1644//1661 4536//4553 1986//2003
f 4536//4553 2737//2754 4537//4554
f 4256//4273 4255//4272 4257//4274
f 2244//2261 2243//2260 2345//2362
f 4261//4278 4258//4275 4262//4279
f 2351//2368 2243//2260 2246//2263
f 919//936 4864//4881 1592//1609
f 918//935 4864//4881 919//936
f 4151//4168 4813//4830 924//941
f 924//941 4813//4830 925//942
f 436//453 1329//1346 3873//3890
f 3099//3116 3101//3118 4865//4882
f 431//448 3874//3891 1337//1354
f 2003//2020 2005//2022 3875//3892
f 3686//3703 2722//2739 951//968
f 3686//3703 1531//1548 3687//3704
f 2725//2742 3692//3709 954//971
f 3691//3708 1537//1554 3692//3709
f 3796//3813 3084//3101 497//514
f 497//514 496//513 3796//3813
f 503//520 3088//3105 3797//3814
f 3797//3814 504//521 503//520
f 2146//2163 3294//3311 3296//3313
f 2146//2163 1882//1899 2147//2164
f 3298//3315 3294//3311 2152//2169
f 2151//2168 1881//1898 2152//2169
f 4113//4130 113//113 4128//4145
f 3159//3176 3158//3175 106//106
f 110//110 4117//4134 4129//4146
f 3164//3181 3163//3180 102//102
f 2436//2453 1007//1024 1051//1068
f 1007//1024 3545//3562 1051//1068
f 1055//1072 1013//1030 2443//2460
f 1055//1072 3549//3566 1013//1030
f 2221//2238 4038//4055 3834//3851
f 2219//2236 3832//3849 2220//2237
f 2229//2246 3837//3854 4040//4057
f 3835//3852 2226//2243 2225//2242
f 1725//1742 1598//1615 2831//2848
f 1722//1739 1725//1742 1720//1737
f 2834//2851 1600//1617 1729//1746
f 1726//1743 1728//1745 1729//1746
f 91//91 4866//4883 35//35
f 4347//4364 4866//4883 3406//3423
f 4867//4884 86//86 32//32
f 3408//3425 4867//4884 3409//3426
f 479//496 2478//2495 3926//3943
f 2478//2495 479//496 478//495
f 3928//3945 2481//2498 476//493
f 476//493 2481//2498 477//494
f 932//949 1612//1629 2233//2250
f 3052//3069 1612//1629 932//949
f 1619//1636 931//948 2237//2254
f 1619//1636 3054//3071 931//948
f 2971//2988 4868//4885 2900//2917
f 2971//2988 2970//2987 4868//4885
f 4869//4886 2973//2990 2902//2919
f 4869//4886 2974//2991 2973//2990
f 3725//3742 4525//4542 3726//3743
f 3725//3742 3617//3634 800//817
f 3732//3749 3731//3748 4526//4543
f 804//821 3620//3637 3732//3749
f 1043//1060 4870//4887 17//17
f 17//17 2979//2996 18//18
f 4871//4888 1049//1066 14//14
f 13//13 2981//2998 14//14
f 1380//1397 3571//3588 3315//3332
f 1380//1397 4872//4889 4873//4890
f 1384//1401 3317//3334 3572//3589
f 4874//4891 4875//4892 1384//1401
f 1692//1709 391//408 430//447
f 4699//4716 3148//3165 1692//1709
f 426//443 390//407 1695//1712
f 1695//1712 3149//3166 4700//4717
f 4004//4021 932//949 450//467
f 2551//2568 3781//3798 1486//1503
f 4007//4024 445//462 931//948
f 1494//1511 3784//3801 2555//2572
f 4384//4401 3101//3118 4383//4400
f 3103//3120 3058//3075 1999//2016
f 4565//4582 2004//2021 4564//4581
f 422//439 3061//3078 3137//3154
f 3235//3252 3818//3835 3923//3940
f 2025//2042 3922//3939 2026//2043
f 3925//3942 3821//3838 3238//3255
f 2028//2045 3924//3941 2029//2046
f 4313//4330 1232//1249 2769//2786
f 1232//1249 1234//1251 2769//2786
f 4313//4330 2773//2790 1232//1249
f 2773//2790 1238//1255 1232//1249
f 2317//2334 2316//2333 2319//2336
f 1581//1598 2317//2334 2319//2336
f 2325//2342 2321//2338 2323//2340
f 2323//2340 1586//1603 2325//2342
f 4419//4436 2510//2527 3640//3657
f 4646//4663 3502//3519 4574//4591
f 2513//2530 4420//4437 3642//3659
f 4576//4593 3504//3521 4648//4665
f 1267//1284 2528//2545 1268//1285
f 1268//1285 2528//2545 795//812
f 1274//1291 2532//2549 1275//1292
f 1274//1291 803//820 2532//2549
f 4061//4078 4060//4077 2766//2783
f 1831//1848 1830//1847 831//848
f 4065//4082 2767//2784 4063//4080
f 839//856 1827//1844 1826//1843
f 2200//2217 1094//1111 1093//1110
f 3977//3994 2200//2217 1097//1114
f 1099//1116 1098//1115 2206//2223
f 1102//1119 2206//2223 3978//3995
f 3482//3499 479//496 1521//1538
f 3479//3496 3482//3499 3480//3497
f 1529//1546 476//493 3486//3503
f 3484//3501 3486//3503 3485//3502
f 2566//2583 2006//2023 3889//3906
f 3324//3341 3889//3906 3325//3342
f 2010//2027 2572//2589 3890//3907
f 3327//3344 3890//3907 3328//3345
f 2025//2042 2024//2041 4876//4893
f 2024//2041 969//986 971//988
f 4877//4894 2030//2047 2029//2046
f 976//993 975//992 2030//2047
f 3472//3489 670//687 420//437
f 420//437 670//687 3186//3203
f 418//435 676//693 3478//3495
f 418//435 3189//3206 676//693
f 4168//4185 4113//4130 4128//4145
f 4113//4130 1946//1963 4111//4128
f 4170//4187 4129//4146 4117//4134
f 4116//4133 1947//1964 4117//4134
f 155//155 699//716 2326//2343
f 699//716 4853//4870 4854//4871
f 160//160 705//722 158//158
f 4855//4872 4856//4873 705//722
f 1915//1932 4182//4199 1916//1933
f 3546//3563 4182//4199 3641//3658
f 4185//4202 1922//1939 1921//1938
f 4185//4202 3548//3565 3643//3660
f 2609//2626 473//490 472//489
f 2126//2143 1246//1263 2127//2144
f 471//488 470//487 2613//2630
f 1243//1260 1245//1262 1563//1580
f 1321//1338 3893//3910 3894//3911
f 1321//1338 1322//1339 1324//1341
f 3894//3911 3895//3912 1326//1343
f 1325//1342 1326//1343 1327//1344
f 3697//3714 756//773 3900//3917
f 3697//3714 3698//3715 2379//2396
f 3901//3918 762//779 3699//3716
f 2382//2399 3702//3719 3699//3716
f 2282//2299 2279//2296 4878//4895
f 4879//4896 2689//2706 4878//4895
f 4878//4895 2279//2296 2285//2302
f 4878//4895 2693//2710 4879//4896
f 3134//3151 4880//4897 3064//3081
f 4880//4897 3065//3082 3064//3081
f 3069//3086 4881//4898 3136//3153
f 3069//3086 3068//3085 4881//4898
f 1807//1824 613//630 4021//4038
f 4021//4038 1808//1825 1807//1824
f 4022//4039 609//626 1813//1830
f 1812//1829 4022//4039 1813//1830
f 4882//4899 2111//2128 1331//1348
f 1331//1348 2111//2128 3539//3556
f 1335//1352 2116//2133 4883//4900
f 1335//1352 3541//3558 2116//2133
f 1753//1770 1752//1769 4884//4901
f 4858//4875 3033//3050 4884//4901
f 1748//1765 4884//4901 1749//1766
f 4884//4901 3033//3050 4857//4874
f 3553//3570 3552//3569 2945//2962
f 3552//3569 550//567 2945//2962
f 2949//2966 3556//3573 3555//3572
f 3556//3573 2949//2966 547//564
f 3546//3563 3641//3658 2509//2526
f 1051//1068 3546//3563 1052//1069
f 1705//1722 3643//3660 3548//3565
f 3548//3565 1055//1072 1054//1071
f 4528//4545 4527//4544 1562//1579
f 1387//1404 2836//2853 1388//1405
f 1566//1583 4529//4546 4530//4547
f 2840//2857 1393//1410 1392//1409
f 3893//3910 1883//1900 3880//3897
f 1883//1900 3893//3910 1321//1338
f 3895//3912 3880//3897 1880//1897
f 1326//1343 3895//3912 1880//1897
f 2691//2708 4616//4633 4655//4672
f 2063//2080 2691//2708 4655//4672
f 4655//4672 4620//4637 2695//2712
f 4655//4672 2695//2712 2067//2084
f 3994//4011 1345//1362 1315//1332
f 1345//1362 3994//4011 3996//4013
f 1317//1334 1341//1358 4000//4017
f 4000//4017 1341//1358 4001//4018
f 4597//4614 4596//4613 3774//3791
f 11//11 4885//4902 2956//2973
f 4598//4615 4599//4616 3776//3793
f 2961//2978 4886//4903 9//9
f 3382//3399 3381//3398 3071//3088
f 657//674 3380//3397 4033//4050
f 3076//3093 3385//3402 3384//3401
f 3383//3400 663//680 4035//4052
f 50//50 63//63 4644//4661
f 50//50 1872//1889 3847//3864
f 48//48 59//59 49//49
f 1877//1894 49//49 3849//3866
f 1292//1309 2703//2720 4190//4207
f 1060//1077 1059//1076 2703//2720
f 4191//4208 2708//2725 1297//1314
f 2708//2725 1064//1081 1066//1083
f 3960//3977 2464//2481 1767//1784
f 1766//1783 3960//3977 1767//1784
f 1771//1788 4434//4451 3962//3979
f 1771//1788 3962//3979 1769//1786
f 462//479 2394//2411 2795//2812
f 461//478 3513//3530 462//479
f 4812//4829 2399//2416 458//475
f 3517//3534 459//476 458//475
f 800//817 4525//4542 3725//3742
f 800//817 4385//4402 1269//1286
f 3732//3749 4526//4543 804//821
f 804//821 1273//1290 4387//4404
f 4555//4572 3159//3176 118//118
f 3159//3176 106//106 118//118
f 3163//3180 4557//4574 115//115
f 102//102 3163//3180 115//115
f 498//515 4124//4141 1470//1487
f 498//515 497//514 1472//1489
f 4127//4144 502//519 1476//1493
f 1479//1496 503//520 502//519
f 2728//2745 114//114 4633//4650
f 2729//2746 2728//2745 2740//2757
f 4634//4651 3182//3199 2733//2750
f 2745//2762 2733//2750 2732//2749
f 130//130 129//129 3009//3026
f 4806//4823 2502//2519 112//112
f 126//126 3014//3031 127//127
f 4807//4824 108//108 2506//2523
f 4887//4904 1121//1138 1120//1137
f 3865//3882 1120//1137 2791//2808
f 4888//4905 1127//1144 1126//1143
f 1127//1144 3866//3883 2793//2810
f 2064//2081 1651//1668 2065//2082
f 3786//3803 2064//2081 3787//3804
f 2069//2086 2068//2085 1648//1665
f 3790//3807 2069//2086 3788//3805
f 4124//4141 1474//1491 2103//2120
f 3173//3190 616//633 4389//4406
f 2109//2126 1477//1494 4127//4144
f 623//640 3174//3191 4390//4407
f 1253//1270 1251//1268 1250//1267
f 1253//1270 1250//1267 36//36
f 1257//1274 1256//1273 1260//1277
f 1257//1274 1260//1277 31//31
f 1235//1252 1237//1254 3695//3712
f 3695//3712 4435//4452 2342//2359
f 1240//1257 3701//3718 1241//1258
f 2350//2367 4436//4453 3701//3718
f 3669//3686 3658//3675 552//569
f 3657//3674 3910//3927 3658//3675
f 548//565 3660//3677 3672//3689
f 3660//3677 3912//3929 3657//3674
f 3030//3047 3031//3048 4858//4875
f 892//909 1321//1338 3031//3048
f 4857//4874 3036//3053 3034//3051
f 3036//3053 1326//1343 894//911
f 129//129 3661//3678 3010//3027
f 3010//3027 4036//4053 601//618
f 3013//3030 3662//3679 127//127
f 3013//3030 605//622 4037//4054
f 2220//2237 3832//3849 3831//3848
f 170//170 3102//3119 4637//4654
f 3836//3853 3835//3852 2225//2242
f 3138//3155 169//169 4580//4597
f 2791//2808 2426//2443 3747//3764
f 3865//3882 2791//2808 3747//3764
f 3750//3767 2434//2451 2793//2810
f 3750//3767 2793//2810 3866//3883
f 380//397 2164//2181 2166//2183
f 2870//2887 4889//4906 380//397
f 2169//2186 375//392 2170//2187
f 2872//2889 375//392 4890//4907
f 3786//3803 1650//1667 1651//1668
f 3786//3803 1651//1668 2064//2081
f 3788//3805 1648//1665 1649//1666
f 3788//3805 2069//2086 1648//1665
f 3673//3690 3659//3676 3670//3687
f 3670//3687 3659//3676 3671//3688
f 4148//4165 4149//4166 986//1003
f 3387//3404 987//1004 986//1003
f 4150//4167 992//1009 4151//4168
f 992//1009 991//1008 3389//3406
f 4609//4626 4136//4153 4140//4157
f 4891//4908 4588//4605 4609//4626
f 4608//4625 4145//4162 4133//4150
f 4608//4625 4589//4606 4892//4909
f 557//574 900//917 1734//1751
f 900//917 3394//3411 4893//4910
f 563//580 1739//1756 904//921
f 3398//3415 904//921 4894//4911
f 4895//4912 4496//4513 4495//4512
f 1843//1860 4896//4913 1844//1861
f 4494//4511 4493//4510 4895//4912
f 1847//1864 1849//1866 4896//4913
f 3104//3121 165//165 3105//3122
f 176//176 3105//3122 4601//4618
f 3108//3125 162//162 3109//3126
f 174//174 3590//3607 3108//3125
f 1074//1091 1168//1185 3736//3753
f 3736//3753 1896//1913 1895//1912
f 1080//1097 3740//3757 1173//1190
f 1900//1917 1902//1919 3740//3757
f 4882//4899 2112//2129 2111//2128
f 1330//1347 1329//1346 3354//3371
f 4883//4900 2116//2133 2115//2132
f 3356//3373 1337//1354 1336//1353
f 918//935 2302//2319 3188//3205
f 3188//3205 2302//2319 2303//2320
f 3190//3207 2305//2322 925//942
f 2307//2324 2305//2322 3190//3207
f 3393//3410 4897//4914 3812//3829
f 4//4 3812//3829 4897//4914
f 3816//3833 4898//4915 3399//3416
f 4898//4915 3816//3833 3//3
f 2126//2143 4410//4427 672//689
f 3529//3546 2126//2143 2128//2145
f 3773//3790 1244//1261 3211//3228
f 3532//3549 2133//2150 1244//1261
f 1451//1468 703//720 4691//4708
f 155//155 4853//4870 699//716
f 4692//4709 707//724 1453//1470
f 705//722 4856//4873 158//158
f 3071//3088 658//675 657//674
f 4899//4916 3071//3088 657//674
f 3076//3093 663//680 665//682
f 663//680 3076//3093 4900//4917
f 2740//2757 4901//4918 2729//2746
f 2742//2759 1198//1215 721//738
f 2732//2749 2743//2760 2745//2762
f 728//745 1202//1219 2746//2763
f 1156//1173 511//528 1157//1174
f 3568//3585 511//528 1156//1173
f 518//535 1161//1178 1160//1177
f 518//535 3570//3587 1161//1178
f 1960//1977 2019//2036 2386//2403
f 1963//1980 2019//2036 1960//1977
f 2390//2407 2021//2038 1967//1984
f 1967//1984 2021//2038 1971//1988
f 2113//2130 1030//1047 1032//1049
f 1032//1049 4578//4595 2113//2130
f 1036//1053 1035//1052 2119//2136
f 4579//4596 1036//1053 2119//2136
f 1501//1518 1502//1519 3066//3083
f 3065//3082 4880//4897 4902//4919
f 1506//1523 3070//3087 1507//1524
f 4903//4920 4881//4898 3068//3085
f 2998//3015 4192//4209 4904//4921
f 4904//4921 3625//3642 2998//3015
f 4904//4921 4192//4209 3004//3021
f 3004//3021 3625//3642 4904//4921
f 280//297 2026//2043 3922//3939
f 280//297 3885//3902 2026//2043
f 3924//3941 2028//2045 276//293
f 2028//2045 3886//3903 276//293
f 2076//2093 150//150 149//149
f 150//150 3592//3609 3918//3935
f 154//154 153//153 2078//2095
f 3920//3937 3593//3610 153//153
f 4891//4908 4609//4626 4140//4157
f 2706//2723 4140//4157 4141//4158
f 4892//4909 4145//4162 4608//4625
f 4144//4161 4145//4162 2709//2726
f 2327//2344 3414//3431 593//610
f 593//610 2163//2180 594//611
f 599//616 3415//3432 2330//2347
f 598//615 2167//2184 599//616
f 1279//1296 3338//3355 1096//1113
f 4651//4668 3338//3355 1279//1296
f 3339//3356 1282//1299 1103//1120
f 607//624 1282//1299 3339//3356
f 3819//3836 4287//4304 100//100
f 3820//3837 3819//3836 100//100
f 3824//3841 98//98 88//88
f 3823//3840 98//98 3824//3841
f 4905//4922 1420//1437 3558//3575
f 2177//2194 4905//4922 2178//2195
f 4906//4923 3562//3579 1424//1441
f 2184//2201 4906//4923 2185//2202
f 2403//2420 994//1011 996//1013
f 2403//2420 996//1013 4246//4263
f 2407//2424 1002//1019 1001//1018
f 1002//1019 2407//2424 4242//4259
f 2360//2377 2326//2343 698//715
f 4326//4343 2326//2343 2360//2377
f 2364//2381 706//723 2329//2346
f 2364//2381 2329//2346 4328//4345
f 150//150 3918//3935 3919//3936
f 1118//1135 4688//4705 2921//2938
f 3921//3938 3920//3937 153//153
f 4689//4706 1122//1139 2923//2940
f 3221//3238 3220//3237 11//11
f 11//11 3220//3237 4885//4902
f 9//9 3225//3242 3224//3241
f 4886//4903 3225//3242 9//9
f 881//898 2417//2434 535//552
f 4453//4470 2417//2434 881//898
f 542//559 2420//2437 885//902
f 885//902 2420//2437 4454//4471
f 1713//1730 1214//1231 1216//1233
f 4352//4369 1216//1233 2884//2901
f 1220//1237 1222//1239 1717//1734
f 1220//1237 4353//4370 2889//2906
f 2177//2194 1420//1437 4905//4922
f 1418//1435 1420//1437 2177//2194
f 2185//2202 4906//4923 1424//1441
f 2185//2202 1424//1441 1423//1440
f 1377//1394 3600//3617 936//953
f 936//953 1209//1226 1377//1394
f 1381//1398 943//960 3604//3621
f 1213//1230 943//960 1381//1398
f 3414//3431 2163//2180 593//610
f 2360//2377 698//715 2358//2375
f 599//616 2167//2184 3415//3432
f 2366//2383 706//723 2364//2381
f 1663//1680 776//793 1661//1678
f 776//793 4193//4210 1661//1678
f 782//799 1667//1684 1669//1686
f 782//799 1669//1686 4194//4211
f 4081//4098 1742//1759 24//24
f 4080//4097 4506//4523 4081//4098
f 1746//1763 1745//1762 4086//4103
f 4087//4104 4086//4103 4507//4524
f 2210//2227 3581//3598 2211//2228
f 2448//2465 3581//3598 1488//1505
f 3582//3599 2215//2232 2217//2234
f 1492//1509 3582//3599 2450//2467
f 140//140 1483//1500 3373//3390
f 1482//1499 140//140 3375//3392
f 3008//3025 604//621 3011//3028
f 3011//3028 2502//2519 3008//3025
f 3015//3032 608//625 3012//3029
f 3012//3029 2506//2523 3015//3032
f 1605//1622 3610//3627 3609//3626
f 3607//3624 3610//3627 3605//3622
f 3614//3631 3616//3633 1610//1627
f 3616//3633 3612//3629 3611//3628
f 1652//1669 1653//1670 4907//4924
f 4240//4257 1652//1669 4907//4924
f 1655//1672 1656//1673 4908//4925
f 4908//4925 1656//1673 4241//4258
f 4015//4032 4016//4033 2993//3010
f 3656//3673 4909//4926 2993//3010
f 2996//3013 4014//4031 4015//4032
f 3656//3673 2996//3013 4909//4926
f 4910//4927 615//632 4911//4928
f 2101//2118 615//632 4910//4927
f 4912//4929 4913//4930 621//638
f 4912//4929 621//638 2105//2122
f 1405//1422 4914//4931 1406//1423
f 4781//4798 4914//4931 1405//1422
f 1409//1426 4915//4932 1410//1427
f 1410//1427 4915//4932 4782//4799
f 4588//4605 1062//1079 1863//1880
f 4581//4598 1062//1079 4588//4605
f 4589//4606 1868//1885 1068//1085
f 4589//4606 1068//1085 4582//4599
f 4574//4591 4573//4590 2510//2527
f 4646//4663 4574//4591 2510//2527
f 2513//2530 4577//4594 4576//4593
f 2513//2530 4576//4593 4648//4665
f 1104//1121 291//308 1105//1122
f 3463//3480 2052//2069 4845//4862
f 1112//1129 1111//1128 287//304
f 4846//4863 2059//2076 3464//3481
f 2280//2297 1231//1248 1230//1247
f 3275//3292 1231//1248 2688//2705
f 1226//1243 2287//2304 1227//1244
f 2694//2711 1226//1243 3272//3289
f 1365//1382 2138//2155 3568//3585
f 1365//1382 2139//2156 2138//2155
f 2143//2160 1369//1386 3570//3587
f 2142//2159 1369//1386 2143//2160
f 4369//4386 71//71 4370//4387
f 81//81 4370//4387 71//71
f 79//79 4372//4389 4916//4933
f 80//80 79//79 4916//4933
f 539//556 1280//1297 973//990
f 3626//3643 1280//1297 539//556
f 977//994 1283//1300 545//562
f 1283//1300 3627//3644 545//562
f 1598//1615 722//739 721//738
f 1598//1615 1725//1742 1722//1739
f 727//744 1600//1617 728//745
f 1600//1617 1726//1743 1729//1746
f 527//544 2195//2212 528//545
f 2567//2584 2566//2583 2568//2585
f 2197//2214 533//550 532//549
f 2571//2588 2574//2591 2572//2589
f 2930//2947 2932//2949 558//575
f 4102//4119 4104//4121 4318//4335
f 562//579 2934//2951 2936//2953
f 4321//4338 4105//4122 4107//4124
f 3407//3424 72//72 3869//3886
f 3407//3424 73//73 72//72
f 3872//3889 82//82 3410//3427
f 3410//3427 82//82 78//78
f 2223//2240 4038//4055 2221//2238
f 2223//2240 3629//3646 4743//4760
f 2227//2244 2229//2246 4040//4057
f 3630//3647 2227//2244 4744//4761
f 1754//1771 4917//4934 1755//1772
f 1754//1771 2686//2703 4917//4934
f 1759//1776 4918//4935 1760//1777
f 4918//4935 2687//2704 1760//1777
f 1810//1827 2621//2638 4771//4788
f 874//891 873//890 2621//2638
f 1815//1832 4772//4789 2622//2639
f 879//896 878//895 2622//2639
f 579//596 734//751 577//594
f 579//596 3960//3977 734//751
f 737//754 583//600 585//602
f 737//754 2468//2485 583//600
f 2567//2584 2568//2585 2195//2212
f 2195//2212 2568//2585 2570//2587
f 2574//2591 2571//2588 2197//2214
f 2197//2214 2575//2592 2574//2591
f 4369//4386 72//72 71//71
f 72//72 4919//4936 94//94
f 82//82 4373//4390 79//79
f 85//85 4920//4937 82//82
f 939//956 3757//3774 28//28
f 939//956 28//28 940//957
f 25//25 3759//3776 945//962
f 945//962 944//961 25//25
f 4839//4856 4360//4377 1756//1773
f 4360//4377 1754//1771 1756//1773
f 4840//4857 1761//1778 4361//4378
f 1761//1778 1760//1777 4361//4378
f 1252//1269 3022//3039 122//122
f 1252//1269 122//122 132//132
f 1258//1275 119//119 3023//3040
f 1258//1275 131//131 119//119
f 2328//2345 3645//3662 4649//4666
f 4921//4938 4722//4739 4611//4628
f 2331//2348 4650//4667 3647//3664
f 4613//4630 4723//4740 4922//4939
f 1764//1781 3914//3931 348//365
f 4165//4182 4164//4181 3914//3931
f 3916//3933 1768//1785 344//361
f 4166//4183 1768//1785 3916//3933
f 1835//1852 1836//1853 2393//2410
f 1836//1853 4490//4507 4096//4113
f 2397//2414 1840//1857 1841//1858
f 4099//4116 4491//4508 1840//1857
f 4923//4940 2932//2949 2931//2948
f 715//732 1229//1246 1231//1248
f 2935//2952 2934//2951 4924//4941
f 1226//1243 1228//1245 712//729
f 2704//2721 2702//2719 1059//1076
f 4143//4160 3130//3147 2702//2719
f 1064//1081 2707//2724 2711//2728
f 3132//3149 4146//4163 2707//2724
f 3758//3775 24//24 3727//3744
f 3727//3744 4497//4514 3725//3742
f 19//19 3760//3777 3730//3747
f 3730//3747 3732//3749 4498//4515
f 3039//3056 3041//3058 3287//3304
f 3287//3304 4925//4942 3039//3056
f 3044//3061 3046//3063 3095//3112
f 3095//3112 4926//4943 3044//3061
f 95//95 4762//4779 4761//4778
f 95//95 4761//4778 93//93
f 4764//4781 4763//4780 92//92
f 83//83 4764//4781 92//92
f 3601//3618 1431//1448 4674//4691
f 3601//3618 2901//2918 4927//4944
f 4675//4692 1439//1456 3603//3620
f 3603//3620 4284//4301 3604//3621
f 1781//1798 3193//3210 3341//3358
f 1781//1798 1780//1797 4678//4695
f 3346//3363 3199//3216 1786//1803
f 4679//4696 1787//1804 1786//1803
f 4356//4373 4354//4371 4232//4249
f 4356//4373 1177//1194 1179//1196
f 4234//4251 4357//4374 4359//4376
f 1182//1199 4359//4376 1183//1200
f 3259//3276 1071//1088 3083//3100
f 1071//1088 3259//3276 4725//4742
f 3264//3281 3087//3104 1076//1093
f 1076//1093 4726//4743 3264//3281
f 1984//2001 3636//3653 1985//2002
f 940//957 28//28 30//30
f 1987//2004 1989//2006 3637//3654
f 25//25 944//961 26//26
f 1357//1374 3077//3094 538//555
f 1358//1375 1357//1374 538//555
f 546//563 3080//3097 1361//1378
f 1360//1377 546//563 1361//1378
f 4205//4222 1456//1473 1457//1474
f 3242//3259 1367//1384 4205//4222
f 1454//1471 4208//4225 1455//1472
f 1373//1390 3246//3263 4208//4225
f 3194//3211 4235//4252 3195//3212
f 280//297 4235//4252 3885//3902
f 3197//3214 4237//4254 3198//3215
f 276//293 3886//3903 4237//4254
f 4808//4825 2875//2892 2877//2894
f 4735//4752 4737//4754 2877//2894
f 2879//2896 2881//2898 4811//4828
f 4738//4755 2879//2896 4739//4756
f 845//862 4583//4600 3840//3857
f 2084//2101 3465//3482 3467//3484
f 3845//3862 4586//4603 849//866
f 3469//3486 3468//3485 2088//2105
f 184//184 603//620 602//619
f 184//184 4928//4945 603//620
f 607//624 606//623 179//179
f 606//623 4929//4946 179//179
f 4354//4371 4356//4373 4355//4372
f 136//136 138//138 682//699
f 4357//4374 4358//4375 4359//4376
f 686//703 134//134 133//133
f 2983//3000 3139//3156 2646//2663
f 2646//2663 948//965 947//964
f 3142//3159 2988//3005 2649//2666
f 952//969 2649//2666 953//970
f 726//743 279//296 2191//2208
f 1148//1165 3638//3655 279//296
f 732//749 2194//2211 277//294
f 277//294 3639//3656 1152//1169
f 1660//1677 2845//2862 2847//2864
f 1659//1676 2845//2862 1660//1677
f 2850//2867 1665//1682 2851//2868
f 1665//1682 1046//1063 1666//1683
f 2459//2476 1356//1373 4097//4114
f 2459//2476 1357//1374 1356//1373
f 4100//4117 1362//1379 2463//2480
f 1361//1378 2463//2480 1362//1379
f 1926//1943 2727//2744 1542//1559
f 1542//1559 81//81 1543//1560
f 1547//1564 2730//2747 1930//1947
f 1549//1566 80//80 1547//1564
f 2770//2787 2772//2789 2344//2361
f 2772//2789 4250//4267 1236//1253
f 2348//2365 2775//2792 2770//2787
f 1242//1259 4251//4268 2775//2792
f 812//829 3847//3864 1872//1889
f 603//620 4928//4945 2503//2520
f 816//833 1877//1894 3849//3866
f 2508//2525 4929//4946 606//623
f 3762//3779 4378//4395 2680//2697
f 2679//2696 3762//3779 2680//2697
f 4380//4397 3765//3782 2685//2702
f 3765//3782 2683//2700 2685//2702
f 279//296 921//938 280//297
f 279//296 3638//3655 921//938
f 277//294 276//293 928//945
f 928//945 3639//3656 277//294
f 2900//2917 1432//1449 1431//1448
f 2900//2917 4868//4885 1432//1449
f 1438//1455 2902//2919 1439//1456
f 1438//1455 4869//4886 2902//2919
f 3302//3319 2832//2849 4480//4497
f 326//343 1723//1740 3300//3317
f 4482//4499 2833//2850 3305//3322
f 1731//1748 325//342 3303//3320
f 4930//4947 2770//2787 2343//2360
f 4930//4947 2343//2360 2346//2363
f 2349//2366 2770//2787 4930//4947
f 2346//2363 2349//2366 4930//4947
f 3851//3868 2926//2943 2924//2941
f 2925//2942 2926//2943 2838//2855
f 2929//2946 3852//3869 2927//2944
f 2929//2946 2928//2945 2841//2858
f 1486//1503 3781//3798 1487//1504
f 4216//4233 1487//1504 3780//3797
f 1493//1510 3784//3801 1494//1511
f 1493//1510 4218//4235 3782//3799
f 3799//3816 4703//4720 1489//1506
f 1489//1506 3320//3337 1490//1507
f 1496//1513 4704//4721 3804//3821
f 1495//1512 3319//3336 1496//1513
f 4028//4045 3106//3123 1294//1311
f 3106//3123 4750//4767 1294//1311
f 3107//3124 4029//4046 1302//1319
f 4751//4768 3107//3124 1302//1319
f 2524//2541 2615//2632 2614//2631
f 798//815 4828//4845 799//816
f 2619//2636 2618//2635 2531//2548
f 806//823 805//822 4829//4846
f 6//6 4729//4746 4102//4119
f 4319//4336 3466//3483 4102//4119
f 4107//4124 4730//4747 1//1
f 4320//4337 4107//4124 3470//3487
f 428//445 4291//4308 4290//4307
f 4291//4308 428//445 4657//4674
f 427//444 4293//4310 425//442
f 4293//4310 4658//4675 425//442
f 4053//4070 4052//4069 514//531
f 2646//2663 3140//3157 514//531
f 522//539 4055//4072 4054//4071
f 3141//3158 2649//2666 522//539
f 4210//4227 1293//1310 4931//4948
f 1293//1310 3505//3522 3523//3540
f 4932//4949 1299//1316 4212//4229
f 3527//3544 3507//3524 1299//1316
f 892//909 3030//3047 3153//3170
f 3030//3047 892//909 3031//3048
f 3156//3173 3034//3051 894//911
f 3036//3053 894//911 3034//3051
f 3208//3225 4485//4502 4705//4722
f 3208//3225 1964//1981 4485//4502
f 4707//4724 4486//4503 3210//3227
f 4486//4503 1970//1987 3210//3227
f 2083//2100 3980//3997 3465//3482
f 3980//3997 4861//4878 3982//3999
f 3468//3485 3983//4000 2089//2106
f 4862//4879 3983//4000 3984//4001
f 1130//1147 3281//3298 2250//2267
f 2181//2198 3281//3298 4823//4840
f 2253//2270 3283//3300 1134//1151
f 3283//3300 2187//2204 4824//4841
f 971//988 1546//1563 4876//4893
f 971//988 4876//4893 2024//2041
f 976//993 4877//4894 1551//1568
f 2030//2047 4877//4894 976//993
f 2122//2139 4546//4563 1843//1860
f 1843//1860 1845//1862 2122//2139
f 2125//2142 1847//1864 4548//4565
f 2125//2142 1848//1865 1847//1864
f 1393//1410 1407//1424 4933//4950
f 4933//4950 1407//1424 3991//4008
f 4257//4274 2345//2362 2347//2364
f 4255//4272 2345//2362 4257//4274
f 2351//2368 4261//4278 2352//2369
f 2351//2368 4258//4275 4261//4278
f 2082//2099 4861//4878 2083//2100
f 4861//4878 3980//3997 2083//2100
f 2090//2107 2089//2106 4862//4879
f 2089//2106 3983//4000 4862//4879
f 2447//2464 4934//4951 2448//2465
f 3523//3540 3524//3541 2208//2225
f 2450//2467 2453//2470 2451//2468
f 3526//3543 3527//3544 2214//2231
f 1393//1410 4933//4950 1389//1406
f 4933//4950 1387//1404 1389//1406
f 2491//2508 4138//4155 2492//2509
f 2492//2509 4138//4155 3818//3835
f 2496//2513 2495//2512 3822//3839
f 2495//2512 3238//3255 3822//3839
f 2589//2606 4710//4727 2590//2607
f 2590//2607 4710//4727 2591//2608
f 2592//2609 4711//4728 2593//2610
f 2676//2693 4711//4728 2592//2609
f 2218//2235 261//276 2906//2923
f 2218//2235 2906//2923 2219//2236
f 2911//2928 256//269 2224//2241
f 2226//2243 2911//2928 2224//2241
f 4178//4195 3168//3185 3167//3184
f 3167//3184 3166//3183 4178//4195
f 3169//3186 3171//3188 4180//4197
f 4180//4197 3170//3187 3169//3186
f 4935//4952 2941//2958 3790//3807
f 2939//2956 4935//4952 3787//3804
f 2966//2983 1368//1385 4158//4175
f 4158//4175 2965//2982 2966//2983
f 4159//4176 1372//1389 2969//2986
f 2968//2985 4159//4176 2969//2986
f 4778//4795 2589//2606 4174//4191
f 2714//2731 2865//2882 2864//2881
f 4177//4194 4936//4953 4176//4193
f 2718//2735 2866//2883 2868//2885
f 2264//2281 2783//2800 2821//2838
f 2821//2838 2784//2801 2264//2281
f 2825//2842 2787//2804 2269//2286
f 2788//2805 2825//2842 2269//2286
f 1950//1967 1949//1966 4364//4381
f 4364//4381 2658//2675 4363//4380
f 4366//4383 1955//1972 1954//1971
f 2662//2679 4366//4383 4365//4382
f 4175//4192 582//599 4710//4727
f 582//599 4175//4192 2465//2482
f 584//601 1300//1317 4177//4194
f 586//603 4177//4194 4711//4728
f 2568//2585 3888//3905 2950//2967
f 3888//3905 4108//4125 2950//2967
f 2574//2591 2953//2970 3891//3908
f 2953//2970 4109//4126 3891//3908
f 2855//2872 4645//4662 1701//1718
f 4471//4488 1701//1718 4472//4489
f 1707//1724 4647//4664 2860//2877
f 1707//1724 4473//4490 4474//4491
f 4819//4836 4818//4835 4937//4954
f 4937//4954 3878//3895 4819//4836
f 4937//4954 4818//4835 4820//4837
f 4820//4837 3877//3894 4937//4954
f 627//644 629//646 393//410
f 627//644 3253//3270 629//646
f 392//409 631//648 632//649
f 632//649 631//648 3258//3275
f 1501//1518 981//998 3680//3697
f 1501//1518 3680//3697 3651//3668
f 3682//3699 3681//3698 1506//1523
f 3653//3670 3682//3699 1506//1523
f 3961//3978 3960//3977 1766//1783
f 3073//3090 4164//4181 3915//3932
f 1769//1786 3962//3979 4167//4184
f 3074//3091 3917//3934 4166//4183
f 326//343 216//220 327//344
f 216//220 215//219 327//344
f 325//342 324//341 213//217
f 213//217 324//341 198//198
f 1118//1135 2921//2938 132//132
f 2921//2938 1252//1269 132//132
f 2923//2940 1122//1139 131//131
f 1258//1275 2923//2940 131//131
f 988//1005 2130//2147 3510//3527
f 2130//2147 988//1005 987//1004
f 3515//3532 2134//2151 990//1007
f 991//1008 990//1007 2134//2151
f 2404//2421 1659//1676 1658//1675
f 2405//2422 2976//2993 2404//2421
f 1664//1681 1666//1683 2406//2423
f 4827//4844 2408//2425 2406//2423
f 147//147 4354//4371 138//138
f 138//138 4354//4371 4355//4372
f 4357//4374 145//145 134//134
f 134//134 4358//4375 4357//4374
f 3906//3923 1898//1915 1897//1914
f 1898//1915 3907//3924 3974//3991
f 1905//1922 1904//1921 3908//3925
f 1904//1921 3975//3992 3909//3926
f 3626//3643 3421//3438 3337//3354
f 3421//3438 4682//4699 3422//3439
f 3424//3441 3426//3443 4684//4701
f 3340//3357 3424//3441 3627//3644
f 4193//4210 526//543 528//545
f 3323//3340 3325//3342 526//543
f 532//549 534//551 4194//4211
f 534//551 3327//3344 3329//3346
f 3519//3536 756//773 3697//3714
f 754//771 756//773 3519//3536
f 762//779 3521//3538 3699//3716
f 3521//3538 762//779 761//778
f 1518//1535 2239//2256 3402//3419
f 3481//3498 3401//3418 3402//3419
f 3405//3422 2238//2255 1525//1542
f 3405//3422 3403//3420 3483//3500
f 4661//4678 3471//3488 3473//3490
f 3474//3491 3473//3490 3471//3488
f 4662//4679 3477//3494 3475//3492
f 3475//3492 3477//3494 3476//3493
f 1624//1641 1626//1643 906//923
f 3889//3906 1624//1641 3887//3904
f 1632//1649 1631//1648 911//928
f 3890//3907 3892//3909 1631//1648
f 3906//3923 3907//3924 1898//1915
f 4238//4255 3907//3924 3906//3923
f 1904//1921 3909//3926 3908//3925
f 3908//3925 3909//3926 4239//4256
f 798//815 2180//2197 2615//2632
f 2615//2632 4828//4845 798//815
f 2618//2635 2188//2205 806//823
f 806//823 4829//4846 2618//2635
f 2519//2536 4142//4159 3129//3146
f 2519//2536 70//70 2517//2534
f 3131//3148 4147//4164 2523//2540
f 65//65 2523//2540 2522//2539
f 3350//3367 910//927 2007//2024
f 2600//2617 2602//2619 3350//3367
f 2012//2029 914//931 3352//3369
f 2605//2622 3352//3369 2606//2623
f 2290//2307 1753//1770 4859//4876
f 1753//1770 4884//4901 4938//4955
f 4859//4876 1748//1765 2295//2312
f 4938//4955 4884//4901 1748//1765
f 3233//3250 3430//3447 3625//3642
f 157//157 3430//3447 3233//3250
f 3625//3642 3429//3446 3234//3251
f 3234//3251 3429//3446 159//159
f 2602//2619 908//925 910//927
f 2602//2619 910//927 3350//3367
f 3352//3369 914//931 2606//2623
f 2606//2623 914//931 916//933
f 1940//1957 591//608 1176//1193
f 3965//3982 591//608 1940//1957
f 597//614 1944//1961 1180//1197
f 597//614 3967//3984 1944//1961
f 4141//4158 2704//2721 2706//2723
f 2704//2721 4141//4158 2702//2719
f 2707//2724 4144//4161 2711//2728
f 4144//4161 2709//2726 2711//2728
f 4455//4472 724//741 3867//3884
f 4307//4324 414//431 724//741
f 3868//3885 731//748 4456//4473
f 731//748 411//428 4309//4326
f 3342//3359 3193//3210 3195//3212
f 1217//1234 3342//3359 2240//2257
f 3197//3214 3199//3216 3345//3362
f 2241//2258 3345//3362 1224//1241
f 1946//1963 807//824 4111//4128
f 4111//4128 807//824 3301//3318
f 4116//4133 815//832 1947//1964
f 3304//3321 815//832 4116//4133
f 4472//4489 1912//1929 4471//4488
f 1912//1929 1917//1934 1913//1930
f 1920//1937 4474//4491 4473//4490
f 1920//1937 1921//1938 1923//1940
f 2280//2297 1230//1247 2281//2298
f 4056//4073 1733//1750 1519//1536
f 2287//2304 2286//2303 1227//1244
f 1736//1753 4057//4074 1524//1541
f 577//594 405//422 578//595
f 790//807 789//806 4295//4312
f 294//311 293//310 267//283
f 4796//4813 4027//4044 267//283
f 296//313 298//315 260//275
f 260//275 4026//4043 4795//4812
f 2190//2207 2189//2206 2191//2208
f 1721//1738 4455//4472 3867//3884
f 2192//2209 2194//2211 2193//2210
f 3868//3885 4456//4473 1727//1744
f 4863//4880 3195//3212 3192//3209
f 2240//2257 3342//3359 3195//3212
f 2241//2258 3197//3214 3345//3362
f 4236//4253 3196//3213 3197//3214
f 613//630 1806//1823 1773//1790
f 1773//1790 1806//1823 4696//4713
f 1776//1793 1814//1831 609//626
f 4698//4715 1814//1831 1776//1793
f 2114//2131 3538//3555 2915//2932
f 2199//2216 3860//3877 2114//2131
f 2918//2935 3542//3559 2118//2135
f 2203//2220 2118//2135 3862//3879
f 3349//3366 909//926 4541//4558
f 910//927 909//926 3349//3366
f 3351//3368 4542//4559 915//932
f 914//931 3351//3368 915//932
f 635//652 2263//2280 633//650
f 3949//3966 2265//2282 633//650
f 639//656 2266//2283 640//657
f 2270//2287 3952//3969 639//656
f 2796//2813 2795//2812 4809//4826
f 2795//2812 4810//4827 4809//4826
f 2800//2817 4812//4829 458//475
f 4814//4831 4812//4829 2800//2817
f 52//52 689//706 2890//2907
f 2890//2907 689//706 3856//3873
f 2895//2912 693//710 47//47
f 2895//2912 3858//3875 693//710
f 4939//4956 4940//4957 2679//2696
f 4941//4958 4939//4956 2679//2696
f 4940//4957 4939//4956 2683//2700
f 2684//2701 2683//2700 4939//4956
f 1602//1619 3607//3624 1603//1620
f 3621//3638 1602//1619 4421//4438
f 1608//1625 3612//3629 1607//1624
f 3623//3640 4423//4440 1607//1624
f 2131//2148 987//1004 3386//3403
f 987//1004 2131//2148 2130//2147
f 2136//2153 3388//3405 991//1008
f 991//1008 2134//2151 2136//2153
f 1567//1584 2439//2456 4872//4889
f 2439//2456 1567//1584 2440//2457
f 2446//2463 1573//1590 4875//4892
f 2446//2463 2445//2462 1573//1590
f 2616//2633 2182//2199 4301//4318
f 2182//2199 4823//4840 1801//1818
f 4302//4319 2186//2203 2617//2634
f 1803//1820 4824//4841 2186//2203
f 2255//2272 2303//2320 1149//1166
f 725//742 2255//2272 1149//1166
f 1153//1170 2307//2324 2258//2275
f 730//747 1153//1170 2258//2275
f 147//147 1940//1957 4231//4248
f 147//147 4231//4248 4354//4371
f 1944//1961 145//145 4233//4250
f 145//145 4357//4374 4233//4250
f 585//602 584//601 3854//3871
f 4297//4314 792//809 794//811
f 4911//4928 615//632 617//634
f 739//756 4911//4928 4422//4439
f 622//639 621//638 4913//4930
f 4423//4440 4424//4441 4468//4485
f 482//499 2380//2397 3969//3986
f 2381//2398 2380//2397 482//499
f 489//506 3972//3989 2384//2401
f 2383//2400 489//506 2384//2401
f 1561//1578 1908//1925 1562//1579
f 4784//4801 1908//1925 1561//1578
f 1564//1581 1566//1583 1911//1928
f 1564//1581 1911//1928 4786//4803
f 2930//2947 557//574 1735//1752
f 2930//2947 558//575 557//574
f 2936//2953 1738//1755 563//580
f 562//579 2936//2953 563//580
f 2497//2514 1996//2013 3099//3116
f 2497//2514 2498//2515 1996//2013
f 3875//3892 2000//2017 2499//2516
f 2000//2017 2500//2517 2499//2516
f 2344//2361 2772//2789 1236//1253
f 2342//2359 2344//2361 1236//1253
f 1242//1259 2775//2792 2348//2365
f 2348//2365 2350//2367 1242//1259
f 3309//3326 772//789 771//788
f 3907//3924 2300//2317 3974//3991
f 778//795 3313//3330 779//796
f 3909//3926 3975//3992 2301//2318
f 2231//2248 2233//2250 2232//2249
f 1614//1631 456//473 2232//2249
f 2237//2254 2235//2252 2234//2251
f 453//470 1620//1637 2234//2251
f 692//709 45//45 3377//3394
f 45//45 692//709 2819//2836
f 3379//3396 41//41 697//714
f 697//714 41//41 2824//2841
f 3980//3997 2335//2352 3465//3482
f 3465//3482 2335//2352 2336//2353
f 3468//3485 2341//2358 3983//4000
f 2340//2357 2341//2358 3468//3485
f 2678//2695 2682//2699 2486//2503
f 2486//2503 2682//2699 4272//4289
f 2490//2507 2489//2506 2682//2699
f 2489//2506 4274//4291 2682//2699
f 1084//1101 3808//3825 146//146
f 3808//3825 3965//3982 1939//1956
f 143//143 3809//3826 1088//1105
f 3967//3984 3809//3826 1945//1962
f 4206//4223 4205//4222 1457//1474
f 1457//1474 4757//4774 4206//4223
f 4209//4226 4760//4777 1455//1472
f 1455//1472 4208//4225 4209//4226
f 2485//2502 2487//2504 1830//1847
f 1830//1847 832//849 831//848
f 1827//1844 4275//4292 2489//2506
f 838//855 1827//1844 839//856
f 3192//3209 2885//2902 1215//1232
f 2885//2902 3192//3209 922//939
f 3196//3213 1221//1238 2888//2905
f 927//944 3196//3213 2888//2905
f 2915//2932 3538//3555 3537//3554
f 2915//2932 3537//3554 3369//3386
f 3542//3559 2918//2935 3543//3560
f 3371//3388 3543//3560 2918//2935
f 3808//3825 1939//1956 146//146
f 146//146 1939//1956 147//147
f 3809//3826 143//143 1945//1962
f 1945//1962 143//143 145//145
f 4776//4793 3768//3785 1808//1825
f 568//585 3769//3786 1398//1415
f 3770//3787 4777//4794 1812//1829
f 3772//3789 576//593 1401//1418
f 3726//3743 4525//4542 2735//2752
f 2312//2329 2735//2752 29//29
f 3731//3748 2739//2756 4526//4543
f 2314//2331 27//27 2739//2756
f 4686//4703 2493//2510 3110//3127
f 1929//1946 3110//3127 1927//1944
f 3114//3131 2494//2511 4687//4704
f 1933//1950 1935//1952 3114//3131
f 3601//3618 3599//3616 937//954
f 935//952 937//954 3599//3616
f 3602//3619 3603//3620 942//959
f 3602//3619 942//959 941//958
f 2159//2176 3810//3827 4//4
f 1798//1815 2159//2176 4401//4418
f 3//3 3815//3832 2161//2178
f 2161//2178 1802//1819 4403//4420
f 428//445 4290//4307 429//446
f 4290//4307 4699//4716 429//446
f 427//444 4294//4311 4293//4310
f 427//444 4700//4717 4294//4311
f 2610//2627 4515//4532 4503//4520
f 508//525 1406//1423 509//526
f 2612//2629 4504//4521 4517//4534
f 1409//1426 506//523 505//522
f 129//129 4481//4498 1197//1214
f 1197//1214 3661//3678 129//129
f 1203//1220 4484//4501 127//127
f 127//127 3662//3679 1203//1220
f 1334//1351 444//461 4699//4716
f 3437//3454 3438//3455 1138//1155
f 4700//4717 443//460 1339//1356
f 3440//3457 3439//3456 1144//1161
f 2328//2345 593//610 592//609
f 592//609 4722//4739 4921//4938
f 2331//2348 600//617 599//616
f 600//617 4922//4939 4723//4740
f 2493//2510 1546//1563 3110//3127
f 3236//3253 1546//1563 2493//2510
f 3114//3131 1551//1568 2494//2511
f 2494//2511 1551//1568 3237//3254
f 3501//3518 1441//1458 2561//2578
f 1851//1868 1850//1867 2561//2578
f 2565//2582 1445//1462 3503//3520
f 2565//2582 1858//1875 1857//1874
f 314//331 336//353 334//351
f 314//331 334//351 333//350
f 338//355 313//330 331//348
f 313//330 329//346 331//348
f 3230//3247 1430//1447 1429//1446
f 3230//3247 1429//1446 3231//3248
f 3227//3244 1436//1453 1435//1452
f 3227//3244 3229//3246 1436//1453
f 1629//1646 1628//1645 3307//3324
f 3308//3325 3307//3324 1628//1645
f 1633//1650 1635//1652 3311//3328
f 3310//3327 1633//1650 3311//3328
f 4942//4959 2408//2425 3175//3192
f 4943//4960 3175//3192 2405//2422
f 2327//2344 2328//2345 4649//4666
f 4074//4091 2327//2344 4649//4666
f 2330//2347 4650//4667 2331//2348
f 4078//4095 4650//4667 2330//2347
f 4489//4506 467//484 4837//4854
f 4837//4854 467//484 3992//4009
f 4492//4509 4838//4855 464//481
f 4838//4855 3993//4010 464//481
f 76//76 2501//2518 77//77
f 4128//4145 113//113 76//76
f 74//74 2505//2522 75//75
f 75//75 110//110 4129//4146
f 4336//4353 2426//2443 2791//2808
f 2791//2808 2790//2807 4336//4353
f 4338//4355 2793//2810 2434//2451
f 2793//2810 4338//4355 2794//2811
f 166//166 3506//3523 3525//3542
f 3130//3147 3525//3542 3506//3523
f 161//161 3528//3545 3508//3525
f 3528//3545 3132//3149 3508//3525
f 4602//4619 4603//4620 3583//3600
f 836//853 948//965 834//851
f 3587//3604 4605//4622 4607//4624
f 842//859 841//858 952//969
f 4872//4889 2439//2456 1570//1587
f 4872//4889 1570//1587 1569//1586
f 1576//1593 2446//2463 4875//4892
f 1574//1591 1576//1593 4875//4892
f 3910//3927 552//569 3658//3675
f 3911//3928 638//655 552//569
f 3912//3929 3660//3677 548//565
f 3913//3930 548//565 642//659
f 2977//2994 997//1014 4701//4718
f 1039//1056 2977//2994 3931//3948
f 4702//4719 1005//1022 2980//2997
f 3934//3951 2980//2997 1044//1061
f 1490//1507 3360//3377 1491//1508
f 4160//4177 3360//3377 4944//4961
f 3362//3379 1495//1512 1497//1514
f 4162//4179 4945//4962 3362//3379
f 319//336 589//606 320//337
f 3645//3662 4610//4627 589//606
f 317//334 596//613 318//335
f 4614//4631 3647//3664 596//613
f 3524//3541 4028//4045 1294//1311
f 3524//3541 3505//3522 4028//4045
f 1302//1319 4029//4046 3526//3543
f 4029//4046 3507//3524 3526//3543
f 774//791 2847//2864 2843//2860
f 776//793 1663//1680 774//791
f 781//798 2849//2866 2851//2868
f 781//798 1667//1684 782//799
f 1120//1137 1119//1136 1885//1902
f 1119//1136 2535//2552 2534//2551
f 1889//1906 1125//1142 1127//1144
f 2537//2554 1125//1142 2536//2553
f 1998//2015 434//451 436//453
f 436//453 3873//3890 4865//4882
f 423//440 431//448 433//450
f 3874//3891 431//448 2003//2020
f 2032//2049 3954//3971 2033//2050
f 2033//2050 2140//2157 2139//2156
f 2036//2053 2038//2055 3955//3972
f 2038//2055 2142//2159 2144//2161
f 1983//2000 2901//2918 3636//3653
f 1638//1655 3447//3464 2898//2915
f 1988//2005 3637//3654 2905//2922
f 2904//2921 3448//3465 1642//1659
f 2149//2166 3742//3759 2639//2656
f 4413//4430 4195//4212 2149//2166
f 3744//3761 2155//2172 2644//2661
f 4200//4217 4414//4431 2155//2172
f 4084//4101 2436//2453 2435//2452
f 4084//4101 2440//2457 2436//2453
f 2441//2458 2443//2460 4088//4105
f 4088//4105 2443//2460 1572//1589
f 1368//1385 3241//3258 4158//4175
f 1368//1385 1367//1384 3241//3258
f 3244//3261 1372//1389 4159//4176
f 3244//3261 3246//3263 1372//1389
f 3538//3555 442//459 3540//3557
f 2114//2131 3860//3877 3538//3555
f 3544//3561 437//454 3542//3559
f 3542//3559 3862//3879 2118//2135
f 2428//2445 2425//2442 151//151
f 2425//2442 149//149 151//151
f 152//152 2430//2447 2432//2449
f 152//152 154//154 2430//2447
f 3354//3371 3353//3370 1150//1167
f 2254//2271 1150//1167 3353//3370
f 3357//3374 3356//3373 1155//1172
f 1155//1172 2259//2276 3357//3374
f 4211//4228 4931//4948 4217//4234
f 3779//3796 4217//4234 4216//4233
f 4219//4236 4932//4949 4212//4229
f 4218//4235 4219//4236 3783//3800
f 4385//4402 1267//1284 1269//1286
f 4386//4403 1267//1284 4385//4402
f 1273//1290 1275//1292 4387//4404
f 4387//4404 1275//1292 4388//4405
f 1885//1902 2534//2551 1886//1903
f 1885//1902 1119//1136 2534//2551
f 2536//2553 1889//1906 1893//1910
f 2536//2553 1125//1142 1889//1906
f 2970//2987 2972//2989 2288//2305
f 857//874 2288//2305 889//906
f 2294//2311 2975//2992 2974//2991
f 893//910 2294//2311 854//871
f 765//782 764//781 4230//4247
f 3573//3590 765//782 4230//4247
f 770//787 767//784 769//786
f 770//787 769//786 3576//3593
f 1281//1298 602//619 247//260
f 247//260 602//619 601//618
f 244//257 607//624 3339//3356
f 244//257 605//622 607//624
f 4217//4234 4931//4948 2447//2464
f 4934//4951 2447//2464 4931//4948
f 2451//2468 4932//4949 4219//4236
f 4932//4949 2451//2468 2453//2470
f 2199//2216 4340//4357 3859//3876
f 3860//3877 2199//2216 3859//3876
f 4342//4359 2203//2220 3863//3880
f 3863//3880 2203//2220 3862//3879
f 4343//4360 4946//4963 1711//1728
f 1711//1728 1432//1449 4343//4360
f 1711//1728 4946//4963 4344//4361
f 1711//1728 4344//4361 1438//1455
f 183//183 2584//2601 184//184
f 184//184 2584//2601 4928//4945
f 2585//2602 180//180 179//179
f 4929//4946 2585//2602 179//179
f 1236//1253 4250//4267 1421//1438
f 2768//2785 4018//4035 1421//1438
f 1242//1259 1427//1444 4251//4268
f 1427//1444 4020//4037 2774//2791
f 2386//2403 3708//3725 4947//4964
f 273//290 2386//2403 4947//4964
f 3703//3720 3705//3722 2390//2407
f 3703//3720 2390//2407 268//284
f 3833//3850 172//172 171//171
f 3833//3850 171//171 3834//3851
f 167//167 3838//3855 168//168
f 3838//3855 3837//3854 168//168
f 1998//2015 3101//3118 1999//2016
f 3103//3120 1999//2016 3101//3118
f 422//439 2004//2021 423//440
f 4564//4581 2004//2021 422//439
f 332//349 334//351 389//406
f 332//349 389//406 4362//4379
f 331//348 330//347 387//404
f 370//387 387//404 330//347
f 3437//3454 444//461 3438//3455
f 444//461 441//458 884//901
f 3440//3457 443//460 3439//3456
f 886//903 438//455 443//460
f 637//654 2942//2959 2944//2961
f 637//654 2944//2961 638//655
f 2947//2964 2577//2594 643//660
f 642//659 2947//2964 643//660
f 3334//3351 2647//2664 659//676
f 3334//3351 659//676 1766//1783
f 2650//2667 3335//3352 664//681
f 664//681 3335//3352 1769//1786
f 1732//1749 1229//1246 2931//2948
f 1229//1246 4923//4940 2931//2948
f 2935//2952 1228//1245 1737//1754
f 4924//4941 1228//1245 2935//2952
f 2991//3008 2048//2065 2043//2060
f 2991//3008 2043//2060 2045//2062
f 3610//3627 3622//3639 3693//3710
f 742//759 2540//2557 4715//4732
f 3694//3711 3624//3641 3616//3633
f 2543//2560 749//766 4716//4733
f 565//582 2477//2494 478//495
f 958//975 565//582 478//495
f 2479//2496 573//590 477//494
f 964//981 477//494 573//590
f 2637//2654 2636//2653 1272//1289
f 2636//2653 4635//4652 3986//4003
f 1277//1294 2641//2658 2643//2660
f 3988//4005 4636//4653 2641//2658
f 1509//1526 3306//3323 1510//1527
f 1509//1526 3974//3991 3306//3323
f 1513//1530 3312//3329 1514//1531
f 3312//3329 3975//3992 1514//1531
f 2759//2776 2761//2778 4277//4294
f 2761//2778 2814//2831 4277//4294
f 2765//2782 4280//4297 2763//2780
f 4280//4297 2818//2835 2763//2780
f 1333//1350 3540//3557 1334//1351
f 1331//1348 3539//3556 1333//1350
f 1339//1356 3544//3561 1340//1357
f 1340//1357 3541//3558 1335//1352
f 385//402 384//401 396//413
f 385//402 396//413 4058//4075
f 382//399 395//412 383//400
f 382//399 4059//4076 395//412
f 2421//2438 326//343 328//345
f 2421//2438 328//345 3370//3387
f 325//342 2422//2439 323//340
f 2422//2439 3372//3389 323//340
f 3533//3550 3490//3507 3493//3510
f 1021//1038 3533//3550 3493//3510
f 3496//3513 3490//3507 3535//3552
f 3496//3513 3535//3552 1018//1035
f 4948//4965 1872//1889 4830//4847
f 4928//4945 1872//1889 4948//4965
f 4949//4966 4831//4848 1877//1894
f 4949//4966 1877//1894 4929//4946
f 3903//3920 1751//1768 3152//3169
f 3903//3920 3153//3170 1751//1768
f 3155//3172 1750//1767 3905//3922
f 1750//1767 3156//3173 3905//3922
f 4263//4280 460//477 4736//4753
f 1355//1372 4736//4753 460//477
f 457//474 4264//4281 4740//4757
f 1359//1376 457//474 4740//4757
f 44//44 77//77 3011//3028
f 77//77 44//44 46//46
f 3015//3032 74//74 42//42
f 43//43 42//42 74//74
f 4804//4821 1845//1862 4495//4512
f 4804//4821 3927//3944 1845//1862
f 4494//4511 1848//1865 4805//4822
f 1848//1865 3929//3946 4805//4822
f 2528//2545 1272//1289 3986//4003
f 1272//1289 2636//2653 3986//4003
f 2532//2549 3988//4005 1277//1294
f 3988//4005 2641//2658 1277//1294
f 2783//2800 1249//1266 2781//2798
f 1307//1324 4501//4518 2783//2800
f 2787//2804 2786//2803 1255//1272
f 1311//1328 2787//2804 4502//4519
f 4207//4224 4201//4218 4204//4221
f 4204//4221 4201//4218 4203//4220
f 248//261 601//618 4036//4053
f 247//260 601//618 248//261
f 4037//4054 605//622 243//256
f 243//256 605//622 244//257
f 4818//4835 1391//1408 1403//1420
f 1403//1420 1391//1408 1390//1407
f 3990//4007 1394//1411 4818//4835
f 1395//1412 1394//1411 3990//4007
f 157//157 3038//3055 3430//3447
f 157//157 1022//1039 3038//3055
f 3429//3446 3042//3059 159//159
f 159//159 3042//3059 1020//1037
f 1883//1900 1321//1338 1324//1341
f 1883//1900 1324//1341 1323//1340
f 1327//1344 1326//1343 1880//1897
f 1327//1344 1880//1897 1328//1345
f 408//425 3595//3612 409//426
f 409//426 3596//3613 421//438
f 3597//3614 407//424 406//423
f 3598//3615 406//423 417//434
f 186//186 207//210 208//212
f 186//186 210//214 191//191
f 212//216 189//189 195//195
f 189//189 231//244 190//190
f 4374//4391 649//666 3557//3574
f 3557//3574 649//666 3558//3575
f 4376//4393 3563//3580 654//671
f 3563//3580 3562//3579 654//671
f 4071//4088 1710//1727 1437//1454
f 1433//1450 1710//1727 4071//4088
f 1936//1953 1938//1955 1086//1103
f 3808//3825 1936//1953 3965//3982
f 1941//1958 1943//1960 1091//1108
f 1943//1960 3809//3826 3967//3984
f 2027//2044 3818//3835 4138//4155
f 2027//2044 100//100 4287//4304
f 3821//3838 2031//2048 3822//3839
f 3824//3841 88//88 4288//4305
f 3948//3965 1863//1880 1062//1079
f 1864//1881 1863//1880 3948//3965
f 3947//3964 1068//1085 1868//1885
f 1868//1885 1864//1881 3947//3964
f 3906//3923 1511//1528 4238//4255
f 1511//1528 498//515 4123//4140
f 1517//1534 3908//3925 4239//4256
f 502//519 1517//1534 4126//4143
f 4038//4055 2223//2240 4039//4056
f 4038//4055 4039//4056 3591//3608
f 4040//4057 4041//4058 2227//2244
f 4040//4057 3594//3611 4041//4058
f 3558//3575 649//666 648//665
f 648//665 2524//2541 2614//2631
f 654//671 3562//3579 655//672
f 655//672 2619//2636 2531//2548
f 4752//4769 3791//3808 4169//4186
f 3791//3808 2370//2387 4169//4186
f 4171//4188 3794//3811 4754//4771
f 2372//2389 3794//3811 4171//4188
f 1346//1363 4546//4563 2122//2139
f 1346//1363 3996//4013 4187//4204
f 2125//2142 4548//4565 1343//1360
f 4001//4018 1343//1360 4188//4205
f 4118//4135 628//645 347//364
f 4119//4136 4118//4135 347//364
f 345//362 4120//4137 4121//4138
f 345//362 630//647 4120//4137
f 3370//3387 2916//2933 2914//2931
f 1030//1047 2914//2931 4821//4838
f 3372//3389 2917//2934 2919//2936
f 4822//4839 2917//2934 1035//1052
f 1742//1759 4506//4523 1053//1070
f 1742//1759 4081//4098 4506//4523
f 1745//1762 1057//1074 4507//4524
f 4507//4524 4086//4103 1745//1762
f 4103//4120 3813//3830 556//573
f 558//575 4103//4120 556//573
f 564//581 3817//3834 4106//4123
f 564//581 4106//4123 562//579
f 4610//4627 3644//3661 320//337
f 589//606 4610//4627 320//337
f 317//334 4024//4041 4614//4631
f 4614//4631 596//613 317//334
f 3938//3955 3491//3508 2017//2034
f 2017//2034 1288//1305 3938//3955
f 2014//2031 3495//3512 3940//3957
f 2014//2031 3940//3957 1286//1303
f 3551//3568 2943//2960 1207//1224
f 2943//2960 2790//2807 1207//1224
f 1212//1229 2948//2965 3554//3571
f 2794//2811 2948//2965 1212//1229
f 2082//2099 844//861 4693//4710
f 1650//1667 844//861 843//860
f 4694//4711 850//867 2090//2107
f 848//865 850//867 1649//1666
f 3996//4013 612//629 4187//4204
f 3996//4013 3995//4012 612//629
f 4001//4018 4188//4205 610//627
f 3999//4016 4001//4018 610//627
f 156//156 4327//4344 4755//4772
f 1021//1038 1023//1040 3534//3551
f 4756//4773 160//160 1709//1726
f 1018//1035 3536//3553 1019//1036
f 3664//3681 959//976 1520//1537
f 1520//1537 3479//3496 2239//2256
f 3666//3683 1526//1543 963//980
f 2238//2255 3485//3502 1526//1543
f 4060//4077 2033//2050 2139//2156
f 4060//4077 2137//2154 2766//2783
f 2038//2055 4063//4080 2142//2159
f 4063//4080 2767//2784 2141//2158
f 2994//3011 1553//1570 636//653
f 2994//3011 636//653 3910//3927
f 644//661 1552//1569 2997//3014
f 3912//3929 644//661 2997//3014
f 401//418 733//750 628//645
f 735//752 733//750 1764//1781
f 738//755 400//417 630//647
f 1768//1785 738//755 736//753
f 3460//3477 4394//4411 1442//1459
f 3460//3477 4597//4614 4394//4411
f 1449//1466 4395//4412 3461//3478
f 3461//3478 4395//4412 4599//4616
f 2128//2145 4843//4860 3512//3529
f 2128//2145 2127//2144 474//491
f 3518//3535 4844//4861 2133//2150
f 469//486 2132//2149 2133//2150
f 273//290 322//339 2386//2403
f 322//339 273//290 274//291
f 2390//2407 321//338 268//284
f 268//284 321//338 272//289
f 4950//4967 3670//3687 3578//3595
f 3577//3594 4070//4087 4072//4089
f 3580//3597 3670//3687 4950//4967
f 3579//3596 4072//4089 4073//4090
f 2006//2023 2567//2584 527//544
f 2195//2212 527//544 2567//2584
f 533//550 2571//2588 2010//2027
f 2197//2214 2571//2588 533//550
f 4646//4663 2510//2527 4419//4436
f 4645//4662 4646//4663 4419//4436
f 4420//4437 2513//2530 4648//4665
f 4420//4437 4648//4665 4647//4664
f 1531//1548 951//968 950//967
f 1531//1548 3686//3703 951//968
f 954//971 1537//1554 955//972
f 954//971 3692//3709 1537//1554
f 4610//4627 3645//3662 4611//4628
f 4611//4628 3645//3662 4921//4938
f 4613//4630 3647//3664 4614//4631
f 4613//4630 4922//4939 3647//3664
f 2212//2229 2211//2228 1615//1632
f 1615//1632 4004//4021 2212//2229
f 1623//1640 2217//2234 2216//2233
f 2216//2233 4007//4024 1623//1640
f 2458//2475 3077//3094 1357//1374
f 4680//4697 3419//3436 4681//4698
f 2461//2478 1361//1378 3080//3097
f 4685//4702 3423//3440 4683//4700
f 4156//4173 1419//1436 1418//1435
f 3697//3714 4156//4173 3698//3715
f 4157//4174 1423//1440 1425//1442
f 3699//3716 3702//3719 4157//4174
f 1641//1658 1640//1657 2291//2308
f 4533//4550 796//813 4534//4551
f 2298//2315 1646//1663 1645//1662
f 4538//4555 4537//4554 802//819
f 3480//3497 1521//1538 1523//1540
f 3480//3497 3482//3499 1521//1538
f 1527//1544 1529//1546 3484//3501
f 1529//1546 3486//3503 3484//3501
f 3644//3661 791//808 320//337
f 791//808 3644//3661 4023//4040
f 317//334 793//810 4024//4041
f 4024//4041 793//810 4025//4042
f 3687//3704 1531//1548 1530//1547
f 2984//3001 3687//3704 1530//1547
f 3691//3708 2987//3004 1538//1555
f 3691//3708 1538//1555 1537//1554
f 2838//2855 2926//2943 3851//3868
f 3851//3868 1562//1579 2838//2855
f 2929//2946 2841//2858 3852//3869
f 2841//2858 1566//1583 3852//3869
f 3974//3991 2300//2317 3309//3326
f 3974//3991 3309//3326 3306//3323
f 2301//2318 3975//3992 3313//3330
f 3312//3329 3313//3330 3975//3992
f 612//629 3995//4012 1316//1333
f 3995//4012 3997//4014 1316//1333
f 1320//1337 3999//4016 610//627
f 4002//4019 3999//4016 1320//1337
f 3965//3982 3964//3981 591//608
f 3965//3982 1936//1953 1086//1103
f 3966//3983 3967//3984 597//614
f 1943//1960 3967//3984 1091//1108
f 4625//4642 4240//4257 4428//4445
f 4240//4257 4045//4062 1652//1669
f 4431//4448 4241//4258 4627//4644
f 1656//1673 4049//4066 4241//4258
f 2984//3001 2986//3003 3687//3704
f 2986//3003 1533//1550 3687//3704
f 2990//3007 2987//3004 3691//3708
f 1540//1557 2990//3007 3691//3708
f 2020//2037 2385//2402 2018//2035
f 2385//2402 3411//3428 2387//2404
f 2388//2405 2023//2040 2022//2039
f 3412//3429 2388//2405 2389//2406
f 61//61 3163//3180 3165//3182
f 61//61 3165//3182 59//59
f 69//69 68//68 4010//4027
f 4010//4027 68//68 1683//1700
f 4011//4028 67//67 66//66
f 4011//4028 1682//1699 67//67
f 1614//1631 4477//4494 456//473
f 454//471 456//473 4477//4494
f 4478//4495 1620//1637 453//470
f 452//469 4478//4495 453//470
f 3721//3738 3160//3177 4951//4968
f 3722//3739 3721//3738 4951//4968
f 3161//3178 3723//3740 4952//4969
f 3723//3740 3724//3741 4952//4969
f 1671//1688 3763//3780 1672//1689
f 3762//3779 3763//3780 4378//4395
f 1676//1693 1675//1692 3766//3783
f 3766//3783 3765//3782 4380//4397
f 4583//4600 2332//2349 3840//3857
f 3840//3857 2332//2349 3841//3858
f 3845//3862 2339//2356 4586//4603
f 3844//3861 2339//2356 3845//3862
f 726//743 1148//1165 279//296
f 726//743 725//742 1148//1165
f 732//749 277//294 1152//1169
f 732//749 1152//1169 730//747
f 3982//3999 846//863 3980//3997
f 846//863 3982//3999 4815//4832
f 3983//4000 852//869 3984//4001
f 3984//4001 852//869 4816//4833
f 4825//4842 340//357 290//307
f 340//357 346//363 290//307
f 288//305 343//360 339//356
f 288//305 339//356 4826//4843
f 2519//2536 3129//3146 70//70
f 68//68 70//70 3129//3146
f 65//65 3131//3148 2523//2540
f 3131//3148 65//65 67//67
f 774//791 2844//2861 775//792
f 2598//2615 2007//2024 775//792
f 781//798 780//797 2848//2865
f 2012//2029 2604//2621 780//797
f 3035//3052 3894//3911 1326//1343
f 1321//1338 3894//3911 3032//3049
f 4911//4928 617//634 4422//4439
f 871//888 4422//4439 617//634
f 4424//4441 622//639 4913//4930
f 4424//4441 877//894 622//639
f 3025//3042 3024//3041 2412//2429
f 1363//1380 1365//1382 4568//4585
f 3028//3045 2415//2432 3029//3046
f 1369//1386 1371//1388 4569//4586
f 396//413 384//401 397//414
f 791//808 4023//4040 403//420
f 394//411 383//400 395//412
f 4025//4042 793//810 398//415
f 4742//4759 3060//3077 351//368
f 282//299 4742//4759 283//300
f 4741//4758 356//373 3056//3073
f 286//303 285//302 4741//4758
f 1568//1585 2440//2457 1567//1584
f 2440//2457 1568//1585 2436//2453
f 2445//2462 1572//1589 1573//1590
f 4088//4105 1572//1589 2445//2462
f 4046//4063 4951//4968 660//677
f 4046//4063 660//677 4045//4062
f 668//685 4952//4969 4048//4065
f 668//685 4048//4065 4049//4066
f 2878//2895 4155//4172 1788//1805
f 2881//2898 4155//4172 4100//4117
f 2659//2676 2578//2595 2579//2596
f 2578//2595 1685//1702 4789//4806
f 4789//4806 1680//1697 2582//2599
f 2579//2596 2582//2599 2665//2682
f 4953//4970 648//665 3560//3577
f 3559//3576 4953//4970 3560//3577
f 4954//4971 3565//3582 3564//3581
f 3564//3581 655//672 4954//4971
f 2876//2893 4152//4169 2797//2814
f 4153//4170 4152//4169 2876//2893
f 2880//2897 4154//4171 4155//4172
f 2880//2897 2803//2820 4154//4171
f 4552//4569 3025//3042 2412//2429
f 4552//4569 2412//2429 1953//1970
f 3028//3045 4554//4571 2415//2432
f 4554//4571 2413//2430 2415//2432
f 4637//4654 4382//4399 262//277
f 4383//4400 262//277 4382//4399
f 1052//1069 2509//2526 1698//1715
f 1052//1069 3546//3563 2509//2526
f 3548//3565 1054//1071 1705//1722
f 1703//1720 1705//1722 1054//1071
f 149//149 2425//2442 2424//2441
f 2424//2441 2074//2091 149//149
f 2430//2447 154//154 2431//2448
f 2431//2448 154//154 2080//2097
f 1684//1701 4135//4152 1685//1702
f 3129//3146 4135//4152 1684//1701
f 1680//1697 4134//4151 1681//1698
f 1681//1698 4134//4151 3131//3148
f 857//874 2970//2987 2288//2305
f 856//873 2970//2987 857//874
f 854//871 2294//2311 2974//2991
f 854//871 2974//2991 855//872
f 2747//2764 1997//2014 3055//3072
f 3058//3075 1997//2014 1999//2016
f 424//441 2750//2767 3059//3076
f 422//439 424//441 3061//3078
f 4555//4572 4556//4573 1653//1670
f 3017//3034 117//117 3628//3645
f 4557//4574 1655//1672 4558//4575
f 116//116 3019//3036 3631//3648
f 2102//2119 2101//2118 981//998
f 3649//3666 4499//4516 4500//4517
f 2105//2122 2107//2124 985//1002
f 4479//4496 3681//3698 3655//3672
f 4211//4228 4210//4227 4931//4948
f 4210//4227 4160//4177 4161//4178
f 4219//4236 4212//4229 4213//4230
f 4212//4229 4163//4180 4162//4179
f 1417//1434 1818//1835 4335//4352
f 4335//4352 2789//2806 4336//4353
f 4337//4354 1822//1839 1414//1431
f 4338//4355 2792//2809 4337//4354
f 3017//3034 4556//4573 117//117
f 4556//4573 118//118 117//117
f 4558//4575 3019//3036 116//116
f 115//115 4558//4575 116//116
f 3881//3898 10//10 12//12
f 3218//3235 3221//3238 3881//3898
f 8//8 7//7 3883//3900
f 3883//3900 3224//3241 3222//3239
f 401//418 403//420 4296//4313
f 397//414 4296//4313 403//420
f 398//415 4298//4315 394//411
f 4298//4315 398//415 400//417
f 1208//1225 4067//4084 4066//4083
f 1208//1225 1885//1902 1886//1903
f 1211//1228 4068//4085 4069//4086
f 1893//1910 1889//1906 1211//1228
f 1831//1848 2094//2111 2096//2113
f 4214//4231 2094//2111 1673//1690
f 2098//2115 1826//1843 2099//2116
f 2098//2115 4215//4232 1678//1695
f 4500//4517 981//998 2101//2118
f 4500//4517 2101//2118 3202//3219
f 4479//4496 2105//2122 985//1002
f 2105//2122 4479//4496 4469//4486
f 1095//1112 182//182 1033//1050
f 2368//2385 182//182 2754//2771
f 1037//1054 181//181 1101//1118
f 181//181 2375//2392 2757//2774
f 4153//4170 2874//2891 1783//1800
f 4799//4816 4153//4170 2875//2892
f 105//105 3628//3645 117//117
f 3628//3645 105//105 681//698
f 116//116 3631//3648 103//103
f 103//103 3631//3648 3630//3647
f 2882//2899 2601//2618 1075//1092
f 1073//1090 1075//1092 2601//2618
f 2607//2624 2883//2900 1079//1096
f 1079//1096 1081//1098 2607//2624
f 3218//3235 2437//2454 3221//3238
f 3218//3235 2435//2452 2437//2454
f 3222//3239 3224//3241 2442//2459
f 3222//3239 2442//2459 2441//2458
f 4214//4231 2096//2113 2094//2111
f 4214//4231 1672//1689 2096//2113
f 2098//2115 2099//2116 4215//4232
f 2099//2116 1675//1692 4215//4232
f 1377//1394 3636//3653 3600//3617
f 3636//3653 2901//2918 3600//3617
f 1381//1398 3604//3621 3637//3654
f 2905//2922 3637//3654 3604//3621
f 3698//3715 1418//1435 2179//2196
f 3698//3715 4156//4173 1418//1435
f 3702//3719 2183//2200 1423//1440
f 3702//3719 1423//1440 4157//4174
f 1082//1099 1084//1101 2016//2033
f 146//146 2016//2033 1084//1101
f 1088//1105 1087//1104 2015//2032
f 143//143 1088//1105 2015//2032
f 3296//3313 1883//1900 1882//1899
f 1882//1899 2146//2163 3296//3313
f 1880//1897 3298//3315 1881//1898
f 3298//3315 2152//2169 1881//1898
f 1129//1146 647//664 1130//1147
f 647//664 3882//3899 1130//1147
f 1134//1151 651//668 1135//1152
f 1134//1151 3884//3901 651//668
f 1512//1529 496//513 498//515
f 3260//3277 496//513 3261//3278
f 504//521 1516//1533 502//519
f 3266//3283 504//521 3265//3282
f 3442//3459 3441//3458 3820//3837
f 4761//4778 3442//3459 3820//3837
f 3445//3462 3444//3461 3823//3840
f 3823//3840 3444//3461 4763//4780
f 2140//2157 2033//2050 3954//3971
f 2140//2157 3954//3971 2317//2334
f 2038//2055 2144//2161 3955//3972
f 3955//3972 2144//2161 2323//2340
f 1058//1075 1060//1077 1292//1309
f 1060//1077 2703//2720 1292//1309
f 1066//1083 1065//1082 1297//1314
f 2708//2725 1066//1083 1297//1314
f 3314//3331 4793//4810 1376//1393
f 1376//1393 938//955 940//957
f 1382//1399 4794//4811 3316//3333
f 944//961 946//963 1382//1399
f 2313//2330 1129//1146 1743//1760
f 4765//4782 2313//2330 3618//3635
f 1747//1764 1135//1152 2315//2332
f 3619//3636 2315//2332 4766//4783
f 2526//2543 4386//4403 799//816
f 2806//2823 4386//4403 2526//2543
f 805//822 4388//4405 2529//2546
f 2529//2546 4388//4405 2809//2826
f 4175//4192 1296//1313 2465//2482
f 1296//1313 1295//1312 2465//2482
f 1300//1317 584//601 2469//2486
f 2469//2486 1301//1318 1300//1317
f 4797//4814 4263//4280 4736//4753
f 1712//1729 4263//4280 4797//4814
f 4264//4281 4798//4815 4740//4757
f 4264//4281 1718//1735 4798//4815
f 419//436 4955//4972 3632//3649
f 4955//4972 419//436 4487//4504
f 3634//3651 4956//4973 416//433
f 4488//4505 416//433 4956//4973
f 2599//2616 1164//1181 4676//4693
f 4220//4237 4221//4238 1164//1181
f 1171//1188 2603//2620 4677//4694
f 4223//4240 4222//4239 1171//1188
f 650//667 2071//2088 2807//2824
f 2807//2824 4285//4302 2808//2825
f 2812//2829 2073//2090 656//673
f 2811//2828 4286//4303 2812//2829
f 809//826 2367//2384 4719//4736
f 809//826 2370//2387 2367//2384
f 2376//2393 2373//2390 813//830
f 813//830 2373//2390 2372//2389
f 4955//4972 379//396 378//395
f 4955//4972 364//381 379//396
f 4956//4973 377//394 376//393
f 376//393 363//380 4956//4973
f 461//478 460//477 4226//4243
f 460//477 4263//4280 4226//4243
f 459//476 4229//4246 457//474
f 4264//4281 457//474 4229//4246
f 2639//2656 4285//4302 2071//2088
f 2071//2088 4285//4302 2807//2824
f 4286//4303 2644//2661 2073//2090
f 2812//2829 4286//4303 2073//2090
f 3877//3894 3128//3145 3125//3142
f 3878//3895 3125//3142 3126//3143
f 3016//3033 1109//1126 1654//1671
f 2909//2926 1107//1124 1109//1126
f 3020//3037 1657//1674 1113//1130
f 2912//2929 1113//1130 1115//1132
f 3618//3635 2313//2330 1743//1760
f 3618//3635 1743//1760 798//815
f 806//823 1747//1764 3619//3636
f 1747//1764 2315//2332 3619//3636
f 831//848 2766//2783 1831//1848
f 2094//2111 1831//1848 2766//2783
f 839//856 1826//1843 2767//2784
f 2767//2784 1826//1843 2098//2115
f 960//977 958//975 957//974
f 3675//3692 960//977 957//974
f 965//982 964//981 968//985
f 3677//3694 965//982 968//985
f 3878//3895 3126//3143 3879//3896
f 3879//3896 3126//3143 448//465
f 3876//3893 3128//3145 3877//3894
f 3876//3893 447//464 3128//3145
f 142//142 140//140 3373//3390
f 2041//2058 3373//3390 2074//2091
f 3375//3392 140//140 139//139
f 2080//2097 3375//3392 2047//2064
f 3411//3428 3633//3650 859//876
f 378//395 859//876 3633//3650
f 865//882 3635//3652 3412//3429
f 3635//3652 865//882 377//394
f 113//113 112//112 2501//2518
f 113//113 2501//2518 76//76
f 2505//2522 108//108 110//110
f 110//110 75//75 2505//2522
f 333//350 340//357 300//317
f 314//331 333//350 300//317
f 339//356 329//346 299//316
f 313//330 299//316 329//346
f 3678//3695 2827//2844 2427//2444
f 3678//3695 2042//2059 2827//2844
f 2829//2846 3679//3696 2433//2450
f 2829//2846 2830//2847 3679//3696
f 719//736 3802//3819 720//737
f 3359//3376 4458//4475 4459//4476
f 716//733 3806//3823 717//734
f 4462//4479 3361//3378 4461//4478
f 214//218 216//220 326//343
f 3300//3317 1599//1616 326//343
f 325//342 1601//1618 3303//3320
f 325//342 213//217 196//196
f 2778//2795 3206//3223 2779//2796
f 2779//2796 3206//3223 4093//4110
f 3212//3229 4690//4707 2776//2793
f 4091//4108 3212//3229 2776//2793
f 4347//4364 36//36 35//35
f 35//35 4866//4883 4347//4364
f 31//31 3409//3426 32//32
f 4867//4884 32//32 3409//3426
f 378//395 3633//3650 3632//3649
f 4955//4972 378//395 3632//3649
f 377//394 3634//3651 3635//3652
f 377//394 4956//4973 3634//3651
f 4617//4634 4616//4633 751//768
f 4615//4632 751//768 753//770
f 759//776 4620//4637 4619//4636
f 757//774 759//776 4618//4635
f 1641//1658 4534//4551 796//813
f 795//812 1641//1658 796//813
f 4537//4554 1645//1662 802//819
f 802//819 1645//1662 803//820
f 525//542 1458//1475 1556//1573
f 1459//1476 1458//1475 525//542
f 1559//1576 1465//1482 530//547
f 530//547 1465//1482 1464//1481
f 6//6 5//5 4729//4746
f 4729//4746 5//5 4733//4750
f 1//1 4730//4747 2//2
f 4730//4747 4734//4751 2//2
f 1214//1231 1712//1729 4797//4814
f 4224//4241 1215//1232 1214//1231
f 4798//4815 1718//1735 1222//1239
f 1222//1239 1221//1238 4227//4244
f 1053//1070 4506//4523 2696//2713
f 2696//2713 646//663 1053//1070
f 1057//1074 2699//2716 4507//4524
f 1057//1074 652//669 2699//2716
f 2983//3000 947//964 836//853
f 2983//3000 2646//2663 947//964
f 953//970 2988//3005 842//859
f 2988//3005 953//970 2649//2666
f 2018//2035 1963//1980 3957//3974
f 3956//3973 862//879 861//878
f 3959//3976 1971//1988 2022//2039
f 866//883 868//885 3958//3975
f 1663//1680 2847//2864 774//791
f 1663//1680 1660//1677 2847//2864
f 2851//2868 1667//1684 781//798
f 1665//1682 1667//1684 2851//2868
f 4543//4560 4433//4450 2466//2483
f 3960//3977 4433//4450 2464//2481
f 4434//4451 4544//4561 2468//2485
f 1771//1788 2467//2484 4434//4451
f 4400//4417 4401//4418 2158//2175
f 2158//2175 4401//4418 2159//2176
f 2162//2179 4403//4420 4402//4419
f 2162//2179 2161//2178 4403//4420
f 2367//2384 2371//2388 2368//2385
f 2368//2385 2371//2388 183//183
f 2374//2391 2373//2390 2375//2392
f 2374//2391 2375//2392 180//180
f 1790//1807 3315//3332 4518//4535
f 1790//1807 1380//1397 3315//3332
f 3317//3334 1794//1811 4520//4537
f 1384//1401 1794//1811 3317//3334
f 590//607 589//606 319//336
f 590//607 304//321 3942//3959
f 318//335 596//613 595//612
f 301//318 595//612 3944//3961
f 2978//2995 1775//1792 2273//2290
f 4278//4295 2978//2995 2273//2290
f 2275//2292 2982//2999 1400//1417
f 2275//2292 1779//1796 2982//2999
f 1756//1773 3855//3872 4839//4856
f 1756//1773 1755//1772 3855//3872
f 3857//3874 1761//1778 4840//4857
f 1759//1776 1761//1778 3857//3874
f 2455//2472 2347//2364 2346//2363
f 2347//2364 2455//2472 4435//4452
f 2346//2363 2352//2369 2454//2471
f 4436//4453 2454//2471 2352//2369
f 684//701 2077//2094 3591//3608
f 4038//4055 3591//3608 2077//2094
f 3594//3611 2081//2098 687//704
f 2081//2098 3594//3611 4040//4057
f 3870//3887 93//93 101//101
f 101//101 93//93 99//99
f 96//96 83//83 97//97
f 83//83 3871//3888 97//97
f 4165//4182 3914//3931 1764//1781
f 734//751 4165//4182 1764//1781
f 4166//4183 3963//3980 1768//1785
f 1768//1785 3963//3980 737//754
f 1953//1970 2412//2429 2409//2426
f 1951//1968 1953//1970 69//69
f 4554//4571 1959//1976 2413//2430
f 1959//1976 1958//1975 66//66
f 4957//4974 4941//4958 827//844
f 2470//2487 4957//4974 827//844
f 829//846 4941//4958 4957//4974
f 829//846 4957//4974 2474//2491
f 4896//4913 1849//1866 4958//4975
f 4958//4975 1844//1861 4896//4913
f 3968//3985 4959//4976 4960//4977
f 1128//1145 483//500 4961//4978
f 4962//4979 4963//4980 3971//3988
f 1132//1149 4964//4981 488//505
f 3941//3958 3940//3957 4248//4265
f 4248//4265 3938//3955 3939//3956
f 4950//4967 4072//4089 3579//3596
f 4950//4967 3577//3594 4072//4089
f 2511//2528 1852//1869 1851//1868
f 2958//2975 1851//1868 4596//4613
f 2515//2532 1857//1874 1856//1873
f 4598//4615 1857//1874 2963//2980
f 1715//1732 988//1005 3509//3526
f 1715//1732 3509//3526 4263//4280
f 3516//3533 990//1007 1719//1736
f 4264//4281 3516//3533 1719//1736
f 1117//1134 3711//3728 3710//3727
f 151//151 3712//3729 3710//3727
f 1123//1140 3714//3731 3713//3730
f 3714//3731 3715//3732 152//152
f 1187//1204 1471//1488 3047//3064
f 1187//1204 3047//3064 2300//2317
f 1194//1211 3049//3066 1475//1492
f 2301//2318 3049//3066 1194//1211
f 2992//3009 4767//4784 4316//4333
f 4316//4333 1417//1434 4335//4352
f 4768//4785 2995//3012 4317//4334
f 4337//4354 1414//1431 4317//4334
f 1948//1965 69//69 2656//2673
f 2656//2673 1949//1966 1948//1965
f 1956//1973 2661//2678 66//66
f 1955//1972 2661//2678 1956//1973
f 3331//3348 3041//3058 3040//3057
f 3041//3058 3330//3347 3286//3303
f 3333//3350 3046//3063 3045//3062
f 3045//3062 3291//3308 3332//3349
f 669//686 918//935 3187//3204
f 669//686 671//688 918//935
f 677//694 3191//3208 925//942
f 925//942 675//692 677//694
f 2942//2959 4336//4353 2790//2807
f 2942//2959 2790//2807 2943//2960
f 2794//2811 4338//4355 2946//2963
f 2948//2965 2794//2811 2946//2963
f 1129//1146 645//662 647//664
f 1740//1757 645//662 4800//4817
f 1135//1152 651//668 653//670
f 4801//4818 653//670 1744//1761
f 3323//3340 526//543 4193//4210
f 3323//3340 4193//4210 2009//2026
f 4194//4211 534//551 3329//3346
f 2013//2030 4194//4211 3329//3346
f 2405//2422 4042//4059 4245//4262
f 4042//4059 2405//2422 2404//2421
f 2406//2423 2408//2425 4043//4060
f 2408//2425 4243//4260 4043//4060
f 741//758 4464//4481 4466//4483
f 741//758 4463//4480 4464//4481
f 745//762 4468//4485 4470//4487
f 745//762 4470//4487 4467//4484
f 3048//3065 1462//1479 1461//1478
f 3048//3065 1461//1478 773//790
f 1468//1485 3050//3067 1469//1486
f 777//794 1469//1486 3050//3067
f 2230//2247 4781//4798 1404//1421
f 2926//2943 2835//2852 1404//1421
f 4782//4799 2236//2253 1411//1428
f 2929//2946 1411//1428 2839//2856
f 823//840 1555//1572 2272//2289
f 2272//2289 1555//1572 2487//2504
f 1558//1575 821//838 2271//2288
f 4275//4292 1558//1575 2271//2288
f 1483//1500 4314//4331 1484//1501
f 140//140 4314//4331 1483//1500
f 1481//1498 4314//4331 1482//1499
f 1482//1499 4314//4331 140//140
f 2534//2551 3667//3684 1887//1904
f 1887//1904 3667//3684 4518//4535
f 3668//3685 2536//2553 1892//1909
f 4520//4537 3668//3685 1892//1909
f 3280//3297 3882//3899 2249//2266
f 1130//1147 3882//3899 3280//3297
f 3284//3301 2252//2269 3884//3901
f 3284//3301 3884//3901 1134//1151
f 1502//1519 3065//3082 3066//3083
f 3456//3473 3065//3082 1502//1519
f 1507//1524 3070//3087 3068//3085
f 1507//1524 3068//3085 3458//3475
f 4438//4455 3650//3667 3200//3217
f 3200//3217 3650//3667 3201//3218
f 3205//3222 3654//3671 4440//4457
f 3205//3222 3204//3221 3654//3671
f 2835//2852 2231//2248 2230//2247
f 2230//2247 1404//1421 2835//2852
f 2235//2252 2839//2856 2236//2253
f 1411//1428 2236//2253 2839//2856
f 3083//3100 3082//3099 3795//3812
f 3083//3100 3795//3812 3260//3277
f 3797//3814 3087//3104 3263//3280
f 3263//3280 3087//3104 3264//3281
f 24//24 1741//1758 4497//4514
f 24//24 4497//4514 3727//3744
f 4498//4515 1746//1763 19//19
f 3730//3747 4498//4515 19//19
f 2392//2409 2394//2411 3513//3530
f 462//479 3513//3530 2394//2411
f 2398//2415 3517//3534 2399//2416
f 2399//2416 3517//3534 458//475
f 3269//3286 1670//1687 3268//3285
f 3269//3286 3239//3256 826//843
f 3270//3287 1677//1694 3271//3288
f 830//847 3243//3260 3271//3288
f 1421//1438 4018//4035 2070//2087
f 4017//4034 4413//4430 2148//2165
f 2072//2089 4020//4037 1427//1444
f 4414//4431 4019//4036 2156//2173
f 2747//2764 434//451 1998//2015
f 2747//2764 2256//2273 434//451
f 423//440 433//450 2750//2767
f 433//450 2261//2278 2750//2767
f 4404//4421 3459//3476 898//915
f 2157//2174 3282//3299 898//915
f 4405//4422 903//920 3462//3479
f 2160//2177 903//920 3285//3302
f 3349//3366 3324//3341 2008//2025
f 2008//2025 3324//3341 3323//3340
f 2011//2028 3328//3345 3351//3368
f 3328//3345 2011//2028 3329//3346
f 1821//1838 3865//3882 1819//1836
f 4887//4904 1821//1838 1121//1138
f 3866//3883 1825//1842 1824//1841
f 1825//1842 4888//4905 1126//1143
f 2070//2087 2148//2165 4375//4392
f 2070//2087 4018//4035 2148//2165
f 4377//4394 2156//2173 2072//2089
f 2072//2089 2156//2173 4020//4037
f 2771//2788 4252//4269 4313//4330
f 2771//2788 4313//4330 4249//4266
f 1458//1475 1460//1477 3365//3382
f 3144//3161 2316//2333 1460//1477
f 1465//1482 3367//3384 1466//1483
f 1466//1483 2321//2338 3146//3163
f 3000//3017 4925//4942 3288//3305
f 3039//3056 4925//4942 3000//3017
f 3005//3022 3288//3305 4926//4943
f 3005//3022 4926//4943 3095//3112
f 4202//4219 2472//2489 4203//4220
f 3242//3259 2472//2489 3240//3257
f 4189//4206 4202//4219 4207//4224
f 3245//3262 4189//4206 3246//3263
f 3254//3271 4668//4685 3276//3293
f 1139//1156 1141//1158 3166//3183
f 3257//3274 3278//3295 4669//4686
f 3170//3187 1147//1164 1146//1163
f 2749//2766 3188//3205 2256//2273
f 2747//2764 2749//2766 2256//2273
f 2261//2278 3190//3207 2751//2768
f 2750//2767 2261//2278 2751//2768
f 4525//4542 1269//1286 3729//3746
f 800//817 1269//1286 4525//4542
f 1273//1290 4526//4543 3733//3750
f 804//821 4526//4543 1273//1290
f 4421//4438 2620//2637 3621//3638
f 4421//4438 4422//4439 2620//2637
f 2623//2640 4423//4440 3623//3640
f 2623//2640 4424//4441 4423//4440
f 3037//3054 3091//3108 3039//3056
f 2999//3016 3039//3056 3000//3017
f 3043//3060 3095//3112 3097//3114
f 3005//3022 3095//3112 3006//3023
f 1470//1487 1187//1204 1189//1206
f 498//515 1470//1487 4122//4139
f 1194//1211 1476//1493 1195//1212
f 502//519 4125//4142 1476//1493
f 4203//4220 3242//3259 4205//4222
f 2472//2489 3242//3259 4203//4220
f 3246//3263 4207//4224 4208//4225
f 3246//3263 4189//4206 4207//4224
f 959//976 3482//3499 3479//3496
f 1520//1537 959//976 3479//3496
f 3485//3502 3486//3503 963//980
f 1526//1543 3485//3502 963//980
f 1974//1991 123//123 1975//1992
f 40//40 56//56 123//123
f 1981//1998 121//121 1979//1996
f 37//37 121//121 54//54
f 3718//3735 4052//4069 3717//3734
f 515//532 3718//3735 3717//3734
f 4055//4072 3720//3737 4132//4149
f 3720//3737 521//538 4132//4149
f 3669//3686 552//569 2402//2419
f 1430//1447 4965//4982 1428//1445
f 2401//2418 548//565 3672//3689
f 1435//1452 1434//1451 4966//4983
f 873//890 1441//1458 4330//4347
f 4331//4348 1441//1458 3501//3518
f 1445//1462 879//896 4332//4349
f 3503//3520 1445//1462 4334//4351
f 4428//4445 3427//3444 4625//4642
f 4428//4445 4427//4444 2626//2643
f 4431//4448 4627//4644 3428//3445
f 4431//4448 2628//2645 4432//4449
f 2293//2310 1637//1654 1636//1653
f 1637//1654 3151//3168 2972//2989
f 1643//1660 2299//2316 1644//1661
f 2975//2992 3154//3171 1643//1660
f 4762//4779 3443//3460 3442//3459
f 2728//2745 3443//3460 4304//4321
f 3444//3461 3446//3463 4763//4780
f 4305//4322 3446//3463 2733//2750
f 211//215 274//291 212//216
f 274//291 211//215 257//270
f 210//214 272//289 209//213
f 209//213 272//289 257//270
f 468//485 467//484 1835//1852
f 2392//2409 1835//1852 2393//2410
f 1841//1858 464//481 463//480
f 2398//2415 2397//2414 1841//1858
f 2417//2434 1092//1109 535//552
f 1092//1109 1094//1111 535//552
f 1100//1117 2420//2437 542//559
f 1098//1115 1100//1117 542//559
f 3915//3932 1766//1783 659//676
f 4164//4181 1766//1783 3915//3932
f 664//681 1769//1786 3917//3934
f 3917//3934 1769//1786 4166//4183
f 1651//1668 3842//3859 2065//2082
f 3842//3859 2633//2650 2065//2082
f 2068//2085 3846//3863 1648//1665
f 2068//2085 2632//2649 3846//3863
f 3622//3639 3621//3638 742//759
f 3622//3639 742//759 3693//3710
f 749//766 3623//3640 3624//3641
f 3694//3711 749//766 3624//3641
f 4570//4587 635//652 3829//3846
f 1974//1991 4570//4587 3829//3846
f 3830//3847 640//657 4571//4588
f 4571//4588 1979//1996 3830//3847
f 2551//2568 4004//4021 450//467
f 450//467 2549//2566 2551//2568
f 2555//2572 2557//2574 445//462
f 445//462 4007//4024 2555//2572
f 3686//3703 1535//1552 3684//3701
f 1757//1774 2720//2737 1758//1775
f 3690//3707 3689//3706 1541//1558
f 1763//1780 2724//2741 1762//1779
f 2130//2147 2129//2146 4411//4428
f 4411//4428 2129//2146 3386//3403
f 2134//2151 4412//4429 2135//2152
f 3388//3405 2135//2152 4412//4429
f 1430//1447 3669//3686 4965//4982
f 3671//3688 3659//3676 3669//3686
f 4966//4983 3672//3689 1435//1452
f 3672//3689 3659//3676 3673//3690
f 4566//4583 3736//3753 1899//1916
f 1899//1916 1509//1526 1508//1525
f 1903//1920 3740//3757 4567//4584
f 1515//1532 1514//1531 1903//1920
f 297//314 354//371 284//301
f 284//301 354//371 285//302
f 353//370 295//312 281//298
f 281//298 283//300 353//370
f 2164//2181 2871//2888 2165//2182
f 380//397 4889//4906 2164//2181
f 2169//2186 2168//2185 2873//2890
f 2169//2186 4890//4907 375//392
f 4708//4725 1349//1366 4396//4413
f 1349//1366 1348//1365 4396//4413
f 4709//4726 4397//4414 1351//1368
f 4397//4414 1352//1369 1351//1368
f 2540//2557 744//761 4392//4409
f 4329//4346 4330//4347 4392//4409
f 750//767 2543//2560 4393//4410
f 4393//4410 4332//4349 4333//4350
f 2512//2529 2958//2975 1009//1026
f 4573//4590 2512//2529 1009//1026
f 1017//1034 2963//2980 2514//2531
f 1017//1034 2514//2531 4577//4594
f 3897//3914 4872//4889 634//651
f 3897//3914 1567//1584 4872//4889
f 3899//3916 641//658 4875//4892
f 4875//4892 1573//1590 3899//3916
f 4941//4958 2679//2696 2681//2698
f 4941//4958 2681//2698 827//844
f 2684//2701 4939//4956 4941//4958
f 829//846 2684//2701 4941//4958
f 1450//1467 3708//3725 1451//1468
f 3708//3725 3707//3724 1451//1468
f 1453//1470 3704//3721 1452//1469
f 3705//3722 3704//3721 1453//1470
f 4933//4950 3991//4008 1387//1404
f 1387//1404 3991//4008 1402//1419
f 1393//1410 4665//4682 1407//1424
f 1393//1410 2840//2857 2842//2859
f 1093//1110 3861//3878 4339//4356
f 2201//2218 1093//1110 4339//4356
f 4341//4358 3864//3881 1099//1116
f 4342//4359 4341//4358 1099//1116
f 1637//1654 2293//2310 3151//3168
f 2292//2309 3151//3168 2293//2310
f 3154//3171 2299//2316 1643//1660
f 3154//3171 2297//2314 2299//2316
f 2476//2493 1811//1828 3769//3786
f 2476//2493 1809//1826 1811//1828
f 2480//2497 3772//3789 1817//1834
f 1817//1834 1816//1833 2480//2497
f 164//164 4601//4618 165//165
f 4601//4618 3105//3122 165//165
f 3590//3607 163//163 162//162
f 162//162 3108//3125 3590//3607
f 4398//4415 3405//3422 2283//2300
f 2278//2295 3402//3419 4398//4415
f 1948//1965 2965//2982 1951//1968
f 1951//1968 2965//2982 4666//4683
f 1958//1975 2968//2985 1956//1973
f 4667//4684 2968//2985 1958//1975
f 1907//1924 4530//4547 1909//1926
f 4528//4545 1907//1924 1909//1926
f 261//276 1107//1124 2906//2923
f 266//281 1107//1124 261//276
f 1115//1132 254//267 256//269
f 2911//2928 1115//1132 256//269
f 2477//2494 3998//4015 1313//1330
f 2476//2493 568//585 2477//2494
f 1319//1336 4003//4020 2479//2496
f 2480//2497 2479//2496 576//593
f 4967//4984 4248//4265 3939//3956
f 4967//4984 3939//3956 4532//4549
f 3941//3958 4248//4265 4967//4984
f 4531//4548 3941//3958 4967//4984
f 3671//3688 3669//3686 1430//1447
f 3578//3595 3671//3688 1430//1447
f 1435//1452 3672//3689 3673//3690
f 1435//1452 3673//3690 3580//3597
f 3026//3043 3567//3584 2985//3002
f 3567//3584 2986//3003 2985//3002
f 3569//3586 3027//3044 2989//3006
f 3569//3586 2989//3006 2990//3007
f 4130//4147 177//177 4415//4432
f 4415//4432 177//177 516//533
f 4416//4433 173//173 4131//4148
f 173//173 4416//4433 520//537
f 1348//1365 3455//3472 4631//4648
f 4396//4413 1348//1365 4631//4648
f 4632//4649 3457//3474 1352//1369
f 4397//4414 4632//4649 1352//1369
f 3459//3476 899//916 898//915
f 3459//3476 3460//3477 899//916
f 903//920 902//919 3462//3479
f 3462//3479 902//919 3461//3478
f 138//138 4355//4372 682//699
f 682//699 4355//4372 683//700
f 4358//4375 134//134 686//703
f 688//705 4358//4375 686//703
f 4246//4263 996//1013 822//839
f 822//839 4244//4261 4246//4263
f 4242//4259 819//836 1002//1019
f 4244//4261 819//836 4242//4259
f 509//526 1406//1423 2610//2627
f 510//527 509//526 2610//2627
f 1409//1426 505//522 2612//2629
f 505//522 507//524 2612//2629
f 2244//2261 2345//2362 4255//4272
f 2938//2955 2244//2261 4255//4272
f 4258//4275 2351//2368 2246//2263
f 4258//4275 2246//2263 2940//2957
f 4472//4489 1700//1717 3547//3564
f 1700//1717 3640//3657 3547//3564
f 1708//1725 4474//4491 3550//3567
f 1708//1725 3550//3567 3642//3659
f 4160//4177 4211//4228 2548//2565
f 4160//4177 4210//4227 4211//4228
f 2554//2571 4213//4230 4162//4179
f 4213//4230 4212//4229 4162//4179
f 4851//4868 1137//1154 1693//1710
f 1137//1154 3254//3271 3253//3270
f 1696//1713 1142//1159 4852//4869
f 3258//3275 3257//3274 1142//1159
f 2035//2052 2034//2051 4062//4079
f 4062//4079 2034//2051 4060//4077
f 2039//2056 4064//4081 2037//2054
f 4064//4081 4063//4080 2037//2054
f 742//759 4715//4732 3693//3710
f 554//571 3693//3710 4715//4732
f 4716//4733 749//766 3694//3711
f 560//577 4716//4733 3694//3711
f 4475//4492 565//582 958//975
f 960//977 962//979 958//975
f 4476//4493 964//981 573//590
f 968//985 964//981 966//983
f 2924//2941 1406//1423 508//525
f 1562//1579 2924//2941 508//525
f 1409//1426 2927//2944 506//523
f 2927//2944 1566//1583 506//523
f 2334//2351 3841//3858 2332//2349
f 3842//3859 3841//3858 2334//2351
f 2337//2354 2339//2356 3844//3861
f 2337//2354 3844//3861 3846//3863
f 861//878 2018//2035 3957//3974
f 2018//2035 861//878 2020//2037
f 2022//2039 866//883 3959//3976
f 2022//2039 2023//2040 866//883
f 3981//3998 2087//2104 4323//4340
f 2085//2102 2087//2104 3981//3998
f 2093//2110 3985//4002 4325//4342
f 2093//2110 2092//2109 3985//4002
f 2950//2967 2952//2969 2569//2586
f 4779//4796 2035//2052 4062//4079
f 2573//2590 2954//2971 2953//2970
f 4064//4081 2039//2056 4780//4797
f 4195//4212 4197//4214 3742//3759
f 4195//4212 3742//3759 2149//2166
f 3744//3761 4198//4215 4200//4217
f 3744//3761 4200//4217 2155//2172
f 2820//2837 1498//1515 3455//3472
f 692//709 2822//2839 2820//2837
f 3457//3474 1505//1522 2823//2840
f 2826//2843 697//714 2823//2840
f 2907//2924 2221//2238 2219//2236
f 2221//2238 3832//3849 2219//2236
f 2229//2246 2910//2927 2226//2243
f 3835//3852 2229//2246 2226//2243
f 4490//4507 4503//4520 1834//1851
f 1834//1851 4503//4520 4515//4532
f 1837//1854 4504//4521 4491//4508
f 1837//1854 4517//4534 4504//4521
f 613//630 1773//1790 1775//1792
f 2274//2291 613//630 1775//1792
f 609//626 1779//1796 1776//1793
f 609//626 2276//2293 1779//1796
f 585//602 3854//3871 404//421
f 3854//3871 3279//3296 404//421
f 1117//1134 1116//1133 3711//3728
f 3711//3728 1116//1133 124//124
f 3713//3730 1124//1141 1123//1140
f 1124//1141 3713//3730 120//120
f 63//63 3847//3864 4753//4770
f 50//50 3847//3864 63//63
f 59//59 3165//3182 3849//3866
f 59//59 3849//3866 49//49
f 421//438 4712//4729 2748//2765
f 3055//3072 421//438 2748//2765
f 417//434 2752//2769 4713//4730
f 417//434 3059//3076 2752//2769
f 4193//4210 528//545 3214//3231
f 528//545 2195//2212 4670//4687
f 3216//3233 532//549 4194//4211
f 2197//2214 532//549 4672//4689
f 494//511 3651//3668 3650//3667
f 4184//4201 3648//3665 3651//3668
f 3654//3671 3653//3670 500//517
f 4773//4790 3653//3670 3652//3669
f 2853//2870 2857//2874 2854//2871
f 2854//2871 2857//2874 4646//4663
f 2858//2875 2862//2879 2859//2876
f 4648//4665 2862//2879 2858//2875
f 3407//3424 36//36 4347//4364
f 3869//3886 36//36 3407//3424
f 31//31 3410//3427 3409//3426
f 3410//3427 31//31 3872//3889
f 1589//1606 989//1006 4417//4434
f 673//690 4417//4434 989//1006
f 4418//4435 993//1010 1593//1610
f 993//1010 4418//4435 679//696
f 2358//2375 3413//3430 4968//4985
f 2327//2344 4075//4092 3413//3430
f 4969//4986 3416//3433 2366//2383
f 3416//3433 4077//4094 2330//2347
f 3599//3616 3553//3570 935//952
f 1206//1223 935//952 3553//3570
f 941//958 3555//3572 3602//3619
f 1210//1227 3555//3572 941//958
f 4370//4387 2726//2743 4367//4384
f 2727//2744 2726//2743 4370//4387
f 4916//4933 4372//4389 2731//2748
f 4916//4933 2731//2748 2730//2747
f 3047//3064 772//789 2300//2317
f 3309//3326 2300//2317 772//789
f 2301//2318 778//795 3049//3066
f 778//795 2301//2318 3313//3330
f 2551//2568 1486//1503 4004//4021
f 4006//4023 4004//4021 1486//1503
f 1494//1511 2555//2572 4007//4024
f 4007//4024 4008//4025 1494//1511
f 650//667 2525//2542 648//665
f 650//667 2807//2824 2525//2542
f 656//673 655//672 2530//2547
f 2530//2547 2812//2829 656//673
f 1625//1642 1627//1644 4970//4987
f 4299//4316 1625//1642 4541//4558
f 1634//1651 1630//1647 4971//4988
f 4542//4559 1630//1647 4300//4317
f 3758//3775 3727//3744 4638//4655
f 4639//4656 1792//1809 4638//4655
f 3730//3747 3760//3777 4640//4657
f 4640//4657 1797//1814 4641//4658
f 1252//1269 1254//1271 3022//3039
f 1254//1271 40//40 3022//3039
f 1259//1276 1258//1275 3023//3040
f 1259//1276 3023//3040 37//37
f 4563//4580 269//285 4565//4582
f 269//285 4563//4580 4580//4597
f 2690//2707 4972//4989 3274//3291
f 2690//2707 2689//2706 4879//4896
f 3273//3290 4972//4989 2692//2709
f 2692//2709 4879//4896 2693//2710
f 3605//3622 3610//3627 1605//1622
f 4350//4367 4438//4455 3605//3622
f 1610//1627 3616//3633 3611//3628
f 4351//4368 3611//3628 4440//4457
f 4968//4985 3413//3430 4075//4092
f 4326//4343 2359//2376 4076//4093
f 4077//4094 3416//3433 4969//4986
f 4079//4096 2365//2382 4328//4345
f 2381//2398 482//499 481//498
f 3981//3998 2381//2398 481//498
f 2383//2400 487//504 489//506
f 2383//2400 3985//4002 487//504
f 2550//2567 3780//3797 3781//3798
f 3780//3797 1487//1504 3781//3798
f 2556//2573 3784//3801 3782//3799
f 1493//1510 3782//3799 3784//3801
f 3885//3902 3194//3211 969//986
f 3885//3902 4235//4252 3194//3211
f 975//992 3198//3215 3886//3903
f 3886//3903 3198//3215 4237//4254
f 3451//3468 907//924 4522//4539
f 3307//3324 3451//3468 1629//1646
f 4523//4540 913//930 3453//3470
f 1635//1652 3453//3470 3311//3328
f 4282//4299 1061//1078 1866//1883
f 1062//1079 1061//1078 4282//4299
f 1870//1887 1069//1086 4283//4300
f 1069//1086 1068//1085 4283//4300
f 3757//3774 3726//3743 2312//2329
f 2312//2329 3726//3743 2735//2752
f 2314//2331 3731//3748 3759//3776
f 2739//2756 3731//3748 2314//2331
f 2547//2564 2546//2563 3779//3796
f 2546//2563 4217//4234 3779//3796
f 3783//3800 2553//2570 2552//2569
f 3783//3800 4219//4236 2553//2570
f 4026//4043 3098//3115 1995//2012
f 4383//4400 1995//2012 3098//3115
f 270//286 4027//4044 2001//2018
f 270//286 2001//2018 4565//4582
f 2262//2279 3949//3966 2263//2280
f 2263//2280 3949//3966 633//650
f 3952//3969 2267//2284 2266//2283
f 3952//3969 2266//2283 639//656
f 4970//4987 1626//1643 1625//1642
f 4970//4987 3451//3468 4522//4539
f 1630//1647 1632//1649 4971//4988
f 4971//4988 4523//4540 3453//3470
f 3787//3804 4935//4952 2938//2955
f 4254//4271 3787//3804 2938//2955
f 2940//2957 4935//4952 3790//3807
f 2940//2957 3790//3807 4259//4276
f 4959//4976 3559//3576 3561//3578
f 4959//4976 3561//3578 4960//4977
f 3566//3583 3565//3582 4963//4980
f 4963//4980 4962//4979 3566//3583
f 1577//1594 1579//1596 2320//2337
f 2320//2337 1462//1479 1577//1594
f 1584//1601 2324//2341 1585//1602
f 1584//1601 1468//1485 2324//2341
f 4182//4199 1006//1023 1347//1364
f 4182//4199 1347//1364 1349//1366
f 1353//1370 1014//1031 4185//4202
f 1351//1368 1353//1370 4185//4202
f 4524//4541 2580//2597 1262//1279
f 1265//1282 2580//2597 4524//4541
f 1376//1393 940//957 1985//2002
f 940//957 30//30 1985//2002
f 944//961 1382//1399 1989//2006
f 26//26 944//961 1989//2006
f 1397//1414 1396//1413 4278//4295
f 1397//1414 4278//4295 2273//2290
f 4281//4298 1399//1416 1400//1417
f 1400//1417 2982//2999 4281//4298
f 4735//4752 1219//1236 1218//1235
f 2877//2894 1219//1236 4735//4752
f 4738//4755 1223//1240 1225//1242
f 2879//2896 4738//4755 1225//1242
f 1542//1559 2727//2744 81//81
f 81//81 2727//2744 4370//4387
f 80//80 2730//2747 1547//1564
f 80//80 4916//4933 2730//2747
f 4872//4889 1569//1586 4873//4890
f 3571//3588 1569//1586 22//22
f 1574//1591 4875//4892 4874//4891
f 21//21 1574//1591 3572//3589
f 1175//1192 484//501 3987//4004
f 1639//1656 4635//4652 484//501
f 3989//4006 492//509 1174//1191
f 1647//1664 492//509 4636//4653
f 4149//4166 3387//3404 986//1003
f 1592//1609 1591//1608 4149//4166
f 992//1009 3389//3406 4151//4168
f 1596//1613 1595//1612 4151//4168
f 619//636 1184//1201 1186//1203
f 1582//1599 1581//1598 1184//1201
f 1191//1208 624//641 1192//1209
f 1191//1208 1586//1603 1588//1605
f 702//719 4853//4870 703//720
f 4691//4708 703//720 4853//4870
f 707//724 4856//4873 708//725
f 4856//4873 707//724 4692//4709
f 4508//4525 949//966 2722//2739
f 3683//3700 3685//3702 2722//2739
f 4509//4526 2725//2742 956//973
f 3688//3705 3690//3707 2725//2742
f 1209//1226 4066//4083 1375//1392
f 4066//4083 1209//1226 935//952
f 1383//1400 4068//4085 1213//1230
f 4068//4085 941//958 1213//1230
f 4973//4990 834//851 948//965
f 4973//4990 2518//2535 834//851
f 841//858 4974//4991 952//969
f 841//858 2521//2538 4974//4991
f 1590//1607 4417//4434 3386//3403
f 1590//1607 3386//3403 987//1004
f 4418//4435 1594//1611 3388//3405
f 3388//3405 1594//1611 991//1008
f 414//431 1151//1168 724//741
f 413//430 1151//1168 414//431
f 731//748 1154//1171 411//428
f 411//428 1154//1171 412//429
f 155//155 4691//4708 4853//4870
f 1450//1467 4691//4708 155//155
f 4692//4709 158//158 4856//4873
f 158//158 4692//4709 1452//1469
f 278//295 3441//3458 2190//2207
f 278//295 3923//3940 3441//3458
f 3445//3462 275//292 2192//2209
f 3925//3942 275//292 3445//3462
f 2925//2942 1402//1419 2835//2852
f 2837//2854 1402//1419 2925//2942
f 2839//2856 1408//1425 2928//2945
f 2928//2945 1408//1425 2842//2859
f 948//965 3583//3600 4603//4620
f 2646//2663 3583//3600 948//965
f 952//969 4605//4622 3587//3604
f 952//969 3587//3604 2649//2666
f 468//485 1835//1852 2392//2409
f 3513//3530 468//485 2392//2409
f 2398//2415 1841//1858 463//480
f 2398//2415 463//480 3517//3534
f 881//898 537//554 455//472
f 537//554 3419//3436 455//472
f 543//560 885//902 451//468
f 543//560 451//468 3423//3440
f 1965//1982 2653//2670 674//691
f 1965//1982 674//691 3957//3974
f 1969//1986 678//695 2654//2671
f 3959//3976 678//695 1969//1986
f 3391//3408 3394//3411 3392//3409
f 3394//3411 1444//1461 3392//3409
f 3395//3412 3398//3415 3396//3413
f 1447//1464 3398//3415 3395//3412
f 3176//3193 3753//3770 2207//2224
f 3752//3769 3753//3770 2863//2880
f 3177//3194 3756//3773 3178//3195
f 3754//3771 3756//3773 3755//3772
f 1246//1263 2608//2625 2609//2626
f 2127//2144 1246//1263 2609//2626
f 2613//2630 1563//1580 1245//1262
f 2613//2630 2611//2628 1563//1580
f 2359//2376 4075//4092 4076//4093
f 4075//4092 4074//4091 4076//4093
f 4077//4094 2365//2382 4079//4096
f 4077//4094 4079//4096 4078//4095
f 2758//2775 1167//1184 4717//4734
f 2758//2775 4717//4734 1894//1911
f 2762//2779 4718//4735 1172//1189
f 2762//2779 1901//1918 4718//4735
f 4975//4992 566//583 961//978
f 2173//2190 4975//4992 961//978
f 4976//4993 967//984 572//589
f 967//984 4976//4993 2176//2193
f 2740//2757 2742//2759 4901//4918
f 4901//4918 2742//2759 721//738
f 2743//2760 2746//2763 2744//2761
f 728//745 2746//2763 2743//2760
f 4644//4661 51//51 50//50
f 4644//4661 4360//4377 4839//4856
f 47//47 694//711 48//48
f 4840//4857 4361//4378 48//48
f 3752//3769 2207//2224 3753//3770
f 2449//2466 3752//3769 3581//3598
f 3755//3772 2452//2469 3582//3599
f 3177//3194 3755//3772 3756//3773
f 1783//1800 1784//1801 3112//3129
f 3343//3360 1783//1800 3112//3129
f 3117//3134 1789//1806 1788//1805
f 3348//3365 3117//3134 1788//1805
f 190//190 3709//3726 188//188
f 273//290 4947//4964 190//190
f 3706//3723 185//185 187//187
f 3703//3720 268//284 185//185
f 3207//3224 3206//3223 2778//2795
f 2778//2795 2126//2143 3207//3224
f 3211//3228 4690//4707 3212//3229
f 3211//3228 1244//1261 4690//4707
f 2741//2758 1199//1216 1196//1213
f 2742//2759 2741//2758 1196//1213
f 1204//1221 2744//2761 1201//1218
f 2744//2761 2746//2763 1201//1218
f 4755//4772 3534//3551 156//156
f 3534//3551 1083//1100 1082//1099
f 3536//3553 4756//4773 1709//1726
f 3536//3553 1087//1104 1089//1106
f 2120//2137 4977//4994 2121//2138
f 3175//3192 4977//4994 2120//2137
f 2124//2141 2123//2140 4977//4994
f 2124//2141 4977//4994 3175//3192
f 1444//1461 4975//4992 2173//2190
f 3392//3409 1444//1461 2173//2190
f 1447//1464 2176//2193 4976//4993
f 2176//2193 1447//1464 3395//3412
f 3290//3307 3330//3347 3331//3348
f 3331//3348 3330//3347 3041//3058
f 3292//3309 3333//3350 3332//3349
f 3333//3350 3045//3062 3332//3349
f 3009//3026 3008//3025 4806//4823
f 130//130 3009//3026 4806//4823
f 4807//4824 3012//3029 3014//3031
f 126//126 4807//4824 3014//3031
f 4978//4995 1617//1634 2713//2730
f 1615//1632 1617//1634 4978//4995
f 4979//4996 1621//1638 1623//1640
f 2719//2736 1621//1638 4979//4996
f 809//826 4719//4736 327//344
f 327//344 4719//4736 4821//4838
f 324//341 2376//2393 813//830
f 4822//4839 2376//2393 324//341
f 1532//1549 2647//2664 3139//3156
f 3140//3157 4980//4997 2647//2664
f 1536//1553 3142//3159 2650//2667
f 3335//3352 2650//2667 3336//3353
f 2357//2374 4074//4091 1938//1955
f 4076//4093 4074//4091 2357//2374
f 4078//4095 2361//2378 1941//1958
f 4078//4095 4079//4096 2361//2378
f 2635//2652 4981//4998 4982//4999
f 2635//2652 4656//4673 4981//4998
f 4982//4999 4981//4998 2630//2647
f 4981//4998 4656//4673 2630//2647
f 1270//1287 1272//1289 2527//2544
f 2808//2825 1270//1287 2806//2823
f 2533//2550 1277//1294 1276//1293
f 2809//2826 1276//1293 2811//2828
f 2409//2426 70//70 69//69
f 69//69 1953//1970 2409//2426
f 66//66 65//65 2413//2430
f 2413//2430 1959//1976 66//66
f 2221//2238 2907//2924 2222//2239
f 2906//2923 2908//2925 2907//2924
f 2228//2245 2910//2927 2229//2246
f 2911//2928 2910//2927 2913//2930
f 1567//1584 1303//1320 1305//1322
f 2265//2282 1303//1320 3896//3913
f 1308//1325 1310//1327 1573//1590
f 1310//1327 2270//2287 3898//3915
f 3489//3506 788//805 1961//1978
f 787//804 1961//1978 788//805
f 1966//1983 783//800 3489//3506
f 784//801 783//800 1966//1983
f 4808//4825 2877//2894 4737//4754
f 4737//4754 4809//4826 4808//4825
f 4739//4756 2879//2896 4811//4828
f 4811//4828 2800//2817 4739//4756
f 2066//2083 4982//4999 2630//2647
f 2066//2083 2635//2652 4982//4999
f 4578//4595 1095//1112 1097//1114
f 1097//1114 2200//2217 2202//2219
f 1102//1119 1101//1118 4579//4596
f 2204//2221 2206//2223 1102//1119
f 862//879 3472//3489 4172//4189
f 4172//4189 3472//3489 420//437
f 4173//4190 3478//3495 868//885
f 3478//3495 4173//4190 418//435
f 4118//4135 393//410 628//645
f 393//410 4118//4135 360//377
f 630//647 392//409 4120//4137
f 357//374 4120//4137 392//409
f 1617//1634 2865//2882 2713//2730
f 2865//2882 2714//2731 2713//2730
f 2719//2736 2868//2885 1621//1638
f 2868//2885 2719//2736 2718//2735
f 4511//4528 46//46 1251//1268
f 4510//4527 4511//4528 1251//1268
f 43//43 4513//4530 1256//1273
f 4513//4530 4512//4529 1256//1273
f 1105//1122 2054//2071 1106//1123
f 1106//1123 2054//2071 4626//4643
f 1110//1127 2060//2077 1111//1128
f 4628//4645 2060//2077 1110//1127
f 4318//4335 4923//4940 714//731
f 714//731 4593//4610 4318//4335
f 710//727 4924//4941 4321//4338
f 4594//4611 710//727 4321//4338
f 820//837 4312//4329 2484//2501
f 2484//2501 4312//4329 824//841
f 2579//2596 4789//4806 2582//2599
f 2579//2596 2578//2595 4789//4806
f 2939//2956 2066//2083 4983//5000
f 2939//2956 4983//5000 4935//4952
f 2941//2958 4983//5000 2066//2083
f 4935//4952 4983//5000 2941//2958
f 555//572 3432//3449 1350//1367
f 2853//2870 2542//2559 2856//2873
f 1354//1371 3435//3452 559//576
f 2859//2876 2861//2878 2545//2562
f 3684//3701 2720//2737 1159//1176
f 3684//3701 1758//1775 2720//2737
f 1163//1180 2724//2741 3689//3706
f 1763//1780 3689//3706 2724//2741
f 797//814 796//813 3729//3746
f 1269//1286 797//814 3729//3746
f 801//818 3733//3750 802//819
f 3733//3750 801//818 1273//1290
f 3449//3466 1556//1573 907//924
f 3451//3468 3449//3466 907//924
f 913//930 1559//1576 3452//3469
f 3453//3470 913//930 3452//3469
f 1200//1217 1924//1941 1928//1945
f 1924//1941 1200//1217 1925//1942
f 1932//1949 1205//1222 1934//1951
f 1931//1948 1205//1222 1932//1949
f 4458//4475 4457//4474 1491//1508
f 4457//4474 1489//1506 1491//1508
f 4461//4478 1497//1514 4460//4477
f 1497//1514 1496//1513 4460//4477
f 1229//1246 715//732 4923//4940
f 4923//4940 715//732 714//731
f 4924//4941 712//729 1228//1245
f 710//727 712//729 4924//4941
f 2754//2771 182//182 1095//1112
f 1095//1112 4578//4595 2753//2770
f 1101//1118 181//181 2757//2774
f 2755//2772 4579//4596 1101//1118
f 3268//3285 1674//1691 4158//4175
f 1672//1689 1674//1691 3268//3285
f 1679//1696 3270//3287 4159//4176
f 1675//1692 3270//3287 1679//1696
f 2624//2641 4447//4464 266//281
f 2625//2642 4448//4465 2624//2641
f 254//267 4449//4466 2627//2644
f 2629//2646 2627//2644 4450//4467
f 3248//3265 2254//2271 3353//3370
f 2255//2272 2254//2271 3248//3265
f 3357//3374 2259//2276 3250//3267
f 2259//2276 2258//2275 3250//3267
f 1928//1945 246//259 1200//1217
f 1200//1217 246//259 248//261
f 1205//1222 245//258 1934//1951
f 243//256 245//258 1205//1222
f 172//172 4356//4373 1179//1196
f 3833//3850 4356//4373 172//172
f 1183//1200 4359//4376 167//167
f 167//167 4359//4376 3838//3855
f 1535//1552 1758//1775 3684//3701
f 1535//1552 1534//1551 1758//1775
f 3689//3706 1763//1780 1541//1558
f 1541//1558 1763//1780 1539//1556
f 3433//3450 1912//1929 1914//1931
f 4471//4488 1912//1929 3433//3450
f 1918//1935 1920//1937 3436//3453
f 3436//3453 1920//1937 4473//4490
f 4895//4912 4958//4975 4494//4511
f 4495//4512 4958//4975 4895//4912
f 889//906 4984//5001 4946//4963
f 889//906 2539//2556 4984//5001
f 4946//4963 4984//5001 893//910
f 4984//5001 2538//2555 893//910
f 4032//4049 949//966 2049//2066
f 2049//2066 949//966 4508//4525
f 956//973 4034//4051 2055//2072
f 4509//4526 956//973 2055//2072
f 1008//1025 1305//1322 4012//4029
f 1008//1025 1568//1585 1305//1322
f 1012//1029 4013//4030 1308//1325
f 1308//1325 1572//1589 1012//1029
f 2977//2994 4701//4718 3931//3948
f 3931//3948 4701//4718 614//631
f 4702//4719 2980//2997 3934//3951
f 611//628 4702//4719 3934//3951
f 3609//3626 4731//4748 1605//1622
f 4731//4748 3609//3626 1350//1367
f 4732//4749 3614//3631 1610//1627
f 1354//1371 3614//3631 4732//4749
f 4815//4832 3970//3987 4400//4417
f 4815//4832 4400//4417 2158//2175
f 4816//4833 4402//4419 3973//3990
f 4816//4833 2162//2179 4402//4419
f 3081//3098 1070//1087 1072//1089
f 3081//3098 1072//1089 1397//1414
f 1078//1095 1077//1094 3086//3103
f 1078//1095 3086//3103 1400//1417
f 3592//3609 2076//2093 2075//2092
f 2076//2093 3592//3609 150//150
f 2078//2095 3593//3610 2079//2096
f 153//153 3593//3610 2078//2095
f 2418//2435 2417//2434 882//899
f 882//899 2417//2434 883//900
f 888//905 2420//2437 2419//2436
f 887//904 2420//2437 888//905
f 3930//3947 1043//1060 1039//1056
f 1039//1056 3931//3948 3930//3947
f 1044//1061 1049//1066 3935//3952
f 3934//3951 1044//1061 3935//3952
f 2526//2543 4828//4845 2524//2541
f 4828//4845 2615//2632 2524//2541
f 2531//2548 4829//4846 2529//2546
f 2618//2635 4829//4846 2531//2548
f 3545//3562 1006//1023 4182//4199
f 1006//1023 3545//3562 1007//1024
f 1014//1031 3549//3566 4185//4202
f 1013//1030 3549//3566 1014//1031
f 1853//1870 566//583 4975//4992
f 4975//4992 2171//2188 1853//1870
f 572//589 1861//1878 4976//4993
f 1861//1878 2175//2192 4976//4993
f 2599//2616 4220//4237 1164//1181
f 4220//4237 2599//2616 2844//2861
f 1171//1188 4222//4239 2603//2620
f 2603//2620 4222//4239 2848//2865
f 4568//4585 3025//3042 4552//4569
f 4568//4585 3026//3043 3025//3042
f 3028//3045 4569//4586 4554//4571
f 3027//3044 4569//4586 3028//3045
f 2040//2057 142//142 2041//2058
f 2041//2058 142//142 3373//3390
f 2040//2057 2047//2064 139//139
f 3375//3392 139//139 2047//2064
f 2393//2410 1836//1853 4096//4113
f 2393//2410 4096//4113 2391//2408
f 4099//4116 1840//1857 2397//2414
f 2396//2413 4099//4116 2397//2414
f 50//50 52//52 3848//3865
f 3848//3865 4791//4808 1873//1890
f 3850//3867 47//47 49//49
f 1876//1893 4792//4809 3850//3867
f 136//136 682//699 3374//3391
f 3374//3391 1483//1500 1485//1502
f 3376//3393 686//703 133//133
f 3376//3393 1480//1497 1482//1499
f 2178//2195 4905//4922 4959//4976
f 3968//3985 2178//2195 4959//4976
f 2184//2201 4963//4980 4906//4923
f 3971//3988 4963//4980 2184//2201
f 4616//4633 4985//5002 4655//4672
f 4985//5002 3274//3291 4972//4989
f 4655//4672 4985//5002 4620//4637
f 4985//5002 4972//4989 3273//3290
f 2128//2145 474//491 4843//4860
f 474//491 4837//4854 3992//4009
f 4844//4861 469//486 2133//2150
f 3993//4010 4838//4855 469//486
f 3037//3054 3039//3056 2999//3016
f 2999//3016 3038//3055 3037//3054
f 3006//3023 3095//3112 3043//3060
f 3043//3060 3042//3059 3006//3023
f 139//139 141//141 2040//2057
f 142//142 2040//2057 141//141
f 3152//3169 1751//1768 4445//4462
f 3151//3168 3152//3169 2289//2306
f 4446//4463 1750//1767 3155//3172
f 2296//2313 3155//3172 3154//3171
f 4905//4922 3559//3576 4959//4976
f 4905//4922 4953//4970 3559//3576
f 4963//4980 3565//3582 4906//4923
f 3565//3582 4954//4971 4906//4923
f 4441//4458 148//148 137//137
f 4441//4458 4442//4459 148//148
f 135//135 144//144 4443//4460
f 144//144 4444//4461 4443//4460
f 480//497 479//496 3482//3499
f 958//975 480//497 3482//3499
f 3486//3503 476//493 475//492
f 3486//3503 475//492 964//981
f 3321//3338 1865//1882 1867//1884
f 4783//4800 1865//1882 3321//3338
f 1869//1886 1871//1888 3318//3335
f 3318//3335 1871//1888 4783//4800
f 3167//3184 3168//3185 4453//4470
f 2417//2434 4453//4470 3168//3185
f 3169//3186 4454//4471 3171//3188
f 3171//3188 4454//4471 2420//2437
f 497//514 3084//3101 1473//1490
f 1473//1490 3084//3101 3173//3190
f 1478//1495 3088//3105 503//520
f 1478//1495 1778//1795 3088//3105
f 3558//3575 648//665 4953//4970
f 4905//4922 3558//3575 4953//4970
f 3562//3579 4954//4971 655//672
f 4906//4923 4954//4971 3562//3579
f 2890//2907 4791//4808 52//52
f 52//52 4791//4808 3848//3865
f 2895//2912 47//47 4792//4809
f 3850//3867 4792//4809 47//47
f 860//877 3707//3724 2387//2404
f 2386//2403 2387//2404 3707//3724
f 2389//2406 3705//3722 864//881
f 2390//2407 3705//3722 2389//2406
f 4463//4480 3202//3219 4465//4482
f 4463//4480 4437//4454 3202//3219
f 4467//4484 4469//4486 3203//3220
f 3203//3220 4439//4456 4467//4484
f 1489//1506 4703//4720 3320//3337
f 4703//4720 3321//3338 3320//3337
f 3319//3336 4704//4721 1496//1513
f 3319//3336 3318//3335 4704//4721
f 2257//2274 2256//2273 2303//2320
f 2257//2274 2303//2320 2255//2272
f 2261//2278 2260//2277 2307//2324
f 2258//2275 2307//2324 2260//2277
f 3736//3753 1168//1185 1896//1913
f 1168//1185 2758//2775 1896//1913
f 3740//3757 1902//1919 1173//1190
f 1902//1919 2762//2779 1173//1190
f 3231//3248 3601//3618 4674//4691
f 3231//3248 4674//4691 3232//3249
f 3229//3246 4675//4692 3603//3620
f 3228//3245 4675//4692 3229//3246
f 2027//2044 90//90 89//89
f 2027//2044 89//89 100//100
f 88//88 87//87 2031//2048
f 88//88 2031//2048 4288//4305
f 2892//2909 2891//2908 766//783
f 2891//2908 4230//4247 766//783
f 2894//2911 2896//2913 3378//3395
f 3378//3395 770//787 2894//2911
f 3213//3230 2403//2420 1658//1675
f 1658//1675 1662//1679 3213//3230
f 1664//1681 2407//2424 3215//3232
f 1668//1685 1664//1681 3215//3232
f 580//597 582//599 3853//3870
f 578//595 582//599 2465//2482
f 584//601 586//603 3854//3871
f 4177//4194 586//603 584//601
f 3295//3312 3298//3315 3880//3897
f 3880//3897 3296//3313 3295//3312
f 2289//2306 3152//3169 4445//4462
f 4445//4462 1753//1770 2289//2306
f 4446//4463 3155//3172 2296//2313
f 2296//2313 1748//1765 4446//4463
f 4070//4087 3232//3249 4674//4691
f 3577//3594 3232//3249 4070//4087
f 4073//4090 4675//4692 3228//3245
f 4073//4090 3228//3245 3579//3596
f 766//783 690//707 3377//3394
f 3377//3394 690//707 692//709
f 696//713 3378//3395 3379//3396
f 696//713 3379//3396 697//714
f 2945//2962 2943//2960 3551//3568
f 3553//3570 2945//2962 3551//3568
f 3554//3571 2948//2965 2949//2966
f 3554//3571 2949//2966 3555//3572
f 4810//4827 2395//2412 4098//4115
f 2795//2812 2395//2412 4810//4827
f 4101//4118 2400//2417 4814//4831
f 4812//4829 4814//4831 2400//2417
f 4124//4141 1472//1489 1474//1491
f 498//515 1472//1489 4124//4141
f 1477//1494 1479//1496 4127//4144
f 1479//1496 502//519 4127//4144
f 4271//4288 2482//2499 2484//2501
f 2482//2499 4272//4289 2682//2699
f 2484//2501 2488//2505 4273//4290
f 2483//2500 4274//4291 2488//2505
f 1925//1942 4368//4385 2726//2743
f 4368//4385 1925//1942 1199//1216
f 2731//2748 4371//4388 1931//1948
f 1204//1221 1931//1948 4371//4388
f 1686//1703 2813//2830 2760//2777
f 1165//1182 1686//1703 2760//2777
f 2816//2833 1690//1707 2764//2781
f 1170//1187 2764//2781 1690//1707
f 3791//3808 810//827 3792//3809
f 810//827 2584//2601 3792//3809
f 818//835 3794//3811 3793//3810
f 2585//2602 818//835 3793//3810
f 4854//4871 2165//2182 700//717
f 700//717 699//716 4854//4871
f 704//721 2168//2185 4855//4872
f 4855//4872 705//722 704//721
f 4045//4062 4626//4643 4044//4061
f 2051//2068 2050//2067 4044//4061
f 4047//4064 4628//4645 4049//4066
f 2057//2074 2056//2073 4047//4064
f 3977//3994 3976//3993 536//553
f 536//553 3421//3438 3420//3437
f 3978//3995 541//558 3979//3996
f 3424//3441 541//558 3425//3442
f 4271//4288 4272//4289 2482//2499
f 4271//4288 2272//2289 4272//4289
f 2488//2505 4274//4291 4273//4290
f 4273//4290 4274//4291 2271//2288
f 2891//2908 3856//3873 3573//3590
f 3573//3590 4230//4247 2891//2908
f 3576//3593 3858//3875 2894//2911
f 770//787 3576//3593 2894//2911
f 2837//2854 2836//2853 1387//1404
f 1387//1404 1402//1419 2837//2854
f 1364//1381 1363//1380 4551//4568
f 2766//2783 1364//1381 4551//4568
f 1371//1388 1370//1387 4553//4570
f 1370//1387 2767//2784 4553//4570
f 2208//2225 2448//2465 4934//4951
f 4934//4951 3523//3540 2208//2225
f 2214//2231 3527//3544 2453//2470
f 2453//2470 2452//2469 2214//2231
f 4986//5003 4496//4513 4895//4912
f 1842//1859 4986//5003 4987//5004
f 4895//4912 4493//4510 4986//5003
f 4987//5004 4986//5003 1846//1863
f 1752//1769 4858//4875 4884//4901
f 1752//1769 3030//3047 4858//4875
f 4884//4901 4857//4874 1749//1766
f 1749//1766 4857//4874 3034//3051
f 292//309 1104//1121 4425//4442
f 290//307 292//309 4825//4842
f 1112//1129 289//306 4429//4446
f 289//306 288//305 4826//4843
f 4625//4642 4626//4643 4045//4062
f 4045//4062 4240//4257 4625//4642
f 4049//4066 4628//4645 4627//4644
f 4627//4644 4241//4258 4049//4066
f 4350//4367 495//512 4438//4455
f 495//512 494//511 4438//4455
f 4440//4457 499//516 4351//4368
f 4440//4457 500//517 499//516
f 1693//1710 1137//1154 3253//3270
f 1693//1710 3253//3270 627//644
f 3258//3275 1142//1159 1696//1713
f 632//649 3258//3275 1696//1713
f 4220//4237 1687//1704 4221//4238
f 1686//1703 4221//4238 1687//1704
f 1689//1706 4222//4239 4223//4240
f 1690//1707 1689//1706 4223//4240
f 4633//4650 2740//2757 2728//2745
f 4633//4650 3181//3198 2740//2757
f 4634//4651 2733//2750 2745//2762
f 4634//4651 2745//2762 3185//3202
f 831//848 4061//4078 2766//2783
f 833//850 4061//4078 831//848
f 4065//4082 839//856 2767//2784
f 4065//4082 837//854 839//856
f 4934//4951 4931//4948 3523//3540
f 4931//4948 1293//1310 3523//3540
f 3527//3544 4932//4949 2453//2470
f 3527//3544 1299//1316 4932//4949
f 297//314 296//313 4795//4812
f 4795//4812 296//313 260//275
f 267//283 293//310 4796//4813
f 293//310 295//312 4796//4813
f 4301//4318 2182//2199 1801//1818
f 3970//3987 4301//4318 1801//1818
f 1803//1820 2186//2203 4302//4319
f 1803//1820 4302//4319 3973//3990
f 1149//1166 2304//2321 2884//2901
f 2304//2321 4352//4369 2884//2901
f 2889//2906 2306//2323 1153//1170
f 2306//2323 2889//2906 4353//4370
f 4108//4125 3887//3904 906//923
f 3887//3904 1624//1641 906//923
f 3892//3909 4109//4126 911//928
f 1631//1648 3892//3909 911//928
f 634//651 1379//1396 1378//1395
f 1973//1990 634//651 1378//1395
f 1386//1403 1385//1402 641//658
f 641//658 1978//1995 1386//1403
f 391//408 3147//3164 359//376
f 3148//3165 391//408 1692//1709
f 390//407 358//375 3150//3167
f 390//407 3149//3166 1695//1712
f 554//571 2559//2576 4267//4284
f 3501//3518 4267//4284 2559//2576
f 4268//4285 2563//2580 560//577
f 4268//4285 3503//3520 2563//2580
f 570//587 3998//4015 568//585
f 2477//2494 568//585 3998//4015
f 574//591 576//593 4003//4020
f 2479//2496 4003//4020 576//593
f 1545//1562 3111//3128 3110//3127
f 1545//1562 3112//3129 3111//3128
f 1550//1567 3114//3131 3115//3132
f 1550//1567 3115//3132 3117//3134
f 2273//2290 1772//1789 4050//4067
f 4050//4067 1772//1789 3084//3101
f 3088//3105 1777//1794 4051//4068
f 4051//4068 1777//1794 2275//2292
f 1854//1871 2309//2326 1855//1872
f 2309//2326 1441//1458 1855//1872
f 2311//2328 1860//1877 1859//1876
f 1445//1462 2311//2328 1859//1876
f 4823//4840 3282//3299 1799//1816
f 4823//4840 1799//1816 1801//1818
f 1805//1822 3285//3302 4824//4841
f 1803//1820 1805//1822 4824//4841
f 1428//1445 551//568 3599//3616
f 2402//2419 551//568 1428//1445
f 3602//3619 549//566 1434//1451
f 549//566 2401//2418 1434//1451
f 4988//5005 3089//3106 4989//5006
f 4406//4423 1022//1039 3089//3106
f 4990//5007 3094//3111 4991//5008
f 3094//3111 1018//1035 4407//4424
f 3057//3074 4269//4286 355//372
f 355//372 4269//4286 356//373
f 352//369 4270//4287 3062//3079
f 351//368 4270//4287 352//369
f 995//1012 2570//2587 2196//2213
f 2195//2212 2570//2587 995//1012
f 2198//2215 2575//2592 1000//1017
f 2575//2592 2197//2214 1000//1017
f 373//390 3147//3164 3148//3165
f 3148//3165 3147//3164 391//408
f 3150//3167 372//389 3149//3166
f 390//407 3150//3167 3149//3166
f 1234//1251 2145//2162 4017//4034
f 2145//2162 1234//1251 1233//1250
f 2153//2170 1238//1255 4019//4036
f 2153//2170 1239//1256 1238//1255
f 4406//4423 4988//5005 3037//3054
f 4988//5005 4406//4423 3089//3106
f 3043//3060 4991//5008 4407//4424
f 4407//4424 4991//5008 3094//3111
f 638//655 2945//2962 550//567
f 638//655 550//567 552//569
f 642//659 547//564 2949//2966
f 642//659 548//565 547//564
f 4136//4153 4630//4647 4788//4805
f 4630//4647 4136//4153 4609//4626
f 4788//4805 4630//4647 4133//4150
f 4608//4625 4133//4150 4630//4647
f 3811//3828 1442//1459 3393//3410
f 3393//3410 1442//1459 3394//3411
f 3399//3416 1449//1466 901//918
f 3399//3416 3398//3415 1449//1466
f 348//365 3914//3931 3119//3136
f 348//365 3119//3136 346//363
f 3123//3140 3916//3933 344//361
f 3123//3140 344//361 343//360
f 3472//3489 3474//3491 671//688
f 4864//4881 918//935 671//688
f 3476//3493 3478//3495 675//692
f 675//692 925//942 4813//4830
f 111//111 4110//4127 128//128
f 4113//4130 4110//4127 111//111
f 125//125 4114//4131 109//109
f 109//109 4114//4131 4117//4134
f 155//155 2326//2343 4327//4344
f 4327//4344 2326//2343 4755//4772
f 160//160 2329//2346 705//722
f 160//160 4756//4773 2329//2346
f 884//901 883//900 3438//3455
f 444//461 884//901 3438//3455
f 3440//3457 887//904 886//903
f 3440//3457 886//903 443//460
f 2498//2515 4291//4308 4657//4674
f 2497//2514 4289//4306 2498//2515
f 4658//4675 4293//4310 2500//2517
f 2500//2517 4292//4309 2499//2516
f 812//829 1872//1889 4928//4945
f 812//829 4928//4945 2584//2601
f 1877//1894 816//833 4929//4946
f 4929//4946 816//833 2585//2602
f 4156//4173 1422//1439 4375//4392
f 1422//1439 2070//2087 4375//4392
f 1426//1443 4157//4174 4377//4394
f 4377//4394 2072//2089 1426//1443
f 905//922 2951//2968 4108//4125
f 905//922 4108//4125 906//923
f 4109//4126 2955//2972 912//929
f 911//928 4109//4126 912//929
f 3487//3504 788//805 3489//3506
f 3489//3506 783//800 3487//3504
f 4244//4261 2353//2370 819//836
f 822//839 2353//2370 4244//4261
f 278//295 3922//3939 3923//3940
f 2025//2042 3923//3940 3922//3939
f 3925//3942 3924//3941 275//292
f 3924//3941 3925//3942 2029//2046
f 1253//1270 3870//3887 1254//1271
f 1254//1271 3870//3887 101//101
f 1260//1277 1259//1276 3871//3888
f 97//97 3871//3888 1259//1276
f 4295//4312 789//806 405//422
f 789//806 403//420 405//422
f 404//421 792//809 4297//4314
f 404//421 398//415 792//809
f 4308//4325 1724//1741 415//432
f 4308//4325 1725//1742 1724//1741
f 410//427 1730//1747 4311//4328
f 4311//4328 1730//1747 1729//1746
f 1866//1883 1058//1075 1291//1308
f 1291//1308 1058//1075 1292//1309
f 1298//1315 1065//1082 1870//1887
f 1297//1314 1065//1082 1298//1315
f 4977//4994 4549//4566 2121//2138
f 4549//4566 1843//1860 2121//2138
f 2123//2140 4549//4566 4977//4994
f 2123//2140 1847//1864 4549//4566
f 3159//3176 4753//4770 4169//4186
f 4169//4186 4753//4770 4752//4769
f 4815//4832 1128//1145 4961//4978
f 1128//1145 4815//4832 1990//2007
f 4816//4833 4964//4981 1132//1149
f 1992//2009 4816//4833 1132//1149
f 4876//4893 3236//3253 2025//2042
f 1546//1563 3236//3253 4876//4893
f 2029//2046 3237//3254 4877//4894
f 1551//1568 4877//4894 3237//3254
f 94//94 3869//3886 72//72
f 3869//3886 94//94 3870//3887
f 3872//3889 85//85 82//82
f 3871//3888 85//85 3872//3889
f 1141//1158 3276//3293 4668//4685
f 3276//3293 1141//1158 3277//3294
f 4669//4686 3278//3295 1147//1164
f 1147//1164 3278//3295 3279//3296
f 2907//2924 2908//2925 2222//2239
f 2908//2925 4591//4608 2222//2239
f 2228//2245 2913//2930 2910//2927
f 4592//4609 2913//2930 2228//2245
f 3769//3786 3768//3785 4776//4793
f 3769//3786 1811//1828 3768//3785
f 4777//4794 3770//3787 3772//3789
f 1817//1834 3772//3789 3770//3787
f 1722//1739 2189//2206 722//739
f 1598//1615 1722//1739 722//739
f 1726//1743 727//744 2193//2210
f 1600//1617 727//744 1726//1743
f 273//290 241//254 212//216
f 232//245 241//254 273//290
f 242//255 240//253 268//284
f 268//284 240//253 207//210
f 3370//3387 3369//3386 4621//4638
f 2421//2438 3370//3387 4621//4638
f 4622//4639 3371//3388 3372//3389
f 4622//4639 3372//3389 2422//2439
f 2591//2608 581//598 1140//1157
f 2591//2608 4710//4727 581//598
f 1145//1162 587//604 2595//2612
f 587//604 4711//4728 2595//2612
f 1699//1716 1698//1715 4572//4589
f 1009//1026 4572//4589 4573//4590
f 1703//1720 4575//4592 1704//1721
f 4575//4592 1017//1034 4577//4594
f 4678//4695 3193//3210 1781//1798
f 3193//3210 4678//4695 3194//3211
f 1786//1803 3199//3216 4679//4696
f 3199//3216 3198//3215 4679//4696
f 3737//3754 3262//3279 1897//1914
f 1899//1916 3737//3754 1897//1914
f 3267//3284 3739//3756 1905//1922
f 1905//1922 3739//3756 1903//1920
f 1175//1192 3987//4004 2638//2655
f 3742//3759 4197//4214 2638//2655
f 3989//4006 1174//1191 2642//2659
f 2642//2659 4198//4215 3744//3761
f 1698//1715 4573//4590 4572//4589
f 2510//2527 4573//4590 1698//1715
f 4575//4592 4577//4594 1704//1721
f 4577//4594 2513//2530 1704//1721
f 4593//4610 4319//4336 4318//4335
f 4584//4601 4593//4610 2333//2350
f 4594//4611 4321//4338 4320//4337
f 2338//2355 4594//4611 4585//4602
f 4676//4693 1166//1183 3735//3752
f 3735//3752 1166//1183 1168//1185
f 1169//1186 4677//4694 3738//3755
f 1173//1190 1169//1186 3738//3755
f 4830//4847 44//44 2504//2521
f 2504//2521 4948//4965 4830//4847
f 42//42 4831//4848 2507//2524
f 2507//2524 4831//4848 4949//4966
f 2920//2937 4510//4527 1253//1270
f 107//107 76//76 4510//4527
f 4512//4529 2922//2939 1260//1277
f 75//75 104//104 4512//4529
f 1499//1516 1498//1515 2822//2839
f 2822//2839 1498//1515 2820//2837
f 1505//1522 1504//1521 2826//2843
f 1505//1522 2826//2843 2823//2840
f 1266//1283 2869//2886 4757//4774
f 1457//1474 1266//1283 4757//4774
f 4760//4777 2869//2886 1261//1278
f 1261//1278 1455//1472 4760//4777
f 4386//4403 2806//2823 2527//2544
f 1270//1287 2527//2544 2806//2823
f 2533//2550 2809//2826 4388//4405
f 2533//2550 1276//1293 2809//2826
f 1886//1903 1888//1905 4067//4084
f 1886//1903 4067//4084 1208//1225
f 1893//1910 4069//4086 1891//1908
f 1893//1910 1211//1228 4069//4086
f 689//706 3574//3591 3856//3873
f 3574//3591 3573//3590 3856//3873
f 3858//3875 3575//3592 693//710
f 3858//3875 3576//3593 3575//3592
f 3957//3974 3956//3973 861//878
f 3957//3974 674//691 3956//3973
f 866//883 3958//3975 3959//3976
f 3959//3976 3958//3975 678//695
f 4760//4777 4759//4776 4758//4775
f 4759//4776 4757//4774 4758//4775
f 2901//2918 2898//2915 2900//2917
f 1638//1655 2898//2915 2901//2918
f 2902//2919 2904//2921 2905//2922
f 2904//2921 1642//1659 2905//2922
f 4972//4989 4879//4896 2692//2709
f 2690//2707 4879//4896 4972//4989
f 891//908 1322//1339 892//909
f 891//908 4663//4680 1322//1339
f 894//911 1325//1342 895//912
f 1325//1342 4664//4681 895//912
f 3077//3094 4681//4698 3078//3095
f 4681//4698 3077//3094 4680//4697
f 3080//3097 3079//3096 4685//4702
f 3080//3097 4685//4702 4683//4700
f 3100//3117 1995//2012 4383//4400
f 4383//4400 3101//3118 3100//3117
f 4565//4582 2001//2018 2005//2022
f 2005//2022 2004//2021 4565//4582
f 2110//2127 3537//3554 2111//2128
f 2110//2127 3369//3386 3537//3554
f 2116//2133 3543//3560 2117//2134
f 3543//3560 3371//3388 2117//2134
f 3900//3917 4435//4452 3695//3712
f 755//772 4435//4452 3900//3917
f 3701//3718 4436//4453 3901//3918
f 4436//4453 760//777 3901//3918
f 3629//3646 681//698 2921//2938
f 3628//3645 681//698 3629//3646
f 685//702 3630//3647 2923//2940
f 103//103 3630//3647 685//702
f 4056//4073 1230//1247 1733//1750
f 1229//1246 1733//1750 1230//1247
f 1736//1753 1227//1244 4057//4074
f 1227//1244 1736//1753 1228//1245
f 2159//2176 1798//1815 3810//3827
f 1798//1815 3811//3828 3810//3827
f 2161//2178 3815//3832 1802//1819
f 3815//3832 3814//3831 1802//1819
f 3902//3919 3903//3920 1640//1657
f 1639//1656 3902//3919 1640//1657
f 1646//1663 3905//3922 3904//3921
f 1646//1663 3904//3921 1647//1664
f 1782//1799 1781//1798 3343//3360
f 1545//1562 1782//1799 3343//3360
f 3348//3365 1786//1803 1785//1802
f 3348//3365 1785//1802 1550//1567
f 45//45 2819//2836 2782//2799
f 2819//2836 2821//2838 2782//2799
f 2824//2841 41//41 2785//2802
f 2824//2841 2785//2802 2825//2842
f 2933//2950 1735//1752 3390//3407
f 2933//2950 2930//2947 1735//1752
f 1738//1755 2937//2954 3397//3414
f 1738//1755 2936//2953 2937//2954
f 2598//2615 2844//2861 2599//2616
f 775//792 2844//2861 2598//2615
f 2603//2620 2848//2865 2604//2621
f 2604//2621 2848//2865 780//797
f 3000//3017 3288//3305 4192//4209
f 4192//4209 3288//3305 3005//3022
f 2233//2250 1614//1631 2232//2249
f 1614//1631 2233//2250 1612//1629
f 1620//1637 2237//2254 2234//2251
f 1619//1636 2237//2254 1620//1637
f 4841//4858 1962//1979 787//804
f 1962//1979 1961//1978 787//804
f 784//801 1968//1985 1971//1988
f 784//801 1966//1983 1968//1985
f 681//698 107//107 2920//2937
f 107//107 4510//4527 2920//2937
f 104//104 685//702 2922//2939
f 4512//4529 104//104 2922//2939
f 166//166 3104//3121 4028//4045
f 3104//3121 166//166 165//165
f 3109//3126 161//161 4029//4046
f 162//162 161//161 3109//3126
f 178//178 4130//4147 1295//1312
f 4130//4147 3716//3733 1295//1312
f 4131//4148 175//175 1301//1318
f 3719//3736 4131//4148 1301//1318
f 3092//3109 3002//3019 3039//3056
f 4989//5006 3089//3106 3090//3107
f 3007//3024 3096//3113 3095//3112
f 4990//5007 3093//3110 3094//3111
f 1189//1206 4122//4139 1470//1487
f 1189//1206 4123//4140 4122//4139
f 1476//1493 4125//4142 1195//1212
f 4126//4143 1195//1212 4125//4142
f 4527//4544 4528//4545 2836//2853
f 2836//2853 2838//2855 4527//4544
f 2840//2857 4530//4547 4529//4546
f 4529//4546 2841//2858 2840//2857
f 4919//4936 3179//3196 94//94
f 4919//4936 72//72 4369//4386
f 3184//3201 4920//4937 85//85
f 82//82 4920//4937 4373//4390
f 2411//2428 3024//3041 835//852
f 2411//2428 835//852 834//851
f 4624//4641 2416//2433 840//857
f 840//857 2416//2433 841//858
f 4016//4033 2992//3009 4316//4333
f 4016//4033 2991//3008 2992//3009
f 4014//4031 2995//3012 2991//3008
f 4317//4334 2995//3012 4014//4031
f 2796//2813 4737//4754 1355//1372
f 1355//1372 462//479 2796//2813
f 2801//2818 1359//1376 4739//4756
f 2801//2818 458//475 1359//1376
f 2702//2719 4141//4158 4143//4160
f 4141//4158 4135//4152 4143//4160
f 2707//2724 4146//4163 4144//4161
f 4146//4163 4134//4151 4144//4161
f 2713//2730 2715//2732 2588//2605
f 2588//2605 2715//2732 2589//2606
f 2717//2734 2719//2736 2594//2611
f 2593//2610 2717//2734 2594//2611
f 3208//3225 4705//4722 4093//4110
f 4093//4110 4705//4722 4706//4723
f 4091//4108 4707//4724 3210//3227
f 4706//4723 4707//4724 4091//4108
f 3084//3101 1774//1791 3172//3189
f 1773//1790 3172//3189 1774//1791
f 4391//4408 1776//1793 1778//1795
f 4391//4408 1778//1795 3174//3191
f 3432//3449 555//572 2853//2870
f 3432//3449 2853//2870 2855//2872
f 3435//3452 2859//2876 559//576
f 2860//2877 2859//2876 3435//3452
f 3607//3624 1602//1619 3621//3638
f 3607//3624 3621//3638 3622//3639
f 3612//3629 3623//3640 1607//1624
f 3624//3641 3623//3640 3612//3629
f 4367//4384 3179//3196 4369//4386
f 4919//4936 4369//4386 3179//3196
f 3184//3201 4373//4390 4920//4937
f 3184//3201 4372//4389 4373//4390
f 4581//4598 4588//4605 4891//4908
f 2706//2723 2705//2722 4581//4598
f 4892//4909 4589//4606 4582//4599
f 4582//4599 2710//2727 2709//2726
f 2335//2352 847//864 4//4
f 3980//3997 847//864 2335//2352
f 2341//2358 3//3 851//868
f 2341//2358 851//868 3983//4000
f 3455//3472 1500//1517 3456//3473
f 1500//1517 1499//1516 3063//3080
f 3457//3474 3458//3475 1503//1520
f 1503//1520 3067//3084 1504//1521
f 3180//3197 4367//4384 4368//4385
f 4367//4384 3180//3197 3179//3196
f 4372//4389 3183//3200 4371//4388
f 3184//3201 3183//3200 4372//4389
f 1234//1251 4017//4034 4018//4035
f 4018//4035 4017//4034 2148//2165
f 4020//4037 4019//4036 1238//1255
f 2156//2173 4019//4036 4020//4037
f 3540//3557 3539//3556 3538//3555
f 1333//1350 3539//3556 3540//3557
f 3544//3561 3542//3559 3541//3558
f 1340//1357 3544//3561 3541//3558
f 3608//3625 553//570 3609//3626
f 3608//3625 3693//3710 553//570
f 3614//3631 561//578 3615//3632
f 3694//3711 3615//3632 561//578
f 2952//2969 2035//2052 2569//2586
f 2032//2049 2035//2052 2952//2969
f 2954//2971 2573//2590 2039//2056
f 2954//2971 2039//2056 2955//2972
f 450//467 449//466 2549//2566
f 449//466 2548//2565 2549//2566
f 2557//2574 446//463 445//462
f 2557//2574 2554//2571 446//463
f 4581//4598 4891//4908 2706//2723
f 4891//4908 4140//4157 2706//2723
f 2709//2726 4892//4909 4582//4599
f 4892//4909 2709//2726 4145//4162
f 722//739 4769//4786 723//740
f 3443//3460 723//740 4769//4786
f 729//746 4770//4787 727//744
f 4770//4787 729//746 3446//3463
f 4413//4430 4017//4034 2147//2164
f 2147//2164 4195//4212 4413//4430
f 2151//2168 4019//4036 4414//4431
f 4200//4217 2151//2168 4414//4431
f 2356//2373 1937//1954 4714//4731
f 4714//4731 1937//1954 1084//1101
f 2361//2378 2363//2380 1942//1959
f 2363//2380 1088//1105 1942//1959
f 3400//3417 1842//1859 4987//5004
f 3402//3419 3400//3417 4399//4416
f 4987//5004 1846//1863 3404//3421
f 3405//3422 4399//4416 3404//3421
f 1834//1851 2456//2473 4490//4507
f 2456//2473 4680//4697 4490//4507
f 2460//2477 1837//1854 4491//4508
f 4491//4508 4683//4700 2460//2477
f 524//541 1459//1476 525//542
f 773//790 1459//1476 524//541
f 531//548 530//547 1464//1481
f 531//548 1464//1481 777//794
f 440//457 442//459 3860//3877
f 3538//3555 3860//3877 442//459
f 3862//3879 437//454 439//456
f 3542//3559 437//454 3862//3879
f 1058//1075 2705//2722 1059//1076
f 2704//2721 1059//1076 2705//2722
f 1064//1081 2710//2727 1065//1082
f 2710//2727 1064//1081 2711//2728
f 2780//2797 1560//1577 1248//1265
f 2780//2797 4265//4282 4785//4802
f 1565//1582 2777//2794 1243//1260
f 4787//4804 4265//4282 2777//2794
f 3710//3727 1819//1836 3746//3763
f 3747//3764 3746//3763 1819//1836
f 1824//1841 3714//3731 3748//3765
f 3748//3765 3750//3767 1824//1841
f 1589//1606 4661//4678 862//879
f 4417//4434 4661//4678 1589//1606
f 868//885 4662//4679 1593//1610
f 1593//1610 4662//4679 4418//4435
f 2511//2528 2958//2975 2512//2529
f 1851//1868 2958//2975 2511//2528
f 2514//2531 2963//2980 2515//2532
f 2515//2532 2963//2980 1857//1874
f 1158//1175 1533//1550 2986//3003
f 1158//1175 1157//1174 1533//1550
f 1162//1179 2990//3007 1540//1557
f 1160//1177 1162//1179 1540//1557
f 2211//2228 3581//3598 3751//3768
f 1615//1632 2211//2228 1616//1633
f 3754//3771 3582//3599 2217//2234
f 1622//1639 2217//2234 1623//1640
f 1829//1846 3762//3779 4727//4744
f 4727//4744 1830//1847 1829//1846
f 4728//4745 3765//3782 1828//1845
f 1828//1845 1827//1844 4728//4745
f 1533//1550 1157//1174 1534//1551
f 1157//1174 513//530 1534//1551
f 1539//1556 1160//1177 1540//1557
f 519//536 1160//1177 1539//1556
f 1534//1551 513//530 1580//1597
f 513//530 1581//1598 1580//1597
f 519//536 1539//1556 1587//1604
f 1586//1603 519//536 1587//1604
f 1599//1616 215//219 214//218
f 214//218 326//343 1599//1616
f 196//196 198//198 1601//1618
f 1601//1618 325//342 196//196
f 1356//1373 1358//1375 1784//1801
f 1784//1801 540//557 972//989
f 1789//1806 1360//1377 1362//1379
f 544//561 4832//4849 1789//1806
f 1906//1923 1908//1925 4784//4801
f 1906//1923 4784//4801 4265//4282
f 4786//4803 1911//1928 1910//1927
f 4265//4282 4786//4803 1910//1927
f 1250//1267 1249//1266 4501//4518
f 4501//4518 1249//1266 2783//2800
f 1255//1272 1257//1274 4502//4519
f 4502//4519 2787//2804 1255//1272
f 4914//4931 4515//4532 1406//1423
f 1406//1423 4515//4532 2610//2627
f 4517//4534 4915//4932 1409//1426
f 2612//2629 4517//4534 1409//1426
f 1218//1235 4225//4242 4797//4814
f 1218//1235 2240//2257 4225//4242
f 4798//4815 4228//4245 1223//1240
f 4228//4245 2241//2258 1223//1240
f 634//651 4872//4889 1379//1396
f 1379//1396 4872//4889 1380//1397
f 4875//4892 641//658 1385//1402
f 4875//4892 1385//1402 1384//1401
f 2449//2466 2207//2224 3752//3769
f 2449//2466 2208//2225 2207//2224
f 3755//3772 3177//3194 2452//2469
f 3177//3194 2214//2231 2452//2469
f 1725//1742 2832//2849 1723//1740
f 2832//2849 3300//3317 1723//1740
f 1729//1746 1731//1748 2833//2850
f 1731//1748 3303//3320 2833//2850
f 735//752 628//645 733//750
f 628//645 735//752 347//364
f 736//753 738//755 630//647
f 736//753 630//647 345//362
f 1176//1193 3943//3960 1178//1195
f 3943//3960 590//607 3942//3959
f 3945//3962 1180//1197 1181//1198
f 3944//3961 595//612 3945//3962
f 30//30 1984//2001 1985//2002
f 30//30 1982//1999 1984//2001
f 1987//2004 26//26 1989//2006
f 26//26 1987//2004 1986//2003
f 3207//3224 672//689 2653//2670
f 2653//2670 672//689 674//691
f 2654//2671 680//697 3211//3228
f 2654//2671 678//695 680//697
f 4174//4191 2715//2732 2714//2731
f 4174//4191 2714//2731 2864//2881
f 2717//2734 4176//4193 2718//2735
f 4176//4193 2866//2883 2718//2735
f 2608//2625 510//527 2609//2626
f 2608//2625 1561//1578 510//527
f 2613//2630 507//524 2611//2628
f 2611//2628 507//524 1564//1581
f 1915//1932 3641//3658 4182//4199
f 3640//3657 3641//3658 1915//1932
f 4185//4202 3643//3660 1922//1939
f 1922//1939 3643//3660 3642//3659
f 972//989 973//990 1928//1945
f 1928//1945 973//990 246//259
f 1934//1951 977//994 544//561
f 245//258 977//994 1934//1951
f 3943//3960 3942//3959 1178//1195
f 3102//3119 1178//1195 286//303
f 3944//3961 3945//3962 1181//1198
f 282//299 1181//1198 3138//3155
f 4480//4497 2832//2849 2831//2848
f 1597//1614 4480//4497 2831//2848
f 4482//4499 2834//2851 2833//2850
f 2834//2851 4482//4499 4483//4500
f 3073//3090 3915//3932 658//675
f 3071//3088 3073//3090 658//675
f 665//682 3917//3934 3074//3091
f 665//682 3074//3091 3076//3093
f 4485//4502 1963//1980 4841//4858
f 4841//4858 1963//1980 1962//1979
f 4842//4859 1971//1988 4486//4503
f 784//801 1971//1988 4842//4859
f 311//328 333//350 332//349
f 4802//4819 297//314 311//328
f 330//347 329//346 309//326
f 309//326 295//312 4803//4820
f 3709//3726 190//190 4947//4964
f 4947//4964 3708//3725 3709//3726
f 3706//3723 3703//3720 185//185
f 3706//3723 3704//3721 3703//3720
f 3595//3612 3596//3613 409//426
f 3595//3612 4487//4504 3596//3613
f 3598//3615 3597//3614 406//423
f 3598//3615 4488//4505 3597//3614
f 721//738 1198//1215 1597//1614
f 1197//1214 1597//1614 1198//1215
f 2834//2851 4483//4500 1202//1219
f 1202//1219 4483//4500 1203//1220
f 4442//4459 146//146 148//148
f 2016//2033 146//146 1289//1306
f 143//143 4444//4461 144//144
f 2015//2032 1285//1302 143//143
f 4148//4165 917//934 4149//4166
f 4148//4165 1712//1729 1714//1731
f 4150//4167 4151//4168 923//940
f 4150//4167 1716//1733 1718//1735
f 701//718 3707//3724 4345//4362
f 4345//4362 702//719 701//718
f 709//726 4346//4363 3705//3722
f 708//725 4346//4363 709//726
f 1105//1122 4845//4862 2052//2069
f 2052//2069 2054//2071 1105//1122
f 2059//2076 4846//4863 1111//1128
f 2059//2076 1111//1128 2060//2077
f 2669//2686 2712//2729 2588//2605
f 2669//2686 2671//2688 2712//2729
f 2594//2611 2716//2733 2677//2694
f 2675//2692 2677//2694 2716//2733
f 305//322 314//331 297//314
f 305//322 336//353 314//331
f 295//312 313//330 303//320
f 338//355 303//320 313//330
f 1131//1148 2250//2267 2181//2198
f 2250//2267 3281//3298 2181//2198
f 2187//2204 2253//2270 1133//1150
f 2187//2204 3283//3300 2253//2270
f 4355//4372 3833//3850 683//700
f 683//700 3833//3850 2077//2094
f 4358//4375 688//705 3838//3855
f 688//705 2081//2098 3838//3855
f 2053//2070 3463//3480 3381//3398
f 3071//3088 3381//3398 3118//3135
f 2058//2075 3385//3402 3464//3481
f 3385//3402 3076//3093 3121//3138
f 4699//4716 444//461 3437//3454
f 4699//4716 3437//3454 3148//3165
f 443//460 4700//4717 3439//3456
f 4700//4717 3149//3166 3439//3456
f 1456//1473 1367//1384 1366//1383
f 4205//4222 1367//1384 1456//1473
f 1373//1390 1454//1471 1374//1391
f 1454//1471 1373//1390 4208//4225
f 720//737 3802//3819 4458//4475
f 3802//3819 4457//4474 4458//4475
f 4462//4479 3806//3823 716//733
f 4462//4479 4460//4477 3806//3823
f 2308//2325 1854//1871 2172//2189
f 2172//2189 1854//1871 1853//1870
f 2310//2327 2174//2191 1860//1877
f 1861//1878 1860//1877 2174//2191
f 4093//4110 4706//4723 4090//4107
f 4090//4107 4706//4723 4091//4108
f 2181//2198 2180//2197 1131//1148
f 1743//1760 1131//1148 2180//2197
f 1133//1150 2188//2205 2187//2204
f 1747//1764 2188//2205 1133//1150
f 337//354 341//358 303//320
f 4121//4138 357//374 341//358
f 305//322 342//359 335//352
f 342//359 360//377 4119//4136
f 558//575 4318//4335 4104//4121
f 4103//4120 558//575 4104//4121
f 4105//4122 4321//4338 562//579
f 4105//4122 562//579 4106//4123
f 4693//4710 1650//1667 1991//2008
f 1650//1667 4693//4710 844//861
f 1993//2010 1649//1666 4694//4711
f 1649//1666 850//867 4694//4711
f 3158//3175 3157//3174 4168//4185
f 3158//3175 4168//4185 4128//4145
f 3165//3182 3164//3181 4170//4187
f 4170//4187 3164//3181 4129//4146
f 2211//2228 3751//3768 1616//1633
f 1616//1633 3751//3768 1617//1634
f 1622//1639 3754//3771 2217//2234
f 3754//3771 1622//1639 1621//1638
f 1688//1705 1041//1058 4817//4834
f 1041//1058 1043//1060 3933//3950
f 3778//3795 1048//1065 1691//1708
f 1049//1066 1048//1065 3937//3954
f 2686//2703 618//635 4917//4934
f 1580//1597 618//635 2686//2703
f 4918//4935 625//642 2687//2704
f 625//642 1587//1604 2687//2704
f 3365//3382 1460//1477 2316//2333
f 2318//2335 3365//3382 2316//2333
f 3367//3384 2321//2338 1466//1483
f 3367//3384 2322//2339 2321//2338
f 208//212 210//214 186//186
f 228//240 210//214 208//212
f 231//244 212//216 230//243
f 189//189 212//216 231//244
f 1976//1993 4595//4612 4570//4587
f 58//58 2263//2280 4595//4612
f 1980//1997 4571//4588 2268//2285
f 2267//2284 55//55 2268//2285
f 1419//1436 4374//4391 3557//3574
f 2150//2167 4374//4391 1419//1436
f 4376//4393 1425//1442 3563//3580
f 4376//4393 2154//2171 1425//1442
f 4304//4321 4762//4779 95//95
f 4304//4321 3443//3460 4762//4779
f 4305//4322 4763//4780 3446//3463
f 92//92 4763//4780 4305//4322
f 2319//2336 2316//2333 3144//3161
f 3144//3161 2320//2337 2319//2336
f 3146//3163 2321//2338 2325//2342
f 2324//2341 3146//3163 2325//2342
f 4917//4934 618//635 2893//2910
f 4917//4934 2893//2910 1755//1772
f 1759//1776 2897//2914 4918//4935
f 2897//2914 625//642 4918//4935
f 3664//3681 3675//3692 957//974
f 1519//1536 3675//3692 3664//3681
f 3677//3694 3666//3683 965//982
f 1524//1541 3666//3683 3677//3694
f 3501//3518 1850//1867 4267//4284
f 3501//3518 2561//2578 1850//1867
f 1858//1875 2565//2582 3503//3520
f 1858//1875 3503//3520 4268//4285
f 2084//2101 3467//3484 4583//4600
f 3467//3484 4584//4601 4583//4600
f 4586//4603 4585//4602 3469//3486
f 4586//4603 3469//3486 2088//2105
f 2689//2706 2688//2705 2280//2297
f 1231//1248 2280//2297 2688//2705
f 2694//2711 2693//2710 2287//2304
f 2694//2711 2287//2304 1226//1243
f 2240//2257 3195//3212 4863//4880
f 2240//2257 4863//4880 1215//1232
f 4236//4253 3197//3214 2241//2258
f 4228//4245 4236//4253 2241//2258
f 4566//4583 1508//1525 1075//1092
f 1508//1525 4566//4583 1899//1916
f 1079//1096 1515//1532 4567//4584
f 1515//1532 1903//1920 4567//4584
f 826//843 1671//1688 1670//1687
f 3269//3286 826//843 1670//1687
f 1677//1694 1676//1693 830//847
f 830//847 3271//3288 1677//1694
f 1659//1676 1040//1057 2845//2862
f 1040//1057 1043//1060 2845//2862
f 1665//1682 2850//2867 1046//1063
f 1049//1066 1046//1063 2850//2867
f 91//91 90//90 4866//4883
f 4866//4883 90//90 4348//4365
f 4867//4884 87//87 86//86
f 4349//4366 87//87 4867//4884
f 3433//3450 1914//1931 1604//1621
f 1604//1621 1914//1931 4350//4367
f 1611//1628 1918//1935 3436//3453
f 4351//4368 1918//1935 1611//1628
f 4546//4563 1346//1363 4187//4204
f 998//1015 4187//4204 999//1016
f 4188//4205 1343//1360 4548//4565
f 4188//4205 1004//1021 1003//1020
f 2518//2535 4973//4990 4603//4620
f 4973//4990 948//965 4603//4620
f 4605//4622 4974//4991 2521//2538
f 952//969 4974//4991 4605//4622
f 3981//3998 4323//4340 2381//2398
f 2245//2262 2381//2398 4323//4340
f 2383//2400 4325//4342 3985//4002
f 4325//4342 2383//2400 2247//2264
f 3140//3157 4053//4070 514//531
f 3140//3157 1765//1782 4053//4070
f 3141//3158 522//539 4054//4071
f 4054//4071 1770//1787 3141//3158
f 2671//2688 2666//2683 2712//2729
f 2666//2683 2671//2688 3167//3184
f 2675//2692 2716//2733 2672//2689
f 2672//2689 3169//3186 2675//2692
f 4335//4352 1818//1835 2789//2806
f 2789//2806 1818//1835 1416//1433
f 2792//2809 1822//1839 4337//4354
f 1822//1839 2792//2809 1412//1429
f 164//164 3586//3603 4601//4618
f 3586//3603 4602//4619 4601//4618
f 3588//3605 3590//3607 4606//4623
f 4607//4624 4606//4623 3590//3607
f 3341//3358 1217//1234 2798//2815
f 1781//1798 3341//3358 3344//3361
f 2802//2819 1224//1241 3346//3363
f 3346//3363 1786//1803 3347//3364
f 4216//4233 2447//2464 1487//1504
f 4216//4233 4217//4234 2447//2464
f 2451//2468 4218//4235 1493//1510
f 4219//4236 4218//4235 2451//2468
f 3696//3713 1237//1254 4156//4173
f 3696//3713 3695//3712 1237//1254
f 3700//3717 4157//4174 1241//1258
f 1241//1258 3701//3718 3700//3717
f 3826//3843 717//734 3827//3844
f 3827//3844 719//736 3826//3843
f 4543//4560 2464//2481 4433//4450
f 3717//3734 4052//4069 4543//4560
f 2467//2484 4544//4561 4434//4451
f 4055//4072 4132//4149 4544//4561
f 3585//3602 2518//2535 3586//3603
f 2519//2536 2518//2535 3585//3602
f 2521//2538 3588//3605 4606//4623
f 2521//2538 2523//2540 3588//3605
f 3510//3527 2130//2147 3530//3547
f 3530//3547 2128//2145 3510//3527
f 3531//3548 2134//2151 3515//3532
f 3515//3532 2133//2150 3531//3548
f 3825//3842 719//736 718//735
f 718//735 717//734 3825//3842
f 39//39 2265//2282 3950//3967
f 3950//3967 57//57 39//39
f 2270//2287 38//38 3951//3968
f 38//38 53//53 3951//3968
f 4168//4185 808//825 1946//1963
f 4168//4185 1946//1963 4113//4130
f 1947//1964 814//831 4170//4187
f 4117//4134 1947//1964 4170//4187
f 1641//1658 2291//2308 4534//4551
f 4534//4551 2291//2308 2734//2751
f 4537//4554 2298//2315 1645//1662
f 2737//2754 2298//2315 4537//4554
f 493//510 1913//1930 4183//4200
f 493//510 4183//4200 4184//4201
f 1919//1936 501//518 4186//4203
f 501//518 4773//4790 4186//4203
f 4992//5009 4967//4984 4532//4549
f 4315//4332 4992//5009 4532//4549
f 4531//4548 4967//4984 4992//5009
f 4315//4332 4531//4548 4992//5009
f 4378//4395 1671//1688 826//843
f 4378//4395 3763//3780 1671//1688
f 1676//1693 4380//4397 830//847
f 3766//3783 4380//4397 1676//1693
f 2771//2788 4249//4266 2772//2789
f 2772//2789 4249//4266 4250//4267
f 2775//2792 4252//4269 2771//2788
f 2775//2792 4251//4268 4252//4269
f 3933//3950 4817//4834 1041//1058
f 4817//4834 3933//3950 16//16
f 3778//3795 3937//3954 1048//1065
f 3778//3795 15//15 3937//3954
f 1094//1111 3977//3994 536//553
f 3977//3994 1094//1111 2200//2217
f 3978//3995 1098//1115 541//558
f 2206//2223 1098//1115 3978//3995
f 2385//2402 2020//2037 3411//3428
f 2020//2037 863//880 3411//3428
f 2388//2405 3412//3429 2023//2040
f 3412//3429 867//884 2023//2040
f 4322//4339 1027//1044 2245//2262
f 2087//2104 3520//3537 4322//4339
f 2247//2264 1026//1043 4324//4341
f 4324//4341 3522//3539 2093//2110
f 4870//4887 4030//4047 2979//2996
f 17//17 4870//4887 2979//2996
f 4031//4048 4871//4888 2981//2998
f 14//14 2981//2998 4871//4888
f 1121//1138 1973//1990 1119//1136
f 1973//1990 1121//1138 1821//1838
f 1978//1995 1126//1143 1125//1142
f 1825//1842 1126//1143 1978//1995
f 494//511 4184//4201 3651//3668
f 493//510 4184//4201 494//511
f 500//517 3653//3670 4773//4790
f 500//517 4773//4790 501//518
f 4617//4634 4615//4632 713//730
f 4615//4632 4617//4634 751//768
f 4618//4635 4619//4636 711//728
f 759//776 4619//4636 4618//4635
f 4680//4697 2458//2475 4833//4850
f 4680//4697 3077//3094 2458//2475
f 4834//4851 2461//2478 4683//4700
f 4683//4700 2461//2478 3080//3097
f 1871//1888 3946//3963 4783//4800
f 3946//3963 1865//1882 4783//4800
f 2898//2915 3447//3464 2899//2916
f 2899//2916 3447//3464 2972//2989
f 2903//2920 3448//3465 2904//2921
f 2975//2992 3448//3465 2903//2920
f 1028//1045 4254//4271 4253//4270
f 1991//2008 3785//3802 1028//1045
f 4260//4277 4259//4276 1025//1042
f 1025//1042 3789//3806 1993//2010
f 3873//3890 2497//2514 3099//3116
f 4865//4882 3873//3890 3099//3116
f 3874//3891 3875//3892 2499//2516
f 2003//2020 3875//3892 3874//3891
f 3931//3948 614//631 4030//4047
f 2979//2996 4030//4047 614//631
f 4031//4048 611//628 3934//3951
f 2981//2998 611//628 4031//4048
f 3134//3151 4230//4247 764//781
f 691//708 4230//4247 3134//3151
f 3136//3153 767//784 770//787
f 695//712 3136//3153 770//787
f 4331//4348 4330//4347 1441//1458
f 4392//4409 4330//4347 4331//4348
f 1445//1462 4332//4349 4334//4351
f 4334//4351 4332//4349 4393//4410
f 2846//2863 1042//1059 2061//2078
f 1042//1059 1041//1058 2061//2078
f 1047//1064 2852//2869 2062//2079
f 1048//1065 1047//1064 2062//2079
f 4657//4674 430//447 4026//4043
f 2498//2515 4657//4674 1994//2011
f 4027//4044 426//443 4658//4675
f 2002//2019 4658//4675 2500//2517
f 4790//4807 1685//1702 4788//4805
f 4790//4807 4788//4805 1680//1697
f 388//405 4058//4075 381//398
f 371//388 388//405 408//425
f 386//403 374//391 4059//4076
f 407//424 386//403 369//386
f 1444//1461 1443//1460 2171//2188
f 1444//1461 2171//2188 4975//4992
f 2175//2192 1448//1465 1447//1464
f 4976//4993 2175//2192 1447//1464
f 3105//3122 178//178 4750//4767
f 178//178 1295//1312 4750//4767
f 175//175 3108//3125 4751//4768
f 175//175 4751//4768 1301//1318
f 2878//2895 1362//1379 4100//4117
f 2878//2895 4100//4117 4155//4172
f 3801//3818 3799//3816 1489//1506
f 719//736 3799//3816 3801//3818
f 3807//3824 1496//1513 3804//3821
f 3807//3824 3804//3821 717//734
f 1290//1307 1289//1306 4442//4459
f 1289//1306 146//146 4442//4459
f 4444//4461 1285//1302 1287//1304
f 4444//4461 143//143 1285//1302
f 99//99 4761//4778 3820//3837
f 4761//4778 99//99 93//93
f 3823//3840 4764//4781 96//96
f 83//83 96//96 4764//4781
f 698//715 2163//2180 3414//3431
f 2163//2180 698//715 700//717
f 2167//2184 706//723 3415//3432
f 704//721 706//723 2167//2184
f 1031//1048 2754//2771 2753//2770
f 1095//1112 2753//2770 2754//2771
f 2757//2774 1034//1051 2755//2772
f 2755//2772 1101//1118 2757//2774
f 4637//4654 2218//2235 2220//2237
f 2220//2237 170//170 4637//4654
f 2225//2242 2224//2241 4580//4597
f 169//169 2225//2242 4580//4597
f 3420//3437 3422//3439 537//554
f 3420//3437 537//554 536//553
f 543//560 3426//3443 3425//3442
f 3425//3442 541//558 543//560
f 4960//4977 3561//3578 3970//3987
f 4961//4978 3970//3987 4815//4832
f 4962//4979 3973//3990 3566//3583
f 4816//4833 3973//3990 4964//4981
f 4026//4043 1995//2012 1994//2011
f 4026//4043 1994//2011 4657//4674
f 2001//2018 4027//4044 2002//2019
f 4027//4044 4658//4675 2002//2019
f 350//367 4296//4313 384//401
f 4296//4313 397//414 384//401
f 349//366 383//400 4298//4315
f 383//400 394//411 4298//4315
f 4793//4810 938//955 1376//1393
f 4793//4810 4639//4656 938//955
f 946//963 4794//4811 1382//1399
f 946//963 4641//4658 4794//4811
f 3638//3655 922//939 921//938
f 1149//1166 2886//2903 3638//3655
f 928//945 927//944 3639//3656
f 3639//3656 2887//2904 1153//1170
f 3016//3033 1653//1670 3017//3034
f 1653//1670 4556//4573 3017//3034
f 3019//3036 1655//1672 3020//3037
f 4558//4575 1655//1672 3019//3036
f 3520//3537 1991//2008 1027//1044
f 4322//4339 3520//3537 1027//1044
f 1026//1043 1993//2010 3522//3539
f 1026//1043 3522//3539 4324//4341
f 860//877 380//397 2166//2183
f 3707//3724 860//877 2166//2183
f 2170//2187 375//392 864//881
f 3705//3722 2170//2187 864//881
f 2063//2080 4655//4672 2634//2651
f 2633//2650 2063//2080 2634//2651
f 2631//2648 4655//4672 2067//2084
f 2631//2648 2067//2084 2632//2649
f 4076//4093 2356//2373 4326//4343
f 2356//2373 1083//1100 4326//4343
f 4328//4345 2362//2379 4079//4096
f 4328//4345 1089//1106 2362//2379
f 3380//3397 2648//2665 949//966
f 659//676 2648//2665 3380//3397
f 956//973 2651//2668 3383//3400
f 2651//2668 664//681 3383//3400
f 320//337 790//807 350//367
f 4296//4313 350//367 790//807
f 317//334 349//366 794//811
f 4298//4315 794//811 349//366
f 4817//4834 16//16 2814//2831
f 16//16 18//18 2814//2831
f 2818//2835 15//15 3778//3795
f 2818//2835 13//13 15//15
f 2127//2144 472//489 474//491
f 2609//2626 472//489 2127//2144
f 471//488 2132//2149 469//486
f 471//488 2613//2630 2132//2149
f 2101//2118 2100//2117 616//633
f 4389//4406 616//633 2100//2117
f 623//640 4390//4407 2106//2123
f 2105//2122 623//640 2106//2123
f 4326//4343 1083//1100 4755//4772
f 4755//4772 1083//1100 3534//3551
f 4756//4773 1089//1106 4328//4345
f 3536//3553 1089//1106 4756//4773
f 3113//3130 972//989 1927//1944
f 3111//3128 3113//3130 1927//1944
f 3116//3133 1935//1952 544//561
f 3115//3132 1935//1952 3116//3133
f 4196//4213 4195//4212 3741//3758
f 1882//1899 1323//1340 3741//3758
f 3743//3760 4200//4217 4199//4216
f 1328//1345 1881//1898 3743//3760
f 3431//3448 3432//3449 2855//2872
f 4471//4488 2855//2872 1701//1718
f 3435//3452 3434//3451 2860//2877
f 1707//1724 2860//2877 4473//4490
f 1721//1738 3867//3884 2189//2206
f 1721//1738 2189//2206 1722//1739
f 2193//2210 3868//3885 1727//1744
f 1726//1743 2193//2210 1727//1744
f 3450//3467 523//540 3451//3468
f 3450//3467 771//788 523//540
f 3453//3470 529//546 3454//3471
f 529//546 779//796 3454//3471
f 10//10 3221//3238 11//11
f 3221//3238 10//10 3881//3898
f 7//7 9//9 3224//3241
f 3883//3900 7//7 3224//3241
f 436//453 3249//3266 1329//1346
f 3249//3266 3353//3370 1329//1346
f 431//448 1337//1354 3252//3269
f 3357//3374 3252//3269 1337//1354
f 900//917 4893//4910 1734//1751
f 4893//4910 3394//3411 3391//3408
f 4894//4911 904//921 1739//1756
f 3396//3413 3398//3415 4894//4911
f 1720//1737 4307//4324 4455//4472
f 4307//4324 724//741 4455//4472
f 4456//4473 4309//4326 1728//1745
f 4456//4473 731//748 4309//4326
f 4471//4488 3431//3448 2855//2872
f 4471//4488 1606//1623 3431//3448
f 4473//4490 2860//2877 3434//3451
f 3434//3451 4732//4749 4473//4490
f 2579//2596 2581//2598 2660//2677
f 2660//2677 2581//2598 4363//4380
f 2664//2681 2583//2600 2579//2596
f 4365//4382 2583//2600 2664//2681
f 4545//4562 2243//2260 2351//2368
f 2345//2362 2243//2260 4545//4562
f 771//788 4653//4670 523//540
f 771//788 773//790 4653//4670
f 4654//4671 779//796 529//546
f 779//796 4654//4671 777//794
f 4196//4213 3741//3758 1323//1340
f 1323//1340 485//502 4196//4213
f 1328//1345 3743//3760 4199//4216
f 491//508 1328//1345 4199//4216
f 1582//1599 1184//1201 619//636
f 618//635 1582//1599 619//636
f 1191//1208 1588//1605 624//641
f 624//641 1588//1605 625//642
f 3247//3264 435//452 2257//2274
f 3249//3266 435//452 3247//3264
f 432//449 3251//3268 2260//2277
f 432//449 3252//3269 3251//3268
f 2336//2353 4//4 6//6
f 2336//2353 6//6 4102//4119
f 1//1 3//3 2340//2357
f 2340//2357 4107//4124 1//1
f 3964//3981 3965//3982 1086//1103
f 1086//1103 589//606 3964//3981
f 3966//3983 1091//1108 3967//3984
f 596//613 1091//1108 3966//3983
f 1734//1751 3391//3408 3390//3407
f 1734//1751 4893//4910 3391//3408
f 1738//1755 3396//3413 1739//1756
f 3396//3413 4894//4911 1739//1756
f 2909//2926 1109//1126 3016//3033
f 2909//2926 3016//3033 2908//2925
f 3020//3037 1113//1130 2912//2929
f 2913//2930 3020//3037 2912//2929
f 4958//4975 4495//4512 1844//1861
f 4495//4512 1845//1862 1844//1861
f 1849//1866 4494//4511 4958//4975
f 4494//4511 1849//1866 1848//1865
f 4950//4967 3578//3595 3577//3594
f 3578//3595 3230//3247 3577//3594
f 3579//3596 3580//3597 4950//4967
f 3227//3244 3580//3597 3579//3596
f 405//422 577//594 4295//4312
f 733//750 4295//4312 577//594
f 585//602 404//421 4297//4314
f 738//755 585//602 4297//4314
f 2560//2577 2559//2576 554//571
f 554//571 4715//4732 2560//2577
f 560//577 2563//2580 2562//2579
f 560//577 2562//2579 4716//4733
f 1714//1731 917//934 4148//4165
f 1714//1731 918//935 917//934
f 4150//4167 923//940 1716//1733
f 1716//1733 923//940 925//942
f 3751//3768 3752//3769 4505//4522
f 4505//4522 2863//2880 3751//3768
f 4082//4099 4081//4098 1571//1588
f 2438//2455 4082//4099 1571//1588
f 4086//4103 4085//4102 1575//1592
f 4085//4102 2444//2461 1575//1592
f 3617//3634 4765//4782 3618//3635
f 4497//4514 4765//4782 3617//3634
f 3619//3636 4766//4783 3620//3637
f 3620//3637 4766//4783 4498//4515
f 2478//2495 1315//1332 1344//1361
f 1313//1330 1315//1332 2478//2495
f 2481//2498 1342//1359 1317//1334
f 2481//2498 1317//1334 1319//1336
f 4448//4465 4426//4443 1108//1125
f 1108//1125 4426//4443 4240//4257
f 1114//1131 4430//4447 4450//4467
f 1114//1131 4241//4258 4430//4447
f 4897//4914 3393//3410 3813//3830
f 4103//4120 4733//4750 3813//3830
f 3817//3834 3399//3416 4898//4915
f 4106//4123 3817//3834 4734//4751
f 2729//2746 4901//4918 721//738
f 723//740 2729//2746 721//738
f 728//745 2743//2760 2732//2749
f 729//746 728//745 2732//2749
f 2933//2950 3390//3407 3674//3691
f 960//977 3674//3691 3663//3680
f 3676//3693 3397//3414 2937//2954
f 3665//3682 3676//3693 968//985
f 4547//4564 1847//1864 4896//4913
f 4896//4913 1843//1860 4547//4564
f 1830//1847 2487//2504 832//849
f 1555//1572 832//849 2487//2504
f 838//855 4275//4292 1827//1844
f 838//855 1558//1575 4275//4292
f 4696//4713 4771//4788 4695//4712
f 3767//3784 4771//4788 4696//4713
f 4772//4789 4698//4715 4697//4714
f 3771//3788 4698//4715 4772//4789
f 4774//4791 1415//1432 4767//4784
f 3678//3695 1415//1432 4774//4791
f 4768//4785 1413//1430 4775//4792
f 1413//1430 3679//3696 4775//4792
f 1038//1055 2976//2993 1039//1056
f 2976//2993 1038//1055 2404//2421
f 1045//1062 2980//2997 4827//4844
f 1045//1062 4827//4844 2406//2423
f 2600//2617 2599//2616 4676//4693
f 2600//2617 4676//4693 1073//1090
f 4677//4694 2603//2620 2605//2622
f 4677//4694 2605//2622 1081//1098
f 4961//4978 4960//4977 3970//3987
f 4961//4978 483//500 4960//4977
f 4964//4981 3973//3990 4962//4979
f 488//505 4964//4981 4962//4979
f 1531//1548 4849//4866 1532//1549
f 1532//1549 4849//4866 2647//2664
f 1536//1553 4850//4867 1537//1554
f 4850//4867 1536//1553 2650//2667
f 4767//4784 1417//1434 4316//4333
f 4767//4784 1415//1432 1417//1434
f 1414//1431 4768//4785 4317//4334
f 1414//1431 1413//1430 4768//4785
f 3037//3054 4988//5005 3091//3108
f 4988//5005 4989//5006 3091//3108
f 3097//3114 4990//5007 4991//5008
f 3097//3114 4991//5008 3043//3060
f 2978//2995 614//631 2274//2291
f 2978//2995 2274//2291 1775//1792
f 2276//2293 611//628 2982//2999
f 2276//2293 2982//2999 1779//1796
f 3865//3882 1821//1838 4887//4904
f 3865//3882 4887//4904 1120//1137
f 1825//1842 3866//3883 4888//4905
f 4888//4905 3866//3883 1127//1144
f 2278//2295 4993//5010 2279//2296
f 2278//2295 4398//4415 4993//5010
f 2279//2296 4993//5010 2283//2300
f 4993//5010 4398//4415 2283//2300
f 713//730 715//732 3417//3434
f 3417//3434 4617//4634 713//730
f 711//728 3418//3435 712//729
f 711//728 4619//4636 3418//3435
f 2842//2859 1408//1425 4665//4682
f 2842//2859 4665//4682 1393//1410
f 4747//4764 4749//4766 191//191
f 4746//4763 4747//4764 195//195
f 2137//2154 2139//2156 1365//1382
f 4060//4077 2139//2156 2137//2154
f 2142//2159 2141//2158 1369//1386
f 2142//2159 4063//4080 2141//2158
f 845//862 2084//2101 4583//4600
f 844//861 2084//2101 845//862
f 4586//4603 2088//2105 849//866
f 849//866 2088//2105 850//867
f 23//23 4081//4098 24//24
f 23//23 1571//1588 4081//4098
f 19//19 4086//4103 20//20
f 4086//4103 1575//1592 20//20
f 744//761 743//760 4329//4346
f 744//761 4329//4346 4392//4409
f 748//765 750//767 4333//4350
f 4393//4410 4333//4350 750//767
f 4052//4069 2464//2481 4543//4560
f 2464//2481 4052//4069 1765//1782
f 2467//2484 4055//4072 4544//4561
f 1770//1787 4055//4072 2467//2484
f 3354//3371 2112//2129 1330//1347
f 3355//3372 2112//2129 3354//3371
f 1336//1353 2115//2132 3356//3373
f 3356//3373 2115//2132 3358//3375
f 1038//1055 1040//1057 1659//1676
f 2404//2421 1038//1055 1659//1676
f 1666//1683 1046//1063 1045//1062
f 2406//2423 1666//1683 1045//1062
f 4940//4957 3761//3778 2679//2696
f 3761//3778 3762//3779 2679//2696
f 3764//3781 4940//4957 2683//2700
f 3764//3781 2683//2700 3765//3782
f 3712//3729 1118//1135 1117//1134
f 3710//3727 3712//3729 1117//1134
f 1123//1140 1122//1139 3715//3732
f 3715//3732 3714//3731 1123//1140
f 871//888 4695//4712 869//886
f 2621//2638 870//887 869//886
f 876//893 4697//4714 877//894
f 876//893 875//892 2622//2639
f 4749//4766 4747//4764 4746//4763
f 3625//3642 4746//4763 4745//4762
f 3625//3642 4749//4766 4746//4763
f 3625//3642 4748//4765 4749//4766
f 483//500 3968//3985 4960//4977
f 483//500 482//499 3968//3985
f 488//505 4962//4979 3971//3988
f 488//505 3971//3988 489//506
f 4870//4887 1043//1060 3932//3949
f 3932//3949 4030//4047 4870//4887
f 3936//3953 1049//1066 4871//4888
f 4871//4888 4031//4048 3936//3953
f 1766//1783 4164//4181 3961//3978
f 4165//4182 3961//3978 4164//4181
f 4166//4183 1769//1786 4167//4184
f 4167//4184 3963//3980 4166//4183
f 3082//3099 3796//3813 3795//3812
f 3082//3099 4050//4067 3796//3813
f 3085//3102 3087//3104 3797//3814
f 3797//3814 4051//4068 3085//3102
f 1998//2015 436//453 4865//4882
f 4865//4882 3101//3118 1998//2015
f 2003//2020 431//448 423//440
f 423//440 2004//2021 2003//2020
f 3926//3943 3927//3944 4804//4821
f 3926//3943 4804//4821 1522//1539
f 4805//4822 3929//3946 3928//3945
f 1528//1545 4805//4822 3928//3945
f 2621//2638 869//886 4695//4712
f 2621//2638 4695//4712 4771//4788
f 876//893 2622//2639 4697//4714
f 4697//4714 2622//2639 4772//4789
f 56//56 58//58 1975//1992
f 123//123 56//56 1975//1992
f 54//54 1981//1998 55//55
f 54//54 121//121 1981//1998
f 2539//2556 2290//2307 4860//4877
f 2539//2556 4860//4877 4984//5001
f 4860//4877 2295//2312 2538//2555
f 4984//5001 4860//4877 2538//2555
f 808//825 2370//2387 809//826
f 2370//2387 808//825 4168//4185
f 813//830 2372//2389 814//831
f 4170//4187 814//831 2372//2389
f 4006//4023 2210//2227 2212//2229
f 2212//2229 4004//4021 4006//4023
f 2215//2232 4008//4025 2216//2233
f 4008//4025 4007//4024 2216//2233
f 2525//2542 2805//2822 2526//2543
f 2525//2542 2807//2824 2805//2822
f 2529//2546 2810//2827 2530//2547
f 2812//2829 2530//2547 2810//2827
f 2437//2454 4094//4111 3219//3236
f 2437//2454 3219//3236 3221//3238
f 3224//3241 3226//3243 2442//2459
f 2442//2459 3226//3243 4095//4112
f 3680//3697 981//998 4499//4516
f 4499//4516 981//998 4500//4517
f 3681//3698 985//1002 3070//3087
f 985//1002 3681//3698 4479//4496
f 4882//4899 1331//1348 1330//1347
f 1330//1347 2112//2129 4882//4899
f 1335//1352 4883//4900 1336//1353
f 1336//1353 4883//4900 2115//2132
f 1651//1668 843//860 3839//3856
f 843//860 3840//3857 3839//3856
f 1648//1665 3843//3860 848//865
f 3843//3860 3845//3862 848//865
f 2196//2213 1555//1572 823//840
f 996//1013 2196//2213 823//840
f 2198//2215 821//838 1558//1575
f 821//838 2198//2215 1002//1019
f 4970//4987 1627//1644 1629//1646
f 1629//1646 3451//3468 4970//4987
f 1634//1651 4971//4988 1635//1652
f 4971//4988 3453//3470 1635//1652
f 4005//4022 2210//2227 4006//4023
f 1488//1505 3581//3598 2210//2227
f 2215//2232 4009//4026 4008//4025
f 3582//3599 1492//1509 2215//2232
f 1615//1632 4978//4995 3052//3069
f 4978//4995 2713//2730 3052//3069
f 4979//4996 1623//1640 3054//3071
f 2719//2736 4979//4996 3054//3071
f 2836//2853 4528//4545 1388//1405
f 1909//1926 1388//1405 4528//4545
f 1392//1409 4530//4547 2840//2857
f 4530//4547 1392//1409 1909//1926
f 4404//4421 898//915 3282//3299
f 3281//3298 4404//4421 3282//3299
f 3285//3302 903//920 4405//4422
f 3285//3302 4405//4422 3283//3300
f 978//995 980//997 1501//1518
f 3648//3665 978//995 1501//1518
f 983//1000 1506//1523 984//1001
f 1506//1523 983//1000 3652//3669
f 3867//3884 726//743 2191//2208
f 2189//2206 3867//3884 2191//2208
f 2194//2211 732//749 3868//3885
f 2194//2211 3868//3885 2193//2210
f 3091//3108 4989//5006 3092//3109
f 3090//3107 3092//3109 4989//5006
f 4990//5007 3096//3113 3093//3110
f 3096//3113 4990//5007 3097//3114
f 3992//4009 466//483 4843//4860
f 4843//4860 474//491 3992//4009
f 465//482 3993//4010 4844//4861
f 3993//4010 469//486 4844//4861
f 4686//4703 3110//3127 1929//1946
f 4686//4703 1929//1946 1926//1943
f 4687//4704 1933//1950 3114//3131
f 1930//1947 1933//1950 4687//4704
f 1510//1527 3308//3325 2882//2899
f 1510//1527 3306//3323 3308//3325
f 2883//2900 3310//3327 1513//1530
f 1513//1530 3310//3327 3312//3329
f 2102//2119 981//998 763//780
f 1186//1203 1185//1202 763//780
f 985//1002 2107//2124 768//785
f 1190//1207 1192//1209 768//785
f 3090//3107 1021//1038 3002//3019
f 3092//3109 3090//3107 3002//3019
f 3093//3110 3007//3024 1018//1035
f 3007//3024 3093//3110 3096//3113
f 304//321 319//336 316//333
f 319//336 304//321 590//607
f 318//335 595//612 301//318
f 315//332 318//335 301//318
f 2503//2520 4948//4965 2504//2521
f 4928//4945 4948//4965 2503//2520
f 2507//2524 4949//4966 2508//2525
f 4949//4966 4929//4946 2508//2525
f 112//112 130//130 4806//4823
f 111//111 130//130 112//112
f 4807//4824 126//126 108//108
f 126//126 109//109 108//108
f 1713//1730 4352//4369 2302//2319
f 4352//4369 1713//1730 1216//1233
f 1717//1734 2305//2322 4353//4370
f 1220//1237 1717//1734 4353//4370
f 1973//1990 2535//2552 1119//1136
f 1973//1990 1378//1395 2535//2552
f 2537//2554 1978//1995 1125//1142
f 1386//1403 1978//1995 2537//2554
f 4033//4050 4032//4049 3382//3399
f 3382//3399 3071//3088 4899//4916
f 3384//3401 4034//4051 4035//4052
f 3384//3401 4900//4917 3076//3093
f 1332//1349 4291//4308 4289//4306
f 4289//4306 4291//4308 2498//2515
f 4292//4309 4293//4310 1338//1355
f 2500//2517 4293//4310 4292//4309
f 2277//2294 2281//2298 4056//4073
f 4056//4073 2281//2298 1230//1247
f 2286//2303 2284//2301 4057//4074
f 1227//1244 2286//2303 4057//4074
f 3325//3342 3889//3906 2006//2023
f 3325//3342 2006//2023 526//543
f 2010//2027 3890//3907 3327//3344
f 534//551 2010//2027 3327//3344
f 4083//4100 2435//2452 3217//3234
f 3217//3234 2435//2452 3218//3235
f 3223//3240 2441//2458 4089//4106
f 3223//3240 3222//3239 2441//2458
f 4232//4249 1176//1193 1177//1194
f 4356//4373 4232//4249 1177//1194
f 1182//1199 1180//1197 4234//4251
f 1182//1199 4234//4251 4359//4376
f 2475//2492 4202//4219 4189//4206
f 2475//2492 2472//2489 4202//4219
f 1185//1202 2102//2119 763//780
f 2596//2613 2102//2119 1185//1202
f 2107//2124 1190//1207 768//785
f 2107//2124 2597//2614 1190//1207
f 4036//4053 3010//3027 3661//3678
f 1196//1213 4036//4053 3661//3678
f 3013//3030 4037//4054 3662//3679
f 3662//3679 4037//4054 1201//1218
f 4885//4902 4597//4614 2956//2973
f 2956//2973 4597//4614 3460//3477
f 2961//2978 4599//4616 4886//4903
f 3461//3478 4599//4616 2961//2978
f 4994//5011 2470//2487 2475//2492
f 4994//5011 4957//4974 2470//2487
f 2475//2492 2474//2491 4994//5011
f 2474//2491 4957//4974 4994//5011
f 920//937 3192//3209 4235//4252
f 280//297 920//937 4235//4252
f 926//943 4237//4254 3196//3213
f 276//293 4237//4254 926//943
f 368//385 4611//4628 4722//4739
f 4722//4739 366//383 368//385
f 4723//4740 4613//4630 367//384
f 361//378 4723//4740 367//384
f 3560//3577 2614//2631 2616//2633
f 648//665 2614//2631 3560//3577
f 2617//2634 2619//2636 3564//3581
f 3564//3581 2619//2636 655//672
f 4318//4335 2932//2949 4923//4940
f 2932//2949 4318//4335 558//575
f 4924//4941 2934//2951 4321//4338
f 4321//4338 2934//2951 562//579
f 1097//1114 2202//2219 4578//4595
f 2113//2130 4578//4595 2202//2219
f 4579//4596 2204//2221 1102//1119
f 4579//4596 2119//2136 2204//2221
f 4610//4627 4612//4629 3644//3661
f 3644//3661 4612//4629 368//385
f 4614//4631 4024//4041 3646//3663
f 362//379 3646//3663 4024//4041
f 3519//3536 3697//3714 2379//2396
f 2381//2398 3519//3536 2379//2396
f 3521//3538 2382//2399 3699//3716
f 3521//3538 2383//2400 2382//2399
f 353//370 370//387 4803//4820
f 352//369 370//387 353//370
f 4802//4819 4362//4379 354//371
f 354//371 4362//4379 371//388
f 3158//3175 4128//4145 106//106
f 106//106 4128//4145 107//107
f 4129//4146 3164//3181 102//102
f 4129//4146 102//102 104//104
f 1028//1045 3785//3802 4254//4271
f 3785//3802 3787//3804 4254//4271
f 4259//4276 3789//3806 1025//1042
f 4259//4276 3790//3807 3789//3806
f 752//769 2333//2350 753//770
f 753//770 2333//2350 4593//4610
f 757//774 2338//2355 758//775
f 4594//4611 2338//2355 757//774
f 1166//1183 1165//1182 1167//1184
f 1167//1184 1165//1182 4717//4734
f 1170//1187 1169//1186 1172//1189
f 1172//1189 4718//4735 1170//1187
f 4350//4367 3605//3622 1605//1622
f 1605//1622 1604//1621 4350//4367
f 1610//1627 3611//3628 4351//4368
f 4351//4368 1611//1628 1610//1627
f 3024//3041 4623//4640 835//852
f 3024//3041 2985//3002 4623//4640
f 4624//4641 3029//3046 2416//2433
f 2989//3006 3029//3046 4624//4641
f 1463//1480 2320//2337 3143//3160
f 1461//1478 1463//1480 3143//3160
f 1467//1484 3145//3162 2324//2341
f 1469//1486 3145//3162 1467//1484
f 4137//4154 1926//1943 1542//1559
f 4137//4154 1542//1559 1544//1561
f 1547//1564 1930//1947 4139//4156
f 1548//1565 1547//1564 4139//4156
f 4555//4572 4550//4567 3159//3176
f 3160//3177 3159//3176 4550//4567
f 3162//3179 4557//4574 3163//3180
f 61//61 3162//3179 3163//3180
f 4803//4820 330//347 309//326
f 330//347 4803//4820 370//387
f 4802//4819 332//349 4362//4379
f 311//328 332//349 4802//4819
f 1138//1155 4851//4868 3437//3454
f 1138//1155 1137//1154 4851//4868
f 3439//3456 4852//4869 1144//1161
f 1142//1159 1144//1161 4852//4869
f 3995//4012 3994//4011 1314//1331
f 3994//4011 1315//1332 1314//1331
f 4000//4017 3999//4016 1318//1335
f 1317//1334 4000//4017 1318//1335
f 3595//3612 364//381 4487//4504
f 4487//4504 364//381 4955//4972
f 4488//4505 363//380 3597//3614
f 4956//4973 363//380 4488//4505
f 473//490 2610//2627 4514//4531
f 4837//4854 473//490 4514//4531
f 2612//2629 470//487 4516//4533
f 4516//4533 470//487 4838//4855
f 1544//1561 2027//2044 4138//4155
f 4138//4155 4137//4154 1544//1561
f 3822//3839 2031//2048 1548//1565
f 1548//1565 4139//4156 3822//3839
f 3976//3993 3337//3354 3421//3438
f 3976//3993 3421//3438 536//553
f 3340//3357 3979//3996 3424//3441
f 541//558 3424//3441 3979//3996
f 3126//3143 720//737 3359//3376
f 3359//3376 720//737 4458//4475
f 3128//3145 3361//3378 716//733
f 4462//4479 716//733 3361//3378
f 4098//4115 2391//2408 2459//2476
f 2395//2412 2391//2408 4098//4115
f 2463//2480 2396//2413 4101//4118
f 2400//2417 4101//4118 2396//2413
f 2886//2903 2885//2902 922//939
f 3638//3655 2886//2903 922//939
f 927//944 2888//2905 2887//2904
f 927//944 2887//2904 3639//3656
f 740//757 1603//1620 3606//3623
f 739//756 1603//1620 740//757
f 746//763 3613//3630 1608//1625
f 746//763 1608//1625 747//764
f 4427//4444 4448//4465 2625//2642
f 2625//2642 2626//2643 4427//4444
f 2629//2646 4450//4467 4432//4449
f 2629//2646 4432//4449 2628//2645
f 2996//3013 4015//4032 4909//4926
f 4909//4926 4015//4032 2993//3010
f 962//979 961//978 4475//4492
f 962//979 4475//4492 958//975
f 4476//4493 967//984 966//983
f 966//983 964//981 4476//4493
f 1688//1705 2813//2830 1686//1703
f 4817//4834 2813//2830 1688//1705
f 2816//2833 1691//1708 1690//1707
f 3778//3795 1691//1708 2816//2833
f 570//587 3997//4014 3998//4015
f 3997//4014 570//587 569//586
f 4003//4020 4002//4019 574//591
f 574//591 4002//4019 575//592
f 4781//4798 3497//3514 4914//4931
f 3497//3514 4781//4798 2230//2247
f 4782//4799 4915//4932 3499//3516
f 3499//3516 2236//2253 4782//4799
f 62//62 2721//2738 4360//4377
f 1159//1176 2721//2738 62//62
f 4361//4378 2723//2740 60//60
f 2723//2740 1163//1180 60//60
f 673//690 4561//4578 4417//4434
f 3529//3546 4561//4578 673//690
f 679//696 4418//4435 4562//4579
f 679//696 4562//4579 3532//3549
f 4776//4793 4021//4038 1398//1415
f 3769//3786 4776//4793 1398//1415
f 1401//1418 4022//4039 4777//4794
f 3772//3789 1401//1418 4777//4794
f 4995//5012 3492//3509 4247//4264
f 4247//4264 3492//3509 3938//3955
f 4995//5012 4247//4264 3494//3511
f 3940//3957 3494//3511 4247//4264
f 933//950 932//949 2231//2248
f 2835//2852 933//950 2231//2248
f 931//948 930//947 2235//2252
f 2235//2252 930//947 2839//2856
f 3798//3815 3321//3338 4703//4720
f 3321//3338 3798//3815 3828//3845
f 4704//4721 3318//3335 3805//3822
f 3805//3822 3318//3335 3828//3845
f 2222//2239 4591//4608 2223//2240
f 2223//2240 4591//4608 3629//3646
f 2227//2244 4592//4609 2228//2245
f 4592//4609 2227//2244 3630//3647
f 1118//1135 3919//3936 4688//4705
f 3712//3729 3919//3936 1118//1135
f 4689//4706 3921//3938 1122//1139
f 3921//3938 3715//3732 1122//1139
f 4914//4931 3497//3514 1832//1849
f 1832//1849 4515//4532 4914//4931
f 4915//4932 1839//1856 3499//3516
f 1839//1856 4915//4932 4517//4534
f 569//586 4021//4038 1316//1333
f 569//586 1398//1415 4021//4038
f 4022//4039 575//592 1320//1337
f 1401//1418 575//592 4022//4039
f 408//425 381//398 3595//3612
f 408//425 388//405 381//398
f 407//424 374//391 386//403
f 3597//3614 374//391 407//424
f 3236//3253 3235//3252 2025//2042
f 3923//3940 2025//2042 3235//3252
f 2029//2046 3238//3255 3237//3254
f 3238//3255 2029//2046 3925//3942
f 3466//3483 2336//2353 4102//4119
f 3465//3482 2336//2353 3466//3483
f 3470//3487 4107//4124 2340//2357
f 3470//3487 2340//2357 3468//3485
f 3300//3317 2832//2849 3302//3319
f 3302//3319 807//824 3300//3317
f 3305//3322 2833//2850 3303//3320
f 3305//3322 3303//3320 815//832
f 3910//3927 3911//3928 552//569
f 3910//3927 636//653 3911//3928
f 548//565 3913//3930 3912//3929
f 3912//3929 3913//3930 644//661
f 4532//4549 3939//3956 2377//2394
f 4532//4549 2377//2394 1484//1501
f 2378//2395 3941//3958 4531//4548
f 1481//1498 2378//2395 4531//4548
f 4149//4166 1591//1608 3387//3404
f 1591//1608 1590//1607 3387//3404
f 3389//3406 1596//1613 4151//4168
f 3389//3406 1594//1611 1596//1613
f 3026//3043 3568//3585 3567//3584
f 3568//3585 3026//3043 4568//4585
f 3570//3587 3027//3044 3569//3586
f 3570//3587 4569//4586 3027//3044
f 3942//3959 286//303 1178//1195
f 3942//3959 306//323 286//303
f 3944//3961 1181//1198 282//299
f 302//319 3944//3961 282//299
f 592//609 4921//4938 2328//2345
f 3645//3662 2328//2345 4921//4938
f 600//617 2331//2348 4922//4939
f 3647//3664 4922//4939 2331//2348
f 3742//3759 2637//2654 1271//1288
f 1271//1288 2637//2654 1272//1289
f 1278//1295 2643//2660 3744//3761
f 1277//1294 2643//2660 1278//1295
f 4348//4365 3406//3423 4866//4883
f 1543//1560 3406//3423 4348//4365
f 4349//4366 4867//4884 3408//3425
f 4349//4366 3408//3425 1549//1566
f 4885//4902 4596//4613 4597//4614
f 3220//3237 3775//3792 4885//4902
f 4886//4903 4599//4616 4598//4615
f 4886//4903 3777//3794 3225//3242
f 4005//4022 1486//1503 1488//1505
f 2210//2227 4005//4022 1488//1505
f 4009//4026 1492//1509 1494//1511
f 2215//2232 1492//1509 4009//4026
f 415//432 4306//4323 4308//4325
f 4306//4323 415//432 414//431
f 4310//4327 410//427 4311//4328
f 411//428 410//427 4310//4327
f 1820//1837 3711//3728 1972//1989
f 1820//1837 1972//1989 1821//1838
f 1977//1994 3713//3730 1823//1840
f 1977//1994 1823//1840 1825//1842
f 3982//3999 4861//4878 2085//2102
f 4861//4878 2086//2103 2085//2102
f 2092//2109 4862//4879 3984//4001
f 2092//2109 2091//2108 4862//4879
f 1894//1911 4539//4556 1895//1912
f 1895//1912 4539//4556 3737//3754
f 4540//4557 1901//1918 1900//1917
f 3739//3756 4540//4557 1900//1917
f 2952//2969 2951//2968 2032//2049
f 2032//2049 2951//2968 4408//4425
f 4409//4426 2955//2972 2036//2053
f 2955//2972 2039//2056 2036//2053
f 2121//2138 4546//4563 998//1015
f 998//1015 4546//4563 4187//4204
f 4188//4205 4548//4565 1004//1021
f 1004//1021 4548//4565 2123//2140
f 3775//3792 2958//2975 4596//4613
f 3775//3792 4596//4613 4885//4902
f 4598//4615 2963//2980 3777//3794
f 4886//4903 4598//4615 3777//3794
f 4785//4802 4784//4801 1560//1577
f 2780//2797 4785//4802 1560//1577
f 1565//1582 4786//4803 4787//4804
f 4787//4804 2777//2794 1565//1582
f 890//907 892//909 3153//3170
f 890//907 3153//3170 3903//3920
f 3156//3173 894//911 896//913
f 3905//3922 3156//3173 896//913
f 3032//3049 4996//5013 3033//3050
f 3032//3049 3894//3911 4996//5013
f 3033//3050 4996//5013 3035//3052
f 4996//5013 3894//3911 3035//3052
f 1862//1879 4587//4604 1863//1880
f 4590//4607 1862//1879 1868//1885
f 2734//2751 2293//2310 1636//1653
f 4535//4552 2734//2751 1636//1653
f 1644//1661 2299//2316 2737//2754
f 1644//1661 2737//2754 4536//4553
f 2245//2262 755//772 754//771
f 2245//2262 754//771 3519//3536
f 760//777 2247//2264 761//778
f 3521//3538 761//778 2247//2264
f 46//46 4835//4852 1251//1268
f 1249//1266 4835//4852 2781//2798
f 43//43 1256//1273 4836//4853
f 1255//1272 2786//2803 4836//4853
f 4590//4607 4630//4647 4587//4604
f 1862//1879 4590//4607 4587//4604
f 1810//1827 872//889 874//891
f 1810//1827 874//891 2621//2638
f 880//897 1815//1832 878//895
f 878//895 1815//1832 2622//2639
f 4878//4895 2689//2706 2282//2299
f 2280//2297 2282//2299 2689//2706
f 2693//2710 4878//4895 2285//2302
f 2693//2710 2285//2302 2287//2304
f 2428//2445 151//151 3745//3762
f 2426//2443 2428//2445 3745//3762
f 3749//3766 152//152 2432//2449
f 3749//3766 2432//2449 2434//2451
f 3926//3943 1344//1361 3927//3944
f 1344//1361 2122//2139 3927//3944
f 3929//3946 1342//1359 3928//3945
f 3929//3946 2125//2142 1342//1359
f 3255//3272 3277//3294 402//419
f 402//419 629//646 3255//3272
f 399//416 3279//3296 3256//3273
f 631//648 399//416 3256//3273
f 46//46 2782//2799 2781//2798
f 4835//4852 46//46 2781//2798
f 2785//2802 43//43 2786//2803
f 4836//4853 2786//2803 43//43
f 2221//2238 3834//3851 3832//3849
f 3832//3849 3834//3851 171//171
f 3835//3852 3837//3854 2229//2246
f 168//168 3837//3854 3835//3852
f 1887//1904 4518//4535 1888//1905
f 4518//4535 3314//3331 1888//1905
f 4520//4537 1892//1909 1891//1908
f 3316//3333 4520//4537 1891//1908
f 3176//3193 4175//4192 4778//4795
f 2864//2881 4778//4795 4174//4191
f 4177//4194 3178//3195 4936//4953
f 4176//4193 4936//4953 2866//2883
f 4303//4320 114//114 2728//2745
f 4303//4320 95//95 114//114
f 84//84 2733//2750 3182//3199
f 3184//3201 84//84 3182//3199
f 29//29 2736//2753 4533//4550
f 4533//4550 3728//3745 796//813
f 2738//2755 27//27 4538//4555
f 802//819 3734//3751 4538//4555
f 269//285 264//279 265//280
f 264//279 269//285 256//269
f 2566//2583 3888//3905 2568//2585
f 2566//2583 3889//3906 3888//3905
f 2574//2591 3891//3908 2572//2589
f 3890//3907 2572//2589 3891//3908
f 3601//3618 4927//4944 1431//1448
f 2901//2918 1431//1448 4927//4944
f 1439//1456 4284//4301 3603//3620
f 1439//1456 2905//2922 4284//4301
f 3474//3491 4864//4881 671//688
f 4864//4881 3474//3491 1592//1609
f 675//692 4813//4830 3476//3493
f 1595//1612 3476//3493 4813//4830
f 3208//3225 2652//2669 1964//1981
f 1964//1981 2652//2669 1965//1982
f 2655//2672 3210//3227 1970//1987
f 1970//1987 1969//1986 2655//2672
f 2863//2880 3176//3193 2864//2881
f 4778//4795 2864//2881 3176//3193
f 3178//3195 2867//2884 2866//2883
f 4936//4953 3178//3195 2866//2883
f 2104//2121 2103//2120 4389//4406
f 2103//2120 1474//1491 4389//4406
f 1583//1600 4390//4407 2109//2126
f 4390//4407 1477//1494 2109//2126
f 3051//3068 454//471 1613//1630
f 1613//1630 2668//2685 3051//3068
f 3053//3070 1618//1635 452//469
f 2673//2690 1618//1635 3053//3070
f 1597//1614 4112//4129 3301//3318
f 4111//4128 3301//3318 4112//4129
f 4482//4499 3304//3321 4115//4132
f 4115//4132 3304//3321 4116//4133
f 3728//3745 4533//4550 2736//2753
f 2735//2752 3728//3745 2736//2753
f 2738//2755 4538//4555 3734//3751
f 2738//2755 3734//3751 2739//2756
f 3811//3828 897//914 1442//1459
f 897//914 3811//3828 1798//1815
f 3399//3416 901//918 3814//3831
f 1802//1819 3814//3831 901//918
f 3160//3177 1159//1176 64//64
f 3721//3738 1159//1176 3160//3177
f 1163//1180 3161//3178 61//61
f 1163//1180 3723//3740 3161//3178
f 3130//3147 3584//3601 164//164
f 164//164 3584//3601 3586//3603
f 163//163 3589//3606 3132//3149
f 3590//3607 3589//3606 163//163
f 1380//1397 4873//4890 3571//3588
f 4873//4890 1569//1586 3571//3588
f 3572//3589 4874//4891 1384//1401
f 1574//1591 4874//4891 3572//3589
f 2680//2697 4379//4396 2681//2698
f 2681//2698 4379//4396 827//844
f 2685//2702 2684//2701 4381//4398
f 829//846 4381//4398 2684//2701
f 4987//5004 4399//4416 3400//3417
f 3404//3421 4399//4416 4987//5004
f 811//828 810//827 4752//4769
f 3847//3864 811//828 4752//4769
f 817//834 3849//3866 4754//4771
f 4754//4771 818//835 817//834
f 4830//4847 1874//1891 1875//1892
f 1874//1891 1873//1890 1875//1892
f 1876//1893 1878//1895 1879//1896
f 1878//1895 4831//4848 1879//1896
f 2877//2894 2876//2893 2799//2816
f 2877//2894 2799//2816 1219//1236
f 2879//2896 2804//2821 2880//2897
f 2879//2896 1225//1242 2804//2821
f 4951//4968 661//678 660//677
f 4951//4968 3160//3177 661//678
f 667//684 4952//4969 668//685
f 3161//3178 4952//4969 667//684
f 4//4 4897//4914 4733//4750
f 4733//4750 4897//4914 3813//3830
f 4898//4915 3//3 4734//4751
f 3817//3834 4898//4915 4734//4751
f 2410//2427 2411//2428 2516//2533
f 2517//2534 70//70 2410//2427
f 2416//2433 2414//2431 2520//2537
f 2414//2431 65//65 2522//2539
f 3103//3120 3101//3118 4384//4401
f 4382//4399 3103//3120 4384//4401
f 4564//4581 422//439 3137//3154
f 4563//4580 4564//4581 3137//3154
f 3896//3913 1567//1584 633//650
f 1303//1320 1567//1584 3896//3913
f 3898//3915 639//656 1573//1590
f 1573//1590 1310//1327 3898//3915
f 1578//1595 1577//1594 2104//2121
f 2104//2121 4389//4406 1578//1595
f 2108//2125 1584//1601 1583//1600
f 1583//1600 2109//2126 2108//2125
f 2697//2714 4083//4100 3217//3234
f 4082//4099 4083//4100 4080//4097
f 3223//3240 4089//4106 2701//2718
f 4087//4104 4089//4106 4085//4102
f 4821//4838 2914//2931 2916//2933
f 327//344 4821//4838 2916//2933
f 2919//2936 2917//2934 4822//4839
f 2919//2936 4822//4839 324//341
f 4343//4360 858//875 4946//4963
f 858//875 889//906 4946//4963
f 4946//4963 853//870 4344//4361
f 4946//4963 893//910 853//870
f 4644//4661 4839//4856 51//51
f 4839//4856 689//706 51//51
f 694//711 4840//4857 48//48
f 694//711 693//710 4840//4857
f 1976//1993 58//58 4595//4612
f 1975//1992 58//58 1976//1993
f 55//55 1980//1997 2268//2285
f 55//55 1981//1998 1980//1997
f 698//715 3414//3431 2358//2375
f 2358//2375 3414//3431 3413//3430
f 3415//3432 706//723 2366//2383
f 2366//2383 3416//3433 3415//3432
f 2542//2559 2853//2870 555//572
f 554//571 2542//2559 555//572
f 559//576 2859//2876 2545//2562
f 559//576 2545//2562 560//577
f 2042//2059 2074//2091 2827//2844
f 2042//2059 2041//2058 2074//2091
f 2829//2846 2080//2097 2046//2063
f 2046//2063 2080//2097 2047//2064
f 580//597 1141//1158 1140//1157
f 1140//1157 581//598 580//597
f 1145//1162 1147//1164 588//605
f 588//605 587//604 1145//1162
f 4616//4633 3275//3292 3274//3291
f 4616//4633 3274//3291 4985//5002
f 4620//4637 3273//3290 3272//3289
f 4985//5002 3273//3290 4620//4637
f 537//554 3422//3439 3419//3436
f 3422//3439 4682//4699 3419//3436
f 3426//3443 543//560 3423//3440
f 4684//4701 3426//3443 3423//3440
f 4868//4885 2970//2987 856//873
f 856//873 1432//1449 4868//4885
f 855//872 2974//2991 4869//4886
f 1438//1455 855//872 4869//4886
f 420//437 3186//3203 4712//4729
f 4712//4729 3187//3204 2748//2765
f 4713//4730 3189//3206 418//435
f 3191//3208 4713//4730 2752//2769
f 3288//3305 4925//4942 3289//3306
f 3289//3306 3286//3303 3290//3307
f 3292//3309 3291//3308 3293//3310
f 3293//3310 4926//4943 3288//3305
f 2369//2386 2754//2771 1031//1048
f 4719//4736 2369//2386 1031//1048
f 2757//2774 2756//2773 1034//1051
f 2756//2773 2376//2393 1034//1051
f 2847//2864 2846//2863 2843//2860
f 2843//2860 4559//4576 4220//4237
f 2851//2868 2849//2866 2852//2869
f 2849//2866 4222//4239 4560//4577
f 2208//2225 3524//3541 2209//2226
f 2209//2226 3524//3541 1294//1311
f 3526//3543 2214//2231 2213//2230
f 2213//2230 1302//1319 3526//3543
f 2120//2137 998//1015 2354//2371
f 3175//3192 2120//2137 2354//2371
f 1004//1021 2124//2141 2355//2372
f 2355//2372 2124//2141 3175//3192
f 2427//2444 2423//2440 2425//2442
f 2427//2444 2827//2844 2423//2440
f 2430//2447 2429//2446 2433//2450
f 2429//2446 2829//2846 2433//2450
f 1638//1655 2901//2918 1983//2000
f 1982//1999 1638//1655 1983//2000
f 2905//2922 1642//1659 1988//2005
f 1988//2005 1642//1659 1986//2003
f 2626//2643 1104//1121 3427//3444
f 4428//4445 2626//2643 3427//3444
f 3428//3445 1112//1129 2628//2645
f 3428//3445 2628//2645 4431//4448
f 3286//3303 4925//4942 3287//3304
f 3289//3306 4925//4942 3286//3303
f 4926//4943 3291//3308 3044//3061
f 3293//3310 3291//3308 4926//4943
f 1792//1809 3758//3775 4638//4655
f 22//22 3758//3775 1792//1809
f 4640//4657 3760//3777 1797//1814
f 3760//3777 21//21 1797//1814
f 1673//1690 2095//2112 4666//4683
f 4666//4683 2965//2982 1673//1690
f 2097//2114 1678//1695 4667//4684
f 4667//4684 1678//1695 2968//2985
f 3214//3231 4671//4688 1662//1679
f 4671//4688 3213//3230 1662//1679
f 1668//1685 4673//4690 3216//3233
f 1668//1685 3215//3232 4673//4690
f 4597//4614 3774//3791 2308//2325
f 3774//3791 2561//2578 2308//2325
f 4599//4616 2310//2327 3776//3793
f 2310//2327 2565//2582 3776//3793
f 2846//2863 2061//2078 4559//4576
f 4559//4576 2843//2860 2846//2863
f 2062//2079 2852//2869 4560//4577
f 2852//2869 2849//2866 4560//4577
f 1280//1297 3338//3355 1281//1298
f 1281//1298 3338//3355 602//619
f 1283//1300 1284//1301 3339//3356
f 244//257 3339//3356 1284//1301
f 4094//4111 1050//1067 3219//3236
f 4094//4111 1051//1068 1050//1067
f 3226//3243 1056//1073 4095//4112
f 4095//4112 1056//1073 1055//1072
f 4845//4862 1105//1122 291//308
f 291//308 3120//3137 4845//4862
f 1111//1128 4846//4863 287//304
f 3122//3139 287//304 4846//4863
f 2201//2218 4339//4356 4340//4357
f 4340//4357 2202//2219 2201//2218
f 4342//4359 1099//1116 2205//2222
f 2205//2222 2204//2221 4342//4359
f 528//545 4670//4687 3214//3231
f 4670//4687 4671//4688 3214//3231
f 4673//4690 4672//4689 3216//3233
f 3216//3233 4672//4689 532//549
f 4793//4810 1793//1810 4639//4656
f 1793//1810 1792//1809 4639//4656
f 4641//4658 1796//1813 4794//4811
f 4641//4658 1797//1814 1796//1813
f 2541//2558 2856//2873 2542//2559
f 2541//2558 1850//1867 2856//2873
f 2861//2878 2544//2561 2545//2562
f 2861//2878 1858//1875 2544//2561
f 970//987 969//986 1780//1797
f 970//987 1780//1797 1545//1562
f 1787//1804 975//992 974//991
f 1550//1567 1787//1804 974//991
f 1699//1716 4572//4589 1011//1028
f 1050//1067 1699//1716 1011//1028
f 1015//1032 4575//4592 1703//1720
f 1015//1032 1703//1720 1056//1073
f 2870//2887 2871//2888 4889//4906
f 4889//4906 2871//2888 2164//2181
f 4890//4907 2873//2890 2872//2889
f 2169//2186 2873//2890 4890//4907
f 2095//2112 4551//4568 4847//4864
f 2095//2112 4847//4864 4666//4683
f 4848//4865 4553//4570 2097//2114
f 4848//4865 2097//2114 4667//4684
f 4110//4127 4481//4498 128//128
f 128//128 4481//4498 129//129
f 125//125 4484//4501 4114//4131
f 125//125 127//127 4484//4501
f 2051//2068 4626//4643 2054//2071
f 2051//2068 4044//4061 4626//4643
f 2060//2077 4628//4645 2056//2073
f 4047//4064 2056//2073 4628//4645
f 1606//1623 4731//4748 3431//3448
f 1605//1622 4731//4748 1606//1623
f 4473//4490 4732//4749 1609//1626
f 1609//1626 4732//4749 1610//1627
f 662//679 4555//4572 1653//1670
f 662//679 4550//4567 4555//4572
f 666//683 1655//1672 4557//4574
f 3162//3179 666//683 4557//4574
f 3674//3691 3390//3407 3663//3680
f 3390//3407 3392//3409 3663//3680
f 3676//3693 3665//3682 3397//3414
f 3665//3682 3395//3412 3397//3414
f 1702//1719 4645//4662 4419//4436
f 1701//1718 4645//4662 1702//1719
f 4420//4437 4647//4664 1706//1723
f 1706//1723 4647//4664 1707//1724
f 3134//3151 3133//3150 4880//4897
f 3133//3150 4902//4919 4880//4897
f 4881//4898 3135//3152 3136//3153
f 4881//4898 4903//4920 3135//3152
f 4859//4876 4938//4955 1748//1765
f 1753//1770 4938//4955 4859//4876
f 3878//3895 4937//4954 4997//5014
f 4997//5014 3125//3142 3878//3895
f 4997//5014 4937//4954 3877//3894
f 4997//5014 3877//3894 3125//3142
f 1033//1050 4651//4668 1279//1296
f 1033//1050 602//619 4651//4668
f 4652//4669 1037//1054 1282//1299
f 4652//4669 179//179 1037//1054
f 3322//3339 4541//4558 1625//1642
f 4541//4558 3322//3339 3324//3341
f 1630//1647 4542//4559 3326//3343
f 4542//4559 3328//3345 3326//3343
f 2696//2713 4080//4097 2697//2714
f 4080//4097 4083//4100 2697//2714
f 2701//2718 4087//4104 2699//2716
f 4087//4104 2701//2718 4089//4106
f 4319//4336 4593//4610 4584//4601
f 4584//4601 3467//3484 4319//4336
f 4585//4602 4594//4611 4320//4337
f 3469//3486 4585//4602 4320//4337
f 1485//1502 137//137 136//136
f 1485//1502 136//136 3374//3391
f 133//133 135//135 1480//1497
f 3376//3393 133//133 1480//1497
f 4819//4836 3878//3895 3124//3141
f 4819//4836 3124//3141 1391//1408
f 1394//1411 3127//3144 4820//4837
f 3127//3144 3877//3894 4820//4837
f 4490//4507 4833//4850 4096//4113
f 4833//4850 4490//4507 4680//4697
f 4834//4851 4491//4508 4099//4116
f 4683//4700 4491//4508 4834//4851
f 619//636 1186//1203 620//637
f 620//637 1186//1203 765//782
f 1192//1209 624//641 626//643
f 769//786 1192//1209 626//643
f 3722//3739 4951//4968 4046//4063
f 4044//4061 3722//3739 4046//4063
f 4952//4969 3724//3741 4048//4065
f 3724//3741 4047//4064 4048//4065
f 1214//1231 4797//4814 4224//4241
f 4797//4814 4225//4242 4224//4241
f 1222//1239 4227//4244 4798//4815
f 4227//4244 4228//4245 4798//4815
f 3055//3072 3058//3075 3057//3074
f 3055//3072 1997//2014 3058//3075
f 3062//3079 3061//3078 3059//3076
f 3061//3078 424//441 3059//3076
f 4708//4725 4396//4413 4183//4200
f 1913//1930 4708//4725 4183//4200
f 4186//4203 4397//4414 4709//4726
f 4186//4203 4709//4726 1919//1936
f 4448//4465 1108//1125 4447//4464
f 4447//4464 2624//2641 4448//4465
f 4450//4467 4449//4466 1114//1131
f 4449//4466 4450//4467 2627//2644
f 4012//4029 2820//2837 3455//3472
f 1348//1365 4012//4029 3455//3472
f 4013//4030 3457//3474 2823//2840
f 1352//1369 3457//3474 4013//4030
f 4518//4535 4519//4536 3314//3331
f 4519//4536 4793//4810 3314//3331
f 4521//4538 4520//4537 3316//3333
f 4794//4811 4521//4538 3316//3333
f 4023//4040 365//382 397//414
f 403//420 4023//4040 397//414
f 362//379 4025//4042 394//411
f 394//411 4025//4042 398//415
f 4496//4513 4986//5003 1842//1859
f 1522//1539 4496//4513 1842//1859
f 1846//1863 4986//5003 4493//4510
f 1846//1863 4493//4510 1528//1545
f 3261//3278 1512//1529 1511//1528
f 496//513 1512//1529 3261//3278
f 1516//1533 3266//3283 1517//1534
f 1516//1533 504//521 3266//3283
f 3685//3702 2050//2067 4508//4525
f 4508//4525 2722//2739 3685//3702
f 2057//2074 3688//3705 4509//4526
f 3688//3705 2725//2742 4509//4526
f 4472//4489 3547//3564 1917//1934
f 4472//4489 1917//1934 1912//1929
f 1923//1940 3550//3567 4474//4491
f 1920//1937 1923//1940 4474//4491
f 4466//4483 4911//4928 739//756
f 4466//4483 4910//4927 4911//4928
f 4424//4441 4913//4930 4468//4485
f 4468//4485 4913//4930 4912//4929
f 3494//3511 3490//3507 4995//5012
f 3492//3509 4995//5012 3490//3507
f 283//300 351//368 353//370
f 4742//4759 351//368 283//300
f 285//302 356//373 4741//4758
f 285//302 354//371 356//373
f 3919//3936 3918//3935 4688//4705
f 3918//3935 4743//4760 4688//4705
f 3921//3938 4689//4706 3920//3937
f 4689//4706 4744//4761 3920//3937
f 2870//2887 4721//4738 2871//2888
f 364//381 366//383 2870//2887
f 2873//2890 4724//4741 2872//2889
f 2872//2889 361//378 363//380
f 3294//3311 3297//3314 4998//5015
f 1232//1249 4998//5015 1233//1250
f 3294//3311 4998//5015 3299//3316
f 1232//1249 1239//1256 4998//5015
f 57//57 3950//3967 2262//2279
f 2262//2279 58//58 57//57
f 3951//3968 53//53 2267//2284
f 53//53 55//55 2267//2284
f 3480//3497 1523//1540 3401//3418
f 1523//1540 1842//1859 3401//3418
f 3403//3420 1527//1544 3484//3501
f 3403//3420 1846//1863 1527//1544
f 4602//4619 3583//3600 4600//4617
f 4602//4619 4600//4617 4601//4618
f 3587//3604 4607//4624 4604//4621
f 4607//4624 3590//3607 4604//4621
f 2964//2981 1948//1965 1950//1967
f 1264//1281 2964//2981 1950//1967
f 1954//1971 1956//1973 2967//2984
f 1954//1971 2967//2984 1263//1280
f 485//502 4663//4680 486//503
f 4663//4680 485//502 1324//1341
f 490//507 4664//4681 491//508
f 4664//4681 1327//1344 491//508
f 2223//2240 4743//4760 4039//4056
f 3918//3935 4039//4056 4743//4760
f 2227//2244 4041//4058 4744//4761
f 4744//4761 4041//4058 3920//3937
f 1233//1250 3297//3314 2145//2162
f 1233//1250 4998//5015 3297//3314
f 2153//2170 3299//3316 1239//1256
f 3299//3316 4998//5015 1239//1256
f 171//171 170//170 3831//3848
f 2220//2237 3831//3848 170//170
f 169//169 168//168 3836//3853
f 169//169 3836//3853 2225//2242
f 582//599 578//595 3853//3870
f 3853//3870 578//595 405//422
f 2318//2335 3364//3381 3365//3382
f 2032//2049 4408//4425 2318//2335
f 3367//3384 3368//3385 2322//2339
f 4409//4426 2036//2053 2322//2339
f 1440//1457 873//890 4642//4659
f 566//583 1440//1457 4642//4659
f 880//897 1446//1463 4643//4660
f 4643//4660 1446//1463 572//589
f 4722//4739 4721//4738 366//383
f 366//383 4721//4738 2870//2887
f 361//378 4724//4741 4723//4740
f 2872//2889 4724//4741 361//378
f 4944//4961 3360//3377 1490//1507
f 1490//1507 3320//3337 1867//1884
f 3362//3379 4945//4962 1495//1512
f 1495//1512 1869//1886 3319//3336
f 172//172 1179//1196 3102//3119
f 1179//1196 1178//1195 3102//3119
f 3138//3155 1183//1200 167//167
f 1181//1198 1183//1200 3138//3155
f 4290//4307 1334//1351 4699//4716
f 1332//1349 1334//1351 4290//4307
f 4700//4717 1339//1356 4294//4311
f 4294//4311 1339//1356 1338//1355
f 3987//4004 484//501 4635//4652
f 3987//4004 4635//4652 2636//2653
f 492//509 3989//4006 4636//4653
f 2641//2658 4636//4653 3989//4006
f 2570//2587 2569//2586 4779//4796
f 2569//2586 2035//2052 4779//4796
f 1557//1574 4780//4797 2573//2590
f 2573//2590 4780//4797 2039//2056
f 1867//1884 4944//4961 1490//1507
f 4161//4178 1867//1884 1291//1308
f 1869//1886 1495//1512 4945//4962
f 1869//1886 4163//4180 1298//1315
f 1556//1573 3363//3380 905//922
f 1458//1475 3363//3380 1556//1573
f 912//929 3366//3383 1559//1576
f 1559//1576 3366//3383 1465//1482
f 1949//1966 2658//2675 4364//4381
f 1949//1966 2656//2673 2658//2675
f 1955//1972 4366//4383 2662//2679
f 1955//1972 2662//2679 2661//2678
f 1175//1192 4197//4214 485//502
f 1175//1192 2638//2655 4197//4214
f 491//508 4198//4215 1174//1191
f 1174//1191 4198//4215 2642//2659
f 1938//1955 4649//4666 1085//1102
f 1086//1103 1938//1955 1085//1102
f 4650//4667 1941//1958 1090//1107
f 1090//1107 1941//1958 1091//1108
f 3240//3257 2471//2488 3239//3256
f 2471//2488 3240//3257 2472//2489
f 3243//3260 2473//2490 3245//3262
f 3245//3262 2473//2490 4189//4206
f 3981//3998 1990//2007 3982//3999
f 1990//2007 4815//4832 3982//3999
f 3984//4001 1992//2009 3985//4002
f 3984//4001 4816//4833 1992//2009
f 3818//3835 2027//2044 4287//4304
f 3818//3835 4287//4304 3923//3940
f 4288//4305 2031//2048 3821//3838
f 3925//3942 4288//4305 3821//3838
f 4659//4676 1732//1749 3675//3692
f 1733//1750 1732//1749 4659//4676
f 1737//1754 4660//4677 3677//3694
f 1737//1754 1736//1753 4660//4677
f 3186//3203 669//686 3187//3204
f 3187//3204 4712//4729 3186//3203
f 3191//3208 677//694 3189//3206
f 3189//3206 4713//4730 3191//3208
f 3686//3703 3684//3701 3683//3700
f 2722//2739 3686//3703 3683//3700
f 3690//3707 1541//1558 3692//3709
f 2725//2742 3690//3707 3692//3709
f 4668//4685 3166//3183 1141//1158
f 4178//4195 3166//3183 4668//4685
f 4669//4686 1147//1164 3170//3187
f 4669//4686 3170//3187 4180//4197
f 3969//3986 2179//2196 2178//2195
f 2380//2397 2179//2196 3969//3986
f 3972//3989 2184//2201 2183//2200
f 2384//2401 3972//3989 2183//2200
f 3120//3137 3118//3135 3463//3480
f 3463//3480 3118//3135 3381//3398
f 3464//3481 3121//3138 3122//3139
f 3385//3402 3121//3138 3464//3481
f 3364//3381 4408//4425 1458//1475
f 4408//4425 3364//3381 2318//2335
f 1465//1482 4409//4426 3368//3385
f 3368//3385 4409//4426 2322//2339
f 3529//3546 673//690 4410//4427
f 2126//2143 3529//3546 4410//4427
f 679//696 3532//3549 3773//3790
f 3773//3790 3532//3549 1244//1261
f 1473//1490 3173//3190 1474//1491
f 1474//1491 3173//3190 4389//4406
f 1477//1494 3174//3191 1478//1495
f 4390//4407 3174//3191 1477//1494
f 4244//4261 4999//5016 4245//4262
f 4999//5016 3175//3192 4943//4960
f 4999//5016 4244//4261 4243//4260
f 4999//5016 4942//4959 3175//3192
f 3344//3361 2798//2815 2797//2814
f 3344//3361 3341//3358 2798//2815
f 2802//2819 3347//3364 2803//2820
f 2802//2819 3346//3363 3347//3364
f 1292//1309 4190//4207 3505//3522
f 4190//4207 4028//4045 3505//3522
f 3507//3524 4191//4208 1297//1314
f 4029//4046 4191//4208 3507//3524
f 3625//3642 4745//4762 3233//3250
f 4745//4762 3709//3726 3233//3250
f 3234//3251 4748//4765 3625//3642
f 3234//3251 3706//3723 4748//4765
f 1625//1642 4299//4316 1627//1644
f 2882//2899 1627//1644 4299//4316
f 1634//1651 4300//4317 1630//1647
f 4300//4317 1634//1651 2883//2900
f 2126//2143 1248//1265 1247//1264
f 2126//2143 1247//1264 1246//1263
f 4466//4483 4465//4482 4910//4927
f 4465//4482 2101//2118 4910//4927
f 4912//4929 4469//4486 4468//4485
f 2105//2122 4469//4486 4912//4929
f 4240//4257 4907//4924 1654//1671
f 4907//4924 1653//1670 1654//1671
f 4908//4925 4241//4258 1657//1674
f 1655//1672 4908//4925 1657//1674
f 4245//4262 4943//4960 2405//2422
f 4999//5016 4943//4960 4245//4262
f 2408//2425 4942//4959 4243//4260
f 4243//4260 4942//4959 4999//5016
f 2150//2167 2640//2657 4374//4391
f 2150//2167 2149//2166 2640//2657
f 2154//2171 4376//4393 2645//2662
f 2645//2662 2155//2172 2154//2171
f 3571//3588 22//22 1791//1808
f 1791//1808 22//22 1792//1809
f 21//21 3572//3589 1795//1812
f 21//21 1795//1812 1797//1814
f 1010//1027 2959//2976 3220//3237
f 1010//1027 1009//1026 2959//2976
f 3225//3242 2962//2979 1016//1033
f 2962//2979 1017//1034 1016//1033
f 2132//2149 2613//2630 1245//1262
f 2132//2149 1245//1262 1244//1261
f 292//309 4425//4442 4825//4842
f 4825//4842 4425//4442 298//315
f 289//306 4826//4843 4429//4446
f 4826//4843 294//311 4429//4446
f 1023//1040 156//156 3534//3551
f 156//156 1023//1040 1022//1039
f 1709//1726 1020//1037 1019//1036
f 3536//3553 1709//1726 1019//1036
f 4160//4177 4944//4961 4161//4178
f 1867//1884 4161//4178 4944//4961
f 4163//4180 4945//4962 4162//4179
f 4163//4180 1869//1886 4945//4962
f 4799//4816 1356//1373 2874//2891
f 4153//4170 4799//4816 2874//2891
f 4899//4916 657//674 4033//4050
f 4899//4916 4033//4050 3382//3399
f 4035//4052 663//680 4900//4917
f 3384//3401 4035//4052 4900//4917
f 1363//1380 4568//4585 4552//4569
f 4551//4568 1363//1380 4552//4569
f 4569//4586 1371//1388 4554//4571
f 1371//1388 4553//4570 4554//4571
f 2516//2533 2518//2535 2517//2534
f 2410//2427 2516//2533 2517//2534
f 2522//2539 2521//2538 2520//2537
f 2520//2537 2414//2431 2522//2539
f 4902//4919 3133//3150 3066//3083
f 4902//4919 3066//3083 3065//3082
f 4903//4920 3070//3087 3135//3152
f 3068//3085 3070//3087 4903//4920
f 3139//3156 4980//4997 3140//3157
f 3139//3156 2647//2664 4980//4997
f 3336//3353 3142//3159 3141//3158
f 2650//2667 3142//3159 3336//3353
f 4717//4734 2759//2776 4725//4742
f 2759//2776 4277//4294 4276//4293
f 4726//4743 2765//2782 4718//4735
f 4279//4296 4280//4297 2765//2782
f 335//352 4119//4136 340//357
f 4119//4136 335//352 342//359
f 339//356 4121//4138 337//354
f 341//358 337//354 4121//4138
f 4682//4699 3421//3438 3626//3643
f 3078//3095 4682//4699 3626//3643
f 3627//3644 3424//3441 4684//4701
f 3627//3644 4684//4701 3079//3096
f 4968//4985 4075//4092 2359//2376
f 2359//2376 2358//2375 4968//4985
f 2365//2382 4077//4094 4969//4986
f 4969//4986 2366//2383 2365//2382
f 2418//2435 3861//3878 1092//1109
f 3861//3878 2418//2435 440//457
f 3864//3881 2419//2436 1100//1117
f 439//456 2419//2436 3864//3881
f 2759//2776 4276//4293 4725//4742
f 4276//4293 1071//1088 4725//4742
f 4726//4743 4279//4296 2765//2782
f 1076//1093 4279//4296 4726//4743
f 2342//2359 1236//1253 1235//1252
f 2342//2359 1235//1252 3695//3712
f 1240//1257 1242//1259 2350//2367
f 3701//3718 1240//1257 2350//2367
f 3201//3218 3649//3666 4500//4517
f 3201//3218 3650//3667 3649//3666
f 3204//3221 4479//4496 3655//3672
f 3204//3221 3655//3672 3654//3671
f 2239//2256 3479//3496 3481//3498
f 2239//2256 3481//3498 3402//3419
f 3483//3500 3485//3502 2238//2255
f 3405//3422 3483//3500 2238//2255
f 4935//4952 2940//2957 3953//3970
f 4935//4952 3953//3970 2938//2955
f 3438//3455 883//900 4179//4196
f 4179//4196 883//900 3168//3185
f 4181//4198 887//904 3440//3457
f 3171//3188 887//904 4181//4198
f 4250//4267 2769//2786 2768//2785
f 1421//1438 4250//4267 2768//2785
f 4251//4268 2774//2791 2773//2790
f 1427//1444 2774//2791 4251//4268
f 284//301 306//323 297//314
f 306//323 284//301 286//303
f 302//319 282//299 281//298
f 281//298 295//312 302//319
f 4800//4817 645//662 1129//1146
f 2313//2330 4800//4817 1129//1146
f 1135//1152 653//670 4801//4818
f 2315//2332 1135//1152 4801//4818
f 4522//4539 906//923 1626//1643
f 4970//4987 4522//4539 1626//1643
f 1632//1649 911//928 4523//4540
f 4971//4988 1632//1649 4523//4540
f 4253//4270 4255//4272 4256//4273
f 1029//1046 4256//4273 755//772
f 4262//4279 4258//4275 4260//4277
f 760//777 4262//4279 1024//1041
f 1511//1528 4123//4140 4238//4255
f 4238//4255 4123//4140 1188//1205
f 4239//4256 4126//4143 1517//1534
f 4239//4256 1193//1210 4126//4143
f 3669//3686 2402//2419 4965//4982
f 2402//2419 1428//1445 4965//4982
f 3672//3689 4966//4983 2401//2418
f 4966//4983 1434//1451 2401//2418
f 3083//3100 1070//1087 3081//3098
f 1071//1088 1070//1087 3083//3100
f 1077//1094 3087//3104 3086//3103
f 3087//3104 1077//1094 1076//1093
f 3502//3519 1852//1869 4574//4591
f 1850//1867 1852//1869 3502//3519
f 4576//4593 1856//1873 3504//3521
f 1856//1873 1858//1875 3504//3521
f 1358//1375 538//555 540//557
f 1784//1801 1358//1375 540//557
f 1360//1377 4832//4849 546//563
f 1789//1806 4832//4849 1360//1377
f 3764//3781 2678//2695 4940//4957
f 4940//4957 2678//2695 3761//3778
f 441//458 882//899 884//901
f 440//457 882//899 441//458
f 438//455 888//905 439//456
f 886//903 888//905 438//455
f 1029//1046 4253//4270 4256//4273
f 1028//1045 4253//4270 1029//1046
f 4262//4279 4260//4277 1024//1041
f 4260//4277 1025//1042 1024//1041
f 2248//2265 2957//2974 3459//3476
f 2248//2265 11//11 2957//2974
f 3462//3479 2960//2977 2251//2268
f 2251//2268 2960//2977 9//9
f 2784//2801 1304//1321 1303//1320
f 2784//2801 2820//2837 1304//1321
f 1309//1326 2788//2805 1310//1327
f 1309//1326 2823//2840 2788//2805
f 3063//3080 3065//3082 3456//3473
f 1500//1517 3063//3080 3456//3473
f 3458//3475 3068//3085 3067//3084
f 3458//3475 3067//3084 1503//1520
