# Blender v2.90.0 OBJ File: ''
# www.blender.org
mtllib Musicnote.mtl
o Musicnote
v -0.000015 -0.228789 -0.248871
v -0.000015 -0.246900 -0.256825
v 0.012086 -0.228587 -0.249307
v 0.012504 -0.246563 -0.257257
v -0.000015 -0.208837 -0.242586
v 0.011586 -0.208773 -0.243006
v 0.023075 -0.208617 -0.244252
v 0.023984 -0.228054 -0.250561
v 0.024763 -0.245651 -0.258472
v -0.000015 -0.187462 -0.238004
v 0.010987 -0.187534 -0.238391
v -0.000015 -0.165084 -0.235158
v 0.010271 -0.165287 -0.235498
v 0.020691 -0.165877 -0.236597
v 0.021993 -0.187753 -0.239584
v 0.033008 -0.188127 -0.241615
v 0.034342 -0.208407 -0.246310
v 0.031381 -0.166829 -0.238537
v 0.042475 -0.168119 -0.241398
v 0.044038 -0.188659 -0.244515
v 0.045274 -0.208182 -0.249165
v 0.035476 -0.227258 -0.252581
v 0.036503 -0.244260 -0.260384
v 0.046358 -0.226267 -0.255311
v 0.047465 -0.242490 -0.262910
v 0.056428 -0.225153 -0.258697
v 0.057389 -0.240438 -0.265966
v 0.055759 -0.207978 -0.252805
v 0.065743 -0.208016 -0.257356
v 0.065639 -0.223984 -0.262697
v 0.066214 -0.237945 -0.269326
v 0.055085 -0.189355 -0.248317
v 0.054107 -0.169725 -0.245261
v 0.065923 -0.171690 -0.250303
v 0.065977 -0.190399 -0.253204
v 0.076535 -0.191969 -0.259360
v 0.075165 -0.208511 -0.262945
v 0.077572 -0.174058 -0.256704
v 0.088698 -0.176870 -0.264643
v 0.086586 -0.194249 -0.266968
v 0.083985 -0.210047 -0.269851
v 0.073880 -0.234849 -0.272765
v 0.073947 -0.222829 -0.267267
v 0.081357 -0.223204 -0.272968
v 0.079302 -0.231901 -0.275586
v 0.040410 -0.146988 -0.239854
v 0.052524 -0.149529 -0.243662
v 0.038151 -0.125458 -0.239787
v 0.050634 -0.128920 -0.243427
v 0.063954 -0.132802 -0.248333
v 0.065166 -0.152445 -0.248712
v 0.036009 -0.103723 -0.241098
v 0.048731 -0.108051 -0.244461
v 0.034290 -0.081977 -0.243693
v 0.047112 -0.087076 -0.246668
v 0.061172 -0.092870 -0.250826
v 0.062539 -0.112898 -0.249070
v 0.076536 -0.117779 -0.255096
v 0.077383 -0.136821 -0.254663
v 0.075442 -0.098640 -0.256377
v 0.088894 -0.103668 -0.263533
v 0.089825 -0.122210 -0.262710
v 0.090189 -0.140694 -0.262578
v 0.077791 -0.155628 -0.255168
v 0.089857 -0.158967 -0.263201
v -0.000016 -0.142118 -0.234083
v 0.009422 -0.142451 -0.234364
v -0.000016 -0.119009 -0.234607
v 0.008547 -0.119437 -0.234828
v 0.017500 -0.120678 -0.235653
v 0.019127 -0.143404 -0.235333
v -0.000016 -0.096200 -0.236560
v 0.007752 -0.096656 -0.236729
v -0.000016 -0.074132 -0.239772
v 0.007146 -0.074524 -0.239907
v 0.014873 -0.075857 -0.240489
v 0.016015 -0.098048 -0.237417
v 0.025269 -0.100395 -0.238813
v 0.027238 -0.122697 -0.237251
v 0.023733 -0.078289 -0.241692
v 0.029367 -0.144930 -0.237120
v -0.000016 -0.053247 -0.244070
v 0.006835 -0.053452 -0.244202
v -0.000016 -0.034446 -0.248080
v 0.006731 -0.034392 -0.248226
v 0.014046 -0.034762 -0.248789
v 0.014278 -0.054454 -0.244728
v -0.000016 -0.018624 -0.250426
v 0.006747 -0.018298 -0.250587
v -0.000016 -0.006681 -0.249733
v 0.006795 -0.006122 -0.249899
v 0.014001 -0.017708 -0.251326
v 0.013933 -0.004633 -0.250741
v 0.022238 -0.017241 -0.252895
v 0.022498 -0.036086 -0.249898
v 0.021727 -0.002404 -0.252600
v 0.032155 -0.019246 -0.255005
v 0.031248 0.000849 -0.256525
v 0.032707 -0.039384 -0.251544
v 0.022903 -0.056644 -0.245775
v 0.033304 -0.060413 -0.247474
v 0.046072 -0.066147 -0.249953
v 0.045292 -0.045677 -0.253716
v 0.059068 -0.053391 -0.256760
v 0.060102 -0.072857 -0.253503
v 0.044454 -0.026076 -0.257361
v 0.043854 -0.009066 -0.260744
v 0.056208 -0.018565 -0.263768
v 0.057806 -0.035007 -0.260258
v 0.070891 -0.043315 -0.263987
v 0.072848 -0.060952 -0.261017
v 0.068186 -0.027089 -0.267130
v 0.078917 -0.033584 -0.271785
v 0.082723 -0.049871 -0.269241
v 0.085530 -0.067187 -0.266931
v 0.074288 -0.079546 -0.258415
v 0.087525 -0.085223 -0.264984
v 0.035316 0.011340 -0.258655
v 0.043793 0.003632 -0.263726
v 0.037004 0.019544 -0.261030
v 0.043667 0.013447 -0.266673
v 0.051904 0.006352 -0.270353
v 0.054165 -0.004927 -0.267065
v 0.037444 0.026827 -0.263816
v 0.042868 0.021803 -0.269957
v 0.037017 0.033466 -0.267053
v 0.041822 0.029018 -0.273688
v 0.047916 0.023401 -0.277743
v 0.049647 0.015718 -0.273837
v 0.056964 0.009519 -0.276561
v 0.060537 -0.000454 -0.273387
v 0.054619 0.017226 -0.280172
v 0.059964 0.012238 -0.281588
v 0.063613 0.005089 -0.279586
v 0.068555 -0.005568 -0.277065
v 0.064507 -0.012729 -0.270253
v 0.073925 -0.018638 -0.274428
v 0.036101 0.039737 -0.270782
v 0.040950 0.035406 -0.277979
v 0.034588 0.045797 -0.275531
v 0.040144 0.041158 -0.283342
v 0.047360 0.034745 -0.287910
v 0.047231 0.029632 -0.282305
v 0.032367 0.051803 -0.281833
v 0.039296 0.046465 -0.290289
v 0.028810 0.058509 -0.291584
v 0.039397 0.050760 -0.299562
v 0.048072 0.039070 -0.294948
v 0.049512 0.042554 -0.303802
v 0.057302 0.030238 -0.297435
v 0.055454 0.026770 -0.290245
v 0.059622 0.033139 -0.306287
v 0.066631 0.019805 -0.298521
v 0.069511 0.022274 -0.307670
v 0.063892 0.017114 -0.291003
v 0.054338 0.022704 -0.284612
v 0.061610 0.014353 -0.285198
v 0.031608 0.060404 -0.309393
v 0.041440 0.053476 -0.311903
v 0.034560 0.061828 -0.324144
v 0.044369 0.055198 -0.325391
v 0.051828 0.045145 -0.314852
v 0.054514 0.047047 -0.326986
v 0.037306 0.062961 -0.337393
v 0.047130 0.056509 -0.338106
v 0.039489 0.063755 -0.349130
v 0.049359 0.057436 -0.349674
v 0.057068 0.048462 -0.339090
v 0.059158 0.049454 -0.350439
v 0.064676 0.037371 -0.328494
v 0.066969 0.038784 -0.340256
v 0.068816 0.039787 -0.351398
v 0.076683 0.027442 -0.341514
v 0.078261 0.028406 -0.352520
v 0.074634 0.026097 -0.329889
v 0.062153 0.035502 -0.316905
v 0.072211 0.024373 -0.318367
v -0.000016 0.072738 -0.309201
v -0.000016 0.072126 -0.292864
v 0.007435 0.072003 -0.309069
v 0.006755 0.071365 -0.292709
v -0.000016 0.073367 -0.323881
v 0.008287 0.072685 -0.323791
v 0.015040 0.069727 -0.308835
v 0.016719 0.070559 -0.323672
v 0.013635 0.069015 -0.292368
v -0.000016 0.073787 -0.337018
v 0.009150 0.073200 -0.336970
v -0.000015 0.073770 -0.348726
v 0.009863 0.073336 -0.348706
v 0.018382 0.071242 -0.336940
v 0.019739 0.071596 -0.348718
v 0.025411 0.066945 -0.323681
v 0.027745 0.067850 -0.337043
v 0.029614 0.068438 -0.348835
v 0.020733 0.065012 -0.291964
v 0.022953 0.065841 -0.308656
v -0.000015 0.073089 -0.359116
v 0.010262 0.072883 -0.359095
v -0.000014 0.071674 -0.368620
v 0.010439 0.071712 -0.368574
v 0.020505 0.071439 -0.359088
v 0.020843 0.070579 -0.368501
v -0.000014 0.069453 -0.377663
v 0.010479 0.069691 -0.377579
v -0.000014 0.066356 -0.386674
v 0.010473 0.066694 -0.386543
v 0.020915 0.068822 -0.377408
v 0.020884 0.065976 -0.386261
v 0.031153 0.068051 -0.368462
v 0.031238 0.066578 -0.377233
v 0.031145 0.063922 -0.385937
v 0.041390 0.062697 -0.377137
v 0.041180 0.060254 -0.385683
v 0.041318 0.063906 -0.368519
v 0.030681 0.068588 -0.359152
v 0.040756 0.064164 -0.359345
v 0.050695 0.058001 -0.359723
v 0.051294 0.057922 -0.368736
v 0.060456 0.050089 -0.360308
v 0.061032 0.050108 -0.369176
v 0.051313 0.056914 -0.377203
v 0.050913 0.054691 -0.385606
v 0.060959 0.049256 -0.377526
v 0.060313 0.047273 -0.385840
v 0.070488 0.040477 -0.369899
v 0.070278 0.039751 -0.378206
v 0.069348 0.038038 -0.386513
v 0.079221 0.028430 -0.379339
v 0.077987 0.027022 -0.387755
v 0.079619 0.029037 -0.370969
v 0.069995 0.040420 -0.361121
v 0.079269 0.028984 -0.362184
v 0.040902 0.056291 -0.394637
v 0.050251 0.050971 -0.394435
v 0.040756 0.050620 -0.404025
v 0.049675 0.045591 -0.403641
v 0.059164 0.043906 -0.394599
v 0.058010 0.039069 -0.403606
v 0.040941 0.043052 -0.413866
v 0.049534 0.038391 -0.413177
v 0.041657 0.033399 -0.424185
v 0.050177 0.029210 -0.422995
v 0.057344 0.032677 -0.412662
v 0.057750 0.024444 -0.421692
v 0.065856 0.031137 -0.404068
v 0.064465 0.026172 -0.412357
v 0.064447 0.019526 -0.420169
v 0.070962 0.018377 -0.413229
v 0.069288 0.015496 -0.418819
v 0.073301 0.021694 -0.405409
v 0.067679 0.035129 -0.395294
v 0.075828 0.024675 -0.396681
v -0.000013 0.062310 -0.396081
v 0.010508 0.062589 -0.395904
v -0.000013 0.056905 -0.405959
v 0.010603 0.057018 -0.405737
v 0.020914 0.061846 -0.395511
v 0.021050 0.056139 -0.405234
v -0.000013 0.049725 -0.416381
v 0.010773 0.049626 -0.416120
v -0.000013 0.040356 -0.427421
v 0.011036 0.040055 -0.427128
v 0.021341 0.048557 -0.415503
v 0.021834 0.038807 -0.426395
v 0.031158 0.054071 -0.404609
v 0.031469 0.046403 -0.414697
v 0.032125 0.036594 -0.425367
v 0.031084 0.059832 -0.395043
v -0.000013 0.028386 -0.439153
v 0.011410 0.027949 -0.438840
v -0.000013 0.014324 -0.450901
v 0.011844 0.013804 -0.450572
v 0.022577 0.026592 -0.437985
v 0.023460 0.012399 -0.449596
v -0.000014 -0.001322 -0.461985
v 0.012289 -0.001877 -0.461641
v -0.000014 -0.018040 -0.471726
v 0.012695 -0.018598 -0.471366
v 0.024377 -0.003284 -0.460549
v 0.025220 -0.019969 -0.470168
v 0.034592 0.010292 -0.447986
v 0.036037 -0.005282 -0.458647
v 0.037378 -0.021860 -0.468013
v 0.047053 -0.007612 -0.455872
v 0.048984 -0.023972 -0.464785
v 0.044998 0.007668 -0.445756
v 0.033227 0.024403 -0.436678
v 0.043104 0.021472 -0.435004
v 0.051950 0.017886 -0.433052
v 0.054436 0.004714 -0.442917
v 0.059814 0.014081 -0.430621
v 0.062925 0.001772 -0.439251
v 0.057211 -0.010015 -0.452164
v 0.059855 -0.026007 -0.460365
v 0.066470 -0.012291 -0.447384
v 0.069887 -0.027892 -0.454716
v 0.070483 -0.000808 -0.434538
v 0.074788 -0.014238 -0.441392
v 0.078977 -0.029555 -0.447799
v 0.082126 -0.015660 -0.434049
v 0.087021 -0.030923 -0.439576
v 0.077063 -0.002491 -0.428419
v 0.066745 0.010490 -0.427512
v 0.072515 0.008324 -0.422973
v 0.050507 -0.041011 -0.471928
v 0.061947 -0.042968 -0.467093
v 0.051641 -0.058804 -0.477411
v 0.063517 -0.060845 -0.472396
v 0.072613 -0.044815 -0.460943
v 0.074680 -0.062852 -0.466033
v 0.052410 -0.077424 -0.481346
v 0.064591 -0.079582 -0.476323
v 0.052832 -0.096945 -0.483842
v 0.065201 -0.099126 -0.478922
v 0.076121 -0.081796 -0.469956
v 0.076964 -0.101437 -0.472679
v 0.084979 -0.064761 -0.458327
v 0.086839 -0.083948 -0.462220
v 0.087968 -0.103727 -0.465043
v 0.096589 -0.085927 -0.453086
v 0.098057 -0.105845 -0.455943
v 0.094257 -0.066503 -0.449282
v 0.082366 -0.046512 -0.453482
v 0.091067 -0.048020 -0.444716
v -0.000014 -0.035324 -0.479447
v 0.013013 -0.035857 -0.479064
v -0.000014 -0.053333 -0.485288
v 0.013246 -0.053823 -0.484880
v 0.025880 -0.037172 -0.477775
v 0.026368 -0.055056 -0.483519
v -0.000015 -0.072231 -0.489392
v 0.013400 -0.072664 -0.488960
v -0.000015 -0.092179 -0.491897
v 0.013478 -0.092548 -0.491449
v 0.026691 -0.073791 -0.487551
v 0.026857 -0.093543 -0.490017
v 0.039213 -0.056795 -0.481074
v 0.039735 -0.075435 -0.485050
v 0.040013 -0.095047 -0.487510
v 0.038432 -0.038984 -0.475442
v -0.000015 -0.113339 -0.492946
v 0.013485 -0.113643 -0.492494
v -0.000015 -0.135090 -0.492455
v 0.013435 -0.135324 -0.492008
v 0.026879 -0.114479 -0.491068
v 0.026780 -0.135975 -0.490610
v -0.000015 -0.156808 -0.490343
v 0.013344 -0.156966 -0.489904
v -0.000015 -0.177872 -0.486523
v 0.013226 -0.177945 -0.486096
v 0.026589 -0.157408 -0.488549
v 0.026332 -0.178152 -0.484792
v 0.039914 -0.136994 -0.488207
v 0.039605 -0.158102 -0.486241
v 0.039167 -0.178479 -0.482596
v 0.052277 -0.159015 -0.482940
v 0.051593 -0.178914 -0.479485
v 0.052733 -0.138329 -0.484746
v 0.040062 -0.115770 -0.488597
v 0.052929 -0.117443 -0.485011
v 0.065374 -0.119421 -0.480240
v 0.065131 -0.139931 -0.480173
v 0.077245 -0.121568 -0.474169
v 0.076964 -0.141714 -0.474328
v 0.064492 -0.160118 -0.478609
v 0.063477 -0.179445 -0.475441
v 0.076124 -0.161403 -0.473053
v 0.074725 -0.180161 -0.470244
v 0.088089 -0.143593 -0.467057
v 0.087046 -0.162866 -0.466083
v 0.085247 -0.181157 -0.463677
v 0.097136 -0.164500 -0.457503
v 0.094949 -0.182524 -0.455517
v 0.098362 -0.145479 -0.458203
v 0.088391 -0.123744 -0.466683
v 0.098659 -0.125811 -0.457666
v 0.050713 -0.197440 -0.474275
v 0.062106 -0.197373 -0.470563
v 0.049853 -0.214563 -0.467542
v 0.060726 -0.213855 -0.464204
v 0.072771 -0.197512 -0.465801
v 0.070737 -0.213299 -0.460002
v 0.049230 -0.230253 -0.459520
v 0.059686 -0.228840 -0.456596
v 0.049058 -0.244483 -0.450439
v 0.059331 -0.242282 -0.447970
v 0.068451 -0.239687 -0.445289
v 0.069098 -0.227358 -0.453126
v 0.079876 -0.213126 -0.454755
v 0.077415 -0.225919 -0.449110
v 0.076326 -0.236615 -0.442590
v 0.081879 -0.233788 -0.440391
v 0.084578 -0.225896 -0.443830
v 0.088132 -0.213885 -0.448106
v 0.082672 -0.198058 -0.459756
v 0.091768 -0.199207 -0.452194
v -0.000015 -0.197658 -0.480913
v 0.013097 -0.197637 -0.480495
v -0.000015 -0.216149 -0.473727
v 0.012983 -0.216023 -0.473320
v 0.026037 -0.197585 -0.479247
v 0.025770 -0.215689 -0.472132
v -0.000015 -0.233325 -0.465175
v 0.012915 -0.233088 -0.464785
v -0.000015 -0.249167 -0.455471
v 0.012919 -0.248812 -0.455105
v 0.025586 -0.247847 -0.454088
v 0.025597 -0.232449 -0.463673
v 0.038131 -0.215188 -0.470195
v 0.037784 -0.231480 -0.461897
v 0.037720 -0.246371 -0.452506
v 0.038634 -0.197515 -0.477172
v -0.000015 -0.263657 -0.444825
v 0.013023 -0.263180 -0.444495
v -0.000015 -0.276584 -0.433377
v 0.013202 -0.275983 -0.433090
v 0.026185 -0.274321 -0.432342
v 0.025802 -0.261869 -0.443604
v -0.000015 -0.287733 -0.421260
v 0.013432 -0.287013 -0.421024
v -0.000015 -0.296893 -0.408612
v 0.013687 -0.296060 -0.408429
v 0.027216 -0.293734 -0.407988
v 0.026677 -0.285006 -0.420428
v 0.039519 -0.281869 -0.419586
v 0.038703 -0.271731 -0.431240
v 0.040399 -0.290090 -0.407398
v 0.053064 -0.285303 -0.406766
v 0.051756 -0.277755 -0.418609
v 0.050519 -0.268355 -0.429895
v 0.038065 -0.259844 -0.442251
v 0.049554 -0.257223 -0.440535
v 0.060011 -0.254129 -0.438556
v 0.061403 -0.264327 -0.428417
v 0.071362 -0.259232 -0.427097
v 0.069391 -0.250278 -0.436602
v 0.063186 -0.272818 -0.417610
v 0.065038 -0.279548 -0.406200
v 0.076270 -0.272476 -0.405805
v 0.073802 -0.266647 -0.416802
v 0.083593 -0.258829 -0.416395
v 0.080402 -0.252656 -0.426227
v 0.086709 -0.263739 -0.405689
v 0.096308 -0.252986 -0.405957
v 0.092552 -0.248953 -0.416599
v 0.088528 -0.244015 -0.426276
v 0.077652 -0.245390 -0.434960
v 0.084721 -0.238503 -0.434619
v 0.054247 -0.290881 -0.394454
v 0.066636 -0.284462 -0.394243
v 0.055209 -0.294651 -0.381794
v 0.067892 -0.287738 -0.381875
v 0.079892 -0.279425 -0.382105
v 0.078325 -0.276672 -0.394191
v 0.055860 -0.296782 -0.368902
v 0.068717 -0.289559 -0.369228
v 0.056108 -0.297437 -0.355897
v 0.069022 -0.290106 -0.356435
v 0.081252 -0.281363 -0.357091
v 0.080893 -0.280926 -0.369690
v 0.092302 -0.270638 -0.370261
v 0.091124 -0.269450 -0.382478
v 0.092714 -0.270972 -0.357826
v 0.103320 -0.258693 -0.358600
v 0.102856 -0.258451 -0.370912
v 0.101503 -0.257545 -0.382990
v 0.089240 -0.267214 -0.394335
v 0.099306 -0.255788 -0.394713
v -0.000015 -0.303853 -0.395567
v 0.013942 -0.302917 -0.395439
v -0.000015 -0.308704 -0.382232
v 0.014165 -0.307684 -0.382157
v 0.028196 -0.304851 -0.382009
v 0.027742 -0.300309 -0.395147
v -0.000015 -0.311540 -0.368713
v 0.014325 -0.310463 -0.368692
v -0.000015 -0.312454 -0.355112
v 0.014388 -0.311356 -0.355147
v 0.028643 -0.308317 -0.355276
v 0.028516 -0.307481 -0.368684
v 0.042411 -0.302838 -0.368737
v 0.041927 -0.300431 -0.381863
v 0.042600 -0.303592 -0.355518
v 0.041229 -0.296230 -0.394787
v -0.000015 -0.311540 -0.341538
v 0.014325 -0.310463 -0.341628
v -0.000015 -0.308704 -0.328076
v 0.014165 -0.307684 -0.328222
v 0.028516 -0.307481 -0.341891
v 0.028195 -0.304851 -0.328619
v -0.000015 -0.303853 -0.314815
v 0.013942 -0.302917 -0.315016
v -0.000015 -0.296893 -0.301839
v 0.013687 -0.296060 -0.302096
v 0.027740 -0.300309 -0.315553
v 0.027210 -0.293734 -0.302780
v 0.041925 -0.300431 -0.329232
v 0.041219 -0.296230 -0.316361
v 0.040374 -0.290090 -0.303803
v 0.054220 -0.290881 -0.317376
v 0.052999 -0.285304 -0.305080
v 0.055203 -0.294651 -0.330020
v 0.042411 -0.302838 -0.342317
v 0.055860 -0.296782 -0.342899
v 0.068717 -0.289559 -0.343628
v 0.067880 -0.287738 -0.330946
v 0.079869 -0.279425 -0.331940
v 0.080892 -0.280927 -0.344452
v 0.066584 -0.284462 -0.318532
v 0.064907 -0.279548 -0.306525
v 0.076049 -0.272459 -0.307971
v 0.078236 -0.276667 -0.319724
v 0.089103 -0.267193 -0.320843
v 0.091087 -0.269450 -0.332927
v 0.086376 -0.263669 -0.309254
v 0.095839 -0.252814 -0.310212
v 0.099111 -0.255734 -0.321785
v 0.101448 -0.257545 -0.333839
v 0.092300 -0.270642 -0.345319
v 0.102851 -0.258462 -0.346176
v 0.051626 -0.277755 -0.293248
v 0.062925 -0.272818 -0.295063
v 0.050186 -0.268155 -0.282117
v 0.060861 -0.264141 -0.284349
v 0.073362 -0.266610 -0.296849
v 0.070556 -0.259005 -0.286568
v 0.048771 -0.256426 -0.271925
v 0.058942 -0.253391 -0.274583
v 0.068013 -0.249535 -0.277337
v 0.079289 -0.252270 -0.288451
v 0.075967 -0.244495 -0.279874
v 0.082641 -0.237213 -0.281210
v 0.087047 -0.243286 -0.289512
v 0.082932 -0.258679 -0.298351
v 0.091632 -0.248576 -0.299317
v -0.000015 -0.287733 -0.289237
v 0.013432 -0.287013 -0.289551
v -0.000015 -0.276357 -0.277324
v 0.013161 -0.275759 -0.277689
v 0.026664 -0.285006 -0.290391
v 0.026086 -0.274101 -0.278681
v -0.000015 -0.262750 -0.266415
v 0.012857 -0.262281 -0.266821
v 0.025458 -0.260990 -0.267943
v 0.038511 -0.271520 -0.280192
v 0.037519 -0.258999 -0.269678
v 0.039466 -0.281869 -0.291657
v 0.087878 -0.226624 -0.280360
v 0.092156 -0.213202 -0.278352
v 0.099605 -0.217131 -0.288183
v 0.093812 -0.231402 -0.289263
v 0.095955 -0.197419 -0.276211
v 0.098949 -0.180171 -0.274297
v 0.108147 -0.183585 -0.285296
v 0.104443 -0.200985 -0.286756
v 0.111857 -0.204455 -0.298272
v 0.106252 -0.220985 -0.299079
v 0.116116 -0.186740 -0.297272
v 0.122676 -0.189261 -0.309855
v 0.117997 -0.207334 -0.310427
v 0.111839 -0.224228 -0.310726
v 0.099458 -0.235852 -0.299494
v 0.104390 -0.239528 -0.310678
v 0.108185 -0.241985 -0.322443
v 0.116110 -0.226324 -0.322811
v 0.110866 -0.243447 -0.334601
v 0.119107 -0.227510 -0.335174
v 0.122671 -0.209128 -0.322889
v 0.127652 -0.190774 -0.322673
v 0.125937 -0.210085 -0.335516
v 0.131118 -0.191526 -0.335586
v 0.120875 -0.228023 -0.347653
v 0.127855 -0.210450 -0.348163
v 0.133152 -0.191766 -0.348449
v 0.128488 -0.210472 -0.360690
v 0.133828 -0.191737 -0.361121
v 0.121457 -0.228102 -0.360088
v 0.112459 -0.244141 -0.346973
v 0.112985 -0.244290 -0.359372
v 0.125686 -0.170428 -0.309080
v 0.130838 -0.171640 -0.322159
v 0.127051 -0.151066 -0.308280
v 0.132252 -0.151957 -0.321521
v 0.135864 -0.152299 -0.334924
v 0.134418 -0.172189 -0.335343
v 0.126798 -0.131400 -0.307634
v 0.131920 -0.131957 -0.320933
v 0.124951 -0.111660 -0.307318
v 0.129867 -0.111869 -0.320567
v 0.133307 -0.111774 -0.334108
v 0.135484 -0.132084 -0.334467
v 0.137592 -0.131974 -0.347956
v 0.137986 -0.152305 -0.348265
v 0.135368 -0.111538 -0.347612
v 0.136148 -0.111327 -0.360746
v 0.138348 -0.131815 -0.361122
v 0.138719 -0.152191 -0.361321
v 0.136518 -0.172310 -0.348456
v 0.137225 -0.172238 -0.361326
v 0.100818 -0.162352 -0.272973
v 0.101644 -0.144140 -0.272236
v 0.111662 -0.147073 -0.283298
v 0.110536 -0.165548 -0.284122
v 0.101511 -0.125709 -0.272080
v 0.100504 -0.107236 -0.272502
v 0.110338 -0.109592 -0.282988
v 0.111579 -0.128355 -0.282898
v 0.120012 -0.130225 -0.294852
v 0.120159 -0.149410 -0.295426
v 0.118465 -0.110984 -0.294693
v 0.118872 -0.168319 -0.296279
v 0.112469 -0.244119 -0.371619
v 0.120897 -0.227987 -0.372318
v 0.110947 -0.243448 -0.383638
v 0.119222 -0.227505 -0.384341
v 0.127896 -0.210396 -0.372952
v 0.133222 -0.191689 -0.373459
v 0.126100 -0.210064 -0.385021
v 0.131350 -0.191473 -0.385599
v 0.116459 -0.226485 -0.396154
v 0.123122 -0.209316 -0.396968
v 0.128225 -0.190941 -0.397679
v 0.118982 -0.207993 -0.408862
v 0.123862 -0.189944 -0.409834
v 0.112635 -0.224755 -0.407752
v 0.108449 -0.242093 -0.395360
v 0.105013 -0.239873 -0.406714
v 0.100671 -0.236605 -0.417627
v 0.107778 -0.222147 -0.419133
v 0.095737 -0.232723 -0.427710
v 0.102019 -0.219116 -0.429911
v 0.113702 -0.205936 -0.420773
v 0.118275 -0.188335 -0.422201
v 0.107358 -0.203531 -0.432260
v 0.111540 -0.186383 -0.434274
v 0.095491 -0.216121 -0.439697
v 0.100021 -0.201159 -0.442881
v 0.103739 -0.184356 -0.445548
v 0.090530 -0.228659 -0.436571
v 0.127084 -0.170967 -0.410460
v 0.121323 -0.169702 -0.423072
v 0.128679 -0.151308 -0.410614
v 0.122881 -0.150295 -0.423287
v 0.114356 -0.168089 -0.435468
v 0.115841 -0.148924 -0.435793
v 0.128678 -0.131208 -0.410170
v 0.122983 -0.130372 -0.422749
v 0.127111 -0.110913 -0.409003
v 0.121661 -0.110192 -0.421357
v 0.116031 -0.129167 -0.435194
v 0.114963 -0.109095 -0.433619
v 0.107641 -0.147288 -0.447606
v 0.107898 -0.127633 -0.447001
v 0.107075 -0.107640 -0.445308
v 0.106266 -0.166297 -0.447122
v 0.136633 -0.172208 -0.373778
v 0.138165 -0.152172 -0.373867
v 0.134743 -0.172080 -0.385996
v 0.136312 -0.152108 -0.386120
v 0.137855 -0.131798 -0.373682
v 0.135743 -0.111304 -0.373179
v 0.134123 -0.111325 -0.385186
v 0.136093 -0.131782 -0.385881
v 0.133153 -0.151866 -0.398297
v 0.133041 -0.131632 -0.397962
v 0.131255 -0.111243 -0.397037
v 0.131559 -0.171713 -0.398162
v 0.132159 -0.090943 -0.360209
v 0.131865 -0.090910 -0.372318
v 0.126699 -0.070920 -0.359507
v 0.126541 -0.070864 -0.371164
v 0.125336 -0.070933 -0.382294
v 0.130434 -0.090960 -0.383946
v 0.120084 -0.051510 -0.358641
v 0.120085 -0.051413 -0.369788
v 0.112636 -0.032970 -0.357606
v 0.112818 -0.032807 -0.368260
v 0.112145 -0.032873 -0.378294
v 0.119137 -0.051489 -0.380365
v 0.117190 -0.051567 -0.390752
v 0.123043 -0.070955 -0.393242
v 0.110554 -0.033023 -0.388121
v 0.107984 -0.033107 -0.398156
v 0.114199 -0.051479 -0.401332
v 0.119625 -0.070761 -0.404354
v 0.127828 -0.090932 -0.395399
v 0.124011 -0.090669 -0.406988
v 0.118950 -0.090010 -0.419016
v 0.115038 -0.070180 -0.415974
v 0.112673 -0.088984 -0.431018
v 0.109284 -0.069251 -0.427644
v 0.110116 -0.051052 -0.412488
v 0.104372 -0.032978 -0.408808
v 0.099692 -0.032597 -0.419590
v 0.104916 -0.050317 -0.423750
v 0.102358 -0.068013 -0.438900
v 0.098575 -0.049297 -0.434648
v 0.093918 -0.031925 -0.430010
v 0.105209 -0.087613 -0.442531
v 0.101226 -0.015936 -0.395053
v 0.097996 -0.016309 -0.405189
v 0.093955 -0.000101 -0.392181
v 0.091063 -0.001103 -0.401828
v 0.087244 -0.002089 -0.411478
v 0.093733 -0.016510 -0.415419
v 0.086199 0.014264 -0.389696
v 0.083648 0.012578 -0.398926
v 0.080432 0.010632 -0.408010
v 0.076900 0.008793 -0.416249
v 0.082614 -0.002735 -0.420537
v 0.088442 -0.016355 -0.425215
v 0.104670 -0.015555 -0.356398
v 0.105056 -0.015293 -0.366645
v 0.096247 0.000581 -0.355098
v 0.096846 0.000957 -0.365035
v 0.096738 0.000952 -0.374231
v 0.104669 -0.015333 -0.376215
v 0.087424 0.015287 -0.353779
v 0.088235 0.015773 -0.363519
v 0.088378 0.015803 -0.372449
v 0.087737 0.015319 -0.381022
v 0.095810 0.000592 -0.383130
v 0.103422 -0.015580 -0.385539
v 0.098706 -0.088894 -0.273499
v 0.096015 -0.070919 -0.274945
v 0.104549 -0.072726 -0.284700
v 0.107995 -0.090980 -0.283638
v 0.092324 -0.053543 -0.276714
v 0.087529 -0.037000 -0.278685
v 0.094349 -0.038112 -0.287454
v 0.099999 -0.055034 -0.286021
v 0.106060 -0.055046 -0.296779
v 0.111381 -0.073184 -0.295839
v 0.099701 -0.037696 -0.297716
v 0.103910 -0.036527 -0.309098
v 0.110814 -0.054281 -0.308603
v 0.116758 -0.072874 -0.308006
v 0.115551 -0.091900 -0.295083
v 0.121537 -0.092076 -0.307509
v 0.126115 -0.091926 -0.320599
v 0.120929 -0.072369 -0.320841
v 0.123943 -0.071794 -0.333960
v 0.129360 -0.091593 -0.333986
v 0.114570 -0.053440 -0.321110
v 0.107303 -0.035381 -0.321221
v 0.109884 -0.034347 -0.333642
v 0.117351 -0.052629 -0.333892
v 0.119181 -0.051950 -0.346539
v 0.125849 -0.071271 -0.346978
v 0.111660 -0.033514 -0.345919
v 0.131350 -0.091218 -0.347311
v 0.096246 -0.019838 -0.309287
v 0.099389 -0.018432 -0.320987
v 0.087904 -0.004371 -0.309135
v 0.090873 -0.002732 -0.320422
v 0.093255 -0.001322 -0.332224
v 0.101838 -0.017200 -0.333070
v 0.078965 0.009719 -0.308608
v 0.081799 0.011582 -0.319544
v 0.084175 0.013155 -0.331148
v 0.086060 0.014402 -0.342774
v 0.095048 -0.000198 -0.343972
v 0.103598 -0.016217 -0.345041
v 0.081528 -0.021523 -0.280730
v 0.074941 -0.007593 -0.282679
v 0.080080 -0.007479 -0.290034
v 0.087596 -0.022164 -0.288847
v 0.068390 0.004310 -0.284362
v 0.072139 0.005655 -0.290842
v 0.075705 0.007601 -0.298982
v 0.084354 -0.006179 -0.298928
v 0.092409 -0.021342 -0.298470
v -0.000016 0.000484 -0.244626
v 0.006785 0.001184 -0.244773
v -0.000016 0.004067 -0.230572
v 0.006750 0.004836 -0.230685
v 0.013308 0.006936 -0.231080
v 0.013632 0.003119 -0.245437
v -0.000016 0.005262 -0.203040
v 0.006718 0.006054 -0.203114
v -0.000016 0.005262 -0.157500
v 0.006721 0.006054 -0.157538
v 0.013178 0.008209 -0.157653
v 0.013166 0.008209 -0.203335
v 0.019041 0.011500 -0.203705
v 0.019451 0.010156 -0.231816
v 0.019076 0.011500 -0.157845
v 0.024134 0.015704 -0.158112
v 0.024060 0.015704 -0.204225
v 0.024706 0.014406 -0.232793
v 0.020572 0.006125 -0.246844
v 0.026586 0.010510 -0.248590
v 0.030655 0.016584 -0.250273
v 0.028599 0.019594 -0.233911
v 0.031211 0.025361 -0.235230
v 0.033088 0.023358 -0.252108
v 0.027934 0.020597 -0.204895
v 0.028074 0.020597 -0.158457
v 0.030882 0.026029 -0.158881
v 0.030659 0.026029 -0.205722
v 0.032232 0.031851 -0.206712
v 0.032618 0.031349 -0.236813
v 0.032543 0.031851 -0.159388
v 0.033043 0.037914 -0.159981
v 0.032647 0.037914 -0.207873
v 0.032878 0.037470 -0.238668
v 0.034191 0.029842 -0.254308
v 0.034185 0.036135 -0.256887
v 0.033293 0.042335 -0.259860
v 0.032050 0.043634 -0.240807
v 0.030164 0.049681 -0.243157
v 0.031471 0.048443 -0.263468
v 0.031900 0.044067 -0.209210
v 0.032369 0.044067 -0.160663
v 0.030556 0.050094 -0.161370
v 0.030038 0.050094 -0.210598
v 0.027105 0.055773 -0.211914
v 0.027249 0.055444 -0.245653
v 0.027640 0.055773 -0.162040
v 0.023656 0.060887 -0.162612
v 0.023149 0.060886 -0.213032
v 0.023280 0.060680 -0.247787
v 0.028677 0.054458 -0.267956
v 0.024647 0.060060 -0.271830
v 0.019115 0.064926 -0.273600
v 0.018231 0.065143 -0.249057
v 0.012457 0.068593 -0.249745
v 0.012797 0.068691 -0.274212
v 0.018214 0.065215 -0.213828
v 0.018642 0.065215 -0.163020
v 0.012852 0.068561 -0.163287
v 0.012545 0.068561 -0.214343
v 0.006386 0.070727 -0.214618
v 0.006313 0.070791 -0.250130
v 0.006547 0.070727 -0.163431
v -0.000016 0.071515 -0.163473
v -0.000016 0.071515 -0.214697
v -0.000016 0.071575 -0.250247
v 0.006408 0.070982 -0.274612
v -0.000016 0.071760 -0.274759
v -0.000016 0.005262 -0.089419
v 0.006789 0.006054 -0.089435
v -0.000016 0.005262 -0.008375
v 0.006888 0.006054 -0.008381
v 0.013512 0.008209 -0.008397
v 0.013315 0.008209 -0.089485
v -0.000016 0.005262 0.076048
v 0.006984 0.006054 0.076047
v -0.000016 0.005262 0.154274
v 0.007045 0.006054 0.154274
v 0.013703 0.008209 0.076044
v 0.013825 0.008209 0.154273
v 0.019576 0.011500 -0.008422
v 0.019861 0.011500 0.076040
v 0.020047 0.011500 0.154272
v 0.025176 0.015704 0.076034
v 0.025431 0.015704 0.154271
v 0.024803 0.015704 -0.008459
v 0.019284 0.011500 -0.089567
v 0.024419 0.015704 -0.089682
v 0.028439 0.020597 -0.089828
v 0.028909 0.020597 -0.008503
v 0.031873 0.026029 -0.008557
v 0.031326 0.026029 -0.090008
v 0.029368 0.020597 0.076028
v 0.029697 0.020597 0.154269
v 0.032405 0.026029 0.076020
v 0.032807 0.026029 0.154265
v 0.034257 0.031851 0.076011
v 0.033667 0.031851 -0.008619
v 0.034717 0.031851 0.154261
v 0.034893 0.037914 0.076000
v 0.035390 0.037914 0.154255
v 0.034267 0.037914 -0.008692
v 0.033058 0.031851 -0.090221
v 0.033617 0.037914 -0.090470
v 0.032981 0.044067 -0.090754
v 0.033647 0.044067 -0.008774
v 0.031837 0.050094 -0.008859
v 0.031180 0.050094 -0.091049
v 0.034279 0.044067 0.075989
v 0.034786 0.044067 0.154246
v 0.032935 0.050094 0.154237
v 0.032446 0.050094 0.075978
v 0.029422 0.055773 0.075966
v 0.028861 0.055773 -0.008940
v 0.029868 0.055773 0.154228
v 0.025619 0.060887 0.154221
v 0.025236 0.060886 0.075955
v 0.024749 0.060887 -0.009010
v 0.028246 0.055773 -0.091329
v 0.024206 0.060886 -0.091568
v 0.019091 0.065215 -0.091743
v 0.019528 0.065215 -0.009063
v 0.013475 0.068561 -0.009099
v 0.013170 0.068561 -0.091857
v 0.019915 0.065215 0.075946
v 0.020218 0.065215 0.154216
v 0.013953 0.068561 0.154213
v 0.013745 0.068561 0.075939
v 0.007007 0.070727 0.075935
v 0.006868 0.070727 -0.009121
v 0.007113 0.070727 0.154212
v -0.000016 0.071515 0.075933
v -0.000016 0.071515 0.154211
v -0.000016 0.071515 -0.009128
v 0.006712 0.070727 -0.091921
v -0.000016 0.071515 -0.091940
v -0.000015 0.005262 0.216723
v 0.007035 0.006054 0.216723
v -0.000015 0.005262 0.265036
v 0.006979 0.006054 0.265037
v 0.013811 0.008209 0.216724
v 0.013709 0.008209 0.265038
v -0.000015 0.005262 0.300857
v 0.006902 0.006054 0.300857
v -0.000015 0.005262 0.325829
v 0.006827 0.006054 0.325830
v 0.013427 0.008209 0.325832
v 0.013566 0.008209 0.300859
v 0.019725 0.011500 0.300862
v 0.019914 0.011500 0.265040
v 0.019540 0.011500 0.325834
v 0.024923 0.015704 0.325837
v 0.025127 0.015704 0.300865
v 0.025330 0.015704 0.265043
v 0.020043 0.011500 0.216725
v 0.025457 0.015704 0.216725
v 0.029779 0.020597 0.216726
v 0.029694 0.020597 0.265045
v 0.032958 0.026029 0.216726
v 0.032935 0.026029 0.265046
v 0.029518 0.020597 0.300868
v 0.029333 0.020597 0.325839
v 0.032669 0.026029 0.325839
v 0.032814 0.026029 0.300869
v 0.034982 0.031851 0.265044
v 0.034924 0.031851 0.300865
v 0.034831 0.031851 0.325835
v 0.035716 0.037914 0.325821
v 0.035763 0.037914 0.300856
v 0.035765 0.037914 0.265036
v 0.034936 0.031851 0.216723
v 0.035661 0.037914 0.216718
v 0.035079 0.044067 0.216708
v 0.035212 0.044067 0.265023
v 0.033366 0.050094 0.265007
v 0.033225 0.050094 0.216698
v 0.035242 0.044067 0.300837
v 0.035224 0.044067 0.325796
v 0.033405 0.050094 0.325767
v 0.033410 0.050094 0.300814
v 0.030314 0.055773 0.300793
v 0.030270 0.055773 0.264992
v 0.030314 0.055773 0.325740
v 0.026002 0.060887 0.325720
v 0.026002 0.060886 0.300777
v 0.025964 0.060887 0.264980
v 0.030136 0.055773 0.216687
v 0.025849 0.060886 0.216679
v 0.020399 0.065215 0.216675
v 0.020491 0.065215 0.264977
v 0.014079 0.068561 0.216675
v 0.014141 0.068561 0.264979
v 0.020521 0.065215 0.300773
v 0.020521 0.065215 0.325714
v 0.014162 0.068561 0.300775
v 0.014162 0.068561 0.325717
v 0.007209 0.070727 0.264982
v 0.007220 0.070727 0.300780
v 0.007220 0.070727 0.325724
v -0.000015 0.071515 0.300784
v -0.000015 0.071515 0.325728
v -0.000015 0.071515 0.264984
v 0.007177 0.070727 0.216677
v -0.000015 0.071515 0.216678
v -0.012534 -0.246563 -0.257257
v -0.012116 -0.228587 -0.249307
v -0.024793 -0.245651 -0.258464
v -0.024014 -0.228054 -0.250549
v -0.023106 -0.208617 -0.244232
v -0.011617 -0.208773 -0.243005
v -0.036534 -0.244260 -0.260354
v -0.035505 -0.227258 -0.252529
v -0.047495 -0.242490 -0.262833
v -0.046388 -0.226268 -0.255182
v -0.045303 -0.208183 -0.248975
v -0.034371 -0.208408 -0.246233
v -0.033038 -0.188127 -0.241513
v -0.022023 -0.187753 -0.239557
v -0.044067 -0.188660 -0.244264
v -0.042503 -0.168122 -0.241101
v -0.031411 -0.166830 -0.238417
v -0.020722 -0.165877 -0.236566
v -0.011017 -0.187534 -0.238390
v -0.010302 -0.165287 -0.235497
v -0.057417 -0.240438 -0.265814
v -0.056456 -0.225154 -0.258443
v -0.066242 -0.237945 -0.269069
v -0.065666 -0.223985 -0.262289
v -0.065769 -0.208017 -0.256762
v -0.055788 -0.207980 -0.252426
v -0.073907 -0.234849 -0.272378
v -0.073973 -0.222830 -0.266701
v -0.079330 -0.231902 -0.275089
v -0.081383 -0.223205 -0.272302
v -0.084010 -0.210049 -0.268949
v -0.075191 -0.208513 -0.262157
v -0.076560 -0.191975 -0.258341
v -0.066002 -0.190403 -0.252427
v -0.086609 -0.194255 -0.265814
v -0.088719 -0.176882 -0.263291
v -0.077593 -0.174069 -0.255505
v -0.065947 -0.171699 -0.249385
v -0.055113 -0.189358 -0.247818
v -0.054133 -0.169731 -0.244671
v -0.052549 -0.149540 -0.243037
v -0.040437 -0.146993 -0.239539
v -0.065187 -0.152462 -0.247740
v -0.063973 -0.132827 -0.247380
v -0.050658 -0.128936 -0.242813
v -0.038179 -0.125465 -0.239477
v -0.077810 -0.155649 -0.253902
v -0.089874 -0.158990 -0.261775
v -0.090202 -0.140730 -0.261185
v -0.077397 -0.136854 -0.253421
v -0.076548 -0.117819 -0.253959
v -0.062555 -0.112930 -0.248195
v -0.089835 -0.122255 -0.261438
v -0.088901 -0.103717 -0.262449
v -0.075451 -0.098685 -0.255406
v -0.061186 -0.092905 -0.250076
v -0.048753 -0.108072 -0.243897
v -0.036036 -0.103733 -0.240813
v -0.047133 -0.087099 -0.246184
v -0.034317 -0.081988 -0.243448
v -0.009452 -0.142451 -0.234362
v -0.019157 -0.143404 -0.235300
v -0.017531 -0.120679 -0.235619
v -0.008577 -0.119437 -0.234826
v -0.029396 -0.144933 -0.236992
v -0.027268 -0.122701 -0.237124
v -0.025298 -0.100399 -0.238696
v -0.016046 -0.098049 -0.237386
v -0.023762 -0.078294 -0.241591
v -0.014904 -0.075858 -0.240462
v -0.007783 -0.096656 -0.236727
v -0.007177 -0.074524 -0.239905
v -0.006866 -0.053452 -0.244201
v -0.014309 -0.054455 -0.244706
v -0.014079 -0.034763 -0.248773
v -0.006764 -0.034392 -0.248224
v -0.022933 -0.056649 -0.245696
v -0.033331 -0.060423 -0.247281
v -0.032734 -0.039393 -0.251407
v -0.022530 -0.036090 -0.249842
v -0.022269 -0.017243 -0.252863
v -0.014034 -0.017709 -0.251316
v -0.032184 -0.019253 -0.254924
v -0.021759 -0.002405 -0.252587
v -0.031278 0.000847 -0.256498
v -0.013965 -0.004633 -0.250737
v -0.006779 -0.018298 -0.250587
v -0.006827 -0.006122 -0.249899
v -0.046093 -0.066169 -0.249571
v -0.060116 -0.072889 -0.252913
v -0.059081 -0.053418 -0.256342
v -0.045313 -0.045694 -0.253447
v -0.074295 -0.079588 -0.257653
v -0.087529 -0.085269 -0.264137
v -0.085533 -0.067225 -0.266336
v -0.072854 -0.060988 -0.260478
v -0.070895 -0.043340 -0.263660
v -0.057818 -0.035027 -0.260003
v -0.082725 -0.049898 -0.268886
v -0.078916 -0.033602 -0.271620
v -0.068189 -0.027105 -0.266974
v -0.056219 -0.018579 -0.263645
v -0.044474 -0.026089 -0.257198
v -0.043874 -0.009075 -0.260667
v -0.043814 0.003627 -0.263698
v -0.035345 0.011337 -0.258643
v -0.054175 -0.004936 -0.267021
v -0.051911 0.006345 -0.270347
v -0.043686 0.013443 -0.266669
v -0.037034 0.019542 -0.261029
v -0.064507 -0.012740 -0.270200
v -0.073921 -0.018651 -0.274377
v -0.068549 -0.005578 -0.277069
v -0.060536 -0.000462 -0.273383
v -0.056963 0.009512 -0.276576
v -0.049655 0.015712 -0.273844
v -0.063608 0.005082 -0.279609
v -0.059963 0.012232 -0.281610
v -0.054621 0.017220 -0.280189
v -0.047926 0.023396 -0.277753
v -0.042888 0.021800 -0.269960
v -0.037474 0.026826 -0.263818
v -0.041841 0.029015 -0.273694
v -0.037048 0.033464 -0.267056
v -0.040973 0.035404 -0.277987
v -0.036133 0.039736 -0.270785
v -0.047244 0.029628 -0.282320
v -0.047378 0.034742 -0.287930
v -0.040171 0.041157 -0.283353
v -0.034621 0.045797 -0.275536
v -0.054344 0.022700 -0.284634
v -0.061611 0.014348 -0.285228
v -0.063898 0.017110 -0.291043
v -0.055466 0.026767 -0.290275
v -0.057321 0.030237 -0.297474
v -0.048096 0.039069 -0.294976
v -0.066647 0.019803 -0.298574
v -0.059649 0.033139 -0.306336
v -0.069535 0.022275 -0.307735
v -0.049543 0.042554 -0.303835
v -0.032401 0.051802 -0.281839
v -0.039326 0.046465 -0.290304
v -0.039429 0.050760 -0.299581
v -0.028845 0.058509 -0.291590
v -0.031642 0.060405 -0.309402
v -0.041473 0.053477 -0.311925
v -0.051860 0.045146 -0.314891
v -0.044403 0.055116 -0.325416
v -0.054547 0.046983 -0.327029
v -0.034594 0.061738 -0.324156
v -0.062184 0.035503 -0.316961
v -0.072241 0.024374 -0.318443
v -0.064707 0.037330 -0.328556
v -0.074666 0.026077 -0.329972
v -0.057100 0.048207 -0.339134
v -0.067001 0.038621 -0.340321
v -0.076714 0.027362 -0.341601
v -0.068845 0.039375 -0.351459
v -0.078289 0.028201 -0.352602
v -0.059188 0.048816 -0.350482
v -0.037337 0.062597 -0.337407
v -0.047162 0.056180 -0.338133
v -0.049389 0.056610 -0.349700
v -0.039518 0.062846 -0.349143
v -0.006787 0.071365 -0.292709
v -0.007467 0.072003 -0.309069
v -0.013667 0.069015 -0.292368
v -0.015072 0.069727 -0.308835
v -0.008319 0.072651 -0.323791
v -0.016752 0.070497 -0.323673
v -0.020767 0.065012 -0.291966
v -0.022986 0.065842 -0.308660
v -0.025443 0.066862 -0.323686
v -0.018412 0.070994 -0.336942
v -0.027776 0.067520 -0.337048
v -0.029645 0.067612 -0.348840
v -0.019769 0.070976 -0.348719
v -0.009181 0.073068 -0.336970
v -0.009892 0.073006 -0.348705
v -0.010291 0.072223 -0.359095
v -0.020534 0.070200 -0.359089
v -0.010466 0.070688 -0.368574
v -0.020870 0.068659 -0.368501
v -0.030709 0.066936 -0.359156
v -0.040783 0.062348 -0.359356
v -0.031178 0.065492 -0.368465
v -0.041344 0.061091 -0.368527
v -0.020941 0.066344 -0.377408
v -0.031262 0.063276 -0.377236
v -0.041412 0.059064 -0.377143
v -0.031168 0.060288 -0.385938
v -0.041203 0.056257 -0.385685
v -0.020909 0.063250 -0.386261
v -0.010506 0.068370 -0.377579
v -0.010499 0.065240 -0.386543
v -0.050721 0.056350 -0.359744
v -0.060482 0.048810 -0.360343
v -0.051318 0.055363 -0.368753
v -0.061054 0.048125 -0.369202
v -0.070020 0.039595 -0.361173
v -0.079294 0.028572 -0.362253
v -0.070509 0.039197 -0.369938
v -0.079635 0.028399 -0.371020
v -0.060980 0.046695 -0.377544
v -0.070291 0.038100 -0.378230
v -0.079216 0.027604 -0.379371
v -0.069345 0.036221 -0.386525
v -0.077942 0.026114 -0.387773
v -0.060330 0.044457 -0.385849
v -0.051336 0.053611 -0.377213
v -0.050936 0.051058 -0.385612
v -0.040925 0.052657 -0.394638
v -0.050276 0.047668 -0.394437
v -0.059179 0.041347 -0.394604
v -0.049689 0.043032 -0.403641
v -0.058000 0.037083 -0.403608
v -0.040772 0.047804 -0.404025
v -0.067653 0.033479 -0.395300
v -0.075719 0.023851 -0.396691
v -0.065781 0.029853 -0.404073
v -0.073098 0.021046 -0.405417
v -0.057269 0.031393 -0.412665
v -0.064295 0.025324 -0.412363
v -0.070632 0.017929 -0.413239
v -0.064117 0.019079 -0.420178
v -0.068849 0.015166 -0.418829
v -0.057548 0.023797 -0.421698
v -0.040937 0.041237 -0.413867
v -0.049508 0.036741 -0.413179
v -0.050067 0.028385 -0.422999
v -0.041612 0.032492 -0.424187
v -0.010534 0.061267 -0.395904
v -0.020937 0.059369 -0.395511
v -0.010628 0.055995 -0.405737
v -0.021073 0.054218 -0.405234
v -0.031107 0.056529 -0.395043
v -0.031177 0.051511 -0.404610
v -0.021361 0.047318 -0.415503
v -0.031481 0.044752 -0.414698
v -0.032120 0.035768 -0.425368
v -0.021850 0.038188 -0.426395
v -0.010798 0.048966 -0.416120
v -0.011061 0.039725 -0.427128
v -0.011435 0.027817 -0.438840
v -0.022585 0.026344 -0.437986
v -0.011869 0.013771 -0.450572
v -0.023462 0.012337 -0.449596
v -0.033194 0.024074 -0.436679
v -0.042989 0.021110 -0.435008
v -0.034528 0.010210 -0.447988
v -0.044803 0.007579 -0.445761
v -0.024374 -0.003283 -0.460549
v -0.035948 -0.005282 -0.458649
v -0.046794 -0.007611 -0.455879
v -0.037278 -0.021859 -0.468016
v -0.048697 -0.023971 -0.464793
v -0.025215 -0.019969 -0.470169
v -0.012315 -0.001877 -0.461641
v -0.012722 -0.018598 -0.471366
v -0.051699 0.017558 -0.433059
v -0.059400 0.013821 -0.430632
v -0.054026 0.004633 -0.442928
v -0.062276 0.001711 -0.439266
v -0.066168 0.010303 -0.427527
v -0.071858 0.008174 -0.422989
v -0.069631 -0.000851 -0.434557
v -0.076119 -0.002524 -0.428441
v -0.065622 -0.012287 -0.447404
v -0.073689 -0.014234 -0.441418
v -0.080915 -0.015654 -0.434077
v -0.077759 -0.029550 -0.447830
v -0.085679 -0.030918 -0.439611
v -0.068948 -0.027888 -0.454740
v -0.056672 -0.010013 -0.452177
v -0.059257 -0.026004 -0.460381
v -0.050248 -0.041010 -0.471937
v -0.061406 -0.042965 -0.467111
v -0.071761 -0.044811 -0.460970
v -0.063103 -0.060843 -0.472415
v -0.074027 -0.062849 -0.466062
v -0.051447 -0.058802 -0.477420
v -0.081260 -0.046508 -0.453517
v -0.089847 -0.048014 -0.444754
v -0.084128 -0.064756 -0.458363
v -0.093317 -0.066498 -0.449321
v -0.075709 -0.081793 -0.469984
v -0.086301 -0.083944 -0.462255
v -0.095993 -0.085922 -0.453125
v -0.087716 -0.103724 -0.465076
v -0.097775 -0.105841 -0.455979
v -0.076774 -0.101434 -0.472705
v -0.052295 -0.077423 -0.481354
v -0.064335 -0.079580 -0.476341
v -0.065087 -0.099124 -0.478938
v -0.052789 -0.096944 -0.483850
v -0.013040 -0.035857 -0.479064
v -0.025878 -0.037171 -0.477776
v -0.013273 -0.053823 -0.484880
v -0.026373 -0.055056 -0.483520
v -0.038344 -0.038983 -0.475446
v -0.039151 -0.056794 -0.481078
v -0.026703 -0.073791 -0.487551
v -0.039705 -0.075435 -0.485053
v -0.040013 -0.095046 -0.487513
v -0.026879 -0.093543 -0.490018
v -0.013428 -0.072664 -0.488960
v -0.013507 -0.092548 -0.491449
v -0.013513 -0.113643 -0.492494
v -0.026904 -0.114478 -0.491068
v -0.013464 -0.135324 -0.492008
v -0.026808 -0.135975 -0.490611
v -0.040079 -0.115770 -0.488600
v -0.052929 -0.117443 -0.485019
v -0.039941 -0.136993 -0.488210
v -0.052755 -0.138328 -0.484752
v -0.026618 -0.157408 -0.488550
v -0.039634 -0.158101 -0.486243
v -0.052307 -0.159015 -0.482945
v -0.039196 -0.178479 -0.482598
v -0.051623 -0.178914 -0.479489
v -0.026363 -0.178152 -0.484793
v -0.013374 -0.156966 -0.489904
v -0.013257 -0.177945 -0.486096
v -0.065347 -0.119420 -0.480255
v -0.077188 -0.121566 -0.474193
v -0.065147 -0.139930 -0.480184
v -0.076972 -0.141713 -0.474348
v -0.088308 -0.123741 -0.466712
v -0.098565 -0.125808 -0.457698
v -0.088092 -0.143591 -0.467082
v -0.098362 -0.145477 -0.458229
v -0.076154 -0.161403 -0.473068
v -0.087077 -0.162864 -0.466102
v -0.097166 -0.164498 -0.457525
v -0.085276 -0.181155 -0.463691
v -0.094978 -0.182523 -0.455533
v -0.074755 -0.180160 -0.470256
v -0.064522 -0.160117 -0.478618
v -0.063507 -0.179444 -0.475448
v -0.050743 -0.197440 -0.474277
v -0.062135 -0.197373 -0.470568
v -0.072801 -0.197512 -0.465809
v -0.060755 -0.213854 -0.464207
v -0.070767 -0.213298 -0.460006
v -0.049884 -0.214562 -0.467544
v -0.082701 -0.198057 -0.459765
v -0.091797 -0.199206 -0.452204
v -0.079906 -0.213125 -0.454762
v -0.088161 -0.213884 -0.448114
v -0.069128 -0.227358 -0.453129
v -0.077444 -0.225919 -0.449114
v -0.084608 -0.225896 -0.443835
v -0.081908 -0.233787 -0.440394
v -0.076357 -0.236615 -0.442591
v -0.068480 -0.239687 -0.445291
v -0.059715 -0.228840 -0.456598
v -0.049259 -0.230252 -0.459520
v -0.059361 -0.242281 -0.447971
v -0.049088 -0.244483 -0.450440
v -0.013127 -0.197637 -0.480495
v -0.026067 -0.197585 -0.479247
v -0.013014 -0.216023 -0.473320
v -0.025800 -0.215688 -0.472132
v -0.038663 -0.197515 -0.477173
v -0.038160 -0.215188 -0.470196
v -0.025627 -0.232449 -0.463673
v -0.037814 -0.231480 -0.461898
v -0.037751 -0.246371 -0.452506
v -0.025616 -0.247847 -0.454089
v -0.012945 -0.233088 -0.464785
v -0.012948 -0.248812 -0.455105
v -0.013052 -0.263180 -0.444495
v -0.025831 -0.261869 -0.443604
v -0.026216 -0.274321 -0.432342
v -0.013232 -0.275983 -0.433090
v -0.038095 -0.259843 -0.442251
v -0.049584 -0.257223 -0.440535
v -0.050550 -0.268355 -0.429893
v -0.038732 -0.271731 -0.431240
v -0.039550 -0.281869 -0.419583
v -0.026707 -0.285006 -0.420427
v -0.051786 -0.277755 -0.418602
v -0.053094 -0.285303 -0.406749
v -0.040429 -0.290090 -0.407391
v -0.027246 -0.293734 -0.407987
v -0.013462 -0.287013 -0.421024
v -0.013717 -0.296060 -0.408429
v -0.060041 -0.254129 -0.438557
v -0.069422 -0.250278 -0.436603
v -0.071392 -0.259232 -0.427092
v -0.061433 -0.264327 -0.428413
v -0.077682 -0.245390 -0.434962
v -0.084751 -0.238503 -0.434622
v -0.088557 -0.244015 -0.426269
v -0.080433 -0.252656 -0.426221
v -0.083623 -0.258829 -0.416366
v -0.073832 -0.266647 -0.416782
v -0.092582 -0.248953 -0.416565
v -0.096337 -0.252986 -0.405869
v -0.086740 -0.263738 -0.405617
v -0.076300 -0.272476 -0.405753
v -0.063217 -0.272818 -0.417598
v -0.065068 -0.279548 -0.406166
v -0.066667 -0.284462 -0.394178
v -0.054276 -0.290881 -0.394422
v -0.078356 -0.276672 -0.394086
v -0.079922 -0.279425 -0.381941
v -0.067923 -0.287738 -0.381772
v -0.055239 -0.294651 -0.381742
v -0.089270 -0.267214 -0.394191
v -0.099336 -0.255788 -0.394536
v -0.101534 -0.257545 -0.382712
v -0.091154 -0.269450 -0.382251
v -0.092332 -0.270638 -0.369959
v -0.080924 -0.280926 -0.369471
v -0.102887 -0.258450 -0.370541
v -0.103351 -0.258692 -0.358168
v -0.092744 -0.270971 -0.357475
v -0.081282 -0.281363 -0.356836
v -0.068747 -0.289559 -0.369092
v -0.055891 -0.296782 -0.368833
v -0.069051 -0.290106 -0.356276
v -0.056139 -0.297437 -0.355817
v -0.013972 -0.302917 -0.395439
v -0.027772 -0.300309 -0.395144
v -0.028226 -0.304851 -0.382005
v -0.014195 -0.307684 -0.382157
v -0.041259 -0.296230 -0.394774
v -0.041957 -0.300431 -0.381843
v -0.042441 -0.302838 -0.368710
v -0.028546 -0.307481 -0.368677
v -0.042629 -0.303592 -0.355486
v -0.028673 -0.308317 -0.355268
v -0.014355 -0.310463 -0.368692
v -0.014419 -0.311356 -0.355147
v -0.014355 -0.310463 -0.341628
v -0.028546 -0.307481 -0.341883
v -0.014195 -0.307684 -0.328222
v -0.028225 -0.304851 -0.328612
v -0.042441 -0.302838 -0.342284
v -0.055891 -0.296782 -0.342818
v -0.055232 -0.294651 -0.329946
v -0.041954 -0.300431 -0.329202
v -0.027770 -0.300309 -0.315546
v -0.041249 -0.296230 -0.316335
v -0.054251 -0.290881 -0.317312
v -0.040403 -0.290090 -0.303782
v -0.053029 -0.285304 -0.305029
v -0.027239 -0.293734 -0.302774
v -0.013972 -0.302917 -0.315016
v -0.013717 -0.296060 -0.302096
v -0.068747 -0.289559 -0.343467
v -0.080923 -0.280927 -0.344194
v -0.079899 -0.279425 -0.331703
v -0.067909 -0.287738 -0.330799
v -0.092331 -0.270642 -0.344963
v -0.102882 -0.258461 -0.345736
v -0.101479 -0.257544 -0.333424
v -0.091118 -0.269450 -0.332597
v -0.089133 -0.267193 -0.320551
v -0.078266 -0.276667 -0.319518
v -0.099142 -0.255733 -0.321408
v -0.095870 -0.252814 -0.309865
v -0.086406 -0.263669 -0.309001
v -0.076079 -0.272459 -0.307799
v -0.066614 -0.284462 -0.318406
v -0.064937 -0.279548 -0.306422
v -0.051655 -0.277755 -0.293207
v -0.062955 -0.272818 -0.294981
v -0.073392 -0.266610 -0.296704
v -0.060892 -0.264141 -0.284272
v -0.070586 -0.259005 -0.286428
v -0.050217 -0.268155 -0.282079
v -0.082962 -0.258679 -0.298121
v -0.091661 -0.248576 -0.298972
v -0.079319 -0.252271 -0.288216
v -0.087076 -0.243286 -0.289138
v -0.068042 -0.249535 -0.277166
v -0.075994 -0.244495 -0.279592
v -0.082670 -0.237213 -0.280773
v -0.058971 -0.253391 -0.274487
v -0.048800 -0.256426 -0.271877
v -0.013462 -0.287013 -0.289551
v -0.026695 -0.285006 -0.290386
v -0.013191 -0.275759 -0.277689
v -0.026117 -0.274100 -0.278677
v -0.039497 -0.281869 -0.291640
v -0.038541 -0.271520 -0.280177
v -0.025489 -0.260990 -0.267938
v -0.037550 -0.258999 -0.269659
v -0.012886 -0.262281 -0.266821
v -0.087906 -0.226625 -0.279716
v -0.093840 -0.231402 -0.288698
v -0.099632 -0.217132 -0.287410
v -0.092183 -0.213204 -0.277475
v -0.099487 -0.235852 -0.299001
v -0.104420 -0.239527 -0.310230
v -0.111871 -0.224227 -0.310183
v -0.106281 -0.220985 -0.298432
v -0.111885 -0.204456 -0.297492
v -0.104470 -0.200988 -0.285787
v -0.118030 -0.207333 -0.309811
v -0.122707 -0.189261 -0.309200
v -0.116145 -0.186743 -0.296405
v -0.108173 -0.183593 -0.284189
v -0.095979 -0.197424 -0.275095
v -0.098972 -0.180181 -0.273002
v -0.108216 -0.241984 -0.321991
v -0.110898 -0.243446 -0.334125
v -0.116143 -0.226322 -0.322302
v -0.119141 -0.227508 -0.334661
v -0.112490 -0.244140 -0.346477
v -0.113016 -0.244289 -0.358889
v -0.120908 -0.228021 -0.347130
v -0.121489 -0.228101 -0.359581
v -0.125970 -0.210083 -0.334990
v -0.127889 -0.210448 -0.347638
v -0.128521 -0.210470 -0.360185
v -0.133185 -0.191763 -0.347949
v -0.133861 -0.191735 -0.360644
v -0.131152 -0.191525 -0.335074
v -0.122703 -0.209126 -0.322345
v -0.127685 -0.190772 -0.322124
v -0.130870 -0.171639 -0.321640
v -0.125716 -0.170431 -0.308435
v -0.134452 -0.172186 -0.334874
v -0.135897 -0.152296 -0.334521
v -0.132285 -0.151957 -0.321060
v -0.127080 -0.151071 -0.307688
v -0.136551 -0.172307 -0.348005
v -0.137258 -0.172235 -0.360898
v -0.138020 -0.152303 -0.347883
v -0.138751 -0.152189 -0.360959
v -0.137625 -0.131971 -0.347656
v -0.135516 -0.132082 -0.334144
v -0.138379 -0.131814 -0.360839
v -0.136179 -0.111325 -0.360548
v -0.135401 -0.111536 -0.347400
v -0.133338 -0.111772 -0.333877
v -0.131952 -0.131957 -0.320551
v -0.126825 -0.131407 -0.307124
v -0.129897 -0.111870 -0.320280
v -0.124977 -0.111669 -0.306915
v -0.100837 -0.162373 -0.271616
v -0.110559 -0.165564 -0.282974
v -0.111682 -0.147096 -0.282193
v -0.101659 -0.144171 -0.270918
v -0.118899 -0.168328 -0.295397
v -0.120184 -0.149422 -0.294592
v -0.120034 -0.130244 -0.294113
v -0.111595 -0.128385 -0.281902
v -0.118485 -0.111005 -0.294084
v -0.110352 -0.109625 -0.282153
v -0.101523 -0.125750 -0.270882
v -0.100513 -0.107280 -0.271487
v -0.112501 -0.244119 -0.371204
v -0.110977 -0.243448 -0.383328
v -0.120929 -0.227986 -0.371887
v -0.119252 -0.227504 -0.384019
v -0.108480 -0.242093 -0.395164
v -0.105042 -0.239873 -0.406616
v -0.116488 -0.226484 -0.395950
v -0.112664 -0.224755 -0.407652
v -0.126131 -0.210063 -0.384703
v -0.123151 -0.209316 -0.396767
v -0.119010 -0.207993 -0.408763
v -0.128255 -0.190941 -0.397491
v -0.123890 -0.189944 -0.409743
v -0.131380 -0.191472 -0.385301
v -0.127929 -0.210394 -0.372525
v -0.133255 -0.191687 -0.373056
v -0.100700 -0.236605 -0.417590
v -0.095767 -0.232723 -0.427703
v -0.107806 -0.222146 -0.419096
v -0.102048 -0.219116 -0.429906
v -0.090559 -0.228658 -0.436575
v -0.095521 -0.216121 -0.439703
v -0.107386 -0.203530 -0.432258
v -0.100050 -0.201159 -0.442891
v -0.103769 -0.184355 -0.445562
v -0.111569 -0.186382 -0.434275
v -0.113731 -0.205936 -0.420738
v -0.118302 -0.188334 -0.422170
v -0.127111 -0.170967 -0.410381
v -0.121350 -0.169701 -0.423047
v -0.114384 -0.168087 -0.435475
v -0.122893 -0.150295 -0.423271
v -0.115847 -0.148923 -0.435804
v -0.128699 -0.151307 -0.410549
v -0.106296 -0.166296 -0.447142
v -0.107641 -0.147286 -0.447631
v -0.115970 -0.129165 -0.435211
v -0.107813 -0.127631 -0.447030
v -0.106820 -0.107637 -0.445342
v -0.114769 -0.109092 -0.433641
v -0.128674 -0.131207 -0.410122
v -0.122951 -0.130371 -0.422741
v -0.121544 -0.110190 -0.421358
v -0.127064 -0.110912 -0.408973
v -0.136665 -0.172207 -0.373419
v -0.134773 -0.172078 -0.385730
v -0.138195 -0.152170 -0.373564
v -0.136340 -0.152107 -0.385896
v -0.131587 -0.171713 -0.397996
v -0.133177 -0.151865 -0.398158
v -0.136118 -0.131781 -0.385705
v -0.133056 -0.131631 -0.397854
v -0.131251 -0.111243 -0.396962
v -0.134142 -0.111324 -0.385064
v -0.137885 -0.131796 -0.373445
v -0.135772 -0.111303 -0.373014
v -0.131893 -0.090909 -0.372225
v -0.132189 -0.090941 -0.360097
v -0.130445 -0.090959 -0.383878
v -0.125337 -0.070932 -0.382277
v -0.126567 -0.070863 -0.371140
v -0.126727 -0.070918 -0.359478
v -0.127793 -0.090931 -0.395360
v -0.123892 -0.090668 -0.406975
v -0.119425 -0.070760 -0.404357
v -0.122977 -0.070954 -0.393234
v -0.117098 -0.051567 -0.390771
v -0.119131 -0.051489 -0.380391
v -0.113935 -0.051478 -0.401349
v -0.107692 -0.033106 -0.398180
v -0.110450 -0.033023 -0.388159
v -0.112136 -0.032873 -0.378350
v -0.120111 -0.051412 -0.369822
v -0.120113 -0.051509 -0.358679
v -0.112844 -0.032806 -0.368333
v -0.112663 -0.032969 -0.357693
v -0.118689 -0.090009 -0.419024
v -0.112259 -0.088981 -0.431044
v -0.114621 -0.070178 -0.415990
v -0.108627 -0.069248 -0.427671
v -0.104669 -0.087610 -0.442566
v -0.101504 -0.068008 -0.438936
v -0.104061 -0.050313 -0.423777
v -0.097467 -0.049292 -0.434684
v -0.092698 -0.031920 -0.430041
v -0.098750 -0.032593 -0.419616
v -0.109570 -0.051051 -0.412509
v -0.103771 -0.032976 -0.408831
v -0.097453 -0.016306 -0.405210
v -0.100964 -0.015935 -0.395081
v -0.092883 -0.016506 -0.415441
v -0.086594 -0.002152 -0.411496
v -0.090651 -0.001184 -0.401846
v -0.093758 -0.000191 -0.392208
v -0.087341 -0.016351 -0.425241
v -0.081761 -0.002778 -0.420557
v -0.076323 0.008606 -0.416263
v -0.080017 0.010372 -0.408022
v -0.083396 0.012249 -0.398940
v -0.086082 0.013900 -0.389720
v -0.105082 -0.015293 -0.366738
v -0.104698 -0.015554 -0.356509
v -0.104663 -0.015333 -0.376284
v -0.096738 0.000889 -0.374301
v -0.096872 0.000916 -0.365129
v -0.096274 0.000561 -0.355210
v -0.103329 -0.015579 -0.385585
v -0.095744 0.000509 -0.383176
v -0.087703 0.014989 -0.381063
v -0.088387 0.015547 -0.372511
v -0.088260 0.015608 -0.363603
v -0.087452 0.015205 -0.353880
v -0.098713 -0.088935 -0.272711
v -0.108007 -0.091011 -0.283001
v -0.104559 -0.072751 -0.284268
v -0.096019 -0.070953 -0.274399
v -0.115570 -0.091919 -0.294631
v -0.121563 -0.092084 -0.307226
v -0.116782 -0.072880 -0.307843
v -0.111398 -0.073200 -0.295549
v -0.106078 -0.055057 -0.296636
v -0.100009 -0.055052 -0.285782
v -0.110839 -0.054285 -0.308550
v -0.103933 -0.036528 -0.309127
v -0.099716 -0.037702 -0.297691
v -0.094357 -0.038123 -0.287368
v -0.092327 -0.053568 -0.276396
v -0.087530 -0.037016 -0.278548
v -0.126144 -0.091927 -0.320413
v -0.129391 -0.091591 -0.333849
v -0.123972 -0.071793 -0.333914
v -0.120957 -0.072370 -0.320756
v -0.131380 -0.091215 -0.347191
v -0.125879 -0.071268 -0.346945
v -0.119210 -0.051948 -0.346579
v -0.117381 -0.052627 -0.333923
v -0.111689 -0.033512 -0.346011
v -0.109913 -0.034345 -0.333729
v -0.114598 -0.053440 -0.321112
v -0.107330 -0.035380 -0.321286
v -0.099416 -0.018431 -0.321084
v -0.096269 -0.019838 -0.309359
v -0.101869 -0.017198 -0.333183
v -0.093286 -0.001322 -0.332339
v -0.090901 -0.002731 -0.320527
v -0.087927 -0.004371 -0.309222
v -0.103628 -0.016215 -0.345157
v -0.095078 -0.000204 -0.344090
v -0.086090 0.014371 -0.342880
v -0.084205 0.013149 -0.331252
v -0.081828 0.011583 -0.319638
v -0.078989 0.009719 -0.308689
v -0.081526 -0.021534 -0.280700
v -0.087602 -0.022172 -0.288850
v -0.080084 -0.007484 -0.290076
v -0.074938 -0.007600 -0.282700
v -0.092424 -0.021346 -0.298509
v -0.084368 -0.006182 -0.298994
v -0.075719 0.007599 -0.299048
v -0.072144 0.005651 -0.290891
v -0.068387 0.004304 -0.284396
v -0.006817 0.001184 -0.244773
v -0.013665 0.003118 -0.245436
v -0.013340 0.006936 -0.231080
v -0.006782 0.004836 -0.230685
v -0.020605 0.006124 -0.246840
v -0.026619 0.010509 -0.248584
v -0.024741 0.014406 -0.232792
v -0.019484 0.010156 -0.231815
v -0.019076 0.011500 -0.203705
v -0.013199 0.008209 -0.203335
v -0.024095 0.015704 -0.204225
v -0.024169 0.015704 -0.158112
v -0.019109 0.011500 -0.157845
v -0.013211 0.008209 -0.157653
v -0.006750 0.006054 -0.203114
v -0.006753 0.006054 -0.157538
v -0.030690 0.016584 -0.250269
v -0.033124 0.023357 -0.252108
v -0.031250 0.025361 -0.235230
v -0.028637 0.019594 -0.233910
v -0.034228 0.029841 -0.254308
v -0.034223 0.036134 -0.256888
v -0.032920 0.037470 -0.238668
v -0.032658 0.031349 -0.236813
v -0.032274 0.031851 -0.206712
v -0.030699 0.026029 -0.205722
v -0.032690 0.037914 -0.207872
v -0.033085 0.037914 -0.159981
v -0.032583 0.031851 -0.159388
v -0.030922 0.026029 -0.158881
v -0.027971 0.020597 -0.204895
v -0.028111 0.020597 -0.158457
v -0.033331 0.042335 -0.259862
v -0.031508 0.048443 -0.263470
v -0.030204 0.049681 -0.243158
v -0.032091 0.043634 -0.240807
v -0.028714 0.054458 -0.267958
v -0.024682 0.060060 -0.271832
v -0.023316 0.060680 -0.247787
v -0.027287 0.055444 -0.245653
v -0.027143 0.055773 -0.211914
v -0.030078 0.050094 -0.210598
v -0.023184 0.060886 -0.213032
v -0.023691 0.060887 -0.162612
v -0.027676 0.055773 -0.162040
v -0.030595 0.050094 -0.161369
v -0.031942 0.044067 -0.209210
v -0.032410 0.044067 -0.160662
v -0.019149 0.064926 -0.273600
v -0.012830 0.068691 -0.274212
v -0.012490 0.068593 -0.249744
v -0.018265 0.065143 -0.249057
v -0.006440 0.070982 -0.274612
v -0.006345 0.070791 -0.250130
v -0.006419 0.070727 -0.214618
v -0.012578 0.068561 -0.214343
v -0.006579 0.070727 -0.163431
v -0.012884 0.068561 -0.163287
v -0.018248 0.065215 -0.213828
v -0.018674 0.065215 -0.163020
v -0.006820 0.006054 -0.089435
v -0.013347 0.008209 -0.089485
v -0.013543 0.008209 -0.008397
v -0.006919 0.006054 -0.008381
v -0.019317 0.011500 -0.089567
v -0.024452 0.015704 -0.089682
v -0.024835 0.015704 -0.008459
v -0.019608 0.011500 -0.008422
v -0.013734 0.008209 0.076044
v -0.019892 0.011500 0.076040
v -0.025207 0.015704 0.076034
v -0.020077 0.011500 0.154272
v -0.025461 0.015704 0.154271
v -0.013855 0.008209 0.154273
v -0.007015 0.006054 0.076047
v -0.007075 0.006054 0.154274
v -0.028475 0.020597 -0.089828
v -0.031363 0.026029 -0.090008
v -0.031908 0.026029 -0.008557
v -0.028943 0.020597 -0.008503
v -0.033098 0.031851 -0.090221
v -0.033657 0.037914 -0.090470
v -0.034305 0.037914 -0.008692
v -0.033704 0.031851 -0.008619
v -0.034292 0.031851 0.076011
v -0.032439 0.026029 0.076020
v -0.034927 0.037914 0.076000
v -0.034750 0.031851 0.154261
v -0.035423 0.037914 0.154255
v -0.032838 0.026029 0.154265
v -0.029401 0.020597 0.076028
v -0.029728 0.020597 0.154269
v -0.033020 0.044067 -0.090754
v -0.031218 0.050094 -0.091049
v -0.031872 0.050094 -0.008859
v -0.033685 0.044067 -0.008774
v -0.028281 0.055773 -0.091329
v -0.024239 0.060886 -0.091568
v -0.024781 0.060887 -0.009010
v -0.028895 0.055773 -0.008940
v -0.029455 0.055773 0.075966
v -0.032479 0.050094 0.075978
v -0.025268 0.060886 0.075955
v -0.025650 0.060887 0.154221
v -0.029900 0.055773 0.154228
v -0.032966 0.050094 0.154237
v -0.034314 0.044067 0.075989
v -0.034818 0.044067 0.154246
v -0.019124 0.065215 -0.091743
v -0.013202 0.068561 -0.091857
v -0.013507 0.068561 -0.009099
v -0.019560 0.065215 -0.009063
v -0.006743 0.070727 -0.091921
v -0.006900 0.070727 -0.009121
v -0.007037 0.070727 0.075935
v -0.013775 0.068561 0.075939
v -0.007144 0.070727 0.154212
v -0.013984 0.068561 0.154213
v -0.019947 0.065215 0.075946
v -0.020249 0.065215 0.154216
v -0.007064 0.006054 0.216723
v -0.013842 0.008209 0.216724
v -0.007009 0.006054 0.265037
v -0.013740 0.008209 0.265038
v -0.020073 0.011500 0.216725
v -0.025488 0.015704 0.216725
v -0.025360 0.015704 0.265043
v -0.019945 0.011500 0.265040
v -0.019756 0.011500 0.300862
v -0.013596 0.008209 0.300859
v -0.025157 0.015704 0.300865
v -0.024954 0.015704 0.325837
v -0.019570 0.011500 0.325834
v -0.013457 0.008209 0.325832
v -0.006932 0.006054 0.300857
v -0.006858 0.006054 0.325830
v -0.029810 0.020597 0.216726
v -0.032988 0.026029 0.216726
v -0.029724 0.020597 0.265045
v -0.032965 0.026029 0.265046
v -0.034967 0.031851 0.216723
v -0.035692 0.037914 0.216718
v -0.035012 0.031851 0.265044
v -0.035795 0.037914 0.265036
v -0.032844 0.026029 0.300869
v -0.034954 0.031851 0.300865
v -0.035793 0.037914 0.300856
v -0.035746 0.037914 0.325821
v -0.034861 0.031851 0.325835
v -0.032700 0.026029 0.325839
v -0.029549 0.020597 0.300868
v -0.029364 0.020597 0.325839
v -0.035109 0.044067 0.216708
v -0.033255 0.050094 0.216698
v -0.033396 0.050094 0.265007
v -0.035242 0.044067 0.265023
v -0.030166 0.055773 0.216687
v -0.025879 0.060886 0.216679
v -0.025994 0.060887 0.264980
v -0.030300 0.055773 0.264992
v -0.030344 0.055773 0.300793
v -0.033441 0.050094 0.300814
v -0.026032 0.060886 0.300777
v -0.026032 0.060887 0.325720
v -0.030344 0.055773 0.325740
v -0.033436 0.050094 0.325767
v -0.035272 0.044067 0.300837
v -0.035253 0.044067 0.325796
v -0.020430 0.065215 0.216675
v -0.014109 0.068561 0.216675
v -0.020521 0.065215 0.264977
v -0.014172 0.068561 0.264979
v -0.007207 0.070727 0.216677
v -0.007240 0.070727 0.264982
v -0.014192 0.068561 0.300775
v -0.007250 0.070727 0.300780
v -0.007250 0.070727 0.325724
v -0.014192 0.068561 0.325717
v -0.020550 0.065215 0.300773
v -0.020550 0.065215 0.325714
v 0.024681 0.015704 0.365326
v 0.024675 0.015704 0.375943
v 0.019320 0.011500 0.365327
v 0.019315 0.011500 0.375944
v 0.013263 0.008209 0.365327
v 0.013258 0.008209 0.375944
v 0.019312 0.011500 0.389159
v 0.013256 0.008209 0.389160
v 0.024672 0.015704 0.389158
v 0.006740 0.006054 0.365327
v 0.006737 0.006054 0.375944
v -0.000015 0.005262 0.365327
v -0.000015 0.005262 0.375944
v 0.006736 0.006054 0.389160
v -0.000015 0.005262 0.389160
v 0.013256 0.008209 0.404108
v 0.006736 0.006054 0.404109
v -0.000015 0.005262 0.404109
v 0.006736 0.006054 0.419923
v -0.000015 0.005262 0.419923
v 0.013256 0.008209 0.419923
v 0.024671 0.015704 0.404106
v 0.019311 0.011500 0.404107
v 0.019311 0.011500 0.419922
v 0.024671 0.015704 0.419921
v 0.035661 0.037914 0.365290
v 0.035660 0.037914 0.375903
v 0.034721 0.031851 0.365312
v 0.034718 0.031851 0.375926
v 0.032500 0.026029 0.365322
v 0.032495 0.026029 0.375938
v 0.034717 0.031851 0.389140
v 0.032493 0.026029 0.389152
v 0.035659 0.037914 0.389118
v 0.029114 0.020597 0.365326
v 0.029109 0.020597 0.375943
v 0.029106 0.020597 0.389157
v 0.032493 0.026029 0.404101
v 0.029105 0.020597 0.404105
v 0.029105 0.020597 0.419920
v 0.032493 0.026029 0.419915
v 0.035659 0.037914 0.404066
v 0.034717 0.031851 0.404088
v 0.034717 0.031851 0.419903
v 0.035659 0.037914 0.419880
v 0.026609 0.070281 0.361178
v 0.028800 0.072099 0.372714
v 0.030738 0.059064 0.363762
v 0.031261 0.060065 0.374341
v 0.033506 0.050916 0.364860
v 0.033637 0.051167 0.375463
v 0.031745 0.060723 0.387639
v 0.033757 0.051332 0.388698
v 0.029687 0.073382 0.385716
v 0.035201 0.044067 0.365254
v 0.035201 0.044067 0.375867
v 0.035200 0.044067 0.389081
v 0.033798 0.051453 0.403592
v 0.035200 0.044067 0.404029
v 0.035200 0.044067 0.419842
v 0.033798 0.051555 0.419313
v 0.029983 0.074484 0.399977
v 0.031906 0.061212 0.402369
v 0.031906 0.061617 0.417814
v 0.029983 0.075496 0.414868
v 0.003127 0.259890 0.085618
v -0.000015 0.259857 0.085454
v 0.002907 0.264075 0.073865
v -0.000015 0.264106 0.073697
v 0.006064 0.259894 0.088098
v 0.005702 0.263831 0.076710
v 0.005558 0.267628 0.074588
v 0.002797 0.268139 0.071635
v -0.000015 0.268263 0.071464
v 0.008592 0.259770 0.094887
v 0.008244 0.263222 0.084567
v 0.010294 0.259606 0.103816
v 0.010570 0.261846 0.099050
v 0.010755 0.264813 0.098412
v 0.008215 0.266586 0.082761
v 0.005510 0.271212 0.079279
v 0.008205 0.269878 0.087494
v 0.010817 0.267882 0.103409
v 0.008205 0.272972 0.096280
v 0.010817 0.270891 0.111928
v 0.005510 0.274477 0.088197
v -0.000015 0.272179 0.076137
v 0.002761 0.271954 0.076310
v 0.002761 0.275392 0.085273
v -0.000015 0.275702 0.085101
v -0.006769 0.006054 0.365327
v -0.006767 0.006054 0.375944
v -0.013292 0.008209 0.365327
v -0.013288 0.008209 0.375944
v -0.006767 0.006054 0.389160
v -0.013286 0.008209 0.389160
v -0.019350 0.011500 0.365327
v -0.019345 0.011500 0.375944
v -0.024712 0.015704 0.365326
v -0.024706 0.015704 0.375943
v -0.019342 0.011500 0.389159
v -0.024703 0.015704 0.389158
v -0.013285 0.008209 0.404108
v -0.019341 0.011500 0.404107
v -0.024702 0.015704 0.404106
v -0.019341 0.011500 0.419922
v -0.024702 0.015704 0.419921
v -0.013285 0.008209 0.419923
v -0.006767 0.006054 0.404109
v -0.006767 0.006054 0.419923
v -0.029144 0.020597 0.365326
v -0.029138 0.020597 0.375943
v -0.032529 0.026029 0.365322
v -0.032525 0.026029 0.375938
v -0.032523 0.026029 0.389152
v -0.029136 0.020597 0.389157
v -0.034752 0.031851 0.365312
v -0.034749 0.031851 0.375926
v -0.035691 0.037914 0.365290
v -0.035690 0.037914 0.375903
v -0.035689 0.037914 0.389118
v -0.034748 0.031851 0.389140
v -0.034747 0.031851 0.404088
v -0.032523 0.026029 0.404100
v -0.035689 0.037914 0.404066
v -0.035689 0.037914 0.419880
v -0.034747 0.031851 0.419903
v -0.032523 0.026029 0.419915
v -0.029135 0.020597 0.404105
v -0.029135 0.020597 0.419920
v -0.035232 0.044067 0.365254
v -0.035231 0.044067 0.375867
v -0.033536 0.050916 0.364860
v -0.033667 0.051167 0.375463
v -0.033787 0.051332 0.388698
v -0.035231 0.044067 0.389081
v -0.030768 0.059064 0.363762
v -0.031290 0.060065 0.374341
v -0.026640 0.070281 0.361178
v -0.028831 0.072099 0.372714
v -0.029717 0.073382 0.385716
v -0.031775 0.060723 0.387639
v -0.031937 0.061212 0.402369
v -0.033828 0.051453 0.403592
v -0.030012 0.074484 0.399977
v -0.030012 0.075496 0.414868
v -0.031937 0.061617 0.417814
v -0.033828 0.051555 0.419313
v -0.035231 0.044067 0.404029
v -0.035231 0.044067 0.419842
v -0.010324 0.259606 0.103816
v -0.010599 0.261846 0.099050
v -0.008622 0.259770 0.094887
v -0.008273 0.263222 0.084567
v -0.006094 0.259894 0.088098
v -0.005733 0.263831 0.076710
v -0.008244 0.266586 0.082761
v -0.005589 0.267628 0.074588
v -0.010786 0.264813 0.098412
v -0.003157 0.259890 0.085618
v -0.002937 0.264075 0.073865
v -0.002828 0.268139 0.071635
v -0.002791 0.271954 0.076310
v -0.005540 0.271212 0.079279
v -0.002791 0.275392 0.085273
v -0.005540 0.274477 0.088197
v -0.008235 0.269878 0.087494
v -0.010847 0.267882 0.103409
v -0.008235 0.272972 0.096280
v -0.010847 0.270891 0.111928
v 0.021496 0.018580 0.507650
v 0.018701 0.021077 0.507904
v 0.016816 0.014960 0.507623
v 0.014681 0.017736 0.507886
v 0.011520 0.012137 0.507595
v 0.010185 0.015166 0.507868
v 0.008908 0.018092 0.507985
v 0.011287 0.021027 0.508029
v 0.014661 0.024727 0.508031
v -0.000015 0.009547 0.507652
v 0.005847 0.010254 0.507624
v -0.000015 0.013393 0.507906
v 0.005206 0.013786 0.507887
v -0.000015 0.018884 0.508033
v 0.005067 0.018520 0.508030
v -0.000015 0.038223 0.508027
v -0.000015 0.026298 0.508062
v 0.009093 0.029836 0.508059
v 0.006087 0.024510 0.508069
v 0.031063 0.037964 0.507612
v 0.027004 0.038026 0.507866
v 0.030211 0.032697 0.507605
v 0.026465 0.033323 0.507867
v 0.028242 0.027622 0.507589
v 0.024967 0.028845 0.507861
v 0.021829 0.030002 0.507977
v 0.021404 0.033492 0.508012
v 0.021142 0.038098 0.507996
v 0.022255 0.024771 0.507884
v 0.025321 0.022859 0.507621
v 0.018650 0.027837 0.508026
v 0.013081 0.038163 0.508034
v 0.014906 0.032579 0.508058
v 0.026357 0.053514 0.507482
v 0.022630 0.057980 0.507485
v 0.023117 0.051586 0.507766
v 0.019621 0.055436 0.507764
v 0.029026 0.048545 0.507489
v 0.025650 0.047358 0.507773
v 0.022385 0.046246 0.507902
v 0.019275 0.048504 0.507937
v 0.015303 0.051740 0.507927
v 0.026839 0.042770 0.507821
v 0.030631 0.043304 0.507552
v 0.021741 0.042718 0.507969
v 0.009423 0.046613 0.507996
v 0.015233 0.043750 0.508011
v 0.006267 0.066486 0.507454
v -0.000015 0.067190 0.507486
v 0.005580 0.062923 0.507734
v -0.000015 0.063314 0.507755
v 0.012304 0.064589 0.507421
v 0.010868 0.061523 0.507714
v 0.009466 0.058553 0.507850
v 0.005403 0.058134 0.507902
v -0.000015 0.057770 0.507909
v 0.017853 0.061713 0.507448
v 0.015544 0.058888 0.507735
v 0.011912 0.055553 0.507908
v -0.000015 0.050263 0.507981
v 0.006415 0.052053 0.507975
v -0.005877 0.010254 0.507624
v -0.005236 0.013786 0.507887
v -0.011551 0.012137 0.507595
v -0.010215 0.015166 0.507868
v -0.008939 0.018092 0.507985
v -0.005096 0.018520 0.508030
v -0.021526 0.018580 0.507650
v -0.016847 0.014960 0.507623
v -0.018732 0.021077 0.507904
v -0.014711 0.017736 0.507886
v -0.014691 0.024727 0.508031
v -0.011318 0.021027 0.508029
v -0.009123 0.029836 0.508059
v -0.006118 0.024510 0.508069
v -0.025350 0.022859 0.507621
v -0.022285 0.024771 0.507884
v -0.028272 0.027622 0.507589
v -0.024998 0.028845 0.507861
v -0.021858 0.030002 0.507977
v -0.018680 0.027837 0.508026
v -0.031092 0.037964 0.507612
v -0.030241 0.032697 0.507605
v -0.027034 0.038026 0.507866
v -0.026495 0.033323 0.507867
v -0.021173 0.038098 0.507996
v -0.021434 0.033492 0.508012
v -0.013111 0.038163 0.508034
v -0.014936 0.032579 0.508058
v -0.030661 0.043304 0.507552
v -0.026869 0.042770 0.507821
v -0.029056 0.048545 0.507489
v -0.025681 0.047358 0.507773
v -0.022416 0.046246 0.507902
v -0.021770 0.042718 0.507969
v -0.019652 0.055436 0.507765
v -0.022660 0.057980 0.507485
v -0.023148 0.051586 0.507766
v -0.026387 0.053514 0.507482
v -0.015333 0.051740 0.507927
v -0.019305 0.048504 0.507937
v -0.009453 0.046613 0.507996
v -0.015263 0.043750 0.508011
v -0.017882 0.061713 0.507448
v -0.015574 0.058888 0.507735
v -0.012335 0.064589 0.507421
v -0.010898 0.061523 0.507714
v -0.011942 0.055553 0.507908
v -0.009496 0.058553 0.507850
v -0.006297 0.066486 0.507454
v -0.005610 0.062923 0.507734
v -0.005433 0.058134 0.507902
v -0.006445 0.052053 0.507975
v 0.007085 0.081878 0.353887
v -0.000015 0.082528 0.353870
v 0.006949 0.093029 0.353238
v -0.000015 0.093541 0.353198
v 0.013972 0.079844 0.354545
v 0.013619 0.091613 0.354073
v 0.013185 0.106741 0.352051
v 0.006780 0.107424 0.351134
v -0.000015 0.107774 0.351069
v 0.020436 0.076339 0.356451
v 0.019701 0.089413 0.356424
v 0.024416 0.087914 0.361572
v 0.023149 0.106181 0.359472
v 0.018812 0.106091 0.354543
v 0.018166 0.123970 0.350517
v 0.012794 0.123684 0.348085
v 0.022298 0.125131 0.355116
v 0.021701 0.143813 0.348317
v 0.017679 0.142014 0.344066
v 0.012451 0.141238 0.341786
v 0.006596 0.123850 0.347158
v -0.000015 0.124046 0.347071
v 0.006419 0.141089 0.340889
v -0.000015 0.141172 0.340786
v 0.026985 0.088603 0.370798
v 0.028108 0.090447 0.382737
v 0.026915 0.110225 0.378326
v 0.025686 0.107720 0.367704
v 0.028482 0.092411 0.396029
v 0.028482 0.094434 0.409996
v 0.027324 0.116436 0.403269
v 0.027324 0.113210 0.390428
v 0.026431 0.135102 0.383075
v 0.026018 0.131022 0.372104
v 0.026431 0.139507 0.394757
v 0.025722 0.161650 0.384528
v 0.025722 0.156305 0.373874
v 0.025320 0.151313 0.363862
v 0.024778 0.127590 0.362548
v 0.024113 0.147031 0.355129
v 0.026609 0.075169 0.471716
v 0.024416 0.101374 0.459141
v 0.020436 0.083730 0.474233
v 0.019701 0.105246 0.463536
v 0.013972 0.088532 0.475139
v 0.013619 0.109253 0.464903
v 0.018812 0.132056 0.450804
v 0.013185 0.135062 0.452398
v 0.023149 0.128710 0.446655
v 0.007085 0.091157 0.475358
v 0.006949 0.111586 0.465185
v -0.000015 0.091925 0.475295
v -0.000015 0.112335 0.465054
v 0.006780 0.137037 0.452643
v -0.000015 0.137768 0.452429
v 0.012794 0.162456 0.438376
v 0.006596 0.164359 0.438418
v -0.000015 0.165082 0.438112
v 0.006419 0.190400 0.423192
v -0.000015 0.191137 0.422798
v 0.012451 0.188409 0.423415
v 0.022298 0.156180 0.433414
v 0.018166 0.159641 0.437028
v 0.017679 0.185381 0.422503
v 0.021701 0.181534 0.419495
v -0.024446 0.087914 0.361572
v -0.020465 0.076339 0.356451
v -0.019731 0.089413 0.356424
v -0.014002 0.079844 0.354546
v -0.013650 0.091613 0.354073
v -0.018842 0.106091 0.354543
v -0.013216 0.106741 0.352051
v -0.023179 0.106181 0.359472
v -0.007114 0.081878 0.353887
v -0.006979 0.093029 0.353238
v -0.006810 0.107424 0.351134
v -0.012825 0.123684 0.348085
v -0.006626 0.123850 0.347158
v -0.006449 0.141089 0.340889
v -0.012482 0.141238 0.341786
v -0.022329 0.125131 0.355116
v -0.018197 0.123970 0.350517
v -0.017709 0.142014 0.344066
v -0.021730 0.143813 0.348317
v -0.007114 0.091157 0.475358
v -0.006979 0.111587 0.465185
v -0.014002 0.088532 0.475139
v -0.013650 0.109253 0.464903
v -0.013216 0.135062 0.452398
v -0.006810 0.137037 0.452643
v -0.020465 0.083730 0.474233
v -0.019731 0.105246 0.463536
v -0.026640 0.075169 0.471716
v -0.024446 0.101374 0.459141
v -0.023179 0.128710 0.446655
v -0.018842 0.132056 0.450804
v -0.018197 0.159641 0.437028
v -0.012825 0.162456 0.438376
v -0.022329 0.156181 0.433414
v -0.021730 0.181534 0.419495
v -0.017709 0.185381 0.422503
v -0.012482 0.188409 0.423415
v -0.006626 0.164359 0.438418
v -0.006449 0.190400 0.423192
v -0.028511 0.094434 0.409996
v -0.028511 0.092411 0.396029
v -0.028138 0.090447 0.382737
v -0.027354 0.113210 0.390428
v -0.026945 0.110225 0.378326
v -0.027354 0.116436 0.403269
v -0.027015 0.088603 0.370798
v -0.025717 0.107720 0.367704
v -0.024808 0.127590 0.362548
v -0.026048 0.131022 0.372104
v -0.024143 0.147031 0.355129
v -0.025349 0.151313 0.363862
v -0.026460 0.139507 0.394757
v -0.026460 0.135102 0.383075
v -0.025752 0.156305 0.373874
v -0.025752 0.161650 0.384528
v 0.006268 0.157926 0.331907
v -0.000015 0.157966 0.331804
v 0.012158 0.158202 0.332762
v 0.011893 0.174285 0.321391
v 0.006132 0.174014 0.320585
v -0.000015 0.174059 0.320487
v 0.017264 0.159187 0.334909
v 0.021190 0.161276 0.338891
v 0.020729 0.177406 0.327191
v 0.016887 0.175279 0.323421
v 0.016516 0.190085 0.309976
v 0.011631 0.189196 0.308052
v 0.020272 0.192090 0.313563
v 0.019782 0.205213 0.298359
v 0.016116 0.203394 0.294948
v 0.011350 0.202645 0.293122
v 0.005996 0.189001 0.307293
v -0.000015 0.189076 0.307206
v 0.005850 0.202539 0.292405
v -0.000015 0.202646 0.292323
v 0.023547 0.164864 0.345251
v 0.024725 0.169576 0.353394
v 0.024185 0.185888 0.340922
v 0.023033 0.181070 0.333211
v 0.025117 0.175036 0.362726
v 0.025117 0.180872 0.372652
v 0.024569 0.197445 0.359158
v 0.024569 0.191475 0.349758
v 0.024030 0.205792 0.335098
v 0.023653 0.200328 0.326661
v 0.024030 0.211641 0.344073
v 0.023448 0.223733 0.327425
v 0.023448 0.218165 0.318873
v 0.023081 0.212974 0.310835
v 0.022527 0.195632 0.319303
v 0.021982 0.208532 0.303825
v 0.021190 0.202517 0.404976
v 0.017264 0.206655 0.407521
v 0.012158 0.209892 0.408089
v 0.016887 0.224039 0.391738
v 0.011893 0.227470 0.392032
v 0.020729 0.219699 0.389547
v 0.006268 0.212010 0.407651
v -0.000015 0.212790 0.407181
v 0.006132 0.229736 0.391418
v -0.000015 0.230576 0.390884
v 0.011631 0.241710 0.374875
v 0.005996 0.244119 0.374118
v -0.000015 0.245027 0.373533
v 0.005850 0.255706 0.355377
v -0.000015 0.256677 0.354750
v 0.011350 0.253175 0.356250
v 0.020272 0.233652 0.372899
v 0.016516 0.238116 0.374802
v 0.016116 0.249461 0.356367
v 0.019782 0.244946 0.354724
v -0.021221 0.161276 0.338891
v -0.017293 0.159187 0.334909
v -0.012189 0.158202 0.332762
v -0.016917 0.175279 0.323421
v -0.011923 0.174285 0.321391
v -0.020758 0.177406 0.327190
v -0.006298 0.157926 0.331907
v -0.006161 0.174014 0.320585
v -0.011662 0.189196 0.308052
v -0.006026 0.189001 0.307293
v -0.005881 0.202539 0.292405
v -0.011380 0.202645 0.293122
v -0.020302 0.192090 0.313563
v -0.016546 0.190085 0.309976
v -0.016146 0.203394 0.294948
v -0.019812 0.205213 0.298359
v -0.006298 0.212010 0.407651
v -0.012189 0.209892 0.408089
v -0.011923 0.227470 0.392032
v -0.006161 0.229736 0.391418
v -0.017293 0.206655 0.407521
v -0.021221 0.202517 0.404976
v -0.020758 0.219699 0.389547
v -0.016917 0.224039 0.391738
v -0.016546 0.238116 0.374802
v -0.011662 0.241710 0.374875
v -0.020302 0.233652 0.372899
v -0.019812 0.244946 0.354724
v -0.016146 0.249461 0.356367
v -0.011380 0.253175 0.356250
v -0.006026 0.244119 0.374118
v -0.005881 0.255706 0.355377
v -0.024059 0.211641 0.344073
v -0.023478 0.223733 0.327425
v -0.024059 0.205792 0.335098
v -0.023478 0.218165 0.318873
v -0.024600 0.197445 0.359158
v -0.024600 0.191475 0.349758
v -0.024216 0.185888 0.340922
v -0.023684 0.200328 0.326661
v -0.023112 0.212974 0.310835
v -0.025148 0.180872 0.372652
v -0.025148 0.175036 0.362726
v -0.024755 0.169576 0.353394
v -0.023577 0.164864 0.345251
v -0.023064 0.181070 0.333211
v -0.022557 0.195632 0.319303
v -0.022011 0.208532 0.303825
v 0.024671 0.015704 0.474885
v 0.024671 0.015704 0.482404
v 0.019311 0.011500 0.474885
v 0.019311 0.011500 0.482405
v 0.013256 0.008209 0.474886
v 0.013256 0.008209 0.482406
v 0.019311 0.011500 0.487465
v 0.013256 0.008209 0.487466
v 0.024671 0.015704 0.487464
v 0.006736 0.006054 0.474887
v 0.006736 0.006054 0.482406
v -0.000015 0.005262 0.474887
v -0.000015 0.005262 0.482407
v 0.006736 0.006054 0.487467
v -0.000015 0.005262 0.487467
v 0.013256 0.008209 0.490927
v 0.006736 0.006054 0.490928
v -0.000015 0.005262 0.490928
v 0.006736 0.006054 0.493648
v -0.000015 0.005262 0.493648
v 0.013256 0.008209 0.493647
v 0.024671 0.015704 0.490925
v 0.019311 0.011500 0.490926
v 0.019311 0.011500 0.493647
v 0.024671 0.015704 0.493646
v 0.035659 0.037914 0.474844
v 0.035659 0.037914 0.482364
v 0.034717 0.031851 0.474866
v 0.034717 0.031851 0.482386
v 0.032493 0.026029 0.474879
v 0.032493 0.026029 0.482398
v 0.034717 0.031851 0.487447
v 0.032493 0.026029 0.487458
v 0.035659 0.037914 0.487424
v 0.029105 0.020597 0.474883
v 0.029105 0.020597 0.482403
v 0.029105 0.020597 0.487463
v 0.032493 0.026029 0.490920
v 0.029105 0.020597 0.490924
v 0.029105 0.020597 0.493644
v 0.032493 0.026029 0.493640
v 0.035659 0.037914 0.490885
v 0.034717 0.031851 0.490907
v 0.034717 0.031851 0.493628
v 0.035659 0.037914 0.493605
v 0.026214 0.065977 0.481565
v 0.030738 0.060672 0.473699
v 0.030464 0.058484 0.481784
v 0.033506 0.051319 0.474508
v 0.033438 0.050771 0.482168
v 0.030351 0.056451 0.487188
v 0.033409 0.050264 0.487314
v 0.026055 0.062159 0.487112
v 0.035200 0.044067 0.474806
v 0.035200 0.044067 0.482325
v 0.035200 0.044067 0.487386
v 0.033399 0.050094 0.490804
v 0.035200 0.044067 0.490848
v 0.035200 0.044067 0.493568
v 0.033399 0.050094 0.493524
v 0.026002 0.060886 0.490734
v 0.030314 0.055773 0.490763
v 0.030314 0.055773 0.493483
v 0.026002 0.060887 0.493454
v -0.000015 0.079678 0.482457
v 0.007165 0.078898 0.482478
v 0.014119 0.076399 0.482357
v 0.007206 0.072770 0.487340
v 0.014151 0.070520 0.487304
v -0.000015 0.073556 0.487338
v 0.020616 0.072020 0.481904
v 0.020544 0.066916 0.487189
v 0.014162 0.068561 0.490727
v 0.020521 0.065215 0.490724
v 0.020521 0.065215 0.493444
v 0.014162 0.068561 0.493447
v -0.000015 0.071515 0.490739
v 0.007220 0.070727 0.490734
v 0.007220 0.070727 0.493455
v -0.000015 0.071515 0.493460
v -0.006767 0.006054 0.474887
v -0.006767 0.006054 0.482406
v -0.013285 0.008209 0.474886
v -0.013285 0.008209 0.482406
v -0.006767 0.006054 0.487467
v -0.013285 0.008209 0.487466
v -0.019341 0.011500 0.474885
v -0.019341 0.011500 0.482405
v -0.024702 0.015704 0.474884
v -0.024702 0.015704 0.482404
v -0.019341 0.011500 0.487465
v -0.024702 0.015704 0.487464
v -0.013285 0.008209 0.490927
v -0.019341 0.011500 0.490926
v -0.024702 0.015704 0.490925
v -0.019341 0.011500 0.493647
v -0.024702 0.015704 0.493646
v -0.013285 0.008209 0.493647
v -0.006767 0.006054 0.490928
v -0.006767 0.006054 0.493648
v -0.029135 0.020597 0.474883
v -0.029135 0.020597 0.482403
v -0.032523 0.026029 0.474879
v -0.032523 0.026029 0.482398
v -0.032523 0.026029 0.487458
v -0.029135 0.020597 0.487463
v -0.034747 0.031851 0.474866
v -0.034747 0.031851 0.482386
v -0.035689 0.037914 0.474844
v -0.035689 0.037914 0.482364
v -0.035689 0.037914 0.487424
v -0.034747 0.031851 0.487447
v -0.034747 0.031851 0.490907
v -0.032523 0.026029 0.490920
v -0.035689 0.037914 0.490885
v -0.035689 0.037914 0.493605
v -0.034747 0.031851 0.493628
v -0.032523 0.026029 0.493640
v -0.029135 0.020597 0.490924
v -0.029135 0.020597 0.493644
v -0.035231 0.044067 0.474806
v -0.035231 0.044067 0.482325
v -0.033536 0.051319 0.474508
v -0.033467 0.050771 0.482168
v -0.033440 0.050264 0.487314
v -0.035231 0.044067 0.487386
v -0.030768 0.060672 0.473699
v -0.030494 0.058484 0.481784
v -0.026243 0.065977 0.481565
v -0.026085 0.062159 0.487112
v -0.030382 0.056451 0.487188
v -0.030344 0.055773 0.490763
v -0.033430 0.050094 0.490804
v -0.026032 0.060886 0.490734
v -0.026032 0.060887 0.493454
v -0.030344 0.055773 0.493483
v -0.033430 0.050094 0.493524
v -0.035231 0.044067 0.490848
v -0.035231 0.044067 0.493568
v -0.020646 0.072020 0.481904
v -0.014149 0.076399 0.482357
v -0.014182 0.070520 0.487304
v -0.020575 0.066916 0.487189
v -0.007196 0.078898 0.482478
v -0.007237 0.072770 0.487340
v -0.007250 0.070727 0.490734
v -0.014192 0.068561 0.490727
v -0.007250 0.070727 0.493455
v -0.014192 0.068561 0.493447
v -0.020550 0.065215 0.490724
v -0.020550 0.065215 0.493444
v -0.035231 0.044067 0.503872
v -0.035689 0.037914 0.503909
v -0.035231 0.044067 0.505424
v -0.035689 0.037914 0.505461
v -0.033430 0.050094 0.503828
v -0.033430 0.050094 0.505381
v -0.034735 0.043980 0.506485
v -0.032943 0.049921 0.506438
v -0.035202 0.037918 0.506527
v -0.030344 0.055773 0.503788
v -0.030344 0.055773 0.505340
v -0.026032 0.060887 0.503758
v -0.026032 0.060886 0.505310
v -0.029912 0.055530 0.506403
v -0.025677 0.060577 0.506378
v -0.031481 0.049403 0.507092
v -0.028618 0.054803 0.507072
v -0.024611 0.059651 0.507063
v -0.033248 0.043717 0.507151
v -0.033742 0.037932 0.507205
v -0.024702 0.015704 0.503950
v -0.024702 0.015704 0.505502
v -0.029135 0.020597 0.503949
v -0.029135 0.020597 0.505501
v -0.032523 0.026029 0.503944
v -0.032523 0.026029 0.505497
v -0.032049 0.026207 0.506552
v -0.028721 0.020841 0.506562
v -0.024365 0.016011 0.506568
v -0.034747 0.031851 0.503932
v -0.034747 0.031851 0.505484
v -0.034259 0.031947 0.506545
v -0.032793 0.032233 0.507208
v -0.030628 0.026740 0.507200
v -0.027478 0.021571 0.507224
v -0.023356 0.016931 0.507244
v -0.000015 0.005262 0.503953
v -0.000015 0.005262 0.505504
v -0.006767 0.006054 0.503953
v -0.006767 0.006054 0.505504
v -0.013285 0.008209 0.503951
v -0.013285 0.008209 0.505503
v -0.006665 0.006507 0.506565
v -0.013092 0.008646 0.506560
v -0.000015 0.005711 0.506570
v -0.019341 0.011500 0.503950
v -0.019341 0.011500 0.505502
v -0.019074 0.011880 0.506564
v -0.018271 0.013020 0.507226
v -0.012512 0.009959 0.507208
v -0.000015 0.007063 0.507247
v -0.006361 0.007867 0.507227
v 0.024671 0.015704 0.503950
v 0.024671 0.015704 0.505502
v 0.019311 0.011500 0.503950
v 0.019311 0.011500 0.505502
v 0.013256 0.008209 0.503951
v 0.013256 0.008209 0.505503
v 0.019043 0.011880 0.506564
v 0.013062 0.008646 0.506560
v 0.024335 0.016011 0.506568
v 0.006736 0.006054 0.503953
v 0.006736 0.006054 0.505504
v 0.006635 0.006507 0.506565
v 0.006330 0.007867 0.507227
v 0.012482 0.009959 0.507208
v 0.023325 0.016931 0.507244
v 0.018242 0.013020 0.507226
v 0.035659 0.037914 0.503909
v 0.035659 0.037914 0.505461
v 0.034717 0.031851 0.503932
v 0.034717 0.031851 0.505484
v 0.032493 0.026029 0.503944
v 0.032493 0.026029 0.505497
v 0.034228 0.031947 0.506545
v 0.032019 0.026207 0.506552
v 0.035172 0.037918 0.506526
v 0.029105 0.020597 0.503949
v 0.029105 0.020597 0.505501
v 0.028691 0.020841 0.506562
v 0.030597 0.026740 0.507200
v 0.027447 0.021571 0.507224
v 0.033713 0.037932 0.507205
v 0.032763 0.032233 0.507208
v 0.026002 0.060887 0.503758
v 0.026002 0.060886 0.505310
v 0.030314 0.055773 0.503788
v 0.030314 0.055773 0.505340
v 0.033399 0.050094 0.503828
v 0.033399 0.050094 0.505381
v 0.032912 0.049921 0.506438
v 0.029883 0.055530 0.506403
v 0.025646 0.060577 0.506378
v 0.035200 0.044067 0.503872
v 0.035200 0.044067 0.505424
v 0.034705 0.043980 0.506485
v 0.033217 0.043717 0.507151
v 0.031451 0.049403 0.507092
v 0.028588 0.054803 0.507072
v 0.024580 0.059651 0.507063
v -0.000015 0.071515 0.503763
v -0.000015 0.071515 0.505316
v 0.007220 0.070727 0.503758
v 0.007220 0.070727 0.505310
v 0.014162 0.068561 0.503752
v 0.014162 0.068561 0.505304
v 0.013955 0.068119 0.506362
v 0.007111 0.070268 0.506375
v -0.000015 0.071060 0.506383
v 0.020521 0.065215 0.503749
v 0.020521 0.065215 0.505301
v 0.020236 0.064830 0.506364
v 0.019381 0.063678 0.507035
v 0.013335 0.066791 0.507019
v 0.006786 0.068895 0.507045
v -0.000015 0.069695 0.507067
v -0.020550 0.065215 0.503749
v -0.020550 0.065215 0.505301
v -0.014192 0.068561 0.503752
v -0.014192 0.068561 0.505304
v -0.020266 0.064830 0.506364
v -0.013986 0.068119 0.506362
v -0.007250 0.070727 0.503758
v -0.007250 0.070727 0.505310
v -0.007142 0.070268 0.506375
v -0.013365 0.066791 0.507019
v -0.006815 0.068895 0.507045
v -0.019412 0.063678 0.507035
v -0.035242 0.044067 0.341550
v -0.035717 0.037914 0.341578
v -0.033433 0.050094 0.341515
v -0.033441 0.050205 0.351174
v -0.035236 0.044067 0.351264
v -0.035701 0.037914 0.351297
v -0.030344 0.055773 0.341483
v -0.026032 0.060886 0.341460
v -0.030382 0.056217 0.350981
v -0.026085 0.061695 0.350710
v -0.033468 0.050537 0.357859
v -0.030494 0.057548 0.357191
v -0.026243 0.064120 0.356183
v -0.035233 0.044067 0.358110
v -0.035693 0.037914 0.358144
v -0.029247 0.020597 0.341603
v -0.024824 0.015704 0.341600
v -0.032610 0.026029 0.341601
v -0.032559 0.026029 0.351323
v -0.029181 0.020597 0.351325
v -0.024754 0.015704 0.351324
v -0.034803 0.031851 0.341595
v -0.034770 0.031851 0.351315
v -0.034756 0.031851 0.358164
v -0.032537 0.026029 0.358175
v -0.029153 0.020597 0.358178
v -0.024721 0.015704 0.358177
v -0.006811 0.006054 0.341595
v -0.000015 0.005262 0.341594
v -0.013369 0.008209 0.341596
v -0.013320 0.008209 0.351321
v -0.006785 0.006054 0.351320
v -0.000015 0.005262 0.351320
v -0.019453 0.011500 0.341598
v -0.019388 0.011500 0.351322
v -0.019359 0.011500 0.358176
v -0.013299 0.008209 0.358176
v -0.006773 0.006054 0.358175
v -0.000015 0.005262 0.358175
v 0.024795 0.015704 0.341600
v 0.019423 0.011500 0.341598
v 0.013339 0.008209 0.341596
v 0.019358 0.011500 0.351322
v 0.013291 0.008209 0.351321
v 0.024723 0.015704 0.351324
v 0.006781 0.006054 0.341595
v 0.006755 0.006054 0.351320
v 0.013268 0.008209 0.358176
v 0.006743 0.006054 0.358175
v 0.024691 0.015704 0.358177
v 0.019330 0.011500 0.358176
v 0.035687 0.037914 0.341578
v 0.034773 0.031851 0.341595
v 0.032579 0.026029 0.341601
v 0.034741 0.031851 0.351315
v 0.032529 0.026029 0.351323
v 0.035671 0.037914 0.351297
v 0.029217 0.020597 0.341603
v 0.029152 0.020597 0.351325
v 0.032507 0.026029 0.358175
v 0.029123 0.020597 0.358178
v 0.035664 0.037914 0.358144
v 0.034726 0.031851 0.358164
v 0.026002 0.060886 0.341460
v 0.030314 0.055773 0.341483
v 0.033402 0.050094 0.341515
v 0.033410 0.050205 0.351174
v 0.030352 0.056217 0.350981
v 0.026055 0.061695 0.350710
v 0.035212 0.044067 0.341550
v 0.035205 0.044067 0.351264
v 0.033438 0.050537 0.357859
v 0.035202 0.044067 0.358110
v 0.030464 0.057548 0.357191
v 0.026214 0.064120 0.356183
v -0.000015 0.071515 0.341467
v 0.007220 0.070727 0.341463
v 0.014162 0.068561 0.341457
v 0.014151 0.069665 0.350126
v 0.007206 0.071842 0.350042
v -0.000015 0.072616 0.350044
v 0.020521 0.065215 0.341453
v 0.020544 0.066230 0.350386
v 0.020616 0.069275 0.354912
v 0.014119 0.072977 0.353859
v 0.007165 0.075187 0.353502
v -0.000015 0.075920 0.353498
v -0.020550 0.065215 0.341453
v -0.014192 0.068561 0.341457
v -0.020575 0.066230 0.350386
v -0.014182 0.069665 0.350126
v -0.007250 0.070727 0.341463
v -0.007237 0.071842 0.350042
v -0.014149 0.072977 0.353859
v -0.007196 0.075187 0.353502
v -0.020646 0.069275 0.354912
v 0.004862 0.240163 0.208569
v -0.000015 0.240213 0.208454
v 0.004421 0.246157 0.175527
v -0.000015 0.246163 0.175398
v 0.009434 0.240304 0.209241
v 0.008579 0.246376 0.176218
v 0.007651 0.251490 0.141949
v 0.003944 0.251238 0.140991
v -0.000015 0.251207 0.140849
v 0.013396 0.240928 0.210795
v 0.012183 0.247056 0.177773
v 0.016444 0.242326 0.213557
v 0.014955 0.248434 0.180496
v 0.013299 0.253392 0.147401
v 0.010854 0.252116 0.144246
v 0.009560 0.256211 0.115699
v 0.006764 0.255888 0.111209
v 0.011630 0.257181 0.120159
v 0.003493 0.255714 0.109507
v -0.000015 0.255664 0.109354
v 0.018273 0.244788 0.217853
v 0.016618 0.250748 0.184687
v 0.019187 0.248043 0.223364
v 0.017450 0.253750 0.190114
v 0.015417 0.258426 0.155503
v 0.014726 0.255590 0.150927
v 0.019492 0.251817 0.229773
v 0.017728 0.257195 0.196535
v 0.019492 0.255840 0.236761
v 0.017728 0.260835 0.203716
v 0.015647 0.264934 0.169397
v 0.015647 0.261615 0.161809
v 0.013321 0.265153 0.129474
v 0.013171 0.262103 0.123798
v 0.013321 0.268249 0.137551
v 0.012721 0.259295 0.121776
v 0.013396 0.275616 0.261692
v 0.016444 0.271698 0.260362
v 0.012183 0.278497 0.231558
v 0.014955 0.275000 0.229715
v 0.009434 0.279036 0.261435
v 0.008579 0.281554 0.231675
v 0.010854 0.280267 0.201558
v 0.007651 0.282885 0.201469
v 0.013299 0.277281 0.199587
v 0.004862 0.281474 0.260530
v 0.004421 0.283736 0.231000
v -0.000015 0.282448 0.259916
v -0.000015 0.284608 0.230464
v 0.003944 0.284752 0.200854
v -0.000015 0.285496 0.200415
v 0.006764 0.283208 0.172986
v 0.003493 0.284750 0.171977
v -0.000015 0.285364 0.171638
v 0.003127 0.283962 0.146249
v -0.000015 0.284467 0.145993
v 0.006064 0.282688 0.147869
v 0.009560 0.281045 0.174657
v 0.011630 0.278627 0.173648
v 0.008592 0.280885 0.151702
v 0.010294 0.279209 0.156552
v -0.016474 0.242326 0.213557
v -0.014985 0.248434 0.180496
v -0.013426 0.240928 0.210795
v -0.012213 0.247056 0.177773
v -0.009464 0.240304 0.209241
v -0.008610 0.246376 0.176218
v -0.010885 0.252116 0.144246
v -0.007682 0.251490 0.141948
v -0.013328 0.253392 0.147401
v -0.004892 0.240163 0.208569
v -0.004450 0.246157 0.175527
v -0.003974 0.251238 0.140991
v -0.006793 0.255889 0.111209
v -0.003522 0.255714 0.109507
v -0.011661 0.257181 0.120159
v -0.009590 0.256211 0.115699
v -0.004892 0.281474 0.260530
v -0.004450 0.283736 0.231000
v -0.009464 0.279036 0.261435
v -0.008610 0.281554 0.231675
v -0.007682 0.282885 0.201469
v -0.003974 0.284752 0.200854
v -0.013426 0.275616 0.261692
v -0.012213 0.278497 0.231558
v -0.016474 0.271698 0.260362
v -0.014985 0.275000 0.229715
v -0.010885 0.280267 0.201558
v -0.013328 0.277281 0.199587
v -0.009590 0.281045 0.174657
v -0.006793 0.283208 0.172986
v -0.011661 0.278627 0.173648
v -0.010324 0.279209 0.156552
v -0.008622 0.280885 0.151702
v -0.006094 0.282688 0.147869
v -0.003522 0.284750 0.171977
v -0.003157 0.283962 0.146249
v -0.019523 0.255840 0.236762
v -0.017758 0.260835 0.203716
v -0.019523 0.251817 0.229773
v -0.017758 0.257194 0.196535
v -0.019218 0.248043 0.223364
v -0.017481 0.253750 0.190114
v -0.015678 0.261615 0.161809
v -0.015448 0.258426 0.155503
v -0.015678 0.264934 0.169397
v -0.018303 0.244788 0.217853
v -0.016649 0.250748 0.184687
v -0.014757 0.255590 0.150927
v -0.013201 0.262103 0.123798
v -0.012751 0.259295 0.121775
v -0.013352 0.268249 0.137551
v -0.013352 0.265153 0.129474
v -0.022808 0.233991 0.309242
v -0.022808 0.228771 0.301210
v -0.022451 0.223905 0.293660
v -0.021973 0.237791 0.281128
v -0.021630 0.233285 0.274069
v -0.021973 0.242625 0.288652
v -0.021383 0.219751 0.287073
v -0.019246 0.216664 0.281929
v -0.020601 0.229436 0.267914
v -0.018543 0.226576 0.263101
v -0.020577 0.241276 0.250993
v -0.019597 0.237733 0.245218
v -0.017639 0.235084 0.240702
v -0.020903 0.249838 0.264782
v -0.020903 0.245412 0.257643
v -0.005713 0.265043 0.334816
v -0.000015 0.266060 0.334161
v -0.011055 0.262429 0.335788
v -0.010651 0.269683 0.313296
v -0.005505 0.272321 0.312269
v -0.000015 0.273358 0.311601
v -0.015685 0.258654 0.336084
v -0.019246 0.254154 0.334711
v -0.018543 0.261519 0.312532
v -0.015111 0.265924 0.313709
v -0.014376 0.271502 0.288993
v -0.010132 0.275149 0.288577
v -0.017639 0.267286 0.287858
v -0.005237 0.277733 0.287564
v -0.000015 0.278760 0.286907
v 0.019216 0.254154 0.334711
v 0.015654 0.258654 0.336084
v 0.011025 0.262429 0.335788
v 0.015081 0.265924 0.313709
v 0.010621 0.269683 0.313296
v 0.018512 0.261519 0.312532
v 0.005683 0.265043 0.334816
v 0.005474 0.272321 0.312269
v 0.010103 0.275149 0.288577
v 0.005207 0.277733 0.287564
v 0.014345 0.271502 0.288993
v 0.017609 0.267286 0.287858
v 0.021353 0.219751 0.287073
v 0.019216 0.216664 0.281929
v 0.022421 0.223905 0.293660
v 0.021601 0.233285 0.274069
v 0.020571 0.229436 0.267914
v 0.018512 0.226576 0.263101
v 0.022777 0.228771 0.301210
v 0.022777 0.233991 0.309242
v 0.021944 0.242625 0.288652
v 0.021944 0.237791 0.281128
v 0.020873 0.245412 0.257643
v 0.020546 0.241276 0.250993
v 0.020873 0.249838 0.264782
v 0.019568 0.237733 0.245218
v 0.017609 0.235084 0.240702
v 0.005683 0.214280 0.276290
v -0.000015 0.214398 0.276208
v 0.011025 0.214343 0.276978
v 0.010621 0.224426 0.258418
v 0.005474 0.224368 0.257748
v -0.000015 0.224477 0.257658
v 0.015654 0.215000 0.278711
v 0.015081 0.225034 0.260069
v 0.014345 0.233632 0.237829
v 0.010103 0.233034 0.236241
v 0.005207 0.232948 0.235575
v -0.000015 0.233033 0.235474
v -0.015685 0.215000 0.278711
v -0.011055 0.214343 0.276978
v -0.015111 0.225034 0.260069
v -0.010651 0.224426 0.258418
v -0.005713 0.214280 0.276290
v -0.005505 0.224368 0.257748
v -0.010132 0.233034 0.236241
v -0.005237 0.232948 0.235575
v -0.014376 0.233632 0.237829
v -0.028831 0.076991 0.458088
v -0.027015 0.099443 0.449778
v -0.029717 0.077134 0.444287
v -0.028138 0.098215 0.437400
v -0.025717 0.125711 0.438744
v -0.026945 0.122787 0.428189
v -0.030012 0.076508 0.429758
v -0.028511 0.096457 0.423964
v -0.027354 0.119662 0.416110
v -0.026048 0.148221 0.417312
v -0.026460 0.143911 0.406437
v -0.025752 0.166996 0.395181
v -0.025349 0.172193 0.405069
v -0.024808 0.152342 0.426572
v -0.024143 0.177089 0.413429
v -0.035231 0.044067 0.435657
v -0.035689 0.037914 0.435695
v -0.033828 0.051656 0.435035
v -0.033787 0.051693 0.450007
v -0.035231 0.044067 0.450643
v -0.035689 0.037914 0.450680
v -0.031937 0.062021 0.433259
v -0.031775 0.062171 0.448188
v -0.031290 0.061811 0.462085
v -0.033666 0.051603 0.463475
v -0.035231 0.044067 0.463969
v -0.035689 0.037914 0.464006
v -0.024702 0.015704 0.435736
v -0.029135 0.020597 0.435735
v -0.032523 0.026029 0.435730
v -0.032523 0.026029 0.450715
v -0.029135 0.020597 0.450720
v -0.024702 0.015704 0.450721
v -0.034747 0.031851 0.435717
v -0.034747 0.031851 0.450702
v -0.034747 0.031851 0.464029
v -0.032523 0.026029 0.464041
v -0.024702 0.015704 0.464046
v -0.029135 0.020597 0.464045
v -0.000015 0.005262 0.435738
v -0.006767 0.006054 0.435738
v -0.013285 0.008209 0.435737
v -0.006767 0.006054 0.450723
v -0.013285 0.008209 0.450722
v -0.000015 0.005262 0.450723
v -0.019341 0.011500 0.435737
v -0.019341 0.011500 0.450722
v -0.013285 0.008209 0.464048
v -0.019341 0.011500 0.464047
v -0.000015 0.005262 0.464049
v -0.006767 0.006054 0.464049
v 0.024671 0.015704 0.435736
v 0.019311 0.011500 0.435737
v 0.013256 0.008209 0.435737
v 0.019311 0.011500 0.450722
v 0.013256 0.008209 0.450722
v 0.024671 0.015704 0.450721
v 0.006736 0.006054 0.435738
v 0.006736 0.006054 0.450723
v 0.013256 0.008209 0.464048
v 0.006736 0.006054 0.464049
v 0.024671 0.015704 0.464047
v 0.019311 0.011500 0.464048
v 0.035659 0.037914 0.435695
v 0.034717 0.031851 0.435717
v 0.032493 0.026029 0.435730
v 0.034717 0.031851 0.450702
v 0.032493 0.026029 0.450715
v 0.035659 0.037914 0.450680
v 0.029105 0.020597 0.435735
v 0.029105 0.020597 0.450720
v 0.032493 0.026029 0.464041
v 0.029105 0.020597 0.464045
v 0.035659 0.037914 0.464006
v 0.034717 0.031851 0.464029
v 0.029983 0.076508 0.429758
v 0.031906 0.062021 0.433259
v 0.033798 0.051656 0.435035
v 0.031745 0.062171 0.448188
v 0.033757 0.051693 0.450007
v 0.029687 0.077134 0.444287
v 0.035200 0.044067 0.435657
v 0.035200 0.044067 0.450643
v 0.033637 0.051603 0.463475
v 0.035200 0.044067 0.463969
v 0.028800 0.076991 0.458088
v 0.031261 0.061811 0.462085
v 0.025722 0.166996 0.395181
v 0.026431 0.143911 0.406437
v 0.027324 0.119662 0.416110
v 0.026018 0.148221 0.417311
v 0.026915 0.122787 0.428189
v 0.025320 0.172193 0.405069
v 0.028482 0.096457 0.423963
v 0.028108 0.098215 0.437400
v 0.025686 0.125711 0.438743
v 0.026985 0.099443 0.449778
v 0.024113 0.177089 0.413429
v 0.024778 0.152342 0.426572
v 0.023448 0.229299 0.335976
v 0.024030 0.217490 0.353048
v 0.024569 0.203416 0.368558
v 0.023653 0.223200 0.361315
v 0.024185 0.209225 0.377236
v 0.023081 0.234760 0.343837
v 0.025117 0.186709 0.382578
v 0.024725 0.192374 0.391766
v 0.023033 0.214707 0.384474
v 0.023547 0.197700 0.399478
v 0.021982 0.240011 0.350317
v 0.022527 0.228633 0.368169
v 0.019492 0.259836 0.244010
v 0.020873 0.254255 0.272026
v 0.021944 0.247456 0.296201
v 0.020546 0.258647 0.278722
v 0.021601 0.252243 0.303131
v 0.019187 0.263810 0.250825
v 0.022777 0.239212 0.317273
v 0.022421 0.244361 0.324639
v 0.020571 0.256945 0.308790
v 0.021353 0.249365 0.330674
v 0.018273 0.267763 0.256508
v 0.019568 0.262995 0.284217
v 0.010817 0.273678 0.121860
v 0.013321 0.271200 0.146778
v 0.015647 0.268164 0.177820
v 0.013171 0.273920 0.156639
v 0.015417 0.271293 0.186291
v 0.010755 0.276098 0.133112
v 0.017728 0.264424 0.211419
v 0.017450 0.267974 0.218851
v 0.014726 0.274310 0.194023
v 0.016618 0.271496 0.225214
v 0.010570 0.278010 0.145594
v 0.012721 0.276323 0.166619
v -0.000015 0.278686 0.095735
v 0.002761 0.278324 0.095908
v 0.005510 0.277318 0.098762
v 0.002797 0.280737 0.109056
v 0.005558 0.279673 0.111704
v -0.000015 0.281136 0.108874
v 0.008205 0.275743 0.106634
v 0.008215 0.278071 0.118928
v 0.005702 0.281486 0.127757
v 0.008244 0.279840 0.133539
v -0.000015 0.283060 0.125350
v 0.002907 0.282620 0.125556
v -0.008235 0.275743 0.106634
v -0.010847 0.273678 0.121860
v -0.005540 0.277318 0.098762
v -0.005589 0.279673 0.111704
v -0.008244 0.278071 0.118928
v -0.010786 0.276098 0.133112
v -0.002791 0.278324 0.095908
v -0.002828 0.280737 0.109056
v -0.002937 0.282620 0.125556
v -0.005733 0.281486 0.127757
v -0.008273 0.279840 0.133539
v -0.010599 0.278010 0.145594
v -0.018303 0.267763 0.256508
v -0.016649 0.271496 0.225214
v -0.019218 0.263810 0.250825
v -0.017481 0.267974 0.218851
v -0.014757 0.274310 0.194023
v -0.015448 0.271293 0.186291
v -0.019523 0.259836 0.244010
v -0.017758 0.264424 0.211419
v -0.015678 0.268164 0.177820
v -0.013201 0.273920 0.156639
v -0.013352 0.271200 0.146778
v -0.012751 0.276323 0.166619
v -0.022011 0.240011 0.350317
v -0.021383 0.249365 0.330674
v -0.023112 0.234760 0.343837
v -0.022451 0.244361 0.324639
v -0.020601 0.256945 0.308790
v -0.021630 0.252243 0.303131
v -0.023478 0.229299 0.335976
v -0.022808 0.239212 0.317273
v -0.021973 0.247456 0.296201
v -0.020577 0.258647 0.278722
v -0.020903 0.254255 0.272026
v -0.019597 0.262995 0.284217
v -0.023577 0.197700 0.399478
v -0.024755 0.192374 0.391766
v -0.023064 0.214707 0.384474
v -0.024216 0.209225 0.377236
v -0.025148 0.186709 0.382578
v -0.024600 0.203416 0.368558
v -0.023684 0.223200 0.361315
v -0.024059 0.217490 0.353048
v -0.022557 0.228633 0.368169
v -0.035231 0.044067 0.496406
v -0.035689 0.037914 0.496443
v -0.033430 0.050094 0.496363
v -0.033430 0.050094 0.499144
v -0.035231 0.044067 0.499187
v -0.035689 0.037914 0.499224
v -0.030344 0.055773 0.496322
v -0.026032 0.060886 0.496292
v -0.026032 0.060887 0.499073
v -0.030344 0.055773 0.499102
v -0.030344 0.055773 0.501650
v -0.033430 0.050094 0.501691
v -0.026032 0.060886 0.501621
v -0.035231 0.044067 0.501734
v -0.035689 0.037914 0.501771
v -0.024702 0.015704 0.496484
v -0.029135 0.020597 0.496483
v -0.032523 0.026029 0.496479
v -0.032523 0.026029 0.499259
v -0.029135 0.020597 0.499264
v -0.024702 0.015704 0.499265
v -0.034747 0.031851 0.496466
v -0.034747 0.031851 0.499247
v -0.034747 0.031851 0.501794
v -0.032523 0.026029 0.501807
v -0.024702 0.015704 0.501813
v -0.029135 0.020597 0.501812
v -0.000015 0.005262 0.496486
v -0.006767 0.006054 0.496486
v -0.013285 0.008209 0.496485
v -0.006767 0.006054 0.499267
v -0.013285 0.008209 0.499267
v -0.000015 0.005262 0.499267
v -0.019341 0.011500 0.496485
v -0.019341 0.011500 0.499266
v -0.013285 0.008209 0.501814
v -0.019341 0.011500 0.501814
v -0.000015 0.005262 0.501815
v -0.006767 0.006054 0.501815
v 0.024671 0.015704 0.496484
v 0.019311 0.011500 0.496485
v 0.013256 0.008209 0.496485
v 0.019311 0.011500 0.499266
v 0.013256 0.008209 0.499266
v 0.024671 0.015704 0.499265
v 0.006736 0.006054 0.496486
v 0.006736 0.006054 0.499267
v 0.013256 0.008209 0.501814
v 0.006736 0.006054 0.501815
v 0.024671 0.015704 0.501813
v 0.019311 0.011500 0.501814
v 0.035659 0.037914 0.496443
v 0.034717 0.031851 0.496466
v 0.032493 0.026029 0.496479
v 0.034717 0.031851 0.499247
v 0.032493 0.026029 0.499259
v 0.035659 0.037914 0.499224
v 0.029105 0.020597 0.496483
v 0.029105 0.020597 0.499264
v 0.032493 0.026029 0.501807
v 0.029105 0.020597 0.501811
v 0.035659 0.037914 0.501771
v 0.034717 0.031851 0.501794
v 0.026002 0.060886 0.496292
v 0.030314 0.055773 0.496322
v 0.033399 0.050094 0.496363
v 0.030314 0.055773 0.499102
v 0.033399 0.050094 0.499144
v 0.026002 0.060887 0.499073
v 0.035200 0.044067 0.496406
v 0.035200 0.044067 0.499187
v 0.033399 0.050094 0.501691
v 0.035200 0.044067 0.501734
v 0.026002 0.060886 0.501621
v 0.030314 0.055773 0.501650
v -0.000015 0.071515 0.496298
v 0.007220 0.070727 0.496293
v 0.014162 0.068561 0.496286
v 0.014162 0.068561 0.499066
v 0.007220 0.070727 0.499074
v -0.000015 0.071515 0.499079
v 0.020521 0.065215 0.496283
v 0.020521 0.065215 0.499063
v 0.014162 0.068561 0.501614
v 0.020521 0.065215 0.501611
v -0.000015 0.071515 0.501626
v 0.007220 0.070727 0.501622
v -0.020550 0.065215 0.496283
v -0.014192 0.068561 0.496286
v -0.020550 0.065215 0.499064
v -0.014192 0.068561 0.499066
v -0.007250 0.070727 0.496293
v -0.007250 0.070727 0.499074
v -0.014192 0.068561 0.501614
v -0.007250 0.070727 0.501622
v -0.020550 0.065215 0.501611
vn 0.0000 -0.3536 0.9354
vn 0.0009 -0.4608 0.8875
vn 0.0745 -0.3520 0.9330
vn 0.0816 -0.4595 0.8844
vn 0.0000 -0.2572 0.9664
vn 0.0697 -0.2557 0.9642
vn 0.1398 -0.2547 0.9569
vn 0.1494 -0.3473 0.9258
vn 0.1581 -0.4550 0.8763
vn 0.0000 -0.1699 0.9855
vn 0.0658 -0.1684 0.9835
vn 0.0001 -0.0882 0.9961
vn 0.0631 -0.0866 0.9942
vn 0.1319 -0.0858 0.9875
vn 0.1379 -0.1645 0.9767
vn 0.2039 -0.1660 0.9648
vn 0.2134 -0.2483 0.9449
vn 0.2009 -0.0842 0.9760
vn 0.2687 -0.0843 0.9595
vn 0.2767 -0.1632 0.9470
vn 0.2849 -0.2478 0.9260
vn 0.2177 -0.3467 0.9124
vn 0.2317 -0.4487 0.8631
vn 0.2948 -0.3393 0.8933
vn 0.3066 -0.4390 0.8446
vn 0.3690 -0.3350 0.8669
vn 0.3838 -0.4282 0.8181
vn 0.3607 -0.2487 0.8989
vn 0.4416 -0.2499 0.8617
vn 0.4503 -0.3283 0.8303
vn 0.4636 -0.4083 0.7864
vn 0.3499 -0.1681 0.9216
vn 0.3400 -0.0887 0.9362
vn 0.4196 -0.0989 0.9023
vn 0.4317 -0.1755 0.8848
vn 0.5188 -0.1888 0.8338
vn 0.5249 -0.2545 0.8122
vn 0.5088 -0.1165 0.8530
vn 0.6048 -0.1392 0.7841
vn 0.6065 -0.2069 0.7677
vn 0.6048 -0.2661 0.7506
vn 0.5363 -0.3844 0.7514
vn 0.5271 -0.3230 0.7860
vn 0.5965 -0.3257 0.7335
vn 0.5890 -0.3642 0.7214
vn 0.2677 -0.0127 0.9634
vn 0.3315 -0.0155 0.9433
vn 0.2653 0.0512 0.9628
vn 0.3232 0.0464 0.9452
vn 0.3935 0.0334 0.9187
vn 0.4070 -0.0268 0.9130
vn 0.2625 0.1057 0.9591
vn 0.3145 0.0983 0.9442
vn 0.2571 0.1552 0.9538
vn 0.3042 0.1418 0.9420
vn 0.3652 0.1241 0.9226
vn 0.3795 0.0832 0.9215
vn 0.4635 0.0634 0.8838
vn 0.4797 0.0139 0.8773
vn 0.4486 0.1043 0.8876
vn 0.5632 0.0886 0.8215
vn 0.5735 0.0428 0.8181
vn 0.5860 -0.0094 0.8103
vn 0.4955 -0.0456 0.8674
vn 0.5977 -0.0696 0.7987
vn 0.0001 -0.0133 0.9999
vn 0.0616 -0.0117 0.9980
vn 0.0001 0.0532 0.9986
vn 0.0618 0.0546 0.9966
vn 0.1329 0.0555 0.9896
vn 0.1342 -0.0078 0.9909
vn 0.0001 0.1141 0.9935
vn 0.0628 0.1152 0.9914
vn 0.0001 0.1714 0.9852
vn 0.0621 0.1724 0.9831
vn 0.1382 0.1694 0.9758
vn 0.1385 0.1178 0.9833
vn 0.2057 0.1133 0.9720
vn 0.2053 0.0597 0.9769
vn 0.2044 0.1644 0.9650
vn 0.2003 -0.0090 0.9797
vn 0.0001 0.2001 0.9798
vn 0.0550 0.2031 0.9776
vn 0.0001 0.1780 0.9840
vn 0.0504 0.1760 0.9831
vn 0.1199 0.1762 0.9770
vn 0.1315 0.2047 0.9700
vn 0.0000 0.0459 0.9989
vn 0.0580 0.0457 0.9973
vn 0.0000 -0.3208 0.9471
vn 0.1101 -0.3169 0.9421
vn 0.1433 0.0488 0.9885
vn 0.2369 -0.2945 0.9258
vn 0.2046 0.0588 0.9771
vn 0.1874 0.1816 0.9653
vn 0.3644 -0.2262 0.9034
vn 0.2785 0.1301 0.9516
vn 0.5031 -0.0586 0.8622
vn 0.2391 0.1865 0.9529
vn 0.1941 0.1940 0.9616
vn 0.2458 0.1888 0.9508
vn 0.2909 0.1749 0.9406
vn 0.2861 0.1900 0.9392
vn 0.3473 0.1872 0.9189
vn 0.3520 0.1606 0.9221
vn 0.3126 0.1937 0.9299
vn 0.3974 0.1896 0.8978
vn 0.4115 0.2489 0.8768
vn 0.3649 0.2147 0.9060
vn 0.4451 0.2206 0.8679
vn 0.4353 0.1798 0.8822
vn 0.4716 0.2748 0.8379
vn 0.5938 0.2935 0.7492
vn 0.5782 0.2304 0.7827
vn 0.5660 0.1794 0.8046
vn 0.4380 0.1413 0.8878
vn 0.5613 0.1320 0.8170
vn 0.7154 -0.0277 0.6982
vn 0.5269 0.2082 0.8240
vn 0.8400 0.0683 0.5383
vn 0.6669 0.2706 0.6943
vn 0.5729 0.3610 0.7359
vn 0.4849 0.3004 0.8214
vn 0.9031 0.1800 0.3899
vn 0.7574 0.3379 0.5587
vn 0.9146 0.2654 0.3051
vn 0.7975 0.3827 0.4664
vn 0.6950 0.4547 0.5570
vn 0.6516 0.4195 0.6320
vn 0.6035 0.4506 0.6578
vn 0.5632 0.3938 0.7264
vn 0.6365 0.4879 0.5974
vn 0.6265 0.4948 0.6023
vn 0.6275 0.4635 0.6257
vn 0.6228 0.4147 0.6634
vn 0.5156 0.3334 0.7893
vn 0.6108 0.3599 0.7052
vn 0.9003 0.3547 0.2525
vn 0.8020 0.4374 0.4068
vn 0.8603 0.4640 0.2111
vn 0.7740 0.5221 0.3582
vn 0.7136 0.5397 0.4467
vn 0.7136 0.4879 0.5027
vn 0.7957 0.5797 0.1756
vn 0.7277 0.6137 0.3063
vn 0.6721 0.7246 0.1526
vn 0.6736 0.6864 0.2741
vn 0.6968 0.6093 0.3785
vn 0.6771 0.6595 0.3264
vn 0.6924 0.5931 0.4109
vn 0.6810 0.5521 0.4810
vn 0.6967 0.6292 0.3445
vn 0.7170 0.5603 0.4148
vn 0.7377 0.5813 0.3432
vn 0.6926 0.5359 0.4828
vn 0.6604 0.5174 0.5443
vn 0.6620 0.5144 0.5451
vn 0.5730 0.7975 0.1889
vn 0.6231 0.7424 0.2461
vn 0.5278 0.8294 0.1833
vn 0.5993 0.7700 0.2190
vn 0.6634 0.6963 0.2741
vn 0.6590 0.7132 0.2389
vn 0.5019 0.8495 0.1626
vn 0.5877 0.7861 0.1915
vn 0.4839 0.8669 0.1197
vn 0.5849 0.7976 0.1474
vn 0.6614 0.7223 0.2021
vn 0.6658 0.7291 0.1588
vn 0.7145 0.6578 0.2382
vn 0.7247 0.6596 0.1996
vn 0.7361 0.6587 0.1554
vn 0.7822 0.5948 0.1856
vn 0.7937 0.5916 0.1414
vn 0.7699 0.5960 0.2281
vn 0.7056 0.6491 0.2841
vn 0.7560 0.5934 0.2763
vn 0.0000 0.9992 0.0402
vn 0.0000 0.9995 0.0312
vn 0.1926 0.9799 0.0518
vn 0.2173 0.9755 0.0333
vn -0.0016 0.9991 0.0423
vn 0.1641 0.9849 0.0542
vn 0.3611 0.9290 0.0813
vn 0.3143 0.9450 0.0901
vn 0.4038 0.9135 0.0501
vn -0.0063 0.9998 0.0193
vn 0.1370 0.9899 0.0353
vn -0.0146 0.9994 -0.0311
vn 0.1101 0.9939 -0.0093
vn 0.2749 0.9587 0.0731
vn 0.2403 0.9702 0.0305
vn 0.4360 0.8894 0.1374
vn 0.3981 0.9095 0.1198
vn 0.3674 0.9268 0.0773
vn 0.5553 0.8279 0.0793
vn 0.4892 0.8625 0.1298
vn -0.0281 0.9943 -0.1026
vn 0.0813 0.9935 -0.0790
vn -0.0459 0.9809 -0.1889
vn 0.0569 0.9845 -0.1659
vn 0.2060 0.9778 -0.0397
vn 0.1743 0.9754 -0.1349
vn -0.0599 0.9588 -0.2776
vn 0.0379 0.9629 -0.2672
vn -0.0629 0.9309 -0.3599
vn 0.0246 0.9330 -0.3590
vn 0.1494 0.9580 -0.2447
vn 0.1365 0.9263 -0.3512
vn 0.3079 0.9465 -0.0963
vn 0.2824 0.9342 -0.2181
vn 0.2649 0.9030 -0.3383
vn 0.4240 0.8855 -0.1900
vn 0.4026 0.8578 -0.3196
vn 0.4454 0.8934 -0.0597
vn 0.3370 0.9415 0.0056
vn 0.4653 0.8839 0.0471
vn 0.5783 0.8123 0.0755
vn 0.5683 0.8222 -0.0332
vn 0.6699 0.7373 0.0872
vn 0.6677 0.7442 -0.0188
vn 0.5511 0.8175 -0.1674
vn 0.5317 0.7918 -0.3005
vn 0.6560 0.7391 -0.1531
vn 0.6319 0.7200 -0.2869
vn 0.7467 0.6650 -0.0161
vn 0.7342 0.6630 -0.1465
vn 0.7085 0.6484 -0.2784
vn 0.7947 0.5889 -0.1474
vn 0.7660 0.5825 -0.2720
vn 0.8054 0.5922 -0.0241
vn 0.7448 0.6614 0.0884
vn 0.8033 0.5906 0.0764
vn 0.3889 0.8154 -0.4288
vn 0.5083 0.7563 -0.4119
vn 0.3777 0.7668 -0.5191
vn 0.4894 0.7171 -0.4962
vn 0.6050 0.6913 -0.3952
vn 0.5790 0.6659 -0.4705
vn 0.3689 0.7189 -0.5892
vn 0.4715 0.6806 -0.5608
vn 0.3615 0.6735 -0.6447
vn 0.4546 0.6481 -0.6110
vn 0.5539 0.6427 -0.5293
vn 0.5332 0.6240 -0.5712
vn 0.6448 0.6184 -0.4492
vn 0.6185 0.6109 -0.4942
vn 0.5979 0.6004 -0.5311
vn 0.6659 0.5796 -0.4698
vn 0.6421 0.5808 -0.5003
vn 0.6975 0.5772 -0.4247
vn 0.6760 0.6310 -0.3806
vn 0.7290 0.5775 -0.3674
vn -0.0549 0.8970 -0.4386
vn 0.0286 0.8940 -0.4471
vn -0.0400 0.8515 -0.5228
vn 0.0453 0.8431 -0.5358
vn 0.1382 0.8821 -0.4503
vn 0.1489 0.8276 -0.5413
vn -0.0255 0.7963 -0.6043
vn 0.0657 0.7857 -0.6151
vn -0.0133 0.7329 -0.6802
vn 0.0810 0.7240 -0.6850
vn 0.1624 0.7687 -0.6187
vn 0.1714 0.7114 -0.6816
vn 0.2574 0.8023 -0.5385
vn 0.2595 0.7475 -0.6115
vn 0.2612 0.6950 -0.6699
vn 0.2582 0.8572 -0.4456
vn -0.0051 0.6731 -0.7396
vn 0.0879 0.6661 -0.7407
vn -0.0014 0.6112 -0.7915
vn 0.0924 0.6070 -0.7893
vn 0.1780 0.6549 -0.7345
vn 0.1796 0.6003 -0.7793
vn -0.0002 0.5418 -0.8405
vn 0.0921 0.5397 -0.8368
vn -0.0000 0.4572 -0.8894
vn 0.0893 0.4557 -0.8857
vn 0.1801 0.5337 -0.8263
vn 0.1775 0.4514 -0.8745
vn 0.2653 0.5890 -0.7634
vn 0.2653 0.5262 -0.8079
vn 0.2664 0.4440 -0.8555
vn 0.3538 0.5126 -0.7823
vn 0.3583 0.4334 -0.8269
vn 0.3516 0.5770 -0.7372
vn 0.2635 0.6446 -0.7177
vn 0.3544 0.6282 -0.6926
vn 0.4428 0.6120 -0.6553
vn 0.4391 0.5634 -0.6998
vn 0.5249 0.5928 -0.6108
vn 0.5258 0.5472 -0.6512
vn 0.4434 0.5010 -0.7432
vn 0.4543 0.4206 -0.7853
vn 0.5379 0.4839 -0.6903
vn 0.5518 0.4076 -0.7275
vn 0.6092 0.5274 -0.5922
vn 0.6261 0.4717 -0.6209
vn 0.6457 0.3962 -0.6528
vn 0.7072 0.4578 -0.5389
vn 0.7291 0.3874 -0.5642
vn 0.6825 0.5123 -0.5213
vn 0.5959 0.5742 -0.5615
vn 0.6581 0.5548 -0.5089
vn 0.3647 0.3422 -0.8660
vn 0.4637 0.3317 -0.8215
vn 0.3618 0.2513 -0.8977
vn 0.4612 0.2479 -0.8520
vn 0.5624 0.3227 -0.7613
vn 0.5587 0.2461 -0.7920
vn 0.3511 0.1697 -0.9208
vn 0.4474 0.1701 -0.8780
vn 0.3350 0.0957 -0.9374
vn 0.4327 0.0974 -0.8962
vn 0.5507 0.1730 -0.8165
vn 0.5327 0.1042 -0.8399
vn 0.6558 0.2448 -0.7142
vn 0.6464 0.1772 -0.7421
vn 0.6313 0.1105 -0.7676
vn 0.7351 0.1814 -0.6532
vn 0.7244 0.1154 -0.6797
vn 0.7420 0.2458 -0.6237
vn 0.6543 0.3170 -0.6865
vn 0.7413 0.3111 -0.5947
vn -0.0000 0.3596 -0.9331
vn 0.0854 0.3584 -0.9296
vn -0.0000 0.2615 -0.9652
vn 0.0813 0.2606 -0.9620
vn 0.1740 0.3545 -0.9187
vn 0.1687 0.2583 -0.9512
vn -0.0000 0.1692 -0.9856
vn 0.0777 0.1686 -0.9826
vn -0.0000 0.0876 -0.9962
vn 0.0740 0.0873 -0.9934
vn 0.1621 0.1675 -0.9725
vn 0.1538 0.0873 -0.9842
vn 0.2624 0.2547 -0.9307
vn 0.2524 0.1667 -0.9532
vn 0.2397 0.0886 -0.9668
vn 0.2661 0.3492 -0.8985
vn -0.0000 0.0140 -0.9999
vn 0.0702 0.0140 -0.9974
vn -0.0000 -0.0592 -0.9982
vn 0.0666 -0.0591 -0.9960
vn 0.1460 0.0139 -0.9892
vn 0.1376 -0.0582 -0.9888
vn 0.0000 -0.1373 -0.9905
vn 0.0637 -0.1373 -0.9885
vn 0.0000 -0.2256 -0.9742
vn 0.0614 -0.2258 -0.9722
vn 0.1311 -0.1371 -0.9818
vn 0.1256 -0.2257 -0.9661
vn 0.2146 -0.0576 -0.9750
vn 0.2027 -0.1344 -0.9700
vn 0.1935 -0.2246 -0.9550
vn 0.2803 -0.1328 -0.9507
vn 0.2667 -0.2224 -0.9378
vn 0.2964 -0.0544 -0.9535
vn 0.2264 0.0170 -0.9739
vn 0.3159 0.0198 -0.9486
vn 0.4090 0.0282 -0.9121
vn 0.3879 -0.0447 -0.9206
vn 0.5119 0.0352 -0.8583
vn 0.4892 -0.0380 -0.8713
vn 0.3668 -0.1253 -0.9218
vn 0.3515 -0.2191 -0.9102
vn 0.4692 -0.1228 -0.8745
vn 0.4505 -0.2159 -0.8663
vn 0.5953 -0.0362 -0.8027
vn 0.5774 -0.1167 -0.8081
vn 0.5577 -0.2138 -0.8021
vn 0.6852 -0.1169 -0.7189
vn 0.6631 -0.2127 -0.7177
vn 0.6998 -0.0331 -0.7135
vn 0.6144 0.0413 -0.7879
vn 0.7114 0.0416 -0.7016
vn 0.2595 -0.3174 -0.9121
vn 0.3390 -0.3164 -0.8860
vn 0.2582 -0.4036 -0.8778
vn 0.3319 -0.4045 -0.8522
vn 0.4333 -0.3138 -0.8449
vn 0.4174 -0.3982 -0.8168
vn 0.2621 -0.4836 -0.8351
vn 0.3286 -0.4812 -0.8127
vn 0.2706 -0.5494 -0.7905
vn 0.3356 -0.5450 -0.7684
vn 0.4093 -0.5311 -0.7419
vn 0.4087 -0.4731 -0.7805
vn 0.5095 -0.3915 -0.7663
vn 0.4876 -0.4580 -0.7433
vn 0.4854 -0.5103 -0.7099
vn 0.5436 -0.4897 -0.6817
vn 0.5678 -0.4496 -0.6895
vn 0.5998 -0.3852 -0.7013
vn 0.5337 -0.3099 -0.7868
vn 0.6327 -0.3083 -0.7104
vn 0.0000 -0.3174 -0.9483
vn 0.0604 -0.3184 -0.9460
vn 0.0000 -0.4038 -0.9148
vn 0.0622 -0.4057 -0.9119
vn 0.1234 -0.3203 -0.9392
vn 0.1239 -0.4065 -0.9052
vn 0.0000 -0.4840 -0.8750
vn 0.0649 -0.4863 -0.8714
vn -0.0000 -0.5573 -0.8303
vn 0.0718 -0.5585 -0.8264
vn 0.1377 -0.5584 -0.8180
vn 0.1322 -0.4908 -0.8612
vn 0.1885 -0.4090 -0.8928
vn 0.1919 -0.4884 -0.8513
vn 0.2015 -0.5572 -0.8056
vn 0.1883 -0.3193 -0.9288
vn -0.0000 -0.6280 -0.7782
vn 0.0784 -0.6285 -0.7738
vn -0.0000 -0.7003 -0.7138
vn 0.0866 -0.7000 -0.7089
vn 0.1658 -0.6964 -0.6983
vn 0.1528 -0.6295 -0.7618
vn -0.0000 -0.7742 -0.6329
vn 0.0965 -0.7729 -0.6272
vn 0.0000 -0.8490 -0.5284
vn 0.1099 -0.8450 -0.5233
vn 0.2047 -0.8352 -0.5104
vn 0.1858 -0.7674 -0.6137
vn 0.2629 -0.7569 -0.5984
vn 0.2388 -0.6917 -0.6815
vn 0.2912 -0.8204 -0.4921
vn 0.3665 -0.8022 -0.4712
vn 0.3334 -0.7439 -0.5792
vn 0.3055 -0.6807 -0.6658
vn 0.2176 -0.6233 -0.7511
vn 0.2851 -0.6193 -0.7316
vn 0.3501 -0.6045 -0.7156
vn 0.3757 -0.6642 -0.6463
vn 0.4581 -0.6339 -0.6232
vn 0.4303 -0.5845 -0.6879
vn 0.4093 -0.7215 -0.5585
vn 0.4461 -0.7740 -0.4493
vn 0.5361 -0.7275 -0.4281
vn 0.4981 -0.6826 -0.5348
vn 0.5879 -0.6231 -0.5158
vn 0.5476 -0.5888 -0.5945
vn 0.6314 -0.6578 -0.4105
vn 0.7161 -0.5728 -0.3989
vn 0.6724 -0.5483 -0.4973
vn 0.6267 -0.5283 -0.5728
vn 0.5052 -0.5519 -0.6634
vn 0.5799 -0.5070 -0.6377
vn 0.3996 -0.8472 -0.3502
vn 0.4817 -0.8121 -0.3293
vn 0.4268 -0.8750 -0.2287
vn 0.5080 -0.8348 -0.2124
vn 0.6003 -0.7749 -0.1979
vn 0.5748 -0.7583 -0.3076
vn 0.4451 -0.8881 -0.1147
vn 0.5280 -0.8430 -0.1025
vn 0.4535 -0.8912 -0.0027
vn 0.5359 -0.8443 -0.0008
vn 0.6259 -0.7799 -0.0007
vn 0.6191 -0.7799 -0.0920
vn 0.7071 -0.7015 -0.0895
vn 0.6935 -0.6963 -0.1850
vn 0.7146 -0.6995 -0.0006
vn 0.7950 -0.6067 -0.0004
vn 0.7893 -0.6078 -0.0872
vn 0.7761 -0.6037 -0.1825
vn 0.6659 -0.6851 -0.2952
vn 0.7531 -0.5922 -0.2866
vn 0.0000 -0.9140 -0.4058
vn 0.1223 -0.9079 -0.4008
vn 0.0000 -0.9620 -0.2731
vn 0.1309 -0.9542 -0.2691
vn 0.2442 -0.9345 -0.2589
vn 0.2282 -0.8938 -0.3861
vn 0.0000 -0.9907 -0.1359
vn 0.1392 -0.9812 -0.1337
vn 0.0000 -1.0000 -0.0000
vn 0.1420 -0.9899 -0.0002
vn 0.2633 -0.9647 -0.0005
vn 0.2588 -0.9577 -0.1258
vn 0.3570 -0.9263 -0.1202
vn 0.3437 -0.9073 -0.2423
vn 0.3662 -0.9305 -0.0007
vn 0.3197 -0.8721 -0.3704
vn -0.0000 -0.9906 0.1368
vn 0.1405 -0.9809 0.1348
vn 0.0000 -0.9616 0.2746
vn 0.1338 -0.9534 0.2706
vn 0.2585 -0.9572 0.1306
vn 0.2512 -0.9320 0.2612
vn -0.0000 -0.9131 0.4078
vn 0.1267 -0.9065 0.4028
vn 0.0000 -0.8487 0.5289
vn 0.1158 -0.8432 0.5250
vn 0.2357 -0.8896 0.3912
vn 0.2170 -0.8315 0.5114
vn 0.3498 -0.9036 0.2475
vn 0.3318 -0.8665 0.3728
vn 0.3100 -0.8135 0.4920
vn 0.4164 -0.8383 0.3519
vn 0.3889 -0.7919 0.4709
vn 0.4390 -0.8690 0.2280
vn 0.3635 -0.9239 0.1194
vn 0.4512 -0.8855 0.1111
vn 0.5331 -0.8400 0.1013
vn 0.5245 -0.8247 0.2114
vn 0.6132 -0.7648 0.1977
vn 0.6259 -0.7740 0.0959
vn 0.5043 -0.7986 0.3285
vn 0.4763 -0.7562 0.4487
vn 0.5719 -0.6992 0.4290
vn 0.5978 -0.7388 0.3112
vn 0.6879 -0.6614 0.2988
vn 0.7063 -0.6819 0.1900
vn 0.6615 -0.6239 0.4162
vn 0.7385 -0.5337 0.4121
vn 0.7690 -0.5657 0.2978
vn 0.7865 -0.5882 0.1883
vn 0.7139 -0.6945 0.0891
vn 0.7944 -0.6008 0.0889
vn 0.3628 -0.7273 0.5826
vn 0.4500 -0.6934 0.5627
vn 0.3393 -0.6461 0.6837
vn 0.4206 -0.6178 0.6644
vn 0.5406 -0.6427 0.5428
vn 0.5092 -0.5755 0.6399
vn 0.3207 -0.5495 0.7715
vn 0.3976 -0.5281 0.7503
vn 0.4827 -0.4961 0.7217
vn 0.5934 -0.5141 0.6193
vn 0.5588 -0.4541 0.6939
vn 0.6180 -0.3980 0.6780
vn 0.6605 -0.4423 0.6067
vn 0.6280 -0.5730 0.5266
vn 0.7000 -0.4873 0.5220
vn -0.0000 -0.7696 0.6386
vn 0.1038 -0.7656 0.6349
vn -0.0000 -0.6777 0.7354
vn 0.0948 -0.6747 0.7320
vn 0.1994 -0.7562 0.6232
vn 0.1823 -0.6687 0.7208
vn -0.0000 -0.5747 0.8184
vn 0.0858 -0.5728 0.8152
vn 0.1694 -0.5660 0.8068
vn 0.2625 -0.6577 0.7060
vn 0.2420 -0.5621 0.7909
vn 0.2858 -0.7439 0.6041
vn 0.6539 -0.3423 0.6747
vn 0.6725 -0.2842 0.6833
vn 0.7294 -0.3057 0.6120
vn 0.7051 -0.3692 0.6054
vn 0.6840 -0.2258 0.6937
vn 0.6922 -0.1606 0.7036
vn 0.7630 -0.1768 0.6217
vn 0.7494 -0.2422 0.6162
vn 0.8057 -0.2600 0.5322
vn 0.7835 -0.3291 0.5270
vn 0.8251 -0.1892 0.5324
vn 0.8805 -0.1995 0.4299
vn 0.8606 -0.2757 0.4281
vn 0.8341 -0.3531 0.4238
vn 0.7497 -0.4036 0.5245
vn 0.7965 -0.4380 0.4168
vn 0.8287 -0.4717 0.3012
vn 0.8707 -0.3811 0.3107
vn 0.8500 -0.4905 0.1923
vn 0.8944 -0.3997 0.2007
vn 0.9012 -0.2948 0.3177
vn 0.9241 -0.2083 0.3205
vn 0.9290 -0.3071 0.2064
vn 0.9535 -0.2154 0.2108
vn 0.9068 -0.4106 0.0956
vn 0.9429 -0.3176 0.1008
vn 0.9699 -0.2201 0.1039
vn 0.9469 -0.3215 0.0008
vn 0.9749 -0.2227 0.0014
vn 0.9091 -0.4166 0.0003
vn 0.8583 -0.5049 0.0916
vn 0.8598 -0.5106 -0.0001
vn 0.8960 -0.1215 0.4272
vn 0.9399 -0.1211 0.3194
vn 0.9058 -0.0427 0.4217
vn 0.9482 -0.0358 0.3157
vn 0.9772 -0.0311 0.2101
vn 0.9699 -0.1211 0.2111
vn 0.9106 0.0354 0.4118
vn 0.9500 0.0488 0.3085
vn 0.9104 0.1179 0.3966
vn 0.9451 0.1339 0.2981
vn 0.9692 0.1431 0.2006
vn 0.9771 0.0584 0.2046
vn 0.9923 0.0611 0.1078
vn 0.9939 -0.0281 0.1065
vn 0.9831 0.1478 0.1084
vn 0.9887 0.1486 0.0171
vn 0.9979 0.0636 0.0098
vn 0.9996 -0.0271 0.0058
vn 0.9869 -0.1219 0.1059
vn 0.9925 -0.1225 0.0032
vn 0.6945 -0.0919 0.7136
vn 0.6912 -0.0292 0.7220
vn 0.7775 -0.0409 0.6276
vn 0.7737 -0.1062 0.6246
vn 0.6860 0.0289 0.7270
vn 0.6835 0.0836 0.7251
vn 0.7827 0.0897 0.6159
vn 0.7800 0.0255 0.6253
vn 0.8525 0.0292 0.5219
vn 0.8487 -0.0418 0.5272
vn 0.8566 0.1039 0.5053
vn 0.8390 -0.1162 0.5316
vn 0.8545 -0.5117 -0.0893
vn 0.9039 -0.4178 -0.0924
vn 0.8423 -0.5062 -0.1852
vn 0.8906 -0.4133 -0.1897
vn 0.9415 -0.3228 -0.0968
vn 0.9695 -0.2238 -0.0996
vn 0.9273 -0.3181 -0.1971
vn 0.9539 -0.2223 -0.2018
vn 0.8677 -0.4034 -0.2903
vn 0.9030 -0.3128 -0.2945
vn 0.9289 -0.2185 -0.2990
vn 0.8706 -0.3048 -0.3863
vn 0.8976 -0.2146 -0.3851
vn 0.8339 -0.3928 -0.3878
vn 0.8193 -0.4967 -0.2865
vn 0.7847 -0.4807 -0.3913
vn 0.7398 -0.4690 -0.4824
vn 0.7911 -0.3870 -0.4738
vn 0.6924 -0.4554 -0.5596
vn 0.7417 -0.3827 -0.5508
vn 0.8308 -0.3023 -0.4674
vn 0.8605 -0.2121 -0.4632
vn 0.7822 -0.2989 -0.5466
vn 0.8138 -0.2116 -0.5412
vn 0.6818 -0.3775 -0.6266
vn 0.7196 -0.3035 -0.6245
vn 0.7515 -0.2123 -0.6247
vn 0.6351 -0.4496 -0.6281
vn 0.9150 -0.1229 -0.3843
vn 0.8793 -0.1205 -0.4607
vn 0.9242 -0.0359 -0.3803
vn 0.8898 -0.0343 -0.4551
vn 0.8341 -0.1183 -0.5389
vn 0.8455 -0.0332 -0.5329
vn 0.9270 0.0478 -0.3719
vn 0.8947 0.0484 -0.4441
vn 0.9243 0.1306 -0.3587
vn 0.8943 0.1290 -0.4286
vn 0.8516 0.0492 -0.5219
vn 0.8546 0.1239 -0.5042
vn 0.7859 -0.0310 -0.6176
vn 0.7953 0.0458 -0.6045
vn 0.8011 0.1193 -0.5865
vn 0.7729 -0.1170 -0.6236
vn 0.9872 -0.1246 -0.0993
vn 0.9950 -0.0312 -0.0947
vn 0.9712 -0.1245 -0.2033
vn 0.9791 -0.0330 -0.2004
vn 0.9943 0.0597 -0.0879
vn 0.9861 0.1465 -0.0786
vn 0.9732 0.1427 -0.1806
vn 0.9792 0.0596 -0.1939
vn 0.9546 -0.0326 -0.2962
vn 0.9559 0.0525 -0.2889
vn 0.9519 0.1372 -0.2741
vn 0.9459 -0.1243 -0.2996
vn 0.9745 0.2233 0.0217
vn 0.9721 0.2241 -0.0697
vn 0.9566 0.2898 0.0310
vn 0.9559 0.2883 -0.0558
vn 0.9468 0.2842 -0.1510
vn 0.9604 0.2225 -0.1679
vn 0.9383 0.3431 0.0431
vn 0.9390 0.3414 -0.0414
vn 0.9200 0.3876 0.0587
vn 0.9225 0.3855 -0.0210
vn 0.9183 0.3805 -0.1092
vn 0.9324 0.3368 -0.1313
vn 0.9185 0.3317 -0.2155
vn 0.9304 0.2790 -0.2377
vn 0.9065 0.3761 -0.1921
vn 0.8890 0.3736 -0.2647
vn 0.9014 0.3261 -0.2849
vn 0.9109 0.2723 -0.3101
vn 0.9417 0.2154 -0.2586
vn 0.9184 0.2074 -0.3371
vn 0.8910 0.2000 -0.4076
vn 0.8876 0.2622 -0.3788
vn 0.8557 0.1939 -0.4798
vn 0.8555 0.2540 -0.4512
vn 0.8809 0.3207 -0.3482
vn 0.8680 0.3742 -0.3264
vn 0.8380 0.3773 -0.3942
vn 0.8503 0.3162 -0.4207
vn 0.8098 0.2493 -0.5311
vn 0.8075 0.3107 -0.5014
vn 0.7960 0.3812 -0.4702
vn 0.8060 0.1867 -0.5617
vn 0.8716 0.4177 -0.2566
vn 0.8451 0.4261 -0.3230
vn 0.8452 0.4686 -0.2569
vn 0.8135 0.4776 -0.3317
vn 0.7787 0.4889 -0.3933
vn 0.8112 0.4373 -0.3882
vn 0.8103 0.5233 -0.2636
vn 0.7745 0.5283 -0.3479
vn 0.7398 0.5371 -0.4052
vn 0.7038 0.5451 -0.4556
vn 0.7369 0.5003 -0.4546
vn 0.7687 0.4473 -0.4572
vn 0.8982 0.4326 0.0780
vn 0.9039 0.4276 0.0034
vn 0.8720 0.4793 0.0996
vn 0.8798 0.4744 0.0301
vn 0.8805 0.4702 -0.0612
vn 0.9023 0.4225 -0.0853
vn 0.8382 0.5316 0.1216
vn 0.8474 0.5280 0.0556
vn 0.8498 0.5256 -0.0396
vn 0.8381 0.5237 -0.1526
vn 0.8687 0.4679 -0.1624
vn 0.8908 0.4191 -0.1755
vn 0.6897 0.1359 0.7113
vn 0.6998 0.1907 0.6884
vn 0.7975 0.2143 0.5639
vn 0.7897 0.1547 0.5936
vn 0.7099 0.2506 0.6583
vn 0.7168 0.3165 0.6213
vn 0.7959 0.3394 0.5013
vn 0.8012 0.2762 0.5308
vn 0.8549 0.3015 0.4221
vn 0.8597 0.2408 0.4504
vn 0.8425 0.3586 0.4020
vn 0.8707 0.3733 0.3202
vn 0.8857 0.3234 0.3330
vn 0.8978 0.2635 0.3529
vn 0.8597 0.1754 0.4797
vn 0.9056 0.1969 0.3756
vn 0.9355 0.2125 0.2823
vn 0.9219 0.2789 0.2688
vn 0.9384 0.2878 0.1910
vn 0.9553 0.2235 0.1934
vn 0.9063 0.3354 0.2573
vn 0.8881 0.3834 0.2535
vn 0.9011 0.3895 0.1906
vn 0.9197 0.3450 0.1874
vn 0.9305 0.3457 0.1209
vn 0.9495 0.2932 0.1122
vn 0.9112 0.3915 0.1279
vn 0.9678 0.2262 0.1102
vn 0.8491 0.4212 0.3187
vn 0.8666 0.4297 0.2535
vn 0.8213 0.4689 0.3251
vn 0.8380 0.4790 0.2615
vn 0.8516 0.4827 0.2046
vn 0.8783 0.4368 0.1943
vn 0.7843 0.5224 0.3346
vn 0.8023 0.5328 0.2692
vn 0.8149 0.5381 0.2153
vn 0.8275 0.5354 0.1690
vn 0.8613 0.4845 0.1529
vn 0.8895 0.4350 0.1400
vn 0.7109 0.3826 0.5902
vn 0.7003 0.4347 0.5662
vn 0.7514 0.4514 0.4812
vn 0.7764 0.4028 0.4847
vn 0.6857 0.4784 0.5486
vn 0.7226 0.4981 0.4794
vn 0.7549 0.5098 0.4127
vn 0.7895 0.4647 0.4009
vn 0.8191 0.4129 0.3982
vn -0.0000 -0.8206 0.5716
vn 0.1883 -0.8012 0.5680
vn 0.0000 -0.9896 0.1441
vn 0.2120 -0.9664 0.1456
vn 0.3938 -0.9079 0.1438
vn 0.3542 -0.7500 0.5586
vn 0.0000 -0.9998 0.0218
vn 0.2178 -0.9757 0.0213
vn -0.0000 -1.0000 -0.0003
vn 0.2167 -0.9762 -0.0002
vn 0.4023 -0.9155 -0.0005
vn 0.4053 -0.9139 0.0240
vn 0.5678 -0.8229 0.0220
vn 0.5574 -0.8165 0.1507
vn 0.5633 -0.8263 -0.0011
vn 0.7096 -0.7046 -0.0020
vn 0.7178 -0.6957 0.0268
vn 0.7281 -0.6702 0.1441
vn 0.5221 -0.6559 0.5452
vn 0.7154 -0.4915 0.4966
vn 0.8719 -0.3182 0.3722
vn 0.8685 -0.4812 0.1191
vn 0.9513 -0.2956 0.0873
vn 0.9458 -0.1610 0.2821
vn 0.8437 -0.5365 0.0189
vn 0.8346 -0.5508 -0.0032
vn 0.9270 -0.3749 -0.0046
vn 0.9354 -0.3532 0.0151
vn 0.9861 -0.1660 0.0062
vn 0.9916 -0.1142 0.0606
vn 0.9825 -0.1860 -0.0061
vn 0.9999 0.0075 -0.0075
vn 0.9996 0.0274 0.0027
vn 0.9971 0.0625 0.0426
vn 0.9780 0.0101 0.2083
vn 0.9780 0.1473 0.1480
vn 0.9550 0.2749 0.1110
vn 0.9735 0.2271 0.0261
vn 0.9242 0.3814 0.0183
vn 0.9089 0.4072 0.0897
vn 0.9792 0.2031 -0.0021
vn 0.9807 0.1952 -0.0083
vn 0.9287 0.3707 -0.0084
vn 0.9258 0.3780 -0.0006
vn 0.8430 0.5378 -0.0101
vn 0.8450 0.5345 0.0160
vn 0.8446 0.5353 -0.0077
vn 0.7222 0.6917 -0.0060
vn 0.7313 0.6820 -0.0085
vn 0.7306 0.6828 0.0118
vn 0.8348 0.5457 0.0723
vn 0.7211 0.6905 0.0565
vn 0.5827 0.8119 0.0355
vn 0.5913 0.8064 0.0078
vn 0.4304 0.9026 0.0027
vn 0.4229 0.9058 0.0249
vn 0.5844 0.8115 -0.0061
vn 0.5755 0.8178 -0.0044
vn 0.4105 0.9119 -0.0027
vn 0.4237 0.9058 -0.0046
vn 0.2266 0.9740 -0.0015
vn 0.2317 0.9728 0.0084
vn 0.2206 0.9754 -0.0012
vn -0.0017 1.0000 -0.0002
vn 0.0000 1.0000 0.0001
vn 0.0000 1.0000 0.0084
vn 0.2290 0.9733 0.0179
vn 0.0000 0.9998 0.0187
vn 0.2145 -0.9767 -0.0003
vn -0.0000 -1.0000 0.0010
vn 0.2128 -0.9771 -0.0004
vn 0.3929 -0.9196 -0.0007
vn 0.3999 -0.9166 0.0017
vn -0.0000 -1.0000 0.0007
vn 0.2112 -0.9774 -0.0000
vn -0.0000 -1.0000 0.0001
vn 0.2077 -0.9782 -0.0003
vn 0.3903 -0.9207 -0.0033
vn 0.3868 -0.9221 -0.0016
vn 0.5539 -0.8326 0.0014
vn 0.5511 -0.8345 -0.0017
vn 0.5444 -0.8388 -0.0024
vn 0.6933 -0.7206 -0.0075
vn 0.6901 -0.7237 -0.0027
vn 0.6995 -0.7146 0.0012
vn 0.5572 -0.8303 -0.0019
vn 0.7064 -0.7078 0.0019
vn 0.8286 -0.5598 -0.0045
vn 0.8275 -0.5615 -0.0001
vn 0.9187 -0.3949 -0.0057
vn 0.9253 -0.3792 0.0000
vn 0.8233 -0.5676 -0.0042
vn 0.8176 -0.5758 -0.0033
vn 0.9162 -0.4007 -0.0063
vn 0.9158 -0.4015 -0.0047
vn 0.9784 -0.2069 -0.0018
vn 0.9803 -0.1975 -0.0026
vn 0.9782 -0.2074 -0.0057
vn 1.0000 -0.0002 -0.0082
vn 1.0000 -0.0040 -0.0071
vn 1.0000 0.0009 -0.0057
vn 0.9809 -0.1945 -0.0070
vn 1.0000 0.0053 -0.0047
vn 0.9812 0.1930 -0.0080
vn 0.9811 0.1932 -0.0075
vn 0.9251 0.3796 -0.0063
vn 0.9274 0.3740 -0.0056
vn 0.9803 0.1973 -0.0065
vn 0.9803 0.1976 -0.0045
vn 0.9218 0.3876 -0.0042
vn 0.9238 0.3827 -0.0088
vn 0.8299 0.5578 -0.0049
vn 0.8364 0.5481 -0.0101
vn 0.8270 0.5622 -0.0037
vn 0.6985 0.7156 -0.0028
vn 0.7060 0.7082 -0.0083
vn 0.7124 0.7018 -0.0095
vn 0.8387 0.5446 -0.0063
vn 0.7190 0.6950 -0.0101
vn 0.5671 0.8237 -0.0037
vn 0.5591 0.8291 -0.0030
vn 0.3955 0.9185 -0.0017
vn 0.4070 0.9134 -0.0065
vn 0.5526 0.8334 -0.0026
vn 0.5480 0.8365 -0.0018
vn 0.3911 0.9203 -0.0011
vn 0.3956 0.9184 -0.0021
vn 0.2124 0.9772 -0.0005
vn 0.2139 0.9768 0.0021
vn 0.2080 0.9781 -0.0003
vn 0.0000 1.0000 0.0006
vn 0.0004 1.0000 -0.0001
vn 0.0001 1.0000 0.0012
vn 0.2179 0.9760 -0.0031
vn -0.0001 1.0000 -0.0022
vn 0.2081 -0.9781 0.0001
vn 0.2086 -0.9780 0.0005
vn 0.3862 -0.9224 0.0012
vn 0.3889 -0.9213 0.0003
vn 0.0001 -1.0000 0.0010
vn 0.2112 -0.9774 0.0002
vn 0.0000 -1.0000 0.0003
vn 0.2143 -0.9768 0.0006
vn 0.3950 -0.9187 0.0020
vn 0.3912 -0.9203 0.0002
vn 0.5458 -0.8379 0.0041
vn 0.5437 -0.8393 0.0015
vn 0.5474 -0.8369 0.0039
vn 0.6810 -0.7323 0.0053
vn 0.6817 -0.7316 0.0057
vn 0.6826 -0.7308 0.0046
vn 0.5428 -0.8399 -0.0002
vn 0.6828 -0.7306 0.0003
vn 0.8126 -0.5828 -0.0011
vn 0.8038 -0.5949 0.0021
vn 0.9095 -0.4157 -0.0063
vn 0.9060 -0.4233 -0.0022
vn 0.8016 -0.5979 0.0048
vn 0.7998 -0.6002 0.0058
vn 0.8978 -0.4403 0.0051
vn 0.9020 -0.4317 0.0075
vn 0.9727 -0.2319 0.0029
vn 0.9701 -0.2429 0.0022
vn 0.9680 -0.2510 0.0037
vn 0.9994 -0.0353 0.0021
vn 0.9996 -0.0264 0.0050
vn 0.9998 -0.0195 0.0006
vn 0.9764 -0.2161 -0.0031
vn 0.9999 -0.0128 -0.0014
vn 0.9809 0.1944 -0.0037
vn 0.9818 0.1902 -0.0017
vn 0.9220 0.3872 -0.0019
vn 0.9214 0.3885 -0.0031
vn 0.9824 0.1866 0.0000
vn 0.9829 0.1839 0.0009
vn 0.9229 0.3851 0.0003
vn 0.9222 0.3868 0.0006
vn 0.8254 0.5645 -0.0005
vn 0.8253 0.5647 -0.0018
vn 0.8256 0.5642 0.0000
vn 0.6957 0.7184 0.0000
vn 0.6957 0.7183 -0.0004
vn 0.6967 0.7174 -0.0017
vn 0.8258 0.5640 -0.0022
vn 0.6975 0.7166 -0.0039
vn 0.5469 0.8372 -0.0028
vn 0.5464 0.8376 -0.0011
vn 0.3858 0.9226 0.0009
vn 0.3841 0.9233 -0.0003
vn 0.5452 0.8383 -0.0002
vn 0.5450 0.8384 0.0000
vn 0.3834 0.9236 -0.0001
vn 0.3833 0.9236 0.0000
vn 0.2043 0.9789 -0.0001
vn 0.2040 0.9790 -0.0000
vn -0.0000 1.0000 0.0000
vn 0.2053 0.9787 -0.0002
vn -0.0797 -0.4610 0.8838
vn -0.0759 -0.3540 0.9322
vn -0.1539 -0.4582 0.8754
vn -0.1475 -0.3538 0.9236
vn -0.1398 -0.2588 0.9558
vn -0.0731 -0.2558 0.9640
vn -0.2251 -0.4537 0.8622
vn -0.2169 -0.3500 0.9113
vn -0.3003 -0.4460 0.8432
vn -0.2870 -0.3475 0.8927
vn -0.2727 -0.2545 0.9278
vn -0.2086 -0.2544 0.9444
vn -0.1988 -0.1704 0.9651
vn -0.1373 -0.1685 0.9761
vn -0.2608 -0.1699 0.9503
vn -0.2525 -0.0881 0.9636
vn -0.1957 -0.0865 0.9768
vn -0.1332 -0.0869 0.9873
vn -0.0669 -0.1708 0.9830
vn -0.0661 -0.0869 0.9940
vn -0.3754 -0.4354 0.8182
vn -0.3603 -0.3420 0.8678
vn -0.4531 -0.4190 0.7869
vn -0.4385 -0.3388 0.8324
vn -0.4258 -0.2604 0.8665
vn -0.3447 -0.2566 0.9030
vn -0.5275 -0.3967 0.7512
vn -0.5162 -0.3354 0.7881
vn -0.5819 -0.3765 0.7209
vn -0.5895 -0.3377 0.7338
vn -0.5984 -0.2776 0.7516
vn -0.5127 -0.2663 0.8162
vn -0.5056 -0.1987 0.8396
vn -0.4129 -0.1845 0.8919
vn -0.6012 -0.2166 0.7692
vn -0.6009 -0.1449 0.7861
vn -0.4955 -0.1224 0.8599
vn -0.3994 -0.1046 0.9108
vn -0.3298 -0.1750 0.9277
vn -0.3175 -0.0936 0.9436
vn -0.3088 -0.0180 0.9510
vn -0.2482 -0.0125 0.9686
vn -0.3872 -0.0289 0.9216
vn -0.3754 0.0347 0.9262
vn -0.3021 0.0463 0.9521
vn -0.2488 0.0521 0.9672
vn -0.4831 -0.0469 0.8743
vn -0.5952 -0.0704 0.8005
vn -0.5846 -0.0060 0.8113
vn -0.4688 0.0166 0.8831
vn -0.4546 0.0693 0.8880
vn -0.3642 0.0873 0.9272
vn -0.5730 0.0495 0.8180
vn -0.5643 0.0965 0.8199
vn -0.4421 0.1127 0.8899
vn -0.3533 0.1303 0.9264
vn -0.2962 0.1004 0.9498
vn -0.2480 0.1081 0.9627
vn -0.2895 0.1455 0.9461
vn -0.2436 0.1571 0.9571
vn -0.0621 -0.0141 0.9980
vn -0.1285 -0.0148 0.9916
vn -0.1298 0.0518 0.9902
vn -0.0637 0.0542 0.9965
vn -0.1924 -0.0153 0.9812
vn -0.1972 0.0540 0.9789
vn -0.1961 0.1114 0.9742
vn -0.1357 0.1137 0.9842
vn -0.1985 0.1640 0.9663
vn -0.1356 0.1690 0.9762
vn -0.0631 0.1130 0.9916
vn -0.0665 0.1718 0.9829
vn -0.0587 0.1983 0.9784
vn -0.1274 0.1942 0.9727
vn -0.1196 0.1738 0.9775
vn -0.0529 0.1760 0.9830
vn -0.1889 0.1927 0.9629
vn -0.2320 0.1879 0.9544
vn -0.2323 0.1865 0.9546
vn -0.1835 0.1807 0.9663
vn -0.2011 0.0597 0.9777
vn -0.1414 0.0491 0.9887
vn -0.2748 0.1327 0.9523
vn -0.3630 -0.2251 0.9042
vn -0.5024 -0.0568 0.8628
vn -0.2359 -0.2942 0.9262
vn -0.0587 0.0443 0.9973
vn -0.1124 -0.3180 0.9414
vn -0.2812 0.1760 0.9434
vn -0.3439 0.1662 0.9242
vn -0.3435 0.1929 0.9191
vn -0.2828 0.1933 0.9395
vn -0.4342 0.1489 0.8884
vn -0.5625 0.1406 0.8148
vn -0.5685 0.1831 0.8020
vn -0.4346 0.1885 0.8807
vn -0.4470 0.2281 0.8650
vn -0.3639 0.2197 0.9052
vn -0.5803 0.2381 0.7788
vn -0.5978 0.2967 0.7447
vn -0.4784 0.2781 0.8330
vn -0.4122 0.2543 0.8749
vn -0.3095 0.1983 0.9300
vn -0.3972 0.1930 0.8972
vn -0.5278 0.2103 0.8229
vn -0.7157 -0.0268 0.6979
vn -0.4868 0.3002 0.8203
vn -0.5758 0.3596 0.7343
vn -0.6677 0.2714 0.6932
vn -0.8404 0.0684 0.5377
vn -0.5196 0.3341 0.7864
vn -0.6140 0.3584 0.7033
vn -0.6255 0.4122 0.6624
vn -0.5660 0.3939 0.7242
vn -0.6059 0.4490 0.6567
vn -0.6526 0.4196 0.6309
vn -0.6314 0.4573 0.6263
vn -0.6295 0.4915 0.6018
vn -0.6376 0.4871 0.5968
vn -0.6969 0.4534 0.5557
vn -0.7581 0.3378 0.5578
vn -0.9035 0.1798 0.3891
vn -0.8000 0.3803 0.4640
vn -0.9150 0.2649 0.3044
vn -0.8027 0.4367 0.4062
vn -0.9012 0.3551 0.2486
vn -0.7144 0.4850 0.5043
vn -0.7143 0.5390 0.4465
vn -0.7746 0.5215 0.3579
vn -0.8606 0.4637 0.2107
vn -0.6621 0.5149 0.5445
vn -0.6604 0.5114 0.5498
vn -0.6925 0.5350 0.4841
vn -0.6818 0.5506 0.4816
vn -0.6927 0.5924 0.4113
vn -0.6973 0.6087 0.3785
vn -0.7174 0.5572 0.4182
vn -0.7004 0.6246 0.3454
vn -0.7391 0.5781 0.3458
vn -0.6774 0.6591 0.3265
vn -0.7959 0.5795 0.1755
vn -0.7281 0.6131 0.3066
vn -0.6744 0.6857 0.2740
vn -0.6722 0.7245 0.1525
vn -0.5731 0.7979 0.1866
vn -0.6233 0.7430 0.2438
vn -0.6642 0.6948 0.2759
vn -0.5991 0.7728 0.2092
vn -0.6588 0.7159 0.2315
vn -0.5284 0.8312 0.1726
vn -0.7065 0.6483 0.2838
vn -0.7560 0.5914 0.2806
vn -0.7165 0.6563 0.2363
vn -0.7693 0.5968 0.2280
vn -0.6612 0.7267 0.1864
vn -0.7241 0.6635 0.1885
vn -0.7805 0.5980 0.1823
vn -0.7328 0.6669 0.1348
vn -0.7898 0.5993 0.1310
vn -0.6611 0.7404 0.1214
vn -0.5035 0.8534 0.1351
vn -0.5868 0.7919 0.1687
vn -0.5800 0.8088 0.0976
vn -0.4859 0.8717 0.0626
vn -0.2152 0.9759 0.0354
vn -0.1935 0.9796 0.0542
vn -0.4038 0.9135 0.0501
vn -0.3616 0.9286 0.0831
vn -0.1692 0.9842 0.0519
vn -0.3176 0.9446 0.0827
vn -0.5553 0.8279 0.0793
vn -0.4896 0.8624 0.1288
vn -0.4380 0.8899 0.1276
vn -0.2858 0.9568 0.0539
vn -0.4044 0.9097 0.0943
vn -0.3810 0.9243 0.0245
vn -0.2649 0.9642 -0.0091
vn -0.1515 0.9881 0.0255
vn -0.1426 0.9893 -0.0296
vn -0.1409 0.9839 -0.1100
vn -0.2510 0.9630 -0.0984
vn -0.1443 0.9695 -0.1979
vn -0.2411 0.9510 -0.1936
vn -0.3607 0.9298 -0.0727
vn -0.4660 0.8840 -0.0380
vn -0.3434 0.9229 -0.1743
vn -0.4434 0.8842 -0.1470
vn -0.2349 0.9307 -0.2802
vn -0.3267 0.9065 -0.2673
vn -0.4215 0.8730 -0.2453
vn -0.3165 0.8871 -0.3360
vn -0.4055 0.8563 -0.3200
vn -0.2281 0.9091 -0.3486
vn -0.1444 0.9477 -0.2848
vn -0.1432 0.9230 -0.3570
vn -0.5645 0.8255 -0.0003
vn -0.6536 0.7561 0.0348
vn -0.5428 0.8324 -0.1119
vn -0.6377 0.7664 -0.0774
vn -0.7308 0.6803 0.0553
vn -0.7948 0.6037 0.0613
vn -0.7224 0.6895 -0.0510
vn -0.7922 0.6090 -0.0394
vn -0.6159 0.7640 -0.1922
vn -0.7027 0.6912 -0.1690
vn -0.7767 0.6096 -0.1586
vn -0.6781 0.6785 -0.2824
vn -0.7481 0.6030 -0.2769
vn -0.5938 0.7499 -0.2915
vn -0.5183 0.8269 -0.2183
vn -0.5009 0.8101 -0.3048
vn -0.3963 0.8314 -0.3895
vn -0.4867 0.7870 -0.3791
vn -0.5742 0.7287 -0.3731
vn -0.4785 0.7517 -0.4539
vn -0.5600 0.7020 -0.4400
vn -0.3869 0.7941 -0.4687
vn -0.6519 0.6628 -0.3683
vn -0.7168 0.5951 -0.3634
vn -0.6314 0.6445 -0.4312
vn -0.6897 0.5900 -0.4198
vn -0.5454 0.6703 -0.5033
vn -0.6109 0.6285 -0.4814
vn -0.6643 0.5856 -0.4646
vn -0.5994 0.6050 -0.5241
vn -0.6441 0.5809 -0.4977
vn -0.5334 0.6364 -0.5572
vn -0.3790 0.7470 -0.5462
vn -0.4665 0.7128 -0.5237
vn -0.4563 0.6666 -0.5895
vn -0.3685 0.6937 -0.6189
vn -0.1363 0.8945 -0.4258
vn -0.2200 0.8824 -0.4160
vn -0.1271 0.8503 -0.5107
vn -0.2104 0.8414 -0.4977
vn -0.3065 0.8624 -0.4029
vn -0.2974 0.8231 -0.4838
vn -0.2012 0.7871 -0.5830
vn -0.2871 0.7719 -0.5672
vn -0.2782 0.7131 -0.6434
vn -0.1921 0.7256 -0.6607
vn -0.1139 0.7959 -0.5947
vn -0.1055 0.7329 -0.6721
vn -0.0988 0.6706 -0.7352
vn -0.1866 0.6642 -0.7239
vn -0.0956 0.6090 -0.7874
vn -0.1836 0.6039 -0.7756
vn -0.2717 0.6543 -0.7057
vn -0.3595 0.6392 -0.6798
vn -0.2701 0.5947 -0.7572
vn -0.3572 0.5820 -0.7305
vn -0.1821 0.5357 -0.8245
vn -0.2698 0.5281 -0.8051
vn -0.3609 0.5163 -0.7767
vn -0.2721 0.4449 -0.8532
vn -0.3675 0.4347 -0.8222
vn -0.1797 0.4520 -0.8737
vn -0.0929 0.5403 -0.8363
vn -0.0897 0.4558 -0.8855
vn -0.4475 0.6193 -0.6452
vn -0.5290 0.5968 -0.6033
vn -0.4490 0.5647 -0.6925
vn -0.5360 0.5458 -0.6440
vn -0.6009 0.5725 -0.5579
vn -0.6594 0.5542 -0.5080
vn -0.6184 0.5248 -0.5850
vn -0.6846 0.5080 -0.5227
vn -0.5511 0.4829 -0.6805
vn -0.6360 0.4669 -0.6144
vn -0.7091 0.4531 -0.5403
vn -0.6538 0.3957 -0.6450
vn -0.7293 0.3886 -0.5631
vn -0.5649 0.4067 -0.7179
vn -0.4557 0.5009 -0.7358
vn -0.4682 0.4207 -0.7770
vn -0.3712 0.3420 -0.8633
vn -0.4736 0.3339 -0.8150
vn -0.5720 0.3279 -0.7519
vn -0.4713 0.2530 -0.8449
vn -0.5687 0.2532 -0.7826
vn -0.3669 0.2531 -0.8952
vn -0.6615 0.3253 -0.6757
vn -0.7397 0.3215 -0.5912
vn -0.6600 0.2534 -0.7072
vn -0.7404 0.2567 -0.6212
vn -0.5554 0.1791 -0.8120
vn -0.6493 0.1863 -0.7373
vn -0.7343 0.1927 -0.6509
vn -0.6331 0.1174 -0.7651
vn -0.7243 0.1239 -0.6782
vn -0.5351 0.1089 -0.8378
vn -0.3557 0.1711 -0.9188
vn -0.4558 0.1726 -0.8732
vn -0.4348 0.0999 -0.8949
vn -0.3371 0.0940 -0.9367
vn -0.0857 0.3584 -0.9296
vn -0.1751 0.3555 -0.9181
vn -0.0816 0.2606 -0.9620
vn -0.1694 0.2585 -0.9510
vn -0.2698 0.3501 -0.8970
vn -0.2644 0.2554 -0.9300
vn -0.1625 0.1676 -0.9724
vn -0.2545 0.1684 -0.9523
vn -0.2434 0.0906 -0.9657
vn -0.1551 0.0879 -0.9840
vn -0.0777 0.1686 -0.9826
vn -0.0740 0.0873 -0.9934
vn -0.0704 0.0142 -0.9974
vn -0.1465 0.0157 -0.9891
vn -0.0669 -0.0590 -0.9960
vn -0.1385 -0.0572 -0.9887
vn -0.2287 0.0194 -0.9733
vn -0.3170 0.0233 -0.9481
vn -0.2168 -0.0540 -0.9747
vn -0.2983 -0.0499 -0.9532
vn -0.1317 -0.1360 -0.9819
vn -0.2038 -0.1332 -0.9699
vn -0.2815 -0.1282 -0.9509
vn -0.1950 -0.2238 -0.9549
vn -0.2678 -0.2213 -0.9377
vn -0.1265 -0.2251 -0.9661
vn -0.0637 -0.1369 -0.9885
vn -0.0618 -0.2255 -0.9723
vn -0.4118 0.0292 -0.9108
vn -0.5128 0.0377 -0.8577
vn -0.3906 -0.0428 -0.9196
vn -0.4911 -0.0352 -0.8704
vn -0.6153 0.0450 -0.7870
vn -0.7133 0.0534 -0.6988
vn -0.5993 -0.0288 -0.8000
vn -0.7012 -0.0273 -0.7125
vn -0.4722 -0.1179 -0.8735
vn -0.5791 -0.1147 -0.8072
vn -0.6859 -0.1147 -0.7186
vn -0.5584 -0.2136 -0.8016
vn -0.6639 -0.2121 -0.7171
vn -0.4516 -0.2154 -0.8658
vn -0.3696 -0.1223 -0.9211
vn -0.3528 -0.2184 -0.9098
vn -0.2600 -0.3176 -0.9119
vn -0.3398 -0.3156 -0.8860
vn -0.4334 -0.3133 -0.8450
vn -0.3325 -0.4042 -0.8521
vn -0.4185 -0.3972 -0.8168
vn -0.2600 -0.4041 -0.8770
vn -0.5347 -0.3091 -0.7865
vn -0.6348 -0.3038 -0.7105
vn -0.5118 -0.3885 -0.7662
vn -0.6027 -0.3795 -0.7019
vn -0.4095 -0.4709 -0.7814
vn -0.4900 -0.4557 -0.7431
vn -0.5690 -0.4457 -0.6911
vn -0.5446 -0.4886 -0.6817
vn -0.4866 -0.5098 -0.7095
vn -0.4142 -0.5295 -0.7403
vn -0.3315 -0.4782 -0.8133
vn -0.2642 -0.4854 -0.8334
vn -0.3421 -0.5433 -0.7667
vn -0.2742 -0.5518 -0.7877
vn -0.0615 -0.3174 -0.9463
vn -0.1242 -0.3178 -0.9400
vn -0.0640 -0.4047 -0.9122
vn -0.1263 -0.4042 -0.9059
vn -0.1896 -0.3181 -0.9289
vn -0.1915 -0.4049 -0.8941
vn -0.1342 -0.4851 -0.8641
vn -0.1956 -0.4848 -0.8525
vn -0.2095 -0.5560 -0.8043
vn -0.1447 -0.5577 -0.8173
vn -0.0677 -0.4837 -0.8726
vn -0.0761 -0.5583 -0.8262
vn -0.0808 -0.6266 -0.7752
vn -0.1527 -0.6235 -0.7667
vn -0.1675 -0.6949 -0.6993
vn -0.0917 -0.6996 -0.7087
vn -0.2196 -0.6214 -0.7521
vn -0.2846 -0.6129 -0.7371
vn -0.3057 -0.6808 -0.6657
vn -0.2410 -0.6896 -0.6829
vn -0.2631 -0.7569 -0.5982
vn -0.1876 -0.7659 -0.6150
vn -0.3337 -0.7440 -0.5789
vn -0.3670 -0.8023 -0.4708
vn -0.2916 -0.8204 -0.4919
vn -0.2089 -0.8343 -0.5102
vn -0.0992 -0.7709 -0.6292
vn -0.1114 -0.8448 -0.5233
vn -0.3537 -0.6004 -0.7173
vn -0.4295 -0.5789 -0.6931
vn -0.4600 -0.6315 -0.6241
vn -0.3797 -0.6627 -0.6455
vn -0.5079 -0.5475 -0.6651
vn -0.5782 -0.5042 -0.6414
vn -0.6241 -0.5243 -0.5793
vn -0.5499 -0.5835 -0.5976
vn -0.5894 -0.6218 -0.5158
vn -0.5000 -0.6805 -0.5357
vn -0.6722 -0.5475 -0.4984
vn -0.7175 -0.5715 -0.3982
vn -0.6340 -0.6565 -0.4088
vn -0.5389 -0.7263 -0.4267
vn -0.4097 -0.7217 -0.5579
vn -0.4468 -0.7741 -0.4485
vn -0.4825 -0.8120 -0.3284
vn -0.4002 -0.8471 -0.3497
vn -0.5750 -0.7568 -0.3107
vn -0.6021 -0.7733 -0.1986
vn -0.5126 -0.8321 -0.2119
vn -0.4274 -0.8748 -0.2284
vn -0.6690 -0.6825 -0.2943
vn -0.7533 -0.5916 -0.2872
vn -0.7762 -0.6032 -0.1833
vn -0.6959 -0.6935 -0.1867
vn -0.7086 -0.6998 -0.0907
vn -0.6216 -0.7776 -0.0945
vn -0.7894 -0.6075 -0.0879
vn -0.7951 -0.6065 -0.0006
vn -0.7157 -0.6984 -0.0006
vn -0.6282 -0.7781 -0.0008
vn -0.5291 -0.8423 -0.1032
vn -0.4465 -0.8878 -0.1113
vn -0.5389 -0.8424 -0.0009
vn -0.4552 -0.8904 -0.0009
vn -0.1223 -0.9079 -0.4008
vn -0.2282 -0.8920 -0.3902
vn -0.2464 -0.9334 -0.2609
vn -0.1338 -0.9538 -0.2691
vn -0.3201 -0.8721 -0.3702
vn -0.3439 -0.9066 -0.2446
vn -0.3600 -0.9248 -0.1232
vn -0.2596 -0.9572 -0.1281
vn -0.3686 -0.9296 -0.0008
vn -0.2654 -0.9641 -0.0006
vn -0.1393 -0.9812 -0.1337
vn -0.1420 -0.9899 -0.0002
vn -0.1404 -0.9809 0.1348
vn -0.2606 -0.9573 0.1249
vn -0.1363 -0.9533 0.2696
vn -0.2510 -0.9321 0.2612
vn -0.3640 -0.9238 0.1186
vn -0.4508 -0.8859 0.1093
vn -0.4365 -0.8698 0.2301
vn -0.3540 -0.9018 0.2478
vn -0.2385 -0.8902 0.3882
vn -0.3330 -0.8668 0.3712
vn -0.4138 -0.8401 0.3506
vn -0.3092 -0.8137 0.4922
vn -0.3887 -0.7910 0.4724
vn -0.2201 -0.8315 0.5100
vn -0.1266 -0.9065 0.4028
vn -0.1169 -0.8433 0.5245
vn -0.5354 -0.8389 0.0981
vn -0.6256 -0.7747 0.0914
vn -0.6158 -0.7637 0.1940
vn -0.5235 -0.8253 0.2118
vn -0.7144 -0.6942 0.0880
vn -0.7943 -0.6012 0.0874
vn -0.7864 -0.5892 0.1856
vn -0.7066 -0.6818 0.1891
vn -0.6886 -0.6613 0.2973
vn -0.5974 -0.7392 0.3108
vn -0.7688 -0.5675 0.2949
vn -0.7391 -0.5341 0.4104
vn -0.6614 -0.6234 0.4170
vn -0.5697 -0.7004 0.4300
vn -0.5029 -0.7992 0.3291
vn -0.4758 -0.7557 0.4501
vn -0.3636 -0.7257 0.5841
vn -0.4460 -0.6972 0.5613
vn -0.5389 -0.6449 0.5420
vn -0.4215 -0.6196 0.6622
vn -0.5069 -0.5785 0.6390
vn -0.3420 -0.6463 0.6821
vn -0.6270 -0.5750 0.5256
vn -0.6995 -0.4914 0.5188
vn -0.5923 -0.5185 0.6167
vn -0.6592 -0.4502 0.6023
vn -0.4779 -0.5011 0.7215
vn -0.5551 -0.4613 0.6921
vn -0.6170 -0.4103 0.6716
vn -0.3977 -0.5335 0.7464
vn -0.3201 -0.5492 0.7719
vn -0.1063 -0.7671 0.6327
vn -0.2002 -0.7580 0.6208
vn -0.0984 -0.6757 0.7306
vn -0.1834 -0.6696 0.7197
vn -0.2850 -0.7440 0.6043
vn -0.2642 -0.6597 0.7036
vn -0.1713 -0.5713 0.8027
vn -0.2446 -0.5655 0.7876
vn -0.0884 -0.5749 0.8134
vn -0.6506 -0.3529 0.6724
vn -0.7001 -0.3825 0.6029
vn -0.7299 -0.3151 0.6066
vn -0.6721 -0.2948 0.6792
vn -0.7472 -0.4125 0.5211
vn -0.7911 -0.4479 0.4166
vn -0.8312 -0.3621 0.4219
vn -0.7847 -0.3360 0.5209
vn -0.8086 -0.2663 0.5246
vn -0.7533 -0.2507 0.6080
vn -0.8603 -0.2817 0.4248
vn -0.8827 -0.2009 0.4249
vn -0.8307 -0.1919 0.5225
vn -0.7708 -0.1816 0.6106
vn -0.6838 -0.2363 0.6903
vn -0.6948 -0.1654 0.6999
vn -0.8277 -0.4741 0.3003
vn -0.8478 -0.4945 0.1915
vn -0.8709 -0.3855 0.3049
vn -0.8937 -0.4024 0.1985
vn -0.8578 -0.5060 0.0907
vn -0.8596 -0.5110 -0.0001
vn -0.9061 -0.4125 0.0944
vn -0.9087 -0.4175 0.0002
vn -0.9285 -0.3102 0.2043
vn -0.9427 -0.3184 0.0997
vn -0.9465 -0.3226 0.0006
vn -0.9700 -0.2201 0.1032
vn -0.9749 -0.2227 0.0014
vn -0.9538 -0.2158 0.2092
vn -0.9014 -0.2986 0.3136
vn -0.9251 -0.2096 0.3166
vn -0.9407 -0.1211 0.3168
vn -0.8989 -0.1198 0.4214
vn -0.9701 -0.1211 0.2106
vn -0.9775 -0.0316 0.2084
vn -0.9500 -0.0349 0.3104
vn -0.9087 -0.0398 0.4156
vn -0.9870 -0.1216 0.1055
vn -0.9924 -0.1234 0.0030
vn -0.9940 -0.0285 0.1059
vn -0.9995 -0.0302 0.0059
vn -0.9925 0.0604 0.1064
vn -0.9776 0.0576 0.2023
vn -0.9981 0.0603 0.0098
vn -0.9891 0.1465 0.0147
vn -0.9833 0.1484 0.1055
vn -0.9698 0.1441 0.1969
vn -0.9515 0.0474 0.3039
vn -0.9136 0.0406 0.4046
vn -0.9476 0.1355 0.2894
vn -0.9123 0.1227 0.3906
vn -0.6988 -0.0924 0.7093
vn -0.7793 -0.1094 0.6170
vn -0.7842 -0.0391 0.6193
vn -0.6964 -0.0261 0.7172
vn -0.8444 -0.1179 0.5226
vn -0.8546 -0.0423 0.5175
vn -0.8584 0.0294 0.5121
vn -0.7867 0.0289 0.6167
vn -0.8611 0.1078 0.4969
vn -0.7889 0.0955 0.6070
vn -0.6919 0.0335 0.7212
vn -0.6911 0.0908 0.7170
vn -0.8545 -0.5118 -0.0889
vn -0.8415 -0.5078 -0.1842
vn -0.9035 -0.4184 -0.0932
vn -0.8899 -0.4148 -0.1897
vn -0.8194 -0.4974 -0.2851
vn -0.7835 -0.4838 -0.3899
vn -0.8671 -0.4055 -0.2893
vn -0.8330 -0.3960 -0.3864
vn -0.9265 -0.3207 -0.1970
vn -0.9029 -0.3142 -0.2933
vn -0.8703 -0.3075 -0.3847
vn -0.9292 -0.2193 -0.2975
vn -0.8979 -0.2155 -0.3839
vn -0.9538 -0.2231 -0.2014
vn -0.9412 -0.3237 -0.0968
vn -0.9693 -0.2246 -0.1000
vn -0.7375 -0.4713 -0.4838
vn -0.6877 -0.4615 -0.5603
vn -0.7889 -0.3883 -0.4763
vn -0.7394 -0.3850 -0.5524
vn -0.6339 -0.4504 -0.6287
vn -0.6769 -0.3826 -0.6288
vn -0.7790 -0.3035 -0.5486
vn -0.7167 -0.3064 -0.6265
vn -0.7494 -0.2136 -0.6267
vn -0.8123 -0.2129 -0.5430
vn -0.8297 -0.3043 -0.4680
vn -0.8599 -0.2131 -0.4638
vn -0.9157 -0.1229 -0.3827
vn -0.8799 -0.1205 -0.4595
vn -0.8344 -0.1187 -0.5383
vn -0.8897 -0.0336 -0.4553
vn -0.8455 -0.0317 -0.5331
vn -0.9245 -0.0349 -0.3795
vn -0.7728 -0.1170 -0.6237
vn -0.7852 -0.0305 -0.6184
vn -0.8498 0.0497 -0.5248
vn -0.7932 0.0485 -0.6070
vn -0.7975 0.1265 -0.5899
vn -0.8509 0.1300 -0.5090
vn -0.9264 0.0502 -0.3731
vn -0.8931 0.0495 -0.4471
vn -0.8906 0.1310 -0.4355
vn -0.9226 0.1343 -0.3616
vn -0.9871 -0.1255 -0.0995
vn -0.9712 -0.1262 -0.2022
vn -0.9947 -0.0331 -0.0975
vn -0.9792 -0.0339 -0.2000
vn -0.9462 -0.1252 -0.2983
vn -0.9545 -0.0352 -0.2963
vn -0.9793 0.0526 -0.1954
vn -0.9557 0.0519 -0.2896
vn -0.9501 0.1347 -0.2812
vn -0.9719 0.1428 -0.1870
vn -0.9943 0.0568 -0.0907
vn -0.9855 0.1463 -0.0858
vn -0.9723 0.2224 -0.0722
vn -0.9738 0.2266 0.0186
vn -0.9608 0.2185 -0.1704
vn -0.9461 0.2845 -0.1548
vn -0.9556 0.2883 -0.0614
vn -0.9562 0.2912 0.0296
vn -0.9406 0.2147 -0.2632
vn -0.9152 0.2086 -0.3448
vn -0.9056 0.2746 -0.3232
vn -0.9280 0.2804 -0.2453
vn -0.9155 0.3328 -0.2260
vn -0.9315 0.3371 -0.1365
vn -0.8957 0.3268 -0.3014
vn -0.8828 0.3741 -0.2840
vn -0.9027 0.3764 -0.2086
vn -0.9175 0.3806 -0.1153
vn -0.9389 0.3414 -0.0430
vn -0.9377 0.3450 0.0412
vn -0.9224 0.3856 -0.0228
vn -0.9191 0.3900 0.0563
vn -0.8865 0.2085 -0.4131
vn -0.8503 0.2035 -0.4854
vn -0.8801 0.2695 -0.3909
vn -0.8475 0.2656 -0.4595
vn -0.8018 0.1983 -0.5637
vn -0.8032 0.2608 -0.5356
vn -0.8417 0.3187 -0.4358
vn -0.7995 0.3191 -0.5089
vn -0.7863 0.3794 -0.4877
vn -0.8262 0.3784 -0.4173
vn -0.8718 0.3227 -0.3684
vn -0.8572 0.3752 -0.3527
vn -0.8379 0.4233 -0.3445
vn -0.8644 0.4189 -0.2780
vn -0.8053 0.4304 -0.4077
vn -0.7752 0.4817 -0.4088
vn -0.8073 0.4755 -0.3494
vn -0.8386 0.4705 -0.2745
vn -0.7651 0.4377 -0.4722
vn -0.7340 0.4926 -0.4675
vn -0.7046 0.5370 -0.4638
vn -0.7352 0.5363 -0.4145
vn -0.7702 0.5285 -0.3569
vn -0.8015 0.5311 -0.2749
vn -0.9037 0.4283 0.0018
vn -0.8981 0.4329 0.0778
vn -0.9014 0.4233 -0.0911
vn -0.8783 0.4734 -0.0670
vn -0.8785 0.4769 0.0275
vn -0.8714 0.4806 0.0985
vn -0.8887 0.4181 -0.1883
vn -0.8653 0.4704 -0.1729
vn -0.8304 0.5330 -0.1621
vn -0.8440 0.5341 -0.0493
vn -0.8439 0.5342 0.0494
vn -0.8365 0.5352 0.1175
vn -0.6943 0.1436 0.7052
vn -0.7939 0.1575 0.5873
vn -0.7996 0.2206 0.5586
vn -0.7039 0.1991 0.6819
vn -0.8618 0.1797 0.4743
vn -0.9064 0.1995 0.3723
vn -0.8980 0.2657 0.3506
vn -0.8608 0.2447 0.4463
vn -0.8551 0.3046 0.4194
vn -0.8020 0.2814 0.5269
vn -0.8868 0.3221 0.3315
vn -0.8705 0.3745 0.3194
vn -0.8426 0.3608 0.3998
vn -0.7960 0.3430 0.4987
vn -0.7136 0.2552 0.6524
vn -0.7185 0.3215 0.6168
vn -0.9362 0.2127 0.2796
vn -0.9559 0.2214 0.1929
vn -0.9392 0.2868 0.1888
vn -0.9224 0.2803 0.2658
vn -0.9683 0.2252 0.1084
vn -0.9501 0.2919 0.1102
vn -0.9317 0.3434 0.1179
vn -0.9206 0.3438 0.1850
vn -0.9114 0.3919 0.1257
vn -0.9016 0.3902 0.1867
vn -0.9062 0.3361 0.2565
vn -0.8890 0.3845 0.2487
vn -0.8675 0.4289 0.2519
vn -0.8488 0.4233 0.3167
vn -0.8808 0.4319 0.1940
vn -0.8525 0.4817 0.2029
vn -0.8395 0.4799 0.2548
vn -0.8204 0.4731 0.3211
vn -0.8903 0.4339 0.1382
vn -0.8625 0.4834 0.1499
vn -0.8270 0.5369 0.1668
vn -0.8165 0.5370 0.2121
vn -0.8052 0.5295 0.2670
vn -0.7839 0.5240 0.3331
vn -0.7136 0.3827 0.5868
vn -0.7785 0.3998 0.4838
vn -0.7543 0.4494 0.4785
vn -0.7023 0.4357 0.5630
vn -0.8207 0.4121 0.3958
vn -0.7911 0.4637 0.3989
vn -0.7586 0.5070 0.4093
vn -0.7260 0.4970 0.4753
vn -0.6863 0.4782 0.5480
vn -0.1894 -0.8017 0.5670
vn -0.3539 -0.7500 0.5588
vn -0.3938 -0.9079 0.1438
vn -0.2175 -0.9652 0.1454
vn -0.5219 -0.6558 0.5455
vn -0.7153 -0.4914 0.4968
vn -0.7279 -0.6704 0.1441
vn -0.5575 -0.8169 0.1479
vn -0.5684 -0.8225 0.0211
vn -0.4077 -0.9129 0.0210
vn -0.7178 -0.6959 0.0204
vn -0.7123 -0.7019 -0.0062
vn -0.5675 -0.8233 -0.0013
vn -0.4048 -0.9144 -0.0006
vn -0.2185 -0.9756 0.0206
vn -0.2186 -0.9758 -0.0002
vn -0.8720 -0.3181 0.3721
vn -0.9458 -0.1612 0.2819
vn -0.9513 -0.2957 0.0872
vn -0.8683 -0.4815 0.1191
vn -0.9781 0.0098 0.2080
vn -0.9780 0.1471 0.1476
vn -0.9974 0.0622 0.0371
vn -0.9916 -0.1144 0.0605
vn -0.9866 -0.1634 0.0028
vn -0.9364 -0.3509 0.0116
vn -0.9996 0.0273 -0.0020
vn -0.9998 0.0127 -0.0133
vn -0.9848 -0.1735 -0.0073
vn -0.9318 -0.3628 -0.0056
vn -0.8449 -0.5347 0.0160
vn -0.8405 -0.5418 -0.0039
vn -0.9551 0.2749 0.1109
vn -0.9096 0.4066 0.0852
vn -0.9234 0.3836 0.0151
vn -0.9733 0.2281 0.0257
vn -0.8348 0.5457 0.0722
vn -0.7212 0.6905 0.0554
vn -0.7305 0.6829 0.0102
vn -0.8455 0.5338 0.0122
vn -0.8410 0.5409 -0.0038
vn -0.9240 0.3824 -0.0062
vn -0.7261 0.6876 -0.0003
vn -0.7254 0.6883 -0.0025
vn -0.8421 0.5392 -0.0097
vn -0.9266 0.3760 -0.0090
vn -0.9779 0.2089 -0.0092
vn -0.9793 0.2021 -0.0091
vn -0.5825 0.8121 0.0353
vn -0.4228 0.9059 0.0246
vn -0.4260 0.9047 -0.0003
vn -0.5894 0.8078 0.0036
vn -0.2283 0.9734 0.0172
vn -0.2275 0.9738 0.0055
vn -0.2268 0.9739 0.0020
vn -0.4248 0.9053 0.0006
vn -0.2263 0.9741 -0.0004
vn -0.4190 0.9080 -0.0020
vn -0.5840 0.8118 -0.0003
vn -0.5838 0.8119 -0.0042
vn -0.2156 -0.9765 -0.0013
vn -0.3998 -0.9166 -0.0037
vn -0.3948 -0.9188 -0.0028
vn -0.2127 -0.9771 -0.0005
vn -0.5604 -0.8282 -0.0058
vn -0.7063 -0.7079 -0.0052
vn -0.6967 -0.7173 -0.0023
vn -0.5567 -0.8307 -0.0017
vn -0.3897 -0.9209 0.0018
vn -0.5482 -0.8364 0.0019
vn -0.6933 -0.7207 0.0020
vn -0.5451 -0.8384 0.0007
vn -0.6887 -0.7250 0.0018
vn -0.3857 -0.9226 -0.0004
vn -0.2099 -0.9777 0.0009
vn -0.2076 -0.9782 -0.0001
vn -0.8317 -0.5551 -0.0074
vn -0.9251 -0.3795 -0.0118
vn -0.9203 -0.3912 -0.0065
vn -0.8260 -0.5636 -0.0072
vn -0.9817 -0.1898 -0.0123
vn -0.9999 0.0054 -0.0111
vn -1.0000 0.0008 -0.0094
vn -0.9811 -0.1935 -0.0070
vn -0.9783 -0.2073 -0.0061
vn -0.9170 -0.3988 -0.0083
vn -1.0000 -0.0050 -0.0081
vn -0.9774 -0.2116 0.0004
vn -1.0000 -0.0043 -0.0028
vn -0.9140 -0.4058 0.0021
vn -0.8202 -0.5721 0.0015
vn -0.8152 -0.5792 0.0026
vn -0.9807 0.1952 -0.0103
vn -0.9275 0.3736 -0.0098
vn -0.9260 0.3774 -0.0045
vn -0.9805 0.1965 -0.0077
vn -0.8405 0.5418 -0.0033
vn -0.7190 0.6950 -0.0000
vn -0.7123 0.7019 0.0007
vn -0.8387 0.5446 -0.0059
vn -0.8323 0.5544 -0.0011
vn -0.9250 0.3800 -0.0065
vn -0.7061 0.7082 0.0009
vn -0.7010 0.7131 0.0003
vn -0.8302 0.5575 -0.0046
vn -0.9230 0.3847 -0.0057
vn -0.9807 0.1956 -0.0069
vn -0.9806 0.1957 -0.0065
vn -0.5716 0.8206 0.0021
vn -0.4068 0.9135 0.0030
vn -0.3993 0.9168 0.0029
vn -0.5678 0.8231 -0.0026
vn -0.2207 0.9753 0.0003
vn -0.2136 0.9769 -0.0031
vn -0.2121 0.9772 -0.0017
vn -0.3940 0.9191 -0.0039
vn -0.2068 0.9784 -0.0013
vn -0.3880 0.9216 -0.0039
vn -0.5561 0.8311 0.0020
vn -0.5532 0.8331 -0.0020
vn -0.2084 -0.9781 -0.0001
vn -0.3864 -0.9224 -0.0005
vn -0.2088 -0.9780 0.0003
vn -0.3874 -0.9219 0.0015
vn -0.5414 -0.8407 0.0011
vn -0.6830 -0.7304 0.0017
vn -0.6814 -0.7319 0.0015
vn -0.5425 -0.8400 0.0013
vn -0.5441 -0.8390 0.0047
vn -0.3895 -0.9210 0.0019
vn -0.6818 -0.7315 0.0034
vn -0.6816 -0.7317 0.0050
vn -0.5457 -0.8380 0.0043
vn -0.3925 -0.9197 0.0025
vn -0.2111 -0.9775 0.0010
vn -0.2133 -0.9770 0.0008
vn -0.8110 -0.5850 0.0042
vn -0.9101 -0.4144 0.0046
vn -0.8044 -0.5941 -0.0004
vn -0.9043 -0.4270 0.0029
vn -0.9754 -0.2204 0.0035
vn -0.9999 -0.0142 -0.0070
vn -0.9729 -0.2309 0.0060
vn -0.9998 -0.0214 -0.0047
vn -0.9025 -0.4308 -0.0018
vn -0.9697 -0.2443 0.0023
vn -0.9996 -0.0267 -0.0008
vn -0.9995 -0.0324 -0.0009
vn -0.9697 -0.2443 0.0036
vn -0.9003 -0.4352 0.0051
vn -0.8030 -0.5959 0.0023
vn -0.8016 -0.5979 0.0058
vn -0.9808 0.1951 -0.0043
vn -0.9220 0.3872 -0.0040
vn -0.9218 0.3877 -0.0026
vn -0.9810 0.1942 -0.0017
vn -0.8269 0.5624 -0.0016
vn -0.6980 0.7161 -0.0004
vn -0.6967 0.7173 -0.0012
vn -0.8257 0.5640 -0.0023
vn -0.8254 0.5645 -0.0007
vn -0.9218 0.3876 -0.0004
vn -0.6957 0.7184 -0.0004
vn -0.6956 0.7184 0.0000
vn -0.8256 0.5643 0.0000
vn -0.9224 0.3861 0.0003
vn -0.9820 0.1886 -0.0020
vn -0.9824 0.1866 0.0009
vn -0.5485 0.8361 -0.0010
vn -0.3864 0.9223 -0.0020
vn -0.5459 0.8378 -0.0017
vn -0.3839 0.9234 -0.0006
vn -0.2051 0.9787 -0.0005
vn -0.2043 0.9789 -0.0001
vn -0.3834 0.9236 -0.0001
vn -0.2040 0.9790 -0.0000
vn -0.3834 0.9236 0.0000
vn -0.5451 0.8384 -0.0002
vn -0.5450 0.8384 0.0000
vn 0.6815 -0.7318 0.0007
vn 0.6815 -0.7318 0.0003
vn 0.5491 -0.8357 0.0005
vn 0.5492 -0.8357 0.0002
vn 0.3971 -0.9178 0.0002
vn 0.3972 -0.9177 0.0001
vn 0.5492 -0.8357 0.0001
vn 0.3972 -0.9177 0.0000
vn 0.6815 -0.7318 0.0001
vn 0.2162 -0.9764 0.0001
vn 0.2162 -0.9763 0.0000
vn 0.2163 -0.9763 0.0000
vn 0.3973 -0.9177 0.0000
vn 0.6815 -0.7318 0.0000
vn 0.5493 -0.8357 0.0000
vn 0.5493 -0.8356 0.0000
vn 0.9992 -0.0396 0.0003
vn 0.9992 -0.0398 0.0001
vn 0.9666 -0.2562 0.0005
vn 0.9665 -0.2565 0.0002
vn 0.8956 -0.4448 0.0007
vn 0.8956 -0.4449 0.0003
vn 0.9665 -0.2566 0.0000
vn 0.8955 -0.4450 0.0001
vn 0.9992 -0.0398 0.0000
vn 0.7981 -0.6025 0.0007
vn 0.7980 -0.6027 0.0003
vn 0.7980 -0.6027 0.0001
vn 0.8955 -0.4451 0.0000
vn 0.7979 -0.6028 0.0000
vn 0.8586 0.2473 -0.4491
vn 0.9777 0.1576 -0.1389
vn 0.9374 0.3155 -0.1474
vn 0.9731 0.2235 -0.0558
vn 0.9588 0.2817 -0.0365
vn 0.9719 0.2350 -0.0165
vn 0.9828 0.1821 -0.0298
vn 0.9802 0.1977 -0.0067
vn 0.9914 0.1200 -0.0520
vn 0.9879 0.1553 -0.0027
vn 0.9894 0.1452 -0.0025
vn 0.9911 0.1332 -0.0028
vn 0.9814 0.1919 -0.0033
vn 0.9915 0.1305 -0.0009
vn 0.9916 0.1290 -0.0008
vn 0.9830 0.1839 -0.0016
vn 0.9938 0.1099 -0.0181
vn 0.9860 0.1665 -0.0116
vn 0.9874 0.1581 -0.0071
vn 0.9945 0.1040 -0.0094
vn 0.1298 -0.9545 -0.2686
vn 0.0000 -0.9661 -0.2580
vn 0.2997 -0.6942 -0.6545
vn 0.0001 -0.7511 -0.6602
vn 0.4144 -0.8770 -0.2433
vn 0.6777 -0.5907 -0.4379
vn 0.8242 0.1282 -0.5515
vn 0.3838 0.1692 -0.9078
vn 0.0001 0.2011 -0.9796
vn 0.6725 -0.7156 -0.1887
vn 0.8745 -0.4163 -0.2488
vn 0.8280 -0.5416 -0.1451
vn 0.9480 -0.2793 -0.1523
vn 0.9900 0.0448 -0.1337
vn 0.9643 0.0893 -0.2495
vn 0.7517 0.5840 -0.3065
vn 0.9163 0.3617 -0.1718
vn 0.9702 0.2200 -0.1020
vn 0.8780 0.4582 -0.1386
vn 0.9517 0.2942 -0.0874
vn 0.6933 0.6870 -0.2177
vn 0.0001 0.8616 -0.5076
vn 0.3654 0.7976 -0.4799
vn 0.3423 0.8909 -0.2986
vn 0.0000 0.9488 -0.3160
vn -0.2162 -0.9764 0.0001
vn -0.2162 -0.9763 0.0000
vn -0.3971 -0.9178 0.0002
vn -0.3972 -0.9177 0.0001
vn -0.2163 -0.9763 0.0000
vn -0.3973 -0.9177 0.0000
vn -0.5491 -0.8358 0.0005
vn -0.5492 -0.8357 0.0002
vn -0.6815 -0.7318 0.0006
vn -0.6816 -0.7318 0.0003
vn -0.5492 -0.8357 0.0001
vn -0.6815 -0.7318 0.0001
vn -0.5492 -0.8357 0.0000
vn -0.6815 -0.7318 0.0000
vn -0.7981 -0.6025 0.0007
vn -0.7980 -0.6026 0.0003
vn -0.8956 -0.4449 0.0007
vn -0.8955 -0.4450 0.0003
vn -0.8955 -0.4451 0.0001
vn -0.7980 -0.6027 0.0001
vn -0.9666 -0.2564 0.0004
vn -0.9665 -0.2565 0.0002
vn -0.9992 -0.0395 0.0002
vn -0.9992 -0.0399 0.0001
vn -0.9992 -0.0401 -0.0000
vn -0.9666 -0.2565 0.0001
vn -0.9665 -0.2566 0.0000
vn -0.8955 -0.4451 0.0000
vn -0.9992 -0.0399 0.0000
vn -0.7980 -0.6027 0.0000
vn -0.9879 0.1553 -0.0027
vn -0.9899 0.1418 -0.0033
vn -0.9588 0.2817 -0.0364
vn -0.9732 0.2293 -0.0188
vn -0.9802 0.1977 -0.0068
vn -0.9906 0.1365 -0.0009
vn -0.9374 0.3154 -0.1474
vn -0.9731 0.2235 -0.0557
vn -0.8586 0.2472 -0.4492
vn -0.9777 0.1576 -0.1389
vn -0.9912 0.1213 -0.0526
vn -0.9820 0.1867 -0.0280
vn -0.9860 0.1665 -0.0117
vn -0.9814 0.1919 -0.0035
vn -0.9936 0.1114 -0.0188
vn -0.9943 0.1065 -0.0105
vn -0.9866 0.1633 -0.0050
vn -0.9829 0.1839 -0.0016
vn -0.9915 0.1304 -0.0009
vn -0.9915 0.1298 -0.0003
vn -0.8281 -0.5414 -0.1452
vn -0.9480 -0.2795 -0.1523
vn -0.6725 -0.7156 -0.1886
vn -0.8746 -0.4162 -0.2488
vn -0.4175 -0.8772 -0.2373
vn -0.6778 -0.5906 -0.4379
vn -0.9631 0.0885 -0.2541
vn -0.8242 0.1283 -0.5515
vn -0.9899 0.0449 -0.1342
vn -0.1309 -0.9544 -0.2682
vn -0.2995 -0.6941 -0.6546
vn -0.3837 0.1692 -0.9078
vn -0.3656 0.7975 -0.4800
vn -0.7486 0.5863 -0.3098
vn -0.3422 0.8909 -0.2986
vn -0.6916 0.6884 -0.2185
vn -0.9163 0.3617 -0.1719
vn -0.9703 0.2192 -0.1026
vn -0.8778 0.4584 -0.1389
vn -0.9525 0.2905 -0.0919
vn 0.0794 -0.0859 0.9931
vn 0.0306 -0.0395 0.9988
vn 0.0640 -0.1025 0.9927
vn 0.0318 -0.0506 0.9982
vn 0.0442 -0.1133 0.9926
vn 0.0236 -0.0565 0.9981
vn 0.0140 -0.0334 0.9993
vn 0.0088 -0.0195 0.9998
vn 0.0114 -0.0111 0.9999
vn 0.0006 -0.1169 0.9931
vn 0.0286 -0.1148 0.9930
vn -0.0000 -0.0531 0.9986
vn 0.0098 -0.0532 0.9985
vn 0.0000 -0.0138 0.9999
vn -0.0003 -0.0182 0.9998
vn 0.0000 0.0036 1.0000
vn 0.0000 0.0034 1.0000
vn -0.0016 0.0033 1.0000
vn 0.0027 -0.0064 1.0000
vn 0.1101 -0.0002 0.9939
vn 0.0469 -0.0020 0.9989
vn 0.1086 -0.0295 0.9936
vn 0.0546 -0.0121 0.9984
vn 0.1071 -0.0476 0.9931
vn 0.0542 -0.0188 0.9984
vn 0.0222 -0.0142 0.9997
vn 0.0192 -0.0034 0.9998
vn 0.0144 0.0061 0.9999
vn 0.0404 -0.0326 0.9987
vn 0.0941 -0.0652 0.9934
vn 0.0112 -0.0129 0.9999
vn -0.0014 0.0041 1.0000
vn 0.0075 -0.0007 1.0000
vn 0.0975 0.0696 0.9928
vn 0.0817 0.0874 0.9928
vn 0.0469 0.0354 0.9983
vn 0.0356 0.0383 0.9986
vn 0.1039 0.0512 0.9933
vn 0.0580 0.0296 0.9979
vn 0.0325 0.0197 0.9993
vn 0.0197 0.0143 0.9997
vn 0.0127 0.0177 0.9998
vn 0.0501 0.0154 0.9986
vn 0.1091 0.0323 0.9935
vn 0.0178 0.0049 0.9998
vn -0.0010 0.0038 1.0000
vn 0.0078 0.0083 0.9999
vn 0.0276 0.1205 0.9923
vn 0.0010 0.1197 0.9928
vn 0.0139 0.0592 0.9981
vn 0.0036 0.0513 0.9987
vn 0.0477 0.1171 0.9920
vn 0.0240 0.0624 0.9978
vn 0.0106 0.0388 0.9992
vn 0.0088 0.0241 0.9997
vn 0.0011 0.0190 0.9998
vn 0.0636 0.1050 0.9924
vn 0.0280 0.0545 0.9981
vn 0.0084 0.0244 0.9997
vn 0.0037 0.0123 0.9999
vn -0.0284 -0.1158 0.9929
vn -0.0140 -0.0565 0.9983
vn -0.0494 -0.1087 0.9928
vn -0.0236 -0.0565 0.9981
vn -0.0140 -0.0334 0.9993
vn -0.0078 -0.0189 0.9998
vn -0.0794 -0.0882 0.9929
vn -0.0631 -0.1018 0.9928
vn -0.0344 -0.0385 0.9987
vn -0.0321 -0.0432 0.9985
vn -0.0090 -0.0126 0.9999
vn -0.0147 -0.0127 0.9998
vn 0.0016 0.0033 1.0000
vn -0.0027 -0.0064 1.0000
vn -0.0963 -0.0687 0.9930
vn -0.0459 -0.0308 0.9985
vn -0.1029 -0.0518 0.9933
vn -0.0573 -0.0249 0.9980
vn -0.0272 -0.0163 0.9995
vn -0.0188 -0.0074 0.9998
vn -0.1105 -0.0021 0.9939
vn -0.1074 -0.0296 0.9938
vn -0.0465 -0.0010 0.9989
vn -0.0495 -0.0085 0.9987
vn -0.0167 0.0026 0.9999
vn -0.0186 0.0026 0.9998
vn 0.0014 0.0041 1.0000
vn -0.0073 -0.0007 1.0000
vn -0.1098 0.0317 0.9934
vn -0.0539 0.0190 0.9984
vn -0.1077 0.0482 0.9930
vn -0.0564 0.0247 0.9981
vn -0.0325 0.0197 0.9993
vn -0.0191 0.0131 0.9997
vn -0.0360 0.0432 0.9984
vn -0.0817 0.0876 0.9928
vn -0.0415 0.0376 0.9984
vn -0.0952 0.0663 0.9932
vn -0.0122 0.0157 0.9998
vn -0.0133 0.0192 0.9997
vn 0.0010 0.0038 1.0000
vn -0.0078 0.0083 0.9999
vn -0.0645 0.1057 0.9923
vn -0.0322 0.0540 0.9980
vn -0.0510 0.1157 0.9920
vn -0.0277 0.0641 0.9976
vn -0.0122 0.0272 0.9996
vn -0.0107 0.0388 0.9992
vn -0.0260 0.1191 0.9925
vn -0.0101 0.0568 0.9983
vn -0.0000 0.0233 0.9997
vn -0.0037 0.0123 0.9999
vn 0.0516 0.0005 -0.9987
vn 0.0009 -0.0034 -1.0000
vn 0.0525 -0.1010 -0.9935
vn 0.0027 -0.1055 -0.9944
vn 0.2068 0.0352 -0.9778
vn 0.2261 -0.0762 -0.9711
vn 0.2558 -0.1685 -0.9519
vn 0.0621 -0.1892 -0.9800
vn 0.0032 -0.1938 -0.9810
vn 0.5154 0.1140 -0.8493
vn 0.5566 -0.0213 -0.8305
vn 0.8743 0.0437 -0.4835
vn 0.8738 -0.0350 -0.4850
vn 0.5840 -0.1134 -0.8038
vn 0.5981 -0.2075 -0.7741
vn 0.2783 -0.2678 -0.9224
vn 0.8742 -0.1086 -0.4733
vn 0.8749 -0.1779 -0.4505
vn 0.6052 -0.3093 -0.7335
vn 0.2860 -0.3841 -0.8779
vn 0.0698 -0.2894 -0.9547
vn 0.0033 -0.2921 -0.9564
vn 0.0801 -0.4059 -0.9104
vn 0.0014 -0.4094 -0.9123
vn 0.9801 0.0593 -0.1893
vn 0.9957 0.0629 -0.0674
vn 0.9962 0.0322 -0.0807
vn 0.9787 0.0157 -0.2045
vn 0.9977 0.0641 -0.0222
vn 0.9981 0.0604 -0.0082
vn 0.9992 0.0399 -0.0099
vn 0.9989 0.0417 -0.0234
vn 0.9994 0.0233 -0.0271
vn 0.9964 0.0095 -0.0844
vn 0.9995 0.0308 -0.0115
vn 0.9996 0.0257 -0.0105
vn 0.9994 0.0186 -0.0275
vn 0.9965 -0.0107 -0.0826
vn 0.9774 -0.0286 -0.2096
vn 0.9772 -0.0643 -0.2021
vn 0.8746 0.3187 0.3654
vn 0.8833 0.2336 0.4065
vn 0.5976 0.4090 0.6897
vn 0.6238 0.3573 0.6952
vn 0.3220 0.4541 0.8307
vn 0.3195 0.4167 0.8510
vn 0.6174 0.3543 0.7023
vn 0.3092 0.4256 0.8504
vn 0.8796 0.2253 0.4189
vn 0.1257 0.4690 0.8742
vn 0.1125 0.4376 0.8921
vn 0.0035 0.4737 0.8807
vn 0.0000 0.4392 0.8984
vn 0.0949 0.4480 0.8890
vn -0.0000 0.4495 0.8933
vn 0.2917 0.4599 0.8387
vn 0.0824 0.4802 0.8733
vn -0.0000 0.4825 0.8759
vn 0.0790 0.5414 0.8371
vn -0.0000 0.5472 0.8370
vn 0.2853 0.5216 0.8041
vn 0.8729 0.2395 0.4252
vn 0.6051 0.3828 0.6981
vn 0.5962 0.4341 0.6753
vn 0.8684 0.2739 0.4134
vn -0.8742 0.0437 -0.4835
vn -0.5154 0.1140 -0.8493
vn -0.5566 -0.0213 -0.8305
vn -0.2068 0.0352 -0.9777
vn -0.2261 -0.0763 -0.9711
vn -0.5817 -0.1155 -0.8052
vn -0.2559 -0.1685 -0.9519
vn -0.8738 -0.0350 -0.4851
vn -0.0521 0.0004 -0.9986
vn -0.0525 -0.1010 -0.9935
vn -0.0601 -0.1902 -0.9799
vn -0.2749 -0.2702 -0.9227
vn -0.0698 -0.2894 -0.9547
vn -0.0761 -0.4086 -0.9096
vn -0.2845 -0.3853 -0.8778
vn -0.8738 -0.1086 -0.4740
vn -0.5981 -0.2076 -0.7741
vn -0.6025 -0.3125 -0.7344
vn -0.8746 -0.1780 -0.4510
vn -0.1222 0.4698 0.8743
vn -0.1101 0.4371 0.8927
vn -0.3220 0.4541 0.8307
vn -0.3196 0.4167 0.8510
vn -0.3092 0.4257 0.8504
vn -0.0978 0.4495 0.8879
vn -0.5975 0.4090 0.6897
vn -0.6204 0.3540 0.6999
vn -0.8746 0.3187 0.3654
vn -0.8839 0.2330 0.4056
vn -0.8800 0.2252 0.4183
vn -0.6207 0.3557 0.6987
vn -0.6051 0.3828 0.6981
vn -0.2917 0.4600 0.8387
vn -0.8732 0.2393 0.4246
vn -0.8684 0.2739 0.4134
vn -0.5982 0.4346 0.6733
vn -0.2853 0.5215 0.8041
vn -0.0824 0.4803 0.8732
vn -0.0846 0.5439 0.8349
vn -0.9981 0.0605 -0.0101
vn -0.9977 0.0641 -0.0221
vn -0.9957 0.0629 -0.0674
vn -0.9989 0.0382 -0.0271
vn -0.9962 0.0323 -0.0807
vn -0.9991 0.0403 -0.0121
vn -0.9801 0.0593 -0.1893
vn -0.9787 0.0157 -0.2045
vn -0.9774 -0.0286 -0.2096
vn -0.9962 0.0086 -0.0870
vn -0.9767 -0.0639 -0.2050
vn -0.9964 -0.0083 -0.0843
vn -0.9995 0.0308 -0.0115
vn -0.9994 0.0225 -0.0269
vn -0.9994 0.0175 -0.0295
vn -0.9996 0.0262 -0.0108
vn 0.0786 -0.5241 -0.8480
vn 0.0004 -0.5250 -0.8511
vn 0.2858 -0.5025 -0.8160
vn 0.2744 -0.5982 -0.7529
vn 0.0752 -0.6195 -0.7814
vn -0.0018 -0.6230 -0.7822
vn 0.6021 -0.4129 -0.6834
vn 0.8737 -0.2409 -0.4227
vn 0.8693 -0.2996 -0.3932
vn 0.5921 -0.4978 -0.6337
vn 0.5677 -0.5787 -0.5855
vn 0.2537 -0.6818 -0.6861
vn 0.8597 -0.3537 -0.3686
vn 0.8449 -0.4088 -0.3451
vn 0.5348 -0.6541 -0.5349
vn 0.2217 -0.7570 -0.6146
vn 0.0601 -0.7028 -0.7089
vn -0.0010 -0.7038 -0.7104
vn 0.0480 -0.7750 -0.6301
vn 0.0006 -0.7752 -0.6317
vn 0.9770 -0.0935 -0.1917
vn 0.9967 -0.0216 -0.0781
vn 0.9968 -0.0312 -0.0740
vn 0.9767 -0.1182 -0.1791
vn 0.9996 0.0118 -0.0269
vn 0.9997 0.0228 -0.0133
vn 0.9997 0.0223 -0.0141
vn 0.9996 0.0114 -0.0266
vn 0.9996 0.0092 -0.0271
vn 0.9970 -0.0363 -0.0686
vn 0.9996 0.0239 -0.0156
vn 0.9994 0.0279 -0.0181
vn 0.9995 0.0125 -0.0283
vn 0.9968 -0.0430 -0.0674
vn 0.9751 -0.1466 -0.1667
vn 0.9737 -0.1643 -0.1579
vn 0.8694 0.3157 0.3801
vn 0.6075 0.5016 0.6159
vn 0.3049 0.5996 0.7400
vn 0.6303 0.5642 0.5333
vn 0.3436 0.6810 0.6467
vn 0.8733 0.3597 0.3286
vn 0.0953 0.6298 0.7709
vn -0.0000 0.6354 0.7722
vn 0.1250 0.7203 0.6823
vn -0.0000 0.7273 0.6863
vn 0.3914 0.7476 0.5366
vn 0.1684 0.8017 0.5735
vn 0.0000 0.8141 0.5808
vn 0.2066 0.8634 0.4603
vn 0.0000 0.8837 0.4680
vn 0.4396 0.7928 0.4222
vn 0.8766 0.3981 0.2704
vn 0.6578 0.6142 0.4358
vn 0.6815 0.6487 0.3387
vn 0.8773 0.4302 0.2127
vn -0.8736 -0.2410 -0.4228
vn -0.6020 -0.4129 -0.6834
vn -0.2858 -0.5025 -0.8160
vn -0.5906 -0.4995 -0.6338
vn -0.2744 -0.5981 -0.7530
vn -0.8688 -0.2999 -0.3939
vn -0.0786 -0.5241 -0.8481
vn -0.0717 -0.6215 -0.7801
vn -0.2506 -0.6839 -0.6852
vn -0.0601 -0.7028 -0.7088
vn -0.0451 -0.7764 -0.6287
vn -0.2217 -0.7571 -0.6146
vn -0.8598 -0.3535 -0.3684
vn -0.5677 -0.5786 -0.5856
vn -0.5348 -0.6541 -0.5349
vn -0.8445 -0.4091 -0.3455
vn -0.0953 0.6298 0.7709
vn -0.3049 0.5995 0.7400
vn -0.3420 0.6824 0.6460
vn -0.1242 0.7207 0.6820
vn -0.6074 0.5016 0.6160
vn -0.8696 0.3154 0.3798
vn -0.8733 0.3596 0.3287
vn -0.6312 0.5642 0.5322
vn -0.6579 0.6142 0.4358
vn -0.3912 0.7522 0.5302
vn -0.8767 0.3980 0.2703
vn -0.8775 0.4299 0.2124
vn -0.6840 0.6477 0.3355
vn -0.4367 0.7977 0.4158
vn -0.1655 0.8012 0.5751
vn -0.2121 0.8637 0.4572
vn -0.9996 0.0240 -0.0156
vn -0.9994 0.0278 -0.0181
vn -0.9995 0.0111 -0.0286
vn -0.9995 0.0130 -0.0300
vn -0.9997 0.0223 -0.0141
vn -0.9996 0.0114 -0.0266
vn -0.9969 -0.0292 -0.0737
vn -0.9967 -0.0389 -0.0711
vn -0.9966 -0.0469 -0.0676
vn -0.9997 0.0228 -0.0133
vn -0.9995 0.0147 -0.0262
vn -0.9967 -0.0217 -0.0781
vn -0.9772 -0.0920 -0.1913
vn -0.9764 -0.1198 -0.1795
vn -0.9754 -0.1422 -0.1684
vn -0.9726 -0.1702 -0.1583
vn 0.7597 0.5068 0.4075
vn 0.9411 0.3140 0.1257
vn 0.8835 0.4344 0.1752
vn 0.9633 0.2665 0.0316
vn 0.9466 0.3193 0.0439
vn 0.8467 0.5108 0.1487
vn 0.9310 0.3636 0.0326
vn 0.7067 0.6304 0.3213
vn 0.9879 0.1548 0.0034
vn 0.9857 0.1685 0.0033
vn 0.9839 0.1785 0.0013
vn 0.9245 0.3811 0.0092
vn 0.9834 0.1814 0.0000
vn 0.9234 0.3839 0.0000
vn 0.7038 0.7009 0.1163
vn 0.8315 0.5533 0.0499
vn 0.8258 0.5639 0.0000
vn 0.6956 0.7184 -0.0000
vn 0.0010 0.5628 0.8266
vn 0.1376 0.5574 0.8188
vn 0.3203 0.5521 0.7698
vn 0.1658 0.7391 0.6529
vn 0.3422 0.7256 0.5969
vn 0.0000 0.7466 0.6653
vn 0.5472 0.5507 0.6303
vn 0.5247 0.7017 0.4820
vn 0.3841 0.8926 0.2360
vn 0.5494 0.8153 0.1830
vn 0.0001 0.9623 0.2718
vn 0.2024 0.9429 0.2646
vn -0.9879 0.1548 0.0034
vn -0.9857 0.1686 0.0033
vn -0.9633 0.2665 0.0316
vn -0.9466 0.3194 0.0437
vn -0.9310 0.3637 0.0324
vn -0.9840 0.1784 0.0013
vn -0.9411 0.3140 0.1256
vn -0.8835 0.4345 0.1751
vn -0.7597 0.5068 0.4075
vn -0.7066 0.6305 0.3213
vn -0.8467 0.5109 0.1487
vn -0.8315 0.5533 0.0500
vn -0.9245 0.3812 0.0092
vn -0.7037 0.7009 0.1163
vn -0.8258 0.5640 0.0000
vn -0.9234 0.3839 0.0000
vn -0.9834 0.1813 0.0000
vn -0.5472 0.5507 0.6303
vn -0.3203 0.5521 0.7698
vn -0.3422 0.7256 0.5969
vn -0.5248 0.7015 0.4821
vn -0.1376 0.5574 0.8188
vn -0.1657 0.7390 0.6530
vn -0.2024 0.9429 0.2647
vn -0.3841 0.8926 0.2360
vn -0.5494 0.8152 0.1831
vn -0.9598 0.1782 0.2166
vn -0.9770 -0.0370 0.2100
vn -0.8999 0.3756 0.2215
vn -0.6964 0.1340 0.7050
vn -0.6462 0.2757 0.7116
vn -0.7201 -0.0205 0.6935
vn -0.8076 0.5510 0.2100
vn -0.6956 0.7184 0.0001
vn -0.6823 0.7032 0.1999
vn -0.5874 0.4069 0.6995
vn -0.5098 0.5267 0.6802
vn -0.2562 0.1160 0.9596
vn -0.2443 0.1683 0.9550
vn -0.2159 0.2258 0.9499
vn -0.2823 0.0622 0.9573
vn -0.2985 -0.0062 0.9544
vn -0.6713 -0.7143 0.1978
vn -0.7822 -0.5884 0.2047
vn -0.8752 -0.4340 0.2138
vn -0.6326 -0.3156 0.7073
vn -0.5780 -0.4287 0.6944
vn -0.5047 -0.5344 0.6780
vn -0.9451 -0.2500 0.2106
vn -0.6888 -0.1805 0.7022
vn -0.2791 -0.0772 0.9571
vn -0.2536 -0.1267 0.9590
vn -0.2418 -0.1771 0.9540
vn -0.2156 -0.2290 0.9492
vn -0.0001 -0.9809 0.1945
vn -0.2126 -0.9567 0.1988
vn -0.3891 -0.8986 0.2028
vn -0.1633 -0.7105 0.6845
vn -0.2851 -0.6588 0.6962
vn -0.0072 -0.7415 0.6709
vn -0.5381 -0.8191 0.1991
vn -0.4004 -0.6069 0.6865
vn -0.1641 -0.2582 0.9521
vn -0.1180 -0.2702 0.9555
vn -0.0000 -0.3171 0.9484
vn -0.0706 -0.2977 0.9521
vn 0.6667 -0.7187 0.1975
vn 0.5381 -0.8190 0.1993
vn 0.3885 -0.8984 0.2051
vn 0.3945 -0.6111 0.6862
vn 0.2852 -0.6605 0.6945
vn 0.5001 -0.5393 0.6775
vn 0.2130 -0.9570 0.1970
vn 0.1608 -0.7112 0.6844
vn 0.0705 -0.2977 0.9521
vn 0.1157 -0.2712 0.9555
vn 0.2145 -0.2297 0.9493
vn 0.1642 -0.2584 0.9520
vn 0.9770 -0.0372 0.2101
vn 0.9443 -0.2498 0.2140
vn 0.8751 -0.4339 0.2144
vn 0.6872 -0.1870 0.7019
vn 0.6326 -0.3156 0.7073
vn 0.7203 -0.0241 0.6932
vn 0.7979 -0.6027 0.0000
vn 0.7821 -0.5885 0.2047
vn 0.5741 -0.4343 0.6941
vn 0.2532 -0.1276 0.9590
vn 0.2420 -0.1772 0.9540
vn 0.2990 -0.0064 0.9542
vn 0.2793 -0.0773 0.9571
vn 0.6957 0.7184 0.0001
vn 0.6841 0.7006 0.2028
vn 0.8077 0.5510 0.2096
vn 0.9000 0.3756 0.2213
vn 0.6463 0.2757 0.7116
vn 0.5911 0.4011 0.6998
vn 0.5101 0.5227 0.6831
vn 0.9599 0.1785 0.2161
vn 0.6966 0.1337 0.7049
vn 0.2824 0.0622 0.9573
vn 0.2566 0.1151 0.9596
vn 0.2441 0.1682 0.9550
vn 0.2159 0.2249 0.9502
vn 0.0051 0.9803 0.1973
vn 0.2007 0.9586 0.2018
vn 0.3751 0.9033 0.2082
vn 0.2736 0.6622 0.6976
vn 0.1542 0.7095 0.6876
vn 0.0001 0.7385 0.6743
vn 0.5337 0.8209 0.2034
vn 0.3941 0.6057 0.6912
vn 0.1615 0.2584 0.9524
vn 0.1132 0.2733 0.9552
vn 0.0675 0.3006 0.9514
vn -0.0000 0.3198 0.9475
vn -0.5336 0.8208 0.2038
vn -0.3751 0.9033 0.2081
vn -0.3890 0.6097 0.6906
vn -0.2737 0.6621 0.6976
vn -0.2007 0.9587 0.2017
vn -0.1477 0.7113 0.6872
vn -0.1122 0.2745 0.9550
vn -0.0675 0.3007 0.9513
vn -0.1615 0.2584 0.9524
vn -0.9831 0.1828 -0.0027
vn -0.9994 -0.0343 0.0019
vn -0.9231 0.3844 -0.0038
vn -0.9287 0.3703 -0.0174
vn -0.9841 0.1775 -0.0016
vn -0.9993 -0.0376 0.0016
vn -0.8278 0.5608 -0.0131
vn -0.6995 0.7141 -0.0288
vn -0.8485 0.5246 -0.0699
vn -0.7267 0.6659 -0.1687
vn -0.9414 0.3358 -0.0305
vn -0.8817 0.4533 -0.1304
vn -0.7751 0.5026 -0.3829
vn -0.9860 0.1666 -0.0027
vn -0.9993 -0.0386 0.0008
vn -0.7992 -0.6010 0.0046
vn -0.6816 -0.7317 0.0051
vn -0.8972 -0.4415 0.0030
vn -0.8962 -0.4436 0.0024
vn -0.7991 -0.6012 0.0043
vn -0.6820 -0.7314 0.0038
vn -0.9677 -0.2521 0.0014
vn -0.9674 -0.2533 0.0028
vn -0.9667 -0.2558 0.0004
vn -0.8963 -0.4435 0.0020
vn -0.7982 -0.6024 0.0010
vn -0.6822 -0.7312 0.0020
vn -0.2151 -0.9766 0.0009
vn -0.3957 -0.9184 0.0027
vn -0.3968 -0.9179 0.0016
vn -0.2158 -0.9764 0.0005
vn -0.5476 -0.8368 0.0039
vn -0.5489 -0.8359 0.0033
vn -0.5489 -0.8359 0.0009
vn -0.3969 -0.9179 0.0008
vn -0.2160 -0.9764 0.0002
vn 0.6815 -0.7318 0.0048
vn 0.5483 -0.8363 0.0036
vn 0.3956 -0.9184 0.0028
vn 0.5486 -0.8361 0.0022
vn 0.3965 -0.9181 0.0016
vn 0.6812 -0.7321 0.0031
vn 0.2151 -0.9766 0.0005
vn 0.2158 -0.9764 0.0005
vn 0.3969 -0.9179 0.0008
vn 0.2161 -0.9764 0.0002
vn 0.6811 -0.7322 0.0013
vn 0.5489 -0.8359 0.0010
vn 0.9993 -0.0368 0.0003
vn 0.9677 -0.2522 0.0013
vn 0.8972 -0.4416 0.0031
vn 0.9668 -0.2555 0.0016
vn 0.8962 -0.4436 0.0025
vn 0.9992 -0.0387 0.0005
vn 0.7993 -0.6009 0.0046
vn 0.7981 -0.6025 0.0034
vn 0.8954 -0.4452 0.0011
vn 0.7981 -0.6025 0.0011
vn 0.9992 -0.0394 0.0005
vn 0.9667 -0.2559 0.0005
vn 0.6995 0.7140 -0.0288
vn 0.8279 0.5608 -0.0131
vn 0.9231 0.3845 -0.0038
vn 0.9288 0.3703 -0.0175
vn 0.8487 0.5243 -0.0697
vn 0.7267 0.6659 -0.1686
vn 0.9831 0.1828 -0.0028
vn 0.9843 0.1767 -0.0019
vn 0.9415 0.3357 -0.0306
vn 0.9860 0.1667 -0.0026
vn 0.8818 0.4533 -0.1304
vn 0.7751 0.5026 -0.3828
vn 0.0000 0.9979 -0.0645
vn 0.2047 0.9767 -0.0637
vn 0.3853 0.9210 -0.0568
vn 0.3880 0.8424 -0.3739
vn 0.1954 0.8823 -0.4282
vn 0.0017 0.8979 -0.4403
vn 0.5481 0.8352 -0.0452
vn 0.5649 0.7769 -0.2780
vn 0.5647 0.4890 -0.6648
vn 0.2986 0.4297 -0.8521
vn 0.1135 0.4007 -0.9092
vn 0.0000 0.3990 -0.9170
vn -0.5481 0.8352 -0.0453
vn -0.3854 0.9210 -0.0568
vn -0.5650 0.7769 -0.2780
vn -0.3881 0.8424 -0.3739
vn -0.2047 0.9768 -0.0635
vn -0.1952 0.8823 -0.4284
vn -0.2986 0.4298 -0.8521
vn -0.1135 0.4007 -0.9092
vn -0.5647 0.4890 -0.6648
vn 0.0274 -0.9756 -0.2179
vn 0.0004 -0.9754 -0.2203
vn 0.0414 -0.9862 -0.1601
vn 0.0045 -0.9870 -0.1609
vn 0.1492 -0.9640 -0.2199
vn 0.1661 -0.9721 -0.1657
vn 0.1992 -0.9688 -0.1472
vn 0.0595 -0.9883 -0.1406
vn -0.0045 -0.9897 -0.1428
vn 0.4013 -0.8904 -0.2149
vn 0.4126 -0.8957 -0.1659
vn 0.7540 -0.6317 -0.1802
vn 0.7540 -0.6414 -0.1416
vn 0.7760 -0.6175 -0.1288
vn 0.4530 -0.8790 -0.1486
vn 0.5205 -0.8395 -0.1558
vn 0.2550 -0.9534 -0.1611
vn 0.8051 -0.5773 -0.1359
vn 0.0787 -0.9845 -0.1566
vn 0.0008 -0.9876 -0.1567
vn 0.9541 -0.2792 -0.1081
vn 0.9536 -0.2856 -0.0948
vn 0.9953 -0.0673 -0.0690
vn 0.9963 -0.0602 -0.0607
vn 0.9970 -0.0354 -0.0693
vn 0.9604 -0.2627 -0.0927
vn 0.9983 0.0368 -0.0462
vn 0.9976 0.0537 -0.0444
vn 0.9965 0.0714 -0.0425
vn 0.9950 0.0920 -0.0394
vn 0.9905 0.1274 -0.0524
vn 0.9951 0.0821 -0.0548
vn 0.9886 0.1313 -0.0739
vn 0.9962 0.0008 -0.0872
vn 0.9804 0.1860 -0.0647
vn 0.9650 -0.2391 -0.1075
vn 0.7264 0.6847 0.0590
vn 0.8593 0.5106 0.0293
vn 0.7218 0.6916 0.0264
vn 0.8511 0.5250 0.0081
vn 0.5563 0.8270 0.0812
vn 0.5556 0.8305 0.0393
vn 0.7086 0.7056 -0.0004
vn 0.5433 0.8395 0.0071
vn 0.8330 0.5531 -0.0121
vn 0.3228 0.9415 0.0969
vn 0.3253 0.9444 0.0480
vn 0.0012 0.9948 0.1019
vn -0.0000 0.9986 0.0537
vn 0.3181 0.9480 0.0132
vn -0.0000 0.9998 0.0177
vn 0.5283 0.8488 -0.0176
vn 0.3050 0.9522 -0.0166
vn -0.0000 0.9998 -0.0197
vn 0.2939 0.9546 -0.0490
vn 0.0000 0.9989 -0.0467
vn 0.5275 0.8482 -0.0469
vn 0.6896 0.7239 -0.0207
vn 0.8132 0.5812 -0.0287
vn 0.6952 0.7177 -0.0403
vn 0.7920 0.6093 -0.0397
vn -0.7530 -0.6327 -0.1807
vn -0.7538 -0.6417 -0.1415
vn -0.4013 -0.8904 -0.2149
vn -0.4127 -0.8956 -0.1660
vn -0.1492 -0.9640 -0.2199
vn -0.1661 -0.9721 -0.1657
vn -0.4525 -0.8794 -0.1483
vn -0.1996 -0.9687 -0.1477
vn -0.7757 -0.6177 -0.1291
vn -0.0303 -0.9756 -0.2176
vn -0.0414 -0.9862 -0.1602
vn -0.0584 -0.9883 -0.1406
vn -0.2549 -0.9535 -0.1612
vn -0.0789 -0.9845 -0.1567
vn -0.8052 -0.5772 -0.1358
vn -0.5202 -0.8397 -0.1558
vn -0.3196 0.9426 0.0964
vn -0.3251 0.9445 0.0480
vn -0.5546 0.8284 0.0789
vn -0.5555 0.8306 0.0393
vn -0.5433 0.8395 0.0071
vn -0.3199 0.9474 0.0116
vn -0.7251 0.6861 0.0592
vn -0.7211 0.6923 0.0268
vn -0.8586 0.5117 0.0309
vn -0.8487 0.5288 0.0098
vn -0.7064 0.7078 0.0033
vn -0.8342 0.5513 -0.0110
vn -0.6895 0.7240 -0.0208
vn -0.5304 0.8475 -0.0186
vn -0.8133 0.5812 -0.0288
vn -0.7920 0.6092 -0.0398
vn -0.6966 0.7163 -0.0407
vn -0.5282 0.8478 -0.0471
vn -0.3051 0.9522 -0.0166
vn -0.2959 0.9539 -0.0500
vn -0.9969 0.0676 -0.0405
vn -0.9944 0.0964 -0.0424
vn -0.9983 0.0400 -0.0430
vn -0.9974 0.0555 -0.0458
vn -0.9952 -0.0692 -0.0692
vn -0.9964 -0.0524 -0.0661
vn -0.9946 0.0884 -0.0542
vn -0.9974 -0.0289 -0.0661
vn -0.9902 0.1303 -0.0505
vn -0.9535 -0.2794 -0.1134
vn -0.9548 -0.2796 -0.1011
vn -0.9597 -0.2655 -0.0921
vn -0.9966 0.0042 -0.0818
vn -0.9651 -0.2389 -0.1075
vn -0.9799 0.1896 -0.0627
vn -0.9883 0.1361 -0.0682
vn -0.9992 0.0342 -0.0222
vn -0.9994 0.0151 -0.0321
vn -0.9963 -0.0514 -0.0685
vn -0.9993 0.0180 -0.0342
vn -0.9960 -0.0579 -0.0674
vn -0.9987 0.0430 -0.0275
vn -0.9691 -0.1950 -0.1508
vn -0.8256 -0.4682 -0.3148
vn -0.9639 -0.2270 -0.1395
vn -0.8002 -0.5354 -0.2704
vn -0.9957 -0.0643 -0.0662
vn -0.9581 -0.2576 -0.1254
vn -0.7731 -0.5931 -0.2247
vn -0.9982 0.0521 -0.0296
vn -0.9990 0.0264 -0.0367
vn -0.2470 0.9036 0.3500
vn -0.0033 0.9345 0.3558
vn -0.4860 0.8185 0.3065
vn -0.5161 0.8274 0.2215
vn -0.2837 0.9265 0.2471
vn -0.0027 0.9667 0.2560
vn -0.7002 0.6687 0.2503
vn -0.8753 0.4568 0.1590
vn -0.8714 0.4780 0.1102
vn -0.7117 0.6815 0.1701
vn -0.7226 0.6824 0.1105
vn -0.5390 0.8310 0.1375
vn -0.8664 0.4949 0.0664
vn -0.3054 0.9378 0.1654
vn -0.0012 0.9853 0.1708
vn 0.8751 0.4571 0.1591
vn 0.7002 0.6686 0.2503
vn 0.4827 0.8171 0.3152
vn 0.7133 0.6790 0.1735
vn 0.5164 0.8273 0.2214
vn 0.8721 0.4770 0.1091
vn 0.2471 0.9036 0.3500
vn 0.2792 0.9271 0.2501
vn 0.5400 0.8293 0.1436
vn 0.3055 0.9377 0.1654
vn 0.7226 0.6824 0.1105
vn 0.8662 0.4952 0.0666
vn 0.9691 -0.1950 -0.1508
vn 0.8268 -0.4660 -0.3150
vn 0.9963 -0.0513 -0.0684
vn 0.9960 -0.0579 -0.0675
vn 0.9647 -0.2235 -0.1393
vn 0.8025 -0.5316 -0.2710
vn 0.9994 0.0139 -0.0303
vn 0.9992 0.0341 -0.0222
vn 0.9987 0.0430 -0.0275
vn 0.9993 0.0182 -0.0339
vn 0.9988 0.0273 -0.0398
vn 0.9952 -0.0664 -0.0717
vn 0.9982 0.0492 -0.0344
vn 0.9581 -0.2589 -0.1224
vn 0.7730 -0.5932 -0.2247
vn 0.0344 -0.8455 -0.5329
vn 0.0007 -0.8456 -0.5338
vn 0.1936 -0.8309 -0.5216
vn 0.1675 -0.8940 -0.4156
vn 0.0288 -0.9076 -0.4188
vn 0.0018 -0.9080 -0.4190
vn 0.4970 -0.7322 -0.4656
vn 0.4575 -0.8035 -0.3810
vn 0.4220 -0.8569 -0.2962
vn 0.1538 -0.9388 -0.3082
vn 0.0248 -0.9510 -0.3081
vn 0.0037 -0.9512 -0.3085
vn -0.4973 -0.7321 -0.4655
vn -0.1936 -0.8309 -0.5217
vn -0.4554 -0.8049 -0.3805
vn -0.1686 -0.8945 -0.4141
vn -0.0344 -0.8454 -0.5330
vn -0.0264 -0.9084 -0.4173
vn -0.1518 -0.9395 -0.3072
vn -0.0248 -0.9511 -0.3080
vn -0.4212 -0.8597 -0.2890
vn -0.9792 0.1602 0.1244
vn -0.9795 0.1261 0.1571
vn -0.9921 0.1184 0.0413
vn -0.9956 0.0784 0.0516
vn -0.9779 0.1133 0.1756
vn -0.9962 0.0618 0.0610
vn -0.9944 0.1055 0.0064
vn -0.9980 0.0636 0.0060
vn -0.9991 0.0421 0.0049
vn -0.9964 0.0591 0.0605
vn -0.9994 0.0333 0.0067
vn -0.9995 0.0315 0.0041
vn -0.9965 0.0592 0.0583
vn -0.9758 0.1184 0.1840
vn -0.9761 0.1277 0.1758
vn -0.9918 0.1274 0.0005
vn -0.9824 0.1867 0.0014
vn -0.9817 0.1902 0.0124
vn -0.9910 0.1337 0.0016
vn -0.9875 0.1575 0.0008
vn -0.9846 0.1726 0.0264
vn -0.9733 0.2198 0.0655
vn -0.9747 0.2227 0.0196
vn -0.9899 0.1417 0.0027
vn 0.9945 0.1045 0.0045
vn 0.9875 0.1575 0.0008
vn 0.9824 0.1866 0.0013
vn 0.9851 0.1699 0.0254
vn 0.9806 0.1955 0.0120
vn 0.9921 0.1183 0.0413
vn 0.9915 0.1297 0.0003
vn 0.9913 0.1314 0.0002
vn 0.9747 0.2226 0.0196
vn 0.9899 0.1416 0.0027
vn 0.9792 0.1602 0.1244
vn 0.9733 0.2198 0.0655
vn 0.9995 0.0315 0.0040
vn 0.9994 0.0352 0.0022
vn 0.9990 0.0450 0.0021
vn 0.9964 0.0591 0.0605
vn 0.9965 0.0644 0.0533
vn 0.9965 0.0593 0.0583
vn 0.9979 0.0646 0.0045
vn 0.9956 0.0785 0.0503
vn 0.9780 0.1196 0.1711
vn 0.9795 0.1261 0.1571
vn 0.9761 0.1277 0.1758
vn 0.9777 0.1166 0.1747
vn 0.9989 0.0447 -0.0111
vn 0.9992 0.0396 -0.0062
vn 0.9994 0.0344 -0.0019
vn 0.9953 0.0895 0.0374
vn 0.9959 0.0790 0.0437
vn 0.9937 0.1089 0.0247
vn 0.9995 0.0326 0.0008
vn 0.9962 0.0692 0.0526
vn 0.9743 0.1754 0.1413
vn 0.9752 0.1520 0.1606
vn 0.9696 0.2253 0.0952
vn 0.9726 0.2003 0.1179
vn 0.9945 0.0991 -0.0345
vn 0.9963 0.0800 -0.0315
vn 0.9976 0.0658 -0.0228
vn 0.9863 0.1647 -0.0110
vn 0.9897 0.1428 0.0044
vn 0.9818 0.1882 -0.0247
vn 0.9984 0.0542 -0.0151
vn 0.9923 0.1227 0.0165
vn 0.9588 0.2805 0.0451
vn 0.9652 0.2521 0.0693
vn 0.9442 0.3293 -0.0015
vn 0.9521 0.3050 0.0223
vn 0.9315 0.3543 -0.0829
vn 0.9694 0.2373 -0.0620
vn 0.9837 0.1720 -0.0518
vn 0.9435 0.3269 -0.0548
vn 0.9647 0.2595 -0.0441
vn 0.8939 0.4430 -0.0691
vn 0.9903 0.1327 -0.0412
vn 0.9758 0.2156 -0.0367
vn 0.9213 0.3875 -0.0314
vn 0.9338 0.3575 -0.0130
vn 0.8411 0.5383 -0.0530
vn 0.8942 0.4455 -0.0436
vn 0.0000 0.9741 -0.2260
vn 0.3322 0.9173 -0.2197
vn 0.6520 0.7393 -0.1683
vn 0.3145 0.9374 -0.1492
vn 0.6007 0.7900 -0.1226
vn 0.0011 0.9880 -0.1546
vn 0.8405 0.5291 -0.1164
vn 0.7907 0.6050 -0.0943
vn 0.5536 0.8286 -0.0835
vn 0.7349 0.6747 -0.0688
vn 0.0007 0.9954 -0.0963
vn 0.2977 0.9500 -0.0939
vn -0.8425 0.5261 -0.1158
vn -0.9309 0.3555 -0.0835
vn -0.6520 0.7393 -0.1683
vn -0.6015 0.7895 -0.1220
vn -0.7922 0.6030 -0.0933
vn -0.8935 0.4437 -0.0693
vn -0.3322 0.9173 -0.2198
vn -0.3113 0.9389 -0.1470
vn -0.2993 0.9496 -0.0931
vn -0.5512 0.8302 -0.0829
vn -0.7350 0.6747 -0.0679
vn -0.8408 0.5387 -0.0540
vn -0.9438 0.3306 0.0006
vn -0.9334 0.3584 -0.0140
vn -0.9816 0.1898 -0.0223
vn -0.9750 0.2200 -0.0306
vn -0.9203 0.3902 -0.0276
vn -0.9657 0.2568 -0.0396
vn -0.9940 0.1037 -0.0353
vn -0.9904 0.1325 -0.0402
vn -0.9845 0.1686 -0.0472
vn -0.9434 0.3270 -0.0548
vn -0.9694 0.2374 -0.0619
vn -0.8942 0.4455 -0.0436
vn -0.9691 0.2274 0.0954
vn -0.9649 0.2525 0.0718
vn -0.9940 0.1069 0.0236
vn -0.9923 0.1231 0.0166
vn -0.9592 0.2788 0.0467
vn -0.9897 0.1431 0.0042
vn -0.9991 0.0427 -0.0053
vn -0.9985 0.0545 -0.0108
vn -0.9977 0.0652 -0.0179
vn -0.9864 0.1639 -0.0084
vn -0.9962 0.0828 -0.0268
vn -0.9523 0.3044 0.0229
vn -0.9752 0.1520 0.1612
vn -0.9962 0.0694 0.0531
vn -0.9743 0.1754 0.1414
vn -0.9958 0.0786 0.0463
vn -0.9995 0.0322 0.0028
vn -0.9994 0.0340 0.0009
vn -0.9948 0.0946 0.0364
vn -0.9993 0.0369 -0.0028
vn -0.9725 0.2002 0.1188
vn -0.9234 0.3840 0.0000
vn -0.8258 0.5639 0.0000
usemtl Musicnote
s 1
f 1//1 2//2 3//3
f 2//2 4//4 3//3
f 5//5 1//1 6//6
f 1//1 3//3 6//6
f 6//6 3//3 7//7
f 3//3 8//8 7//7
f 3//3 4//4 8//8
f 4//4 9//9 8//8
f 10//10 5//5 11//11
f 5//5 6//6 11//11
f 12//12 10//10 13//13
f 10//10 11//11 13//13
f 13//13 11//11 14//14
f 11//11 15//15 14//14
f 11//11 6//6 15//15
f 6//6 7//7 15//15
f 15//15 7//7 16//16
f 7//7 17//17 16//16
f 14//14 15//15 18//18
f 15//15 16//16 18//18
f 18//18 16//16 19//19
f 16//16 20//20 19//19
f 16//16 17//17 20//20
f 17//17 21//21 20//20
f 8//8 9//9 22//22
f 9//9 23//23 22//22
f 7//7 8//8 17//17
f 8//8 22//22 17//17
f 17//17 22//22 21//21
f 22//22 24//24 21//21
f 22//22 23//23 24//24
f 23//23 25//25 24//24
f 24//24 25//25 26//26
f 25//25 27//27 26//26
f 21//21 24//24 28//28
f 24//24 26//26 28//28
f 28//28 26//26 29//29
f 26//26 30//30 29//29
f 26//26 27//27 30//30
f 27//27 31//31 30//30
f 20//20 21//21 32//32
f 21//21 28//28 32//32
f 19//19 20//20 33//33
f 20//20 32//32 33//33
f 33//33 32//32 34//34
f 32//32 35//35 34//34
f 32//32 28//28 35//35
f 28//28 29//29 35//35
f 35//35 29//29 36//36
f 29//29 37//37 36//36
f 34//34 35//35 38//38
f 35//35 36//36 38//38
f 38//38 36//36 39//39
f 36//36 40//40 39//39
f 36//36 37//37 40//40
f 37//37 41//41 40//40
f 31//31 42//42 30//30
f 42//42 43//43 30//30
f 29//29 30//30 37//37
f 30//30 43//43 37//37
f 37//37 43//43 41//41
f 43//43 44//44 41//41
f 42//42 45//45 43//43
f 45//45 44//44 43//43
f 46//46 19//19 47//47
f 19//19 33//33 47//47
f 48//48 46//46 49//49
f 46//46 47//47 49//49
f 49//49 47//47 50//50
f 47//47 51//51 50//50
f 47//47 33//33 51//51
f 33//33 34//34 51//51
f 52//52 48//48 53//53
f 48//48 49//49 53//53
f 54//54 52//52 55//55
f 52//52 53//53 55//55
f 55//55 53//53 56//56
f 53//53 57//57 56//56
f 53//53 49//49 57//57
f 49//49 50//50 57//57
f 57//57 50//50 58//58
f 50//50 59//59 58//58
f 56//56 57//57 60//60
f 57//57 58//58 60//60
f 60//60 58//58 61//61
f 58//58 62//62 61//61
f 58//58 59//59 62//62
f 59//59 63//63 62//62
f 51//51 34//34 64//64
f 34//34 38//38 64//64
f 50//50 51//51 59//59
f 51//51 64//64 59//59
f 59//59 64//64 63//63
f 64//64 65//65 63//63
f 64//64 38//38 65//65
f 38//38 39//39 65//65
f 66//66 12//12 67//67
f 12//12 13//13 67//67
f 68//68 66//66 69//69
f 66//66 67//67 69//69
f 69//69 67//67 70//70
f 67//67 71//71 70//70
f 67//67 13//13 71//71
f 13//13 14//14 71//71
f 72//72 68//68 73//73
f 68//68 69//69 73//73
f 74//74 72//72 75//75
f 72//72 73//73 75//75
f 75//75 73//73 76//76
f 73//73 77//77 76//76
f 73//73 69//69 77//77
f 69//69 70//70 77//77
f 77//77 70//70 78//78
f 70//70 79//79 78//78
f 76//76 77//77 80//80
f 77//77 78//78 80//80
f 80//80 78//78 54//54
f 78//78 52//52 54//54
f 78//78 79//79 52//52
f 79//79 48//48 52//52
f 71//71 14//14 81//81
f 14//14 18//18 81//81
f 70//70 71//71 79//79
f 71//71 81//81 79//79
f 79//79 81//81 48//48
f 81//81 46//46 48//48
f 81//81 18//18 46//46
f 18//18 19//19 46//46
f 82//82 74//74 83//83
f 74//74 75//75 83//83
f 84//84 82//82 85//85
f 82//82 83//83 85//85
f 85//85 83//83 86//86
f 83//83 87//87 86//86
f 83//83 75//75 87//87
f 75//75 76//76 87//87
f 84//84 85//85 88//88
f 85//85 89//89 88//88
f 88//88 89//89 90//90
f 89//89 91//91 90//90
f 89//89 92//92 91//91
f 92//92 93//93 91//91
f 85//85 86//86 89//89
f 86//86 92//92 89//89
f 92//92 86//86 94//94
f 86//86 95//95 94//94
f 92//92 94//94 93//93
f 94//94 96//96 93//93
f 94//94 97//97 96//96
f 97//97 98//98 96//96
f 94//94 95//95 97//97
f 95//95 99//99 97//97
f 87//87 76//76 100//100
f 76//76 80//80 100//100
f 86//86 87//87 95//95
f 87//87 100//100 95//95
f 95//95 100//100 99//99
f 100//100 101//101 99//99
f 100//100 80//80 101//101
f 80//80 54//54 101//101
f 101//101 54//54 102//102
f 54//54 55//55 102//102
f 99//99 101//101 103//103
f 101//101 102//102 103//103
f 103//103 102//102 104//104
f 102//102 105//105 104//104
f 102//102 55//55 105//105
f 55//55 56//56 105//105
f 97//97 99//99 106//106
f 99//99 103//103 106//106
f 98//98 97//97 107//107
f 97//97 106//106 107//107
f 107//107 106//106 108//108
f 106//106 109//109 108//108
f 106//106 103//103 109//109
f 103//103 104//104 109//109
f 109//109 104//104 110//110
f 104//104 111//111 110//110
f 108//108 109//109 112//112
f 109//109 110//110 112//112
f 112//112 110//110 113//113
f 110//110 114//114 113//113
f 110//110 111//111 114//114
f 111//111 115//115 114//114
f 105//105 56//56 116//116
f 56//56 60//60 116//116
f 104//104 105//105 111//111
f 105//105 116//116 111//111
f 111//111 116//116 115//115
f 116//116 117//117 115//115
f 116//116 60//60 117//117
f 60//60 61//61 117//117
f 118//118 98//98 119//119
f 98//98 107//107 119//119
f 120//120 118//118 121//121
f 118//118 119//119 121//121
f 121//121 119//119 122//122
f 119//119 123//123 122//122
f 119//119 107//107 123//123
f 107//107 108//108 123//123
f 124//124 120//120 125//125
f 120//120 121//121 125//125
f 126//126 124//124 127//127
f 124//124 125//125 127//127
f 127//127 125//125 128//128
f 125//125 129//129 128//128
f 125//125 121//121 129//129
f 121//121 122//122 129//129
f 129//129 122//122 130//130
f 122//122 131//131 130//130
f 128//128 129//129 132//132
f 129//129 130//130 132//132
f 132//132 130//130 133//133
f 130//130 134//134 133//133
f 130//130 131//131 134//134
f 131//131 135//135 134//134
f 123//123 108//108 136//136
f 108//108 112//112 136//136
f 122//122 123//123 131//131
f 123//123 136//136 131//131
f 131//131 136//136 135//135
f 136//136 137//137 135//135
f 136//136 112//112 137//137
f 112//112 113//113 137//137
f 138//138 126//126 139//139
f 126//126 127//127 139//139
f 138//138 139//139 140//140
f 139//139 141//141 140//140
f 141//141 139//139 142//142
f 139//139 143//143 142//142
f 139//139 127//127 143//143
f 127//127 128//128 143//143
f 140//140 141//141 144//144
f 141//141 145//145 144//144
f 144//144 145//145 146//146
f 145//145 147//147 146//146
f 145//145 148//148 147//147
f 148//148 149//149 147//147
f 145//145 141//141 148//148
f 141//141 142//142 148//148
f 148//148 142//142 150//150
f 142//142 151//151 150//150
f 148//148 150//150 149//149
f 150//150 152//152 149//149
f 150//150 153//153 152//152
f 153//153 154//154 152//152
f 150//150 151//151 153//153
f 151//151 155//155 153//153
f 143//143 128//128 156//156
f 128//128 132//132 156//156
f 142//142 143//143 151//151
f 143//143 156//156 151//151
f 151//151 156//156 155//155
f 156//156 157//157 155//155
f 156//156 132//132 157//157
f 132//132 133//133 157//157
f 146//146 147//147 158//158
f 147//147 159//159 158//158
f 158//158 159//159 160//160
f 159//159 161//161 160//160
f 159//159 162//162 161//161
f 162//162 163//163 161//161
f 147//147 149//149 159//159
f 149//149 162//162 159//159
f 160//160 161//161 164//164
f 161//161 165//165 164//164
f 164//164 165//165 166//166
f 165//165 167//167 166//166
f 165//165 168//168 167//167
f 168//168 169//169 167//167
f 161//161 163//163 165//165
f 163//163 168//168 165//165
f 163//163 170//170 168//168
f 170//170 171//171 168//168
f 168//168 171//171 169//169
f 171//171 172//172 169//169
f 171//171 173//173 172//172
f 173//173 174//174 172//172
f 170//170 175//175 171//171
f 175//175 173//173 171//171
f 149//149 152//152 162//162
f 152//152 176//176 162//162
f 162//162 176//176 163//163
f 176//176 170//170 163//163
f 176//176 177//177 170//170
f 177//177 175//175 170//170
f 152//152 154//154 176//176
f 154//154 177//177 176//176
f 178//178 179//179 180//180
f 179//179 181//181 180//180
f 178//178 180//180 182//182
f 180//180 183//183 182//182
f 180//180 184//184 183//183
f 184//184 185//185 183//183
f 181//181 186//186 180//180
f 186//186 184//184 180//180
f 182//182 183//183 187//187
f 183//183 188//188 187//187
f 187//187 188//188 189//189
f 188//188 190//190 189//189
f 188//188 191//191 190//190
f 191//191 192//192 190//190
f 183//183 185//185 188//188
f 185//185 191//191 188//188
f 185//185 193//193 191//191
f 193//193 194//194 191//191
f 191//191 194//194 192//192
f 194//194 195//195 192//192
f 194//194 164//164 195//195
f 164//164 166//166 195//195
f 193//193 160//160 194//194
f 160//160 164//164 194//194
f 186//186 196//196 184//184
f 196//196 197//197 184//184
f 184//184 197//197 185//185
f 197//197 193//193 185//185
f 197//197 158//158 193//193
f 158//158 160//160 193//193
f 196//196 146//146 197//197
f 146//146 158//158 197//197
f 189//189 190//190 198//198
f 190//190 199//199 198//198
f 198//198 199//199 200//200
f 199//199 201//201 200//200
f 199//199 202//202 201//201
f 202//202 203//203 201//201
f 190//190 192//192 199//199
f 192//192 202//202 199//199
f 204//204 200//200 205//205
f 200//200 201//201 205//205
f 206//206 204//204 207//207
f 204//204 205//205 207//207
f 205//205 208//208 207//207
f 208//208 209//209 207//207
f 201//201 203//203 205//205
f 203//203 208//208 205//205
f 203//203 210//210 208//208
f 210//210 211//211 208//208
f 208//208 211//211 209//209
f 211//211 212//212 209//209
f 211//211 213//213 212//212
f 213//213 214//214 212//212
f 210//210 215//215 211//211
f 215//215 213//213 211//211
f 192//192 195//195 202//202
f 195//195 216//216 202//202
f 202//202 216//216 203//203
f 216//216 210//210 203//203
f 216//216 217//217 210//210
f 217//217 215//215 210//210
f 195//195 166//166 216//216
f 166//166 217//217 216//216
f 166//166 167//167 217//217
f 167//167 218//218 217//217
f 217//217 218//218 215//215
f 218//218 219//219 215//215
f 218//218 220//220 219//219
f 220//220 221//221 219//219
f 167//167 169//169 218//218
f 169//169 220//220 218//218
f 215//215 219//219 213//213
f 219//219 222//222 213//213
f 213//213 222//222 214//214
f 222//222 223//223 214//214
f 222//222 224//224 223//223
f 224//224 225//225 223//223
f 219//219 221//221 222//222
f 221//221 224//224 222//222
f 221//221 226//226 224//224
f 226//226 227//227 224//224
f 224//224 227//227 225//225
f 227//227 228//228 225//225
f 227//227 229//229 228//228
f 229//229 230//230 228//228
f 226//226 231//231 227//227
f 231//231 229//229 227//227
f 169//169 172//172 220//220
f 172//172 232//232 220//220
f 220//220 232//232 221//221
f 232//232 226//226 221//221
f 232//232 233//233 226//226
f 233//233 231//231 226//226
f 172//172 174//174 232//232
f 174//174 233//233 232//232
f 214//214 223//223 234//234
f 223//223 235//235 234//234
f 234//234 235//235 236//236
f 235//235 237//237 236//236
f 235//235 238//238 237//237
f 238//238 239//239 237//237
f 223//223 225//225 235//235
f 225//225 238//238 235//235
f 236//236 237//237 240//240
f 237//237 241//241 240//240
f 240//240 241//241 242//242
f 241//241 243//243 242//242
f 241//241 244//244 243//243
f 244//244 245//245 243//243
f 237//237 239//239 241//241
f 239//239 244//244 241//241
f 239//239 246//246 244//244
f 246//246 247//247 244//244
f 244//244 247//247 245//245
f 247//247 248//248 245//245
f 247//247 249//249 248//248
f 249//249 250//250 248//248
f 246//246 251//251 247//247
f 251//251 249//249 247//247
f 225//225 228//228 238//238
f 228//228 252//252 238//238
f 238//238 252//252 239//239
f 252//252 246//246 239//239
f 252//252 253//253 246//246
f 253//253 251//251 246//246
f 228//228 230//230 252//252
f 230//230 253//253 252//252
f 254//254 206//206 255//255
f 206//206 207//207 255//255
f 256//256 254//254 257//257
f 254//254 255//255 257//257
f 255//255 258//258 257//257
f 258//258 259//259 257//257
f 207//207 209//209 255//255
f 209//209 258//258 255//255
f 260//260 256//256 261//261
f 256//256 257//257 261//261
f 260//260 261//261 262//262
f 261//261 263//263 262//262
f 261//261 264//264 263//263
f 264//264 265//265 263//263
f 257//257 259//259 261//261
f 259//259 264//264 261//261
f 259//259 266//266 264//264
f 266//266 267//267 264//264
f 264//264 267//267 265//265
f 267//267 268//268 265//265
f 267//267 240//240 268//268
f 240//240 242//242 268//268
f 266//266 236//236 267//267
f 236//236 240//240 267//267
f 209//209 212//212 258//258
f 212//212 269//269 258//258
f 258//258 269//269 259//259
f 269//269 266//266 259//259
f 269//269 234//234 266//266
f 234//234 236//236 266//266
f 212//212 214//214 269//269
f 214//214 234//234 269//269
f 262//262 263//263 270//270
f 263//263 271//271 270//270
f 270//270 271//271 272//272
f 271//271 273//273 272//272
f 271//271 274//274 273//273
f 274//274 275//275 273//273
f 263//263 265//265 271//271
f 265//265 274//274 271//271
f 272//272 273//273 276//276
f 273//273 277//277 276//276
f 276//276 277//277 278//278
f 277//277 279//279 278//278
f 277//277 280//280 279//279
f 280//280 281//281 279//279
f 273//273 275//275 277//277
f 275//275 280//280 277//277
f 275//275 282//282 280//280
f 282//282 283//283 280//280
f 280//280 283//283 281//281
f 283//283 284//284 281//281
f 283//283 285//285 284//284
f 285//285 286//286 284//284
f 282//282 287//287 283//283
f 287//287 285//285 283//283
f 265//265 268//268 274//274
f 268//268 288//288 274//274
f 274//274 288//288 275//275
f 288//288 282//282 275//275
f 288//288 289//289 282//282
f 289//289 287//287 282//282
f 268//268 242//242 288//288
f 242//242 289//289 288//288
f 242//242 243//243 289//289
f 243//243 290//290 289//289
f 289//289 290//290 287//287
f 290//290 291//291 287//287
f 290//290 292//292 291//291
f 292//292 293//293 291//291
f 243//243 245//245 290//290
f 245//245 292//292 290//290
f 287//287 291//291 285//285
f 291//291 294//294 285//285
f 285//285 294//294 286//286
f 294//294 295//295 286//286
f 294//294 296//296 295//295
f 296//296 297//297 295//295
f 291//291 293//293 294//294
f 293//293 296//296 294//294
f 293//293 298//298 296//296
f 298//298 299//299 296//296
f 296//296 299//299 297//297
f 299//299 300//300 297//297
f 299//299 301//301 300//300
f 301//301 302//302 300//300
f 298//298 303//303 299//299
f 303//303 301//301 299//299
f 245//245 248//248 292//292
f 248//248 304//304 292//292
f 292//292 304//304 293//293
f 304//304 298//298 293//293
f 304//304 305//305 298//298
f 305//305 303//303 298//298
f 248//248 250//250 304//304
f 250//250 305//305 304//304
f 286//286 295//295 306//306
f 295//295 307//307 306//306
f 306//306 307//307 308//308
f 307//307 309//309 308//308
f 307//307 310//310 309//309
f 310//310 311//311 309//309
f 295//295 297//297 307//307
f 297//297 310//310 307//307
f 308//308 309//309 312//312
f 309//309 313//313 312//312
f 312//312 313//313 314//314
f 313//313 315//315 314//314
f 313//313 316//316 315//315
f 316//316 317//317 315//315
f 309//309 311//311 313//313
f 311//311 316//316 313//313
f 311//311 318//318 316//316
f 318//318 319//319 316//316
f 316//316 319//319 317//317
f 319//319 320//320 317//317
f 319//319 321//321 320//320
f 321//321 322//322 320//320
f 318//318 323//323 319//319
f 323//323 321//321 319//319
f 297//297 300//300 310//310
f 300//300 324//324 310//310
f 310//310 324//324 311//311
f 324//324 318//318 311//311
f 324//324 325//325 318//318
f 325//325 323//323 318//318
f 300//300 302//302 324//324
f 302//302 325//325 324//324
f 278//278 279//279 326//326
f 279//279 327//327 326//326
f 326//326 327//327 328//328
f 327//327 329//329 328//328
f 327//327 330//330 329//329
f 330//330 331//331 329//329
f 279//279 281//281 327//327
f 281//281 330//330 327//327
f 328//328 329//329 332//332
f 329//329 333//333 332//332
f 332//332 333//333 334//334
f 333//333 335//335 334//334
f 333//333 336//336 335//335
f 336//336 337//337 335//335
f 329//329 331//331 333//333
f 331//331 336//336 333//333
f 331//331 338//338 336//336
f 338//338 339//339 336//336
f 336//336 339//339 337//337
f 339//339 340//340 337//337
f 339//339 312//312 340//340
f 312//312 314//314 340//340
f 338//338 308//308 339//339
f 308//308 312//312 339//339
f 281//281 284//284 330//330
f 284//284 341//341 330//330
f 330//330 341//341 331//331
f 341//341 338//338 331//331
f 341//341 306//306 338//338
f 306//306 308//308 338//338
f 284//284 286//286 341//341
f 286//286 306//306 341//341
f 334//334 335//335 342//342
f 335//335 343//343 342//342
f 342//342 343//343 344//344
f 343//343 345//345 344//344
f 343//343 346//346 345//345
f 346//346 347//347 345//345
f 335//335 337//337 343//343
f 337//337 346//346 343//343
f 344//344 345//345 348//348
f 345//345 349//349 348//348
f 348//348 349//349 350//350
f 349//349 351//351 350//350
f 349//349 352//352 351//351
f 352//352 353//353 351//351
f 345//345 347//347 349//349
f 347//347 352//352 349//349
f 347//347 354//354 352//352
f 354//354 355//355 352//352
f 352//352 355//355 353//353
f 355//355 356//356 353//353
f 355//355 357//357 356//356
f 357//357 358//358 356//356
f 354//354 359//359 355//355
f 359//359 357//357 355//355
f 337//337 340//340 346//346
f 340//340 360//360 346//346
f 346//346 360//360 347//347
f 360//360 354//354 347//347
f 360//360 361//361 354//354
f 361//361 359//359 354//354
f 340//340 314//314 360//360
f 314//314 361//361 360//360
f 314//314 315//315 361//361
f 315//315 362//362 361//361
f 361//361 362//362 359//359
f 362//362 363//363 359//359
f 362//362 364//364 363//363
f 364//364 365//365 363//363
f 315//315 317//317 362//362
f 317//317 364//364 362//362
f 359//359 363//363 357//357
f 363//363 366//366 357//357
f 357//357 366//366 358//358
f 366//366 367//367 358//358
f 366//366 368//368 367//367
f 368//368 369//369 367//367
f 363//363 365//365 366//366
f 365//365 368//368 366//366
f 365//365 370//370 368//368
f 370//370 371//371 368//368
f 368//368 371//371 369//369
f 371//371 372//372 369//369
f 371//371 373//373 372//372
f 373//373 374//374 372//372
f 370//370 375//375 371//371
f 375//375 373//373 371//371
f 317//317 320//320 364//364
f 320//320 376//376 364//364
f 364//364 376//376 365//365
f 376//376 370//370 365//365
f 376//376 377//377 370//370
f 377//377 375//375 370//370
f 320//320 322//322 376//376
f 322//322 377//377 376//376
f 358//358 367//367 378//378
f 367//367 379//379 378//378
f 378//378 379//379 380//380
f 379//379 381//381 380//380
f 379//379 382//382 381//381
f 382//382 383//383 381//381
f 367//367 369//369 379//379
f 369//369 382//382 379//379
f 384//384 380//380 385//385
f 380//380 381//381 385//385
f 386//386 384//384 387//387
f 384//384 385//385 387//387
f 387//387 385//385 388//388
f 385//385 389//389 388//388
f 381//381 383//383 385//385
f 383//383 389//389 385//385
f 383//383 390//390 389//389
f 390//390 391//391 389//389
f 388//388 389//389 392//392
f 389//389 391//391 392//392
f 392//392 391//391 393//393
f 391//391 394//394 393//393
f 390//390 395//395 391//391
f 395//395 394//394 391//391
f 369//369 372//372 382//382
f 372//372 396//396 382//382
f 382//382 396//396 383//383
f 396//396 390//390 383//383
f 396//396 397//397 390//390
f 397//397 395//395 390//390
f 372//372 374//374 396//396
f 374//374 397//397 396//396
f 350//350 351//351 398//398
f 351//351 399//399 398//398
f 398//398 399//399 400//400
f 399//399 401//401 400//400
f 399//399 402//402 401//401
f 402//402 403//403 401//401
f 351//351 353//353 399//399
f 353//353 402//402 399//399
f 404//404 400//400 405//405
f 400//400 401//401 405//405
f 406//406 404//404 407//407
f 404//404 405//405 407//407
f 407//407 405//405 408//408
f 405//405 409//409 408//408
f 401//401 403//403 405//405
f 403//403 409//409 405//405
f 403//403 410//410 409//409
f 410//410 411//411 409//409
f 408//408 409//409 412//412
f 409//409 411//411 412//412
f 412//412 411//411 386//386
f 411//411 384//384 386//386
f 410//410 380//380 411//411
f 380//380 384//384 411//411
f 353//353 356//356 402//402
f 356//356 413//413 402//402
f 402//402 413//413 403//403
f 413//413 410//410 403//403
f 413//413 378//378 410//410
f 378//378 380//380 410//410
f 356//356 358//358 413//413
f 358//358 378//378 413//413
f 414//414 406//406 415//415
f 406//406 407//407 415//415
f 416//416 414//414 417//417
f 414//414 415//415 417//417
f 417//417 415//415 418//418
f 415//415 419//419 418//418
f 415//415 407//407 419//419
f 407//407 408//408 419//419
f 420//420 416//416 421//421
f 416//416 417//417 421//421
f 422//422 420//420 423//423
f 420//420 421//421 423//423
f 423//423 421//421 424//424
f 421//421 425//425 424//424
f 421//421 417//417 425//425
f 417//417 418//418 425//425
f 425//425 418//418 426//426
f 418//418 427//427 426//426
f 424//424 425//425 428//428
f 425//425 426//426 428//428
f 428//428 426//426 429//429
f 426//426 430//430 429//429
f 426//426 427//427 430//430
f 427//427 431//431 430//430
f 419//419 408//408 432//432
f 408//408 412//412 432//432
f 418//418 419//419 427//427
f 419//419 432//432 427//427
f 427//427 432//432 431//431
f 432//432 433//433 431//431
f 432//432 412//412 433//433
f 412//412 386//386 433//433
f 433//433 386//386 434//434
f 386//386 387//387 434//434
f 431//431 433//433 435//435
f 433//433 434//434 435//435
f 435//435 434//434 436//436
f 434//434 437//437 436//436
f 434//434 387//387 437//437
f 387//387 388//388 437//437
f 430//430 431//431 438//438
f 431//431 435//435 438//438
f 429//429 430//430 439//439
f 430//430 438//438 439//439
f 439//439 438//438 440//440
f 438//438 441//441 440//440
f 438//438 435//435 441//441
f 435//435 436//436 441//441
f 441//441 436//436 442//442
f 436//436 443//443 442//442
f 440//440 441//441 444//444
f 441//441 442//442 444//444
f 444//444 442//442 445//445
f 442//442 446//446 445//445
f 442//442 443//443 446//446
f 443//443 447//447 446//446
f 437//437 388//388 448//448
f 388//388 392//392 448//448
f 436//436 437//437 443//443
f 437//437 448//448 443//443
f 443//443 448//448 447//447
f 448//448 449//449 447//447
f 448//448 392//392 449//449
f 392//392 393//393 449//449
f 450//450 429//429 451//451
f 429//429 439//439 451//451
f 452//452 450//450 453//453
f 450//450 451//451 453//453
f 453//453 451//451 454//454
f 451//451 455//455 454//454
f 451//451 439//439 455//455
f 439//439 440//440 455//455
f 456//456 452//452 457//457
f 452//452 453//453 457//457
f 458//458 456//456 459//459
f 456//456 457//457 459//459
f 459//459 457//457 460//460
f 457//457 461//461 460//460
f 457//457 453//453 461//461
f 453//453 454//454 461//461
f 461//461 454//454 462//462
f 454//454 463//463 462//462
f 460//460 461//461 464//464
f 461//461 462//462 464//464
f 464//464 462//462 465//465
f 462//462 466//466 465//465
f 462//462 463//463 466//466
f 463//463 467//467 466//466
f 455//455 440//440 468//468
f 440//440 444//444 468//468
f 454//454 455//455 463//463
f 455//455 468//468 463//463
f 463//463 468//468 467//467
f 468//468 469//469 467//467
f 468//468 444//444 469//469
f 444//444 445//445 469//469
f 470//470 422//422 471//471
f 422//422 423//423 471//471
f 472//472 470//470 473//473
f 470//470 471//471 473//473
f 473//473 471//471 474//474
f 471//471 475//475 474//474
f 471//471 423//423 475//475
f 423//423 424//424 475//475
f 476//476 472//472 477//477
f 472//472 473//473 477//477
f 478//478 476//476 479//479
f 476//476 477//477 479//479
f 479//479 477//477 480//480
f 477//477 481//481 480//480
f 477//477 473//473 481//481
f 473//473 474//474 481//481
f 481//481 474//474 482//482
f 474//474 483//483 482//482
f 480//480 481//481 484//484
f 481//481 482//482 484//484
f 484//484 482//482 458//458
f 482//482 456//456 458//458
f 482//482 483//483 456//456
f 483//483 452//452 456//456
f 475//475 424//424 485//485
f 424//424 428//428 485//485
f 474//474 475//475 483//483
f 475//475 485//485 483//483
f 483//483 485//485 452//452
f 485//485 450//450 452//452
f 485//485 428//428 450//450
f 428//428 429//429 450//450
f 486//486 478//478 487//487
f 478//478 479//479 487//487
f 486//486 487//487 488//488
f 487//487 489//489 488//488
f 487//487 490//490 489//489
f 490//490 491//491 489//489
f 487//487 479//479 490//490
f 479//479 480//480 490//490
f 488//488 489//489 492//492
f 489//489 493//493 492//492
f 492//492 493//493 494//494
f 493//493 495//495 494//494
f 493//493 496//496 495//495
f 496//496 497//497 495//495
f 489//489 491//491 493//493
f 491//491 496//496 493//493
f 491//491 498//498 496//496
f 498//498 499//499 496//496
f 496//496 499//499 497//497
f 499//499 500//500 497//497
f 499//499 501//501 500//500
f 501//501 502//502 500//500
f 499//499 498//498 501//501
f 498//498 503//503 501//501
f 490//490 480//480 504//504
f 480//480 484//484 504//504
f 491//491 490//490 498//498
f 490//490 504//504 498//498
f 498//498 504//504 503//503
f 504//504 505//505 503//503
f 504//504 484//484 505//505
f 484//484 458//458 505//505
f 505//505 458//458 506//506
f 458//458 459//459 506//506
f 503//503 505//505 507//507
f 505//505 506//506 507//507
f 507//507 506//506 508//508
f 506//506 509//509 508//508
f 506//506 459//459 509//509
f 459//459 460//460 509//509
f 501//501 503//503 510//510
f 503//503 507//507 510//510
f 502//502 501//501 511//511
f 501//501 510//510 511//511
f 511//511 510//510 512//512
f 510//510 513//513 512//512
f 510//510 507//507 513//513
f 507//507 508//508 513//513
f 513//513 508//508 514//514
f 508//508 515//515 514//514
f 512//512 513//513 516//516
f 513//513 514//514 516//516
f 516//516 514//514 517//517
f 514//514 518//518 517//517
f 514//514 515//515 518//518
f 515//515 519//519 518//518
f 509//509 460//460 520//520
f 460//460 464//464 520//520
f 508//508 509//509 515//515
f 509//509 520//520 515//515
f 515//515 520//520 519//519
f 520//520 521//521 519//519
f 520//520 464//464 521//521
f 464//464 465//465 521//521
f 522//522 502//502 523//523
f 502//502 511//511 523//523
f 524//524 522//522 525//525
f 522//522 523//523 525//525
f 523//523 526//526 525//525
f 526//526 527//527 525//525
f 523//523 511//511 526//526
f 511//511 512//512 526//526
f 528//528 524//524 529//529
f 524//524 525//525 529//529
f 25//25 528//528 27//27
f 528//528 529//529 27//27
f 27//27 529//529 31//31
f 529//529 530//530 31//31
f 525//525 527//527 529//529
f 527//527 530//530 529//529
f 527//527 531//531 530//530
f 531//531 532//532 530//530
f 530//530 532//532 31//31
f 532//532 42//42 31//31
f 532//532 533//533 42//42
f 533//533 45//45 42//42
f 531//531 534//534 532//532
f 534//534 533//533 532//532
f 526//526 512//512 535//535
f 512//512 516//516 535//535
f 526//526 535//535 527//527
f 535//535 531//531 527//527
f 535//535 536//536 531//531
f 536//536 534//534 531//531
f 516//516 517//517 535//535
f 517//517 536//536 535//535
f 494//494 495//495 537//537
f 495//495 538//538 537//537
f 537//537 538//538 539//539
f 538//538 540//540 539//539
f 538//538 541//541 540//540
f 541//541 542//542 540//540
f 495//495 497//497 538//538
f 497//497 541//541 538//538
f 539//539 540//540 543//543
f 540//540 544//544 543//543
f 543//543 544//544 2//2
f 544//544 4//4 2//2
f 4//4 544//544 9//9
f 544//544 545//545 9//9
f 540//540 542//542 544//544
f 542//542 545//545 544//544
f 542//542 546//546 545//545
f 546//546 547//547 545//545
f 9//9 545//545 23//23
f 545//545 547//547 23//23
f 23//23 547//547 25//25
f 547//547 528//528 25//25
f 546//546 524//524 547//547
f 524//524 528//528 547//547
f 497//497 500//500 541//541
f 500//500 548//548 541//541
f 541//541 548//548 542//542
f 548//548 546//546 542//542
f 548//548 522//522 546//546
f 522//522 524//524 546//546
f 500//500 502//502 548//548
f 502//502 522//522 548//548
f 44//44 45//45 549//549
f 45//45 533//533 549//549
f 41//41 44//44 550//550
f 44//44 549//549 550//550
f 550//550 549//549 551//551
f 549//549 552//552 551//551
f 549//549 533//533 552//552
f 533//533 534//534 552//552
f 40//40 41//41 553//553
f 41//41 550//550 553//553
f 39//39 40//40 554//554
f 40//40 553//553 554//554
f 554//554 553//553 555//555
f 553//553 556//556 555//555
f 553//553 550//550 556//556
f 550//550 551//551 556//556
f 556//556 551//551 557//557
f 551//551 558//558 557//557
f 555//555 556//556 559//559
f 556//556 557//557 559//559
f 559//559 557//557 560//560
f 557//557 561//561 560//560
f 557//557 558//558 561//561
f 558//558 562//562 561//561
f 552//552 534//534 563//563
f 534//534 536//536 563//563
f 551//551 552//552 558//558
f 552//552 563//563 558//558
f 558//558 563//563 562//562
f 563//563 564//564 562//562
f 563//563 536//536 564//564
f 536//536 517//517 564//564
f 517//517 518//518 564//564
f 518//518 565//565 564//564
f 562//562 564//564 566//566
f 564//564 565//565 566//566
f 565//565 567//567 566//566
f 567//567 568//568 566//566
f 518//518 519//519 565//565
f 519//519 567//567 565//565
f 561//561 562//562 569//569
f 562//562 566//566 569//569
f 560//560 561//561 570//570
f 561//561 569//569 570//570
f 569//569 571//571 570//570
f 571//571 572//572 570//570
f 566//566 568//568 569//569
f 568//568 571//571 569//569
f 568//568 573//573 571//571
f 573//573 574//574 571//571
f 571//571 574//574 572//572
f 574//574 575//575 572//572
f 574//574 576//576 575//575
f 576//576 577//577 575//575
f 573//573 578//578 574//574
f 578//578 576//576 574//574
f 519//519 521//521 567//567
f 521//521 579//579 567//567
f 567//567 579//579 568//568
f 579//579 573//573 568//568
f 579//579 580//580 573//573
f 580//580 578//578 573//573
f 521//521 465//465 579//579
f 465//465 580//580 579//579
f 581//581 560//560 582//582
f 560//560 570//570 582//582
f 583//583 581//581 584//584
f 581//581 582//582 584//584
f 584//584 582//582 585//585
f 582//582 586//586 585//585
f 582//582 570//570 586//586
f 570//570 572//572 586//586
f 587//587 583//583 588//588
f 583//583 584//584 588//588
f 589//589 587//587 590//590
f 587//587 588//588 590//590
f 590//590 588//588 591//591
f 588//588 592//592 591//591
f 588//588 584//584 592//592
f 584//584 585//585 592//592
f 592//592 585//585 593//593
f 585//585 594//594 593//593
f 591//591 592//592 595//595
f 592//592 593//593 595//595
f 595//595 593//593 596//596
f 593//593 597//597 596//596
f 593//593 594//594 597//597
f 594//594 598//598 597//597
f 572//572 575//575 586//586
f 575//575 599//599 586//586
f 585//585 586//586 594//594
f 586//586 599//599 594//594
f 599//599 600//600 594//594
f 600//600 598//598 594//594
f 575//575 577//577 599//599
f 577//577 600//600 599//599
f 65//65 39//39 601//601
f 39//39 554//554 601//601
f 63//63 65//65 602//602
f 65//65 601//601 602//602
f 602//602 601//601 603//603
f 601//601 604//604 603//603
f 601//601 554//554 604//604
f 554//554 555//555 604//604
f 62//62 63//63 605//605
f 63//63 602//602 605//605
f 61//61 62//62 606//606
f 62//62 605//605 606//606
f 606//606 605//605 607//607
f 605//605 608//608 607//607
f 605//605 602//602 608//608
f 602//602 603//603 608//608
f 608//608 603//603 609//609
f 603//603 610//610 609//609
f 607//607 608//608 611//611
f 608//608 609//609 611//611
f 611//611 609//609 589//589
f 609//609 587//587 589//589
f 609//609 610//610 587//587
f 610//610 583//583 587//587
f 604//604 555//555 612//612
f 555//555 559//559 612//612
f 603//603 604//604 610//610
f 604//604 612//612 610//610
f 610//610 612//612 583//583
f 612//612 581//581 583//583
f 612//612 559//559 581//581
f 559//559 560//560 581//581
f 465//465 466//466 580//580
f 466//466 613//613 580//580
f 580//580 613//613 578//578
f 613//613 614//614 578//578
f 613//613 615//615 614//614
f 615//615 616//616 614//614
f 466//466 467//467 613//613
f 467//467 615//615 613//613
f 578//578 614//614 576//576
f 614//614 617//617 576//576
f 576//576 617//617 577//577
f 617//617 618//618 577//577
f 617//617 619//619 618//618
f 619//619 620//620 618//618
f 614//614 616//616 617//617
f 616//616 619//619 617//617
f 616//616 621//621 619//619
f 621//621 622//622 619//619
f 619//619 622//622 620//620
f 622//622 623//623 620//620
f 622//622 624//624 623//623
f 624//624 625//625 623//623
f 621//621 626//626 622//622
f 626//626 624//624 622//622
f 467//467 469//469 615//615
f 469//469 627//627 615//615
f 615//615 627//627 616//616
f 627//627 621//621 616//616
f 627//627 628//628 621//621
f 628//628 626//626 621//621
f 469//469 445//445 627//627
f 445//445 628//628 627//627
f 445//445 446//446 628//628
f 446//446 629//629 628//628
f 628//628 629//629 626//626
f 629//629 630//630 626//626
f 629//629 631//631 630//630
f 631//631 632//632 630//630
f 446//446 447//447 629//629
f 447//447 631//631 629//629
f 626//626 630//630 624//624
f 630//630 633//633 624//624
f 624//624 633//633 625//625
f 633//633 634//634 625//625
f 633//633 635//635 634//634
f 635//635 636//636 634//634
f 630//630 632//632 633//633
f 632//632 635//635 633//633
f 632//632 637//637 635//635
f 637//637 638//638 635//635
f 635//635 638//638 636//636
f 638//638 639//639 636//636
f 638//638 397//397 639//639
f 397//397 374//374 639//639
f 637//637 395//395 638//638
f 395//395 397//397 638//638
f 447//447 449//449 631//631
f 449//449 640//640 631//631
f 631//631 640//640 632//632
f 640//640 637//637 632//632
f 640//640 394//394 637//637
f 394//394 395//395 637//637
f 449//449 393//393 640//640
f 393//393 394//394 640//640
f 625//625 634//634 641//641
f 634//634 642//642 641//641
f 641//641 642//642 643//643
f 642//642 644//644 643//643
f 642//642 645//645 644//644
f 645//645 646//646 644//644
f 634//634 636//636 642//642
f 636//636 645//645 642//642
f 643//643 644//644 647//647
f 644//644 648//648 647//647
f 647//647 648//648 649//649
f 648//648 650//650 649//649
f 648//648 651//651 650//650
f 651//651 652//652 650//650
f 644//644 646//646 648//648
f 646//646 651//651 648//648
f 646//646 653//653 651//651
f 653//653 654//654 651//651
f 651//651 654//654 652//652
f 654//654 655//655 652//652
f 654//654 377//377 655//655
f 377//377 322//322 655//655
f 653//653 375//375 654//654
f 375//375 377//377 654//654
f 636//636 639//639 645//645
f 639//639 656//656 645//645
f 645//645 656//656 646//646
f 656//656 653//653 646//646
f 656//656 373//373 653//653
f 373//373 375//375 653//653
f 639//639 374//374 656//656
f 374//374 373//373 656//656
f 577//577 618//618 600//600
f 618//618 657//657 600//600
f 600//600 657//657 598//598
f 657//657 658//658 598//598
f 657//657 659//659 658//658
f 659//659 660//660 658//658
f 618//618 620//620 657//657
f 620//620 659//659 657//657
f 597//597 598//598 661//661
f 598//598 658//658 661//661
f 596//596 597//597 662//662
f 597//597 661//661 662//662
f 662//662 661//661 663//663
f 661//661 664//664 663//663
f 661//661 658//658 664//664
f 658//658 660//660 664//664
f 660//660 665//665 664//664
f 665//665 666//666 664//664
f 663//663 664//664 667//667
f 664//664 666//666 667//667
f 666//666 647//647 667//667
f 647//647 649//649 667//667
f 665//665 643//643 666//666
f 643//643 647//647 666//666
f 620//620 623//623 659//659
f 623//623 668//668 659//659
f 659//659 668//668 660//660
f 668//668 665//665 660//660
f 668//668 641//641 665//665
f 641//641 643//643 665//665
f 623//623 625//625 668//668
f 625//625 641//641 668//668
f 669//669 596//596 670//670
f 596//596 662//662 670//670
f 671//671 669//669 672//672
f 669//669 670//670 672//672
f 672//672 670//670 673//673
f 670//670 674//674 673//673
f 670//670 662//662 674//674
f 662//662 663//663 674//674
f 675//675 671//671 676//676
f 671//671 672//672 676//676
f 677//677 675//675 678//678
f 675//675 676//676 678//678
f 678//678 676//676 679//679
f 676//676 680//680 679//679
f 676//676 672//672 680//680
f 672//672 673//673 680//680
f 680//680 673//673 681//681
f 673//673 682//682 681//681
f 679//679 680//680 683//683
f 680//680 681//681 683//683
f 683//683 681//681 684//684
f 681//681 685//685 684//684
f 681//681 682//682 685//685
f 682//682 686//686 685//685
f 674//674 663//663 687//687
f 663//663 667//667 687//687
f 673//673 674//674 682//682
f 674//674 687//687 682//682
f 682//682 687//687 686//686
f 687//687 688//688 686//686
f 687//687 667//667 688//688
f 667//667 649//649 688//688
f 649//649 650//650 688//688
f 650//650 689//689 688//688
f 686//686 688//688 690//690
f 688//688 689//689 690//690
f 689//689 691//691 690//690
f 691//691 692//692 690//690
f 650//650 652//652 689//689
f 652//652 691//691 689//689
f 685//685 686//686 693//693
f 686//686 690//690 693//693
f 684//684 685//685 694//694
f 685//685 693//693 694//694
f 694//694 693//693 695//695
f 693//693 696//696 695//695
f 693//693 690//690 696//696
f 690//690 692//692 696//696
f 692//692 697//697 696//696
f 697//697 698//698 696//696
f 695//695 696//696 699//699
f 696//696 698//698 699//699
f 698//698 325//325 699//699
f 325//325 302//302 699//699
f 697//697 323//323 698//698
f 323//323 325//325 698//698
f 652//652 655//655 691//691
f 655//655 700//700 691//691
f 691//691 700//700 692//692
f 700//700 697//697 692//692
f 700//700 321//321 697//697
f 321//321 323//323 697//697
f 655//655 322//322 700//700
f 322//322 321//321 700//700
f 701//701 684//684 702//702
f 684//684 694//694 702//702
f 703//703 701//701 704//704
f 701//701 702//702 704//704
f 704//704 702//702 705//705
f 702//702 706//706 705//705
f 702//702 694//694 706//706
f 694//694 695//695 706//706
f 707//707 703//703 708//708
f 703//703 704//704 708//708
f 230//230 707//707 253//253
f 707//707 708//708 253//253
f 253//253 708//708 251//251
f 708//708 709//709 251//251
f 708//708 704//704 709//709
f 704//704 705//705 709//709
f 709//709 705//705 710//710
f 705//705 711//711 710//710
f 251//251 709//709 249//249
f 709//709 710//710 249//249
f 249//249 710//710 250//250
f 710//710 305//305 250//250
f 710//710 711//711 305//305
f 711//711 303//303 305//305
f 706//706 695//695 712//712
f 695//695 699//699 712//712
f 705//705 706//706 711//711
f 706//706 712//712 711//711
f 711//711 712//712 303//303
f 712//712 301//301 303//303
f 712//712 699//699 301//301
f 699//699 302//302 301//301
f 713//713 677//677 714//714
f 677//677 678//678 714//714
f 715//715 713//713 716//716
f 713//713 714//714 716//716
f 716//716 714//714 717//717
f 714//714 718//718 717//717
f 714//714 678//678 718//718
f 678//678 679//679 718//718
f 719//719 715//715 720//720
f 715//715 716//716 720//720
f 174//174 719//719 233//233
f 719//719 720//720 233//233
f 233//233 720//720 231//231
f 720//720 721//721 231//231
f 720//720 716//716 721//721
f 716//716 717//717 721//721
f 721//721 717//717 722//722
f 717//717 723//723 722//722
f 231//231 721//721 229//229
f 721//721 722//722 229//229
f 229//229 722//722 230//230
f 722//722 707//707 230//230
f 722//722 723//723 707//707
f 723//723 703//703 707//707
f 718//718 679//679 724//724
f 679//679 683//683 724//724
f 717//717 718//718 723//723
f 718//718 724//724 723//723
f 723//723 724//724 703//703
f 724//724 701//701 703//703
f 724//724 683//683 701//701
f 683//683 684//684 701//701
f 117//117 61//61 725//725
f 61//61 606//606 725//725
f 115//115 117//117 726//726
f 117//117 725//725 726//726
f 726//726 725//725 727//727
f 725//725 728//728 727//727
f 725//725 606//606 728//728
f 606//606 607//607 728//728
f 114//114 115//115 729//729
f 115//115 726//726 729//729
f 113//113 114//114 730//730
f 114//114 729//729 730//730
f 730//730 729//729 731//731
f 729//729 732//732 731//731
f 729//729 726//726 732//732
f 726//726 727//727 732//732
f 732//732 727//727 733//733
f 727//727 734//734 733//733
f 731//731 732//732 735//735
f 732//732 733//733 735//735
f 735//735 733//733 736//736
f 733//733 737//737 736//736
f 733//733 734//734 737//737
f 734//734 738//738 737//737
f 728//728 607//607 739//739
f 607//607 611//611 739//739
f 727//727 728//728 734//734
f 728//728 739//739 734//734
f 734//734 739//739 738//738
f 739//739 740//740 738//738
f 739//739 611//611 740//740
f 611//611 589//589 740//740
f 740//740 589//589 741//741
f 589//589 590//590 741//741
f 738//738 740//740 742//742
f 740//740 741//741 742//742
f 742//742 741//741 743//743
f 741//741 744//744 743//743
f 741//741 590//590 744//744
f 590//590 591//591 744//744
f 737//737 738//738 745//745
f 738//738 742//742 745//745
f 736//736 737//737 746//746
f 737//737 745//745 746//746
f 746//746 745//745 747//747
f 745//745 748//748 747//747
f 745//745 742//742 748//748
f 742//742 743//743 748//748
f 748//748 743//743 749//749
f 743//743 750//750 749//749
f 747//747 748//748 751//751
f 748//748 749//749 751//751
f 751//751 749//749 677//677
f 749//749 675//675 677//677
f 749//749 750//750 675//675
f 750//750 671//671 675//675
f 744//744 591//591 752//752
f 591//591 595//595 752//752
f 743//743 744//744 750//750
f 744//744 752//752 750//750
f 750//750 752//752 671//671
f 752//752 669//669 671//671
f 752//752 595//595 669//669
f 595//595 596//596 669//669
f 753//753 736//736 754//754
f 736//736 746//746 754//754
f 755//755 753//753 756//756
f 753//753 754//754 756//756
f 756//756 754//754 757//757
f 754//754 758//758 757//757
f 754//754 746//746 758//758
f 746//746 747//747 758//758
f 759//759 755//755 760//760
f 755//755 756//756 760//760
f 154//154 759//759 177//177
f 759//759 760//760 177//177
f 177//177 760//760 175//175
f 760//760 761//761 175//175
f 760//760 756//756 761//761
f 756//756 757//757 761//761
f 761//761 757//757 762//762
f 757//757 763//763 762//762
f 175//175 761//761 173//173
f 761//761 762//762 173//173
f 173//173 762//762 174//174
f 762//762 719//719 174//174
f 762//762 763//763 719//719
f 763//763 715//715 719//719
f 758//758 747//747 764//764
f 747//747 751//751 764//764
f 757//757 758//758 763//763
f 758//758 764//764 763//763
f 763//763 764//764 715//715
f 764//764 713//713 715//715
f 764//764 751//751 713//713
f 751//751 677//677 713//713
f 137//137 113//113 765//765
f 113//113 730//730 765//765
f 135//135 137//137 766//766
f 137//137 765//765 766//766
f 766//766 765//765 767//767
f 765//765 768//768 767//767
f 765//765 730//730 768//768
f 730//730 731//731 768//768
f 134//134 135//135 769//769
f 135//135 766//766 769//769
f 133//133 134//134 157//157
f 134//134 769//769 157//157
f 769//769 770//770 157//157
f 770//770 155//155 157//157
f 769//769 766//766 770//770
f 766//766 767//767 770//770
f 770//770 767//767 771//771
f 767//767 772//772 771//771
f 155//155 770//770 153//153
f 770//770 771//771 153//153
f 153//153 771//771 154//154
f 771//771 759//759 154//154
f 771//771 772//772 759//759
f 772//772 755//755 759//759
f 768//768 731//731 773//773
f 731//731 735//735 773//773
f 767//767 768//768 772//772
f 768//768 773//773 772//772
f 772//772 773//773 755//755
f 773//773 753//753 755//755
f 773//773 735//735 753//753
f 735//735 736//736 753//753
f 90//90 91//91 774//774
f 91//91 775//775 774//774
f 774//774 775//775 776//776
f 775//775 777//777 776//776
f 777//777 775//775 778//778
f 775//775 779//779 778//778
f 91//91 93//93 775//775
f 93//93 779//779 775//775
f 780//780 776//776 781//781
f 776//776 777//777 781//781
f 782//782 780//780 783//783
f 780//780 781//781 783//783
f 783//783 781//781 784//784
f 781//781 785//785 784//784
f 781//781 777//777 785//785
f 777//777 778//778 785//785
f 785//785 778//778 786//786
f 778//778 787//787 786//786
f 784//784 785//785 788//788
f 785//785 786//786 788//788
f 788//788 786//786 789//789
f 786//786 790//790 789//789
f 786//786 787//787 790//790
f 787//787 791//791 790//790
f 93//93 96//96 779//779
f 96//96 792//792 779//779
f 778//778 779//779 787//787
f 779//779 792//792 787//787
f 787//787 792//792 791//791
f 792//792 793//793 791//791
f 792//792 96//96 793//793
f 96//96 98//98 793//793
f 98//98 118//118 793//793
f 118//118 794//794 793//793
f 791//791 793//793 795//795
f 793//793 794//794 795//795
f 795//795 794//794 796//796
f 794//794 797//797 796//796
f 118//118 120//120 794//794
f 120//120 797//797 794//794
f 790//790 791//791 798//798
f 791//791 795//795 798//798
f 789//789 790//790 799//799
f 790//790 798//798 799//799
f 799//799 798//798 800//800
f 798//798 801//801 800//800
f 798//798 795//795 801//801
f 795//795 796//796 801//801
f 801//801 796//796 802//802
f 796//796 803//803 802//802
f 800//800 801//801 804//804
f 801//801 802//802 804//804
f 804//804 802//802 805//805
f 802//802 806//806 805//805
f 802//802 803//803 806//806
f 803//803 807//807 806//806
f 797//797 120//120 808//808
f 120//120 124//124 808//808
f 796//796 797//797 803//803
f 797//797 808//808 803//803
f 803//803 808//808 807//807
f 808//808 809//809 807//807
f 808//808 124//124 809//809
f 124//124 126//126 809//809
f 809//809 126//126 810//810
f 126//126 138//138 810//810
f 807//807 809//809 811//811
f 809//809 810//810 811//811
f 811//811 810//810 812//812
f 810//810 813//813 812//812
f 810//810 138//138 813//813
f 138//138 140//140 813//813
f 806//806 807//807 814//814
f 807//807 811//811 814//814
f 805//805 806//806 815//815
f 806//806 814//814 815//815
f 815//815 814//814 816//816
f 814//814 817//817 816//816
f 814//814 811//811 817//817
f 811//811 812//812 817//817
f 817//817 812//812 818//818
f 812//812 819//819 818//818
f 816//816 817//817 820//820
f 817//817 818//818 820//820
f 820//820 818//818 821//821
f 818//818 822//822 821//821
f 818//818 819//819 822//822
f 819//819 823//823 822//822
f 813//813 140//140 824//824
f 140//140 144//144 824//824
f 812//812 813//813 819//819
f 813//813 824//824 819//819
f 819//819 824//824 823//823
f 824//824 825//825 823//823
f 824//824 144//144 825//825
f 144//144 146//146 825//825
f 146//146 196//196 825//825
f 196//196 826//826 825//825
f 823//823 825//825 827//827
f 825//825 826//826 827//827
f 827//827 826//826 828//828
f 826//826 829//829 828//828
f 826//826 196//196 829//829
f 196//196 186//186 829//829
f 822//822 823//823 830//830
f 823//823 827//827 830//830
f 821//821 822//822 831//831
f 822//822 830//830 831//831
f 831//831 830//830 832//832
f 830//830 833//833 832//832
f 830//830 827//827 833//833
f 827//827 828//828 833//833
f 833//833 828//828 834//834
f 828//828 835//835 834//834
f 832//832 833//833 836//836
f 833//833 834//834 836//836
f 836//836 834//834 837//837
f 834//834 838//838 837//837
f 834//834 835//835 838//838
f 835//835 839//839 838//838
f 829//829 186//186 840//840
f 186//186 181//181 840//840
f 828//828 829//829 835//835
f 829//829 840//840 835//835
f 835//835 840//840 839//839
f 840//840 841//841 839//839
f 840//840 181//181 841//841
f 181//181 179//179 841//841
f 842//478 782//782 843//842
f 782//782 783//783 843//842
f 842//478 843//842 844//843
f 843//842 845//844 844//843
f 845//844 843//842 846//845
f 843//842 847//846 846//845
f 843//842 783//783 847//846
f 783//783 784//784 847//846
f 844//843 845//844 848//847
f 845//844 849//848 848//847
f 848//847 849//848 850//849
f 849//848 851//850 850//849
f 849//848 852//851 851//850
f 852//851 853//852 851//850
f 845//844 846//845 849//848
f 846//845 852//851 849//848
f 846//845 854//853 852//851
f 854//853 855//854 852//851
f 852//851 855//854 853//852
f 855//854 856//855 853//852
f 855//854 857//856 856//855
f 857//856 858//857 856//855
f 854//853 859//858 855//854
f 859//858 857//856 855//854
f 847//846 784//784 860//859
f 784//784 788//788 860//859
f 846//845 847//846 854//853
f 847//846 860//859 854//853
f 854//853 860//859 859//858
f 860//859 861//860 859//858
f 860//859 788//788 861//860
f 788//788 789//789 861//860
f 861//860 789//789 862//861
f 789//789 799//799 862//861
f 859//858 861//860 863//862
f 861//860 862//861 863//862
f 863//862 862//861 864//863
f 862//861 865//864 864//863
f 862//861 799//799 865//864
f 799//799 800//800 865//864
f 859//858 863//862 857//856
f 863//862 866//865 857//856
f 857//856 866//865 858//857
f 866//865 867//866 858//857
f 866//865 868//867 867//866
f 868//867 869//868 867//866
f 863//862 864//863 866//865
f 864//863 868//867 866//865
f 868//867 864//863 870//869
f 864//863 871//870 870//869
f 868//867 870//869 869//868
f 870//869 872//871 869//868
f 870//869 873//872 872//871
f 873//872 874//873 872//871
f 870//869 871//870 873//872
f 871//870 875//874 873//872
f 865//864 800//800 876//875
f 800//800 804//804 876//875
f 864//863 865//864 871//870
f 865//864 876//875 871//870
f 871//870 876//875 875//874
f 876//875 877//876 875//874
f 876//875 804//804 877//876
f 804//804 805//805 877//876
f 877//876 805//805 878//877
f 805//805 815//815 878//877
f 875//874 877//876 879//878
f 877//876 878//877 879//878
f 879//878 878//877 880//879
f 878//877 881//880 880//879
f 878//877 815//815 881//880
f 815//815 816//816 881//880
f 873//872 875//874 882//881
f 875//874 879//878 882//881
f 873//872 882//881 874//873
f 882//881 883//882 874//873
f 883//882 882//881 884//883
f 882//881 885//884 884//883
f 882//881 879//878 885//884
f 879//878 880//879 885//884
f 885//884 880//879 886//885
f 880//879 887//886 886//885
f 884//883 885//884 888//887
f 885//884 886//885 888//887
f 888//887 886//885 889//888
f 886//885 890//889 889//888
f 886//885 887//886 890//889
f 887//886 891//890 890//889
f 881//880 816//816 892//891
f 816//816 820//820 892//891
f 880//879 881//880 887//886
f 881//880 892//891 887//886
f 887//886 892//891 891//890
f 892//891 893//892 891//890
f 892//891 820//820 893//892
f 820//820 821//821 893//892
f 893//892 821//821 894//893
f 821//821 831//831 894//893
f 891//890 893//892 895//894
f 893//892 894//893 895//894
f 895//894 894//893 896//895
f 894//893 897//896 896//895
f 894//893 831//831 897//896
f 831//831 832//832 897//896
f 890//889 891//890 898//897
f 891//890 895//894 898//897
f 889//888 890//889 899//898
f 890//889 898//897 899//898
f 899//898 898//897 900//899
f 898//897 901//900 900//899
f 898//897 895//894 901//900
f 895//894 896//895 901//900
f 901//900 896//895 902//901
f 896//895 903//902 902//901
f 901//900 902//901 900//899
f 902//901 904//903 900//899
f 902//901 905//904 904//903
f 905//904 906//905 904//903
f 903//902 907//906 902//901
f 907//906 905//904 902//901
f 897//896 832//832 908//907
f 832//832 836//836 908//907
f 896//895 897//896 903//902
f 897//896 908//907 903//902
f 908//907 909//908 903//902
f 909//908 907//906 903//902
f 908//907 836//836 909//908
f 836//836 837//837 909//908
f 850//849 851//850 910//478
f 851//850 911//909 910//478
f 910//478 911//909 912//849
f 911//909 913//910 912//849
f 911//909 914//911 913//910
f 914//911 915//912 913//910
f 851//850 853//852 911//909
f 853//852 914//911 911//909
f 912//849 913//910 916//913
f 913//910 917//914 916//913
f 918//915 916//913 919//916
f 916//913 917//914 919//916
f 919//916 917//914 920//917
f 917//914 921//918 920//917
f 917//914 913//910 921//918
f 913//910 915//912 921//918
f 921//918 915//912 922//919
f 915//912 923//920 922//919
f 920//917 921//918 924//921
f 921//918 922//919 924//921
f 924//921 922//919 925//922
f 922//919 926//923 925//922
f 922//919 923//920 926//923
f 923//920 927//924 926//923
f 853//852 856//855 914//911
f 856//855 928//925 914//911
f 915//912 914//911 923//920
f 914//911 928//925 923//920
f 923//920 928//925 927//924
f 928//925 929//926 927//924
f 856//855 858//857 928//925
f 858//857 929//926 928//925
f 858//857 867//866 929//926
f 867//866 930//927 929//926
f 929//926 930//927 927//924
f 930//927 931//928 927//924
f 930//927 932//929 931//928
f 932//929 933//930 931//928
f 867//866 869//868 930//927
f 869//868 932//929 930//927
f 926//923 927//924 934//931
f 927//924 931//928 934//931
f 925//922 926//923 935//932
f 926//923 934//931 935//932
f 935//932 934//931 936//933
f 934//931 937//934 936//933
f 934//931 931//928 937//934
f 931//928 933//930 937//934
f 933//930 938//935 937//934
f 938//935 939//936 937//934
f 936//933 937//934 940//937
f 937//934 939//936 940//937
f 940//937 939//936 941//938
f 939//936 942//939 941//938
f 939//936 938//935 942//939
f 938//935 943//940 942//939
f 869//868 872//871 932//929
f 872//871 944//941 932//929
f 932//929 944//941 933//930
f 944//941 938//935 933//930
f 944//941 945//942 938//935
f 945//942 943//940 938//935
f 872//871 874//873 944//941
f 874//873 945//942 944//941
f 874//873 883//882 945//942
f 883//882 946//943 945//942
f 943//940 945//942 947//944
f 945//942 946//943 947//944
f 947//944 946//943 948//945
f 946//943 949//946 948//945
f 946//943 883//882 949//946
f 883//882 884//883 949//946
f 942//939 943//940 950//947
f 943//940 947//944 950//947
f 941//938 942//939 951//948
f 942//939 950//947 951//948
f 951//948 950//947 952//949
f 950//947 953//950 952//949
f 950//947 947//944 953//950
f 947//944 948//945 953//950
f 953//950 948//945 954//951
f 948//945 955//952 954//951
f 952//949 953//950 956//953
f 953//950 954//951 956//953
f 956//953 954//951 957//954
f 954//951 958//955 957//954
f 954//951 955//952 958//955
f 955//952 959//956 958//955
f 949//946 884//883 960//957
f 884//883 888//887 960//957
f 948//945 949//946 955//952
f 949//946 960//957 955//952
f 955//952 960//957 959//956
f 960//957 961//958 959//956
f 960//957 888//887 961//958
f 888//887 889//888 961//958
f 961//958 889//888 962//959
f 889//888 899//898 962//959
f 959//956 961//958 963//960
f 961//958 962//959 963//960
f 962//959 964//961 963//960
f 964//961 965//962 963//960
f 962//959 899//898 964//961
f 899//898 900//899 964//961
f 959//956 963//960 958//955
f 963//960 966//963 958//955
f 958//955 966//963 957//954
f 966//963 967//964 957//954
f 966//963 968//965 967//964
f 968//965 969//966 967//964
f 963//960 965//962 966//963
f 965//962 968//965 966//963
f 965//962 970//967 968//965
f 970//967 971//968 968//965
f 968//965 971//968 969//966
f 971//968 972//968 969//966
f 971//968 973//969 972//968
f 973//969 974//969 972//968
f 970//967 975//969 971//968
f 975//969 973//969 971//968
f 900//899 904//903 964//961
f 904//903 976//970 964//961
f 964//961 976//970 965//962
f 976//970 970//967 965//962
f 976//970 977//969 970//967
f 977//969 975//969 970//967
f 904//903 906//905 976//970
f 906//905 977//969 976//970
f 978//971 2//2 979//972
f 2//2 1//1 979//972
f 980//973 978//971 981//974
f 978//971 979//972 981//974
f 981//974 979//972 982//975
f 979//972 983//976 982//975
f 979//972 1//1 983//976
f 1//1 5//5 983//976
f 984//977 980//973 985//978
f 980//973 981//974 985//978
f 986//979 984//977 987//980
f 984//977 985//978 987//980
f 987//980 985//978 988//981
f 985//978 989//982 988//981
f 985//978 981//974 989//982
f 981//974 982//975 989//982
f 989//982 982//975 990//983
f 982//975 991//984 990//983
f 988//981 989//982 992//985
f 989//982 990//983 992//985
f 992//985 990//983 993//986
f 990//983 994//987 993//986
f 990//983 991//984 994//987
f 991//984 995//988 994//987
f 983//976 5//5 996//989
f 5//5 10//10 996//989
f 982//975 983//976 991//984
f 983//976 996//989 991//984
f 991//984 996//989 995//988
f 996//989 997//990 995//988
f 996//989 10//10 997//990
f 10//10 12//12 997//990
f 998//991 986//979 999//992
f 986//979 987//980 999//992
f 1000//993 998//991 1001//994
f 998//991 999//992 1001//994
f 1001//994 999//992 1002//995
f 999//992 1003//996 1002//995
f 999//992 987//980 1003//996
f 987//980 988//981 1003//996
f 1000//993 1001//994 1004//997
f 1001//994 1005//998 1004//997
f 1004//997 1005//998 1006//999
f 1005//998 1007//1000 1006//999
f 1007//1000 1005//998 1008//1001
f 1005//998 1009//1002 1008//1001
f 1005//998 1001//994 1009//1002
f 1001//994 1002//995 1009//1002
f 1009//1002 1002//995 1010//1003
f 1002//995 1011//1004 1010//1003
f 1008//1001 1009//1002 1012//1005
f 1009//1002 1010//1003 1012//1005
f 1012//1005 1010//1003 1013//1006
f 1010//1003 1014//1007 1013//1006
f 1010//1003 1011//1004 1014//1007
f 1011//1004 1015//1008 1014//1007
f 1003//996 988//981 1016//1009
f 988//981 992//985 1016//1009
f 1002//995 1003//996 1011//1004
f 1003//996 1016//1009 1011//1004
f 1011//1004 1016//1009 1015//1008
f 1016//1009 1017//1010 1015//1008
f 1016//1009 992//985 1017//1010
f 992//985 993//986 1017//1010
f 1017//1010 993//986 1018//1011
f 993//986 1019//1012 1018//1011
f 1015//1008 1017//1010 1020//1013
f 1017//1010 1018//1011 1020//1013
f 1020//1013 1018//1011 1021//1014
f 1018//1011 1022//1015 1021//1014
f 1018//1011 1019//1012 1022//1015
f 1019//1012 1023//1016 1022//1015
f 1014//1007 1015//1008 1024//1017
f 1015//1008 1020//1013 1024//1017
f 1013//1006 1014//1007 1025//1018
f 1014//1007 1024//1017 1025//1018
f 1025//1018 1024//1017 1026//1019
f 1024//1017 1027//1020 1026//1019
f 1024//1017 1020//1013 1027//1020
f 1020//1013 1021//1014 1027//1020
f 1027//1020 1021//1014 1028//1021
f 1021//1014 1029//1022 1028//1021
f 1026//1019 1027//1020 1030//1023
f 1027//1020 1028//1021 1030//1023
f 1030//1023 1028//1021 1031//1024
f 1028//1021 1032//1025 1031//1024
f 1028//1021 1029//1022 1032//1025
f 1029//1022 1033//1026 1032//1025
f 1022//1015 1023//1016 1034//1027
f 1023//1016 1035//1028 1034//1027
f 1021//1014 1022//1015 1029//1022
f 1022//1015 1034//1027 1029//1022
f 1029//1022 1034//1027 1033//1026
f 1034//1027 1036//1029 1033//1026
f 1034//1027 1035//1028 1036//1029
f 1035//1028 1037//1030 1036//1029
f 997//990 12//12 1038//1031
f 12//12 66//66 1038//1031
f 995//988 997//990 1039//1032
f 997//990 1038//1031 1039//1032
f 1039//1032 1038//1031 1040//1033
f 1038//1031 1041//1034 1040//1033
f 1038//1031 66//66 1041//1034
f 66//66 68//68 1041//1034
f 994//987 995//988 1042//1035
f 995//988 1039//1032 1042//1035
f 993//986 994//987 1019//1012
f 994//987 1042//1035 1019//1012
f 1019//1012 1042//1035 1023//1016
f 1042//1035 1043//1036 1023//1016
f 1042//1035 1039//1032 1043//1036
f 1039//1032 1040//1033 1043//1036
f 1043//1036 1040//1033 1044//1037
f 1040//1033 1045//1038 1044//1037
f 1023//1016 1043//1036 1035//1028
f 1043//1036 1044//1037 1035//1028
f 1035//1028 1044//1037 1037//1030
f 1044//1037 1046//1039 1037//1030
f 1044//1037 1045//1038 1046//1039
f 1045//1038 1047//1040 1046//1039
f 1041//1034 68//68 1048//1041
f 68//68 72//72 1048//1041
f 1040//1033 1041//1034 1045//1038
f 1041//1034 1048//1041 1045//1038
f 1045//1038 1048//1041 1047//1040
f 1048//1041 1049//1042 1047//1040
f 1048//1041 72//72 1049//1042
f 72//72 74//74 1049//1042
f 1049//1042 74//74 1050//1043
f 74//74 82//82 1050//1043
f 1047//1040 1049//1042 1051//1044
f 1049//1042 1050//1043 1051//1044
f 1051//1044 1050//1043 1052//1045
f 1050//1043 1053//1046 1052//1045
f 1050//1043 82//82 1053//1046
f 82//82 84//84 1053//1046
f 1046//1039 1047//1040 1054//1047
f 1047//1040 1051//1044 1054//1047
f 1037//1030 1046//1039 1055//1048
f 1046//1039 1054//1047 1055//1048
f 1055//1048 1054//1047 1056//1049
f 1054//1047 1057//1050 1056//1049
f 1054//1047 1051//1044 1057//1050
f 1051//1044 1052//1045 1057//1050
f 1057//1050 1052//1045 1058//1051
f 1052//1045 1059//1052 1058//1051
f 1056//1049 1057//1050 1060//1053
f 1057//1050 1058//1051 1060//1053
f 1058//1051 1061//1054 1060//1053
f 1061//1054 1062//1055 1060//1053
f 1059//1052 1063//1056 1058//1051
f 1063//1056 1061//1054 1058//1051
f 84//84 88//88 1053//1046
f 88//88 1064//1057 1053//1046
f 1053//1046 1064//1057 1052//1045
f 1064//1057 1059//1052 1052//1045
f 1064//1057 1065//1058 1059//1052
f 1065//1058 1063//1056 1059//1052
f 88//88 90//90 1064//1057
f 90//90 1065//1058 1064//1057
f 1036//1029 1037//1030 1066//1059
f 1037//1030 1055//1048 1066//1059
f 1033//1026 1036//1029 1067//1060
f 1036//1029 1066//1059 1067//1060
f 1067//1060 1066//1059 1068//1061
f 1066//1059 1069//1062 1068//1061
f 1066//1059 1055//1048 1069//1062
f 1055//1048 1056//1049 1069//1062
f 1032//1025 1033//1026 1070//1063
f 1033//1026 1067//1060 1070//1063
f 1031//1024 1032//1025 1071//1064
f 1032//1025 1070//1063 1071//1064
f 1071//1064 1070//1063 1072//1065
f 1070//1063 1073//1066 1072//1065
f 1070//1063 1067//1060 1073//1066
f 1067//1060 1068//1061 1073//1066
f 1073//1066 1068//1061 1074//1067
f 1068//1061 1075//1068 1074//1067
f 1072//1065 1073//1066 1076//1069
f 1073//1066 1074//1067 1076//1069
f 1076//1069 1074//1067 1077//1070
f 1074//1067 1078//1071 1077//1070
f 1074//1067 1075//1068 1078//1071
f 1075//1068 1079//1072 1078//1071
f 1069//1062 1056//1049 1080//1073
f 1056//1049 1060//1053 1080//1073
f 1068//1061 1069//1062 1075//1068
f 1069//1062 1080//1073 1075//1068
f 1075//1068 1080//1073 1079//1072
f 1080//1073 1081//1074 1079//1072
f 1080//1073 1060//1053 1081//1074
f 1060//1053 1062//1055 1081//1074
f 1081//1074 1062//1055 1082//1075
f 1062//1055 1083//1076 1082//1075
f 1079//1072 1081//1074 1084//1077
f 1081//1074 1082//1075 1084//1077
f 1084//1077 1082//1075 1085//1078
f 1082//1075 1086//1079 1085//1078
f 1082//1075 1083//1076 1086//1079
f 1083//1076 1087//1080 1086//1079
f 1078//1071 1079//1072 1088//1081
f 1079//1072 1084//1077 1088//1081
f 1077//1070 1078//1071 1089//1082
f 1078//1071 1088//1081 1089//1082
f 1089//1082 1088//1081 1090//1083
f 1088//1081 1091//1084 1090//1083
f 1088//1081 1084//1077 1091//1084
f 1084//1077 1085//1078 1091//1084
f 1091//1084 1085//1078 1092//1085
f 1085//1078 1093//1086 1092//1085
f 1090//1083 1091//1084 1094//1087
f 1091//1084 1092//1085 1094//1087
f 1094//1087 1092//1085 1095//1088
f 1092//1085 1096//1089 1095//1088
f 1092//1085 1093//1086 1096//1089
f 1093//1086 1097//1090 1096//1089
f 1086//1079 1087//1080 1098//1091
f 1087//1080 1099//1092 1098//1091
f 1085//1078 1086//1079 1093//1086
f 1086//1079 1098//1091 1093//1086
f 1093//1086 1098//1091 1097//1090
f 1098//1091 1100//1093 1097//1090
f 1098//1091 1099//1092 1100//1093
f 1099//1092 1101//1094 1100//1093
f 1100//1093 1101//1094 1102//1095
f 1101//1094 1103//1096 1102//1095
f 1097//1090 1100//1093 1104//1097
f 1100//1093 1102//1095 1104//1097
f 1104//1097 1102//1095 1105//1098
f 1102//1095 1106//1099 1105//1098
f 1103//1096 1107//1100 1102//1095
f 1107//1100 1106//1099 1102//1095
f 1096//1089 1097//1090 1108//1101
f 1097//1090 1104//1097 1108//1101
f 1095//1088 1096//1089 1109//1102
f 1096//1089 1108//1101 1109//1102
f 1109//1102 1108//1101 1110//1103
f 1108//1101 1111//1104 1110//1103
f 1108//1101 1104//1097 1111//1104
f 1104//1097 1105//1098 1111//1104
f 1111//1104 1105//1098 1112//1105
f 1105//1098 1113//1106 1112//1105
f 1110//1103 1111//1104 1114//1107
f 1111//1104 1112//1105 1114//1107
f 1112//1105 1115//1108 1114//1107
f 1115//1108 1116//1109 1114//1107
f 1113//1106 1117//1110 1112//1105
f 1117//1110 1115//1108 1112//1105
f 1107//1100 1118//1111 1106//1099
f 1118//1111 1119//1112 1106//1099
f 1105//1098 1106//1099 1113//1106
f 1106//1099 1119//1112 1113//1106
f 1119//1112 1120//1113 1113//1106
f 1120//1113 1117//1110 1113//1106
f 1118//1111 1121//1114 1119//1112
f 1121//1114 1120//1113 1119//1112
f 1121//1114 1122//1115 1120//1113
f 1122//1115 1123//1116 1120//1113
f 1120//1113 1123//1116 1117//1110
f 1123//1116 1124//1117 1117//1110
f 1123//1116 1125//1118 1124//1117
f 1125//1118 1126//1119 1124//1117
f 1122//1115 1127//1120 1123//1116
f 1127//1120 1125//1118 1123//1116
f 1117//1110 1124//1117 1115//1108
f 1124//1117 1128//1121 1115//1108
f 1115//1108 1128//1121 1116//1109
f 1128//1121 1129//1122 1116//1109
f 1128//1121 1130//1123 1129//1122
f 1130//1123 1131//1124 1129//1122
f 1124//1117 1126//1119 1128//1121
f 1126//1119 1130//1123 1128//1121
f 1126//1119 1132//1125 1130//1123
f 1132//1125 1133//1126 1130//1123
f 1130//1123 1133//1126 1131//1124
f 1133//1126 1134//1127 1131//1124
f 1133//1126 1135//1128 1134//1127
f 1135//1128 1136//1129 1134//1127
f 1132//1125 1137//1130 1133//1126
f 1137//1130 1135//1128 1133//1126
f 1127//1120 1138//1131 1125//1118
f 1138//1131 1139//1132 1125//1118
f 1125//1118 1139//1132 1126//1119
f 1139//1132 1132//1125 1126//1119
f 1139//1132 1140//1133 1132//1125
f 1140//1133 1137//1130 1132//1125
f 1138//1131 1141//1134 1139//1132
f 1141//1134 1140//1133 1139//1132
f 1142//1135 179//179 1143//1136
f 179//179 178//178 1143//1136
f 1142//1135 1143//1136 1144//1137
f 1143//1136 1145//1138 1144//1137
f 1143//1136 1146//1139 1145//1138
f 1146//1139 1147//1140 1145//1138
f 178//178 182//182 1143//1136
f 182//182 1146//1139 1143//1136
f 1144//1137 1145//1138 1148//1141
f 1145//1138 1149//1142 1148//1141
f 1148//1141 1149//1142 1121//1114
f 1149//1142 1122//1115 1121//1114
f 1149//1142 1150//1143 1122//1115
f 1150//1143 1127//1120 1122//1115
f 1145//1138 1147//1140 1149//1142
f 1147//1140 1150//1143 1149//1142
f 1147//1140 1151//1144 1150//1143
f 1151//1144 1152//1145 1150//1143
f 1150//1143 1152//1145 1127//1120
f 1152//1145 1138//1131 1127//1120
f 1152//1145 1153//1146 1138//1131
f 1153//1146 1141//1134 1138//1131
f 1151//1144 1154//1147 1152//1145
f 1154//1147 1153//1146 1152//1145
f 182//182 187//187 1146//1139
f 187//187 1155//1148 1146//1139
f 1146//1139 1155//1148 1147//1140
f 1155//1148 1151//1144 1147//1140
f 1155//1148 1156//1149 1151//1144
f 1156//1149 1154//1147 1151//1144
f 187//187 189//189 1155//1148
f 189//189 1156//1149 1155//1148
f 189//189 198//198 1156//1149
f 198//198 1157//1150 1156//1149
f 1156//1149 1157//1150 1154//1147
f 1157//1150 1158//1151 1154//1147
f 1157//1150 1159//1152 1158//1151
f 1159//1152 1160//1153 1158//1151
f 198//198 200//200 1157//1150
f 200//200 1159//1152 1157//1150
f 1154//1147 1158//1151 1153//1146
f 1158//1151 1161//1154 1153//1146
f 1153//1146 1161//1154 1141//1134
f 1161//1154 1162//1155 1141//1134
f 1161//1154 1163//1156 1162//1155
f 1163//1156 1164//1157 1162//1155
f 1158//1151 1160//1153 1161//1154
f 1160//1153 1163//1156 1161//1154
f 1160//1153 1165//1158 1163//1156
f 1165//1158 1166//1159 1163//1156
f 1163//1156 1166//1159 1164//1157
f 1166//1159 1167//1160 1164//1157
f 1166//1159 1168//1161 1167//1160
f 1168//1161 1169//1162 1167//1160
f 1165//1158 1170//1163 1166//1159
f 1170//1163 1168//1161 1166//1159
f 200//200 204//204 1159//1152
f 204//204 1171//1164 1159//1152
f 1159//1152 1171//1164 1160//1153
f 1171//1164 1165//1158 1160//1153
f 1171//1164 1172//1165 1165//1158
f 1172//1165 1170//1163 1165//1158
f 204//204 206//206 1171//1164
f 206//206 1172//1165 1171//1164
f 1141//1134 1162//1155 1140//1133
f 1162//1155 1173//1166 1140//1133
f 1140//1133 1173//1166 1137//1130
f 1173//1166 1174//1167 1137//1130
f 1173//1166 1175//1168 1174//1167
f 1175//1168 1176//1169 1174//1167
f 1162//1155 1164//1157 1173//1166
f 1164//1157 1175//1168 1173//1166
f 1137//1130 1174//1167 1135//1128
f 1174//1167 1177//1170 1135//1128
f 1135//1128 1177//1170 1136//1129
f 1177//1170 1178//1171 1136//1129
f 1177//1170 1179//1172 1178//1171
f 1179//1172 1180//1173 1178//1171
f 1174//1167 1176//1169 1177//1170
f 1176//1169 1179//1172 1177//1170
f 1176//1169 1181//1174 1179//1172
f 1181//1174 1182//1175 1179//1172
f 1179//1172 1182//1175 1180//1173
f 1182//1175 1183//1176 1180//1173
f 1182//1175 1184//1177 1183//1176
f 1184//1177 1185//1178 1183//1176
f 1181//1174 1186//1179 1182//1175
f 1186//1179 1184//1177 1182//1175
f 1164//1157 1167//1160 1175//1168
f 1167//1160 1187//1180 1175//1168
f 1175//1168 1187//1180 1176//1169
f 1187//1180 1181//1174 1176//1169
f 1187//1180 1188//1181 1181//1174
f 1188//1181 1186//1179 1181//1174
f 1167//1160 1169//1162 1187//1180
f 1169//1162 1188//1181 1187//1180
f 1169//1162 1189//1182 1188//1181
f 1189//1182 1190//1183 1188//1181
f 1188//1181 1190//1183 1186//1179
f 1190//1183 1191//1184 1186//1179
f 1190//1183 1192//1185 1191//1184
f 1192//1185 1193//1186 1191//1184
f 1189//1182 1194//1187 1190//1183
f 1194//1187 1192//1185 1190//1183
f 1186//1179 1191//1184 1184//1177
f 1191//1184 1195//1188 1184//1177
f 1184//1177 1195//1188 1185//1178
f 1195//1188 1196//1189 1185//1178
f 1195//1188 1197//1190 1196//1189
f 1197//1190 1198//1191 1196//1189
f 1191//1184 1193//1186 1195//1188
f 1193//1186 1197//1190 1195//1188
f 1193//1186 1199//1192 1197//1190
f 1199//1192 1200//1193 1197//1190
f 1197//1190 1200//1193 1198//1191
f 1200//1193 1201//1194 1198//1191
f 1200//1193 1202//1195 1201//1194
f 1202//1195 1203//1196 1201//1194
f 1199//1192 1204//1197 1200//1193
f 1204//1197 1202//1195 1200//1193
f 1194//1187 1205//1198 1192//1185
f 1205//1198 1206//1199 1192//1185
f 1192//1185 1206//1199 1193//1186
f 1206//1199 1199//1192 1193//1186
f 1206//1199 1207//1200 1199//1192
f 1207//1200 1204//1197 1199//1192
f 1205//1198 1208//1201 1206//1199
f 1208//1201 1207//1200 1206//1199
f 206//206 254//254 1172//1165
f 254//254 1209//1202 1172//1165
f 1172//1165 1209//1202 1170//1163
f 1209//1202 1210//1203 1170//1163
f 1209//1202 1211//1204 1210//1203
f 1211//1204 1212//1205 1210//1203
f 254//254 256//256 1209//1202
f 256//256 1211//1204 1209//1202
f 1170//1163 1210//1203 1168//1161
f 1210//1203 1213//1206 1168//1161
f 1168//1161 1213//1206 1169//1162
f 1213//1206 1189//1182 1169//1162
f 1213//1206 1214//1207 1189//1182
f 1214//1207 1194//1187 1189//1182
f 1210//1203 1212//1205 1213//1206
f 1212//1205 1214//1207 1213//1206
f 1212//1205 1215//1208 1214//1207
f 1215//1208 1216//1209 1214//1207
f 1214//1207 1216//1209 1194//1187
f 1216//1209 1205//1198 1194//1187
f 1216//1209 1217//1210 1205//1198
f 1217//1210 1208//1201 1205//1198
f 1215//1208 1218//1211 1216//1209
f 1218//1211 1217//1210 1216//1209
f 256//256 260//260 1211//1204
f 260//260 1219//1212 1211//1204
f 1211//1204 1219//1212 1212//1205
f 1219//1212 1215//1208 1212//1205
f 1219//1212 1220//1213 1215//1208
f 1220//1213 1218//1211 1215//1208
f 260//260 262//262 1219//1212
f 262//262 1220//1213 1219//1212
f 262//262 270//270 1220//1213
f 270//270 1221//1214 1220//1213
f 1220//1213 1221//1214 1218//1211
f 1221//1214 1222//1215 1218//1211
f 1221//1214 1223//1216 1222//1215
f 1223//1216 1224//1217 1222//1215
f 270//270 272//272 1221//1214
f 272//272 1223//1216 1221//1214
f 1218//1211 1222//1215 1217//1210
f 1222//1215 1225//1218 1217//1210
f 1217//1210 1225//1218 1208//1201
f 1225//1218 1226//1219 1208//1201
f 1225//1218 1227//1220 1226//1219
f 1227//1220 1228//1221 1226//1219
f 1222//1215 1224//1217 1225//1218
f 1224//1217 1227//1220 1225//1218
f 1224//1217 1229//1222 1227//1220
f 1229//1222 1230//1223 1227//1220
f 1227//1220 1230//1223 1228//1221
f 1230//1223 1231//1224 1228//1221
f 1230//1223 1232//1225 1231//1224
f 1232//1225 1233//1226 1231//1224
f 1229//1222 1234//1227 1230//1223
f 1234//1227 1232//1225 1230//1223
f 272//272 276//276 1223//1216
f 276//276 1235//1228 1223//1216
f 1223//1216 1235//1228 1224//1217
f 1235//1228 1229//1222 1224//1217
f 1235//1228 1236//1229 1229//1222
f 1236//1229 1234//1227 1229//1222
f 276//276 278//278 1235//1228
f 278//278 1236//1229 1235//1228
f 1208//1201 1226//1219 1207//1200
f 1226//1219 1237//1230 1207//1200
f 1207//1200 1237//1230 1204//1197
f 1237//1230 1238//1231 1204//1197
f 1237//1230 1239//1232 1238//1231
f 1239//1232 1240//1233 1238//1231
f 1226//1219 1228//1221 1237//1230
f 1228//1221 1239//1232 1237//1230
f 1204//1197 1238//1231 1202//1195
f 1238//1231 1241//1234 1202//1195
f 1202//1195 1241//1234 1203//1196
f 1241//1234 1242//1235 1203//1196
f 1241//1234 1243//1236 1242//1235
f 1243//1236 1244//1237 1242//1235
f 1238//1231 1240//1233 1241//1234
f 1240//1233 1243//1236 1241//1234
f 1240//1233 1245//1238 1243//1236
f 1245//1238 1246//1239 1243//1236
f 1243//1236 1246//1239 1244//1237
f 1246//1239 1247//1240 1244//1237
f 1246//1239 1248//1241 1247//1240
f 1248//1241 1249//1242 1247//1240
f 1245//1238 1250//1243 1246//1239
f 1250//1243 1248//1241 1246//1239
f 1228//1221 1231//1224 1239//1232
f 1231//1224 1251//1244 1239//1232
f 1239//1232 1251//1244 1240//1233
f 1251//1244 1245//1238 1240//1233
f 1251//1244 1252//1245 1245//1238
f 1252//1245 1250//1243 1245//1238
f 1231//1224 1233//1226 1251//1244
f 1233//1226 1252//1245 1251//1244
f 1233//1226 1253//1246 1252//1245
f 1253//1246 1254//1247 1252//1245
f 1252//1245 1254//1247 1250//1243
f 1254//1247 1255//1248 1250//1243
f 1254//1247 1256//1249 1255//1248
f 1256//1249 1257//1250 1255//1248
f 1253//1246 1258//1251 1254//1247
f 1258//1251 1256//1249 1254//1247
f 1250//1243 1255//1248 1248//1241
f 1255//1248 1259//1252 1248//1241
f 1248//1241 1259//1252 1249//1242
f 1259//1252 1260//1253 1249//1242
f 1259//1252 1261//1254 1260//1253
f 1261//1254 1262//1255 1260//1253
f 1255//1248 1257//1250 1259//1252
f 1257//1250 1261//1254 1259//1252
f 1257//1250 1263//1256 1261//1254
f 1263//1256 1264//1257 1261//1254
f 1261//1254 1264//1257 1262//1255
f 1264//1257 1265//1258 1262//1255
f 1264//1257 1266//1259 1265//1258
f 1266//1259 1267//1260 1265//1258
f 1263//1256 1268//1261 1264//1257
f 1268//1261 1266//1259 1264//1257
f 1258//1251 1269//1262 1256//1249
f 1269//1262 1270//1263 1256//1249
f 1256//1249 1270//1263 1257//1250
f 1270//1263 1263//1256 1257//1250
f 1270//1263 1271//1264 1263//1256
f 1271//1264 1268//1261 1263//1256
f 1269//1262 1272//1265 1270//1263
f 1272//1265 1271//1264 1270//1263
f 278//278 326//326 1236//1229
f 326//326 1273//1266 1236//1229
f 1236//1229 1273//1266 1234//1227
f 1273//1266 1274//1267 1234//1227
f 1273//1266 1275//1268 1274//1267
f 1275//1268 1276//1269 1274//1267
f 326//326 328//328 1273//1266
f 328//328 1275//1268 1273//1266
f 1234//1227 1274//1267 1232//1225
f 1274//1267 1277//1270 1232//1225
f 1232//1225 1277//1270 1233//1226
f 1277//1270 1253//1246 1233//1226
f 1277//1270 1278//1271 1253//1246
f 1278//1271 1258//1251 1253//1246
f 1274//1267 1276//1269 1277//1270
f 1276//1269 1278//1271 1277//1270
f 1276//1269 1279//1272 1278//1271
f 1279//1272 1280//1273 1278//1271
f 1278//1271 1280//1273 1258//1251
f 1280//1273 1269//1262 1258//1251
f 1280//1273 1281//1274 1269//1262
f 1281//1274 1272//1265 1269//1262
f 1279//1272 1282//1275 1280//1273
f 1282//1275 1281//1274 1280//1273
f 328//328 332//332 1275//1268
f 332//332 1283//1276 1275//1268
f 1275//1268 1283//1276 1276//1269
f 1283//1276 1279//1272 1276//1269
f 1283//1276 1284//1277 1279//1272
f 1284//1277 1282//1275 1279//1272
f 332//332 334//334 1283//1276
f 334//334 1284//1277 1283//1276
f 334//334 342//342 1284//1277
f 342//342 1285//1278 1284//1277
f 1284//1277 1285//1278 1282//1275
f 1285//1278 1286//1279 1282//1275
f 1285//1278 1287//1280 1286//1279
f 1287//1280 1288//1281 1286//1279
f 342//342 344//344 1285//1278
f 344//344 1287//1280 1285//1278
f 1282//1275 1286//1279 1281//1274
f 1286//1279 1289//1282 1281//1274
f 1281//1274 1289//1282 1272//1265
f 1289//1282 1290//1283 1272//1265
f 1289//1282 1291//1284 1290//1283
f 1291//1284 1292//1285 1290//1283
f 1286//1279 1288//1281 1289//1282
f 1288//1281 1291//1284 1289//1282
f 1288//1281 1293//1286 1291//1284
f 1293//1286 1294//1287 1291//1284
f 1291//1284 1294//1287 1292//1285
f 1294//1287 1295//1288 1292//1285
f 1294//1287 1296//1289 1295//1288
f 1296//1289 1297//1290 1295//1288
f 1293//1286 1298//1291 1294//1287
f 1298//1291 1296//1289 1294//1287
f 344//344 348//348 1287//1280
f 348//348 1299//1292 1287//1280
f 1287//1280 1299//1292 1288//1281
f 1299//1292 1293//1286 1288//1281
f 1299//1292 1300//1293 1293//1286
f 1300//1293 1298//1291 1293//1286
f 348//348 350//350 1299//1292
f 350//350 1300//1293 1299//1292
f 1272//1265 1290//1283 1271//1264
f 1290//1283 1301//1294 1271//1264
f 1271//1264 1301//1294 1268//1261
f 1301//1294 1302//1295 1268//1261
f 1301//1294 1303//1296 1302//1295
f 1303//1296 1304//1297 1302//1295
f 1290//1283 1292//1285 1301//1294
f 1292//1285 1303//1296 1301//1294
f 1268//1261 1302//1295 1266//1259
f 1302//1295 1305//1298 1266//1259
f 1266//1259 1305//1298 1267//1260
f 1305//1298 1306//1299 1267//1260
f 1305//1298 1307//1300 1306//1299
f 1307//1300 1308//1301 1306//1299
f 1302//1295 1304//1297 1305//1298
f 1304//1297 1307//1300 1305//1298
f 1304//1297 1309//1302 1307//1300
f 1309//1302 1310//1303 1307//1300
f 1307//1300 1310//1303 1308//1301
f 1310//1303 1311//1304 1308//1301
f 1310//1303 1312//1305 1311//1304
f 1312//1305 1313//1306 1311//1304
f 1309//1302 1314//1307 1310//1303
f 1314//1307 1312//1305 1310//1303
f 1292//1285 1295//1288 1303//1296
f 1295//1288 1315//1308 1303//1296
f 1303//1296 1315//1308 1304//1297
f 1315//1308 1309//1302 1304//1297
f 1315//1308 1316//1309 1309//1302
f 1316//1309 1314//1307 1309//1302
f 1295//1288 1297//1290 1315//1308
f 1297//1290 1316//1309 1315//1308
f 1297//1290 1317//1310 1316//1309
f 1317//1310 1318//1311 1316//1309
f 1316//1309 1318//1311 1314//1307
f 1318//1311 1319//1312 1314//1307
f 1318//1311 1320//1313 1319//1312
f 1320//1313 1321//1314 1319//1312
f 1317//1310 1322//1315 1318//1311
f 1322//1315 1320//1313 1318//1311
f 1314//1307 1319//1312 1312//1305
f 1319//1312 1323//1316 1312//1305
f 1312//1305 1323//1316 1313//1306
f 1323//1316 1324//1317 1313//1306
f 1323//1316 1325//1318 1324//1317
f 1325//1318 1326//1319 1324//1317
f 1319//1312 1321//1314 1323//1316
f 1321//1314 1325//1318 1323//1316
f 1321//1314 1327//1320 1325//1318
f 1327//1320 1328//1321 1325//1318
f 1325//1318 1328//1321 1326//1319
f 1328//1321 1329//1322 1326//1319
f 1329//1322 1328//1321 1330//1323
f 1328//1321 1331//1324 1330//1323
f 1328//1321 1327//1320 1331//1324
f 1327//1320 1332//1325 1331//1324
f 1320//1313 1322//1315 1333//1326
f 1322//1315 1334//1327 1333//1326
f 1320//1313 1333//1326 1321//1314
f 1333//1326 1327//1320 1321//1314
f 1327//1320 1333//1326 1332//1325
f 1333//1326 1335//1328 1332//1325
f 1333//1326 1334//1327 1335//1328
f 1334//1327 1336//1329 1335//1328
f 350//350 398//398 1300//1293
f 398//398 1337//1330 1300//1293
f 1300//1293 1337//1330 1298//1291
f 1337//1330 1338//1331 1298//1291
f 1337//1330 1339//1332 1338//1331
f 1339//1332 1340//1333 1338//1331
f 398//398 400//400 1337//1330
f 400//400 1339//1332 1337//1330
f 1298//1291 1338//1331 1296//1289
f 1338//1331 1341//1334 1296//1289
f 1296//1289 1341//1334 1297//1290
f 1341//1334 1317//1310 1297//1290
f 1341//1334 1342//1335 1317//1310
f 1342//1335 1322//1315 1317//1310
f 1338//1331 1340//1333 1341//1334
f 1340//1333 1342//1335 1341//1334
f 1340//1333 1343//1336 1342//1335
f 1343//1336 1344//1337 1342//1335
f 1342//1335 1344//1337 1322//1315
f 1344//1337 1334//1327 1322//1315
f 1334//1327 1344//1337 1336//1329
f 1344//1337 1345//1338 1336//1329
f 1344//1337 1343//1336 1345//1338
f 1343//1336 1346//1339 1345//1338
f 1339//1332 400//400 1347//1340
f 400//400 404//404 1347//1340
f 1339//1332 1347//1340 1340//1333
f 1347//1340 1343//1336 1340//1333
f 1343//1336 1347//1340 1346//1339
f 1347//1340 1348//1341 1346//1339
f 1347//1340 404//404 1348//1341
f 404//404 406//406 1348//1341
f 1348//1341 406//406 1349//1342
f 406//406 414//414 1349//1342
f 1346//1339 1348//1341 1350//1343
f 1348//1341 1349//1342 1350//1343
f 1350//1343 1349//1342 1351//1344
f 1349//1342 1352//1345 1351//1344
f 1349//1342 414//414 1352//1345
f 414//414 416//416 1352//1345
f 1345//1338 1346//1339 1353//1346
f 1346//1339 1350//1343 1353//1346
f 1336//1329 1345//1338 1354//1347
f 1345//1338 1353//1346 1354//1347
f 1354//1347 1353//1346 1355//1348
f 1353//1346 1356//1349 1355//1348
f 1353//1346 1350//1343 1356//1349
f 1350//1343 1351//1344 1356//1349
f 1356//1349 1351//1344 1357//1350
f 1351//1344 1358//1351 1357//1350
f 1355//1348 1356//1349 1359//1352
f 1356//1349 1357//1350 1359//1352
f 1359//1352 1357//1350 1360//1353
f 1357//1350 1361//1354 1360//1353
f 1357//1350 1358//1351 1361//1354
f 1358//1351 1362//1355 1361//1354
f 1352//1345 416//416 1363//1356
f 416//416 420//420 1363//1356
f 1351//1344 1352//1345 1358//1351
f 1352//1345 1363//1356 1358//1351
f 1358//1351 1363//1356 1362//1355
f 1363//1356 1364//1357 1362//1355
f 1363//1356 420//420 1364//1357
f 420//420 422//422 1364//1357
f 1335//1328 1336//1329 1365//1358
f 1336//1329 1354//1347 1365//1358
f 1332//1325 1335//1328 1366//1359
f 1335//1328 1365//1358 1366//1359
f 1366//1359 1365//1358 1367//1360
f 1365//1358 1368//1361 1367//1360
f 1365//1358 1354//1347 1368//1361
f 1354//1347 1355//1348 1368//1361
f 1331//1324 1332//1325 1369//1362
f 1332//1325 1366//1359 1369//1362
f 1330//1323 1331//1324 1370//1363
f 1331//1324 1369//1362 1370//1363
f 1370//1363 1369//1362 1371//1364
f 1369//1362 1372//1365 1371//1364
f 1369//1362 1366//1359 1372//1365
f 1366//1359 1367//1360 1372//1365
f 1372//1365 1367//1360 1373//1366
f 1367//1360 1374//1367 1373//1366
f 1371//1364 1372//1365 1375//1368
f 1372//1365 1373//1366 1375//1368
f 1375//1368 1373//1366 1376//1369
f 1373//1366 1377//1370 1376//1369
f 1373//1366 1374//1367 1377//1370
f 1374//1367 1378//1371 1377//1370
f 1368//1361 1355//1348 1379//1372
f 1355//1348 1359//1352 1379//1372
f 1367//1360 1368//1361 1374//1367
f 1368//1361 1379//1372 1374//1367
f 1374//1367 1379//1372 1378//1371
f 1379//1372 1380//1373 1378//1371
f 1379//1372 1359//1352 1380//1373
f 1359//1352 1360//1353 1380//1373
f 1380//1373 1360//1353 1381//1374
f 1360//1353 1382//1375 1381//1374
f 1378//1371 1380//1373 1383//1376
f 1380//1373 1381//1374 1383//1376
f 1383//1376 1381//1374 1384//1377
f 1381//1374 1385//1378 1384//1377
f 1381//1374 1382//1375 1385//1378
f 1382//1375 1386//1379 1385//1378
f 1377//1370 1378//1371 1387//1380
f 1378//1371 1383//1376 1387//1380
f 1376//1369 1377//1370 1388//1381
f 1377//1370 1387//1380 1388//1381
f 1388//1381 1387//1380 1389//1382
f 1387//1380 1390//1383 1389//1382
f 1387//1380 1383//1376 1390//1383
f 1383//1376 1384//1377 1390//1383
f 1390//1383 1384//1377 1391//1384
f 1384//1377 1392//1385 1391//1384
f 1389//1382 1390//1383 1393//1386
f 1390//1383 1391//1384 1393//1386
f 1393//1386 1391//1384 1394//1387
f 1391//1384 1395//1388 1394//1387
f 1391//1384 1392//1385 1395//1388
f 1392//1385 1396//1389 1395//1388
f 1385//1378 1386//1379 1397//1390
f 1386//1379 1398//1391 1397//1390
f 1384//1377 1385//1378 1392//1385
f 1385//1378 1397//1390 1392//1385
f 1392//1385 1397//1390 1396//1389
f 1397//1390 1399//1392 1396//1389
f 1397//1390 1398//1391 1399//1392
f 1398//1391 1400//1393 1399//1392
f 1364//1357 422//422 1401//1394
f 422//422 470//470 1401//1394
f 1362//1355 1364//1357 1402//1395
f 1364//1357 1401//1394 1402//1395
f 1402//1395 1401//1394 1403//1396
f 1401//1394 1404//1397 1403//1396
f 1401//1394 470//470 1404//1397
f 470//470 472//472 1404//1397
f 1361//1354 1362//1355 1405//1398
f 1362//1355 1402//1395 1405//1398
f 1360//1353 1361//1354 1382//1375
f 1361//1354 1405//1398 1382//1375
f 1382//1375 1405//1398 1386//1379
f 1405//1398 1406//1399 1386//1379
f 1405//1398 1402//1395 1406//1399
f 1402//1395 1403//1396 1406//1399
f 1406//1399 1403//1396 1407//1400
f 1403//1396 1408//1401 1407//1400
f 1386//1379 1406//1399 1398//1391
f 1406//1399 1407//1400 1398//1391
f 1398//1391 1407//1400 1400//1393
f 1407//1400 1409//1402 1400//1393
f 1407//1400 1408//1401 1409//1402
f 1408//1401 1410//1403 1409//1402
f 1404//1397 472//472 1411//1404
f 472//472 476//476 1411//1404
f 1403//1396 1404//1397 1408//1401
f 1404//1397 1411//1404 1408//1401
f 1408//1401 1411//1404 1410//1403
f 1411//1404 1412//1405 1410//1403
f 1411//1404 476//476 1412//1405
f 476//476 478//478 1412//1405
f 1412//1405 478//478 1413//1406
f 478//478 486//486 1413//1406
f 1410//1403 1412//1405 1414//1407
f 1412//1405 1413//1406 1414//1407
f 1413//1406 1415//1408 1414//1407
f 1415//1408 1416//1409 1414//1407
f 486//486 488//488 1413//1406
f 488//488 1415//1408 1413//1406
f 1409//1402 1410//1403 1417//1410
f 1410//1403 1414//1407 1417//1410
f 1400//1393 1409//1402 1418//1411
f 1409//1402 1417//1410 1418//1411
f 1418//1411 1417//1410 1419//1412
f 1417//1410 1420//1413 1419//1412
f 1417//1410 1414//1407 1420//1413
f 1414//1407 1416//1409 1420//1413
f 1416//1409 1421//1414 1420//1413
f 1421//1414 1422//1415 1420//1413
f 1420//1413 1422//1415 1419//1412
f 1422//1415 1423//1416 1419//1412
f 1422//1415 1424//1417 1423//1416
f 1424//1417 1425//1418 1423//1416
f 1421//1414 1426//1419 1422//1415
f 1426//1419 1424//1417 1422//1415
f 488//488 492//492 1415//1408
f 492//492 1427//1420 1415//1408
f 1415//1408 1427//1420 1416//1409
f 1427//1420 1421//1414 1416//1409
f 1427//1420 1428//1421 1421//1414
f 1428//1421 1426//1419 1421//1414
f 492//492 494//494 1427//1420
f 494//494 1428//1421 1427//1420
f 1399//1392 1400//1393 1429//1422
f 1400//1393 1418//1411 1429//1422
f 1396//1389 1399//1392 1430//1423
f 1399//1392 1429//1422 1430//1423
f 1430//1423 1429//1422 1431//1424
f 1429//1422 1432//1425 1431//1424
f 1429//1422 1418//1411 1432//1425
f 1418//1411 1419//1412 1432//1425
f 1395//1388 1396//1389 1433//1426
f 1396//1389 1430//1423 1433//1426
f 1394//1387 1395//1388 1434//1427
f 1395//1388 1433//1426 1434//1427
f 1434//1427 1433//1426 1435//1428
f 1433//1426 1436//1429 1435//1428
f 1433//1426 1430//1423 1436//1429
f 1430//1423 1431//1424 1436//1429
f 1436//1429 1431//1424 1437//1430
f 1431//1424 1438//1431 1437//1430
f 1435//1428 1436//1429 1439//1432
f 1436//1429 1437//1430 1439//1432
f 1439//1432 1437//1430 1440//1433
f 1437//1430 1441//1434 1440//1433
f 1437//1430 1438//1431 1441//1434
f 1438//1431 1442//1435 1441//1434
f 1432//1425 1419//1412 1443//1436
f 1419//1412 1423//1416 1443//1436
f 1431//1424 1432//1425 1438//1431
f 1432//1425 1443//1436 1438//1431
f 1438//1431 1443//1436 1442//1435
f 1443//1436 1444//1437 1442//1435
f 1443//1436 1423//1416 1444//1437
f 1423//1416 1425//1418 1444//1437
f 1425//1418 1445//1438 1444//1437
f 1445//1438 1446//1439 1444//1437
f 1442//1435 1444//1437 1447//1440
f 1444//1437 1446//1439 1447//1440
f 1446//1439 1448//1441 1447//1440
f 1448//1441 1449//1442 1447//1440
f 1445//1438 1450//1443 1446//1439
f 1450//1443 1448//1441 1446//1439
f 1442//1435 1447//1440 1441//1434
f 1447//1440 1451//1444 1441//1434
f 1441//1434 1451//1444 1440//1433
f 1451//1444 1452//1445 1440//1433
f 1451//1444 1453//1446 1452//1445
f 1453//1446 1454//1447 1452//1445
f 1447//1440 1449//1442 1451//1444
f 1449//1442 1453//1446 1451//1444
f 1449//1442 1455//1448 1453//1446
f 1455//1448 1456//1449 1453//1446
f 1453//1446 1456//1449 1454//1447
f 1456//1449 1457//1450 1454//1447
f 1456//1449 1004//997 1457//1450
f 1004//997 1006//999 1457//1450
f 1455//1448 1000//993 1456//1449
f 1000//993 1004//997 1456//1449
f 1448//1441 1450//1443 1458//1451
f 1450//1443 1459//1452 1458//1451
f 1448//1441 1458//1451 1449//1442
f 1458//1451 1455//1448 1449//1442
f 1455//1448 1458//1451 1000//993
f 1458//1451 998//991 1000//993
f 1458//1451 1459//1452 998//991
f 1459//1452 986//979 998//991
f 494//494 537//537 1428//1421
f 537//537 1460//1453 1428//1421
f 1428//1421 1460//1453 1426//1419
f 1460//1453 1461//1454 1426//1419
f 1460//1453 1462//1455 1461//1454
f 1462//1455 1463//1456 1461//1454
f 537//537 539//539 1460//1453
f 539//539 1462//1455 1460//1453
f 1426//1419 1461//1454 1424//1417
f 1461//1454 1464//1457 1424//1417
f 1424//1417 1464//1457 1425//1418
f 1464//1457 1445//1438 1425//1418
f 1464//1457 1465//1458 1445//1438
f 1465//1458 1450//1443 1445//1438
f 1461//1454 1463//1456 1464//1457
f 1463//1456 1465//1458 1464//1457
f 1463//1456 1466//1459 1465//1458
f 1466//1459 1467//1460 1465//1458
f 1465//1458 1467//1460 1450//1443
f 1467//1460 1459//1452 1450//1443
f 1459//1452 1467//1460 986//979
f 1467//1460 984//977 986//979
f 1467//1460 1466//1459 984//977
f 1466//1459 980//973 984//977
f 539//539 543//543 1462//1455
f 543//543 1468//1461 1462//1455
f 1462//1455 1468//1461 1463//1456
f 1468//1461 1466//1459 1463//1456
f 1466//1459 1468//1461 980//973
f 1468//1461 978//971 980//973
f 543//543 2//2 1468//1461
f 2//2 978//971 1468//1461
f 1457//1450 1006//999 1469//1462
f 1006//999 1007//1000 1469//1462
f 1454//1447 1457//1450 1470//1463
f 1457//1450 1469//1462 1470//1463
f 1470//1463 1469//1462 1471//1464
f 1469//1462 1472//1465 1471//1464
f 1469//1462 1007//1000 1472//1465
f 1007//1000 1008//1001 1472//1465
f 1452//1445 1454//1447 1473//1466
f 1454//1447 1470//1463 1473//1466
f 1440//1433 1452//1445 1474//1467
f 1452//1445 1473//1466 1474//1467
f 1474//1467 1473//1466 1475//1468
f 1473//1466 1476//1469 1475//1468
f 1473//1466 1470//1463 1476//1469
f 1470//1463 1471//1464 1476//1469
f 1476//1469 1471//1464 1477//1470
f 1471//1464 1478//1471 1477//1470
f 1475//1468 1476//1469 1479//1472
f 1476//1469 1477//1470 1479//1472
f 1479//1472 1477//1470 1480//1473
f 1477//1470 1481//1474 1480//1473
f 1477//1470 1478//1471 1481//1474
f 1478//1471 1482//1475 1481//1474
f 1472//1465 1008//1001 1483//1476
f 1008//1001 1012//1005 1483//1476
f 1471//1464 1472//1465 1478//1471
f 1472//1465 1483//1476 1478//1471
f 1478//1471 1483//1476 1482//1475
f 1483//1476 1484//1477 1482//1475
f 1483//1476 1012//1005 1484//1477
f 1012//1005 1013//1006 1484//1477
f 1440//1433 1474//1467 1439//1432
f 1474//1467 1485//1478 1439//1432
f 1439//1432 1485//1478 1435//1428
f 1485//1478 1486//1479 1435//1428
f 1485//1478 1487//1480 1486//1479
f 1487//1480 1488//1481 1486//1479
f 1485//1478 1474//1467 1487//1480
f 1474//1467 1475//1468 1487//1480
f 1435//1428 1486//1479 1434//1427
f 1486//1479 1489//1482 1434//1427
f 1434//1427 1489//1482 1394//1387
f 1489//1482 1490//1483 1394//1387
f 1489//1482 1491//1484 1490//1483
f 1491//1484 1492//1485 1490//1483
f 1486//1479 1488//1481 1489//1482
f 1488//1481 1491//1484 1489//1482
f 1488//1481 1493//1486 1491//1484
f 1493//1486 1494//1487 1491//1484
f 1491//1484 1494//1487 1492//1485
f 1494//1487 1495//1488 1492//1485
f 1494//1487 1496//1489 1495//1488
f 1496//1489 1497//1490 1495//1488
f 1493//1486 1498//1491 1494//1487
f 1498//1491 1496//1489 1494//1487
f 1487//1480 1475//1468 1499//1492
f 1475//1468 1479//1472 1499//1492
f 1487//1480 1499//1492 1488//1481
f 1499//1492 1493//1486 1488//1481
f 1499//1492 1500//1493 1493//1486
f 1500//1493 1498//1491 1493//1486
f 1499//1492 1479//1472 1500//1493
f 1479//1472 1480//1473 1500//1493
f 1500//1493 1480//1473 1501//1494
f 1480//1473 1502//1495 1501//1494
f 1498//1491 1500//1493 1503//1496
f 1500//1493 1501//1494 1503//1496
f 1503//1496 1501//1494 1504//1497
f 1501//1494 1505//1498 1504//1497
f 1501//1494 1502//1495 1505//1498
f 1502//1495 1506//1499 1505//1498
f 1498//1491 1503//1496 1496//1489
f 1503//1496 1507//1500 1496//1489
f 1496//1489 1507//1500 1497//1490
f 1507//1500 1508//1501 1497//1490
f 1507//1500 1509//1502 1508//1501
f 1509//1502 1510//1503 1508//1501
f 1507//1500 1503//1496 1509//1502
f 1503//1496 1504//1497 1509//1502
f 1509//1502 1504//1497 1511//1504
f 1504//1497 1512//1505 1511//1504
f 1509//1502 1511//1504 1510//1503
f 1511//1504 1513//1506 1510//1503
f 1513//1506 1511//1504 1514//1507
f 1511//1504 1515//1508 1514//1507
f 1511//1504 1512//1505 1515//1508
f 1512//1505 1516//1509 1515//1508
f 1505//1498 1506//1499 1517//1510
f 1506//1499 1518//1511 1517//1510
f 1504//1497 1505//1498 1512//1505
f 1505//1498 1517//1510 1512//1505
f 1512//1505 1517//1510 1516//1509
f 1517//1510 1519//1512 1516//1509
f 1517//1510 1518//1511 1519//1512
f 1518//1511 1520//1513 1519//1512
f 1484//1477 1013//1006 1521//1514
f 1013//1006 1025//1018 1521//1514
f 1482//1475 1484//1477 1522//1515
f 1484//1477 1521//1514 1522//1515
f 1522//1515 1521//1514 1523//1516
f 1521//1514 1524//1517 1523//1516
f 1521//1514 1025//1018 1524//1517
f 1025//1018 1026//1019 1524//1517
f 1481//1474 1482//1475 1525//1518
f 1482//1475 1522//1515 1525//1518
f 1480//1473 1481//1474 1502//1495
f 1481//1474 1525//1518 1502//1495
f 1502//1495 1525//1518 1506//1499
f 1525//1518 1526//1519 1506//1499
f 1525//1518 1522//1515 1526//1519
f 1522//1515 1523//1516 1526//1519
f 1526//1519 1523//1516 1527//1520
f 1523//1516 1528//1521 1527//1520
f 1506//1499 1526//1519 1518//1511
f 1526//1519 1527//1520 1518//1511
f 1518//1511 1527//1520 1520//1513
f 1527//1520 1529//1522 1520//1513
f 1527//1520 1528//1521 1529//1522
f 1528//1521 1530//1523 1529//1522
f 1524//1517 1026//1019 1531//1524
f 1026//1019 1030//1023 1531//1524
f 1523//1516 1524//1517 1528//1521
f 1524//1517 1531//1524 1528//1521
f 1528//1521 1531//1524 1530//1523
f 1531//1524 1532//1525 1530//1523
f 1531//1524 1030//1023 1532//1525
f 1030//1023 1031//1024 1532//1525
f 1394//1387 1490//1483 1393//1386
f 1490//1483 1533//1526 1393//1386
f 1393//1386 1533//1526 1389//1382
f 1533//1526 1534//1527 1389//1382
f 1533//1526 1535//1528 1534//1527
f 1535//1528 1536//1529 1534//1527
f 1490//1483 1492//1485 1533//1526
f 1492//1485 1535//1528 1533//1526
f 1389//1382 1534//1527 1388//1381
f 1534//1527 1537//1530 1388//1381
f 1388//1381 1537//1530 1376//1369
f 1537//1530 1538//1531 1376//1369
f 1537//1530 1539//1532 1538//1531
f 1539//1532 1540//1533 1538//1531
f 1534//1527 1536//1529 1537//1530
f 1536//1529 1539//1532 1537//1530
f 1536//1529 1541//1534 1539//1532
f 1541//1534 1542//1535 1539//1532
f 1539//1532 1542//1535 1540//1533
f 1542//1535 1543//1536 1540//1533
f 1542//1535 1544//1537 1543//1536
f 1544//1537 1545//1538 1543//1536
f 1541//1534 1546//1539 1542//1535
f 1546//1539 1544//1537 1542//1535
f 1492//1485 1495//1488 1535//1528
f 1495//1488 1547//1540 1535//1528
f 1535//1528 1547//1540 1536//1529
f 1547//1540 1541//1534 1536//1529
f 1547//1540 1548//1541 1541//1534
f 1548//1541 1546//1539 1541//1534
f 1495//1488 1497//1490 1547//1540
f 1497//1490 1548//1541 1547//1540
f 1376//1369 1538//1531 1375//1368
f 1538//1531 1549//1542 1375//1368
f 1375//1368 1549//1542 1371//1364
f 1549//1542 1550//1543 1371//1364
f 1549//1542 1551//1544 1550//1543
f 1551//1544 1552//1545 1550//1543
f 1538//1531 1540//1533 1549//1542
f 1540//1533 1551//1544 1549//1542
f 1371//1364 1550//1543 1370//1363
f 1550//1543 1553//1546 1370//1363
f 1370//1363 1553//1546 1330//1323
f 1553//1546 1329//1322 1330//1323
f 1553//1546 1554//1547 1329//1322
f 1554//1547 1326//1319 1329//1322
f 1550//1543 1552//1545 1553//1546
f 1552//1545 1554//1547 1553//1546
f 1552//1545 1555//1548 1554//1547
f 1555//1548 1556//1549 1554//1547
f 1554//1547 1556//1549 1326//1319
f 1556//1549 1324//1317 1326//1319
f 1556//1549 1557//1550 1324//1317
f 1557//1550 1313//1306 1324//1317
f 1555//1548 1558//1551 1556//1549
f 1558//1551 1557//1550 1556//1549
f 1540//1533 1543//1536 1551//1544
f 1543//1536 1559//1552 1551//1544
f 1551//1544 1559//1552 1552//1545
f 1559//1552 1555//1548 1552//1545
f 1559//1552 1560//1553 1555//1548
f 1560//1553 1558//1551 1555//1548
f 1543//1536 1545//1538 1559//1552
f 1545//1538 1560//1553 1559//1552
f 1545//1538 1561//1554 1560//1553
f 1561//1554 1562//1555 1560//1553
f 1560//1553 1562//1555 1558//1551
f 1562//1555 1563//1556 1558//1551
f 1562//1555 1564//1557 1563//1556
f 1564//1557 1565//1558 1563//1556
f 1561//1554 1566//1559 1562//1555
f 1566//1559 1564//1557 1562//1555
f 1558//1551 1563//1556 1557//1550
f 1563//1556 1567//1560 1557//1550
f 1557//1550 1567//1560 1313//1306
f 1567//1560 1311//1304 1313//1306
f 1567//1560 1568//1561 1311//1304
f 1568//1561 1308//1301 1311//1304
f 1563//1556 1565//1558 1567//1560
f 1565//1558 1568//1561 1567//1560
f 1565//1558 1569//1562 1568//1561
f 1569//1562 1570//1563 1568//1561
f 1568//1561 1570//1563 1308//1301
f 1570//1563 1306//1299 1308//1301
f 1570//1563 1571//1564 1306//1299
f 1571//1564 1267//1260 1306//1299
f 1569//1562 1572//1565 1570//1563
f 1572//1565 1571//1564 1570//1563
f 1566//1559 1573//1566 1564//1557
f 1573//1566 1574//1567 1564//1557
f 1564//1557 1574//1567 1565//1558
f 1574//1567 1569//1562 1565//1558
f 1574//1567 1575//1568 1569//1562
f 1575//1568 1572//1565 1569//1562
f 1573//1566 1576//1569 1574//1567
f 1576//1569 1575//1568 1574//1567
f 1497//1490 1508//1501 1548//1541
f 1508//1501 1577//1570 1548//1541
f 1548//1541 1577//1570 1546//1539
f 1577//1570 1578//1571 1546//1539
f 1577//1570 1579//1572 1578//1571
f 1579//1572 1580//1573 1578//1571
f 1508//1501 1510//1503 1577//1570
f 1510//1503 1579//1572 1577//1570
f 1546//1539 1578//1571 1544//1537
f 1578//1571 1581//1574 1544//1537
f 1544//1537 1581//1574 1545//1538
f 1581//1574 1561//1554 1545//1538
f 1581//1574 1582//1575 1561//1554
f 1582//1575 1566//1559 1561//1554
f 1578//1571 1580//1573 1581//1574
f 1580//1573 1582//1575 1581//1574
f 1580//1573 1583//1576 1582//1575
f 1583//1576 1584//1577 1582//1575
f 1582//1575 1584//1577 1566//1559
f 1584//1577 1573//1566 1566//1559
f 1584//1577 1585//1578 1573//1566
f 1585//1578 1576//1569 1573//1566
f 1584//1577 1583//1576 1585//1578
f 1583//1576 1586//1579 1585//1578
f 1579//1572 1510//1503 1587//1580
f 1510//1503 1513//1506 1587//1580
f 1580//1573 1579//1572 1583//1576
f 1579//1572 1587//1580 1583//1576
f 1583//1576 1587//1580 1586//1579
f 1587//1580 1588//1581 1586//1579
f 1587//1580 1513//1506 1588//1581
f 1513//1506 1514//1507 1588//1581
f 1588//1581 1514//1507 1589//1582
f 1514//1507 1590//1583 1589//1582
f 1586//1579 1588//1581 1591//1584
f 1588//1581 1589//1582 1591//1584
f 1591//1584 1589//1582 1592//1585
f 1589//1582 1593//1586 1592//1585
f 1589//1582 1590//1583 1593//1586
f 1590//1583 1594//1587 1593//1586
f 1585//1578 1586//1579 1595//1588
f 1586//1579 1591//1584 1595//1588
f 1576//1569 1585//1578 1596//1589
f 1585//1578 1595//1588 1596//1589
f 1596//1589 1595//1588 1597//1590
f 1595//1588 1598//1591 1597//1590
f 1595//1588 1591//1584 1598//1591
f 1591//1584 1592//1585 1598//1591
f 1598//1591 1592//1585 1599//1592
f 1592//1585 1600//1593 1599//1592
f 1597//1590 1598//1591 1601//1594
f 1598//1591 1599//1592 1601//1594
f 1601//1594 1599//1592 1602//1595
f 1599//1592 1603//1596 1602//1595
f 1599//1592 1600//1593 1603//1596
f 1600//1593 1604//1597 1603//1596
f 1593//1586 1594//1587 1605//1598
f 1594//1587 1606//1599 1605//1598
f 1592//1585 1593//1586 1600//1593
f 1593//1586 1605//1598 1600//1593
f 1600//1593 1605//1598 1604//1597
f 1605//1598 1607//1600 1604//1597
f 1605//1598 1606//1599 1607//1600
f 1606//1599 1608//1601 1607//1600
f 1576//1569 1596//1589 1575//1568
f 1596//1589 1609//1602 1575//1568
f 1575//1568 1609//1602 1572//1565
f 1609//1602 1610//1603 1572//1565
f 1609//1602 1611//1604 1610//1603
f 1611//1604 1612//1605 1610//1603
f 1596//1589 1597//1590 1609//1602
f 1597//1590 1611//1604 1609//1602
f 1572//1565 1610//1603 1571//1564
f 1610//1603 1613//1606 1571//1564
f 1571//1564 1613//1606 1267//1260
f 1613//1606 1265//1258 1267//1260
f 1613//1606 1614//1607 1265//1258
f 1614//1607 1262//1255 1265//1258
f 1610//1603 1612//1605 1613//1606
f 1612//1605 1614//1607 1613//1606
f 1612//1605 1615//1608 1614//1607
f 1615//1608 1616//1609 1614//1607
f 1614//1607 1616//1609 1262//1255
f 1616//1609 1260//1253 1262//1255
f 1616//1609 1617//1610 1260//1253
f 1617//1610 1249//1242 1260//1253
f 1616//1609 1615//1608 1617//1610
f 1615//1608 1618//1611 1617//1610
f 1611//1604 1597//1590 1619//1612
f 1597//1590 1601//1594 1619//1612
f 1611//1604 1619//1612 1612//1605
f 1619//1612 1615//1608 1612//1605
f 1615//1608 1619//1612 1618//1611
f 1619//1612 1620//1613 1618//1611
f 1619//1612 1601//1594 1620//1613
f 1601//1594 1602//1595 1620//1613
f 1620//1613 1602//1595 1621//1614
f 1602//1595 1622//1615 1621//1614
f 1618//1611 1620//1613 1623//1616
f 1620//1613 1621//1614 1623//1616
f 1623//1616 1621//1614 1624//1617
f 1621//1614 1625//1618 1624//1617
f 1621//1614 1622//1615 1625//1618
f 1622//1615 1626//1619 1625//1618
f 1617//1610 1618//1611 1627//1620
f 1618//1611 1623//1616 1627//1620
f 1249//1242 1617//1610 1247//1240
f 1617//1610 1627//1620 1247//1240
f 1247//1240 1627//1620 1244//1237
f 1627//1620 1628//1621 1244//1237
f 1627//1620 1623//1616 1628//1621
f 1623//1616 1624//1617 1628//1621
f 1628//1621 1624//1617 1629//1622
f 1624//1617 1630//1623 1629//1622
f 1244//1237 1628//1621 1242//1235
f 1628//1621 1629//1622 1242//1235
f 1242//1235 1629//1622 1203//1196
f 1629//1622 1201//1194 1203//1196
f 1629//1622 1630//1623 1201//1194
f 1630//1623 1198//1191 1201//1194
f 1625//1618 1626//1619 1631//1624
f 1626//1619 1632//1625 1631//1624
f 1624//1617 1625//1618 1630//1623
f 1625//1618 1631//1624 1630//1623
f 1630//1623 1631//1624 1198//1191
f 1631//1624 1196//1189 1198//1191
f 1631//1624 1632//1625 1196//1189
f 1632//1625 1185//1178 1196//1189
f 1607//1600 1608//1601 1633//1626
f 1608//1601 1634//1627 1633//1626
f 1604//1597 1607//1600 1635//1628
f 1607//1600 1633//1626 1635//1628
f 1635//1628 1633//1626 1636//1629
f 1633//1626 1637//1630 1636//1629
f 1633//1626 1634//1627 1637//1630
f 1634//1627 1638//1631 1637//1630
f 1603//1596 1604//1597 1639//1632
f 1604//1597 1635//1628 1639//1632
f 1602//1595 1603//1596 1622//1615
f 1603//1596 1639//1632 1622//1615
f 1622//1615 1639//1632 1626//1619
f 1639//1632 1640//1633 1626//1619
f 1639//1632 1635//1628 1640//1633
f 1635//1628 1636//1629 1640//1633
f 1640//1633 1636//1629 1641//1634
f 1636//1629 1642//1635 1641//1634
f 1626//1619 1640//1633 1632//1625
f 1640//1633 1641//1634 1632//1625
f 1632//1625 1641//1634 1185//1178
f 1641//1634 1183//1176 1185//1178
f 1641//1634 1642//1635 1183//1176
f 1642//1635 1180//1173 1183//1176
f 1637//1630 1638//1631 1643//1636
f 1638//1631 1644//1637 1643//1636
f 1636//1629 1637//1630 1642//1635
f 1637//1630 1643//1636 1642//1635
f 1642//1635 1643//1636 1180//1173
f 1643//1636 1178//1171 1180//1173
f 1643//1636 1644//1637 1178//1171
f 1644//1637 1136//1129 1178//1171
f 1532//1525 1031//1024 1645//1638
f 1031//1024 1071//1064 1645//1638
f 1530//1523 1532//1525 1646//1639
f 1532//1525 1645//1638 1646//1639
f 1646//1639 1645//1638 1647//1640
f 1645//1638 1648//1641 1647//1640
f 1645//1638 1071//1064 1648//1641
f 1071//1064 1072//1065 1648//1641
f 1529//1522 1530//1523 1649//1642
f 1530//1523 1646//1639 1649//1642
f 1520//1513 1529//1522 1650//1643
f 1529//1522 1649//1642 1650//1643
f 1650//1643 1649//1642 1651//1644
f 1649//1642 1652//1645 1651//1644
f 1649//1642 1646//1639 1652//1645
f 1646//1639 1647//1640 1652//1645
f 1652//1645 1647//1640 1653//1646
f 1647//1640 1654//1647 1653//1646
f 1651//1644 1652//1645 1655//1648
f 1652//1645 1653//1646 1655//1648
f 1655//1648 1653//1646 1656//1649
f 1653//1646 1657//1650 1656//1649
f 1653//1646 1654//1647 1657//1650
f 1654//1647 1658//1651 1657//1650
f 1648//1641 1072//1065 1659//1652
f 1072//1065 1076//1069 1659//1652
f 1647//1640 1648//1641 1654//1647
f 1648//1641 1659//1652 1654//1647
f 1654//1647 1659//1652 1658//1651
f 1659//1652 1660//1653 1658//1651
f 1659//1652 1076//1069 1660//1653
f 1076//1069 1077//1070 1660//1653
f 1519//1512 1520//1513 1661//1654
f 1520//1513 1650//1643 1661//1654
f 1516//1509 1519//1512 1662//1655
f 1519//1512 1661//1654 1662//1655
f 1662//1655 1661//1654 1663//1656
f 1661//1654 1664//1657 1663//1656
f 1661//1654 1650//1643 1664//1657
f 1650//1643 1651//1644 1664//1657
f 1515//1508 1516//1509 1665//1658
f 1516//1509 1662//1655 1665//1658
f 1514//1507 1515//1508 1590//1583
f 1515//1508 1665//1658 1590//1583
f 1590//1583 1665//1658 1594//1587
f 1665//1658 1666//1659 1594//1587
f 1665//1658 1662//1655 1666//1659
f 1662//1655 1663//1656 1666//1659
f 1666//1659 1663//1656 1667//1660
f 1663//1656 1668//1661 1667//1660
f 1594//1587 1666//1659 1606//1599
f 1666//1659 1667//1660 1606//1599
f 1606//1599 1667//1660 1608//1601
f 1667//1660 1669//1662 1608//1601
f 1667//1660 1668//1661 1669//1662
f 1668//1661 1670//1663 1669//1662
f 1664//1657 1651//1644 1671//1664
f 1651//1644 1655//1648 1671//1664
f 1663//1656 1664//1657 1668//1661
f 1664//1657 1671//1664 1668//1661
f 1668//1661 1671//1664 1670//1663
f 1671//1664 1672//1665 1670//1663
f 1671//1664 1655//1648 1672//1665
f 1655//1648 1656//1649 1672//1665
f 1672//1665 1656//1649 1673//1666
f 1656//1649 1674//1667 1673//1666
f 1670//1663 1672//1665 1675//1668
f 1672//1665 1673//1666 1675//1668
f 1675//1668 1673//1666 1676//1669
f 1673//1666 1677//1670 1676//1669
f 1673//1666 1674//1667 1677//1670
f 1674//1667 1678//1671 1677//1670
f 1669//1662 1670//1663 1679//1672
f 1670//1663 1675//1668 1679//1672
f 1608//1601 1669//1662 1634//1627
f 1669//1662 1679//1672 1634//1627
f 1634//1627 1679//1672 1638//1631
f 1679//1672 1680//1673 1638//1631
f 1679//1672 1675//1668 1680//1673
f 1675//1668 1676//1669 1680//1673
f 1680//1673 1676//1669 1681//1674
f 1676//1669 1682//1675 1681//1674
f 1638//1631 1680//1673 1644//1637
f 1680//1673 1681//1674 1644//1637
f 1644//1637 1681//1674 1136//1129
f 1681//1674 1134//1127 1136//1129
f 1681//1674 1682//1675 1134//1127
f 1682//1675 1131//1124 1134//1127
f 1677//1670 1678//1671 1683//1676
f 1678//1671 1684//1677 1683//1676
f 1676//1669 1677//1670 1682//1675
f 1677//1670 1683//1676 1682//1675
f 1682//1675 1683//1676 1131//1124
f 1683//1676 1129//1122 1131//1124
f 1683//1676 1684//1677 1129//1122
f 1684//1677 1116//1109 1129//1122
f 1660//1653 1077//1070 1685//1678
f 1077//1070 1089//1082 1685//1678
f 1658//1651 1660//1653 1686//1679
f 1660//1653 1685//1678 1686//1679
f 1686//1679 1685//1678 1687//1680
f 1685//1678 1688//1681 1687//1680
f 1685//1678 1089//1082 1688//1681
f 1089//1082 1090//1083 1688//1681
f 1657//1650 1658//1651 1689//1682
f 1658//1651 1686//1679 1689//1682
f 1656//1649 1657//1650 1674//1667
f 1657//1650 1689//1682 1674//1667
f 1674//1667 1689//1682 1678//1671
f 1689//1682 1690//1683 1678//1671
f 1689//1682 1686//1679 1690//1683
f 1686//1679 1687//1680 1690//1683
f 1690//1683 1687//1680 1691//1684
f 1687//1680 1692//1685 1691//1684
f 1678//1671 1690//1683 1684//1677
f 1690//1683 1691//1684 1684//1677
f 1684//1677 1691//1684 1116//1109
f 1691//1684 1114//1107 1116//1109
f 1691//1684 1692//1685 1114//1107
f 1692//1685 1110//1103 1114//1107
f 1688//1681 1090//1083 1693//1686
f 1090//1083 1094//1087 1693//1686
f 1687//1680 1688//1681 1692//1685
f 1688//1681 1693//1686 1692//1685
f 1693//1686 1109//1102 1692//1685
f 1109//1102 1110//1103 1692//1685
f 1693//1686 1094//1087 1109//1102
f 1094//1087 1095//1088 1109//1102
f 90//90 774//774 1065//1058
f 774//774 1694//1687 1065//1058
f 1065//1058 1694//1687 1063//1056
f 1694//1687 1695//1688 1063//1056
f 1695//1688 1694//1687 1696//1689
f 1694//1687 1697//1690 1696//1689
f 774//774 776//776 1694//1687
f 776//776 1697//1690 1694//1687
f 1063//1056 1695//1688 1061//1054
f 1695//1688 1698//1691 1061//1054
f 1062//1055 1061//1054 1699//1692
f 1061//1054 1698//1691 1699//1692
f 1699//1692 1698//1691 1700//1693
f 1698//1691 1701//1694 1700//1693
f 1698//1691 1695//1688 1701//1694
f 1695//1688 1696//1689 1701//1694
f 1701//1694 1696//1689 1702//1695
f 1696//1689 1703//1696 1702//1695
f 1700//1693 1701//1694 1704//1697
f 1701//1694 1702//1695 1704//1697
f 1704//1697 1702//1695 1705//1698
f 1702//1695 1706//1699 1705//1698
f 1702//1695 1703//1696 1706//1699
f 1703//1696 1707//1700 1706//1699
f 1697//1690 776//776 1708//1701
f 776//776 780//780 1708//1701
f 1696//1689 1697//1690 1703//1696
f 1697//1690 1708//1701 1703//1696
f 1703//1696 1708//1701 1707//1700
f 1708//1701 1709//1702 1707//1700
f 1708//1701 780//780 1709//1702
f 780//780 782//782 1709//1702
f 1062//1055 1699//1692 1083//1076
f 1699//1692 1710//1703 1083//1076
f 1083//1076 1710//1703 1087//1080
f 1710//1703 1711//1704 1087//1080
f 1711//1704 1710//1703 1712//1705
f 1710//1703 1713//1706 1712//1705
f 1710//1703 1699//1692 1713//1706
f 1699//1692 1700//1693 1713//1706
f 1099//1092 1087//1080 1714//1707
f 1087//1080 1711//1704 1714//1707
f 1101//1094 1099//1092 1715//1708
f 1099//1092 1714//1707 1715//1708
f 1715//1708 1714//1707 1716//1709
f 1714//1707 1717//1710 1716//1709
f 1714//1707 1711//1704 1717//1710
f 1711//1704 1712//1705 1717//1710
f 1717//1710 1712//1705 1718//1711
f 1712//1705 1719//1712 1718//1711
f 1716//1709 1717//1710 1720//1713
f 1717//1710 1718//1711 1720//1713
f 1720//1713 1718//1711 1721//1714
f 1718//1711 1722//1715 1721//1714
f 1718//1711 1719//1712 1722//1715
f 1719//1712 1723//1716 1722//1715
f 1713//1706 1700//1693 1724//1717
f 1700//1693 1704//1697 1724//1717
f 1712//1705 1713//1706 1719//1712
f 1713//1706 1724//1717 1719//1712
f 1719//1712 1724//1717 1723//1716
f 1724//1717 1725//1718 1723//1716
f 1724//1717 1704//1697 1725//1718
f 1704//1697 1705//1698 1725//1718
f 1103//1096 1101//1094 1726//1719
f 1101//1094 1715//1708 1726//1719
f 1107//1100 1103//1096 1727//1720
f 1103//1096 1726//1719 1727//1720
f 1727//1720 1726//1719 1728//1721
f 1726//1719 1729//1722 1728//1721
f 1726//1719 1715//1708 1729//1722
f 1715//1708 1716//1709 1729//1722
f 1118//1111 1107//1100 1730//1723
f 1107//1100 1727//1720 1730//1723
f 1121//1114 1118//1111 1731//1724
f 1118//1111 1730//1723 1731//1724
f 1731//1724 1730//1723 1732//1725
f 1730//1723 1733//1726 1732//1725
f 1730//1723 1727//1720 1733//1726
f 1727//1720 1728//1721 1733//1726
f 1733//1726 1728//1721 1734//1727
f 1728//1721 1735//1728 1734//1727
f 1732//1725 1733//1726 1736//1729
f 1733//1726 1734//1727 1736//1729
f 1736//1729 1734//1727 1737//1730
f 1734//1727 1738//1731 1737//1730
f 1734//1727 1735//1728 1738//1731
f 1735//1728 1739//1732 1738//1731
f 1729//1722 1716//1709 1740//1733
f 1716//1709 1720//1713 1740//1733
f 1728//1721 1729//1722 1735//1728
f 1729//1722 1740//1733 1735//1728
f 1735//1728 1740//1733 1739//1732
f 1740//1733 1741//1734 1739//1732
f 1740//1733 1720//1713 1741//1734
f 1720//1713 1721//1714 1741//1734
f 1121//1114 1731//1724 1148//1141
f 1731//1724 1742//1735 1148//1141
f 1144//1137 1148//1141 1743//1736
f 1148//1141 1742//1735 1743//1736
f 1743//1736 1742//1735 1744//1737
f 1742//1735 1745//1738 1744//1737
f 1742//1735 1731//1724 1745//1738
f 1731//1724 1732//1725 1745//1738
f 1142//1135 1144//1137 1746//1739
f 1144//1137 1743//1736 1746//1739
f 179//179 1142//1135 841//841
f 1142//1135 1746//1739 841//841
f 841//841 1746//1739 839//839
f 1746//1739 1747//1740 839//839
f 1746//1739 1743//1736 1747//1740
f 1743//1736 1744//1737 1747//1740
f 1747//1740 1744//1737 1748//1741
f 1744//1737 1749//1742 1748//1741
f 839//839 1747//1740 838//838
f 1747//1740 1748//1741 838//838
f 838//838 1748//1741 837//837
f 1748//1741 1750//1743 837//837
f 1748//1741 1749//1742 1750//1743
f 1749//1742 1751//1744 1750//1743
f 1745//1738 1732//1725 1752//1745
f 1732//1725 1736//1729 1752//1745
f 1744//1737 1745//1738 1749//1742
f 1745//1738 1752//1745 1749//1742
f 1749//1742 1752//1745 1751//1744
f 1752//1745 1753//1746 1751//1744
f 1752//1745 1736//1729 1753//1746
f 1736//1729 1737//1730 1753//1746
f 1709//1702 782//782 1754//1747
f 782//782 842//478 1754//1747
f 1707//1700 1709//1702 1755//1748
f 1709//1702 1754//1747 1755//1748
f 1755//1748 1754//1747 1756//1749
f 1754//1747 1757//1750 1756//1749
f 842//478 844//843 1754//1747
f 844//843 1757//1750 1754//1747
f 1706//1699 1707//1700 1758//1751
f 1707//1700 1755//1748 1758//1751
f 1705//1698 1706//1699 1759//1752
f 1706//1699 1758//1751 1759//1752
f 1759//1752 1758//1751 1760//1753
f 1758//1751 1761//1754 1760//1753
f 1758//1751 1755//1748 1761//1754
f 1755//1748 1756//1749 1761//1754
f 1756//1749 1762//1755 1761//1754
f 1762//1755 1763//1756 1761//1754
f 1761//1754 1763//1756 1760//1753
f 1763//1756 1764//1757 1760//1753
f 1763//1756 1765//1758 1764//1757
f 1765//1758 1766//1759 1764//1757
f 1762//1755 1767//1760 1763//1756
f 1767//1760 1765//1758 1763//1756
f 844//843 848//847 1757//1750
f 848//847 1768//1761 1757//1750
f 1757//1750 1768//1761 1756//1749
f 1768//1761 1762//1755 1756//1749
f 1768//1761 1769//1762 1762//1755
f 1769//1762 1767//1760 1762//1755
f 848//847 850//849 1768//1761
f 850//849 1769//1762 1768//1761
f 1725//1718 1705//1698 1770//1763
f 1705//1698 1759//1752 1770//1763
f 1723//1716 1725//1718 1771//1764
f 1725//1718 1770//1763 1771//1764
f 1771//1764 1770//1763 1772//1765
f 1770//1763 1773//1766 1772//1765
f 1770//1763 1759//1752 1773//1766
f 1759//1752 1760//1753 1773//1766
f 1722//1715 1723//1716 1774//1767
f 1723//1716 1771//1764 1774//1767
f 1721//1714 1722//1715 1775//1768
f 1722//1715 1774//1767 1775//1768
f 1775//1768 1774//1767 1776//1769
f 1774//1767 1777//1770 1776//1769
f 1774//1767 1771//1764 1777//1770
f 1771//1764 1772//1765 1777//1770
f 1777//1770 1772//1765 1778//1771
f 1772//1765 1779//1772 1778//1771
f 1776//1769 1777//1770 1780//1773
f 1777//1770 1778//1771 1780//1773
f 1778//1771 1781//1774 1780//1773
f 1781//1774 1782//1775 1780//1773
f 1779//1772 1783//1776 1778//1771
f 1783//1776 1781//1774 1778//1771
f 1760//1753 1764//1757 1773//1766
f 1764//1757 1784//1777 1773//1766
f 1773//1766 1784//1777 1772//1765
f 1784//1777 1779//1772 1772//1765
f 1784//1777 1785//1778 1779//1772
f 1785//1778 1783//1776 1779//1772
f 1764//1757 1766//1759 1784//1777
f 1766//1759 1785//1778 1784//1777
f 1741//1734 1721//1714 1786//1779
f 1721//1714 1775//1768 1786//1779
f 1739//1732 1741//1734 1787//1780
f 1741//1734 1786//1779 1787//1780
f 1787//1780 1786//1779 1788//1781
f 1786//1779 1789//1782 1788//1781
f 1786//1779 1775//1768 1789//1782
f 1775//1768 1776//1769 1789//1782
f 1738//1731 1739//1732 1790//1783
f 1739//1732 1787//1780 1790//1783
f 1737//1730 1738//1731 1791//1784
f 1738//1731 1790//1783 1791//1784
f 1791//1784 1790//1783 1792//1785
f 1790//1783 1793//1786 1792//1785
f 1790//1783 1787//1780 1793//1786
f 1787//1780 1788//1781 1793//1786
f 1793//1786 1788//1781 1794//1787
f 1788//1781 1795//1788 1794//1787
f 1792//1785 1793//1786 1796//1789
f 1793//1786 1794//1787 1796//1789
f 1796//1789 1794//1787 1797//1790
f 1794//1787 1798//1791 1797//1790
f 1794//1787 1795//1788 1798//1791
f 1795//1788 1799//1792 1798//1791
f 1789//1782 1776//1769 1800//1793
f 1776//1769 1780//1773 1800//1793
f 1788//1781 1789//1782 1795//1788
f 1789//1782 1800//1793 1795//1788
f 1795//1788 1800//1793 1799//1792
f 1800//1793 1801//1794 1799//1792
f 1780//1773 1782//1775 1800//1793
f 1782//1775 1801//1794 1800//1793
f 1753//1746 1737//1730 1802//1795
f 1737//1730 1791//1784 1802//1795
f 1751//1744 1753//1746 1803//1796
f 1753//1746 1802//1795 1803//1796
f 1803//1796 1802//1795 1804//1797
f 1802//1795 1805//1798 1804//1797
f 1802//1795 1791//1784 1805//1798
f 1791//1784 1792//1785 1805//1798
f 1750//1743 1751//1744 1806//1799
f 1751//1744 1803//1796 1806//1799
f 837//837 1750//1743 909//908
f 1750//1743 1806//1799 909//908
f 1806//1799 1807//1800 909//908
f 1807//1800 907//906 909//908
f 1806//1799 1803//1796 1807//1800
f 1803//1796 1804//1797 1807//1800
f 1807//1800 1804//1797 1808//1801
f 1804//1797 1809//1802 1808//1801
f 1807//1800 1808//1801 907//906
f 1808//1801 905//904 907//906
f 1808//1801 1810//1803 905//904
f 1810//1803 906//905 905//904
f 1809//1802 1811//1804 1808//1801
f 1811//1804 1810//1803 1808//1801
f 1805//1798 1792//1785 1812//1805
f 1792//1785 1796//1789 1812//1805
f 1804//1797 1805//1798 1809//1802
f 1805//1798 1812//1805 1809//1802
f 1809//1802 1812//1805 1811//1804
f 1812//1805 1813//1806 1811//1804
f 1812//1805 1796//1789 1813//1806
f 1796//1789 1797//1790 1813//1806
f 850//849 910//478 1769//1762
f 910//478 1814//1807 1769//1762
f 1769//1762 1814//1807 1767//1760
f 1814//1807 1815//1808 1767//1760
f 1814//1807 1816//1809 1815//1808
f 1816//1809 1817//1810 1815//1808
f 910//478 912//849 1814//1807
f 912//849 1816//1809 1814//1807
f 1767//1760 1815//1808 1765//1758
f 1815//1808 1818//1811 1765//1758
f 1765//1758 1818//1811 1766//1759
f 1818//1811 1819//1812 1766//1759
f 1819//1812 1818//1811 1820//1813
f 1818//1811 1821//1814 1820//1813
f 1818//1811 1815//1808 1821//1814
f 1815//1808 1817//1810 1821//1814
f 1821//1814 1817//1810 1822//1815
f 1817//1810 1823//1816 1822//1815
f 1820//1813 1821//1814 1824//1817
f 1821//1814 1822//1815 1824//1817
f 1824//1817 1822//1815 1825//1818
f 1822//1815 1826//1819 1825//1818
f 1822//1815 1823//1816 1826//1819
f 1823//1816 1827//1820 1826//1819
f 912//849 916//913 1816//1809
f 916//913 1828//1821 1816//1809
f 1817//1810 1816//1809 1823//1816
f 1816//1809 1828//1821 1823//1816
f 1823//1816 1828//1821 1827//1820
f 1828//1821 1829//1822 1827//1820
f 1828//1821 916//913 1829//1822
f 916//913 918//915 1829//1822
f 1766//1759 1819//1812 1785//1778
f 1819//1812 1830//1823 1785//1778
f 1785//1778 1830//1823 1783//1776
f 1830//1823 1831//1824 1783//1776
f 1830//1823 1832//1825 1831//1824
f 1832//1825 1833//1826 1831//1824
f 1819//1812 1820//1813 1830//1823
f 1820//1813 1832//1825 1830//1823
f 1783//1776 1831//1824 1781//1774
f 1831//1824 1834//1827 1781//1774
f 1781//1774 1834//1827 1782//1775
f 1834//1827 1835//1828 1782//1775
f 1834//1827 1836//1829 1835//1828
f 1836//1829 1837//1830 1835//1828
f 1831//1824 1833//1826 1834//1827
f 1833//1826 1836//1829 1834//1827
f 1833//1826 1838//1831 1836//1829
f 1838//1831 1839//1832 1836//1829
f 1836//1829 1839//1832 1837//1830
f 1839//1832 1840//1833 1837//1830
f 1840//1833 1839//1832 1841//1834
f 1839//1832 1842//1835 1841//1834
f 1839//1832 1838//1831 1842//1835
f 1838//1831 1843//1836 1842//1835
f 1832//1825 1820//1813 1844//1837
f 1820//1813 1824//1817 1844//1837
f 1833//1826 1832//1825 1838//1831
f 1832//1825 1844//1837 1838//1831
f 1838//1831 1844//1837 1843//1836
f 1844//1837 1845//1838 1843//1836
f 1844//1837 1824//1817 1845//1838
f 1824//1817 1825//1818 1845//1838
f 1782//1775 1835//1828 1801//1794
f 1835//1828 1846//1839 1801//1794
f 1799//1792 1801//1794 1847//1840
f 1801//1794 1846//1839 1847//1840
f 1847//1840 1846//1839 1848//1841
f 1846//1839 1849//1842 1848//1841
f 1846//1839 1835//1828 1849//1842
f 1835//1828 1837//1830 1849//1842
f 1798//1791 1799//1792 1850//1843
f 1799//1792 1847//1840 1850//1843
f 1797//1790 1798//1791 1851//1844
f 1798//1791 1850//1843 1851//1844
f 1851//1844 1850//1843 1852//1845
f 1850//1843 1853//1846 1852//1845
f 1850//1843 1847//1840 1853//1846
f 1847//1840 1848//1841 1853//1846
f 1853//1846 1848//1841 1854//1847
f 1848//1841 1855//1848 1854//1847
f 1852//1845 1853//1846 1856//1849
f 1853//1846 1854//1847 1856//1849
f 1856//1849 1854//1847 1857//1850
f 1854//1847 1858//1851 1857//1850
f 1854//1847 1855//1848 1858//1851
f 1855//1848 1859//1852 1858//1851
f 1849//1842 1837//1830 1860//1853
f 1837//1830 1840//1833 1860//1853
f 1848//1841 1849//1842 1855//1848
f 1849//1842 1860//1853 1855//1848
f 1855//1848 1860//1853 1859//1852
f 1860//1853 1861//1854 1859//1852
f 1860//1853 1840//1833 1861//1854
f 1840//1833 1841//1834 1861//1854
f 1813//1806 1797//1790 1862//1855
f 1797//1790 1851//1844 1862//1855
f 1811//1804 1813//1806 1863//1856
f 1813//1806 1862//1855 1863//1856
f 1862//1855 1864//1857 1863//1856
f 1864//1857 1865//1858 1863//1856
f 1862//1855 1851//1844 1864//1857
f 1851//1844 1852//1845 1864//1857
f 1811//1804 1863//1856 1810//1803
f 1863//1856 1866//1859 1810//1803
f 1810//1803 1866//1859 906//905
f 1866//1859 977//969 906//905
f 1866//1859 1867//1860 977//969
f 1867//1860 975//969 977//969
f 1863//1856 1865//1858 1866//1859
f 1865//1858 1867//1860 1866//1859
f 1865//1858 1868//1861 1867//1860
f 1868//1861 1869//1862 1867//1860
f 1867//1860 1869//1862 975//969
f 1869//1862 973//969 975//969
f 1869//1862 1870//1862 973//969
f 1870//1862 974//969 973//969
f 1868//1861 1871//1863 1869//1862
f 1871//1863 1870//1862 1869//1862
f 1852//1845 1856//1849 1864//1857
f 1856//1849 1872//1864 1864//1857
f 1864//1857 1872//1864 1865//1858
f 1872//1864 1868//1861 1865//1858
f 1872//1864 1873//1865 1868//1861
f 1873//1865 1871//1863 1868//1861
f 1856//1849 1857//1850 1872//1864
f 1857//1850 1873//1865 1872//1864
f 1874//1866 1875//1867 1876//1868
f 1875//1867 1877//1869 1876//1868
f 1876//1868 1877//1869 1878//1870
f 1877//1869 1879//1871 1878//1870
f 1877//1869 1880//1872 1879//1871
f 1880//1872 1881//1873 1879//1871
f 1875//1867 1882//1874 1877//1869
f 1882//1874 1880//1872 1877//1869
f 1878//1870 1879//1871 1883//1875
f 1879//1871 1884//1876 1883//1875
f 1883//1875 1884//1876 1885//478
f 1884//1876 1886//478 1885//478
f 1884//1876 1887//1877 1886//478
f 1887//1877 1888//478 1886//478
f 1879//1871 1881//1873 1884//1876
f 1881//1873 1887//1877 1884//1876
f 1881//1873 1889//1878 1887//1877
f 1889//1878 1890//1877 1887//1877
f 1887//1877 1890//1877 1888//478
f 1890//1877 1891//478 1888//478
f 1890//1877 1892//1877 1891//478
f 1892//1877 1893//478 1891//478
f 1889//1878 1894//1878 1890//1877
f 1894//1878 1892//1877 1890//1877
f 1882//1874 1895//1879 1880//1872
f 1895//1879 1896//1880 1880//1872
f 1880//1872 1896//1880 1881//1873
f 1896//1880 1889//1878 1881//1873
f 1896//1880 1897//1881 1889//1878
f 1897//1881 1894//1878 1889//1878
f 1895//1879 1898//1879 1896//1880
f 1898//1879 1897//1881 1896//1880
f 1899//1882 1900//1883 1901//1884
f 1900//1883 1902//1885 1901//1884
f 1901//1884 1902//1885 1903//1886
f 1902//1885 1904//1887 1903//1886
f 1902//1885 1905//1888 1904//1887
f 1905//1888 1906//1889 1904//1887
f 1900//1883 1907//1890 1902//1885
f 1907//1890 1905//1888 1902//1885
f 1903//1886 1904//1887 1908//1891
f 1904//1887 1909//1892 1908//1891
f 1908//1891 1909//1892 1874//1866
f 1909//1892 1875//1867 1874//1866
f 1909//1892 1910//1893 1875//1867
f 1910//1893 1882//1874 1875//1867
f 1904//1887 1906//1889 1909//1892
f 1906//1889 1910//1893 1909//1892
f 1906//1889 1911//1894 1910//1893
f 1911//1894 1912//1895 1910//1893
f 1910//1893 1912//1895 1882//1874
f 1912//1895 1895//1879 1882//1874
f 1912//1895 1913//1895 1895//1879
f 1913//1895 1898//1879 1895//1879
f 1911//1894 1914//1894 1912//1895
f 1914//1894 1913//1895 1912//1895
f 1907//1890 1915//1890 1905//1888
f 1915//1890 1916//1888 1905//1888
f 1905//1888 1916//1888 1906//1889
f 1916//1888 1911//1894 1906//1889
f 1916//1888 1917//1888 1911//1894
f 1917//1888 1914//1894 1911//1894
f 1915//1890 1918//1890 1916//1888
f 1918//1890 1917//1888 1916//1888
f 1919//1896 1920//1897 1921//1898
f 1920//1897 1922//1899 1921//1898
f 1921//1898 1922//1899 1923//1900
f 1922//1899 1924//1901 1923//1900
f 1922//1899 1925//1902 1924//1901
f 1925//1902 1926//1903 1924//1901
f 1920//1897 1927//1904 1922//1899
f 1927//1904 1925//1902 1922//1899
f 1923//1900 1924//1901 1928//1905
f 1924//1901 1929//1906 1928//1905
f 1928//1905 1929//1906 1899//1882
f 1929//1906 1900//1883 1899//1882
f 1929//1906 1930//1907 1900//1883
f 1930//1907 1907//1890 1900//1883
f 1924//1901 1926//1903 1929//1906
f 1926//1903 1930//1907 1929//1906
f 1926//1903 1931//1908 1930//1907
f 1931//1908 1932//1909 1930//1907
f 1930//1907 1932//1909 1907//1890
f 1932//1909 1915//1890 1907//1890
f 1932//1909 1933//1910 1915//1890
f 1933//1910 1918//1890 1915//1890
f 1931//1908 1934//1911 1932//1909
f 1934//1911 1933//1910 1932//1909
f 1927//1904 1935//1912 1925//1902
f 1935//1912 1936//1913 1925//1902
f 1925//1902 1936//1913 1926//1903
f 1936//1913 1931//1908 1926//1903
f 1936//1913 1937//1914 1931//1908
f 1937//1914 1934//1911 1931//1908
f 1935//1912 1938//1915 1936//1913
f 1938//1915 1937//1914 1936//1913
f 1939//1916 1940//1917 1941//1918
f 1940//1917 1942//1919 1941//1918
f 1943//1920 1939//1916 1944//1921
f 1939//1916 1941//1918 1944//1921
f 1944//1921 1941//1918 1945//1922
f 1941//1918 1946//1923 1945//1922
f 1941//1918 1942//1919 1946//1923
f 1942//1919 1947//1924 1946//1923
f 1948//1925 1943//1920 1949//1926
f 1943//1920 1944//1921 1949//1926
f 1950//1927 1948//1925 1951//1928
f 1948//1925 1949//1926 1951//1928
f 1951//1928 1949//1926 1952//1929
f 1949//1926 1953//1930 1952//1929
f 1949//1926 1944//1921 1953//1930
f 1944//1921 1945//1922 1953//1930
f 1945//1922 1954//1931 1953//1930
f 1954//1931 1955//1932 1953//1930
f 1953//1930 1955//1932 1952//1929
f 1955//1932 1956//1933 1952//1929
f 1955//1932 1957//1934 1956//1933
f 1957//1934 1958//1935 1956//1933
f 1954//1931 1959//1936 1955//1932
f 1959//1936 1957//1934 1955//1932
f 1947//1924 1960//1937 1946//1923
f 1960//1937 1961//1938 1946//1923
f 1946//1923 1961//1938 1945//1922
f 1961//1938 1954//1931 1945//1922
f 1961//1938 1962//1939 1954//1931
f 1962//1939 1959//1936 1954//1931
f 1960//1937 1963//1940 1961//1938
f 1963//1940 1962//1939 1961//1938
f 1885//478 1886//478 1964//1941
f 1886//478 1965//1942 1964//1941
f 1964//1941 1965//1942 1966//1943
f 1965//1942 1967//1944 1966//1943
f 1965//1942 1968//1945 1967//1944
f 1968//1945 1969//1946 1967//1944
f 1886//478 1888//478 1965//1942
f 1888//478 1968//1945 1965//1942
f 1966//1943 1967//1944 1970//1947
f 1967//1944 1971//1948 1970//1947
f 1970//1947 1971//1948 1972//1949
f 1971//1948 1973//1950 1972//1949
f 1971//1948 1974//1951 1973//1950
f 1974//1951 1975//1952 1973//1950
f 1967//1944 1969//1946 1971//1948
f 1969//1946 1974//1951 1971//1948
f 1969//1946 1976//1946 1974//1951
f 1976//1946 1977//1953 1974//1951
f 1974//1951 1977//1953 1975//1952
f 1977//1953 1978//1954 1975//1952
f 1977//1953 1979//1953 1978//1954
f 1979//1953 1980//1954 1978//1954
f 1976//1946 1981//1946 1977//1953
f 1981//1946 1979//1953 1977//1953
f 1888//478 1891//478 1968//1945
f 1891//478 1982//1945 1968//1945
f 1968//1945 1982//1945 1969//1946
f 1982//1945 1976//1946 1969//1946
f 1982//1945 1983//1945 1976//1946
f 1983//1945 1981//1946 1976//1946
f 1891//478 1893//478 1982//1945
f 1893//478 1983//1945 1982//1945
f 1972//1949 1973//1950 1984//1955
f 1973//1950 1985//1956 1984//1955
f 1986//1957 1984//1955 1987//1958
f 1984//1955 1985//1956 1987//1958
f 1987//1958 1985//1956 1988//1959
f 1985//1956 1989//1960 1988//1959
f 1973//1950 1975//1952 1985//1956
f 1975//1952 1989//1960 1985//1956
f 1990//1961 1986//1957 1991//1962
f 1986//1957 1987//1958 1991//1962
f 1992//1963 1990//1961 1993//1964
f 1990//1961 1991//1962 1993//1964
f 1993//1964 1991//1962 1994//1965
f 1991//1962 1995//1966 1994//1965
f 1991//1962 1987//1958 1995//1966
f 1987//1958 1988//1959 1995//1966
f 1995//1966 1988//1959 1996//1967
f 1988//1959 1997//1968 1996//1967
f 1994//1965 1995//1966 1998//1969
f 1995//1966 1996//1967 1998//1969
f 1998//1969 1996//1967 1999//1969
f 1996//1967 2000//1967 1999//1969
f 1996//1967 1997//1968 2000//1967
f 1997//1968 2001//1968 2000//1967
f 1975//1952 1978//1954 1989//1960
f 1978//1954 2002//1970 1989//1960
f 1988//1959 1989//1960 1997//1968
f 1989//1960 2002//1970 1997//1968
f 1997//1968 2002//1970 2001//1968
f 2002//1970 2003//1970 2001//1968
f 1978//1954 1980//1954 2002//1970
f 1980//1954 2003//1970 2002//1970
f 2004//1971 1992//1963 2005//1972
f 1992//1963 1993//1964 2005//1972
f 2006//1973 2004//1971 2007//1974
f 2004//1971 2005//1972 2007//1974
f 2007//1974 2005//1972 2008//1975
f 2005//1972 2009//1976 2008//1975
f 2005//1972 1993//1964 2009//1976
f 1993//1964 1994//1965 2009//1976
f 2010//1977 2006//1973 2011//1978
f 2006//1973 2007//1974 2011//1978
f 2012//1979 2010//1977 2013//1980
f 2010//1977 2011//1978 2013//1980
f 2013//1980 2011//1978 2014//1981
f 2011//1978 2015//1982 2014//1981
f 2011//1978 2007//1974 2015//1982
f 2007//1974 2008//1975 2015//1982
f 2015//1982 2008//1975 2016//1983
f 2008//1975 2017//1984 2016//1983
f 2014//1981 2015//1982 2018//1985
f 2015//1982 2016//1983 2018//1985
f 2018//1985 2016//1983 2019//1986
f 2016//1983 2020//1987 2019//1986
f 2016//1983 2017//1984 2020//1987
f 2017//1984 2021//1988 2020//1987
f 2009//1976 1994//1965 2022//1989
f 1994//1965 1998//1969 2022//1989
f 2008//1975 2009//1976 2017//1984
f 2009//1976 2022//1989 2017//1984
f 2017//1984 2022//1989 2021//1988
f 2022//1989 2023//1990 2021//1988
f 2022//1989 1998//1969 2023//1990
f 1998//1969 1999//1969 2023//1990
f 2024//1991 2025//1992 2026//1993
f 2025//1992 2027//1994 2026//1993
f 2026//1993 2027//1994 2028//1995
f 2027//1994 2029//1996 2028//1995
f 2027//1994 2030//1997 2029//1996
f 2030//1997 2031//1998 2029//1996
f 2025//1992 2032//1999 2027//1994
f 2032//1999 2030//1997 2027//1994
f 2028//1995 2029//1996 2033//2000
f 2029//1996 2034//2001 2033//2000
f 2033//2000 2034//2001 1940//1917
f 2034//2001 1942//1919 1940//1917
f 2034//2001 2035//2002 1942//1919
f 2035//2002 1947//1924 1942//1919
f 2029//1996 2031//1998 2034//2001
f 2031//1998 2035//2002 2034//2001
f 2035//2002 2031//1998 2036//2003
f 2031//1998 2037//2004 2036//2003
f 1947//1924 2035//2002 1960//1937
f 2035//2002 2036//2003 1960//1937
f 1960//1937 2036//2003 1963//1940
f 2036//2003 2038//2005 1963//1940
f 2036//2003 2037//2004 2038//2005
f 2037//2004 2039//2006 2038//2005
f 2030//1997 2032//1999 2040//2007
f 2032//1999 2041//2008 2040//2007
f 2031//1998 2030//1997 2037//2004
f 2030//1997 2040//2007 2037//2004
f 2037//2004 2040//2007 2039//2006
f 2040//2007 2042//2009 2039//2006
f 2040//2007 2041//2008 2042//2009
f 2041//2008 2043//2010 2042//2009
f 2044//2011 2045//2012 2046//2013
f 2045//2012 2047//2014 2046//2013
f 2046//2013 2047//2014 2048//2015
f 2047//2014 2049//2016 2048//2015
f 2049//2016 2047//2014 2050//2017
f 2047//2014 2051//2018 2050//2017
f 2045//2012 2052//2019 2047//2014
f 2052//2019 2051//2018 2047//2014
f 2053//2020 2054//2021 2055//2022
f 2054//2021 2056//2023 2055//2022
f 2057//2024 2055//2022 2058//2025
f 2055//2022 2056//2023 2058//2025
f 2058//2025 2056//2023 2050//2017
f 2056//2023 2049//2016 2050//2017
f 2054//2021 2048//2015 2056//2023
f 2048//2015 2049//2016 2056//2023
f 2059//2026 2060//2027 2061//2028
f 2060//2027 2062//2029 2061//2028
f 2061//2028 2062//2029 2052//2019
f 2062//2029 2051//2018 2052//2019
f 2062//2029 2058//2025 2051//2018
f 2058//2025 2050//2017 2051//2018
f 2060//2027 2057//2024 2062//2029
f 2057//2024 2058//2025 2062//2029
f 2063//2030 2064//2031 2065//2032
f 2064//2031 2066//2033 2065//2032
f 2065//2032 2066//2033 2067//2034
f 2066//2033 2068//2035 2067//2034
f 2068//2035 2066//2033 2069//2036
f 2066//2033 2070//2037 2069//2036
f 2064//2031 2071//2038 2066//2033
f 2071//2038 2070//2037 2066//2033
f 2045//2012 2044//2011 2072//2039
f 2044//2011 2073//2040 2072//2039
f 2052//2019 2045//2012 2074//2041
f 2045//2012 2072//2039 2074//2041
f 2074//2041 2072//2039 2069//2036
f 2072//2039 2068//2035 2069//2036
f 2072//2039 2073//2040 2068//2035
f 2073//2040 2067//2034 2068//2035
f 2059//2026 2061//2028 2075//2042
f 2061//2028 2076//2043 2075//2042
f 2075//2042 2076//2043 2071//2038
f 2076//2043 2070//2037 2071//2038
f 2076//2043 2074//2041 2070//2037
f 2074//2041 2069//2036 2070//2037
f 2061//2028 2052//2019 2076//2043
f 2052//2019 2074//2041 2076//2043
f 2077//2044 2078//2045 2079//2046
f 2078//2045 2080//2047 2079//2046
f 2081//2048 2077//2044 2082//2049
f 2077//2044 2079//2046 2082//2049
f 2082//2049 2079//2046 2083//2050
f 2079//2046 2084//2051 2083//2050
f 2079//2046 2080//2047 2084//2051
f 2080//2047 2085//2052 2084//2051
f 2064//2031 2063//2030 2086//2053
f 2063//2030 2087//2054 2086//2053
f 2071//2038 2064//2031 2088//2055
f 2064//2031 2086//2053 2088//2055
f 2088//2055 2086//2053 2083//2050
f 2086//2053 2082//2049 2083//2050
f 2087//2054 2081//2048 2086//2053
f 2081//2048 2082//2049 2086//2053
f 2059//2026 2075//2042 2089//2056
f 2075//2042 2090//2057 2089//2056
f 2089//2056 2090//2057 2085//2052
f 2090//2057 2084//2051 2085//2052
f 2090//2057 2088//2055 2084//2051
f 2088//2055 2083//2050 2084//2051
f 2075//2042 2071//2038 2090//2057
f 2071//2038 2088//2055 2090//2057
f 2091//2058 2092//2059 2093//2060
f 2092//2059 2094//2061 2093//2060
f 2095//2062 2091//2058 2096//2063
f 2091//2058 2093//2060 2096//2063
f 2096//2063 2093//2060 2097//2064
f 2093//2060 2098//2065 2097//2064
f 2093//2060 2094//2061 2098//2065
f 2094//2061 2099//2066 2098//2065
f 2078//2045 2100//2067 2080//2047
f 2100//2067 2101//2068 2080//2047
f 2080//2047 2101//2068 2085//2052
f 2101//2068 2102//2069 2085//2052
f 2101//2068 2096//2063 2102//2069
f 2096//2063 2097//2064 2102//2069
f 2100//2067 2095//2062 2101//2068
f 2095//2062 2096//2063 2101//2068
f 2059//2026 2089//2056 2103//2027
f 2089//2056 2104//2070 2103//2027
f 2103//2027 2104//2070 2099//2066
f 2104//2070 2098//2065 2099//2066
f 2104//2070 2102//2069 2098//2065
f 2102//2069 2097//2064 2098//2065
f 2089//2056 2085//2052 2104//2070
f 2085//2052 2102//2069 2104//2070
f 2053//2020 2055//2022 2105//2071
f 2055//2022 2106//2072 2105//2071
f 2105//2071 2106//2072 2107//2073
f 2106//2072 2108//2074 2107//2073
f 2108//2074 2106//2072 2109//2075
f 2106//2072 2110//2076 2109//2075
f 2106//2072 2055//2022 2110//2076
f 2055//2022 2057//2024 2110//2076
f 2111//2077 2112//2078 2113//2079
f 2112//2078 2114//2080 2113//2079
f 2113//2079 2114//2080 2115//2081
f 2114//2080 2116//2082 2115//2081
f 2116//2082 2114//2080 2109//2075
f 2114//2080 2108//2074 2109//2075
f 2112//2078 2107//2073 2114//2080
f 2107//2073 2108//2074 2114//2080
f 2059//2026 2117//2083 2060//2027
f 2117//2083 2118//2084 2060//2027
f 2060//2027 2118//2084 2057//2024
f 2118//2084 2110//2076 2057//2024
f 2118//2084 2116//2082 2110//2076
f 2116//2082 2109//2075 2110//2076
f 2117//2083 2115//2081 2118//2084
f 2115//2081 2116//2082 2118//2084
f 2119//2085 2111//2077 2120//2086
f 2111//2077 2113//2079 2120//2086
f 2121//2087 2119//2085 2122//2088
f 2119//2085 2120//2086 2122//2088
f 2122//2088 2120//2086 2123//2089
f 2120//2086 2124//2090 2123//2089
f 2120//2086 2113//2079 2124//2090
f 2113//2079 2115//2081 2124//2090
f 2125//2091 2126//2092 2127//2093
f 2126//2092 2128//2094 2127//2093
f 2127//2093 2128//2094 2129//2095
f 2128//2094 2130//2096 2129//2095
f 2130//2096 2128//2094 2123//2089
f 2128//2094 2122//2088 2123//2089
f 2126//2092 2121//2087 2128//2094
f 2121//2087 2122//2088 2128//2094
f 2059//2026 2131//2097 2117//2083
f 2131//2097 2132//2098 2117//2083
f 2117//2083 2132//2098 2115//2081
f 2132//2098 2124//2090 2115//2081
f 2132//2098 2130//2096 2124//2090
f 2130//2096 2123//2089 2124//2090
f 2131//2097 2129//2095 2132//2098
f 2129//2095 2130//2096 2132//2098
f 2133//2099 2125//2091 2134//2100
f 2125//2091 2127//2093 2134//2100
f 2133//2099 2134//2100 2135//2101
f 2134//2100 2136//2102 2135//2101
f 2136//2102 2134//2100 2137//2103
f 2134//2100 2138//2104 2137//2103
f 2134//2100 2127//2093 2138//2104
f 2127//2093 2129//2095 2138//2104
f 2139//2105 2140//2106 2141//2107
f 2140//2106 2142//2108 2141//2107
f 2143//2109 2139//2105 2144//2110
f 2139//2105 2141//2107 2144//2110
f 2144//2110 2141//2107 2137//2103
f 2141//2107 2136//2102 2137//2103
f 2141//2107 2142//2108 2136//2102
f 2142//2108 2135//2101 2136//2102
f 2059//2026 2145//2111 2131//2097
f 2145//2111 2146//2112 2131//2097
f 2131//2097 2146//2112 2129//2095
f 2146//2112 2138//2104 2129//2095
f 2146//2112 2144//2110 2138//2104
f 2144//2110 2137//2103 2138//2104
f 2145//2111 2143//2109 2146//2112
f 2143//2109 2144//2110 2146//2112
f 2140//2106 2139//2105 2147//2113
f 2139//2105 2148//2114 2147//2113
f 2147//2113 2148//2114 2149//2115
f 2148//2114 2150//2116 2149//2115
f 2148//2114 2151//2117 2150//2116
f 2151//2117 2152//2118 2150//2116
f 2139//2105 2143//2109 2148//2114
f 2143//2109 2151//2117 2148//2114
f 2092//2059 2153//2119 2094//2061
f 2153//2119 2154//2120 2094//2061
f 2099//2066 2094//2061 2155//2121
f 2094//2061 2154//2120 2155//2121
f 2155//2121 2154//2120 2152//2118
f 2154//2120 2150//2116 2152//2118
f 2154//2120 2153//2119 2150//2116
f 2153//2119 2149//2115 2150//2116
f 2059//2026 2103//2027 2145//2111
f 2103//2027 2156//2122 2145//2111
f 2145//2111 2156//2122 2143//2109
f 2156//2122 2151//2117 2143//2109
f 2156//2122 2155//2121 2151//2117
f 2155//2121 2152//2118 2151//2117
f 2103//2027 2099//2066 2156//2122
f 2099//2066 2155//2121 2156//2122
f 2157//2123 2158//2124 2159//2125
f 2158//2124 2160//2126 2159//2125
f 2161//2127 2157//2123 2162//2128
f 2157//2123 2159//2125 2162//2128
f 2162//2128 2159//2125 2163//2129
f 2159//2125 2164//2130 2163//2129
f 2159//2125 2160//2126 2164//2130
f 2160//2126 2165//2131 2164//2130
f 2166//2132 2161//2127 2167//2133
f 2161//2127 2162//2128 2167//2133
f 1919//1896 2166//2132 2168//2134
f 2166//2132 2167//2133 2168//2134
f 2168//2134 2167//2133 2169//2135
f 2167//2133 2170//2136 2169//2135
f 2167//2133 2162//2128 2170//2136
f 2162//2128 2163//2129 2170//2136
f 2170//2136 2163//2129 2171//2137
f 2163//2129 2172//2138 2171//2137
f 2169//2135 2170//2136 2173//2139
f 2170//2136 2171//2137 2173//2139
f 2173//2139 2171//2137 2174//2140
f 2171//2137 2175//2141 2174//2140
f 2171//2137 2172//2138 2175//2141
f 2172//2138 2176//2142 2175//2141
f 2164//2130 2165//2131 2177//2143
f 2165//2131 2178//2144 2177//2143
f 2163//2129 2164//2130 2172//2138
f 2164//2130 2177//2143 2172//2138
f 2172//2138 2177//2143 2176//2142
f 2177//2143 2179//2145 2176//2142
f 2177//2143 2178//2144 2179//2145
f 2178//2144 2180//2146 2179//2145
f 1919//1896 2168//2134 1920//1897
f 2168//2134 2181//2147 1920//1897
f 1927//1904 1920//1897 2182//2148
f 1920//1897 2181//2147 2182//2148
f 2182//2148 2181//2147 2183//2149
f 2181//2147 2184//2150 2183//2149
f 2181//2147 2168//2134 2184//2150
f 2168//2134 2169//2135 2184//2150
f 1935//1912 1927//1904 2185//2151
f 1927//1904 2182//2148 2185//2151
f 1938//1915 1935//1912 2186//2152
f 1935//1912 2185//2151 2186//2152
f 2186//2152 2185//2151 2187//2153
f 2185//2151 2188//2154 2187//2153
f 2185//2151 2182//2148 2188//2154
f 2182//2148 2183//2149 2188//2154
f 2188//2154 2183//2149 2189//2155
f 2183//2149 2190//2156 2189//2155
f 2187//2153 2188//2154 2191//2157
f 2188//2154 2189//2155 2191//2157
f 2191//2157 2189//2155 2192//2158
f 2189//2155 2193//2159 2192//2158
f 2190//2156 2194//2160 2189//2155
f 2194//2160 2193//2159 2189//2155
f 2184//2150 2169//2135 2195//2161
f 2169//2135 2173//2139 2195//2161
f 2184//2150 2195//2161 2183//2149
f 2195//2161 2190//2156 2183//2149
f 2195//2161 2196//2162 2190//2156
f 2196//2162 2194//2160 2190//2156
f 2173//2139 2174//2140 2195//2161
f 2174//2140 2196//2162 2195//2161
f 2197//2163 2198//2164 2199//2165
f 2198//2164 2200//2166 2199//2165
f 2199//2165 2200//2166 2201//2167
f 2200//2166 2202//2168 2201//2167
f 2200//2166 2203//2169 2202//2168
f 2203//2169 2204//2170 2202//2168
f 2198//2164 2205//2171 2200//2166
f 2205//2171 2203//2169 2200//2166
f 2201//2167 2202//2168 2206//2172
f 2202//2168 2207//2173 2206//2172
f 2206//2172 2207//2173 2208//2174
f 2207//2173 2209//2175 2208//2174
f 2207//2173 2210//2176 2209//2175
f 2210//2176 2211//2177 2209//2175
f 2202//2168 2204//2170 2207//2173
f 2204//2170 2210//2176 2207//2173
f 2204//2170 2212//2178 2210//2176
f 2212//2178 2213//2179 2210//2176
f 2210//2176 2213//2179 2211//2177
f 2213//2179 2214//2180 2211//2177
f 2213//2179 2215//2181 2214//2180
f 2215//2181 2216//2182 2214//2180
f 2212//2178 2217//2183 2213//2179
f 2217//2183 2215//2181 2213//2179
f 2205//2171 2218//2184 2203//2169
f 2218//2184 2219//2185 2203//2169
f 2203//2169 2219//2185 2204//2170
f 2219//2185 2212//2178 2204//2170
f 2219//2185 2220//2186 2212//2178
f 2220//2186 2217//2183 2212//2178
f 2218//2184 2221//2187 2219//2185
f 2221//2187 2220//2186 2219//2185
f 2012//1979 2222//2188 2223//2189
f 2222//2188 2224//2190 2223//2189
f 2223//2189 2224//2190 2225//2191
f 2224//2190 2226//2192 2225//2191
f 2224//2190 2227//2193 2226//2192
f 2227//2193 2228//2194 2226//2192
f 2222//2188 2229//2195 2224//2190
f 2229//2195 2227//2193 2224//2190
f 2225//2191 2226//2192 2230//2196
f 2226//2192 2231//2197 2230//2196
f 2230//2196 2231//2197 2158//2124
f 2231//2197 2160//2126 2158//2124
f 2231//2197 2232//2198 2160//2126
f 2232//2198 2165//2131 2160//2126
f 2226//2192 2228//2194 2231//2197
f 2228//2194 2232//2198 2231//2197
f 2228//2194 2233//2199 2232//2198
f 2233//2199 2234//2200 2232//2198
f 2232//2198 2234//2200 2165//2131
f 2234//2200 2178//2144 2165//2131
f 2234//2200 2235//2201 2178//2144
f 2235//2201 2180//2146 2178//2144
f 2233//2199 2236//2202 2234//2200
f 2236//2202 2235//2201 2234//2200
f 2229//2195 2237//2203 2227//2193
f 2237//2203 2238//2204 2227//2193
f 2227//2193 2238//2204 2228//2194
f 2238//2204 2233//2199 2228//2194
f 2238//2204 2239//2205 2233//2199
f 2239//2205 2236//2202 2233//2199
f 2237//2203 2240//2206 2238//2204
f 2240//2206 2239//2205 2238//2204
f 2241//2207 2208//2174 2242//2208
f 2208//2174 2209//2175 2242//2208
f 2243//2209 2241//2207 2244//2210
f 2241//2207 2242//2208 2244//2210
f 2244//2210 2242//2208 2245//2211
f 2242//2208 2246//2212 2245//2211
f 2242//2208 2209//2175 2246//2212
f 2209//2175 2211//2177 2246//2212
f 2247//2213 2243//2209 2248//2214
f 2243//2209 2244//2210 2248//2214
f 2249//2215 2247//2213 2250//2216
f 2247//2213 2248//2214 2250//2216
f 2250//2216 2248//2214 2251//2217
f 2248//2214 2252//2218 2251//2217
f 2248//2214 2244//2210 2252//2218
f 2244//2210 2245//2211 2252//2218
f 2252//2218 2245//2211 2253//2219
f 2245//2211 2254//2220 2253//2219
f 2251//2217 2252//2218 2255//2221
f 2252//2218 2253//2219 2255//2221
f 2255//2221 2253//2219 2256//2222
f 2253//2219 2257//2223 2256//2222
f 2253//2219 2254//2220 2257//2223
f 2254//2220 2258//2224 2257//2223
f 2246//2212 2211//2177 2259//2225
f 2211//2177 2214//2180 2259//2225
f 2245//2211 2246//2212 2254//2220
f 2246//2212 2259//2225 2254//2220
f 2254//2220 2259//2225 2258//2224
f 2259//2225 2260//2226 2258//2224
f 2259//2225 2214//2180 2260//2226
f 2214//2180 2216//2182 2260//2226
f 2019//1986 2261//2227 2018//1985
f 2261//2227 2262//2228 2018//1985
f 2018//1985 2262//2228 2014//1981
f 2262//2228 2263//2229 2014//1981
f 2262//2228 2264//2230 2263//2229
f 2264//2230 2265//2231 2263//2229
f 2261//2227 2266//2232 2262//2228
f 2266//2232 2264//2230 2262//2228
f 2014//1981 2263//2229 2013//1980
f 2263//2229 2267//2233 2013//1980
f 2012//1979 2013//1980 2222//2188
f 2013//1980 2267//2233 2222//2188
f 2267//2233 2268//2234 2222//2188
f 2268//2234 2229//2195 2222//2188
f 2263//2229 2265//2231 2267//2233
f 2265//2231 2268//2234 2267//2233
f 2268//2234 2265//2231 2269//2235
f 2265//2231 2270//2236 2269//2235
f 2268//2234 2269//2235 2229//2195
f 2269//2235 2237//2203 2229//2195
f 2237//2203 2269//2235 2240//2206
f 2269//2235 2271//2237 2240//2206
f 2269//2235 2270//2236 2271//2237
f 2270//2236 2272//2238 2271//2237
f 2266//2232 2273//2239 2264//2230
f 2273//2239 2274//2240 2264//2230
f 2264//2230 2274//2240 2265//2231
f 2274//2240 2270//2236 2265//2231
f 2270//2236 2274//2240 2272//2238
f 2274//2240 2275//2241 2272//2238
f 2273//2239 2276//2242 2274//2240
f 2276//2242 2275//2241 2274//2240
f 2179//2145 2180//2146 2277//2243
f 2180//2146 2278//2244 2277//2243
f 2176//2142 2179//2145 2279//2245
f 2179//2145 2277//2243 2279//2245
f 2279//2245 2277//2243 2280//2246
f 2277//2243 2281//2247 2280//2246
f 2277//2243 2278//2244 2281//2247
f 2278//2244 2282//2248 2281//2247
f 2175//2141 2176//2142 2283//2249
f 2176//2142 2279//2245 2283//2249
f 2174//2140 2175//2141 2284//2250
f 2175//2141 2283//2249 2284//2250
f 2284//2250 2283//2249 2285//2251
f 2283//2249 2286//2252 2285//2251
f 2283//2249 2279//2245 2286//2252
f 2279//2245 2280//2246 2286//2252
f 2286//2252 2280//2246 2287//2253
f 2280//2246 2288//2254 2287//2253
f 2285//2251 2286//2252 2289//2255
f 2286//2252 2287//2253 2289//2255
f 2289//2255 2287//2253 2290//2256
f 2287//2253 2291//2257 2290//2256
f 2287//2253 2288//2254 2291//2257
f 2288//2254 2292//2258 2291//2257
f 2281//2247 2282//2248 2293//2259
f 2282//2248 2294//2260 2293//2259
f 2280//2246 2281//2247 2288//2254
f 2281//2247 2293//2259 2288//2254
f 2288//2254 2293//2259 2292//2258
f 2293//2259 2295//2261 2292//2258
f 2293//2259 2294//2260 2295//2261
f 2294//2260 2296//2262 2295//2261
f 2196//2162 2174//2140 2297//2263
f 2174//2140 2284//2250 2297//2263
f 2194//2160 2196//2162 2298//2264
f 2196//2162 2297//2263 2298//2264
f 2298//2264 2297//2263 2299//2265
f 2297//2263 2300//2266 2299//2265
f 2297//2263 2284//2250 2300//2266
f 2284//2250 2285//2251 2300//2266
f 2193//2159 2194//2160 2301//2267
f 2194//2160 2298//2264 2301//2267
f 2192//2158 2193//2159 2302//2268
f 2193//2159 2301//2267 2302//2268
f 2302//2268 2301//2267 2303//2269
f 2301//2267 2304//2270 2303//2269
f 2301//2267 2298//2264 2304//2270
f 2298//2264 2299//2265 2304//2270
f 2304//2270 2299//2265 2305//2271
f 2299//2265 2306//2272 2305//2271
f 2303//2269 2304//2270 2307//2273
f 2304//2270 2305//2271 2307//2273
f 2307//2273 2305//2271 2308//2274
f 2305//2271 2309//2275 2308//2274
f 2305//2271 2306//2272 2309//2275
f 2306//2272 2310//2276 2309//2275
f 2300//2266 2285//2251 2311//2277
f 2285//2251 2289//2255 2311//2277
f 2299//2265 2300//2266 2306//2272
f 2300//2266 2311//2277 2306//2272
f 2306//2272 2311//2277 2310//2276
f 2311//2277 2312//2278 2310//2276
f 2311//2277 2289//2255 2312//2278
f 2289//2255 2290//2256 2312//2278
f 2221//2187 2313//2279 2220//2186
f 2313//2279 2314//2280 2220//2186
f 2220//2186 2314//2280 2217//2183
f 2314//2280 2315//2281 2217//2183
f 2314//2280 2316//2282 2315//2281
f 2316//2282 2317//2283 2315//2281
f 2313//2279 2318//2284 2314//2280
f 2318//2284 2316//2282 2314//2280
f 2217//2183 2315//2281 2215//2181
f 2315//2281 2319//2285 2215//2181
f 2215//2181 2319//2285 2216//2182
f 2319//2285 2320//2286 2216//2182
f 2319//2285 2321//2287 2320//2286
f 2321//2287 2322//2288 2320//2286
f 2315//2281 2317//2283 2319//2285
f 2317//2283 2321//2287 2319//2285
f 2317//2283 2323//2289 2321//2287
f 2323//2289 2324//2290 2321//2287
f 2321//2287 2324//2290 2322//2288
f 2324//2290 2325//2291 2322//2288
f 2324//2290 2326//2292 2325//2291
f 2326//2292 2327//2293 2325//2291
f 2323//2289 2328//2294 2324//2290
f 2328//2294 2326//2292 2324//2290
f 2318//2284 2329//2295 2316//2282
f 2329//2295 2330//2296 2316//2282
f 2316//2282 2330//2296 2317//2283
f 2330//2296 2323//2289 2317//2283
f 2330//2296 2331//2297 2323//2289
f 2331//2297 2328//2294 2323//2289
f 2329//2295 2332//2298 2330//2296
f 2332//2298 2331//2297 2330//2296
f 2240//2206 2333//2299 2239//2205
f 2333//2299 2334//2300 2239//2205
f 2239//2205 2334//2300 2236//2202
f 2334//2300 2335//2301 2236//2202
f 2334//2300 2336//2302 2335//2301
f 2336//2302 2337//2303 2335//2301
f 2333//2299 2338//2304 2334//2300
f 2338//2304 2336//2302 2334//2300
f 2236//2202 2335//2301 2235//2201
f 2335//2301 2339//2305 2235//2201
f 2235//2201 2339//2305 2180//2146
f 2339//2305 2278//2244 2180//2146
f 2339//2305 2340//2306 2278//2244
f 2340//2306 2282//2248 2278//2244
f 2335//2301 2337//2303 2339//2305
f 2337//2303 2340//2306 2339//2305
f 2337//2303 2341//2307 2340//2306
f 2341//2307 2342//2308 2340//2306
f 2340//2306 2342//2308 2282//2248
f 2342//2308 2294//2260 2282//2248
f 2342//2308 2343//2309 2294//2260
f 2343//2309 2296//2262 2294//2260
f 2341//2307 2344//2310 2342//2308
f 2344//2310 2343//2309 2342//2308
f 2338//2304 2345//2311 2336//2302
f 2345//2311 2346//2312 2336//2302
f 2336//2302 2346//2312 2337//2303
f 2346//2312 2341//2307 2337//2303
f 2346//2312 2347//2313 2341//2307
f 2347//2313 2344//2310 2341//2307
f 2345//2311 2348//2314 2346//2312
f 2348//2314 2347//2313 2346//2312
f 2260//2226 2216//2182 2349//2315
f 2216//2182 2320//2286 2349//2315
f 2258//2224 2260//2226 2350//2316
f 2260//2226 2349//2315 2350//2316
f 2350//2316 2349//2315 2351//2317
f 2349//2315 2352//2318 2351//2317
f 2349//2315 2320//2286 2352//2318
f 2320//2286 2322//2288 2352//2318
f 2257//2223 2258//2224 2353//2319
f 2258//2224 2350//2316 2353//2319
f 2256//2222 2257//2223 2354//2320
f 2257//2223 2353//2319 2354//2320
f 2354//2320 2353//2319 2355//2321
f 2353//2319 2356//2322 2355//2321
f 2353//2319 2350//2316 2356//2322
f 2350//2316 2351//2317 2356//2322
f 2356//2322 2351//2317 2357//2323
f 2351//2317 2358//2324 2357//2323
f 2355//2321 2356//2322 2359//2325
f 2356//2322 2357//2323 2359//2325
f 2359//2325 2357//2323 2360//2326
f 2357//2323 2361//2327 2360//2326
f 2357//2323 2358//2324 2361//2327
f 2358//2324 2362//2328 2361//2327
f 2352//2318 2322//2288 2363//2329
f 2322//2288 2325//2291 2363//2329
f 2351//2317 2352//2318 2358//2324
f 2352//2318 2363//2329 2358//2324
f 2358//2324 2363//2329 2362//2328
f 2363//2329 2364//2330 2362//2328
f 2363//2329 2325//2291 2364//2330
f 2325//2291 2327//2293 2364//2330
f 2365//2331 2366//2332 2367//2333
f 2366//2332 2368//2334 2367//2333
f 2369//2335 2365//2331 2370//2336
f 2365//2331 2367//2333 2370//2336
f 2370//2336 2367//2333 2371//2337
f 2367//2333 2372//2338 2371//2337
f 2367//2333 2368//2334 2372//2338
f 2368//2334 2373//2339 2372//2338
f 2374//2340 2369//2335 2375//2341
f 2369//2335 2370//2336 2375//2341
f 2276//2242 2374//2340 2275//2241
f 2374//2340 2375//2341 2275//2241
f 2275//2241 2375//2341 2272//2238
f 2375//2341 2376//2342 2272//2238
f 2375//2341 2370//2336 2376//2342
f 2370//2336 2371//2337 2376//2342
f 2376//2342 2371//2337 2377//2343
f 2371//2337 2378//2344 2377//2343
f 2272//2238 2376//2342 2271//2237
f 2376//2342 2377//2343 2271//2237
f 2271//2237 2377//2343 2240//2206
f 2377//2343 2333//2299 2240//2206
f 2377//2343 2378//2344 2333//2299
f 2378//2344 2338//2304 2333//2299
f 2372//2338 2373//2339 2379//2345
f 2373//2339 2380//2346 2379//2345
f 2371//2337 2372//2338 2378//2344
f 2372//2338 2379//2345 2378//2344
f 2378//2344 2379//2345 2338//2304
f 2379//2345 2345//2311 2338//2304
f 2379//2345 2380//2346 2345//2311
f 2380//2346 2348//2314 2345//2311
f 2381//1879 2382//1879 2383//1881
f 2382//1879 2384//1881 2383//1881
f 2383//1881 2384//1881 2385//1878
f 2384//1881 2386//1878 2385//1878
f 2384//1881 2387//1881 2386//1878
f 2387//1881 2388//1878 2386//1878
f 2382//1879 2389//1879 2384//1881
f 2389//1879 2387//1881 2384//1881
f 2385//1878 2386//1878 2390//1877
f 2386//1878 2391//1877 2390//1877
f 2390//1877 2391//1877 2392//478
f 2391//1877 2393//478 2392//478
f 2391//1877 2394//1877 2393//478
f 2394//1877 2395//478 2393//478
f 2386//1878 2388//1878 2391//1877
f 2388//1878 2394//1877 2391//1877
f 2388//1878 2396//1878 2394//1877
f 2396//1878 2397//1877 2394//1877
f 2394//1877 2397//1877 2395//478
f 2397//1877 2398//478 2395//478
f 2397//1877 2399//1877 2398//478
f 2399//1877 2400//478 2398//478
f 2396//1878 2401//1878 2397//1877
f 2401//1878 2399//1877 2397//1877
f 2389//1879 2402//1879 2387//1881
f 2402//1879 2403//1881 2387//1881
f 2387//1881 2403//1881 2388//1878
f 2403//1881 2396//1878 2388//1878
f 2403//1881 2404//1880 2396//1878
f 2404//1880 2401//1878 2396//1878
f 2402//1879 2405//1879 2403//1881
f 2405//1879 2404//1880 2403//1881
f 2406//1890 2407//1890 2408//1888
f 2407//1890 2409//1888 2408//1888
f 2408//1888 2409//1888 2410//1894
f 2409//1888 2411//1894 2410//1894
f 2409//1888 2412//1888 2411//1894
f 2412//1888 2413//1894 2411//1894
f 2407//1890 2414//1890 2409//1888
f 2414//1890 2412//1888 2409//1888
f 2410//1894 2411//1894 2415//1895
f 2411//1894 2416//1895 2415//1895
f 2415//1895 2416//1895 2381//1879
f 2416//1895 2382//1879 2381//1879
f 2416//1895 2417//1895 2382//1879
f 2417//1895 2389//1879 2382//1879
f 2411//1894 2413//1894 2416//1895
f 2413//1894 2417//1895 2416//1895
f 2413//1894 2418//1894 2417//1895
f 2418//1894 2419//1895 2417//1895
f 2417//1895 2419//1895 2389//1879
f 2419//1895 2402//1879 2389//1879
f 2419//1895 2420//1895 2402//1879
f 2420//1895 2405//1879 2402//1879
f 2418//1894 2421//1894 2419//1895
f 2421//1894 2420//1895 2419//1895
f 2414//1890 2422//1890 2412//1888
f 2422//1890 2423//1888 2412//1888
f 2412//1888 2423//1888 2413//1894
f 2423//1888 2418//1894 2413//1894
f 2423//1888 2424//1888 2418//1894
f 2424//1888 2421//1894 2418//1894
f 2422//1890 2425//1890 2423//1888
f 2425//1890 2424//1888 2423//1888
f 2197//2163 2426//2347 2427//2348
f 2426//2347 2428//2349 2427//2348
f 2427//2348 2428//2349 2429//2350
f 2428//2349 2430//2351 2429//2350
f 2428//2349 2431//2352 2430//2351
f 2431//2352 2432//2353 2430//2351
f 2426//2347 2433//2354 2428//2349
f 2433//2354 2431//2352 2428//2349
f 2429//2350 2430//2351 2434//2355
f 2430//2351 2435//2356 2434//2355
f 2434//2355 2435//2356 2406//1890
f 2435//2356 2407//1890 2406//1890
f 2435//2356 2436//2357 2407//1890
f 2436//2357 2414//1890 2407//1890
f 2430//2351 2432//2353 2435//2356
f 2432//2353 2436//2357 2435//2356
f 2432//2353 2437//2358 2436//2357
f 2437//2358 2438//2359 2436//2357
f 2436//2357 2438//2359 2414//1890
f 2438//2359 2422//1890 2414//1890
f 2438//2359 2439//2359 2422//1890
f 2439//2359 2425//1890 2422//1890
f 2437//2358 2440//2360 2438//2359
f 2440//2360 2439//2359 2438//2359
f 2433//2354 2441//2361 2431//2352
f 2441//2361 2442//2362 2431//2352
f 2431//2352 2442//2362 2432//2353
f 2442//2362 2437//2358 2432//2353
f 2442//2362 2443//2363 2437//2358
f 2443//2363 2440//2360 2437//2358
f 2441//2361 2444//2364 2442//2362
f 2444//2364 2443//2363 2442//2362
f 2208//2174 2445//2365 2206//2172
f 2445//2365 2446//2366 2206//2172
f 2206//2172 2446//2366 2201//2167
f 2446//2366 2447//2367 2201//2167
f 2446//2366 2448//2368 2447//2367
f 2448//2368 2449//2369 2447//2367
f 2445//2365 2450//2370 2446//2366
f 2450//2370 2448//2368 2446//2366
f 2201//2167 2447//2367 2199//2165
f 2447//2367 2451//2371 2199//2165
f 2199//2165 2451//2371 2197//2163
f 2451//2371 2426//2347 2197//2163
f 2451//2371 2452//2372 2426//2347
f 2452//2372 2433//2354 2426//2347
f 2447//2367 2449//2369 2451//2371
f 2449//2369 2452//2372 2451//2371
f 2449//2369 2453//2373 2452//2372
f 2453//2373 2454//2374 2452//2372
f 2452//2372 2454//2374 2433//2354
f 2454//2374 2441//2361 2433//2354
f 2454//2374 2455//964 2441//2361
f 2455//964 2444//2364 2441//2361
f 2453//2373 2456//966 2454//2374
f 2456//966 2455//964 2454//2374
f 2450//2370 2457//2375 2448//2368
f 2457//2375 2458//2376 2448//2368
f 2448//2368 2458//2376 2449//2369
f 2458//2376 2453//2373 2449//2369
f 2453//2373 2458//2376 2456//966
f 2458//2376 2459//968 2456//966
f 2457//2375 2460//969 2458//2376
f 2460//969 2459//968 2458//2376
f 2392//478 2393//478 2461//1945
f 2393//478 2462//1945 2461//1945
f 2461//1945 2462//1945 2463//1946
f 2462//1945 2464//1946 2463//1946
f 2462//1945 2465//1945 2464//1946
f 2465//1945 2466//1946 2464//1946
f 2393//478 2395//478 2462//1945
f 2395//478 2465//1945 2462//1945
f 2463//1946 2464//1946 2467//1953
f 2464//1946 2468//1953 2467//1953
f 2467//1953 2468//1953 2469//1954
f 2468//1953 2470//1954 2469//1954
f 2468//1953 2471//1953 2470//1954
f 2471//1953 2472//1954 2470//1954
f 2464//1946 2466//1946 2468//1953
f 2466//1946 2471//1953 2468//1953
f 2466//1946 2473//1946 2471//1953
f 2473//1946 2474//1953 2471//1953
f 2471//1953 2474//1953 2472//1954
f 2474//1953 2475//1954 2472//1954
f 2474//1953 2476//1953 2475//1954
f 2476//1953 2477//1954 2475//1954
f 2473//1946 2478//1946 2474//1953
f 2478//1946 2476//1953 2474//1953
f 2395//478 2398//478 2465//1945
f 2398//478 2479//1945 2465//1945
f 2465//1945 2479//1945 2466//1946
f 2479//1945 2473//1946 2466//1946
f 2479//1945 2480//1945 2473//1946
f 2480//1945 2478//1946 2473//1946
f 2398//478 2400//478 2479//1945
f 2400//478 2480//1945 2479//1945
f 2469//1954 2470//1954 2481//1970
f 2470//1954 2482//1970 2481//1970
f 2483//1968 2481//1970 2484//1968
f 2481//1970 2482//1970 2484//1968
f 2484//1968 2482//1970 2485//1968
f 2482//1970 2486//1970 2485//1968
f 2470//1954 2472//1954 2482//1970
f 2472//1954 2486//1970 2482//1970
f 2487//1967 2483//1968 2488//1967
f 2483//1968 2484//1968 2488//1967
f 2489//1969 2487//1967 2490//1969
f 2487//1967 2488//1967 2490//1969
f 2490//1969 2488//1967 2491//1969
f 2488//1967 2492//1967 2491//1969
f 2488//1967 2484//1968 2492//1967
f 2484//1968 2485//1968 2492//1967
f 2492//1967 2485//1968 2493//1967
f 2485//1968 2494//1968 2493//1967
f 2491//1969 2492//1967 2495//1969
f 2492//1967 2493//1967 2495//1969
f 2495//1969 2493//1967 2496//1969
f 2493//1967 2497//1967 2496//1969
f 2493//1967 2494//1968 2497//1967
f 2494//1968 2498//1968 2497//1967
f 2472//1954 2475//1954 2486//1970
f 2475//1954 2499//1970 2486//1970
f 2485//1968 2486//1970 2494//1968
f 2486//1970 2499//1970 2494//1968
f 2494//1968 2499//1970 2498//1968
f 2499//1970 2500//1970 2498//1968
f 2475//1954 2477//1954 2499//1970
f 2477//1954 2500//1970 2499//1970
f 2501//2377 2489//1969 2502//2378
f 2489//1969 2490//1969 2502//2378
f 2503//2379 2501//2377 2504//2380
f 2501//2377 2502//2378 2504//2380
f 2504//2380 2502//2378 2505//2381
f 2502//2378 2506//2382 2505//2381
f 2502//2378 2490//1969 2506//2382
f 2490//1969 2491//1969 2506//2382
f 2507//2383 2503//2379 2508//2384
f 2503//2379 2504//2380 2508//2384
f 2249//2215 2507//2383 2509//2385
f 2507//2383 2508//2384 2509//2385
f 2509//2385 2508//2384 2510//2386
f 2508//2384 2511//2387 2510//2386
f 2508//2384 2504//2380 2511//2387
f 2504//2380 2505//2381 2511//2387
f 2511//2387 2505//2381 2512//2388
f 2505//2381 2513//2389 2512//2388
f 2510//2386 2511//2387 2514//2390
f 2511//2387 2512//2388 2514//2390
f 2514//2390 2512//2388 2515//1850
f 2512//2388 2516//2391 2515//1850
f 2512//2388 2513//2389 2516//2391
f 2513//2389 2517//2392 2516//2391
f 2506//2382 2491//1969 2518//2393
f 2491//1969 2495//1969 2518//2393
f 2505//2381 2506//2382 2513//2389
f 2506//2382 2518//2393 2513//2389
f 2513//2389 2518//2393 2517//2392
f 2518//2393 2519//2393 2517//2392
f 2518//2393 2495//1969 2519//2393
f 2495//1969 2496//1969 2519//2393
f 2247//2213 2249//2215 2520//2394
f 2249//2215 2509//2385 2520//2394
f 2243//2209 2247//2213 2521//2395
f 2247//2213 2520//2394 2521//2395
f 2521//2395 2520//2394 2522//2396
f 2520//2394 2523//2397 2522//2396
f 2520//2394 2509//2385 2523//2397
f 2509//2385 2510//2386 2523//2397
f 2241//2207 2243//2209 2524//2398
f 2243//2209 2521//2395 2524//2398
f 2208//2174 2241//2207 2445//2365
f 2241//2207 2524//2398 2445//2365
f 2445//2365 2524//2398 2450//2370
f 2524//2398 2525//2399 2450//2370
f 2524//2398 2521//2395 2525//2399
f 2521//2395 2522//2396 2525//2399
f 2525//2399 2522//2396 2526//2400
f 2522//2396 2527//2401 2526//2400
f 2450//2370 2525//2399 2457//2375
f 2525//2399 2526//2400 2457//2375
f 2526//2400 2528//1862 2457//2375
f 2528//1862 2460//969 2457//2375
f 2527//2401 2529//1863 2526//2400
f 2529//1863 2528//1862 2526//2400
f 2523//2397 2510//2386 2530//2402
f 2510//2386 2514//2390 2530//2402
f 2522//2396 2523//2397 2527//2401
f 2523//2397 2530//2402 2527//2401
f 2530//2402 2531//1865 2527//2401
f 2531//1865 2529//1863 2527//2401
f 2530//2402 2514//2390 2531//1865
f 2514//2390 2515//1850 2531//1865
f 2532//2393 2533//1969 2534//2403
f 2533//1969 2535//2404 2534//2403
f 2536//2392 2532//2393 2537//2405
f 2532//2393 2534//2403 2537//2405
f 2534//2403 2538//2406 2537//2405
f 2538//2406 2539//2407 2537//2405
f 2534//2403 2535//2404 2538//2406
f 2535//2404 2540//2408 2538//2406
f 2541//2391 2536//2392 2542//2409
f 2536//2392 2537//2405 2542//2409
f 2543//2410 2541//2391 2544//2411
f 2541//2391 2542//2409 2544//2411
f 2542//2409 2545//2412 2544//2411
f 2545//2412 2546//2413 2544//2411
f 2537//2405 2539//2407 2542//2409
f 2539//2407 2545//2412 2542//2409
f 2539//2407 2547//2414 2545//2412
f 2547//2414 2548//2415 2545//2412
f 2545//2412 2548//2415 2546//2413
f 2548//2415 2549//2416 2546//2413
f 2548//2415 2142//2108 2549//2416
f 2142//2108 2140//2106 2549//2416
f 2547//2414 2135//2101 2548//2415
f 2135//2101 2142//2108 2548//2415
f 2538//2406 2540//2408 2550//2417
f 2540//2408 2551//2418 2550//2417
f 2538//2406 2550//2417 2539//2407
f 2550//2417 2547//2414 2539//2407
f 2550//2417 2133//2099 2547//2414
f 2133//2099 2135//2101 2547//2414
f 2551//2418 2125//2091 2550//2417
f 2125//2091 2133//2099 2550//2417
f 2552//1954 2553//2419 2554//1970
f 2553//2419 2555//2420 2554//1970
f 2554//1970 2555//2420 2556//1968
f 2555//2420 2557//2421 2556//1968
f 2557//2421 2555//2420 2558//2422
f 2555//2420 2559//2423 2558//2422
f 2555//2420 2553//2419 2559//2423
f 2553//2419 2560//2424 2559//2423
f 2561//1967 2556//1968 2562//2425
f 2556//1968 2557//2421 2562//2425
f 2533//1969 2561//1967 2535//2404
f 2561//1967 2562//2425 2535//2404
f 2535//2404 2562//2425 2540//2408
f 2562//2425 2563//2426 2540//2408
f 2562//2425 2557//2421 2563//2426
f 2557//2421 2558//2422 2563//2426
f 2563//2426 2558//2422 2564//2427
f 2558//2422 2565//2428 2564//2427
f 2540//2408 2563//2426 2551//2418
f 2563//2426 2564//2427 2551//2418
f 2551//2418 2564//2427 2125//2091
f 2564//2427 2126//2092 2125//2091
f 2564//2427 2565//2428 2126//2092
f 2565//2428 2121//2087 2126//2092
f 2559//2423 2560//2424 2566//2429
f 2560//2424 2567//2430 2566//2429
f 2558//2422 2559//2423 2565//2428
f 2559//2423 2566//2429 2565//2428
f 2565//2428 2566//2429 2121//2087
f 2566//2429 2119//2085 2121//2087
f 2566//2429 2567//2430 2119//2085
f 2567//2430 2111//2077 2119//2085
f 2568//478 2569//2431 2570//1945
f 2569//2431 2571//2432 2570//1945
f 2570//1945 2571//2432 2572//1946
f 2571//2432 2573//2433 2572//1946
f 2571//2432 2574//2434 2573//2433
f 2574//2434 2575//2435 2573//2433
f 2569//2431 2576//2436 2571//2432
f 2576//2436 2574//2434 2571//2432
f 2572//1946 2573//2433 2577//1953
f 2573//2433 2578//2437 2577//1953
f 2577//1953 2578//2437 2552//1954
f 2578//2437 2553//2419 2552//1954
f 2553//2419 2578//2437 2560//2424
f 2578//2437 2579//2438 2560//2424
f 2578//2437 2573//2433 2579//2438
f 2573//2433 2575//2435 2579//2438
f 2579//2438 2575//2435 2580//2439
f 2575//2435 2581//2440 2580//2439
f 2560//2424 2579//2438 2567//2430
f 2579//2438 2580//2439 2567//2430
f 2567//2430 2580//2439 2111//2077
f 2580//2439 2112//2078 2111//2077
f 2580//2439 2581//2440 2112//2078
f 2581//2440 2107//2073 2112//2078
f 2576//2436 2582//2441 2574//2434
f 2582//2441 2583//2442 2574//2434
f 2574//2434 2583//2442 2575//2435
f 2583//2442 2581//2440 2575//2435
f 2583//2442 2105//2071 2581//2440
f 2105//2071 2107//2073 2581//2440
f 2582//2441 2053//2020 2583//2442
f 2053//2020 2105//2071 2583//2442
f 2584//1879 2585//2443 2586//1880
f 2585//2443 2587//2444 2586//1880
f 2586//1880 2587//2444 2588//1878
f 2587//2444 2589//2445 2588//1878
f 2587//2444 2590//2446 2589//2445
f 2590//2446 2591//2447 2589//2445
f 2585//2443 2592//2448 2587//2444
f 2592//2448 2590//2446 2587//2444
f 2588//1878 2589//2445 2593//1877
f 2589//2445 2594//2449 2593//1877
f 2593//1877 2594//2449 2568//478
f 2594//2449 2569//2431 2568//478
f 2569//2431 2594//2449 2576//2436
f 2594//2449 2595//2450 2576//2436
f 2589//2445 2591//2447 2594//2449
f 2591//2447 2595//2450 2594//2449
f 2595//2450 2591//2447 2596//2451
f 2591//2447 2597//2452 2596//2451
f 2576//2436 2595//2450 2582//2441
f 2595//2450 2596//2451 2582//2441
f 2582//2441 2596//2451 2053//2020
f 2596//2451 2054//2021 2053//2020
f 2596//2451 2597//2452 2054//2021
f 2597//2452 2048//2015 2054//2021
f 2592//2448 2598//2453 2590//2446
f 2598//2453 2599//2454 2590//2446
f 2590//2446 2599//2454 2591//2447
f 2599//2454 2597//2452 2591//2447
f 2599//2454 2046//2013 2597//2452
f 2046//2013 2048//2015 2597//2452
f 2598//2453 2044//2011 2599//2454
f 2044//2011 2046//2013 2599//2454
f 2600//1890 2601//2455 2602//1888
f 2601//2455 2603//2456 2602//1888
f 2602//1888 2603//2456 2604//1894
f 2603//2456 2605//2457 2604//1894
f 2603//2456 2606//2458 2605//2457
f 2606//2458 2607//2459 2605//2457
f 2601//2455 2608//2460 2603//2456
f 2608//2460 2606//2458 2603//2456
f 2604//1894 2605//2457 2609//2461
f 2605//2457 2610//2462 2609//2461
f 2609//2461 2610//2462 2584//1879
f 2610//2462 2585//2443 2584//1879
f 2610//2462 2611//2463 2585//2443
f 2611//2463 2592//2448 2585//2443
f 2605//2457 2607//2459 2610//2462
f 2607//2459 2611//2463 2610//2462
f 2607//2459 2612//2464 2611//2463
f 2612//2464 2613//2465 2611//2463
f 2611//2463 2613//2465 2592//2448
f 2613//2465 2598//2453 2592//2448
f 2613//2465 2073//2040 2598//2453
f 2073//2040 2044//2011 2598//2453
f 2612//2464 2067//2034 2613//2465
f 2067//2034 2073//2040 2613//2465
f 2608//2460 2614//2466 2606//2458
f 2614//2466 2615//2467 2606//2458
f 2606//2458 2615//2467 2607//2459
f 2615//2467 2612//2464 2607//2459
f 2615//2467 2065//2032 2612//2464
f 2065//2032 2067//2034 2612//2464
f 2614//2466 2063//2030 2615//2467
f 2063//2030 2065//2032 2615//2467
f 2616//2468 2617//2469 2618//2363
f 2617//2469 2619//2470 2618//2363
f 2618//2363 2619//2470 2620//2360
f 2619//2470 2621//2471 2620//2360
f 2621//2471 2619//2470 2622//2472
f 2619//2470 2623//2473 2622//2472
f 2619//2470 2617//2469 2623//2473
f 2617//2469 2624//2474 2623//2473
f 2620//2360 2621//2471 2625//2359
f 2621//2471 2626//2475 2625//2359
f 2625//2359 2626//2475 2600//1890
f 2626//2475 2601//2455 2600//1890
f 2626//2475 2627//2476 2601//2455
f 2627//2476 2608//2460 2601//2455
f 2626//2475 2621//2471 2627//2476
f 2621//2471 2622//2472 2627//2476
f 2627//2476 2622//2472 2628//2477
f 2622//2472 2629//2478 2628//2477
f 2627//2476 2628//2477 2608//2460
f 2628//2477 2614//2466 2608//2460
f 2614//2466 2628//2477 2063//2030
f 2628//2477 2087//2054 2063//2030
f 2628//2477 2629//2478 2087//2054
f 2629//2478 2081//2048 2087//2054
f 2623//2473 2624//2474 2630//2479
f 2624//2474 2631//2480 2630//2479
f 2622//2472 2623//2473 2629//2478
f 2623//2473 2630//2479 2629//2478
f 2629//2478 2630//2479 2081//2048
f 2630//2479 2077//2044 2081//2048
f 2630//2479 2631//2480 2077//2044
f 2631//2480 2078//2045 2077//2044
f 2632//969 2633//2481 2634//968
f 2633//2481 2635//2482 2634//968
f 2634//968 2635//2482 2636//966
f 2635//2482 2637//2483 2636//966
f 2637//2483 2635//2482 2638//2484
f 2635//2482 2639//2485 2638//2484
f 2635//2482 2633//2481 2639//2485
f 2633//2481 2640//2486 2639//2485
f 2636//966 2637//2483 2641//964
f 2637//2483 2642//2487 2641//964
f 2641//964 2642//2487 2616//2468
f 2642//2487 2617//2469 2616//2468
f 2617//2469 2642//2487 2624//2474
f 2642//2487 2643//2488 2624//2474
f 2642//2487 2637//2483 2643//2488
f 2637//2483 2638//2484 2643//2488
f 2643//2488 2638//2484 2644//2489
f 2638//2484 2645//2490 2644//2489
f 2624//2474 2643//2488 2631//2480
f 2643//2488 2644//2489 2631//2480
f 2631//2480 2644//2489 2078//2045
f 2644//2489 2100//2067 2078//2045
f 2644//2489 2645//2490 2100//2067
f 2645//2490 2095//2062 2100//2067
f 2639//2485 2640//2486 2646//2491
f 2640//2486 2647//2492 2646//2491
f 2638//2484 2639//2485 2645//2490
f 2639//2485 2646//2491 2645//2490
f 2645//2490 2646//2491 2095//2062
f 2646//2491 2091//2058 2095//2062
f 2647//2492 2092//2059 2646//2491
f 2092//2059 2091//2058 2646//2491
f 2648//1865 2543//2410 2649//2493
f 2543//2410 2544//2411 2649//2493
f 2648//1865 2649//2493 2650//1863
f 2649//2493 2651//2494 2650//1863
f 2649//2493 2652//2495 2651//2494
f 2652//2495 2653//2496 2651//2494
f 2544//2411 2546//2413 2649//2493
f 2546//2413 2652//2495 2649//2493
f 2650//1863 2651//2494 2654//1862
f 2651//2494 2655//2497 2654//1862
f 2654//1862 2655//2497 2632//969
f 2655//2497 2633//2481 2632//969
f 2655//2497 2656//2498 2633//2481
f 2656//2498 2640//2486 2633//2481
f 2651//2494 2653//2496 2655//2497
f 2653//2496 2656//2498 2655//2497
f 2653//2496 2657//2499 2656//2498
f 2657//2499 2658//2500 2656//2498
f 2656//2498 2658//2500 2640//2486
f 2658//2500 2647//2492 2640//2486
f 2647//2492 2658//2500 2092//2059
f 2658//2500 2153//2119 2092//2059
f 2657//2499 2149//2115 2658//2500
f 2149//2115 2153//2119 2658//2500
f 2546//2413 2549//2416 2652//2495
f 2549//2416 2659//2501 2652//2495
f 2652//2495 2659//2501 2653//2496
f 2659//2501 2657//2499 2653//2496
f 2659//2501 2147//2113 2657//2499
f 2147//2113 2149//2115 2657//2499
f 2549//2416 2140//2106 2659//2501
f 2140//2106 2147//2113 2659//2501
f 1861//1854 1841//1834 2660//2502
f 1841//1834 2661//2503 2660//2502
f 1859//1852 1861//1854 2662//2504
f 1861//1854 2660//2502 2662//2504
f 2662//2504 2660//2502 2663//2505
f 2660//2502 2664//2506 2663//2505
f 2660//2502 2661//2503 2664//2506
f 2661//2503 2665//2507 2664//2506
f 1858//1851 1859//1852 2666//2508
f 1859//1852 2662//2504 2666//2508
f 1857//1850 1858//1851 2667//2509
f 1858//1851 2666//2508 2667//2509
f 2666//2508 2668//2510 2667//2509
f 2668//2510 2669//2511 2667//2509
f 2662//2504 2663//2505 2666//2508
f 2663//2505 2668//2510 2666//2508
f 2663//2505 2670//2512 2668//2510
f 2670//2512 2671//2513 2668//2510
f 2668//2510 2671//2513 2669//2511
f 2671//2513 2672//2514 2669//2511
f 2671//2513 2010//1977 2672//2514
f 2010//1977 2012//1979 2672//2514
f 2670//2512 2006//1973 2671//2513
f 2006//1973 2010//1977 2671//2513
f 2664//2506 2665//2507 2673//2515
f 2665//2507 2674//2516 2673//2515
f 2663//2505 2664//2506 2670//2512
f 2664//2506 2673//2515 2670//2512
f 2670//2512 2673//2515 2006//1973
f 2673//2515 2004//1971 2006//1973
f 2673//2515 2674//2516 2004//1971
f 2674//2516 1992//1963 2004//1971
f 1845//1838 1825//1818 2675//2517
f 1825//1818 2676//2518 2675//2517
f 1843//1836 1845//1838 2677//2519
f 1845//1838 2675//2517 2677//2519
f 2677//2519 2675//2517 2678//2520
f 2675//2517 2679//2521 2678//2520
f 2675//2517 2676//2518 2679//2521
f 2676//2518 2680//2522 2679//2521
f 1842//1835 1843//1836 2681//2523
f 1843//1836 2677//2519 2681//2523
f 1841//1834 1842//1835 2661//2503
f 1842//1835 2681//2523 2661//2503
f 2661//2503 2681//2523 2665//2507
f 2681//2523 2682//2524 2665//2507
f 2681//2523 2677//2519 2682//2524
f 2677//2519 2678//2520 2682//2524
f 2682//2524 2678//2520 2683//2525
f 2678//2520 2684//2526 2683//2525
f 2665//2507 2682//2524 2674//2516
f 2682//2524 2683//2525 2674//2516
f 2674//2516 2683//2525 1992//1963
f 2683//2525 1990//1961 1992//1963
f 2683//2525 2684//2526 1990//1961
f 2684//2526 1986//1957 1990//1961
f 2679//2521 2680//2522 2685//2527
f 2680//2522 2686//2528 2685//2527
f 2678//2520 2679//2521 2684//2526
f 2679//2521 2685//2527 2684//2526
f 2684//2526 2685//2527 1986//1957
f 2685//2527 1984//1955 1986//1957
f 2685//2527 2686//2528 1984//1955
f 2686//2528 1972//1949 1984//1955
f 1829//1822 918//915 2687//2529
f 918//915 2688//849 2687//2529
f 1827//1820 1829//1822 2689//2530
f 1829//1822 2687//2529 2689//2530
f 2689//2530 2687//2529 2690//2531
f 2687//2529 2691//2532 2690//2531
f 2687//2529 2688//849 2691//2532
f 2688//849 2692//849 2691//2532
f 1826//1819 1827//1820 2693//2533
f 1827//1820 2689//2530 2693//2533
f 1825//1818 1826//1819 2676//2518
f 1826//1819 2693//2533 2676//2518
f 2676//2518 2693//2533 2680//2522
f 2693//2533 2694//2534 2680//2522
f 2693//2533 2689//2530 2694//2534
f 2689//2530 2690//2531 2694//2534
f 2694//2534 2690//2531 2695//2535
f 2690//2531 2696//2536 2695//2535
f 2680//2522 2694//2534 2686//2528
f 2694//2534 2695//2535 2686//2528
f 2686//2528 2695//2535 1972//1949
f 2695//2535 1970//1947 1972//1949
f 2695//2535 2696//2536 1970//1947
f 2696//2536 1966//1943 1970//1947
f 2691//2532 2692//849 2697//2537
f 2692//849 2698//478 2697//2537
f 2690//2531 2691//2532 2696//2536
f 2691//2532 2697//2537 2696//2536
f 2696//2536 2697//2537 1966//1943
f 2697//2537 1964//1941 1966//1943
f 2698//478 1885//478 2697//2537
f 1885//478 1964//1941 2697//2537
f 925//922 2699//2538 924//921
f 2699//2538 2700//2539 924//921
f 924//921 2700//2539 920//917
f 2700//2539 2701//2540 920//917
f 2700//2539 2702//2541 2701//2540
f 2702//2541 2703//2542 2701//2540
f 2699//2538 2704//2543 2700//2539
f 2704//2543 2702//2541 2700//2539
f 920//917 2701//2540 919//916
f 2701//2540 2705//2544 919//916
f 919//916 2705//2544 918//915
f 2705//2544 2688//849 918//915
f 2705//2544 2706//2545 2688//849
f 2706//2545 2692//849 2688//849
f 2701//2540 2703//2542 2705//2544
f 2703//2542 2706//2545 2705//2544
f 2703//2542 2707//2546 2706//2545
f 2707//2546 2708//2547 2706//2545
f 2706//2545 2708//2547 2692//849
f 2708//2547 2698//478 2692//849
f 2708//2547 1883//1875 2698//478
f 1883//1875 1885//478 2698//478
f 2707//2546 1878//1870 2708//2547
f 1878//1870 1883//1875 2708//2547
f 2704//2543 2709//2548 2702//2541
f 2709//2548 2710//2549 2702//2541
f 2702//2541 2710//2549 2703//2542
f 2710//2549 2707//2546 2703//2542
f 2710//2549 1876//1868 2707//2546
f 1876//1868 1878//1870 2707//2546
f 2709//2548 1874//1866 2710//2549
f 1874//1866 1876//1868 2710//2549
f 941//938 2711//2550 940//937
f 2711//2550 2712//2551 940//937
f 940//937 2712//2551 936//933
f 2712//2551 2713//2552 936//933
f 2712//2551 2714//2553 2713//2552
f 2714//2553 2715//2554 2713//2552
f 2711//2550 2716//2555 2712//2551
f 2716//2555 2714//2553 2712//2551
f 936//933 2713//2552 935//932
f 2713//2552 2717//2556 935//932
f 935//932 2717//2556 925//922
f 2717//2556 2699//2538 925//922
f 2717//2556 2718//2557 2699//2538
f 2718//2557 2704//2543 2699//2538
f 2713//2552 2715//2554 2717//2556
f 2715//2554 2718//2557 2717//2556
f 2715//2554 2719//2558 2718//2557
f 2719//2558 2720//2559 2718//2557
f 2718//2557 2720//2559 2704//2543
f 2720//2559 2709//2548 2704//2543
f 2720//2559 1908//1891 2709//2548
f 1908//1891 1874//1866 2709//2548
f 2719//2558 1903//1886 2720//2559
f 1903//1886 1908//1891 2720//2559
f 2716//2555 2721//2560 2714//2553
f 2721//2560 2722//2561 2714//2553
f 2714//2553 2722//2561 2715//2554
f 2722//2561 2719//2558 2715//2554
f 2722//2561 1901//1884 2719//2558
f 1901//1884 1903//1886 2719//2558
f 2721//2560 1899//1882 2722//2561
f 1899//1882 1901//1884 2722//2561
f 957//954 2723//2562 956//953
f 2723//2562 2724//2563 956//953
f 956//953 2724//2563 952//949
f 2724//2563 2725//2564 952//949
f 2725//2564 2724//2563 2726//2565
f 2724//2563 2727//2566 2726//2565
f 2724//2563 2723//2562 2727//2566
f 2723//2562 2728//2567 2727//2566
f 952//949 2725//2564 951//948
f 2725//2564 2729//2568 951//948
f 951//948 2729//2568 941//938
f 2729//2568 2711//2550 941//938
f 2729//2568 2730//2569 2711//2550
f 2730//2569 2716//2555 2711//2550
f 2725//2564 2726//2565 2729//2568
f 2726//2565 2730//2569 2729//2568
f 2726//2565 2731//2570 2730//2569
f 2731//2570 2732//2571 2730//2569
f 2730//2569 2732//2571 2716//2555
f 2732//2571 2721//2560 2716//2555
f 2732//2571 1928//1905 2721//2560
f 1928//1905 1899//1882 2721//2560
f 2731//2570 1923//1900 2732//2571
f 1923//1900 1928//1905 2732//2571
f 2727//2566 2728//2567 2733//2572
f 2728//2567 2734//2573 2733//2572
f 2726//2565 2727//2566 2731//2570
f 2727//2566 2733//2572 2731//2570
f 2731//2570 2733//2572 1923//1900
f 2733//2572 1921//1898 1923//1900
f 2733//2572 2734//2573 1921//1898
f 2734//2573 1919//1896 1921//1898
f 974//969 2735//2574 972//968
f 2735//2574 2736//2575 972//968
f 969//966 972//968 2737//2576
f 972//968 2736//2575 2737//2576
f 2737//2576 2736//2575 2738//2577
f 2736//2575 2739//2578 2738//2577
f 2736//2575 2735//2574 2739//2578
f 2735//2574 2740//2579 2739//2578
f 969//966 2737//2576 967//964
f 2737//2576 2741//2580 967//964
f 967//964 2741//2580 957//954
f 2741//2580 2723//2562 957//954
f 2723//2562 2741//2580 2728//2567
f 2741//2580 2742//2581 2728//2567
f 2741//2580 2737//2576 2742//2581
f 2737//2576 2738//2577 2742//2581
f 2742//2581 2738//2577 2743//2582
f 2738//2577 2744//2583 2743//2582
f 2728//2567 2742//2581 2734//2573
f 2742//2581 2743//2582 2734//2573
f 2734//2573 2743//2582 1919//1896
f 2743//2582 2166//2132 1919//1896
f 2743//2582 2744//2583 2166//2132
f 2744//2583 2161//2127 2166//2132
f 2739//2578 2740//2579 2745//2584
f 2740//2579 2746//2585 2745//2584
f 2738//2577 2739//2578 2744//2583
f 2739//2578 2745//2584 2744//2583
f 2744//2583 2745//2584 2161//2127
f 2745//2584 2157//2123 2161//2127
f 2745//2584 2746//2585 2157//2123
f 2746//2585 2158//2124 2157//2123
f 1873//1865 1857//1850 2747//2586
f 1857//1850 2667//2509 2747//2586
f 1873//1865 2747//2586 1871//1863
f 2747//2586 2748//2587 1871//1863
f 2747//2586 2749//2588 2748//2587
f 2749//2588 2750//2589 2748//2587
f 2667//2509 2669//2511 2747//2586
f 2669//2511 2749//2588 2747//2586
f 1871//1863 2748//2587 1870//1862
f 2748//2587 2751//2590 1870//1862
f 1870//1862 2751//2590 974//969
f 2751//2590 2735//2574 974//969
f 2751//2590 2752//2591 2735//2574
f 2752//2591 2740//2579 2735//2574
f 2748//2587 2750//2589 2751//2590
f 2750//2589 2752//2591 2751//2590
f 2750//2589 2753//2592 2752//2591
f 2753//2592 2754//2593 2752//2591
f 2752//2591 2754//2593 2740//2579
f 2754//2593 2746//2585 2740//2579
f 2754//2593 2230//2196 2746//2585
f 2230//2196 2158//2124 2746//2585
f 2753//2592 2225//2191 2754//2593
f 2225//2191 2230//2196 2754//2593
f 2669//2511 2672//2514 2749//2588
f 2672//2514 2755//2594 2749//2588
f 2749//2588 2755//2594 2750//2589
f 2755//2594 2753//2592 2750//2589
f 2755//2594 2223//2189 2753//2592
f 2223//2189 2225//2191 2753//2592
f 2672//2514 2012//1979 2755//2594
f 2012//1979 2223//2189 2755//2594
f 2756//2595 2757//2596 2758//2597
f 2757//2596 2759//2598 2758//2597
f 2760//2599 2756//2595 2761//2600
f 2756//2595 2758//2597 2761//2600
f 2761//2600 2758//2597 2762//2601
f 2758//2597 2763//2602 2762//2601
f 2758//2597 2759//2598 2763//2602
f 2759//2598 2764//2603 2763//2602
f 2765//2604 2760//2599 2766//2605
f 2760//2599 2761//2600 2766//2605
f 2767//2606 2765//2604 2768//2607
f 2765//2604 2766//2605 2768//2607
f 2768//2607 2766//2605 2769//2608
f 2766//2605 2770//2609 2769//2608
f 2766//2605 2761//2600 2770//2609
f 2761//2600 2762//2601 2770//2609
f 2770//2609 2762//2601 2771//2610
f 2762//2601 2772//2611 2771//2610
f 2769//2608 2770//2609 2773//2612
f 2770//2609 2771//2610 2773//2612
f 2773//2612 2771//2610 1950//1927
f 2771//2610 1948//1925 1950//1927
f 2771//2610 2772//2611 1948//1925
f 2772//2611 1943//1920 1948//1925
f 2763//2602 2764//2603 2774//2613
f 2764//2603 2775//2614 2774//2613
f 2762//2601 2763//2602 2772//2611
f 2763//2602 2774//2613 2772//2611
f 2772//2611 2774//2613 1943//1920
f 2774//2613 1939//1916 1943//1920
f 2774//2613 2775//2614 1939//1916
f 2775//2614 1940//1917 1939//1916
f 2776//2615 2767//2606 2777//2616
f 2767//2606 2768//2607 2777//2616
f 2778//2617 2776//2615 2779//2618
f 2776//2615 2777//2616 2779//2618
f 2779//2618 2777//2616 2780//2619
f 2777//2616 2781//2620 2780//2619
f 2777//2616 2768//2607 2781//2620
f 2768//2607 2769//2608 2781//2620
f 2782//2621 2778//2617 2783//2622
f 2778//2617 2779//2618 2783//2622
f 2784//2623 2782//2621 2785//2624
f 2782//2621 2783//2622 2785//2624
f 2785//2624 2783//2622 2786//2625
f 2783//2622 2787//2626 2786//2625
f 2783//2622 2779//2618 2787//2626
f 2779//2618 2780//2619 2787//2626
f 2787//2626 2780//2619 2788//2627
f 2780//2619 2789//2628 2788//2627
f 2786//2625 2787//2626 2790//2629
f 2787//2626 2788//2627 2790//2629
f 2790//2629 2788//2627 1958//1935
f 2788//2627 1956//1933 1958//1935
f 2788//2627 2789//2628 1956//1933
f 2789//2628 1952//1929 1956//1933
f 2781//2620 2769//2608 2791//2630
f 2769//2608 2773//2612 2791//2630
f 2780//2619 2781//2620 2789//2628
f 2781//2620 2791//2630 2789//2628
f 2789//2628 2791//2630 1952//1929
f 2791//2630 1951//1928 1952//1929
f 2773//2612 1950//1927 2791//2630
f 1950//1927 1951//1928 2791//2630
f 2792//2631 2793//2632 2794//2633
f 2793//2632 2795//2634 2794//2633
f 2792//2631 2794//2633 2796//2635
f 2794//2633 2797//2636 2796//2635
f 2794//2633 2798//2637 2797//2636
f 2798//2637 2799//2638 2797//2636
f 2794//2633 2795//2634 2798//2637
f 2795//2634 2800//2639 2798//2637
f 2796//2635 2797//2636 2801//2640
f 2797//2636 2802//2641 2801//2640
f 2801//2640 2802//2641 2803//2642
f 2802//2641 2804//2643 2803//2642
f 2802//2641 2805//2644 2804//2643
f 2805//2644 2806//2645 2804//2643
f 2797//2636 2799//2638 2802//2641
f 2799//2638 2805//2644 2802//2641
f 2799//2638 2807//2646 2805//2644
f 2807//2646 2808//2647 2805//2644
f 2805//2644 2808//2647 2806//2645
f 2808//2647 2809//2648 2806//2645
f 2808//2647 2810//2649 2809//2648
f 2810//2649 2811//2650 2809//2648
f 2807//2646 2812//2651 2808//2647
f 2812//2651 2810//2649 2808//2647
f 2798//2637 2800//2639 2813//2652
f 2800//2639 2814//2653 2813//2652
f 2798//2637 2813//2652 2799//2638
f 2813//2652 2807//2646 2799//2638
f 2813//2652 2815//2654 2807//2646
f 2815//2654 2812//2651 2807//2646
f 2814//2653 2816//2655 2813//2652
f 2816//2655 2815//2654 2813//2652
f 2817//2656 2818//2657 2819//2658
f 2818//2657 2820//2659 2819//2658
f 2819//2658 2820//2659 2821//2660
f 2820//2659 2822//2661 2821//2660
f 2820//2659 2823//2662 2822//2661
f 2823//2662 2824//2663 2822//2661
f 2818//2657 2825//2664 2820//2659
f 2825//2664 2823//2662 2820//2659
f 2821//2660 2822//2661 2826//2665
f 2822//2661 2827//2666 2826//2665
f 2826//2665 2827//2666 2757//2596
f 2827//2666 2759//2598 2757//2596
f 2827//2666 2828//2667 2759//2598
f 2828//2667 2764//2603 2759//2598
f 2822//2661 2824//2663 2827//2666
f 2824//2663 2828//2667 2827//2666
f 2824//2663 2829//2668 2828//2667
f 2829//2668 2830//2669 2828//2667
f 2828//2667 2830//2669 2764//2603
f 2830//2669 2775//2614 2764//2603
f 2830//2669 2033//2000 2775//2614
f 2033//2000 1940//1917 2775//2614
f 2829//2668 2028//1995 2830//2669
f 2028//1995 2033//2000 2830//2669
f 2825//2664 2831//2670 2823//2662
f 2831//2670 2832//2671 2823//2662
f 2823//2662 2832//2671 2824//2663
f 2832//2671 2829//2668 2824//2663
f 2832//2671 2026//1993 2829//2668
f 2026//1993 2028//1995 2829//2668
f 2831//2670 2024//1991 2832//2671
f 2024//1991 2026//1993 2832//2671
f 2833//2672 2803//2642 2834//2673
f 2803//2642 2804//2643 2834//2673
f 2835//2674 2833//2672 2836//2675
f 2833//2672 2834//2673 2836//2675
f 2836//2675 2834//2673 2837//2676
f 2834//2673 2838//2677 2837//2676
f 2834//2673 2804//2643 2838//2677
f 2804//2643 2806//2645 2838//2677
f 2839//2678 2835//2674 2840//2679
f 2835//2674 2836//2675 2840//2679
f 2839//2678 2840//2679 2841//2680
f 2840//2679 2842//2681 2841//2680
f 2840//2679 2843//2682 2842//2681
f 2843//2682 2844//2683 2842//2681
f 2840//2679 2836//2675 2843//2682
f 2836//2675 2837//2676 2843//2682
f 2843//2682 2837//2676 2845//2684
f 2837//2676 2846//2685 2845//2684
f 2843//2682 2845//2684 2844//2683
f 2845//2684 2847//2686 2844//2683
f 2847//2686 2845//2684 2848//2687
f 2845//2684 2849//2688 2848//2687
f 2845//2684 2846//2685 2849//2688
f 2846//2685 2850//2689 2849//2688
f 2838//2677 2806//2645 2851//2690
f 2806//2645 2809//2648 2851//2690
f 2837//2676 2838//2677 2846//2685
f 2838//2677 2851//2690 2846//2685
f 2846//2685 2851//2690 2850//2689
f 2851//2690 2852//2691 2850//2689
f 2851//2690 2809//2648 2852//2691
f 2809//2648 2811//2650 2852//2691
f 2853//2692 2854//2693 2855//2694
f 2854//2693 2856//2695 2855//2694
f 2855//2694 2856//2695 2857//2696
f 2856//2695 2858//2697 2857//2696
f 2856//2695 2859//2698 2858//2697
f 2859//2698 2860//2699 2858//2697
f 2854//2693 2861//2700 2856//2695
f 2861//2700 2859//2698 2856//2695
f 2857//2696 2858//2697 2862//2701
f 2858//2697 2863//2702 2862//2701
f 2862//2701 2863//2702 2817//2656
f 2863//2702 2818//2657 2817//2656
f 2863//2702 2864//2703 2818//2657
f 2864//2703 2825//2664 2818//2657
f 2858//2697 2860//2699 2863//2702
f 2860//2699 2864//2703 2863//2702
f 2860//2699 2865//2704 2864//2703
f 2865//2704 2866//2705 2864//2703
f 2864//2703 2866//2705 2825//2664
f 2866//2705 2831//2670 2825//2664
f 2831//2670 2866//2705 2024//1991
f 2866//2705 2025//1992 2024//1991
f 2865//2704 2032//1999 2866//2705
f 2032//1999 2025//1992 2866//2705
f 2861//2700 2867//2706 2859//2698
f 2867//2706 2868//2707 2859//2698
f 2859//2698 2868//2707 2860//2699
f 2868//2707 2865//2704 2860//2699
f 2868//2707 2041//2008 2865//2704
f 2041//2008 2032//1999 2865//2704
f 2867//2706 2043//2010 2868//2707
f 2043//2010 2041//2008 2868//2707
f 2366//2332 2869//2708 2368//2334
f 2869//2708 2870//2709 2368//2334
f 2368//2334 2870//2709 2373//2339
f 2870//2709 2871//2710 2373//2339
f 2870//2709 2872//2711 2871//2710
f 2872//2711 2873//2712 2871//2710
f 2869//2708 2874//2713 2870//2709
f 2874//2713 2872//2711 2870//2709
f 2373//2339 2871//2710 2380//2346
f 2871//2710 2875//2714 2380//2346
f 2380//2346 2875//2714 2348//2314
f 2875//2714 2876//2715 2348//2314
f 2875//2714 2877//2716 2876//2715
f 2877//2716 2878//2717 2876//2715
f 2871//2710 2873//2712 2875//2714
f 2873//2712 2877//2716 2875//2714
f 2873//2712 2879//2718 2877//2716
f 2879//2718 2880//2719 2877//2716
f 2877//2716 2880//2719 2878//2717
f 2880//2719 2881//2720 2878//2717
f 2880//2719 2862//2701 2881//2720
f 2862//2701 2817//2656 2881//2720
f 2879//2718 2857//2696 2880//2719
f 2857//2696 2862//2701 2880//2719
f 2874//2713 2882//2721 2872//2711
f 2882//2721 2883//2722 2872//2711
f 2872//2711 2883//2722 2873//2712
f 2883//2722 2879//2718 2873//2712
f 2883//2722 2855//2694 2879//2718
f 2855//2694 2857//2696 2879//2718
f 2882//2721 2853//2692 2883//2722
f 2853//2692 2855//2694 2883//2722
f 2364//2330 2327//2293 2884//2723
f 2327//2293 2885//2724 2884//2723
f 2362//2328 2364//2330 2886//2725
f 2364//2330 2884//2723 2886//2725
f 2886//2725 2884//2723 2887//2726
f 2884//2723 2888//2727 2887//2726
f 2884//2723 2885//2724 2888//2727
f 2885//2724 2889//2728 2888//2727
f 2361//2327 2362//2328 2890//2729
f 2362//2328 2886//2725 2890//2729
f 2360//2326 2361//2327 2891//2730
f 2361//2327 2890//2729 2891//2730
f 2891//2730 2890//2729 2892//2731
f 2890//2729 2893//2732 2892//2731
f 2890//2729 2886//2725 2893//2732
f 2886//2725 2887//2726 2893//2732
f 2893//2732 2887//2726 2894//2733
f 2887//2726 2895//2734 2894//2733
f 2893//2732 2894//2733 2892//2731
f 2894//2733 2896//2735 2892//2731
f 2894//2733 2839//2678 2896//2735
f 2839//2678 2841//2680 2896//2735
f 2894//2733 2895//2734 2839//2678
f 2895//2734 2835//2674 2839//2678
f 2888//2727 2889//2728 2897//2736
f 2889//2728 2898//2737 2897//2736
f 2887//2726 2888//2727 2895//2734
f 2888//2727 2897//2736 2895//2734
f 2895//2734 2897//2736 2835//2674
f 2897//2736 2833//2672 2835//2674
f 2897//2736 2898//2737 2833//2672
f 2898//2737 2803//2642 2833//2672
f 2332//2298 2899//2738 2331//2297
f 2899//2738 2900//2739 2331//2297
f 2331//2297 2900//2739 2328//2294
f 2900//2739 2901//2740 2328//2294
f 2900//2739 2902//2741 2901//2740
f 2902//2741 2903//2742 2901//2740
f 2899//2738 2904//2743 2900//2739
f 2904//2743 2902//2741 2900//2739
f 2328//2294 2901//2740 2326//2292
f 2901//2740 2905//2744 2326//2292
f 2326//2292 2905//2744 2327//2293
f 2905//2744 2885//2724 2327//2293
f 2905//2744 2906//2745 2885//2724
f 2906//2745 2889//2728 2885//2724
f 2901//2740 2903//2742 2905//2744
f 2903//2742 2906//2745 2905//2744
f 2903//2742 2907//2746 2906//2745
f 2907//2746 2908//2747 2906//2745
f 2906//2745 2908//2747 2889//2728
f 2908//2747 2898//2737 2889//2728
f 2908//2747 2801//2640 2898//2737
f 2801//2640 2803//2642 2898//2737
f 2907//2746 2796//2635 2908//2747
f 2796//2635 2801//2640 2908//2747
f 2902//2741 2904//2743 2909//2748
f 2904//2743 2910//2749 2909//2748
f 2902//2741 2909//2748 2903//2742
f 2909//2748 2907//2746 2903//2742
f 2909//2748 2792//2631 2907//2746
f 2792//2631 2796//2635 2907//2746
f 2909//2748 2910//2749 2792//2631
f 2910//2749 2793//2632 2792//2631
f 2312//2278 2290//2256 2911//2750
f 2290//2256 2912//2751 2911//2750
f 2310//2276 2312//2278 2913//2752
f 2312//2278 2911//2750 2913//2752
f 2913//2752 2911//2750 2914//2753
f 2911//2750 2915//2754 2914//2753
f 2911//2750 2912//2751 2915//2754
f 2912//2751 2916//2755 2915//2754
f 2309//2275 2310//2276 2917//2756
f 2310//2276 2913//2752 2917//2756
f 2308//2274 2309//2275 2918//2757
f 2309//2275 2917//2756 2918//2757
f 2918//2757 2917//2756 2919//2758
f 2917//2756 2920//2759 2919//2758
f 2917//2756 2913//2752 2920//2759
f 2913//2752 2914//2753 2920//2759
f 2920//2759 2914//2753 2921//2760
f 2914//2753 2922//2761 2921//2760
f 2919//2758 2920//2759 2923//2762
f 2920//2759 2921//2760 2923//2762
f 2923//2762 2921//2760 2784//2623
f 2921//2760 2782//2621 2784//2623
f 2921//2760 2922//2761 2782//2621
f 2922//2761 2778//2617 2782//2621
f 2915//2754 2916//2755 2924//2763
f 2916//2755 2925//2764 2924//2763
f 2914//2753 2915//2754 2922//2761
f 2915//2754 2924//2763 2922//2761
f 2922//2761 2924//2763 2778//2617
f 2924//2763 2776//2615 2778//2617
f 2924//2763 2925//2764 2776//2615
f 2925//2764 2767//2606 2776//2615
f 2295//2261 2296//2262 2926//2765
f 2296//2262 2927//2766 2926//2765
f 2292//2258 2295//2261 2928//2767
f 2295//2261 2926//2765 2928//2767
f 2928//2767 2926//2765 2929//2768
f 2926//2765 2930//2769 2929//2768
f 2926//2765 2927//2766 2930//2769
f 2927//2766 2931//2770 2930//2769
f 2291//2257 2292//2258 2932//2771
f 2292//2258 2928//2767 2932//2771
f 2290//2256 2291//2257 2912//2751
f 2291//2257 2932//2771 2912//2751
f 2912//2751 2932//2771 2916//2755
f 2932//2771 2933//2772 2916//2755
f 2932//2771 2928//2767 2933//2772
f 2928//2767 2929//2768 2933//2772
f 2933//2772 2929//2768 2934//2773
f 2929//2768 2935//2774 2934//2773
f 2916//2755 2933//2772 2925//2764
f 2933//2772 2934//2773 2925//2764
f 2925//2764 2934//2773 2767//2606
f 2934//2773 2765//2604 2767//2606
f 2934//2773 2935//2774 2765//2604
f 2935//2774 2760//2599 2765//2604
f 2930//2769 2931//2770 2936//2775
f 2931//2770 2937//2776 2936//2775
f 2929//2768 2930//2769 2935//2774
f 2930//2769 2936//2775 2935//2774
f 2935//2774 2936//2775 2760//2599
f 2936//2775 2756//2595 2760//2599
f 2936//2775 2937//2776 2756//2595
f 2937//2776 2757//2596 2756//2595
f 2348//2314 2876//2715 2347//2313
f 2876//2715 2938//2777 2347//2313
f 2347//2313 2938//2777 2344//2310
f 2938//2777 2939//2778 2344//2310
f 2938//2777 2940//2779 2939//2778
f 2940//2779 2941//2780 2939//2778
f 2876//2715 2878//2717 2938//2777
f 2878//2717 2940//2779 2938//2777
f 2344//2310 2939//2778 2343//2309
f 2939//2778 2942//2781 2343//2309
f 2343//2309 2942//2781 2296//2262
f 2942//2781 2927//2766 2296//2262
f 2942//2781 2943//2782 2927//2766
f 2943//2782 2931//2770 2927//2766
f 2939//2778 2941//2780 2942//2781
f 2941//2780 2943//2782 2942//2781
f 2941//2780 2944//2783 2943//2782
f 2944//2783 2945//2784 2943//2782
f 2943//2782 2945//2784 2931//2770
f 2945//2784 2937//2776 2931//2770
f 2945//2784 2826//2665 2937//2776
f 2826//2665 2757//2596 2937//2776
f 2944//2783 2821//2660 2945//2784
f 2821//2660 2826//2665 2945//2784
f 2878//2717 2881//2720 2940//2779
f 2881//2720 2946//2785 2940//2779
f 2940//2779 2946//2785 2941//2780
f 2946//2785 2944//2783 2941//2780
f 2946//2785 2819//2658 2944//2783
f 2819//2658 2821//2660 2944//2783
f 2881//2720 2817//2656 2946//2785
f 2817//2656 2819//2658 2946//2785
f 2249//2215 2250//2216 2947//2786
f 2250//2216 2948//2787 2947//2786
f 2947//2786 2948//2787 2949//2788
f 2948//2787 2950//2789 2949//2788
f 2948//2787 2951//2790 2950//2789
f 2951//2790 2952//2791 2950//2789
f 2250//2216 2251//2217 2948//2787
f 2251//2217 2951//2790 2948//2787
f 2949//2788 2950//2789 2953//2792
f 2950//2789 2954//2793 2953//2792
f 2953//2792 2954//2793 2019//1986
f 2954//2793 2261//2227 2019//1986
f 2954//2793 2955//2794 2261//2227
f 2955//2794 2266//2232 2261//2227
f 2950//2789 2952//2791 2954//2793
f 2952//2791 2955//2794 2954//2793
f 2952//2791 2956//2795 2955//2794
f 2956//2795 2957//2796 2955//2794
f 2955//2794 2957//2796 2266//2232
f 2957//2796 2273//2239 2266//2232
f 2957//2796 2958//2797 2273//2239
f 2958//2797 2276//2242 2273//2239
f 2956//2795 2959//2798 2957//2796
f 2959//2798 2958//2797 2957//2796
f 2951//2790 2251//2217 2960//2799
f 2251//2217 2255//2221 2960//2799
f 2951//2790 2960//2799 2952//2791
f 2960//2799 2956//2795 2952//2791
f 2960//2799 2961//2800 2956//2795
f 2961//2800 2959//2798 2956//2795
f 2960//2799 2255//2221 2961//2800
f 2255//2221 2256//2222 2961//2800
f 2023//1990 1999//1969 2962//2801
f 1999//1969 2963//1969 2962//2801
f 2021//1988 2023//1990 2964//2802
f 2023//1990 2962//2801 2964//2802
f 2964//2802 2962//2801 2965//2803
f 2962//2801 2966//2804 2965//2803
f 2962//2801 2963//1969 2966//2804
f 2963//1969 2967//1969 2966//2804
f 2020//1987 2021//1988 2968//2805
f 2021//1988 2964//2802 2968//2805
f 2019//1986 2020//1987 2953//2792
f 2020//1987 2968//2805 2953//2792
f 2953//2792 2968//2805 2949//2788
f 2968//2805 2969//2806 2949//2788
f 2968//2805 2964//2802 2969//2806
f 2964//2802 2965//2803 2969//2806
f 2969//2806 2965//2803 2970//2807
f 2965//2803 2971//2808 2970//2807
f 2949//2788 2969//2806 2947//2786
f 2969//2806 2970//2807 2947//2786
f 2947//2786 2970//2807 2249//2215
f 2970//2807 2507//2383 2249//2215
f 2970//2807 2971//2808 2507//2383
f 2971//2808 2503//2379 2507//2383
f 2966//2804 2967//1969 2972//2809
f 2967//1969 2973//1969 2972//2809
f 2965//2803 2966//2804 2971//2808
f 2966//2804 2972//2809 2971//2808
f 2971//2808 2972//2809 2503//2379
f 2972//2809 2501//2377 2503//2379
f 2972//2809 2973//1969 2501//2377
f 2973//1969 2489//1969 2501//2377
f 1980//1954 2974//1954 2003//1970
f 2974//1954 2975//1970 2003//1970
f 2001//1968 2003//1970 2976//1968
f 2003//1970 2975//1970 2976//1968
f 2976//1968 2975//1970 2977//1968
f 2975//1970 2978//1970 2977//1968
f 2974//1954 2979//1954 2975//1970
f 2979//1954 2978//1970 2975//1970
f 2000//1967 2001//1968 2980//1967
f 2001//1968 2976//1968 2980//1967
f 1999//1969 2000//1967 2963//1969
f 2000//1967 2980//1967 2963//1969
f 2963//1969 2980//1967 2967//1969
f 2980//1967 2981//1967 2967//1969
f 2980//1967 2976//1968 2981//1967
f 2976//1968 2977//1968 2981//1967
f 2981//1967 2977//1968 2982//1967
f 2977//1968 2983//1968 2982//1967
f 2967//1969 2981//1967 2973//1969
f 2981//1967 2982//1967 2973//1969
f 2973//1969 2982//1967 2489//1969
f 2982//1967 2487//1967 2489//1969
f 2982//1967 2983//1968 2487//1967
f 2983//1968 2483//1968 2487//1967
f 2979//1954 2984//1954 2978//1970
f 2984//1954 2985//1970 2978//1970
f 2977//1968 2978//1970 2983//1968
f 2978//1970 2985//1970 2983//1968
f 2983//1968 2985//1970 2483//1968
f 2985//1970 2481//1970 2483//1968
f 2984//1954 2469//1954 2985//1970
f 2469//1954 2481//1970 2985//1970
f 1893//478 2986//478 1983//1945
f 2986//478 2987//1945 1983//1945
f 1983//1945 2987//1945 1981//1946
f 2987//1945 2988//1946 1981//1946
f 2987//1945 2989//1945 2988//1946
f 2989//1945 2990//1946 2988//1946
f 2986//478 2991//478 2987//1945
f 2991//478 2989//1945 2987//1945
f 1981//1946 2988//1946 1979//1953
f 2988//1946 2992//1953 1979//1953
f 1979//1953 2992//1953 1980//1954
f 2992//1953 2974//1954 1980//1954
f 2992//1953 2993//1953 2974//1954
f 2993//1953 2979//1954 2974//1954
f 2988//1946 2990//1946 2992//1953
f 2990//1946 2993//1953 2992//1953
f 2990//1946 2994//1946 2993//1953
f 2994//1946 2995//1953 2993//1953
f 2993//1953 2995//1953 2979//1954
f 2995//1953 2984//1954 2979//1954
f 2995//1953 2467//1953 2984//1954
f 2467//1953 2469//1954 2984//1954
f 2994//1946 2463//1946 2995//1953
f 2463//1946 2467//1953 2995//1953
f 2991//478 2996//478 2989//1945
f 2996//478 2997//1945 2989//1945
f 2989//1945 2997//1945 2990//1946
f 2997//1945 2994//1946 2990//1946
f 2997//1945 2461//1945 2994//1946
f 2461//1945 2463//1946 2994//1946
f 2996//478 2392//478 2997//1945
f 2392//478 2461//1945 2997//1945
f 1898//1879 2998//1879 1897//1881
f 2998//1879 2999//1881 1897//1881
f 1897//1881 2999//1881 1894//1878
f 2999//1881 3000//1878 1894//1878
f 2999//1881 3001//1881 3000//1878
f 3001//1881 3002//1878 3000//1878
f 2998//1879 3003//1879 2999//1881
f 3003//1879 3001//1881 2999//1881
f 1894//1878 3000//1878 1892//1877
f 3000//1878 3004//1877 1892//1877
f 1892//1877 3004//1877 1893//478
f 3004//1877 2986//478 1893//478
f 3004//1877 3005//1877 2986//478
f 3005//1877 2991//478 2986//478
f 3000//1878 3002//1878 3004//1877
f 3002//1878 3005//1877 3004//1877
f 3002//1878 3006//1878 3005//1877
f 3006//1878 3007//1877 3005//1877
f 3005//1877 3007//1877 2991//478
f 3007//1877 2996//478 2991//478
f 3007//1877 2390//1877 2996//478
f 2390//1877 2392//478 2996//478
f 3006//1878 2385//1878 3007//1877
f 2385//1878 2390//1877 3007//1877
f 3003//1879 3008//1879 3001//1881
f 3008//1879 3009//1881 3001//1881
f 3001//1881 3009//1881 3002//1878
f 3009//1881 3006//1878 3002//1878
f 3009//1881 2383//1881 3006//1878
f 2383//1881 2385//1878 3006//1878
f 3008//1879 2381//1879 3009//1881
f 2381//1879 2383//1881 3009//1881
f 1918//1890 3010//1890 1917//1888
f 3010//1890 3011//1888 1917//1888
f 1917//1888 3011//1888 1914//1894
f 3011//1888 3012//1894 1914//1894
f 3011//1888 3013//1888 3012//1894
f 3013//1888 3014//1894 3012//1894
f 3010//1890 3015//1890 3011//1888
f 3015//1890 3013//1888 3011//1888
f 1914//1894 3012//1894 1913//1895
f 3012//1894 3016//1895 1913//1895
f 1913//1895 3016//1895 1898//1879
f 3016//1895 2998//1879 1898//1879
f 3016//1895 3017//1895 2998//1879
f 3017//1895 3003//1879 2998//1879
f 3012//1894 3014//1894 3016//1895
f 3014//1894 3017//1895 3016//1895
f 3014//1894 3018//1894 3017//1895
f 3018//1894 3019//1895 3017//1895
f 3017//1895 3019//1895 3003//1879
f 3019//1895 3008//1879 3003//1879
f 3019//1895 2415//1895 3008//1879
f 2415//1895 2381//1879 3008//1879
f 3018//1894 2410//1894 3019//1895
f 2410//1894 2415//1895 3019//1895
f 3015//1890 3020//1890 3013//1888
f 3020//1890 3021//1888 3013//1888
f 3013//1888 3021//1888 3014//1894
f 3021//1888 3018//1894 3014//1894
f 3021//1888 2408//1888 3018//1894
f 2408//1888 2410//1894 3018//1894
f 3020//1890 2406//1890 3021//1888
f 2406//1890 2408//1888 3021//1888
f 1938//1915 3022//2810 1937//1914
f 3022//2810 3023//2811 1937//1914
f 1937//1914 3023//2811 1934//1911
f 3023//2811 3024//2812 1934//1911
f 3023//2811 3025//2813 3024//2812
f 3025//2813 3026//2814 3024//2812
f 3022//2810 3027//2815 3023//2811
f 3027//2815 3025//2813 3023//2811
f 1934//1911 3024//2812 1933//1910
f 3024//2812 3028//2816 1933//1910
f 1933//1910 3028//2816 1918//1890
f 3028//2816 3010//1890 1918//1890
f 3028//2816 3029//2817 3010//1890
f 3029//2817 3015//1890 3010//1890
f 3024//2812 3026//2814 3028//2816
f 3026//2814 3029//2817 3028//2816
f 3026//2814 3030//2818 3029//2817
f 3030//2818 3031//2819 3029//2817
f 3029//2817 3031//2819 3015//1890
f 3031//2819 3020//1890 3015//1890
f 3031//2819 2434//2355 3020//1890
f 2434//2355 2406//1890 3020//1890
f 3030//2818 2429//2350 3031//2819
f 2429//2350 2434//2355 3031//2819
f 3027//2815 3032//2820 3025//2813
f 3032//2820 3033//2821 3025//2813
f 3025//2813 3033//2821 3026//2814
f 3033//2821 3030//2818 3026//2814
f 3033//2821 2427//2348 3030//2818
f 2427//2348 2429//2350 3030//2818
f 3032//2820 2197//2163 3033//2821
f 2197//2163 2427//2348 3033//2821
f 2192//2158 3034//2822 2191//2157
f 3034//2822 3035//2823 2191//2157
f 2191//2157 3035//2823 2187//2153
f 3035//2823 3036//2824 2187//2153
f 3035//2823 3037//2825 3036//2824
f 3037//2825 3038//2826 3036//2824
f 3034//2822 3039//2827 3035//2823
f 3039//2827 3037//2825 3035//2823
f 2187//2153 3036//2824 2186//2152
f 3036//2824 3040//2828 2186//2152
f 2186//2152 3040//2828 1938//1915
f 3040//2828 3022//2810 1938//1915
f 3040//2828 3041//2829 3022//2810
f 3041//2829 3027//2815 3022//2810
f 3036//2824 3038//2826 3040//2828
f 3038//2826 3041//2829 3040//2828
f 3038//2826 3042//2830 3041//2829
f 3042//2830 3043//2831 3041//2829
f 3041//2829 3043//2831 3027//2815
f 3043//2831 3032//2820 3027//2815
f 3043//2831 2198//2164 3032//2820
f 2198//2164 2197//2163 3032//2820
f 3042//2830 2205//2171 3043//2831
f 2205//2171 2198//2164 3043//2831
f 3039//2827 3044//2832 3037//2825
f 3044//2832 3045//2833 3037//2825
f 3037//2825 3045//2833 3038//2826
f 3045//2833 3042//2830 3038//2826
f 3042//2830 3045//2833 2205//2171
f 3045//2833 2218//2184 2205//2171
f 3045//2833 3044//2832 2218//2184
f 3044//2832 2221//2187 2218//2184
f 2308//2274 3046//2834 2307//2273
f 3046//2834 3047//2835 2307//2273
f 2307//2273 3047//2835 2303//2269
f 3047//2835 3048//2836 2303//2269
f 3047//2835 3049//2837 3048//2836
f 3049//2837 3050//2838 3048//2836
f 3046//2834 3051//2839 3047//2835
f 3051//2839 3049//2837 3047//2835
f 2303//2269 3048//2836 2302//2268
f 3048//2836 3052//2840 2302//2268
f 2302//2268 3052//2840 2192//2158
f 3052//2840 3034//2822 2192//2158
f 3052//2840 3053//2841 3034//2822
f 3053//2841 3039//2827 3034//2822
f 3048//2836 3050//2838 3052//2840
f 3050//2838 3053//2841 3052//2840
f 3050//2838 3054//2842 3053//2841
f 3054//2842 3055//2843 3053//2841
f 3053//2841 3055//2843 3039//2827
f 3055//2843 3044//2832 3039//2827
f 3044//2832 3055//2843 2221//2187
f 3055//2843 2313//2279 2221//2187
f 3055//2843 3054//2842 2313//2279
f 3054//2842 2318//2284 2313//2279
f 3051//2839 3056//2844 3049//2837
f 3056//2844 3057//2845 3049//2837
f 3049//2837 3057//2845 3050//2838
f 3057//2845 3054//2842 3050//2838
f 3057//2845 2329//2295 3054//2842
f 2329//2295 2318//2284 3054//2842
f 3056//2844 2332//2298 3057//2845
f 2332//2298 2329//2295 3057//2845
f 2784//2623 3058//2846 2923//2762
f 3058//2846 3059//2847 2923//2762
f 2923//2762 3059//2847 2919//2758
f 3059//2847 3060//2848 2919//2758
f 3059//2847 3061//2849 3060//2848
f 3061//2849 3062//2850 3060//2848
f 3058//2846 3063//2851 3059//2847
f 3063//2851 3061//2849 3059//2847
f 2919//2758 3060//2848 2918//2757
f 3060//2848 3064//2852 2918//2757
f 2918//2757 3064//2852 2308//2274
f 3064//2852 3046//2834 2308//2274
f 3064//2852 3065//2853 3046//2834
f 3065//2853 3051//2839 3046//2834
f 3060//2848 3062//2850 3064//2852
f 3062//2850 3065//2853 3064//2852
f 3062//2850 3066//2854 3065//2853
f 3066//2854 3067//2855 3065//2853
f 3065//2853 3067//2855 3051//2839
f 3067//2855 3056//2844 3051//2839
f 3067//2855 2899//2738 3056//2844
f 2899//2738 2332//2298 3056//2844
f 3066//2854 2904//2743 3067//2855
f 2904//2743 2899//2738 3067//2855
f 3063//2851 3068//2856 3061//2849
f 3068//2856 3069//2857 3061//2849
f 3061//2849 3069//2857 3062//2850
f 3069//2857 3066//2854 3062//2850
f 3069//2857 2910//2749 3066//2854
f 2910//2749 2904//2743 3066//2854
f 3068//2856 2793//2632 3069//2857
f 2793//2632 2910//2749 3069//2857
f 1958//1935 3070//2858 2790//2629
f 3070//2858 3071//2859 2790//2629
f 2790//2629 3071//2859 2786//2625
f 3071//2859 3072//2860 2786//2625
f 3071//2859 3073//2861 3072//2860
f 3073//2861 3074//2862 3072//2860
f 3070//2858 3075//2863 3071//2859
f 3075//2863 3073//2861 3071//2859
f 2786//2625 3072//2860 2785//2624
f 3072//2860 3076//2864 2785//2624
f 2785//2624 3076//2864 2784//2623
f 3076//2864 3058//2846 2784//2623
f 3076//2864 3077//2865 3058//2846
f 3077//2865 3063//2851 3058//2846
f 3072//2860 3074//2862 3076//2864
f 3074//2862 3077//2865 3076//2864
f 3074//2862 3078//2866 3077//2865
f 3078//2866 3079//2867 3077//2865
f 3077//2865 3079//2867 3063//2851
f 3079//2867 3068//2856 3063//2851
f 3079//2867 2795//2634 3068//2856
f 2795//2634 2793//2632 3068//2856
f 3078//2866 2800//2639 3079//2867
f 2800//2639 2795//2634 3079//2867
f 3075//2863 3080//2868 3073//2861
f 3080//2868 3081//2869 3073//2861
f 3073//2861 3081//2869 3074//2862
f 3081//2869 3078//2866 3074//2862
f 3081//2869 2814//2653 3078//2866
f 2814//2653 2800//2639 3078//2866
f 3080//2868 2816//2655 3081//2869
f 2816//2655 2814//2653 3081//2869
f 1963//1940 3082//2870 1962//1939
f 3082//2870 3083//2871 1962//1939
f 1962//1939 3083//2871 1959//1936
f 3083//2871 3084//2872 1959//1936
f 3083//2871 3085//2873 3084//2872
f 3085//2873 3086//2874 3084//2872
f 3082//2870 3087//2875 3083//2871
f 3087//2875 3085//2873 3083//2871
f 1959//1936 3084//2872 1957//1934
f 3084//2872 3088//2876 1957//1934
f 1957//1934 3088//2876 1958//1935
f 3088//2876 3070//2858 1958//1935
f 3088//2876 3089//2877 3070//2858
f 3089//2877 3075//2863 3070//2858
f 3084//2872 3086//2874 3088//2876
f 3086//2874 3089//2877 3088//2876
f 3086//2874 3090//2878 3089//2877
f 3090//2878 3091//2879 3089//2877
f 3089//2877 3091//2879 3075//2863
f 3091//2879 3080//2868 3075//2863
f 3091//2879 2815//2654 3080//2868
f 2815//2654 2816//2655 3080//2868
f 3090//2878 2812//2651 3091//2879
f 2812//2651 2815//2654 3091//2879
f 3087//2875 3092//2880 3085//2873
f 3092//2880 3093//2881 3085//2873
f 3085//2873 3093//2881 3086//2874
f 3093//2881 3090//2878 3086//2874
f 3093//2881 2810//2649 3090//2878
f 2810//2649 2812//2651 3090//2878
f 3092//2880 2811//2650 3093//2881
f 2811//2650 2810//2649 3093//2881
f 2042//2009 2043//2010 3094//2882
f 2043//2010 3095//2883 3094//2882
f 2039//2006 2042//2009 3096//2884
f 2042//2009 3094//2882 3096//2884
f 3096//2884 3094//2882 3097//2885
f 3094//2882 3098//2886 3097//2885
f 3094//2882 3095//2883 3098//2886
f 3095//2883 3099//2887 3098//2886
f 2038//2005 2039//2006 3100//2888
f 2039//2006 3096//2884 3100//2888
f 1963//1940 2038//2005 3082//2870
f 2038//2005 3100//2888 3082//2870
f 3082//2870 3100//2888 3087//2875
f 3100//2888 3101//2889 3087//2875
f 3100//2888 3096//2884 3101//2889
f 3096//2884 3097//2885 3101//2889
f 3101//2889 3097//2885 3102//2890
f 3097//2885 3103//2891 3102//2890
f 3087//2875 3101//2889 3092//2880
f 3101//2889 3102//2890 3092//2880
f 3092//2880 3102//2890 2811//2650
f 3102//2890 2852//2691 2811//2650
f 3102//2890 3103//2891 2852//2691
f 3103//2891 2850//2689 2852//2691
f 3098//2886 3099//2887 3104//2892
f 3099//2887 3105//2893 3104//2892
f 3097//2885 3098//2886 3103//2891
f 3098//2886 3104//2892 3103//2891
f 3103//2891 3104//2892 2850//2689
f 3104//2892 2849//2688 2850//2689
f 3104//2892 3105//2893 2849//2688
f 3105//2893 2848//2687 2849//2688
f 2841//2680 2842//2681 3106//2894
f 2842//2681 3107//2895 3106//2894
f 3106//2894 3107//2895 3108//2896
f 3107//2895 3109//2897 3108//2896
f 3107//2895 3110//2898 3109//2897
f 3110//2898 3111//2899 3109//2897
f 2842//2681 2844//2683 3107//2895
f 2844//2683 3110//2898 3107//2895
f 3108//2896 3109//2897 3112//2900
f 3109//2897 3113//2901 3112//2900
f 3112//2900 3113//2901 2853//2692
f 3113//2901 2854//2693 2853//2692
f 3113//2901 3114//2902 2854//2693
f 3114//2902 2861//2700 2854//2693
f 3109//2897 3111//2899 3113//2901
f 3111//2899 3114//2902 3113//2901
f 3111//2899 3115//2903 3114//2902
f 3115//2903 3116//2904 3114//2902
f 3114//2902 3116//2904 2861//2700
f 3116//2904 2867//2706 2861//2700
f 3116//2904 3095//2883 2867//2706
f 3095//2883 2043//2010 2867//2706
f 3115//2903 3099//2887 3116//2904
f 3099//2887 3095//2883 3116//2904
f 2844//2683 2847//2686 3110//2898
f 2847//2686 3117//2905 3110//2898
f 3110//2898 3117//2905 3111//2899
f 3117//2905 3115//2903 3111//2899
f 3117//2905 3105//2893 3115//2903
f 3105//2893 3099//2887 3115//2903
f 2847//2686 2848//2687 3117//2905
f 2848//2687 3105//2893 3117//2905
f 2360//2326 2891//2730 3118//2906
f 2891//2730 3119//2907 3118//2906
f 3118//2906 3119//2907 3120//2908
f 3119//2907 3121//2909 3120//2908
f 3119//2907 3122//2910 3121//2909
f 3122//2910 3123//2911 3121//2909
f 2891//2730 2892//2731 3119//2907
f 2892//2731 3122//2910 3119//2907
f 3120//2908 3121//2909 3124//2912
f 3121//2909 3125//2913 3124//2912
f 3124//2912 3125//2913 2366//2332
f 3125//2913 2869//2708 2366//2332
f 3125//2913 3126//2914 2869//2708
f 3126//2914 2874//2713 2869//2708
f 3121//2909 3123//2911 3125//2913
f 3123//2911 3126//2914 3125//2913
f 3123//2911 3127//2915 3126//2914
f 3127//2915 3128//2916 3126//2914
f 3126//2914 3128//2916 2874//2713
f 3128//2916 2882//2721 2874//2713
f 3128//2916 3112//2900 2882//2721
f 3112//2900 2853//2692 2882//2721
f 3127//2915 3108//2896 3128//2916
f 3108//2896 3112//2900 3128//2916
f 2892//2731 2896//2735 3122//2910
f 2896//2735 3129//2917 3122//2910
f 3122//2910 3129//2917 3123//2911
f 3129//2917 3127//2915 3123//2911
f 3129//2917 3106//2894 3127//2915
f 3106//2894 3108//2896 3127//2915
f 2896//2735 2841//2680 3129//2917
f 2841//2680 3106//2894 3129//2917
f 2961//2800 2256//2222 3130//2918
f 2256//2222 2354//2320 3130//2918
f 2961//2800 3130//2918 2959//2798
f 3130//2918 3131//2919 2959//2798
f 3130//2918 3132//2920 3131//2919
f 3132//2920 3133//2921 3131//2919
f 3130//2918 2354//2320 3132//2920
f 2354//2320 2355//2321 3132//2920
f 2959//2798 3131//2919 2958//2797
f 3131//2919 3134//2922 2958//2797
f 2958//2797 3134//2922 2276//2242
f 3134//2922 2374//2340 2276//2242
f 3134//2922 3135//2923 2374//2340
f 3135//2923 2369//2335 2374//2340
f 3131//2919 3133//2921 3134//2922
f 3133//2921 3135//2923 3134//2922
f 3133//2921 3136//2924 3135//2923
f 3136//2924 3137//2925 3135//2923
f 3135//2923 3137//2925 2369//2335
f 3137//2925 2365//2331 2369//2335
f 3137//2925 3124//2912 2365//2331
f 3124//2912 2366//2332 2365//2331
f 3136//2924 3120//2908 3137//2925
f 3120//2908 3124//2912 3137//2925
f 2355//2321 2359//2325 3132//2920
f 2359//2325 3138//2926 3132//2920
f 3132//2920 3138//2926 3133//2921
f 3138//2926 3136//2924 3133//2921
f 3138//2926 3118//2906 3136//2924
f 3118//2906 3120//2908 3136//2924
f 2359//2325 2360//2326 3138//2926
f 2360//2326 3118//2906 3138//2926
f 2519//2393 2496//1969 3139//2393
f 2496//1969 3140//1969 3139//2393
f 2517//2392 2519//2393 3141//2927
f 2519//2393 3139//2393 3141//2927
f 3141//2927 3139//2393 3142//2927
f 3139//2393 3143//2393 3142//2927
f 3139//2393 3140//1969 3143//2393
f 3140//1969 3144//1969 3143//2393
f 2516//2391 2517//2392 3145//2391
f 2517//2392 3141//2927 3145//2391
f 2515//1850 2516//2391 3146//1850
f 2516//2391 3145//2391 3146//1850
f 3146//1850 3145//2391 3147//1850
f 3145//2391 3148//2928 3147//1850
f 3145//2391 3141//2927 3148//2928
f 3141//2927 3142//2927 3148//2928
f 3148//2928 3142//2927 3149//2391
f 3142//2927 3150//2392 3149//2391
f 3147//1850 3148//2928 3151//1850
f 3148//2928 3149//2391 3151//1850
f 3151//1850 3149//2391 2543//2410
f 3149//2391 2541//2391 2543//2410
f 3149//2391 3150//2392 2541//2391
f 3150//2392 2536//2392 2541//2391
f 3143//2393 3144//1969 3152//2393
f 3144//1969 3153//1969 3152//2393
f 3142//2927 3143//2393 3150//2392
f 3143//2393 3152//2393 3150//2392
f 3150//2392 3152//2393 2536//2392
f 3152//2393 2532//2393 2536//2392
f 3152//2393 3153//1969 2532//2393
f 3153//1969 2533//1969 2532//2393
f 2477//1954 3154//1954 2500//1970
f 3154//1954 3155//1970 2500//1970
f 2498//1968 2500//1970 3156//1968
f 2500//1970 3155//1970 3156//1968
f 3156//1968 3155//1970 3157//1968
f 3155//1970 3158//1970 3157//1968
f 3154//1954 3159//1954 3155//1970
f 3159//1954 3158//1970 3155//1970
f 2497//1967 2498//1968 3160//1967
f 2498//1968 3156//1968 3160//1967
f 2496//1969 2497//1967 3140//1969
f 2497//1967 3160//1967 3140//1969
f 3140//1969 3160//1967 3144//1969
f 3160//1967 3161//1967 3144//1969
f 3160//1967 3156//1968 3161//1967
f 3156//1968 3157//1968 3161//1967
f 3161//1967 3157//1968 3162//1967
f 3157//1968 3163//1968 3162//1967
f 3144//1969 3161//1967 3153//1969
f 3161//1967 3162//1967 3153//1969
f 3153//1969 3162//1967 2533//1969
f 3162//1967 2561//1967 2533//1969
f 3162//1967 3163//1968 2561//1967
f 3163//1968 2556//1968 2561//1967
f 3159//1954 3164//1954 3158//1970
f 3164//1954 3165//1970 3158//1970
f 3157//1968 3158//1970 3163//1968
f 3158//1970 3165//1970 3163//1968
f 3165//1970 2554//1970 3163//1968
f 2554//1970 2556//1968 3163//1968
f 3164//1954 2552//1954 3165//1970
f 2552//1954 2554//1970 3165//1970
f 2400//478 3166//478 2480//1945
f 3166//478 3167//1945 2480//1945
f 2480//1945 3167//1945 2478//1946
f 3167//1945 3168//1946 2478//1946
f 3167//1945 3169//1945 3168//1946
f 3169//1945 3170//1946 3168//1946
f 3166//478 3171//478 3167//1945
f 3171//478 3169//1945 3167//1945
f 2478//1946 3168//1946 2476//1953
f 3168//1946 3172//1953 2476//1953
f 2476//1953 3172//1953 2477//1954
f 3172//1953 3154//1954 2477//1954
f 3172//1953 3173//1953 3154//1954
f 3173//1953 3159//1954 3154//1954
f 3168//1946 3170//1946 3172//1953
f 3170//1946 3173//1953 3172//1953
f 3170//1946 3174//1946 3173//1953
f 3174//1946 3175//1953 3173//1953
f 3173//1953 3175//1953 3159//1954
f 3175//1953 3164//1954 3159//1954
f 3175//1953 2577//1953 3164//1954
f 2577//1953 2552//1954 3164//1954
f 3174//1946 2572//1946 3175//1953
f 2572//1946 2577//1953 3175//1953
f 3171//478 3176//478 3169//1945
f 3176//478 3177//1945 3169//1945
f 3169//1945 3177//1945 3170//1946
f 3177//1945 3174//1946 3170//1946
f 3177//1945 2570//1945 3174//1946
f 2570//1945 2572//1946 3174//1946
f 3176//478 2568//478 3177//1945
f 2568//478 2570//1945 3177//1945
f 2405//1879 3178//1879 2404//1880
f 3178//1879 3179//1881 2404//1880
f 2404//1880 3179//1881 2401//1878
f 3179//1881 3180//1878 2401//1878
f 3179//1881 3181//1881 3180//1878
f 3181//1881 3182//1878 3180//1878
f 3178//1879 3183//1879 3179//1881
f 3183//1879 3181//1881 3179//1881
f 2401//1878 3180//1878 2399//1877
f 3180//1878 3184//1877 2399//1877
f 2399//1877 3184//1877 2400//478
f 3184//1877 3166//478 2400//478
f 3184//1877 3185//1877 3166//478
f 3185//1877 3171//478 3166//478
f 3180//1878 3182//1878 3184//1877
f 3182//1878 3185//1877 3184//1877
f 3182//1878 3186//1878 3185//1877
f 3186//1878 3187//1877 3185//1877
f 3185//1877 3187//1877 3171//478
f 3187//1877 3176//478 3171//478
f 3187//1877 2593//1877 3176//478
f 2593//1877 2568//478 3176//478
f 3186//1878 2588//1878 3187//1877
f 2588//1878 2593//1877 3187//1877
f 3183//1879 3188//1879 3181//1881
f 3188//1879 3189//1881 3181//1881
f 3181//1881 3189//1881 3182//1878
f 3189//1881 3186//1878 3182//1878
f 3189//1881 2586//1880 3186//1878
f 2586//1880 2588//1878 3186//1878
f 3188//1879 2584//1879 3189//1881
f 2584//1879 2586//1880 3189//1881
f 2425//1890 3190//1890 2424//1888
f 3190//1890 3191//1888 2424//1888
f 2424//1888 3191//1888 2421//1894
f 3191//1888 3192//1894 2421//1894
f 3191//1888 3193//1888 3192//1894
f 3193//1888 3194//1894 3192//1894
f 3190//1890 3195//1890 3191//1888
f 3195//1890 3193//1888 3191//1888
f 2421//1894 3192//1894 2420//1895
f 3192//1894 3196//1895 2420//1895
f 2420//1895 3196//1895 2405//1879
f 3196//1895 3178//1879 2405//1879
f 3196//1895 3197//1895 3178//1879
f 3197//1895 3183//1879 3178//1879
f 3192//1894 3194//1894 3196//1895
f 3194//1894 3197//1895 3196//1895
f 3194//1894 3198//1894 3197//1895
f 3198//1894 3199//1895 3197//1895
f 3197//1895 3199//1895 3183//1879
f 3199//1895 3188//1879 3183//1879
f 3199//1895 2609//2461 3188//1879
f 2609//2461 2584//1879 3188//1879
f 3198//1894 2604//1894 3199//1895
f 2604//1894 2609//2461 3199//1895
f 3195//1890 3200//1890 3193//1888
f 3200//1890 3201//1888 3193//1888
f 3193//1888 3201//1888 3194//1894
f 3201//1888 3198//1894 3194//1894
f 3201//1888 2602//1888 3198//1894
f 2602//1888 2604//1894 3198//1894
f 3200//1890 2600//1890 3201//1888
f 2600//1890 2602//1888 3201//1888
f 2444//2364 3202//954 2443//2363
f 3202//954 3203//2363 2443//2363
f 2443//2363 3203//2363 2440//2360
f 3203//2363 3204//2360 2440//2360
f 3203//2363 3205//2363 3204//2360
f 3205//2363 3206//2360 3204//2360
f 3202//954 3207//2364 3203//2363
f 3207//2364 3205//2363 3203//2363
f 2440//2360 3204//2360 2439//2359
f 3204//2360 3208//2359 2439//2359
f 2439//2359 3208//2359 2425//1890
f 3208//2359 3190//1890 2425//1890
f 3208//2359 3209//2359 3190//1890
f 3209//2359 3195//1890 3190//1890
f 3204//2360 3206//2360 3208//2359
f 3206//2360 3209//2359 3208//2359
f 3206//2360 3210//2360 3209//2359
f 3210//2360 3211//2359 3209//2359
f 3209//2359 3211//2359 3195//1890
f 3211//2359 3200//1890 3195//1890
f 3211//2359 2625//2359 3200//1890
f 2625//2359 2600//1890 3200//1890
f 3210//2360 2620//2360 3211//2359
f 2620//2360 2625//2359 3211//2359
f 3207//2364 3212//954 3205//2363
f 3212//954 3213//2363 3205//2363
f 3205//2363 3213//2363 3206//2360
f 3213//2363 3210//2360 3206//2360
f 3213//2363 2618//2363 3210//2360
f 2618//2363 2620//2360 3210//2360
f 3212//954 2616//2468 3213//2363
f 2616//2468 2618//2363 3213//2363
f 2460//969 3214//969 2459//968
f 3214//969 3215//968 2459//968
f 2456//966 2459//968 3216//966
f 2459//968 3215//968 3216//966
f 3216//966 3215//968 3217//966
f 3215//968 3218//968 3217//966
f 3214//969 3219//969 3215//968
f 3219//969 3218//968 3215//968
f 2456//966 3216//966 2455//964
f 3216//966 3220//964 2455//964
f 2455//964 3220//964 2444//2364
f 3220//964 3202//954 2444//2364
f 3220//964 3221//964 3202//954
f 3221//964 3207//2364 3202//954
f 3216//966 3217//966 3220//964
f 3217//966 3221//964 3220//964
f 3217//966 3222//966 3221//964
f 3222//966 3223//964 3221//964
f 3221//964 3223//964 3207//2364
f 3223//964 3212//954 3207//2364
f 3223//964 2641//964 3212//954
f 2641//964 2616//2468 3212//954
f 3222//966 2636//966 3223//964
f 2636//966 2641//964 3223//964
f 3219//969 3224//969 3218//968
f 3224//969 3225//968 3218//968
f 3217//966 3218//968 3222//966
f 3218//968 3225//968 3222//966
f 3222//966 3225//968 2636//966
f 3225//968 2634//968 2636//966
f 3224//969 2632//969 3225//968
f 2632//969 2634//968 3225//968
f 2531//1865 2515//1850 3226//1865
f 2515//1850 3146//1850 3226//1865
f 2531//1865 3226//1865 2529//1863
f 3226//1865 3227//1863 2529//1863
f 3226//1865 3228//1865 3227//1863
f 3228//1865 3229//1863 3227//1863
f 3226//1865 3146//1850 3228//1865
f 3146//1850 3147//1850 3228//1865
f 2529//1863 3227//1863 2528//1862
f 3227//1863 3230//1862 2528//1862
f 2528//1862 3230//1862 2460//969
f 3230//1862 3214//969 2460//969
f 3230//1862 3231//1862 3214//969
f 3231//1862 3219//969 3214//969
f 3227//1863 3229//1863 3230//1862
f 3229//1863 3231//1862 3230//1862
f 3229//1863 3232//1863 3231//1862
f 3232//1863 3233//1862 3231//1862
f 3231//1862 3233//1862 3219//969
f 3233//1862 3224//969 3219//969
f 3233//1862 2654//1862 3224//969
f 2654//1862 2632//969 3224//969
f 3232//1863 2650//1863 3233//1862
f 2650//1863 2654//1862 3233//1862
f 3228//1865 3147//1850 3234//1865
f 3147//1850 3151//1850 3234//1865
f 3228//1865 3234//1865 3229//1863
f 3234//1865 3232//1863 3229//1863
f 3234//1865 2648//1865 3232//1863
f 2648//1865 2650//1863 3232//1863
f 3234//1865 3151//1850 2648//1865
f 3151//1850 2543//2410 2648//1865
