# Blender v2.90.0 OBJ File: ''
# www.blender.org
mtllib Sheep.mtl
o Sheep
v 0.070855 -0.242371 -0.055707
v 0.088053 -0.222125 -0.045979
v 0.086777 -0.272865 0.009411
v 0.107210 -0.243523 0.015173
v 0.115055 -0.261366 0.073637
v 0.093604 -0.293267 0.063779
v 0.059543 -0.293861 -0.002478
v 0.063354 -0.319219 0.056966
v 0.050191 -0.257816 -0.064496
v 0.004373 -0.089914 0.279538
v 0.031476 -0.089845 0.274895
v 0.004073 -0.007943 0.261065
v 0.058893 -0.008547 0.244541
v 0.060863 -0.098473 0.261066
v 0.043010 -0.113166 0.275030
v 0.082497 -0.107080 0.243062
v 0.097076 -0.064509 0.222072
v 0.113646 -0.025657 0.195522
v 0.109182 0.025149 0.189513
v 0.106448 0.094368 0.194770
v 0.057419 0.085065 0.241856
v 0.004013 0.085249 0.258642
v 0.014257 0.474717 0.103448
v 0.015101 0.471756 0.115441
v 0.031052 0.473016 0.110229
v 0.027802 0.469395 0.127902
v 0.015837 0.483277 0.069816
v 0.029643 0.479388 0.084802
v 0.001515 0.474892 0.103280
v 0.000963 0.483541 0.068686
v 0.001706 0.471849 0.115516
v -0.002162 -0.007770 -0.138317
v -0.002280 0.057280 -0.145788
v 0.033190 -0.003210 -0.133887
v 0.057841 0.064217 -0.139715
v 0.068978 0.118730 -0.141201
v -0.002349 0.119390 -0.149471
v 0.101114 0.054355 -0.108529
v 0.124002 0.114764 -0.106629
v 0.059730 -0.003722 -0.118354
v 0.106414 0.316507 0.216767
v 0.101648 0.348797 0.208753
v 0.059030 0.320572 0.259007
v 0.054338 0.353233 0.250199
v 0.096258 0.381665 0.197794
v 0.052477 0.386407 0.233355
v 0.003720 0.389080 0.243787
v 0.003994 0.355613 0.260899
v 0.004160 0.321158 0.271149
v -0.001352 0.327269 -0.082870
v 0.006390 0.327037 -0.082772
v -0.001738 0.284460 -0.108136
v 0.014858 0.284304 -0.106311
v 0.006138 0.384565 -0.055992
v -0.000944 0.384194 -0.056123
v 0.012072 0.332274 -0.085185
v 0.010759 0.387780 -0.061701
v 0.023999 0.284735 -0.108406
v 0.014933 -0.140805 -0.146760
v 0.018534 -0.098431 -0.141310
v 0.027717 -0.139255 -0.144533
v 0.032758 -0.094852 -0.138086
v 0.034238 -0.184263 -0.137727
v 0.013713 -0.187128 -0.140617
v -0.002185 -0.189095 -0.141364
v -0.002280 -0.144488 -0.148002
v -0.002237 -0.101748 -0.143489
v 0.141035 -0.099881 0.144194
v 0.152080 -0.083681 0.081972
v 0.136742 -0.061233 0.138007
v 0.140496 -0.038305 0.097355
v 0.151788 -0.136102 0.128594
v 0.162023 -0.124233 0.074396
v 0.166679 -0.116547 0.024099
v 0.155962 -0.072382 0.029311
v 0.144838 -0.022416 0.034378
v 0.006176 -0.322462 0.392289
v 0.006098 -0.343186 0.387001
v 0.025620 -0.322793 0.390531
v 0.025652 -0.343679 0.385556
v 0.025055 -0.361874 0.377916
v 0.005976 -0.361454 0.378961
v 0.040776 -0.360558 0.373943
v 0.041688 -0.343686 0.381206
v 0.042297 -0.323942 0.384620
v 0.004561 -0.137889 0.291673
v 0.021043 -0.137014 0.290251
v 0.004729 -0.165065 0.301408
v 0.020553 -0.164270 0.299590
v 0.038823 -0.167188 0.292386
v 0.039908 -0.140422 0.283762
v 0.032310 -0.337101 0.100883
v 0.032563 -0.330961 0.055040
v 0.060858 -0.325616 0.102379
v 0.029809 -0.336348 0.137525
v 0.054572 -0.326385 0.139735
v 0.002211 -0.339395 0.137417
v 0.001655 -0.339822 0.101588
v 0.000935 -0.333128 0.055593
v 0.150623 0.296953 0.051426
v 0.137628 0.305203 0.138171
v 0.144404 0.265256 0.052025
v 0.135740 0.271388 0.147163
v 0.107419 0.278254 0.222130
v 0.136618 0.226915 0.144237
v 0.106918 0.228974 0.219160
v 0.145709 0.227103 0.053651
v 0.056076 0.439763 -0.387593
v 0.076947 0.438728 -0.389349
v 0.054806 0.426287 -0.387488
v 0.076950 0.424594 -0.389341
v 0.097874 0.439770 -0.390086
v 0.099151 0.426294 -0.390134
v 0.098290 0.417320 -0.389649
v 0.088074 0.412132 -0.389459
v 0.077004 0.421826 -0.388378
v 0.065891 0.412129 -0.388135
v 0.055720 0.417312 -0.387109
v 0.095559 0.466619 0.108912
v 0.080676 0.467344 0.119474
v 0.108478 0.450701 0.118044
v 0.091023 0.449784 0.153015
v 0.113711 0.459619 0.070175
v 0.093151 0.475062 0.069085
v 0.067566 0.480548 0.065622
v 0.130394 0.377236 0.132908
v 0.137009 0.338941 0.131227
v 0.154041 0.335985 0.055320
v 0.149878 0.380465 0.063483
v 0.135228 -0.151805 0.175898
v 0.120149 -0.111806 0.199976
v 0.129641 -0.041696 0.168662
v 0.087923 -0.145762 0.242094
v 0.110300 -0.178304 0.221803
v 0.089013 -0.194153 0.252929
v 0.119840 -0.179446 0.198797
v 0.108135 -0.205901 -0.025881
v 0.119730 -0.221163 0.026387
v 0.134219 -0.195033 0.049305
v 0.133900 -0.185740 0.002682
v 0.129487 -0.205860 0.099700
v 0.122988 -0.234241 0.085173
v 0.066359 -0.088658 -0.388959
v 0.066356 -0.110659 -0.389376
v 0.053188 -0.094287 -0.388395
v 0.048576 -0.110545 -0.388645
v 0.079541 -0.094283 -0.388842
v 0.084150 -0.110538 -0.389249
v 0.066365 -0.119494 -0.388932
v 0.079548 -0.126506 -0.388815
v 0.053196 -0.126511 -0.388367
v 0.035212 -0.091460 -0.136915
v 0.034187 -0.137048 -0.141652
v 0.036813 -0.124587 -0.144752
v 0.032404 -0.087306 -0.143916
v 0.052399 -0.149983 -0.143957
v 0.049380 -0.164097 -0.135559
v 0.121114 -0.014891 -0.053027
v 0.112551 -0.019592 -0.091985
v 0.098698 0.008048 -0.077933
v 0.085536 -0.008772 -0.103360
v 0.104380 -0.024685 -0.133648
v 0.072836 -0.015554 -0.135987
v 0.051448 -0.018931 -0.123449
v 0.042103 -0.024524 -0.140781
v 0.136474 -0.052665 -0.085915
v 0.145307 -0.055119 -0.045725
v 0.149149 -0.094857 -0.090214
v 0.160731 -0.101946 -0.048587
v 0.125316 -0.051975 -0.131682
v 0.134492 -0.087805 -0.133475
v 0.093714 -0.175319 -0.110938
v 0.088513 -0.184976 -0.097247
v 0.086860 -0.159112 -0.138196
v 0.118438 -0.149802 -0.135172
v 0.128810 -0.163860 -0.097082
v 0.133234 -0.173718 -0.063340
v 0.013658 0.345534 -0.095063
v 0.010493 0.395697 -0.080005
v 0.015388 0.362207 -0.113290
v 0.010770 0.405511 -0.103869
v 0.024685 0.308704 -0.111476
v 0.027292 0.330754 -0.122556
v 0.068445 0.494762 -0.026153
v 0.066367 0.491800 -0.062345
v 0.044609 0.497292 -0.029162
v 0.042546 0.493919 -0.062969
v 0.043380 0.487112 -0.089824
v 0.064682 0.485701 -0.089616
v 0.025282 0.477448 -0.091862
v 0.022514 0.482799 -0.065409
v 0.021135 0.490836 -0.031075
v 0.120779 0.328022 -0.093626
v 0.134900 0.363645 -0.080643
v 0.131555 0.314443 -0.061568
v 0.145770 0.352075 -0.046612
v 0.109904 0.341862 -0.119278
v 0.121969 0.372537 -0.110676
v 0.137705 0.405235 -0.071649
v 0.124800 0.411011 -0.101692
v 0.148667 0.398195 -0.034598
v 0.074006 0.303135 -0.114077
v 0.102522 0.310508 -0.103422
v 0.080410 0.288626 -0.102144
v 0.111412 0.293749 -0.076967
v 0.068905 0.320736 -0.127584
v 0.091933 0.326111 -0.124145
v 0.021330 -0.182604 0.311265
v 0.004903 -0.183028 0.312365
v 0.005155 -0.198903 0.328364
v 0.020200 -0.198855 0.328164
v 0.037800 -0.204239 0.326519
v 0.039426 -0.187191 0.306477
v 0.013958 -0.455380 0.221017
v 0.013996 -0.459307 0.225135
v 0.008896 -0.456820 0.219781
v 0.008843 -0.460924 0.224067
v 0.013988 -0.459413 0.229074
v 0.009061 -0.460639 0.228579
v 0.003653 -0.460206 0.228475
v 0.003580 -0.460682 0.223753
v 0.003509 -0.456766 0.219252
v 0.097732 -0.254714 0.269661
v 0.101351 -0.243958 0.243204
v 0.085051 -0.222806 0.283386
v 0.092576 -0.270957 0.298479
v 0.082653 -0.242405 0.310988
v 0.091816 -0.299010 0.287706
v 0.099364 -0.291802 0.260615
v 0.102359 -0.280748 0.232138
v 0.025619 -0.352417 0.199243
v 0.027021 -0.348761 0.185535
v 0.042465 -0.347497 0.203994
v 0.046619 -0.343101 0.188265
v 0.022453 -0.354976 0.208991
v 0.037801 -0.351158 0.214532
v 0.003322 -0.355309 0.208582
v 0.003182 -0.352644 0.199589
v 0.002967 -0.349331 0.185904
v 0.069051 -0.318553 0.244703
v 0.068751 -0.327057 0.274350
v 0.061137 -0.324097 0.245590
v 0.062637 -0.335470 0.272726
v 0.056744 -0.336876 0.257829
v 0.058707 -0.346417 0.274467
v 0.057698 -0.323055 0.228462
v 0.053096 -0.333434 0.242574
v 0.067997 -0.312464 0.209991
v 0.005463 -0.385351 0.345692
v 0.017239 -0.384746 0.345234
v 0.005646 -0.379352 0.357526
v 0.020113 -0.379059 0.356565
v 0.005265 -0.393410 0.332829
v 0.014151 -0.393115 0.331902
v 0.021957 -0.392611 0.329001
v 0.026427 -0.384751 0.341671
v 0.032062 -0.378558 0.353683
v 0.012925 -0.411683 0.219362
v 0.013846 -0.398145 0.219211
v 0.021058 -0.411543 0.221514
v 0.022960 -0.398057 0.221685
v 0.012132 -0.422705 0.219126
v 0.019354 -0.422935 0.221025
v 0.003496 -0.422849 0.218860
v 0.003500 -0.411845 0.219279
v 0.003496 -0.398380 0.219185
v 0.034130 -0.411589 0.241147
v 0.039186 -0.400499 0.246111
v 0.035816 -0.414383 0.247554
v 0.040796 -0.404451 0.254189
v 0.029152 -0.423258 0.236339
v 0.029920 -0.424266 0.241380
v 0.027145 -0.423269 0.230921
v 0.030390 -0.411188 0.234179
v 0.034881 -0.398315 0.237417
v 0.012250 -0.434956 0.295331
v 0.012808 -0.419455 0.308327
v 0.004704 -0.435199 0.296310
v 0.004904 -0.419543 0.309372
v 0.011825 -0.448102 0.284353
v 0.004536 -0.448324 0.285361
v 0.018971 -0.446835 0.281520
v 0.019646 -0.434211 0.292281
v 0.020539 -0.418999 0.305221
v 0.047463 0.243524 -0.118337
v 0.086411 0.252459 -0.092205
v 0.064547 0.180592 -0.131745
v 0.113711 0.183330 -0.097989
v -0.002213 0.185681 -0.140013
v -0.002006 0.244487 -0.125996
v 0.165380 0.103156 0.043490
v 0.157666 0.169785 0.049675
v 0.145331 0.097370 0.125571
v 0.141133 0.167535 0.137397
v 0.106067 0.165225 0.207678
v 0.058680 0.164290 0.250489
v 0.060061 0.229628 0.261121
v 0.004108 0.164409 0.265766
v 0.004229 0.229650 0.274408
v 0.110448 -0.076296 -0.191388
v 0.104565 -0.074544 -0.202090
v 0.107268 -0.052961 -0.190685
v 0.101725 -0.054009 -0.201925
v 0.100338 -0.074052 -0.209474
v 0.097535 -0.058026 -0.209092
v 0.088267 -0.046853 -0.209292
v 0.091643 -0.041188 -0.201940
v 0.095218 -0.036384 -0.191222
v 0.069612 -0.030672 -0.190636
v 0.069626 -0.036500 -0.201322
v 0.069279 -0.042843 -0.208601
v 0.050758 -0.046963 -0.208659
v 0.047375 -0.041635 -0.201145
v 0.044484 -0.036722 -0.190414
v 0.036629 -0.102764 -0.189658
v 0.033254 -0.078326 -0.190102
v 0.038683 -0.096608 -0.200659
v 0.036659 -0.075884 -0.200915
v 0.042864 -0.090475 -0.208125
v 0.041738 -0.074391 -0.208488
v 0.049499 -0.109845 -0.201165
v 0.051625 -0.101740 -0.208651
v 0.049167 -0.119743 -0.190484
v 0.073811 -0.114736 -0.201468
v 0.076068 -0.125643 -0.190887
v 0.072514 -0.105773 -0.208708
v 0.096815 -0.109853 -0.201947
v 0.092960 -0.101735 -0.209347
v 0.101652 -0.119405 -0.191403
v 0.086367 -0.074668 -0.274528
v 0.084988 -0.068182 -0.274061
v 0.089494 -0.074181 -0.245677
v 0.087924 -0.065672 -0.245231
v 0.083573 -0.072008 -0.302908
v 0.084833 -0.075516 -0.294524
v 0.080509 -0.063378 -0.274405
v 0.079420 -0.066023 -0.302701
v 0.082482 -0.059505 -0.245553
v 0.071028 -0.061711 -0.273640
v 0.070972 -0.057251 -0.244898
v 0.070480 -0.064011 -0.302475
v 0.061420 -0.066022 -0.302391
v 0.061366 -0.063383 -0.274089
v 0.059535 -0.059503 -0.245180
v 0.054792 -0.074674 -0.274007
v 0.055034 -0.081139 -0.273505
v 0.052502 -0.074184 -0.245066
v 0.052738 -0.082699 -0.244638
v 0.055849 -0.080493 -0.302395
v 0.055801 -0.075515 -0.294026
v 0.059747 -0.085966 -0.273972
v 0.060001 -0.086186 -0.302287
v 0.058283 -0.088859 -0.245127
v 0.071429 -0.087620 -0.273412
v 0.072025 -0.091082 -0.244901
v 0.070588 -0.088111 -0.302221
v 0.081009 -0.086187 -0.302649
v 0.082800 -0.085962 -0.274359
v 0.085477 -0.088852 -0.245587
v 0.083287 -0.079773 -0.322552
v 0.084690 -0.080505 -0.302905
v 0.080119 -0.089788 -0.321325
v 0.083608 -0.084051 -0.334648
v 0.080050 -0.096626 -0.334314
v 0.080839 -0.067987 -0.334655
v 0.079429 -0.068513 -0.321518
v 0.069904 -0.064759 -0.321666
v 0.069369 -0.063515 -0.331635
v 0.060408 -0.068500 -0.321170
v 0.057480 -0.067999 -0.334263
v 0.056397 -0.079715 -0.321994
v 0.056873 -0.071999 -0.302438
v 0.054811 -0.084042 -0.334132
v 0.059743 -0.089776 -0.320953
v 0.058402 -0.096627 -0.333939
v 0.069952 -0.093202 -0.320901
v 0.069205 -0.100926 -0.334198
v 0.104595 0.414877 -0.155275
v 0.107604 0.398678 -0.144047
v 0.097683 0.403692 -0.166082
v 0.098325 0.378743 -0.156416
v 0.101849 0.437406 -0.173806
v 0.097708 0.427526 -0.178643
v 0.100566 0.450878 -0.170510
v 0.105220 0.438204 -0.147092
v 0.110418 0.426886 -0.130796
v 0.070089 0.489323 -0.146799
v 0.062434 0.486954 -0.146150
v 0.068374 0.491144 -0.129259
v 0.059352 0.488626 -0.128938
v 0.071858 0.485614 -0.170178
v 0.065051 0.483091 -0.169984
v 0.058353 0.475848 -0.169345
v 0.053960 0.477842 -0.145001
v 0.053539 0.482089 -0.131887
v 0.028212 0.397433 -0.145688
v 0.027099 0.426430 -0.134199
v 0.036088 0.414921 -0.157012
v 0.037068 0.439090 -0.149104
v 0.046105 0.451454 -0.170120
v 0.046316 0.438867 -0.173440
v 0.051564 0.429894 -0.177639
v 0.043275 0.404651 -0.165612
v 0.036239 0.377768 -0.156006
v 0.085460 0.396239 -0.171616
v 0.084764 0.368054 -0.161330
v 0.069896 0.392281 -0.172647
v 0.068224 0.365074 -0.162187
v 0.086488 0.419416 -0.182229
v 0.072251 0.415937 -0.183964
v 0.096137 0.455674 -0.340959
v 0.094091 0.448129 -0.340498
v 0.097732 0.452096 -0.348180
v 0.095583 0.444536 -0.347717
v 0.097356 0.440384 -0.352871
v 0.099759 0.447951 -0.353686
v 0.096795 0.459831 -0.348635
v 0.098515 0.456470 -0.354157
v 0.095333 0.463554 -0.341060
v 0.072102 0.476270 -0.343782
v 0.077269 0.476302 -0.343971
v 0.072624 0.471593 -0.348430
v 0.078049 0.471621 -0.348673
v 0.072892 0.467852 -0.353884
v 0.078592 0.467848 -0.354168
v 0.067540 0.470365 -0.347950
v 0.067453 0.466591 -0.353382
v 0.066717 0.476546 -0.340747
v 0.058782 0.452159 -0.345884
v 0.059330 0.455661 -0.338822
v 0.059872 0.459840 -0.346545
v 0.060173 0.463548 -0.339176
v 0.058913 0.456467 -0.351821
v 0.057675 0.447965 -0.351181
v 0.060684 0.440410 -0.350641
v 0.061596 0.444544 -0.345599
v 0.062128 0.448107 -0.338543
v 0.080618 0.438899 -0.339545
v 0.080746 0.436151 -0.346677
v 0.088773 0.441819 -0.340046
v 0.089861 0.438753 -0.347379
v 0.080483 0.432731 -0.351647
v 0.090424 0.434837 -0.352348
v 0.095071 0.460788 -0.271137
v 0.096285 0.454986 -0.232603
v 0.094001 0.454060 -0.271468
v 0.094705 0.447466 -0.233171
v 0.094826 0.463718 -0.306775
v 0.093851 0.457222 -0.306824
v 0.092979 0.470661 -0.306412
v 0.093026 0.467913 -0.271295
v 0.094261 0.462779 -0.232290
v 0.074279 0.485767 -0.269569
v 0.067985 0.484430 -0.268874
v 0.074340 0.484420 -0.230979
v 0.068043 0.482157 -0.230570
v 0.073949 0.488343 -0.301556
v 0.067916 0.487931 -0.301277
v 0.062938 0.485595 -0.307389
v 0.062790 0.480795 -0.269178
v 0.062365 0.476918 -0.230196
v 0.058596 0.467880 -0.268943
v 0.059614 0.460764 -0.268277
v 0.055612 0.462845 -0.229886
v 0.057216 0.455300 -0.230204
v 0.060415 0.470642 -0.304720
v 0.060544 0.463682 -0.304624
v 0.063399 0.457214 -0.304938
v 0.063348 0.454129 -0.269645
v 0.061753 0.447917 -0.231107
v 0.087621 0.447706 -0.270461
v 0.087093 0.440723 -0.232791
v 0.078814 0.444881 -0.270817
v 0.076925 0.437752 -0.232920
v 0.088349 0.451049 -0.306277
v 0.080111 0.448073 -0.306009
v 0.039225 0.266359 -0.112224
v 0.049712 0.269435 -0.107623
v -0.001887 0.266677 -0.117966
v 0.060558 0.280571 0.263304
v 0.004243 0.280548 0.275926
v 0.052637 -0.217196 -0.100542
v 0.037355 -0.223440 -0.109649
v 0.063592 -0.203731 -0.096726
v 0.089159 -0.194032 -0.077384
v 0.132786 -0.179436 -0.034815
v 0.152191 -0.061214 -0.011061
v 0.136724 -0.009966 -0.017576
v 0.166398 -0.108619 -0.013853
v 0.136231 0.047739 -0.046357
v 0.157211 0.109492 -0.040738
v 0.152059 0.038176 0.036106
v 0.145966 0.177039 -0.036297
v 0.128779 0.236399 -0.027502
v 0.127917 0.271494 -0.027705
v 0.144241 0.300736 -0.015416
v 0.088287 0.274827 -0.085419
v 0.154234 0.340503 -0.003757
v 0.154171 0.388614 0.008772
v 0.052166 0.492811 0.010077
v 0.040162 0.491709 0.019438
v 0.070868 0.489328 0.018555
v 0.043441 0.480502 0.076932
v 0.024184 0.490467 0.028161
v 0.011143 0.484491 -0.021245
v -0.000468 0.484120 -0.023039
v 0.000242 0.491345 0.023423
v 0.141803 0.027050 0.116810
v 0.045177 0.482413 -0.103115
v 0.064483 0.482496 -0.103737
v 0.065935 0.482634 -0.111579
v 0.051675 0.480571 -0.111236
v 0.040235 0.471352 -0.114588
v 0.031249 0.472486 -0.105689
v 0.016999 0.414285 -0.120244
v 0.020800 0.376035 -0.130292
v 0.030906 0.352472 -0.139347
v 0.067331 0.340931 -0.145013
v 0.086544 0.343778 -0.143330
v 0.102315 0.357306 -0.140381
v 0.112651 0.381029 -0.131129
v 0.116410 0.416932 -0.118543
v 0.055177 0.441766 -0.357421
v 0.056740 0.453661 -0.357650
v 0.052934 0.438350 -0.363655
v 0.054394 0.451320 -0.364250
v 0.058579 0.433433 -0.356394
v 0.056214 0.426870 -0.363273
v 0.078479 0.467852 -0.359914
v 0.072225 0.467897 -0.359687
v 0.078054 0.468375 -0.366636
v 0.071271 0.468374 -0.366301
v 0.066268 0.466290 -0.359124
v 0.064747 0.466437 -0.365752
v 0.101886 0.441758 -0.360210
v 0.098936 0.433324 -0.358877
v 0.103342 0.438353 -0.366663
v 0.100210 0.426849 -0.365917
v 0.101827 0.451328 -0.367081
v 0.100325 0.453666 -0.360253
v 0.079510 0.425424 -0.357346
v 0.090655 0.427144 -0.358306
v 0.078404 0.430551 -0.364452
v 0.086678 0.419843 -0.365236
v 0.005540 -0.219470 0.352779
v 0.018796 -0.219178 0.352201
v 0.005914 -0.243108 0.376472
v 0.019003 -0.243321 0.375821
v 0.035048 -0.224226 0.350597
v 0.035086 -0.246311 0.370962
v 0.084664 -0.283074 0.313950
v 0.076236 -0.290722 0.322853
v 0.080108 -0.305109 0.302773
v 0.068927 -0.309484 0.313121
v 0.079384 -0.258770 0.328858
v 0.078820 -0.274188 0.340238
v 0.068578 -0.333717 0.292413
v 0.064237 -0.343372 0.289820
v 0.067554 -0.339983 0.304447
v 0.063891 -0.350736 0.299951
v 0.058557 -0.360348 0.294836
v 0.059600 -0.353487 0.286391
v 0.035698 -0.416654 0.254519
v 0.038763 -0.407966 0.261790
v 0.034463 -0.420582 0.262392
v 0.035857 -0.411047 0.270791
v 0.032592 -0.425964 0.247948
v 0.033767 -0.428998 0.254877
v 0.015329 -0.435502 0.233597
v 0.016165 -0.431992 0.232899
v 0.021004 -0.435078 0.235167
v 0.023607 -0.430528 0.235846
v 0.015698 -0.433548 0.231393
v 0.021296 -0.433257 0.232928
v 0.023773 -0.433287 0.233713
v 0.026057 -0.430079 0.235532
v 0.027157 -0.430756 0.239241
v 0.024690 -0.434757 0.237029
v 0.006163 -0.257332 0.392270
v 0.022065 -0.258446 0.391323
v 0.006365 -0.286428 0.404892
v 0.024771 -0.286753 0.403287
v 0.038044 -0.257840 0.385089
v 0.041672 -0.287017 0.395863
v 0.121321 -0.300114 0.324074
v 0.126692 -0.307854 0.329151
v 0.125942 -0.301347 0.321725
v 0.132744 -0.312375 0.326183
v 0.122197 -0.312962 0.335199
v 0.126631 -0.318126 0.332353
v 0.124802 -0.319729 0.329634
v 0.120671 -0.320485 0.333110
v 0.120184 -0.316021 0.328590
v 0.124534 -0.308770 0.323947
v 0.119675 -0.301365 0.320733
v 0.066796 -0.349884 0.321997
v 0.065696 -0.347902 0.330812
v 0.065855 -0.355826 0.320276
v 0.065561 -0.357745 0.331159
v 0.063008 -0.361418 0.337709
v 0.061295 -0.355890 0.340832
v 0.064799 -0.361955 0.329507
v 0.061386 -0.368338 0.335154
v 0.065032 -0.359122 0.323275
v 0.035100 -0.413466 0.282613
v 0.034145 -0.425024 0.272765
v 0.032308 -0.428864 0.280688
v 0.033411 -0.415690 0.292617
v 0.031080 -0.439276 0.270697
v 0.033545 -0.433791 0.262982
v 0.010844 -0.472279 0.242293
v 0.016561 -0.469342 0.241910
v 0.013160 -0.472082 0.245023
v 0.018201 -0.468916 0.245668
v 0.012332 -0.471760 0.246286
v 0.018480 -0.468463 0.248471
v 0.003910 -0.474139 0.244812
v 0.104590 -0.274254 0.116734
v 0.088445 -0.302005 0.103253
v 0.074653 -0.308298 0.142725
v 0.087494 -0.285814 0.151529
v 0.058666 -0.327838 0.195286
v 0.052795 -0.332906 0.215304
v 0.047841 -0.340381 0.227710
v 0.026695 -0.410526 0.227319
v 0.029917 -0.397279 0.228634
v 0.024211 -0.422901 0.225490
v 0.018107 -0.450932 0.222346
v 0.018318 -0.453303 0.226567
v 0.021395 -0.442968 0.223953
v 0.022267 -0.443693 0.228190
v 0.021154 -0.444800 0.230987
v 0.018023 -0.453900 0.229896
v 0.021209 -0.463988 0.242644
v 0.021725 -0.463037 0.247317
v 0.025029 -0.457714 0.244118
v 0.024006 -0.457700 0.250507
v 0.021170 -0.462972 0.251314
v 0.021287 -0.459142 0.254667
v 0.026667 -0.432012 0.287634
v 0.027982 -0.417771 0.299981
v 0.025757 -0.443742 0.276997
v 0.033193 -0.384236 0.338462
v 0.040155 -0.376898 0.350836
v 0.028366 -0.391572 0.325168
v 0.037988 -0.382913 0.336371
v 0.033504 -0.388935 0.320106
v 0.044699 -0.375636 0.347747
v 0.050844 -0.341835 0.373226
v 0.053687 -0.326155 0.373223
v 0.050301 -0.354367 0.366475
v 0.058973 -0.337022 0.354171
v 0.055901 -0.348901 0.355237
v 0.061037 -0.326456 0.359423
v 0.057528 -0.255774 0.357941
v 0.056311 -0.269552 0.369798
v 0.056235 -0.288786 0.375111
v 0.066251 -0.293415 0.361261
v 0.071350 -0.280382 0.354014
v 0.056593 -0.237082 0.343403
v 0.061529 -0.219535 0.320569
v 0.062818 -0.178129 0.277116
v 0.065682 -0.201954 0.294984
v 0.061962 -0.150907 0.268808
v 0.071361 -0.293890 0.328296
v 0.073452 -0.288262 0.338005
v 0.066409 -0.295761 0.329615
v 0.067484 -0.293692 0.335930
v 0.064788 -0.309864 0.324520
v 0.065049 -0.301489 0.327084
v 0.068589 -0.298809 0.355289
v 0.072807 -0.289013 0.346940
v 0.069122 -0.303655 0.353467
v 0.069251 -0.296191 0.344857
v 0.063238 -0.310387 0.362478
v 0.065727 -0.311090 0.357355
v 0.064237 -0.322750 0.348986
v 0.067999 -0.311631 0.354627
v 0.066499 -0.317660 0.349019
v 0.069982 -0.289374 0.323363
v 0.071526 -0.289002 0.329175
v 0.084076 -0.285350 0.323729
v 0.082662 -0.284247 0.316654
v 0.082092 -0.286972 0.315713
v 0.070012 -0.291563 0.321428
v 0.075054 -0.293436 0.340581
v 0.075224 -0.304166 0.354156
v 0.085385 -0.293483 0.339337
v 0.086840 -0.305498 0.353255
v 0.072852 -0.317380 0.349438
v 0.074886 -0.312519 0.355566
v 0.086017 -0.314185 0.353901
v 0.085257 -0.319501 0.347304
v 0.074142 -0.315930 0.338948
v 0.072262 -0.317527 0.342078
v 0.067204 -0.313017 0.336660
v 0.066340 -0.319086 0.338881
v 0.086780 -0.319283 0.338989
v 0.085270 -0.320727 0.341660
v 0.105862 -0.321073 0.339456
v 0.105348 -0.316957 0.345042
v 0.107043 -0.310245 0.344360
v 0.103601 -0.298905 0.335444
v 0.105633 -0.291356 0.323013
v 0.104843 -0.289914 0.317266
v 0.104452 -0.293250 0.316953
v 0.105059 -0.322018 0.336555
v 0.105186 -0.319742 0.334603
v 0.075220 -0.320318 0.295751
v 0.081255 -0.316042 0.279009
v 0.067561 -0.326307 0.310243
v 0.085200 -0.310536 0.249438
v 0.088797 -0.299345 0.219736
v 0.116387 -0.052562 -0.164095
v 0.121441 -0.081533 -0.166689
v 0.099267 -0.030591 -0.166560
v 0.069013 -0.022923 -0.165678
v 0.041193 -0.030572 -0.165832
v 0.037111 -0.114238 -0.163703
v 0.031817 -0.082859 -0.165285
v 0.051371 -0.134688 -0.166093
v 0.081005 -0.141985 -0.166517
v 0.109375 -0.134251 -0.167210
v 0.094973 -0.073951 -0.223199
v 0.092977 -0.061619 -0.221921
v 0.085190 -0.053174 -0.223020
v 0.069799 -0.049628 -0.221520
v 0.055220 -0.053154 -0.222568
v 0.047344 -0.073943 -0.222451
v 0.047640 -0.086317 -0.221242
v 0.054935 -0.094714 -0.222567
v 0.072108 -0.098152 -0.221782
v 0.089138 -0.094700 -0.223145
v 0.004460 -0.454583 0.280368
v 0.011840 -0.454442 0.279543
v 0.011597 -0.458106 0.276670
v 0.004409 -0.458393 0.277064
v 0.019067 -0.453041 0.277014
v 0.018447 -0.456843 0.274586
v 0.025713 -0.449639 0.272404
v 0.024689 -0.453420 0.270542
v 0.028980 -0.449803 0.264365
v 0.030770 -0.444953 0.265883
v 0.033331 -0.436511 0.250108
v 0.033473 -0.439558 0.257400
v 0.031555 -0.446208 0.256341
v 0.032271 -0.444007 0.248081
v 0.025541 -0.433540 0.231505
v 0.024311 -0.433681 0.227139
v 0.023384 -0.437050 0.232242
v 0.016902 -0.432727 0.219797
v 0.021523 -0.433167 0.223097
v 0.018776 -0.441984 0.220798
v 0.014486 -0.441812 0.218686
v 0.010971 -0.431787 0.218477
v 0.009296 -0.441413 0.217796
v 0.003481 -0.441370 0.217677
v 0.003488 -0.432179 0.218253
v 0.013093 -0.405117 0.320033
v 0.005085 -0.405221 0.321121
v 0.020719 -0.404728 0.316977
v 0.027823 -0.404089 0.311732
v 0.033032 -0.401922 0.305361
v 0.042935 -0.389516 0.293446
v 0.036390 -0.400355 0.294815
v 0.044478 -0.386998 0.285679
v 0.038762 -0.399599 0.280131
v 0.042051 -0.388067 0.300621
v 0.037710 -0.391363 0.305752
v 0.041978 -0.397191 0.270183
v 0.044728 -0.392274 0.262913
v 0.046571 -0.383089 0.278759
v 0.048577 -0.378106 0.270736
v 0.045377 -0.386387 0.253201
v 0.050328 -0.371753 0.259026
v 0.042392 -0.383012 0.242001
v 0.048886 -0.367071 0.245910
v 0.026386 -0.380549 0.222376
v 0.030198 -0.365438 0.222346
v 0.036251 -0.379897 0.231137
v 0.041888 -0.364700 0.233326
v 0.015482 -0.380278 0.218702
v 0.017434 -0.365866 0.217292
v 0.003478 -0.381051 0.218261
v 0.003447 -0.366405 0.216440
v 0.055594 -0.367688 0.301912
v 0.060918 -0.359050 0.309177
v 0.066413 -0.345210 0.316138
v 0.063135 -0.360345 0.319687
v 0.060921 -0.362613 0.320530
v 0.057724 -0.362998 0.316007
v 0.052379 -0.366954 0.316732
v 0.052471 -0.369145 0.312570
v 0.049917 -0.375582 0.307484
v 0.059565 -0.347384 0.344275
v 0.064220 -0.330006 0.330598
v 0.065444 -0.307433 0.328975
v 0.064600 -0.313027 0.333953
v 0.065840 -0.303728 0.331512
v 0.045995 -0.382822 0.302476
v 0.050379 -0.376565 0.296087
v 0.051899 -0.372556 0.290313
v 0.051916 -0.373169 0.328657
v 0.052025 -0.375163 0.330092
v 0.046861 -0.374769 0.323359
v 0.043222 -0.380311 0.324131
v 0.053482 -0.369028 0.328107
v 0.049273 -0.369958 0.324339
v 0.058882 -0.366693 0.329371
v 0.059806 -0.368079 0.331371
v 0.044961 -0.379787 0.314236
v 0.047161 -0.374615 0.317383
v 0.049150 -0.369460 0.320014
v 0.063389 -0.363612 0.328070
v 0.061394 -0.364205 0.326029
v 0.019353 -0.461889 0.234778
v 0.020196 -0.463977 0.238546
v 0.015055 -0.465642 0.234250
v 0.015509 -0.468461 0.237807
v 0.023915 -0.458017 0.239035
v 0.022478 -0.457933 0.236181
v 0.009568 -0.467237 0.234619
v 0.009648 -0.470826 0.238382
v 0.003816 -0.471332 0.238822
v 0.003756 -0.467455 0.235013
v 0.009521 -0.453884 0.233058
v 0.003728 -0.453682 0.233347
v 0.009622 -0.443996 0.233080
v 0.003722 -0.443833 0.233124
v 0.003711 -0.435564 0.232530
v 0.009572 -0.435600 0.232728
v 0.015109 -0.443945 0.233351
v 0.015333 -0.453212 0.232964
v 0.013929 -0.454091 0.231021
v 0.009411 -0.453983 0.230743
v 0.009445 -0.445120 0.231207
v 0.014552 -0.445152 0.231678
v 0.003684 -0.453707 0.230599
v 0.003688 -0.445069 0.230958
v 0.016937 -0.453091 0.231175
v 0.018587 -0.444851 0.231905
v 0.025993 -0.439637 0.237127
v 0.030602 -0.435284 0.242902
v 0.030359 -0.443924 0.241216
v 0.026318 -0.446805 0.236157
v 0.020193 -0.443264 0.234134
v 0.021059 -0.450423 0.233661
v 0.009707 -0.432473 0.231439
v 0.003689 -0.432483 0.231179
v 0.009774 -0.433622 0.230426
v 0.003674 -0.433641 0.230152
v 0.060163 -0.364113 0.340155
v 0.058265 -0.363353 0.341173
v 0.057417 -0.370025 0.337441
v 0.054024 -0.370429 0.338476
v 0.047732 -0.373538 0.344625
v 0.051196 -0.362369 0.353861
v 0.053955 -0.361393 0.349000
v 0.049942 -0.371865 0.341586
v 0.055607 -0.363044 0.344261
v 0.047399 -0.364600 0.360140
v 0.037559 -0.370766 0.364898
v 0.023276 -0.372160 0.368480
v 0.005826 -0.372252 0.369190
v 0.052701 -0.368476 0.320823
v 0.056043 -0.367855 0.321706
v 0.052696 -0.368878 0.323657
v 0.055115 -0.368752 0.325437
v 0.053877 -0.367280 0.318710
v 0.056557 -0.366391 0.318487
v 0.058690 -0.365755 0.320341
v 0.058882 -0.366802 0.323125
v 0.057618 -0.367690 0.325764
v 0.050621 -0.368264 0.320920
v 0.051014 -0.368827 0.324487
v 0.052851 -0.366776 0.317933
v 0.059915 -0.364307 0.320219
v 0.056877 -0.364939 0.317959
v 0.058320 -0.367117 0.327845
v 0.060283 -0.365416 0.324592
v 0.054384 -0.368196 0.327457
v 0.071024 -0.292597 0.322320
v 0.082616 -0.290047 0.318582
v 0.071114 -0.294544 0.326374
v 0.082654 -0.292336 0.322994
v 0.105049 -0.298896 0.320453
v 0.103614 -0.302490 0.324351
v 0.071309 -0.307877 0.343160
v 0.069403 -0.304029 0.340662
v 0.078527 -0.309400 0.345119
v 0.081230 -0.301523 0.337545
v 0.069068 -0.300012 0.335537
v 0.074141 -0.295151 0.331750
v 0.081494 -0.293142 0.328249
v 0.090278 -0.296879 0.329304
v 0.097864 -0.303963 0.331611
v 0.093450 -0.307449 0.337114
v 0.086745 -0.311385 0.342136
v 0.075930 -0.313492 0.342967
v 0.068133 -0.309684 0.341423
v 0.088380 -0.316114 0.341272
v 0.066379 -0.301371 0.334065
v 0.065306 -0.306543 0.339860
v 0.071548 -0.294032 0.328669
v 0.082786 -0.292115 0.325645
v 0.102587 -0.302747 0.326341
v 0.108313 -0.309251 0.329247
v 0.103561 -0.314379 0.334277
v 0.053674 -0.353360 0.261062
v 0.053731 -0.361361 0.274123
v 0.051641 -0.348804 0.247642
v 0.034366 -0.355951 0.220636
v 0.046274 -0.349808 0.234915
v 0.020483 -0.358134 0.214350
v 0.003401 -0.358704 0.213622
v 0.004318 -0.464292 0.271143
v 0.010102 -0.463465 0.271435
v 0.004190 -0.470419 0.262848
v 0.008118 -0.469682 0.263196
v 0.011868 -0.468166 0.263667
v 0.015611 -0.462277 0.269985
v 0.021081 -0.458660 0.267878
v 0.014869 -0.466024 0.263629
v 0.016237 -0.464636 0.262203
v 0.023560 -0.456801 0.263141
v 0.028759 -0.451438 0.246587
v 0.026160 -0.454041 0.255870
v 0.020268 -0.459468 0.258633
v 0.027996 -0.451043 0.240156
v 0.024473 -0.453306 0.235654
v 0.020467 -0.456431 0.233541
v 0.015181 -0.460361 0.232961
v 0.009358 -0.461618 0.233226
v 0.003733 -0.461568 0.233591
v 0.012092 -0.469338 0.259077
v 0.010173 -0.470785 0.257499
v 0.012648 -0.468662 0.258107
v 0.010409 -0.470468 0.253956
v 0.006927 -0.472561 0.254919
v 0.007209 -0.472221 0.250039
v 0.004057 -0.473232 0.254226
v 0.012166 -0.466910 0.252147
v 0.009031 -0.467751 0.249846
v 0.010919 -0.468711 0.248888
v 0.008282 -0.469114 0.248050
v 0.016685 -0.465629 0.253541
v 0.015223 -0.467670 0.250802
v 0.017275 -0.463534 0.256166
v 0.015436 -0.464339 0.257533
v 0.013226 -0.466667 0.255903
v 0.014652 -0.465474 0.258520
v 0.011182 -0.467570 0.252920
v 0.006377 -0.470920 0.246366
v 0.007592 -0.469979 0.248698
v 0.011102 -0.468780 0.252820
v 0.011012 -0.470613 0.247113
v 0.017394 -0.468179 0.250061
v 0.019813 -0.463526 0.253483
v 0.019235 -0.461001 0.256486
v 0.017976 -0.461648 0.259114
v 0.015099 -0.465393 0.260336
v 0.013035 -0.467772 0.257154
v 0.053442 -0.366818 0.283520
v 0.013539 -0.449773 0.218876
v 0.016913 -0.448707 0.220067
v 0.008766 -0.450125 0.217959
v 0.003482 -0.449991 0.217617
v 0.019848 -0.437899 0.232041
v 0.015157 -0.438037 0.231388
v 0.009634 -0.437995 0.230711
v 0.003679 -0.438064 0.230436
v 0.056109 0.467488 0.133081
v 0.061519 0.450952 0.177073
v 0.038154 0.466756 0.154355
v 0.037637 0.462472 0.180658
v 0.014823 0.522908 0.007534
v 0.016049 0.515189 -0.002394
v 0.009046 0.528048 0.000598
v 0.008361 0.517066 -0.011767
v 0.014876 0.505690 0.003239
v 0.009086 0.503471 -0.004249
v -0.000282 0.517585 -0.011589
v -0.000165 0.503714 -0.004256
v -0.000093 0.528913 0.000715
v 0.027757 0.478728 0.159164
v 0.016755 0.480463 0.163044
v 0.027115 0.455218 0.195290
v 0.024919 0.495541 0.122883
v 0.015000 0.499266 0.125164
v 0.001853 0.500193 0.125297
v 0.002447 0.481207 0.163220
v 0.003003 0.455860 0.198601
v 0.025816 0.474367 0.121933
v 0.031166 0.474366 0.152108
v 0.028188 0.487358 0.117706
v 0.026310 0.482612 0.108185
v 0.014171 0.480247 0.095791
v 0.001393 0.480303 0.095513
v 0.000817 0.491578 0.058710
v 0.012405 0.491455 0.058814
v 0.020869 0.495481 0.057873
v 0.023000 0.487131 0.088156
v 0.013690 0.511161 0.097234
v 0.022828 0.506831 0.094974
v 0.020800 0.515035 0.067011
v 0.012326 0.519492 0.069206
v 0.000976 0.520490 0.069252
v 0.001412 0.512207 0.097206
v 0.025893 0.497297 0.089612
v 0.023641 0.505301 0.061740
v 0.041567 -0.380715 0.334793
v 0.044720 -0.378059 0.333567
v 0.038775 -0.383905 0.322183
v 0.041327 -0.385284 0.310201
v 0.076624 -0.119938 -0.364917
v 0.087866 -0.104484 -0.365460
v 0.080687 -0.113002 -0.358105
v 0.085279 -0.098935 -0.358247
v 0.089723 -0.106035 -0.370717
v 0.077550 -0.124560 -0.370351
v 0.083905 -0.086859 -0.370496
v 0.082391 -0.086823 -0.365059
v 0.081579 -0.081561 -0.357653
v 0.066823 -0.078504 -0.358996
v 0.066730 -0.080879 -0.365043
v 0.066648 -0.080456 -0.370250
v 0.051078 -0.086829 -0.364528
v 0.049395 -0.086865 -0.369910
v 0.052431 -0.081576 -0.357166
v 0.045601 -0.104492 -0.364742
v 0.048961 -0.098941 -0.357630
v 0.043581 -0.106044 -0.369933
v 0.056860 -0.119940 -0.364581
v 0.055767 -0.124564 -0.369981
v 0.053548 -0.113007 -0.357644
v 0.066738 -0.118103 -0.364955
v 0.067091 -0.117894 -0.358057
v 0.066657 -0.119890 -0.370202
v 0.090252 -0.107907 -0.378247
v 0.077770 -0.127975 -0.377786
v 0.090152 -0.109219 -0.384725
v 0.077668 -0.130239 -0.384432
v 0.084219 -0.088041 -0.384580
v 0.084322 -0.087433 -0.377932
v 0.066534 -0.080611 -0.377558
v 0.066430 -0.080985 -0.384263
v 0.048643 -0.088048 -0.383975
v 0.048746 -0.087440 -0.377327
v 0.042818 -0.107915 -0.377441
v 0.042717 -0.109228 -0.383920
v 0.055316 -0.127980 -0.377404
v 0.055213 -0.130243 -0.384051
v 0.066543 -0.121814 -0.377523
v 0.066439 -0.124394 -0.384225
v 0.104670 0.433973 -0.375888
v 0.101340 0.421605 -0.375603
v 0.102195 0.417863 -0.384338
v 0.105734 0.429927 -0.384635
v 0.103159 0.447164 -0.376434
v 0.104103 0.443181 -0.384788
v 0.077607 0.466347 -0.375634
v 0.070310 0.466302 -0.375335
v 0.077243 0.463722 -0.383518
v 0.069575 0.463709 -0.383098
v 0.063260 0.464048 -0.374752
v 0.062175 0.461274 -0.382595
v 0.050698 0.433964 -0.372667
v 0.052139 0.447156 -0.373389
v 0.050427 0.443172 -0.381584
v 0.048826 0.429918 -0.381239
v 0.052381 0.417856 -0.381366
v 0.054049 0.421597 -0.372781
v 0.086882 0.414318 -0.375133
v 0.077694 0.424930 -0.374227
v 0.087032 0.410743 -0.383657
v 0.077289 0.421306 -0.382843
v 0.073416 0.484177 -0.197923
v 0.067024 0.481620 -0.197961
v 0.060981 0.475361 -0.196990
v 0.051803 0.458356 -0.196613
v 0.053001 0.450295 -0.198137
v 0.057637 0.442077 -0.199587
v 0.087315 0.432591 -0.201666
v 0.074661 0.429522 -0.203329
v 0.096453 0.440327 -0.201097
v 0.098870 0.448996 -0.199121
v 0.096896 0.458039 -0.198247
v 0.084067 -0.091354 -0.347305
v 0.080048 -0.104905 -0.347358
v 0.083446 -0.076487 -0.347123
v 0.067469 -0.058982 -0.341923
v 0.074606 -0.061894 -0.343220
v 0.066941 -0.069574 -0.351299
v 0.077264 -0.068176 -0.349537
v 0.056971 -0.068236 -0.349243
v 0.060494 -0.061922 -0.343002
v 0.052537 -0.076550 -0.346647
v 0.052170 -0.091360 -0.346761
v 0.056135 -0.104909 -0.346951
v 0.067986 -0.109770 -0.347695
v 0.046897 -0.376550 0.333260
v 0.048316 -0.376356 0.331962
v 0.051760 -0.371028 0.339879
v 0.056405 -0.364087 0.342139
v 0.090200 -0.278619 0.193209
v 0.093891 -0.260317 0.164681
v 0.099413 -0.258838 0.207162
v 0.100017 -0.233775 0.179144
v 0.077243 -0.298605 0.180450
v 0.065863 -0.317375 0.172082
v 0.050402 -0.333853 0.167408
v 0.028365 -0.341577 0.164733
v 0.002642 -0.343618 0.165043
v 0.114180 -0.217182 0.143146
v 0.109078 -0.246365 0.131040
v 0.000255 0.497187 0.022658
v 0.010616 0.497011 0.023060
v 0.018256 0.500621 0.023300
v 0.020701 0.511834 0.026182
v 0.018179 0.522247 0.030595
v 0.010621 0.526867 0.032979
v 0.000406 0.527910 0.032720
v -0.000747 0.442638 -0.042841
v 0.006468 0.443516 -0.042339
v 0.011602 0.444407 -0.048352
v 0.012741 0.445943 -0.068336
v 0.013937 0.446835 -0.095872
v 0.019839 0.446910 -0.110937
v 0.031626 0.451955 -0.123885
v 0.050596 0.464394 -0.167414
v 0.042522 0.460579 -0.140366
v 0.047294 0.476107 -0.123961
v 0.054994 0.466964 -0.194929
v 0.057725 0.470210 -0.229526
v 0.059649 0.474888 -0.269079
v 0.061036 0.477778 -0.304805
v 0.062741 0.470726 -0.339669
v 0.063227 0.466572 -0.347153
v 0.062479 0.462825 -0.352697
v 0.060569 0.461656 -0.358745
v 0.058631 0.460630 -0.365192
v 0.056582 0.457111 -0.374414
v 0.055272 0.453921 -0.382149
v 0.076945 0.449017 -0.389354
v 0.059894 0.450773 -0.387849
v 0.063249 0.456974 -0.387681
v 0.071001 0.458535 -0.388527
v 0.076990 0.460426 -0.388507
v 0.082937 0.458537 -0.389238
v 0.090732 0.456979 -0.389320
v 0.094049 0.450778 -0.389887
v 0.098637 0.457116 -0.376923
v 0.097509 0.460638 -0.367513
v 0.099225 0.453928 -0.384772
v 0.092314 0.461279 -0.384393
v 0.091957 0.464053 -0.376464
v 0.091371 0.466442 -0.367341
v 0.096383 0.461669 -0.360885
v 0.094813 0.462835 -0.354570
v 0.090695 0.466295 -0.360583
v 0.089757 0.466595 -0.354664
v 0.093165 0.466588 -0.348709
v 0.092107 0.470730 -0.341033
v 0.088620 0.470371 -0.349012
v 0.087348 0.476546 -0.341621
v 0.090130 0.474973 -0.271257
v 0.091168 0.470236 -0.231689
v 0.090054 0.477800 -0.306058
v 0.086077 0.480825 -0.270457
v 0.085740 0.485600 -0.308013
v 0.086712 0.476929 -0.231651
v 0.093217 0.466968 -0.196487
v 0.095916 0.463515 -0.168045
v 0.087563 0.475357 -0.197858
v 0.088607 0.475947 -0.165859
v 0.099847 0.457034 -0.139922
v 0.104182 0.451083 -0.121807
v 0.092613 0.471253 -0.139854
v 0.091871 0.471807 -0.116867
v 0.109551 0.446834 -0.109388
v 0.115715 0.446337 -0.094008
v 0.095099 0.470133 -0.105124
v 0.099322 0.473229 -0.090114
v 0.127364 0.445597 -0.063397
v 0.135713 0.443924 -0.027107
v 0.107498 0.477687 -0.061448
v 0.114015 0.478751 -0.024443
v 0.134849 0.423877 0.068398
v 0.138408 0.436234 0.016900
v 0.115712 0.471058 0.021020
v 0.093796 0.417186 0.179420
v 0.122149 0.412913 0.127345
v 0.053259 0.421854 0.210681
v 0.003362 0.423683 0.221238
v 0.042883 -0.305607 0.396918
v 0.055823 -0.308338 0.375711
v 0.025830 -0.304528 0.404631
v 0.006393 -0.304337 0.406485
v 0.025778 -0.268233 -0.066326
v 0.030518 -0.305025 -0.005168
v -0.000015 -0.307529 -0.005204
v -0.000977 -0.271000 -0.066576
v 0.019200 -0.232016 -0.110000
v -0.001685 -0.232768 -0.111769
v 0.112444 -0.205577 0.194002
v 0.104261 -0.230643 0.221202
v 0.128962 -0.185287 0.156467
v 0.143849 -0.171820 0.113869
v 0.152652 -0.161180 0.065061
v 0.156611 -0.154662 0.017463
v 0.159739 -0.148426 -0.017643
v 0.157234 -0.143474 -0.050519
v 0.147341 -0.134411 -0.091023
v 0.133531 -0.123483 -0.133391
v 0.121677 -0.112515 -0.165664
v 0.111109 -0.101435 -0.191033
v 0.105357 -0.096663 -0.201704
v 0.100740 -0.090473 -0.209084
v 0.049514 0.282834 -0.111734
v 0.055744 0.274420 -0.107455
v 0.045321 0.296813 -0.116755
v 0.045839 0.319102 -0.126961
v 0.047090 0.342018 -0.143597
v 0.050508 0.367433 -0.160788
v 0.054488 0.395521 -0.170420
v 0.060115 0.420664 -0.181363
v 0.064342 0.433786 -0.200581
v 0.068288 0.441101 -0.232004
v 0.070258 0.448027 -0.271184
v 0.070862 0.451072 -0.305695
v 0.069969 0.438733 -0.345916
v 0.070441 0.441756 -0.338948
v 0.069390 0.434941 -0.350949
v 0.067753 0.427586 -0.356642
v 0.069418 0.419950 -0.363799
v 0.068239 0.414313 -0.373661
v 0.067454 0.410739 -0.382112
v 0.095201 0.460610 -0.329045
v 0.093709 0.453771 -0.328431
v 0.093907 0.468154 -0.328443
v 0.080570 0.444464 -0.327472
v 0.088508 0.447555 -0.327783
v 0.070839 0.447331 -0.327108
v 0.062860 0.453686 -0.326616
v 0.060647 0.468128 -0.326831
v 0.060155 0.460507 -0.327085
v 0.062064 0.475481 -0.327054
v 0.063883 0.481614 -0.326809
v 0.075272 0.488915 -0.326362
v 0.071713 0.488919 -0.326135
v 0.074459 0.493832 -0.317330
v 0.070449 0.493757 -0.317148
v 0.072321 0.482271 -0.335466
v 0.076133 0.482294 -0.335697
v 0.069664 0.483425 -0.333293
v 0.068435 0.488160 -0.325952
v 0.068017 0.491513 -0.319154
v 0.090864 0.475471 -0.328089
v 0.087432 0.481599 -0.327597
v 0.073997 0.492130 -0.313200
v 0.068698 0.491824 -0.312977
v 0.065695 0.490651 -0.316231
v 0.084338 0.480670 -0.337487
v 0.084809 0.485842 -0.326715
v 0.082284 0.483420 -0.334051
v 0.082111 0.488146 -0.326726
v 0.082958 0.490636 -0.316754
v 0.081245 0.491509 -0.319694
v 0.072132 0.478815 -0.340610
v 0.068392 0.480683 -0.336630
v 0.076747 0.478912 -0.340709
v 0.065755 0.485906 -0.325815
v 0.055564 0.483975 -0.118109
v 0.067047 0.486928 -0.118569
v 0.089095 0.478367 -0.138980
v 0.085473 0.482328 -0.145106
v 0.086271 0.480688 -0.123895
v 0.083471 0.484173 -0.132094
v 0.068703 -0.059823 -0.336607
v 0.077441 -0.061481 -0.339424
v 0.058986 -0.061541 -0.339161
v 0.081592 -0.068104 -0.346666
v 0.053610 -0.068337 -0.346394
v 0.092565 0.485465 0.021708
v 0.091712 0.492233 -0.023974
v 0.088148 0.490071 -0.059777
v 0.083061 0.483788 -0.088704
v 0.080999 0.480183 -0.103602
v 0.079462 0.480083 -0.111556
v 0.078338 0.484139 -0.118325
v 0.077533 0.488707 -0.129351
v 0.078484 0.486833 -0.147244
v 0.079840 0.483054 -0.170246
v 0.080625 0.481583 -0.197536
v 0.080838 0.482155 -0.231101
v 0.080559 0.484453 -0.269465
v 0.079964 0.487937 -0.301583
v 0.079240 0.491820 -0.313216
v 0.078457 0.493757 -0.317457
v 0.078842 0.488921 -0.326575
v 0.079971 0.482273 -0.336002
v 0.082464 0.476273 -0.344249
v 0.081448 0.478819 -0.341115
v 0.083502 0.471595 -0.348968
v 0.084293 0.467855 -0.354537
v 0.084706 0.467900 -0.360432
v 0.084829 0.468377 -0.367110
v 0.084893 0.466305 -0.376205
v 0.084907 0.463712 -0.384012
v 0.102674 0.415812 -0.388707
v 0.106319 0.427727 -0.388965
v 0.104649 0.440960 -0.388958
v 0.099650 0.452009 -0.388756
v 0.092541 0.459711 -0.388354
v 0.084928 0.462271 -0.387924
v 0.077049 0.462275 -0.387442
v 0.069169 0.462268 -0.386984
v 0.061558 0.459707 -0.386506
v 0.054455 0.452001 -0.386059
v 0.049471 0.440951 -0.385665
v 0.047817 0.427717 -0.385474
v 0.051470 0.415804 -0.385652
v 0.067013 0.408756 -0.386389
v 0.077072 0.419309 -0.387175
v 0.087135 0.408758 -0.387978
v 0.090100 -0.110183 -0.388064
v 0.077615 -0.131676 -0.387813
v 0.084166 -0.088456 -0.387962
v 0.066378 -0.081216 -0.387659
v 0.048591 -0.088462 -0.387357
v 0.042665 -0.110192 -0.387258
v 0.055160 -0.131680 -0.387431
v 0.066387 -0.125988 -0.387621
v 0.022835 -0.053101 -0.135401
v 0.038572 -0.049886 -0.131545
v -0.002167 -0.057528 -0.138741
v 0.038615 -0.046581 -0.132245
v 0.031554 -0.050446 -0.142335
v 0.030803 -0.052459 -0.163678
v 0.033981 -0.054288 -0.189659
v 0.037600 -0.055776 -0.200668
v 0.042759 -0.058449 -0.208177
v 0.048317 -0.061525 -0.221394
v 0.053949 -0.065653 -0.244721
v 0.056415 -0.068189 -0.273614
v 0.095735 -0.086274 -0.222047
v 0.090128 -0.082685 -0.245266
v 0.086755 -0.081137 -0.274024
v 0.051522 -0.375399 0.331875
v -0.059465 -0.293884 -0.000459
v -0.061413 -0.319241 0.059086
v -0.086323 -0.272898 0.012353
v -0.091446 -0.293300 0.066924
v -0.106577 -0.243563 0.018807
v -0.112592 -0.261408 0.077505
v -0.072449 -0.242398 -0.053272
v -0.089342 -0.222159 -0.042962
v -0.052062 -0.257836 -0.062760
v -0.100361 0.094330 0.198285
v -0.103229 0.025110 0.193124
v -0.049888 0.085045 0.243680
v -0.051239 -0.008568 0.246413
v -0.107483 -0.025697 0.199280
v -0.090079 -0.064543 0.225253
v -0.074838 -0.107109 0.245736
v -0.052657 -0.098494 0.262995
v -0.022860 -0.089855 0.275819
v -0.034373 -0.113180 0.276346
v -0.011215 0.474712 0.103881
v -0.013844 0.483273 0.070321
v -0.027175 0.479378 0.085769
v -0.027789 0.473005 0.111229
v -0.011683 0.471752 0.115897
v -0.023990 0.469385 0.128782
v -0.062184 0.064194 -0.137676
v -0.104458 0.054314 -0.105037
v -0.073381 0.118704 -0.138782
v -0.127299 0.114717 -0.102359
v -0.037345 -0.003220 -0.132692
v -0.063394 -0.003745 -0.116262
v -0.045335 0.386388 0.235016
v -0.046656 0.353214 0.251915
v -0.090200 0.381627 0.200959
v -0.095233 0.348756 0.212096
v -0.099732 0.316466 0.220268
v -0.051059 0.320551 0.260878
v -0.009091 0.327035 -0.082509
v -0.014846 0.332268 -0.084728
v -0.008027 0.384562 -0.055752
v -0.012823 0.387776 -0.061300
v -0.018271 0.284298 -0.105747
v -0.027468 0.284726 -0.107531
v -0.018010 -0.187134 -0.140077
v -0.019452 -0.140811 -0.146172
v -0.032155 -0.139268 -0.143522
v -0.038412 -0.184281 -0.136499
v -0.022908 -0.098438 -0.140602
v -0.037031 -0.094863 -0.136903
v -0.159565 -0.124294 0.079860
v -0.149408 -0.083739 0.087092
v -0.165788 -0.116612 0.029745
v -0.154932 -0.072445 0.034588
v -0.136426 -0.099932 0.148909
v -0.147644 -0.136157 0.133684
v -0.132343 -0.061283 0.142580
v -0.137370 -0.038357 0.102077
v -0.143676 -0.022475 0.039274
v -0.028961 -0.360572 0.375128
v -0.013124 -0.361880 0.378565
v -0.029653 -0.343699 0.382418
v -0.013491 -0.343686 0.386221
v -0.013312 -0.322800 0.391192
v -0.030164 -0.323955 0.385851
v -0.029627 -0.167201 0.293550
v -0.011144 -0.164276 0.300129
v -0.030989 -0.140434 0.284966
v -0.011934 -0.137020 0.290811
v -0.025372 -0.336358 0.138462
v -0.029012 -0.337112 0.101925
v -0.050056 -0.326404 0.141514
v -0.057502 -0.325638 0.104392
v -0.030694 -0.330973 0.056116
v -0.132138 0.226863 0.148801
v -0.100126 0.228935 0.222679
v -0.131187 0.271334 0.151691
v -0.100554 0.278215 0.225663
v -0.133369 0.305146 0.142766
v -0.149051 0.296894 0.056510
v -0.142804 0.265201 0.056898
v -0.144045 0.227049 0.058570
v -0.100332 0.412109 -0.386222
v -0.089213 0.424573 -0.386486
v -0.089236 0.421805 -0.385522
v -0.078119 0.412112 -0.385661
v -0.110549 0.417293 -0.386060
v -0.111428 0.426268 -0.386516
v -0.110153 0.439744 -0.386512
v -0.089214 0.438707 -0.386493
v -0.068300 0.439748 -0.385456
v -0.067024 0.426272 -0.385395
v -0.067922 0.417297 -0.384985
v -0.104925 0.450658 0.121667
v -0.092303 0.466581 0.112102
v -0.111648 0.459573 0.074000
v -0.091139 0.475025 0.072214
v -0.077099 0.467312 0.122155
v -0.086387 0.449751 0.156031
v -0.065687 0.480519 0.067889
v -0.132981 0.338883 0.135804
v -0.152362 0.335925 0.060518
v -0.126335 0.377180 0.137259
v -0.147966 0.380407 0.068534
v -0.113810 -0.111849 0.203953
v -0.103259 -0.178344 0.225433
v -0.080275 -0.145794 0.244952
v -0.081008 -0.194184 0.255819
v -0.124299 -0.041744 0.172978
v -0.129614 -0.151854 0.180399
v -0.113510 -0.179488 0.202763
v -0.126227 -0.205907 0.104046
v -0.132530 -0.195083 0.053836
v -0.120173 -0.234286 0.089306
v -0.118751 -0.221207 0.030440
v -0.133665 -0.185790 0.007230
v -0.108796 -0.205944 -0.022194
v -0.078387 -0.119522 -0.386472
v -0.091556 -0.126537 -0.385907
v -0.078395 -0.110687 -0.386915
v -0.096176 -0.110571 -0.386184
v -0.078393 -0.088684 -0.386498
v -0.091563 -0.094315 -0.385934
v -0.065210 -0.094309 -0.386382
v -0.060601 -0.110565 -0.386789
v -0.065204 -0.126533 -0.386354
v -0.041275 -0.124606 -0.143456
v -0.038541 -0.137063 -0.140436
v -0.056788 -0.150016 -0.142137
v -0.053529 -0.164121 -0.133832
v -0.039444 -0.091475 -0.135657
v -0.036856 -0.087323 -0.142765
v -0.088707 -0.008817 -0.100415
v -0.055255 -0.018961 -0.121656
v -0.077024 -0.015602 -0.133469
v -0.046458 -0.024552 -0.139308
v -0.115344 -0.019651 -0.088141
v -0.108472 -0.024744 -0.130070
v -0.122691 -0.014949 -0.048901
v -0.101074 0.008003 -0.074539
v -0.129325 -0.052043 -0.127399
v -0.139050 -0.052743 -0.081279
v -0.138537 -0.087873 -0.128875
v -0.151836 -0.094927 -0.085126
v -0.146626 -0.055187 -0.040784
v -0.162112 -0.102026 -0.043132
v -0.091049 -0.159167 -0.135233
v -0.097043 -0.175367 -0.107726
v -0.122520 -0.149867 -0.131129
v -0.131694 -0.163927 -0.092700
v -0.091415 -0.185020 -0.094210
v -0.135061 -0.173775 -0.058830
v -0.028260 0.308694 -0.110577
v -0.031219 0.330744 -0.121562
v -0.016743 0.345528 -0.094547
v -0.019044 0.362200 -0.112704
v -0.013129 0.395693 -0.079604
v -0.014151 0.405507 -0.103445
v -0.028310 0.477438 -0.090952
v -0.046344 0.487094 -0.088300
v -0.024723 0.482789 -0.064607
v -0.044672 0.493901 -0.061488
v -0.067635 0.485675 -0.087367
v -0.068462 0.491774 -0.060056
v -0.069418 0.494734 -0.023812
v -0.045693 0.497272 -0.027629
v -0.022287 0.490826 -0.030338
v -0.140017 0.405190 -0.066930
v -0.128061 0.410971 -0.097394
v -0.137476 0.363602 -0.076017
v -0.125491 0.372503 -0.106472
v -0.113693 0.341828 -0.115479
v -0.123753 0.327983 -0.089474
v -0.133516 0.314396 -0.057068
v -0.147274 0.352025 -0.041638
v -0.149816 0.398143 -0.029530
v -0.095876 0.326080 -0.120953
v -0.105805 0.310473 -0.099883
v -0.072965 0.320712 -0.125173
v -0.077633 0.303107 -0.111501
v -0.083655 0.288596 -0.099357
v -0.113856 0.293709 -0.073143
v -0.027527 -0.204250 0.327629
v -0.009887 -0.198861 0.328675
v -0.029783 -0.187204 0.307654
v -0.011549 -0.182610 0.311823
v -0.001749 -0.460642 0.228763
v -0.001671 -0.460926 0.224245
v -0.006658 -0.459417 0.229425
v -0.006789 -0.459311 0.225488
v -0.006881 -0.455384 0.221372
v -0.001860 -0.456822 0.219964
v -0.082684 -0.299042 0.290672
v -0.083119 -0.270990 0.301466
v -0.091076 -0.291838 0.263852
v -0.089177 -0.254748 0.272838
v -0.072824 -0.242433 0.313630
v -0.076087 -0.222836 0.286125
v -0.093621 -0.243994 0.246518
v -0.094960 -0.280784 0.235492
v -0.015786 -0.354983 0.209641
v -0.019255 -0.352425 0.200006
v -0.030955 -0.351171 0.215701
v -0.035947 -0.347512 0.205326
v -0.021085 -0.348770 0.186353
v -0.040589 -0.343117 0.189747
v -0.050419 -0.323075 0.230300
v -0.045376 -0.333453 0.244248
v -0.053323 -0.324118 0.247536
v -0.048546 -0.336896 0.259619
v -0.053971 -0.335492 0.274709
v -0.049986 -0.346437 0.276314
v -0.061262 -0.318577 0.246918
v -0.060036 -0.327082 0.276540
v -0.061292 -0.312488 0.212188
v -0.011539 -0.392618 0.329570
v -0.003647 -0.393119 0.332205
v -0.015615 -0.384758 0.342386
v -0.006321 -0.384751 0.345635
v -0.008843 -0.379064 0.357058
v -0.020876 -0.378567 0.354583
v -0.005128 -0.422709 0.219419
v -0.005918 -0.411687 0.219682
v -0.012287 -0.422940 0.221563
v -0.013980 -0.411549 0.222109
v -0.006848 -0.398149 0.219562
v -0.015881 -0.398064 0.222345
v -0.019766 -0.423278 0.231719
v -0.021603 -0.423268 0.237201
v -0.022913 -0.411197 0.235085
v -0.026433 -0.411600 0.242177
v -0.022213 -0.424275 0.242266
v -0.027917 -0.414394 0.248637
v -0.031337 -0.400512 0.247309
v -0.032693 -0.404464 0.255438
v -0.027304 -0.398326 0.238473
v -0.010011 -0.446840 0.282012
v -0.002781 -0.448104 0.284601
v -0.010355 -0.434217 0.292791
v -0.002867 -0.434958 0.295588
v -0.003028 -0.419458 0.308597
v -0.010851 -0.419005 0.305754
v -0.068682 0.180566 -0.129480
v -0.116769 0.183288 -0.094072
v -0.051213 0.243505 -0.116662
v -0.089329 0.252426 -0.089220
v -0.136842 0.167483 0.142121
v -0.099607 0.165187 0.211174
v -0.156099 0.169727 0.055006
v -0.163976 0.103093 0.049087
v -0.141379 0.097317 0.130445
v -0.050912 0.164270 0.252351
v -0.051986 0.229607 0.263026
v -0.103966 -0.058074 -0.205702
v -0.107932 -0.054060 -0.198400
v -0.094714 -0.046898 -0.206217
v -0.097861 -0.041236 -0.198756
v -0.106773 -0.074100 -0.205987
v -0.110768 -0.074596 -0.198468
v -0.116314 -0.076351 -0.187574
v -0.113124 -0.053017 -0.186981
v -0.101102 -0.036435 -0.187926
v -0.075715 -0.042881 -0.206169
v -0.075839 -0.036539 -0.198886
v -0.057205 -0.046993 -0.206854
v -0.053592 -0.041665 -0.199461
v -0.075494 -0.030713 -0.188209
v -0.050371 -0.036753 -0.188837
v -0.055688 -0.109875 -0.199413
v -0.058049 -0.101769 -0.206817
v -0.044867 -0.096633 -0.199272
v -0.049280 -0.090500 -0.206588
v -0.042861 -0.075909 -0.199594
v -0.048173 -0.074416 -0.206988
v -0.042469 -0.102792 -0.188358
v -0.039121 -0.078352 -0.188908
v -0.055020 -0.119776 -0.188762
v -0.103003 -0.109901 -0.198586
v -0.099383 -0.101779 -0.206108
v -0.079995 -0.114775 -0.198889
v -0.078926 -0.105810 -0.206164
v -0.081917 -0.125687 -0.188252
v -0.107506 -0.119456 -0.187891
v -0.088980 -0.063411 -0.271523
v -0.088772 -0.066055 -0.299841
v -0.093444 -0.068216 -0.271029
v -0.092926 -0.072042 -0.299908
v -0.093922 -0.075550 -0.291486
v -0.094834 -0.074703 -0.271449
v -0.097061 -0.074218 -0.242511
v -0.095482 -0.065708 -0.242120
v -0.090056 -0.059540 -0.242626
v -0.070772 -0.066047 -0.300144
v -0.079829 -0.064040 -0.299920
v -0.069836 -0.063407 -0.271858
v -0.079481 -0.061739 -0.271081
v -0.078531 -0.057281 -0.242361
v -0.067109 -0.059530 -0.243034
v -0.063484 -0.081161 -0.271490
v -0.068206 -0.085990 -0.271797
v -0.065197 -0.080517 -0.300337
v -0.069342 -0.086210 -0.300088
v -0.064891 -0.075538 -0.291975
v -0.063260 -0.074697 -0.272000
v -0.060070 -0.074208 -0.243161
v -0.060289 -0.082723 -0.242727
v -0.065845 -0.088885 -0.243026
v -0.090349 -0.086219 -0.299736
v -0.079921 -0.088140 -0.299663
v -0.091259 -0.085996 -0.271401
v -0.079864 -0.087649 -0.270840
v -0.079572 -0.091113 -0.242331
v -0.093037 -0.088888 -0.242561
v -0.093944 -0.084084 -0.331629
v -0.093249 -0.079806 -0.319551
v -0.091183 -0.068019 -0.331731
v -0.089365 -0.068544 -0.318649
v -0.090040 -0.089820 -0.318432
v -0.090373 -0.096658 -0.331417
v -0.094039 -0.080539 -0.299867
v -0.079853 -0.064787 -0.319120
v -0.070343 -0.068524 -0.318948
v -0.079628 -0.063543 -0.329103
v -0.067825 -0.068022 -0.332132
v -0.066356 -0.079738 -0.319907
v -0.069664 -0.089800 -0.318753
v -0.065146 -0.084065 -0.332093
v -0.068725 -0.096651 -0.331778
v -0.066225 -0.072023 -0.300346
v -0.079864 -0.093231 -0.318354
v -0.079529 -0.100954 -0.331670
v -0.106033 0.450832 -0.166988
v -0.107414 0.437359 -0.170239
v -0.109933 0.438164 -0.143428
v -0.109552 0.414837 -0.151628
v -0.103422 0.427479 -0.175214
v -0.102978 0.403654 -0.162665
v -0.112196 0.398643 -0.140307
v -0.103300 0.378709 -0.152986
v -0.114608 0.426848 -0.126966
v -0.070530 0.483062 -0.167673
v -0.067127 0.486937 -0.143949
v -0.063812 0.475823 -0.167263
v -0.058619 0.477828 -0.143088
v -0.077341 0.485582 -0.167637
v -0.074799 0.489305 -0.144337
v -0.072572 0.491116 -0.126859
v -0.063544 0.488603 -0.126846
v -0.057823 0.482067 -0.129992
v -0.051893 0.438846 -0.171767
v -0.041112 0.414911 -0.155700
v -0.057269 0.429870 -0.175785
v -0.048584 0.404633 -0.164048
v -0.051584 0.451434 -0.168456
v -0.041852 0.439080 -0.147764
v -0.032894 0.397422 -0.144649
v -0.031436 0.426419 -0.133203
v -0.041231 0.377753 -0.154689
v -0.092316 0.419376 -0.179180
v -0.090931 0.396206 -0.168612
v -0.078137 0.415904 -0.181401
v -0.075383 0.392262 -0.170178
v -0.089896 0.368024 -0.158358
v -0.073391 0.365048 -0.159777
v -0.107778 0.459805 -0.345121
v -0.109669 0.456442 -0.350580
v -0.108697 0.452069 -0.344633
v -0.110894 0.447923 -0.350067
v -0.108464 0.440357 -0.349335
v -0.106531 0.444511 -0.344245
v -0.106879 0.455647 -0.337473
v -0.104816 0.448103 -0.337082
v -0.106083 0.463527 -0.337602
v -0.083616 0.471572 -0.345746
v -0.078521 0.470346 -0.345441
v -0.084052 0.467832 -0.351187
v -0.078602 0.466572 -0.350873
v -0.089044 0.471600 -0.345803
v -0.089758 0.467828 -0.351275
v -0.082958 0.476248 -0.341120
v -0.088126 0.476279 -0.341132
v -0.077487 0.476523 -0.338274
v -0.071741 0.440393 -0.348366
v -0.068753 0.447949 -0.349010
v -0.072496 0.444527 -0.343295
v -0.069697 0.452142 -0.343678
v -0.070810 0.459823 -0.344301
v -0.070014 0.456450 -0.349607
v -0.070027 0.455643 -0.336601
v -0.070887 0.463529 -0.336926
v -0.072810 0.448089 -0.336226
v -0.101517 0.434812 -0.349050
v -0.100801 0.438729 -0.344105
v -0.091559 0.432709 -0.348691
v -0.091666 0.436129 -0.343714
v -0.091316 0.438876 -0.336590
v -0.099484 0.441794 -0.336812
v -0.102701 0.470618 -0.303070
v -0.104554 0.463675 -0.303368
v -0.101668 0.467865 -0.267975
v -0.103702 0.460739 -0.267747
v -0.103574 0.457180 -0.303450
v -0.102639 0.454012 -0.268114
v -0.103709 0.454936 -0.229191
v -0.102145 0.447418 -0.229814
v -0.101681 0.462731 -0.228949
v -0.072696 0.485568 -0.305068
v -0.077490 0.487901 -0.298792
v -0.071386 0.480763 -0.266889
v -0.076569 0.484396 -0.266408
v -0.083531 0.488309 -0.298864
v -0.082882 0.485730 -0.266888
v -0.081738 0.484382 -0.228317
v -0.075431 0.482121 -0.228123
v -0.069742 0.476886 -0.227943
v -0.073084 0.457185 -0.302606
v -0.070222 0.463653 -0.302390
v -0.071946 0.454096 -0.267337
v -0.068175 0.460732 -0.266097
v -0.070098 0.470614 -0.302490
v -0.067181 0.467850 -0.266797
v -0.062976 0.462816 -0.227864
v -0.064586 0.455269 -0.228127
v -0.069145 0.447885 -0.228875
v -0.098057 0.451010 -0.303091
v -0.096228 0.447661 -0.267325
v -0.089814 0.448037 -0.303105
v -0.087436 0.444841 -0.267981
v -0.094521 0.440679 -0.229693
v -0.084361 0.437713 -0.230169
v -0.042799 0.266344 -0.110830
v -0.053138 0.269416 -0.105876
v -0.052435 0.280550 0.265224
v -0.055643 -0.217217 -0.098704
v -0.066483 -0.203759 -0.094504
v -0.040652 -0.223455 -0.108323
v -0.091437 -0.194073 -0.074329
v -0.133722 -0.179488 -0.030286
v -0.166692 -0.108687 -0.008201
v -0.152425 -0.061285 -0.005904
v -0.137190 -0.010027 -0.012931
v -0.137617 0.047681 -0.041711
v -0.150865 0.038116 0.041249
v -0.158437 0.109433 -0.035374
v -0.147084 0.176985 -0.031317
v -0.129655 0.236351 -0.023113
v -0.091000 0.274794 -0.082374
v -0.128809 0.271446 -0.023348
v -0.144752 0.300682 -0.010513
v -0.153961 0.388557 0.014001
v -0.154395 0.340446 0.001479
v -0.070449 0.489299 0.020954
v -0.052021 0.492789 0.011846
v -0.039730 0.491693 0.020795
v -0.011985 0.484485 -0.020852
v -0.023485 0.490458 0.028968
v -0.041222 0.480483 0.078372
v -0.138097 0.026998 0.121567
v -0.055310 0.480550 -0.109416
v -0.048560 0.482394 -0.101521
v -0.043976 0.471336 -0.113156
v -0.034713 0.472472 -0.104568
v -0.069575 0.482608 -0.109273
v -0.067877 0.482471 -0.101485
v -0.024990 0.376026 -0.129513
v -0.035365 0.352460 -0.138221
v -0.020888 0.414278 -0.119601
v -0.106768 0.357279 -0.136827
v -0.091099 0.343750 -0.140310
v -0.071947 0.340907 -0.142645
v -0.120206 0.416894 -0.114518
v -0.116827 0.380994 -0.127226
v -0.066452 0.441751 -0.355332
v -0.069817 0.433417 -0.354189
v -0.064405 0.438334 -0.361639
v -0.067668 0.426855 -0.361144
v -0.065887 0.451305 -0.362184
v -0.068024 0.453645 -0.355508
v -0.083569 0.467878 -0.357010
v -0.077597 0.466272 -0.356652
v -0.082824 0.468355 -0.363654
v -0.076286 0.466419 -0.363329
v -0.089827 0.467830 -0.357022
v -0.089614 0.468353 -0.363755
v -0.114881 0.438326 -0.362913
v -0.113224 0.441732 -0.356515
v -0.113383 0.451300 -0.363383
v -0.111668 0.453639 -0.356611
v -0.110230 0.433298 -0.355283
v -0.111723 0.426822 -0.362276
v -0.098414 0.419819 -0.362056
v -0.101934 0.427119 -0.354997
v -0.089884 0.430531 -0.361560
v -0.090763 0.425403 -0.354421
v -0.007727 -0.219182 0.352651
v -0.024018 -0.224238 0.351601
v -0.007190 -0.243326 0.376267
v -0.023414 -0.246321 0.371957
v -0.074726 -0.283103 0.316659
v -0.068994 -0.258797 0.331380
v -0.070511 -0.305137 0.305333
v -0.066022 -0.290748 0.325271
v -0.059012 -0.309508 0.315295
v -0.068069 -0.274215 0.342735
v -0.049195 -0.360368 0.296668
v -0.054371 -0.350758 0.301962
v -0.050505 -0.353508 0.288263
v -0.055036 -0.343394 0.291847
v -0.059298 -0.333740 0.294586
v -0.057897 -0.340006 0.306578
v -0.024677 -0.425975 0.248922
v -0.025636 -0.429008 0.255887
v -0.027581 -0.416666 0.255594
v -0.026100 -0.420594 0.263421
v -0.030422 -0.407979 0.262967
v -0.027236 -0.411060 0.271863
v -0.018531 -0.430087 0.236291
v -0.019515 -0.430765 0.240035
v -0.016073 -0.430535 0.236520
v -0.013854 -0.433264 0.233526
v -0.016304 -0.433294 0.234394
v -0.008306 -0.433552 0.231801
v -0.008726 -0.431996 0.233322
v -0.007868 -0.435507 0.233992
v -0.013491 -0.435085 0.235754
v -0.017117 -0.434764 0.237739
v -0.025925 -0.257851 0.386176
v -0.029204 -0.287030 0.397068
v -0.009761 -0.258453 0.391865
v -0.012081 -0.286760 0.403913
v -0.109757 -0.316063 0.332498
v -0.114339 -0.319773 0.333699
v -0.114253 -0.308815 0.328005
v -0.122387 -0.312423 0.330519
v -0.116083 -0.318170 0.336478
v -0.110101 -0.320527 0.337032
v -0.111565 -0.313006 0.339172
v -0.116249 -0.307898 0.333280
v -0.111040 -0.300158 0.328022
v -0.115732 -0.301391 0.325833
v -0.109500 -0.301407 0.324628
v -0.055068 -0.357767 0.333209
v -0.054354 -0.361977 0.331532
v -0.052310 -0.361439 0.339669
v -0.050765 -0.368359 0.337060
v -0.050502 -0.355911 0.342732
v -0.055217 -0.347924 0.332867
v -0.056590 -0.349907 0.324095
v -0.055700 -0.355848 0.322343
v -0.054783 -0.359144 0.325311
v -0.023373 -0.428874 0.281634
v -0.025458 -0.425035 0.273778
v -0.022454 -0.439286 0.271606
v -0.025159 -0.433802 0.263980
v -0.026111 -0.413478 0.283653
v -0.024109 -0.415701 0.293596
v -0.005329 -0.472085 0.245337
v -0.004462 -0.471763 0.246571
v -0.010348 -0.468921 0.246152
v -0.010541 -0.468469 0.248964
v -0.003099 -0.472282 0.242529
v -0.008827 -0.469347 0.242341
v -0.070041 -0.308325 0.145185
v -0.085057 -0.302037 0.106201
v -0.082611 -0.285845 0.154421
v -0.100784 -0.274293 0.120224
v -0.045924 -0.332924 0.216982
v -0.040585 -0.340397 0.229213
v -0.052417 -0.327859 0.197174
v -0.017003 -0.422908 0.226190
v -0.019432 -0.410535 0.228103
v -0.022618 -0.397288 0.229527
v -0.014967 -0.443699 0.228822
v -0.011067 -0.453308 0.227067
v -0.013767 -0.444807 0.231581
v -0.010667 -0.453906 0.230384
v -0.014227 -0.442975 0.224558
v -0.010988 -0.450937 0.222840
v -0.013821 -0.463044 0.247921
v -0.013143 -0.462979 0.251897
v -0.016004 -0.457707 0.251187
v -0.013157 -0.459147 0.255252
v -0.013451 -0.463995 0.243233
v -0.017226 -0.457722 0.244836
v -0.017518 -0.432021 0.288385
v -0.016935 -0.443750 0.277722
v -0.018453 -0.417779 0.300771
v -0.022477 -0.384246 0.339409
v -0.027336 -0.382925 0.337481
v -0.018063 -0.391581 0.325957
v -0.023358 -0.388946 0.321073
v -0.029052 -0.376910 0.352012
v -0.033692 -0.375651 0.349081
v -0.047774 -0.337041 0.355985
v -0.044666 -0.348919 0.356947
v -0.039054 -0.341852 0.374753
v -0.038717 -0.354383 0.367988
v -0.041902 -0.326172 0.374848
v -0.049678 -0.326476 0.361306
v -0.054845 -0.293436 0.363319
v -0.044404 -0.288805 0.376822
v -0.060172 -0.280406 0.356249
v -0.044654 -0.269570 0.371514
v -0.046244 -0.255794 0.359704
v -0.045771 -0.237100 0.345142
v -0.051422 -0.219556 0.322489
v -0.056376 -0.201977 0.297058
v -0.054080 -0.178151 0.279103
v -0.053494 -0.150929 0.270770
v -0.054521 -0.309886 0.326548
v -0.054705 -0.301512 0.329119
v -0.060979 -0.293915 0.330545
v -0.055987 -0.295784 0.331696
v -0.056867 -0.293716 0.338043
v -0.062768 -0.288288 0.340320
v -0.058353 -0.296215 0.347027
v -0.061844 -0.289039 0.349228
v -0.057953 -0.303678 0.355627
v -0.057365 -0.298831 0.357430
v -0.054435 -0.311113 0.359397
v -0.056792 -0.311655 0.356748
v -0.055464 -0.317683 0.351092
v -0.053202 -0.322772 0.350983
v -0.051788 -0.310408 0.364434
v -0.072639 -0.284275 0.319293
v -0.059755 -0.289397 0.325568
v -0.072098 -0.287001 0.318334
v -0.059845 -0.291587 0.323635
v -0.061118 -0.289026 0.331430
v -0.073832 -0.285378 0.326412
v -0.064287 -0.293462 0.342949
v -0.074651 -0.293512 0.342057
v -0.064030 -0.304191 0.356522
v -0.075667 -0.305528 0.356017
v -0.063644 -0.312544 0.357920
v -0.074821 -0.314215 0.356634
v -0.061801 -0.317404 0.351727
v -0.074265 -0.319530 0.350016
v -0.074453 -0.320757 0.344375
v -0.061441 -0.317551 0.344350
v -0.076046 -0.319313 0.341756
v -0.063417 -0.315956 0.341286
v -0.056556 -0.313040 0.338763
v -0.055620 -0.319108 0.340954
v -0.094417 -0.316994 0.348438
v -0.096135 -0.310283 0.347813
v -0.095104 -0.321110 0.342871
v -0.092977 -0.298941 0.338785
v -0.095398 -0.291394 0.326430
v -0.094788 -0.289952 0.320659
v -0.094405 -0.293286 0.320333
v -0.094390 -0.322055 0.339945
v -0.094578 -0.319779 0.337999
v -0.057729 -0.326331 0.312373
v -0.065838 -0.320344 0.298148
v -0.072392 -0.316070 0.281621
v -0.081783 -0.299377 0.222636
v -0.077258 -0.310566 0.252199
v -0.104384 -0.030648 -0.163144
v -0.121410 -0.052625 -0.160100
v -0.126529 -0.081596 -0.162521
v -0.046318 -0.030604 -0.164380
v -0.074121 -0.022968 -0.163287
v -0.042138 -0.114266 -0.162395
v -0.056457 -0.134724 -0.164307
v -0.036924 -0.082882 -0.164149
v -0.086086 -0.142036 -0.163737
v -0.114465 -0.134307 -0.163451
v -0.092064 -0.053215 -0.220032
v -0.099808 -0.061664 -0.218672
v -0.101838 -0.073995 -0.219881
v -0.076635 -0.049662 -0.219056
v -0.062094 -0.053184 -0.220599
v -0.061793 -0.094744 -0.220611
v -0.054464 -0.086344 -0.219534
v -0.054212 -0.073969 -0.220751
v -0.095996 -0.094741 -0.220025
v -0.078932 -0.098188 -0.219243
v -0.010245 -0.453046 0.277512
v -0.009699 -0.456848 0.275064
v -0.002942 -0.454445 0.279794
v -0.002787 -0.458108 0.276916
v -0.016065 -0.453428 0.271235
v -0.017032 -0.449646 0.273130
v -0.020547 -0.449812 0.265208
v -0.022291 -0.444964 0.266785
v -0.023372 -0.446218 0.257275
v -0.025259 -0.439570 0.258398
v -0.025346 -0.436521 0.251105
v -0.024345 -0.444017 0.249043
v -0.018140 -0.433549 0.232247
v -0.015959 -0.437058 0.232911
v -0.017046 -0.433689 0.227842
v -0.011708 -0.441990 0.221316
v -0.014387 -0.433173 0.223706
v -0.009871 -0.432732 0.220251
v -0.007486 -0.441817 0.219060
v -0.002328 -0.441415 0.217994
v -0.003984 -0.431790 0.218731
v -0.002953 -0.405120 0.320306
v -0.010672 -0.404733 0.317511
v -0.017934 -0.404097 0.312509
v -0.023340 -0.401932 0.306319
v -0.027025 -0.400366 0.295893
v -0.028007 -0.391375 0.306869
v -0.032508 -0.388080 0.301888
v -0.033613 -0.389530 0.294747
v -0.035398 -0.387013 0.287037
v -0.029854 -0.399611 0.281297
v -0.033378 -0.397205 0.271464
v -0.037707 -0.383105 0.280191
v -0.036355 -0.392289 0.264290
v -0.039965 -0.378122 0.272240
v -0.034675 -0.383026 0.243312
v -0.037309 -0.386402 0.254607
v -0.042081 -0.371770 0.260596
v -0.041050 -0.367088 0.247438
v -0.028878 -0.379910 0.232244
v -0.034449 -0.364715 0.234624
v -0.019290 -0.380558 0.223153
v -0.023106 -0.365449 0.223252
v -0.008506 -0.380282 0.219111
v -0.010507 -0.365871 0.217768
v -0.042336 -0.366972 0.318342
v -0.047703 -0.363018 0.317800
v -0.042558 -0.369163 0.314185
v -0.051110 -0.359069 0.311081
v -0.050759 -0.362634 0.322428
v -0.052998 -0.360367 0.321660
v -0.056392 -0.345233 0.318226
v -0.046011 -0.367707 0.303638
v -0.040160 -0.375599 0.309015
v -0.053754 -0.330027 0.332604
v -0.054037 -0.313049 0.335970
v -0.055039 -0.307456 0.331024
v -0.055356 -0.303751 0.333572
v -0.048669 -0.347405 0.346114
v -0.040977 -0.376582 0.297640
v -0.042678 -0.372574 0.291921
v -0.036394 -0.382837 0.303876
v -0.048443 -0.366713 0.331195
v -0.043083 -0.369046 0.329749
v -0.049304 -0.368100 0.333225
v -0.041500 -0.373187 0.330245
v -0.038994 -0.369974 0.325839
v -0.036613 -0.374785 0.324778
v -0.041564 -0.375180 0.331682
v -0.032948 -0.380325 0.325426
v -0.039006 -0.369476 0.321513
v -0.037098 -0.374630 0.318815
v -0.034996 -0.379802 0.315596
v -0.052989 -0.363633 0.330048
v -0.051059 -0.364226 0.327940
v -0.012567 -0.463984 0.239103
v -0.016271 -0.458025 0.239718
v -0.014923 -0.457941 0.236816
v -0.011842 -0.461895 0.235308
v -0.007561 -0.465646 0.234634
v -0.007903 -0.468465 0.238205
v -0.002026 -0.470829 0.238580
v -0.002065 -0.467239 0.234816
v -0.002176 -0.443997 0.233281
v -0.007652 -0.443949 0.233737
v -0.002140 -0.435603 0.232927
v -0.002072 -0.453887 0.233256
v -0.007884 -0.453215 0.233359
v -0.002034 -0.453984 0.230937
v -0.002058 -0.445122 0.231403
v -0.006540 -0.454096 0.231369
v -0.007146 -0.445156 0.232047
v -0.009544 -0.453097 0.231625
v -0.011173 -0.444857 0.232410
v -0.022649 -0.443933 0.242117
v -0.022843 -0.435294 0.243811
v -0.018413 -0.439646 0.237882
v -0.018766 -0.446814 0.236923
v -0.012708 -0.443271 0.234693
v -0.013586 -0.450429 0.234250
v -0.002316 -0.432476 0.231644
v -0.002415 -0.433624 0.230633
v -0.049389 -0.364133 0.342017
v -0.046726 -0.370044 0.339212
v -0.047461 -0.363373 0.342970
v -0.043302 -0.370447 0.340131
v -0.044707 -0.363063 0.345966
v -0.042911 -0.361411 0.350647
v -0.036821 -0.373553 0.346062
v -0.039125 -0.371882 0.343100
v -0.040000 -0.362386 0.355412
v -0.036009 -0.364616 0.361558
v -0.026024 -0.370777 0.365979
v -0.011636 -0.372166 0.369074
v -0.046458 -0.366410 0.320239
v -0.045844 -0.367873 0.323437
v -0.048533 -0.365775 0.322163
v -0.048638 -0.366822 0.324952
v -0.042530 -0.368494 0.322443
v -0.043772 -0.367298 0.320370
v -0.042438 -0.368896 0.325273
v -0.044800 -0.368770 0.327135
v -0.047291 -0.367710 0.327547
v -0.042772 -0.366794 0.319558
v -0.040449 -0.368281 0.322468
v -0.040729 -0.368844 0.326047
v -0.046795 -0.364958 0.319721
v -0.049761 -0.364328 0.322083
v -0.049993 -0.365435 0.326466
v -0.047928 -0.367136 0.329651
v -0.044006 -0.368214 0.329130
v -0.060791 -0.294569 0.328617
v -0.072431 -0.292365 0.325630
v -0.060829 -0.292621 0.324561
v -0.072531 -0.290076 0.321219
v -0.094890 -0.298933 0.323851
v -0.093334 -0.302526 0.327699
v -0.087360 -0.303998 0.334758
v -0.079852 -0.296910 0.332195
v -0.082775 -0.307482 0.340109
v -0.070552 -0.301551 0.340125
v -0.063649 -0.295176 0.334092
v -0.071108 -0.293170 0.330843
v -0.058458 -0.300035 0.337705
v -0.058632 -0.304053 0.342837
v -0.060458 -0.307901 0.345399
v -0.067611 -0.309427 0.347602
v -0.075916 -0.311415 0.344901
v -0.077575 -0.316145 0.344093
v -0.065080 -0.313517 0.345363
v -0.057336 -0.309707 0.343555
v -0.054561 -0.306564 0.341897
v -0.055816 -0.301394 0.336141
v -0.061153 -0.294056 0.330924
v -0.072480 -0.292144 0.328284
v -0.092245 -0.302783 0.329653
v -0.097874 -0.309290 0.332751
v -0.092967 -0.314416 0.337618
v -0.045370 -0.353379 0.262746
v -0.043758 -0.348821 0.249264
v -0.045018 -0.361379 0.275801
v -0.038789 -0.349824 0.236362
v -0.027330 -0.355963 0.221685
v -0.013648 -0.358141 0.214930
v 0.000276 -0.469683 0.263329
v -0.001454 -0.463467 0.271631
v -0.003460 -0.468169 0.263927
v -0.007006 -0.462281 0.270369
v -0.006460 -0.466028 0.263991
v -0.012539 -0.458666 0.268448
v -0.007872 -0.464640 0.262613
v -0.015165 -0.456807 0.263800
v -0.012015 -0.459474 0.259182
v -0.017991 -0.454050 0.256620
v -0.020880 -0.451446 0.247431
v -0.020317 -0.451052 0.240976
v -0.016935 -0.453315 0.236357
v -0.012996 -0.456437 0.234110
v -0.007729 -0.460365 0.233351
v -0.001900 -0.461620 0.233417
v -0.003825 -0.469341 0.259346
v -0.004411 -0.468664 0.258396
v -0.001955 -0.470788 0.257706
v -0.002302 -0.470471 0.254172
v 0.001210 -0.472562 0.255016
v 0.000775 -0.472221 0.250148
v -0.004116 -0.466913 0.252423
v -0.005058 -0.466670 0.256213
v -0.007217 -0.464344 0.257919
v -0.006403 -0.465478 0.258878
v -0.009098 -0.463538 0.256615
v -0.008590 -0.465634 0.253970
v -0.007212 -0.467674 0.251183
v -0.002970 -0.468714 0.249125
v -0.001054 -0.467753 0.250018
v -0.000360 -0.469115 0.248196
v -0.003109 -0.467573 0.253163
v -0.003031 -0.468782 0.253061
v 0.000350 -0.469980 0.248822
v 0.001492 -0.470921 0.246449
v -0.003117 -0.470616 0.247354
v -0.009406 -0.468184 0.250516
v -0.011718 -0.463532 0.254019
v -0.011048 -0.461007 0.257000
v -0.009708 -0.461653 0.259585
v -0.006793 -0.465397 0.260709
v -0.004828 -0.467776 0.257458
v -0.044434 -0.366836 0.285183
v -0.009867 -0.448712 0.220523
v -0.006531 -0.449776 0.219216
v -0.001789 -0.450127 0.218138
v -0.007763 -0.438042 0.231778
v -0.012431 -0.437904 0.232591
v -0.002264 -0.437997 0.230913
v -0.052119 0.467468 0.134921
v -0.033511 0.466743 0.155574
v -0.056150 0.450930 0.179073
v -0.032174 0.462459 0.181844
v -0.008927 0.517063 -0.011473
v -0.009412 0.503468 -0.003934
v -0.014967 0.505685 0.003747
v -0.016318 0.515182 -0.001844
v -0.014788 0.522902 0.008038
v -0.009231 0.528045 0.000910
v -0.011291 0.499261 0.125611
v -0.011858 0.480458 0.163531
v -0.021275 0.495533 0.123669
v -0.022974 0.478718 0.160026
v -0.021198 0.455209 0.196111
v -0.026600 0.474355 0.153091
v -0.024700 0.487348 0.118605
v -0.022192 0.474358 0.122749
v -0.023117 0.482603 0.109026
v -0.019251 0.495473 0.058555
v -0.010761 0.491450 0.059209
v -0.020434 0.487122 0.088894
v -0.011370 0.480243 0.096225
v -0.010369 0.519487 0.069592
v -0.010857 0.511156 0.097651
v -0.018905 0.515028 0.067685
v -0.020059 0.506823 0.095704
v -0.023285 0.497288 0.090448
v -0.021905 0.505292 0.062515
v -0.030963 -0.380729 0.336025
v -0.028564 -0.383918 0.323328
v -0.034153 -0.378073 0.334908
v -0.031488 -0.385298 0.311438
v -0.101170 -0.106071 -0.367472
v -0.099151 -0.104519 -0.362281
v -0.095356 -0.086892 -0.367450
v -0.093674 -0.086856 -0.362066
v -0.088191 -0.119968 -0.362116
v -0.089313 -0.124591 -0.367515
v -0.091744 -0.113034 -0.355175
v -0.096343 -0.098969 -0.355160
v -0.092634 -0.081594 -0.354693
v -0.078022 -0.080907 -0.362582
v -0.062361 -0.086850 -0.362599
v -0.078104 -0.080482 -0.367789
v -0.060847 -0.086886 -0.368036
v -0.077929 -0.078530 -0.356535
v -0.063486 -0.081596 -0.355196
v -0.056886 -0.104511 -0.363000
v -0.067829 -0.119964 -0.362462
v -0.055028 -0.106062 -0.368256
v -0.066873 -0.124587 -0.367897
v -0.060026 -0.098962 -0.355778
v -0.064604 -0.113029 -0.355636
v -0.078013 -0.118129 -0.362494
v -0.078095 -0.119916 -0.367741
v -0.078152 -0.117921 -0.355588
v -0.102034 -0.109255 -0.381459
v -0.101934 -0.107943 -0.374980
v -0.096108 -0.088075 -0.381515
v -0.096005 -0.087466 -0.374867
v -0.089775 -0.128007 -0.374937
v -0.089878 -0.130270 -0.381584
v -0.060533 -0.088068 -0.382119
v -0.078321 -0.081012 -0.381802
v -0.060429 -0.087459 -0.375471
v -0.078218 -0.080639 -0.375098
v -0.054499 -0.107933 -0.375787
v -0.066642 -0.128003 -0.375331
v -0.054600 -0.109246 -0.382265
v -0.066745 -0.130265 -0.381977
v -0.078312 -0.124420 -0.381765
v -0.078208 -0.121841 -0.375062
v -0.115008 0.447136 -0.372685
v -0.116214 0.443153 -0.381002
v -0.116497 0.433945 -0.372088
v -0.117835 0.429899 -0.380794
v -0.114285 0.417837 -0.380618
v -0.113157 0.421578 -0.371918
v -0.082147 0.466283 -0.372715
v -0.075082 0.464031 -0.372376
v -0.081657 0.463690 -0.380499
v -0.074245 0.461257 -0.380251
v -0.089449 0.466326 -0.372764
v -0.089333 0.463702 -0.380656
v -0.064405 0.417841 -0.379359
v -0.060852 0.429904 -0.379355
v -0.065802 0.421582 -0.370723
v -0.062454 0.433950 -0.370724
v -0.063920 0.447141 -0.371395
v -0.062465 0.443158 -0.379645
v -0.099363 0.410720 -0.380455
v -0.098937 0.414295 -0.371940
v -0.089346 0.421285 -0.379980
v -0.089481 0.424909 -0.371355
v -0.073389 0.481587 -0.195566
v -0.067316 0.475330 -0.194802
v -0.079777 0.484140 -0.195311
v -0.064041 0.442047 -0.197512
v -0.059365 0.450268 -0.196222
v -0.058125 0.458329 -0.194739
v -0.102884 0.440279 -0.197697
v -0.093765 0.432547 -0.198577
v -0.081167 0.429483 -0.200672
v -0.103247 0.457990 -0.194833
v -0.105242 0.448946 -0.195640
v -0.094795 -0.091388 -0.344265
v -0.094173 -0.076520 -0.344104
v -0.090774 -0.104936 -0.344455
v -0.077811 -0.069601 -0.348838
v -0.067782 -0.068260 -0.347122
v -0.088074 -0.068206 -0.346727
v -0.078051 -0.059010 -0.339449
v -0.085223 -0.061923 -0.340502
v -0.071112 -0.061946 -0.340765
v -0.066861 -0.104932 -0.344860
v -0.062898 -0.091381 -0.344805
v -0.063267 -0.076572 -0.344679
v -0.078727 -0.109798 -0.345201
v -0.036339 -0.376565 0.334674
v -0.040995 -0.371044 0.341455
v -0.037799 -0.376372 0.333425
v -0.045570 -0.364106 0.343872
v -0.071458 -0.298632 0.182978
v -0.084020 -0.278651 0.196169
v -0.092801 -0.258874 0.210428
v -0.088605 -0.260351 0.167783
v -0.094287 -0.233810 0.182446
v -0.045024 -0.333871 0.169030
v -0.060338 -0.317399 0.174227
v -0.023078 -0.341586 0.165607
v -0.104837 -0.246404 0.134675
v -0.109571 -0.217224 0.146948
v -0.010088 0.497007 0.023412
v -0.017718 0.500614 0.023911
v -0.020076 0.511826 0.026876
v -0.017424 0.522241 0.031201
v -0.009796 0.526864 0.033327
v -0.007955 0.443513 -0.042094
v -0.013271 0.444402 -0.047929
v -0.015028 0.445937 -0.067865
v -0.017080 0.446829 -0.095345
v -0.035649 0.451942 -0.122742
v -0.023448 0.446902 -0.110202
v -0.051330 0.476087 -0.122283
v -0.047038 0.460566 -0.138845
v -0.055992 0.464372 -0.165598
v -0.065080 0.470181 -0.227431
v -0.061265 0.466937 -0.192946
v -0.068240 0.474858 -0.266897
v -0.070722 0.477750 -0.302552
v -0.074185 0.466554 -0.344793
v -0.073608 0.462808 -0.350359
v -0.073474 0.470706 -0.337332
v -0.070154 0.460614 -0.362980
v -0.071889 0.461639 -0.356469
v -0.067329 0.453905 -0.380044
v -0.068397 0.457095 -0.372267
v -0.102996 0.456955 -0.385992
v -0.095204 0.458514 -0.386178
v -0.106328 0.450753 -0.386444
v -0.089215 0.448997 -0.386499
v -0.089237 0.460405 -0.385652
v -0.083251 0.458515 -0.385876
v -0.075477 0.456956 -0.385298
v -0.072126 0.450756 -0.385581
v -0.111341 0.453901 -0.381154
v -0.110506 0.457089 -0.373330
v -0.104424 0.461254 -0.381014
v -0.103818 0.464027 -0.373100
v -0.109084 0.460613 -0.363963
v -0.102945 0.466417 -0.364003
v -0.107750 0.461643 -0.357378
v -0.102056 0.466272 -0.357271
v -0.105983 0.462809 -0.351120
v -0.100933 0.466571 -0.351388
v -0.099622 0.470347 -0.345778
v -0.104155 0.466562 -0.345320
v -0.102863 0.470701 -0.337688
v -0.098131 0.476518 -0.338439
v -0.098775 0.474927 -0.268034
v -0.094701 0.480782 -0.267373
v -0.099768 0.477759 -0.302815
v -0.095509 0.485565 -0.304912
v -0.098575 0.470190 -0.228453
v -0.094122 0.476884 -0.228566
v -0.093914 0.475313 -0.194762
v -0.099517 0.466921 -0.193200
v -0.101313 0.463471 -0.164683
v -0.093939 0.475909 -0.162748
v -0.097121 0.471218 -0.136624
v -0.104348 0.456994 -0.136445
v -0.108108 0.451045 -0.118194
v -0.095657 0.471772 -0.113676
v -0.098514 0.470099 -0.101830
v -0.113080 0.446796 -0.105600
v -0.118759 0.446297 -0.090020
v -0.102267 0.473192 -0.086685
v -0.109542 0.477647 -0.057760
v -0.129444 0.445551 -0.059031
v -0.136658 0.443874 -0.022480
v -0.114900 0.478706 -0.020557
v -0.115181 0.471009 0.024938
v -0.137974 0.436183 0.021590
v -0.132812 0.423826 0.072940
v -0.118283 0.412863 0.131422
v -0.088330 0.417146 0.182510
v -0.046836 0.421836 0.212383
v -0.043966 -0.308357 0.377407
v -0.030375 -0.305620 0.398164
v -0.013090 -0.304536 0.405292
v -0.030535 -0.305037 -0.004130
v -0.027716 -0.268243 -0.065416
v -0.022516 -0.232024 -0.109291
v -0.097222 -0.230680 0.224627
v -0.106257 -0.205618 0.197719
v -0.123944 -0.185333 0.160765
v -0.140153 -0.171873 0.118696
v -0.155916 -0.154721 0.022772
v -0.150476 -0.161237 0.070212
v -0.158660 -0.143549 -0.045181
v -0.160138 -0.148488 -0.012211
v -0.137560 -0.123548 -0.128818
v -0.150038 -0.134487 -0.086012
v -0.116953 -0.101490 -0.187194
v -0.126721 -0.112577 -0.161486
v -0.107156 -0.090520 -0.205582
v -0.111538 -0.096714 -0.198052
v -0.059163 0.274398 -0.105503
v -0.053073 0.282815 -0.109990
v -0.049891 0.319085 -0.125335
v -0.049045 0.296796 -0.115152
v -0.055639 0.367413 -0.158982
v -0.051671 0.342000 -0.141919
v -0.065928 0.420636 -0.179215
v -0.059915 0.395507 -0.168475
v -0.075701 0.441065 -0.229548
v -0.070771 0.433753 -0.198277
v -0.078898 0.447991 -0.268640
v -0.080564 0.451039 -0.303109
v -0.080451 0.434922 -0.348375
v -0.080872 0.438714 -0.343325
v -0.081127 0.441736 -0.336345
v -0.080672 0.419932 -0.361221
v -0.078991 0.427568 -0.354121
v -0.079240 0.410721 -0.379592
v -0.079777 0.414294 -0.371118
v -0.104283 0.468121 -0.325048
v -0.105586 0.460578 -0.325602
v -0.104071 0.453741 -0.325038
v -0.098847 0.447527 -0.324568
v -0.090901 0.444439 -0.324531
v -0.073184 0.453665 -0.324283
v -0.081166 0.447308 -0.324500
v -0.070502 0.460485 -0.324846
v -0.070994 0.468105 -0.324576
v -0.072425 0.475457 -0.324751
v -0.074240 0.481589 -0.324444
v -0.082937 0.482244 -0.332806
v -0.082048 0.488890 -0.323503
v -0.080218 0.483397 -0.330726
v -0.078766 0.488134 -0.323432
v -0.085612 0.488885 -0.323608
v -0.086755 0.482266 -0.332906
v -0.084517 0.493803 -0.314609
v -0.080504 0.493729 -0.314563
v -0.078136 0.491487 -0.316652
v -0.097801 0.481565 -0.324426
v -0.101241 0.475437 -0.324800
v -0.075724 0.490625 -0.313809
v -0.078623 0.491796 -0.310455
v -0.083928 0.492101 -0.310497
v -0.092993 0.490604 -0.313742
v -0.091374 0.491477 -0.316738
v -0.095154 0.485809 -0.323634
v -0.092458 0.488114 -0.323737
v -0.095005 0.480640 -0.334413
v -0.092854 0.483389 -0.331050
v -0.082897 0.478791 -0.337951
v -0.087510 0.478886 -0.337891
v -0.079044 0.480658 -0.334104
v -0.076082 0.485880 -0.323387
v -0.059415 0.483952 -0.116152
v -0.070907 0.486901 -0.116220
v -0.090256 0.480665 -0.120895
v -0.087714 0.484150 -0.129185
v -0.093579 0.478333 -0.135871
v -0.090120 0.482306 -0.142121
v -0.069486 -0.061566 -0.336977
v -0.079119 -0.059851 -0.334094
v -0.087939 -0.061512 -0.336612
v -0.092310 -0.068136 -0.343710
v -0.064334 -0.068359 -0.344389
v -0.092602 0.492195 -0.020845
v -0.092032 0.485428 0.024842
v -0.085975 0.483755 -0.085829
v -0.090153 0.490036 -0.056749
v -0.083093 0.480052 -0.108790
v -0.084379 0.480152 -0.100788
v -0.081728 0.488677 -0.126639
v -0.082184 0.484109 -0.115593
v -0.083202 0.486812 -0.144496
v -0.085319 0.483019 -0.167432
v -0.088236 0.482113 -0.228216
v -0.086970 0.481542 -0.194679
v -0.089545 0.487902 -0.298686
v -0.089157 0.484413 -0.266569
v -0.088518 0.493726 -0.314599
v -0.089168 0.491788 -0.310333
v -0.090599 0.482244 -0.333079
v -0.089187 0.488889 -0.323698
v -0.092222 0.478794 -0.338135
v -0.093328 0.476248 -0.341231
v -0.094506 0.471572 -0.345911
v -0.095468 0.467831 -0.351449
v -0.096066 0.467878 -0.357326
v -0.096399 0.468353 -0.363997
v -0.096750 0.466281 -0.373084
v -0.097009 0.463688 -0.380887
v -0.116890 0.440933 -0.385152
v -0.118555 0.427698 -0.385102
v -0.114901 0.415785 -0.384969
v -0.104776 0.459687 -0.384965
v -0.111890 0.451982 -0.385122
v -0.097153 0.462249 -0.384796
v -0.089263 0.462254 -0.384585
v -0.073751 0.459689 -0.384182
v -0.081373 0.462250 -0.384398
v -0.066635 0.451986 -0.383979
v -0.061638 0.440938 -0.383756
v -0.063629 0.415789 -0.383674
v -0.059975 0.427703 -0.383622
v -0.078924 0.408738 -0.383881
v -0.089265 0.419288 -0.384317
v -0.099604 0.408735 -0.384769
v -0.102086 -0.110219 -0.384797
v -0.096161 -0.088490 -0.384896
v -0.089930 -0.131707 -0.384965
v -0.078374 -0.081243 -0.385199
v -0.060585 -0.088482 -0.385501
v -0.066797 -0.131702 -0.385358
v -0.054652 -0.110210 -0.385604
v -0.078365 -0.126015 -0.385159
v -0.027048 -0.053109 -0.134549
v -0.042660 -0.049900 -0.130160
v -0.035964 -0.050463 -0.141216
v -0.042716 -0.046599 -0.130874
v -0.039842 -0.054314 -0.188439
v -0.035867 -0.052483 -0.162575
v -0.049191 -0.058476 -0.206643
v -0.043801 -0.055802 -0.199316
v -0.061509 -0.065677 -0.242766
v -0.055156 -0.061553 -0.219663
v -0.064872 -0.068213 -0.271554
v -0.097678 -0.082723 -0.242082
v -0.102559 -0.086319 -0.218704
v -0.095204 -0.081172 -0.270931
v -0.041006 -0.375416 0.333448
vn 0.7114 -0.5084 -0.4853
vn 0.7663 -0.4706 -0.4373
vn 0.7382 -0.5678 -0.3641
vn 0.8423 -0.4376 -0.3146
vn 0.9089 -0.4106 -0.0721
vn 0.7609 -0.6227 -0.1822
vn 0.5186 -0.7413 -0.4259
vn 0.5178 -0.8227 -0.2344
vn 0.5062 -0.6653 -0.5488
vn 0.0164 0.2455 0.9693
vn 0.3166 0.2256 0.9213
vn 0.0167 0.1409 0.9899
vn 0.5170 0.1281 0.8464
vn 0.5770 0.1592 0.8011
vn 0.4747 0.1943 0.8584
vn 0.7075 0.1058 0.6987
vn 0.7384 0.1206 0.6635
vn 0.8229 0.0961 0.5600
vn 0.8177 0.0577 0.5728
vn 0.7992 -0.0536 0.5987
vn 0.5181 -0.0472 0.8540
vn 0.0169 -0.0396 0.9991
vn 0.0068 0.9712 0.2382
vn 0.7593 0.3899 -0.5210
vn 0.0092 0.9749 0.2226
vn 0.6110 0.7888 -0.0666
vn 0.0196 0.9779 0.2080
vn 0.0312 0.9718 0.2338
vn 0.0040 0.9698 0.2437
vn 0.0038 0.9790 0.2039
vn -0.0164 0.3163 -0.9485
vn -0.0169 -0.0467 -0.9988
vn -0.0169 -0.0936 -0.9955
vn 0.2997 -0.0892 -0.9499
vn 0.3428 -0.1438 -0.9283
vn 0.3526 0.0326 -0.9352
vn -0.0140 0.0477 -0.9988
vn 0.6853 -0.2813 -0.6717
vn 0.7470 -0.0222 -0.6644
vn 0.5519 -0.0915 -0.8289
vn 0.8171 0.1742 0.5496
vn 0.7820 0.2706 0.5614
vn 0.4541 0.2024 0.8677
vn 0.4268 0.3559 0.8314
vn 0.7364 0.3390 0.5855
vn 0.4135 0.4548 0.7888
vn 0.0168 0.4997 0.8661
vn 0.0157 0.3703 0.9288
vn 0.0179 0.2008 0.9795
vn -0.0151 0.4670 -0.8841
vn -0.2629 0.4047 -0.8758
vn -0.0149 0.4913 -0.8708
vn -0.0188 0.4280 -0.9036
vn -0.4372 0.2839 -0.8534
vn -0.0161 0.3277 -0.9447
vn -0.8237 0.1314 -0.5516
vn -0.9454 0.0853 -0.3145
vn -0.2896 0.0386 -0.9564
vn 0.1218 -0.0054 -0.9925
vn 0.1354 0.1161 -0.9840
vn 0.2629 0.0121 -0.9647
vn 0.2571 0.1026 -0.9609
vn 0.3418 -0.3603 -0.8679
vn 0.1362 -0.3550 -0.9249
vn -0.0158 -0.3749 -0.9269
vn -0.0170 -0.0319 -0.9993
vn -0.0151 0.1080 -0.9940
vn 0.9514 0.1230 0.2824
vn 0.9662 0.1978 0.1656
vn 0.9765 0.1350 0.1678
vn 0.9886 0.0638 0.1364
vn 0.9699 -0.0553 0.2373
vn 0.9908 -0.0228 0.1333
vn 0.9984 -0.0071 0.0555
vn 0.9717 0.2284 0.0599
vn 0.9981 0.0586 -0.0181
vn 0.0153 -0.4482 0.8938
vn 0.0161 -0.3199 0.9473
vn 0.1859 -0.4264 0.8852
vn 0.1623 -0.3025 0.9392
vn 0.1430 -0.5430 0.8275
vn 0.0178 -0.5390 0.8421
vn 0.4864 -0.5170 0.7044
vn 0.4727 -0.2751 0.8372
vn 0.5303 -0.3020 0.7922
vn 0.0162 0.2884 0.9574
vn 0.2179 0.2784 0.9354
vn 0.0152 0.4423 0.8967
vn 0.2336 0.4203 0.8768
vn 0.5078 0.3752 0.7755
vn 0.4905 0.2351 0.8391
vn 0.2325 -0.9713 -0.0501
vn 0.2143 -0.9416 -0.2597
vn 0.5207 -0.8537 -0.0098
vn 0.2408 -0.9678 -0.0729
vn 0.5446 -0.8385 -0.0200
vn -0.0011 -0.9970 -0.0771
vn -0.0008 -0.9981 -0.0609
vn -0.0043 -0.9648 -0.2628
vn 0.9867 -0.1577 0.0392
vn 0.9646 0.0293 0.2623
vn 0.9960 -0.0850 -0.0272
vn 0.9700 0.0070 0.2431
vn 0.8184 0.0295 0.5738
vn 0.9680 0.0118 0.2505
vn 0.8156 -0.0754 0.5736
vn 0.9929 0.1183 -0.0140
vn -0.1856 0.0296 -0.9822
vn -0.0624 -0.0009 -0.9980
vn -0.1949 -0.0234 -0.9805
vn -0.0594 -0.0842 -0.9947
vn 0.0696 0.0281 -0.9972
vn 0.0755 -0.0244 -0.9968
vn 0.0975 -0.1602 -0.9823
vn -0.0607 -0.2832 -0.9571
vn -0.0552 -0.3596 -0.9315
vn -0.0533 -0.3388 -0.9394
vn -0.2115 -0.1729 -0.9620
vn 0.4560 0.8310 0.3185
vn 0.2660 0.9139 0.3067
vn 0.7473 0.5810 0.3224
vn 0.5805 0.6854 0.4396
vn 0.7408 0.6467 0.1818
vn 0.3841 0.9036 0.1895
vn 0.1283 0.9714 0.1998
vn 0.9111 0.2131 0.3529
vn 0.9442 0.1056 0.3119
vn 0.9940 -0.0167 0.1078
vn 0.9667 0.1846 0.1774
vn 0.9331 -0.0964 0.3465
vn 0.8485 0.0852 0.5223
vn 0.9301 0.0754 0.3595
vn 0.7349 0.1219 0.6671
vn 0.8653 -0.0365 0.5000
vn 0.8362 0.1793 0.5183
vn 0.9061 -0.2650 0.3298
vn 0.7509 -0.5630 -0.3452
vn 0.8947 -0.3953 -0.2080
vn 0.8983 -0.4354 -0.0598
vn 0.8069 -0.5703 -0.1540
vn 0.9226 -0.3664 0.1208
vn 0.9549 -0.2915 0.0573
vn -0.0169 0.1065 -0.9942
vn -0.0190 -0.0051 -0.9998
vn -0.1021 0.0569 -0.9931
vn -0.1518 -0.0037 -0.9884
vn 0.0691 0.0537 -0.9962
vn 0.1182 -0.0036 -0.9930
vn -0.0169 -0.1014 -0.9947
vn 0.2865 -0.2431 -0.9267
vn -0.3171 -0.2429 -0.9168
vn -0.6978 0.0437 -0.7149
vn 0.0709 -0.0565 -0.9959
vn -0.8851 -0.1884 -0.4255
vn -0.9802 -0.0623 0.1881
vn -0.3235 -0.5994 -0.7321
vn 0.2197 -0.4144 -0.8832
vn 0.8322 0.4412 -0.3359
vn 0.7160 0.6305 -0.2995
vn 0.8177 0.0409 -0.5743
vn 0.4179 0.7503 -0.5122
vn 0.5706 0.7852 -0.2406
vn -0.0014 0.9767 -0.2148
vn -0.6054 0.6459 0.4650
vn -0.7072 0.7057 0.0420
vn 0.8864 0.4140 -0.2071
vn 0.9152 0.3543 -0.1919
vn 0.9535 0.1401 -0.2667
vn 0.9736 0.1254 -0.1905
vn 0.8776 0.4144 -0.2412
vn 0.9421 0.1222 -0.3122
vn 0.2690 -0.8295 -0.4895
vn 0.4353 -0.7685 -0.4690
vn 0.1288 -0.8235 -0.5525
vn 0.5920 -0.6592 -0.4637
vn 0.6595 -0.6647 -0.3509
vn 0.6588 -0.7173 -0.2268
vn -0.9718 -0.0836 -0.2204
vn -0.9997 -0.0186 -0.0187
vn -0.9488 -0.1301 -0.2878
vn -0.9843 0.0184 -0.1753
vn -0.7250 -0.1679 -0.6679
vn -0.7321 -0.3101 -0.6065
vn 0.1059 0.9943 0.0136
vn 0.0970 0.9824 -0.1596
vn -0.0916 0.9956 0.0218
vn -0.1737 0.9668 -0.1874
vn -0.1939 0.9364 -0.2924
vn 0.0837 0.9674 -0.2390
vn -0.7236 0.6161 -0.3112
vn -0.7753 0.6043 -0.1837
vn -0.5899 0.7977 -0.1255
vn 0.8170 -0.3293 -0.4734
vn 0.9236 -0.0905 -0.3725
vn 0.8627 -0.3163 -0.3945
vn 0.9535 -0.1003 -0.2842
vn 0.7513 -0.3616 -0.5521
vn 0.8975 -0.0924 -0.4312
vn 0.9397 0.1531 -0.3057
vn 0.9136 0.1629 -0.3725
vn 0.9724 0.1574 -0.1723
vn 0.2855 -0.5092 -0.8120
vn 0.5915 -0.5220 -0.6145
vn 0.4637 -0.5078 -0.7260
vn 0.6958 -0.5052 -0.5106
vn 0.1117 -0.6123 -0.7827
vn 0.4495 -0.5664 -0.6907
vn 0.2069 0.6191 0.7575
vn 0.0131 0.6265 0.7793
vn 0.0136 0.7374 0.6753
vn 0.1535 0.7331 0.6626
vn 0.4167 0.6784 0.6051
vn 0.4683 0.5942 0.6539
vn 0.5139 -0.4742 -0.7148
vn 0.5692 -0.7685 -0.2922
vn 0.1986 -0.5171 -0.8325
vn 0.1481 -0.9303 -0.3354
vn 0.4212 -0.7422 0.5212
vn 0.0527 -0.8197 0.5703
vn 0.0122 -0.7791 0.6268
vn -0.0054 -0.9417 -0.3364
vn -0.0144 -0.5151 -0.8570
vn 0.9701 0.1308 0.2042
vn 0.9862 0.0775 0.1461
vn 0.8614 0.3496 0.3684
vn 0.9524 0.0151 0.3044
vn 0.8489 0.3494 0.3965
vn 0.8783 -0.3935 0.2714
vn 0.9473 -0.3148 0.0594
vn 0.9649 -0.2439 -0.0970
vn 0.1752 -0.9597 -0.2199
vn 0.1753 -0.9488 -0.2628
vn 0.5834 -0.8107 -0.0487
vn 0.5796 -0.8001 -0.1547
vn 0.1693 -0.9293 -0.3283
vn 0.5829 -0.7882 -0.1975
vn -0.0069 -0.9089 -0.4169
vn -0.0042 -0.9670 -0.2548
vn -0.0014 -0.9678 -0.2517
vn 0.5288 -0.8230 -0.2075
vn 0.7471 -0.6463 -0.1554
vn 0.6752 -0.7022 -0.2259
vn 0.8521 -0.4534 -0.2615
vn 0.8856 -0.3774 -0.2706
vn 0.9147 -0.3171 -0.2506
vn 0.7452 -0.6638 -0.0629
vn 0.8830 -0.4089 -0.2304
vn 0.7126 -0.6991 -0.0588
vn 0.0085 -0.8723 0.4889
vn 0.1159 -0.8784 0.4637
vn 0.0084 -0.8751 0.4839
vn 0.0939 -0.8847 0.4566
vn 0.0108 -0.7831 0.6218
vn 0.1671 -0.7866 0.5944
vn 0.3289 -0.7800 0.5324
vn 0.2135 -0.8817 0.4207
vn 0.2316 -0.8786 0.4176
vn 0.1330 -0.0017 -0.9911
vn 0.1366 -0.0351 -0.9900
vn 0.5042 -0.0428 -0.8625
vn 0.5052 -0.0728 -0.8599
vn 0.1400 0.0379 -0.9894
vn 0.4786 -0.0080 -0.8780
vn -0.0170 0.0537 -0.9984
vn -0.0170 0.0108 -0.9998
vn -0.0154 -0.0333 -0.9993
vn 0.8847 -0.2283 -0.4065
vn 0.8929 -0.2418 -0.3799
vn 0.9206 -0.2981 -0.2523
vn 0.9415 -0.3173 -0.1139
vn 0.9264 -0.2646 -0.2679
vn 0.8988 -0.2900 -0.3288
vn 0.9059 -0.1248 -0.4048
vn 0.8685 -0.1588 -0.4696
vn 0.8439 -0.2141 -0.4920
vn 0.2364 -0.6287 0.7409
vn 0.2174 -0.6292 0.7463
vn 0.0195 -0.6422 0.7662
vn 0.0131 -0.6329 0.7741
vn 0.2523 -0.6103 0.7509
vn 0.0153 -0.6333 0.7738
vn 0.5046 -0.5462 0.6686
vn 0.4655 -0.5897 0.6599
vn 0.4370 -0.5852 0.6830
vn 0.3095 0.2901 -0.9056
vn 0.6682 0.2338 -0.7063
vn 0.3502 0.2138 -0.9119
vn 0.7297 0.2549 -0.6345
vn -0.0167 0.1920 -0.9813
vn -0.0163 0.2806 -0.9597
vn 0.9965 -0.0496 0.0676
vn 0.9873 0.1510 0.0495
vn 0.9443 -0.0395 0.3267
vn 0.9491 0.0254 0.3139
vn 0.8050 -0.0914 0.5862
vn 0.4830 -0.1244 0.8667
vn 0.4606 -0.0933 0.8827
vn 0.0168 -0.1205 0.9926
vn 0.0169 -0.0836 0.9964
vn 0.9019 0.0872 -0.4231
vn 0.8704 0.0801 -0.4857
vn 0.8600 0.3524 -0.3692
vn 0.7761 0.3454 -0.5276
vn 0.8986 0.0956 -0.4282
vn 0.7880 0.3444 -0.5103
vn 0.4167 0.7016 -0.5780
vn 0.4250 0.7020 -0.5715
vn 0.5068 0.7783 -0.3707
vn -0.0077 0.9257 -0.3782
vn -0.0143 0.8274 -0.5614
vn -0.0164 0.8204 -0.5716
vn -0.4664 0.6737 -0.5733
vn -0.4954 0.6804 -0.5400
vn -0.5764 0.7375 -0.3520
vn -0.8935 -0.3643 -0.2626
vn -0.9821 -0.0454 -0.1830
vn -0.8128 -0.3165 -0.4891
vn -0.8996 -0.0182 -0.4364
vn -0.8001 -0.2777 -0.5317
vn -0.8827 0.0054 -0.4700
vn -0.4358 -0.6179 -0.6544
vn -0.4282 -0.6459 -0.6320
vn -0.5049 -0.7050 -0.4981
vn -0.0189 -0.6717 -0.7406
vn -0.0144 -0.7791 -0.6267
vn -0.0168 -0.7505 -0.6607
vn 0.4121 -0.5499 -0.7265
vn 0.4207 -0.6171 -0.6649
vn 0.4857 -0.6078 -0.6282
vn 0.9864 0.1342 -0.0947
vn 0.8832 0.4557 -0.1112
vn 0.9765 0.1273 -0.1736
vn 0.8837 0.4240 -0.1983
vn 0.9290 0.3576 -0.0949
vn 0.9881 0.1338 -0.0752
vn 0.4739 0.8723 -0.1204
vn 0.5553 0.8262 -0.0950
vn 0.4843 0.8464 -0.2215
vn 0.0002 0.9934 -0.1145
vn 0.0009 0.9722 -0.2342
vn 0.0010 0.9978 -0.0668
vn -0.5379 0.8399 -0.0723
vn -0.4512 0.8855 -0.1112
vn -0.4764 0.8464 -0.2380
vn -0.9923 0.1043 -0.0669
vn -0.9194 -0.3870 -0.0698
vn -0.9850 0.0715 -0.1572
vn -0.9167 -0.3557 -0.1822
vn -0.9631 -0.2666 -0.0369
vn -0.9922 0.1173 -0.0429
vn -0.4603 -0.8859 -0.0583
vn -0.5616 -0.8260 0.0479
vn -0.4692 -0.8599 -0.2013
vn 0.0013 -0.9987 -0.0509
vn -0.0010 -0.9788 -0.2048
vn 0.0035 -0.9941 0.1080
vn 0.5845 -0.8112 0.0170
vn 0.4986 -0.8631 -0.0807
vn 0.5050 -0.8357 -0.2158
vn 1.0000 -0.0015 0.0051
vn 0.9703 -0.2298 -0.0755
vn 0.7239 -0.6530 0.2225
vn 0.9946 -0.0607 0.0837
vn 0.7144 -0.6022 0.3563
vn 0.8354 0.5228 0.1694
vn 0.7171 0.6968 -0.0189
vn 0.0041 0.9999 0.0161
vn 0.0175 0.9227 0.3851
vn -0.7069 0.7064 0.0353
vn -0.8098 0.4868 0.3275
vn -0.9964 -0.0058 0.0847
vn -0.9252 0.3740 -0.0641
vn -0.9724 -0.0645 0.2242
vn -0.7028 -0.6520 0.2845
vn -0.6738 -0.5874 0.4483
vn 0.0094 -0.9228 0.3852
vn 0.0141 -0.8465 0.5321
vn 0.9495 -0.0687 -0.3062
vn 0.9202 -0.0491 -0.3883
vn 0.7534 -0.2585 -0.6046
vn 0.7200 -0.2651 -0.6414
vn 0.9813 -0.0509 -0.1858
vn 0.8099 -0.3898 -0.4383
vn 0.9677 0.2434 -0.0652
vn 0.9747 0.1808 -0.1316
vn 0.9511 0.1825 -0.2492
vn -0.0158 0.9905 -0.1363
vn -0.5218 0.8332 -0.1831
vn -0.0063 0.9921 0.1255
vn -0.4869 0.8725 0.0409
vn -0.0244 0.9936 -0.1103
vn -0.5551 0.8209 -0.1339
vn -0.7839 0.6060 -0.1352
vn -0.7885 0.5797 -0.2054
vn -0.7483 0.6493 -0.1360
vn -0.8629 0.0218 -0.5049
vn -0.8704 0.2153 -0.4428
vn -0.8542 0.0512 -0.5173
vn -0.9078 0.2434 -0.3415
vn -0.9500 0.2117 -0.2296
vn -0.9085 -0.0549 -0.4143
vn -0.7564 -0.2735 -0.5941
vn -0.6760 -0.1139 -0.7281
vn -0.6794 -0.1939 -0.7076
vn 0.3645 -0.3662 -0.8562
vn 0.3415 -0.4411 -0.8300
vn -0.0224 -0.3773 -0.9258
vn 0.0007 -0.4790 -0.8778
vn 0.4355 -0.5876 -0.6820
vn -0.0698 -0.6035 -0.7943
vn 0.9847 -0.0602 0.1636
vn 0.8517 -0.4249 0.3067
vn 0.9552 -0.0359 0.2938
vn 0.7866 -0.4037 0.4672
vn 0.7186 -0.3856 0.5788
vn 0.9376 -0.0304 0.3465
vn 0.9476 0.3138 0.0591
vn 0.9393 0.3133 0.1400
vn 0.9596 0.2813 0.0020
vn -0.1661 0.7343 -0.6582
vn -0.0346 0.7397 -0.6721
vn -0.1351 0.7549 -0.6417
vn -0.0322 0.7673 -0.6405
vn -0.1259 0.9499 -0.2862
vn -0.0172 0.9556 -0.2941
vn -0.4768 0.6926 -0.5413
vn -0.4526 0.8602 -0.2348
vn -0.6050 0.6234 -0.4953
vn -0.9809 -0.0762 0.1792
vn -0.9875 -0.1076 0.1154
vn -0.9521 0.2969 -0.0724
vn -0.9694 0.2324 -0.0796
vn -0.9445 0.3128 0.1007
vn -0.9332 -0.0710 0.3524
vn -0.6232 -0.4658 0.6282
vn -0.7267 -0.5310 0.4357
vn -0.7660 -0.5571 0.3208
vn 0.0602 -0.9183 0.3912
vn 0.0597 -0.8687 0.4917
vn 0.5238 -0.7604 0.3838
vn 0.4588 -0.7233 0.5161
vn 0.0532 -0.7173 0.6947
vn 0.3652 -0.6348 0.6809
vn 0.9978 0.0655 -0.0088
vn 0.9983 0.0289 -0.0501
vn 0.8902 -0.4507 -0.0660
vn 0.8593 -0.4951 -0.1288
vn 0.9978 0.0651 0.0123
vn 0.9134 -0.4067 0.0151
vn 0.9466 0.3221 0.0154
vn 0.9441 0.3292 0.0164
vn 0.9476 0.3194 -0.0070
vn 0.0024 0.9975 0.0707
vn -0.4003 0.9137 0.0704
vn -0.0004 0.9995 0.0323
vn -0.5148 0.8569 0.0282
vn 0.0013 0.9798 0.2002
vn -0.3324 0.9280 0.1681
vn -0.8583 0.5105 0.0517
vn -0.7569 0.6519 0.0471
vn -0.7581 0.6518 0.0195
vn -0.9987 0.0107 -0.0493
vn -0.9452 -0.3166 -0.0802
vn -0.9955 0.0449 -0.0837
vn -0.9250 -0.3523 -0.1420
vn -0.9984 0.0442 -0.0363
vn -0.9786 -0.2057 -0.0083
vn -0.8063 -0.5910 0.0243
vn -0.7889 -0.6062 -0.1007
vn -0.7923 -0.5838 -0.1772
vn 0.5160 -0.8491 -0.1132
vn 0.4751 -0.8589 -0.1912
vn -0.0152 -0.9898 -0.1417
vn -0.0482 -0.9723 -0.2288
vn 0.5707 -0.8207 0.0288
vn 0.0209 -0.9990 0.0403
vn 0.2044 0.3566 -0.9116
vn 0.2684 0.0437 -0.9623
vn -0.0156 0.4057 -0.9139
vn 0.4536 0.0372 0.8904
vn 0.0178 0.0428 0.9989
vn 0.6257 -0.4004 -0.6694
vn 0.4447 -0.5531 -0.7045
vn 0.6111 -0.5385 -0.5802
vn 0.5820 -0.7050 -0.4053
vn 0.7038 -0.6869 -0.1813
vn 0.9573 0.2778 -0.0804
vn 0.9538 0.0966 -0.2844
vn 0.9952 0.0716 -0.0662
vn 0.8798 -0.2667 -0.3934
vn 0.9554 -0.0440 -0.2920
vn 0.9889 -0.1463 -0.0264
vn 0.9299 0.2326 -0.2847
vn 0.9220 0.1839 -0.3406
vn 0.9011 -0.2120 -0.3782
vn 0.9309 -0.2842 -0.2295
vn 0.6972 -0.2198 -0.6823
vn 0.9892 -0.0884 -0.1172
vn 0.9855 0.1696 0.0011
vn 0.0278 0.9917 0.1253
vn -0.0306 0.9952 0.0927
vn 0.1210 0.9792 0.1630
vn 0.0677 0.9764 0.2051
vn -0.0024 0.9977 0.0683
vn -0.3200 0.8652 -0.3860
vn -0.0110 0.7803 -0.6254
vn -0.0004 1.0000 -0.0047
vn 0.9708 -0.0413 0.2362
vn -0.2533 0.8844 -0.3921
vn 0.0388 0.9909 -0.1292
vn 0.0152 0.9615 0.2744
vn -0.3500 0.9275 -0.1314
vn -0.6173 0.6629 -0.4237
vn -0.6220 0.5911 -0.5136
vn -0.9131 0.1108 -0.3923
vn -0.8982 -0.0895 -0.4304
vn -0.7048 -0.3295 -0.6282
vn 0.0274 -0.6130 -0.7896
vn 0.3710 -0.5799 -0.7253
vn 0.7189 -0.3709 -0.5879
vn 0.8939 -0.0869 -0.4398
vn 0.9199 0.1667 -0.3549
vn -0.9000 -0.0903 0.4264
vn -0.9323 0.2871 0.2201
vn -0.9406 -0.0706 0.3322
vn -0.9460 0.2762 0.1698
vn -0.6047 -0.4320 0.6691
vn -0.6617 -0.5168 0.5432
vn -0.0003 0.9991 0.0426
vn -0.1182 0.9916 0.0526
vn -0.0011 0.9973 -0.0729
vn -0.1444 0.9877 -0.0608
vn -0.4481 0.8902 0.0821
vn -0.4896 0.8718 -0.0161
vn 0.9453 -0.0718 0.3183
vn 0.7078 -0.4160 0.5710
vn 0.9736 -0.0649 0.2188
vn 0.7245 -0.5221 0.4499
vn 0.9590 0.2763 0.0637
vn 0.9492 0.2856 0.1324
vn 0.0001 -0.8845 0.4666
vn 0.3271 -0.6556 0.6806
vn -0.0099 -0.9991 -0.0415
vn -0.1346 -0.8624 0.4880
vn 0.0114 0.7332 0.6799
vn 0.1446 0.7257 0.6727
vn 0.0116 0.7260 0.6876
vn 0.1688 0.7165 0.6769
vn 0.4164 0.6493 0.6364
vn 0.4725 0.6471 0.5983
vn 0.8919 -0.2370 0.3852
vn 0.7894 -0.4909 0.3687
vn 0.7642 -0.4725 0.4390
vn 0.8348 -0.3488 0.4261
vn 0.8633 0.2684 0.4274
vn 0.9155 0.0065 0.4023
vn 0.9254 -0.3724 -0.0701
vn 0.9175 -0.3379 -0.2099
vn 0.9841 -0.1773 -0.0137
vn 0.9286 -0.3500 -0.1234
vn 0.8958 -0.4182 -0.1505
vn 0.9099 -0.3493 -0.2238
vn 0.9567 -0.2880 -0.0420
vn 0.9270 -0.3594 0.1075
vn 0.9848 -0.1708 0.0327
vn 0.9599 -0.2632 0.0967
vn 0.9386 -0.1259 -0.3214
vn 0.9954 -0.0621 -0.0734
vn 0.2138 -0.1099 -0.9707
vn 0.1392 -0.9720 -0.1893
vn 0.3735 -0.0198 -0.9274
vn 0.5204 -0.8447 -0.1255
vn -0.1689 -0.3565 0.9189
vn -0.2061 -0.4384 0.8748
vn 0.1896 -0.5737 0.7968
vn 0.7099 -0.6904 0.1395
vn 0.8148 -0.1501 -0.5600
vn 0.5260 0.0418 -0.8494
vn 0.0137 0.5799 0.8146
vn 0.1932 0.5538 0.8099
vn 0.0173 0.2474 0.9688
vn 0.2424 0.2448 0.9388
vn 0.5137 0.5565 0.6530
vn 0.6040 0.2085 0.7692
vn 0.4254 0.7754 0.4666
vn 0.5679 0.5085 0.6473
vn 0.7117 0.5108 -0.4822
vn 0.9630 -0.1456 -0.2269
vn 0.5462 0.2515 0.7990
vn 0.6955 -0.4628 0.5497
vn 0.2416 -0.8683 -0.4332
vn 0.2431 -0.9277 0.2833
vn -0.2102 -0.4860 -0.8483
vn 0.0002 -0.4094 -0.9124
vn 0.0694 -0.2768 -0.9584
vn 0.9987 -0.0362 0.0367
vn 0.9700 0.0362 0.2404
vn 0.9509 -0.2604 -0.1673
vn 0.9776 -0.0974 0.1865
vn 0.8567 -0.1769 0.4846
vn 0.8381 -0.0914 0.5378
vn 0.9280 -0.3725 -0.0101
vn 0.7511 -0.6351 0.1805
vn 0.9018 -0.4032 -0.1557
vn 0.9757 -0.2003 0.0893
vn 0.9847 -0.1599 0.0691
vn 0.9004 -0.3364 0.2758
vn 0.8952 -0.3263 0.3035
vn 0.9096 -0.3127 0.2735
vn 0.9883 -0.1292 0.0815
vn 0.2465 -0.9389 -0.2401
vn 0.5922 -0.7654 -0.2519
vn 0.2943 -0.9490 0.1132
vn 0.6794 -0.7327 -0.0397
vn 0.1145 -0.8547 0.5064
vn 0.6466 -0.7204 0.2507
vn 0.0000 -0.9998 -0.0208
vn 0.8851 -0.4226 0.1952
vn 0.7518 -0.6571 0.0544
vn 0.7570 -0.6466 0.0942
vn 0.8797 -0.4518 0.1484
vn 0.8060 -0.5919 0.0120
vn 0.8103 -0.5827 0.0615
vn 0.8716 -0.4613 -0.1659
vn 0.8003 -0.1046 -0.5904
vn 0.7768 -0.1555 -0.6102
vn 0.7880 -0.0625 -0.6124
vn 0.7681 -0.3921 -0.5062
vn 0.8707 -0.4661 -0.1566
vn 0.8694 -0.1945 -0.4542
vn 0.9466 -0.3222 -0.0104
vn 0.7071 -0.2821 0.6484
vn 0.7450 -0.5124 0.4271
vn 0.8267 -0.5503 -0.1174
vn 0.8664 -0.4943 0.0704
vn 0.8655 -0.5001 -0.0266
vn 0.8225 -0.5434 0.1679
vn 0.8304 -0.4804 0.2822
vn 0.7200 -0.6476 0.2495
vn 0.6860 -0.5105 0.5184
vn 0.6715 -0.4972 0.5494
vn 0.7305 -0.4587 0.5060
vn 0.3269 -0.8758 0.3551
vn 0.4318 -0.8108 0.3951
vn 0.5287 -0.7434 0.4097
vn 0.4898 -0.8435 0.2206
vn 0.6935 -0.6643 0.2788
vn 0.6114 -0.7219 0.3241
vn 0.7938 -0.2353 0.5609
vn 0.7963 -0.1866 0.5754
vn 0.8124 -0.3616 0.4574
vn 0.9346 -0.2328 0.2691
vn 0.9151 -0.2592 0.3087
vn 0.8913 -0.2885 0.3498
vn 0.6804 0.4481 0.5799
vn 0.7458 0.3418 0.5718
vn 0.8152 0.0801 0.5736
vn 0.8615 -0.0551 0.5048
vn 0.8742 0.0707 0.4804
vn 0.6425 0.5159 0.5667
vn 0.6535 0.5497 0.5204
vn 0.6736 0.3527 0.6495
vn 0.6876 0.5143 0.5126
vn 0.6416 0.1916 0.7427
vn 0.6517 -0.6476 0.3948
vn 0.8625 -0.4858 0.1415
vn -0.7859 -0.1893 0.5886
vn 0.4780 0.1543 0.8647
vn 0.9732 -0.1642 0.1610
vn -0.1659 -0.9858 0.0241
vn 0.9429 -0.0905 0.3205
vn 0.9757 -0.1709 0.1369
vn 0.5830 0.2547 0.7715
vn 0.8552 0.3277 0.4016
vn 0.8664 -0.1609 0.4726
vn 0.8482 -0.2215 0.4812
vn 0.9355 -0.3163 0.1572
vn 0.3352 -0.4074 0.8495
vn 0.5940 -0.7160 0.3666
vn -0.6886 0.6896 -0.2242
vn -0.4213 0.8780 0.2274
vn 0.0395 0.9599 0.2775
vn -0.1353 0.8531 -0.5040
vn -0.2409 -0.0853 -0.9668
vn -0.5854 -0.0465 -0.8094
vn -0.0339 0.8823 0.4694
vn 0.0325 0.4907 0.8707
vn 0.1815 0.8279 0.5307
vn 0.2871 0.4214 0.8602
vn -0.0658 -0.9138 0.4007
vn -0.0459 -0.3389 0.9397
vn 0.1998 -0.4028 0.8932
vn -0.0161 -0.9063 0.4224
vn 0.1240 -0.1241 -0.9845
vn -0.0023 -0.9654 -0.2608
vn 0.6619 0.1355 -0.7373
vn 0.8793 -0.3939 -0.2676
vn -0.1836 -0.1846 -0.9655
vn -0.1649 -0.9742 -0.1543
vn 0.1616 -0.8815 0.4436
vn 0.3636 -0.4402 0.8210
vn 0.4909 0.3134 0.8129
vn 0.3968 0.7055 0.5872
vn 0.3729 0.8652 0.3353
vn 0.3638 0.7271 -0.5822
vn 0.0492 -0.2290 -0.9722
vn -0.0540 -0.9625 -0.2659
vn -0.2793 -0.4523 -0.8470
vn 0.8626 -0.4525 0.2263
vn 0.7537 -0.6524 0.0794
vn 0.9675 -0.1141 0.2257
vn 0.6795 -0.7188 -0.1468
vn 0.7519 -0.6257 -0.2075
vn 0.8784 0.3859 -0.2819
vn 0.9289 0.1044 -0.3554
vn 0.5365 0.8014 -0.2644
vn -0.0198 0.9642 -0.2645
vn -0.6547 0.7291 -0.1995
vn -0.9230 -0.3476 -0.1648
vn -0.9957 -0.0866 -0.0340
vn -0.5402 -0.7203 -0.4352
vn 0.0065 -0.8391 -0.5440
vn 0.5359 -0.6575 -0.5297
vn 0.9489 0.1118 -0.2952
vn 0.8491 0.4048 -0.3393
vn 0.4662 0.8005 -0.3767
vn -0.0064 0.9191 -0.3939
vn -0.4893 0.7737 -0.4025
vn -0.9536 0.0290 -0.2996
vn -0.8804 -0.3256 -0.3449
vn -0.4770 -0.7877 -0.3900
vn -0.0069 -0.9144 -0.4047
vn 0.4877 -0.7737 -0.4044
vn 0.0134 -0.6275 0.7785
vn 0.2355 -0.5915 0.7712
vn 0.2090 -0.6653 0.7167
vn 0.0126 -0.6822 0.7311
vn 0.5204 -0.5106 0.6844
vn 0.5041 -0.6165 0.6048
vn 0.7628 -0.4282 0.4845
vn 0.7444 -0.5413 0.3911
vn 0.8475 -0.5016 0.1736
vn 0.9122 -0.3285 0.2449
vn 0.9798 -0.0411 -0.1955
vn 0.9850 -0.1647 0.0510
vn 0.9105 -0.4108 0.0470
vn 0.9581 -0.2336 -0.1658
vn 0.9276 -0.3549 0.1170
vn 0.9007 -0.1362 -0.4125
vn 0.4653 -0.3460 0.8147
vn 0.4027 0.0229 -0.9150
vn 0.7151 -0.0385 -0.6980
vn 0.6152 -0.0542 -0.7865
vn 0.2986 -0.0086 -0.9543
vn 0.1236 0.0575 -0.9907
vn 0.0952 0.0138 -0.9954
vn -0.0170 0.0262 -0.9995
vn -0.0153 0.0622 -0.9979
vn 0.2094 -0.6605 0.7211
vn 0.0159 -0.6728 0.7397
vn 0.4095 -0.6279 0.6619
vn 0.6430 -0.5361 0.5469
vn 0.8404 -0.4008 0.3648
vn 0.8437 -0.5273 0.1010
vn 0.9182 -0.3451 0.1945
vn 0.8897 -0.4541 0.0482
vn 0.9172 -0.3736 0.1382
vn 0.7409 -0.6325 0.2258
vn 0.8093 -0.5177 0.2776
vn 0.9127 -0.3853 0.1358
vn 0.9549 -0.2966 0.0111
vn 0.9266 -0.3748 0.0311
vn 0.9516 -0.3069 -0.0151
vn 0.9460 -0.2588 -0.1953
vn 0.9650 -0.2403 -0.1052
vn 0.8636 -0.2511 -0.4371
vn 0.9213 -0.1939 -0.3370
vn 0.5100 -0.1127 -0.8528
vn 0.5344 -0.2681 -0.8016
vn 0.7506 -0.1934 -0.6318
vn 0.7842 -0.2109 -0.5835
vn 0.1777 -0.0806 -0.9808
vn 0.2000 -0.2643 -0.9435
vn -0.0170 -0.0797 -0.9967
vn -0.0165 -0.2289 -0.9733
vn 0.8626 -0.5058 0.0131
vn 0.8600 -0.5005 -0.0991
vn 0.9951 -0.0977 -0.0155
vn 0.7351 -0.6217 -0.2705
vn 0.7169 -0.6164 -0.3257
vn 0.6429 -0.7340 -0.2190
vn 0.6255 -0.7623 0.1662
vn 0.7812 -0.5775 0.2369
vn 0.8261 -0.5333 0.1819
vn 0.9292 -0.1061 0.3541
vn 0.9905 -0.0489 0.1283
vn 0.9896 -0.1273 -0.0673
vn 0.9793 -0.0150 -0.2018
vn 0.9505 -0.2692 0.1551
vn 0.7981 -0.5795 0.1650
vn 0.8715 -0.4904 0.0024
vn 0.9000 -0.4260 -0.0927
vn 0.6415 -0.3734 -0.6701
vn 0.6065 -0.7526 -0.2562
vn 0.8371 -0.4730 -0.2748
vn 0.6767 -0.7362 0.0079
vn 0.5358 -0.5631 -0.6292
vn 0.7511 -0.5471 -0.3696
vn 0.4553 -0.7914 -0.4079
vn 0.5609 -0.6768 -0.4768
vn 0.7795 -0.5914 0.2066
vn 0.8561 -0.4826 0.1849
vn 0.8025 -0.5908 0.0837
vn 0.6975 -0.6685 -0.2581
vn 0.6376 -0.7429 -0.2037
vn 0.5726 -0.4248 -0.7013
vn 0.7451 -0.5707 -0.3451
vn 0.3029 -0.5091 -0.8057
vn 0.4659 -0.7424 -0.4815
vn 0.8348 -0.4610 -0.3012
vn 0.7462 -0.3911 -0.5388
vn 0.0431 -0.5225 -0.8516
vn 0.1359 -0.8287 -0.5429
vn -0.0092 -0.8293 -0.5588
vn -0.0145 -0.5007 -0.8655
vn -0.0379 -0.0078 -0.9992
vn -0.0170 -0.0181 -0.9997
vn 0.0112 -0.0170 -0.9998
vn -0.0170 -0.0383 -0.9991
vn -0.0164 -0.2421 -0.9701
vn 0.0788 -0.2116 -0.9742
vn 0.1013 0.0300 -0.9944
vn 0.0525 0.0133 -0.9985
vn 0.0383 -0.2494 0.9677
vn -0.0439 -0.1890 0.9810
vn -0.0642 0.0083 0.9979
vn -0.0752 -0.0102 0.9971
vn 0.0167 -0.1778 0.9839
vn 0.0170 0.0168 0.9997
vn 0.2720 -0.3905 0.8795
vn 0.1358 -0.0681 0.9884
vn 0.5887 0.1056 -0.8015
vn 0.8617 0.0544 -0.5044
vn 0.8915 -0.0816 -0.4456
vn 0.6373 -0.0120 -0.7706
vn 0.2727 0.0857 -0.9583
vn 0.2912 0.0205 -0.9564
vn 0.0288 -0.9911 -0.1303
vn -0.0019 -0.9919 -0.1272
vn -0.0889 -0.3216 0.9427
vn 0.0170 -0.3190 0.9476
vn 0.5610 -0.2431 0.7913
vn 0.5611 -0.3635 0.7437
vn 0.4313 -0.7088 0.5583
vn 0.4043 -0.7011 0.5874
vn 0.7338 -0.6364 0.2376
vn 0.8270 -0.4483 0.3392
vn 0.8166 -0.4098 0.4065
vn 0.7011 -0.6594 0.2713
vn 0.7111 -0.5007 0.4936
vn 0.7266 -0.5572 0.4020
vn 0.4096 -0.7390 0.5349
vn 0.1221 -0.7776 0.6168
vn 0.0109 -0.7739 0.6332
vn 0.0445 -0.9483 -0.3142
vn 0.3434 -0.9063 -0.2464
vn 0.0394 -0.9981 -0.0483
vn 0.1900 -0.9758 0.1081
vn 0.1726 -0.7994 -0.5754
vn 0.3658 -0.6257 -0.6889
vn 0.6101 -0.6668 -0.4280
vn 0.6151 -0.7723 -0.1586
vn 0.4565 -0.8884 0.0487
vn 0.3666 -0.9158 -0.1639
vn 0.3369 -0.9185 -0.2071
vn 0.3345 -0.8997 -0.2805
vn 0.7540 -0.5214 -0.3994
vn 0.4874 -0.6316 -0.6029
vn 0.4705 -0.8785 0.0829
vn 0.7666 -0.6360 -0.0877
vn 0.3385 -0.9338 -0.1155
vn 0.1427 -0.7267 -0.6719
vn -0.1288 -0.7685 -0.6267
vn 0.6321 -0.7671 -0.1095
vn -0.1446 -0.9573 -0.2503
vn -0.1706 -0.6039 -0.7786
vn -0.3618 -0.7236 -0.5878
vn 0.3305 -0.1308 -0.9347
vn 0.2976 -0.5840 -0.7552
vn -0.1007 -0.0935 -0.9905
vn -0.1974 -0.6615 -0.7235
vn 0.4543 -0.7143 -0.5323
vn 0.0916 -0.8115 -0.5772
vn -0.1075 -0.8567 -0.5044
vn -0.3915 -0.7851 -0.4799
vn -0.4503 -0.5966 -0.6643
vn -0.4101 -0.4376 -0.8002
vn -0.3533 -0.1554 -0.9225
vn 0.2133 0.5621 -0.7991
vn 0.5663 0.3045 -0.7659
vn -0.2454 0.2985 -0.9223
vn 0.8359 -0.5183 -0.1805
vn 0.8023 -0.1603 -0.5749
vn 0.4508 -0.8760 -0.1714
vn -0.1665 -0.9775 -0.1298
vn -0.4868 -0.7576 -0.4349
vn -0.4223 -0.5605 -0.7124
vn -0.4753 -0.2748 -0.8358
vn 0.9609 -0.2038 -0.1876
vn 0.9467 -0.2847 -0.1506
vn 0.9467 -0.1775 -0.2688
vn 0.5883 -0.5990 -0.5432
vn 0.8604 -0.3136 -0.4016
vn 0.2166 -0.6840 -0.6966
vn -0.0132 -0.6227 -0.7824
vn 0.0163 -0.7637 0.6453
vn 0.1912 -0.7550 0.6272
vn 0.0089 -0.8966 0.4428
vn 0.2041 -0.8753 0.4384
vn 0.4131 -0.8253 0.3849
vn 0.4641 -0.7327 0.4978
vn 0.6898 -0.6717 0.2701
vn 0.6493 -0.7304 0.2118
vn 0.7484 -0.6609 -0.0557
vn 0.7445 -0.6653 0.0554
vn 0.8838 -0.4654 -0.0486
vn 0.7785 -0.6244 0.0630
vn 0.7071 -0.7071 0.0019
vn 0.8847 -0.3285 -0.3308
vn 0.6910 -0.2313 -0.6848
vn 0.4037 -0.1633 -0.9002
vn 0.1191 -0.1443 -0.9823
vn -0.0403 -0.1398 -0.9894
vn -0.0168 -0.1323 -0.9911
vn 0.6206 -0.7806 0.0744
vn 0.4758 -0.8715 0.1190
vn 0.7680 -0.6315 -0.1067
vn 0.6874 -0.6987 -0.1983
vn 0.3163 -0.9425 0.1079
vn 0.6581 -0.7274 -0.1946
vn 0.0023 -0.9912 0.1327
vn 0.2588 -0.9413 0.2168
vn 0.5552 -0.8316 0.0110
vn -0.1211 -0.7574 0.6417
vn 0.3684 -0.7913 0.4880
vn 0.3226 -0.8012 0.5040
vn 0.0123 -0.8089 0.5878
vn 0.6097 -0.6766 0.4129
vn 0.6712 -0.7372 0.0777
vn 0.8112 -0.5366 -0.2323
vn 0.8003 -0.5753 -0.1692
vn 0.7572 -0.4885 -0.4336
vn 0.5553 -0.7058 0.4399
vn 0.8278 -0.4876 -0.2775
vn 0.8233 -0.3188 -0.4696
vn -0.0941 -0.6637 0.7421
vn 0.3421 -0.7668 0.5430
vn 0.6895 -0.5609 0.4583
vn 0.7388 -0.5966 0.3135
vn 0.6971 -0.7124 -0.0807
vn 0.8155 -0.5205 -0.2532
vn 0.8377 -0.5019 -0.2151
vn 0.9206 -0.3648 -0.1392
vn 0.3127 -0.2106 -0.9262
vn 0.5478 -0.2553 -0.7967
vn 0.1384 -0.1476 -0.9793
vn -0.0168 -0.1120 -0.9936
vn -0.0800 -0.0920 0.9925
vn -0.1273 0.0310 0.9914
vn -0.0807 0.0643 0.9947
vn 0.0123 0.0683 0.9976
vn 0.1589 0.9559 0.2468
vn 0.4506 0.7408 0.4983
vn 0.5246 0.8457 0.0983
vn 0.4094 0.7912 0.4544
vn 0.8287 0.5462 -0.1222
vn 0.8955 0.0688 -0.4396
vn 0.4204 0.8423 -0.3374
vn 0.3653 0.1478 -0.9191
vn 0.8062 -0.5151 -0.2910
vn 0.3523 -0.7275 -0.5888
vn -0.0167 0.1979 -0.9801
vn -0.0103 -0.7885 -0.6149
vn -0.0060 0.9395 -0.3425
vn 0.5631 0.7681 0.3049
vn 0.1626 0.8516 0.4984
vn 0.2358 0.6810 0.6933
vn 0.7222 0.6557 0.2203
vn 0.2339 0.8916 0.3876
vn 0.0070 0.9066 0.4219
vn 0.0086 0.8581 0.5135
vn 0.0121 0.6945 0.7194
vn 0.8124 -0.4353 -0.3879
vn 0.8442 0.5334 -0.0525
vn 0.9966 0.0740 -0.0359
vn 0.8450 -0.4680 -0.2589
vn 0.2363 -0.9122 -0.3346
vn -0.0076 -0.9417 -0.3363
vn -0.0029 -0.9749 -0.2224
vn 0.2038 -0.9523 -0.2270
vn 0.7709 -0.6088 -0.1874
vn 0.7478 -0.6156 -0.2485
vn 0.2766 0.9067 0.3184
vn 0.7621 0.6255 0.1673
vn 0.7808 0.6172 0.0972
vn 0.2934 0.9307 0.2185
vn 0.0039 0.9700 0.2432
vn 0.0062 0.9421 0.3353
vn 0.9967 0.0369 -0.0726
vn 0.9968 0.0381 -0.0705
vn 0.6072 -0.7862 0.1148
vn 0.6081 -0.7802 0.1464
vn 0.6431 -0.7556 0.1249
vn 0.7143 -0.6530 0.2519
vn 0.3198 -0.7971 0.5123
vn 0.9298 -0.1264 0.3457
vn 0.6518 -0.6298 0.4224
vn 0.9771 -0.0112 0.2126
vn 0.9625 -0.1353 0.2352
vn 0.2648 -0.8293 0.4922
vn 0.7351 0.6713 0.0947
vn 0.7793 0.6261 -0.0264
vn 0.7479 0.5086 -0.4267
vn -0.0131 0.7905 -0.6123
vn -0.0046 0.9820 -0.1888
vn 0.0003 0.9995 0.0317
vn -0.7834 0.6210 0.0252
vn -0.7299 0.6731 0.1194
vn -0.7987 0.5082 -0.3224
vn -0.9084 -0.1203 0.4005
vn -0.9405 -0.0089 0.3398
vn -0.9545 -0.1360 0.2655
vn -0.3045 -0.7911 0.5306
vn -0.2482 -0.8294 0.5004
vn -0.6231 -0.6078 0.4923
vn 0.0052 -0.9842 0.1770
vn 0.0041 -0.8905 0.4550
vn 0.0062 -0.9358 0.3525
vn 0.9875 -0.1437 0.0652
vn 0.2697 -0.8970 0.3502
vn 0.9919 -0.1256 0.0177
vn 0.2881 -0.8941 0.3429
vn 0.7384 0.6692 -0.0832
vn 0.7398 0.6715 -0.0412
vn -0.0009 0.9992 -0.0392
vn -0.0013 0.9979 -0.0655
vn -0.7410 0.6688 -0.0601
vn -0.7394 0.6730 -0.0186
vn -0.9849 -0.1442 0.0960
vn -0.9908 -0.1261 0.0485
vn -0.2577 -0.8973 0.3584
vn -0.2762 -0.8944 0.3517
vn 0.0057 -0.9438 0.3306
vn 0.0066 -0.9240 0.3823
vn 0.9848 -0.0632 0.1618
vn 0.7342 -0.5773 0.3573
vn 0.7310 -0.5912 0.3408
vn 0.9854 -0.0690 0.1554
vn 0.9636 0.2673 -0.0021
vn 0.9617 0.2736 -0.0160
vn -0.0144 0.9634 -0.2677
vn -0.1650 0.9533 -0.2531
vn -0.0199 0.9438 -0.3300
vn -0.1691 0.9350 -0.3116
vn -0.5265 0.8307 -0.1811
vn -0.5338 0.8144 -0.2276
vn -0.9641 -0.0661 0.2572
vn -0.9595 0.2666 0.0910
vn -0.9600 0.2694 0.0761
vn -0.9666 -0.0689 0.2468
vn -0.6947 -0.5907 0.4105
vn -0.6974 -0.5742 0.4289
vn -0.1697 -0.8871 0.4292
vn 0.0226 -0.8984 0.4386
vn -0.1729 -0.9001 0.3998
vn 0.0196 -0.9207 0.3898
vn -0.0166 0.9996 -0.0229
vn -0.5569 0.8298 -0.0374
vn -0.7747 0.6306 -0.0470
vn -0.9808 0.1352 -0.1408
vn -0.9361 -0.2512 -0.2462
vn -0.8089 -0.4903 -0.3245
vn 0.4664 -0.8054 -0.3658
vn -0.0898 -0.9005 -0.4255
vn 0.8431 -0.4818 -0.2387
vn 0.9944 0.0041 -0.1055
vn 0.9515 0.3049 -0.0405
vn 0.9940 -0.0773 0.0771
vn 0.6813 -0.5885 0.4354
vn 0.9578 0.2248 -0.1791
vn 0.0119 0.9542 -0.2988
vn 0.2548 0.8411 -0.4771
vn -0.0141 0.6707 -0.7416
vn 0.3246 0.6168 -0.7171
vn -0.4033 0.6113 -0.6809
vn -0.3452 0.8103 -0.4735
vn -0.9831 0.1822 0.0171
vn -0.9644 -0.0817 0.2517
vn -0.6343 -0.5621 0.5308
vn 0.0115 -0.8060 0.5918
vn 0.5343 -0.7618 0.3662
vn 0.4131 -0.8672 0.2780
vn 0.5765 -0.7049 0.4133
vn 0.5653 -0.6036 0.5622
vn 0.9129 -0.3737 -0.1643
vn 0.9492 -0.2998 0.0958
vn 0.9776 -0.1629 -0.1332
vn 0.9506 -0.3065 0.0489
vn 0.8313 -0.5553 -0.0247
vn 0.7892 -0.6141 -0.0059
vn 0.5803 -0.7977 -0.1642
vn 0.2127 -0.9469 -0.2411
vn -0.0036 -0.9750 -0.2222
vn 0.9044 -0.3756 0.2022
vn 0.9220 -0.2946 0.2514
vn -0.0031 -0.9810 -0.1939
vn 0.2191 -0.9529 -0.2098
vn 0.7785 -0.5905 -0.2127
vn 0.9916 0.0486 -0.1202
vn 0.7939 0.6077 -0.0202
vn 0.3259 0.9411 0.0904
vn 0.0025 0.9938 0.1109
vn -0.0161 0.3207 -0.9470
vn -0.3998 0.3430 -0.8500
vn -0.9151 0.2224 -0.3364
vn -0.9828 0.1776 -0.0499
vn -0.9469 0.2564 -0.1941
vn -0.8422 0.3305 -0.4260
vn -0.7936 0.4170 -0.4431
vn -0.8796 0.4492 -0.1566
vn -0.8581 0.4416 -0.2619
vn -0.7434 0.6513 -0.1523
vn -0.8817 0.4664 -0.0718
vn -0.9044 0.4264 -0.0155
vn -0.9484 0.3170 -0.0065
vn -0.9844 0.1732 -0.0313
vn -0.8693 0.4194 -0.2616
vn -0.7753 0.5477 -0.3145
vn -0.7745 0.6283 -0.0737
vn -0.7732 0.6203 0.1319
vn -0.8070 0.5883 0.0520
vn -0.8299 0.5550 -0.0569
vn -0.8305 0.5499 -0.0890
vn -0.0595 0.0184 -0.9981
vn -0.1932 0.0876 -0.9772
vn -0.2027 0.1953 -0.9596
vn -0.0960 0.2027 -0.9745
vn -0.0549 0.3815 -0.9227
vn -0.0206 0.2027 -0.9790
vn 0.0888 0.1952 -0.9767
vn 0.0761 0.0886 -0.9932
vn 0.8193 0.5568 -0.1366
vn 0.8070 0.5892 -0.0389
vn 0.8167 0.5523 -0.1670
vn 0.5077 0.8155 -0.2779
vn 0.5025 0.8330 -0.2315
vn 0.4830 0.8727 -0.0714
vn 0.7830 0.6192 0.0594
vn 0.7665 0.6413 -0.0359
vn 0.4581 0.8878 0.0436
vn 0.4380 0.8758 -0.2030
vn 0.7628 0.6124 -0.2078
vn 0.8320 0.5279 -0.1705
vn 0.4355 0.7715 -0.4638
vn 0.5566 0.7150 -0.4230
vn 0.8791 0.4749 0.0403
vn 0.8823 0.4706 0.0109
vn 0.8978 0.4400 0.0189
vn 0.7038 0.7077 0.0627
vn 0.7564 0.6475 0.0932
vn 0.7536 0.6568 0.0254
vn 0.8818 0.4710 -0.0235
vn 0.9010 0.4324 -0.0342
vn 0.7548 0.6558 -0.0110
vn 0.7679 0.6384 -0.0519
vn 0.9203 0.3861 -0.0636
vn 0.8938 0.4236 -0.1473
vn 0.8743 0.4849 -0.0195
vn 0.7655 0.6432 0.0145
vn 0.8628 0.4224 -0.2779
vn 0.8489 0.4168 -0.3252
vn 0.7053 0.6734 -0.2214
vn 0.6634 0.6833 -0.3051
vn 0.8792 0.4094 -0.2438
vn 0.9061 0.4152 -0.0812
vn 0.6826 0.6987 -0.2142
vn 0.7000 0.7137 -0.0241
vn 0.9037 0.3814 0.1945
vn 0.9063 0.4149 0.0802
vn 0.7053 0.6966 0.1315
vn 0.7137 0.4217 0.5594
vn 0.8782 0.3261 0.3500
vn 0.4119 0.5262 0.7440
vn 0.0152 0.5485 0.8360
vn 0.6016 -0.2219 0.7673
vn 0.8223 -0.1345 0.5529
vn 0.2343 -0.2625 0.9360
vn 0.0183 -0.2788 0.9602
vn 0.2254 -0.7834 -0.5792
vn 0.2181 -0.8641 -0.4536
vn -0.0075 -0.8915 -0.4530
vn -0.0089 -0.8134 -0.5816
vn 0.1975 -0.6536 -0.7306
vn -0.0125 -0.6642 -0.7474
vn 0.9340 -0.3209 0.1568
vn 0.9862 -0.1037 0.1289
vn 0.9030 -0.3802 0.2000
vn 0.9227 -0.3547 0.1509
vn 0.9310 -0.3617 0.0486
vn 0.9114 -0.4116 -0.0032
vn 0.9149 -0.3962 -0.0777
vn 0.9179 -0.3402 -0.2044
vn 0.9116 -0.2631 -0.3160
vn 0.8944 -0.2409 -0.3768
vn 0.8763 -0.2187 -0.4293
vn 0.8425 -0.1980 -0.5009
vn 0.7771 -0.2152 -0.5914
vn 0.8219 -0.2079 -0.5303
vn 0.0754 -0.3256 -0.9425
vn 0.3314 -0.2533 -0.9088
vn -0.0892 -0.3334 -0.9385
vn -0.2029 -0.4976 -0.8433
vn -0.2867 -0.5422 -0.7898
vn -0.3162 -0.4043 -0.8582
vn -0.3735 -0.2734 -0.8864
vn -0.5293 -0.4299 -0.7315
vn -0.6096 -0.6813 -0.4052
vn -0.5584 -0.8012 -0.2151
vn -0.5134 -0.8484 -0.1287
vn -0.4831 -0.8747 0.0393
vn -0.3323 -0.7985 0.5020
vn -0.3876 -0.8314 0.3981
vn -0.2361 -0.6643 0.7092
vn -0.2186 -0.6322 0.7433
vn 0.1525 -0.8575 0.4913
vn 0.2040 -0.8857 0.4171
vn 0.2133 -0.8982 0.3844
vn 0.9985 -0.0080 0.0542
vn 0.8985 -0.4134 0.1475
vn 0.9559 0.2936 -0.0090
vn 0.0553 -0.9500 0.3074
vn 0.5837 -0.7711 0.2545
vn -0.4371 -0.8539 0.2826
vn -0.7980 -0.5665 0.2056
vn -0.9895 0.1399 -0.0360
vn -0.9886 -0.1319 0.0729
vn -0.9568 0.2559 -0.1378
vn -0.8971 0.3666 -0.2466
vn -0.0323 0.8479 -0.5291
vn -0.1284 0.8452 -0.5187
vn -0.0040 0.9985 -0.0555
vn -0.2383 0.9694 -0.0594
vn -0.0926 0.8153 -0.5715
vn -0.0346 0.8210 -0.5699
vn -0.2742 0.7913 -0.5465
vn -0.4171 0.7728 -0.4783
vn -0.5173 0.7748 -0.3634
vn 0.8874 0.4556 -0.0702
vn 0.8378 0.5252 -0.1493
vn 0.0091 0.9351 0.3542
vn -0.3414 0.8940 0.2901
vn -0.7542 0.6553 -0.0429
vn 0.4015 0.7972 -0.4507
vn 0.7252 0.6361 -0.2636
vn 0.2449 0.8230 -0.5125
vn 0.4112 0.8106 -0.4169
vn 0.7106 0.7020 0.0484
vn 0.5229 0.8069 -0.2748
vn -0.1499 0.7868 -0.5988
vn -0.4388 0.7409 -0.5084
vn -0.0382 0.8030 -0.5948
vn -0.7387 0.5645 -0.3684
vn -0.4519 0.8666 0.2119
vn -0.0032 0.9007 0.4345
vn 0.8425 0.5373 -0.0377
vn 0.6976 0.7124 -0.0759
vn 0.7078 0.6809 0.1880
vn 0.6588 0.7519 0.0247
vn 0.0382 0.9242 0.3801
vn 0.5318 0.8424 0.0866
vn -0.5799 0.7843 0.2204
vn 0.7806 0.4507 -0.4330
vn -0.8701 0.4024 -0.2845
vn 0.3448 0.9244 0.1631
vn 0.3253 0.9454 0.0175
vn 0.3178 0.9329 -0.1693
vn 0.3142 0.9143 -0.2554
vn 0.3483 0.9213 -0.1729
vn 0.3883 0.9060 0.1686
vn 0.3761 0.8384 0.3944
vn 0.4147 0.9003 0.1321
vn 0.4355 0.8942 -0.1037
vn 0.4913 0.8682 -0.0697
vn 0.5159 0.8566 -0.0074
vn 0.5102 0.8593 0.0350
vn 0.3967 0.9151 0.0726
vn 0.3079 0.9358 0.1719
vn 0.3157 0.8930 0.3207
vn 0.2418 0.9696 -0.0370
vn 0.0770 0.8611 -0.5025
vn 0.0267 0.8227 -0.5678
vn 0.1306 0.7499 -0.6486
vn 0.0926 0.8007 -0.5918
vn 0.0881 0.7863 -0.6115
vn 0.1004 0.9554 -0.2777
vn 0.1278 0.9909 0.0417
vn 0.1347 0.9879 -0.0766
vn 0.1336 0.9542 -0.2678
vn 0.1314 0.9361 -0.3264
vn 0.6657 -0.6270 -0.4046
vn 0.8405 -0.1114 -0.5302
vn 0.7655 0.1837 -0.6167
vn 0.6347 0.3966 -0.6632
vn 0.3998 0.6199 -0.6752
vn 0.0847 0.7164 -0.6926
vn -0.0398 0.7458 -0.6650
vn -0.1683 0.7172 -0.6763
vn -0.4743 0.6173 -0.6277
vn -0.7047 0.3936 -0.5903
vn -0.8274 0.1841 -0.5306
vn -0.8941 -0.1103 -0.4340
vn -0.7049 -0.6267 -0.3322
vn 0.1392 -0.9491 -0.2824
vn -0.0340 -0.8402 -0.5412
vn -0.1670 -0.9376 -0.3049
vn 0.8227 -0.1459 -0.5494
vn 0.2044 -0.9039 -0.3757
vn 0.5955 0.5134 -0.6179
vn -0.0102 0.7964 -0.6047
vn -0.6156 0.5132 -0.5981
vn -0.8402 -0.1463 -0.5222
vn -0.2161 -0.9041 -0.3687
vn -0.0101 -0.8118 -0.5839
vn 0.1714 0.0577 -0.9835
vn -0.6733 0.1075 -0.7315
vn -0.0171 0.0685 -0.9975
vn -0.8268 0.1704 0.5361
vn -0.9486 0.1557 0.2754
vn -0.9764 0.2056 -0.0661
vn -0.9347 0.2719 -0.2291
vn -0.8396 0.2821 -0.4641
vn -0.8061 0.2693 -0.5270
vn -0.8705 0.3310 -0.3642
vn -0.8875 0.4144 -0.2015
vn -0.8676 0.4888 -0.0916
vn 0.8985 -0.2586 -0.3548
vn 0.9408 -0.2711 -0.2034
vn 0.9475 -0.3019 -0.1055
vn 0.3993 -0.8902 0.2192
vn -0.5322 -0.7411 -0.4093
vn -0.5257 -0.8223 -0.2177
vn -0.7484 -0.5697 -0.3397
vn -0.7662 -0.6228 -0.1583
vn -0.8519 -0.4375 -0.2879
vn -0.9106 -0.4109 -0.0436
vn -0.7266 -0.5081 -0.4624
vn -0.7794 -0.4705 -0.4137
vn -0.5234 -0.6655 -0.5321
vn -0.7794 -0.0540 0.6242
vn -0.7989 0.0575 0.5987
vn -0.4899 -0.0458 0.8706
vn -0.4886 0.1281 0.8631
vn -0.8045 0.0960 0.5862
vn -0.7165 0.1205 0.6871
vn -0.6818 0.1042 0.7241
vn -0.5517 0.1583 0.8189
vn -0.2855 0.2256 0.9314
vn -0.4458 0.1943 0.8738
vn 0.0006 0.9712 0.2384
vn -0.0129 0.9779 0.2086
vn -0.0258 0.9719 0.2342
vn -0.0021 0.9749 0.2227
vn -0.7758 0.3899 -0.4961
vn -0.6130 0.7887 -0.0473
vn -0.3761 -0.1423 -0.9156
vn -0.7068 -0.2811 -0.6492
vn -0.3837 0.0325 -0.9229
vn -0.7682 -0.0225 -0.6399
vn -0.3314 -0.0892 -0.9393
vn -0.5790 -0.0912 -0.8102
vn -0.3871 0.4550 0.8019
vn -0.3971 0.3595 0.8445
vn -0.7173 0.3394 0.6085
vn -0.7634 0.2726 0.5855
vn -0.7991 0.1741 0.5755
vn -0.4246 0.2037 0.8822
vn 0.2333 0.4049 -0.8841
vn 0.8055 0.1319 -0.5777
vn 0.4088 0.2843 -0.8672
vn 0.9350 0.0857 -0.3441
vn -0.0120 0.4279 -0.9037
vn 0.2572 0.0387 -0.9656
vn -0.1674 -0.3549 -0.9198
vn -0.1552 -0.0055 -0.9879
vn -0.2941 0.0117 -0.9557
vn -0.3701 -0.3605 -0.8562
vn -0.1722 0.1103 -0.9789
vn -0.2880 0.1018 -0.9522
vn -0.9862 -0.0233 0.1642
vn -0.9625 0.1942 0.1895
vn -0.9962 -0.0096 0.0869
vn -0.9704 0.2257 0.0860
vn -0.9421 0.1228 0.3121
vn -0.9614 -0.0554 0.2697
vn -0.9709 0.1347 0.1982
vn -0.9839 0.0635 0.1671
vn -0.9982 0.0582 0.0130
vn -0.4625 -0.5176 0.7198
vn -0.1160 -0.5436 0.8313
vn -0.4444 -0.2755 0.8524
vn -0.1303 -0.3027 0.9441
vn -0.1556 -0.4267 0.8909
vn -0.5036 -0.3026 0.8092
vn -0.4819 0.3754 0.7917
vn -0.2040 0.4204 0.8841
vn -0.4623 0.2352 0.8549
vn -0.1862 0.2785 0.9422
vn -0.2428 -0.9679 -0.0654
vn -0.2334 -0.9714 -0.0426
vn -0.5447 -0.8386 -0.0031
vn -0.5204 -0.8539 0.0064
vn -0.2226 -0.9416 -0.2528
vn -0.9597 0.0115 0.2807
vn -0.7978 -0.0749 0.5982
vn -0.9619 0.0066 0.2733
vn -0.7996 0.0292 0.5998
vn -0.9559 0.0289 0.2924
vn -0.9849 -0.1581 0.0699
vn -0.9963 -0.0856 0.0041
vn -0.9929 0.1180 0.0170
vn 0.0405 -0.2822 -0.9585
vn 0.0252 -0.0841 -0.9961
vn 0.0235 -0.3596 -0.9328
vn 0.0082 -0.3347 -0.9423
vn -0.1313 -0.1592 -0.9785
vn -0.1101 -0.0270 -0.9935
vn -0.1018 0.0296 -0.9944
vn 0.0223 -0.0009 -0.9998
vn 0.1538 0.0280 -0.9877
vn 0.1597 -0.0244 -0.9869
vn 0.1788 -0.1714 -0.9688
vn -0.7368 0.5810 0.3457
vn -0.4453 0.8314 0.3322
vn -0.7352 0.6461 0.2048
vn -0.3779 0.9037 0.2014
vn -0.2559 0.9139 0.3150
vn -0.5651 0.6863 0.4579
vn -0.1222 0.9714 0.2036
vn -0.9340 0.1011 0.3426
vn -0.9902 -0.0179 0.1386
vn -0.8996 0.2127 0.3813
vn -0.9607 0.1843 0.2076
vn -0.8314 0.0850 0.5492
vn -0.8488 -0.0368 0.5274
vn -0.7129 0.1218 0.6907
vn -0.8192 0.1792 0.5448
vn -0.9183 0.0751 0.3887
vn -0.9214 -0.0957 0.3766
vn -0.8936 -0.2668 0.3610
vn -0.9182 -0.3669 0.1495
vn -0.8995 -0.4357 -0.0319
vn -0.9525 -0.2919 0.0871
vn -0.9007 -0.3955 -0.1799
vn -0.8112 -0.5704 -0.1287
vn -0.7614 -0.5630 -0.3214
vn -0.2735 -0.2148 -0.9376
vn -0.0170 -0.0109 -0.9998
vn -0.1022 0.0569 -0.9931
vn 0.0691 0.0538 -0.9962
vn 0.1182 -0.0037 -0.9930
vn 0.2419 -0.2149 -0.9462
vn 0.8717 -0.1883 -0.4524
vn -0.1025 -0.0570 -0.9931
vn 0.3001 -0.5999 -0.7416
vn -0.2482 -0.4153 -0.8752
vn 0.6751 0.0445 -0.7364
vn 0.9856 -0.0619 0.1575
vn -0.4351 0.7498 -0.4984
vn 0.6217 0.6468 0.4419
vn -0.0063 0.9767 -0.2147
vn 0.7078 0.7062 0.0197
vn -0.7254 0.6294 -0.2785
vn -0.5786 0.7846 -0.2227
vn -0.8427 0.4406 -0.3094
vn -0.8357 0.0408 -0.5477
vn -0.8849 0.4138 -0.2138
vn -0.8927 0.4134 -0.1793
vn -0.9515 0.1217 -0.2824
vn -0.9615 0.1396 -0.2367
vn -0.9210 0.3537 -0.1633
vn -0.9792 0.1249 -0.1600
vn -0.1470 -0.8236 -0.5478
vn -0.2858 -0.8283 -0.4820
vn -0.6064 -0.6586 -0.4457
vn -0.6710 -0.6637 -0.3304
vn -0.4501 -0.7686 -0.4547
vn -0.6655 -0.7174 -0.2059
vn 0.7030 -0.1679 -0.6911
vn 0.7122 -0.3102 -0.6298
vn 0.9645 -0.0834 -0.2507
vn 0.9393 -0.1299 -0.3175
vn 0.9986 -0.0183 -0.0498
vn 0.9784 0.0188 -0.2060
vn 0.7128 0.6167 -0.3340
vn 0.1836 0.9366 -0.2984
vn 0.7696 0.6037 -0.2081
vn 0.1693 0.9660 -0.1954
vn -0.0922 0.9673 -0.2362
vn -0.1019 0.9822 -0.1580
vn -0.1058 0.9942 0.0169
vn 0.0918 0.9956 0.0190
vn 0.5850 0.7982 -0.1439
vn -0.9490 0.1526 -0.2760
vn -0.9249 0.1606 -0.3447
vn -0.9348 -0.0908 -0.3432
vn -0.9114 -0.0912 -0.4013
vn -0.7692 -0.3607 -0.5275
vn -0.8316 -0.3293 -0.4471
vn -0.8755 -0.3153 -0.3662
vn -0.9619 -0.1007 -0.2542
vn -0.9774 0.1570 -0.1418
vn -0.4722 -0.5660 -0.6758
vn -0.6113 -0.5217 -0.5951
vn -0.1380 -0.6121 -0.7786
vn -0.3125 -0.5089 -0.8021
vn -0.4874 -0.5075 -0.7105
vn -0.7126 -0.5037 -0.4883
vn -0.3929 0.6778 0.6215
vn -0.1328 0.7330 0.6671
vn -0.4464 0.5946 0.6687
vn -0.1814 0.6193 0.7639
vn -0.0330 -0.8199 0.5716
vn -0.1589 -0.9303 -0.3305
vn -0.4038 -0.7425 0.5345
vn -0.5786 -0.7686 -0.2728
vn -0.5372 -0.4740 -0.6977
vn -0.2264 -0.5170 -0.8255
vn -0.8691 -0.3941 0.2989
vn -0.9424 0.0147 0.3342
vn -0.9449 -0.3152 0.0890
vn -0.9633 0.1305 0.2345
vn -0.8360 0.3495 0.4232
vn -0.8494 0.3496 0.3954
vn -0.9812 0.0772 0.1769
vn -0.9674 -0.2442 -0.0668
vn -0.1800 -0.9292 -0.3228
vn -0.1822 -0.9596 -0.2143
vn -0.5888 -0.7881 -0.1792
vn -0.5845 -0.8108 -0.0305
vn -0.1825 -0.9490 -0.2569
vn -0.5841 -0.8001 -0.1365
vn -0.7468 -0.6639 -0.0397
vn -0.8905 -0.4086 -0.2002
vn -0.6819 -0.7022 -0.2046
vn -0.8937 -0.3775 -0.2427
vn -0.8598 -0.4534 -0.2347
vn -0.9221 -0.3172 -0.2218
vn -0.5350 -0.8230 -0.1909
vn -0.7514 -0.6465 -0.1320
vn -0.7134 -0.6998 -0.0369
vn -0.3086 -0.7818 0.5419
vn -0.1482 -0.7868 0.5991
vn -0.1988 -0.8820 0.4272
vn -0.0999 -0.8785 0.4671
vn -0.0780 -0.8848 0.4593
vn -0.2171 -0.8789 0.4247
vn -0.1735 0.0378 -0.9841
vn -0.1649 -0.0034 -0.9863
vn -0.5074 -0.0080 -0.8617
vn -0.5326 -0.0429 -0.8453
vn -0.1693 -0.0352 -0.9849
vn -0.5324 -0.0715 -0.8434
vn -0.9184 -0.1266 -0.3749
vn -0.9341 -0.2648 -0.2394
vn -0.8827 -0.1588 -0.4424
vn -0.8955 -0.2301 -0.3809
vn -0.9086 -0.2902 -0.3003
vn -0.9280 -0.2984 -0.2233
vn -0.9042 -0.2418 -0.3520
vn -0.9448 -0.3165 -0.0847
vn -0.8591 -0.2142 -0.4649
vn -0.4819 -0.5469 0.6846
vn -0.2267 -0.6107 0.7587
vn -0.4430 -0.5904 0.6747
vn -0.2127 -0.6304 0.7466
vn -0.1937 -0.6295 0.7524
vn -0.4138 -0.5859 0.6968
vn -0.3807 0.2134 -0.8997
vn -0.7500 0.2543 -0.6106
vn -0.3404 0.2898 -0.8945
vn -0.6904 0.2340 -0.6845
vn -0.9388 0.0251 0.3437
vn -0.7857 -0.0918 0.6118
vn -0.9853 0.1507 0.0803
vn -0.9939 -0.0501 0.0987
vn -0.9335 -0.0399 0.3563
vn -0.4538 -0.1248 0.8823
vn -0.4310 -0.0935 0.8975
vn -0.8041 0.3437 -0.4850
vn -0.7928 0.3447 -0.5026
vn -0.4360 0.7010 -0.5644
vn -0.4440 0.7014 -0.5575
vn -0.9127 0.0930 -0.3979
vn -0.8854 0.0796 -0.4580
vn -0.9156 0.0887 -0.3923
vn -0.8714 0.3518 -0.3419
vn -0.5190 0.7778 -0.3545
vn -0.0033 0.8203 -0.5719
vn -0.0050 0.8274 -0.5616
vn 0.4467 0.6742 -0.5881
vn 0.4771 0.6810 -0.5556
vn -0.0054 0.9257 -0.3782
vn 0.5643 0.7380 -0.3699
vn 0.4139 -0.6179 -0.6685
vn 0.4071 -0.6460 -0.6457
vn 0.7966 -0.3164 -0.5150
vn 0.7827 -0.2776 -0.5571
vn 0.8852 -0.0178 -0.4648
vn 0.8672 0.0058 -0.4979
vn 0.8849 -0.3641 -0.2907
vn 0.9759 -0.0450 -0.2135
vn 0.4883 -0.7051 -0.5142
vn -0.4358 -0.5493 -0.7130
vn -0.4424 -0.6166 -0.6512
vn -0.0060 -0.6712 -0.7412
vn -0.0054 -0.7503 -0.6611
vn -0.0065 -0.7788 -0.6272
vn -0.5067 -0.6062 -0.6130
vn -0.4780 0.8720 -0.1056
vn -0.5584 0.8259 -0.0777
vn -0.8864 0.4553 -0.0837
vn -0.9317 0.3571 -0.0659
vn -0.9901 0.1334 -0.0444
vn -0.9889 0.1338 -0.0639
vn -0.9815 0.1268 -0.1432
vn -0.8880 0.4258 -0.1734
vn -0.4917 0.8460 -0.2063
vn 0.5349 0.8402 -0.0890
vn -0.0037 0.9978 -0.0667
vn 0.4470 0.8857 -0.1251
vn -0.0045 0.9934 -0.1144
vn -0.0092 0.9722 -0.2341
vn 0.4679 0.8468 -0.2529
vn 0.9156 -0.3891 -0.1008
vn 0.4585 -0.8857 -0.0727
vn 0.9615 -0.2664 -0.0669
vn 0.5632 -0.8258 0.0305
vn 0.9903 0.1177 -0.0738
vn 0.9897 0.1047 -0.0977
vn 0.9796 0.0714 -0.1879
vn 0.9099 -0.3566 -0.2120
vn 0.4625 -0.8599 -0.2161
vn -0.5833 -0.8115 0.0351
vn 0.0005 -0.9941 0.1080
vn -0.5006 -0.8632 -0.0652
vn -0.0026 -0.9987 -0.0509
vn -0.0056 -0.9787 -0.2050
vn -0.5115 -0.8357 -0.2002
vn -0.9915 -0.0611 0.1146
vn -0.9993 -0.0020 0.0362
vn -0.8297 0.5228 0.1954
vn -0.7176 0.6965 0.0034
vn -0.7160 -0.6537 0.2450
vn -0.7022 -0.6030 0.3786
vn -0.9721 -0.2302 -0.0453
vn -0.0040 0.9999 0.0162
vn 0.7074 0.7067 0.0133
vn -0.0048 0.9227 0.3855
vn 0.8197 0.4867 0.3019
vn 0.9985 -0.0054 0.0536
vn 0.7120 -0.6513 0.2624
vn 0.9790 -0.0641 0.1937
vn 0.6882 -0.5867 0.4268
vn 0.9226 0.3745 -0.0928
vn 0.0040 -0.9228 0.3853
vn 0.0041 -0.8466 0.5323
vn -0.9694 0.2429 -0.0345
vn -0.9867 -0.0514 -0.1545
vn -0.9785 0.1802 -0.1007
vn -0.9587 -0.0688 -0.2758
vn -0.8235 -0.3902 -0.4118
vn -0.7726 -0.2588 -0.5798
vn -0.9325 -0.0483 -0.3580
vn -0.7404 -0.2653 -0.6176
vn -0.9586 0.1819 -0.2190
vn 0.5499 0.8212 -0.1521
vn 0.5157 0.8331 -0.2001
vn 0.7784 0.6067 -0.1611
vn 0.7813 0.5803 -0.2299
vn 0.0200 0.9936 -0.1113
vn 0.0113 0.9905 -0.1368
vn 0.0100 0.9920 0.1256
vn 0.4877 0.8726 0.0261
vn 0.7430 0.6504 -0.1582
vn 0.8945 -0.0543 -0.4438
vn 0.8358 0.0530 -0.5465
vn 0.7365 -0.2735 -0.6187
vn 0.6503 -0.1132 -0.7512
vn 0.9419 0.2125 -0.2603
vn 0.8963 0.2440 -0.3703
vn 0.8462 0.0221 -0.5325
vn 0.8558 0.2158 -0.4702
vn 0.6559 -0.1938 -0.7295
vn -0.4584 -0.5871 -0.6672
vn -0.3929 -0.3662 -0.8435
vn 0.0429 -0.6035 -0.7962
vn -0.0087 -0.3772 -0.9261
vn -0.3690 -0.4410 -0.8182
vn -0.0327 -0.4809 -0.8762
vn -0.9454 0.3141 0.0875
vn -0.9345 0.3131 0.1695
vn -0.9462 -0.0349 0.3217
vn -0.9238 -0.0302 0.3817
vn -0.6990 -0.3863 0.6018
vn -0.7712 -0.4051 0.4912
vn -0.9791 -0.0607 0.1939
vn -0.8410 -0.4235 0.3367
vn -0.9593 0.2808 0.0314
vn 0.1141 0.7542 -0.6467
vn 0.4587 0.6924 -0.5570
vn 0.1159 0.9500 -0.2901
vn 0.4443 0.8606 -0.2488
vn 0.0103 0.7673 -0.6412
vn 0.0091 0.9545 -0.2981
vn 0.1439 0.7342 -0.6635
vn 0.0130 0.7418 -0.6705
vn 0.5882 0.6246 -0.5138
vn 0.6438 -0.4651 0.6076
vn 0.9437 -0.0731 0.3228
vn 0.7394 -0.5324 0.4121
vn 0.9860 -0.0765 0.1482
vn 0.9492 0.2976 -0.1019
vn 0.9468 0.3138 0.0712
vn 0.9906 -0.1068 0.0851
vn 0.9663 0.2332 -0.1090
vn 0.7763 -0.5561 0.2968
vn -0.3417 -0.6353 0.6925
vn -0.4410 -0.7238 0.5306
vn -0.0274 -0.7163 0.6972
vn -0.0425 -0.8688 0.4933
vn -0.0481 -0.9176 0.3945
vn -0.5105 -0.7611 0.4000
vn -0.9467 0.3195 0.0416
vn -0.9971 0.0643 0.0413
vn -0.9437 0.3271 0.0491
vn -0.9975 0.0688 0.0186
vn -0.9116 -0.4088 0.0440
vn -0.8917 -0.4511 -0.0385
vn -0.9994 0.0284 -0.0189
vn -0.8627 -0.4953 -0.1019
vn -0.9475 0.3189 0.0226
vn 0.8597 0.5101 0.0255
vn 0.3372 0.9280 0.1583
vn 0.7577 0.6521 0.0238
vn 0.4021 0.9138 0.0581
vn 0.0020 0.9791 0.2034
vn -0.0004 0.9975 0.0708
vn 0.0010 0.9995 0.0323
vn 0.5151 0.8570 0.0120
vn 0.7580 0.6522 -0.0043
vn 0.8068 -0.5908 -0.0002
vn 0.9779 -0.2054 -0.0381
vn 0.7855 -0.6060 -0.1250
vn 0.9423 -0.3163 -0.1095
vn 0.9968 0.0445 -0.0667
vn 0.9967 0.0112 -0.0803
vn 0.9924 0.0449 -0.1149
vn 0.9202 -0.3521 -0.1710
vn 0.7864 -0.5837 -0.2019
vn -0.5692 -0.8209 0.0457
vn -0.5191 -0.8492 -0.0973
vn -0.0193 -0.9990 0.0406
vn 0.0108 -0.9898 -0.1421
vn -0.4810 -0.8588 -0.1762
vn 0.0408 -0.9723 -0.2302
vn -0.2352 0.3563 -0.9043
vn -0.3004 0.0434 -0.9528
vn -0.4237 0.0371 0.9051
vn -0.6472 -0.3999 -0.6490
vn -0.6294 -0.5385 -0.5602
vn -0.4678 -0.5528 -0.6896
vn -0.5945 -0.7050 -0.3866
vn -0.7091 -0.6869 -0.1590
vn -0.9968 0.0712 -0.0351
vn -0.9594 0.2773 -0.0506
vn -0.9623 0.0962 -0.2543
vn -0.8918 -0.2667 -0.3655
vn -0.9892 -0.1468 0.0057
vn -0.9641 -0.0443 -0.2618
vn -0.9386 0.2321 -0.2554
vn -0.9323 0.1835 -0.3117
vn -0.7190 -0.2197 -0.6593
vn -0.9126 -0.2121 -0.3496
vn -0.9375 -0.2844 -0.2003
vn -0.9851 0.1692 0.0319
vn -0.9923 -0.0887 -0.0863
vn -0.1158 0.9792 0.1667
vn -0.0240 0.9917 0.1261
vn 0.0334 0.9953 0.0913
vn 0.3064 0.8657 -0.3959
vn 0.0047 0.9977 0.0678
vn -0.0612 0.9764 0.2071
vn -0.9628 -0.0403 0.2673
vn 0.3450 0.9277 -0.1424
vn 0.2395 0.8826 -0.4045
vn 0.6032 0.6622 -0.4446
vn 0.6043 0.5918 -0.5334
vn -0.0062 0.9615 0.2748
vn -0.0438 0.9907 -0.1288
vn 0.8840 -0.0893 -0.4588
vn 0.6834 -0.3296 -0.6514
vn 0.9001 0.1113 -0.4212
vn -0.7377 -0.3708 -0.5642
vn -0.3974 -0.5771 -0.7134
vn -0.0541 -0.6129 -0.7883
vn -0.9304 0.1686 -0.3254
vn -0.9073 -0.0873 -0.4112
vn 0.9132 -0.0899 0.3974
vn 0.6272 -0.4319 0.6481
vn 0.9507 -0.0703 0.3021
vn 0.6806 -0.5146 0.5215
vn 0.9506 0.2767 0.1407
vn 0.9387 0.2873 0.1905
vn 0.1211 0.9915 0.0484
vn 0.4505 0.8902 0.0680
vn 0.1419 0.9877 -0.0653
vn 0.4886 0.8719 -0.0315
vn 0.0039 0.9992 0.0401
vn 0.0046 0.9972 -0.0743
vn -0.9661 -0.0653 0.2497
vn -0.9349 -0.0720 0.3475
vn -0.9568 0.2756 0.0929
vn -0.9446 0.2854 0.1623
vn -0.6885 -0.4166 0.5936
vn -0.7096 -0.5211 0.4743
vn 0.1400 -0.8628 0.4857
vn -0.3036 -0.6540 0.6929
vn 0.0080 -0.9991 -0.0420
vn 0.0170 -0.8869 0.4617
vn -0.1252 0.7237 0.6786
vn -0.3951 0.6497 0.6495
vn -0.1461 0.7166 0.6820
vn -0.4526 0.6474 0.6133
vn -0.8791 -0.2376 0.4131
vn -0.8493 0.2684 0.4546
vn -0.7494 -0.4733 0.4630
vn -0.7769 -0.4916 0.3934
vn -0.8205 -0.3495 0.4523
vn -0.9023 0.0063 0.4312
vn -0.9005 -0.4180 -0.1196
vn -0.9319 -0.3503 -0.0943
vn -0.9162 -0.3499 -0.1953
vn -0.9235 -0.3381 -0.1811
vn -0.9270 -0.3728 -0.0413
vn -0.9835 -0.1794 0.0208
vn -0.9482 -0.1261 -0.2917
vn -0.9971 -0.0625 -0.0424
vn -0.9574 -0.2884 -0.0122
vn -0.9832 -0.1712 0.0633
vn -0.9230 -0.3599 0.1364
vn -0.9563 -0.2637 0.1266
vn -0.7045 -0.6911 0.1615
vn -0.8324 -0.1501 -0.5335
vn -0.5239 -0.8449 -0.1081
vn 0.2329 -0.4371 0.8688
vn -0.1626 -0.5740 0.8025
vn 0.2002 -0.3563 0.9127
vn -0.1452 -0.9719 -0.1850
vn -0.2466 -0.1098 -0.9629
vn -0.4043 -0.0200 -0.9144
vn -0.5541 0.0414 -0.8314
vn -0.4920 0.5567 0.6693
vn -0.5785 0.2085 0.7886
vn -0.1668 0.5532 0.8162
vn -0.2107 0.2449 0.9464
vn 0.1815 -0.4863 -0.8548
vn -0.2557 -0.8683 -0.4252
vn -0.0310 -0.4094 -0.9118
vn -0.9700 -0.1456 -0.1948
vn -0.6770 -0.4632 0.5720
vn -0.2332 -0.9279 0.2910
vn -0.5198 0.2510 0.8166
vn -0.5464 0.5088 0.6653
vn -0.4097 0.7756 0.4801
vn -0.7273 0.5109 -0.4582
vn -0.1019 -0.2766 -0.9556
vn -0.9712 -0.0980 0.2172
vn -0.9276 -0.3731 0.0188
vn -0.8406 -0.1775 0.5118
vn -0.7445 -0.6355 0.2044
vn -0.8204 -0.0918 0.5643
vn -0.9620 0.0359 0.2708
vn -0.9970 -0.0369 0.0676
vn -0.9556 -0.2607 -0.1375
vn -0.9061 -0.4035 -0.1274
vn -0.8909 -0.3372 0.3044
vn -0.9820 -0.1604 0.0998
vn -0.9004 -0.3133 0.3019
vn -0.9852 -0.1296 0.1123
vn -0.9723 -0.2008 0.1197
vn -0.8850 -0.3269 0.3316
vn -0.2902 -0.9491 0.1227
vn -0.0972 -0.8548 0.5098
vn -0.6802 -0.7328 -0.0168
vn -0.6378 -0.7210 0.2707
vn -0.2541 -0.9390 -0.2318
vn -0.5999 -0.7652 -0.2335
vn -0.7533 -0.6471 0.1177
vn -0.7494 -0.6575 0.0779
vn -0.8743 -0.4523 0.1758
vn -0.8782 -0.4232 0.2228
vn -0.8077 -0.5831 0.0867
vn -0.8763 -0.4615 -0.1386
vn -0.8049 -0.5922 0.0371
vn -0.8074 -0.0627 -0.5867
vn -0.8190 -0.1050 -0.5641
vn -0.7960 -0.1556 -0.5849
vn -0.9462 -0.3229 0.0200
vn -0.8752 -0.4662 -0.1291
vn -0.6855 -0.2827 0.6710
vn -0.7304 -0.5132 0.4508
vn -0.8833 -0.1947 -0.4264
vn -0.7851 -0.3887 -0.4822
vn -0.8634 -0.4928 0.1085
vn -0.8208 -0.4800 0.3097
vn -0.8165 -0.5439 0.1936
vn -0.7128 -0.6467 0.2717
vn -0.8304 -0.5495 -0.0920
vn -0.8664 -0.4993 -0.0001
vn -0.6687 -0.5115 0.5396
vn -0.7135 -0.4595 0.5290
vn -0.6529 -0.4980 0.5707
vn -0.3144 -0.8762 0.3653
vn -0.4817 -0.8440 0.2358
vn -0.5145 -0.7440 0.4262
vn -0.6837 -0.6650 0.3005
vn -0.4179 -0.8114 0.4086
vn -0.6001 -0.7226 0.3432
vn -0.9255 -0.2333 0.2982
vn -0.9048 -0.2597 0.3373
vn -0.7752 -0.2359 0.5861
vn -0.7972 -0.3623 0.4830
vn -0.7773 -0.1871 0.6007
vn -0.8796 -0.2892 0.3777
vn -0.8439 -0.0562 0.5335
vn -0.7970 0.0790 0.5988
vn -0.8585 0.0704 0.5080
vn -0.7270 0.3419 0.5954
vn -0.6613 0.4483 0.6014
vn -0.6237 0.5161 0.5870
vn -0.6365 0.5497 0.5410
vn -0.6707 0.5145 0.5343
vn -0.6522 0.3529 0.6710
vn -0.6169 0.1916 0.7633
vn -0.9676 -0.1648 0.1914
vn 0.1663 -0.9859 0.0185
vn -0.6382 -0.6484 0.4151
vn 0.8044 -0.1886 0.5634
vn -0.4476 0.1531 0.8810
vn -0.8575 -0.4862 0.1683
vn -0.8419 0.3280 0.4284
vn -0.9709 -0.1714 0.1674
vn -0.5575 0.2548 0.7901
vn -0.9324 -0.0922 0.3493
vn -0.8322 -0.2220 0.5081
vn -0.3062 -0.4080 0.8601
vn -0.5815 -0.7167 0.3849
vn -0.9300 -0.3169 0.1862
vn -0.8521 -0.1596 0.4984
vn 0.1182 0.8530 -0.5083
vn 0.6808 0.6899 -0.2460
vn 0.2084 -0.0853 -0.9743
vn 0.5559 -0.0475 -0.8299
vn 0.4284 0.8779 0.2141
vn -0.0306 0.9599 0.2785
vn 0.0503 0.8834 0.4659
vn -0.1638 0.8280 0.5362
vn -0.0032 0.4908 0.8713
vn -0.2581 0.4215 0.8693
vn 0.0778 -0.3388 0.9377
vn -0.1694 -0.4029 0.8994
vn 0.0791 -0.9137 0.3986
vn 0.0308 -0.9062 0.4217
vn 0.1602 -0.9743 -0.1585
vn -0.0060 -0.9654 -0.2605
vn 0.1508 -0.1846 -0.9712
vn -0.1621 -0.1236 -0.9790
vn -0.6856 0.1350 -0.7153
vn -0.8872 -0.3940 -0.2399
vn -0.3378 -0.4401 0.8320
vn -0.4636 0.3135 0.8287
vn -0.1463 -0.8817 0.4485
vn -0.3771 0.7058 0.5996
vn -0.3619 0.8653 0.3468
vn -0.3835 0.7267 -0.5700
vn -0.0819 -0.2291 -0.9699
vn 0.0453 -0.9625 -0.2675
vn 0.2508 -0.4523 -0.8559
vn -0.9597 -0.1160 0.2559
vn -0.8548 -0.4530 0.2533
vn -0.7506 -0.6527 0.1029
vn -0.7580 -0.6258 -0.1839
vn -0.6837 -0.7189 -0.1255
vn -0.5453 0.8009 -0.2473
vn -0.8871 0.3853 -0.2542
vn -0.9397 0.1039 -0.3259
vn 0.6478 0.7295 -0.2198
vn 0.0104 0.9642 -0.2649
vn 0.9177 -0.3473 -0.1928
vn 0.5262 -0.7205 -0.4517
vn 0.9942 -0.0861 -0.0645
vn -0.0246 -0.8390 -0.5436
vn -0.5538 -0.6556 -0.5132
vn -0.4785 0.8000 -0.3620
vn -0.8596 0.4041 -0.3126
vn -0.9573 0.1101 -0.2673
vn -0.0073 0.9191 -0.3939
vn 0.4754 0.7742 -0.4178
vn 0.4640 -0.7878 -0.4051
vn 0.8691 -0.3254 -0.3726
vn 0.9432 0.0303 -0.3309
vn -0.5005 -0.7734 -0.3890
vn -0.0065 -0.9143 -0.4050
vn -0.4972 -0.5114 0.7009
vn -0.4835 -0.6172 0.6207
vn -0.2091 -0.5918 0.7785
vn -0.1844 -0.6655 0.7232
vn -0.7310 -0.5420 0.4145
vn -0.7466 -0.4291 0.5084
vn -0.8413 -0.5022 0.2001
vn -0.9038 -0.3291 0.2735
vn -0.9084 -0.4112 0.0753
vn -0.9829 -0.1652 0.0817
vn -0.9855 -0.0415 -0.1647
vn -0.9627 -0.2340 -0.1358
vn -0.9231 -0.3556 0.1464
vn -0.4380 -0.3464 0.8295
vn -0.9133 -0.1365 -0.3837
vn -0.6406 -0.0544 -0.7659
vn -0.7374 -0.0389 -0.6743
vn -0.4330 0.0227 -0.9011
vn -0.3305 -0.0087 -0.9438
vn -0.1282 0.0136 -0.9917
vn -0.1561 0.0564 -0.9861
vn -0.1870 -0.6628 0.7251
vn -0.3874 -0.6291 0.6739
vn -0.6246 -0.5369 0.5671
vn -0.8281 -0.4015 0.3911
vn -0.9115 -0.3456 0.2231
vn -0.7998 -0.5184 0.3028
vn -0.7329 -0.6332 0.2487
vn -0.8398 -0.5278 0.1273
vn -0.8875 -0.4545 0.0759
vn -0.9123 -0.3741 0.1667
vn -0.9074 -0.3866 0.1646
vn -0.9250 -0.3753 0.0600
vn -0.9537 -0.2981 0.0409
vn -0.9515 -0.3073 0.0145
vn -0.8770 -0.2511 -0.4095
vn -0.9516 -0.2590 -0.1657
vn -0.9677 -0.2406 -0.0751
vn -0.9314 -0.1941 -0.3078
vn -0.7706 -0.1934 -0.6073
vn -0.8025 -0.2109 -0.5581
vn -0.5379 -0.1128 -0.8354
vn -0.5606 -0.2680 -0.7836
vn -0.2108 -0.0806 -0.9742
vn -0.2317 -0.2642 -0.9362
vn -0.6196 -0.7626 0.1859
vn -0.6494 -0.7340 -0.1990
vn -0.7730 -0.5781 0.2613
vn -0.8626 -0.5008 -0.0723
vn -0.7268 -0.6164 -0.3029
vn -0.7433 -0.6215 -0.2473
vn -0.9951 -0.0981 0.0155
vn -0.8615 -0.5060 0.0429
vn -0.8197 -0.5339 0.2076
vn -0.9860 -0.0493 0.1591
vn -0.9852 -0.0155 -0.1708
vn -0.9912 -0.1276 -0.0362
vn -0.9453 -0.2694 0.1839
vn -0.9175 -0.1065 0.3832
vn -0.8723 -0.4880 0.0293
vn -0.9023 -0.4263 -0.0646
vn -0.7928 -0.5796 0.1888
vn -0.4683 -0.7911 -0.3936
vn -0.5562 -0.5627 -0.6116
vn -0.5763 -0.6764 -0.4586
vn -0.6630 -0.3727 -0.6492
vn -0.7624 -0.5471 -0.3456
vn -0.8453 -0.4730 -0.2483
vn -0.6143 -0.7526 -0.2371
vn -0.6759 -0.7364 0.0291
vn -0.7991 -0.5913 0.1088
vn -0.8496 -0.4831 0.2116
vn -0.7722 -0.5918 0.2313
vn -0.7053 -0.6684 -0.2362
vn -0.6436 -0.7430 -0.1836
vn -0.7559 -0.5705 -0.3212
vn -0.8446 -0.4607 -0.2729
vn -0.7630 -0.3910 -0.5147
vn -0.5951 -0.4245 -0.6824
vn -0.3294 -0.5088 -0.7954
vn -0.4814 -0.7422 -0.4662
vn -0.1538 -0.8286 -0.5382
vn -0.0717 -0.5236 -0.8490
vn -0.0451 -0.0171 -0.9988
vn -0.1350 0.0299 -0.9904
vn -0.1118 -0.2115 -0.9710
vn 0.0037 -0.0076 -1.0000
vn -0.0864 0.0152 -0.9961
vn 0.0789 -0.1882 0.9790
vn 0.0980 0.0083 0.9951
vn -0.0053 -0.2495 0.9684
vn 0.1089 -0.0101 0.9940
vn -0.2422 -0.3909 0.8880
vn -0.1022 -0.0681 0.9924
vn -0.9052 -0.0819 -0.4170
vn -0.8774 0.0540 -0.4768
vn -0.6148 0.1053 -0.7817
vn -0.6621 -0.0121 -0.7493
vn -0.3049 0.0855 -0.9485
vn -0.3232 0.0204 -0.9461
vn -0.0328 -0.9909 -0.1302
vn 0.1209 -0.3223 0.9389
vn -0.5346 -0.2439 0.8092
vn -0.4121 -0.7093 0.5719
vn -0.5361 -0.3641 0.7616
vn -0.3838 -0.7016 0.6004
vn -0.6960 -0.5006 0.5147
vn -0.8030 -0.4105 0.4321
vn -0.7256 -0.6370 0.2603
vn -0.6901 -0.6617 0.2931
vn -0.8155 -0.4490 0.3652
vn -0.7130 -0.5579 0.4247
vn -0.3898 -0.7412 0.5464
vn -0.1018 -0.7804 0.6170
vn -0.3887 -0.6257 -0.6763
vn -0.3529 -0.9053 -0.2365
vn -0.6234 -0.6667 -0.4086
vn -0.6198 -0.7723 -0.1392
vn -0.0548 -0.9483 -0.3125
vn -0.1922 -0.8000 -0.5684
vn -0.0421 -0.9980 -0.0464
vn -0.1861 -0.9759 0.1138
vn -0.4551 -0.8883 0.0624
vn -0.3434 -0.8996 -0.2697
vn -0.3728 -0.9152 -0.1534
vn -0.3433 -0.9185 -0.1965
vn -0.5063 -0.6316 -0.5872
vn -0.7662 -0.5214 -0.3755
vn -0.7688 -0.6363 -0.0637
vn -0.4664 -0.8790 0.0991
vn -0.3434 -0.9333 -0.1050
vn -0.6351 -0.7672 -0.0895
vn 0.1362 -0.9574 -0.2547
vn -0.1652 -0.7266 -0.6669
vn 0.1076 -0.7686 -0.6306
vn 0.1443 -0.6041 -0.7837
vn 0.3421 -0.7239 -0.5991
vn 0.4274 -0.5976 -0.6784
vn 0.3755 -0.7854 -0.4920
vn 0.3833 -0.4378 -0.8133
vn 0.1730 -0.6617 -0.7296
vn -0.1108 -0.8114 -0.5739
vn 0.0909 -0.8568 -0.5075
vn -0.4716 -0.7139 -0.5176
vn -0.3224 -0.5838 -0.7451
vn -0.3614 -0.1310 -0.9232
vn 0.0674 -0.0935 -0.9933
vn 0.3223 -0.1554 -0.9338
vn 0.2139 0.2987 -0.9300
vn -0.2403 0.5616 -0.7917
vn -0.5914 0.3039 -0.7469
vn -0.8204 -0.1606 -0.5487
vn -0.8413 -0.5183 -0.1539
vn -0.4560 -0.8761 -0.1567
vn 0.1626 -0.9774 -0.1348
vn 0.4753 -0.7575 -0.4474
vn 0.3984 -0.5607 -0.7259
vn 0.4474 -0.2749 -0.8511
vn -0.9662 -0.2042 -0.1575
vn -0.9538 -0.1792 -0.2411
vn -0.9509 -0.2850 -0.1210
vn -0.8726 -0.3137 -0.3743
vn -0.6057 -0.5987 -0.5241
vn -0.2397 -0.6838 -0.6892
vn -0.1909 -0.8752 0.4444
vn -0.1696 -0.7553 0.6330
vn -0.3997 -0.8259 0.3977
vn -0.4475 -0.7336 0.5114
vn -0.6419 -0.7309 0.2316
vn -0.6803 -0.6725 0.2915
vn -0.7494 -0.6613 -0.0324
vn -0.7421 -0.6657 0.0786
vn -0.7063 -0.7075 0.0239
vn -0.7748 -0.6262 0.0874
vn -0.8843 -0.4664 -0.0200
vn -0.8946 -0.3286 -0.3028
vn -0.7138 -0.2326 -0.6606
vn -0.4352 -0.1588 -0.8862
vn -0.1522 -0.1442 -0.9778
vn 0.0066 -0.1389 -0.9903
vn -0.6181 -0.7805 0.0935
vn -0.7709 -0.6316 -0.0828
vn -0.4711 -0.8719 0.1338
vn -0.6921 -0.7000 -0.1763
vn -0.3065 -0.9446 0.1175
vn -0.6638 -0.7274 -0.1740
vn -0.2512 -0.9414 0.2250
vn -0.8182 -0.5366 -0.2065
vn -0.6680 -0.7375 0.0988
vn -0.8051 -0.5753 -0.1441
vn -0.5959 -0.6771 0.4317
vn -0.3054 -0.8015 0.5140
vn 0.0081 -0.8088 0.5880
vn 0.1432 -0.7569 0.6376
vn -0.5538 -0.8322 0.0289
vn -0.3517 -0.7916 0.4997
vn -0.7699 -0.4875 -0.4118
vn -0.8395 -0.3172 -0.4412
vn -0.8363 -0.4874 -0.2512
vn -0.5411 -0.7057 0.4573
vn 0.1240 -0.6624 0.7388
vn -0.3233 -0.7673 0.5538
vn -0.6737 -0.5617 0.4802
vn -0.7281 -0.5972 0.3366
vn -0.6990 -0.7127 -0.0590
vn -0.8229 -0.5207 -0.2274
vn -0.8440 -0.5020 -0.1888
vn -0.9241 -0.3656 -0.1111
vn -0.5738 -0.2552 -0.7783
vn -0.3436 -0.2105 -0.9152
vn -0.1714 -0.1476 -0.9741
vn 0.1626 0.0326 0.9862
vn 0.1152 -0.0903 0.9892
vn 0.1155 0.0668 0.9911
vn -0.1509 0.9560 0.2516
vn -0.5213 0.8456 0.1147
vn -0.4323 0.7422 0.5121
vn -0.3942 0.7915 0.4671
vn -0.3954 0.1476 -0.9066
vn -0.3714 -0.7275 -0.5770
vn -0.8149 -0.5152 -0.2655
vn -0.9091 0.0684 -0.4109
vn -0.8324 0.5457 -0.0963
vn -0.4316 0.8415 -0.3250
vn -0.2210 0.8918 0.3948
vn -0.1460 0.8517 0.5033
vn -0.7149 0.6557 0.2428
vn -0.5531 0.7682 0.3225
vn -0.2125 0.6812 0.7006
vn -0.8457 0.5331 -0.0262
vn -0.9973 0.0736 -0.0048
vn -0.8243 -0.4352 -0.3621
vn -0.8527 -0.4679 -0.2323
vn -0.7763 -0.6089 -0.1633
vn -0.2123 -0.9520 -0.2205
vn -0.7552 -0.6157 -0.2250
vn -0.2471 -0.9121 -0.3270
vn -0.2856 0.9309 0.2276
vn -0.2638 0.9082 0.3250
vn -0.7775 0.6171 0.1216
vn -0.7565 0.6255 0.1911
vn -0.9985 0.0366 -0.0415
vn -0.9985 0.0377 -0.0394
vn -0.6028 -0.7866 0.1336
vn -0.6384 -0.7559 0.1450
vn -0.6026 -0.7808 0.1652
vn -0.7058 -0.6533 0.2740
vn -0.9556 -0.1304 0.2644
vn -0.9199 -0.1185 0.3738
vn -0.7322 0.6710 0.1169
vn -0.7801 0.6256 -0.0022
vn -0.3104 -0.7909 0.5274
vn -0.2587 -0.8261 0.5007
vn -0.6360 -0.6259 0.4514
vn -0.9701 -0.0114 0.2423
vn -0.7616 0.5072 -0.4034
vn -0.0022 0.9820 -0.1889
vn 0.7834 0.6215 0.0007
vn 0.0003 0.9995 0.0318
vn 0.7317 0.6751 0.0941
vn -0.0081 0.7904 -0.6125
vn 0.7875 0.5091 -0.3474
vn 0.9209 -0.1193 0.3710
vn 0.3300 -0.7842 0.5255
vn 0.9635 -0.1298 0.2342
vn 0.2753 -0.8259 0.4921
vn 0.9507 -0.0085 0.3101
vn 0.6376 -0.6020 0.4807
vn 0.0011 -0.9842 0.1770
vn 0.0062 -0.9363 0.3510
vn 0.0119 -0.8908 0.4542
vn -0.9916 -0.1203 0.0471
vn -0.9858 -0.1383 0.0947
vn -0.7402 0.6721 -0.0195
vn -0.2693 -0.8941 0.3577
vn -0.2879 -0.8912 0.3506
vn 0.7384 0.6693 -0.0831
vn -0.0013 0.9979 -0.0654
vn 0.7389 0.6725 -0.0425
vn 0.0016 0.9991 -0.0418
vn 0.9884 -0.1378 0.0638
vn 0.2812 -0.8939 0.3491
vn 0.9927 -0.1199 0.0161
vn 0.2996 -0.8909 0.3413
vn 0.0065 -0.9239 0.3826
vn 0.0057 -0.9439 0.3301
vn -0.9631 0.2678 0.0271
vn -0.9630 0.2692 0.0139
vn -0.9799 -0.0616 0.1897
vn -0.9807 -0.0675 0.1837
vn -0.7215 -0.5896 0.3632
vn -0.7242 -0.5757 0.3797
vn 0.1561 0.9534 -0.2582
vn 0.5200 0.8310 -0.1977
vn 0.1581 0.9352 -0.3168
vn 0.5243 0.8151 -0.2464
vn 0.0050 0.9636 -0.2674
vn 0.0082 0.9437 -0.3306
vn 0.7099 -0.5881 0.3875
vn 0.9727 -0.0706 0.2210
vn 0.7132 -0.5715 0.4058
vn 0.9720 -0.0685 0.2249
vn 0.9618 0.2668 0.0607
vn 0.9610 0.2729 0.0452
vn 0.1770 -0.9014 0.3952
vn 0.1748 -0.8884 0.4245
vn -0.0068 -0.9207 0.3903
vn -0.0085 -0.8984 0.4391
vn 0.5549 0.8301 -0.0550
vn 0.7714 0.6323 -0.0718
vn 0.0138 0.9996 -0.0251
vn 0.7982 -0.4903 -0.3501
vn 0.9279 -0.2509 -0.2758
vn 0.9757 0.1357 -0.1717
vn -0.8503 -0.4817 -0.2120
vn -0.4781 -0.8052 -0.3508
vn 0.0758 -0.9005 -0.4282
vn -0.9525 0.3044 -0.0105
vn -0.9972 0.0035 -0.0742
vn -0.9911 -0.0778 0.1081
vn -0.9631 0.2242 -0.1489
vn -0.6665 -0.5892 0.4567
vn -0.0113 0.6708 -0.7416
vn 0.3801 0.6118 -0.6937
vn -0.3487 0.6164 -0.7060
vn -0.0222 0.9542 -0.2983
vn -0.2711 0.8409 -0.4685
vn 0.3288 0.8108 -0.4843
vn 0.6502 -0.5633 0.5099
vn 0.9718 -0.0812 0.2213
vn 0.9831 0.1827 -0.0136
vn 0.0088 -0.8060 0.5919
vn -0.5210 -0.7624 0.3837
vn -0.5623 -0.7056 0.4313
vn -0.4030 -0.8679 0.2905
vn -0.5494 -0.6047 0.5767
vn -0.8314 -0.5556 0.0013
vn -0.9175 -0.3739 -0.1357
vn -0.9812 -0.1632 -0.1026
vn -0.9456 -0.3003 0.1254
vn -0.9485 -0.3069 0.0786
vn -0.5854 -0.7974 -0.1467
vn -0.7867 -0.6171 0.0204
vn -0.2204 -0.9468 -0.2343
vn -0.9119 -0.2982 0.2820
vn -0.8974 -0.3762 0.2304
vn -0.2258 -0.9527 -0.2035
vn -0.7847 -0.5906 -0.1883
vn -0.9948 0.0482 -0.0892
vn -0.7944 0.6074 0.0046
vn -0.3212 0.9418 0.0991
vn 0.3713 0.3435 -0.8626
vn 0.9039 0.2230 -0.3650
vn 0.9807 0.1780 -0.0804
vn 0.9402 0.2570 -0.2238
vn 0.7788 0.4178 -0.4679
vn 0.8278 0.3313 -0.4527
vn 0.7375 0.6522 -0.1750
vn 0.8492 0.4422 -0.2888
vn 0.8738 0.4496 -0.1851
vn 0.9022 0.4288 -0.0466
vn 0.8787 0.4668 -0.0996
vn 0.9475 0.3176 -0.0359
vn 0.9830 0.1730 -0.0614
vn 0.7646 0.5486 -0.3385
vn 0.7715 0.6287 -0.0979
vn 0.8604 0.4205 -0.2880
vn 0.8081 0.5885 0.0265
vn 0.7769 0.6204 0.1075
vn 0.8265 0.5508 -0.1159
vn 0.8275 0.5553 -0.0830
vn -0.1208 0.1952 -0.9733
vn -0.0132 0.2026 -0.9792
vn -0.1105 0.0889 -0.9899
vn 0.0252 0.0183 -0.9995
vn 0.0235 0.3814 -0.9241
vn 0.0623 0.2026 -0.9773
vn 0.1711 0.1950 -0.9658
vn 0.1599 0.0885 -0.9832
vn -0.8205 0.5530 -0.1446
vn -0.8235 0.5564 -0.1107
vn -0.5173 0.8142 -0.2637
vn -0.5103 0.8323 -0.2164
vn -0.8080 0.5890 -0.0134
vn -0.4853 0.8726 -0.0562
vn -0.7808 0.6191 0.0841
vn -0.4566 0.8878 0.0580
vn -0.7675 0.6410 -0.0119
vn -0.4447 0.8755 -0.1891
vn -0.4510 0.7708 -0.4500
vn -0.7680 0.6131 -0.1852
vn -0.8373 0.5271 -0.1450
vn -0.5707 0.7140 -0.4057
vn -0.8775 0.4763 0.0565
vn -0.7017 0.7074 0.0845
vn -0.8968 0.4400 0.0462
vn -0.7529 0.6478 0.1163
vn -0.8816 0.4705 0.0386
vn -0.7523 0.6570 0.0490
vn -0.7548 0.6558 0.0127
vn -0.8823 0.4706 0.0041
vn -0.9018 0.4321 -0.0057
vn -0.7693 0.6383 -0.0275
vn -0.8745 0.4850 0.0080
vn -0.9220 0.3856 -0.0346
vn -0.8983 0.4230 -0.1191
vn -0.7647 0.6433 0.0382
vn -0.7124 0.6729 -0.1991
vn -0.8714 0.4218 -0.2505
vn -0.8577 0.4184 -0.2987
vn -0.6725 0.6844 -0.2818
vn -0.6895 0.6982 -0.1926
vn -0.8849 0.4113 -0.2185
vn -0.9084 0.4147 -0.0528
vn -0.7007 0.7135 -0.0022
vn -0.7010 0.6965 0.1534
vn -0.9035 0.4146 0.1084
vn -0.8973 0.3818 0.2216
vn -0.8668 0.3260 0.3775
vn -0.6953 0.4218 0.5820
vn -0.3844 0.5275 0.7576
vn -0.8041 -0.1351 0.5789
vn -0.5760 -0.2223 0.7866
vn -0.2045 -0.2649 0.9423
vn -0.2330 -0.8639 -0.4465
vn -0.2445 -0.7832 -0.5717
vn -0.2207 -0.6544 -0.7232
vn -0.9817 -0.1041 0.1597
vn -0.9283 -0.3217 0.1863
vn -0.8967 -0.3816 0.2244
vn -0.9174 -0.3567 0.1763
vn -0.9109 -0.4119 0.0252
vn -0.9286 -0.3631 0.0760
vn -0.9237 -0.3405 -0.1754
vn -0.9167 -0.3965 -0.0490
vn -0.9037 -0.2433 -0.3524
vn -0.9204 -0.2641 -0.2882
vn -0.8580 -0.1980 -0.4740
vn -0.8889 -0.2195 -0.4022
vn -0.8383 -0.2080 -0.5040
vn -0.7934 -0.2160 -0.5691
vn -0.3617 -0.2532 -0.8973
vn -0.1071 -0.3255 -0.9395
vn 0.1745 -0.4977 -0.8496
vn 0.0575 -0.3335 -0.9410
vn 0.2872 -0.4045 -0.8683
vn 0.2602 -0.5424 -0.7988
vn 0.5047 -0.4299 -0.7486
vn 0.3439 -0.2731 -0.8984
vn 0.5513 -0.8012 -0.2326
vn 0.5962 -0.6815 -0.4245
vn 0.5092 -0.8484 -0.1446
vn 0.4868 -0.8732 0.0221
vn 0.2625 -0.6644 0.6997
vn 0.3494 -0.7980 0.4911
vn 0.4012 -0.8309 0.3856
vn -0.1273 -0.8576 0.4984
vn 0.2453 -0.6314 0.7357
vn -0.1911 -0.8999 0.3919
vn -0.1810 -0.8872 0.4243
vn -0.9560 0.2927 0.0197
vn -0.9964 -0.0089 0.0842
vn -0.8933 -0.4143 0.1744
vn -0.5770 -0.7709 0.2698
vn -0.0443 -0.9501 0.3087
vn 0.8051 -0.5646 0.1815
vn 0.4468 -0.8532 0.2690
vn 0.9905 -0.1309 0.0432
vn 0.9879 0.1401 -0.0668
vn 0.9519 0.2569 -0.1667
vn 0.8888 0.3674 -0.2740
vn 0.0728 0.8156 -0.5740
vn 0.1109 0.8437 -0.5252
vn 0.2550 0.7920 -0.5548
vn 0.4003 0.7734 -0.4915
vn 0.0138 0.8480 -0.5299
vn 0.0194 0.8232 -0.5675
vn 0.0001 0.9984 -0.0571
vn 0.2360 0.9695 -0.0670
vn 0.5045 0.7755 -0.3796
vn -0.8413 0.5258 -0.1252
vn -0.8892 0.4554 -0.0444
vn 0.7524 0.6554 -0.0664
vn 0.3528 0.8938 0.2767
vn 0.0027 0.9351 0.3544
vn -0.7086 0.7021 0.0707
vn -0.5321 0.8064 -0.2582
vn -0.7337 0.6354 -0.2408
vn -0.4252 0.8101 -0.4037
vn -0.4168 0.7964 -0.4381
vn -0.2626 0.8225 -0.5045
vn 0.1279 0.7896 -0.6001
vn 0.0130 0.8064 -0.5912
vn 0.4211 0.7420 -0.5217
vn 0.7261 0.5652 -0.3915
vn 0.4584 0.8665 0.1975
vn 0.0176 0.9007 0.4342
vn -0.7013 0.6812 0.2100
vn -0.6580 0.7517 0.0450
vn -0.8431 0.5376 -0.0120
vn -0.6991 0.7130 -0.0540
vn 0.5864 0.7845 0.2017
vn -0.0256 0.9242 0.3810
vn -0.5291 0.8422 0.1037
vn -0.7945 0.4501 -0.4078
vn 0.8603 0.4031 -0.3122
vn -0.3249 0.9453 0.0277
vn -0.3396 0.9244 0.1738
vn -0.3246 0.9129 -0.2476
vn -0.3248 0.9321 -0.1604
vn -0.3829 0.9060 0.1806
vn -0.3543 0.9210 -0.1618
vn -0.4110 0.9000 0.1450
vn -0.3634 0.8384 0.4062
vn -0.4389 0.8940 -0.0899
vn -0.4937 0.8679 -0.0540
vn -0.5110 0.8582 0.0483
vn -0.5162 0.8564 0.0088
vn -0.3023 0.9358 0.1812
vn -0.3945 0.9150 0.0849
vn -0.2433 0.9695 -0.0292
vn -0.3062 0.8934 0.3288
vn -0.0477 0.8224 -0.5669
vn -0.0956 0.8604 -0.5006
vn -0.1137 0.8031 -0.5849
vn -0.1531 0.7496 -0.6439
vn -0.1119 0.7844 -0.6100
vn -0.1112 0.9552 -0.2744
vn -0.1264 0.9909 0.0457
vn -0.1382 0.9877 -0.0726
vn -0.1431 0.9540 -0.2634
vn -0.1433 0.9358 -0.3221
vn -0.7862 0.1836 -0.5901
vn -0.8575 -0.1095 -0.5026
vn -0.6794 -0.6251 -0.3843
vn -0.4225 0.6194 -0.6617
vn -0.6563 0.3958 -0.6424
vn -0.1137 0.7147 -0.6902
vn 0.0168 0.7458 -0.6660
vn 0.4528 0.6177 -0.6429
vn 0.1479 0.7146 -0.6837
vn 0.6845 0.3943 -0.6132
vn 0.8104 0.1861 -0.5555
vn 0.6929 -0.6268 -0.3565
vn 0.8788 -0.1114 -0.4639
vn -0.1361 -0.9515 -0.2760
vn 0.0149 -0.8451 -0.5344
vn 0.1457 -0.9405 -0.3071
vn -0.8399 -0.1411 -0.5241
vn -0.6157 0.5131 -0.5981
vn -0.2271 -0.9014 -0.3686
vn -0.0102 0.7963 -0.6048
vn 0.5955 0.5136 -0.6177
vn 0.2156 -0.9012 -0.3759
vn 0.8223 -0.1409 -0.5513
vn -0.0099 -0.8155 -0.5787
vn -0.2030 0.0561 -0.9776
vn 0.6515 0.1081 -0.7509
vn 0.9568 0.1559 0.2453
vn 0.8440 0.1705 0.5085
vn 0.9269 0.2724 -0.2581
vn 0.9738 0.2059 -0.0962
vn 0.7885 0.2699 -0.5526
vn 0.8238 0.2831 -0.4912
vn 0.8805 0.4150 -0.2292
vn 0.8583 0.3316 -0.3915
vn 0.8641 0.4891 -0.1186
vn -0.9466 -0.2712 -0.1742
vn -0.9078 -0.2608 -0.3285
vn -0.9502 -0.3022 -0.0760
vn -0.3927 -0.8902 0.2311
usemtl Sheep
s 1
f 1//1 2//2 3//3
f 3//3 2//2 4//4
f 4//4 5//5 3//3
f 3//3 5//5 6//6
f 7//7 3//3 8//8
f 8//8 3//3 6//6
f 9//9 1//1 7//7
f 7//7 1//1 3//3
f 10//10 11//11 12//12
f 12//12 11//11 13//13
f 13//13 11//11 14//14
f 14//14 11//11 15//15
f 16//16 17//17 14//14
f 14//14 17//17 13//13
f 18//18 19//19 17//17
f 17//17 19//19 13//13
f 20//20 21//21 19//19
f 19//19 21//21 13//13
f 22//22 12//12 21//21
f 21//21 12//12 13//13
f 23//23 24//24 25//25
f 25//25 24//24 26//26
f 27//27 23//23 28//28
f 28//28 23//23 25//25
f 23//23 27//27 29//29
f 29//29 27//27 30//30
f 24//24 23//23 31//31
f 31//31 23//23 29//29
f 32//32 33//33 34//34
f 34//34 33//33 35//35
f 36//36 35//35 37//37
f 37//37 35//35 33//33
f 35//35 36//36 38//38
f 38//38 36//36 39//39
f 34//34 35//35 40//40
f 40//40 35//35 38//38
f 41//41 42//42 43//43
f 43//43 42//42 44//44
f 45//45 46//46 42//42
f 42//42 46//46 44//44
f 46//46 47//47 44//44
f 44//44 47//47 48//48
f 43//43 44//44 49//49
f 49//49 44//44 48//48
f 50//50 51//51 52//52
f 52//52 51//51 53//53
f 54//54 51//51 55//55
f 55//55 51//51 50//50
f 51//51 54//54 56//56
f 56//56 54//54 57//57
f 56//56 58//58 51//51
f 51//51 58//58 53//53
f 59//59 60//60 61//61
f 61//61 60//60 62//62
f 61//61 63//63 59//59
f 59//59 63//63 64//64
f 65//65 66//66 64//64
f 64//64 66//66 59//59
f 66//66 67//67 59//59
f 59//59 67//67 60//60
f 68//68 69//69 70//70
f 70//70 69//69 71//71
f 68//68 72//72 69//69
f 69//69 72//72 73//73
f 73//73 74//74 69//69
f 69//69 74//74 75//75
f 69//69 75//75 71//71
f 71//71 75//75 76//76
f 77//77 78//78 79//79
f 79//79 78//78 80//80
f 81//81 80//80 82//82
f 82//82 80//80 78//78
f 83//83 84//84 81//81
f 81//81 84//84 80//80
f 84//84 85//85 80//80
f 80//80 85//85 79//79
f 86//86 87//87 10//10
f 10//10 87//87 11//11
f 88//88 89//89 86//86
f 86//86 89//89 87//87
f 90//90 91//91 89//89
f 89//89 91//91 87//87
f 11//11 87//87 15//15
f 15//15 87//87 91//91
f 92//92 93//93 94//94
f 94//94 93//93 8//8
f 95//95 92//92 96//96
f 96//96 92//92 94//94
f 97//97 98//98 95//95
f 95//95 98//98 92//92
f 98//98 99//99 92//92
f 92//92 99//99 93//93
f 100//100 101//101 102//102
f 102//102 101//101 103//103
f 101//101 41//41 103//103
f 103//103 41//41 104//104
f 105//105 103//103 106//106
f 106//106 103//103 104//104
f 107//107 102//102 105//105
f 105//105 102//102 103//103
f 108//108 109//109 110//110
f 110//110 109//109 111//111
f 112//112 113//113 109//109
f 109//109 113//113 111//111
f 114//114 115//115 113//113
f 113//113 115//115 111//111
f 115//115 116//116 111//111
f 111//111 116//116 117//117
f 118//118 110//110 117//117
f 117//117 110//110 111//111
f 119//119 120//120 121//121
f 121//121 120//120 122//122
f 121//121 123//123 119//119
f 119//119 123//123 124//124
f 120//120 119//119 125//125
f 125//125 119//119 124//124
f 45//45 42//42 126//126
f 126//126 42//42 127//127
f 41//41 101//101 42//42
f 42//42 101//101 127//127
f 127//127 101//101 128//128
f 128//128 101//101 100//100
f 126//126 127//127 129//129
f 129//129 127//127 128//128
f 72//72 68//68 130//130
f 130//130 68//68 131//131
f 70//70 132//132 68//68
f 68//68 132//132 131//131
f 18//18 17//17 132//132
f 132//132 17//17 131//131
f 133//133 131//131 16//16
f 16//16 131//131 17//17
f 131//131 133//133 134//134
f 134//134 133//133 135//135
f 136//136 130//130 134//134
f 134//134 130//130 131//131
f 2//2 137//137 4//4
f 4//4 137//137 138//138
f 139//139 138//138 140//140
f 140//140 138//138 137//137
f 141//141 142//142 139//139
f 139//139 142//142 138//138
f 4//4 138//138 5//5
f 5//5 138//138 142//142
f 143//143 144//144 145//145
f 145//145 144//144 146//146
f 143//143 147//147 144//144
f 144//144 147//147 148//148
f 149//149 144//144 150//150
f 150//150 144//144 148//148
f 149//149 151//151 144//144
f 144//144 151//151 146//146
f 152//152 153//153 62//62
f 62//62 153//153 61//61
f 153//153 152//152 154//154
f 154//154 152//152 155//155
f 154//154 156//156 153//153
f 153//153 156//156 157//157
f 153//153 157//157 61//61
f 61//61 157//157 63//63
f 158//158 159//159 160//160
f 160//160 159//159 161//161
f 159//159 162//162 161//161
f 161//161 162//162 163//163
f 161//161 163//163 164//164
f 164//164 163//163 165//165
f 164//164 40//40 161//161
f 161//161 40//40 160//160
f 166//166 167//167 168//168
f 168//168 167//167 169//169
f 170//170 166//166 171//171
f 171//171 166//166 168//168
f 162//162 159//159 170//170
f 170//170 159//159 166//166
f 167//167 166//166 158//158
f 158//158 166//166 159//159
f 172//172 173//173 157//157
f 157//157 173//173 63//63
f 156//156 174//174 157//157
f 157//157 174//174 172//172
f 174//174 175//175 172//172
f 172//172 175//175 176//176
f 172//172 176//176 173//173
f 173//173 176//176 177//177
f 56//56 57//57 178//178
f 178//178 57//57 179//179
f 178//178 179//179 180//180
f 180//180 179//179 181//181
f 182//182 178//178 183//183
f 183//183 178//178 180//180
f 58//58 56//56 182//182
f 182//182 56//56 178//178
f 184//184 185//185 186//186
f 186//186 185//185 187//187
f 188//188 187//187 189//189
f 189//189 187//187 185//185
f 190//190 191//191 188//188
f 188//188 191//191 187//187
f 191//191 192//192 187//187
f 187//187 192//192 186//186
f 193//193 194//194 195//195
f 195//195 194//194 196//196
f 197//197 198//198 193//193
f 193//193 198//198 194//194
f 199//199 194//194 200//200
f 200//200 194//194 198//198
f 196//196 194//194 201//201
f 201//201 194//194 199//199
f 202//202 203//203 204//204
f 204//204 203//203 205//205
f 206//206 207//207 202//202
f 202//202 207//207 203//203
f 207//207 197//197 203//203
f 203//203 197//197 193//193
f 203//203 193//193 205//205
f 205//205 193//193 195//195
f 89//89 88//88 208//208
f 208//208 88//88 209//209
f 210//210 211//211 209//209
f 209//209 211//211 208//208
f 212//212 213//213 211//211
f 211//211 213//213 208//208
f 213//213 90//90 208//208
f 208//208 90//90 89//89
f 214//214 215//215 216//216
f 216//216 215//215 217//217
f 218//218 219//219 215//215
f 215//215 219//219 217//217
f 219//219 220//220 217//217
f 217//217 220//220 221//221
f 217//217 221//221 216//216
f 216//216 221//221 222//222
f 223//223 224//224 225//225
f 225//225 224//224 135//135
f 226//226 223//223 227//227
f 227//227 223//223 225//225
f 228//228 229//229 226//226
f 226//226 229//229 223//223
f 224//224 223//223 230//230
f 230//230 223//223 229//229
f 231//231 232//232 233//233
f 233//233 232//232 234//234
f 235//235 231//231 236//236
f 236//236 231//231 233//233
f 237//237 238//238 235//235
f 235//235 238//238 231//231
f 238//238 239//239 231//231
f 231//231 239//239 232//232
f 240//240 241//241 242//242
f 242//242 241//241 243//243
f 242//242 243//243 244//244
f 244//244 243//243 245//245
f 246//246 242//242 247//247
f 247//247 242//242 244//244
f 242//242 246//246 240//240
f 240//240 246//246 248//248
f 249//249 250//250 251//251
f 251//251 250//250 252//252
f 253//253 254//254 249//249
f 249//249 254//254 250//250
f 255//255 256//256 254//254
f 254//254 256//256 250//250
f 250//250 256//256 252//252
f 252//252 256//256 257//257
f 258//258 259//259 260//260
f 260//260 259//259 261//261
f 262//262 258//258 263//263
f 263//263 258//258 260//260
f 264//264 265//265 262//262
f 262//262 265//265 258//258
f 265//265 266//266 258//258
f 258//258 266//266 259//259
f 267//267 268//268 269//269
f 269//269 268//268 270//270
f 271//271 267//267 272//272
f 272//272 267//267 269//269
f 273//273 274//274 271//271
f 271//271 274//274 267//267
f 274//274 275//275 267//267
f 267//267 275//275 268//268
f 276//276 277//277 278//278
f 278//278 277//277 279//279
f 280//280 276//276 281//281
f 281//281 276//276 278//278
f 282//282 283//283 280//280
f 280//280 283//283 276//276
f 283//283 284//284 276//276
f 276//276 284//284 277//277
f 285//285 286//286 287//287
f 287//287 286//286 288//288
f 287//287 288//288 36//36
f 36//36 288//288 39//39
f 36//36 37//37 287//287
f 287//287 37//37 289//289
f 290//290 285//285 289//289
f 289//289 285//285 287//287
f 291//291 292//292 293//293
f 293//293 292//292 294//294
f 292//292 107//107 294//294
f 294//294 107//107 105//105
f 294//294 105//105 295//295
f 295//295 105//105 106//106
f 293//293 294//294 20//20
f 20//20 294//294 295//295
f 296//296 21//21 295//295
f 295//295 21//21 20//20
f 297//297 296//296 106//106
f 106//106 296//296 295//295
f 296//296 297//297 298//298
f 298//298 297//297 299//299
f 21//21 296//296 22//22
f 22//22 296//296 298//298
f 300//300 301//301 302//302
f 302//302 301//301 303//303
f 304//304 305//305 301//301
f 301//301 305//305 303//303
f 305//305 306//306 303//303
f 303//303 306//306 307//307
f 307//307 308//308 303//303
f 303//303 308//308 302//302
f 308//308 307//307 309//309
f 309//309 307//307 310//310
f 311//311 310//310 306//306
f 306//306 310//310 307//307
f 311//311 312//312 310//310
f 310//310 312//312 313//313
f 314//314 309//309 313//313
f 313//313 309//309 310//310
f 315//315 316//316 317//317
f 317//317 316//316 318//318
f 317//317 318//318 319//319
f 319//319 318//318 320//320
f 321//321 317//317 322//322
f 322//322 317//317 319//319
f 317//317 321//321 315//315
f 315//315 321//321 323//323
f 321//321 324//324 323//323
f 323//323 324//324 325//325
f 324//324 321//321 326//326
f 326//326 321//321 322//322
f 327//327 324//324 328//328
f 328//328 324//324 326//326
f 329//329 325//325 327//327
f 327//327 325//325 324//324
f 330//330 331//331 332//332
f 332//332 331//331 333//333
f 334//334 331//331 335//335
f 335//335 331//331 330//330
f 336//336 331//331 337//337
f 337//337 331//331 334//334
f 336//336 338//338 331//331
f 331//331 338//338 333//333
f 336//336 339//339 338//338
f 338//338 339//339 340//340
f 337//337 341//341 336//336
f 336//336 341//341 339//339
f 342//342 343//343 341//341
f 341//341 343//343 339//339
f 343//343 344//344 339//339
f 339//339 344//344 340//340
f 345//345 346//346 347//347
f 347//347 346//346 348//348
f 349//349 346//346 350//350
f 350//350 346//346 345//345
f 346//346 349//349 351//351
f 351//351 349//349 352//352
f 351//351 353//353 346//346
f 346//346 353//353 348//348
f 351//351 354//354 353//353
f 353//353 354//354 355//355
f 352//352 356//356 351//351
f 351//351 356//356 354//354
f 357//357 358//358 356//356
f 356//356 358//358 354//354
f 358//358 359//359 354//354
f 354//354 359//359 355//355
f 360//360 334//334 361//361
f 361//361 334//334 335//335
f 361//361 357//357 360//360
f 360//360 357//357 362//362
f 360//360 362//362 363//363
f 363//363 362//362 364//364
f 363//363 365//365 360//360
f 360//360 365//365 366//366
f 337//337 334//334 366//366
f 366//366 334//334 360//360
f 341//341 337//337 367//367
f 367//367 337//337 366//366
f 367//367 366//366 368//368
f 368//368 366//366 365//365
f 367//367 368//368 369//369
f 369//369 368//368 370//370
f 341//341 367//367 342//342
f 342//342 367//367 369//369
f 371//371 349//349 372//372
f 372//372 349//349 350//350
f 342//342 369//369 372//372
f 372//372 369//369 371//371
f 369//369 370//370 371//371
f 371//371 370//370 373//373
f 371//371 373//373 374//374
f 374//374 373//373 375//375
f 349//349 371//371 352//352
f 352//352 371//371 374//374
f 376//376 356//356 374//374
f 374//374 356//356 352//352
f 374//374 375//375 376//376
f 376//376 375//375 377//377
f 362//362 376//376 364//364
f 364//364 376//376 377//377
f 357//357 356//356 362//362
f 362//362 356//356 376//376
f 378//378 379//379 380//380
f 380//380 379//379 381//381
f 382//382 378//378 383//383
f 383//383 378//378 380//380
f 384//384 385//385 382//382
f 382//382 385//385 378//378
f 379//379 378//378 386//386
f 386//386 378//378 385//385
f 387//387 388//388 389//389
f 389//389 388//388 390//390
f 391//391 392//392 387//387
f 387//387 392//392 388//388
f 392//392 393//393 388//388
f 388//388 393//393 394//394
f 390//390 388//388 395//395
f 395//395 388//388 394//394
f 396//396 397//397 398//398
f 398//398 397//397 399//399
f 400//400 401//401 399//399
f 399//399 401//401 398//398
f 401//401 402//402 398//398
f 398//398 402//402 403//403
f 398//398 403//403 396//396
f 396//396 403//403 404//404
f 405//405 406//406 407//407
f 407//407 406//406 408//408
f 409//409 405//405 410//410
f 410//410 405//405 407//407
f 383//383 380//380 409//409
f 409//409 380//380 405//405
f 380//380 381//381 405//405
f 405//405 381//381 406//406
f 411//411 412//412 413//413
f 413//413 412//412 414//414
f 415//415 416//416 414//414
f 414//414 416//416 413//413
f 417//417 413//413 418//418
f 418//418 413//413 416//416
f 419//419 411//411 417//417
f 417//417 411//411 413//413
f 420//420 421//421 422//422
f 422//422 421//421 423//423
f 422//422 423//423 424//424
f 424//424 423//423 425//425
f 422//422 424//424 426//426
f 426//426 424//424 427//427
f 422//422 426//426 420//420
f 420//420 426//426 428//428
f 429//429 430//430 431//431
f 431//431 430//430 432//432
f 431//431 433//433 429//429
f 429//429 433//433 434//434
f 435//435 436//436 434//434
f 434//434 436//436 429//429
f 436//436 437//437 429//429
f 429//429 437//437 430//430
f 438//438 439//439 440//440
f 440//440 439//439 441//441
f 442//442 443//443 439//439
f 439//439 443//443 441//441
f 443//443 415//415 441//441
f 441//441 415//415 414//414
f 441//441 414//414 440//440
f 440//440 414//414 412//412
f 444//444 445//445 446//446
f 446//446 445//445 447//447
f 448//448 444//444 449//449
f 449//449 444//444 446//446
f 450//450 451//451 448//448
f 448//448 451//451 444//444
f 451//451 452//452 444//444
f 444//444 452//452 445//445
f 453//453 454//454 455//455
f 455//455 454//454 456//456
f 457//457 458//458 453//453
f 453//453 458//458 454//454
f 459//459 460//460 458//458
f 458//458 460//460 454//454
f 454//454 460//460 456//456
f 456//456 460//460 461//461
f 462//462 463//463 464//464
f 464//464 463//463 465//465
f 466//466 467//467 462//462
f 462//462 467//467 463//463
f 468//468 469//469 467//467
f 467//467 469//469 463//463
f 469//469 470//470 463//463
f 463//463 470//470 465//465
f 471//471 472//472 473//473
f 473//473 472//472 474//474
f 475//475 471//471 476//476
f 476//476 471//471 473//473
f 449//449 446//446 475//475
f 475//475 446//446 471//471
f 446//446 447//447 471//471
f 471//471 447//447 472//472
f 53//53 58//58 477//477
f 477//477 58//58 478//478
f 477//477 478//478 285//285
f 285//285 478//478 286//286
f 479//479 477//477 290//290
f 290//290 477//477 285//285
f 52//52 53//53 479//479
f 479//479 53//53 477//477
f 106//106 104//104 297//297
f 297//297 104//104 480//480
f 41//41 43//43 104//104
f 104//104 43//43 480//480
f 480//480 43//43 481//481
f 481//481 43//43 49//49
f 481//481 299//299 480//480
f 480//480 299//299 297//297
f 482//482 483//483 484//484
f 484//484 483//483 63//63
f 482//482 484//484 1//1
f 1//1 484//484 2//2
f 483//483 482//482 9//9
f 9//9 482//482 1//1
f 484//484 485//485 2//2
f 2//2 485//485 137//137
f 63//63 173//173 484//484
f 484//484 173//173 485//485
f 173//173 177//177 485//485
f 485//485 177//177 486//486
f 485//485 486//486 137//137
f 137//137 486//486 140//140
f 75//75 487//487 76//76
f 76//76 487//487 488//488
f 74//74 489//489 75//75
f 75//75 489//489 487//487
f 489//489 169//169 487//487
f 487//487 169//169 167//167
f 487//487 167//167 488//488
f 488//488 167//167 158//158
f 158//158 160//160 488//488
f 488//488 160//160 490//490
f 490//490 160//160 38//38
f 38//38 160//160 40//40
f 38//38 39//39 490//490
f 490//490 39//39 491//491
f 490//490 491//491 492//492
f 492//492 491//491 291//291
f 76//76 488//488 492//492
f 492//492 488//488 490//490
f 291//291 491//491 292//292
f 292//292 491//491 493//493
f 491//491 39//39 493//493
f 493//493 39//39 288//288
f 493//493 288//288 494//494
f 494//494 288//288 286//286
f 292//292 493//493 107//107
f 107//107 493//493 494//494
f 205//205 195//195 495//495
f 495//495 195//195 496//496
f 100//100 102//102 496//496
f 496//496 102//102 495//495
f 495//495 102//102 494//494
f 494//494 102//102 107//107
f 286//286 497//497 494//494
f 494//494 497//497 495//495
f 495//495 497//497 205//205
f 205//205 497//497 204//204
f 128//128 100//100 498//498
f 498//498 100//100 496//496
f 195//195 196//196 496//496
f 496//496 196//196 498//498
f 499//499 498//498 201//201
f 201//201 498//498 196//196
f 129//129 128//128 499//499
f 499//499 128//128 498//498
f 500//500 501//501 502//502
f 502//502 501//501 125//125
f 502//502 184//184 500//500
f 500//500 184//184 186//186
f 501//501 500//500 192//192
f 192//192 500//500 186//186
f 28//28 503//503 27//27
f 27//27 503//503 504//504
f 504//504 503//503 501//501
f 501//501 503//503 125//125
f 192//192 505//505 501//501
f 501//501 505//505 504//504
f 506//506 507//507 505//505
f 505//505 507//507 504//504
f 27//27 504//504 30//30
f 30//30 504//504 507//507
f 70//70 71//71 132//132
f 132//132 71//71 508//508
f 76//76 492//492 71//71
f 71//71 492//492 508//508
f 291//291 293//293 492//492
f 492//492 293//293 508//508
f 20//20 19//19 293//293
f 293//293 19//19 508//508
f 18//18 132//132 19//19
f 19//19 132//132 508//508
f 188//188 189//189 509//509
f 509//509 189//189 510//510
f 511//511 512//512 510//510
f 510//510 512//512 509//509
f 512//512 513//513 509//509
f 509//509 513//513 514//514
f 188//188 509//509 190//190
f 190//190 509//509 514//514
f 515//515 516//516 181//181
f 181//181 516//516 180//180
f 397//397 396//396 515//515
f 515//515 396//396 516//516
f 396//396 404//404 516//516
f 516//516 404//404 517//517
f 516//516 517//517 180//180
f 180//180 517//517 183//183
f 518//518 519//519 206//206
f 206//206 519//519 207//207
f 406//406 519//519 408//408
f 408//408 519//519 518//518
f 381//381 520//520 406//406
f 406//406 520//520 519//519
f 520//520 197//197 519//519
f 519//519 197//197 207//207
f 521//521 198//198 520//520
f 520//520 198//198 197//197
f 379//379 521//521 381//381
f 381//381 521//521 520//520
f 386//386 522//522 379//379
f 379//379 522//522 521//521
f 522//522 200//200 521//521
f 521//521 200//200 198//198
f 523//523 434//434 524//524
f 524//524 434//434 433//433
f 525//525 523//523 526//526
f 526//526 523//523 524//524
f 523//523 525//525 527//527
f 527//527 525//525 528//528
f 434//434 523//523 435//435
f 435//435 523//523 527//527
f 425//425 529//529 424//424
f 424//424 529//529 530//530
f 529//529 531//531 530//530
f 530//530 531//531 532//532
f 530//530 532//532 533//533
f 533//533 532//532 534//534
f 424//424 530//530 427//427
f 427//427 530//530 533//533
f 416//416 415//415 535//535
f 535//535 415//415 536//536
f 535//535 536//536 537//537
f 537//537 536//536 538//538
f 537//537 539//539 535//535
f 535//535 539//539 540//540
f 535//535 540//540 416//416
f 416//416 540//540 418//418
f 541//541 542//542 442//442
f 442//442 542//542 443//443
f 543//543 544//544 541//541
f 541//541 544//544 542//542
f 544//544 538//538 542//542
f 542//542 538//538 536//536
f 415//415 443//443 536//536
f 536//536 443//443 542//542
f 545//545 546//546 210//210
f 210//210 546//546 211//211
f 547//547 548//548 545//545
f 545//545 548//548 546//546
f 546//546 548//548 549//549
f 549//549 548//548 550//550
f 549//549 212//212 546//546
f 546//546 212//212 211//211
f 551//551 552//552 553//553
f 553//553 552//552 554//554
f 553//553 228//228 551//551
f 551//551 228//228 226//226
f 551//551 226//226 555//555
f 555//555 226//226 227//227
f 552//552 551//551 556//556
f 556//556 551//551 555//555
f 241//241 557//557 243//243
f 243//243 557//557 558//558
f 557//557 559//559 558//558
f 558//558 559//559 560//560
f 561//561 562//562 560//560
f 560//560 562//562 558//558
f 243//243 558//558 245//245
f 245//245 558//558 562//562
f 269//269 270//270 563//563
f 563//563 270//270 564//564
f 563//563 564//564 565//565
f 565//565 564//564 566//566
f 567//567 563//563 568//568
f 568//568 563//563 565//565
f 272//272 269//269 567//567
f 567//567 269//269 563//563
f 569//569 570//570 571//571
f 571//571 570//570 572//572
f 573//573 574//574 570//570
f 570//570 574//574 572//572
f 574//574 575//575 572//572
f 572//572 575//575 576//576
f 272//272 577//577 576//576
f 576//576 577//577 572//572
f 571//571 572//572 578//578
f 578//578 572//572 577//577
f 547//547 579//579 548//548
f 548//548 579//579 580//580
f 579//579 581//581 580//580
f 580//580 581//581 582//582
f 583//583 580//580 584//584
f 584//584 580//580 582//582
f 580//580 583//583 548//548
f 548//548 583//583 550//550
f 585//585 586//586 587//587
f 587//587 586//586 588//588
f 589//589 590//590 586//586
f 586//586 590//590 588//588
f 588//588 590//590 591//591
f 591//591 590//590 592//592
f 593//593 594//594 591//591
f 591//591 594//594 588//588
f 588//588 594//594 587//587
f 587//587 594//594 595//595
f 596//596 597//597 598//598
f 598//598 597//597 599//599
f 600//600 599//599 601//601
f 601//601 599//599 597//597
f 599//599 600//600 602//602
f 602//602 600//600 603//603
f 598//598 599//599 604//604
f 604//604 599//599 602//602
f 605//605 606//606 566//566
f 566//566 606//606 565//565
f 606//606 605//605 607//607
f 607//607 605//605 608//608
f 607//607 609//609 606//606
f 606//606 609//609 610//610
f 568//568 565//565 610//610
f 610//610 565//565 606//606
f 611//611 612//612 613//613
f 613//613 612//612 614//614
f 613//613 614//614 615//615
f 615//615 614//614 616//616
f 613//613 615//615 611//611
f 611//611 615//615 617//617
f 618//618 619//619 5//5
f 5//5 619//619 6//6
f 620//620 619//619 621//621
f 621//621 619//619 618//618
f 96//96 94//94 620//620
f 620//620 94//94 619//619
f 94//94 8//8 619//619
f 619//619 8//8 6//6
f 234//234 622//622 233//233
f 233//233 622//622 623//623
f 246//246 623//623 248//248
f 248//248 623//623 622//622
f 623//623 246//246 624//624
f 624//624 246//246 247//247
f 233//233 623//623 236//236
f 236//236 623//623 624//624
f 260//260 261//261 625//625
f 625//625 261//261 626//626
f 625//625 626//626 274//274
f 274//274 626//626 275//275
f 627//627 625//625 273//273
f 273//273 625//625 274//274
f 263//263 260//260 627//627
f 627//627 260//260 625//625
f 628//628 629//629 214//214
f 214//214 629//629 215//215
f 630//630 631//631 628//628
f 628//628 631//631 629//629
f 631//631 632//632 629//629
f 629//629 632//632 633//633
f 633//633 218//218 629//629
f 629//629 218//218 215//215
f 612//612 634//634 614//614
f 614//614 634//634 635//635
f 634//634 636//636 635//635
f 635//635 636//636 637//637
f 635//635 637//637 638//638
f 638//638 637//637 639//639
f 614//614 635//635 616//616
f 616//616 635//635 638//638
f 640//640 641//641 283//283
f 283//283 641//641 284//284
f 283//283 282//282 640//640
f 640//640 282//282 642//642
f 640//640 642//642 607//607
f 607//607 642//642 609//609
f 641//641 640//640 608//608
f 608//608 640//640 607//607
f 256//256 643//643 257//257
f 257//257 643//643 644//644
f 645//645 643//643 255//255
f 255//255 643//643 256//256
f 643//643 645//645 646//646
f 646//646 645//645 647//647
f 643//643 646//646 644//644
f 644//644 646//646 648//648
f 84//84 649//649 85//85
f 85//85 649//649 650//650
f 649//649 84//84 651//651
f 651//651 84//84 83//83
f 652//652 649//649 653//653
f 653//653 649//649 651//651
f 654//654 650//650 652//652
f 652//652 650//650 649//649
f 655//655 550//550 656//656
f 656//656 550//550 583//583
f 657//657 656//656 584//584
f 584//584 656//656 583//583
f 658//658 659//659 657//657
f 657//657 659//659 656//656
f 556//556 655//655 659//659
f 659//659 655//655 656//656
f 660//660 661//661 549//549
f 549//549 661//661 212//212
f 655//655 660//660 550//550
f 550//550 660//660 549//549
f 556//556 555//555 655//655
f 655//655 555//555 660//660
f 555//555 227//227 660//660
f 660//660 227//227 661//661
f 90//90 213//213 662//662
f 662//662 213//213 663//663
f 212//212 661//661 213//213
f 213//213 661//661 663//663
f 663//663 661//661 225//225
f 225//225 661//661 227//227
f 663//663 225//225 662//662
f 662//662 225//225 135//135
f 14//14 15//15 664//664
f 664//664 15//15 91//91
f 662//662 664//664 90//90
f 90//90 664//664 91//91
f 664//664 662//662 133//133
f 133//133 662//662 135//135
f 14//14 664//664 16//16
f 16//16 664//664 133//133
f 665//665 552//552 666//666
f 666//666 552//552 556//556
f 667//667 665//665 668//668
f 668//668 665//665 666//666
f 669//669 665//665 670//670
f 670//670 665//665 667//667
f 552//552 665//665 554//554
f 554//554 665//665 669//669
f 671//671 672//672 658//658
f 658//658 672//672 659//659
f 673//673 674//674 671//671
f 671//671 674//674 672//672
f 668//668 666//666 674//674
f 674//674 666//666 672//672
f 672//672 666//666 659//659
f 659//659 666//666 556//556
f 675//675 654//654 676//676
f 676//676 654//654 677//677
f 678//678 676//676 679//679
f 679//679 676//676 677//677
f 671//671 676//676 673//673
f 673//673 676//676 678//678
f 676//676 671//671 675//675
f 675//675 671//671 658//658
f 680//680 667//667 681//681
f 681//681 667//667 668//668
f 681//681 682//682 680//680
f 680//680 682//682 683//683
f 683//683 684//684 680//680
f 680//680 684//684 685//685
f 680//680 685//685 667//667
f 667//667 685//685 670//670
f 686//686 674//674 687//687
f 687//687 674//674 673//673
f 686//686 687//687 688//688
f 688//688 687//687 689//689
f 686//686 688//688 681//681
f 681//681 688//688 682//682
f 681//681 668//668 686//686
f 686//686 668//668 674//674
f 679//679 690//690 678//678
f 678//678 690//690 691//691
f 691//691 690//690 692//692
f 692//692 690//690 693//693
f 687//687 691//691 689//689
f 689//689 691//691 692//692
f 673//673 678//678 687//687
f 687//687 678//678 691//691
f 694//694 695//695 696//696
f 696//696 695//695 697//697
f 698//698 699//699 694//694
f 694//694 699//699 695//695
f 699//699 693//693 695//695
f 695//695 693//693 690//690
f 697//697 695//695 679//679
f 679//679 695//695 690//690
f 700//700 701//701 693//693
f 693//693 701//701 692//692
f 590//590 701//701 592//592
f 592//592 701//701 700//700
f 590//590 589//589 701//701
f 701//701 589//589 702//702
f 702//702 689//689 701//701
f 701//701 689//689 692//692
f 702//702 703//703 689//689
f 689//689 703//703 688//688
f 586//586 703//703 589//589
f 589//589 703//703 702//702
f 586//586 585//585 703//703
f 703//703 585//585 704//704
f 703//703 704//704 688//688
f 688//688 704//704 682//682
f 704//704 705//705 682//682
f 682//682 705//705 683//683
f 587//587 705//705 585//585
f 585//585 705//705 704//704
f 587//587 595//595 705//705
f 705//705 595//595 706//706
f 683//683 705//705 684//684
f 684//684 705//705 706//706
f 699//699 698//698 707//707
f 707//707 698//698 708//708
f 708//708 593//593 707//707
f 707//707 593//593 591//591
f 591//591 592//592 707//707
f 707//707 592//592 700//700
f 707//707 700//700 699//699
f 699//699 700//700 693//693
f 709//709 710//710 553//553
f 553//553 710//710 228//228
f 553//553 554//554 709//709
f 709//709 554//554 711//711
f 559//559 557//557 711//711
f 711//711 557//557 709//709
f 557//557 241//241 709//709
f 709//709 241//241 710//710
f 710//710 241//241 712//712
f 712//712 241//241 240//240
f 712//712 240//240 713//713
f 713//713 240//240 248//248
f 713//713 230//230 712//712
f 712//712 230//230 229//229
f 228//228 710//710 229//229
f 229//229 710//710 712//712
f 714//714 170//170 715//715
f 715//715 170//170 171//171
f 302//302 714//714 300//300
f 300//300 714//714 715//715
f 308//308 716//716 302//302
f 302//302 716//716 714//714
f 716//716 162//162 714//714
f 714//714 162//162 170//170
f 717//717 163//163 716//716
f 716//716 163//163 162//162
f 308//308 309//309 716//716
f 716//716 309//309 717//717
f 718//718 717//717 314//314
f 314//314 717//717 309//309
f 718//718 165//165 717//717
f 717//717 165//165 163//163
f 154//154 155//155 719//719
f 719//719 155//155 720//720
f 316//316 315//315 720//720
f 720//720 315//315 719//719
f 315//315 323//323 719//719
f 719//719 323//323 721//721
f 719//719 721//721 154//154
f 154//154 721//721 156//156
f 721//721 722//722 156//156
f 156//156 722//722 174//174
f 323//323 325//325 721//721
f 721//721 325//325 722//722
f 325//325 329//329 722//722
f 722//722 329//329 723//723
f 722//722 723//723 174//174
f 174//174 723//723 175//175
f 724//724 725//725 304//304
f 304//304 725//725 305//305
f 332//332 333//333 724//724
f 724//724 333//333 725//725
f 338//338 726//726 333//333
f 333//333 726//726 725//725
f 725//725 726//726 305//305
f 305//305 726//726 306//306
f 311//311 306//306 727//727
f 727//727 306//306 726//726
f 338//338 340//340 726//726
f 726//726 340//340 727//727
f 340//340 344//344 727//727
f 727//727 344//344 728//728
f 727//727 728//728 311//311
f 311//311 728//728 312//312
f 729//729 730//730 320//320
f 320//320 730//730 319//319
f 347//347 348//348 729//729
f 729//729 348//348 730//730
f 353//353 731//731 348//348
f 348//348 731//731 730//730
f 730//730 731//731 319//319
f 319//319 731//731 322//322
f 326//326 322//322 732//732
f 732//732 322//322 731//731
f 353//353 355//355 731//731
f 731//731 355//355 732//732
f 359//359 733//733 355//355
f 355//355 733//733 732//732
f 326//326 732//732 328//328
f 328//328 732//732 733//733
f 281//281 734//734 280//280
f 280//280 734//734 735//735
f 735//735 734//734 736//736
f 736//736 734//734 737//737
f 738//738 735//735 739//739
f 739//739 735//735 736//736
f 738//738 282//282 735//735
f 735//735 282//282 280//280
f 740//740 642//642 738//738
f 738//738 642//642 282//282
f 740//740 738//738 741//741
f 741//741 738//738 739//739
f 741//741 742//742 740//740
f 740//740 742//742 743//743
f 743//743 609//609 740//740
f 740//740 609//609 642//642
f 744//744 568//568 745//745
f 745//745 568//568 610//610
f 609//609 743//743 610//610
f 610//610 743//743 745//745
f 742//742 746//746 743//743
f 743//743 746//746 745//745
f 746//746 747//747 745//745
f 745//745 747//747 744//744
f 748//748 631//631 749//749
f 749//749 631//631 630//630
f 749//749 273//273 748//748
f 748//748 273//273 271//271
f 748//748 271//271 576//576
f 576//576 271//271 272//272
f 576//576 575//575 748//748
f 748//748 575//575 750//750
f 748//748 750//750 631//631
f 631//631 750//750 632//632
f 751//751 263//263 752//752
f 752//752 263//263 627//627
f 752//752 627//627 749//749
f 749//749 627//627 273//273
f 753//753 752//752 630//630
f 630//630 752//752 749//749
f 754//754 751//751 753//753
f 753//753 751//751 752//752
f 755//755 262//262 751//751
f 751//751 262//262 263//263
f 756//756 755//755 754//754
f 754//754 755//755 751//751
f 757//757 758//758 756//756
f 756//756 758//758 755//755
f 758//758 264//264 755//755
f 755//755 264//264 262//262
f 759//759 254//254 760//760
f 760//760 254//254 253//253
f 277//277 759//759 279//279
f 279//279 759//759 760//760
f 759//759 277//277 761//761
f 761//761 277//277 284//284
f 761//761 255//255 759//759
f 759//759 255//255 254//254
f 255//255 761//761 645//645
f 645//645 761//761 762//762
f 761//761 284//284 762//762
f 762//762 284//284 641//641
f 762//762 641//641 763//763
f 763//763 641//641 608//608
f 645//645 762//762 647//647
f 647//647 762//762 763//763
f 764//764 765//765 766//766
f 766//766 765//765 767//767
f 768//768 769//769 764//764
f 764//764 769//769 765//765
f 647//647 763//763 769//769
f 769//769 763//763 765//765
f 605//605 765//765 608//608
f 608//608 765//765 763//763
f 566//566 767//767 605//605
f 605//605 767//767 765//765
f 770//770 771//771 772//772
f 772//772 771//771 773//773
f 772//772 766//766 770//770
f 770//770 766//766 767//767
f 564//564 770//770 566//566
f 566//566 770//770 767//767
f 270//270 771//771 564//564
f 564//564 771//771 770//770
f 771//771 774//774 773//773
f 773//773 774//774 775//775
f 268//268 774//774 270//270
f 270//270 774//774 771//771
f 275//275 776//776 268//268
f 268//268 776//776 774//774
f 776//776 777//777 774//774
f 774//774 777//777 775//775
f 778//778 779//779 780//780
f 780//780 779//779 781//781
f 780//780 781//781 776//776
f 776//776 781//781 777//777
f 626//626 780//780 275//275
f 275//275 780//780 776//776
f 261//261 778//778 626//626
f 626//626 778//778 780//780
f 782//782 783//783 778//778
f 778//778 783//783 779//779
f 259//259 782//782 261//261
f 261//261 782//782 778//778
f 266//266 784//784 259//259
f 259//259 784//784 782//782
f 784//784 785//785 782//782
f 782//782 785//785 783//783
f 786//786 561//561 787//787
f 787//787 561//561 560//560
f 787//787 560//560 788//788
f 788//788 560//560 559//559
f 596//596 598//598 788//788
f 788//788 598//598 787//787
f 787//787 598//598 789//789
f 789//789 598//598 604//604
f 790//790 791//791 789//789
f 789//789 791//791 787//787
f 792//792 793//793 791//791
f 791//791 793//793 787//787
f 794//794 786//786 793//793
f 793//793 786//786 787//787
f 601//601 597//597 795//795
f 795//795 597//597 796//796
f 596//596 788//788 597//597
f 597//597 788//788 796//796
f 559//559 711//711 788//788
f 788//788 711//711 796//796
f 554//554 669//669 711//711
f 711//711 669//669 796//796
f 796//796 669//669 797//797
f 797//797 669//669 670//670
f 796//796 797//797 798//798
f 798//798 797//797 799//799
f 796//796 798//798 697//697
f 697//697 798//798 696//696
f 679//679 677//677 697//697
f 697//697 677//677 796//796
f 796//796 677//677 652//652
f 652//652 677//677 654//654
f 796//796 652//652 795//795
f 795//795 652//652 653//653
f 768//768 764//764 800//800
f 800//800 764//764 801//801
f 802//802 801//801 766//766
f 766//766 801//801 764//764
f 801//801 802//802 786//786
f 786//786 802//802 561//561
f 800//800 801//801 794//794
f 794//794 801//801 786//786
f 803//803 804//804 805//805
f 805//805 804//804 806//806
f 807//807 803//803 808//808
f 808//808 803//803 805//805
f 809//809 810//810 807//807
f 807//807 810//810 803//803
f 803//803 810//810 804//804
f 804//804 810//810 603//603
f 811//811 794//794 812//812
f 812//812 794//794 793//793
f 792//792 813//813 793//793
f 793//793 813//813 812//812
f 808//808 805//805 813//813
f 813//813 805//805 812//812
f 805//805 806//806 812//812
f 812//812 806//806 811//811
f 602//602 603//603 814//814
f 814//814 603//603 810//810
f 810//810 809//809 814//814
f 814//814 809//809 815//815
f 814//814 815//815 789//789
f 789//789 815//815 790//790
f 602//602 814//814 604//604
f 604//604 814//814 789//789
f 816//816 817//817 818//818
f 818//818 817//817 819//819
f 820//820 817//817 821//821
f 821//821 817//817 816//816
f 817//817 820//820 634//634
f 634//634 820//820 636//636
f 634//634 612//612 817//817
f 817//817 612//612 819//819
f 818//818 819//819 822//822
f 822//822 819//819 823//823
f 612//612 611//611 819//819
f 819//819 611//611 823//823
f 823//823 611//611 824//824
f 824//824 611//611 617//617
f 822//822 823//823 825//825
f 825//825 823//823 824//824
f 826//826 827//827 828//828
f 828//828 827//827 829//829
f 830//830 831//831 829//829
f 829//829 831//831 828//828
f 828//828 831//831 832//832
f 832//832 831//831 569//569
f 832//832 833//833 828//828
f 828//828 833//833 826//826
f 834//834 835//835 218//218
f 218//218 835//835 219//219
f 835//835 834//834 836//836
f 836//836 834//834 837//837
f 835//835 836//836 838//838
f 838//838 836//836 839//839
f 219//219 835//835 220//220
f 220//220 835//835 838//838
f 633//633 632//632 840//840
f 840//840 632//632 841//841
f 834//834 840//840 837//837
f 837//837 840//840 841//841
f 840//840 834//834 633//633
f 633//633 834//834 218//218
f 578//578 577//577 842//842
f 842//842 577//577 843//843
f 843//843 577//577 567//567
f 567//567 577//577 272//272
f 843//843 567//567 744//744
f 744//744 567//567 568//568
f 844//844 843//843 747//747
f 747//747 843//843 744//744
f 843//843 844//844 842//842
f 842//842 844//844 845//845
f 846//846 847//847 832//832
f 832//832 847//847 833//833
f 832//832 569//569 846//846
f 846//846 569//569 571//571
f 578//578 842//842 571//571
f 571//571 842//842 846//846
f 847//847 846//846 845//845
f 845//845 846//846 842//842
f 831//831 848//848 569//569
f 569//569 848//848 570//570
f 830//830 849//849 831//831
f 831//831 849//849 848//848
f 848//848 849//849 850//850
f 850//850 849//849 851//851
f 850//850 573//573 848//848
f 848//848 573//573 570//570
f 852//852 600//600 853//853
f 853//853 600//600 601//601
f 852//852 853//853 854//854
f 854//854 853//853 855//855
f 600//600 852//852 603//603
f 603//603 852//852 854//854
f 648//648 856//856 857//857
f 857//857 856//856 858//858
f 856//856 859//859 858//858
f 858//858 859//859 860//860
f 860//860 601//601 858//858
f 858//858 601//601 795//795
f 857//857 858//858 653//653
f 653//653 858//858 795//795
f 651//651 83//83 861//861
f 861//861 83//83 862//862
f 257//257 644//644 862//862
f 862//862 644//644 861//861
f 644//644 648//648 861//861
f 861//861 648//648 857//857
f 861//861 857//857 651//651
f 651//651 857//857 653//653
f 81//81 82//82 863//863
f 863//863 82//82 864//864
f 251//251 252//252 864//864
f 864//864 252//252 863//863
f 252//252 257//257 863//863
f 863//863 257//257 862//862
f 83//83 81//81 862//862
f 862//862 81//81 863//863
f 865//865 866//866 867//867
f 867//867 866//866 868//868
f 865//865 869//869 866//866
f 866//866 869//869 870//870
f 870//870 871//871 866//866
f 866//866 871//871 872//872
f 868//868 866//866 873//873
f 873//873 866//866 872//872
f 813//813 874//874 808//808
f 808//808 874//874 875//875
f 876//876 874//874 792//792
f 792//792 874//874 813//813
f 869//869 865//865 876//876
f 876//876 865//865 874//874
f 875//875 874//874 867//867
f 867//867 874//874 865//865
f 877//877 871//871 878//878
f 878//878 871//871 870//870
f 876//876 878//878 869//869
f 869//869 878//878 870//870
f 876//876 792//792 878//878
f 878//878 792//792 791//791
f 790//790 877//877 791//791
f 791//791 877//877 878//878
f 879//879 873//873 880//880
f 880//880 873//873 872//872
f 871//871 877//877 872//872
f 872//872 877//877 880//880
f 815//815 880//880 790//790
f 790//790 880//880 877//877
f 809//809 879//879 815//815
f 815//815 879//879 880//880
f 881//881 807//807 875//875
f 875//875 807//807 808//808
f 875//875 867//867 881//881
f 881//881 867//867 868//868
f 879//879 881//881 873//873
f 873//873 881//881 868//868
f 807//807 881//881 809//809
f 809//809 881//881 879//879
f 685//685 882//882 670//670
f 670//670 882//882 797//797
f 882//882 685//685 883//883
f 883//883 685//685 684//684
f 884//884 882//882 885//885
f 885//885 882//882 883//883
f 882//882 884//884 797//797
f 797//797 884//884 799//799
f 883//883 886//886 885//885
f 885//885 886//886 887//887
f 684//684 706//706 883//883
f 883//883 706//706 886//886
f 594//594 886//886 595//595
f 595//595 886//886 706//706
f 886//886 594//594 887//887
f 887//887 594//594 593//593
f 888//888 889//889 890//890
f 890//890 889//889 891//891
f 892//892 893//893 889//889
f 889//889 893//893 891//891
f 893//893 894//894 891//891
f 891//891 894//894 895//895
f 896//896 897//897 895//895
f 895//895 897//897 891//891
f 897//897 898//898 891//891
f 891//891 898//898 890//890
f 899//899 694//694 900//900
f 900//900 694//694 696//696
f 900//900 888//888 899//899
f 899//899 888//888 890//890
f 901//901 899//899 898//898
f 898//898 899//899 890//890
f 901//901 698//698 899//899
f 899//899 698//698 694//694
f 902//902 903//903 799//799
f 799//799 903//903 798//798
f 892//892 889//889 902//902
f 902//902 889//889 903//903
f 888//888 900//900 889//889
f 889//889 900//900 903//903
f 798//798 903//903 696//696
f 696//696 903//903 900//900
f 904//904 884//884 905//905
f 905//905 884//884 885//885
f 905//905 894//894 904//904
f 904//904 894//894 893//893
f 902//902 904//904 892//892
f 892//892 904//904 893//893
f 904//904 902//902 884//884
f 884//884 902//902 799//799
f 906//906 887//887 907//907
f 907//907 887//887 593//593
f 895//895 906//906 896//896
f 896//896 906//906 907//907
f 906//906 895//895 905//905
f 905//905 895//895 894//894
f 887//887 906//906 885//885
f 885//885 906//906 905//905
f 698//698 901//901 708//708
f 708//708 901//901 908//908
f 898//898 897//897 901//901
f 901//901 897//897 908//908
f 897//897 896//896 908//908
f 908//908 896//896 907//907
f 908//908 907//907 708//708
f 708//708 907//907 593//593
f 244//244 245//245 909//909
f 909//909 245//245 910//910
f 773//773 775//775 910//910
f 910//910 775//775 909//909
f 775//775 777//777 909//909
f 909//909 777//777 911//911
f 909//909 911//911 244//244
f 244//244 911//911 247//247
f 912//912 236//236 913//913
f 913//913 236//236 624//624
f 913//913 624//624 911//911
f 911//911 624//624 247//247
f 911//911 777//777 913//913
f 913//913 777//777 781//781
f 779//779 912//912 781//781
f 781//781 912//912 913//913
f 914//914 235//235 912//912
f 912//912 235//235 236//236
f 783//783 914//914 779//779
f 779//779 914//914 912//912
f 785//785 915//915 783//783
f 783//783 915//915 914//914
f 915//915 237//237 914//914
f 914//914 237//237 235//235
f 916//916 917//917 737//737
f 737//737 917//917 736//736
f 918//918 919//919 916//916
f 916//916 919//919 917//917
f 919//919 920//920 917//917
f 917//917 920//920 921//921
f 917//917 921//921 736//736
f 736//736 921//921 739//739
f 741//741 739//739 922//922
f 922//922 739//739 921//921
f 920//920 923//923 921//921
f 921//921 923//923 922//922
f 923//923 924//924 922//922
f 922//922 924//924 925//925
f 922//922 925//925 741//741
f 741//741 925//925 742//742
f 747//747 746//746 926//926
f 926//926 746//746 927//927
f 925//925 927//927 742//742
f 742//742 927//927 746//746
f 924//924 928//928 925//925
f 925//925 928//928 927//927
f 639//639 637//637 928//928
f 928//928 637//637 927//927
f 927//927 637//637 926//926
f 926//926 637//637 636//636
f 844//844 929//929 845//845
f 845//845 929//929 930//930
f 929//929 844//844 926//926
f 926//926 844//844 747//747
f 820//820 929//929 636//636
f 636//636 929//929 926//926
f 821//821 930//930 820//820
f 820//820 930//930 929//929
f 931//931 816//816 932//932
f 932//932 816//816 818//818
f 932//932 833//833 931//931
f 931//931 833//833 847//847
f 845//845 930//930 847//847
f 847//847 930//930 931//931
f 816//816 931//931 821//821
f 821//821 931//931 930//930
f 933//933 822//822 934//934
f 934//934 822//822 825//825
f 933//933 934//934 826//826
f 826//826 934//934 827//827
f 833//833 932//932 826//826
f 826//826 932//932 933//933
f 932//932 818//818 933//933
f 933//933 818//818 822//822
f 935//935 936//936 937//937
f 937//937 936//936 938//938
f 935//935 937//937 923//923
f 923//923 937//937 924//924
f 936//936 935//935 920//920
f 920//920 935//935 923//923
f 936//936 939//939 938//938
f 938//938 939//939 940//940
f 939//939 936//936 919//919
f 919//919 936//936 920//920
f 941//941 939//939 918//918
f 918//918 939//939 919//919
f 617//617 940//940 941//941
f 941//941 940//940 939//939
f 942//942 943//943 944//944
f 944//944 943//943 945//945
f 946//946 942//942 947//947
f 947//947 942//942 944//944
f 948//948 949//949 946//946
f 946//946 949//949 942//942
f 942//942 949//949 950//950
f 950//950 949//949 951//951
f 943//943 942//942 952//952
f 952//952 942//942 950//950
f 617//617 953//953 940//940
f 940//940 953//953 954//954
f 953//953 945//945 954//954
f 954//954 945//945 943//943
f 952//952 955//955 943//943
f 943//943 955//955 954//954
f 955//955 938//938 954//954
f 954//954 938//938 940//940
f 956//956 615//615 957//957
f 957//957 615//615 616//616
f 957//957 947//947 956//956
f 956//956 947//947 944//944
f 953//953 956//956 945//945
f 945//945 956//956 944//944
f 956//956 953//953 615//615
f 615//615 953//953 617//617
f 638//638 639//639 958//958
f 958//958 639//639 959//959
f 959//959 948//948 958//958
f 958//958 948//948 946//946
f 947//947 957//957 946//946
f 946//946 957//957 958//958
f 616//616 638//638 957//957
f 957//957 638//638 958//958
f 928//928 924//924 960//960
f 960//960 924//924 961//961
f 951//951 949//949 961//961
f 961//961 949//949 960//960
f 949//949 948//948 960//960
f 960//960 948//948 959//959
f 639//639 928//928 959//959
f 959//959 928//928 960//960
f 937//937 938//938 962//962
f 962//962 938//938 955//955
f 952//952 950//950 955//955
f 955//955 950//950 962//962
f 961//961 962//962 951//951
f 951//951 962//962 950//950
f 924//924 937//937 961//961
f 961//961 937//937 962//962
f 802//802 963//963 561//561
f 561//561 963//963 562//562
f 766//766 772//772 802//802
f 802//802 772//772 963//963
f 772//772 773//773 963//963
f 963//963 773//773 910//910
f 963//963 910//910 562//562
f 562//562 910//910 245//245
f 964//964 754//754 965//965
f 965//965 754//754 753//753
f 628//628 965//965 630//630
f 630//630 965//965 753//753
f 965//965 628//628 964//964
f 964//964 628//628 214//214
f 966//966 756//756 964//964
f 964//964 756//756 754//754
f 964//964 214//214 966//966
f 966//966 214//214 216//216
f 967//967 966//966 222//222
f 222//222 966//966 216//216
f 967//967 757//757 966//966
f 966//966 757//757 756//756
f 841//841 632//632 968//968
f 968//968 632//632 750//750
f 575//575 574//574 750//750
f 750//750 574//574 968//968
f 969//969 968//968 573//573
f 573//573 968//968 574//574
f 837//837 841//841 969//969
f 969//969 841//841 968//968
f 836//836 837//837 970//970
f 970//970 837//837 969//969
f 970//970 969//969 850//850
f 850//850 969//969 573//573
f 850//850 851//851 970//970
f 970//970 851//851 971//971
f 839//839 836//836 971//971
f 971//971 836//836 970//970
f 120//120 972//972 122//122
f 122//122 972//972 973//973
f 125//125 503//503 120//120
f 120//120 503//503 972//972
f 28//28 25//25 503//503
f 503//503 25//25 972//972
f 25//25 26//26 972//972
f 972//972 26//26 974//974
f 972//972 974//974 973//973
f 973//973 974//974 975//975
f 976//976 977//977 978//978
f 978//978 977//977 979//979
f 980//980 981//981 977//977
f 977//977 981//981 979//979
f 982//982 979//979 983//983
f 983//983 979//979 981//981
f 979//979 982//982 978//978
f 978//978 982//982 984//984
f 985//985 986//986 975//975
f 975//975 986//986 987//987
f 988//988 989//989 985//985
f 985//985 989//989 986//986
f 990//990 991//991 989//989
f 989//989 991//991 986//986
f 991//991 992//992 986//986
f 986//986 992//992 987//987
f 993//993 994//994 26//26
f 26//26 994//994 974//974
f 994//994 993//993 995//995
f 995//995 993//993 996//996
f 985//985 994//994 988//988
f 988//988 994//994 995//995
f 994//994 985//985 974//974
f 974//974 985//985 975//975
f 26//26 24//24 993//993
f 993//993 24//24 997//997
f 998//998 997//997 31//31
f 31//31 997//997 24//24
f 999//999 1000//1000 998//998
f 998//998 1000//1000 997//997
f 1001//1001 1002//1002 1000//1000
f 1000//1000 1002//1002 997//997
f 993//993 997//997 996//996
f 996//996 997//997 1002//1002
f 1003//1003 989//989 1004//1004
f 1004//1004 989//989 988//988
f 1005//1005 1006//1006 1004//1004
f 1004//1004 1006//1006 1003//1003
f 1007//1007 1008//1008 1006//1006
f 1006//1006 1008//1008 1003//1003
f 1008//1008 990//990 1003//1003
f 1003//1003 990//990 989//989
f 995//995 996//996 1009//1009
f 1009//1009 996//996 1002//1002
f 1002//1002 1001//1001 1009//1009
f 1009//1009 1001//1001 1010//1010
f 1004//1004 1009//1009 1005//1005
f 1005//1005 1009//1009 1010//1010
f 988//988 995//995 1004//1004
f 1004//1004 995//995 1009//1009
f 1011//1011 1012//1012 856//856
f 856//856 1012//1012 859//859
f 646//646 1011//1011 648//648
f 648//648 1011//1011 856//856
f 1011//1011 646//646 1013//1013
f 1013//1013 646//646 647//647
f 1012//1012 1011//1011 806//806
f 806//806 1011//1011 1013//1013
f 769//769 1014//1014 647//647
f 647//647 1014//1014 1013//1013
f 800//800 1014//1014 768//768
f 768//768 1014//1014 769//769
f 1014//1014 800//800 811//811
f 811//811 800//800 794//794
f 806//806 1013//1013 811//811
f 811//811 1013//1013 1014//1014
f 1015//1015 1016//1016 1017//1017
f 1017//1017 1016//1016 1018//1018
f 1016//1016 1015//1015 1019//1019
f 1019//1019 1015//1015 1020//1020
f 1019//1019 1021//1021 1016//1016
f 1016//1016 1021//1021 1022//1022
f 1016//1016 1022//1022 1018//1018
f 1018//1018 1022//1022 1023//1023
f 1024//1024 1023//1023 1025//1025
f 1025//1025 1023//1023 1022//1022
f 1025//1025 1022//1022 1026//1026
f 1026//1026 1022//1022 1021//1021
f 1025//1025 1026//1026 1027//1027
f 1027//1027 1026//1026 1028//1028
f 1024//1024 1025//1025 1029//1029
f 1029//1029 1025//1025 1027//1027
f 1030//1030 1031//1031 1027//1027
f 1027//1027 1031//1031 1029//1029
f 1032//1032 1030//1030 1028//1028
f 1028//1028 1030//1030 1027//1027
f 1030//1030 1032//1032 1033//1033
f 1033//1033 1032//1032 1034//1034
f 1033//1033 1035//1035 1030//1030
f 1030//1030 1035//1035 1031//1031
f 1036//1036 1037//1037 1033//1033
f 1033//1033 1037//1037 1035//1035
f 1036//1036 1033//1033 1038//1038
f 1038//1038 1033//1033 1034//1034
f 1036//1036 1038//1038 1015//1015
f 1015//1015 1038//1038 1020//1020
f 1036//1036 1015//1015 1037//1037
f 1037//1037 1015//1015 1017//1017
f 1019//1019 1020//1020 1039//1039
f 1039//1039 1020//1020 1040//1040
f 1039//1039 1040//1040 1041//1041
f 1041//1041 1040//1040 1042//1042
f 1041//1041 1043//1043 1039//1039
f 1039//1039 1043//1043 1044//1044
f 1021//1021 1019//1019 1044//1044
f 1044//1044 1019//1019 1039//1039
f 1026//1026 1021//1021 1045//1045
f 1045//1045 1021//1021 1044//1044
f 1043//1043 1046//1046 1044//1044
f 1044//1044 1046//1046 1045//1045
f 1047//1047 1048//1048 1046//1046
f 1046//1046 1048//1048 1045//1045
f 1026//1026 1045//1045 1028//1028
f 1028//1028 1045//1045 1048//1048
f 1028//1028 1048//1048 1032//1032
f 1032//1032 1048//1048 1049//1049
f 1050//1050 1049//1049 1047//1047
f 1047//1047 1049//1049 1048//1048
f 1049//1049 1050//1050 1051//1051
f 1051//1051 1050//1050 1052//1052
f 1032//1032 1049//1049 1034//1034
f 1034//1034 1049//1049 1051//1051
f 1038//1038 1034//1034 1053//1053
f 1053//1053 1034//1034 1051//1051
f 1052//1052 1054//1054 1051//1051
f 1051//1051 1054//1054 1053//1053
f 1042//1042 1040//1040 1054//1054
f 1054//1054 1040//1040 1053//1053
f 1038//1038 1053//1053 1020//1020
f 1020//1020 1053//1053 1040//1040
f 537//537 538//538 1055//1055
f 1055//1055 538//538 1056//1056
f 1057//1057 1058//1058 1056//1056
f 1056//1056 1058//1058 1055//1055
f 1059//1059 1055//1055 1060//1060
f 1060//1060 1055//1055 1058//1058
f 1055//1055 1059//1059 537//537
f 537//537 1059//1059 539//539
f 531//531 1061//1061 532//532
f 532//532 1061//1061 1062//1062
f 1061//1061 1063//1063 1062//1062
f 1062//1062 1063//1063 1064//1064
f 1062//1062 1064//1064 1065//1065
f 1065//1065 1064//1064 1066//1066
f 532//532 1062//1062 534//534
f 534//534 1062//1062 1065//1065
f 1067//1067 525//525 1068//1068
f 1068//1068 525//525 526//526
f 1068//1068 1069//1069 1067//1067
f 1067//1067 1069//1069 1070//1070
f 1071//1071 1072//1072 1070//1070
f 1070//1070 1072//1072 1067//1067
f 525//525 1067//1067 528//528
f 528//528 1067//1067 1072//1072
f 1073//1073 544//544 1074//1074
f 1074//1074 544//544 543//543
f 1075//1075 1073//1073 1076//1076
f 1076//1076 1073//1073 1074//1074
f 1075//1075 1057//1057 1073//1073
f 1073//1073 1057//1057 1056//1056
f 538//538 544//544 1056//1056
f 1056//1056 544//544 1073//1073
f 1077//1077 1078//1078 391//391
f 391//391 1078//1078 392//392
f 455//455 456//456 1077//1077
f 1077//1077 456//456 1078//1078
f 456//456 461//461 1078//1078
f 1078//1078 461//461 1079//1079
f 1078//1078 1079//1079 392//392
f 392//392 1079//1079 393//393
f 1080//1080 1081//1081 400//400
f 400//400 1081//1081 401//401
f 464//464 465//465 1080//1080
f 1080//1080 465//465 1081//1081
f 470//470 1082//1082 465//465
f 465//465 1082//1082 1081//1081
f 1081//1081 1082//1082 401//401
f 401//401 1082//1082 402//402
f 1083//1083 409//409 1084//1084
f 1084//1084 409//409 410//410
f 472//472 1083//1083 474//474
f 474//474 1083//1083 1084//1084
f 447//447 1085//1085 472//472
f 472//472 1085//1085 1083//1083
f 1085//1085 383//383 1083//1083
f 1083//1083 383//383 409//409
f 1086//1086 382//382 1085//1085
f 1085//1085 382//382 383//383
f 445//445 1086//1086 447//447
f 447//447 1086//1086 1085//1085
f 452//452 1087//1087 445//445
f 445//445 1087//1087 1086//1086
f 1087//1087 384//384 1086//1086
f 1086//1086 384//384 382//382
f 363//363 364//364 1088//1088
f 1088//1088 364//364 1089//1089
f 1017//1017 1018//1018 1089//1089
f 1089//1089 1018//1018 1088//1088
f 1018//1018 1023//1023 1088//1088
f 1088//1088 1023//1023 1090//1090
f 365//365 363//363 1090//1090
f 1090//1090 363//363 1088//1088
f 1091//1091 1092//1092 1093//1093
f 1093//1093 1092//1092 1094//1094
f 1093//1093 1094//1094 1024//1024
f 1024//1024 1094//1094 1023//1023
f 1093//1093 1024//1024 1095//1095
f 1095//1095 1024//1024 1029//1029
f 1091//1091 1093//1093 1096//1096
f 1096//1096 1093//1093 1095//1095
f 370//370 1097//1097 373//373
f 373//373 1097//1097 1098//1098
f 1097//1097 1029//1029 1098//1098
f 1098//1098 1029//1029 1031//1031
f 1035//1035 1099//1099 1031//1031
f 1031//1031 1099//1099 1098//1098
f 373//373 1098//1098 375//375
f 375//375 1098//1098 1099//1099
f 375//375 1099//1099 377//377
f 377//377 1099//1099 1100//1100
f 1099//1099 1035//1035 1100//1100
f 1100//1100 1035//1035 1037//1037
f 1037//1037 1017//1017 1100//1100
f 1100//1100 1017//1017 1089//1089
f 364//364 377//377 1089//1089
f 1089//1089 377//377 1100//1100
f 1101//1101 1102//1102 1103//1103
f 1103//1103 1102//1102 855//855
f 1012//1012 1101//1101 859//859
f 859//859 1101//1101 1103//1103
f 1101//1101 1012//1012 1102//1102
f 1102//1102 1012//1012 806//806
f 1104//1104 860//860 1103//1103
f 1103//1103 860//860 859//859
f 853//853 1104//1104 855//855
f 855//855 1104//1104 1103//1103
f 601//601 860//860 853//853
f 853//853 860//860 1104//1104
f 1105//1105 1106//1106 1107//1107
f 1107//1107 1106//1106 1108//1108
f 1107//1107 230//230 1105//1105
f 1105//1105 230//230 713//713
f 248//248 1109//1109 713//713
f 713//713 1109//1109 1105//1105
f 1109//1109 621//621 1105//1105
f 1105//1105 621//621 1106//1106
f 1110//1110 620//620 1109//1109
f 1109//1109 620//620 621//621
f 622//622 1110//1110 248//248
f 248//248 1110//1110 1109//1109
f 234//234 1111//1111 622//622
f 622//622 1111//1111 1110//1110
f 1111//1111 96//96 1110//1110
f 1110//1110 96//96 620//620
f 1112//1112 95//95 1111//1111
f 1111//1111 95//95 96//96
f 232//232 1112//1112 234//234
f 234//234 1112//1112 1111//1111
f 239//239 1113//1113 232//232
f 232//232 1113//1113 1112//1112
f 1113//1113 97//97 1112//1112
f 1112//1112 97//97 95//95
f 1114//1114 1115//1115 141//141
f 141//141 1115//1115 142//142
f 1106//1106 1115//1115 1108//1108
f 1108//1108 1115//1115 1114//1114
f 1106//1106 621//621 1115//1115
f 1115//1115 621//621 618//618
f 5//5 142//142 618//618
f 618//618 142//142 1115//1115
f 1116//1116 1117//1117 999//999
f 999//999 1117//1117 1000//1000
f 983//983 981//981 1116//1116
f 1116//1116 981//981 1117//1117
f 981//981 980//980 1117//1117
f 1117//1117 980//980 1118//1118
f 1118//1118 1001//1001 1117//1117
f 1117//1117 1001//1001 1000//1000
f 1010//1010 1001//1001 1119//1119
f 1119//1119 1001//1001 1118//1118
f 977//977 1119//1119 980//980
f 980//980 1119//1119 1118//1118
f 977//977 976//976 1119//1119
f 1119//1119 976//976 1120//1120
f 1005//1005 1010//1010 1120//1120
f 1120//1120 1010//1010 1119//1119
f 1120//1120 1121//1121 1005//1005
f 1005//1005 1121//1121 1006//1006
f 978//978 1121//1121 976//976
f 976//976 1121//1121 1120//1120
f 984//984 1122//1122 978//978
f 978//978 1122//1122 1121//1121
f 1122//1122 1007//1007 1121//1121
f 1121//1121 1007//1007 1006//1006
f 55//55 1123//1123 54//54
f 54//54 1123//1123 1124//1124
f 1123//1123 506//506 1124//1124
f 1124//1124 506//506 505//505
f 1124//1124 505//505 1125//1125
f 1125//1125 505//505 192//192
f 54//54 1124//1124 57//57
f 57//57 1124//1124 1125//1125
f 57//57 1125//1125 179//179
f 179//179 1125//1125 1126//1126
f 1126//1126 1125//1125 191//191
f 191//191 1125//1125 192//192
f 191//191 190//190 1126//1126
f 1126//1126 190//190 1127//1127
f 179//179 1126//1126 181//181
f 181//181 1126//1126 1127//1127
f 1128//1128 515//515 1127//1127
f 1127//1127 515//515 181//181
f 190//190 514//514 1127//1127
f 1127//1127 514//514 1128//1128
f 513//513 1129//1129 514//514
f 514//514 1129//1129 1128//1128
f 1129//1129 397//397 1128//1128
f 1128//1128 397//397 515//515
f 1130//1130 400//400 1131//1131
f 1131//1131 400//400 399//399
f 397//397 1129//1129 399//399
f 399//399 1129//1129 1131//1131
f 1132//1132 1131//1131 513//513
f 513//513 1131//1131 1129//1129
f 395//395 394//394 1132//1132
f 1132//1132 394//394 1131//1131
f 393//393 1130//1130 394//394
f 394//394 1130//1130 1131//1131
f 1133//1133 1080//1080 1130//1130
f 1130//1130 1080//1080 400//400
f 1079//1079 1133//1133 393//393
f 393//393 1133//1133 1130//1130
f 461//461 1134//1134 1079//1079
f 1079//1079 1134//1134 1133//1133
f 1134//1134 464//464 1133//1133
f 1133//1133 464//464 1080//1080
f 1135//1135 462//462 1134//1134
f 1134//1134 462//462 464//464
f 460//460 1135//1135 461//461
f 461//461 1135//1135 1134//1134
f 1135//1135 460//460 1136//1136
f 1136//1136 460//460 459//459
f 462//462 1135//1135 466//466
f 466//466 1135//1135 1136//1136
f 1137//1137 1138//1138 432//432
f 432//432 1138//1138 431//431
f 1138//1138 1137//1137 426//426
f 426//426 1137//1137 428//428
f 426//426 427//427 1138//1138
f 1138//1138 427//427 1139//1139
f 433//433 431//431 1139//1139
f 1139//1139 431//431 1138//1138
f 524//524 433//433 1140//1140
f 1140//1140 433//433 1139//1139
f 427//427 533//533 1139//1139
f 1139//1139 533//533 1140//1140
f 1141//1141 1140//1140 534//534
f 534//534 1140//1140 533//533
f 1140//1140 1141//1141 524//524
f 524//524 1141//1141 526//526
f 1068//1068 526//526 1142//1142
f 1142//1142 526//526 1141//1141
f 534//534 1065//1065 1141//1141
f 1141//1141 1065//1065 1142//1142
f 1143//1143 1142//1142 1066//1066
f 1066//1066 1142//1142 1065//1065
f 1142//1142 1143//1143 1068//1068
f 1068//1068 1143//1143 1069//1069
f 1144//1144 109//109 1145//1145
f 1145//1145 109//109 108//108
f 1146//1146 1147//1147 1145//1145
f 1145//1145 1147//1147 1144//1144
f 1148//1148 1149//1149 1147//1147
f 1147//1147 1149//1149 1144//1144
f 1150//1150 1151//1151 1149//1149
f 1149//1149 1151//1151 1144//1144
f 1144//1144 1151//1151 109//109
f 109//109 1151//1151 112//112
f 1059//1059 1152//1152 539//539
f 539//539 1152//1152 1153//1153
f 1152//1152 1059//1059 1154//1154
f 1154//1154 1059//1059 1060//1060
f 1154//1154 1155//1155 1152//1152
f 1152//1152 1155//1155 1156//1156
f 1157//1157 1153//1153 1156//1156
f 1156//1156 1153//1153 1152//1152
f 540//540 1158//1158 418//418
f 418//418 1158//1158 1159//1159
f 1158//1158 540//540 1153//1153
f 1153//1153 540//540 539//539
f 1153//1153 1157//1157 1158//1158
f 1158//1158 1157//1157 1160//1160
f 1161//1161 1159//1159 1160//1160
f 1160//1160 1159//1159 1158//1158
f 417//417 1162//1162 419//419
f 419//419 1162//1162 1163//1163
f 418//418 1159//1159 417//417
f 417//417 1159//1159 1162//1162
f 1164//1164 1162//1162 1161//1161
f 1161//1161 1162//1162 1159//1159
f 1162//1162 1164//1164 1163//1163
f 1163//1163 1164//1164 1165//1165
f 1166//1166 1167//1167 451//451
f 451//451 1167//1167 452//452
f 451//451 450//450 1166//1166
f 1166//1166 450//450 1168//1168
f 1166//1166 1168//1168 1169//1169
f 1169//1169 1168//1168 1170//1170
f 1169//1169 1171//1171 1166//1166
f 1166//1166 1171//1171 1167//1167
f 1172//1172 1173//1173 1087//1087
f 1087//1087 1173//1173 384//384
f 1167//1167 1172//1172 452//452
f 452//452 1172//1172 1087//1087
f 1171//1171 1174//1174 1167//1167
f 1167//1167 1174//1174 1172//1172
f 1174//1174 1175//1175 1172//1172
f 1172//1172 1175//1175 1173//1173
f 1176//1176 1177//1177 385//385
f 385//385 1177//1177 386//386
f 1173//1173 1176//1176 384//384
f 384//384 1176//1176 385//385
f 1175//1175 1178//1178 1173//1173
f 1173//1173 1178//1178 1176//1176
f 1176//1176 1178//1178 1177//1177
f 1177//1177 1178//1178 1179//1179
f 1180//1180 1181//1181 522//522
f 522//522 1181//1181 200//200
f 1177//1177 1180//1180 386//386
f 386//386 1180//1180 522//522
f 1179//1179 1182//1182 1177//1177
f 1177//1177 1182//1182 1180//1180
f 1183//1183 1181//1181 1182//1182
f 1182//1182 1181//1181 1180//1180
f 1184//1184 1185//1185 199//199
f 199//199 1185//1185 201//201
f 1181//1181 1184//1184 200//200
f 200//200 1184//1184 199//199
f 1183//1183 1186//1186 1181//1181
f 1181//1181 1186//1186 1184//1184
f 1185//1185 1184//1184 1187//1187
f 1187//1187 1184//1184 1186//1186
f 129//129 499//499 1188//1188
f 1188//1188 499//499 1189//1189
f 499//499 201//201 1189//1189
f 1189//1189 201//201 1185//1185
f 1187//1187 1190//1190 1185//1185
f 1185//1185 1190//1190 1189//1189
f 1188//1188 1189//1189 123//123
f 123//123 1189//1189 1190//1190
f 1191//1191 1192//1192 122//122
f 122//122 1192//1192 121//121
f 1192//1192 1191//1191 126//126
f 126//126 1191//1191 45//45
f 126//126 129//129 1192//1192
f 1192//1192 129//129 1188//1188
f 1192//1192 1188//1188 121//121
f 121//121 1188//1188 123//123
f 1191//1191 1193//1193 45//45
f 45//45 1193//1193 46//46
f 122//122 973//973 1191//1191
f 1191//1191 973//973 1193//1193
f 975//975 987//987 973//973
f 973//973 987//987 1193//1193
f 992//992 1194//1194 987//987
f 987//987 1194//1194 1193//1193
f 47//47 46//46 1194//1194
f 1194//1194 46//46 1193//1193
f 584//584 1195//1195 657//657
f 657//657 1195//1195 1196//1196
f 650//650 1196//1196 85//85
f 85//85 1196//1196 1195//1195
f 1196//1196 650//650 675//675
f 675//675 650//650 654//654
f 675//675 658//658 1196//1196
f 1196//1196 658//658 657//657
f 1197//1197 582//582 1198//1198
f 1198//1198 582//582 581//581
f 79//79 1197//1197 77//77
f 77//77 1197//1197 1198//1198
f 85//85 1195//1195 79//79
f 79//79 1195//1195 1197//1197
f 582//582 1197//1197 584//584
f 584//584 1197//1197 1195//1195
f 9//9 7//7 1199//1199
f 1199//1199 7//7 1200//1200
f 7//7 8//8 1200//1200
f 1200//1200 8//8 93//93
f 1200//1200 93//93 1201//1201
f 1201//1201 93//93 99//99
f 1199//1199 1200//1200 1202//1202
f 1202//1202 1200//1200 1201//1201
f 1203//1203 64//64 483//483
f 483//483 64//64 63//63
f 483//483 9//9 1203//1203
f 1203//1203 9//9 1199//1199
f 1204//1204 1203//1203 1202//1202
f 1202//1202 1203//1203 1199//1199
f 65//65 64//64 1204//1204
f 1204//1204 64//64 1203//1203
f 136//136 134//134 1205//1205
f 1205//1205 134//134 1206//1206
f 224//224 1206//1206 135//135
f 135//135 1206//1206 134//134
f 1206//1206 224//224 1107//1107
f 1107//1107 224//224 230//230
f 1107//1107 1108//1108 1206//1206
f 1206//1206 1108//1108 1205//1205
f 1205//1205 1207//1207 136//136
f 136//136 1207//1207 130//130
f 1108//1108 1114//1114 1205//1205
f 1205//1205 1114//1114 1207//1207
f 1114//1114 141//141 1207//1207
f 1207//1207 141//141 1208//1208
f 130//130 1207//1207 72//72
f 72//72 1207//1207 1208//1208
f 72//72 1208//1208 73//73
f 73//73 1208//1208 1209//1209
f 1208//1208 141//141 1209//1209
f 1209//1209 141//141 139//139
f 140//140 1210//1210 139//139
f 139//139 1210//1210 1209//1209
f 73//73 1209//1209 74//74
f 74//74 1209//1209 1210//1210
f 1210//1210 1211//1211 74//74
f 74//74 1211//1211 489//489
f 1210//1210 140//140 1211//1211
f 1211//1211 140//140 486//486
f 177//177 1212//1212 486//486
f 486//486 1212//1212 1211//1211
f 1211//1211 1212//1212 489//489
f 489//489 1212//1212 169//169
f 168//168 169//169 1213//1213
f 1213//1213 169//169 1212//1212
f 176//176 1213//1213 177//177
f 177//177 1213//1213 1212//1212
f 1214//1214 1213//1213 175//175
f 175//175 1213//1213 176//176
f 171//171 168//168 1214//1214
f 1214//1214 168//168 1213//1213
f 715//715 171//171 1215//1215
f 1215//1215 171//171 1214//1214
f 1215//1215 1214//1214 723//723
f 723//723 1214//1214 175//175
f 1216//1216 1215//1215 329//329
f 329//329 1215//1215 723//723
f 300//300 715//715 1216//1216
f 1216//1216 715//715 1215//1215
f 1216//1216 1217//1217 300//300
f 300//300 1217//1217 301//301
f 1217//1217 1216//1216 327//327
f 327//327 1216//1216 329//329
f 1218//1218 1217//1217 328//328
f 328//328 1217//1217 327//327
f 304//304 301//301 1218//1218
f 1218//1218 301//301 1217//1217
f 1219//1219 204//204 1220//1220
f 1220//1220 204//204 497//497
f 478//478 1220//1220 286//286
f 286//286 1220//1220 497//497
f 58//58 1219//1219 478//478
f 478//478 1219//1219 1220//1220
f 1221//1221 202//202 1219//1219
f 1219//1219 202//202 204//204
f 1219//1219 58//58 1221//1221
f 1221//1221 58//58 182//182
f 183//183 1222//1222 182//182
f 182//182 1222//1222 1221//1221
f 206//206 202//202 1222//1222
f 1222//1222 202//202 1221//1221
f 518//518 206//206 1223//1223
f 1223//1223 206//206 1222//1222
f 517//517 1223//1223 183//183
f 183//183 1223//1223 1222//1222
f 404//404 1224//1224 517//517
f 517//517 1224//1224 1223//1223
f 408//408 518//518 1224//1224
f 1224//1224 518//518 1223//1223
f 1225//1225 407//407 1224//1224
f 1224//1224 407//407 408//408
f 403//403 1225//1225 404//404
f 404//404 1225//1225 1224//1224
f 402//402 1226//1226 403//403
f 403//403 1226//1226 1225//1225
f 1226//1226 410//410 1225//1225
f 1225//1225 410//410 407//407
f 1084//1084 410//410 1227//1227
f 1227//1227 410//410 1226//1226
f 1082//1082 1227//1227 402//402
f 402//402 1227//1227 1226//1226
f 1228//1228 1227//1227 470//470
f 470//470 1227//1227 1082//1082
f 474//474 1084//1084 1228//1228
f 1228//1228 1084//1084 1227//1227
f 473//473 474//474 1229//1229
f 1229//1229 474//474 1228//1228
f 1229//1229 1228//1228 469//469
f 469//469 1228//1228 470//470
f 469//469 468//468 1229//1229
f 1229//1229 468//468 1230//1230
f 473//473 1229//1229 476//476
f 476//476 1229//1229 1230//1230
f 439//439 438//438 1231//1231
f 1231//1231 438//438 1232//1232
f 1231//1231 1232//1232 436//436
f 436//436 1232//1232 437//437
f 1233//1233 1231//1231 435//435
f 435//435 1231//1231 436//436
f 442//442 439//439 1233//1233
f 1233//1233 439//439 1231//1231
f 541//541 442//442 1234//1234
f 1234//1234 442//442 1233//1233
f 435//435 527//527 1233//1233
f 1233//1233 527//527 1234//1234
f 1235//1235 1234//1234 528//528
f 528//528 1234//1234 527//527
f 1234//1234 1235//1235 541//541
f 541//541 1235//1235 543//543
f 1236//1236 1074//1074 1235//1235
f 1235//1235 1074//1074 543//543
f 528//528 1072//1072 1235//1235
f 1235//1235 1072//1072 1236//1236
f 1237//1237 1236//1236 1071//1071
f 1071//1071 1236//1236 1072//1072
f 1237//1237 1076//1076 1236//1236
f 1236//1236 1076//1076 1074//1074
f 448//448 449//449 1238//1238
f 1238//1238 449//449 1239//1239
f 1238//1238 1239//1239 411//411
f 411//411 1239//1239 412//412
f 1240//1240 1238//1238 419//419
f 419//419 1238//1238 411//411
f 450//450 448//448 1240//1240
f 1240//1240 448//448 1238//1238
f 1241//1241 1242//1242 476//476
f 476//476 1242//1242 475//475
f 1242//1242 1241//1241 440//440
f 440//440 1241//1241 438//438
f 1239//1239 1242//1242 412//412
f 412//412 1242//1242 440//440
f 1242//1242 1239//1239 475//475
f 475//475 1239//1239 449//449
f 1243//1243 1232//1232 1241//1241
f 1241//1241 1232//1232 438//438
f 1230//1230 1243//1243 476//476
f 476//476 1243//1243 1241//1241
f 468//468 1244//1244 1230//1230
f 1230//1230 1244//1244 1243//1243
f 1244//1244 437//437 1243//1243
f 1243//1243 437//437 1232//1232
f 466//466 1245//1245 467//467
f 467//467 1245//1245 1246//1246
f 1245//1245 432//432 1246//1246
f 1246//1246 432//432 430//430
f 1246//1246 430//430 1244//1244
f 1244//1244 430//430 437//437
f 467//467 1246//1246 468//468
f 468//468 1246//1246 1244//1244
f 1247//1247 1137//1137 1245//1245
f 1245//1245 1137//1137 432//432
f 1136//1136 1247//1247 466//466
f 466//466 1247//1247 1245//1245
f 1247//1247 1136//1136 1248//1248
f 1248//1248 1136//1136 459//459
f 1248//1248 428//428 1247//1247
f 1247//1247 428//428 1137//1137
f 1249//1249 1250//1250 1251//1251
f 1251//1251 1250//1250 1252//1252
f 1250//1250 1249//1249 1253//1253
f 1253//1253 1249//1249 1254//1254
f 1253//1253 1255//1255 1250//1250
f 1250//1250 1255//1255 1256//1256
f 1252//1252 1250//1250 1257//1257
f 1257//1257 1250//1250 1256//1256
f 1168//1168 450//450 1258//1258
f 1258//1258 450//450 1240//1240
f 1258//1258 1240//1240 1163//1163
f 1163//1163 1240//1240 419//419
f 1259//1259 1258//1258 1165//1165
f 1165//1165 1258//1258 1163//1163
f 1258//1258 1259//1259 1168//1168
f 1168//1168 1259//1259 1170//1170
f 1260//1260 1261//1261 457//457
f 457//457 1261//1261 458//458
f 1251//1251 1252//1252 1260//1260
f 1260//1260 1252//1252 1261//1261
f 1257//1257 1262//1262 1252//1252
f 1252//1252 1262//1262 1261//1261
f 1262//1262 459//459 1261//1261
f 1261//1261 459//459 458//458
f 1165//1165 1263//1263 1259//1259
f 1259//1259 1263//1263 1264//1264
f 1263//1263 1265//1265 1264//1264
f 1264//1264 1265//1265 1266//1266
f 1267//1267 1264//1264 1268//1268
f 1268//1268 1264//1264 1266//1266
f 1264//1264 1267//1267 1259//1259
f 1259//1259 1267//1267 1170//1170
f 420//420 428//428 1269//1269
f 1269//1269 428//428 1270//1270
f 1269//1269 1270//1270 1253//1253
f 1253//1253 1270//1270 1255//1255
f 1253//1253 1254//1254 1269//1269
f 1269//1269 1254//1254 1271//1271
f 1269//1269 1271//1271 420//420
f 420//420 1271//1271 421//421
f 1272//1272 1248//1248 1262//1262
f 1262//1262 1248//1248 459//459
f 1262//1262 1257//1257 1272//1272
f 1272//1272 1257//1257 1256//1256
f 1270//1270 1272//1272 1255//1255
f 1255//1255 1272//1272 1256//1256
f 428//428 1248//1248 1270//1270
f 1270//1270 1248//1248 1272//1272
f 512//512 511//511 1273//1273
f 1273//1273 511//511 1274//1274
f 389//389 390//390 1274//1274
f 1274//1274 390//390 1273//1273
f 390//390 395//395 1273//1273
f 1273//1273 395//395 1132//1132
f 1273//1273 1132//1132 512//512
f 512//512 1132//1132 513//513
f 1275//1275 1178//1178 1276//1276
f 1276//1276 1178//1178 1175//1175
f 1277//1277 1275//1275 1278//1278
f 1278//1278 1275//1275 1276//1276
f 1275//1275 1277//1277 1178//1178
f 1178//1178 1277//1277 1179//1179
f 1279//1279 368//368 1280//1280
f 1280//1280 368//368 365//365
f 1280//1280 1092//1092 1279//1279
f 1279//1279 1092//1092 1091//1091
f 1096//1096 1281//1281 1091//1091
f 1091//1091 1281//1281 1279//1279
f 1279//1279 1281//1281 368//368
f 368//368 1281//1281 370//370
f 1282//1282 1090//1090 1094//1094
f 1094//1094 1090//1090 1023//1023
f 1280//1280 1282//1282 1092//1092
f 1092//1092 1282//1282 1094//1094
f 1090//1090 1282//1282 365//365
f 365//365 1282//1282 1280//1280
f 1097//1097 370//370 1283//1283
f 1283//1283 370//370 1281//1281
f 1281//1281 1096//1096 1283//1283
f 1283//1283 1096//1096 1095//1095
f 1283//1283 1095//1095 1097//1097
f 1097//1097 1095//1095 1029//1029
f 502//502 125//125 1284//1284
f 1284//1284 125//125 124//124
f 123//123 1190//1190 124//124
f 124//124 1190//1190 1284//1284
f 1285//1285 1284//1284 1187//1187
f 1187//1187 1284//1284 1190//1190
f 1284//1284 1285//1285 502//502
f 502//502 1285//1285 184//184
f 185//185 184//184 1286//1286
f 1286//1286 184//184 1285//1285
f 1286//1286 1285//1285 1186//1186
f 1186//1186 1285//1285 1187//1187
f 1287//1287 1286//1286 1183//1183
f 1183//1183 1286//1286 1186//1186
f 189//189 185//185 1287//1287
f 1287//1287 185//185 1286//1286
f 510//510 189//189 1288//1288
f 1288//1288 189//189 1287//1287
f 1287//1287 1183//1183 1288//1288
f 1288//1288 1183//1183 1182//1182
f 1289//1289 1288//1288 1179//1179
f 1179//1179 1288//1288 1182//1182
f 511//511 510//510 1289//1289
f 1289//1289 510//510 1288//1288
f 1289//1289 1290//1290 511//511
f 511//511 1290//1290 1274//1274
f 1290//1290 1289//1289 1277//1277
f 1277//1277 1289//1289 1179//1179
f 1278//1278 1291//1291 1277//1277
f 1277//1277 1291//1291 1290//1290
f 389//389 1274//1274 1291//1291
f 1291//1291 1274//1274 1290//1290
f 1292//1292 387//387 1291//1291
f 1291//1291 387//387 389//389
f 1291//1291 1278//1278 1292//1292
f 1292//1292 1278//1278 1276//1276
f 1276//1276 1175//1175 1292//1292
f 1292//1292 1175//1175 1293//1293
f 1293//1293 391//391 1292//1292
f 1292//1292 391//391 387//387
f 1294//1294 1077//1077 1293//1293
f 1293//1293 1077//1077 391//391
f 1294//1294 1293//1293 1174//1174
f 1174//1174 1293//1293 1175//1175
f 1171//1171 1295//1295 1174//1174
f 1174//1174 1295//1295 1294//1294
f 455//455 1077//1077 1295//1295
f 1295//1295 1077//1077 1294//1294
f 453//453 455//455 1296//1296
f 1296//1296 455//455 1295//1295
f 1169//1169 1296//1296 1171//1171
f 1171//1171 1296//1296 1295//1295
f 1170//1170 1297//1297 1169//1169
f 1169//1169 1297//1297 1296//1296
f 457//457 453//453 1297//1297
f 1297//1297 453//453 1296//1296
f 1260//1260 457//457 1298//1298
f 1298//1298 457//457 1297//1297
f 1267//1267 1298//1298 1170//1170
f 1170//1170 1298//1298 1297//1297
f 1268//1268 1299//1299 1267//1267
f 1267//1267 1299//1299 1298//1298
f 1251//1251 1260//1260 1299//1299
f 1299//1299 1260//1260 1298//1298
f 1300//1300 1249//1249 1299//1299
f 1299//1299 1249//1249 1251//1251
f 1299//1299 1268//1268 1300//1300
f 1300//1300 1268//1268 1266//1266
f 1301//1301 1300//1300 1265//1265
f 1265//1265 1300//1300 1266//1266
f 1249//1249 1300//1300 1254//1254
f 1254//1254 1300//1300 1301//1301
f 1302//1302 421//421 1303//1303
f 1303//1303 421//421 1271//1271
f 1254//1254 1301//1301 1271//1271
f 1271//1271 1301//1301 1303//1303
f 1265//1265 1263//1263 1301//1301
f 1301//1301 1263//1263 1303//1303
f 1302//1302 1303//1303 1165//1165
f 1165//1165 1303//1303 1263//1263
f 421//421 1302//1302 423//423
f 423//423 1302//1302 1304//1304
f 1164//1164 1304//1304 1165//1165
f 1165//1165 1304//1304 1302//1302
f 1304//1304 1164//1164 1305//1305
f 1305//1305 1164//1164 1161//1161
f 423//423 1304//1304 425//425
f 425//425 1304//1304 1305//1305
f 425//425 1305//1305 529//529
f 529//529 1305//1305 1306//1306
f 1305//1305 1161//1161 1306//1306
f 1306//1306 1161//1161 1160//1160
f 1306//1306 1160//1160 1307//1307
f 1307//1307 1160//1160 1157//1157
f 529//529 1306//1306 531//531
f 531//531 1306//1306 1307//1307
f 531//531 1307//1307 1061//1061
f 1061//1061 1307//1307 1308//1308
f 1307//1307 1157//1157 1308//1308
f 1308//1308 1157//1157 1156//1156
f 1308//1308 1156//1156 1309//1309
f 1309//1309 1156//1156 1155//1155
f 1061//1061 1308//1308 1063//1063
f 1063//1063 1308//1308 1309//1309
f 1310//1310 1311//1311 1057//1057
f 1057//1057 1311//1311 1058//1058
f 114//114 113//113 1310//1310
f 1310//1310 113//113 1311//1311
f 1312//1312 1311//1311 112//112
f 112//112 1311//1311 113//113
f 1060//1060 1058//1058 1312//1312
f 1312//1312 1058//1058 1311//1311
f 1154//1154 1060//1060 1313//1313
f 1313//1313 1060//1060 1312//1312
f 1151//1151 1313//1313 112//112
f 112//112 1313//1313 1312//1312
f 1150//1150 1314//1314 1151//1151
f 1151//1151 1314//1314 1313//1313
f 1155//1155 1154//1154 1314//1314
f 1314//1314 1154//1154 1313//1313
f 1315//1315 1316//1316 1309//1309
f 1309//1309 1316//1316 1063//1063
f 1309//1309 1155//1155 1315//1315
f 1315//1315 1155//1155 1314//1314
f 1314//1314 1150//1150 1315//1315
f 1315//1315 1150//1150 1149//1149
f 1148//1148 1316//1316 1149//1149
f 1149//1149 1316//1316 1315//1315
f 1317//1317 1064//1064 1316//1316
f 1316//1316 1064//1064 1063//1063
f 1148//1148 1147//1147 1316//1316
f 1316//1316 1147//1147 1317//1317
f 1318//1318 1317//1317 1146//1146
f 1146//1146 1317//1317 1147//1147
f 1064//1064 1317//1317 1066//1066
f 1066//1066 1317//1317 1318//1318
f 1143//1143 1319//1319 1069//1069
f 1069//1069 1319//1319 1320//1320
f 1066//1066 1318//1318 1143//1143
f 1143//1143 1318//1318 1319//1319
f 1146//1146 1145//1145 1318//1318
f 1318//1318 1145//1145 1319//1319
f 1145//1145 108//108 1319//1319
f 1319//1319 108//108 1320//1320
f 1069//1069 1320//1320 1070//1070
f 1070//1070 1320//1320 1321//1321
f 1320//1320 108//108 1321//1321
f 1321//1321 108//108 110//110
f 118//118 1322//1322 110//110
f 110//110 1322//1322 1321//1321
f 1322//1322 1071//1071 1321//1321
f 1321//1321 1071//1071 1070//1070
f 1323//1323 1324//1324 1237//1237
f 1237//1237 1324//1324 1076//1076
f 1323//1323 1237//1237 1322//1322
f 1322//1322 1237//1237 1071//1071
f 117//117 1323//1323 118//118
f 118//118 1323//1323 1322//1322
f 116//116 1324//1324 117//117
f 117//117 1324//1324 1323//1323
f 1325//1325 1075//1075 1324//1324
f 1324//1324 1075//1075 1076//1076
f 116//116 115//115 1324//1324
f 1324//1324 115//115 1325//1325
f 115//115 114//114 1325//1325
f 1325//1325 114//114 1310//1310
f 1325//1325 1310//1310 1075//1075
f 1075//1075 1310//1310 1057//1057
f 1041//1041 1042//1042 1326//1326
f 1326//1326 1042//1042 1327//1327
f 1327//1327 150//150 1326//1326
f 1326//1326 150//150 148//148
f 148//148 147//147 1326//1326
f 1326//1326 147//147 1328//1328
f 1326//1326 1328//1328 1041//1041
f 1041//1041 1328//1328 1043//1043
f 1046//1046 1043//1043 1329//1329
f 1329//1329 1043//1043 1328//1328
f 1329//1329 1328//1328 143//143
f 143//143 1328//1328 147//147
f 1329//1329 143//143 1330//1330
f 1330//1330 143//143 145//145
f 1046//1046 1329//1329 1047//1047
f 1047//1047 1329//1329 1330//1330
f 1331//1331 1050//1050 1330//1330
f 1330//1330 1050//1050 1047//1047
f 146//146 1331//1331 145//145
f 145//145 1331//1331 1330//1330
f 1332//1332 1331//1331 151//151
f 151//151 1331//1331 146//146
f 1050//1050 1331//1331 1052//1052
f 1052//1052 1331//1331 1332//1332
f 1332//1332 1333//1333 1052//1052
f 1052//1052 1333//1333 1054//1054
f 1332//1332 151//151 1333//1333
f 1333//1333 151//151 149//149
f 1327//1327 1333//1333 150//150
f 150//150 1333//1333 149//149
f 1327//1327 1042//1042 1333//1333
f 1333//1333 1042//1042 1054//1054
f 1334//1334 34//34 1335//1335
f 1335//1335 34//34 40//40
f 60//60 1334//1334 62//62
f 62//62 1334//1334 1335//1335
f 67//67 1336//1336 60//60
f 60//60 1336//1336 1334//1334
f 1336//1336 32//32 1334//1334
f 1334//1334 32//32 34//34
f 1337//1337 152//152 1335//1335
f 1335//1335 152//152 62//62
f 40//40 164//164 1335//1335
f 1335//1335 164//164 1337//1337
f 1338//1338 1337//1337 165//165
f 165//165 1337//1337 164//164
f 152//152 1337//1337 155//155
f 155//155 1337//1337 1338//1338
f 1339//1339 720//720 1338//1338
f 1338//1338 720//720 155//155
f 1339//1339 1338//1338 718//718
f 718//718 1338//1338 165//165
f 1340//1340 1339//1339 314//314
f 314//314 1339//1339 718//718
f 316//316 720//720 1340//1340
f 1340//1340 720//720 1339//1339
f 316//316 1340//1340 318//318
f 318//318 1340//1340 1341//1341
f 1341//1341 1340//1340 313//313
f 313//313 1340//1340 314//314
f 1342//1342 1341//1341 312//312
f 312//312 1341//1341 313//313
f 320//320 318//318 1342//1342
f 1342//1342 318//318 1341//1341
f 729//729 320//320 1343//1343
f 1343//1343 320//320 1342//1342
f 728//728 1343//1343 312//312
f 312//312 1343//1343 1342//1342
f 344//344 1344//1344 728//728
f 728//728 1344//1344 1343//1343
f 347//347 729//729 1344//1344
f 1344//1344 729//729 1343//1343
f 345//345 347//347 1345//1345
f 1345//1345 347//347 1344//1344
f 343//343 1345//1345 344//344
f 344//344 1345//1345 1344//1344
f 343//343 342//342 1345//1345
f 1345//1345 342//342 372//372
f 372//372 350//350 1345//1345
f 1345//1345 350//350 345//345
f 724//724 304//304 1346//1346
f 1346//1346 304//304 1218//1218
f 1346//1346 1218//1218 733//733
f 733//733 1218//1218 328//328
f 359//359 1347//1347 733//733
f 733//733 1347//1347 1346//1346
f 332//332 724//724 1347//1347
f 1347//1347 724//724 1346//1346
f 330//330 332//332 1348//1348
f 1348//1348 332//332 1347//1347
f 358//358 1348//1348 359//359
f 359//359 1348//1348 1347//1347
f 1348//1348 358//358 361//361
f 361//361 358//358 357//357
f 361//361 335//335 1348//1348
f 1348//1348 335//335 330//330
f 1102//1102 1349//1349 855//855
f 855//855 1349//1349 854//854
f 806//806 804//804 1102//1102
f 1102//1102 804//804 1349//1349
f 1349//1349 804//804 854//854
f 854//854 804//804 603//603
f 1350//1350 1351//1351 1352//1352
f 1352//1352 1351//1351 1353//1353
f 1354//1354 1352//1352 1355//1355
f 1355//1355 1352//1352 1353//1353
f 1356//1356 1352//1352 1357//1357
f 1357//1357 1352//1352 1354//1354
f 1358//1358 1350//1350 1356//1356
f 1356//1356 1350//1350 1352//1352
f 1359//1359 1360//1360 1361//1361
f 1361//1361 1360//1360 1362//1362
f 1363//1363 1364//1364 1360//1360
f 1360//1360 1364//1364 1362//1362
f 1365//1365 1366//1366 1364//1364
f 1364//1364 1366//1366 1362//1362
f 1362//1362 1366//1366 1367//1367
f 1367//1367 1366//1366 1368//1368
f 10//10 12//12 1367//1367
f 1367//1367 12//12 1362//1362
f 22//22 1361//1361 12//12
f 12//12 1361//1361 1362//1362
f 1369//1369 29//29 1370//1370
f 1370//1370 29//29 30//30
f 1370//1370 1371//1371 1369//1369
f 1369//1369 1371//1371 1372//1372
f 1369//1369 1372//1372 1373//1373
f 1373//1373 1372//1372 1374//1374
f 1373//1373 31//31 1369//1369
f 1369//1369 31//31 29//29
f 1375//1375 1376//1376 1377//1377
f 1377//1377 1376//1376 1378//1378
f 1377//1377 37//37 1375//1375
f 1375//1375 37//37 33//33
f 32//32 1379//1379 33//33
f 33//33 1379//1379 1375//1375
f 1379//1379 1380//1380 1375//1375
f 1375//1375 1380//1380 1376//1376
f 1381//1381 1382//1382 47//47
f 47//47 1382//1382 48//48
f 1383//1383 1384//1384 1381//1381
f 1381//1381 1384//1384 1382//1382
f 1385//1385 1386//1386 1384//1384
f 1384//1384 1386//1386 1382//1382
f 1386//1386 49//49 1382//1382
f 1382//1382 49//49 48//48
f 1387//1387 1388//1388 1389//1389
f 1389//1389 1388//1388 1390//1390
f 1389//1389 55//55 1387//1387
f 1387//1387 55//55 50//50
f 50//50 52//52 1387//1387
f 1387//1387 52//52 1391//1391
f 1388//1388 1387//1387 1392//1392
f 1392//1392 1387//1387 1391//1391
f 65//65 1393//1393 66//66
f 66//66 1393//1393 1394//1394
f 1395//1395 1394//1394 1396//1396
f 1396//1396 1394//1394 1393//1393
f 1394//1394 1395//1395 1397//1397
f 1397//1397 1395//1395 1398//1398
f 66//66 1394//1394 67//67
f 67//67 1394//1394 1397//1397
f 1399//1399 1400//1400 1401//1401
f 1401//1401 1400//1400 1402//1402
f 1403//1403 1400//1400 1404//1404
f 1404//1404 1400//1400 1399//1399
f 1403//1403 1405//1405 1400//1400
f 1400//1400 1405//1405 1406//1406
f 1400//1400 1406//1406 1402//1402
f 1402//1402 1406//1406 1407//1407
f 1408//1408 1409//1409 1410//1410
f 1410//1410 1409//1409 1411//1411
f 1409//1409 82//82 1411//1411
f 1411//1411 82//82 78//78
f 77//77 1412//1412 78//78
f 78//78 1412//1412 1411//1411
f 1410//1410 1411//1411 1413//1413
f 1413//1413 1411//1411 1412//1412
f 1414//1414 1415//1415 1416//1416
f 1416//1416 1415//1415 1417//1417
f 88//88 86//86 1415//1415
f 1415//1415 86//86 1417//1417
f 86//86 10//10 1417//1417
f 1417//1417 10//10 1367//1367
f 1367//1367 1368//1368 1417//1417
f 1417//1417 1368//1368 1416//1416
f 97//97 1418//1418 98//98
f 98//98 1418//1418 1419//1419
f 1418//1418 1420//1420 1419//1419
f 1419//1419 1420//1420 1421//1421
f 1419//1419 1421//1421 1422//1422
f 1422//1422 1421//1421 1351//1351
f 98//98 1419//1419 99//99
f 99//99 1419//1419 1422//1422
f 1423//1423 1424//1424 1425//1425
f 1425//1425 1424//1424 1426//1426
f 1427//1427 1425//1425 1385//1385
f 1385//1385 1425//1425 1426//1426
f 1428//1428 1429//1429 1427//1427
f 1427//1427 1429//1429 1425//1425
f 1430//1430 1423//1423 1429//1429
f 1429//1429 1423//1423 1425//1425
f 1431//1431 1432//1432 1433//1433
f 1433//1433 1432//1432 1434//1434
f 1435//1435 1436//1436 1431//1431
f 1431//1431 1436//1436 1432//1432
f 1437//1437 1438//1438 1436//1436
f 1436//1436 1438//1438 1432//1432
f 1439//1439 1440//1440 1438//1438
f 1438//1438 1440//1440 1432//1432
f 1441//1441 1434//1434 1440//1440
f 1440//1440 1434//1434 1432//1432
f 1442//1442 1443//1443 1444//1444
f 1444//1444 1443//1443 1445//1445
f 1443//1443 1442//1442 1446//1446
f 1446//1446 1442//1442 1447//1447
f 1446//1446 1448//1448 1443//1443
f 1443//1443 1448//1448 1445//1445
f 1449//1449 1450//1450 1427//1427
f 1427//1427 1450//1450 1428//1428
f 1385//1385 1384//1384 1427//1427
f 1427//1427 1384//1384 1449//1449
f 1383//1383 1451//1451 1384//1384
f 1384//1384 1451//1451 1449//1449
f 1451//1451 1452//1452 1449//1449
f 1449//1449 1452//1452 1450//1450
f 1453//1453 1454//1454 1455//1455
f 1455//1455 1454//1454 1456//1456
f 1455//1455 1365//1365 1453//1453
f 1453//1453 1365//1365 1364//1364
f 1363//1363 1457//1457 1364//1364
f 1364//1364 1457//1457 1453//1453
f 1405//1405 1403//1403 1457//1457
f 1457//1457 1403//1403 1453//1453
f 1404//1404 1458//1458 1403//1403
f 1403//1403 1458//1458 1453//1453
f 1459//1459 1454//1454 1458//1458
f 1458//1458 1454//1454 1453//1453
f 1460//1460 1461//1461 1462//1462
f 1462//1462 1461//1461 1463//1463
f 1461//1461 1464//1464 1463//1463
f 1463//1463 1464//1464 1465//1465
f 1357//1357 1354//1354 1465//1465
f 1465//1465 1354//1354 1463//1463
f 1354//1354 1355//1355 1463//1463
f 1463//1463 1355//1355 1462//1462
f 1466//149 1467//1466 1468//1467
f 1468//1467 1467//1466 1469//146
f 1470//143 1468//1467 1471//1468
f 1471//1468 1468//1467 1469//146
f 1470//143 1472//1469 1468//1467
f 1468//1467 1472//1469 1473//1470
f 1466//149 1468//1467 1474//1471
f 1474//1471 1468//1467 1473//1470
f 1475//1472 1476//1473 1477//1474
f 1477//1474 1476//1473 1478//1475
f 1476//1473 1475//1472 1479//1476
f 1479//1476 1475//1472 1480//1477
f 1479//1476 1398//1398 1476//1473
f 1476//1473 1398//1398 1395//1395
f 1476//1473 1395//1395 1478//1475
f 1478//1475 1395//1395 1396//1396
f 1481//1478 1482//1479 1483//1480
f 1483//1480 1482//1479 1484//1481
f 1485//1482 1481//1478 1486//1483
f 1486//1483 1481//1478 1483//1480
f 1487//1484 1488//1485 1485//1482
f 1485//1482 1488//1485 1481//1478
f 1482//1479 1481//1478 1380//1380
f 1380//1380 1481//1478 1488//1485
f 1486//1483 1489//1486 1485//1482
f 1485//1482 1489//1486 1490//1487
f 1489//1486 1491//1488 1490//1487
f 1490//1487 1491//1488 1492//1489
f 1490//1487 1492//1489 1493//1490
f 1493//1490 1492//1489 1494//1491
f 1493//1490 1487//1484 1490//1487
f 1490//1487 1487//1484 1485//1482
f 1495//1492 1496//1493 1497//1494
f 1497//1494 1496//1493 1498//1495
f 1477//1474 1478//1475 1495//1492
f 1495//1492 1478//1475 1496//1493
f 1496//1493 1478//1475 1499//1496
f 1499//1496 1478//1475 1396//1396
f 1496//1493 1499//1496 1498//1495
f 1498//1495 1499//1496 1500//1497
f 1501//1498 1502//1499 1503//1500
f 1503//1500 1502//1499 1504//1501
f 1503//1500 1504//1501 1505//1502
f 1505//1502 1504//1501 1506//1503
f 1388//1388 1503//1500 1390//1390
f 1390//1390 1503//1500 1505//1502
f 1392//1392 1501//1498 1388//1388
f 1388//1388 1501//1498 1503//1500
f 1507//1504 1508//1505 1509//1506
f 1509//1506 1508//1505 1510//1507
f 1508//1505 1511//1508 1510//1507
f 1510//1507 1511//1508 1512//1509
f 1513//1510 1514//1511 1512//1509
f 1512//1509 1514//1511 1510//1507
f 1509//1506 1510//1507 1515//1512
f 1515//1512 1510//1507 1514//1511
f 1516//1513 1517//1514 1518//1515
f 1518//1515 1517//1514 1519//1516
f 1520//1517 1521//1518 1519//1516
f 1519//1516 1521//1518 1518//1515
f 1521//1518 1522//1519 1518//1515
f 1518//1515 1522//1519 1523//1520
f 1523//1520 1524//1521 1518//1515
f 1518//1515 1524//1521 1516//1513
f 1525//1522 1526//1523 1520//1517
f 1520//1517 1526//1523 1521//1518
f 1527//1524 1528//1525 1525//1522
f 1525//1522 1528//1525 1526//1523
f 1528//1525 1529//1526 1526//1523
f 1526//1523 1529//1526 1530//1527
f 1526//1523 1530//1527 1521//1518
f 1521//1518 1530//1527 1522//1519
f 1531//1528 1532//1529 1533//1530
f 1533//1530 1532//1529 1534//1531
f 210//210 209//209 1532//1529
f 1532//1529 209//209 1534//1531
f 1415//1415 1534//1531 88//88
f 88//88 1534//1531 209//209
f 1533//1530 1534//1531 1414//1414
f 1414//1414 1534//1531 1415//1415
f 1535//1532 1536//1533 220//220
f 220//220 1536//1533 221//221
f 1537//1534 1538//1535 1535//1532
f 1535//1532 1538//1535 1536//1533
f 1539//1536 1540//1537 1538//1535
f 1538//1535 1540//1537 1536//1533
f 1536//1533 1540//1537 221//221
f 221//221 1540//1537 222//222
f 1541//1538 1542//1539 1543//1540
f 1543//1540 1542//1539 1544//1541
f 1542//1539 1545//1542 1544//1541
f 1544//1541 1545//1542 1546//1543
f 1544//1541 1546//1543 1547//1544
f 1547//1544 1546//1543 1456//1456
f 1547//1544 1548//1545 1544//1541
f 1544//1541 1548//1545 1543//1540
f 237//237 1549//1546 238//238
f 238//238 1549//1546 1550//1547
f 1549//1546 1551//1548 1550//1547
f 1550//1547 1551//1548 1552//1549
f 1550//1547 1552//1549 1553//1550
f 1553//1550 1552//1549 1554//1551
f 238//238 1550//1547 239//239
f 239//239 1550//1547 1553//1550
f 1555//1552 1556//1553 1557//1554
f 1557//1554 1556//1553 1558//1555
f 1557//1554 1558//1555 1559//1556
f 1559//1556 1558//1555 1560//1557
f 1561//1558 1557//1554 1562//1559
f 1562//1559 1557//1554 1559//1556
f 1557//1554 1561//1558 1555//1552
f 1555//1552 1561//1558 1563//1560
f 1564//1561 1565//1562 1566//1563
f 1566//1563 1565//1562 1567//1564
f 253//253 249//249 1565//1562
f 1565//1562 249//249 1567//1564
f 249//249 251//251 1567//1564
f 1567//1564 251//251 1568//1565
f 1567//1564 1568//1565 1566//1563
f 1566//1563 1568//1565 1569//1566
f 264//264 1570//1567 265//265
f 265//265 1570//1567 1571//1568
f 1570//1567 1572//1569 1571//1568
f 1571//1568 1572//1569 1573//1570
f 1571//1568 1573//1570 1574//1571
f 1574//1571 1573//1570 1575//1572
f 265//265 1571//1568 266//266
f 266//266 1571//1568 1574//1571
f 1576//1573 1577//1574 1578//1575
f 1578//1575 1577//1574 1579//1576
f 1577//1574 1580//1577 1579//1576
f 1579//1576 1580//1577 1581//1578
f 1579//1576 1581//1578 1582//1579
f 1582//1579 1581//1578 1583//1580
f 1578//1575 1579//1576 1584//1581
f 1584//1581 1579//1576 1582//1579
f 1585//1582 1586//1583 1587//1584
f 1587//1584 1586//1583 1588//1585
f 1586//1583 281//281 1588//1585
f 1588//1585 281//281 278//278
f 1588//1585 278//278 1589//1586
f 1589//1586 278//278 279//279
f 1587//1584 1588//1585 1590//1587
f 1590//1587 1588//1585 1589//1586
f 1377//1377 1591//1588 37//37
f 37//37 1591//1588 289//289
f 1591//1588 1377//1377 1592//1589
f 1592//1589 1377//1377 1378//1378
f 1593//1590 1591//1588 1594//1591
f 1594//1591 1591//1588 1592//1589
f 290//290 289//289 1593//1590
f 1593//1590 289//289 1591//1588
f 1595//1592 1596//1593 1423//1423
f 1423//1423 1596//1593 1424//1424
f 1597//1594 1595//1592 1430//1430
f 1430//1430 1595//1592 1423//1423
f 1598//1595 1599//1596 1597//1594
f 1597//1594 1599//1596 1595//1592
f 1599//1596 1359//1359 1595//1592
f 1595//1592 1359//1359 1596//1593
f 1600//1597 298//298 1601//1598
f 1601//1598 298//298 299//299
f 1601//1598 1424//1424 1600//1597
f 1600//1597 1424//1424 1596//1593
f 1600//1597 1596//1593 1361//1361
f 1361//1361 1596//1593 1359//1359
f 1361//1361 22//22 1600//1597
f 1600//1597 22//22 298//298
f 1602//1599 1603//1600 1604//1601
f 1604//1601 1603//1600 1605//1602
f 1606//1603 1607//1604 1602//1599
f 1602//1599 1607//1604 1603//1600
f 1608//1605 1609//1606 1607//1604
f 1607//1604 1609//1606 1603//1600
f 1605//1602 1603//1600 1610//1607
f 1610//1607 1603//1600 1609//1606
f 1611//1608 1612//1609 1613//1610
f 1613//1610 1612//1609 1614//1611
f 1611//1608 1604//1601 1612//1609
f 1612//1609 1604//1601 1605//1602
f 1610//1607 1615//1612 1605//1602
f 1605//1602 1615//1612 1612//1609
f 1616//1613 1614//1611 1615//1612
f 1615//1612 1614//1611 1612//1609
f 1617//1614 1618//1615 1619//1616
f 1619//1616 1618//1615 1620//1617
f 1619//1616 1620//1617 1621//1618
f 1621//1618 1620//1617 1622//1619
f 1623//1620 1619//1616 1624//1621
f 1624//1621 1619//1616 1621//1618
f 1619//1616 1623//1620 1617//1614
f 1617//1614 1623//1620 1625//1622
f 1626//1623 1627//1624 1628//1625
f 1628//1625 1627//1624 1629//1626
f 1628//1625 1629//1626 1617//1614
f 1617//1614 1629//1626 1618//1615
f 1617//1614 1625//1622 1628//1625
f 1628//1625 1625//1622 1630//1627
f 1631//1628 1626//1623 1630//1627
f 1630//1627 1626//1623 1628//1625
f 1632//1629 1633//1630 1634//1631
f 1634//1631 1633//1630 1635//1632
f 1635//1632 1636//1633 1634//1631
f 1634//1631 1636//1633 1637//1634
f 1637//1634 1638//1635 1634//1631
f 1634//1631 1638//1635 1639//1636
f 1632//1629 1634//1631 1640//1637
f 1640//1637 1634//1631 1639//1636
f 1641//1638 1642//1639 1643//1640
f 1643//1640 1642//1639 1644//1641
f 1633//1630 1632//1629 1642//1639
f 1642//1639 1632//1629 1644//1641
f 1632//1629 1640//1637 1644//1641
f 1644//1641 1640//1637 1645//1642
f 1643//1640 1644//1641 1646//1643
f 1646//1643 1644//1641 1645//1642
f 1647//1644 1648//1645 1649//1646
f 1649//1646 1648//1645 1650//1647
f 1649//1646 1651//1648 1647//1644
f 1647//1644 1651//1648 1652//1649
f 1652//1649 1653//1650 1647//1644
f 1647//1644 1653//1650 1654//1651
f 1648//1645 1647//1644 1655//1652
f 1655//1652 1647//1644 1654//1651
f 1656//1653 1657//1654 1658//1655
f 1658//1655 1657//1654 1659//1656
f 1650//1647 1648//1645 1657//1654
f 1657//1654 1648//1645 1659//1656
f 1648//1645 1655//1652 1659//1656
f 1659//1656 1655//1652 1660//1657
f 1658//1655 1659//1656 1661//1658
f 1661//1658 1659//1656 1660//1657
f 1662//1659 1663//1660 1664//1661
f 1664//1661 1663//1660 1665//1662
f 1663//1660 1662//1659 1666//1663
f 1666//1663 1662//1659 1667//1664
f 1668//1665 1663//1660 1656//1653
f 1656//1653 1663//1660 1666//1663
f 1663//1660 1668//1665 1635//1632
f 1635//1632 1668//1665 1636//1633
f 1633//1630 1665//1662 1635//1632
f 1635//1632 1665//1662 1663//1660
f 1669//1666 1670//1667 1671//1668
f 1671//1668 1670//1667 1672//1669
f 1669//1666 1671//1668 1665//1662
f 1665//1662 1671//1668 1664//1661
f 1642//1639 1669//1666 1633//1630
f 1633//1630 1669//1666 1665//1662
f 1642//1639 1641//1638 1669//1666
f 1669//1666 1641//1638 1670//1667
f 1673//1670 1674//1671 1675//1672
f 1675//1672 1674//1671 1676//1673
f 1670//1667 1673//1670 1672//1669
f 1672//1669 1673//1670 1675//1672
f 1641//1638 1677//1674 1670//1667
f 1670//1667 1677//1674 1673//1670
f 1673//1670 1677//1674 1649//1646
f 1649//1646 1677//1674 1651//1648
f 1649//1646 1650//1647 1673//1670
f 1673//1670 1650//1647 1674//1671
f 1666//1663 1667//1664 1678//1675
f 1678//1675 1667//1664 1679//1676
f 1674//1671 1678//1675 1676//1673
f 1676//1673 1678//1675 1679//1676
f 1678//1675 1674//1671 1657//1654
f 1657//1654 1674//1671 1650//1647
f 1656//1653 1666//1663 1657//1654
f 1657//1654 1666//1663 1678//1675
f 1680//1677 1681//1678 1682//1679
f 1682//1679 1681//1678 1683//1680
f 1681//1678 1684//1681 1683//1680
f 1683//1680 1684//1681 1685//1682
f 1683//1680 1685//1682 1686//1683
f 1686//1683 1685//1682 1687//1684
f 1686//1683 1688//1685 1683//1680
f 1683//1680 1688//1685 1682//1679
f 1689//1686 1690//1687 1691//1688
f 1691//1688 1690//1687 1692//1689
f 1693//1690 1694//1691 1689//1686
f 1689//1686 1694//1691 1690//1687
f 1694//1691 1695//1692 1690//1687
f 1690//1687 1695//1692 1696//1693
f 1696//1693 1697//1694 1690//1687
f 1690//1687 1697//1694 1692//1689
f 1698//1695 1699//1696 1700//1697
f 1700//1697 1699//1696 1701//1698
f 1702//1699 1703//1700 1698//1695
f 1698//1695 1703//1700 1699//1696
f 1704//1701 1699//1696 1705//1702
f 1705//1702 1699//1696 1703//1700
f 1699//1696 1704//1701 1701//1698
f 1701//1698 1704//1701 1706//1703
f 1684//1681 1707//1704 1685//1682
f 1685//1682 1707//1704 1708//1705
f 1707//1704 1709//1706 1708//1705
f 1708//1705 1709//1706 1710//1707
f 1708//1705 1710//1707 1711//1708
f 1711//1708 1710//1707 1712//1709
f 1685//1682 1708//1705 1687//1684
f 1687//1684 1708//1705 1711//1708
f 1713//1710 1714//1711 1715//1712
f 1715//1712 1714//1711 1716//1713
f 1717//1714 1718//1715 1716//1713
f 1716//1713 1718//1715 1715//1712
f 1719//1716 1715//1712 1720//1717
f 1720//1717 1715//1712 1718//1715
f 1721//1718 1713//1710 1719//1716
f 1719//1716 1713//1710 1715//1712
f 1722//1719 1723//1720 1724//1721
f 1724//1721 1723//1720 1725//1722
f 1722//1719 1724//1721 1726//1723
f 1726//1723 1724//1721 1727//1724
f 1728//1725 1722//1719 1729//1726
f 1729//1726 1722//1719 1726//1723
f 1722//1719 1728//1725 1723//1720
f 1723//1720 1728//1725 1730//1727
f 1731//1728 1732//1729 1733//1730
f 1733//1730 1732//1729 1734//1731
f 1735//1732 1734//1731 1736//1733
f 1736//1733 1734//1731 1732//1729
f 1734//1731 1735//1732 1737//1734
f 1737//1734 1735//1732 1738//1735
f 1733//1730 1734//1731 1739//1736
f 1739//1736 1734//1731 1737//1734
f 1740//1737 1741//1738 1717//1714
f 1717//1714 1741//1738 1718//1715
f 1742//1739 1743//1740 1740//1737
f 1740//1737 1743//1740 1741//1738
f 1744//1741 1745//1742 1743//1740
f 1743//1740 1745//1742 1741//1738
f 1741//1738 1745//1742 1718//1715
f 1718//1715 1745//1742 1720//1717
f 1746//1743 1747//1744 1748//1745
f 1748//1745 1747//1744 1749//1746
f 1747//1744 1750//1747 1749//1746
f 1749//1746 1750//1747 1751//1748
f 1749//1746 1751//1748 1752//1749
f 1752//1749 1751//1748 1753//1750
f 1748//1745 1749//1746 1754//1751
f 1754//1751 1749//1746 1752//1749
f 1755//1752 1756//1753 1757//1754
f 1757//1754 1756//1753 1758//1755
f 1759//1756 1760//1757 1756//1753
f 1756//1753 1760//1757 1758//1755
f 1760//1757 1761//1758 1758//1755
f 1758//1755 1761//1758 1762//1759
f 1758//1755 1762//1759 1757//1754
f 1757//1754 1762//1759 1763//1760
f 1764//1761 1765//1762 1766//1763
f 1766//1763 1765//1762 1767//1764
f 1768//1765 1769//1766 1765//1762
f 1765//1762 1769//1766 1767//1764
f 1769//1766 1770//1767 1767//1764
f 1767//1764 1770//1767 1771//1768
f 1766//1763 1767//1764 1772//1769
f 1772//1769 1767//1764 1771//1768
f 1750//1747 1773//1770 1751//1748
f 1751//1748 1773//1770 1774//1771
f 1773//1770 1775//1772 1774//1771
f 1774//1771 1775//1772 1776//1773
f 1774//1771 1776//1773 1777//1774
f 1777//1774 1776//1773 1778//1775
f 1751//1748 1774//1771 1753//1750
f 1753//1750 1774//1771 1777//1774
f 479//479 290//290 1779//1776
f 1779//1776 290//290 1593//1590
f 1779//1776 1593//1590 1780//1777
f 1780//1777 1593//1590 1594//1591
f 1391//1391 1779//1776 1392//1392
f 1392//1392 1779//1776 1780//1777
f 52//52 479//479 1391//1391
f 1391//1391 479//479 1779//1776
f 1781//1778 481//481 1386//1386
f 1386//1386 481//481 49//49
f 1385//1385 1426//1426 1386//1386
f 1386//1386 1426//1426 1781//1778
f 1424//1424 1601//1598 1426//1426
f 1426//1426 1601//1598 1781//1778
f 481//481 1781//1778 299//299
f 299//299 1781//1778 1601//1598
f 1782//1779 1356//1356 1783//1780
f 1783//1780 1356//1356 1357//1357
f 1782//1779 1783//1780 1784//1781
f 1784//1781 1783//1780 1396//1396
f 1784//1781 1358//1358 1782//1779
f 1782//1779 1358//1358 1356//1356
f 1499//1496 1785//1782 1500//1497
f 1500//1497 1785//1782 1786//1783
f 1396//1396 1783//1780 1499//1496
f 1499//1496 1783//1780 1785//1782
f 1783//1780 1357//1357 1785//1782
f 1785//1782 1357//1357 1465//1465
f 1785//1782 1465//1465 1786//1783
f 1786//1783 1465//1465 1464//1464
f 1787//1784 1788//1785 1494//1491
f 1494//1491 1788//1785 1493//1490
f 1401//1401 1402//1402 1787//1784
f 1787//1784 1402//1402 1788//1785
f 1402//1402 1407//1407 1788//1785
f 1788//1785 1407//1407 1789//1786
f 1788//1785 1789//1786 1493//1490
f 1493//1490 1789//1786 1487//1484
f 1790//1787 1791//1788 1792//1789
f 1792//1789 1791//1788 1598//1595
f 1376//1376 1790//1787 1378//1378
f 1378//1378 1790//1787 1792//1789
f 1790//1787 1376//1376 1488//1485
f 1488//1485 1376//1376 1380//1380
f 1487//1484 1789//1786 1488//1485
f 1488//1485 1789//1786 1790//1787
f 1407//1407 1791//1788 1789//1786
f 1789//1786 1791//1788 1790//1787
f 1793//1790 1794//1791 1592//1589
f 1592//1589 1794//1791 1594//1591
f 1792//1789 1793//1790 1378//1378
f 1378//1378 1793//1790 1592//1589
f 1598//1595 1597//1594 1792//1789
f 1792//1789 1597//1594 1793//1790
f 1597//1594 1430//1430 1793//1790
f 1793//1790 1430//1430 1794//1791
f 1594//1591 1794//1791 1795//1792
f 1795//1792 1794//1791 1796//1793
f 1796//1793 1794//1791 1429//1429
f 1429//1429 1794//1791 1430//1430
f 1428//1428 1797//1794 1429//1429
f 1429//1429 1797//1794 1796//1793
f 1530//1527 1796//1793 1522//1519
f 1522//1519 1796//1793 1797//1794
f 1796//1793 1530//1527 1795//1792
f 1795//1792 1530//1527 1529//1526
f 1798//1795 1524//1521 1799//1796
f 1799//1796 1524//1521 1523//1520
f 1522//1519 1797//1794 1523//1520
f 1523//1520 1797//1794 1799//1796
f 1450//1450 1799//1796 1428//1428
f 1428//1428 1799//1796 1797//1794
f 1452//1452 1798//1795 1450//1450
f 1450//1450 1798//1795 1799//1796
f 1800//1797 1801//1798 1513//1510
f 1513//1510 1801//1798 1514//1511
f 1801//1798 1800//1797 1802//1799
f 1802//1799 1800//1797 1448//1448
f 1802//1799 1515//1512 1801//1798
f 1801//1798 1515//1512 1514//1511
f 506//506 1803//1800 507//507
f 507//507 1803//1800 1804//1801
f 1515//1512 1802//1799 1803//1800
f 1803//1800 1802//1799 1804//1801
f 1804//1801 1802//1799 1805//1802
f 1805//1802 1802//1799 1448//1448
f 1371//1371 1370//1370 1805//1802
f 1805//1802 1370//1370 1804//1801
f 1370//1370 30//30 1804//1801
f 1804//1801 30//30 507//507
f 1359//1359 1599//1596 1360//1360
f 1360//1360 1599//1596 1806//1803
f 1598//1595 1791//1788 1599//1596
f 1599//1596 1791//1788 1806//1803
f 1407//1407 1406//1406 1791//1788
f 1791//1788 1406//1406 1806//1803
f 1405//1405 1457//1457 1406//1406
f 1406//1406 1457//1457 1806//1803
f 1363//1363 1360//1360 1457//1457
f 1457//1457 1360//1360 1806//1803
f 1807//1804 1808//1805 1809//1806
f 1809//1806 1808//1805 1810//1807
f 1811//1808 1812//1809 1807//1804
f 1807//1804 1812//1809 1808//1805
f 1508//1505 1808//1805 1511//1508
f 1511//1508 1808//1805 1812//1809
f 1508//1505 1507//1504 1808//1805
f 1808//1805 1507//1504 1810//1807
f 1704//1701 1813//1810 1706//1703
f 1706//1703 1813//1810 1814//1811
f 1705//1702 1815//1812 1704//1701
f 1704//1701 1815//1812 1813//1810
f 1815//1812 1506//1503 1813//1810
f 1813//1810 1506//1503 1504//1501
f 1813//1810 1504//1501 1814//1811
f 1814//1811 1504//1501 1502//1499
f 1687//1684 1711//1708 1816//1813
f 1816//1813 1711//1708 1817//1814
f 1711//1708 1712//1709 1817//1814
f 1817//1814 1712//1709 1818//1815
f 1818//1815 1527//1524 1817//1814
f 1817//1814 1527//1524 1525//1522
f 1816//1813 1817//1814 1520//1517
f 1520//1517 1817//1814 1525//1522
f 1688//1685 1686//1683 1819//1816
f 1819//1816 1686//1683 1820//1817
f 1686//1683 1687//1684 1820//1817
f 1820//1817 1687//1684 1816//1813
f 1820//1817 1816//1813 1519//1516
f 1519//1516 1816//1813 1520//1517
f 1819//1816 1820//1817 1517//1514
f 1517//1514 1820//1817 1519//1516
f 1821//1818 1822//1819 1823//1820
f 1823//1820 1822//1819 1824//1821
f 1823//1820 1825//1822 1821//1818
f 1821//1818 1825//1822 1826//1823
f 1821//1818 1826//1823 1732//1729
f 1732//1729 1826//1823 1736//1733
f 1732//1729 1731//1728 1821//1818
f 1821//1818 1731//1728 1822//1819
f 1827//1824 1828//1825 1829//1826
f 1829//1826 1828//1825 1830//1827
f 1831//1828 1827//1824 1832//1829
f 1832//1829 1827//1824 1829//1826
f 1727//1724 1724//1721 1831//1828
f 1831//1828 1724//1721 1827//1824
f 1724//1721 1725//1722 1827//1824
f 1827//1824 1725//1722 1828//1825
f 1833//1830 1834//1831 1835//1832
f 1835//1832 1834//1831 1836//1833
f 1834//1831 1833//1830 1837//1834
f 1837//1834 1833//1830 1838//1835
f 1716//1713 1834//1831 1717//1714
f 1717//1714 1834//1831 1837//1834
f 1834//1831 1716//1713 1836//1833
f 1836//1833 1716//1713 1714//1711
f 1839//1836 1840//1837 1838//1835
f 1838//1835 1840//1837 1837//1834
f 1841//1838 1842//1839 1839//1836
f 1839//1836 1842//1839 1840//1837
f 1842//1839 1742//1739 1840//1837
f 1840//1837 1742//1739 1740//1737
f 1717//1714 1837//1834 1740//1737
f 1740//1737 1837//1834 1840//1837
f 1843//1840 1844//1841 1845//1842
f 1845//1842 1844//1841 1846//1843
f 547//547 545//545 1845//1842
f 1845//1842 545//545 1843//1840
f 545//545 210//210 1843//1840
f 1843//1840 210//210 1532//1529
f 1844//1841 1843//1840 1531//1528
f 1531//1528 1843//1840 1532//1529
f 1847//1844 1848//1845 1542//1539
f 1542//1539 1848//1845 1545//1542
f 1849//1846 1847//1844 1541//1538
f 1541//1538 1847//1844 1542//1539
f 1847//1844 1849//1846 1850//1847
f 1850//1847 1849//1846 1851//1848
f 1850//1847 1852//1849 1847//1844
f 1847//1844 1852//1849 1848//1845
f 1853//1850 1854//1851 1855//1852
f 1855//1852 1854//1851 1856//1853
f 1857//1854 1856//1853 1858//1855
f 1858//1855 1856//1853 1854//1851
f 1562//1559 1559//1556 1857//1854
f 1857//1854 1559//1556 1856//1853
f 1559//1556 1560//1557 1856//1853
f 1856//1853 1560//1557 1855//1852
f 1859//1856 1860//1857 1861//1858
f 1861//1858 1860//1857 1862//1859
f 1861//1858 1862//1859 1863//1860
f 1863//1860 1862//1859 1864//1861
f 1581//1578 1861//1858 1583//1580
f 1583//1580 1861//1858 1863//1860
f 1580//1577 1859//1856 1581//1578
f 1581//1578 1859//1856 1861//1858
f 1580//1577 1865//1862 1866//1863
f 1866//1863 1865//1862 1867//1864
f 1868//1865 1867//1864 1869//1866
f 1869//1866 1867//1864 1865//1862
f 1870//1867 1871//1868 1868//1865
f 1868//1865 1871//1868 1867//1864
f 1872//1869 1873//1870 1871//1868
f 1871//1868 1873//1870 1867//1864
f 1873//1870 1874//1871 1867//1864
f 1867//1864 1874//1871 1866//1863
f 1875//1872 1876//1873 1877//1874
f 1877//1874 1876//1873 1878//1875
f 579//579 1877//1874 581//581
f 581//581 1877//1874 1878//1875
f 547//547 1845//1842 579//579
f 579//579 1845//1842 1877//1874
f 1877//1874 1845//1842 1875//1872
f 1875//1872 1845//1842 1846//1843
f 1879//1876 1880//1877 1881//1878
f 1881//1878 1880//1877 1882//1879
f 1882//1879 1880//1877 1883//1880
f 1883//1880 1880//1877 1884//1881
f 1885//1882 1886//1883 1883//1880
f 1883//1880 1886//1883 1882//1879
f 1887//1884 1888//1885 1886//1883
f 1886//1883 1888//1885 1882//1879
f 1882//1879 1888//1885 1881//1878
f 1881//1878 1888//1885 1889//1886
f 1890//1887 1891//1888 1892//1889
f 1892//1889 1891//1888 1893//1890
f 1892//1889 1894//1891 1890//1887
f 1890//1887 1894//1891 1895//1892
f 1896//1893 1897//1894 1895//1892
f 1895//1892 1897//1894 1890//1887
f 1897//1894 1898//1895 1890//1887
f 1890//1887 1898//1895 1891//1888
f 1899//1896 1900//1897 1901//1898
f 1901//1898 1900//1897 1902//1899
f 1900//1897 1899//1896 1903//1900
f 1903//1900 1899//1896 1904//1901
f 1903//1900 1864//1861 1900//1897
f 1900//1897 1864//1861 1862//1859
f 1860//1857 1902//1899 1862//1859
f 1862//1859 1902//1899 1900//1897
f 1905//1902 1906//1903 1907//1904
f 1907//1904 1906//1903 1908//1905
f 1909//1906 1905//1902 1910//1907
f 1910//1907 1905//1902 1907//1904
f 1905//1902 1909//1906 1906//1903
f 1906//1903 1909//1906 617//617
f 1420//1420 1911//1908 1421//1421
f 1421//1421 1911//1908 1912//1909
f 1911//1908 1913//1910 1912//1909
f 1912//1909 1913//1910 1914//1911
f 1914//1911 1355//1355 1912//1909
f 1912//1909 1355//1355 1353//1353
f 1421//1421 1912//1909 1351//1351
f 1351//1351 1912//1909 1353//1353
f 1915//1912 1916//1913 1555//1552
f 1555//1552 1916//1913 1556//1553
f 1555//1552 1563//1560 1915//1912
f 1915//1912 1563//1560 1917//1914
f 1554//1551 1552//1549 1917//1914
f 1917//1914 1552//1549 1915//1912
f 1552//1549 1551//1548 1915//1912
f 1915//1912 1551//1548 1916//1913
f 1918//1915 1576//1573 1919//1916
f 1919//1916 1576//1573 1578//1575
f 1919//1916 1578//1575 1920//1917
f 1920//1917 1578//1575 1584//1581
f 1573//1570 1919//1916 1575//1572
f 1575//1572 1919//1916 1920//1917
f 1572//1569 1918//1915 1573//1570
f 1573//1570 1918//1915 1919//1916
f 1921//1918 1922//1919 1923//1920
f 1923//1920 1922//1919 1924//1921
f 1925//1922 1926//1923 1921//1918
f 1921//1918 1926//1923 1922//1919
f 1926//1923 1539//1536 1922//1919
f 1922//1919 1539//1536 1538//1535
f 1924//1921 1922//1919 1537//1534
f 1537//1534 1922//1919 1538//1535
f 1927//1924 1928//1925 1929//1926
f 1929//1926 1928//1925 1930//1927
f 1931//1928 1927//1924 1932//1929
f 1932//1929 1927//1924 1929//1926
f 1910//1907 1907//1904 1931//1928
f 1931//1928 1907//1904 1927//1924
f 1907//1904 1908//1905 1927//1924
f 1927//1924 1908//1905 1928//1925
f 1933//1930 1899//1896 1934//1931
f 1934//1931 1899//1896 1901//1898
f 1587//1584 1933//1930 1585//1582
f 1585//1582 1933//1930 1934//1931
f 1933//1930 1587//1584 1935//1932
f 1935//1932 1587//1584 1590//1587
f 1935//1932 1904//1901 1933//1930
f 1933//1930 1904//1901 1899//1896
f 1936//1933 1937//1934 1938//1935
f 1938//1935 1937//1934 1939//1936
f 1938//1935 1564//1561 1936//1933
f 1936//1933 1564//1561 1566//1563
f 1566//1563 1569//1566 1936//1933
f 1936//1933 1569//1566 1940//1937
f 1936//1933 1940//1937 1937//1934
f 1937//1934 1940//1937 1941//1938
f 1942//1939 1943//1940 1944//1941
f 1944//1941 1943//1940 1945//1942
f 1944//1941 1945//1942 1410//1410
f 1410//1410 1945//1942 1408//1408
f 1410//1410 1413//1413 1944//1941
f 1944//1941 1413//1413 1946//1943
f 1947//1944 1942//1939 1946//1943
f 1946//1943 1942//1939 1944//1941
f 1948//1945 1949//1946 1950//1947
f 1950//1947 1949//1946 1951//1948
f 1949//1946 1876//1873 1951//1948
f 1951//1948 1876//1873 1875//1872
f 1952//1949 1951//1948 1846//1843
f 1846//1843 1951//1948 1875//1872
f 1852//1849 1950//1947 1952//1949
f 1952//1949 1950//1947 1951//1948
f 1852//1849 1952//1949 1848//1845
f 1848//1845 1952//1949 1953//1950
f 1952//1949 1846//1843 1953//1950
f 1953//1950 1846//1843 1844//1841
f 1953//1950 1844//1841 1954//1951
f 1954//1951 1844//1841 1531//1528
f 1848//1845 1953//1950 1545//1542
f 1545//1542 1953//1950 1954//1951
f 1955//1952 1546//1543 1954//1951
f 1954//1951 1546//1543 1545//1542
f 1531//1528 1533//1530 1954//1951
f 1954//1951 1533//1530 1955//1952
f 1414//1414 1956//1953 1533//1530
f 1533//1530 1956//1953 1955//1952
f 1955//1952 1956//1953 1546//1543
f 1546//1543 1956//1953 1456//1456
f 1957//1954 1455//1455 1956//1953
f 1956//1953 1455//1455 1456//1456
f 1956//1953 1414//1414 1957//1954
f 1957//1954 1414//1414 1416//1416
f 1366//1366 1957//1954 1368//1368
f 1368//1368 1957//1954 1416//1416
f 1366//1366 1365//1365 1957//1954
f 1957//1954 1365//1365 1455//1455
f 1958//1955 1959//1956 1960//1957
f 1960//1957 1959//1956 1961//1958
f 1961//1958 1962//1959 1960//1957
f 1960//1957 1962//1959 1963//1960
f 1960//1957 1963//1960 1850//1847
f 1850//1847 1963//1960 1852//1849
f 1850//1847 1851//1848 1960//1957
f 1960//1957 1851//1848 1958//1955
f 1962//1959 1964//1961 1963//1960
f 1963//1960 1964//1961 1965//1962
f 1966//1963 1967//1964 1964//1961
f 1964//1961 1967//1964 1965//1962
f 1967//1964 1948//1945 1965//1962
f 1965//1962 1948//1945 1950//1947
f 1965//1962 1950//1947 1963//1960
f 1963//1960 1950//1947 1852//1849
f 1967//1964 1966//1963 1968//1965
f 1968//1965 1966//1963 1969//1966
f 1969//1966 1970//1967 1968//1965
f 1968//1965 1970//1967 1971//1968
f 1972//1969 1968//1965 1947//1944
f 1947//1944 1968//1965 1971//1968
f 1968//1965 1972//1969 1967//1964
f 1967//1964 1972//1969 1948//1945
f 1973//1970 1974//1971 1975//1972
f 1975//1972 1974//1971 1976//1973
f 1977//1974 1974//1971 1978//1975
f 1978//1975 1974//1971 1973//1970
f 1974//1971 1977//1974 1961//1958
f 1961//1958 1977//1974 1962//1959
f 1974//1971 1961//1958 1976//1973
f 1976//1973 1961//1958 1959//1956
f 1979//1976 1977//1974 1980//1977
f 1980//1977 1977//1974 1978//1975
f 1979//1976 1980//1977 1981//1978
f 1981//1978 1980//1977 1982//1979
f 1979//1976 1981//1978 1964//1961
f 1964//1961 1981//1978 1966//1963
f 1977//1974 1979//1976 1962//1959
f 1962//1959 1979//1976 1964//1961
f 1981//1978 1982//1979 1983//1980
f 1983//1980 1982//1979 1984//1981
f 1983//1980 1984//1981 1985//1982
f 1985//1982 1984//1981 1986//1983
f 1970//1967 1969//1966 1985//1982
f 1985//1982 1969//1966 1983//1980
f 1966//1963 1981//1978 1969//1966
f 1969//1966 1981//1978 1983//1980
f 1987//1984 1988//1985 1986//1983
f 1986//1983 1988//1985 1985//1982
f 1989//1986 1990//1987 1987//1984
f 1987//1984 1990//1987 1988//1985
f 1990//1987 1991//1988 1988//1985
f 1988//1985 1991//1988 1992//1989
f 1992//1989 1970//1967 1988//1985
f 1988//1985 1970//1967 1985//1982
f 1883//1880 1993//1990 1885//1882
f 1885//1882 1993//1990 1994//1991
f 1883//1880 1884//1881 1993//1990
f 1993//1990 1884//1881 1995//1992
f 1995//1992 1986//1983 1993//1990
f 1993//1990 1986//1983 1984//1981
f 1994//1991 1993//1990 1982//1979
f 1982//1979 1993//1990 1984//1981
f 1886//1883 1996//1993 1887//1884
f 1887//1884 1996//1993 1997//1994
f 1886//1883 1885//1882 1996//1993
f 1996//1993 1885//1882 1994//1991
f 1994//1991 1982//1979 1996//1993
f 1996//1993 1982//1979 1980//1977
f 1996//1993 1980//1977 1997//1994
f 1997//1994 1980//1977 1978//1975
f 1888//1885 1998//1995 1889//1886
f 1889//1886 1998//1995 1999//1996
f 1888//1885 1887//1884 1998//1995
f 1998//1995 1887//1884 1997//1994
f 1997//1994 1978//1975 1998//1995
f 1998//1995 1978//1975 1973//1970
f 1973//1970 1975//1972 1998//1995
f 1998//1995 1975//1972 1999//1996
f 1880//1877 2000//1997 1884//1881
f 1884//1881 2000//1997 1995//1992
f 2001//1998 2000//1997 1879//1876
f 1879//1876 2000//1997 1880//1877
f 1987//1984 2000//1997 1989//1986
f 1989//1986 2000//1997 2001//1998
f 2000//1997 1987//1984 1995//1992
f 1995//1992 1987//1984 1986//1983
f 1858//1855 2002//1999 1857//1854
f 1857//1854 2002//1999 2003//2000
f 1849//1846 2003//2000 1851//1848
f 1851//1848 2003//2000 2002//1999
f 2003//2000 1849//1846 2004//2001
f 2004//2001 1849//1846 1541//1538
f 1857//1854 2003//2000 1562//1559
f 1562//1559 2003//2000 2004//2001
f 2005//2002 2006//2003 1548//1545
f 1548//1545 2006//2003 1543//1540
f 2006//2003 2005//2002 1561//1558
f 1561//1558 2005//2002 1563//1560
f 2004//2001 2006//2003 1562//1559
f 1562//1559 2006//2003 1561//1558
f 1541//1538 1543//1540 2004//2001
f 2004//2001 1543//1540 2006//2003
f 1610//1607 1609//1606 2007//2004
f 2007//2004 1609//1606 2008//2005
f 1609//1606 1608//1605 2008//2005
f 2008//2005 1608//1605 2009//2006
f 2008//2005 2009//2006 1489//1486
f 1489//1486 2009//2006 1491//1488
f 2007//2004 2008//2005 1486//1483
f 1486//1483 2008//2005 1489//1486
f 2010//2007 1616//1613 2011//2008
f 2011//2008 1616//1613 1615//1612
f 1610//1607 2007//2004 1615//1612
f 1615//1612 2007//2004 2011//2008
f 2011//2008 2007//2004 1483//1480
f 1483//1480 2007//2004 1486//1483
f 2010//2007 2011//2008 1484//1481
f 1484//1481 2011//2008 1483//1480
f 1623//1620 2012//2009 1625//1622
f 1625//1622 2012//2009 2013//2010
f 1624//1621 2014//2011 1623//1620
f 1623//1620 2014//2011 2012//2009
f 1475//1472 2012//2009 1480//1477
f 1480//1477 2012//2009 2014//2011
f 2012//2009 1475//1472 2013//2010
f 2013//2010 1475//1472 1477//1474
f 1630//1627 2015//2012 1631//1628
f 1631//1628 2015//2012 2016//2013
f 1625//1622 2013//2010 1630//1627
f 1630//1627 2013//2010 2015//2012
f 2013//2010 1477//1474 2015//2012
f 2015//2012 1477//1474 1495//1492
f 2015//2012 1495//1492 2016//2013
f 2016//2013 1495//1492 1497//1494
f 1640//1637 1639//1636 2017//2014
f 2017//2014 1639//1636 2018//2015
f 1638//1635 2019//2016 1639//1636
f 1639//1636 2019//2016 2018//2015
f 2019//2016 1606//1603 2018//2015
f 2018//2015 1606//1603 1602//1599
f 2018//2015 1602//1599 2017//2014
f 2017//2014 1602//1599 1604//1601
f 1645//1642 2020//2017 1646//1643
f 1646//1643 2020//2017 2021//2018
f 1640//1637 2017//2014 1645//1642
f 1645//1642 2017//2014 2020//2017
f 1611//1608 2020//2017 1604//1601
f 1604//1601 2020//2017 2017//2014
f 2020//2017 1611//1608 2021//2018
f 2021//2018 1611//1608 1613//1610
f 1655//1652 1654//1651 2022//2019
f 2022//2019 1654//1651 2023//2020
f 1653//1650 2024//2021 1654//1651
f 1654//1651 2024//2021 2023//2020
f 2024//2021 1622//1619 2023//2020
f 2023//2020 1622//1619 1620//1617
f 2023//2020 1620//1617 2022//2019
f 2022//2019 1620//1617 1618//1615
f 1661//1658 1660//1657 2025//2022
f 2025//2022 1660//1657 2026//2023
f 1655//1652 2022//2019 1660//1657
f 1660//1657 2022//2019 2026//2023
f 1629//1626 2026//2023 1618//1615
f 1618//1615 2026//2023 2022//2019
f 1629//1626 1627//1624 2026//2023
f 2026//2023 1627//1624 2025//2022
f 2027//2024 2028//2025 2029//2026
f 2029//2026 2028//2025 2030//2027
f 2029//2026 2030//2027 734//734
f 734//734 2030//2027 737//737
f 281//281 1586//1583 734//734
f 734//734 1586//1583 2029//2026
f 2027//2024 2029//2026 1585//1582
f 1585//1582 2029//2026 1586//1583
f 2031//2028 2032//2029 2033//2030
f 2033//2030 2032//2029 2034//2031
f 2032//2029 2031//2028 2027//2024
f 2027//2024 2031//2028 2028//2025
f 2032//2029 2027//2024 1934//1931
f 1934//1931 2027//2024 1585//1582
f 2034//2031 2032//2029 1901//1898
f 1901//1898 2032//2029 1934//1931
f 2033//2030 2034//2031 2035//2032
f 2035//2032 2034//2031 2036//2033
f 1901//1898 1902//1899 2034//2031
f 2034//2031 1902//1899 2036//2033
f 2037//2034 2036//2033 1860//1857
f 1860//1857 2036//2033 1902//1899
f 2035//2032 2036//2033 2038//2035
f 2038//2035 2036//2033 2037//2034
f 1865//1862 2039//2036 1869//1866
f 1869//1866 2039//2036 2040//2037
f 2039//2036 1865//1862 1577//1574
f 1577//1574 1865//1862 1580//1577
f 2041//2038 2039//2036 1576//1573
f 1576//1573 2039//2036 1577//1574
f 2039//2036 2041//2038 1921//1918
f 1921//1918 2041//2038 1925//1922
f 2039//2036 1921//1918 2040//2037
f 2040//2037 1921//1918 1923//1920
f 2042//2039 1925//1922 2043//2040
f 2043//2040 1925//1922 2041//2038
f 2043//2040 2041//2038 1918//1915
f 1918//1915 2041//2038 1576//1573
f 2044//2041 2043//2040 1572//1569
f 1572//1569 2043//2040 1918//1915
f 2045//2042 2042//2039 2044//2041
f 2044//2041 2042//2039 2043//2040
f 757//757 2046//2043 758//758
f 758//758 2046//2043 2047//2044
f 2046//2043 2045//2042 2047//2044
f 2047//2044 2045//2042 2044//2041
f 2047//2044 2044//2041 1570//1567
f 1570//1567 2044//2041 1572//1569
f 758//758 2047//2044 264//264
f 264//264 2047//2044 1570//1567
f 2048//2045 2049//2046 1589//1586
f 1589//1586 2049//2046 1590//1587
f 1589//1586 279//279 2048//2045
f 2048//2045 279//279 760//760
f 2048//2045 760//760 1565//1562
f 1565//1562 760//760 253//253
f 2049//2046 2048//2045 1564//1561
f 1564//1561 2048//2045 1565//1562
f 2050//2047 2051//2048 1935//1932
f 1935//1932 2051//2048 1904//1901
f 2049//2046 2050//2047 1590//1587
f 1590//1587 2050//2047 1935//1932
f 1564//1561 1938//1935 2049//2046
f 2049//2046 1938//1935 2050//2047
f 1938//1935 1939//1936 2050//2047
f 2050//2047 1939//1936 2051//2048
f 1903//1900 1904//1901 2052//2049
f 2052//2049 1904//1901 2051//2048
f 1939//1936 2053//2050 2051//2048
f 2051//2048 2053//2050 2052//2049
f 2054//2051 2055//2052 2053//2050
f 2053//2050 2055//2052 2052//2049
f 2055//2052 2056//2053 2052//2049
f 2052//2049 2056//2053 2057//2054
f 1864//1861 1903//1900 2057//2054
f 2057//2054 1903//1900 2052//2049
f 1863//1860 1864//1861 2058//2055
f 2058//2055 1864//1861 2057//2054
f 2059//2056 2058//2055 2056//2053
f 2056//2053 2058//2055 2057//2054
f 2058//2055 2059//2056 2060//2057
f 2060//2057 2059//2056 2061//2058
f 1583//1580 1863//1860 2060//2057
f 2060//2057 1863//1860 2058//2055
f 1584//1581 1582//1579 2062//2059
f 2062//2059 1582//1579 2063//2060
f 1582//1579 1583//1580 2063//2060
f 2063//2060 1583//1580 2060//2057
f 2060//2057 2061//2058 2063//2060
f 2063//2060 2061//2058 2064//2061
f 2062//2059 2063//2060 2065//2062
f 2065//2062 2063//2060 2064//2061
f 1920//1917 1584//1581 2066//2063
f 2066//2063 1584//1581 2062//2059
f 2066//2063 2062//2059 2067//2064
f 2067//2064 2062//2059 2065//2062
f 2068//2065 2066//2063 2069//2066
f 2069//2066 2066//2063 2067//2064
f 1575//1572 1920//1917 2068//2065
f 2068//2065 1920//1917 2066//2063
f 266//266 1574//1571 784//784
f 784//784 1574//1571 2070//2067
f 1574//1571 1575//1572 2070//2067
f 2070//2067 1575//1572 2068//2065
f 2070//2067 2068//2065 2071//2068
f 2071//2068 2068//2065 2069//2066
f 784//784 2070//2067 785//785
f 785//785 2070//2067 2071//2068
f 2072//2069 2073//2070 2074//2071
f 2074//2071 2073//2070 2075//2072
f 2076//2073 2077//2074 2073//2070
f 2073//2070 2077//2074 2075//2072
f 2075//2072 2077//2074 1897//1894
f 1897//1894 2077//2074 1898//1895
f 1896//1893 2078//2075 1897//1894
f 1897//1894 2078//2075 2075//2072
f 2075//2072 2078//2075 1854//1851
f 1854//1851 2078//2075 1858//1855
f 2079//2076 2075//2072 1853//1850
f 1853//1850 2075//2072 1854//1851
f 2080//2077 2074//2071 2079//2076
f 2079//2076 2074//2071 2075//2072
f 2081//2078 1942//1939 1971//1968
f 1971//1968 1942//1939 1947//1944
f 1970//1967 1992//1989 1971//1968
f 1971//1968 1992//1989 2081//2078
f 2081//2078 1992//1989 2082//2079
f 2082//2079 1992//1989 1991//1988
f 2081//2078 2082//2079 2083//2080
f 2083//2080 2082//2079 2084//2081
f 2081//2078 2083//2080 1958//1955
f 1958//1955 2083//2080 1959//1956
f 1851//1848 2002//1999 1958//1955
f 1958//1955 2002//1999 2081//2078
f 1858//1855 2078//2075 2002//1999
f 2002//1999 2078//2075 2081//2078
f 1896//1893 1895//1892 2078//2075
f 2078//2075 1895//1892 2081//2078
f 1894//1891 2085//2082 1895//1892
f 1895//1892 2085//2082 2081//2078
f 2081//2078 2085//2082 1942//1939
f 1942//1939 2085//2082 1943//1940
f 2086//2083 2079//2076 2087//2084
f 2087//2084 2079//2076 1853//1850
f 2087//2084 2056//2053 2086//2083
f 2086//2083 2056//2053 2055//2052
f 2054//2051 2088//2085 2055//2052
f 2055//2052 2088//2085 2086//2083
f 2088//2085 2080//2077 2086//2083
f 2086//2083 2080//2077 2079//2076
f 2089//2086 2090//2087 2091//2088
f 2091//2088 2090//2087 2092//2089
f 2090//2087 2093//2090 2092//2089
f 2092//2089 2093//2090 2094//2091
f 2092//2089 2094//2091 2095//2092
f 2095//2092 2094//2091 2096//2093
f 2092//2089 2095//2092 2091//2088
f 2091//2088 2095//2092 1893//1890
f 2093//2090 2097//2094 2094//2091
f 2094//2091 2097//2094 2098//2095
f 2072//2069 2074//2071 2097//2094
f 2097//2094 2074//2071 2098//2095
f 2099//2096 2098//2095 2080//2077
f 2080//2077 2098//2095 2074//2071
f 2094//2091 2098//2095 2096//2093
f 2096//2093 2098//2095 2099//2096
f 2100//2097 2077//2074 2101//2098
f 2101//2098 2077//2074 2076//2073
f 2091//2088 2100//2097 2089//2086
f 2089//2086 2100//2097 2101//2098
f 1891//1888 2100//2097 1893//1890
f 1893//1890 2100//2097 2091//2088
f 1891//1888 1898//1895 2100//2097
f 2100//2097 1898//1895 2077//2074
f 2102//2099 1931//1928 2103//2100
f 2103//2100 1931//1928 1932//1929
f 2103//2100 2104//2101 2102//2099
f 2102//2099 2104//2101 2105//2102
f 2105//2102 2106//2103 2102//2099
f 2102//2099 2106//2103 2107//2104
f 1931//1928 2102//2099 1910//1907
f 1910//1907 2102//2099 2107//2104
f 2108//2105 824//824 1909//1906
f 1909//1906 824//824 617//617
f 1910//1907 2107//2104 1909//1906
f 1909//1906 2107//2104 2108//2105
f 2106//2103 2109//2106 2107//2104
f 2107//2104 2109//2106 2108//2105
f 2109//2106 825//825 2108//2105
f 2108//2105 825//825 824//824
f 2110//2107 2111//2108 2112//2109
f 2112//2109 2111//2108 1872//1869
f 830//830 829//829 2112//2109
f 2112//2109 829//829 2110//2107
f 2113//2110 2110//2107 827//827
f 827//827 2110//2107 829//829
f 2111//2108 2110//2107 2114//2111
f 2114//2111 2110//2107 2113//2110
f 2115//2112 838//838 2116//2113
f 2116//2113 838//838 839//839
f 2115//2112 2116//2113 2117//2114
f 2117//2114 2116//2113 2118//2115
f 2117//2114 1537//1534 2115//2112
f 2115//2112 1537//1534 1535//1532
f 1535//1532 220//220 2115//2112
f 2115//2112 220//220 838//838
f 2117//2114 2118//2115 2119//2116
f 2119//2116 2118//2115 2120//2117
f 1924//1921 2119//2116 1923//1920
f 1923//1920 2119//2116 2120//2117
f 2119//2116 1924//1921 2117//2114
f 2117//2114 1924//1921 1537//1534
f 2121//2118 2038//2035 2122//2119
f 2122//2119 2038//2035 2037//2034
f 2122//2119 2037//2034 1859//1856
f 1859//1856 2037//2034 1860//1857
f 2122//2119 1859//1856 1866//1863
f 1866//1863 1859//1856 1580//1577
f 1874//1871 2123//2120 1866//1863
f 1866//1863 2123//2120 2122//2119
f 2122//2119 2123//2120 2121//2118
f 2121//2118 2123//2120 2124//2121
f 1874//1871 1873//1870 2123//2120
f 2123//2120 1873//1870 2125//2122
f 2111//2108 2125//2122 1872//1869
f 1872//1869 2125//2122 1873//1870
f 2125//2122 2111//2108 2126//2123
f 2126//2123 2111//2108 2114//2111
f 2126//2123 2124//2121 2125//2122
f 2125//2122 2124//2121 2123//2120
f 2127//2124 2128//2125 849//849
f 849//849 2128//2125 851//851
f 830//830 2112//2109 849//849
f 849//849 2112//2109 2127//2124
f 2112//2109 1872//1869 2127//2124
f 2127//2124 1872//1869 1871//1868
f 2128//2125 2127//2124 1870//1867
f 1870//1867 2127//2124 1871//1868
f 2129//2126 2130//2127 2131//2128
f 2131//2128 2130//2127 2132//2129
f 2129//2126 2131//2128 1892//1889
f 1892//1889 2131//2128 1894//1891
f 1892//1889 1893//1890 2129//2126
f 2129//2126 1893//1890 2130//2127
f 2133//2130 2134//2131 1894//1891
f 1894//1891 2134//2131 2085//2082
f 2135//2132 2134//2131 2136//2133
f 2136//2133 2134//2131 2133//2130
f 1941//1938 2137//2134 2135//2132
f 2135//2132 2137//2134 2134//2131
f 2137//2134 1943//1940 2134//2131
f 2134//2131 1943//1940 2085//2082
f 1940//1937 2138//2135 1941//1938
f 1941//1938 2138//2135 2137//2134
f 1569//1566 2139//2136 1940//1937
f 1940//1937 2139//2136 2138//2135
f 1945//1942 2138//2135 1408//1408
f 1408//1408 2138//2135 2139//2136
f 2138//2135 1945//1942 2137//2134
f 2137//2134 1945//1942 1943//1940
f 1568//1565 2140//2137 1569//1566
f 1569//1566 2140//2137 2139//2136
f 251//251 864//864 1568//1565
f 1568//1565 864//864 2140//2137
f 1409//1409 2140//2137 82//82
f 82//82 2140//2137 864//864
f 1408//1408 2139//2136 1409//1409
f 1409//1409 2139//2136 2140//2137
f 2141//2138 2142//2139 2143//2140
f 2143//2140 2142//2139 2144//2141
f 2145//2142 2142//2139 2146//2143
f 2146//2143 2142//2139 2141//2138
f 2145//2142 2147//2144 2142//2139
f 2142//2139 2147//2144 2148//2145
f 2148//2145 2149//2146 2142//2139
f 2142//2139 2149//2146 2144//2141
f 2146//2143 2150//2147 2145//2142
f 2145//2142 2150//2147 2151//2148
f 2150//2147 2072//2069 2151//2148
f 2151//2148 2072//2069 2097//2094
f 2097//2094 2093//2090 2151//2148
f 2151//2148 2093//2090 2152//2149
f 2152//2149 2147//2144 2151//2148
f 2151//2148 2147//2144 2145//2142
f 2150//2147 2153//2150 2072//2069
f 2072//2069 2153//2150 2073//2070
f 2150//2147 2146//2143 2153//2150
f 2153//2150 2146//2143 2141//2138
f 2154//2151 2153//2150 2143//2140
f 2143//2140 2153//2150 2141//2138
f 2076//2073 2073//2070 2154//2151
f 2154//2151 2073//2070 2153//2150
f 2101//2098 2076//2073 2155//2152
f 2155//2152 2076//2073 2154//2151
f 2143//2140 2144//2141 2154//2151
f 2154//2151 2144//2141 2155//2152
f 2156//2153 2155//2152 2149//2146
f 2149//2146 2155//2152 2144//2141
f 2089//2086 2101//2098 2156//2153
f 2156//2153 2101//2098 2155//2152
f 2156//2153 2149//2146 2157//2154
f 2157//2154 2149//2146 2148//2145
f 2152//2149 2157//2154 2147//2144
f 2147//2144 2157//2154 2148//2145
f 2157//2154 2152//2149 2090//2087
f 2090//2087 2152//2149 2093//2090
f 2090//2087 2089//2086 2157//2154
f 2157//2154 2089//2086 2156//2153
f 2158//2155 2159//2156 2160//2157
f 2160//2157 2159//2156 2161//2158
f 2160//2157 2161//2158 1976//1973
f 1976//1973 2161//2158 1975//1972
f 1976//1973 1959//1956 2160//2157
f 2160//2157 1959//1956 2083//2080
f 2160//2157 2083//2080 2158//2155
f 2158//2155 2083//2080 2084//2081
f 1881//1878 1889//1886 2162//2159
f 2162//2159 1889//1886 1999//1996
f 1975//1972 2161//2158 1999//1996
f 1999//1996 2161//2158 2162//2159
f 2161//2158 2159//2156 2162//2159
f 2162//2159 2159//2156 2163//2160
f 2162//2159 2163//2160 1881//1878
f 1881//1878 2163//2160 1879//1876
f 2164//2161 2165//2162 2166//2163
f 2166//2163 2165//2162 2167//2164
f 2168//2165 2167//2164 2169//2166
f 2169//2166 2167//2164 2165//2162
f 2170//2167 2171//2168 2168//2165
f 2168//2165 2171//2168 2167//2164
f 2172//2169 2173//2170 2171//2168
f 2171//2168 2173//2170 2167//2164
f 2166//2163 2167//2164 2174//2171
f 2174//2171 2167//2164 2173//2170
f 2175//2172 2174//2171 2176//2173
f 2176//2173 2174//2171 2173//2170
f 2177//2174 2176//2173 2172//2169
f 2172//2169 2176//2173 2173//2170
f 2176//2173 2177//2174 1990//1987
f 1990//1987 2177//2174 1991//1988
f 2175//2172 2176//2173 1989//1986
f 1989//1986 2176//2173 1990//1987
f 2172//2169 2171//2168 2177//2174
f 2177//2174 2171//2168 2178//2175
f 2170//2167 2179//2176 2171//2168
f 2171//2168 2179//2176 2178//2175
f 2179//2176 2084//2081 2178//2175
f 2178//2175 2084//2081 2082//2079
f 2082//2079 1991//1988 2178//2175
f 2178//2175 1991//1988 2177//2174
f 2179//2176 2170//2167 2180//2177
f 2180//2177 2170//2167 2168//2165
f 2181//2178 2180//2177 2169//2166
f 2169//2166 2180//2177 2168//2165
f 2180//2177 2181//2178 2158//2155
f 2158//2155 2181//2178 2159//2156
f 2180//2177 2158//2155 2179//2176
f 2179//2176 2158//2155 2084//2081
f 2182//2179 2181//2178 2165//2162
f 2165//2162 2181//2178 2169//2166
f 2165//2162 2164//2161 2182//2179
f 2182//2179 2164//2161 2183//2180
f 2182//2179 2183//2180 2163//2160
f 2163//2160 2183//2180 1879//1876
f 2163//2160 2159//2156 2182//2179
f 2182//2179 2159//2156 2181//2178
f 2166//2163 2184//2181 2164//2161
f 2164//2161 2184//2181 2183//2180
f 2174//2171 2175//2172 2166//2163
f 2166//2163 2175//2172 2184//2181
f 1989//1986 2001//1998 2175//2172
f 2175//2172 2001//1998 2184//2181
f 2184//2181 2001//1998 2183//2180
f 2183//2180 2001//1998 1879//1876
f 2064//2061 2185//2182 2065//2062
f 2065//2062 2185//2182 2186//2183
f 2061//2058 2187//2184 2064//2061
f 2064//2061 2187//2184 2185//2182
f 1558//1555 2185//2182 1560//1557
f 1560//1557 2185//2182 2187//2184
f 2185//2182 1558//1555 2186//2183
f 2186//2183 1558//1555 1556//1553
f 2186//2183 2188//2185 2065//2062
f 2065//2062 2188//2185 2067//2064
f 2188//2185 2186//2183 1916//1913
f 1916//1913 2186//2183 1556//1553
f 2189//2186 2188//2185 1551//1548
f 1551//1548 2188//2185 1916//1913
f 2069//2066 2067//2064 2189//2186
f 2189//2186 2067//2064 2188//2185
f 785//785 2071//2068 915//915
f 915//915 2071//2068 2190//2187
f 2071//2068 2069//2066 2190//2187
f 2190//2187 2069//2066 2189//2186
f 2190//2187 2189//2186 1549//1546
f 1549//1546 2189//2186 1551//1548
f 915//915 2190//2187 237//237
f 237//237 2190//2187 1549//1546
f 2191//2188 2192//2189 2193//2190
f 2193//2190 2192//2189 2194//2191
f 918//918 916//916 2191//2188
f 2191//2188 916//916 2192//2189
f 916//916 737//737 2192//2189
f 2192//2189 737//737 2030//2027
f 2192//2189 2030//2027 2194//2191
f 2194//2191 2030//2027 2028//2025
f 2195//2192 2196//2193 2197//2194
f 2197//2194 2196//2193 2198//2195
f 2193//2190 2194//2191 2195//2192
f 2195//2192 2194//2191 2196//2193
f 2031//2028 2196//2193 2028//2025
f 2028//2025 2196//2193 2194//2191
f 2196//2193 2031//2028 2198//2195
f 2198//2195 2031//2028 2033//2030
f 1930//1927 2199//2196 1929//1926
f 1929//1926 2199//2196 2200//2197
f 2197//2194 2198//2195 2199//2196
f 2199//2196 2198//2195 2200//2197
f 2198//2195 2033//2030 2200//2197
f 2200//2197 2033//2030 2035//2032
f 2038//2035 2201//2198 2035//2032
f 2035//2032 2201//2198 2200//2197
f 2200//2197 2201//2198 1929//1926
f 1929//1926 2201//2198 1932//1929
f 2103//2100 1932//1929 2202//2199
f 2202//2199 1932//1929 2201//2198
f 2202//2199 2201//2198 2121//2118
f 2121//2118 2201//2198 2038//2035
f 2121//2118 2124//2121 2202//2199
f 2202//2199 2124//2121 2203//2200
f 2104//2101 2103//2100 2203//2200
f 2203//2200 2103//2100 2202//2199
f 2124//2121 2126//2123 2203//2200
f 2203//2200 2126//2123 2204//2201
f 2205//2202 2204//2201 2114//2111
f 2114//2111 2204//2201 2126//2123
f 2204//2201 2205//2202 2105//2102
f 2105//2102 2205//2202 2106//2103
f 2105//2102 2104//2101 2204//2201
f 2204//2201 2104//2101 2203//2200
f 2114//2111 2113//2110 2205//2202
f 2205//2202 2113//2110 2206//2203
f 2206//2203 2113//2110 934//934
f 934//934 2113//2110 827//827
f 2206//2203 934//934 2109//2106
f 2109//2106 934//934 825//825
f 2205//2202 2206//2203 2106//2103
f 2106//2103 2206//2203 2109//2106
f 2207//2204 2195//2192 2208//2205
f 2208//2205 2195//2192 2197//2194
f 2207//2204 2208//2205 2209//2206
f 2209//2206 2208//2205 2210//2207
f 2209//2206 2193//2190 2207//2204
f 2207//2204 2193//2190 2195//2192
f 941//941 918//918 2211//2208
f 2211//2208 918//918 2191//2188
f 2211//2208 2191//2188 2209//2206
f 2209//2206 2191//2188 2193//2190
f 2209//2206 2210//2207 2211//2208
f 2211//2208 2210//2207 2212//2209
f 617//617 941//941 2212//2209
f 2212//2209 941//941 2211//2208
f 2213//2210 2214//2211 2215//2212
f 2215//2212 2214//2211 2216//2213
f 2217//2214 2218//2215 2215//2212
f 2215//2212 2218//2215 2213//2210
f 2218//2215 2219//2216 2213//2210
f 2213//2210 2219//2216 2220//2217
f 2213//2210 2220//2217 2221//2218
f 2221//2218 2220//2217 2222//2219
f 2221//2218 2223//2220 2213//2210
f 2213//2210 2223//2220 2214//2211
f 2223//2220 2221//2218 2224//2221
f 2224//2221 2221//2218 2225//2222
f 2226//2223 2225//2222 2222//2219
f 2222//2219 2225//2222 2221//2218
f 617//617 2212//2209 2226//2223
f 2226//2223 2212//2209 2225//2222
f 2224//2221 2225//2222 2210//2207
f 2210//2207 2225//2222 2212//2209
f 2226//2223 2222//2219 2227//2224
f 2227//2224 2222//2219 2220//2217
f 2228//2225 2227//2224 2219//2216
f 2219//2216 2227//2224 2220//2217
f 2227//2224 2228//2225 1906//1903
f 1906//1903 2228//2225 1908//1905
f 2227//2224 1906//1903 2226//2223
f 2226//2223 1906//1903 617//617
f 2219//2216 2218//2215 2228//2225
f 2228//2225 2218//2215 2229//2226
f 2230//2227 2229//2226 2217//2214
f 2217//2214 2229//2226 2218//2215
f 1928//1925 2229//2226 1930//1927
f 1930//1927 2229//2226 2230//2227
f 1908//1905 2228//2225 1928//1925
f 1928//1925 2228//2225 2229//2226
f 2215//2212 2231//2228 2217//2214
f 2217//2214 2231//2228 2230//2227
f 2216//2213 2232//2229 2215//2212
f 2215//2212 2232//2229 2231//2228
f 2199//2196 2231//2228 2197//2194
f 2197//2194 2231//2228 2232//2229
f 1930//1927 2230//2227 2199//2196
f 2199//2196 2230//2227 2231//2228
f 2232//2229 2216//2213 2233//2230
f 2233//2230 2216//2213 2214//2211
f 2223//2220 2224//2221 2214//2211
f 2214//2211 2224//2221 2233//2230
f 2208//2205 2233//2230 2210//2207
f 2210//2207 2233//2230 2224//2221
f 2197//2194 2232//2229 2208//2205
f 2208//2205 2232//2229 2233//2230
f 2059//2056 2234//2231 2061//2058
f 2061//2058 2234//2231 2187//2184
f 2056//2053 2087//2084 2059//2056
f 2059//2056 2087//2084 2234//2231
f 2087//2084 1853//1850 2234//2231
f 2234//2231 1853//1850 1855//1852
f 2234//2231 1855//1852 2187//2184
f 2187//2184 1855//1852 1560//1557
f 1926//1923 1925//1922 2235//2232
f 2235//2232 1925//1922 2042//2039
f 2236//2233 2235//2232 2045//2042
f 2045//2042 2235//2232 2042//2039
f 2235//2232 2236//2233 1926//1923
f 1926//1923 2236//2233 1539//1536
f 967//967 222//222 2237//2234
f 2237//2234 222//222 1540//1537
f 2236//2233 2237//2234 1539//1536
f 1539//1536 2237//2234 1540//1537
f 2237//2234 2236//2233 2046//2043
f 2046//2043 2236//2233 2045//2042
f 967//967 2237//2234 757//757
f 757//757 2237//2234 2046//2043
f 2238//2235 1870//1867 2239//2236
f 2239//2236 1870//1867 1868//1865
f 1869//1866 2040//2037 1868//1865
f 1868//1865 2040//2037 2239//2236
f 2120//2117 2239//2236 1923//1920
f 1923//1920 2239//2236 2040//2037
f 2118//2115 2238//2235 2120//2117
f 2120//2117 2238//2235 2239//2236
f 2128//2125 2240//2237 851//851
f 851//851 2240//2237 971//971
f 2240//2237 2128//2125 2238//2235
f 2238//2235 2128//2125 1870//1867
f 2116//2113 2240//2237 2118//2115
f 2118//2115 2240//2237 2238//2235
f 839//839 971//971 2116//2113
f 2116//2113 971//971 2240//2237
f 1372//1372 2241//2238 1374//1374
f 1374//1374 2241//2238 2242//2239
f 1371//1371 1805//1802 1372//1372
f 1372//1372 1805//1802 2241//2238
f 1448//1448 1446//1446 1805//1802
f 1805//1802 1446//1446 2241//2238
f 1446//1446 1447//1447 2241//2238
f 2241//2238 1447//1447 2243//2240
f 2241//2238 2243//2240 2242//2239
f 2242//2239 2243//2240 2244//2241
f 982//982 983//983 2245//2242
f 2245//2242 983//983 2246//2243
f 2247//2244 2248//2245 2246//2243
f 2246//2243 2248//2245 2245//2242
f 2249//2246 2250//2247 2248//2245
f 2248//2245 2250//2247 2245//2242
f 2245//2242 2250//2247 982//982
f 982//982 2250//2247 984//984
f 990//990 2251//2248 991//991
f 991//991 2251//2248 2252//2249
f 2253//2250 2254//2251 2251//2248
f 2251//2248 2254//2251 2252//2249
f 2254//2251 2244//2241 2252//2249
f 2252//2249 2244//2241 2255//2252
f 991//991 2252//2249 992//992
f 992//992 2252//2249 2255//2252
f 2254//2251 2253//2250 2256//2253
f 2256//2253 2253//2250 2257//2254
f 2256//2253 2257//2254 2258//2255
f 2258//2255 2257//2254 2259//2256
f 2258//2255 1374//1374 2256//2253
f 2256//2253 1374//1374 2242//2239
f 2256//2253 2242//2239 2254//2251
f 2254//2251 2242//2239 2244//2241
f 2260//2257 2261//2258 2262//2259
f 2262//2259 2261//2258 2263//2260
f 999//999 998//998 2261//2258
f 2261//2258 998//998 2263//2260
f 998//998 31//31 2263//2260
f 2263//2260 31//31 1373//1373
f 1374//1374 2258//2255 1373//1373
f 1373//1373 2258//2255 2263//2260
f 2258//2255 2259//2256 2263//2260
f 2263//2260 2259//2256 2262//2259
f 1007//1007 2264//2261 1008//1008
f 1008//1008 2264//2261 2265//2262
f 2266//2263 2267//2264 2264//2261
f 2264//2261 2267//2264 2265//2262
f 2265//2262 2267//2264 2251//2248
f 2251//2248 2267//2264 2253//2250
f 1008//1008 2265//2262 990//990
f 990//990 2265//2262 2251//2248
f 2267//2264 2266//2263 2268//2265
f 2268//2265 2266//2263 2269//2266
f 2262//2259 2268//2265 2260//2257
f 2260//2257 2268//2265 2269//2266
f 2257//2254 2268//2265 2259//2256
f 2259//2256 2268//2265 2262//2259
f 2253//2250 2267//2264 2257//2254
f 2257//2254 2267//2264 2268//2265
f 2270//2267 2271//2268 1937//1934
f 1937//1934 2271//2268 1939//1936
f 1937//1934 1941//1938 2270//2267
f 2270//2267 1941//1938 2135//2132
f 2270//2267 2135//2132 2272//2269
f 2272//2269 2135//2132 2136//2133
f 2272//2269 2096//2093 2270//2267
f 2270//2267 2096//2093 2271//2268
f 2273//2270 2099//2096 2088//2085
f 2088//2085 2099//2096 2080//2077
f 2088//2085 2054//2051 2273//2270
f 2273//2270 2054//2051 2053//2050
f 2053//2050 1939//1936 2273//2270
f 2273//2270 1939//1936 2271//2268
f 2096//2093 2099//2096 2271//2268
f 2271//2268 2099//2096 2273//2270
f 2274//2271 2275//2272 2276//2273
f 2276//2273 2275//2272 2277//2274
f 2275//2272 2274//2271 2278//2275
f 2278//2275 2274//2271 2279//2276
f 2278//2275 2280//2277 2275//2272
f 2275//2272 2280//2277 2281//2278
f 2275//2272 2281//2278 2277//2274
f 2277//2274 2281//2278 2282//2279
f 2283//2280 2284//2281 2285//2282
f 2285//2282 2284//2281 2286//2283
f 2283//2280 2285//2282 2277//2274
f 2277//2274 2285//2282 2276//2273
f 2287//2284 2283//2280 2282//2279
f 2282//2279 2283//2280 2277//2274
f 2287//2284 2288//2285 2283//2280
f 2283//2280 2288//2285 2284//2281
f 2289//2286 2290//2287 2291//2288
f 2291//2288 2290//2287 2292//2289
f 2291//2288 2286//2283 2289//2286
f 2289//2286 2286//2283 2284//2281
f 2289//2286 2284//2281 2293//2290
f 2293//2290 2284//2281 2288//2285
f 2290//2287 2289//2286 2294//2291
f 2294//2291 2289//2286 2293//2290
f 2295//2292 2278//2275 2296//2293
f 2296//2293 2278//2275 2279//2276
f 2295//2292 2296//2293 2290//2287
f 2290//2287 2296//2293 2292//2289
f 2295//2292 2290//2287 2297//2294
f 2297//2294 2290//2287 2294//2291
f 2295//2292 2297//2294 2278//2275
f 2278//2275 2297//2294 2280//2277
f 2298//2295 2299//2296 2300//1047
f 2300//1047 2299//2296 2301//2297
f 2299//2296 2298//2295 2302//2298
f 2302//2298 2298//2295 2303//2299
f 2274//2271 2299//2296 2279//2276
f 2279//2276 2299//2296 2302//2298
f 2276//2273 2301//2297 2274//2271
f 2274//2271 2301//2297 2299//2296
f 2304//2300 2305//2301 2306//2302
f 2306//2302 2305//2301 2307//2303
f 2300//1047 2301//2297 2305//2301
f 2305//2301 2301//2297 2307//2303
f 2285//2282 2307//2303 2276//2273
f 2276//2273 2307//2303 2301//2297
f 2285//2282 2286//2283 2307//2303
f 2307//2303 2286//2283 2306//2302
f 2308//2304 2309//2305 2310//2306
f 2310//2306 2309//2305 2311//2307
f 2310//2306 2304//2300 2308//2304
f 2308//2304 2304//2300 2306//2302
f 2286//2283 2291//2288 2306//2302
f 2306//2302 2291//2288 2308//2304
f 2291//2288 2292//2289 2308//2304
f 2308//2304 2292//2289 2309//2305
f 2303//2299 2312//2308 2302//2298
f 2302//2298 2312//2308 2313//2309
f 2311//2307 2309//2305 2312//2308
f 2312//2308 2309//2305 2313//2309
f 2296//2293 2313//2309 2292//2289
f 2292//2289 2313//2309 2309//2305
f 2296//2293 2279//2276 2313//2309
f 2313//2309 2279//2276 2302//2298
f 2314//2310 2315//2311 2316//2312
f 2316//2312 2315//2311 2317//2313
f 2318//2314 2319//2315 2317//2313
f 2317//2313 2319//2315 2316//2312
f 1833//1830 2316//2312 1838//1835
f 1838//1835 2316//2312 2319//2315
f 2316//2312 1833//1830 2314//2310
f 2314//2310 1833//1830 1835//1832
f 2320//2316 2321//2317 2322//2318
f 2322//2318 2321//2317 2323//2319
f 2324//2320 2320//2316 2325//2321
f 2325//2321 2320//2316 2322//2318
f 1832//1829 1829//1826 2324//2320
f 2324//2320 1829//1826 2320//2316
f 1829//1826 1830//1827 2320//2316
f 2320//2316 1830//1827 2321//2317
f 2326//2322 2327//2323 2328//2324
f 2328//2324 2327//2323 2329//2325
f 2330//2326 2329//2325 2331//2327
f 2331//2327 2329//2325 2327//2323
f 2329//2325 2330//2326 1823//1820
f 1823//1820 2330//2326 1825//1822
f 1823//1820 1824//1821 2329//2325
f 2329//2325 1824//1821 2328//2324
f 2332//2328 2333//2329 2318//2314
f 2318//2314 2333//2329 2319//2315
f 2332//2328 2334//2330 2333//2329
f 2333//2329 2334//2330 2335//2331
f 2333//2329 2335//2331 1839//1836
f 1839//1836 2335//2331 1841//1838
f 1838//1835 2319//2315 1839//1836
f 1839//1836 2319//2315 2333//2329
f 1762//1759 2336//2332 1763//1760
f 1763//1760 2336//2332 2337//2333
f 1761//1758 2338//2334 1762//1759
f 1762//1759 2338//2334 2336//2332
f 2338//2334 1693//1690 2336//2332
f 2336//2332 1693//1690 1689//1686
f 2336//2332 1689//1686 2337//2333
f 2337//2333 1689//1686 1691//1688
f 1772//1769 1771//1768 2339//2335
f 2339//2335 1771//1768 2340//2336
f 1770//1767 2341//2337 1771//1768
f 1771//1768 2341//2337 2340//2336
f 2341//2337 1702//1699 2340//2336
f 2340//2336 1702//1699 1698//1695
f 2340//2336 1698//1695 2339//2335
f 2339//2335 1698//1695 1700//1697
f 1753//1750 1777//1774 2342//2338
f 2342//2338 1777//1774 2343//2339
f 1777//1774 1778//1775 2343//2339
f 2343//2339 1778//1775 2344//2340
f 2343//2339 2344//2340 1707//1704
f 1707//1704 2344//2340 1709//1706
f 2342//2338 2343//2339 1684//1681
f 1684//1681 2343//2339 1707//1704
f 1754//1751 1752//1749 2345//2341
f 2345//2341 1752//1749 2346//2342
f 1752//1749 1753//1750 2346//2342
f 2346//2342 1753//1750 2342//2338
f 2346//2342 2342//2338 1681//1678
f 1681//1678 2342//2338 1684//1681
f 2345//2341 2346//2342 1680//1677
f 1680//1677 2346//2342 1681//1678
f 2281//2278 2347//2343 2282//2279
f 2282//2279 2347//2343 2348//2344
f 2280//2277 2349//2345 2281//2278
f 2281//2278 2349//2345 2347//2343
f 1662//1659 2347//2343 1667//1664
f 1667//1664 2347//2343 2349//2345
f 1664//1661 2348//2344 1662//1659
f 1662//1659 2348//2344 2347//2343
f 2350//2346 2351//2347 2287//2284
f 2287//2284 2351//2347 2288//2285
f 2350//2346 2287//2284 2352//2348
f 2352//2348 2287//2284 2282//2279
f 2353//2349 2350//2346 2354//2350
f 2354//2350 2350//2346 2352//2348
f 2353//2349 2355//2351 2350//2346
f 2350//2346 2355//2351 2351//2347
f 2294//2291 2293//2290 2356//2352
f 2356//2352 2293//2290 2357//2353
f 2358//2354 2357//2353 2288//2285
f 2288//2285 2357//2353 2293//2290
f 1672//1669 1675//1672 2358//2354
f 2358//2354 1675//1672 2357//2353
f 1675//1672 1676//1673 2357//2353
f 2357//2353 1676//1673 2356//2352
f 2297//2294 2359//2355 2280//2277
f 2280//2277 2359//2355 2349//2345
f 2356//2352 2359//2355 2294//2291
f 2294//2291 2359//2355 2297//2294
f 1676//1673 1679//1676 2356//2352
f 2356//2352 1679//1676 2359//2355
f 1667//1664 2349//2345 1679//1676
f 1679//1676 2349//2345 2359//2355
f 2272//2269 2136//2133 2360//2356
f 2360//2356 2136//2133 2361//2357
f 2360//2356 2361//2357 2362//2358
f 2362//2358 2361//2357 2132//2129
f 2360//2356 2362//2358 2272//2269
f 2272//2269 2362//2358 2096//2093
f 2131//2128 2132//2129 2363//2359
f 2363//2359 2132//2129 2361//2357
f 2363//2359 2361//2357 2133//2130
f 2133//2130 2361//2357 2136//2133
f 1894//1891 2131//2128 2133//2130
f 2133//2130 2131//2128 2363//2359
f 1563//1560 2005//2002 2364//2360
f 2364//2360 2005//2002 2365//2361
f 2366//2362 2365//2361 1548//1545
f 1548//1545 2365//2361 2005//2002
f 2365//2361 2366//2362 2367//2363
f 2367//2363 2366//2362 2368//2364
f 2364//2360 2365//2361 1913//1910
f 1913//1910 2365//2361 2367//2363
f 1554//1551 1917//1914 2369//2365
f 2369//2365 1917//1914 2370//2366
f 1917//1914 1563//1560 2370//2366
f 2370//2366 1563//1560 2364//2360
f 2370//2366 2364//2360 1911//1908
f 1911//1908 2364//2360 1913//1910
f 2369//2365 2370//2366 1420//1420
f 1420//1420 2370//2366 1911//1908
f 239//239 1553//1550 1113//1113
f 1113//1113 1553//1550 2371//2367
f 1553//1550 1554//1551 2371//2367
f 2371//2367 1554//1551 2369//2365
f 2371//2367 2369//2365 1418//1418
f 1418//1418 2369//2365 1420//1420
f 1113//1113 2371//2367 97//97
f 97//97 2371//2367 1418//1418
f 2367//2363 2372//2368 1913//1910
f 1913//1910 2372//2368 1914//1911
f 2367//2363 2368//2364 2372//2368
f 2372//2368 2368//2364 2373//2369
f 2373//2369 1460//1460 2372//2368
f 2372//2368 1460//1460 1462//1462
f 1355//1355 1914//1911 1462//1462
f 1462//1462 1914//1911 2372//2368
f 2246//2243 2374//2370 2247//2244
f 2247//2244 2374//2370 2375//2371
f 983//983 1116//1116 2246//2243
f 2246//2243 1116//1116 2374//2370
f 1116//1116 999//999 2374//2370
f 2374//2370 999//999 2261//2258
f 2375//2371 2374//2370 2260//2257
f 2260//2257 2374//2370 2261//2258
f 2248//2245 2376//2372 2249//2246
f 2249//2246 2376//2372 2377//2373
f 2248//2245 2247//2244 2376//2372
f 2376//2372 2247//2244 2375//2371
f 2269//2266 2376//2372 2260//2257
f 2260//2257 2376//2372 2375//2371
f 2266//2263 2377//2373 2269//2266
f 2269//2266 2377//2373 2376//2372
f 984//984 2250//2247 1122//1122
f 1122//1122 2250//2247 2378//2374
f 2250//2247 2249//2246 2378//2374
f 2378//2374 2249//2246 2377//2373
f 2377//2373 2266//2263 2378//2374
f 2378//2374 2266//2263 2264//2261
f 1122//1122 2378//2374 1007//1007
f 1007//1007 2378//2374 2264//2261
f 2379//2375 2380//2376 1803//1800
f 1803//1800 2380//2376 1515//1512
f 1123//1123 2379//2375 506//506
f 506//506 2379//2375 1803//1800
f 55//55 1389//1389 1123//1123
f 1123//1123 1389//1389 2379//2375
f 1389//1389 1390//1390 2379//2375
f 2379//2375 1390//1390 2380//2376
f 1509//1506 2381//2377 1507//1504
f 1507//1504 2381//2377 2382//2378
f 2381//2377 1509//1506 2380//2376
f 2380//2376 1509//1506 1515//1512
f 1390//1390 1505//1502 2380//2376
f 2380//2376 1505//1502 2381//2377
f 1505//1502 1506//1503 2381//2377
f 2381//2377 1506//1503 2382//2378
f 1809//1806 1810//1807 2383//2379
f 2383//2379 1810//1807 2384//2380
f 1507//1504 2382//2378 1810//1807
f 1810//1807 2382//2378 2384//2380
f 2384//2380 2382//2378 1815//1812
f 1815//1812 2382//2378 1506//1503
f 2383//2379 2384//2380 1705//1702
f 1705//1702 2384//2380 1815//1812
f 1697//1694 2385//2381 1692//1689
f 1692//1689 2385//2381 2386//2382
f 2385//2381 1809//1806 2386//2382
f 2386//2382 1809//1806 2383//2379
f 1705//1702 1703//1700 2383//2379
f 2383//2379 1703//1700 2386//2382
f 2387//2383 2386//2382 1702//1699
f 1702//1699 2386//2382 1703//1700
f 1691//1688 1692//1689 2387//2383
f 2387//2383 1692//1689 2386//2382
f 1763//1760 2337//2333 2388//2384
f 2388//2384 2337//2333 2389//2385
f 2337//2333 1691//1688 2389//2385
f 2389//2385 1691//1688 2387//2383
f 2389//2385 2387//2383 2341//2337
f 2341//2337 2387//2383 1702//1699
f 2388//2384 2389//2385 1770//1767
f 1770//1767 2389//2385 2341//2337
f 2390//2386 2391//2387 1757//1754
f 1757//1754 2391//2387 1755//1752
f 1757//1754 1763//1760 2390//2386
f 2390//2386 1763//1760 2388//2384
f 2390//2386 2388//2384 1769//1766
f 1769//1766 2388//2384 1770//1767
f 1769//1766 1768//1765 2390//2386
f 2390//2386 1768//1765 2391//2387
f 1723//1720 2392//2388 1725//1722
f 1725//1722 2392//2388 2393//2389
f 2392//2388 1723//1720 2394//2390
f 2394//2390 1723//1720 1730//1727
f 2394//2390 1738//1735 2392//2388
f 2392//2388 1738//1735 1735//1732
f 1736//1733 2393//2389 1735//1732
f 1735//1732 2393//2389 2392//2388
f 2395//2391 1830//1827 2396//2392
f 2396//2392 1830//1827 1828//1825
f 1725//1722 2393//2389 1828//1825
f 1828//1825 2393//2389 2396//2392
f 1826//1823 2396//2392 1736//1733
f 1736//1733 2396//2392 2393//2389
f 2396//2392 1826//1823 2395//2391
f 2395//2391 1826//1823 1825//1822
f 2397//2393 2323//2319 2398//2394
f 2398//2394 2323//2319 2321//2317
f 1830//1827 2395//2391 2321//2317
f 2321//2317 2395//2391 2398//2394
f 2330//2326 2398//2394 1825//1822
f 1825//1822 2398//2394 2395//2391
f 2398//2394 2330//2326 2397//2393
f 2397//2393 2330//2326 2331//2327
f 2399//2395 2400//2396 2401//2397
f 2401//2397 2400//2396 2402//2398
f 2403//2399 2404//2400 2400//2396
f 2400//2396 2404//2400 2402//2398
f 2405//2401 2406//2402 2404//2400
f 2404//2400 2406//2402 2402//2398
f 2402//2398 2406//2402 1438//1438
f 1438//1438 2406//2402 1439//1439
f 2402//2398 1438//1438 2401//2397
f 2401//2397 1438//1438 1437//1437
f 2407//2403 2408//2404 2409//2405
f 2409//2405 2408//2404 2410//2406
f 2408//2404 2407//2403 2314//2310
f 2314//2310 2407//2403 2315//2311
f 2314//2310 1835//1832 2408//2404
f 2408//2404 1835//1832 2411//2407
f 2412//2408 2410//2406 2411//2407
f 2411//2407 2410//2406 2408//2404
f 2411//2407 2413//2409 2412//2408
f 2412//2408 2413//2409 2414//2410
f 2413//2409 2411//2407 1836//1833
f 1836//1833 2411//2407 1835//1832
f 1836//1833 1714//1711 2413//2409
f 2413//2409 1714//1711 2415//2411
f 2416//2412 2414//2410 2415//2411
f 2415//2411 2414//2410 2413//2409
f 2417//2413 2416//2412 2418//2414
f 2418//2414 2416//2412 2415//2411
f 1714//1711 1713//1710 2415//2411
f 2415//2411 1713//1710 2418//2414
f 1713//1710 1721//1718 2418//2414
f 2418//2414 1721//1718 2419//2415
f 2418//2414 2419//2415 2417//2413
f 2417//2413 2419//2415 2420//2416
f 2421//2417 2422//2418 2423//2419
f 2423//2419 2422//2418 2424//2420
f 1748//1745 2421//2417 1746//1743
f 1746//1743 2421//2417 2423//2419
f 2421//2417 1748//1745 2425//2421
f 2425//2421 1748//1745 1754//1751
f 2422//2418 2421//2417 2426//2422
f 2426//2422 2421//2417 2425//2421
f 2426//2422 2425//2421 2427//2423
f 2427//2423 2425//2421 2428//2424
f 2425//2421 1754//1751 2428//2424
f 2428//2424 1754//1751 2345//2341
f 2428//2424 2345//2341 2429//2425
f 2429//2425 2345//2341 1680//1677
f 2427//2423 2428//2424 2430//2426
f 2430//2426 2428//2424 2429//2425
f 2430//2426 2429//2425 2431//2427
f 2431//2427 2429//2425 2432//2428
f 2429//2425 1680//1677 2432//2428
f 2432//2428 1680//1677 1682//1679
f 2432//2428 1682//1679 2433//2429
f 2433//2429 1682//1679 1688//1685
f 2432//2428 2433//2429 2431//2427
f 2431//2427 2433//2429 2434//2430
f 2434//2430 2433//2429 2435//2431
f 2435//2431 2433//2429 2436//2432
f 2433//2429 1688//1685 2436//2432
f 2436//2432 1688//1685 1819//1816
f 2436//2432 1819//1816 2437//2433
f 2437//2433 1819//1816 1517//1514
f 2438//2434 2435//2431 2437//2433
f 2437//2433 2435//2431 2436//2432
f 2438//2434 2437//2433 2439//2435
f 2439//2435 2437//2433 2440//2436
f 2437//2433 1517//1514 2440//2436
f 2440//2436 1517//1514 1516//1513
f 2440//2436 1516//1513 2441//2437
f 2441//2437 1516//1513 1524//1521
f 2441//2437 2442//2438 2440//2436
f 2440//2436 2442//2438 2439//2435
f 2442//2438 2441//2437 2443//2439
f 2443//2439 2441//2437 2444//2440
f 1798//1795 2444//2440 1524//1521
f 1524//1521 2444//2440 2441//2437
f 1452//1452 2445//2441 1798//1795
f 1798//1795 2445//2441 2444//2440
f 2445//2441 1444//1444 2444//2440
f 2444//2440 1444//1444 2443//2439
f 1451//1451 2446//2442 1452//1452
f 1452//1452 2446//2442 2445//2441
f 2446//2442 1451//1451 2447//2443
f 2447//2443 1451//1451 1383//1383
f 2447//2443 1447//1447 2446//2442
f 2446//2442 1447//1447 1442//1442
f 2446//2442 1442//1442 2445//2441
f 2445//2441 1442//1442 1444//1444
f 992//992 2255//2252 1194//1194
f 1194//1194 2255//2252 2448//2444
f 2244//2241 2243//2240 2255//2252
f 2255//2252 2243//2240 2448//2444
f 1447//1447 2447//2443 2243//2240
f 2243//2240 2447//2443 2448//2444
f 2447//2443 1383//1383 2448//2444
f 2448//2444 1383//1383 1381//1381
f 47//47 1194//1194 1381//1381
f 1381//1381 1194//1194 2448//2444
f 2449//2445 1972//1969 1946//1943
f 1946//1943 1972//1969 1947//1944
f 1946//1943 1413//1413 2449//2445
f 2449//2445 1413//1413 2450//2446
f 1876//1873 1949//1946 2450//2446
f 2450//2446 1949//1946 2449//2445
f 1972//1969 2449//2445 1948//1945
f 1948//1945 2449//2445 1949//1946
f 1413//1413 1412//1412 2450//2446
f 2450//2446 1412//1412 2451//2447
f 1412//1412 77//77 2451//2447
f 2451//2447 77//77 1198//1198
f 2451//2447 1198//1198 1878//1875
f 1878//1875 1198//1198 581//581
f 1878//1875 1876//1873 2451//2447
f 2451//2447 1876//1873 2450//2446
f 2452//2448 1201//1201 1422//1422
f 1422//1422 1201//1201 99//99
f 1350//1350 2452//2448 1351//1351
f 1351//1351 2452//2448 1422//1422
f 1358//1358 2453//2449 1350//1350
f 1350//1350 2453//2449 2452//2448
f 2453//2449 1202//1202 2452//2448
f 2452//2448 1202//1202 1201//1201
f 1204//1204 1202//1202 2454//2450
f 2454//2450 1202//1202 2453//2449
f 1784//1781 2454//2450 1358//1358
f 1358//1358 2454//2450 2453//2449
f 2454//2450 1784//1781 1393//1393
f 1393//1393 1784//1781 1396//1396
f 65//65 1204//1204 1393//1393
f 1393//1393 1204//1204 2454//2450
f 2455//2451 2366//2362 1547//1544
f 1547//1544 2366//2362 1548//1545
f 1547//1544 1456//1456 2455//2451
f 2455//2451 1456//1456 1454//1454
f 1459//1459 2456//2452 1454//1454
f 1454//1454 2456//2452 2455//2451
f 2366//2362 2455//2451 2368//2364
f 2368//2364 2455//2451 2456//2452
f 2373//2369 2457//2453 1460//1460
f 1460//1460 2457//2453 2458//2454
f 2368//2364 2456//2452 2373//2369
f 2373//2369 2456//2452 2457//2453
f 2456//2452 1459//1459 2457//2453
f 2457//2453 1459//1459 1458//1458
f 1458//1458 1404//1404 2457//2453
f 2457//2453 1404//1404 2458//2454
f 1464//1464 1461//1461 2459//2455
f 2459//2455 1461//1461 2460//2456
f 2458//2454 2460//2456 1460//1460
f 1460//1460 2460//2456 1461//1461
f 1404//1404 1399//1399 2458//2454
f 2458//2454 1399//1399 2460//2456
f 1399//1399 1401//1401 2460//2456
f 2460//2456 1401//1401 2459//2455
f 1500//1497 1786//1783 2461//2457
f 2461//2457 1786//1783 2462//2458
f 2459//2455 2462//2458 1464//1464
f 1464//1464 2462//2458 1786//1783
f 2459//2455 1401//1401 2462//2458
f 2462//2458 1401//1401 1787//1784
f 2462//2458 1787//1784 2461//2457
f 2461//2457 1787//1784 1494//1491
f 2463//2459 1497//1494 2464//2460
f 2464//2460 1497//1494 1498//1495
f 1498//1495 1500//1497 2464//2460
f 2464//2460 1500//1497 2461//2457
f 1492//1489 2464//2460 1494//1491
f 1494//1491 2464//2460 2461//2457
f 1491//1488 2463//2459 1492//1489
f 1492//1489 2463//2459 2464//2460
f 2465//2461 1631//1628 2466//2462
f 2466//2462 1631//1628 2016//2013
f 2466//2462 2016//2013 2463//2459
f 2463//2459 2016//2013 1497//1494
f 2009//2006 2466//2462 1491//1488
f 1491//1488 2466//2462 2463//2459
f 1608//1605 2465//2461 2009//2006
f 2009//2006 2465//2461 2466//2462
f 2467//2463 1627//1624 2468//2464
f 2468//2464 1627//1624 1626//1623
f 2468//2464 1626//1623 2465//2461
f 2465//2461 1626//1623 1631//1628
f 2465//2461 1608//1605 2468//2464
f 2468//2464 1608//1605 1607//1604
f 1606//1603 2467//2463 1607//1604
f 1607//1604 2467//2463 2468//2464
f 1780//1777 1594//1591 2469//2465
f 2469//2465 1594//1591 1795//1792
f 2470//2466 2469//2465 1529//1526
f 1529//1526 2469//2465 1795//1792
f 1392//1392 1780//1777 2470//2466
f 2470//2466 1780//1777 2469//2465
f 1502//1499 1501//1498 2471//2467
f 2471//2467 1501//1498 2472//2468
f 2470//2466 2472//2468 1392//1392
f 1392//1392 2472//2468 1501//1498
f 2472//2468 2470//2466 1528//1525
f 1528//1525 2470//2466 1529//1526
f 1527//1524 2471//2467 1528//1525
f 1528//1525 2471//2467 2472//2468
f 1706//1703 1814//1811 2473//2469
f 2473//2469 1814//1811 2474//2470
f 1814//1811 1502//1499 2474//2470
f 2474//2470 1502//1499 2471//2467
f 1818//1815 2474//2470 1527//1524
f 1527//1524 2474//2470 2471//2467
f 1712//1709 2473//2469 1818//1815
f 1818//1815 2473//2469 2474//2470
f 1700//1697 1701//1698 2475//2471
f 2475//2471 1701//1698 2476//2472
f 1701//1698 1706//1703 2476//2472
f 2476//2472 1706//1703 2473//2469
f 2476//2472 2473//2469 1710//1707
f 1710//1707 2473//2469 1712//1709
f 2475//2471 2476//2472 1709//1706
f 1709//1706 2476//2472 1710//1707
f 2477//2473 1772//1769 2478//2474
f 2478//2474 1772//1769 2339//2335
f 2339//2335 1700//1697 2478//2474
f 2478//2474 1700//1697 2475//2471
f 2344//2340 2478//2474 1709//1706
f 1709//1706 2478//2474 2475//2471
f 1778//1775 2477//2473 2344//2340
f 2344//2340 2477//2473 2478//2474
f 1766//1763 2479//2475 1764//1761
f 1764//1761 2479//2475 2480//2476
f 2479//2475 1766//1763 2477//2473
f 2477//2473 1766//1763 1772//1769
f 1776//1773 2479//2475 1778//1775
f 1778//1775 2479//2475 2477//2473
f 1776//1773 1775//1772 2479//2475
f 2479//2475 1775//1772 2480//2476
f 2481//2477 1731//1728 2482//2478
f 2482//2478 1731//1728 1733//1730
f 2482//2478 1733//1730 2483//2479
f 2483//2479 1733//1730 1739//1736
f 1743//1740 2482//2478 1744//1741
f 1744//1741 2482//2478 2483//2479
f 1742//1739 2481//2477 1743//1740
f 1743//1740 2481//2477 2482//2478
f 2484//2480 1824//1821 2485//2481
f 2485//2481 1824//1821 1822//1819
f 1731//1728 2481//2477 1822//1819
f 1822//1819 2481//2477 2485//2481
f 1842//1839 2485//2481 1742//1739
f 1742//1739 2485//2481 2481//2477
f 2485//2481 1842//1839 2484//2480
f 2484//2480 1842//1839 1841//1838
f 2486//2482 2326//2322 2487//2483
f 2487//2483 2326//2322 2328//2324
f 1824//1821 2484//2480 2328//2324
f 2328//2324 2484//2480 2487//2483
f 2487//2483 2484//2480 2335//2331
f 2335//2331 2484//2480 1841//1838
f 2486//2482 2487//2483 2334//2330
f 2334//2330 2487//2483 2335//2331
f 2488//2484 1721//1718 2489//2485
f 2489//2485 1721//1718 1719//1716
f 2489//2485 1719//1716 2490//2486
f 2490//2486 1719//1716 1720//1717
f 1747//1744 2489//2485 1750//1747
f 1750//1747 2489//2485 2490//2486
f 1746//1743 2488//2484 1747//1744
f 1747//1744 2488//2484 2489//2485
f 2490//2486 1720//1717 2491//2487
f 2491//2487 1720//1717 1745//1742
f 2491//2487 1745//1742 2492//2488
f 2492//2488 1745//1742 1744//1741
f 2492//2488 1775//1772 2491//2487
f 2491//2487 1775//1772 1773//1770
f 2491//2487 1773//1770 2490//2486
f 2490//2486 1773//1770 1750//1747
f 1764//1761 2480//2476 2493//2489
f 2493//2489 2480//2476 2494//2490
f 2480//2476 1775//1772 2494//2490
f 2494//2490 1775//1772 2492//2488
f 2494//2490 2492//2488 2483//2479
f 2483//2479 2492//2488 1744//1741
f 2493//2489 2494//2490 1739//1736
f 1739//1736 2494//2490 2483//2479
f 2495//2491 2493//2489 1737//1734
f 1737//1734 2493//2489 1739//1736
f 2496//2492 2495//2491 1738//1735
f 1738//1735 2495//2491 1737//1734
f 1768//1765 1765//1762 2496//2492
f 2496//2492 1765//1762 2495//2491
f 1765//1762 1764//1761 2495//2491
f 2495//2491 1764//1761 2493//2489
f 2497//2493 2498//2494 2391//2387
f 2391//2387 2498//2494 1755//1752
f 2391//2387 1768//1765 2497//2493
f 2497//2493 1768//1765 2496//2492
f 2497//2493 2496//2492 2394//2390
f 2394//2390 2496//2492 1738//1735
f 2498//2494 2497//2493 1730//1727
f 1730//1727 2497//2493 2394//2390
f 2499//2495 2500//2496 2501//2497
f 2501//2497 2500//2496 2502//2498
f 2500//2496 2499//2495 2503//2499
f 2503//2499 2499//2495 2504//2500
f 2503//2499 2505//2501 2500//2496
f 2500//2496 2505//2501 2506//2502
f 2506//2502 2507//2503 2500//2496
f 2500//2496 2507//2503 2502//2498
f 2508//2504 2420//2416 2509//2505
f 2509//2505 2420//2416 2419//2415
f 2509//2505 2419//2415 2488//2484
f 2488//2484 2419//2415 1721//1718
f 2423//2419 2509//2505 1746//1743
f 1746//1743 2509//2505 2488//2484
f 2509//2505 2423//2419 2508//2504
f 2508//2504 2423//2419 2424//2420
f 2507//2503 2506//2502 2510//2506
f 2510//2506 2506//2502 2511//2507
f 2505//2501 2512//2508 2506//2502
f 2506//2502 2512//2508 2511//2507
f 2512//2508 1759//1756 2511//2507
f 2511//2507 1759//1756 1756//1753
f 2510//2506 2511//2507 1755//1752
f 1755//1752 2511//2507 1756//1753
f 2513//2509 2514//2510 2515//2511
f 2515//2511 2514//2510 2516//2512
f 2517//2513 2515//2511 2518//2514
f 2518//2514 2515//2511 2516//2512
f 2420//2416 2508//2504 2517//2513
f 2517//2513 2508//2504 2515//2511
f 2515//2511 2508//2504 2513//2509
f 2513//2509 2508//2504 2424//2420
f 2499//2495 2519//2515 2504//2500
f 2504//2500 2519//2515 2520//2516
f 2519//2515 2499//2495 2521//2517
f 2521//2517 2499//2495 2501//2497
f 1728//1725 2519//2515 1730//1727
f 1730//1727 2519//2515 2521//2517
f 2519//2515 1728//1725 2520//2516
f 2520//2516 1728//1725 1729//1726
f 2521//2517 2501//2497 2522//2518
f 2522//2518 2501//2497 2502//2498
f 2510//2506 2522//2518 2507//2503
f 2507//2503 2522//2518 2502//2498
f 2522//2518 2510//2506 2498//2494
f 2498//2494 2510//2506 1755//1752
f 1730//1727 2521//2517 2498//2494
f 2498//2494 2521//2517 2522//2518
f 1696//1693 2523//2519 1697//1694
f 1697//1694 2523//2519 2385//2381
f 1695//1692 2524//2520 1696//1693
f 1696//1693 2524//2520 2523//2519
f 1807//1804 2523//2519 1811//1808
f 1811//1808 2523//2519 2524//2520
f 2523//2519 1807//1804 2385//2381
f 2385//2381 1807//1804 1809//1806
f 2525//2521 2526//2522 2527//2523
f 2527//2523 2526//2522 2528//2524
f 2527//2523 2528//2524 2431//2427
f 2431//2427 2528//2524 2430//2426
f 2527//2523 2431//2427 2525//2521
f 2525//2521 2431//2427 2434//2430
f 2355//2351 2353//2349 2529//2525
f 2529//2525 2353//2349 2530//2526
f 2531//2527 2530//2526 2354//2350
f 2354//2350 2530//2526 2353//2349
f 2530//2526 2531//2527 1671//1668
f 1671//1668 2531//2527 1664//1661
f 2530//2526 1671//1668 2529//2525
f 2529//2525 1671//1668 1672//1669
f 2531//2527 2354//2350 2532//2528
f 2532//2528 2354//2350 2352//2348
f 2532//2528 2352//2348 2348//2344
f 2348//2344 2352//2348 2282//2279
f 2348//2344 1664//1661 2532//2528
f 2532//2528 1664//1661 2531//2527
f 2529//2525 2533//2529 2355//2351
f 2355//2351 2533//2529 2351//2347
f 2358//2354 2533//2529 1672//1669
f 1672//1669 2533//2529 2529//2525
f 2533//2529 2358//2354 2351//2347
f 2351//2347 2358//2354 2288//2285
f 2534//2530 2442//2438 2535//2531
f 2535//2531 2442//2438 2443//2439
f 1444//1444 1445//1445 2443//2439
f 2443//2439 1445//1445 2535//2531
f 1800//1797 2535//2531 1448//1448
f 1448//1448 2535//2531 1445//1445
f 2535//2531 1800//1797 2534//2530
f 2534//2530 1800//1797 1513//1510
f 2536//2532 2438//2434 2537//2533
f 2537//2533 2438//2434 2439//2435
f 2537//2533 2439//2435 2534//2530
f 2534//2530 2439//2435 2442//2438
f 1512//1509 2537//2533 1513//1510
f 1513//1510 2537//2533 2534//2530
f 1511//1508 2536//2532 1512//1509
f 1512//1509 2536//2532 2537//2533
f 2538//2534 2434//2430 2539//2535
f 2539//2535 2434//2430 2435//2431
f 2536//2532 2539//2535 2438//2434
f 2438//2434 2539//2535 2435//2431
f 1812//1809 2539//2535 1511//1508
f 1511//1508 2539//2535 2536//2532
f 1811//1808 2538//2534 1812//1809
f 1812//1809 2538//2534 2539//2535
f 2526//2522 2525//2521 2540//2536
f 2540//2536 2525//2521 2541//2537
f 2541//2537 2525//2521 2538//2534
f 2538//2534 2525//2521 2434//2430
f 2538//2534 1811//1808 2541//2537
f 2541//2537 1811//1808 2524//2520
f 1695//1692 2540//2536 2524//2520
f 2524//2520 2540//2536 2541//2537
f 2528//2524 2542//2538 2430//2426
f 2430//2426 2542//2538 2543//2539
f 2540//2536 2542//2538 2526//2522
f 2526//2522 2542//2538 2528//2524
f 2542//2538 2540//2536 1694//1691
f 1694//1691 2540//2536 1695//1692
f 2543//2539 2542//2538 1693//1690
f 1693//1690 2542//2538 1694//1691
f 2426//2422 2427//2423 2544//2540
f 2544//2540 2427//2423 2545//2541
f 2545//2541 2427//2423 2543//2539
f 2543//2539 2427//2423 2430//2426
f 2545//2541 2543//2539 2338//2334
f 2338//2334 2543//2539 1693//1690
f 1761//1758 2544//2540 2338//2334
f 2338//2334 2544//2540 2545//2541
f 2424//2420 2422//2418 2546//2542
f 2546//2542 2422//2418 2547//2543
f 2422//2418 2426//2422 2547//2543
f 2547//2543 2426//2422 2544//2540
f 1760//1757 2547//2543 1761//1758
f 1761//1758 2547//2543 2544//2540
f 1759//1756 2546//2542 1760//1757
f 1760//1757 2546//2542 2547//2543
f 2514//2510 2513//2509 2548//2544
f 2548//2544 2513//2509 2549//2545
f 2513//2509 2424//2420 2549//2545
f 2549//2545 2424//2420 2546//2542
f 2512//2508 2549//2545 1759//1756
f 1759//1756 2549//2545 2546//2542
f 2505//2501 2548//2544 2512//2508
f 2512//2508 2548//2544 2549//2545
f 2550//2546 2518//2514 2551//2547
f 2551//2547 2518//2514 2516//2512
f 2548//2544 2551//2547 2514//2510
f 2514//2510 2551//2547 2516//2512
f 2551//2547 2548//2544 2503//2499
f 2503//2499 2548//2544 2505//2501
f 2503//2499 2504//2500 2551//2547
f 2551//2547 2504//2500 2550//2546
f 2518//2514 2550//2546 2517//2513
f 2517//2513 2550//2546 2552//2548
f 2504//2500 2520//2516 2550//2546
f 2550//2546 2520//2516 2552//2548
f 2553//2549 2552//2548 1729//1726
f 1729//1726 2552//2548 2520//2516
f 2553//2549 2420//2416 2552//2548
f 2552//2548 2420//2416 2517//2513
f 2554//2550 2555//2551 2417//2413
f 2417//2413 2555//2551 2416//2412
f 2417//2413 2420//2416 2554//2550
f 2554//2550 2420//2416 2553//2549
f 1729//1726 1726//1723 2553//2549
f 2553//2549 1726//1723 2554//2550
f 1726//1723 1727//1724 2554//2550
f 2554//2550 1727//1724 2555//2551
f 2556//2552 2557//2553 2414//2410
f 2414//2410 2557//2553 2412//2408
f 2555//2551 2556//2552 2416//2412
f 2416//2412 2556//2552 2414//2410
f 1727//1724 1831//1828 2555//2551
f 2555//2551 1831//1828 2556//2552
f 1831//1828 1832//1829 2556//2552
f 2556//2552 1832//1829 2557//2553
f 2558//2554 2559//2555 2410//2406
f 2410//2406 2559//2555 2409//2405
f 2557//2553 2558//2554 2412//2408
f 2412//2408 2558//2554 2410//2406
f 1832//1829 2324//2320 2557//2553
f 2557//2553 2324//2320 2558//2554
f 2324//2320 2325//2321 2558//2554
f 2558//2554 2325//2321 2559//2555
f 2560//2556 1437//1437 2561//2557
f 2561//2557 1437//1437 1436//1436
f 1435//1435 2562//2558 1436//1436
f 1436//1436 2562//2558 2561//2557
f 2562//2558 2318//2314 2561//2557
f 2561//2557 2318//2314 2317//2313
f 2315//2311 2560//2556 2317//2313
f 2317//2313 2560//2556 2561//2557
f 2399//2395 2401//2397 2563//2559
f 2563//2559 2401//2397 2564//2560
f 2401//2397 1437//1437 2564//2560
f 2564//2560 1437//1437 2560//2556
f 2407//2403 2564//2560 2315//2311
f 2315//2311 2564//2560 2560//2556
f 2409//2405 2563//2559 2407//2403
f 2407//2403 2563//2559 2564//2560
f 2563//2559 2565//2561 2399//2395
f 2399//2395 2565//2561 2400//2396
f 2559//2555 2565//2561 2409//2405
f 2409//2405 2565//2561 2563//2559
f 2565//2561 2559//2555 2566//2562
f 2566//2562 2559//2555 2325//2321
f 2403//2399 2400//2396 2566//2562
f 2566//2562 2400//2396 2565//2561
f 2567//2563 2405//2401 2568//2564
f 2568//2564 2405//2401 2404//2400
f 2403//2399 2566//2562 2404//2400
f 2404//2400 2566//2562 2568//2564
f 2568//2564 2566//2562 2322//2318
f 2322//2318 2566//2562 2325//2321
f 2322//2318 2323//2319 2568//2564
f 2568//2564 2323//2319 2567//2563
f 2405//2401 2567//2563 2406//2402
f 2406//2402 2567//2563 2569//2565
f 2323//2319 2397//2393 2567//2563
f 2567//2563 2397//2393 2569//2565
f 2397//2393 2331//2327 2569//2565
f 2569//2565 2331//2327 2570//2566
f 2406//2402 2569//2565 1439//1439
f 1439//1439 2569//2565 2570//2566
f 1441//1441 1440//1440 2571//2567
f 2571//2567 1440//1440 2572//2568
f 2570//2566 2572//2568 1439//1439
f 1439//1439 2572//2568 1440//1440
f 2331//2327 2327//2323 2570//2566
f 2570//2566 2327//2323 2572//2568
f 2571//2567 2572//2568 2326//2322
f 2326//2322 2572//2568 2327//2323
f 1434//1434 1441//1441 2573//2569
f 2573//2569 1441//1441 2571//2567
f 2573//2569 2571//2567 2486//2482
f 2486//2482 2571//2567 2326//2322
f 2573//2569 2486//2482 2574//2570
f 2574//2570 2486//2482 2334//2330
f 1433//1433 1434//1434 2574//2570
f 2574//2570 1434//1434 2573//2569
f 1431//1431 2575//2571 1435//1435
f 1435//1435 2575//2571 2562//2558
f 1433//1433 2574//2570 1431//1431
f 1431//1431 2574//2570 2575//2571
f 2575//2571 2574//2570 2332//2328
f 2332//2328 2574//2570 2334//2330
f 2575//2571 2332//2328 2562//2558
f 2562//2558 2332//2328 2318//2314
f 1469//146 2576//2572 1471//1468
f 1471//1468 2576//2572 2577//2573
f 2578//2574 2576//2572 1467//1466
f 1467//1466 2576//2572 1469//146
f 2298//2295 2576//2572 2303//2299
f 2303//2299 2576//2572 2578//2574
f 2576//2572 2298//2295 2577//2573
f 2577//2573 2298//2295 2300//1047
f 2579//2575 2580//2576 1470//143
f 1470//143 2580//2576 1472//1469
f 2579//2575 1470//143 2577//2573
f 2577//2573 1470//143 1471//1468
f 2305//2301 2579//2575 2300//1047
f 2300//1047 2579//2575 2577//2573
f 2305//2301 2304//2300 2579//2575
f 2579//2575 2304//2300 2580//2576
f 2581//2577 1474//1471 2582//2578
f 2582//2578 1474//1471 1473//1470
f 1473//1470 1472//1469 2582//2578
f 2582//2578 1472//1469 2580//2576
f 2582//2578 2580//2576 2310//2306
f 2310//2306 2580//2576 2304//2300
f 2310//2306 2311//2307 2582//2578
f 2582//2578 2311//2307 2581//2577
f 2578//2574 1467//1466 2583//2579
f 2583//2579 1467//1466 1466//149
f 2581//2577 2583//2579 1474//1471
f 1474//1471 2583//2579 1466//149
f 2581//2577 2311//2307 2583//2579
f 2583//2579 2311//2307 2312//2308
f 2578//2574 2583//2579 2303//2299
f 2303//2299 2583//2579 2312//2308
f 67//67 1397//1397 1336//1336
f 1336//1336 1397//1397 2584//2580
f 1397//1397 1398//1398 2584//2580
f 2584//2580 1398//1398 2585//2581
f 2584//2580 2585//2581 1379//1379
f 1379//1379 2585//2581 1380//1380
f 1336//1336 2584//2580 32//32
f 32//32 2584//2580 1379//1379
f 2586//2582 1484//1481 2587//2583
f 2587//2583 1484//1481 1482//1479
f 2585//2581 2587//2583 1482//1479
f 1482//1479 1380//1380 2585//2581
f 2587//2583 2585//2581 1479//1476
f 1479//1476 2585//2581 1398//1398
f 1479//1476 1480//1477 2587//2583
f 2587//2583 1480//1477 2586//2582
f 2588//2584 1616//1613 2589//2585
f 2589//2585 1616//1613 2010//2007
f 2589//2585 2010//2007 2586//2582
f 2586//2582 2010//2007 1484//1481
f 2589//2585 2586//2582 2014//2011
f 2014//2011 2586//2582 1480//1477
f 1624//1621 2588//2584 2014//2011
f 2014//2011 2588//2584 2589//2585
f 2590//2586 1613//1610 2591//2587
f 2591//2587 1613//1610 1614//1611
f 2591//2587 1614//1611 2588//2584
f 2588//2584 1614//1611 1616//1613
f 1624//1621 1621//1618 2588//2584
f 2588//2584 1621//1618 2591//2587
f 1622//1619 2590//2586 1621//1618
f 1621//1618 2590//2586 2591//2587
f 1646//1643 2021//2018 2592//2588
f 2592//2588 2021//2018 2593//2589
f 2021//2018 1613//1610 2593//2589
f 2593//2589 1613//1610 2590//2586
f 2024//2021 2593//2589 1622//1619
f 1622//1619 2593//2589 2590//2586
f 1653//1650 2592//2588 2024//2021
f 2024//2021 2592//2588 2593//2589
f 1643//1640 2594//2590 1641//1638
f 1641//1638 2594//2590 1677//1674
f 1643//1640 1646//1643 2594//2590
f 2594//2590 1646//1643 2592//2588
f 1652//1649 2594//2590 1653//1650
f 1653//1650 2594//2590 2592//2588
f 1677//1674 2594//2590 1651//1648
f 1651//1648 2594//2590 1652//1649
f 1661//1658 2025//2022 2595//2591
f 2595//2591 2025//2022 2596//2592
f 2596//2592 2025//2022 2467//2463
f 2467//2463 2025//2022 1627//1624
f 2019//2016 2596//2592 1606//1603
f 1606//1603 2596//2592 2467//2463
f 1638//1635 2595//2591 2019//2016
f 2019//2016 2595//2591 2596//2592
f 2597//2593 1668//1665 1658//1655
f 1658//1655 1668//1665 1656//1653
f 1658//1655 1661//1658 2597//2593
f 2597//2593 1661//1658 2595//2591
f 1637//1634 2597//2593 1638//1635
f 1638//1635 2597//2593 2595//2591
f 1668//1665 2597//2593 1636//1633
f 1636//1633 2597//2593 1637//1634
f 2096//2093 2362//2358 2095//2092
f 2095//2092 2362//2358 2598//2594
f 2362//2358 2132//2129 2598//2594
f 2598//2594 2132//2129 2130//2127
f 2598//2594 2130//2127 2095//2092
f 2095//2092 2130//2127 1893//1890
