# Blender v2.90.0 OBJ File: ''
# www.blender.org
mtllib Stanfordbunny.mtl
o Stanfordbunny
v 0.041674 -0.155856 0.182473
v 0.025072 -0.158639 0.193254
v 0.026153 -0.172165 0.177504
v -0.274086 0.238457 -0.076067
v -0.264023 0.240915 -0.062135
v -0.254273 0.243894 -0.059220
v -0.024315 0.221607 0.111481
v -0.039558 0.223890 0.112938
v -0.051150 0.214924 0.136632
v 0.171485 -0.179683 -0.160951
v 0.160154 -0.185650 -0.171975
v 0.176030 -0.172973 -0.208946
v -0.279378 -0.217272 -0.120860
v -0.277803 -0.220365 -0.148539
v -0.260026 -0.231343 -0.134254
v -0.037431 -0.057787 -0.307022
v -0.056135 -0.096146 -0.305364
v -0.066305 -0.051223 -0.306172
v -0.141119 0.252348 -0.253530
v -0.118145 0.256776 -0.252744
v -0.132313 0.240854 -0.263440
v 0.132900 0.221225 0.045656
v 0.097545 0.227715 0.026756
v 0.080468 0.226766 0.050801
v -0.381160 -0.060761 0.117093
v -0.389683 -0.016436 0.110852
v -0.386230 -0.070452 0.098942
v -0.000124 0.031971 0.268988
v -0.044749 -0.017842 0.283454
v 0.010745 -0.012281 0.268703
v 0.114079 -0.200224 -0.090679
v 0.109720 -0.195294 -0.124084
v 0.123537 -0.198004 -0.112447
v -0.159072 -0.241793 -0.257503
v -0.149670 -0.225322 -0.268871
v -0.132595 -0.249663 -0.248847
v 0.195328 -0.177900 0.150105
v 0.177584 -0.193735 0.122792
v 0.199187 -0.187126 0.120164
v 0.399374 0.077281 -0.065124
v 0.378634 0.071509 -0.089700
v 0.386687 0.083208 -0.081715
v -0.392051 0.112340 -0.087837
v -0.401848 0.082243 -0.086526
v -0.398235 0.096036 -0.079874
v -0.128159 -0.124800 -0.300971
v -0.106909 -0.061217 -0.305701
v -0.095008 -0.114425 -0.303563
v 0.039063 0.041069 0.257194
v 0.043992 0.005626 0.258988
v 0.431458 0.076428 0.061692
v 0.423778 0.087206 0.078165
v 0.422862 0.072466 0.115133
v 0.218974 0.074960 -0.337582
v 0.201424 0.046290 -0.338195
v 0.192109 0.065330 -0.336897
v 0.062146 0.242465 -0.163889
v 0.067915 0.251673 -0.140183
v 0.069023 0.233074 -0.147932
v 0.247861 0.208517 -0.006607
v 0.233845 0.209586 -0.023127
v 0.199799 0.210631 -0.010900
v 0.354996 0.151102 0.103980
v 0.332033 0.161574 0.105714
v 0.344831 0.141895 0.135581
v 0.253667 0.108991 0.312150
v 0.249221 0.103958 0.337786
v 0.261432 0.111304 0.326910
v 0.474912 -0.157723 0.255654
v 0.469284 -0.174946 0.272692
v 0.474764 -0.175465 0.259244
v 0.337137 -0.173219 0.149760
v 0.337959 -0.210442 0.159829
v 0.320620 -0.195616 0.161614
v 0.361031 -0.151783 0.428679
v 0.342495 -0.173706 0.416892
v 0.357727 -0.190578 0.403829
v 0.197389 0.040181 0.332834
v 0.189112 0.005136 0.323740
v 0.195284 0.016531 0.342833
v 0.288536 -0.174158 0.346617
v 0.282275 -0.160485 0.335631
v 0.293771 -0.184287 0.319957
v -0.224258 -0.261479 -0.117802
v -0.245649 -0.244891 -0.130462
v -0.233491 -0.246965 -0.152416
v -0.166805 -0.269703 -0.192791
v -0.139006 -0.274384 -0.192163
v -0.132916 -0.278361 -0.182114
v 0.448323 -0.047315 0.110001
v 0.424361 -0.087756 0.129861
v 0.436896 -0.086477 0.104814
v 0.291112 -0.160963 -0.106069
v 0.310155 -0.169529 -0.086425
v 0.282660 -0.191314 -0.073917
v -0.233996 -0.036190 0.272483
v -0.245568 -0.004656 0.267973
v -0.256831 -0.040458 0.260914
v -0.167776 -0.165127 0.220117
v -0.157285 -0.175957 0.204001
v -0.151121 -0.159816 0.225980
v -0.513182 -0.001876 -0.164151
v -0.509591 -0.035141 -0.171051
v -0.512745 -0.032619 -0.136553
v -0.266051 -0.211719 -0.210348
v -0.260203 -0.222366 -0.206038
v -0.277896 -0.212319 -0.187582
v 0.221547 0.144387 -0.304435
v 0.246299 0.137588 -0.313063
v 0.221720 0.147315 -0.317880
v 0.235182 0.158471 -0.111389
v 0.258243 0.139005 -0.121870
v 0.239106 0.136196 -0.127498
v 0.295150 -0.018686 0.452356
v 0.313057 -0.045090 0.453746
v 0.299878 -0.008244 0.451084
v 0.409659 0.071185 0.153718
v 0.405059 0.087336 0.140433
v 0.393793 0.082420 0.163392
v 0.260673 0.085525 -0.254973
v 0.278695 0.063688 -0.254642
v 0.292080 0.078754 -0.266715
v 0.223237 0.091001 -0.338124
v 0.243470 0.059005 -0.337278
v 0.242177 0.030584 -0.337730
v -0.064383 -0.259317 0.081045
v -0.069888 -0.249214 0.087214
v -0.084129 -0.266511 0.076610
v 0.060145 -0.216324 -0.057869
v 0.043079 -0.226970 -0.078548
v 0.052226 -0.207448 -0.084956
v 0.221058 -0.090403 0.364301
v 0.218494 -0.051869 0.377536
v 0.216433 -0.076664 0.348201
v 0.246800 -0.069992 0.444540
v 0.276074 -0.072177 0.451036
v 0.256811 -0.047362 0.448861
v 0.176803 -0.141798 0.190749
v 0.143972 -0.131943 0.206853
v 0.155638 -0.149747 0.184044
v 0.204605 -0.073396 0.329491
v 0.213987 -0.045229 0.371651
v 0.315100 -0.188326 0.108544
v 0.339559 -0.189726 0.083494
v 0.343578 -0.175405 0.108285
v 0.372001 -0.157337 0.113023
v 0.371910 -0.168905 0.074668
v 0.389608 -0.155513 0.071701
v -0.017068 0.131319 0.225462
v 0.021313 0.144236 0.217929
v 0.012591 0.151846 0.208816
v 0.233947 0.161253 0.200390
v 0.228409 0.183983 0.164310
v 0.215064 0.167528 0.197654
v 0.385692 -0.260965 0.230730
v 0.380349 -0.265278 0.245429
v 0.369506 -0.269456 0.218618
v 0.316670 -0.216284 0.353572
v 0.307449 -0.205026 0.357287
v 0.308911 -0.214680 0.312345
v -0.433155 0.073835 -0.127586
v -0.413655 0.055937 -0.108997
v -0.406648 0.077008 -0.135995
v -0.377064 0.109182 -0.242258
v -0.359996 0.105955 -0.258578
v -0.367966 0.096887 -0.271646
v 0.469459 -0.147815 0.274672
v 0.459401 -0.145909 0.300342
v 0.460215 -0.168697 0.297871
v 0.423464 0.091992 0.274889
v 0.427511 0.070100 0.311725
v 0.432769 0.078463 0.281069
v -0.189012 0.261938 -0.207498
v -0.183811 0.253865 -0.232361
v -0.206801 0.250377 -0.217394
v -0.351243 0.109898 -0.255834
v -0.366145 0.110916 -0.242489
v -0.366776 0.114261 -0.222479
v 0.389558 0.110161 0.261778
v 0.412300 0.097006 0.226132
v 0.395759 0.105103 0.226556
v 0.252624 0.099462 0.352734
v 0.269296 0.101662 0.359813
v 0.259507 0.107649 0.341626
v -0.062879 -0.246119 -0.276583
v -0.084463 -0.235770 -0.268402
v -0.123802 -0.226757 -0.277019
v 0.084549 -0.188047 -0.099598
v 0.076868 -0.182372 -0.111903
v 0.096566 -0.188593 -0.129897
v 0.280755 0.238779 0.426771
v 0.277435 0.217244 0.438550
v 0.275360 0.238694 0.456033
v 0.384978 0.035985 0.438810
v 0.369520 0.022991 0.446775
v 0.399232 0.009570 0.440389
v -0.375281 -0.126978 0.066328
v -0.358692 -0.120578 0.114668
v -0.372531 -0.113848 0.091650
v -0.240074 -0.247588 0.010121
v -0.243189 -0.257116 -0.014330
v -0.230635 -0.254397 0.004488
v 0.309427 0.186851 0.379704
v 0.321946 0.203536 0.381298
v 0.325321 0.175718 0.375377
v 0.375153 0.174438 0.485188
v 0.378398 0.167404 0.468438
v 0.379086 0.195073 0.486295
v 0.048596 -0.182673 -0.216678
v 0.043413 -0.208750 -0.225355
v 0.052692 -0.198568 -0.223952
v 0.022532 -0.233118 -0.127384
v 0.011065 -0.258243 -0.119761
v 0.004578 -0.252436 -0.140263
v -0.340181 -0.007238 0.190798
v -0.370911 0.005777 0.148864
v -0.360388 -0.042152 0.161264
v -0.275686 0.180281 0.121319
v -0.268951 0.169612 0.141298
v -0.254757 0.178441 0.131775
v 0.078818 -0.118409 -0.310990
v 0.085120 -0.109051 -0.323163
v 0.096695 -0.137322 -0.324407
v 0.066131 -0.170126 -0.216716
v 0.064376 -0.196509 -0.224497
v 0.078802 -0.180187 -0.223025
v -0.133050 0.144718 0.233541
v -0.116842 0.132660 0.242457
v -0.113146 0.146995 0.227284
v -0.258517 0.112865 0.224427
v -0.239592 0.110739 0.237265
v -0.267429 0.131855 0.205384
v 0.303845 0.383541 0.441503
v 0.300840 0.367706 0.445058
v 0.291552 0.376460 0.465658
v 0.339225 0.359747 0.438818
v 0.337105 0.350266 0.466783
v 0.342596 0.327469 0.447416
v 0.331658 -0.143269 -0.100149
v 0.344338 -0.114734 -0.109840
v 0.350649 -0.128843 -0.096427
v 0.256807 -0.016214 -0.265362
v 0.289562 0.007262 -0.263802
v 0.263027 0.005602 -0.255358
v -0.413291 0.060520 -0.031676
v -0.417737 0.037910 -0.051425
v -0.418177 0.032640 -0.026440
v -0.292682 0.156084 0.149674
v -0.304890 0.155909 0.138077
v -0.305622 0.141347 0.160601
v 0.303696 0.241584 0.519295
v 0.314853 0.221945 0.520163
v 0.325691 0.237786 0.533329
v 0.323343 0.425814 0.556883
v 0.316856 0.429437 0.539370
v 0.315061 0.448655 0.580583
v 0.253609 -0.196298 -0.078752
v 0.240224 -0.184284 -0.093977
v 0.259854 -0.178595 -0.098997
v 0.164202 -0.206056 0.040817
v 0.176011 -0.208340 0.065586
v 0.160163 -0.203059 0.079092
v 0.197003 0.185198 -0.068104
v 0.219140 0.188684 -0.068016
v 0.215663 0.177642 -0.080232
v 0.066743 0.214896 -0.178690
v 0.076692 0.209215 -0.152648
v 0.075580 0.198616 -0.166827
v -0.432158 0.058941 -0.111781
v -0.452675 0.061127 -0.111688
v -0.447629 0.044155 -0.096695
v -0.370829 -0.153566 -0.055641
v -0.383754 -0.136316 -0.028299
v -0.371336 -0.149462 -0.075650
v 0.172432 -0.106733 0.223386
v 0.143471 -0.121497 0.216619
v 0.178090 -0.125693 0.206167
v 0.146412 0.007762 0.276880
v 0.123123 0.016837 0.273044
v 0.113725 -0.004598 0.270048
v 0.452281 0.057978 0.224646
v 0.453107 0.050658 0.241454
v 0.463413 0.032676 0.223322
v 0.440155 -0.084182 0.171090
v 0.440468 -0.048403 0.157497
v 0.455644 -0.056559 0.171618
v 0.063100 -0.218572 0.026443
v 0.037898 -0.240287 0.044042
v 0.049025 -0.244192 0.020562
v 0.066261 -0.219785 0.057048
v 0.071292 -0.213532 0.043156
v 0.083205 -0.216333 0.055596
v -0.321670 0.140733 -0.223997
v -0.312438 0.148475 -0.235221
v -0.305988 0.128727 -0.249611
v -0.316112 0.197206 -0.109553
v -0.325180 0.191472 -0.123453
v -0.338343 0.180196 -0.111298
v 0.298606 0.123571 0.308185
v 0.262847 0.113832 0.311330
v 0.284987 0.118458 0.329932
v 0.302461 0.123086 0.323383
v 0.225165 -0.001531 -0.219453
v 0.205255 -0.021959 -0.208121
v 0.207168 -0.022928 -0.228887
v 0.206774 -0.214909 -0.271274
v 0.201107 -0.204436 -0.262314
v 0.182639 -0.207236 -0.271117
v -0.208861 -0.135354 0.245083
v -0.219674 -0.105086 0.261569
v -0.233981 -0.111521 0.247056
v -0.330277 -0.151077 0.121899
v -0.347950 -0.148752 0.095443
v -0.342365 -0.171183 0.070766
v -0.334998 -0.114016 -0.277155
v -0.355639 -0.117213 -0.273881
v -0.349614 -0.107091 -0.285694
v -0.260335 0.010670 -0.324876
v -0.264349 0.001137 -0.321315
v -0.274383 0.003731 -0.328858
v 0.266979 -0.076006 -0.287263
v 0.242831 -0.066543 -0.277026
v 0.265126 -0.083255 -0.279236
v 0.277993 -0.021636 -0.278878
v 0.166317 0.108719 0.421832
v 0.144122 0.129535 0.447294
v 0.180425 0.115783 0.442464
v 0.215020 -0.048543 0.398381
v 0.218199 -0.059003 0.408966
v 0.210319 -0.023778 0.407371
v -0.240894 0.163569 -0.314912
v -0.251682 0.138806 -0.304309
v -0.250950 0.168267 -0.295935
v -0.096970 0.175181 -0.323118
v 0.006998 0.193945 -0.325816
v -0.048252 0.175713 -0.309475
v 0.422048 0.048909 0.156900
v 0.441506 0.054601 0.192467
v 0.442813 0.040473 0.178298
v 0.404374 0.080268 0.174298
v 0.414931 0.078614 0.182759
v 0.424259 0.058034 0.173129
v 0.110968 -0.204654 0.082548
v 0.118065 -0.208857 0.063604
v 0.138062 -0.201167 0.063250
v 0.106784 -0.169911 0.150823
v 0.096518 -0.156594 0.169820
v 0.086652 -0.173899 0.150836
v -0.382431 0.089476 0.096072
v -0.385246 0.096234 0.080178
v -0.391286 0.061457 0.101303
v -0.360194 0.054876 0.157113
v -0.349165 0.098795 0.148541
v -0.363493 0.070730 0.142660
v 0.198936 0.038194 0.499489
v 0.183101 0.038006 0.504930
v 0.202302 0.019249 0.477281
v -0.030359 0.152665 0.511752
v 0.016201 0.135807 0.512141
v -0.009083 0.161239 0.529186
v 0.015103 0.252939 -0.317372
v -0.014463 0.247849 -0.300607
v 0.011234 0.255920 -0.289747
v 0.140384 0.193189 -0.255887
v 0.135288 0.208321 -0.256958
v 0.096268 0.200430 -0.242445
v 0.437878 -0.122181 0.172794
v 0.455034 -0.117736 0.185890
v 0.456112 -0.137889 0.178386
v 0.376191 -0.207455 0.152983
v 0.348853 -0.214458 0.158939
v 0.360164 -0.198751 0.152148
v -0.175574 -0.148326 0.243401
v -0.162336 -0.135789 0.255117
v -0.182321 -0.117016 0.266236
v -0.020366 -0.085976 0.264423
v 0.010541 -0.087785 0.248056
v 0.030949 -0.058236 0.252023
v -0.051989 0.222880 -0.336117
v 0.000054 0.231459 -0.337350
v -0.011433 0.206459 -0.335469
v 0.173274 0.143835 -0.272653
v 0.175919 0.175898 -0.296973
v 0.162140 0.158157 -0.265660
v 0.152696 0.138390 0.514800
v 0.125309 0.150197 0.542192
v 0.157757 0.129534 0.527885
v 0.307559 0.151229 0.478357
v 0.287624 0.179448 0.470003
v 0.297206 0.141776 0.462292
v -0.425164 -0.060363 -0.094111
v -0.425226 -0.048343 -0.089253
v -0.443923 -0.071572 -0.092819
v -0.430186 -0.127475 -0.159871
v -0.438490 -0.116437 -0.138697
v -0.453756 -0.117598 -0.148112
v 0.344414 0.100595 -0.104770
v 0.363098 0.103392 -0.094064
v 0.350141 0.092038 -0.102829
v 0.242265 0.001050 -0.184702
v 0.259210 -0.011406 -0.180743
v 0.245174 -0.017845 -0.184336
v 0.094591 -0.067411 0.249745
v 0.116488 -0.063137 0.257724
v 0.106889 -0.053258 0.258958
v 0.019276 -0.114403 0.233725
v 0.045498 -0.086051 0.237063
v 0.027799 -0.069557 0.247924
v -0.203127 0.244743 0.053874
v -0.197300 0.261460 0.039170
v -0.212983 0.250000 0.040798
v 0.080454 0.240469 0.015788
v 0.069170 0.258930 0.025478
v 0.064344 0.244538 0.039645
v 0.297532 0.113530 -0.296854
v 0.299518 0.118517 -0.313261
v 0.269780 0.124015 -0.296200
v 0.316545 0.013340 -0.335562
v 0.293228 0.002865 -0.335880
v 0.301321 0.063887 -0.338387
v 0.407257 -0.025478 0.443496
v 0.410262 -0.113461 0.430398
v 0.430079 -0.111304 0.421361
v 0.433588 -0.091969 0.426646
v 0.341697 0.208532 0.387515
v 0.345555 0.218209 0.394299
v 0.359044 0.205480 0.405980
v 0.369377 0.106538 0.371794
v 0.387082 0.092287 0.375587
v 0.392152 0.095795 0.355556
v 0.049332 0.260326 0.046422
v 0.029285 0.263705 0.055915
v 0.038992 0.246649 0.057264
v -0.083762 0.297870 -0.124071
v -0.109004 0.292294 -0.113529
v -0.109975 0.295490 -0.100638
v -0.206344 -0.066704 -0.332003
v -0.232898 -0.071736 -0.330683
v -0.211394 -0.008391 -0.326312
v -0.278167 -0.150650 -0.300186
v -0.278057 -0.172081 -0.290536
v -0.289770 -0.158176 -0.279423
v 0.393029 -0.152701 0.043835
v 0.395523 -0.095616 -0.064024
v 0.407334 -0.084736 -0.053432
v 0.404815 -0.111826 -0.047805
v -0.452440 0.002682 -0.262473
v -0.469720 0.043281 -0.237474
v -0.445129 0.039402 -0.261681
v -0.381766 -0.063567 -0.295164
v -0.405508 -0.032219 -0.290749
v -0.375101 -0.030712 -0.305028
v -0.310354 0.204479 -0.029500
v -0.293096 0.221092 -0.025112
v -0.300962 0.216342 -0.046950
v -0.342390 0.154908 0.084350
v -0.324943 0.168813 0.073772
v -0.340948 0.157685 0.064730
v 0.118909 -0.214614 -0.285202
v 0.130326 -0.205782 -0.309397
v 0.126639 -0.202164 -0.284424
v 0.131782 -0.199262 -0.295631
v 0.148140 -0.206577 -0.294226
v 0.139753 -0.195822 -0.262151
v 0.199572 -0.120313 -0.332014
v 0.210440 -0.165721 -0.330730
v 0.172718 -0.126437 -0.331185
v 0.299739 -0.101225 -0.308313
v 0.303474 -0.105183 -0.316667
v 0.297565 -0.090289 -0.318445
v -0.180874 0.066077 -0.333913
v -0.211063 0.060509 -0.333484
v -0.192067 0.112052 -0.332139
v 0.021680 0.160102 0.557917
v 0.040786 0.144295 0.543787
v 0.038556 0.148704 0.563748
v 0.076086 0.152296 0.600174
v 0.058640 0.167625 0.606076
v 0.052296 0.157383 0.618319
v 0.296931 0.191712 0.022396
v 0.307508 0.190154 -0.000675
v 0.296363 0.194028 -0.007901
v 0.295395 0.143581 -0.106958
v 0.310418 0.165615 -0.077994
v 0.310777 0.136861 -0.102060
v -0.033378 0.220048 0.616836
v -0.045483 0.237492 0.615861
v -0.042952 0.224801 0.601268
v 0.115256 0.159965 0.528484
v -0.100355 0.044694 -0.304449
v -0.137416 0.119134 -0.300276
v -0.086259 0.078095 -0.303366
v -0.171252 0.109477 -0.323032
v -0.153544 0.096692 -0.312290
v -0.151755 0.077469 -0.328200
v -0.412128 -0.033875 0.025346
v -0.413456 -0.054323 -0.007373
v -0.408395 -0.062143 0.032158
v -0.404232 -0.095591 -0.027993
v -0.411499 -0.077748 -0.038430
v -0.399862 -0.103394 -0.068830
v -0.176759 -0.117824 -0.308399
v -0.138066 -0.071777 -0.321430
v -0.152393 -0.099567 -0.306146
v -0.133166 0.074408 -0.309063
v -0.137869 0.063519 -0.324124
v 0.322744 0.045256 0.447176
v 0.298021 0.057344 0.439901
v 0.300460 0.045206 0.443512
v 0.292449 0.021696 0.447113
v 0.317828 -0.015139 0.452502
v 0.321396 0.018418 0.449240
v 0.321857 0.170581 -0.061687
v 0.346071 0.165646 -0.036556
v 0.344881 0.155569 -0.058487
v 0.431502 0.079992 0.042209
v 0.429799 0.081281 0.022469
v 0.426354 0.096228 0.036002
v -0.200158 -0.183677 0.158434
v -0.179694 -0.187679 0.148640
v -0.192161 -0.179412 0.175870
v -0.256031 -0.144126 0.215075
v -0.275084 -0.149378 0.187291
v -0.246667 -0.153052 0.209285
v -0.073786 -0.244161 -0.282388
v -0.116170 -0.230839 -0.287659
v -0.110171 -0.233126 -0.307308
v 0.111159 -0.228253 -0.308765
v 0.104943 -0.234543 -0.320057
v 0.117011 -0.218297 -0.322779
v 0.034989 0.255385 -0.206240
v 0.024722 0.280077 -0.175940
v 0.043369 0.268983 -0.170938
v 0.022112 0.320944 -0.042000
v 0.036417 0.315077 -0.051776
v 0.032055 0.317763 -0.065849
v 0.172459 0.070648 0.274586
v 0.185334 0.086052 0.273730
v 0.167645 0.102303 0.265504
v 0.251836 0.136883 0.220268
v 0.220962 0.145714 0.223254
v 0.212312 0.125912 0.244859
v -0.506891 0.008026 -0.115836
v -0.500775 0.029634 -0.119668
v -0.506774 0.030090 -0.149874
v -0.396571 0.093353 -0.160986
v -0.384451 0.111861 -0.198867
v -0.404790 0.102233 -0.174018
v 0.192026 -0.158741 -0.159318
v 0.195031 -0.153681 -0.196700
v 0.202540 -0.143415 -0.171206
v 0.200341 -0.035707 -0.213927
v 0.209387 -0.065410 -0.212104
v 0.204623 -0.052873 -0.225710
v -0.057855 0.033028 -0.305255
v -0.039250 -0.018765 -0.307060
v -0.079371 -0.007642 -0.305806
v 0.019236 0.187586 -0.311537
v 0.029908 0.224143 0.108698
v 0.050111 0.224423 0.089850
v 0.035255 0.225880 0.088488
v 0.024301 0.238586 0.066018
v 0.010725 0.261103 0.062741
v -0.007466 0.235114 0.075922
v 0.196519 -0.130173 0.240164
v 0.186492 -0.116486 0.250252
v 0.181829 -0.105645 0.240343
v 0.292471 -0.225793 0.200990
v 0.282326 -0.201074 0.203120
v 0.286863 -0.194025 0.189411
v 0.179857 0.043244 -0.338028
v 0.140975 0.036155 -0.337172
v 0.143605 0.059608 -0.337035
v 0.085809 0.073510 -0.306601
v 0.094626 0.041118 -0.321188
v 0.069337 0.045797 -0.307901
v 0.232064 -0.085286 -0.255663
v 0.252771 -0.187874 -0.249175
v 0.264514 -0.177112 -0.250157
v 0.236850 -0.163151 -0.238742
v -0.269004 0.051096 0.247810
v -0.284508 0.074249 0.228188
v -0.297769 0.029109 0.231405
v -0.221690 -0.015660 0.278114
v -0.214812 0.013115 0.281360
v -0.082904 -0.288679 0.050161
v -0.129925 -0.283670 0.051712
v -0.116705 -0.288101 0.042282
v -0.054455 -0.294755 -0.075215
v -0.031893 -0.293591 -0.070017
v -0.051874 -0.301827 -0.049180
v -0.405937 -0.097273 -0.267347
v -0.384161 -0.106522 -0.274107
v -0.393536 -0.124627 -0.254516
v -0.480663 -0.099961 -0.163328
v -0.492091 -0.086981 -0.150575
v -0.497678 -0.074276 -0.171801
v -0.270414 0.237105 -0.126110
v -0.275452 0.234163 -0.111153
v -0.262457 0.245837 -0.124333
v -0.157675 0.269044 -0.171206
v -0.176169 0.267481 -0.186980
v -0.186676 0.263617 -0.172907
v 0.041386 -0.210116 -0.329195
v -0.003662 -0.219744 -0.329353
v 0.029760 -0.177163 -0.301452
v -0.058457 -0.170481 -0.299530
v -0.045307 -0.161992 -0.301188
v -0.047914 -0.179373 -0.298888
v 0.164466 0.142415 -0.259524
v 0.175400 0.135563 -0.245827
v 0.185760 0.139916 -0.270923
v 0.132056 0.159917 -0.139958
v 0.117350 0.162192 -0.138142
v 0.124755 0.173137 -0.108099
v -0.125072 -0.229579 -0.315006
v -0.250486 -0.203606 -0.268275
v -0.273471 -0.187980 -0.271802
v -0.259399 -0.196115 -0.288891
v 0.231700 0.116864 -0.163269
v 0.224782 0.112967 -0.195840
v 0.225488 0.123975 -0.165346
v 0.200526 0.138669 -0.175318
v 0.195765 0.127420 -0.221253
v 0.188827 0.138816 -0.193050
v 0.222856 -0.199881 0.098618
v 0.234204 -0.204542 0.097972
v 0.228680 -0.188278 0.131521
v 0.276157 -0.168691 0.182558
v 0.269037 -0.186653 0.206039
v 0.258355 -0.168374 0.190103
v 0.046409 0.245256 -0.254600
v 0.058940 0.234883 -0.245435
v 0.076437 0.251029 -0.262403
v 0.043975 0.240580 -0.236432
v 0.028411 0.248424 -0.241857
v 0.014887 0.263235 -0.221607
v -0.449259 0.071160 -0.238864
v -0.435036 0.088133 -0.237769
v -0.432674 0.067350 -0.257260
v -0.470769 0.084161 -0.163308
v -0.473927 0.080786 -0.174021
v -0.486370 0.063043 -0.162970
v 0.342811 0.431623 0.601521
v 0.357892 0.419044 0.600728
v 0.342856 0.428247 0.593641
v 0.380586 0.242293 0.483268
v 0.375984 0.220530 0.467393
v 0.366260 0.245234 0.473941
v 0.178284 -0.188072 -0.330702
v 0.209266 -0.206877 -0.330939
v 0.291718 -0.198036 -0.309559
v 0.284779 -0.187534 -0.278287
v 0.280193 -0.202436 -0.282751
v 0.109130 0.137421 -0.208744
v 0.108783 0.140432 -0.188611
v 0.132234 0.142059 -0.200607
v 0.129097 0.181848 -0.249236
v 0.102485 0.188825 -0.241773
v 0.130126 0.156978 -0.244043
v 0.458909 -0.203207 0.277717
v 0.449071 -0.223912 0.268381
v 0.466322 -0.208008 0.255302
v 0.396120 -0.138949 0.425646
v 0.400762 -0.168358 0.406361
v 0.416108 -0.130446 0.420350
v -0.242314 -0.134729 -0.327296
v -0.218160 -0.121362 -0.329211
v -0.231690 -0.160027 -0.328516
v -0.107543 -0.205242 -0.330511
v -0.132103 -0.212649 -0.329984
v -0.123079 -0.187601 -0.329799
v 0.347418 0.423170 0.612158
v 0.357494 0.258303 0.542753
v 0.366842 0.226290 0.523119
v 0.373524 0.280386 0.542396
v 0.436107 -0.077839 -0.003170
v 0.430676 -0.095783 0.004803
v 0.425440 -0.085624 -0.013373
v 0.450611 -0.059332 0.094001
v 0.454274 -0.038414 0.094173
v -0.083458 -0.294366 0.034778
v -0.106721 -0.291417 0.032271
v -0.097373 -0.297865 0.000009
v 0.002986 -0.286346 0.021959
v 0.021724 -0.285464 0.004310
v 0.012895 -0.274685 0.034528
v 0.206613 -0.126923 0.297441
v 0.213159 -0.119060 0.314583
v 0.200500 -0.098444 0.312286
v 0.295022 -0.189863 0.308716
v 0.282083 -0.165927 0.323557
v 0.287625 -0.188198 0.299052
v 0.123856 -0.194245 0.099742
v 0.104728 -0.188161 0.116522
v 0.115206 -0.202482 0.087653
v -0.157582 -0.195282 0.165087
v -0.045267 0.320002 -0.002209
v -0.040397 0.321680 -0.018473
v -0.062263 0.316293 -0.011353
v -0.067709 0.284658 0.059435
v -0.076268 0.258747 0.076499
v -0.059299 0.272111 0.068484
v 0.122597 0.173950 -0.331140
v 0.113804 0.168314 -0.320556
v 0.107976 0.184846 -0.328427
v 0.145003 0.233058 -0.337566
v 0.123774 0.191416 -0.335780
v 0.120457 0.224631 -0.337622
v 0.131441 0.070408 0.269635
v 0.159911 0.064341 0.274208
v 0.156793 0.098283 0.265579
v 0.155377 0.161743 0.211692
v 0.152300 0.171883 0.187410
v 0.140117 0.168345 0.193043
v 0.332998 0.082672 0.458610
v 0.337209 0.108958 0.472825
v 0.324316 0.127718 0.479185
v 0.316392 0.113292 0.464876
v -0.180101 -0.104771 -0.323229
v -0.101913 -0.160633 -0.300183
v -0.095121 -0.176362 -0.313927
v -0.111184 -0.183710 -0.328130
v 0.215033 -0.069166 -0.189688
v 0.218645 -0.080810 -0.180000
v 0.216017 -0.094886 -0.188333
v 0.258931 -0.101258 -0.153557
v 0.255109 -0.071765 -0.168185
v 0.282571 -0.083733 -0.155131
v -0.256264 -0.239969 -0.119239
v -0.272258 -0.223262 -0.115594
v -0.268166 -0.236766 0.038541
v -0.261923 -0.230910 0.066490
v -0.280662 -0.225903 0.056836
v -0.182246 0.029718 0.289449
v -0.176690 -0.003516 0.293339
v -0.160067 0.028622 0.292798
v -0.206910 0.113921 0.248002
v -0.207345 0.096226 0.259387
v -0.181475 0.104397 0.263841
v 0.133018 0.113868 0.425163
v 0.135770 0.124212 0.437090
v 0.151478 0.107440 0.417558
v 0.050901 0.075969 0.464544
v 0.085501 0.063896 0.453065
v 0.068661 0.065080 0.465386
v 0.452114 -0.024082 0.016413
v 0.451052 -0.040048 0.011123
v 0.443791 -0.023469 0.003236
v 0.432290 0.063079 -0.009540
v 0.420899 0.056364 -0.027096
v 0.425028 0.083664 -0.011959
v -0.389160 -0.004252 -0.299454
v -0.416573 -0.008238 -0.286899
v -0.392149 0.024836 -0.297741
v -0.362868 0.040535 -0.308502
v -0.315105 0.034608 -0.325870
v -0.337828 0.011066 -0.323145
v -0.174798 -0.269751 -0.188680
v -0.181901 -0.267821 -0.201215
v -0.177258 -0.263932 -0.214643
v -0.188135 -0.262601 -0.211843
v -0.171721 -0.255672 -0.235063
v 0.444356 0.014754 0.387008
v 0.434330 0.019265 0.371032
v 0.433994 0.024962 0.393682
v 0.466000 -0.079300 0.368017
v 0.461819 -0.095483 0.353329
v 0.457140 -0.091120 0.344579
v -0.126037 -0.031529 0.294161
v -0.097583 -0.014720 0.291773
v -0.145226 0.006606 0.295220
v -0.122470 -0.098200 0.279961
v -0.144232 -0.103361 0.276668
v -0.123682 -0.131899 0.259161
v 0.211947 -0.020214 -0.236670
v 0.230096 -0.004241 -0.237804
v 0.250313 0.071371 -0.234658
v 0.247676 0.054355 -0.208413
v 0.250747 0.051604 -0.223675
v 0.225980 0.080762 0.335411
v 0.209617 0.063778 0.338267
v 0.220040 0.071977 0.347764
v 0.129466 0.098318 0.415465
v 0.162423 0.079251 0.394780
v 0.128940 0.085164 0.411118
v 0.278538 -0.217393 0.052885
v 0.308614 -0.211779 0.031017
v 0.294882 -0.202775 0.071418
v 0.239749 -0.205454 -0.061281
v 0.228009 -0.200760 -0.068342
v -0.417219 -0.058817 -0.045553
v -0.414345 -0.011972 0.014084
v -0.419761 0.008002 -0.032006
v -0.455747 0.016384 -0.084186
v -0.436649 -0.010221 -0.080739
v -0.431898 0.002093 -0.082790
v 0.144191 0.181249 0.171627
v 0.129442 0.189130 0.163964
v 0.055959 0.221895 0.110793
v 0.076173 0.216589 0.110652
v 0.059943 0.222347 0.093723
v -0.114449 0.292087 -0.140203
v -0.099695 0.294091 -0.129555
v -0.032806 0.289587 -0.195508
v -0.059266 0.287871 -0.203321
v -0.046455 0.290577 -0.187930
v -0.361690 -0.131669 -0.207102
v -0.383881 -0.139159 -0.228863
v -0.362153 -0.134252 -0.231557
v -0.317952 -0.170986 -0.213344
v -0.305749 -0.166859 -0.235839
v -0.300793 -0.176243 -0.218955
v 0.408028 -0.242879 0.325734
v 0.427046 -0.237740 0.309016
v 0.429884 -0.217703 0.334095
v 0.365256 -0.271179 0.271906
v 0.382072 -0.273330 0.271366
v 0.377624 -0.270741 0.288901
v 0.154888 0.201414 0.135054
v 0.138925 0.197228 0.144473
v 0.158186 0.190811 0.153547
v 0.319987 0.178402 0.032689
v 0.319776 0.184765 -0.000957
v -0.388086 0.115635 -0.108515
v -0.383773 0.103933 -0.138782
v -0.395224 0.086780 -0.112429
v -0.316416 0.175934 -0.187985
v -0.335106 0.167938 -0.172426
v -0.312511 0.184143 -0.179726
v 0.300469 -0.191230 -0.058285
v 0.326173 -0.164631 -0.083745
v 0.325331 -0.190832 -0.039542
v 0.271803 -0.208218 -0.030149
v 0.285628 -0.199133 -0.052641
v 0.287102 -0.211931 -0.025537
v -0.059510 0.250745 0.594969
v -0.052454 0.246228 0.607906
v -0.053555 0.261131 0.606102
v -0.063576 0.223878 0.549245
v -0.062311 0.229566 0.538480
v -0.062749 0.208433 0.531194
v -0.353436 -0.169396 -0.098601
v -0.342062 -0.182998 -0.089928
v -0.354425 -0.174264 -0.076823
v -0.347608 -0.159856 -0.183827
v -0.314919 -0.161857 -0.232598
v -0.206934 0.267568 0.015934
v -0.213021 0.264585 -0.009588
v -0.227232 0.255842 0.008592
v -0.054017 0.309996 0.012832
v -0.065564 0.314858 -0.002076
v -0.071506 0.309386 0.008638
v 0.317893 0.337771 0.415491
v 0.315477 0.304435 0.408539
v 0.305072 0.314641 0.420425
v 0.312707 0.434698 0.512201
v 0.324673 0.404408 0.504071
v 0.312772 0.437240 0.489528
v -0.144598 0.074812 0.282561
v -0.156295 0.097111 0.271598
v -0.167712 0.075506 0.280686
v -0.053220 0.139590 0.232938
v -0.057701 0.123914 0.250395
v -0.031224 0.123423 0.234896
v -0.041674 -0.264898 0.069390
v -0.031262 -0.263396 0.070007
v -0.044031 -0.248557 0.082164
v 0.011587 -0.200135 0.134787
v 0.040060 -0.205317 0.115802
v 0.000650 -0.189285 0.161082
v 0.169891 0.199122 -0.336956
v 0.178295 0.191661 -0.328621
v 0.179033 0.176702 -0.336418
v 0.031262 0.256758 -0.310119
v 0.062835 0.261505 -0.290642
v 0.175018 0.031553 0.494432
v 0.214657 -0.028072 0.418217
v 0.221242 -0.059713 0.419746
v 0.226737 -0.062164 0.429862
v 0.277754 -0.212455 -0.308014
v 0.264429 -0.216409 -0.286918
v 0.263276 -0.224951 -0.303799
v 0.206550 -0.224114 -0.287695
v 0.222971 -0.232404 -0.300880
v 0.220886 -0.224578 -0.279328
v -0.209248 0.187028 0.164740
v -0.202383 0.192032 0.148607
v -0.214772 0.187287 0.150851
v -0.162087 0.112651 0.262737
v -0.152524 0.137916 0.241704
v -0.176395 0.120482 0.253812
v 0.222103 0.083440 0.484732
v 0.202182 0.101633 0.491902
v 0.201785 0.093187 0.507371
v 0.217162 0.034164 0.488329
v 0.197103 0.055140 0.512691
v 0.273143 0.163240 0.176028
v 0.268802 0.150774 0.196777
v 0.297762 0.148007 0.179347
v 0.329823 0.127537 0.249011
v 0.325108 0.128565 0.225809
v 0.306677 0.127923 0.264649
v -0.302856 0.193995 -0.186951
v -0.305276 0.192774 -0.211658
v -0.310528 0.182870 -0.197552
v -0.217171 0.231927 -0.245643
v -0.231365 0.223376 -0.245406
v -0.228961 0.231031 -0.233372
v 0.050969 0.102900 0.447798
v 0.068470 0.107938 0.441713
v 0.056723 0.093959 0.447290
v -0.010088 0.156015 0.482847
v -0.003277 0.135755 0.472228
v -0.025484 0.163750 0.489248
v 0.203873 -0.143080 0.239985
v 0.226063 -0.168511 0.246676
v 0.214666 -0.151591 0.262774
v 0.240344 -0.159202 0.299125
v 0.229020 -0.146880 0.300332
v -0.287563 -0.119039 0.211149
v -0.305254 -0.105448 0.208283
v -0.301660 -0.127505 0.194193
v -0.286169 -0.057781 0.239983
v -0.302133 -0.020602 0.230201
v -0.315161 -0.071352 0.213694
v 0.488346 -0.045532 0.245585
v 0.486484 -0.030329 0.232851
v 0.480507 -0.017389 0.269000
v 0.458954 -0.091187 0.186490
v 0.141501 -0.207412 -0.056689
v 0.131604 -0.199959 -0.080397
v 0.160141 -0.200734 -0.096657
v 0.205530 -0.166549 -0.123134
v 0.193967 -0.187478 -0.093629
v 0.193259 -0.178017 -0.117577
v 0.161487 0.166256 -0.336985
v 0.138899 0.175994 -0.336002
v 0.163754 0.203176 -0.337648
v 0.176900 0.110244 -0.337290
v 0.204245 0.137824 -0.337733
v 0.180414 -0.084446 0.284825
v 0.173454 -0.080792 0.263608
v 0.188363 -0.104504 0.284960
v 0.173281 0.009428 0.295408
v 0.183084 -0.005764 0.312421
v 0.185055 0.024743 0.307618
v -0.135250 0.228819 0.082553
v -0.145637 0.251398 0.071251
v -0.169531 0.224267 0.078863
v -0.104795 0.214281 0.131795
v -0.076116 0.217860 0.128296
v -0.094875 0.217727 0.121231
v 0.288801 -0.229720 0.216215
v 0.278300 -0.206251 0.220526
v 0.349207 -0.274889 0.235725
v 0.365708 -0.270446 0.249242
v 0.357678 -0.270292 0.262192
v -0.448272 -0.088472 -0.103875
v -0.463787 -0.080633 -0.099693
v -0.469750 -0.093138 -0.114103
v -0.502001 -0.068428 -0.139124
v -0.501582 -0.068501 -0.165466
v -0.284692 0.090491 -0.306114
v -0.302343 0.069805 -0.316524
v -0.304127 0.081427 -0.307764
v -0.266929 0.140335 -0.277718
v -0.264983 0.157138 -0.275316
v -0.256470 0.145822 -0.292961
v 0.332337 0.172995 0.070083
v 0.332458 0.179227 0.008339
v 0.380744 0.147941 0.042376
v 0.389103 0.133494 0.025079
v 0.379512 0.148555 0.017014
v -0.329502 0.189361 0.034670
v -0.311615 0.190325 0.057664
v -0.311531 0.197531 0.038198
v -0.219553 0.220248 0.074634
v -0.244147 0.219193 0.065954
v -0.222009 0.215560 0.093162
v -0.014793 0.216315 0.546674
v 0.003699 0.205923 0.544358
v -0.004115 0.196272 0.522222
v 0.028981 0.204657 0.578700
v 0.020511 0.207080 0.561947
v 0.004443 0.219928 0.578523
v 0.282089 -0.126026 0.440384
v 0.261473 -0.131418 0.435402
v 0.284102 -0.142165 0.434916
v 0.243151 -0.125492 0.402672
v 0.231063 -0.102489 0.398042
v 0.234248 -0.121413 0.386501
v 0.020617 -0.244232 -0.329181
v -0.043697 -0.232061 -0.329935
v -0.081721 -0.231254 -0.328880
v -0.071286 -0.216319 -0.330586
v -0.237745 0.138380 -0.327344
v -0.214776 0.129820 -0.331490
v -0.235766 0.100818 -0.328090
v -0.070072 0.196517 -0.334116
v 0.253297 0.074177 0.430424
v 0.259692 0.076121 0.416828
v 0.244251 0.081641 0.413412
v 0.242751 0.082548 0.404634
v 0.250224 0.082518 0.394664
v 0.230946 0.080312 0.388081
v 0.227589 -0.135248 0.315900
v 0.255532 -0.142866 0.392025
v 0.244435 -0.134404 0.377039
v 0.256748 -0.140956 0.363884
v -0.197930 -0.201029 0.135994
v -0.182986 -0.195193 0.136304
v -0.193530 -0.188785 0.145306
v -0.266253 -0.223937 0.081376
v -0.277526 -0.201854 0.104811
v -0.284635 -0.215275 0.073246
v 0.439469 -0.240088 0.222669
v 0.438868 -0.238534 0.209033
v 0.459107 -0.224226 0.220237
v 0.478252 -0.183346 0.209134
v 0.473055 -0.191004 0.199524
v 0.473639 -0.173165 0.195053
v 0.095495 0.122769 0.230861
v 0.119576 0.118385 0.247196
v 0.109137 0.138928 0.221330
v 0.041845 0.113820 0.233286
v 0.016439 0.114534 0.238347
v 0.012960 0.097000 0.246954
v -0.478019 -0.077869 -0.217814
v -0.452469 -0.100692 -0.224202
v -0.461772 -0.101282 -0.213942
v -0.480966 -0.002522 -0.236970
v -0.478218 0.026742 -0.234701
v 0.433230 0.039116 0.126057
v 0.432476 0.016345 0.148228
v 0.438419 0.027841 0.116969
v 0.443245 -0.014853 0.158055
v 0.456941 -0.017489 0.167396
v 0.442991 -0.039423 0.158078
v 0.327294 0.097031 -0.317291
v 0.315241 0.102361 -0.300623
v 0.327412 0.080569 -0.309693
v 0.313772 -0.015505 -0.306020
v 0.326034 -0.002439 -0.316582
v 0.306945 -0.009015 -0.290922
v -0.052987 0.235015 -0.320548
v -0.038665 0.235893 -0.328835
v -0.241931 0.212574 -0.276892
v -0.224694 0.211078 -0.294130
v -0.236606 0.204489 -0.291231
v 0.114470 0.108765 0.579980
v 0.089517 0.123528 0.595572
v 0.091311 0.109050 0.591191
v 0.034253 0.150503 0.583996
v 0.057429 0.130708 0.565240
v 0.036813 0.135233 0.606708
v 0.069019 -0.093898 -0.310175
v 0.095132 0.013964 -0.335935
v 0.104179 0.027008 -0.336444
v -0.027411 -0.205851 0.137289
v -0.015774 -0.203406 0.121293
v -0.014315 -0.199500 0.141721
v -0.030618 -0.199332 0.157053
v -0.011396 -0.192223 0.161011
v -0.041601 -0.182389 0.190290
v -0.070209 -0.272053 -0.193885
v -0.088893 -0.275270 -0.208760
v -0.073485 -0.267095 -0.215582
v 0.016703 -0.227348 -0.154346
v 0.001902 -0.247039 -0.177193
v 0.017887 -0.222264 -0.199467
v -0.310562 -0.058290 -0.321107
v -0.329282 -0.055115 -0.316552
v -0.319633 -0.036331 -0.324012
v -0.315640 -0.113993 -0.289821
v -0.304764 -0.126353 -0.286339
v -0.324639 -0.131362 -0.254834
v 0.104510 0.170029 -0.312963
v 0.085888 0.178981 -0.308359
v 0.060424 0.031824 -0.308363
v 0.057438 0.086680 -0.306258
v 0.473193 -0.039786 0.299417
v 0.472796 -0.019918 0.299624
v 0.464684 -0.038007 0.316289
v 0.458814 -0.016687 0.326365
v 0.462298 -0.010789 0.315823
v 0.450874 0.010282 0.329358
v 0.389726 0.095625 -0.074629
v 0.400079 0.090698 -0.058217
v 0.396777 0.086211 -0.068287
v 0.395579 0.117188 -0.022286
v 0.387494 0.117067 -0.042698
v 0.388116 0.131680 -0.021909
v 0.309720 0.058465 -0.266216
v 0.324472 0.057793 -0.275967
v 0.324345 0.070951 -0.285033
v 0.304182 0.080148 -0.274586
v -0.068520 -0.133804 -0.302716
v 0.069560 -0.150258 -0.306384
v 0.087081 -0.179942 -0.332024
v 0.060130 -0.162676 -0.305231
v 0.284484 0.220237 0.412707
v 0.306935 0.288252 0.408821
v 0.442929 -0.130182 0.397204
v 0.461725 -0.108181 0.379991
v 0.461123 -0.099499 0.393972
v 0.461580 -0.194780 0.280577
v 0.447200 -0.192241 0.334539
v 0.445394 -0.216087 0.299034
v -0.084227 0.238712 -0.273831
v -0.087542 0.254400 -0.262459
v -0.063163 0.239660 -0.273668
v -0.012181 0.277264 -0.217157
v 0.002915 0.258794 -0.244287
v -0.026699 0.270900 -0.235826
v 0.200347 -0.156202 -0.140230
v 0.289514 -0.096735 -0.147980
v 0.080440 -0.245411 -0.328537
v 0.060846 -0.248712 -0.328994
v 0.055577 -0.233324 -0.328623
v -0.285066 -0.093308 -0.315089
v -0.293391 -0.109485 -0.305912
v -0.300127 -0.089614 -0.311995
v -0.272269 -0.127967 -0.312717
v -0.252190 -0.116972 -0.326548
v -0.251847 -0.138862 -0.323607
v 0.289566 0.401491 0.473361
v 0.285187 0.428761 0.485227
v 0.291559 0.424022 0.470423
v 0.317872 0.405990 0.598782
v 0.298546 0.424516 0.596132
v 0.312300 0.392246 0.584275
v 0.074830 0.195254 0.146611
v 0.070639 0.208036 0.133948
v 0.057613 0.191087 0.157699
v -0.017116 0.225129 0.089532
v -0.016819 0.222355 0.104122
v -0.001774 0.224106 0.102632
v 0.303392 -0.178080 0.137072
v 0.290994 -0.179489 0.139400
v 0.302244 -0.194513 0.107003
v 0.243958 -0.193217 0.125695
v 0.267722 -0.173605 0.151637
v 0.230260 -0.181253 0.144444
v 0.147630 0.246448 -0.310023
v 0.126621 0.260826 -0.320423
v 0.122778 0.256246 -0.296771
v 0.145993 0.214391 -0.269156
v 0.155170 0.192810 -0.270772
v 0.164063 0.205258 -0.288924
v -0.326836 0.145002 0.132277
v -0.346722 0.137023 0.118132
v -0.330642 0.129361 0.145849
v -0.360896 0.112722 0.115756
v -0.367537 0.082357 0.122262
v -0.350943 0.110632 0.134734
v 0.282060 0.469407 0.555653
v 0.298050 0.463904 0.579380
v 0.292925 0.463100 0.539558
v 0.275164 0.449960 0.568760
v 0.275395 0.431428 0.538935
v 0.278698 0.435848 0.574147
v 0.111668 -0.082735 -0.331083
v 0.111528 -0.068452 -0.327074
v 0.119556 -0.087747 -0.325573
v 0.156453 -0.098234 -0.335430
v 0.167096 -0.044518 -0.329875
v 0.172538 -0.108296 -0.335603
v 0.237809 0.123420 -0.138371
v 0.262540 0.128652 -0.128487
v 0.245133 0.110625 -0.149313
v 0.289182 0.053541 -0.162637
v 0.290579 0.030710 -0.167211
v 0.271852 0.060295 -0.167118
v 0.247493 0.112891 0.272027
v 0.224523 0.104508 0.267193
v 0.241535 0.108346 0.293076
v 0.201435 0.078992 0.298352
v 0.212224 0.073229 0.325781
v 0.216465 0.088866 0.311015
v 0.395708 -0.132650 0.116224
v 0.412452 -0.137853 0.158933
v 0.429510 -0.143893 0.163433
v 0.308974 0.445671 0.611456
v 0.319439 0.447149 0.611966
v 0.312806 0.454468 0.603957
v 0.287746 0.462060 0.594666
v 0.287045 0.467034 0.577946
v 0.182587 0.030849 -0.336088
v 0.163685 0.016882 -0.321960
v 0.152218 0.026090 -0.335436
v 0.219876 -0.067363 -0.337989
v 0.214715 -0.089132 -0.336853
v -0.478785 -0.058922 -0.091159
v -0.488628 -0.057809 -0.097648
v -0.475032 -0.077483 -0.101392
v -0.498147 0.008337 -0.098413
v -0.483803 0.018284 -0.090430
v -0.490097 0.033812 -0.102449
v 0.280351 0.410530 0.550290
v 0.288625 0.409591 0.567728
v 0.288791 0.434590 0.591909
v 0.291876 0.213558 0.495829
v 0.305747 0.197787 0.504343
v 0.139185 0.053750 0.490880
v 0.140968 0.047153 0.500668
v 0.122997 0.061889 0.515870
v 0.055583 0.069950 0.474754
v 0.056344 0.302417 -0.059665
v 0.088593 0.259016 -0.015675
v 0.076732 0.257977 0.010151
v 0.086630 0.242234 0.001890
v 0.120001 0.156461 0.486598
v 0.115178 0.161795 0.504790
v 0.144269 0.144914 0.505522
v 0.059557 0.169187 0.494000
v 0.038240 0.165545 0.488185
v 0.039771 0.176211 0.505808
v -0.339910 0.174624 0.044057
v -0.346701 0.158038 0.054486
v -0.330483 0.188192 -0.091607
v -0.356008 0.162669 -0.110777
v -0.348851 0.163452 -0.079849
v 0.282935 0.300354 0.448575
v 0.279383 0.316928 0.476315
v 0.285339 0.335226 0.464886
v 0.292229 0.290680 0.520554
v 0.288523 0.323016 0.521538
v 0.284390 0.289684 0.507102
v 0.113069 -0.027990 0.266872
v 0.134949 -0.017544 0.271420
v 0.172115 -0.042544 0.292177
v 0.165172 -0.012104 0.286057
v 0.163722 -0.038033 0.278268
v 0.185953 0.081879 0.529449
v 0.201317 0.080474 0.514383
v 0.185795 0.097152 0.527491
v 0.106426 0.127460 0.586195
v 0.117710 0.127143 0.577658
v 0.223888 -0.145943 -0.236966
v 0.249385 -0.143317 -0.243859
v 0.214524 -0.110265 -0.187678
v 0.215371 -0.116178 -0.169935
v 0.208850 -0.129121 -0.191000
v -0.103797 -0.013172 -0.312724
v -0.115022 -0.022804 -0.324218
v -0.118754 -0.004734 -0.328022
v -0.148525 -0.055548 -0.331441
v -0.151628 -0.044356 -0.333646
v -0.145577 -0.022677 -0.334235
v 0.382466 -0.124069 -0.062112
v 0.387588 -0.109344 -0.066726
v 0.351046 -0.176623 -0.035787
v 0.341640 -0.167098 -0.066571
v -0.105201 -0.299790 -0.010442
v -0.095719 -0.298978 -0.019104
v -0.208200 -0.279972 -0.048343
v -0.195810 -0.279465 -0.041497
v -0.203104 -0.273271 -0.023925
v -0.351742 -0.174669 -0.022657
v -0.364231 -0.160036 0.010197
v -0.359555 -0.168264 -0.054800
v -0.291099 -0.224831 0.025072
v -0.301204 -0.216255 0.013324
v -0.294019 -0.229206 -0.003607
v 0.049382 -0.175984 -0.182650
v 0.034318 -0.198842 -0.175706
v 0.037306 -0.193179 -0.207702
v 0.062150 -0.181835 -0.112678
v 0.068280 -0.179719 -0.117479
v 0.070064 -0.187416 -0.086411
v 0.242955 0.075856 -0.195297
v 0.239226 0.088485 -0.221235
v 0.231595 0.101707 -0.198673
v 0.194626 0.132384 -0.257207
v 0.206989 0.141750 -0.288719
v 0.038270 0.096447 0.455566
v 0.063208 0.082935 0.448810
v 0.037268 0.085397 0.465336
v -0.005757 0.119217 0.493148
v 0.010728 0.128348 0.502995
v -0.018869 0.138311 0.502651
v -0.476651 0.071848 -0.188623
v -0.479948 0.048849 -0.218550
v -0.497898 0.046393 -0.172129
v -0.492408 0.020799 -0.213433
v -0.500002 0.002857 -0.201071
v -0.500335 0.032332 -0.181785
v -0.355236 0.162701 -0.050324
v -0.366747 0.164340 -0.025764
v -0.340341 0.185966 -0.038217
v -0.327082 0.195874 0.009080
v -0.317379 0.198875 -0.020515
v -0.336575 0.191340 -0.002855
v -0.059571 0.235964 0.540951
v -0.064949 0.230521 0.549091
v -0.055088 0.230137 0.535695
v -0.036455 0.218163 0.531182
v -0.047285 0.213468 0.521785
v 0.468158 -0.081013 0.190718
v 0.473461 -0.049134 0.184062
v 0.478494 -0.086503 0.206524
v 0.479919 -0.171626 0.231823
v 0.478287 -0.145611 0.216231
v 0.476382 -0.135629 0.234923
v 0.475809 -0.109294 0.224361
v 0.470347 -0.100504 0.203759
v 0.464358 -0.128751 0.294403
v 0.472011 -0.110208 0.284372
v 0.475251 -0.087479 0.290639
v 0.403153 0.123955 0.037536
v 0.410425 0.113035 0.021198
v 0.401370 0.120490 0.023470
v 0.362430 0.138905 0.116606
v 0.396355 -0.255826 0.315732
v 0.383474 -0.263702 0.307101
v 0.393114 -0.268245 0.292359
v 0.332183 -0.179922 0.412599
v 0.349729 -0.201347 0.394763
v 0.346744 -0.035658 -0.141872
v 0.337395 -0.023319 -0.149419
v 0.360161 -0.026281 -0.126212
v 0.258456 -0.035702 -0.179068
v 0.295261 -0.024625 -0.170328
v 0.288205 -0.054695 -0.165372
v 0.380837 0.182469 0.458641
v 0.382447 0.208214 0.480943
v 0.395595 0.083925 0.372527
v 0.101326 -0.088563 0.241912
v 0.079683 -0.089705 0.232619
v 0.130886 -0.130036 0.208389
v 0.107596 -0.137671 0.192466
v 0.117398 -0.140649 0.188528
v -0.407087 0.067701 -0.014918
v -0.413313 0.049637 0.008362
v -0.410417 0.069577 0.004772
v -0.401134 0.097776 -0.012616
v -0.381343 0.143207 -0.014736
v -0.392753 0.113935 -0.021911
v 0.386955 -0.165902 0.146934
v 0.404241 -0.195760 0.156735
v 0.457102 -0.213271 0.192308
v 0.457172 -0.223388 0.209033
v 0.444450 -0.227508 0.194338
v 0.326126 0.404936 0.521594
v 0.343804 0.326379 0.477955
v 0.350227 0.313280 0.489507
v 0.353883 0.278919 0.473754
v -0.240532 -0.237987 0.033299
v -0.247372 -0.232817 0.067539
v -0.259438 -0.236735 0.047280
v -0.150596 -0.212317 0.110781
v -0.165247 -0.220154 0.109335
v -0.158970 -0.228710 0.095480
v 0.290345 -0.101056 -0.331573
v 0.274503 -0.064754 -0.332882
v 0.291965 -0.075394 -0.326704
v 0.308766 -0.025639 -0.323829
v 0.293603 -0.040827 -0.323711
v 0.299716 -0.029755 -0.329674
v 0.311899 0.432850 0.473911
v 0.312495 0.425454 0.464930
v 0.305201 0.426966 0.465042
v 0.283055 0.463288 0.523574
v 0.299528 0.453664 0.505950
v 0.284782 0.452728 0.498301
v 0.309851 -0.113483 0.445483
v 0.318385 -0.143814 0.434848
v 0.322066 -0.120055 0.444590
v 0.391194 -0.081543 0.445289
v 0.418081 -0.064516 0.439263
v 0.403479 -0.041346 0.444908
v 0.072860 -0.266761 -0.297166
v 0.064493 -0.272593 -0.291955
v 0.069390 -0.271513 -0.306715
v 0.087404 -0.238507 -0.265420
v 0.096930 -0.240775 -0.278752
v 0.098257 -0.226014 -0.268946
v -0.035615 0.318852 -0.084281
v -0.021241 0.318030 -0.104116
v -0.032692 0.312578 -0.120791
v 0.019008 0.267941 -0.203579
v 0.353823 0.251382 0.404095
v 0.362627 0.241788 0.412489
v 0.350078 0.230212 0.400949
v 0.331246 0.328027 0.408524
v -0.242831 -0.052694 -0.320788
v -0.270065 -0.044544 -0.329452
v -0.260063 -0.043909 -0.322066
v -0.252001 -0.062155 -0.329865
v 0.267200 0.076972 -0.162992
v 0.286666 0.078354 -0.157721
v 0.243330 0.093493 -0.164995
v 0.238545 0.090288 -0.183860
v 0.228871 0.087700 0.447154
v 0.220235 0.092864 0.431867
v 0.210589 0.100515 0.450760
v 0.156326 0.135620 0.473577
v 0.136058 0.142538 0.466729
v 0.144270 0.144400 0.487666
v -0.159296 -0.282222 0.031526
v -0.140359 -0.278743 0.056340
v -0.164030 -0.265882 0.059874
v -0.149756 -0.227949 0.092987
v -0.151679 -0.253503 0.078722
v -0.140583 -0.228615 0.092002
v -0.306128 0.036836 0.222673
v -0.305814 0.072758 0.212715
v -0.327154 0.056128 0.200687
v -0.324339 -0.034611 0.208631
v 0.458782 -0.077722 0.325355
v 0.459785 -0.078783 0.351531
v 0.456466 -0.084906 0.334762
v 0.474850 -0.055912 0.299639
v 0.468430 -0.057248 0.308607
v 0.467335 -0.092353 0.303649
v -0.245835 -0.171716 0.166319
v -0.248141 -0.179691 0.154981
v -0.217910 -0.176311 0.175604
v -0.251418 -0.203254 0.123600
v -0.251765 -0.191374 0.135064
v -0.270826 -0.198716 0.115721
v 0.165076 -0.208502 -0.010392
v 0.175368 -0.208339 -0.026718
v 0.177812 -0.215568 -0.011426
v 0.162584 -0.203538 -0.073663
v 0.179568 0.210539 0.043784
v 0.201872 0.209881 0.046405
v 0.200097 0.210742 0.031833
v 0.122124 0.201753 0.118809
v 0.128706 0.199832 0.136142
v 0.140570 0.203222 0.117465
v -0.440581 -0.065612 -0.263756
v -0.457540 -0.043948 -0.256450
v -0.429075 -0.044156 -0.277174
v -0.402594 -0.079850 -0.278788
v -0.416620 -0.051651 -0.281169
v -0.029927 0.287459 0.057174
v -0.029162 0.300684 0.043648
v -0.049119 0.291424 0.053930
v 0.048905 0.304593 0.003714
v 0.029391 0.313855 0.000623
v 0.036186 0.305058 0.015885
v -0.011591 -0.283117 -0.092824
v 0.000724 -0.278079 -0.088015
v -0.001500 -0.284609 -0.067037
v 0.000942 -0.296845 -0.002424
v 0.411856 -0.233639 0.182071
v 0.403951 -0.226904 0.175158
v 0.406045 -0.217170 0.165535
v 0.416088 -0.245684 0.208241
v 0.431383 -0.244096 0.224371
v 0.415415 -0.246473 0.230332
v -0.219930 -0.212874 -0.308088
v -0.193236 -0.217737 -0.302897
v -0.223046 -0.215515 -0.281379
v -0.230531 -0.217255 -0.231892
v -0.198995 -0.231327 -0.241921
v -0.215964 -0.231707 -0.224284
v -0.052090 0.112875 0.256442
v -0.031339 0.081320 0.264073
v -0.024974 0.094194 0.255542
v 0.005473 0.056012 0.261715
v -0.011107 0.074449 0.259754
v -0.039528 0.062395 0.272579
v -0.061938 0.237762 -0.282525
v -0.043921 0.240277 -0.282661
v -0.043939 0.241246 -0.291607
v -0.221988 0.222303 -0.276016
v 0.047337 -0.225088 0.043901
v -0.001129 -0.243032 0.070247
v -0.013584 -0.225714 0.080644
v 0.417604 -0.105938 0.123134
v 0.420269 -0.117139 0.091513
v 0.432090 -0.099436 0.095754
v 0.419006 -0.126395 0.055015
v 0.419827 -0.120212 0.021157
v 0.436085 -0.103103 0.039638
v -0.479242 0.001807 -0.084252
v -0.488566 -0.025436 -0.087055
v -0.471023 -0.010226 -0.080375
v -0.459591 -0.012646 -0.078836
v -0.459329 0.004762 -0.081072
v -0.002106 0.216197 0.131606
v 0.004260 0.218665 0.117537
v -0.016153 0.215667 0.124720
v -0.082056 0.144953 0.233579
v -0.073285 0.161289 0.217088
v -0.089869 0.168157 0.205536
v 0.160416 0.025574 0.422891
v 0.152428 0.037864 0.409915
v 0.174915 0.021281 0.402993
v 0.154633 0.069453 0.397210
v 0.169479 0.052633 0.387512
v 0.409557 -0.256701 0.300681
v 0.423830 -0.246684 0.244744
v 0.403180 -0.264232 0.251364
v 0.411595 -0.250260 0.239417
v -0.309139 -0.189909 0.092652
v -0.332645 -0.181776 0.068459
v -0.318367 -0.197367 0.061125
v -0.323426 -0.203288 -0.013277
v -0.313954 -0.206468 -0.012072
v -0.310053 -0.210019 0.030402
v -0.120206 0.114900 0.257551
v -0.117000 0.095151 0.270587
v -0.096456 0.112929 0.263708
v -0.099104 0.145881 0.229822
v -0.107013 0.123901 0.252442
v -0.086082 0.132608 0.249817
v -0.458662 -0.110037 -0.205196
v -0.442790 -0.111457 -0.221713
v -0.441702 -0.120066 -0.207883
v -0.411904 -0.134582 -0.176402
v -0.391469 -0.139136 -0.213865
v -0.386403 -0.135199 -0.195180
v 0.095981 0.235380 -0.014764
v 0.102596 0.222954 -0.038798
v 0.096235 0.236652 -0.030737
v 0.132025 0.221726 0.026893
v 0.153693 0.218067 0.035614
v 0.165707 0.213004 0.026291
v -0.130812 -0.295390 -0.081505
v -0.123885 -0.303548 -0.065016
v -0.136712 -0.292757 -0.065964
v -0.065895 -0.288198 -0.109945
v -0.066218 -0.298670 -0.091094
v -0.083022 -0.291919 -0.110073
v -0.078974 -0.240111 0.091834
v -0.094550 -0.219293 0.097499
v -0.110376 -0.246633 0.089708
v -0.033821 -0.209742 0.117487
v -0.048971 -0.209932 0.113134
v -0.046288 -0.212476 0.101692
v 0.108216 0.228291 -0.253731
v 0.090718 0.246142 -0.260187
v 0.076010 0.227823 -0.244691
v 0.127709 0.240844 -0.278354
v 0.125226 0.220518 -0.259796
v 0.135531 0.229383 -0.280265
v 0.408329 0.057494 0.400476
v 0.387365 0.083391 0.403121
v 0.398309 0.065491 0.412951
v 0.419745 0.037527 0.421133
v 0.392074 0.049764 0.431654
v 0.420575 0.021552 0.428833
v 0.228063 0.181692 -0.079219
v 0.247823 0.177498 -0.089481
v 0.231029 0.171001 -0.096916
v 0.291336 0.183926 -0.063928
v 0.298198 0.187507 -0.039842
v 0.326811 0.182440 -0.020960
v 0.166724 -0.196346 0.119942
v 0.175505 -0.203528 0.084552
v 0.122499 -0.152306 0.176376
v 0.138978 -0.148647 0.186346
v 0.402840 -0.142870 0.040554
v 0.404904 -0.133644 -0.022702
v 0.388259 -0.145626 -0.035625
v 0.403971 -0.126111 -0.036435
v -0.178393 0.055558 -0.332206
v -0.189747 0.047279 -0.327180
v -0.207724 0.051783 -0.330939
v -0.188364 -0.060446 -0.328702
v -0.200715 -0.072090 -0.330936
v 0.006430 -0.256091 -0.248147
v 0.002964 -0.237021 -0.237313
v -0.019479 -0.245691 -0.249091
v -0.027327 -0.244268 -0.229027
v -0.027829 -0.253910 -0.207643
v -0.038396 -0.252100 -0.229692
v -0.372977 -0.147123 0.023351
v -0.371471 -0.143256 0.048792
v -0.393742 -0.106913 0.020357
v -0.407625 -0.085015 -0.007324
v -0.412427 -0.070727 -0.025158
v -0.328505 -0.190839 -0.100667
v -0.312477 -0.197029 -0.093913
v -0.325252 -0.192590 -0.085049
v -0.279500 -0.223811 -0.098412
v -0.279971 -0.233676 -0.077353
v -0.289806 -0.218729 -0.076688
v 0.327392 -0.271728 0.219635
v 0.333376 -0.272850 0.240209
v 0.363520 -0.226806 0.163226
v 0.377798 -0.232265 0.170875
v 0.356889 -0.238085 0.167780
v -0.237041 -0.068050 0.264225
v -0.216262 -0.077574 0.273129
v -0.238851 -0.049823 0.268208
v -0.140170 -0.086535 0.284534
v 0.326237 0.372614 0.580614
v 0.377020 0.374665 0.589320
v 0.364052 0.381774 0.598511
v 0.361181 0.319297 0.565046
v -0.117038 0.288721 -0.159192
v -0.095331 0.284297 -0.183484
v -0.114332 0.277975 -0.189127
v -0.129366 0.291788 -0.142267
v -0.139588 0.284347 -0.152607
v -0.159262 0.279544 -0.141050
v 0.318193 0.124884 0.317098
v 0.366774 0.116687 0.306288
v 0.368873 0.110526 0.322358
v 0.387720 0.103650 0.311310
v -0.078404 -0.305026 -0.080267
v -0.070977 -0.300916 -0.060603
v -0.106056 -0.304630 -0.046350
v -0.098460 -0.299641 -0.030355
v -0.116429 -0.301206 -0.040661
v 0.157453 -0.162273 0.168405
v 0.183765 -0.168789 0.162411
v 0.177722 -0.156842 0.174139
v 0.217284 -0.157612 0.227437
v 0.198342 -0.137789 0.226961
v 0.223629 -0.158207 0.214620
v 0.171129 0.039707 0.388853
v 0.188718 0.035794 0.378102
v 0.171251 0.030111 0.396371
v 0.199530 0.036591 0.349021
v 0.002633 0.172301 0.635659
v -0.007423 0.188273 0.636380
v -0.001634 0.184448 0.614822
v -0.033279 0.214425 0.602612
v -0.010296 0.192858 0.605307
v -0.026295 0.211261 0.618933
v -0.407152 0.038581 0.065790
v -0.399068 0.058931 0.075500
v -0.406865 0.074958 0.036200
v -0.402494 -0.067998 0.059736
v -0.405536 -0.031636 0.064164
v -0.410465 -0.017106 0.048825
v -0.456370 -0.119573 -0.175316
v -0.441242 -0.124645 -0.192458
v -0.423689 -0.134234 -0.179571
v -0.447705 -0.123422 -0.163198
v -0.185262 0.216862 0.083789
v -0.173016 0.207726 0.099305
v -0.174310 0.215351 0.085318
v -0.194629 0.211723 0.103664
v -0.187378 0.215232 0.092987
v -0.208519 0.217370 0.094878
v 0.172181 -0.207625 0.028224
v 0.162606 -0.209280 0.004818
v 0.179739 -0.215002 0.020438
v 0.265501 -0.207385 -0.035366
v 0.243715 -0.214848 -0.039425
v 0.278433 -0.198514 -0.059257
v 0.301748 -0.124205 -0.297153
v 0.298811 -0.136402 -0.292257
v 0.311230 -0.134775 -0.314302
v 0.271654 -0.110524 -0.264604
v 0.243887 -0.125157 -0.245187
v 0.281500 -0.143524 -0.258704
v 0.385346 -0.047018 0.449602
v 0.364659 -0.072533 0.450924
v -0.194743 0.178569 0.184335
v -0.204653 0.171989 0.196872
v -0.184349 0.171630 0.204617
v -0.240475 0.124276 0.225360
v -0.413888 0.081182 -0.259732
v -0.413187 0.094882 -0.248603
v -0.400214 0.092480 -0.257690
v -0.320562 0.051195 -0.319438
v -0.366781 0.058100 -0.302183
v -0.339915 0.067591 -0.306935
v -0.383904 -0.132169 -0.070211
v -0.396042 -0.108812 -0.049403
v -0.411418 -0.132161 -0.169477
v -0.394664 -0.122594 -0.162414
v -0.418874 -0.117214 -0.143113
v 0.143094 -0.187218 -0.244201
v 0.163623 -0.187832 -0.247346
v 0.153667 -0.184578 -0.234707
v 0.092915 -0.170340 -0.209613
v 0.102693 -0.174798 -0.220995
v 0.118544 -0.180258 -0.205310
v -0.122054 -0.298637 -0.030847
v -0.207277 -0.272921 0.014095
v -0.195527 -0.276467 -0.022972
v -0.191067 -0.282352 -0.002014
v -0.198351 0.242627 0.059282
v -0.170676 0.254614 0.060294
v -0.174271 0.265575 0.047654
v -0.116224 0.306535 -0.010051
v -0.125466 0.296688 0.001718
v -0.104621 0.301737 0.013760
v -0.330997 0.137859 -0.209809
v -0.337176 0.121031 -0.217258
v -0.345120 0.151748 -0.177696
v -0.308205 0.120123 -0.251878
v -0.325328 0.126557 -0.226496
v -0.080672 -0.290837 -0.131327
v -0.068314 -0.291112 -0.145800
v -0.055118 -0.284670 -0.119148
v -0.050755 -0.268726 -0.191021
v -0.092195 0.005545 -0.305902
v -0.116796 0.009525 -0.326448
v -0.102036 0.012455 -0.309308
v -0.103946 0.000313 -0.312089
v -0.208153 -0.152946 -0.330152
v -0.188299 -0.173030 -0.330412
v -0.193192 -0.193889 -0.330428
v -0.175892 -0.162703 -0.328995
v -0.178297 -0.146768 -0.309986
v -0.164001 -0.173189 -0.330155
v 0.073238 0.198234 -0.194331
v 0.071358 0.205660 -0.205470
v 0.122595 0.213687 -0.015043
v 0.142757 0.208926 0.007235
v 0.141732 0.208392 -0.010066
v 0.138991 0.164833 -0.129761
v 0.134020 0.180954 -0.093929
v 0.152224 0.185760 -0.093809
v 0.192986 0.170713 -0.089459
v 0.194216 0.162693 -0.112643
v 0.177183 0.167442 -0.123009
v 0.217724 0.119944 -0.194707
v 0.305311 -0.172536 -0.309722
v 0.307542 -0.168391 -0.319232
v 0.309062 -0.155958 -0.311514
v 0.289454 -0.144253 -0.332319
v 0.274049 -0.084386 -0.333355
v 0.338761 -0.259408 0.279186
v 0.344094 -0.254800 0.300236
v 0.329624 -0.252716 0.282617
v 0.297749 -0.233275 0.264814
v 0.304592 -0.222709 0.286055
v 0.282982 -0.198274 0.276404
v -0.296615 0.152129 -0.253622
v -0.266767 0.197123 -0.250102
v -0.273547 0.206657 -0.238396
v -0.253054 0.221778 -0.233512
v 0.263537 0.080492 0.402656
v 0.285028 0.135868 0.432007
v 0.282049 0.151479 0.434041
v 0.281666 0.130443 0.409579
v 0.098313 0.097686 0.247805
v 0.113525 0.080679 0.261488
v 0.109099 0.100548 0.253265
v 0.028998 0.077517 0.250670
v -0.160034 -0.292760 -0.086682
v -0.149677 -0.290490 -0.091683
v -0.136456 -0.294924 -0.146197
v -0.113219 -0.293650 -0.151364
v -0.120878 -0.294569 -0.144505
v -0.453424 0.096054 -0.170461
v -0.437195 0.103081 -0.178651
v -0.439664 0.103182 -0.194658
v -0.308569 -0.145715 -0.263964
v -0.313753 -0.135580 -0.264889
v -0.327233 -0.144552 -0.234369
v 0.269157 -0.161319 0.362086
v 0.284356 -0.173319 0.371945
v 0.272520 -0.168226 0.380847
v 0.253899 -0.136402 0.429462
v 0.265865 -0.154457 0.419852
v 0.275984 -0.151848 0.427444
v 0.074382 0.181294 -0.214502
v 0.096876 0.138442 -0.199594
v -0.140947 0.149738 -0.303642
v -0.148719 0.130487 -0.302436
v -0.159209 0.143436 -0.306927
v -0.165994 0.149797 -0.312624
v -0.168654 0.137238 -0.310187
v -0.178317 0.145989 -0.323387
v -0.108400 -0.196558 0.182405
v -0.086581 -0.202445 0.162595
v -0.093579 -0.188998 0.193943
v -0.126206 -0.204812 0.143621
v -0.146012 -0.200907 0.154981
v -0.146296 -0.201095 0.129454
v 0.369887 0.149500 0.076699
v 0.399414 0.118216 0.076588
v 0.378458 0.149253 0.057353
v 0.410519 0.082221 0.133489
v 0.421164 0.064777 0.131445
v 0.421294 0.087905 0.100309
v -0.071629 0.228241 -0.329921
v -0.103820 0.224632 -0.328838
v -0.074798 0.231856 -0.321857
v -0.141292 0.228989 -0.309925
v -0.102442 0.233771 -0.282983
v -0.083532 0.237244 -0.291997
v 0.106126 -0.166366 -0.331560
v 0.111437 -0.191760 -0.330611
v 0.093361 -0.178054 -0.331333
v 0.096160 -0.166912 -0.332268
v 0.088870 -0.141218 -0.313870
v 0.283436 0.007054 0.449574
v 0.220321 0.077644 0.493867
v 0.457634 -0.015044 0.037275
v 0.456205 -0.023351 0.053788
v 0.457503 -0.040511 0.036514
v 0.432801 0.071997 0.017516
v 0.433152 0.058140 0.042273
v 0.443865 0.050817 0.021451
v 0.393596 -0.242300 0.193446
v 0.378255 -0.250158 0.184836
v 0.391569 -0.230482 0.180072
v 0.398991 -0.237201 0.190250
v 0.484880 -0.043231 0.210242
v 0.482856 -0.066961 0.207937
v 0.478264 -0.052276 0.193235
v 0.448953 0.017281 0.169682
v 0.462681 -0.000043 0.175688
v 0.438514 0.014182 0.158353
v 0.173019 0.016840 0.421422
v 0.149285 0.043591 0.464402
v 0.148489 0.031348 0.454886
v 0.155460 0.040417 0.464213
v -0.369765 -0.045121 0.146249
v -0.314839 -0.127035 0.181780
v -0.323704 -0.109858 0.185648
v -0.340545 -0.102601 0.169093
v 0.412944 0.067004 -0.044477
v 0.411677 0.076399 -0.036376
v 0.415369 0.063590 -0.036496
v 0.396551 -0.043766 -0.089639
v 0.404952 -0.043657 -0.071724
v 0.383873 -0.072144 -0.091741
v -0.014510 0.123349 0.484796
v -0.005883 0.119543 0.474773
v -0.002756 0.110085 0.484480
v -0.034720 0.165597 0.492692
v -0.018093 0.138961 0.478543
v -0.033534 0.153015 0.490520
v -0.089664 -0.038595 0.289665
v -0.108124 -0.045604 0.290860
v -0.105072 -0.066963 0.287508
v 0.012851 -0.056136 0.260368
v -0.015272 -0.052276 0.272444
v 0.165657 0.209712 0.080910
v 0.141804 0.208782 0.095491
v 0.169486 0.209310 0.100395
v 0.101445 0.219959 0.070087
v -0.169680 -0.276654 0.035568
v -0.180042 -0.261445 0.056917
v -0.193663 -0.270967 0.038414
v -0.223704 -0.230055 0.101498
v -0.212749 -0.238319 0.075577
v -0.203822 -0.237232 0.093691
v 0.108135 -0.175734 0.137389
v 0.125986 -0.177580 0.127519
v 0.136235 -0.169431 0.152879
v 0.122897 -0.166912 0.153022
v 0.181322 0.148024 -0.337534
v 0.155435 0.130398 -0.335898
v 0.136274 0.136091 -0.327185
v 0.148442 0.108777 -0.334099
v 0.121314 0.127359 -0.306513
v 0.204448 0.139919 0.236302
v 0.180853 0.133817 0.246300
v 0.196869 0.117778 0.255986
v 0.118322 0.146924 0.218394
v 0.123834 0.138755 0.233540
v 0.139436 0.148021 0.228468
v -0.414558 0.110340 -0.204678
v -0.421088 0.108922 -0.192590
v -0.402249 0.101363 -0.247420
v -0.393613 0.110526 -0.235015
v -0.386609 0.094892 -0.262477
v 0.217655 -0.131087 -0.149580
v 0.255363 -0.139253 -0.137076
v 0.216633 -0.154399 -0.133761
v 0.273227 -0.158412 -0.115713
v -0.253085 -0.184947 0.143441
v -0.278723 -0.180856 0.133854
v -0.274998 -0.184534 0.123008
v -0.320701 -0.147927 0.145158
v -0.351132 -0.133399 0.110278
v 0.376283 0.258201 0.529033
v 0.385565 0.289128 0.532507
v 0.377020 0.367265 0.555984
v 0.358218 0.369302 0.548416
v 0.381791 0.373776 0.564553
v -0.170052 0.159033 -0.326826
v -0.179973 0.164971 -0.332585
v -0.190185 0.163396 -0.333490
v -0.181378 0.189196 -0.332826
v 0.452805 -0.156927 0.357458
v 0.448255 -0.134542 0.383059
v 0.425979 -0.178818 0.379644
v 0.424701 -0.153250 0.401262
v -0.048659 0.205919 0.559733
v -0.055393 0.223320 0.572803
v -0.056633 0.191799 0.530950
v -0.028409 0.201039 0.582526
v -0.268391 0.209568 0.065059
v -0.290967 0.203211 0.057500
v -0.274466 0.203330 0.084934
v -0.257284 0.185363 0.121805
v -0.237675 0.185416 0.128282
v -0.235407 0.207564 0.109248
v 0.192051 0.048592 0.308688
v 0.200956 0.065460 0.314576
v 0.191951 0.064017 0.296419
v 0.183908 0.056918 0.289831
v 0.368206 0.196774 0.421540
v 0.362572 0.243372 0.421240
v 0.361531 0.210968 0.430871
v 0.376021 0.112306 0.430230
v 0.379585 0.102068 0.407336
v 0.374039 0.112002 0.412993
v 0.013468 0.208461 0.625699
v -0.000962 0.216322 0.641120
v 0.017173 0.192243 0.639489
v -0.020988 0.243970 0.601179
v 0.012387 0.214939 0.609126
v -0.006012 0.229447 0.588914
v 0.347875 -0.184264 -0.021503
v 0.338108 -0.196016 0.000544
v 0.314671 -0.203073 -0.023981
v 0.329508 -0.199990 0.026870
v 0.314894 -0.202836 0.046846
v -0.275070 -0.088633 0.240646
v -0.290032 -0.091102 0.228078
v -0.268511 -0.115802 0.231476
v -0.261174 -0.079163 0.252958
v -0.240683 0.253233 -0.140742
v -0.248282 0.245121 -0.157947
v -0.252048 0.254030 -0.112458
v -0.231141 0.261678 -0.103890
v 0.131930 -0.189528 -0.174958
v 0.114443 -0.184941 -0.178250
v 0.132511 -0.182534 -0.209786
v 0.070236 -0.166727 -0.176158
v 0.381682 -0.234189 0.354647
v 0.363883 -0.235972 0.353760
v 0.381132 -0.253846 0.325512
v 0.335425 -0.244829 0.316028
v 0.332554 -0.248702 0.296058
v -0.161836 0.259100 -0.225077
v -0.162357 0.265806 -0.210137
v -0.150285 0.268247 -0.194126
v -0.149640 0.262505 -0.214136
v 0.184911 0.162309 -0.309888
v 0.185459 0.170214 -0.326151
v 0.178860 0.179691 -0.306818
v 0.198874 0.148501 -0.314531
v 0.193431 0.143927 -0.287689
v 0.306625 -0.194738 0.379534
v 0.320399 -0.210438 0.371683
v 0.313316 -0.186717 0.401281
v 0.287280 -0.171894 0.402396
v 0.301522 -0.182603 0.394445
v 0.405554 -0.012135 -0.079554
v 0.399932 -0.023731 -0.090861
v 0.405645 0.021488 -0.081470
v 0.377221 0.023395 -0.107519
v 0.378385 0.042067 -0.100364
v 0.389656 0.033140 -0.095528
v 0.201411 -0.214177 0.038145
v 0.192673 -0.217384 0.026358
v 0.215776 -0.212823 0.039820
v 0.273483 -0.206436 0.075088
v 0.248321 -0.206700 0.074658
v 0.257244 -0.217430 0.057445
v 0.264243 0.196278 0.051835
v 0.268094 0.198117 0.020711
v 0.252629 0.206761 0.040443
v 0.230960 0.205703 0.095784
v 0.229213 0.192157 0.126338
v 0.240721 0.193679 0.112207
v -0.209900 -0.218177 -0.248767
v -0.197493 -0.216492 -0.257965
v -0.168532 -0.222534 -0.269317
v -0.129443 0.297520 -0.039197
v -0.156278 0.292330 -0.058098
v -0.153591 0.289627 -0.033989
v -0.154794 0.289350 -0.098444
v -0.137320 0.294644 -0.088283
v -0.134728 0.288773 -0.103349
v -0.071027 0.020561 0.286150
v -0.120121 0.036000 0.291462
v -0.106635 0.007262 0.292316
v -0.101846 0.060100 0.284889
v -0.081180 0.083923 0.275013
v -0.090298 0.096771 0.271268
v 0.269992 -0.197192 0.223251
v 0.256045 -0.182289 0.208661
v -0.189663 0.245180 -0.244191
v -0.165695 0.249648 -0.241357
v -0.169672 0.238224 -0.254803
v -0.190029 0.230201 -0.273937
v -0.161680 0.230654 -0.270322
v -0.169384 0.224153 -0.284857
v 0.139682 -0.205973 0.009579
v 0.140057 -0.203169 0.041485
v 0.128163 -0.208550 0.035369
v 0.165924 -0.201893 -0.053735
v 0.155711 -0.205715 -0.053957
v -0.130307 0.298555 -0.021354
v -0.116058 0.307070 -0.024088
v -0.041363 0.316723 -0.049415
v -0.060510 0.314047 -0.048209
v -0.056718 0.315763 -0.029954
v 0.223325 0.123183 -0.266657
v 0.218393 0.140525 -0.292264
v 0.207410 0.128517 -0.261996
v 0.239791 0.127175 -0.282822
v 0.258914 0.110791 -0.271004
v 0.265521 0.116247 -0.280389
v -0.077397 -0.177953 0.206536
v -0.061874 -0.184650 0.196172
v -0.051096 -0.174343 0.208162
v -0.102877 -0.142781 0.249035
v -0.105183 -0.123971 0.264876
v 0.261135 0.192596 0.097359
v 0.257392 0.190510 0.116819
v 0.276368 0.188928 0.113626
v 0.200275 0.163353 0.207159
v 0.204214 0.176263 0.182845
v 0.192757 0.170820 0.191151
v -0.152128 0.204904 -0.334379
v -0.142034 0.218436 -0.329541
v -0.110251 0.212300 -0.335034
v -0.144580 0.184461 -0.333520
v 0.358605 0.300560 0.557590
v 0.353375 0.278059 0.550577
v 0.366941 0.277652 0.545561
v 0.325188 0.266930 0.543214
v 0.333270 0.302387 0.555500
v 0.316742 0.319232 0.551687
v -0.254893 -0.238860 -0.179916
v -0.278471 -0.218738 -0.166329
v -0.263621 -0.227805 -0.188877
v -0.233534 -0.245159 -0.165243
v -0.220091 -0.246760 -0.185674
v -0.212432 -0.252603 -0.165048
v 0.445666 -0.086998 0.063098
v 0.444382 -0.083080 0.083333
v 0.434736 -0.103253 0.074138
v 0.454912 -0.041716 0.062406
v 0.452086 -0.060456 0.076913
v 0.453548 -0.069425 0.052102
v 0.085580 0.090324 0.245567
v 0.078655 0.065634 0.250241
v 0.098560 0.075171 0.257254
v 0.076538 0.029787 0.256630
v 0.089085 0.001831 0.262801
v 0.102999 0.009714 0.267957
v 0.062993 -0.226375 -0.031719
v 0.046998 -0.250848 -0.048106
v 0.051331 -0.233084 -0.055051
v 0.095124 -0.206425 0.009972
v 0.098041 -0.213301 0.024078
v 0.085354 -0.210955 0.012629
v 0.047820 0.198530 0.154311
v 0.028675 0.187274 0.170707
v -0.025348 0.153934 0.215104
v -0.000258 0.148318 0.212569
v 0.297900 0.405989 0.457402
v 0.300059 0.413382 0.456277
v 0.307708 0.408857 0.449371
v -0.167861 -0.286664 -0.037416
v -0.174456 -0.290662 -0.058576
v -0.152898 -0.292694 -0.063171
v -0.150790 -0.296981 -0.013543
v -0.168374 -0.287973 -0.026124
v -0.146074 -0.290565 -0.041909
v 0.247411 -0.181287 0.214780
v 0.255460 -0.188781 0.226120
v 0.242256 -0.184657 0.237203
v 0.254916 -0.164989 0.307021
v 0.278235 -0.178610 0.302924
v 0.268113 -0.154117 0.328520
v -0.382003 -0.121668 -0.142293
v -0.382081 -0.124913 -0.123941
v -0.388914 -0.113610 -0.115970
v -0.372896 -0.148237 -0.121429
v -0.361481 -0.154761 -0.157930
v -0.355134 -0.170288 -0.136850
v 0.060586 0.167226 0.191725
v 0.078055 0.179054 0.181286
v 0.056917 0.184321 0.167121
v 0.070730 0.186035 0.164031
v 0.093049 0.184467 0.170809
v 0.073454 0.189263 0.154757
v 0.097929 -0.009078 -0.335979
v 0.100795 -0.127462 -0.329250
v 0.085289 -0.087022 -0.330509
v 0.089200 -0.071703 -0.334454
v -0.212762 -0.242730 0.067182
v -0.217216 -0.254682 0.049208
v -0.196859 -0.245255 0.071050
v -0.224900 -0.258407 0.027087
v -0.232538 -0.250011 0.018020
v -0.298285 0.200446 -0.217106
v -0.294863 0.201744 -0.200255
v -0.271950 0.219272 -0.218646
v -0.269532 0.235225 -0.160852
v -0.292998 0.216954 -0.157197
v -0.297047 0.208427 -0.136466
v -0.401485 -0.105022 -0.134576
v -0.418617 -0.107240 -0.129636
v -0.395497 -0.113898 -0.150855
v -0.432709 -0.086651 -0.104978
v -0.049224 -0.247484 -0.267006
v -0.015216 -0.259009 -0.264465
v 0.052643 -0.257422 -0.265874
v 0.039744 -0.265259 -0.263146
v 0.054201 -0.271585 -0.280716
v -0.407881 0.110791 -0.219648
v -0.419717 0.100307 -0.236631
v -0.458165 0.075456 -0.223148
v -0.461849 0.082420 -0.208751
v 0.459297 -0.179112 0.301744
v 0.456116 -0.148657 0.349440
v 0.453572 -0.170648 0.342990
v 0.456127 -0.125479 0.345663
v 0.455653 -0.132126 0.359335
v 0.457703 -0.141419 0.331644
v -0.056259 -0.213618 0.099352
v -0.070553 -0.212559 0.101965
v -0.063967 -0.237380 0.091510
v -0.032994 -0.221825 0.089223
v 0.145341 0.096887 0.409066
v -0.021982 0.186430 0.505895
v -0.037283 0.193677 0.509376
v 0.206233 -0.139100 -0.209255
v 0.214099 -0.122294 -0.218866
v 0.212755 -0.115977 -0.199006
v 0.221750 -0.085495 -0.246785
v 0.207607 -0.050885 -0.248125
v 0.213492 -0.070386 -0.238983
v 0.106453 0.265524 -0.336566
v 0.132715 0.236441 -0.337252
v 0.154589 0.248683 -0.322687
v 0.158506 0.242633 -0.331984
v 0.147925 0.251476 -0.334637
v -0.219271 -0.268720 -0.099155
v -0.211179 -0.270380 -0.107321
v -0.193759 -0.281451 -0.073857
v -0.159022 -0.287156 -0.108965
v -0.176690 -0.283385 -0.117814
v 0.332045 0.224892 0.389344
v 0.329951 0.243723 0.393828
v 0.342253 0.225980 0.392544
v 0.339183 0.267963 0.398566
v 0.327192 0.258274 0.395965
v 0.330180 0.279690 0.399881
v -0.163394 -0.183117 0.191774
v -0.176001 -0.171010 0.205828
v -0.190714 -0.172742 0.193373
v -0.224030 -0.169948 0.184988
v -0.239325 -0.163413 0.193321
v -0.256448 -0.171013 0.163332
v -0.041757 -0.282991 -0.145868
v -0.022948 -0.281227 -0.114200
v -0.020759 -0.284313 -0.091941
v -0.033141 -0.281715 -0.093065
v 0.395760 -0.186175 0.395910
v 0.392542 -0.206948 0.379427
v 0.354322 -0.217749 0.377321
v 0.371471 -0.223619 0.369474
v 0.368832 -0.204605 0.390542
v 0.336769 0.380552 0.521057
v 0.344153 0.357311 0.515240
v 0.341650 0.351111 0.500203
v 0.379362 0.343498 0.539542
v 0.368453 0.333510 0.526364
v 0.359252 0.352648 0.534925
v 0.419377 0.046819 0.369718
v 0.423962 0.034921 0.379408
v 0.430082 0.026357 0.369170
v 0.404687 0.072094 0.367410
v 0.409094 0.064255 0.364954
v 0.399305 0.088307 0.352027
v 0.240438 0.013540 -0.226909
v 0.289696 0.020448 -0.257209
v 0.274627 0.031448 -0.249439
v -0.258932 -0.192375 -0.246033
v -0.223403 -0.214520 -0.273101
v -0.173876 -0.220221 -0.277596
v -0.225521 -0.209016 -0.256264
v -0.085995 -0.278461 -0.180197
v -0.085849 -0.286655 -0.164646
v -0.091949 -0.287248 -0.157795
v -0.058222 -0.285719 -0.165436
v -0.054242 -0.274436 -0.180499
v -0.046438 -0.281223 -0.161853
v -0.325507 -0.004317 -0.326924
v -0.303993 0.010558 -0.329835
v -0.291682 -0.009719 -0.331102
v -0.292474 -0.058829 -0.325879
v -0.314036 -0.020867 -0.327766
v -0.293458 -0.036284 -0.328609
v 0.043881 0.298482 0.020462
v 0.058716 0.292114 0.010888
v 0.078100 0.270993 -0.010662
v 0.065126 0.292606 -0.002142
v 0.068038 0.276377 0.014630
v 0.356658 0.148127 0.489154
v 0.347161 0.133554 0.485830
v 0.352578 0.113332 0.471141
v 0.372351 0.070832 0.440036
v 0.363185 0.083828 0.451020
v 0.353878 0.075746 0.454662
v 0.218113 -0.058724 -0.262041
v 0.221739 -0.020215 -0.248502
v -0.144924 -0.293471 -0.135507
v -0.161339 -0.285700 -0.119200
v -0.174334 -0.284636 -0.135158
v -0.156268 -0.285640 -0.165332
v -0.156140 -0.273341 -0.182768
v 0.277633 0.305851 0.487145
v 0.280266 0.327705 0.501912
v 0.280255 0.335310 0.495537
v 0.271902 0.461781 0.534108
v 0.276046 0.437476 0.516345
v 0.273341 0.440782 0.535857
v -0.256972 0.188862 -0.278184
v -0.242890 0.181831 -0.302509
v -0.217363 0.229022 -0.253750
v -0.236100 0.219317 -0.265138
v 0.487970 -0.080767 0.232792
v 0.489255 -0.056786 0.234111
v 0.480722 -0.102735 0.256339
v 0.478632 -0.108983 0.240512
v 0.310180 -0.105761 -0.134175
v 0.307121 -0.079835 -0.149195
v 0.321278 -0.088682 -0.136750
v 0.359811 -0.051212 -0.120869
v 0.347642 -0.048569 -0.137852
v 0.366928 -0.032317 -0.118059
v -0.211083 -0.266005 -0.137742
v -0.219887 -0.253031 -0.155603
v -0.197674 -0.262736 -0.154134
v -0.171826 -0.280736 -0.159913
v -0.166441 -0.274378 -0.174831
v -0.157550 -0.289140 -0.154089
v -0.388468 0.098771 -0.171761
v -0.373285 0.103014 -0.179580
v -0.372364 0.109591 -0.167150
v -0.380268 0.118501 -0.134484
v 0.473600 -0.134789 0.202774
v 0.467944 -0.114109 0.203977
v 0.474683 -0.121266 0.224390
v 0.462531 -0.113451 0.194863
v 0.464290 -0.144369 0.184204
v 0.254929 -0.229602 -0.311175
v 0.250955 -0.230255 -0.297849
v 0.237300 -0.232822 -0.304606
v 0.165119 -0.216462 -0.318953
v 0.172816 -0.211615 -0.325206
v 0.200680 -0.217076 -0.328509
v -0.337499 0.064596 0.186555
v -0.326106 0.073528 0.194758
v -0.340370 0.092166 0.166860
v -0.288679 0.138394 0.174183
v -0.310728 0.126960 0.172873
v -0.299392 0.113654 0.191672
v 0.418699 -0.094597 0.148620
v 0.422000 -0.099091 0.157638
v 0.406101 -0.112635 0.148896
v 0.433504 -0.065492 0.157601
v 0.424926 -0.080741 0.149354
v 0.167911 0.177017 -0.106284
v 0.179920 0.175899 -0.089963
v 0.136823 0.197509 -0.038990
v 0.139272 0.204284 -0.023631
v 0.150795 0.198103 -0.040917
v -0.473835 -0.051507 -0.240707
v -0.464832 -0.067341 -0.241164
v -0.481975 -0.062940 -0.225889
v -0.509970 -0.009153 -0.177595
v 0.285385 0.115327 0.421670
v 0.282662 0.100901 0.409578
v 0.288254 0.094173 0.423352
v 0.317898 0.069419 0.447944
v 0.312718 0.061876 0.444430
v 0.328358 0.063555 0.451160
v -0.277063 0.118837 0.207998
v -0.284868 0.128587 0.188920
v -0.290611 0.107252 0.204453
v -0.240958 0.178625 0.145235
v -0.258452 0.170700 0.147180
v -0.252325 0.169325 0.161722
v 0.188188 -0.168050 -0.219978
v 0.162131 -0.180112 -0.216774
v 0.177008 -0.175860 -0.227596
v 0.212765 -0.180908 -0.244100
v 0.212950 -0.203090 -0.256263
v 0.229358 -0.187646 -0.244885
v 0.323498 -0.174815 0.152776
v 0.333472 -0.168619 0.143145
v 0.382103 -0.144119 0.131319
v 0.389686 -0.136275 0.127037
v 0.391102 -0.134125 0.141873
v 0.228186 0.208971 -0.030648
v 0.188152 0.197757 -0.042286
v 0.188126 0.207104 -0.021899
v 0.179655 0.195025 -0.048210
v 0.154273 0.196298 -0.049174
v 0.172076 0.200317 -0.029204
v 0.427243 -0.020544 -0.048213
v 0.425336 -0.031490 -0.051875
v 0.413469 -0.028118 -0.062305
v 0.431105 -0.066078 -0.016755
v 0.455757 -0.016031 0.356594
v 0.467468 -0.028988 0.357348
v 0.462146 -0.031439 0.340098
v 0.448761 0.002675 0.339389
v -0.385611 0.127779 0.036717
v -0.356145 0.157724 0.040812
v -0.362946 0.162246 0.023134
v -0.386000 0.104821 0.061005
v -0.393736 0.098639 0.045162
v -0.397613 0.074518 0.063574
v 0.276043 0.101015 0.385070
v 0.283390 0.115781 0.375040
v 0.267501 0.094192 0.367695
v 0.276335 0.075972 0.418082
v 0.276235 0.092057 0.399259
v 0.080548 -0.203065 -0.233984
v 0.093791 -0.198503 -0.240994
v 0.092458 -0.181205 -0.231195
v 0.122619 -0.183151 -0.236636
v 0.129944 -0.187545 -0.251372
v 0.352006 0.304729 0.420980
v 0.343522 0.345978 0.430026
v 0.330489 0.386468 0.436440
v 0.332821 0.361475 0.423170
v 0.320467 0.380095 0.430471
v 0.332297 0.024702 -0.284180
v 0.344537 0.028890 -0.302886
v 0.337097 0.033710 -0.292156
v 0.322398 -0.011142 -0.325820
v 0.304721 -0.020196 -0.331809
v 0.308420 -0.009753 -0.333274
v 0.425951 -0.096781 -0.005940
v 0.420881 -0.094314 -0.030921
v 0.411651 -0.129658 -0.005554
v 0.418032 -0.114302 -0.020321
v -0.158541 0.207318 0.123558
v -0.186312 0.201094 0.128289
v -0.183732 0.198642 0.137575
v -0.212579 0.208442 0.110894
v -0.220272 0.195842 0.122824
v -0.194287 0.205989 0.110294
v 0.346595 0.035251 -0.310105
v 0.345521 0.045418 -0.319500
v 0.342929 0.046533 -0.310329
v 0.326421 0.079435 -0.299778
v 0.322025 0.081954 -0.299512
v 0.313803 0.082625 -0.287391
v 0.122477 0.074188 0.557957
v 0.123076 0.065382 0.549133
v 0.153274 0.059129 0.536955
v 0.115695 0.063429 0.537634
v -0.324457 -0.203744 0.031386
v -0.335568 -0.189284 0.047277
v -0.333612 -0.198632 0.028849
v -0.349704 -0.181872 0.023947
v -0.359260 -0.164779 0.041754
v -0.258037 -0.174067 -0.312765
v -0.268061 -0.150391 -0.310219
v -0.141120 -0.225444 -0.304329
v -0.142100 -0.225444 -0.286551
v -0.164991 -0.222282 -0.305361
v 0.451199 -0.000391 0.413073
v 0.458382 -0.003337 0.403285
v 0.441412 0.015409 0.405790
v 0.462832 -0.021302 0.387708
v 0.460327 -0.018737 0.376091
v 0.461454 -0.008961 0.394761
v -0.350158 -0.175924 -0.124674
v -0.336099 -0.184369 -0.113689
v -0.281582 -0.199020 -0.204580
v -0.291237 -0.199082 -0.195981
v -0.170962 -0.209412 -0.329366
v -0.160432 -0.216426 -0.327139
v -0.180853 -0.217594 -0.323781
v -0.123196 -0.228491 -0.323501
v -0.102177 -0.228200 -0.327594
v -0.111129 -0.234766 -0.320195
v 0.327684 0.099239 -0.331676
v 0.325657 0.092287 -0.335091
v 0.314093 0.109009 -0.335959
v 0.280763 0.126606 -0.324350
v -0.169815 -0.024207 0.294125
v -0.138344 -0.029543 0.295058
v -0.156942 -0.049971 0.292481
v -0.179469 -0.048452 0.290255
v -0.171822 -0.078871 0.285192
v 0.442969 -0.107179 0.413291
v 0.459237 -0.073917 0.413944
v 0.448994 -0.076085 0.422363
v 0.466687 -0.024696 0.405688
v 0.461044 -0.017449 0.414009
v 0.277023 -0.192312 0.120883
v 0.252028 -0.196750 0.118238
v 0.291010 -0.195194 0.111194
v 0.239815 -0.207573 0.088465
v 0.274828 -0.203205 0.091556
v 0.223259 0.050700 -0.337104
v 0.195752 0.018620 -0.332250
v 0.192606 0.031190 -0.337542
v 0.213119 0.014074 -0.335902
v 0.126684 -0.211413 -0.000995
v 0.137257 -0.209079 -0.010578
v 0.127223 -0.209658 0.019990
v 0.118300 -0.212029 -0.001153
v 0.103627 -0.205079 0.002069
v -0.364588 0.169536 -0.007616
v -0.379174 0.148953 -0.005384
v -0.349415 0.183750 -0.021536
v 0.188220 -0.151938 0.180727
v 0.210940 -0.166682 0.163364
v 0.198653 -0.145346 0.190183
v 0.232420 -0.165799 0.162387
v 0.378574 0.088556 0.425719
v 0.380832 0.093009 0.412760
v 0.377823 0.102246 0.426369
v 0.372168 0.097641 0.443402
v -0.038740 0.196742 0.160705
v -0.065230 0.200739 0.170312
v -0.049385 0.193326 0.170254
v -0.045519 0.182306 0.182785
v -0.036797 0.183424 0.179151
v -0.100866 0.186355 0.183045
v -0.126189 0.194669 0.183973
v -0.126813 0.188762 0.192779
v -0.135051 0.201004 0.150046
v -0.142896 0.201931 0.137254
v -0.159543 0.200879 0.147194
v 0.006153 -0.297645 -0.015707
v 0.027964 -0.285608 -0.027766
v 0.026491 -0.286137 -0.009935
v 0.041077 -0.272231 -0.014689
v 0.043448 -0.268519 -0.033008
v 0.052100 -0.252717 -0.020572
v 0.438363 -0.033036 0.432339
v 0.423024 -0.013273 0.436611
v 0.456972 -0.038235 0.422695
v 0.456644 -0.023933 0.421370
v -0.083946 0.186119 0.183336
v -0.080814 0.200381 0.172464
v -0.103573 0.195008 0.172963
v -0.083267 0.213896 0.154401
v -0.095258 0.215251 0.141831
v -0.106222 0.209442 0.150141
v 0.228108 -0.211461 0.059489
v 0.220975 -0.216244 0.031532
v 0.241151 -0.217988 0.054041
v 0.261347 -0.219850 0.025691
v 0.264633 -0.219423 0.010646
v 0.277429 -0.222135 0.022970
v -0.194152 -0.251390 -0.222817
v -0.196692 -0.261909 -0.201965
v -0.198074 -0.264425 -0.186893
v -0.200031 -0.259411 -0.164999
v 0.219919 0.112380 -0.218242
v 0.223375 0.112188 -0.238644
v 0.205084 0.123970 -0.236774
v 0.205372 0.122996 -0.216911
v -0.176922 0.278250 0.016208
v -0.163042 0.283636 -0.004072
v -0.173136 0.280325 -0.002005
v -0.129034 0.291335 0.021437
v 0.039920 -0.279050 -0.307351
v 0.062376 -0.275891 -0.306949
v 0.049491 -0.276657 -0.287071
v -0.051389 -0.240039 -0.327637
v -0.072422 -0.241730 -0.324424
v 0.125946 -0.086163 -0.325278
v 0.139553 0.015781 -0.330807
v -0.225851 -0.227771 -0.221766
v -0.247756 -0.226953 -0.214698
v -0.242718 -0.242425 -0.186175
v -0.226907 -0.242202 -0.193560
v -0.229929 -0.245218 -0.175921
v 0.006732 0.316286 0.004209
v 0.021783 0.304479 0.026824
v -0.015022 0.325248 -0.025612
v -0.012520 0.323104 -0.006065
v -0.000334 0.322465 -0.017132
v -0.370004 -0.108327 -0.279541
v -0.322881 -0.080758 -0.310098
v -0.010614 0.210215 0.652625
v -0.001562 0.206803 0.650254
v -0.042389 0.254385 0.625869
v -0.047617 0.259483 0.614999
v -0.048434 0.251778 0.622857
v 0.217996 -0.008751 -0.337402
v 0.202546 0.007363 -0.328833
v 0.137221 0.009066 -0.325062
v 0.030889 -0.247801 -0.082552
v 0.028945 -0.277148 -0.049243
v 0.007796 -0.285140 -0.055549
v 0.026736 -0.271557 -0.059717
v 0.188821 -0.212746 -0.027003
v 0.209762 -0.213743 -0.026411
v 0.196311 -0.216133 -0.018082
v 0.227252 -0.218072 0.023651
v 0.206460 -0.221579 0.017513
v 0.220853 -0.222581 0.000439
v 0.325791 -0.201664 0.058648
v 0.369857 -0.178329 0.004158
v 0.348309 -0.195135 0.026391
v 0.234429 0.008909 -0.191710
v 0.225538 -0.003941 -0.192533
v 0.246493 0.072357 -0.222241
v 0.246377 0.063086 -0.198200
v 0.223529 0.010872 0.464014
v 0.240311 -0.042783 0.443949
v -0.121828 -0.176682 0.215135
v -0.141847 -0.178480 0.207446
v -0.128561 -0.149521 0.242207
v -0.116263 -0.159890 0.234764
v 0.278440 0.291564 0.490701
v 0.276126 0.210083 0.446904
v -0.173455 -0.221606 -0.290334
v -0.143997 -0.223434 -0.278485
v -0.012892 0.299103 -0.173759
v -0.019563 0.304587 -0.153311
v -0.001952 0.304736 -0.141932
v -0.030189 0.300613 -0.173488
v -0.038871 0.293911 -0.182562
v -0.238998 -0.254373 -0.112646
v -0.277201 -0.245460 -0.033913
v -0.262152 -0.251959 -0.016868
v -0.274645 -0.239734 0.000224
v 0.249550 -0.226790 -0.286391
v 0.245524 -0.207155 -0.258304
v 0.219558 -0.218362 -0.269610
v 0.450484 -0.022934 0.110738
v 0.454331 0.002230 0.080829
v 0.450915 0.010547 0.096107
v 0.369058 0.033228 -0.117520
v 0.345149 0.044702 -0.136041
v 0.355817 0.060317 -0.122518
v 0.335122 0.044265 -0.144297
v 0.317860 0.061194 -0.147888
v 0.329087 0.062754 -0.140613
v 0.358904 -0.259839 0.186450
v 0.336073 -0.261943 0.189318
v 0.339818 -0.249926 0.175793
v 0.312809 -0.218625 0.172815
v 0.307985 -0.229997 0.182255
v 0.295710 -0.199592 0.181528
v -0.512063 0.012260 -0.149706
v -0.510636 -0.006171 -0.120198
v -0.480692 -0.046751 -0.087124
v -0.491724 -0.038214 -0.092344
v 0.253002 -0.143273 0.420064
v 0.239832 -0.118130 0.428271
v 0.235855 -0.113761 0.420940
v 0.230186 -0.092274 0.429367
v 0.223334 -0.078762 0.418700
v 0.283343 0.178375 0.405660
v 0.285397 0.144864 0.384790
v 0.280997 0.159610 0.412759
v 0.290803 0.134679 0.371129
v 0.296465 0.144367 0.370442
v 0.309055 0.128273 0.359363
v -0.291071 0.126473 -0.264862
v -0.340693 0.092833 -0.286469
v 0.374893 -0.269442 0.257245
v 0.394423 -0.257585 0.237769
v 0.005558 0.317168 -0.101882
v -0.008687 0.315102 -0.125320
v 0.014006 0.322106 -0.078224
v 0.129815 -0.047898 0.263216
v 0.116592 -0.046290 0.263823
v 0.332085 0.120868 0.334412
v 0.356660 0.115786 0.323655
v 0.329778 0.152644 0.368903
v 0.324986 0.134658 0.361647
v 0.314934 0.155111 0.370106
v 0.307940 0.091853 -0.143653
v 0.331196 0.083686 -0.127706
v 0.323515 0.076119 -0.139936
v 0.282205 0.122737 -0.128593
v 0.270162 0.105083 -0.147386
v 0.196644 -0.166794 -0.229700
v 0.216481 -0.132150 -0.228582
v 0.208892 -0.140045 -0.220327
v 0.210539 -0.146676 -0.228440
v -0.029752 0.261657 -0.252297
v -0.009180 0.250461 -0.262955
v 0.041734 0.255271 -0.271229
v 0.071934 0.259299 -0.274300
v 0.039744 0.257845 -0.281157
v -0.231831 -0.219646 0.113943
v -0.213168 -0.210586 0.126687
v -0.216609 -0.191699 0.145815
v -0.196446 -0.235499 0.101677
v 0.457032 0.038050 0.192475
v 0.457806 0.045651 0.211017
v 0.471295 0.018847 0.204250
v 0.474497 0.007506 0.199876
v 0.468018 0.008261 0.185572
v 0.457808 0.030510 0.184696
v -0.150780 0.112379 0.262867
v -0.136754 0.088540 0.274972
v -0.142544 0.126517 0.251741
v 0.056516 0.006997 -0.309049
v 0.035786 -0.007830 -0.308746
v 0.031264 0.039273 -0.307244
v 0.050502 -0.031033 -0.310396
v 0.076395 -0.011107 -0.333732
v -0.340352 -0.192748 -0.036228
v -0.342679 -0.187948 -0.050859
v -0.330329 -0.198956 -0.062163
v -0.315124 -0.207808 -0.072127
v 0.344847 0.125066 0.221512
v 0.345117 0.124909 0.243283
v 0.358118 0.121642 0.234186
v 0.358143 0.123973 0.158664
v 0.341240 0.124915 0.177736
v 0.366399 0.108837 0.174224
v -0.347751 0.155152 -0.164748
v -0.338772 0.171905 -0.153363
v -0.328012 0.184857 -0.158510
v 0.115176 0.140414 -0.227212
v 0.096990 0.136376 -0.216773
v 0.136902 0.141333 -0.218974
v 0.159398 0.141139 -0.238850
v 0.164194 0.139652 -0.227141
v 0.272647 0.158701 -0.107417
v 0.282766 0.166914 -0.092038
v 0.286634 0.147854 -0.109157
v 0.269204 0.185085 -0.068445
v 0.259208 0.177103 -0.087604
v 0.071577 -0.219054 0.065448
v 0.092533 -0.215636 0.066593
v 0.082893 -0.212656 0.084247
v 0.019346 -0.216212 0.083512
v 0.035351 -0.214004 0.095837
v 0.016332 -0.214704 0.098271
v -0.267922 -0.063417 -0.329130
v -0.223413 -0.081936 -0.330034
v 0.160305 -0.189343 -0.147792
v 0.185560 -0.194726 -0.088134
v 0.168674 -0.199330 -0.096515
v -0.202525 0.209405 -0.321924
v -0.218141 0.200951 -0.318614
v -0.208912 0.211762 -0.311561
v -0.123749 0.229773 -0.283020
v 0.416114 0.099512 0.262098
v 0.438617 0.078506 0.270266
v 0.005792 -0.182539 0.171677
v -0.021036 -0.174165 0.192961
v 0.005613 -0.162809 0.200205
v 0.422711 -0.075321 -0.025962
v 0.429842 -0.058904 -0.033272
v 0.438612 -0.018249 -0.026522
v 0.434406 0.005272 -0.034314
v 0.434265 0.023045 -0.026209
v 0.426938 -0.192980 0.161424
v 0.422027 -0.173037 0.157216
v 0.438891 -0.182070 0.163889
v 0.466023 -0.186060 0.185744
v 0.207996 -0.053891 -0.201335
v 0.279429 -0.068303 -0.163546
v 0.170629 -0.009433 0.293537
v 0.182131 -0.029697 0.311340
v 0.215353 -0.107056 0.326385
v 0.417471 0.081891 0.307209
v 0.389505 0.109015 0.273561
v 0.391628 0.103117 0.291322
v 0.414059 0.100203 0.271650
v 0.238791 0.189077 0.132259
v 0.231626 0.188272 0.151173
v 0.255064 0.186450 0.133058
v 0.282047 0.165883 0.163387
v 0.309392 0.145286 0.171769
v 0.297346 0.165433 0.134540
v -0.222928 0.094648 -0.331455
v -0.250563 0.101054 -0.323392
v -0.250427 0.110787 -0.314489
v -0.244542 0.114295 -0.323929
v 0.115132 0.093020 0.573206
v 0.129513 0.092656 0.566861
v 0.173279 0.062346 0.531475
v 0.183490 0.071804 0.529495
v 0.434266 0.029439 -0.017831
v 0.438759 0.012018 -0.007535
v 0.438516 -0.014762 -0.016925
v 0.305914 0.447836 0.504711
v 0.207922 0.059529 0.347596
v 0.213190 0.068919 0.366505
v 0.375066 0.113771 0.207369
v 0.386155 0.101492 0.191556
v 0.358785 0.114880 0.194771
v 0.397780 0.098308 0.208693
v 0.414411 0.087795 0.205061
v 0.399287 0.092438 0.191530
v 0.054364 -0.249902 -0.249374
v 0.036902 -0.256113 -0.248145
v 0.047870 -0.228597 -0.232607
v 0.031797 -0.231820 -0.232436
v -0.273881 0.233761 -0.177980
v -0.261761 0.241641 -0.184853
v -0.223847 0.253482 -0.170748
v -0.229052 0.254891 -0.187226
v -0.286373 0.182958 0.110762
v -0.270476 0.201165 0.094447
v -0.291899 0.188936 0.088617
v -0.321767 0.166768 0.096373
v -0.015130 0.299608 0.042260
v -0.017191 0.284506 0.056427
v -0.001031 0.292437 0.049548
v -0.011494 0.274188 0.062544
v 0.283027 -0.165679 0.347364
v 0.282710 -0.170948 0.362288
v 0.366572 0.111719 0.380804
v 0.354121 0.121446 0.369407
v 0.370399 0.126214 0.395427
v 0.373490 0.121736 0.402990
v 0.369675 0.142768 0.403271
v 0.369581 0.134925 0.412946
v 0.023067 0.181343 0.638897
v 0.029675 0.167722 0.636554
v 0.039325 0.176276 0.621605
v 0.021030 0.163356 0.642284
v 0.024700 0.150155 0.636608
v 0.367835 -0.053537 -0.113011
v 0.381108 -0.043987 -0.106117
v 0.391002 0.015460 -0.098534
v 0.392827 -0.004277 -0.099660
v -0.229999 0.088283 0.253821
v -0.221056 0.077994 0.264020
v -0.236601 0.057168 0.265185
v -0.253729 0.039597 0.259388
v -0.236767 0.030265 0.269661
v 0.198302 -0.001262 0.426841
v 0.207320 -0.000288 0.442288
v 0.189596 0.008117 0.446396
v 0.191204 0.006915 0.399321
v -0.269288 0.015273 -0.332399
v -0.258421 0.031386 -0.329711
v -0.210967 0.045865 -0.323508
v 0.430678 -0.248212 0.274434
v 0.410132 -0.264550 0.271301
v 0.430416 -0.245557 0.256004
v 0.443361 -0.228830 0.275698
v -0.144797 0.195371 0.184535
v -0.179351 0.179829 0.192601
v -0.172822 0.192252 0.178676
v 0.277246 -0.081890 -0.304102
v 0.275858 -0.078693 -0.295379
v 0.287430 -0.094747 -0.302902
v 0.284671 -0.027120 -0.289123
v 0.300991 -0.013924 -0.287723
v -0.160747 0.028718 -0.327178
v -0.152357 0.011856 -0.334504
v -0.219053 0.264464 -0.121689
v -0.195267 0.269018 -0.132779
v -0.205074 0.265130 -0.142335
v -0.145723 0.284091 -0.123878
v -0.143060 0.283631 -0.114257
v -0.126051 0.292484 -0.131058
v 0.354976 -0.268814 0.203523
v 0.385411 -0.256319 0.204835
v 0.260023 0.058072 -0.169486
v 0.251039 0.068952 -0.172641
v 0.253784 0.082780 -0.164521
v 0.248399 0.060460 -0.181805
v 0.250406 0.043675 -0.182738
v -0.127130 -0.294752 -0.093633
v -0.104958 -0.295603 -0.106857
v -0.110023 -0.304688 -0.084307
v -0.146231 -0.289154 -0.119173
v -0.136623 -0.289340 -0.118605
v 0.343629 0.120598 0.356482
v 0.324019 0.125540 0.355310
v 0.347197 0.128380 0.366795
v 0.358581 0.115013 0.368038
v 0.257684 0.205305 -0.006049
v 0.271571 0.197816 -0.020565
v 0.251595 0.206489 -0.021356
v 0.283267 0.189238 -0.048460
v -0.146394 0.062017 -0.331464
v -0.158177 0.061765 -0.333705
v -0.163680 0.087043 -0.330122
v -0.126085 -0.031687 -0.330430
v -0.135846 -0.006415 -0.333576
v -0.127227 0.016240 -0.331641
v 0.468347 -0.087044 0.386975
v 0.465648 -0.101664 0.365147
v 0.468390 -0.080919 0.379147
v 0.468490 -0.031009 0.368757
v -0.175024 0.277238 -0.132295
v -0.181518 0.274305 -0.142421
v -0.159685 0.270849 -0.160046
v -0.181191 0.265562 -0.161392
v -0.184454 0.269840 -0.151732
v 0.346651 0.332818 0.420134
v 0.347367 0.272124 0.402230
v 0.337111 0.293943 0.402281
v 0.216621 -0.211728 0.059446
v 0.216467 -0.191189 0.117635
v -0.150611 0.024728 -0.333808
v -0.156562 0.037064 -0.331154
v -0.148399 0.043032 -0.334062
v -0.396340 0.042410 0.093639
v -0.404250 0.026843 0.078937
v -0.393696 0.018497 0.105678
v -0.357442 0.039279 0.165247
v -0.381957 0.035351 0.129150
v 0.104620 0.160422 -0.142593
v 0.110149 0.172911 -0.116631
v 0.118215 0.196883 -0.048385
v 0.429387 0.060846 0.337726
v 0.415632 0.067775 0.344017
v 0.425068 0.056482 0.351088
v 0.433507 0.048465 0.348262
v 0.427353 0.042795 0.360649
v -0.239941 -0.209850 -0.282033
v -0.244522 -0.202709 -0.300339
v -0.232901 -0.206484 -0.312089
v -0.233841 -0.195583 -0.321572
v -0.247649 -0.169699 -0.321610
v -0.233659 -0.180203 -0.326186
v 0.368098 0.052382 -0.109444
v 0.339349 0.071217 -0.128714
v 0.341995 0.088756 -0.111287
v -0.260662 0.155838 0.181338
v -0.236852 0.159309 0.195396
v -0.246192 0.166485 0.174998
v -0.282894 0.149903 0.163535
v 0.086529 0.149532 0.209183
v 0.067718 0.155368 0.204572
v 0.055153 0.139675 0.216140
v 0.087625 0.170611 0.190003
v 0.003727 -0.157699 -0.302904
v -0.010385 -0.183881 -0.299726
v -0.002920 -0.128125 -0.304617
v -0.237969 -0.268606 -0.037675
v -0.225659 -0.262366 -0.011742
v -0.249113 -0.261166 -0.043179
v -0.251938 -0.257048 -0.078790
v -0.238357 -0.269055 -0.056104
v -0.093370 -0.263817 -0.229559
v -0.086113 -0.270163 -0.218840
v -0.113723 -0.271683 -0.226984
v -0.033662 -0.239519 -0.240318
v 0.118824 0.154483 -0.315345
v 0.105226 0.148948 -0.306342
v 0.096640 0.138684 -0.305191
v 0.094271 0.167449 -0.306177
v 0.369272 0.058305 0.441614
v 0.320663 0.090724 0.455899
v 0.314205 0.088966 0.450411
v 0.340413 -0.214686 0.377810
v 0.333873 -0.222988 0.363334
v 0.354927 -0.248555 0.329448
v 0.351240 -0.227501 0.363678
v 0.267781 -0.194663 0.261826
v 0.248215 -0.180918 0.270655
v 0.243271 -0.185712 0.248597
v 0.239235 -0.167656 0.281223
v 0.241919 -0.107257 -0.333426
v 0.232678 -0.075264 -0.335900
v -0.027287 -0.296701 -0.018952
v -0.027674 -0.294022 -0.052455
v 0.024198 -0.284766 -0.040458
v 0.000817 -0.298734 -0.031769
v -0.282861 0.224368 -0.177868
v -0.273141 0.232283 -0.193102
v -0.288511 0.208553 -0.192343
v -0.216034 0.251725 -0.207531
v -0.224248 0.241797 -0.221855
v -0.240750 0.248214 -0.207820
v -0.489659 -0.001529 -0.225154
v -0.497387 -0.005306 -0.211601
v -0.494770 -0.023994 -0.216412
v 0.126257 -0.181875 -0.222126
v 0.150036 -0.187195 -0.186614
v 0.148299 -0.183221 -0.211892
v 0.360219 0.158491 0.074777
v 0.370648 0.158250 0.045067
v 0.357383 0.168556 0.015364
v 0.351722 0.165185 0.065047
v -0.021290 -0.296887 -0.030714
v -0.019462 -0.292662 -0.054255
v -0.010757 -0.300097 -0.031276
v -0.008002 -0.297944 -0.001749
v -0.007563 -0.291791 0.015363
v -0.018446 -0.295481 0.002388
v 0.270306 0.181313 0.136008
v 0.246856 0.184006 0.152924
v 0.255748 0.161997 0.189114
v 0.245551 0.179875 0.165766
v 0.074615 -0.024099 -0.334522
v 0.092602 -0.018596 -0.336321
v 0.089545 -0.050979 -0.335485
v 0.100052 -0.033067 -0.335833
v 0.106624 -0.051555 -0.330652
v 0.096924 -0.043551 -0.335704
v 0.154732 0.040344 0.473537
v 0.150969 0.039373 0.493531
v 0.141527 0.053691 0.482618
v 0.186178 0.006430 0.432600
v 0.174364 0.014169 0.434932
v 0.294908 0.181252 0.082708
v 0.271194 0.190227 0.082630
v 0.282507 0.188991 0.097411
v 0.284837 0.175535 0.134008
v -0.389469 0.125614 0.031335
v -0.387135 0.132931 0.000386
v -0.391267 0.125346 0.018628
v -0.496074 0.049834 -0.141220
v -0.496628 0.051075 -0.159351
v -0.509719 0.016919 -0.164433
v -0.507791 0.003345 -0.181288
v -0.041571 0.236847 0.549933
v -0.061375 0.256451 0.577535
v -0.059590 0.254876 0.568670
v -0.064628 0.249679 0.570644
v 0.186885 0.161794 -0.126139
v 0.166692 0.158886 -0.144306
v 0.168195 0.167914 -0.127600
v 0.170464 0.142187 -0.196787
v 0.153706 0.145015 -0.194275
v 0.182232 0.148361 -0.171282
v 0.363644 0.164385 0.011226
v 0.356900 0.164658 -0.023460
v 0.370538 0.148035 -0.022067
v 0.358888 0.154021 -0.033295
v 0.309800 -0.247611 0.264598
v 0.324554 -0.258560 0.266991
v 0.315238 -0.239852 0.282781
v 0.322713 -0.269600 0.239810
v 0.305695 -0.259563 0.220145
v 0.317750 -0.267592 0.219908
v 0.203007 0.049000 0.349174
v 0.204973 0.056428 0.359478
v 0.203529 0.054373 0.334324
v -0.255593 -0.200398 -0.230051
v -0.253176 -0.217848 -0.218724
v -0.287683 -0.176771 -0.240170
v -0.294634 -0.177667 -0.224553
v 0.266479 -0.206309 -0.267348
v 0.260297 -0.199035 -0.257441
v 0.252881 -0.211408 -0.265980
v 0.269740 -0.188417 -0.257428
v -0.079363 -0.279417 0.063817
v -0.099922 -0.270276 0.073155
v -0.098528 -0.281107 0.060502
v -0.155956 -0.263351 0.069029
v -0.121071 -0.273608 0.069881
v -0.135816 -0.256446 0.080052
v 0.334328 0.413176 0.561510
v 0.327908 0.434475 0.581638
v 0.350068 0.355658 0.526474
v 0.343756 0.374780 0.532583
v -0.013178 0.199443 0.648547
v -0.005366 0.195078 0.653415
v -0.017091 0.211526 0.650997
v -0.002406 0.181370 0.644870
v 0.008288 0.170192 0.646291
v 0.004290 0.181654 0.650293
v -0.220191 0.256253 0.022262
v -0.283575 0.213697 0.040511
v -0.035030 -0.207369 0.131204
v -0.053208 -0.207398 0.138421
v -0.058336 -0.202900 0.160672
v -0.082303 -0.189288 0.187985
v 0.293807 0.333665 0.444030
v 0.292139 0.276925 0.419083
v 0.399366 0.128501 0.049705
v 0.400602 0.125101 0.058876
v 0.421173 0.102786 0.042527
v -0.243858 0.095049 -0.328368
v -0.242219 0.070136 -0.330445
v -0.252010 0.080640 -0.329090
v -0.270197 0.032674 -0.332025
v -0.285112 0.037474 -0.329646
v 0.152612 -0.111104 -0.334319
v 0.117427 -0.095515 -0.333909
v 0.127928 -0.104305 -0.333424
v 0.126420 -0.142933 -0.331854
v -0.331115 -0.186602 -0.160070
v -0.326121 -0.184428 -0.176160
v -0.321149 -0.192303 -0.151527
v -0.334766 -0.179962 -0.173279
v -0.340167 -0.181130 -0.156222
v -0.348578 -0.168253 -0.167026
v -0.143200 0.287590 0.017459
v -0.142251 0.283583 0.033649
v -0.112977 0.293367 0.036816
v -0.046193 0.301194 0.042980
v -0.061744 0.301106 0.039213
v -0.323673 0.028255 0.208905
v -0.043392 0.216592 0.584629
v -0.039209 0.198433 0.560500
v -0.008464 0.173959 0.549405
v 0.141751 -0.102284 -0.334464
v -0.027546 0.196633 0.160095
v -0.026060 0.186533 0.175854
v -0.006724 0.192240 0.176399
v -0.007478 0.158286 0.208359
v 0.008110 0.180786 0.186569
v -0.390019 0.057095 -0.290104
v -0.419736 0.058197 -0.271139
v -0.401191 0.068912 -0.272517
v -0.414568 0.010767 -0.287227
v -0.431511 0.022390 -0.275873
v -0.310770 -0.200288 -0.118105
v -0.299787 -0.209612 -0.135302
v -0.306709 -0.199423 -0.103854
v -0.294220 -0.206823 -0.178102
v -0.310587 -0.196138 -0.163232
v -0.306155 -0.194687 -0.180538
v -0.379930 0.140263 -0.028022
v -0.372225 0.140971 -0.047803
v -0.384348 0.126850 -0.032977
v -0.386986 0.119462 -0.071596
v -0.369887 0.144986 -0.081148
v -0.375699 0.140103 -0.097232
v 0.178578 0.212124 0.053252
v 0.213654 0.213535 0.062867
v 0.247246 0.198071 0.089074
v 0.234890 0.209081 0.072520
v -0.036237 0.164965 0.520564
v -0.033949 0.173236 0.530784
v -0.048101 0.174449 0.522327
v -0.018274 0.128005 0.493789
v 0.398968 -0.061622 -0.073077
v 0.390994 -0.085503 -0.077818
v 0.422627 -0.043144 -0.053489
v 0.407303 -0.070897 -0.060868
v 0.412513 -0.041839 -0.062818
v -0.047226 0.316800 0.006950
v 0.025445 0.299067 0.034069
v -0.004834 0.314481 0.018379
v -0.004358 0.303359 0.037811
v -0.301837 0.218271 -0.098861
v -0.315085 0.208557 -0.063108
v -0.291202 0.228177 -0.077841
v -0.336895 0.179945 -0.064642
v 0.359460 0.213180 0.448204
v 0.373596 0.209029 0.458830
v 0.364833 0.201415 0.448115
v 0.365879 0.157352 0.428751
v 0.366741 0.166828 0.421648
v 0.362207 0.173290 0.430700
v 0.346797 0.061465 -0.321118
v 0.342511 0.056014 -0.311223
v 0.346792 0.053887 -0.323364
v 0.333349 0.049619 -0.335881
v 0.439806 -0.205273 0.170492
v 0.455551 -0.197870 0.179138
v 0.447528 -0.214945 0.183111
v 0.431699 -0.223705 0.178195
v 0.235087 0.080093 0.375125
v 0.219568 0.074880 0.375002
v 0.204423 0.066422 0.375391
v 0.211627 0.077585 0.383838
v 0.001608 -0.150104 0.216342
v -0.022981 -0.160183 0.217504
v -0.091061 -0.126619 0.262093
v -0.066860 -0.131101 0.253391
v -0.056742 -0.115433 0.261514
v 0.373577 0.172199 0.441023
v 0.378593 0.163090 0.448210
v 0.376961 0.148206 0.455998
v 0.375932 0.153014 0.439948
v -0.375339 0.119676 0.062253
v -0.359341 0.137283 0.081773
v -0.353206 0.145705 0.064404
v -0.369096 0.126518 0.065372
v 0.456256 -0.053860 0.422251
v 0.463288 -0.058702 0.414312
v 0.469605 -0.070591 0.392657
v 0.469211 -0.062833 0.375446
v 0.470204 -0.050705 0.396437
v -0.060255 0.212161 0.548449
v -0.420927 -0.030262 -0.070958
v -0.422954 -0.005556 -0.074596
v -0.427171 -0.030371 -0.080411
v -0.414836 -0.067088 -0.094500
v -0.413521 -0.065499 -0.083988
v 0.356907 0.416750 0.609215
v 0.357580 0.401220 0.605927
v 0.363735 0.412432 0.601180
v 0.338191 0.408155 0.610893
v 0.324700 0.417852 0.611563
v 0.341433 0.376123 0.591495
v -0.242452 -0.131059 0.232864
v -0.228346 -0.135213 0.231019
v -0.240117 -0.099374 0.251453
v -0.253425 -0.122372 0.236284
v 0.269820 -0.192161 0.271694
v 0.280441 -0.204212 0.264751
v 0.275731 -0.205487 0.248889
v 0.091027 -0.018152 0.263621
v 0.101810 -0.041869 0.261738
v 0.000858 -0.032222 0.270142
v 0.022550 -0.035531 0.261799
v 0.463717 0.000341 0.311076
v 0.457121 0.024573 0.316006
v 0.466093 0.021430 0.290148
v 0.472277 0.008432 0.278723
v 0.468625 0.026956 0.247973
v 0.416524 0.072442 -0.027130
v 0.415318 0.104472 0.012415
v 0.424241 0.090726 -0.003212
v 0.409447 0.106199 -0.010955
v 0.319304 -0.061035 -0.152609
v 0.313046 -0.029817 -0.163468
v 0.334372 -0.045106 -0.149284
v 0.335611 -0.057993 -0.143675
v -0.207097 -0.144152 0.236741
v -0.179070 -0.161934 0.224471
v -0.199698 -0.158185 0.218564
v 0.331133 0.420857 0.614760
v 0.339379 0.424876 0.613595
v 0.318325 0.431012 0.613964
v 0.326991 0.434258 0.615315
v -0.261642 0.094376 -0.312442
v -0.272211 0.101002 -0.302096
v -0.255936 0.100867 -0.313111
v -0.298688 0.116356 -0.261845
v -0.273326 0.116568 -0.284704
v -0.279758 0.105929 -0.291765
v -0.426127 0.005507 -0.080267
v -0.426981 -0.018153 -0.078683
v 0.100527 0.267435 -0.315682
v 0.086668 0.264318 -0.286384
v 0.105222 0.260558 -0.285701
v 0.047389 0.251529 -0.263280
v 0.162989 -0.204479 -0.327767
v 0.152124 -0.211147 -0.318608
v 0.145356 -0.205322 -0.323726
v 0.097247 -0.230014 -0.328184
v 0.306883 -0.200225 0.070304
v 0.309672 -0.197355 0.085677
v 0.295802 -0.201385 0.085009
v 0.297271 -0.199352 0.099160
v 0.272340 -0.201354 0.100736
v -0.147663 -0.218203 0.100863
v -0.107425 -0.212942 0.129432
v -0.140225 -0.203897 0.122406
v -0.127391 -0.209588 0.117728
v -0.378655 0.002278 0.136146
v -0.387796 0.009225 0.118929
v -0.377296 -0.037969 0.133650
v -0.048957 0.285347 -0.214269
v -0.033996 0.280491 -0.214567
v -0.050263 0.276539 -0.225541
v -0.069972 0.264033 -0.251831
v -0.102658 0.269510 -0.232616
v -0.086164 0.269447 -0.232398
v 0.092089 0.248778 -0.019239
v 0.046664 0.268753 -0.165431
v 0.060941 0.254382 -0.155524
v 0.052171 0.250929 -0.181755
v 0.171051 0.039570 0.282911
v 0.151986 0.040393 0.276347
v 0.082974 -0.253204 -0.324578
v 0.063856 -0.259398 -0.327498
v 0.042139 -0.277740 -0.317297
v 0.064616 -0.268518 -0.322608
v 0.062384 -0.274690 -0.315965
v -0.086636 0.046125 0.285657
v -0.137606 0.043299 0.291284
v -0.125539 0.058485 0.287639
v -0.150563 0.060804 0.287127
v 0.042361 0.302686 -0.099255
v 0.065835 0.294379 -0.071935
v 0.054106 0.289547 -0.105582
v 0.063655 0.272293 -0.111136
v 0.077482 0.274686 -0.076530
v 0.075195 0.260666 -0.097651
v 0.304700 -0.151406 -0.296099
v 0.296303 -0.147320 -0.274725
v 0.304246 -0.160036 -0.296426
v 0.275740 -0.191302 -0.265490
v 0.065561 0.147322 0.464747
v 0.064446 0.124933 0.449419
v 0.040475 0.141962 0.465681
v 0.047466 0.112409 0.450775
v 0.048753 0.122746 0.452933
v -0.284457 -0.131423 0.201701
v -0.303201 -0.140627 0.180068
v -0.309844 -0.159381 0.145442
v 0.221103 -0.215520 -0.329055
v 0.227481 -0.223518 -0.326040
v 0.207629 -0.226380 -0.322564
v 0.270174 -0.205878 -0.330059
v 0.255883 -0.219417 -0.327707
v 0.246299 -0.211990 -0.330859
v 0.160717 0.227809 -0.311100
v 0.165628 0.226252 -0.327502
v 0.158926 0.234029 -0.310089
v 0.150261 0.239663 -0.302320
v 0.112760 0.251286 -0.275222
v -0.201815 0.158152 -0.333024
v -0.224630 0.159688 -0.329357
v -0.208976 0.171918 -0.331946
v -0.251663 0.201125 -0.278009
v -0.235054 0.194309 -0.303277
v 0.297407 -0.176350 -0.327801
v 0.288534 -0.187629 -0.329823
v 0.303990 -0.148459 -0.328660
v 0.284651 -0.207184 -0.321132
v 0.273587 -0.212638 -0.326084
v -0.312246 0.203662 0.007080
v -0.302491 0.210569 -0.010270
v -0.282852 0.223925 -0.000633
v -0.281250 0.222800 0.015574
v -0.268064 0.229199 0.006178
v 0.076201 -0.199045 -0.037418
v 0.082533 -0.198222 -0.017463
v 0.075709 -0.206983 -0.001553
v 0.085050 -0.190443 -0.079779
v 0.100156 -0.195235 -0.109993
v 0.098689 -0.197853 -0.068012
v 0.342393 0.012762 0.450412
v 0.343413 -0.006398 0.452593
v 0.357112 0.062750 0.448546
v 0.344372 0.059387 0.451383
v 0.298173 0.094225 -0.276691
v 0.280871 0.105598 -0.277236
v -0.500755 -0.038463 -0.198453
v -0.486287 -0.086069 -0.180476
v 0.203805 -0.140195 -0.194435
v 0.210583 -0.139956 -0.149311
v 0.342559 0.015139 -0.325289
v 0.344338 0.016586 -0.316095
v 0.332012 0.001522 -0.326020
v 0.319650 0.012719 -0.281328
v 0.340621 0.020465 -0.299818
v -0.067915 0.288180 -0.179719
v -0.083825 0.295256 -0.166310
v -0.064611 0.300561 -0.149034
v -0.086773 0.283604 -0.189252
v -0.117476 -0.293631 0.015893
v -0.128685 -0.298678 -0.000709
v -0.172303 -0.290700 0.000570
v -0.166198 -0.290495 0.011097
v -0.198286 -0.277356 0.018585
v 0.232920 -0.111200 -0.244703
v 0.246440 -0.092817 -0.261544
v 0.218600 -0.107236 -0.228591
v 0.222416 -0.097004 -0.240127
v 0.216840 -0.095881 -0.223873
v 0.058609 0.178142 0.594978
v 0.081816 0.159387 0.588460
v 0.091284 0.160656 0.575615
v -0.010650 0.231866 0.633332
v 0.284585 0.194254 -0.006789
v 0.271495 0.193566 0.050188
v 0.286768 0.192251 0.048661
v 0.299862 0.180545 0.077347
v 0.297491 0.187334 0.062197
v 0.273334 0.190133 0.066948
v -0.285428 0.100906 -0.294827
v -0.304790 0.104642 -0.279783
v -0.310310 0.114158 -0.256699
v -0.317238 0.112616 -0.256889
v -0.334774 0.109372 -0.257015
v -0.332168 0.110859 -0.245526
v -0.082291 0.281400 -0.205743
v -0.073016 0.276369 -0.222655
v -0.066153 0.283831 -0.213993
v 0.150514 -0.046739 0.263734
v 0.132752 -0.067126 0.256255
v 0.157876 -0.077022 0.246240
v 0.165448 -0.057588 0.261885
v -0.055493 0.307210 -0.104733
v -0.044666 0.316224 -0.099476
v -0.117134 0.302138 -0.070082
v -0.117394 0.300072 -0.083816
v -0.138713 0.297946 -0.067110
v 0.474754 -0.126660 0.252084
v 0.317554 -0.208460 -0.002489
v 0.299691 -0.215219 -0.003172
v 0.277646 -0.220780 0.012871
v 0.278893 -0.215478 -0.004933
v 0.450668 0.020767 0.054713
v 0.455307 -0.011802 0.063477
v 0.452206 -0.000644 0.053139
v 0.452538 0.002350 0.045542
v 0.365501 0.141592 0.478572
v 0.382135 0.252377 0.515262
v 0.236732 0.117060 0.247085
v 0.243167 0.114929 0.257772
v 0.251139 0.119855 0.245318
v 0.305273 0.128830 0.240130
v 0.282117 0.127713 0.239475
v -0.032743 -0.294576 0.029268
v -0.107013 -0.078702 0.285038
v -0.083135 -0.116864 0.267346
v -0.062416 -0.101242 0.271619
v 0.327091 -0.250693 0.180175
v 0.314092 -0.252039 0.192430
v 0.315996 -0.242106 0.182131
v 0.309547 -0.259078 0.206990
v 0.299599 -0.246833 0.207595
v -0.120945 -0.292501 -0.111719
v -0.136443 -0.288882 -0.109185
v -0.083014 -0.290796 -0.118310
v -0.028891 -0.288242 0.041595
v -0.032735 -0.280961 0.051994
v -0.047847 -0.285206 0.053752
v 0.472945 -0.189914 0.257963
v 0.473565 -0.205543 0.224559
v 0.470662 -0.205036 0.208385
v -0.373375 -0.088173 -0.290341
v -0.337358 -0.090775 -0.300841
v -0.099704 -0.277613 -0.170808
v -0.096894 -0.275622 -0.181327
v -0.094060 -0.277238 -0.198799
v -0.085220 -0.276563 -0.191466
v 0.195424 0.108488 0.262546
v 0.174508 0.109100 0.263863
v 0.096518 0.221697 -0.076786
v 0.097736 0.230043 -0.070852
v 0.101779 0.221494 -0.055013
v 0.109558 0.191818 -0.076712
v 0.118569 0.193584 -0.058944
v 0.122087 0.188144 -0.069612
v -0.159767 0.240072 -0.257273
v -0.145407 0.257898 -0.244702
v -0.116442 0.269521 -0.224069
v -0.121591 0.268319 -0.233808
v -0.138202 0.264947 -0.222722
v -0.244992 0.071274 0.255628
v 0.277503 0.109897 0.356777
v 0.284344 0.115782 0.367282
v 0.286647 0.115930 0.356016
v 0.297267 0.119677 0.345443
v 0.277559 0.112297 0.348308
v 0.380783 0.316455 0.552658
v 0.379504 0.347626 0.571651
v 0.387925 0.328499 0.550906
v 0.276722 0.067519 0.429915
v 0.266278 0.063557 0.437202
v 0.270051 0.050710 0.446216
v 0.218905 0.093485 0.463835
v 0.163845 0.181934 -0.282029
v 0.176214 0.190214 -0.310325
v 0.172344 0.199127 -0.301557
v 0.172402 0.215351 -0.326732
v 0.164940 0.219411 -0.312518
v -0.259165 0.194358 -0.259501
v -0.261547 0.178176 -0.273111
v -0.266354 0.185909 -0.257999
v -0.264728 0.178264 -0.265982
v -0.286309 0.174571 -0.254281
v 0.326349 0.198619 0.516481
v 0.341097 0.192500 0.517322
v 0.334987 0.213736 0.526581
v 0.349893 0.300241 0.558019
v 0.336556 0.266549 0.546805
v -0.020309 0.238225 -0.329214
v 0.116505 0.262745 -0.314716
v 0.357125 -0.024847 0.453213
v 0.376979 -0.030287 0.450737
v 0.359110 -0.043205 0.452668
v 0.359502 -0.111108 -0.100138
v 0.376862 -0.104472 -0.087403
v 0.365099 -0.126440 -0.085156
v 0.375004 -0.068891 -0.103222
v 0.385761 -0.052115 -0.099572
v 0.098672 0.234801 -0.041629
v 0.098053 0.240699 -0.050014
v 0.118046 0.212025 -0.026544
v 0.129155 0.208241 -0.020699
v 0.118693 0.204131 -0.035666
v 0.299749 0.034310 -0.257465
v 0.325494 0.030064 -0.276253
v 0.322421 0.042595 -0.276483
v 0.138717 0.050019 0.412543
v 0.140564 0.040051 0.427201
v 0.112391 0.057441 0.434361
v -0.177153 -0.130987 -0.305124
v -0.191813 -0.125722 -0.321341
v -0.151780 -0.111288 -0.301283
v -0.128390 -0.085810 -0.304378
v 0.216017 0.192205 0.147640
v 0.213875 0.193852 0.136323
v 0.194799 0.193717 0.145122
v 0.182738 0.195214 0.136079
v 0.195368 0.197447 0.127267
v 0.205691 0.209224 0.101299
v -0.160614 0.291070 -0.085182
v -0.155216 0.293679 -0.073005
v -0.234324 0.255592 -0.041249
v -0.245737 0.248414 -0.039151
v -0.244687 0.249158 -0.019076
v -0.392692 -0.116388 0.000088
v -0.383879 -0.135162 -0.002911
v 0.080226 0.232011 0.024592
v 0.110055 0.216212 -0.010586
v 0.109539 0.214895 -0.027377
v 0.100232 0.229483 -0.014718
v -0.185847 -0.119025 -0.317630
v -0.204124 -0.119445 -0.328988
v 0.190733 0.024436 0.379729
v 0.188730 0.017734 0.387375
v 0.071523 -0.034386 -0.332771
v 0.139198 -0.191369 0.103477
v 0.150147 -0.188104 0.129068
v 0.142358 -0.175930 0.144920
v 0.153775 -0.174324 0.154384
v -0.009315 0.189236 0.511643
v 0.017005 0.191881 0.524572
v 0.011587 0.180905 0.506617
v -0.007301 0.168713 0.491414
v 0.014545 0.162865 0.485957
v 0.016604 0.149842 0.475186
v 0.329846 0.123669 0.323898
v 0.339002 0.123860 0.299606
v 0.369429 0.121619 0.258047
v 0.276864 0.458850 0.516012
v 0.271148 0.463892 0.552286
v 0.203959 -0.007476 0.388661
v 0.209789 -0.021274 0.392046
v 0.202095 -0.007971 0.404583
v 0.198853 -0.033791 0.342828
v 0.204562 -0.019379 0.370095
v 0.199030 -0.010403 0.356033
v -0.220355 -0.192581 -0.327477
v -0.213590 -0.201827 -0.325731
v -0.066641 -0.300798 -0.053799
v -0.066010 -0.302094 -0.023395
v -0.080325 -0.300269 -0.039168
v -0.062396 -0.303366 -0.041631
v 0.412871 -0.004251 -0.061665
v 0.425627 0.039706 -0.041594
v 0.082737 0.155778 -0.215947
v 0.080100 0.168385 -0.188879
v 0.085539 0.152136 -0.186752
v 0.087242 0.170485 -0.160078
v 0.082155 0.183101 -0.168053
v 0.087624 0.183269 -0.151501
v -0.479018 0.043161 -0.101472
v -0.468597 0.072570 -0.136841
v -0.461745 0.068989 -0.123475
v -0.454022 0.091701 -0.155929
v 0.029780 -0.277076 -0.280795
v 0.029118 -0.271057 -0.264375
v 0.218623 -0.055925 0.389003
v 0.223666 -0.079896 0.388565
v 0.221905 -0.079106 0.405333
v -0.357992 0.088028 -0.286734
v -0.393048 0.078417 -0.271630
v -0.372543 0.079718 -0.287928
v 0.458216 -0.120366 0.364608
v 0.457825 -0.115121 0.352746
v 0.284284 0.078171 0.423519
v 0.277654 0.050125 0.442611
v 0.288486 0.064943 0.434091
v 0.384711 0.067080 -0.083454
v 0.402761 0.067691 -0.064814
v 0.400597 0.052246 -0.079254
v 0.415708 0.056534 -0.053791
v 0.198344 -0.156178 -0.219177
v 0.180943 -0.170040 -0.188735
v 0.274025 0.028774 -0.171995
v 0.304069 -0.009330 -0.167964
v 0.180226 -0.209330 0.039267
v 0.179847 -0.210814 0.056465
v 0.200339 -0.217215 0.055494
v -0.488841 0.000418 -0.088947
v -0.499610 -0.010854 -0.096414
v -0.508737 -0.024719 -0.110697
v -0.500962 -0.027143 -0.098419
v -0.089481 -0.306847 -0.058900
v -0.095805 -0.304097 -0.090830
v -0.079601 -0.302834 -0.091159
v -0.086344 -0.000231 0.289684
v -0.068698 -0.067387 0.283626
v -0.043300 -0.041068 0.281780
v 0.436229 -0.098495 0.024128
v 0.442868 -0.083877 0.018888
v 0.456782 -0.033413 0.027485
v 0.455019 -0.050335 0.024136
v -0.076365 0.220749 0.110712
v -0.060387 0.217678 0.128352
v -0.066328 0.225402 0.102774
v -0.064063 0.258513 0.076421
v -0.056268 0.245049 0.081748
v 0.104489 0.159544 0.486402
v 0.097145 0.168355 0.508468
v 0.021299 0.202968 0.548582
v 0.214706 -0.198077 0.101444
v 0.201175 -0.194493 0.109129
v 0.196845 -0.204723 0.095114
v -0.508079 -0.051968 -0.139556
v -0.498795 -0.052850 -0.106783
v 0.069491 -0.158859 0.171407
v 0.051938 -0.156048 0.179422
v 0.070678 -0.179366 0.145449
v 0.005116 -0.135906 0.226793
v 0.031806 -0.132510 0.216231
v 0.047089 -0.118318 0.220115
v -0.240504 -0.234652 0.060067
v -0.231726 -0.237825 0.058552
v -0.238522 -0.243263 0.021661
v -0.227306 -0.253607 0.034557
v -0.227258 -0.243177 0.051808
v 0.074593 0.175398 0.515102
v 0.238273 -0.219348 -0.021686
v 0.248292 -0.214792 -0.003668
v 0.237763 -0.217601 0.015326
v 0.254295 -0.216642 0.019969
v 0.116005 -0.213221 0.050203
v 0.120196 -0.209971 0.030789
v 0.111705 -0.213526 0.036549
v 0.101617 -0.205203 0.009916
v 0.089323 -0.118711 0.216300
v 0.108350 -0.102532 0.235142
v 0.061693 -0.122786 0.212971
v 0.477407 -0.022917 0.191430
v 0.478282 -0.008829 0.205204
v 0.476727 0.012587 0.239882
v 0.480209 -0.010004 0.263733
v -0.012435 -0.140020 0.229286
v -0.290958 0.202665 -0.227473
v -0.315151 0.161623 -0.222518
v -0.315750 0.171473 -0.208918
v -0.304590 0.186381 -0.225211
v -0.213587 0.061680 0.274616
v -0.218062 0.038316 0.277278
v -0.172844 0.051326 0.287621
v -0.188204 0.047966 0.285714
v -0.121254 -0.280889 -0.181828
v -0.113122 -0.289784 -0.162893
v -0.098804 -0.288725 -0.153012
v 0.069459 0.126379 0.226134
v 0.082483 0.132505 0.220100
v 0.067003 0.093607 0.240619
v -0.211730 -0.266512 -0.006734
v 0.059510 0.201284 -0.329492
v 0.071919 0.195318 -0.323097
v 0.072761 0.186955 -0.311157
v 0.088146 0.215211 -0.336965
v 0.064167 0.220292 -0.337093
v 0.075103 0.258066 -0.337918
v 0.015113 0.155755 0.635257
v 0.094942 0.082370 0.569218
v 0.088687 0.086311 0.568979
v 0.095082 0.080982 0.559335
v -0.483134 -0.081377 -0.111736
v -0.494823 -0.078215 -0.128855
v -0.481954 -0.093612 -0.128794
v -0.456739 -0.106162 -0.127324
v 0.194664 0.145416 0.233049
v 0.157975 0.147436 0.232386
v 0.187434 0.157298 0.219751
v 0.172551 0.171606 0.197493
v 0.168091 0.160246 0.216461
v 0.433429 0.041250 0.165710
v 0.430092 0.033000 0.157662
v 0.413786 0.067132 0.142354
v -0.368345 -0.153453 -0.104604
v -0.190220 -0.268226 -0.192676
v -0.187448 -0.267838 -0.177743
v -0.180075 -0.269626 -0.174161
v 0.282682 -0.068337 -0.329350
v 0.275098 -0.047586 -0.334047
v 0.283816 -0.054782 -0.327089
v 0.276600 -0.047270 -0.304350
v 0.265491 -0.047200 -0.293660
v 0.271499 -0.054491 -0.304945
v 0.050479 0.127963 0.520461
v 0.146345 0.049485 0.473227
v 0.373311 -0.170421 0.145530
v 0.376590 -0.152627 0.137358
v 0.372644 -0.161825 0.141502
v 0.367807 -0.160422 0.131762
v 0.428267 0.034583 0.148455
v -0.362482 -0.148770 0.061056
v -0.352262 -0.164626 0.061460
v 0.244668 0.199817 -0.045172
v 0.263552 0.193432 -0.050387
v 0.240580 0.195731 -0.057835
v 0.201521 0.193624 -0.049873
v 0.225426 0.195055 -0.058078
v -0.290360 -0.172885 -0.254806
v -0.301535 -0.158652 -0.262272
v 0.285473 -0.170257 -0.265321
v 0.294298 -0.166797 -0.276832
v 0.265117 -0.143260 -0.250835
v 0.072044 -0.164316 -0.192675
v 0.050266 -0.174975 -0.208687
v 0.437301 -0.045139 0.149165
v 0.437696 -0.012849 0.149001
v -0.199689 -0.006087 0.287151
v -0.190792 -0.029485 0.289318
v -0.217155 -0.052108 0.278404
v -0.190746 -0.070562 0.283666
v -0.195908 -0.046518 0.286800
v 0.299244 -0.180451 0.170260
v 0.246609 -0.160519 0.171727
v 0.277828 -0.168327 0.160342
v 0.272484 -0.163509 0.171798
v 0.353009 0.368566 0.590259
v 0.358251 0.344197 0.578298
v 0.256627 -0.150344 0.402085
v 0.263627 -0.154126 0.365156
v 0.263486 -0.162249 0.392047
v 0.256348 -0.150324 0.411002
v 0.301128 -0.172579 0.152278
v 0.290368 -0.170204 0.161048
v 0.289621 -0.171318 0.170078
v 0.077969 0.281938 -0.035055
v 0.066402 0.296874 -0.041812
v 0.064463 0.299399 -0.027525
v 0.088476 0.257502 -0.062088
v 0.084094 0.272734 -0.062192
v 0.086935 0.271907 -0.049398
v 0.295759 0.092053 0.432920
v 0.304322 0.091630 0.441738
v 0.296679 0.114509 0.441750
v 0.287640 0.148397 0.449545
v 0.370255 0.163376 0.412866
v 0.352979 0.159825 0.386394
v 0.365689 0.169344 0.403962
v 0.115268 0.007191 -0.336251
v 0.105224 -0.006246 -0.336467
v 0.121147 -0.004449 -0.323683
v 0.402795 -0.243793 0.208683
v 0.395936 -0.245315 0.204236
v 0.398495 -0.249424 0.229156
v -0.017361 0.109137 0.244334
v -0.028058 0.108815 0.247574
v -0.449072 -0.014078 -0.265954
v -0.446075 -0.036090 -0.266257
v 0.409128 0.072262 0.345788
v 0.385198 0.103625 0.344076
v 0.386548 0.101477 0.324530
v 0.007690 0.254309 -0.278425
v 0.005736 0.249463 -0.263467
v 0.018635 0.251428 -0.263249
v -0.015658 0.247160 -0.272867
v 0.215076 -0.091643 -0.200861
v 0.215039 -0.101513 -0.206981
v -0.074096 0.174273 0.195957
v -0.046980 0.171164 0.200916
v -0.043059 0.153543 0.220198
v 0.117071 -0.013919 -0.320219
v 0.339059 0.134105 0.365647
v 0.341022 0.199090 0.383540
v 0.335921 0.167301 0.374604
v 0.448353 0.060527 0.213031
v 0.254279 -0.204854 -0.062361
v -0.087114 0.311737 -0.058306
v -0.093935 0.302056 -0.084632
v -0.106293 0.303816 -0.065934
v -0.092220 0.311343 -0.043474
v -0.078724 0.313605 -0.028972
v -0.081619 0.314606 -0.047229
v 0.056934 0.260657 -0.309925
v 0.084170 0.266678 -0.304704
v 0.058803 0.262009 -0.332439
v 0.053973 0.261442 -0.320410
v 0.081665 0.268163 -0.327660
v -0.238086 -0.186529 0.145411
v -0.240609 -0.201629 0.130090
v 0.193464 -0.036210 0.329724
v 0.187109 -0.050683 0.314376
v 0.200117 -0.058357 0.331699
v 0.189680 -0.024267 0.326234
v 0.041447 0.229946 0.070127
v 0.069248 0.223134 0.074079
v 0.066395 0.229348 0.055704
v -0.179126 0.127113 -0.321713
v -0.185186 0.143069 -0.328310
v -0.202637 0.110052 -0.331866
v -0.425242 0.033978 -0.089265
v -0.431911 0.031195 -0.091231
v -0.423226 0.016679 -0.079290
v 0.306905 0.114232 -0.120701
v 0.295351 0.107300 -0.136174
v 0.316989 0.094717 -0.132094
v 0.188200 -0.126076 0.208917
v 0.178957 -0.109278 0.222208
v 0.203190 -0.138326 0.199678
v 0.196574 -0.131422 0.209544
v 0.186631 -0.135029 0.197400
v -0.096722 0.310483 -0.029803
v -0.092297 0.314355 -0.014293
v -0.100114 0.310091 -0.003196
v -0.339858 -0.086406 0.180873
v -0.358237 -0.071698 0.157718
v -0.358798 -0.093798 0.147744
v -0.377111 -0.085439 0.115815
v 0.335897 -0.269902 0.253795
v 0.332853 -0.265657 0.262540
v -0.255100 -0.247748 0.003293
v -0.257211 -0.240296 0.028565
v -0.268178 -0.241992 0.014266
v 0.182463 0.132056 -0.219202
v 0.187496 0.130078 -0.230595
v -0.068657 0.062901 0.279030
v -0.245986 0.212567 -0.246156
v -0.256196 0.234401 -0.218114
v -0.242248 0.241034 -0.217234
v -0.055271 0.270387 -0.235328
v -0.039337 0.250822 -0.263248
v -0.053661 0.252321 -0.263045
v -0.077809 0.216593 0.147600
v -0.048614 0.209369 0.149013
v -0.057932 0.213185 0.147816
v 0.381552 -0.157816 0.420613
v 0.363380 -0.103367 0.446290
v 0.245610 -0.049725 -0.337267
v 0.231401 0.003455 -0.338032
v 0.253321 -0.022038 -0.336520
v 0.222990 -0.016223 -0.337131
v -0.050207 0.317152 -0.064729
v -0.032797 0.318309 -0.058733
v -0.013726 0.322031 -0.068576
v 0.012932 0.322785 -0.045915
v 0.005607 0.322550 -0.069763
v -0.015736 0.319340 -0.047782
v -0.181427 0.041744 -0.321404
v -0.173688 0.045782 -0.331793
v -0.182414 0.047660 -0.327822
v -0.115673 0.125370 -0.300983
v -0.070989 0.164611 -0.303678
v -0.462205 -0.014153 -0.255251
v -0.474172 -0.025257 -0.243824
v -0.486034 -0.021916 -0.230714
v -0.487373 -0.047516 -0.224917
v -0.165037 -0.242834 0.080509
v -0.179005 -0.240021 0.084261
v -0.167645 -0.237767 0.085806
v -0.180851 -0.231974 0.101874
v -0.141137 0.263377 -0.233806
v -0.152787 0.258033 -0.230565
v -0.394022 0.085224 -0.135979
v -0.384078 0.094585 -0.157774
v -0.377929 0.101270 -0.161723
v 0.383622 0.350483 0.569959
v 0.388353 0.346138 0.557940
v 0.387370 0.360788 0.564888
v 0.372652 0.389074 0.597503
v -0.031679 0.323527 -0.031548
v 0.000087 0.322702 -0.029758
v 0.333323 0.380617 0.506225
v 0.330379 0.382061 0.467003
v 0.326232 0.403489 0.455632
v 0.325495 0.400826 0.488337
v -0.057603 -0.298418 0.001207
v -0.041360 -0.297541 0.000809
v -0.047006 -0.293340 0.013678
v -0.052379 -0.302936 -0.028618
v 0.223797 -0.012805 0.439469
v 0.218925 -0.006284 0.441972
v 0.215276 -0.014887 0.428265
v 0.231154 -0.011626 0.445910
v 0.245163 -0.001290 0.451509
v 0.233342 -0.000315 0.452878
v -0.230016 0.043577 -0.321647
v -0.236699 0.039811 -0.324444
v -0.242006 0.047008 -0.329958
v 0.055953 0.193290 -0.318672
v 0.021747 0.168884 -0.304189
v -0.036407 0.156657 -0.302481
v 0.030795 0.182584 -0.306245
v 0.429653 0.058998 0.112291
v 0.437181 0.042255 0.096764
v 0.436833 0.057555 0.080520
v 0.441723 0.050844 0.057626
v 0.442005 0.042780 0.041535
v 0.436503 0.059841 0.057148
v 0.241176 -0.125915 0.355139
v 0.241701 -0.131915 0.344432
v 0.262029 -0.144956 0.355203
v 0.268614 -0.148803 0.346401
v 0.266957 -0.148648 0.336340
v -0.405483 0.067926 -0.122270
v -0.407972 0.061178 -0.106294
v -0.400007 0.075276 -0.112503
v -0.420111 0.031571 -0.078026
v -0.420155 0.017050 -0.066508
v -0.056216 0.300564 -0.152364
v -0.040388 0.303589 -0.160060
v -0.042939 0.306967 -0.142196
v -0.059088 0.301967 -0.138073
v -0.064026 0.300215 -0.124246
v -0.039046 -0.275082 -0.169804
v -0.005024 -0.273047 -0.116353
v -0.015349 -0.272171 -0.134864
v -0.005312 -0.260666 -0.145796
v -0.140531 -0.195263 0.176031
v -0.120284 -0.199383 0.176818
v -0.117073 -0.188501 0.197742
v -0.163736 -0.188576 0.180498
v 0.309916 0.342977 0.554513
v 0.327536 0.336524 0.564011
v 0.295098 0.361230 0.545771
v 0.287538 0.348201 0.527887
v 0.294084 0.334558 0.533374
v 0.331148 0.390496 0.446401
v 0.336135 0.368091 0.429249
v 0.274721 -0.043818 0.451505
v 0.301870 -0.070210 0.453523
v 0.342095 -0.087711 0.451545
v 0.312239 -0.094267 0.451268
v 0.329183 -0.101763 0.448897
v 0.436732 0.067574 0.291509
v 0.447061 0.054072 0.302295
v 0.463156 0.033887 0.263357
v 0.452793 0.044737 0.274879
v 0.462428 0.029795 0.281058
v 0.070774 0.215038 0.123385
v 0.087894 0.205294 0.128865
v 0.098353 0.209633 0.113345
v -0.314074 0.140622 0.152463
v -0.335707 0.108529 0.163782
v -0.315295 0.086879 0.198982
v -0.323123 0.116507 0.171587
v 0.038229 0.197169 0.548691
v 0.063593 0.185398 0.539622
v 0.053217 0.186593 0.529937
v 0.043835 0.195899 0.573866
v 0.065464 0.184846 0.553078
v 0.036260 0.200123 0.560939
v 0.483680 -0.017132 0.220368
v 0.477443 0.002994 0.216731
v 0.471238 0.018561 0.221260
v 0.452906 0.049932 0.257079
v -0.052701 0.185266 0.510093
v -0.058003 0.191240 0.520144
v -0.051657 0.197455 0.511275
v -0.052045 0.189699 0.535777
v -0.268124 0.241624 -0.099839
v -0.286766 0.228121 -0.094846
v -0.272899 0.235547 -0.050502
v -0.286721 0.229366 -0.056894
v -0.022130 -0.274375 0.058764
v -0.017273 -0.284562 0.045335
v 0.000582 -0.264928 0.056457
v 0.003770 -0.224357 0.074932
v 0.016483 -0.252002 0.055485
v -0.268924 0.052468 -0.329870
v -0.279178 0.050302 -0.329664
v -0.277842 0.068965 -0.322872
v -0.311972 0.052884 -0.320317
v -0.330001 0.073689 -0.306734
v -0.186530 -0.283995 -0.092153
v -0.195668 -0.278633 -0.086324
v -0.211287 -0.269721 -0.127976
v -0.186372 -0.281829 -0.034612
v 0.360089 0.113546 0.358125
v 0.353299 0.114752 0.344244
v 0.334586 0.111246 -0.104143
v 0.341349 0.119377 -0.092726
v 0.349984 0.114154 -0.096132
v 0.378640 0.124692 -0.046207
v 0.367904 0.139508 -0.037562
v -0.085571 -0.172801 0.217441
v -0.045388 -0.165348 0.219741
v -0.090481 -0.152840 0.241981
v -0.067399 -0.146902 0.243681
v -0.041109 -0.154939 0.229064
v -0.034143 -0.135320 0.243520
v 0.222785 -0.003507 -0.204413
v 0.235995 0.013330 -0.199579
v 0.241153 0.024550 -0.209922
v -0.196870 -0.271028 -0.136022
v -0.174421 -0.287907 -0.098511
v -0.050742 0.256547 0.572936
v -0.042916 0.259058 0.593474
v -0.381837 0.129084 -0.102312
v -0.375085 0.127609 -0.137557
v 0.004587 -0.248933 -0.148423
v -0.015217 -0.267436 -0.159501
v 0.439756 -0.039688 0.129728
v 0.446877 -0.009178 0.118593
v 0.154954 0.210438 0.009169
v 0.149250 0.207583 -0.012261
v 0.150754 0.202538 -0.029985
v 0.163553 0.206053 -0.015967
v -0.049124 -0.096094 0.269304
v -0.039259 -0.112533 0.258493
v -0.032791 -0.083333 0.269855
v -0.029718 -0.053327 0.275679
v -0.057345 -0.082470 0.277597
v -0.099430 -0.245913 -0.247685
v -0.089853 -0.232537 -0.259156
v -0.086611 -0.252093 -0.239699
v -0.036928 -0.246197 -0.258500
v 0.012864 -0.266014 -0.256111
v 0.305079 0.134411 0.193568
v 0.273877 0.137485 0.209187
v 0.272217 0.129583 0.224726
v 0.259122 0.128205 0.230512
v 0.486027 -0.080595 0.259210
v 0.478181 -0.092188 0.280517
v 0.475153 -0.116670 0.268531
v 0.480011 -0.050425 0.288626
v 0.486917 -0.053732 0.262584
v -0.327089 0.196583 -0.038459
v -0.317647 0.204722 -0.049467
v 0.415902 -0.088529 0.435253
v 0.385678 -0.125906 0.434412
v 0.394895 -0.099455 0.440037
v 0.043409 -0.257928 0.014027
v 0.055772 -0.245029 -0.006049
v 0.057222 -0.236287 0.008274
v 0.075397 -0.212481 0.026765
v 0.098915 -0.216108 0.034396
v 0.051668 -0.174817 0.157009
v 0.051318 -0.197134 0.120845
v 0.059339 -0.191063 0.128770
v 0.040417 -0.187072 0.148133
v -0.136363 0.231082 -0.274058
v -0.112640 0.232443 -0.273832
v -0.147970 0.237572 -0.263976
v 0.321603 -0.239225 0.294196
v 0.328409 -0.237863 0.320236
v 0.313492 -0.225187 0.303825
v -0.218373 0.224520 0.064114
v -0.241221 0.234530 0.034168
v -0.244362 0.225042 0.051103
v -0.264124 0.223164 0.033283
v 0.119136 0.176124 0.185473
v 0.110001 0.198803 0.147233
v 0.087981 0.193690 0.144566
v 0.097647 0.188692 0.161575
v 0.033696 -0.226527 0.056302
v 0.031766 -0.217592 0.064264
v 0.041594 -0.212175 0.063780
v 0.436320 -0.239839 0.248142
v 0.458927 -0.221084 0.248807
v 0.438461 -0.236429 0.260194
v 0.121237 0.221953 0.014032
v 0.149169 0.213687 0.018194
v 0.116355 0.215684 -0.001832
v 0.109314 0.223698 -0.001015
v 0.394101 -0.155317 0.010008
v 0.089609 0.143528 -0.199729
v 0.093155 0.167002 -0.232674
v 0.084916 0.182469 -0.233686
v 0.078557 0.171455 -0.224459
v 0.106523 -0.212612 -0.261288
v 0.123542 -0.198990 -0.274790
v 0.108690 -0.189175 -0.249493
v 0.109637 -0.219885 -0.273992
v -0.043050 -0.288199 -0.089325
v -0.055978 -0.289405 -0.100618
v -0.027215 -0.286049 -0.083158
v 0.049921 -0.211072 0.064877
v 0.067636 -0.216670 0.071103
v 0.062881 -0.208778 0.082757
v 0.034050 -0.217624 0.083081
v 0.369039 -0.265736 0.203129
v 0.354460 -0.273968 0.221697
v 0.368296 -0.270777 0.237120
v 0.380317 -0.162501 -0.019656
v -0.414395 0.042100 0.024162
v -0.408870 0.078129 0.021712
v -0.416433 0.023193 0.004636
v -0.414313 0.023717 0.041511
v -0.433134 -0.021510 -0.080639
v -0.458864 -0.031191 -0.078895
v -0.458797 -0.047053 -0.081437
v -0.470595 -0.035103 -0.080247
v -0.347931 -0.181303 -0.005281
v -0.349065 -0.182438 0.010097
v -0.326521 -0.204935 0.018808
v 0.112607 0.170926 0.191036
v 0.100221 0.169371 0.189669
v 0.105991 0.152648 0.204639
v 0.133799 0.155488 0.211533
v 0.056496 -0.209931 0.084570
v 0.043502 -0.215432 0.083276
v 0.051291 -0.204760 0.108949
v 0.070753 -0.201538 0.106353
v -0.464425 -0.114097 -0.155223
v -0.474729 -0.103659 -0.139381
v -0.478908 -0.102785 -0.153284
v -0.470042 -0.100956 -0.127268
v 0.386251 0.248236 0.498113
v 0.384202 0.232897 0.484179
v 0.386156 0.348131 0.546572
v 0.387790 0.354393 0.555856
v 0.376906 0.009127 -0.109049
v 0.367664 -0.007416 -0.119287
v 0.346113 -0.013599 -0.138310
v 0.355183 -0.005970 -0.132507
v -0.311853 -0.212674 -0.030935
v -0.300555 -0.221639 -0.009754
v -0.305292 -0.215274 -0.019909
v -0.293311 -0.228368 -0.046340
v 0.445590 0.044246 0.321035
v 0.443097 0.030294 0.335810
v 0.453340 0.034809 0.316867
v 0.435533 0.021101 0.359273
v 0.089347 0.216787 -0.244809
v 0.120223 0.218047 -0.255356
v 0.048084 0.246206 -0.201844
v 0.056619 0.231695 -0.213332
v 0.050143 0.237625 -0.225670
v 0.209286 -0.027037 -0.193954
v 0.214484 -0.049408 -0.192053
v 0.203048 -0.032813 -0.203435
v 0.305028 -0.258058 0.230738
v 0.315017 -0.261592 0.248180
v 0.302565 -0.249780 0.246762
v 0.294419 -0.240093 0.241555
v 0.280975 -0.215454 0.234862
v 0.294804 -0.244796 0.223877
v 0.064023 0.039698 0.253883
v 0.051262 0.070535 0.248196
v 0.049481 0.045001 0.254312
v 0.063107 0.017170 0.255685
v -0.305888 -0.218328 -0.044764
v -0.327891 -0.203574 -0.034750
v -0.323004 -0.206589 -0.055699
v -0.297285 -0.208397 -0.094048
v -0.491409 0.056198 -0.149709
v -0.488537 0.058776 -0.132302
v -0.474771 0.070421 -0.145805
v -0.482541 0.060783 -0.126074
v -0.331282 -0.080684 0.194436
v 0.246966 0.032026 -0.223744
v 0.299305 0.041371 -0.257211
v 0.287567 0.054112 -0.255011
v 0.259601 0.044504 -0.243439
v 0.127791 0.145590 -0.236278
v 0.113908 0.155720 -0.238888
v -0.452647 -0.081104 -0.244392
v -0.439718 -0.099412 -0.241475
v -0.426197 -0.100268 -0.252697
v 0.455051 -0.013416 0.370106
v 0.443422 0.006336 0.369244
v 0.455342 0.001766 0.385985
v 0.443996 0.004616 0.359909
v 0.448239 0.008033 0.336084
v 0.204321 -0.227903 -0.311858
v 0.235541 -0.230392 -0.320628
v 0.221939 -0.231628 -0.311511
v -0.326831 0.157514 -0.199428
v -0.114319 -0.230169 0.094926
v -0.111578 -0.215400 0.097291
v -0.118973 -0.216010 0.100172
v -0.076011 -0.212925 0.128097
v -0.120204 -0.213587 0.110773
v -0.089511 -0.211178 0.106903
v 0.256815 0.064477 -0.243631
v 0.249317 0.084677 -0.244572
v 0.304133 -0.170296 -0.325588
v 0.310166 -0.144800 -0.321347
v 0.296711 -0.095553 -0.327105
v 0.299622 -0.110324 -0.329709
v -0.394880 0.115159 -0.212521
v -0.395312 0.114319 -0.226079
v -0.136942 -0.294790 -0.046632
v -0.376153 -0.136592 -0.241363
v -0.426860 -0.120815 -0.230152
v -0.243965 0.256442 -0.094126
v -0.248333 0.248787 -0.072974
v -0.226877 0.262463 -0.086479
v -0.187315 0.278252 -0.083815
v -0.197032 0.270555 -0.061641
v -0.186717 0.279365 -0.059411
v 0.276086 -0.215383 -0.317376
v 0.266600 -0.221946 -0.321394
v 0.471841 -0.043979 0.366425
v 0.468909 -0.048782 0.387033
v 0.469247 -0.058253 0.355913
v 0.469300 -0.041434 0.352640
v 0.347306 0.172085 -0.023583
v 0.326104 0.176369 -0.041192
v -0.116438 0.244338 0.081226
v -0.089277 0.225067 0.091158
v -0.089733 0.244154 0.083415
v -0.119255 0.223919 0.089367
v 0.461753 -0.221169 0.233951
v 0.446737 -0.234271 0.235817
v 0.463481 -0.059278 0.325532
v 0.464515 -0.046365 0.328113
v 0.463846 -0.064967 0.343774
v 0.232119 0.103830 -0.236374
v 0.228730 0.104081 -0.216050
v 0.248072 0.098899 -0.253824
v 0.234900 0.111164 -0.256228
v 0.241640 0.097110 -0.245268
v -0.393355 -0.106551 -0.125409
v -0.388455 -0.115295 -0.150250
v 0.152691 0.113767 0.259451
v 0.121888 0.099747 0.258259
v 0.136370 0.137176 0.240223
v 0.164099 0.134281 0.246099
v 0.121464 -0.115176 0.228366
v 0.133094 -0.095858 0.241670
v 0.153044 -0.090198 0.238699
v -0.202749 0.274637 -0.096195
v -0.193234 0.273989 -0.105145
v -0.206012 0.271768 -0.111673
v -0.210525 0.270712 -0.087755
v -0.196340 0.271424 -0.071589
v 0.299718 0.460343 0.564361
v 0.308028 0.457774 0.591692
v 0.322410 0.446722 0.595195
v -0.017684 0.201768 0.150018
v -0.021879 0.210914 0.133533
v -0.038803 0.215464 0.131103
v -0.033171 0.205174 0.146567
v 0.137806 0.048594 0.519044
v 0.156410 0.040829 0.509863
v 0.145284 0.052446 0.531273
v 0.114193 0.066773 0.549690
v -0.289734 -0.195434 0.100354
v -0.292959 -0.204613 0.076670
v -0.319465 -0.159856 0.123398
v -0.299557 -0.173536 0.123995
v -0.305124 -0.166729 0.139630
v 0.291702 -0.127999 -0.274606
v 0.297464 -0.120121 -0.285585
v 0.287639 -0.114343 -0.275195
v 0.292242 -0.098809 -0.293382
v 0.071322 0.121510 0.543135
v 0.116798 0.078729 0.502195
v 0.115013 0.076592 0.491946
v 0.123233 0.071154 0.502959
v 0.208734 0.142599 -0.135781
v 0.213305 0.135777 -0.158813
v 0.193818 0.150520 -0.144444
v 0.217555 0.143814 -0.126763
v 0.228496 0.138235 -0.127852
v 0.410339 -0.261831 0.287302
v 0.045450 -0.055093 0.248872
v 0.060725 -0.082551 0.232179
v 0.062235 -0.065512 0.241356
v 0.047609 -0.030528 0.255639
v 0.062200 -0.034579 0.253883
v 0.059813 -0.007501 0.256616
v -0.270458 -0.024948 -0.324069
v -0.264046 -0.019153 -0.317842
v -0.255445 -0.041462 -0.320367
v -0.161815 0.280700 -0.112838
v -0.165678 0.278639 -0.122365
v -0.183177 0.271121 -0.114078
v -0.177112 0.282782 -0.094612
v 0.102345 0.140228 -0.227597
v 0.085624 0.151721 -0.223924
v 0.089379 0.138350 -0.211752
v -0.028757 0.223519 0.089325
v -0.035125 0.225309 0.103399
v -0.041833 0.241783 0.081313
v -0.051468 0.262218 0.074185
v 0.411396 0.105594 0.089710
v 0.397582 0.115217 0.100203
v 0.400889 0.099622 0.128199
v 0.374103 0.117309 0.145036
v 0.377339 0.099323 0.163192
v 0.395278 0.096349 0.144725
v 0.229795 -0.168718 -0.119339
v 0.223576 -0.175801 -0.106256
v 0.211903 -0.163683 -0.125002
v 0.235630 -0.153932 -0.130838
v -0.324872 -0.168753 0.098579
v -0.316106 -0.182515 0.094465
v -0.311041 -0.170546 0.112286
v 0.115832 0.072772 0.417760
v 0.143098 0.057064 0.405035
v 0.123044 0.062080 0.417326
v 0.268399 -0.160702 0.411895
v 0.315274 -0.178490 0.412111
v 0.331445 -0.194125 0.399243
v 0.204543 0.071046 0.510962
v 0.260917 0.047187 0.455917
v 0.248820 0.048848 0.472094
v 0.258219 0.036767 0.460182
v 0.410127 -0.115545 0.157476
v 0.426566 -0.107439 0.164973
v 0.450967 -0.102622 0.183097
v 0.427584 -0.115911 0.167536
v 0.438959 -0.170484 0.372378
v 0.436182 -0.227299 0.308543
v 0.439466 -0.198325 0.342789
v 0.340305 0.054831 -0.333056
v 0.336062 0.070048 -0.334375
v 0.348634 0.064160 -0.325082
v 0.327369 0.097905 -0.326604
v 0.334717 0.078386 -0.319427
v 0.335959 0.077361 -0.330435
v -0.285125 -0.233904 -0.062846
v -0.292459 -0.225030 -0.060550
v -0.279092 -0.241510 -0.057271
v -0.263851 -0.249301 -0.064718
v -0.266499 -0.250052 -0.046741
v 0.455045 0.003925 0.028683
v 0.451194 0.023319 0.029726
v 0.448923 0.023077 0.044407
v 0.450526 -0.010041 0.006309
v -0.276952 -0.177694 0.145201
v -0.308144 -0.152586 0.157077
v -0.295469 -0.167972 0.150309
v -0.291852 -0.154292 0.168927
v -0.237893 0.215242 0.093295
v 0.335069 0.020746 -0.333230
v 0.341400 0.033536 -0.331352
v 0.333036 0.009978 -0.330817
v 0.344218 0.110585 0.473117
v 0.339012 0.077734 0.457488
v 0.349732 0.089992 0.461141
v -0.039231 0.241011 -0.303365
v -0.125618 0.228392 -0.320892
v -0.100955 0.233246 -0.310390
v -0.291008 -0.105528 0.218501
v -0.270690 -0.133530 0.214607
v 0.167997 -0.207551 -0.273650
v 0.166776 -0.198191 -0.260276
v 0.152278 -0.203179 -0.277360
v 0.130447 0.142932 -0.183381
v 0.153391 0.156733 -0.150213
v 0.060800 -0.142003 -0.304918
v 0.050843 -0.124886 -0.306580
v 0.068809 -0.122424 -0.308484
v 0.044273 -0.063010 -0.309398
v 0.240926 0.096236 0.342364
v 0.232243 0.084485 0.348733
v 0.238050 0.085600 0.359741
v 0.445897 0.035522 0.081770
v 0.451117 0.021348 0.079151
v 0.177027 -0.183192 -0.244051
v 0.179471 -0.196677 -0.259717
v 0.193143 -0.192999 -0.254186
v 0.197872 -0.172291 -0.237454
v 0.177893 -0.178442 -0.235414
v 0.194809 -0.181728 -0.244298
v 0.083253 -0.193496 -0.058841
v 0.106785 -0.198656 -0.054284
v 0.091827 -0.197298 -0.029083
v 0.111367 -0.203522 -0.041920
v 0.108202 -0.207041 -0.026145
v -0.141845 -0.070788 0.289077
v 0.075722 0.175352 0.570834
v 0.051281 0.188292 0.587004
v 0.417836 -0.077489 -0.037691
v 0.239245 0.097224 0.320933
v 0.220621 0.099120 0.296707
v 0.162832 -0.190135 -0.122276
v 0.161849 -0.195856 -0.108278
v 0.149028 -0.195699 -0.120629
v 0.148753 -0.197728 -0.109094
v -0.181605 -0.281875 -0.146464
v -0.153621 -0.291804 -0.145390
v -0.185084 -0.274415 -0.156102
v 0.241349 0.025965 -0.201107
v 0.245970 0.045910 -0.199694
v 0.247180 0.051844 -0.190232
v 0.040891 -0.220429 -0.094213
v 0.038180 -0.218529 -0.109149
v 0.056423 -0.171963 -0.155815
v 0.056657 -0.182107 -0.119013
v 0.050133 -0.184893 -0.130101
v 0.224094 0.097899 0.305022
v 0.241044 0.102685 0.309577
v 0.223836 0.083282 0.326941
v 0.303493 0.076138 0.438913
v 0.098802 0.262889 -0.337624
v 0.101838 0.271792 -0.325799
v 0.105374 0.228029 -0.337313
v 0.102805 0.166427 -0.133677
v 0.090746 0.170703 -0.149643
v 0.092404 0.184581 -0.132846
v 0.078704 0.230157 -0.129023
v 0.073923 0.251797 -0.112944
v 0.083986 0.229332 -0.104659
v 0.288200 0.362307 0.468267
v 0.282305 0.363850 0.490295
v 0.280628 0.386400 0.514340
v 0.281858 0.397317 0.497537
v -0.138858 0.042110 -0.332906
v -0.114918 0.025503 -0.320230
v -0.128688 0.041729 -0.328738
v -0.414199 0.043965 -0.009991
v -0.402160 0.089559 -0.027842
v -0.394252 0.105663 -0.066532
v 0.268375 0.133810 -0.329664
v 0.243424 0.121169 -0.338356
v 0.232286 0.148268 -0.334906
v 0.060318 0.242911 -0.338086
v 0.052554 0.258055 -0.331705
v 0.052918 0.241596 -0.337648
v 0.046764 0.257496 -0.327979
v -0.122958 0.052907 -0.313912
v 0.281555 0.349601 0.512333
v 0.281052 0.365199 0.513562
v 0.280643 0.346498 0.490458
v 0.283993 0.371463 0.531027
v 0.103055 0.189378 -0.095100
v 0.102842 0.179489 -0.114444
v 0.092057 0.189739 -0.120151
v 0.115940 0.186888 -0.086265
v 0.122524 0.182236 -0.090626
v 0.353345 0.418326 0.591542
v 0.364137 0.412030 0.592225
v 0.371441 0.402092 0.584188
v 0.381019 0.380403 0.588462
v 0.382942 0.388198 0.584472
v 0.389398 0.106252 -0.061385
v 0.402320 0.108844 -0.022528
v 0.413975 0.097141 -0.019551
v 0.401515 0.100140 -0.036880
v -0.146282 -0.267960 -0.227822
v -0.158143 -0.262840 -0.231220
v -0.144483 -0.257201 -0.242101
v -0.117850 -0.282484 -0.205980
v -0.131997 -0.275167 -0.199913
v -0.033422 0.234883 0.635383
v -0.041116 0.241208 0.631345
v -0.035689 0.244113 0.636131
v 0.322116 0.075143 -0.337557
v 0.301144 0.099195 -0.337464
v 0.244249 0.137174 -0.336743
v 0.081915 0.260969 -0.076015
v 0.083107 0.250720 -0.090616
v 0.260814 -0.155566 -0.122922
v 0.246549 -0.169316 -0.114597
v -0.176945 -0.090790 -0.328983
v -0.168821 -0.059666 -0.332241
v -0.130720 -0.272810 -0.212367
v -0.123972 -0.266931 -0.228939
v -0.117096 -0.277770 -0.218226
v -0.114541 -0.254624 -0.240078
v 0.381156 -0.196767 0.393605
v 0.377676 -0.182758 0.406254
v -0.030141 0.251027 0.625759
v -0.004441 0.229752 0.616429
v -0.021798 0.229372 0.645918
v -0.021421 0.235904 0.641421
v 0.281772 0.115549 0.385629
v 0.220270 -0.027151 0.428431
v 0.274615 0.469175 0.553648
v 0.282346 0.464994 0.585782
v -0.166678 -0.125292 -0.300729
v -0.161153 -0.145273 -0.299831
v -0.170231 -0.137799 -0.302085
v 0.128093 0.054086 0.271227
v 0.114977 0.038649 0.269602
v 0.110505 0.060955 0.265219
v 0.233550 -0.117170 0.359199
v 0.221278 -0.107361 0.336355
v 0.230318 -0.118774 0.346129
v 0.220968 -0.098623 0.348408
v 0.228254 -0.107812 0.364856
v -0.152688 0.202027 0.159344
v -0.174427 0.198603 0.150130
v -0.210954 0.193257 0.130451
v -0.122535 -0.045618 -0.324680
v -0.106418 -0.031823 -0.311838
v -0.112435 -0.054251 -0.308987
v -0.120189 -0.070777 -0.305932
v -0.132402 -0.265956 -0.227565
v -0.151816 -0.273594 -0.211862
v 0.457173 -0.140963 0.315552
v 0.459089 -0.084868 0.317885
v 0.453471 -0.095112 0.326342
v 0.455477 -0.114064 0.315925
v 0.432721 -0.011531 0.432108
v 0.413939 0.016964 0.433412
v -0.251949 0.242780 -0.163202
v -0.218788 0.255259 -0.162801
v 0.225650 -0.110010 -0.239247
v 0.225109 -0.139338 -0.236775
v 0.379346 -0.170748 0.032979
v 0.368210 -0.177535 0.056648
v 0.356068 -0.170349 0.103297
v 0.354429 -0.184283 0.073711
v -0.164049 0.288005 -0.026694
v -0.173708 0.287198 -0.040666
v -0.173791 0.283904 -0.028255
v -0.176197 0.288523 -0.064960
v 0.254504 -0.095083 0.442861
v 0.227083 -0.096797 0.417727
v 0.002219 0.312486 -0.125092
v 0.022646 0.295788 -0.141927
v 0.235287 -0.124664 0.373558
v 0.229300 -0.111317 0.376299
v 0.109401 -0.028967 -0.322298
v 0.109853 -0.045007 -0.327336
v 0.104110 -0.027806 -0.332434
v 0.159275 -0.068768 0.251220
v 0.173443 -0.086577 0.254079
v 0.161851 -0.061056 0.255584
v 0.189482 -0.116076 0.223936
v 0.178387 -0.103050 0.232615
v 0.237345 -0.067048 -0.175489
v 0.230520 -0.082547 -0.170639
v 0.224246 -0.067715 -0.180736
v 0.231553 -0.058643 -0.182154
v 0.233277 -0.036334 -0.184874
v -0.462399 0.089551 -0.160098
v 0.329917 0.352151 0.571854
v 0.307831 0.363350 0.561876
v 0.348530 0.356445 0.582496
v 0.344865 0.330814 0.570251
v 0.362523 -0.163632 0.124301
v 0.355377 -0.169441 0.136482
v 0.353218 -0.168519 0.125903
v 0.364614 -0.165665 0.100977
v 0.014554 0.252871 -0.247823
v 0.002410 0.274571 -0.210363
v 0.006861 0.293645 -0.168264
v 0.071404 -0.194001 -0.331326
v 0.047894 -0.185254 -0.318754
v 0.084537 -0.232711 -0.328546
v 0.068055 -0.204622 -0.329809
v 0.177356 0.207129 0.112594
v 0.193963 0.213875 0.071927
v 0.170141 0.212126 0.063574
v 0.191775 0.211717 0.090694
v 0.029920 0.166985 0.192787
v 0.050477 0.158415 0.203334
v 0.030375 0.135994 0.223562
v 0.046128 0.132269 0.222331
v -0.137787 -0.202092 0.161895
v -0.123660 -0.202907 0.164038
v -0.108757 -0.202418 0.164758
v 0.129686 0.056372 -0.336963
v 0.101461 0.088126 -0.306980
v 0.136454 0.069522 -0.335355
v 0.164396 0.063396 -0.336629
v 0.388643 -0.159893 0.030426
v 0.213073 -0.048743 -0.258837
v 0.229473 -0.049434 -0.274494
v 0.229632 -0.060452 -0.272661
v 0.246669 -0.056170 -0.284492
v 0.047219 0.179296 0.172545
v 0.041620 0.172574 0.184396
v -0.458246 0.090652 -0.195927
v -0.461381 0.091927 -0.175328
v -0.445753 0.094419 -0.211072
v 0.199059 0.095852 0.270303
v 0.210456 0.093797 0.279747
v 0.179753 0.188015 0.154192
v 0.191562 0.187468 0.160557
v 0.180547 0.192108 0.142102
v 0.012398 0.109946 0.466105
v 0.026537 0.095196 0.464388
v 0.014437 0.097735 0.475369
v 0.333932 -0.098724 -0.123205
v -0.186957 0.063104 0.281834
v -0.168513 0.096925 0.270393
v -0.193906 0.080956 0.272786
v 0.036772 0.278304 0.045520
v 0.005244 0.278031 0.057522
v -0.298523 0.212436 0.020388
v -0.292325 0.212504 0.034370
v 0.288105 0.162691 0.387054
v 0.286372 0.252246 0.418239
v 0.291344 0.229737 0.403068
v 0.337881 0.396878 0.546353
v 0.345908 0.399453 0.562196
v 0.348592 0.384711 0.550930
v 0.359707 0.387190 0.564618
v 0.352772 0.393594 0.564766
v 0.377796 0.389529 0.575682
v -0.181642 -0.154016 0.235694
v -0.196234 -0.148943 0.234710
v -0.193282 -0.131428 0.253010
v 0.074325 -0.011567 0.257688
v -0.381874 0.140687 0.012110
v -0.376958 0.143176 0.026453
v -0.368905 0.161962 0.006989
v -0.329491 0.192537 0.023280
v 0.466881 -0.026721 0.396451
v -0.275318 0.032410 0.247005
v -0.275567 -0.051403 0.249121
v -0.268662 -0.017058 0.255031
v -0.284334 -0.028974 0.243998
v 0.466203 -0.036727 0.175154
v 0.482875 -0.028925 0.208304
v -0.494329 -0.065216 -0.110138
v -0.503793 -0.057415 -0.121031
v -0.127491 0.217640 0.096911
v -0.142849 0.212521 0.104543
v -0.138280 0.212422 0.114582
v -0.189984 0.200918 0.118020
v -0.161023 0.208371 0.113395
v -0.298233 -0.216668 0.044510
v 0.445897 -0.085267 0.036051
v 0.450133 -0.070951 0.024104
v 0.450206 -0.072184 0.074700
v -0.371992 0.107159 -0.190555
v -0.370637 0.113836 -0.211297
v -0.351354 0.116342 -0.204128
v -0.364195 0.109208 -0.187467
v -0.364982 0.130942 -0.165929
v 0.307715 -0.214891 0.013348
v 0.292877 -0.219232 0.016817
v 0.288742 -0.219239 0.030863
v 0.372130 0.084660 0.441295
v 0.377712 0.080588 0.431854
v 0.394360 0.062557 0.422272
v -0.311547 0.173023 0.102437
v -0.296675 0.179376 0.107964
v -0.303457 0.181696 0.087293
v 0.162075 0.220697 -0.336688
v 0.173094 0.206329 -0.332454
v -0.019396 0.204583 0.631050
v -0.025046 0.213986 0.631632
v -0.023286 0.218029 0.642727
v 0.173429 0.123048 0.506684
v 0.168304 0.119479 0.527631
v 0.183658 0.112271 0.509801
v 0.188065 0.115499 0.486902
v 0.019104 0.317808 -0.006157
v 0.017697 0.321701 -0.023749
v 0.042488 0.312943 -0.020741
v -0.148282 -0.297428 -0.001394
v -0.129946 -0.299780 -0.010766
v 0.436888 -0.028727 0.149012
v 0.438675 -0.020201 0.138374
v -0.145067 0.156815 -0.309249
v -0.118312 0.163419 -0.307735
v -0.137886 0.169177 -0.323954
v -0.120357 0.168091 -0.314068
v -0.188155 0.264071 -0.197115
v -0.203948 0.260330 -0.185341
v -0.171737 0.267859 -0.201803
v 0.082361 -0.194067 -0.045494
v 0.066548 -0.193181 -0.071168
v 0.076159 -0.193863 -0.054894
v 0.068721 -0.201460 -0.054927
v 0.456787 -0.010614 0.070859
v 0.452267 0.020361 0.066870
v 0.456941 -0.037356 0.079517
v 0.140017 0.221823 -0.278014
v 0.219577 -0.209070 -0.047957
v 0.203344 -0.181129 -0.096686
v -0.264754 0.131427 -0.285266
v -0.262396 0.120664 -0.297291
v -0.003823 0.200499 0.157245
v 0.006874 0.188460 0.178548
v 0.028453 0.173376 0.186604
v -0.068910 0.306089 -0.099427
v -0.063942 0.312181 -0.087709
v -0.060008 0.302484 -0.120231
v -0.074766 0.303382 -0.111478
v 0.172755 0.019792 0.444671
v 0.153854 0.026422 0.445927
v 0.164477 0.020494 0.436202
v 0.228620 -0.207721 0.073315
v 0.217353 -0.205946 0.082060
v 0.207457 -0.209590 0.082033
v -0.208034 -0.117875 0.259298
v 0.309374 0.284199 0.538138
v 0.137220 0.126455 0.249197
v 0.119397 0.110006 0.253147
v 0.186161 -0.201433 -0.072107
v 0.204684 -0.204717 -0.071551
v 0.189617 -0.210590 -0.053827
v 0.165992 -0.202712 -0.026622
v 0.172298 -0.202261 -0.043626
v -0.317807 -0.180785 -0.197139
v -0.303580 -0.189187 -0.196586
v 0.211034 -0.142514 0.208176
v 0.267499 -0.163555 0.179712
v 0.252061 -0.161249 0.180055
v -0.419144 -0.038123 -0.064869
v -0.420942 -0.010100 -0.065183
v -0.407584 -0.082703 -0.097852
v -0.412309 -0.070578 -0.070350
v 0.054945 0.219583 0.119141
v -0.220648 -0.157474 0.211263
v -0.220459 -0.150094 0.221221
v -0.245897 -0.140225 0.224385
v 0.231910 0.085081 0.407387
v 0.205481 0.089648 0.401829
v 0.219703 0.090313 0.416100
v 0.109476 -0.179973 -0.237095
v -0.166349 0.126149 -0.307155
v -0.155017 0.124395 -0.302559
v -0.148950 0.106570 -0.303390
v 0.163693 0.185374 -0.090500
v 0.163260 0.189738 -0.066740
v 0.180138 0.179995 -0.077614
v 0.137188 0.188434 -0.067005
v 0.151611 0.192324 -0.060315
v 0.212040 -0.212954 -0.035251
v 0.070239 0.203046 -0.225018
v 0.070993 0.195257 -0.225860
v 0.076568 0.203465 -0.234972
v 0.065105 0.220954 -0.234479
v -0.120900 0.270767 0.064380
v -0.136899 0.280590 0.046166
v -0.113218 0.286126 0.051187
v -0.298948 -0.166345 -0.252769
v -0.289517 -0.169522 -0.267552
v 0.236078 0.083894 0.428107
v -0.029908 -0.125634 -0.304300
v 0.198549 -0.212586 -0.050452
v 0.452192 -0.110518 0.325500
v 0.455688 -0.131474 0.327942
v 0.455903 -0.110345 0.343981
v 0.191463 -0.210016 0.081429
v 0.202331 -0.215448 0.066244
v 0.354714 0.244422 0.439636
v 0.354908 0.236910 0.449273
v 0.359825 0.201068 0.438883
v 0.228804 -0.220279 -0.025995
v 0.214538 -0.217953 -0.017285
v -0.066588 -0.299784 -0.008885
v -0.079730 -0.297499 -0.025002
v 0.477413 -0.196650 0.231720
v 0.471447 -0.206417 0.241025
v 0.356696 0.311784 0.501198
v 0.349459 0.332785 0.505006
v 0.357532 0.334514 0.518958
v -0.235183 0.252650 -0.197827
v -0.264260 0.239038 -0.198846
v -0.249882 0.247058 -0.198709
v -0.262360 0.237011 -0.208384
v -0.470453 0.009076 -0.083076
v -0.469914 0.038950 -0.095673
v -0.473713 0.020907 -0.087738
v -0.462225 0.027436 -0.088395
v -0.152629 -0.272710 -0.218241
v -0.168719 -0.263990 -0.220101
v 0.089464 -0.215012 0.041673
v 0.078164 -0.261948 -0.319576
v 0.078447 -0.262164 -0.298925
v -0.295122 -0.132749 -0.290955
v -0.286981 -0.137449 -0.296344
v -0.300712 -0.120497 -0.295312
v -0.311089 -0.105826 -0.299546
v -0.280903 0.170206 0.135473
v 0.068929 0.258812 -0.114889
v 0.057586 0.269049 -0.125236
v 0.072774 0.247160 -0.134560
v -0.349158 0.136860 -0.187063
v -0.361605 0.146893 -0.139677
v -0.347541 0.159640 -0.144769
v 0.318155 0.176493 0.066251
v 0.326389 0.167264 0.090686
v 0.297180 0.182400 0.097426
v 0.308101 0.174840 0.096253
v 0.304228 0.217661 0.389758
v 0.294719 0.220618 0.397128
v 0.314263 0.229014 0.389275
v 0.297688 0.205865 0.391606
v 0.289484 0.201662 0.399458
v -0.351904 -0.132425 -0.220503
v -0.340379 -0.131971 -0.235436
v -0.347047 -0.136533 -0.215732
v -0.330060 -0.126988 -0.256087
v -0.326214 -0.112318 -0.283671
v 0.082087 -0.194637 0.118156
v 0.072488 -0.209222 0.088948
v 0.341754 0.068050 -0.331532
v 0.340230 0.071808 -0.320191
v 0.341191 0.066566 -0.307939
v -0.159024 0.186978 0.193530
v -0.118261 0.176527 0.203528
v -0.131758 0.160300 0.219238
v -0.108485 0.159043 0.216312
v 0.080960 -0.254499 -0.276585
v 0.067620 -0.261050 -0.279496
v 0.093786 -0.253925 -0.302331
v 0.089966 -0.254685 -0.315491
v -0.344757 0.171860 -0.124978
v -0.361713 0.155623 -0.121907
v -0.368220 0.150481 -0.108304
v 0.364334 -0.139688 -0.073361
v 0.372543 -0.143852 -0.055144
v 0.365441 -0.163372 -0.038309
v -0.266910 -0.100595 -0.321825
v -0.278502 -0.110173 -0.311552
v -0.262241 -0.087820 -0.326596
v 0.107374 -0.229148 -0.288811
v 0.312277 0.168114 0.114632
v 0.313785 0.150942 0.151888
v 0.347112 -0.229262 0.163470
v 0.328208 -0.231518 0.169568
v 0.349596 -0.155178 -0.074427
v 0.353620 -0.141051 -0.084769
v 0.332464 -0.156857 -0.087958
v -0.375822 -0.148904 -0.023185
v 0.030649 -0.265409 -0.255862
v 0.033153 -0.248097 -0.240318
v 0.266831 0.089998 0.385187
v 0.249620 0.083362 0.376565
v -0.306430 0.199691 -0.126380
v -0.310564 0.198670 -0.149066
v -0.323650 0.192435 -0.141884
v -0.324790 0.183440 -0.166987
v -0.416004 -0.137116 -0.206055
v -0.398277 -0.138768 -0.226242
v -0.410833 -0.137769 -0.196279
v -0.410766 -0.133544 -0.229014
v 0.296028 -0.088497 -0.309742
v 0.275268 -0.058916 -0.313819
v 0.265710 -0.065679 -0.305313
v 0.252175 0.095356 -0.157689
v 0.248256 0.085075 -0.165771
v 0.244866 0.081899 -0.173301
v 0.024266 -0.228646 -0.232142
v 0.017820 -0.229417 -0.232152
v 0.001726 -0.237010 -0.211951
v -0.347496 -0.149451 -0.195774
v -0.359285 -0.133042 -0.197759
v -0.338644 -0.141040 -0.222352
v 0.386731 -0.221737 0.161981
v 0.203397 -0.035928 -0.238666
v 0.210428 -0.032229 -0.247912
v 0.201423 -0.029026 -0.214708
v -0.217336 -0.241110 -0.206636
v -0.243313 -0.237665 -0.199958
v -0.227805 -0.235059 -0.209591
v 0.037208 0.137868 0.626628
v 0.024025 0.145084 0.626931
v 0.028873 0.141228 0.616160
v 0.019090 0.150796 0.625847
v 0.010203 0.168759 0.614870
v 0.070290 0.160898 0.480415
v 0.040154 0.152777 0.474557
v 0.249354 0.209899 0.021243
v 0.229953 0.213668 0.016946
v 0.225901 0.210695 0.006604
v 0.211888 0.211205 0.012970
v -0.247932 -0.250107 -0.101149
v -0.233731 -0.267823 -0.068660
v -0.020054 0.281097 -0.213141
v -0.042032 0.272244 -0.231024
v -0.057752 0.261355 -0.253231
v 0.214999 0.209603 -0.004043
v 0.188195 0.212201 0.023665
v 0.173579 0.212141 0.034492
v -0.447546 0.079063 -0.132831
v -0.427842 0.098337 -0.162196
v -0.434158 0.086585 -0.143635
v -0.335813 0.149503 0.115226
v -0.374806 0.111786 0.086940
v -0.370985 0.112732 0.098750
v -0.363566 0.129580 0.090378
v 0.196982 0.019279 0.370502
v 0.196346 0.034720 0.368523
v 0.198615 0.029676 0.359257
v 0.200322 0.042296 0.358921
v 0.197103 0.046072 0.368165
v -0.388552 -0.124901 -0.169529
v -0.373477 -0.130388 -0.189457
v 0.336749 0.051622 -0.295024
v 0.088790 0.173802 0.521906
v 0.103562 0.167766 0.521705
v 0.103940 0.166929 0.535465
v 0.078162 0.179039 0.531791
v 0.086295 0.172944 0.554370
v 0.259188 -0.148675 0.382831
v 0.333677 0.067773 -0.296078
v 0.296194 -0.085802 -0.326629
v -0.299482 0.190311 0.077260
v -0.296573 0.198390 0.065452
v -0.323477 0.173418 0.065202
v 0.218268 0.213966 0.031757
v 0.249923 0.207966 0.059189
v 0.233925 0.214359 0.029890
v 0.464585 -0.055156 0.316925
v -0.373011 -0.117091 -0.271505
v -0.366577 -0.126311 -0.262397
v -0.382924 -0.131847 -0.251749
v -0.392370 -0.134850 -0.242984
v 0.255234 0.202837 0.071484
v 0.420020 0.044421 0.405350
v 0.455070 0.003791 0.395628
v 0.264109 0.115872 -0.337905
v 0.283776 0.122363 -0.336547
v 0.278155 0.104915 -0.338755
v 0.266064 0.057521 -0.337814
v 0.336500 0.163586 0.092210
v 0.050758 -0.132554 0.206577
v 0.046120 -0.144472 0.191512
v 0.060161 -0.136621 0.199299
v 0.040494 -0.136476 0.207458
v -0.361306 0.124295 0.105045
v -0.375309 0.092544 0.106798
v 0.084093 -0.134458 0.199896
v -0.322791 0.200650 -0.073886
v -0.210086 0.244835 -0.235300
v -0.202895 0.233263 -0.253997
v -0.159404 -0.024600 -0.334506
v -0.155644 -0.014107 -0.336564
v 0.320764 0.105665 -0.316308
v 0.310716 0.113032 -0.311996
v 0.308935 0.107272 -0.296048
v 0.319355 0.109052 -0.325210
v -0.107703 0.293727 -0.152953
v -0.097734 0.297054 -0.140969
v -0.307541 0.210826 -0.103831
v 0.103751 -0.151863 -0.329837
v -0.187623 0.195086 0.158875
v -0.162645 0.199192 0.165764
v 0.245729 -0.170192 0.197274
v 0.198916 -0.136204 0.217915
v -0.143905 0.008063 -0.333191
v -0.063200 -0.236522 -0.249797
v -0.056262 -0.239039 -0.257697
v -0.046991 -0.237325 -0.249534
v -0.127367 -0.225327 -0.268843
v -0.101985 -0.230143 -0.267849
v -0.275930 0.003493 0.250297
v -0.298360 0.006202 0.233326
v -0.293545 0.215110 -0.125683
v 0.302698 0.129366 0.206503
v -0.085309 0.278119 -0.214829
v -0.099104 0.279386 -0.202053
v -0.107532 0.271357 -0.214594
v 0.350841 -0.136720 0.436854
v 0.329562 -0.158458 0.427382
v 0.271156 0.040594 0.448528
v -0.046707 -0.282916 -0.109961
v -0.041783 -0.278001 -0.117297
v -0.029637 -0.274639 -0.136361
v -0.162594 0.283191 0.026189
v -0.160308 0.279014 0.040294
v -0.202107 0.264829 0.029172
v -0.469798 0.071855 -0.207992
v -0.464793 0.069019 -0.223255
v -0.461042 0.056508 -0.239233
v -0.179999 0.160969 0.222511
v -0.182171 0.144169 0.236658
v -0.164103 0.156377 0.229060
v -0.221762 0.124752 0.236179
v -0.225479 0.107468 0.245887
v -0.199951 0.137507 0.236549
v -0.138021 -0.290516 -0.163074
v -0.137165 -0.283753 -0.173503
v -0.118089 -0.282732 -0.173141
v -0.176761 -0.247245 0.074360
v -0.195286 -0.263856 0.048586
v -0.221729 -0.274170 -0.038234
v 0.373490 0.115513 0.290602
v 0.383017 0.112835 0.236402
v 0.376832 0.119047 0.260945
v 0.219779 -0.172922 -0.237450
v 0.228039 -0.167230 -0.236950
v 0.213831 -0.157097 -0.235851
v 0.026044 -0.240458 -0.108754
v 0.016844 -0.269396 -0.077209
v 0.084121 0.110508 0.235261
v 0.045714 0.099996 0.239027
v 0.261278 0.193388 0.085986
v 0.152072 -0.032247 0.270142
v 0.161009 -0.010604 0.282035
v 0.151767 -0.009798 0.276571
v 0.165812 0.010456 0.287125
v 0.160107 0.014961 0.282002
v 0.300250 -0.197750 0.319201
v 0.297477 -0.199758 0.299772
v 0.425762 -0.198716 0.361096
v 0.398954 -0.229907 0.350656
v 0.389579 -0.244653 0.337314
v -0.020729 -0.272704 -0.146966
v -0.020184 -0.274767 -0.131880
v -0.033061 -0.275717 -0.122459
v 0.205540 0.150870 -0.125838
v 0.195198 0.155257 -0.130940
v 0.214673 0.153312 -0.117838
v 0.213420 0.169674 -0.097099
v 0.235937 0.154155 0.209022
v 0.319732 0.290278 0.403419
v 0.340436 0.359017 0.429048
v 0.338253 0.352464 0.419316
v -0.159636 -0.079697 -0.328528
v -0.153221 0.266664 0.060660
v -0.230464 0.255606 -0.060751
v -0.241261 0.250672 -0.059749
v -0.216243 0.263519 -0.070477
v 0.010864 0.177653 0.647975
v 0.256378 0.127779 -0.295605
v 0.390673 0.121268 0.104940
v 0.377551 0.122518 0.129416
v 0.420398 0.071022 0.326963
v 0.434123 0.057397 0.330773
v 0.438591 0.048002 0.331924
v -0.377509 -0.127820 -0.152879
v -0.376176 -0.139608 -0.137889
v -0.381658 -0.121636 -0.161795
v -0.359265 -0.142367 -0.180204
v 0.049734 0.125894 0.616894
v 0.050401 0.120589 0.608473
v 0.060586 0.122762 0.612794
v 0.047029 0.139817 0.624292
v 0.057572 0.145808 0.617352
v 0.169735 0.213363 -0.307812
v 0.174498 0.208035 -0.325872
v 0.163328 0.214758 -0.295031
v 0.299058 -0.192359 0.355053
v 0.286012 -0.174466 0.386432
v -0.471577 -0.104659 -0.190743
v -0.460741 -0.114571 -0.191405
v 0.091437 0.113535 0.235586
v 0.331117 0.138607 -0.087856
v 0.352663 0.151301 -0.051868
v -0.210643 0.229716 -0.265020
v -0.194715 0.232995 -0.263944
v -0.182063 0.233782 -0.261635
v 0.180983 -0.059247 0.302778
v 0.193759 -0.083430 0.310923
v -0.154496 -0.143560 -0.299169
v -0.151735 -0.169334 -0.328639
v -0.171973 -0.184622 -0.330991
v -0.137908 -0.196527 -0.330769
v 0.189310 0.116247 0.468027
v 0.145309 -0.125328 -0.331904
v 0.143234 -0.112359 -0.333004
v 0.142728 -0.164960 -0.331073
v 0.050757 -0.178870 -0.152586
v 0.063716 -0.163413 -0.207789
v 0.063259 -0.164440 -0.183873
v 0.055936 -0.167570 -0.196528
v -0.215588 0.184677 -0.329758
v -0.226487 0.178574 -0.325479
v -0.206049 0.197168 -0.328243
v -0.335584 -0.173463 -0.184980
v -0.149453 0.003098 -0.331887
v -0.143655 -0.009838 -0.334512
v -0.153857 -0.001339 -0.335797
v -0.051953 0.227239 0.092558
v -0.026022 0.229136 0.082889
v -0.017366 0.228168 0.081254
v 0.438630 -0.046918 -0.007825
v 0.438509 -0.030963 -0.007906
v 0.436302 -0.046928 -0.018166
v 0.003437 -0.271741 -0.311604
v -0.008040 -0.265862 -0.317812
v 0.004533 -0.268568 -0.322427
v -0.002754 -0.261223 -0.325554
v 0.113190 0.080648 0.512025
v 0.077535 0.100963 0.565216
v 0.082887 0.109502 0.540440
v 0.091191 0.103904 0.526831
v 0.108142 0.085793 0.503020
v 0.052846 0.287141 0.024780
v 0.037056 0.289601 0.037130
v 0.049495 0.276243 0.037197
v -0.162669 0.284713 0.013805
v -0.183088 0.269941 0.031396
v 0.269387 0.119281 0.295964
v 0.301763 0.127781 0.287553
v 0.268540 0.120206 0.273702
v 0.293419 0.126631 0.271783
v 0.267901 0.126816 0.236505
v 0.166698 0.211611 0.002978
v 0.182481 0.212443 0.004443
v -0.149555 -0.203794 -0.330051
v 0.229605 -0.122302 -0.150984
v 0.232995 -0.103132 -0.159893
v 0.217544 -0.118848 -0.159425
v 0.207357 -0.139312 -0.157384
v 0.387241 -0.154709 0.145100
v 0.408827 -0.128642 0.158124
v 0.197807 0.010523 0.364609
v 0.200898 0.001214 0.378951
v 0.064363 0.128339 -0.306326
v 0.078477 0.162317 -0.304224
v 0.005252 0.109483 -0.305193
v -0.254511 0.041114 -0.332067
v -0.263673 0.040155 -0.331318
v -0.267366 0.066178 -0.328566
v -0.046416 0.226581 0.105441
v 0.401583 -0.119745 0.135704
v 0.418797 -0.093390 0.139978
v 0.066247 -0.222554 -0.016961
v 0.068565 -0.216082 0.001070
v -0.151219 0.286539 0.000261
v 0.127012 0.158282 -0.326605
v 0.029460 -0.064922 -0.308452
v 0.017839 -0.050883 -0.308411
v 0.012140 0.016787 -0.307124
v 0.182801 0.018854 -0.324502
v 0.346572 -0.170044 0.135077
v 0.351860 -0.174551 0.145437
v 0.329071 -0.172053 0.128801
v 0.030216 -0.265742 -0.326669
v 0.009078 -0.260323 -0.327294
v 0.049690 -0.261861 -0.327572
v 0.033677 -0.255070 -0.329143
v 0.153779 -0.200116 -0.025277
v 0.146662 -0.203437 -0.016053
v 0.137925 -0.205050 -0.033797
v 0.360138 0.001690 -0.128761
v 0.298366 0.001724 -0.272629
v 0.282971 -0.172512 0.152934
v -0.380617 0.075063 0.113012
v -0.390265 0.043968 0.111003
v 0.175486 0.201218 -0.316304
v 0.180049 0.182180 -0.324809
v -0.039385 -0.203530 -0.328168
v -0.034246 -0.177531 -0.299999
v -0.027645 -0.213437 -0.329392
v -0.051337 -0.206943 -0.329119
v 0.128765 -0.210550 -0.024276
v 0.130400 -0.205626 -0.043365
v 0.119734 -0.208224 -0.034872
v 0.296448 -0.192852 -0.321219
v 0.298259 -0.185682 -0.325172
v 0.303587 -0.179389 -0.320316
v 0.286561 -0.180321 0.181142
v 0.312551 0.279625 0.402455
v 0.318440 0.270089 0.398623
v 0.303057 0.265411 0.403971
v -0.249459 0.209195 -0.268205
v 0.314521 0.023174 -0.268202
v 0.312971 0.013772 -0.273083
v -0.063229 -0.196255 -0.327345
v 0.196015 0.000648 0.400062
v 0.207583 -0.012640 0.417404
v 0.062388 0.209984 -0.334970
v 0.030300 0.204991 -0.333865
v -0.060786 0.188254 -0.331172
v 0.435161 -0.036896 -0.034378
v 0.431344 -0.037280 -0.043203
v 0.046791 -0.243190 -0.239725
v 0.055787 -0.219942 -0.231530
v 0.059190 -0.234638 -0.240755
v 0.077762 -0.219655 -0.248194
v 0.343136 0.118192 0.348311
v 0.323842 0.121749 0.347995
v 0.297955 0.121706 0.357231
v 0.295340 0.127654 0.364328
v -0.493329 -0.053630 -0.213047
v -0.494444 -0.069002 -0.196866
v -0.504141 -0.057119 -0.177438
v -0.101501 -0.161970 0.233703
v 0.268023 -0.221048 0.037498
v 0.112334 0.200067 -0.335770
v 0.085743 0.204450 -0.333324
v 0.153143 -0.201961 -0.035709
v 0.142631 -0.207070 -0.043302
v 0.121586 -0.202520 -0.053687
v 0.086649 -0.221952 -0.255174
v 0.095665 -0.214329 -0.252625
v 0.440897 -0.072234 0.428398
v 0.445159 -0.057899 0.428509
v -0.301807 -0.178574 0.112915
v 0.423537 0.093925 0.015942
v 0.431892 0.074148 0.001097
v 0.250793 0.020772 -0.240660
v 0.242614 0.007104 -0.240657
v 0.252335 0.009514 -0.248824
v 0.235685 -0.008298 -0.248482
v 0.051290 0.237310 0.054201
v 0.034772 0.234847 0.063760
v 0.065403 0.234608 0.045731
v -0.509111 -0.044667 -0.126536
v -0.513940 -0.001215 -0.145981
v -0.512778 -0.013859 -0.129371
v 0.151976 0.142575 -0.213212
v 0.141203 0.142646 -0.227640
v 0.162303 0.141535 -0.211672
v -0.297803 0.178573 -0.242768
v -0.286420 0.195798 -0.239307
v 0.050089 -0.216830 0.056370
v 0.057378 -0.217344 0.047690
v 0.159745 -0.039615 0.272307
v 0.422905 -0.108485 0.000500
v 0.185911 -0.183736 -0.113584
v 0.173898 -0.187548 -0.116371
v 0.180932 -0.175498 -0.133924
v 0.190206 -0.166363 -0.137788
v -0.297202 -0.210150 -0.164613
v -0.432286 0.043962 -0.098152
v -0.260355 -0.236395 -0.161229
v -0.246121 -0.242923 -0.167587
v 0.154258 0.143542 -0.244784
v 0.143691 0.151142 -0.246092
v 0.141568 0.144253 -0.236888
v -0.260627 0.245966 -0.092970
v 0.171793 -0.183235 -0.130437
v 0.182939 -0.170356 -0.149571
v 0.455127 -0.180074 0.173129
v 0.444969 -0.193116 0.169014
v 0.457154 -0.154220 0.174953
v 0.467781 -0.157361 0.186206
v 0.464829 -0.174291 0.181931
v 0.179863 0.186904 -0.061025
v 0.301003 0.336351 0.433403
v -0.281836 0.229824 -0.020012
v -0.267148 0.236207 -0.008201
v 0.155217 0.150471 -0.253927
v -0.248907 -0.239042 -0.148690
v 0.445733 -0.167427 0.166354
v 0.435655 -0.165325 0.162035
v 0.411347 -0.151001 0.156486
v 0.191779 -0.199414 0.100441
v 0.185185 -0.195976 0.106531
v -0.248357 -0.194320 -0.309525
v -0.248955 -0.186531 -0.315597
v -0.264552 -0.187940 -0.293490
v -0.278282 -0.181202 -0.277755
v -0.229084 0.256408 -0.019610
v -0.218050 0.264504 -0.054211
v -0.195617 0.274626 -0.050809
v 0.293075 -0.232808 0.253747
v 0.267422 -0.198390 0.245704
v 0.263558 -0.196235 0.236616
v 0.297337 -0.152701 0.430594
v 0.319674 -0.166697 0.422598
v -0.384770 -0.119617 0.041551
v -0.399347 -0.086210 0.055109
v 0.131924 -0.199477 0.079643
v 0.139412 -0.198938 0.077215
v 0.146228 -0.193741 0.103129
v 0.291286 0.129499 -0.118112
v 0.287326 -0.133591 -0.266276
v 0.289356 -0.101818 -0.284469
v 0.271934 -0.096807 -0.274249
v 0.219409 0.073336 0.362944
v -0.019825 -0.032404 0.275714
v 0.101309 0.201229 -0.085166
v 0.084899 0.207364 -0.120970
v 0.098955 0.213344 -0.078668
v 0.109589 0.194301 -0.067388
v 0.103440 0.207767 -0.065688
v 0.145895 0.129853 0.547538
v 0.122989 0.145201 0.557211
v 0.127843 0.133669 0.566247
v 0.171138 0.105527 0.539029
v 0.158736 0.107758 0.550202
v 0.167190 0.095490 0.544499
v 0.052509 -0.162841 -0.303449
v 0.042089 -0.158274 -0.302533
v 0.040861 -0.137465 -0.305135
v 0.043074 -0.175141 -0.302176
v -0.366314 -0.132040 -0.250570
v -0.338448 -0.126451 -0.251405
v -0.347915 -0.131217 -0.235273
v -0.114245 -0.257963 0.083852
v -0.129274 -0.245767 0.088206
v 0.041631 0.280381 -0.141249
v 0.248801 -0.204465 0.101287
v 0.367510 0.112284 0.164674
v 0.386563 -0.270473 0.259000
v 0.398259 -0.269307 0.281798
v 0.397956 -0.269808 0.267481
v -0.423914 -0.075308 -0.101369
v -0.416073 -0.075277 -0.100460
v -0.413059 -0.088447 -0.111773
v 0.246705 0.164446 -0.106428
v 0.264894 0.164089 -0.105951
v 0.178453 0.018114 0.454705
v 0.187307 0.011752 0.457471
v 0.167300 0.027704 0.475195
v 0.204694 0.005642 0.455083
v -0.099426 -0.212591 0.098156
v -0.076893 -0.223197 0.096215
v -0.212057 -0.226327 0.111165
v -0.245811 -0.224321 0.098718
v 0.150325 -0.193603 -0.151213
v 0.133867 -0.195373 -0.155742
v 0.136289 -0.198232 -0.125367
v 0.118222 -0.197333 -0.134072
v 0.465685 -0.200413 0.193697
v 0.268735 -0.152464 -0.250564
v 0.278651 -0.171031 -0.258260
v 0.268056 -0.163358 -0.250092
v 0.301132 0.422262 0.462057
v 0.324817 0.395403 0.440156
v 0.205608 -0.198277 -0.081192
v 0.211902 -0.174537 -0.105843
v 0.233734 -0.231041 -0.291629
v 0.238266 -0.220983 -0.272097
v -0.046987 0.261658 0.606088
v 0.344584 -0.076638 -0.124493
v 0.359932 -0.081410 -0.111932
v 0.360363 0.260368 0.412345
v 0.358318 0.271760 0.411602
v 0.350681 0.310071 0.412047
v -0.021777 -0.260009 -0.273849
v 0.000373 -0.269063 -0.276049
v -0.045601 -0.252813 -0.284557
v -0.041689 -0.254491 -0.308908
v -0.012522 -0.264920 -0.284495
v 0.056152 0.237830 -0.192773
v -0.109868 0.298592 0.024128
v -0.066783 0.304787 0.029891
v 0.428293 0.090730 0.261894
v 0.438132 0.081671 0.257765
v 0.432503 0.088654 0.237665
v 0.445185 0.070889 0.260852
v 0.218359 -0.187832 -0.089803
v 0.454739 -0.000179 0.018278
v 0.440341 -0.005248 -0.008106
v 0.450467 -0.001736 0.005254
v -0.006576 -0.288639 -0.057962
v -0.017768 -0.287656 -0.074575
v -0.144257 -0.295491 0.008912
v -0.134099 -0.290142 0.022535
v 0.448599 0.016622 0.008529
v 0.449636 0.034426 0.018695
v 0.444885 0.046266 0.004799
v 0.235016 -0.075767 0.437901
v 0.239961 -0.099719 0.436960
v 0.441773 0.073298 0.217073
v 0.434824 0.067022 0.199459
v 0.445622 0.072460 0.229202
v 0.439174 0.082043 0.230360
v 0.060216 0.272564 0.028796
v -0.401135 -0.096574 -0.094469
v -0.407458 -0.091831 -0.113864
v -0.401299 -0.096493 -0.105152
v 0.291374 0.181243 0.117399
v 0.257763 0.032008 -0.177874
v 0.248509 0.017239 -0.182989
v 0.242407 0.021743 -0.191052
v 0.245468 0.008386 -0.182486
v 0.263155 0.017914 -0.176826
v -0.119136 0.264715 -0.242939
v -0.251561 -0.257952 -0.029791
v -0.146871 0.161164 0.220565
v -0.139853 0.179154 0.205240
v -0.161930 0.168105 0.213709
v -0.169149 0.174570 0.204824
v 0.408987 0.056489 -0.066556
v 0.195679 -0.225309 -0.320570
v 0.192850 -0.223648 -0.311281
v 0.169627 -0.218178 -0.311262
v -0.114551 -0.305847 -0.055793
v -0.128902 -0.298108 -0.040803
v -0.135202 0.275625 -0.191894
v -0.137279 0.267833 -0.206185
v 0.149242 -0.102652 -0.336622
v 0.107829 0.244247 -0.264956
v 0.223670 0.212137 0.082217
v 0.218855 0.213908 0.072344
v 0.206977 0.212267 0.090422
v -0.145031 0.173027 -0.330333
v -0.173370 0.163861 -0.331594
v -0.173502 0.176322 -0.333855
v -0.314993 0.161475 0.122182
v 0.120188 -0.194292 -0.265837
v 0.127340 -0.190971 -0.263316
v 0.114487 -0.185564 -0.249342
v 0.133749 -0.197287 -0.281014
v 0.456405 -0.059176 0.044105
v 0.444765 -0.060877 0.004906
v -0.153339 0.269760 -0.183395
v -0.146421 0.277458 -0.160694
v 0.281083 0.137777 0.400381
v 0.077567 -0.192232 -0.330803
v 0.357269 0.168712 -0.008957
v 0.371517 0.157212 0.006418
v 0.366987 0.160021 -0.009934
v 0.029023 0.257065 -0.278285
v 0.024080 0.248777 -0.254837
v 0.047396 0.239311 -0.246377
v 0.033784 0.245615 -0.246109
v -0.053060 0.161781 0.214408
v -0.070368 0.141671 0.235941
v -0.284296 -0.017787 -0.330085
v -0.278370 -0.061229 -0.327801
v -0.283487 -0.034461 -0.330402
v 0.358621 0.102832 0.461481
v 0.368691 0.132210 0.468532
v 0.368346 0.105088 0.452973
v 0.373616 0.129868 0.454481
v 0.143976 0.210796 0.080514
v 0.155120 0.215516 0.063290
v 0.341591 0.326331 0.456869
v 0.344295 0.315224 0.465748
v 0.295571 0.187084 0.486425
v 0.286002 0.265331 0.504399
v 0.296420 0.272272 0.521562
v -0.184013 -0.095672 0.277720
v -0.204524 -0.105577 0.267834
v -0.163475 -0.102811 0.277266
v 0.406053 -0.139955 0.070426
v 0.401368 -0.145879 0.052116
v 0.226106 -0.122870 -0.236916
v -0.093222 -0.009470 -0.306176
v -0.096265 -0.019320 -0.306525
v -0.098011 -0.037510 -0.306399
v 0.146626 -0.199966 0.075836
v 0.147156 -0.203039 0.034197
v 0.148407 -0.200852 0.053794
v 0.277223 0.192201 0.448607
v 0.278080 0.188157 0.434347
v 0.279932 0.178480 0.452001
v 0.278642 0.262741 0.489029
v 0.275817 0.281841 0.477538
v 0.275795 0.248411 0.471304
v 0.060290 0.097500 0.493189
v 0.026245 0.109180 0.493043
v 0.051217 0.081283 0.483448
v 0.098340 0.054037 0.473900
v 0.103872 0.047413 0.464750
v 0.110472 0.055395 0.474111
v 0.096990 0.256719 -0.273966
v -0.400168 0.100913 0.012177
v -0.398511 0.098421 0.028778
v -0.286714 -0.213550 -0.102289
v -0.297371 -0.206918 -0.111488
v 0.012216 -0.220511 0.072487
v 0.023644 -0.241575 0.055452
v 0.027017 -0.218370 0.072741
v -0.019663 -0.235610 -0.240403
v -0.007950 -0.237575 -0.240459
v 0.011076 -0.222809 -0.222884
v 0.017261 -0.218076 -0.224311
v -0.258583 -0.164813 0.173412
v -0.302258 0.094168 0.205923
v -0.255649 0.072883 0.249106
v -0.283065 0.089912 0.222680
v 0.109914 0.070134 0.483284
v 0.079217 0.081858 0.484121
v 0.084687 0.098702 0.502339
v 0.077137 0.107875 0.511057
v 0.054122 0.109016 0.501082
v 0.282812 0.208917 0.479858
v 0.278876 0.214971 0.473834
v 0.191799 -0.216532 0.056114
v 0.193618 -0.213089 0.038520
v 0.191718 -0.215454 0.065163
v 0.275456 0.461831 0.578566
v 0.279982 0.455041 0.588333
v 0.081551 0.059261 0.474057
v 0.088677 0.054736 0.464942
v 0.157719 0.207788 0.110799
v -0.327931 -0.189846 -0.128332
v -0.340079 -0.184269 -0.137428
v -0.314467 -0.197599 -0.143685
v -0.297173 -0.211853 -0.152406
v -0.318631 -0.195660 -0.124739
v 0.094143 0.086436 0.492988
v 0.075480 0.092959 0.493161
v 0.066121 0.081504 0.484638
v 0.064056 0.066062 0.474762
v -0.354936 0.177890 0.005761
v 0.300100 0.453056 0.608860
v 0.293623 0.445400 0.604651
v 0.285840 0.446163 0.595153
v 0.170756 0.027702 0.481976
v -0.377476 -0.140671 -0.095928
v 0.344371 -0.171399 0.122686
v -0.433445 -0.103687 -0.120619
v -0.451275 -0.099552 -0.116273
v 0.301518 0.459052 0.604287
v 0.288822 0.458879 0.600198
v -0.223973 -0.259396 0.001812
v -0.213165 -0.266004 0.016627
v 0.368230 0.119033 0.220804
v 0.354351 0.120467 0.206615
v 0.314724 0.128079 0.198965
v -0.419990 0.047018 -0.276581
v -0.382087 0.044866 -0.299587
v -0.443706 0.055546 -0.255843
v -0.058517 0.198240 0.519918
v -0.050701 0.206020 0.516658
v 0.111954 0.204043 0.117823
v 0.121858 0.210503 0.098907
v 0.119426 0.215570 0.074594
v 0.224488 -0.003382 0.449087
v 0.068978 -0.206905 -0.230763
v -0.057411 0.214206 0.522391
v -0.057477 0.204751 0.520234
v 0.343042 0.120996 0.196822
v 0.326835 0.125097 0.205615
v 0.294057 0.127546 0.220151
v 0.464725 -0.037359 0.414971
v 0.468040 -0.060840 0.405722
v 0.333888 -0.198810 0.009416
v 0.336121 -0.199482 0.051491
v 0.418278 -0.246419 0.239147
v 0.435948 -0.240978 0.240164
v 0.126843 0.011434 -0.333613
v 0.131609 0.001613 -0.319350
v -0.192317 -0.265236 -0.164351
v -0.208734 -0.266640 0.032383
v -0.198074 -0.274980 0.027546
v 0.308443 0.121955 0.350487
v 0.314258 0.121703 0.342413
v 0.279101 -0.060908 -0.322070
v 0.031712 -0.271228 0.015221
v 0.383009 0.296139 0.511060
v 0.364085 0.289620 0.495593
v 0.386180 0.319867 0.527529
v 0.388639 0.300351 0.519921
v 0.390519 0.312538 0.529548
v 0.065270 0.216055 -0.226005
v 0.056306 0.228092 -0.227024
v 0.289556 0.121671 0.365210
v 0.290000 0.147982 0.377071
v -0.190751 0.149682 -0.331958
v -0.190932 0.135738 -0.331079
v 0.386356 0.265788 0.513999
v 0.387103 0.287723 0.510223
v 0.389176 0.287862 0.520111
v 0.387510 0.271899 0.507606
v 0.309538 -0.024355 -0.314677
v 0.301753 -0.026716 -0.304993
v -0.265630 -0.176681 -0.303212
v -0.256677 -0.195206 -0.300727
v -0.348852 -0.180775 -0.057647
v 0.304209 -0.083035 0.452429
v 0.330281 -0.077354 0.453047
v 0.260848 -0.114531 0.440233
v 0.280936 -0.096100 0.447968
v 0.286455 -0.050792 -0.323438
v 0.291650 -0.038897 -0.314632
v 0.066430 -0.213873 0.034057
v -0.188632 0.216455 -0.320682
v -0.155479 0.222983 -0.320884
v -0.168325 0.210099 -0.329695
v -0.190946 0.218716 -0.311877
v -0.173403 0.221576 -0.293397
v 0.277630 0.419412 0.547233
v 0.229118 -0.047921 0.435626
v 0.332624 0.435047 0.614600
v 0.342611 0.431298 0.611121
v 0.402263 0.073326 0.390254
v 0.418370 0.047278 0.387226
v 0.410359 0.062880 0.385441
v 0.345395 0.038625 -0.326561
v 0.348313 0.029841 -0.325346
v 0.258030 0.022288 0.456261
v 0.252444 0.006482 0.453533
v 0.263418 0.001605 0.450738
v 0.249028 -0.018233 0.448555
v -0.489579 0.050475 -0.117006
v 0.227064 0.148842 -0.329179
v 0.219872 0.144772 -0.336012
v 0.213903 0.151180 -0.326160
v 0.370740 0.398755 0.600658
v 0.352718 0.385680 0.601577
v 0.376194 0.104515 0.395089
v 0.048763 0.039779 -0.307151
v 0.058371 0.019774 -0.308309
v 0.086319 0.000583 -0.335888
v -0.111877 -0.306982 -0.070028
v -0.094511 -0.307785 -0.077961
v -0.060339 0.315051 -0.073564
v -0.078232 0.309546 -0.072280
v -0.072850 0.313110 -0.058689
v -0.017690 0.321575 -0.084198
v 0.418113 -0.224816 0.338718
v 0.261967 -0.156523 0.410760
v 0.337868 0.350420 0.475586
v 0.331433 0.380785 0.493470
v 0.265031 0.026201 0.452759
v 0.275284 0.017858 0.449569
v 0.281727 0.035721 0.445537
v 0.262906 0.099466 -0.263689
v 0.028278 0.190619 0.623757
v 0.042110 0.189618 0.602445
v 0.433456 -0.141123 0.401556
v -0.355642 0.153318 -0.067281
v -0.342492 0.177418 -0.049700
v -0.348195 0.166161 -0.065312
v -0.182898 0.278708 -0.025999
v -0.199623 0.272895 -0.035189
v -0.197532 0.268821 -0.016559
v -0.188863 0.272567 0.015643
v 0.186648 0.151543 -0.319267
v 0.192140 0.150299 -0.311217
v 0.202183 0.153194 -0.335900
v 0.190762 0.163547 -0.335095
v -0.046230 0.250186 0.565451
v -0.021674 0.228742 0.559117
v -0.039282 0.251241 0.577572
v 0.379431 -0.214142 0.156082
v 0.417394 -0.203306 0.161850
v 0.325673 -0.223951 0.352424
v 0.341927 -0.244136 0.327613
v 0.462361 -0.085956 0.404212
v 0.466961 -0.085047 0.395742
v -0.253239 -0.233058 -0.198984
v -0.018707 0.233076 0.571671
v -0.003945 0.219117 0.561541
v -0.464822 -0.070015 -0.091621
v -0.471526 -0.051912 -0.084743
v 0.193216 -0.158846 -0.210905
v -0.206235 0.268395 0.002191
v 0.091241 0.250873 -0.047164
v 0.314470 -0.182650 0.160967
v 0.314223 -0.172289 0.153413
v 0.320752 -0.170927 0.144387
v -0.205695 -0.191591 0.145289
v -0.204451 -0.176616 0.176703
v -0.203120 -0.139123 -0.328924
v -0.188032 -0.152223 -0.327347
v -0.195993 -0.131972 -0.324804
v -0.370526 0.018911 -0.308757
v -0.272277 -0.195561 -0.221112
v -0.268319 -0.187798 -0.237519
v -0.238151 -0.201999 -0.247549
v 0.103235 -0.130403 0.206837
v 0.157215 -0.100123 0.230959
v 0.133252 -0.105740 0.235169
v -0.311793 -0.093113 0.209584
v -0.306713 -0.080922 0.219461
v -0.043455 0.182753 0.535601
v -0.037293 0.191095 0.551418
v 0.015485 0.154424 0.535953
v 0.250703 -0.050267 -0.176821
v 0.448606 -0.008979 0.422746
v 0.436562 0.007095 0.422975
v 0.435781 0.018730 0.413868
v 0.078218 -0.168141 -0.216677
v 0.071663 -0.163813 -0.206092
v 0.383982 -0.147190 0.141865
v 0.398998 -0.136042 0.151756
v 0.396787 -0.149637 0.151438
v 0.169080 0.123616 0.255562
v -0.246856 0.028338 -0.321645
v 0.429730 0.030544 0.405089
v 0.424325 0.036212 0.395478
v 0.380008 0.393399 0.592283
v 0.377177 0.399716 0.592051
v 0.368750 0.406222 0.601322
v 0.213131 -0.075748 -0.223696
v 0.216328 -0.104482 -0.219242
v 0.128890 0.187258 -0.068027
v 0.136372 -0.185689 -0.330946
v 0.130301 -0.201019 -0.327407
v 0.142153 -0.197956 -0.327145
v 0.137845 -0.205399 -0.320434
v 0.371963 -0.258864 0.317086
v -0.092160 -0.180397 0.208361
v -0.213443 -0.209981 -0.321236
v -0.189318 -0.210310 -0.326659
v -0.198763 -0.216495 -0.319871
v -0.031339 0.307184 0.033949
v -0.035055 0.318261 0.010371
v -0.028140 0.321684 -0.007120
v -0.214080 0.262424 -0.147632
v -0.059893 -0.296415 0.023340
v -0.059057 -0.290766 0.042764
v -0.065026 -0.284029 0.055758
v -0.050336 0.262738 0.595020
v -0.056443 0.259088 0.578953
v 0.432690 -0.108440 0.058333
v 0.089908 0.260575 -0.029172
v 0.088742 0.261594 -0.045413
v 0.084723 0.271071 -0.030700
v -0.200628 0.024857 0.285106
v -0.202488 0.042642 0.282565
v -0.063399 -0.294672 0.033259
v -0.045701 -0.292856 0.022680
v -0.047363 -0.292447 0.034319
v 0.302878 0.331838 0.543302
v 0.420450 -0.062224 -0.047786
v 0.009450 0.302752 -0.141632
v 0.145865 0.133238 -0.333637
v 0.135153 0.160074 -0.332403
v -0.297548 0.213095 -0.165935
v -0.310839 0.192344 -0.170531
v 0.476741 -0.158578 0.203581
v 0.479997 -0.172578 0.215649
v 0.470072 -0.138655 0.193895
v 0.109241 0.227304 0.012073
v 0.103336 0.229021 -0.004820
v 0.090434 0.233608 0.011213
v 0.091711 0.235721 -0.001862
v 0.069816 -0.210028 -0.035131
v -0.109661 -0.277990 -0.218260
v -0.344144 -0.058932 -0.311460
v -0.357389 -0.026074 -0.313235
v -0.347951 -0.070117 -0.306690
v 0.485417 -0.086501 0.225575
v 0.053606 0.123391 0.585022
v 0.043167 0.127002 0.607526
v -0.120811 -0.265520 0.077935
v -0.278204 0.090378 -0.306124
v -0.271826 0.081599 -0.316574
v 0.048905 -0.209168 -0.330242
v -0.216280 0.270016 -0.104079
v -0.140695 -0.178941 -0.328973
v -0.143693 -0.152755 -0.298895
v -0.097287 0.202481 0.167293
v -0.112639 0.202808 0.159629
v -0.328008 0.196478 -0.057352
v -0.072020 0.315695 -0.043478
v -0.130307 -0.150676 -0.299667
v -0.391990 -0.089475 0.072027
v -0.399006 -0.030169 0.085634
v -0.396013 -0.074531 0.074632
v 0.159472 -0.193809 0.124521
v 0.173605 -0.184289 0.142304
v 0.158067 -0.186030 0.138590
v 0.157394 -0.200009 0.097821
v -0.005638 -0.236550 -0.329867
v -0.014579 -0.210518 -0.329224
v 0.397965 -0.125955 -0.045333
v -0.342725 -0.125017 0.138255
v -0.320314 -0.139723 0.156038
v -0.016420 -0.123429 0.243200
v 0.281282 0.445504 0.496643
v 0.292824 0.442732 0.483701
v 0.292284 0.432865 0.473551
v 0.306317 0.434997 0.474169
v 0.021384 0.288609 0.046844
v -0.413878 0.001129 0.036732
v -0.402890 0.002641 0.083040
v 0.447411 0.033730 0.003035
v -0.024024 -0.185814 -0.298667
v -0.015520 -0.242715 -0.329688
v -0.022935 -0.224456 -0.330153
v 0.214788 -0.082163 0.340771
v 0.412186 -0.096506 -0.044375
v 0.074706 0.287105 -0.064743
v 0.076118 0.287324 -0.052997
v -0.021934 -0.153340 -0.302510
v 0.241375 0.036356 0.475652
v 0.247637 0.014360 0.458444
v -0.057014 0.182411 0.182710
v -0.258562 0.203855 -0.248206
v -0.250926 0.206633 -0.256746
v -0.426394 -0.029283 -0.279824
v -0.435238 -0.005261 -0.276205
v -0.412024 0.041396 0.043051
v -0.199255 0.218328 0.084567
v -0.196740 0.231386 0.067692
v -0.502954 0.038346 -0.164139
v 0.224667 0.080577 0.391196
v 0.204004 0.086251 0.394942
v 0.180796 0.089417 0.397476
v 0.184518 0.096154 0.408374
v -0.022597 -0.172913 -0.301240
v 0.303813 -0.138884 -0.119542
v 0.288940 -0.148006 -0.119393
v 0.286841 -0.126382 -0.134565
v 0.305023 -0.151632 -0.108542
v -0.282080 -0.231174 0.032109
v 0.090667 -0.211671 0.082994
v 0.100812 -0.205970 0.085594
v 0.075658 0.098978 0.588630
v 0.075958 0.107095 0.597620
v 0.069237 0.103506 0.588494
v -0.430210 -0.039610 -0.086169
v -0.420822 -0.047520 -0.082903
v -0.443867 -0.040403 -0.081678
v -0.434412 -0.031856 -0.082594
v 0.219491 -0.072444 -0.180693
v 0.225034 -0.106640 -0.160872
v -0.182818 0.119417 -0.328220
v -0.291913 -0.229984 -0.026009
v -0.284418 -0.238975 -0.044791
v 0.344784 0.326028 0.410767
v 0.341184 0.304017 0.404160
v -0.074388 -0.206124 0.156263
v -0.084439 -0.212192 0.139351
v 0.144464 -0.162494 0.165999
v 0.131565 -0.158743 0.169882
v 0.456652 -0.183044 0.311577
v 0.004896 0.107185 0.474840
v 0.020468 0.095589 0.484151
v 0.038343 0.079756 0.475189
v 0.319611 -0.208639 0.012361
v 0.329430 0.153717 -0.075510
v 0.336249 0.144738 -0.079630
v 0.352750 0.133891 -0.072585
v -0.126904 0.080383 -0.303814
v -0.111245 0.053227 -0.305310
v -0.106636 0.026674 -0.310103
v -0.118546 0.057296 -0.307585
v 0.446041 -0.177198 0.356493
v 0.127331 0.261635 -0.336326
v 0.137214 0.261268 -0.334565
v 0.117469 0.267761 -0.330068
v 0.477035 -0.034058 0.288064
v 0.476143 -0.017993 0.289619
v 0.085203 -0.040379 0.257370
v -0.344250 -0.071810 0.179477
v -0.340834 -0.046103 0.188246
v 0.305921 -0.198141 -0.042902
v 0.299674 -0.212645 -0.015761
v 0.194946 0.074215 0.289123
v 0.183577 0.065511 0.281471
v 0.203370 0.089308 0.278452
v 0.192932 0.083237 0.275937
v -0.380180 0.099229 -0.172001
v 0.446041 0.057644 0.283816
v -0.247669 0.209142 0.100372
v -0.263949 0.196410 0.106743
v -0.249109 0.213756 0.089635
v -0.256603 0.213461 0.078968
v 0.350446 -0.193091 0.051217
v 0.376726 -0.175068 0.020442
v 0.017818 -0.217133 -0.215103
v 0.030230 -0.202078 -0.216641
v 0.024005 -0.209541 -0.215857
v 0.030622 -0.209722 -0.224962
v 0.139953 0.149819 -0.160416
v 0.117787 0.154811 -0.153181
v 0.489355 -0.059228 0.248950
v 0.484777 -0.070699 0.271727
v -0.091931 -0.291191 -0.144360
v -0.077313 -0.290041 -0.158773
v -0.058048 -0.288260 -0.155090
v 0.421372 -0.230755 0.180198
v 0.430416 -0.235946 0.193236
v 0.410988 -0.240230 0.192016
v -0.133999 -0.177835 -0.329273
v 0.459264 0.030583 0.307192
v 0.470918 -0.002904 0.296834
v 0.454777 0.044862 0.298881
v -0.483098 -0.096568 -0.139163
v -0.279910 -0.186986 -0.221518
v -0.440542 0.099234 -0.166369
v -0.444096 0.092269 -0.152809
v 0.048279 0.209737 0.139839
v 0.044205 0.214237 0.132579
v -0.119838 -0.159254 -0.298678
v 0.426583 -0.244290 0.209549
v 0.320650 -0.068441 0.454178
v 0.341137 -0.060536 0.453925
v 0.002383 0.211949 0.142500
v 0.024943 0.206309 0.150621
v 0.010370 0.195105 0.165496
v 0.318606 0.404199 0.446781
v 0.311333 0.389855 0.435848
v 0.311203 0.400110 0.442709
v 0.119285 0.114785 -0.307717
v 0.146722 0.096293 -0.334153
v 0.109950 0.102088 -0.306555
v 0.056607 0.104992 -0.306600
v -0.170135 0.036057 -0.330082
v -0.165661 0.049340 -0.333804
v 0.314788 0.172346 0.085932
v 0.222338 -0.031602 -0.258578
v 0.247564 -0.007034 -0.255265
v 0.152383 0.020865 0.278446
v 0.133556 0.031473 0.274270
v 0.145174 0.082613 -0.335504
v 0.323891 0.410867 0.464175
v 0.319339 0.420769 0.464959
v 0.319240 0.414097 0.455427
v 0.062394 -0.170562 -0.151776
v -0.270767 -0.237188 -0.095840
v -0.257992 -0.250185 -0.088644
v 0.024608 0.318807 -0.081737
v 0.015741 0.315241 -0.106411
v 0.027871 0.312454 -0.099331
v 0.163223 0.151891 -0.167472
v 0.177038 0.157354 -0.146906
v -0.330579 -0.025386 -0.322088
v -0.366423 0.001085 -0.311944
v -0.007611 -0.246046 -0.211371
v -0.034894 -0.260070 -0.190238
v 0.264843 -0.057848 -0.305481
v 0.256247 -0.066025 -0.287365
v -0.082297 -0.164136 -0.299808
v -0.071886 -0.173354 -0.299605
v -0.086855 -0.190036 -0.327897
v -0.014376 -0.260926 -0.174936
v -0.031169 -0.261846 -0.182037
v -0.015869 -0.256372 -0.198194
v -0.026914 -0.271988 -0.159566
v 0.257829 0.063358 0.446063
v 0.242132 0.078046 0.444254
v 0.112401 -0.160763 0.162741
v 0.091381 -0.138369 0.194790
v -0.043931 -0.259370 -0.216777
v -0.046702 -0.265654 -0.193743
v 0.258409 -0.224637 -0.323447
v 0.262152 -0.055518 -0.296963
v 0.263189 -0.064997 -0.296795
v 0.221801 -0.096081 -0.333688
v 0.193646 -0.103938 -0.335746
v 0.308894 0.115500 -0.335516
v 0.292225 0.112701 -0.336242
v 0.292437 0.123154 -0.336895
v 0.295217 0.121523 -0.323696
v -0.057063 -0.271931 0.069615
v -0.283532 -0.177805 -0.258146
v -0.273452 -0.183173 -0.246522
v 0.023566 0.194138 0.530424
v 0.059615 0.181284 0.520585
v 0.182620 -0.202748 -0.329782
v 0.271481 0.112226 0.340219
v 0.330260 -0.268518 0.203571
v 0.342759 -0.270919 0.204719
v 0.323224 -0.259491 0.191915
v -0.260343 0.230725 0.017069
v -0.237186 0.243577 0.021049
v -0.241640 0.246871 0.003028
v -0.258856 0.219114 0.047563
v -0.021264 -0.295200 -0.009093
v -0.006738 -0.301086 -0.017312
v -0.035690 -0.298137 -0.007208
v 0.317458 -0.264695 0.206333
v -0.411792 0.060497 -0.070094
v -0.415145 0.049569 -0.061826
v -0.411225 0.069901 -0.051322
v -0.419499 0.039446 -0.084146
v -0.171461 0.033531 -0.319491
v 0.231433 -0.191737 -0.082698
v 0.394854 0.095919 0.340312
v 0.403391 0.086694 0.328475
v 0.395245 0.096262 0.321728
v 0.276758 0.468331 0.541557
v 0.273559 0.467179 0.564998
v 0.278892 0.469328 0.567298
v 0.227350 -0.031190 -0.338931
v 0.226165 -0.044738 -0.341009
v -0.227117 0.176081 0.169231
v -0.222435 0.163217 0.196728
v -0.231794 0.177862 0.155433
v 0.047276 0.282086 -0.126518
v 0.363849 0.013921 -0.125607
v 0.340563 0.016941 -0.147283
v 0.407035 -0.246398 0.230442
v 0.293494 -0.020044 -0.334313
v 0.282789 -0.044283 -0.332372
v 0.280988 -0.022138 -0.335387
v 0.263105 -0.057030 -0.335085
v 0.198443 -0.134670 0.262911
v 0.202415 -0.139224 0.246384
v 0.190058 -0.114927 0.272965
v 0.182252 -0.102903 0.263189
v -0.075520 -0.200143 -0.328862
v -0.068517 -0.199422 -0.329692
v -0.058077 -0.208175 -0.328982
v -0.124173 0.268287 -0.206456
v -0.125136 0.266539 -0.214819
v 0.212995 -0.143835 0.280901
v -0.081314 0.273828 0.067840
v -0.079069 0.299659 0.037685
v -0.093627 0.290005 0.051193
v -0.066605 0.292255 0.051967
v 0.147729 0.030099 0.438263
v 0.131785 0.037576 0.446261
v 0.099232 -0.068471 -0.334780
v 0.208876 0.154268 -0.336185
v -0.075488 0.110953 0.263778
v -0.054044 0.091368 0.266965
v -0.077705 0.133980 0.248281
v 0.200097 -0.121638 0.291517
v 0.258199 0.053773 -0.243499
v 0.254089 0.054442 -0.235262
v -0.109707 0.308151 -0.021569
v -0.108123 0.304121 -0.041955
v 0.201495 0.127692 -0.247681
v 0.356015 0.138885 -0.061579
v 0.337586 -0.118165 0.444339
v 0.373925 -0.126038 0.437277
v -0.077046 -0.210674 0.106528
v -0.065310 -0.210739 0.126775
v -0.068083 -0.211380 0.139509
v -0.140144 0.297202 -0.055845
v -0.116013 0.302198 -0.043897
v -0.070368 -0.297751 0.009115
v -0.071366 -0.296831 0.025104
v -0.084688 -0.297146 0.008239
v -0.081692 -0.295382 -0.013620
v -0.184743 -0.144918 -0.319721
v -0.185728 -0.135211 -0.315024
v 0.035009 -0.280184 -0.013368
v 0.038523 -0.266575 0.010822
v -0.177298 0.129012 0.246036
v -0.354728 0.078196 -0.296756
v -0.335984 0.085500 -0.296224
v -0.027663 0.199461 0.516710
v -0.196170 0.198358 -0.331139
v -0.300867 0.093692 -0.296010
v -0.043912 0.240461 -0.273321
v -0.029594 0.243614 -0.273251
v -0.371439 -0.129332 -0.184282
v -0.366546 -0.133301 -0.180227
v -0.078402 0.298550 -0.131340
v 0.154559 -0.182955 -0.226280
v -0.107119 -0.294915 -0.134749
v -0.014486 -0.249837 -0.211872
v -0.023075 -0.250312 -0.214750
v -0.016071 -0.234986 -0.231882
v -0.131367 0.138826 -0.300837
v 0.178915 -0.198421 -0.081194
v 0.191798 -0.197049 -0.081434
v 0.087799 -0.177429 -0.156523
v 0.099548 -0.180907 -0.171517
v 0.120645 -0.193741 -0.158326
v -0.055759 -0.261625 -0.215626
v -0.058540 -0.255631 -0.229957
v -0.050382 -0.245486 -0.239769
v 0.204003 0.158007 0.215578
v 0.184775 -0.167085 -0.207619
v 0.424104 -0.081163 0.140025
v 0.436877 -0.041893 0.140282
v -0.138341 -0.290369 -0.093717
v 0.105631 -0.191714 -0.144607
v 0.350813 -0.183354 0.149612
v 0.365592 -0.172919 0.145188
v -0.114341 -0.231846 -0.259214
v -0.139525 -0.224966 -0.268974
v -0.129167 -0.235403 -0.258647
v -0.353948 0.175143 0.020380
v -0.340238 0.183253 0.026271
v 0.308618 -0.145755 -0.309489
v 0.357448 0.154972 0.086816
v 0.191048 -0.012000 0.333139
v 0.009641 0.191817 0.647604
v -0.010112 0.129096 0.475928
v 0.024892 0.120110 0.459441
v 0.020883 0.130703 0.464800
v 0.289801 -0.146124 -0.266351
v 0.435677 -0.238518 0.290045
v 0.427026 -0.246201 0.293667
v 0.195285 -0.222829 0.006099
v 0.200841 -0.221630 -0.005956
v 0.185353 -0.218988 -0.007229
v 0.185813 -0.220505 0.007351
v 0.108152 0.180606 0.178622
v -0.316673 0.000872 0.217134
v -0.319429 -0.131247 0.171620
v -0.347862 -0.108286 0.151952
v -0.416887 -0.054850 -0.073775
v 0.296990 -0.174748 -0.290372
v 0.127474 0.037189 0.455154
v 0.137013 0.033830 0.455458
v 0.131387 0.040904 0.463976
v 0.145131 0.029285 0.445988
v -0.035194 0.017638 0.278930
v -0.054486 0.040859 0.280878
v 0.375109 0.196238 0.496939
v 0.382854 0.230350 0.497151
v 0.377239 0.229055 0.510552
v 0.373373 0.219427 0.511664
v 0.276421 0.087695 -0.157887
v 0.263468 0.089175 -0.158055
v 0.315047 0.035455 -0.157998
v 0.322184 0.022094 -0.158408
v -0.088372 0.302278 -0.108187
v -0.102336 0.299858 -0.091637
v -0.340587 0.151652 0.102349
v -0.246683 0.130464 -0.313076
v -0.246224 -0.199806 -0.238058
v -0.214947 -0.210999 -0.256755
v 0.027968 -0.264054 0.033060
v 0.021266 -0.257482 0.047903
v 0.178066 0.175380 0.178533
v 0.158041 0.175603 0.178106
v 0.383811 0.062852 0.432161
v -0.269625 0.113107 -0.293710
v 0.044761 0.147456 0.625365
v -0.396940 0.101502 -0.040949
v -0.401430 0.094301 -0.051448
v -0.159807 -0.223240 -0.322285
v -0.149719 -0.222887 -0.324351
v -0.153729 -0.224424 -0.312965
v 0.361617 0.053007 0.445166
v 0.351456 0.022114 0.448983
v 0.192419 0.011284 -0.322181
v 0.008029 0.119515 0.236469
v -0.014039 0.092205 0.253301
v 0.104685 0.136526 0.584868
v 0.099755 0.144292 0.584106
v 0.085415 0.132073 0.598826
v 0.112385 0.145771 0.569013
v -0.137423 -0.142368 0.249509
v -0.034281 0.147620 0.501230
v -0.032259 0.147145 0.491145
v -0.025510 0.141614 0.503026
v -0.039835 0.153922 0.500617
v 0.246131 -0.220880 0.029070
v -0.412910 -0.123778 -0.240786
v -0.338868 0.120461 0.144222
v -0.350853 0.124299 0.125811
v -0.324444 0.124922 0.161672
v -0.138920 -0.295841 -0.028496
v 0.255226 -0.116715 -0.148758
v -0.027259 0.137306 0.491384
v 0.131657 0.260209 -0.324389
v 0.144383 0.250044 -0.318783
v -0.349501 0.059170 0.169702
v 0.225907 -0.150563 0.190149
v 0.225047 -0.151931 0.199232
v 0.216855 -0.147958 0.189849
v 0.219813 -0.155567 0.178316
v -0.291219 0.109413 -0.276163
v -0.335269 0.115041 -0.228179
v 0.384834 0.078954 0.418531
v 0.382674 0.070218 0.431254
v 0.087222 0.188605 -0.143935
v 0.090872 0.198397 -0.114677
v 0.091531 0.270560 -0.325667
v 0.302172 -0.235594 0.192047
v 0.344664 0.128265 0.269962
v 0.328150 0.129916 0.272815
v -0.360413 0.111806 -0.205213
v 0.245832 0.034794 -0.190967
v -0.334898 -0.103486 -0.291355
v -0.311728 -0.091959 -0.307009
v -0.322924 -0.103519 -0.294829
v 0.332883 0.128829 0.282168
v 0.327206 0.126549 0.295766
v 0.363902 0.122923 0.276209
v -0.181326 0.281811 -0.045728
v 0.375840 0.099331 0.175583
v 0.391960 0.085136 0.171467
v 0.367947 0.106630 0.186748
v -0.107513 0.254961 -0.255659
v -0.100071 0.236378 -0.273652
v 0.122176 -0.101707 0.238524
v -0.171004 -0.283355 0.023941
v 0.386679 0.110405 0.220531
v 0.373027 0.117223 0.235090
v 0.375349 0.149444 -0.009272
v 0.392374 0.131184 -0.007514
v 0.399248 0.121240 0.011518
v -0.310556 0.197245 -0.160453
v -0.331782 0.185721 -0.135643
v 0.036658 0.313253 -0.079141
v 0.121898 -0.079350 0.250914
v 0.472654 -0.156129 0.194351
v 0.310267 0.167388 0.492152
v 0.426875 0.090825 0.225771
v 0.426487 0.077030 0.202711
v 0.062740 0.177623 -0.304191
v 0.033537 0.156693 -0.304183
v 0.192306 0.145483 -0.170817
v 0.195085 0.148701 -0.155332
v 0.166020 -0.079707 0.248644
v 0.171141 -0.095826 0.234030
v 0.205686 -0.192715 -0.251175
v 0.302627 0.198618 0.385550
v -0.147941 0.153303 0.230265
v 0.364122 -0.247591 0.175631
v -0.046205 -0.218249 0.093921
v 0.176923 -0.072940 0.288768
v 0.164348 -0.053579 0.271213
v 0.158507 -0.048284 0.265927
v 0.168159 0.212868 0.044140
v 0.155902 0.217774 0.044827
v -0.127108 0.198838 0.175179
v -0.117248 0.199231 0.163316
v -0.134669 0.201287 0.166083
v -0.110270 -0.281822 -0.208622
v -0.110704 -0.282422 -0.198546
v 0.078654 0.185091 -0.182817
v -0.264794 -0.062056 0.254635
v -0.278841 -0.072680 0.243129
v 0.043006 0.091011 -0.306835
v 0.012283 0.058290 -0.306822
v 0.045527 0.138231 -0.305618
v -0.010423 -0.261368 0.065076
v 0.075971 -0.189246 -0.077644
v 0.218122 -0.119215 -0.228831
v 0.089546 0.145683 -0.186895
v 0.095465 0.141637 -0.186085
v 0.092304 0.163879 -0.149923
v 0.153450 -0.192637 -0.257943
v 0.063257 -0.061800 -0.310219
v 0.070170 -0.052438 -0.326592
v 0.039914 -0.267472 -0.046255
v 0.035506 -0.279030 -0.033070
v 0.085361 0.074252 0.440488
v -0.290524 -0.179919 0.120892
v -0.284410 -0.190207 0.111580
v -0.053114 0.180991 0.522019
v 0.073785 -0.081947 -0.321163
v 0.075917 -0.065269 -0.329273
v 0.256395 -0.216498 0.009489
v 0.256180 -0.212366 -0.007733
v -0.343298 -0.186989 -0.018067
v -0.299178 0.033878 -0.328269
v -0.283314 0.010205 -0.332213
v -0.276828 -0.010450 -0.329057
v -0.126644 -0.292832 -0.128618
v 0.251472 -0.175868 0.283000
v 0.275889 -0.187540 0.282935
v -0.076914 0.125978 0.255097
v -0.009276 -0.232417 -0.231782
v -0.002126 -0.230416 -0.231695
v 0.011429 -0.228023 -0.232264
v 0.005003 -0.227860 -0.223189
v 0.097960 -0.246579 -0.288916
v 0.087512 -0.256021 -0.289189
v 0.243503 -0.140127 0.327390
v 0.053710 -0.067357 -0.311078
v 0.061468 -0.074827 -0.310721
v 0.029410 -0.257680 -0.247074
v 0.239738 -0.177783 0.261594
v 0.325094 0.445821 0.602821
v 0.171170 0.127623 0.484408
v -0.333182 -0.197264 -0.013748
v -0.335586 -0.199699 0.007312
v 0.006831 0.248928 -0.329972
v 0.017469 0.234899 -0.337643
v 0.405480 0.092565 0.303898
v 0.178742 0.105188 0.530157
v 0.161782 0.118675 0.539929
v 0.365523 -0.266672 0.297922
v 0.352912 -0.264599 0.281829
v 0.037046 0.216666 -0.336548
v 0.354038 0.134775 0.376661
v 0.340852 0.160058 0.373266
v 0.350922 0.166616 0.385640
v -0.019345 -0.290278 0.033391
v -0.178200 -0.244578 -0.246872
v -0.160469 -0.250519 -0.247621
v -0.466007 0.057004 -0.109342
v -0.478463 0.054390 -0.112128
v -0.007907 0.245174 -0.322986
v 0.343390 -0.265901 0.268411
v -0.334941 -0.188762 -0.073449
v 0.025709 -0.218597 -0.139900
v 0.304648 0.451182 0.537715
v 0.308675 0.449619 0.561283
v -0.015077 -0.254412 -0.326863
v -0.028354 -0.259059 -0.317775
v -0.038468 -0.254079 -0.321649
v -0.017194 -0.261781 -0.311221
v 0.437125 -0.015239 -0.033342
v 0.432417 -0.013224 -0.042481
v 0.421195 0.004665 -0.054661
v 0.419687 0.022349 -0.060292
v 0.430040 0.006826 -0.043035
v 0.067897 0.055730 0.251318
v 0.072498 -0.036567 0.254704
v 0.067962 -0.078516 0.234034
v 0.075105 -0.059117 0.247921
v 0.199135 0.074726 0.383336
v 0.184212 0.065921 0.381287
v 0.168186 0.086817 0.396058
v 0.409600 0.035325 -0.071354
v 0.415518 0.042844 -0.063491
v 0.421355 0.041926 -0.053095
v -0.020895 0.206752 0.527688
v -0.098707 0.274522 0.066463
v 0.037431 0.190321 -0.313014
v 0.035213 0.198531 -0.327406
v -0.213032 0.256974 -0.196924
v -0.236332 -0.208410 -0.237560
v 0.215890 -0.176444 0.148851
v 0.217498 -0.185599 0.135369
v 0.205955 -0.181140 0.135634
v 0.468716 -0.044475 0.405679
v -0.203639 -0.168769 0.190808
v 0.024735 0.206738 0.594004
v 0.023339 0.203624 0.610371
v -0.069772 -0.252602 -0.238371
v 0.014166 0.123881 0.464975
v 0.028111 0.109617 0.457734
v -0.243123 -0.082762 0.257074
v -0.382742 0.057330 0.120911
v -0.373613 0.054214 0.135395
v 0.097726 0.201891 0.132278
v 0.110130 0.201591 0.135523
v 0.010771 -0.269988 -0.265439
v 0.016931 -0.274456 -0.278675
v 0.022748 -0.277173 -0.294664
v 0.017903 -0.275627 -0.307874
v 0.281123 0.109852 0.396594
v -0.034517 -0.278187 -0.157442
v -0.382651 -0.090226 0.093000
v -0.374061 -0.097550 0.112194
v 0.276438 -0.190717 0.201903
v -0.165178 -0.227566 0.101605
v 0.400352 0.116537 -0.005105
v 0.282318 0.315851 0.508051
v 0.417283 0.056481 0.156565
v -0.192643 -0.113601 -0.325306
v -0.153099 -0.205336 0.119100
v -0.136796 -0.215342 0.101269
v -0.365091 -0.109501 0.120331
v -0.199919 0.147156 0.229552
v -0.189904 0.166647 0.213170
v -0.210939 0.156089 0.215445
v 0.436594 -0.032285 0.140171
v 0.305852 0.396596 0.441827
v 0.302252 0.400004 0.448790
v 0.305409 0.078584 -0.151324
v 0.048135 0.134759 0.530894
v 0.383579 -0.217444 0.373336
v 0.384315 -0.020014 -0.107380
v 0.209245 0.109709 0.259266
v 0.025596 -0.208407 0.113952
v 0.048352 -0.212304 0.093933
v 0.062971 -0.205665 0.098873
v -0.026423 0.228594 0.643624
v -0.024873 -0.245674 -0.328382
v 0.380605 0.116663 -0.061060
v 0.361995 0.125716 -0.075436
v 0.178486 0.179996 0.168518
v -0.244372 -0.151577 -0.326518
v 0.378975 0.108969 -0.074592
v -0.263416 0.237430 -0.149720
v -0.077317 -0.216221 0.097421
v 0.221343 0.211671 0.055100
v 0.043163 -0.271618 -0.323767
v 0.017267 -0.273867 -0.320282
v -0.040312 0.307164 0.031991
v 0.060321 0.226266 -0.239131
v 0.050819 0.234810 -0.237262
v 0.379383 0.095697 0.386303
v 0.474410 -0.022902 0.184860
v -0.188406 -0.276510 -0.146437
v -0.187170 -0.278867 -0.121517
v 0.025799 0.213444 0.134670
v 0.014139 0.213558 0.138993
v 0.029074 0.220758 0.118791
v -0.388042 0.117178 -0.043101
v -0.379995 0.127302 -0.046173
v -0.374289 0.133810 -0.058278
v -0.386671 0.117877 -0.054112
v 0.243098 -0.187257 -0.331753
v 0.275557 -0.167400 -0.332048
v 0.272977 -0.193969 -0.331115
v 0.381540 0.092593 0.402307
v -0.099120 -0.194001 -0.329499
v 0.069576 -0.173251 -0.141919
v 0.467876 -0.023288 0.176504
v 0.055502 -0.102332 0.225615
v 0.073673 -0.121045 0.212175
v 0.074127 -0.107656 0.220944
v 0.061679 -0.110551 0.220652
v 0.295543 0.071194 0.434166
v 0.357045 0.173096 0.394705
v 0.352089 0.191977 0.394633
v 0.346339 0.173214 0.377945
v 0.021927 -0.260108 -0.084339
v 0.066625 -0.092888 0.228098
v -0.084709 0.299064 -0.150305
v 0.244940 -0.119268 0.432875
v 0.219545 -0.011290 -0.192993
v 0.417766 0.099437 0.066502
v 0.407077 0.111541 0.067857
v 0.421868 -0.215350 0.167742
v 0.422235 -0.120968 0.070523
v -0.149199 0.184666 0.199474
v 0.426849 -0.133098 0.412594
v -0.255316 0.014315 -0.322005
v 0.043591 -0.013365 0.259173
v -0.099701 0.173880 0.199473
v -0.001472 -0.011889 -0.307749
v 0.004740 -0.088107 -0.307146
v -0.007485 -0.057573 -0.307156
v 0.278942 0.175339 -0.083220
v 0.194749 0.105082 0.432613
v 0.207063 0.100930 0.435872
v 0.195794 0.110883 0.452357
v -0.156140 0.274536 0.050745
v -0.131937 0.277324 0.054922
v 0.437896 0.016666 0.127489
v 0.437719 -0.006792 0.138898
v 0.446251 0.009869 0.111471
v -0.344048 0.114179 -0.224538
v -0.354492 0.113335 -0.209420
v 0.135726 0.022105 -0.336607
v -0.113649 0.280817 0.058257
v -0.099889 0.281910 0.059991
v 0.120049 -0.218012 -0.306987
v 0.115293 -0.222902 -0.293379
v -0.193152 -0.282050 -0.057546
v -0.178600 -0.290252 -0.073023
v -0.205430 -0.279737 -0.071016
v -0.034358 0.162252 0.210245
v -0.003264 0.172814 0.195431
v 0.037867 0.066099 -0.306462
v -0.275426 0.142437 0.187269
v -0.240282 0.148809 0.204922
v -0.259183 0.147251 0.194837
v 0.099646 0.166379 0.550744
v -0.002969 0.183809 0.185717
v -0.391662 -0.117357 -0.088331
v -0.401445 -0.097643 -0.116845
v 0.320758 -0.005703 -0.161559
v 0.307890 0.015523 -0.163578
v 0.331355 0.004284 -0.155128
v 0.336840 0.361020 0.580180
v 0.296014 0.186632 0.387115
v 0.291549 0.186759 0.391566
v 0.194464 -0.128603 0.226969
v 0.311951 0.096920 -0.289936
v -0.408348 -0.099168 -0.125453
v -0.423298 -0.091274 -0.111828
v 0.296378 0.035629 -0.162903
v 0.298209 0.047630 -0.161530
v 0.055847 0.307513 -0.036050
v 0.267021 -0.035147 -0.336082
v -0.173748 -0.254934 0.067906
v -0.105376 0.264681 -0.243199
v -0.278724 -0.237852 0.009339
v -0.449023 -0.057948 -0.085501
v 0.137701 -0.204574 -0.309011
v 0.284576 0.388062 0.486022
v -0.189148 0.219576 -0.302377
v -0.210246 0.213444 -0.303169
v -0.212094 0.216426 -0.293605
v -0.206254 0.227976 -0.274570
v -0.198509 0.220074 -0.293137
v 0.283462 0.345528 0.474845
v -0.163443 0.201738 0.137630
v -0.126163 0.208071 0.131052
v -0.123919 0.202137 0.150130
v -0.115919 0.213000 0.125654
v -0.106919 -0.294281 -0.113284
v 0.202967 -0.160897 -0.227902
v 0.211173 -0.171618 -0.237615
v 0.234976 -0.118514 -0.332453
v 0.208700 -0.110538 -0.332080
v 0.452808 0.044826 0.307571
v -0.071576 0.314598 -0.018105
v 0.197277 0.010540 0.379783
v -0.503214 -0.014834 -0.195833
v 0.476307 -0.195848 0.215418
v 0.106775 0.217037 -0.041450
v 0.102656 0.213481 -0.049918
v 0.060015 0.301627 -0.010405
v 0.051448 0.307069 -0.008471
v 0.286333 0.291968 0.435857
v 0.464254 -0.181847 0.282080
v -0.098137 -0.108348 0.274098
v -0.095934 -0.090871 0.281075
v 0.074446 0.282139 -0.016781
v 0.466577 -0.071102 0.364618
v 0.226662 -0.086625 0.389311
v 0.226492 -0.096893 0.375826
v 0.456622 -0.016103 0.027862
v 0.211065 0.172860 -0.086974
v 0.199860 0.167916 -0.097240
v 0.245227 0.018802 -0.232209
v 0.203318 0.157707 -0.115283
v 0.299096 0.189340 0.045788
v 0.313612 0.180225 0.040713
v -0.403609 -0.082869 0.026241
v -0.411646 -0.068434 -0.000401
v -0.164739 -0.293594 -0.074199
v -0.044378 0.182608 0.502877
v 0.329670 0.401404 0.531426
v 0.252370 0.034020 -0.234580
v 0.478528 -0.066381 0.289952
v -0.044436 0.171265 0.499984
v -0.407090 -0.080781 0.012134
v -0.400031 -0.105407 -0.004600
v 0.376019 0.135336 0.103180
v 0.376561 0.139155 0.089234
v 0.075629 -0.211393 0.010313
v 0.069346 -0.214188 0.019538
v 0.063350 -0.223506 0.010273
v -0.426215 -0.130811 -0.211595
v -0.428146 -0.132770 -0.197674
v 0.303546 0.103164 -0.286970
v 0.285680 0.112481 -0.286246
v 0.079222 0.183555 0.173946
v -0.009036 0.320206 0.005504
v -0.064843 0.242988 0.569148
v -0.021964 -0.207348 0.110980
v -0.028218 -0.216111 0.090823
v -0.017493 -0.214060 0.089461
v -0.080553 -0.292261 0.042266
v 0.414194 -0.258934 0.256792
v 0.343763 0.136162 0.369778
v 0.347410 0.154795 0.373994
v -0.307480 0.168786 -0.234340
v 0.203202 -0.147869 -0.150009
v -0.210773 0.227230 0.064705
v -0.213009 0.237426 0.051089
v -0.349982 0.173147 0.032688
v -0.176551 -0.289008 -0.009280
v 0.310057 0.360151 0.425288
v 0.315003 0.367563 0.426036
v 0.322949 0.356522 0.420456
v 0.308411 0.372543 0.430584
v -0.004831 -0.257568 -0.166041
v -0.188310 -0.235299 -0.248276
v -0.185512 -0.225960 -0.259034
v -0.007761 -0.200994 0.132453
v -0.003505 -0.205606 0.123996
v 0.196400 0.058753 0.375166
v 0.205056 0.060228 0.367256
v 0.307832 0.339250 0.425976
v 0.307771 0.352289 0.426550
v 0.320803 0.346026 0.415749
v -0.192789 0.268681 -0.124287
v -0.193439 0.269029 -0.114874
v 0.315428 -0.126939 -0.120530
v -0.018564 0.173261 0.539689
v -0.019945 0.186000 0.560237
v -0.185970 -0.217492 -0.268459
v -0.005781 -0.211518 0.090090
v 0.004071 -0.215962 0.082134
v 0.006891 -0.209396 0.104513
v -0.470105 -0.110699 -0.169163
v -0.006202 -0.209509 0.109663
v 0.013972 -0.205823 0.118197
v -0.001193 -0.198066 0.143785
v 0.228865 0.053356 0.489375
v 0.308298 0.001996 -0.282216
v -0.183875 -0.222351 0.113955
v -0.174837 -0.206512 0.124887
v 0.027349 -0.158699 -0.303109
v -0.203577 0.267616 -0.125179
v 0.146815 0.100282 0.559477
v 0.146713 0.111008 0.559532
v 0.138478 0.093847 0.563020
v -0.114832 0.073496 0.281810
v 0.231218 0.204676 -0.039674
v 0.246940 0.206027 -0.030283
v 0.260907 0.199462 -0.033735
v 0.385648 -0.164013 -0.001781
v 0.346917 0.024185 -0.316998
v -0.167870 0.290318 -0.051618
v 0.434805 0.004656 0.140025
v 0.113994 -0.199644 -0.064949
v -0.018941 0.243897 -0.314243
v 0.256066 -0.220758 0.047059
v 0.239758 -0.221404 0.037574
v -0.164884 -0.195896 0.136435
v -0.159956 -0.199125 0.127244
v -0.153555 -0.197619 0.136310
v -0.162677 -0.195496 0.148507
v 0.092085 0.197643 -0.329832
v 0.083885 0.187915 -0.317255
v 0.106623 0.195824 -0.333741
v 0.365804 0.312056 0.510408
v 0.360736 0.276776 0.483936
v 0.105418 -0.216615 -0.329255
v 0.121312 -0.201317 -0.328610
v 0.249896 -0.135362 0.399623
v 0.382635 0.273908 0.499537
v 0.367234 0.274030 0.488669
v 0.058652 0.116613 0.511028
v 0.344281 -0.273933 0.214758
v -0.178356 -0.074713 -0.331095
v -0.197324 -0.107116 -0.329141
v 0.464189 -0.056693 0.177523
v 0.013974 0.160953 0.642104
v -0.216991 0.170910 -0.331389
v -0.346350 -0.009272 -0.321346
v -0.320902 0.021297 -0.326558
v -0.037026 -0.210704 0.097820
v -0.172891 -0.045922 -0.329054
v -0.180581 -0.049416 -0.329336
v 0.109506 0.196671 -0.049382
v 0.104107 0.202963 -0.059380
v 0.109753 0.208236 -0.038895
v -0.444391 -0.077145 -0.254962
v -0.416319 -0.091959 -0.265962
v -0.415335 -0.078304 -0.273508
v 0.230308 0.129454 -0.136976
v 0.230720 0.120370 -0.146775
v 0.224826 0.130682 -0.146214
v 0.423154 -0.102549 -0.015181
v 0.411844 -0.111804 -0.038081
v 0.441888 -0.001583 0.158067
v 0.433888 0.001165 0.149112
v 0.236443 -0.026648 0.442679
v 0.230519 -0.026378 0.439815
v 0.300243 0.461975 0.592147
v 0.108661 0.124767 -0.306294
v 0.111940 0.149848 -0.306820
v 0.124574 0.117996 -0.305373
v 0.178231 0.151438 -0.160372
v 0.361366 0.066022 -0.110866
v 0.369300 0.075203 -0.097979
v 0.283928 0.193558 0.409621
v -0.093418 0.220114 0.097859
v 0.211092 0.100886 0.268538
v 0.305961 0.179869 -0.060181
v 0.149445 0.230533 -0.294162
v -0.156570 0.219214 0.085146
v -0.149611 0.214795 0.094319
v -0.091084 -0.215065 -0.330808
v 0.279053 0.171835 0.435203
v 0.095600 -0.199871 -0.014524
v 0.085963 -0.201980 0.000059
v 0.154247 0.220980 -0.294757
v 0.252040 -0.140583 0.336657
v 0.125899 0.058175 0.537539
v -0.130834 0.221249 0.087762
v 0.088566 -0.198137 -0.013268
v 0.327884 0.118042 -0.101217
v 0.326187 0.100641 -0.117738
v 0.186326 0.048319 0.515310
v 0.249337 0.139567 -0.326893
v 0.250947 0.138250 -0.337031
v 0.258094 0.137270 -0.327139
v 0.300527 -0.117277 0.444476
v 0.078995 0.048390 0.255374
v 0.101477 0.043946 0.265040
v 0.118554 0.232855 -0.262381
v 0.024305 0.230121 0.070349
v 0.009426 0.228127 0.080564
v -0.014986 0.263630 0.067899
v 0.320041 0.113718 -0.111567
v 0.321065 0.133162 -0.099297
v 0.298791 0.394835 0.571986
v -0.200559 -0.033737 0.286060
v 0.375082 -0.151955 0.123759
v 0.169419 -0.055891 0.283454
v -0.235042 0.211913 0.103064
v 0.277017 0.449354 0.507925
v 0.486225 -0.035132 0.220136
v 0.161117 0.031365 0.279976
v 0.169865 0.055847 0.278210
v 0.176393 0.060610 0.279078
v 0.177510 0.052496 0.283684
v 0.132729 0.148665 0.481761
v 0.097841 0.153347 0.472624
v 0.123204 0.147688 0.469563
v 0.074396 0.099377 0.577888
v 0.082066 0.092881 0.578856
v 0.079706 -0.055518 -0.332178
v -0.156525 -0.123640 0.263163
v 0.339625 0.242595 0.539241
v 0.347184 0.222232 0.531146
v 0.348406 0.261459 0.546305
v 0.353396 0.199651 0.517988
v -0.111471 0.195639 0.172078
v -0.184827 -0.282153 -0.025010
v 0.183875 -0.212657 -0.281007
v 0.313020 0.131167 0.360763
v 0.304785 0.152100 0.370645
v 0.161403 0.039267 0.398171
v 0.446756 0.034269 0.070703
v 0.441644 0.037433 0.052813
v 0.207875 -0.007428 0.426943
v 0.196790 -0.001539 0.413337
v -0.205609 0.220743 0.075051
v -0.423812 0.105669 -0.178696
v -0.405205 0.109426 -0.191716
v 0.230753 -0.020679 -0.336947
v 0.233222 -0.049552 -0.337000
v 0.443410 0.036077 0.043797
v 0.077092 0.171704 -0.198179
v 0.077486 0.165754 -0.215394
v -0.176741 0.204077 0.109125
v 0.104951 -0.215614 0.048905
v 0.224585 0.197547 -0.049854
v -0.028615 0.243773 0.635964
v -0.035381 0.250564 0.629985
v -0.220240 -0.276668 -0.050244
v -0.207049 -0.280656 -0.059204
v 0.229852 0.110118 -0.246629
v -0.130347 -0.214598 0.101157
v 0.359460 0.263678 0.421080
v 0.350394 0.284745 0.438098
v 0.095713 -0.176189 -0.228734
v 0.073259 0.115244 0.521188
v 0.207329 0.188837 0.160044
v 0.026832 0.087030 0.474453
v -0.077791 -0.275855 -0.189891
v -0.063853 -0.282693 -0.175124
v 0.379935 0.393722 0.582258
v 0.384268 0.366628 0.578254
v 0.386243 0.367279 0.564927
v 0.385314 0.377456 0.577557
v 0.346040 0.298408 0.447329
v 0.349141 0.281108 0.448451
v 0.077392 0.218446 0.084799
v 0.106142 0.215374 0.091286
v 0.091348 0.213845 0.105708
v 0.057823 0.185892 -0.307166
v 0.220802 0.112615 0.254693
v 0.217495 0.002380 0.454544
v 0.352916 0.271636 0.467754
v 0.360192 0.252812 0.471294
v 0.352850 0.256720 0.456912
v 0.346182 0.300254 0.455414
v 0.086027 0.217717 0.083850
v -0.394875 -0.106365 -0.107233
v 0.077612 0.179224 -0.306304
v 0.297295 -0.208169 -0.030347
v 0.334355 0.075370 -0.308917
v 0.337543 0.058450 -0.303452
v 0.432232 0.069043 0.082162
v 0.308241 0.427617 0.607265
v 0.456784 -0.015055 0.080082
v 0.237500 0.016101 -0.208770
v 0.231067 0.005728 -0.213584
v -0.093722 0.261495 -0.252787
v -0.160769 0.113067 -0.307250
v -0.301524 -0.215852 -0.069519
v 0.165429 -0.200638 -0.040675
v 0.159552 -0.201484 -0.025655
v 0.152625 -0.204232 -0.004993
v 0.101060 0.148708 -0.168500
v 0.112684 0.145409 -0.170272
v 0.420312 0.043178 0.413318
v -0.209590 0.266112 -0.025797
v 0.292520 0.082015 0.429727
v 0.286245 0.086304 0.420701
v 0.206778 0.094871 0.416255
v 0.289642 0.193847 -0.027589
v 0.282949 0.274923 0.433689
v 0.276457 0.253450 0.455296
v 0.278756 0.270093 0.445066
v 0.389916 0.339795 0.546970
v 0.406748 -0.168922 0.154481
v 0.275251 0.195552 -0.028552
v -0.262798 0.018597 0.256965
v 0.372932 0.117846 0.422225
v 0.385773 0.304556 0.541009
v 0.388479 0.297400 0.530210
v 0.390477 0.320179 0.538168
v -0.485173 -0.077905 -0.206850
v -0.467818 -0.101068 -0.205634
v -0.485338 -0.083403 -0.195846
v -0.489576 -0.064627 -0.212944
v 0.195399 -0.217080 -0.283623
v 0.086159 0.163426 -0.171876
v -0.284086 -0.123233 -0.305346
v 0.368134 0.124660 0.413764
v 0.367567 0.128203 0.421880
v 0.365054 0.152987 0.422200
v 0.262661 -0.212090 -0.007889
v 0.254956 -0.211537 -0.019569
v -0.056386 0.250784 0.561029
v -0.062230 0.247254 0.557382
v -0.054095 0.244645 0.551011
v 0.349456 0.406280 0.574114
v 0.340883 0.417602 0.576631
v 0.394043 -0.149548 -0.018400
v 0.283565 -0.000750 -0.174308
v 0.273089 -0.014585 -0.177869
v -0.266415 -0.011259 -0.321543
v -0.165914 -0.154467 0.236019
v -0.504191 0.005656 -0.106398
v -0.495546 0.036142 -0.111174
v 0.160008 0.094743 -0.336374
v 0.331019 0.053396 0.449662
v -0.371069 0.066416 0.130757
v -0.301316 -0.212005 0.052831
v 0.075731 -0.259456 -0.284757
v 0.338930 -0.006893 -0.148334
v 0.346395 0.005315 -0.143389
v 0.157500 0.047959 0.397390
v 0.161095 -0.182052 -0.197041
v 0.437935 0.056396 0.318024
v 0.247398 -0.047772 -0.282472
v 0.268711 -0.028497 -0.280026
v 0.274169 -0.033954 -0.288493
v 0.261556 0.087445 0.374888
v 0.064237 0.218075 -0.206311
v 0.126805 0.163935 0.199064
v 0.098098 0.162338 0.564392
v -0.223729 0.232262 0.048330
v -0.030817 -0.276893 -0.150325
v 0.095926 0.140235 -0.227556
v 0.385805 0.054163 -0.090502
v 0.399825 0.031808 -0.086605
v 0.401628 0.075075 0.164643
v 0.414838 0.062962 0.164982
v 0.031217 0.150559 0.634514
v 0.036284 0.161240 0.631396
v 0.408214 0.003935 -0.071492
v 0.407795 -0.014763 -0.071209
v -0.034543 -0.171639 0.207422
v 0.133665 -0.184002 0.117719
v 0.120106 -0.184418 0.116843
v 0.119699 0.041679 -0.336744
v -0.263204 0.221967 -0.227087
v 0.294865 -0.180964 0.383726
v 0.291983 -0.181076 0.356511
v 0.326252 0.222226 0.385537
v 0.320461 0.248216 0.393705
v -0.219947 -0.258792 0.038819
v 0.216775 0.195538 0.125444
v 0.410093 0.021733 -0.072826
v 0.049344 -0.198159 -0.108302
v 0.265646 -0.195436 -0.076641
v 0.299734 -0.115353 -0.296405
v 0.146968 0.167425 -0.253074
v 0.301934 0.114209 0.449551
v 0.376217 0.118172 0.274873
v 0.193936 0.042727 0.318472
v 0.308792 0.378042 0.570912
v 0.296570 0.384074 0.561012
v 0.076243 -0.149042 -0.306624
v 0.078947 -0.137766 -0.307478
v 0.268469 0.129944 -0.337072
v 0.275204 0.131042 -0.337363
v 0.355479 -0.098262 -0.109768
v 0.368989 -0.091283 -0.101261
v -0.246143 -0.058837 -0.326854
v 0.282410 0.400353 0.547164
v 0.289339 0.383473 0.548683
v 0.273932 -0.138500 -0.332408
v 0.226955 -0.150617 -0.331245
v 0.281701 0.389838 0.535314
v 0.279542 0.402457 0.530833
v -0.041711 0.261089 0.074304
v -0.025454 0.275446 0.065008
v -0.047444 0.277629 0.066176
v -0.065224 -0.247936 -0.320497
v 0.453712 -0.117415 0.336129
v -0.220494 -0.094806 0.266234
v 0.090594 0.267805 -0.314363
v 0.221836 -0.077490 0.377368
v -0.422144 0.043357 -0.095745
v -0.416430 0.049036 -0.089075
v 0.340096 0.339888 0.413756
v 0.331441 0.349308 0.415484
v 0.003493 -0.270469 0.048785
v -0.160415 -0.112738 -0.301859
v -0.142191 0.277065 -0.180667
v 0.108019 -0.141634 -0.330860
v 0.107875 -0.124540 -0.331702
v 0.023695 -0.147515 0.207218
v 0.334928 -0.197667 0.067442
v 0.250645 0.191609 -0.066924
v -0.287037 0.221862 -0.117679
v -0.277505 0.223719 -0.136115
v -0.370874 0.145135 -0.118805
v 0.042572 -0.044475 0.253033
v 0.057627 -0.048057 0.249779
v 0.067619 -0.050745 0.249474
v 0.030446 -0.248436 0.043758
v 0.452190 -0.130329 0.376246
v 0.334595 0.034863 0.448989
v 0.343163 0.047085 0.449341
v 0.211627 -0.099305 -0.334625
v 0.348892 0.116702 0.187177
v 0.340041 0.122182 0.187080
v -0.364143 0.137476 -0.159019
v 0.297510 -0.171249 0.160784
v 0.294484 -0.175604 0.170441
v 0.364231 0.218849 0.412637
v 0.362459 0.181259 0.430520
v 0.368438 0.176493 0.421625
v -0.101044 -0.307850 -0.061861
v 0.147483 -0.203360 0.022229
v -0.196572 -0.239592 0.085751
v 0.368717 0.185205 0.412689
v -0.078683 -0.097154 0.277128
v -0.340359 0.043882 0.188413
v -0.334431 0.013084 0.198403
v -0.483933 0.038190 -0.221610
v -0.472626 0.052475 -0.227954
v 0.394278 -0.153679 -0.006129
v 0.087784 0.143843 0.458976
v 0.107393 0.139025 0.453382
v 0.162812 -0.204492 0.025249
v 0.146580 -0.203238 0.004659
v -0.271538 0.103792 0.222624
v 0.443229 0.049465 0.069832
v -0.485410 0.024992 -0.225628
v -0.345516 -0.181625 0.043084
v -0.027279 -0.241218 -0.249215
v -0.027280 -0.237565 -0.240429
v -0.033726 -0.238938 -0.249382
v -0.143715 0.292425 -0.025497
v -0.136229 0.290715 0.002726
v 0.310794 -0.131975 -0.324462
v 0.303207 -0.119834 -0.328593
v 0.307737 -0.118465 -0.315143
v 0.196967 0.002281 0.355256
v -0.345632 0.112881 -0.239172
v -0.326897 0.101261 -0.276385
v -0.347570 0.105423 -0.265210
v 0.439278 -0.017065 -0.007336
v 0.210077 0.007198 -0.330713
v 0.219356 0.004509 -0.335772
v 0.142794 0.121198 0.558909
v 0.132735 0.122330 0.568238
v 0.130534 0.111731 0.571207
v 0.299488 0.447937 0.492885
v 0.305644 0.443692 0.487578
v -0.104639 0.218136 0.110252
v -0.073313 0.235967 0.086319
v -0.062177 0.233338 0.086221
v 0.375503 0.132487 0.441140
v 0.374287 0.151279 0.471807
v -0.390680 0.088798 -0.151283
v 0.360138 0.079554 -0.102968
v 0.381242 0.093794 -0.085034
v -0.229399 0.052086 -0.327725
v 0.318924 -0.226004 0.328812
v -0.238344 -0.210013 -0.269981
v 0.373104 0.131257 0.430653
v 0.375697 0.140594 0.438126
v 0.467184 -0.035516 0.388013
v 0.466830 -0.031664 0.378557
v 0.320652 0.164692 -0.072926
v 0.299061 0.174503 -0.075745
v 0.365403 0.138282 0.422150
v 0.097962 0.081641 0.547173
v 0.088504 0.089710 0.578553
v 0.082131 0.093211 0.568941
v -0.136759 0.293989 -0.012357
v -0.153645 0.289116 -0.013300
v 0.322819 0.005848 -0.333154
v 0.325590 -0.002623 -0.329174
v -0.144018 0.112351 -0.301507
v -0.160944 0.243731 0.071295
v 0.308401 -0.173880 0.145157
v 0.315954 -0.175393 0.134375
v 0.377774 0.194391 0.454124
v 0.377878 0.176789 0.448313
v 0.366912 0.179855 0.438844
v 0.380903 0.225050 0.475329
v -0.367049 -0.094213 0.132271
v -0.372977 -0.074985 0.130949
v 0.310000 -0.174532 0.160545
v 0.359103 0.120058 -0.085168
v 0.373650 0.105329 -0.084502
v 0.348216 0.127655 -0.082708
v 0.236650 0.010553 0.460143
v 0.376149 0.254479 0.485487
v -0.073334 0.226387 0.092278
v 0.461405 -0.103292 0.192810
v 0.282765 0.458470 0.593699
v 0.071593 -0.240868 -0.253816
v 0.071469 -0.247990 -0.259941
v -0.068088 0.255952 -0.262287
v 0.216119 0.022445 -0.337599
v 0.125209 0.256984 -0.336625
v 0.113509 0.267857 -0.335487
v 0.311846 0.035339 -0.264537
v 0.472948 -0.000520 0.290287
v 0.236868 -0.178077 -0.242338
v 0.083217 0.218137 -0.119690
v 0.326678 -0.044225 0.453848
v 0.293924 0.183222 0.106581
v 0.312551 0.171060 0.106276
v 0.110629 0.028477 -0.336277
v 0.288715 0.121601 -0.333295
v 0.252576 -0.123085 0.435919
v 0.312323 0.047152 -0.264957
v 0.282717 0.129520 -0.335001
v -0.056233 0.261582 0.592802
v -0.060194 0.256266 0.595126
v 0.071617 0.006825 0.257000
v 0.280719 0.164857 0.437065
v 0.323943 -0.011404 -0.160243
v 0.222804 0.069973 0.494765
v -0.393657 0.073050 0.083202
v 0.102889 0.169697 -0.124223
v 0.212724 -0.075876 -0.202470
v 0.319981 -0.013106 -0.314955
v -0.397599 0.113118 -0.201179
v 0.217079 -0.103236 -0.178532
v 0.220560 -0.100197 -0.169606
v 0.111859 -0.016526 -0.322481
v 0.101696 -0.019122 -0.334914
v -0.436941 0.046439 -0.265866
v -0.191672 0.224630 -0.284412
v 0.242072 0.058107 0.476134
v 0.258780 0.057355 0.452624
v 0.241467 0.068870 0.465361
v 0.235118 0.079889 0.458094
v 0.298841 -0.130285 -0.331049
v 0.262184 0.033744 -0.174968
v -0.240093 -0.072181 -0.330023
v 0.235575 0.070143 0.478413
v -0.336560 -0.121478 -0.264316
v 0.191975 0.102725 0.512142
v -0.316756 -0.205035 0.041093
v -0.406888 0.080620 -0.062184
v -0.408271 0.079475 -0.040744
v 0.443670 -0.144525 0.168817
v 0.256768 0.029744 -0.242842
v 0.260462 0.019207 -0.248555
v 0.317684 0.127900 0.214866
v -0.402806 0.076166 -0.087238
v -0.407703 0.064843 -0.086758
v 0.017065 -0.105819 -0.306238
v 0.027404 -0.098701 -0.307642
v 0.209922 -0.152071 -0.138265
v 0.169432 0.039637 0.510638
v 0.175128 0.044989 0.516529
v 0.036815 0.132837 0.617976
v 0.351411 0.266650 0.404588
v 0.346711 0.288225 0.405503
v 0.271323 -0.167014 0.398182
v 0.312461 0.171425 0.375597
v 0.298888 0.175209 0.381201
v -0.089052 -0.034522 -0.306286
v 0.089023 -0.248146 -0.276357
v 0.276064 -0.208827 -0.287944
v 0.107683 -0.208217 -0.009772
v 0.222923 -0.165994 0.236356
v 0.118383 -0.211148 -0.020370
v 0.395344 -0.224957 0.169725
v -0.273452 -0.121356 0.223926
v -0.215381 0.266293 -0.042242
v -0.420058 0.000339 -0.048230
v 0.381323 -0.234919 0.175723
v -0.085207 -0.061450 0.286779
v -0.081199 -0.083954 0.282057
v -0.258811 -0.132466 0.225623
v 0.433652 0.081618 0.217184
v 0.318915 0.424486 0.473705
v 0.432581 0.070994 0.051401
v 0.237819 -0.200551 -0.252825
v -0.053417 0.313043 -0.088354
v 0.106894 -0.086671 -0.334407
v 0.434384 0.065971 0.069965
v -0.250507 0.095356 -0.327376
v -0.127583 -0.260227 -0.237302
v 0.419746 0.106163 0.029816
v 0.285795 -0.042213 -0.309002
v 0.088687 -0.169857 -0.219536
v -0.258721 0.079492 -0.328928
v -0.146732 0.199437 0.176281
v 0.181312 0.155990 -0.296674
v 0.346929 0.165724 0.503004
v 0.334131 0.137138 0.488460
v 0.331156 0.183713 0.511442
v -0.265348 0.085086 -0.316212
v -0.257936 0.088216 -0.313330
v -0.256326 0.081769 -0.322774
v 0.086298 0.190981 -0.233656
v -0.267804 0.164329 -0.268473
v -0.259117 0.161340 -0.284997
v 0.096243 0.153319 -0.162249
v 0.089446 0.152880 -0.169576
v 0.093264 0.164936 -0.160840
v -0.256309 0.088191 -0.322768
v -0.026953 0.311149 -0.140731
v 0.206481 -0.055646 -0.239100
v 0.203919 -0.042850 -0.245251
v 0.462402 -0.021717 0.316318
v -0.018842 -0.048412 -0.307410
v -0.025841 -0.096303 -0.306023
v 0.096248 0.244251 -0.060068
v 0.096288 0.158231 -0.152659
v 0.092142 0.133129 0.221298
v 0.364544 0.191392 0.506871
v 0.361141 0.213968 0.520383
v 0.371312 0.201253 0.506040
v -0.306361 -0.072674 -0.316604
v 0.102640 0.145886 0.211778
v 0.157993 0.033386 0.455537
v 0.164332 0.031741 0.464337
v 0.170414 0.027216 0.454132
v 0.465577 -0.047264 0.342503
v -0.021647 -0.002784 -0.306925
v -0.018223 0.062949 -0.306374
v -0.056721 0.055932 -0.304944
v -0.056771 0.130187 -0.302711
v 0.300743 0.090141 -0.149981
v 0.284196 0.098234 -0.148964
v 0.300133 0.086498 -0.150759
v 0.288681 0.083275 -0.157466
v 0.081723 0.208993 -0.133837
v 0.239457 -0.158321 0.180520
v 0.244285 -0.163262 0.189909
v 0.232887 -0.155521 0.191840
v 0.007201 -0.265379 -0.115797
v -0.002082 -0.259547 -0.139888
v -0.079819 0.304986 -0.085642
v 0.050102 0.207338 -0.335169
v -0.226624 0.139712 0.222125
v 0.168260 0.219275 -0.334544
v 0.230484 -0.155376 0.180659
v 0.125629 0.069787 0.492670
v 0.075948 0.218178 -0.138558
v 0.064781 0.223889 -0.177273
v -0.201387 0.262973 -0.152534
v -0.201440 0.259465 -0.160605
v -0.116761 0.240918 -0.264484
v -0.326294 0.086535 -0.296910
v -0.320061 0.079602 -0.305897
v -0.195918 -0.215508 -0.266837
v -0.223275 0.153902 0.209814
v 0.156294 0.173510 -0.117651
v -0.090565 0.300065 0.034183
v -0.219808 0.052391 -0.327526
v 0.009850 0.172206 0.602264
v 0.022229 0.161602 0.580895
v 0.391839 0.135809 0.045256
v 0.458066 -0.156590 0.322664
v 0.244598 0.086520 -0.236873
v 0.435918 -0.050087 0.433830
v 0.418757 0.097041 0.088189
v -0.016100 0.176771 0.190826
v -0.030487 0.173286 0.198556
v 0.374946 0.121745 0.430945
v 0.373447 0.112050 0.443907
v 0.069270 0.117775 0.605884
v 0.062392 0.109239 0.598113
v 0.343291 0.255030 0.397294
v 0.340865 0.241813 0.396532
v 0.230407 -0.220556 -0.016125
v 0.112480 -0.053232 -0.324182
v 0.474124 -0.147587 0.254151
v 0.470664 -0.131856 0.275943
v 0.364314 0.093136 0.453816
v 0.346785 -0.063391 -0.129584
v -0.267743 0.236941 -0.033893
v 0.100266 0.177936 0.180472
v -0.025412 0.322973 -0.038605
v -0.029299 0.319121 -0.048504
v -0.399901 -0.105801 -0.025016
v -0.391471 -0.120485 -0.026703
v 0.335183 0.373099 0.447388
v 0.212821 -0.041958 -0.257741
v 0.286534 0.125285 0.373973
v -0.378804 -0.136285 -0.113275
v -0.065865 -0.236396 -0.258689
v -0.072324 -0.237235 -0.249998
v -0.078555 -0.233618 -0.258970
v -0.078793 -0.240167 -0.249350
v -0.306805 -0.211167 0.003893
v -0.307409 -0.211104 -0.015164
v -0.124076 0.295669 -0.095032
v -0.040129 -0.243268 -0.239913
v 0.043144 0.128403 0.617982
v -0.077207 -0.261140 -0.227205
v 0.428552 0.052924 -0.017455
v 0.427508 0.039399 -0.026274
v 0.342391 0.346941 0.418568
v 0.413606 0.086659 -0.027578
v 0.142298 -0.031962 0.268543
v -0.293536 -0.173607 0.139435
v -0.294834 0.051865 -0.325386
v 0.021544 -0.225282 0.064951
v -0.489913 0.058934 -0.171636
v 0.311604 0.438398 0.536398
v 0.153108 0.067335 0.542544
v -0.008725 0.183792 0.574246
v -0.011550 0.190696 0.592572
v 0.361653 0.191062 0.438913
v 0.050768 -0.220312 0.046827
v 0.393362 -0.028924 -0.098906
v 0.274565 0.196356 -0.001842
v 0.238287 0.209518 0.006556
v 0.258172 0.204865 0.015353
v 0.292650 -0.098905 -0.301109
v 0.250671 0.207192 0.005555
v 0.226925 0.079104 0.357259
v 0.367722 0.360833 0.547016
v 0.379980 0.354270 0.547036
v 0.354664 0.376320 0.550728
v 0.353814 0.362174 0.537374
v 0.305645 -0.116118 -0.306542
v 0.307144 -0.126677 -0.305442
v -0.067647 0.210791 0.156409
v 0.307040 0.238317 0.393795
v 0.226975 0.077121 0.375177
v 0.011896 0.223767 0.104309
v -0.054800 0.292477 -0.172591
v 0.257386 0.139752 -0.336795
v 0.186203 0.179737 -0.076652
v 0.197000 0.177529 -0.078296
v 0.296698 0.261087 0.407900
v -0.043802 0.306906 -0.122131
v 0.246991 0.067749 -0.182745
v 0.002839 0.177661 0.585468
v 0.289530 -0.198627 -0.326484
v -0.011578 0.225915 0.642735
v 0.247157 0.109896 -0.263967
v -0.112187 0.156933 -0.302403
v -0.113025 0.145970 -0.300733
v -0.019874 0.221482 0.649835
v -0.011247 0.219296 0.648624
v 0.216378 0.207369 0.102499
v 0.007982 0.102368 0.484375
v 0.318521 -0.195874 0.084931
v -0.064239 0.238584 0.549634
v 0.101985 0.085320 0.424968
v 0.095003 0.081187 0.429283
v -0.234895 0.180049 -0.315879
v -0.229702 0.170467 -0.324886
v 0.173722 0.136613 -0.217426
v -0.143563 -0.185840 0.196040
v -0.148749 -0.191897 0.181816
v -0.480080 -0.044082 -0.235339
v -0.235272 0.157578 -0.328398
v 0.273586 0.462084 0.567748
v 0.277168 0.466970 0.576079
v -0.124997 0.186078 -0.333886
v -0.098409 0.191999 -0.333609
v -0.105624 0.180686 -0.330321
v -0.435631 0.021838 -0.087883
v 0.225400 -0.122146 0.327159
v 0.235980 -0.127836 0.336453
v -0.027856 0.250654 0.615885
v 0.135593 0.059817 0.482872
v 0.121120 0.067240 0.483197
v 0.132956 0.056063 0.473668
v 0.110694 0.044488 0.464717
v 0.121155 0.059145 0.474626
v 0.368716 0.093416 -0.092587
v -0.172319 -0.191334 0.146930
v 0.079549 0.090105 0.436565
v 0.088685 0.102774 0.433436
v -0.077478 -0.244477 -0.315809
v -0.087555 -0.241656 -0.320714
v 0.279132 0.413756 0.512621
v -0.183022 -0.269764 -0.165052
v -0.064850 -0.246322 -0.308117
v 0.268585 0.070750 0.425506
v 0.409179 0.068300 -0.053938
v 0.242638 0.100465 -0.158488
v 0.142629 0.045036 0.464679
v 0.122232 0.041256 0.464233
v 0.071710 0.262815 -0.284220
v 0.140282 0.053362 0.473686
v -0.001917 -0.114882 0.241011
v 0.022679 -0.178289 0.171747
v 0.014876 -0.169070 0.186187
v 0.111673 0.119487 0.433860
v 0.081768 0.136330 0.452819
v 0.090748 0.119027 0.439003
v -0.062881 0.314561 -0.056589
v -0.116558 0.223650 -0.329330
v 0.089501 0.145145 -0.227106
v 0.101433 0.155802 -0.233301
v 0.281448 0.421499 0.496707
v 0.023685 -0.213206 -0.224873
v 0.275578 0.428919 0.527682
v 0.341995 0.140343 0.490662
v 0.416806 0.056714 0.360069
v 0.322789 0.168015 0.500882
v -0.281012 -0.181317 -0.231562
v 0.161611 0.178711 0.169649
v -0.405609 0.088792 -0.000540
v 0.153956 0.183127 -0.268205
v 0.143270 0.182515 -0.255643
v -0.223221 -0.209049 -0.317656
v -0.233661 0.058241 -0.331784
v 0.084094 -0.184579 0.134687
v 0.274090 -0.204167 0.236136
v -0.247635 0.052190 -0.332504
v -0.135699 -0.051607 -0.329942
v 0.357775 0.120188 0.295253
v 0.237288 0.110078 -0.157039
v 0.237125 0.114827 -0.147748
v 0.183699 0.042939 0.298165
v -0.219397 0.047315 -0.320055
v 0.439556 0.047786 -0.007434
v 0.307188 0.116837 -0.324151
v -0.214348 0.213302 0.104224
v 0.153684 -0.202406 0.014259
v 0.062385 0.223993 -0.189552
v -0.220451 0.204655 -0.308340
v -0.282918 -0.074998 -0.323457
v -0.272486 -0.081358 -0.326040
v -0.090186 0.235833 -0.300440
v -0.315965 0.198578 0.022338
v 0.205030 -0.169464 -0.237283
v -0.337965 0.191464 -0.023554
v -0.333763 0.190087 -0.050134
v -0.368592 -0.134430 0.071963
v 0.200110 0.152142 -0.324954
v 0.287570 0.068393 -0.338411
v 0.283785 0.020570 -0.337133
v 0.264952 0.003615 -0.337165
v 0.188205 0.156430 -0.323791
v -0.027262 0.250877 -0.263774
v -0.347024 0.186420 -0.010262
v 0.328988 -0.129026 0.440525
v 0.189510 0.048877 0.375950
v 0.213864 -0.058816 -0.190704
v 0.225665 -0.060202 -0.335476
v 0.166754 0.146946 -0.181289
v 0.152867 0.147929 -0.179207
v -0.211099 -0.274703 -0.085243
v -0.229124 -0.262498 -0.083030
v 0.262887 0.198134 0.062687
v -0.162652 -0.034613 -0.331759
v -0.163885 -0.048188 -0.333578
v 0.094455 -0.246628 -0.320741
v 0.155649 0.133100 0.463049
v 0.088749 0.099180 0.586966
v -0.040185 0.160230 0.512466
v -0.046590 0.167610 0.503953
v 0.179220 0.120834 0.453714
v 0.458063 -0.120549 0.309857
v 0.129383 0.147061 -0.164629
v 0.122243 0.146945 -0.169203
v 0.121889 0.143470 -0.181524
v 0.151843 -0.188520 -0.170398
v 0.259111 0.083844 0.394814
v -0.007957 -0.219827 0.081044
v -0.000469 -0.216769 0.081120
v 0.006941 0.113046 0.491502
v 0.315764 0.252677 0.532755
v -0.019063 0.132637 0.481900
v 0.181154 0.049578 0.379689
v 0.121351 0.224412 0.024898
v -0.410517 -0.080444 -0.051715
v 0.332069 0.439929 0.610253
v 0.207308 -0.034335 0.367722
v 0.209513 -0.023095 0.379110
v 0.026644 0.163036 0.485720
v 0.289491 0.046421 0.443538
v -0.230276 0.256293 -0.003018
v 0.063444 -0.191117 -0.083365
v 0.057375 -0.191694 -0.093173
v -0.256169 0.060261 0.253720
v 0.363483 -0.166862 0.137743
v -0.168839 -0.200404 0.127436
v 0.384298 0.361118 0.555353
v 0.183771 0.209857 -0.011014
v -0.172663 0.073036 -0.333454
v 0.276419 0.219672 0.465740
v -0.071682 -0.189135 0.189973
v 0.197824 0.211165 0.004794
v 0.129157 -0.206343 -0.319070
v 0.179750 0.150280 -0.290938
v 0.186427 0.146366 -0.292090
v 0.479961 -0.185939 0.225598
v 0.478009 -0.185447 0.242149
v 0.041848 -0.201576 -0.126259
v 0.041136 -0.194407 -0.142751
v 0.185832 0.148846 -0.301932
v 0.222346 -0.075165 -0.255588
v 0.237336 -0.171136 0.209469
v 0.290661 -0.201332 -0.317299
v 0.109892 -0.188694 -0.163420
v -0.137667 -0.294031 -0.154316
v 0.110926 0.046739 0.455686
v 0.096555 0.061493 0.447049
v 0.104445 0.067110 0.430424
v 0.172857 -0.200614 -0.074854
v 0.172444 -0.201035 -0.053879
v 0.475906 -0.120224 0.239105
v -0.252443 0.025546 -0.323471
v 0.127341 0.201554 -0.032723
v 0.337474 0.132916 0.166593
v 0.118846 -0.124637 0.216718
v 0.432839 0.021117 -0.037878
v 0.343986 0.191039 0.383380
v 0.108988 0.158875 -0.309337
v -0.193239 0.277315 -0.095741
v 0.108232 0.116020 0.244251
v 0.390371 0.070148 0.422357
v 0.279671 0.292382 0.454908
v 0.277265 0.297598 0.476121
v -0.061882 0.217566 0.529660
v 0.371342 0.060327 -0.100639
v -0.227772 0.250172 0.020669
v -0.223118 0.245827 0.032699
v 0.157598 0.241080 -0.318474
v 0.156702 0.240598 -0.330986
v 0.399073 -0.127007 0.148446
v 0.345709 0.406924 0.611533
v 0.397215 -0.124886 0.139741
v -0.355481 0.113485 -0.227161
v -0.088335 -0.239665 -0.307903
v 0.224596 -0.172430 -0.331693
v 0.225124 -0.205792 -0.330857
v -0.193235 -0.228657 0.110308
v -0.198631 -0.215710 0.122837
v 0.370793 0.299543 0.551415
v 0.381509 0.297444 0.542410
v -0.218187 -0.213489 -0.247598
v -0.174547 0.231765 0.073162
v -0.195484 0.221593 0.076011
v 0.034635 0.206625 0.146442
v -0.117753 -0.220633 -0.328781
v -0.131630 -0.221895 -0.327161
v 0.286038 -0.204222 0.073451
v 0.419480 0.057222 0.144607
v 0.127298 -0.193213 -0.272305
v 0.287846 -0.201462 0.082033
v -0.170170 -0.222950 -0.319890
v -0.184376 -0.219474 -0.312789
v -0.088022 -0.138317 0.252025
v -0.020787 0.162412 0.208676
v 0.072509 0.118964 0.529967
v 0.024949 -0.277758 -0.314836
v 0.247148 0.089984 -0.338704
v -0.219670 0.237988 -0.235836
v -0.049386 0.170734 0.513071
v -0.121501 -0.048498 0.291880
v 0.011097 0.169306 0.568950
v 0.312007 0.378208 0.429837
v 0.307359 0.384264 0.436428
v -0.100029 0.165426 -0.308272
v 0.089872 -0.055468 0.254601
v 0.162611 0.192468 -0.057525
v 0.037147 -0.207360 -0.225160
v 0.036839 -0.195629 -0.217312
v 0.187344 0.171811 -0.090758
v 0.121972 0.018348 -0.337118
v -0.191253 -0.221724 -0.257215
v -0.241111 0.110069 -0.328371
v 0.102586 0.205781 -0.335941
v 0.105863 -0.014985 -0.331770
v 0.232531 -0.217843 -0.035362
v 0.095135 -0.201874 0.000447
v 0.301478 0.248056 0.399098
v 0.310143 0.258972 0.398364
v 0.452106 -0.106260 0.335123
v 0.379012 0.163791 0.457928
v 0.058975 -0.183111 0.142345
v 0.381228 0.207868 0.466713
v -0.386852 0.095844 -0.142952
v -0.175734 0.101328 -0.330767
v -0.156904 0.282180 -0.131569
v 0.338441 0.320947 0.563011
v 0.091832 0.248317 -0.069833
v -0.137473 -0.041425 -0.331905
v 0.178884 -0.201948 -0.062868
v -0.177985 -0.199419 -0.330359
v -0.190763 -0.202104 -0.329593
v 0.290566 0.121724 0.435076
v 0.333774 0.046597 -0.293058
v 0.336853 0.043764 -0.301413
v 0.079535 -0.152400 0.179967
v 0.014358 0.250307 -0.254575
v 0.343105 0.046314 -0.330309
v 0.005647 0.121358 0.466719
v -0.099303 0.272130 -0.223221
v -0.148125 -0.073655 -0.326508
v -0.359644 0.152918 -0.054093
v -0.363936 0.146780 -0.065700
v 0.069050 0.206376 -0.216067
v 0.076466 0.182742 -0.225028
v -0.323951 0.108047 -0.265505
v 0.421587 0.084732 -0.018397
v -0.495524 0.047151 -0.127309
v -0.242545 0.179862 0.133951
v 0.133789 -0.195254 -0.271995
v -0.211207 0.182932 0.172055
v 0.247107 -0.158860 -0.243666
v -0.211010 0.177586 0.179107
v -0.139934 -0.142690 -0.300439
v 0.299154 0.062577 -0.155179
v -0.100783 -0.024746 -0.308816
v 0.188634 -0.119502 0.216801
v 0.194013 -0.128850 0.217834
v -0.317494 -0.104582 0.197082
v 0.108037 0.069790 0.549645
v -0.277568 0.225386 -0.126786
v -0.059850 0.198069 0.529705
v 0.249248 -0.088150 -0.161499
v 0.225320 -0.086745 -0.170516
v 0.239018 -0.099173 -0.158924
v 0.221713 -0.092729 -0.169772
v 0.218285 -0.089227 -0.179534
v 0.108198 0.103613 0.425400
v -0.105984 -0.099116 0.278425
v 0.095610 0.091534 0.578406
v 0.107830 0.084818 0.570154
v 0.436905 -0.186064 0.361366
v 0.220000 -0.152404 -0.237305
v 0.056786 0.114342 0.597830
v -0.090142 0.176597 0.193061
v 0.175300 -0.176419 0.153660
v 0.370962 0.156575 0.482439
v 0.364129 0.174306 0.498460
v -0.240460 0.250249 -0.008530
v -0.186143 0.192957 0.169839
v -0.224186 0.171170 -0.328562
v 0.370973 0.184406 0.497786
v 0.202501 -0.173250 0.154772
v -0.156116 -0.240060 0.084538
v 0.375254 -0.147186 0.428538
v 0.061029 0.129367 0.539870
v 0.160118 0.169425 -0.267230
v -0.139721 -0.227629 -0.319164
v 0.162735 0.236044 -0.327445
v -0.199566 0.187157 -0.331834
v -0.208046 0.184342 -0.332082
v -0.196943 0.174216 -0.331844
v 0.131677 0.063653 0.492460
v 0.056414 -0.219632 0.056296
v 0.387407 0.334809 0.538100
v 0.088388 0.241505 -0.084169
v 0.236697 0.146425 -0.331139
v 0.244752 0.143873 -0.333772
v -0.153394 0.210002 0.100854
v -0.160959 0.213028 0.090935
v -0.357074 -0.148451 0.071283
v 0.336554 0.373262 0.438212
v 0.353597 0.321326 0.567074
v -0.195434 0.209953 -0.324274
v 0.155295 -0.184863 -0.330919
v 0.161320 -0.196774 -0.329839
v 0.154997 0.026409 0.277599
v 0.162063 -0.212568 -0.323275
v 0.233768 -0.160258 0.171212
v 0.231717 0.028063 -0.338201
v -0.051802 0.255621 0.614265
v 0.194045 0.097692 0.415180
v 0.371965 0.405769 0.592018
v -0.040159 -0.238216 -0.249437
v 0.186282 0.072600 0.278233
v 0.099706 0.073811 0.428633
v -0.216568 -0.277300 -0.059369
v 0.390184 0.328529 0.537919
v 0.384497 0.253782 0.493030
v 0.108996 0.271147 -0.326587
v 0.063018 0.115555 0.607507
v -0.080121 0.221835 0.099317
v -0.139468 -0.089155 -0.305741
v -0.137373 -0.081691 -0.311475
v 0.078666 -0.177261 -0.138006
v 0.312149 0.415379 0.455562
v 0.155003 0.116506 0.550091
v -0.119504 -0.279860 0.060929
v 0.452708 -0.094740 0.334836
v 0.333567 0.088863 -0.332354
v 0.081678 0.097852 0.588410
v -0.054999 -0.250851 -0.315500
v 0.297429 0.160318 0.376778
v -0.055888 -0.247802 -0.322935
v -0.039247 -0.247551 -0.326349
v -0.084407 0.304582 0.016468
v 0.158812 -0.119849 -0.331904
v 0.169023 -0.165277 -0.330305
v -0.028703 0.237059 0.640603
v 0.383510 0.222324 0.483549
v -0.029410 0.227189 0.634096
v -0.143350 0.226587 -0.283477
v -0.143903 0.226592 -0.292261
v 0.009162 0.210009 -0.336683
v -0.093102 0.221287 0.110537
v 0.128975 0.194275 -0.049192
v 0.103884 -0.062547 -0.332594
v 0.384042 0.380243 0.573914
v 0.374855 0.379599 0.565623
v -0.286322 0.071117 -0.318958
v 0.328282 -0.183330 0.155932
v 0.114075 0.075732 0.561877
v 0.101282 0.076151 0.559534
v 0.101231 0.080898 0.568818
v 0.099956 0.196834 -0.096928
v 0.109506 0.187716 -0.086184
v 0.287726 0.087024 -0.338755
v 0.107804 0.073123 0.559232
v 0.101557 0.075933 0.549748
v 0.420885 0.033252 -0.055239
v -0.236339 0.131138 0.220656
v -0.262201 0.213514 0.061429
v -0.052047 0.178139 0.510641
v -0.011655 -0.102934 0.250607
v 0.001357 -0.251997 -0.329345
v 0.250825 -0.068442 -0.172975
v 0.275524 0.275109 0.466991
v -0.302047 0.055724 0.221318
v -0.270497 0.232011 -0.142591
v -0.321588 0.166689 -0.197978
v 0.357096 0.237519 0.457856
v 0.360689 0.221183 0.456185
v -0.040769 -0.290408 0.043060
v -0.150658 -0.010500 -0.333697
v 0.029476 -0.207662 -0.152960
v 0.056109 0.117026 0.608106
v 0.051475 0.120688 0.598781
v 0.216051 -0.087183 -0.224426
v 0.086199 0.141811 0.596734
v 0.070061 0.139620 0.608160
v -0.029413 -0.027348 -0.306440
v 0.087566 0.261507 -0.336872
v -0.077071 -0.036819 -0.306704
v 0.107558 0.157931 0.555386
v 0.122243 -0.214055 -0.320290
v -0.074336 0.218550 -0.335734
v 0.078464 0.114656 0.440103
v 0.072373 0.096472 0.437987
v 0.211223 -0.142142 0.199837
v -0.049921 0.247222 0.616262
v -0.263994 0.240851 -0.045106
v -0.224971 0.073588 -0.332956
v 0.001453 0.196867 0.651755
v 0.156718 0.180809 -0.104917
v -0.002091 0.186466 0.650466
v -0.037198 0.178423 0.499946
v 0.285859 -0.205540 -0.308353
v 0.305582 -0.114925 -0.325743
v 0.383364 0.215141 0.475853
v 0.252677 -0.062368 -0.171824
v -0.382012 -0.120722 -0.150575
v 0.068068 0.292589 -0.015906
v 0.094766 -0.239118 -0.325969
v -0.388298 -0.119277 -0.160379
v 0.100552 -0.182304 0.127183
v -0.017003 -0.260746 -0.321890
v -0.326440 0.166044 -0.187020
v -0.144225 -0.119813 0.265265
v 0.301984 0.350491 0.436824
v 0.291686 -0.073983 -0.157173
v -0.086877 0.193072 -0.334554
v -0.097830 -0.235311 -0.324280
v -0.096887 -0.239646 -0.317155
v 0.124081 0.155510 0.207991
v -0.068718 -0.245547 -0.299424
v -0.020486 -0.094316 -0.305643
v 0.023874 0.227042 0.079553
v 0.175741 0.124744 0.463801
v -0.399185 0.076219 -0.130481
v 0.082165 0.170032 -0.304397
v 0.053445 0.148309 -0.304762
v 0.283973 0.338872 0.517638
v -0.004163 0.249857 -0.271625
v -0.397825 0.083144 -0.142634
v 0.268067 -0.009730 0.450686
v 0.068204 0.118623 0.559270
v 0.251523 -0.034974 0.447583
v -0.188049 -0.210449 0.127368
v -0.401106 -0.099977 -0.125719
v -0.104559 -0.219470 -0.330337
v -0.175447 -0.194492 0.136598
v 0.254083 0.089158 -0.162532
v 0.303591 0.166790 0.375737
v 0.226229 -0.081626 -0.255171
v 0.305367 0.365695 0.432665
v 0.309848 0.207661 0.385266
v 0.356567 0.400024 0.573818
v 0.084596 0.189348 0.154914
v 0.144484 -0.189775 -0.329620
v -0.081335 0.236605 -0.282808
v 0.379890 0.328388 0.529093
v 0.385852 0.357559 0.569443
v -0.088014 0.125165 -0.301922
v -0.084819 0.151414 -0.301533
v -0.101848 0.135439 -0.302111
v 0.159449 0.127371 0.452432
v 0.192148 0.076939 0.281926
v -0.055411 0.156276 -0.302601
v -0.068461 0.122898 -0.302375
v -0.068268 0.154777 -0.301443
v -0.074133 0.152454 -0.302242
v 0.454942 0.001003 0.036959
vn 0.3655 -0.6718 0.6443
vn 0.4164 -0.6944 0.5868
vn 0.3677 -0.7016 0.6104
vn -0.4561 0.8877 0.0631
vn -0.3533 0.9337 0.0575
vn -0.3867 0.9209 0.0487
vn 0.1531 0.9514 0.2671
vn 0.1084 0.9386 0.3274
vn 0.1305 0.9371 0.3237
vn 0.6066 -0.7909 -0.0812
vn 0.4153 -0.9028 -0.1117
vn 0.4991 -0.8663 0.0206
vn -0.5303 -0.8477 0.0140
vn -0.5261 -0.8499 0.0302
vn -0.6085 -0.7921 -0.0483
vn -0.0198 -0.0149 -0.9997
vn -0.0209 -0.0388 -0.9990
vn 0.0049 -0.0073 -1.0000
vn -0.1920 0.7064 -0.6813
vn -0.0934 0.7025 -0.7055
vn -0.0822 0.6733 -0.7348
vn 0.1384 0.9814 0.1329
vn 0.1867 0.9686 0.1643
vn 0.1860 0.9607 0.2060
vn -0.9205 -0.1432 0.3636
vn -0.9118 -0.0890 0.4008
vn -0.9125 -0.1958 0.3592
vn 0.2494 0.1376 0.9586
vn 0.2113 -0.0032 0.9774
vn 0.2738 -0.0243 0.9615
vn -0.0930 -0.9940 -0.0571
vn -0.2788 -0.9547 -0.1038
vn -0.0404 -0.9975 -0.0584
vn -0.1189 -0.6452 -0.7547
vn -0.0375 -0.8218 -0.5685
vn 0.0888 -0.6624 -0.7438
vn 0.1611 -0.8517 0.4987
vn 0.1957 -0.9197 0.3405
vn 0.0498 -0.9131 0.4047
vn 0.8071 0.1665 -0.5665
vn 0.7120 0.1505 -0.6858
vn 0.7431 0.0459 -0.6676
vn -0.9105 0.4116 -0.0402
vn -0.9548 0.2503 -0.1604
vn -0.9312 0.3536 -0.0885
vn -0.0386 -0.0537 -0.9978
vn 0.1234 -0.1249 -0.9845
vn -0.0358 -0.0531 -0.9979
vn 0.2157 0.1417 0.9661
vn 0.2081 0.0368 0.9774
vn 0.9346 0.3463 0.0812
vn 0.9039 0.4111 0.1179
vn 0.9042 0.3566 0.2349
vn -0.0174 -0.0173 -0.9997
vn -0.0113 -0.0178 -0.9998
vn -0.0231 0.0179 -0.9996
vn 0.9034 0.3063 -0.3002
vn 0.8265 0.4735 -0.3044
vn 0.9173 0.2428 -0.3157
vn 0.1958 0.9806 -0.0118
vn 0.0953 0.9917 -0.0862
vn -0.0201 0.9947 -0.1004
vn 0.5073 0.7994 0.3217
vn 0.4128 0.8615 0.2955
vn 0.4631 0.8125 0.3540
vn -0.4783 0.8575 0.1896
vn -0.5248 0.8279 0.1978
vn -0.3664 0.9215 0.1287
vn 0.9724 0.0565 0.2262
vn 0.9275 -0.0964 0.3612
vn 0.9520 -0.0372 0.3039
vn -0.1970 -0.6290 -0.7520
vn -0.2509 -0.2687 -0.9300
vn -0.4049 -0.2483 -0.8800
vn 0.1217 -0.4684 0.8751
vn 0.0550 -0.5590 0.8274
vn 0.0750 -0.6100 0.7889
vn -0.9361 0.2585 0.2385
vn -0.9388 0.1152 0.3246
vn -0.9723 0.1319 0.1929
vn -0.8637 -0.4977 -0.0796
vn -0.7462 -0.6606 0.0829
vn -0.8640 -0.4921 0.1065
vn -0.5207 -0.8338 -0.1833
vn -0.5829 -0.7755 -0.2426
vn -0.4926 -0.8532 -0.1712
vn -0.1703 -0.9705 -0.1705
vn -0.1894 -0.9722 -0.1375
vn -0.2273 -0.9022 -0.3666
vn 0.9064 -0.1983 0.3731
vn 0.8706 -0.3733 0.3206
vn 0.8555 -0.4041 0.3238
vn 0.2916 -0.7002 -0.6517
vn 0.3317 -0.7471 -0.5761
vn 0.3126 -0.8130 -0.4913
vn -0.4143 -0.0652 0.9078
vn -0.4484 0.0164 0.8937
vn -0.4662 -0.0656 0.8822
vn -0.0307 -0.8506 0.5249
vn -0.1487 -0.8088 0.5689
vn -0.0469 -0.7900 0.6113
vn -0.9875 0.0538 -0.1484
vn -0.9745 -0.1403 -0.1749
vn -0.9899 -0.1346 0.0441
vn -0.6487 -0.5757 -0.4977
vn -0.6520 -0.6157 -0.4425
vn -0.6072 -0.7174 -0.3416
vn 0.2258 0.9344 0.2756
vn 0.3346 0.9049 0.2630
vn 0.2146 0.9438 0.2515
vn 0.0375 0.6741 -0.7377
vn 0.1058 0.5626 -0.8199
vn 0.1724 0.6244 -0.7618
vn -0.0072 0.0713 0.9974
vn -0.0306 0.0230 0.9993
vn -0.0333 0.0606 0.9976
vn 0.7979 0.5569 0.2307
vn 0.7566 0.5386 0.3707
vn 0.7043 0.6838 0.1908
vn 0.4982 0.3910 0.7739
vn 0.3861 0.3088 0.8692
vn 0.4162 0.3676 0.8317
vn -0.0219 -0.0154 -0.9996
vn 0.0103 -0.0056 -0.9999
vn 0.0164 0.0046 -0.9999
vn 0.1267 -0.5529 0.8236
vn 0.1016 -0.4522 0.8861
vn 0.0389 -0.6353 0.7713
vn 0.8263 -0.4598 -0.3253
vn 0.8168 -0.4529 -0.3573
vn 0.8131 -0.4763 -0.3347
vn -0.9482 -0.2459 0.2011
vn -0.9637 -0.2400 0.1168
vn -0.9062 -0.2719 0.3239
vn -0.3371 -0.1054 0.9355
vn -0.1513 -0.0953 0.9839
vn -0.2156 -0.0238 0.9762
vn 0.0408 -0.7201 0.6927
vn 0.0521 -0.7221 0.6898
vn 0.0364 -0.7799 0.6249
vn -0.8059 -0.3034 0.5083
vn -0.8647 -0.3268 0.3814
vn 0.3562 -0.8488 0.3907
vn 0.4167 -0.8410 0.3451
vn 0.3963 -0.8541 0.3367
vn 0.6571 -0.7307 0.1852
vn 0.6363 -0.7439 0.2043
vn 0.6465 -0.7518 0.1293
vn 0.1140 0.5774 0.8085
vn -0.0105 0.6681 0.7440
vn -0.0264 0.7161 0.6975
vn 0.2157 0.8009 0.5586
vn 0.1552 0.8939 0.4205
vn 0.1399 0.8489 0.5097
vn 0.5446 -0.8252 -0.1496
vn 0.2868 -0.9327 -0.2188
vn 0.3823 -0.9112 -0.1535
vn -0.6579 -0.7063 0.2614
vn -0.7806 -0.5988 0.1792
vn -0.8497 -0.5063 0.1475
vn 0.0716 0.7636 0.6417
vn -0.3939 0.7989 0.4545
vn -0.0745 0.8291 0.5542
vn -0.1773 0.8746 -0.4513
vn -0.2336 0.8633 -0.4474
vn -0.2770 0.7903 -0.5466
vn 0.9527 -0.0522 0.2995
vn 0.9614 -0.0363 0.2727
vn 0.9733 -0.0207 0.2286
vn 0.6353 0.7262 0.2627
vn 0.6860 0.6753 0.2707
vn 0.7321 0.5933 0.3346
vn -0.2807 0.9159 -0.2869
vn -0.1786 0.8801 -0.4398
vn -0.3345 0.8848 -0.3243
vn -0.1143 0.9351 -0.3354
vn -0.1101 0.9581 -0.2643
vn 0.0319 0.9988 -0.0382
vn 0.4778 0.8784 0.0043
vn 0.4042 0.8913 -0.2054
vn 0.4920 0.8611 -0.1284
vn -0.4149 0.7785 0.4709
vn -0.5322 0.7362 0.4180
vn -0.3505 0.8836 0.3105
vn -0.2981 -0.9195 0.2561
vn -0.2512 -0.9107 0.3281
vn -0.1931 -0.9689 0.1550
vn -0.4115 -0.8991 -0.1493
vn -0.2834 -0.9382 -0.1986
vn -0.4562 -0.8727 -0.1740
vn -0.9530 0.0741 -0.2939
vn -0.9814 0.0155 -0.1911
vn -0.9976 0.0234 -0.0658
vn 0.3617 0.2145 0.9073
vn 0.2122 0.1274 0.9689
vn 0.3018 0.1854 0.9352
vn -0.8425 -0.4614 0.2779
vn -0.7430 -0.5666 0.3563
vn -0.8329 -0.4548 0.3154
vn -0.3021 -0.8954 0.3271
vn -0.3166 -0.8934 0.3187
vn -0.5083 -0.8334 0.2172
vn -0.2884 0.2286 -0.9298
vn -0.0302 0.2375 -0.9709
vn 0.0017 0.2373 -0.9714
vn 0.8682 -0.2563 0.4250
vn 0.9677 -0.1660 0.1896
vn 0.9356 -0.1633 0.3131
vn 0.5076 -0.5186 0.6880
vn 0.1091 -0.3527 0.9293
vn 0.1889 -0.3602 0.9136
vn 0.8101 -0.4783 -0.3390
vn 0.7606 -0.5472 -0.3494
vn 0.7349 -0.5999 -0.3163
vn -0.7927 -0.0120 0.6094
vn -0.8324 0.0034 0.5542
vn -0.8255 -0.0699 0.5600
vn -0.2757 0.7925 0.5440
vn -0.2653 0.8283 0.4936
vn -0.2052 0.8366 0.5079
vn -0.5237 -0.2029 -0.8274
vn -0.6774 -0.2595 -0.6883
vn -0.6479 -0.0617 -0.7593
vn 0.2387 -0.6101 0.7555
vn 0.2191 -0.3869 0.8957
vn 0.3420 -0.3738 0.8621
vn 0.1411 0.6579 0.7397
vn 0.0264 0.6951 0.7184
vn 0.0399 0.6916 0.7211
vn -0.4482 0.4926 0.7460
vn -0.4166 0.4959 0.7619
vn -0.4776 0.5825 0.6577
vn -0.8441 0.1409 -0.5174
vn -0.8977 0.1220 -0.4234
vn -0.9021 0.1029 -0.4190
vn 0.9702 0.2207 0.1004
vn 0.9719 0.2352 0.0048
vn 0.9779 0.1412 0.1541
vn 0.4617 -0.5417 -0.7025
vn 0.5102 -0.4048 -0.7589
vn 0.5491 -0.4701 -0.6910
vn 0.3584 -0.5119 0.7807
vn 0.3679 -0.4763 0.7986
vn 0.3324 -0.4152 0.8468
vn -0.9613 0.2564 0.1007
vn -0.9890 0.1463 0.0210
vn -0.9908 0.1238 0.0542
vn -0.3729 0.7699 0.5179
vn -0.4656 0.7370 0.4900
vn -0.4517 0.7050 0.5468
vn -0.6543 -0.2576 0.7111
vn -0.5021 -0.3238 0.8019
vn -0.4012 -0.3349 0.8526
vn 0.8030 0.5289 -0.2748
vn 0.8647 0.4741 -0.1657
vn 0.7118 0.6637 -0.2299
vn 0.0586 -0.8310 -0.5532
vn 0.0179 -0.7960 -0.6051
vn 0.1959 -0.7520 -0.6294
vn -0.2325 -0.9726 -0.0000
vn -0.3192 -0.9372 0.1408
vn -0.1920 -0.9737 0.1225
vn -0.0782 0.8572 -0.5090
vn -0.1149 0.8263 -0.5513
vn -0.1455 0.8177 -0.5570
vn 0.9544 0.2836 -0.0936
vn 0.9068 0.3372 -0.2532
vn 0.9094 0.3536 -0.2191
vn 0.0333 0.7100 0.7035
vn -0.0298 0.7205 0.6928
vn 0.0087 0.5633 0.8262
vn -0.8243 -0.5622 -0.0665
vn -0.8713 -0.4904 -0.0193
vn -0.8039 -0.5927 -0.0485
vn -0.0747 -0.7151 0.6950
vn 0.1384 -0.6893 0.7112
vn -0.0279 -0.7021 0.7115
vn -0.2479 -0.0269 0.9684
vn -0.2084 0.0111 0.9780
vn -0.2131 -0.0830 0.9735
vn 0.9010 0.4323 -0.0347
vn 0.9202 0.3859 0.0658
vn 0.8866 0.4581 0.0645
vn 0.6193 -0.2351 -0.7492
vn 0.7509 -0.2516 -0.6107
vn 0.5715 -0.2406 -0.7845
vn 0.7117 -0.6560 0.2513
vn 0.6570 -0.5124 0.5530
vn 0.7846 -0.5053 0.3593
vn 0.0563 -0.9943 -0.0901
vn 0.0796 -0.9816 -0.1734
vn 0.0817 -0.9891 -0.1223
vn -0.8170 0.2918 -0.4974
vn -0.8078 0.2129 -0.5497
vn -0.7219 0.2646 -0.6394
vn -0.6596 0.7333 -0.1648
vn -0.5519 0.8339 0.0015
vn -0.6819 0.7307 -0.0313
vn -0.1604 0.9795 0.1217
vn -0.3439 0.9244 0.1650
vn -0.2749 0.9559 0.1033
vn -0.1430 0.9855 0.0911
vn 0.7221 -0.6716 0.1659
vn 0.8419 -0.5184 -0.1501
vn 0.8094 -0.5521 0.2000
vn -0.2785 -0.7789 0.5619
vn -0.2236 -0.6782 0.7001
vn -0.1407 -0.8145 0.5629
vn -0.3765 -0.6443 0.6657
vn -0.4373 -0.4596 0.7730
vn -0.3524 -0.5211 0.7774
vn -0.6696 -0.6397 0.3773
vn -0.7347 -0.5639 0.3773
vn -0.6723 -0.6385 0.3747
vn -0.0996 -0.8327 -0.5447
vn -0.0250 -0.7706 -0.6368
vn -0.1188 -0.6856 -0.7183
vn 0.3317 -0.2164 -0.9182
vn 0.2340 -0.2127 -0.9487
vn 0.3832 -0.2212 -0.8968
vn 0.5765 0.5909 0.5644
vn 0.4897 0.4747 0.7313
vn 0.5236 0.5274 0.6690
vn 0.3965 -0.5987 0.6959
vn 0.1868 0.8300 -0.5256
vn 0.2140 0.8445 -0.4910
vn 0.3435 0.8548 -0.3891
vn -0.9731 -0.2278 -0.0338
vn -0.9684 -0.1828 0.1698
vn -0.9367 -0.3278 0.1231
vn -0.8221 0.2293 -0.5211
vn -0.8256 0.1841 -0.5334
vn -0.8376 0.1933 -0.5109
vn 0.1173 -0.7959 -0.5940
vn 0.1182 -0.7988 -0.5899
vn 0.1151 -0.7416 -0.6609
vn 0.8515 0.4794 -0.2124
vn 0.6716 0.5916 -0.4460
vn 0.6760 0.4999 -0.5414
vn 0.4958 0.7167 -0.4904
vn 0.5848 0.6734 -0.4523
vn 0.6589 0.6002 -0.4535
vn 0.2125 -0.9234 0.3195
vn 0.2855 -0.9161 0.2817
vn 0.2018 -0.9688 0.1440
vn 0.1262 -0.8551 0.5029
vn 0.1052 -0.7861 0.6091
vn 0.1371 -0.8094 0.5710
vn -0.8581 0.3695 0.3566
vn -0.8733 0.4125 0.2591
vn -0.9068 0.2353 0.3497
vn -0.8071 0.2267 0.5452
vn -0.8116 0.3615 0.4589
vn -0.8388 0.3053 0.4508
vn 0.2937 -0.6471 0.7036
vn 0.1537 -0.7943 0.5878
vn 0.0272 -0.8064 0.5908
vn -0.4221 -0.6821 0.5971
vn -0.2845 -0.6956 0.6597
vn -0.3163 -0.7319 0.6036
vn -0.2148 0.9657 -0.1459
vn -0.2529 0.9560 -0.1487
vn -0.1881 0.9820 -0.0158
vn 0.5287 0.2071 0.8232
vn 0.4654 0.3423 0.8162
vn 0.3619 0.2809 0.8889
vn 0.4897 0.2250 -0.8424
vn 0.6392 0.1910 -0.7449
vn 0.5962 0.2579 -0.7602
vn 0.0575 -0.3053 -0.9505
vn -0.1266 -0.3000 -0.9455
vn -0.1751 -0.2321 -0.9568
vn -0.1165 -0.7025 0.7021
vn -0.0534 -0.6092 0.7912
vn -0.1388 -0.5434 0.8279
vn 0.3588 -0.3613 0.8606
vn 0.3811 -0.3820 0.8419
vn 0.3334 -0.3646 0.8694
vn -0.0806 0.3470 -0.9344
vn -0.1082 0.2590 -0.9598
vn 0.0038 -0.1873 -0.9823
vn 0.5441 0.7072 0.4515
vn 0.8308 0.3590 0.4254
vn 0.7537 0.2965 0.5865
vn 0.5888 0.7929 0.1570
vn 0.5783 0.7699 0.2700
vn 0.6335 0.7071 0.3141
vn -0.6738 -0.3830 0.6320
vn -0.8238 -0.3070 0.4765
vn -0.7536 -0.3502 0.5563
vn 0.0437 -0.4026 0.9143
vn -0.3088 -0.4613 0.8318
vn 0.1538 -0.4651 0.8718
vn -0.1242 -0.9256 0.3575
vn -0.0604 -0.8645 0.4991
vn -0.3214 -0.8905 0.3219
vn 0.4996 0.3273 -0.8020
vn 0.5240 0.3225 -0.7883
vn 0.5346 0.2888 -0.7943
vn 0.4349 0.0000 -0.9005
vn 0.2367 0.0173 -0.9714
vn 0.3010 -0.0352 -0.9530
vn -0.2618 -0.4275 0.8653
vn -0.1286 -0.3731 0.9188
vn -0.2163 -0.3284 0.9195
vn 0.3167 -0.4246 0.8482
vn 0.3085 -0.3580 0.8813
vn 0.3406 -0.3782 0.8608
vn -0.4633 0.6213 0.6319
vn -0.3764 0.7670 0.5197
vn -0.5616 0.6179 0.5503
vn 0.7651 0.4399 0.4703
vn 0.8035 0.3121 0.5069
vn 0.7499 0.3657 0.5514
vn 0.3805 0.8252 0.4175
vn 0.3611 0.9070 0.2166
vn 0.3014 0.8788 0.3700
vn 0.1220 -0.1026 -0.9872
vn 0.0623 -0.0621 -0.9961
vn 0.0224 -0.0086 -0.9997
vn 0.2868 0.0722 0.9553
vn 0.3645 -0.3126 0.8772
vn 0.5009 -0.3463 0.7932
vn 0.4601 -0.2769 0.8436
vn 0.5148 0.2775 -0.8111
vn 0.6299 0.1731 -0.7572
vn 0.7173 0.1329 -0.6839
vn 0.6309 0.7752 0.0316
vn 0.6483 0.7247 0.2334
vn 0.6665 0.7125 0.2194
vn 0.5565 0.3514 0.7529
vn 0.3615 0.3486 0.8648
vn 0.4271 0.3120 0.8487
vn -0.2021 0.9656 -0.1633
vn -0.2276 0.9672 -0.1127
vn -0.2410 0.9286 -0.2823
vn 0.1018 0.0191 -0.9946
vn -0.1031 0.0392 -0.9939
vn -0.1022 0.0440 -0.9938
vn -0.7217 -0.2638 -0.6400
vn -0.7745 -0.4003 -0.4898
vn -0.7654 -0.4006 -0.5038
vn 0.6984 -0.7141 0.0477
vn 0.7677 -0.2911 -0.5709
vn 0.7929 -0.2420 -0.5592
vn 0.7230 -0.3415 -0.6006
vn -0.6390 0.0959 -0.7632
vn -0.6971 0.2922 -0.6548
vn -0.6290 0.2221 -0.7450
vn -0.3997 -0.2522 -0.8813
vn -0.4405 -0.1204 -0.8897
vn -0.4050 -0.1322 -0.9047
vn -0.6024 0.7895 0.1177
vn -0.6560 0.7470 0.1076
vn -0.6277 0.7695 0.1181
vn -0.6529 0.7451 0.1363
vn -0.6076 0.7668 0.2069
vn -0.6516 0.7204 0.2375
vn 0.7843 -0.5497 0.2876
vn 0.5125 -0.8457 0.1488
vn 0.6796 -0.6824 0.2692
vn 0.2342 -0.9437 0.2334
vn -0.3572 -0.9139 0.1929
vn -0.2116 -0.9141 0.3458
vn 0.0343 -0.0955 -0.9948
vn -0.0234 -0.0059 -0.9997
vn 0.0021 -0.1066 -0.9943
vn 0.8412 0.3773 0.3874
vn 0.9297 0.3657 -0.0449
vn 0.9470 0.3213 -0.0078
vn 0.0558 -0.0573 -0.9968
vn -0.0654 -0.1836 -0.9808
vn 0.0972 0.0751 -0.9924
vn -0.5297 -0.8226 0.2069
vn -0.5246 -0.8172 0.2389
vn -0.6288 -0.7774 0.0182
vn 0.6072 0.3764 0.6997
vn 0.6402 0.4873 0.5939
vn 0.6278 0.2630 0.7326
vn 0.3348 0.9377 0.0924
vn 0.3557 0.9331 0.0536
vn 0.1975 0.9803 -0.0086
vn 0.4338 0.5560 -0.7090
vn 0.4035 0.6756 -0.6171
vn 0.4443 0.5446 -0.7113
vn -0.7894 -0.5376 0.2964
vn -0.8147 -0.4608 0.3520
vn -0.7973 -0.5347 0.2798
vn 0.5446 0.8317 0.1081
vn 0.0570 0.0565 -0.9968
vn 0.1102 -0.0070 -0.9939
vn -0.0283 0.0314 -0.9991
vn 0.6469 0.3977 -0.6507
vn 0.6209 0.4662 -0.6302
vn 0.5506 0.4205 -0.7211
vn -0.9907 -0.0856 0.1057
vn -0.9911 -0.0951 0.0929
vn -0.9759 -0.1633 0.1450
vn -0.9247 -0.3805 -0.0075
vn -0.9444 -0.3267 0.0366
vn -0.9004 -0.4343 -0.0260
vn 0.5729 -0.3820 -0.7252
vn 0.5181 -0.4913 -0.7001
vn 0.4093 -0.5002 -0.7631
vn 0.5520 0.4114 -0.7253
vn 0.6378 0.4337 -0.6364
vn -0.2151 -0.0072 0.9766
vn -0.2242 0.3001 0.9272
vn -0.0621 0.2000 0.9778
vn 0.0220 0.1479 0.9888
vn -0.0383 0.0683 0.9969
vn -0.0637 0.1044 0.9925
vn 0.4792 0.7683 -0.4244
vn 0.5804 0.7121 -0.3951
vn 0.6049 0.6555 -0.4522
vn 0.9790 0.2035 -0.0153
vn 0.9523 0.3026 -0.0400
vn 0.8977 0.4407 -0.0051
vn 0.0406 -0.9302 0.3647
vn -0.2324 -0.9101 0.3431
vn -0.2437 -0.9217 0.3018
vn -0.4174 -0.7140 0.5621
vn -0.4099 -0.7591 0.5058
vn -0.3050 -0.7983 0.5193
vn -0.2963 -0.9475 0.1199
vn -0.2652 -0.9599 0.0907
vn -0.2910 -0.9530 0.0839
vn 0.7891 -0.6135 -0.0327
vn 0.7082 -0.5562 -0.4349
vn 0.6333 -0.5517 -0.5428
vn 0.5651 0.7593 -0.3227
vn 0.5008 0.7765 -0.3825
vn 0.6222 0.6960 -0.3583
vn 0.2830 0.9591 0.0057
vn 0.4420 0.8968 -0.0191
vn 0.4118 0.9100 -0.0480
vn -0.2347 0.2740 0.9327
vn -0.1752 0.3806 0.9080
vn -0.1226 0.3367 0.9336
vn 0.2326 0.7421 0.6286
vn 0.2543 0.6915 0.6761
vn 0.2416 0.6371 0.7319
vn -0.9345 0.2420 0.2612
vn -0.9113 0.3334 0.2417
vn -0.9346 0.3498 0.0642
vn 0.0008 0.8701 0.4930
vn 0.0699 0.9449 0.3197
vn 0.1068 0.8819 0.4592
vn 0.7680 -0.6356 -0.0786
vn 0.7995 -0.5989 0.0453
vn 0.8499 -0.5227 -0.0667
vn 0.9956 0.0395 -0.0853
vn 0.9577 0.2819 -0.0571
vn 0.9566 0.2901 0.0273
vn -0.0231 0.0191 -0.9995
vn -0.0010 0.0023 -1.0000
vn 0.0050 0.0184 -0.9998
vn 0.0945 -0.7642 -0.6380
vn 0.0076 0.9752 0.2212
vn 0.1332 0.9814 0.1385
vn 0.0419 0.9863 0.1595
vn 0.2942 0.3655 0.8831
vn 0.2436 0.3283 0.9126
vn 0.1810 0.4603 0.8691
vn -0.8700 -0.4926 0.0216
vn -0.8831 -0.4691 0.0094
vn -0.8551 -0.5147 0.0627
vn -0.8438 -0.3540 -0.4033
vn -0.8186 -0.4108 -0.4014
vn -0.7636 -0.3558 -0.5389
vn -0.0014 -0.0347 -0.9994
vn -0.0071 -0.0424 -0.9991
vn -0.0239 0.0580 -0.9980
vn -0.1982 0.1710 -0.9651
vn -0.3977 0.4258 -0.8127
vn -0.3674 0.2812 -0.8865
vn 0.5045 0.4744 0.7214
vn 0.2710 -0.3591 0.8931
vn 0.4237 -0.2173 0.8794
vn 0.1686 -0.1042 0.9801
vn -0.5588 0.2083 0.8027
vn -0.5822 0.2923 0.7587
vn -0.6254 0.1316 0.7691
vn -0.3801 -0.0195 0.9247
vn -0.3663 0.0513 0.9291
vn -0.0198 -0.8811 0.4725
vn -0.1683 -0.9139 0.3694
vn -0.1225 -0.9579 0.2598
vn 0.2577 -0.9512 -0.1695
vn 0.2281 -0.9374 -0.2630
vn 0.1431 -0.9778 -0.1534
vn -0.4135 -0.5083 -0.7554
vn -0.4064 -0.5142 -0.7553
vn -0.3988 -0.6404 -0.6564
vn -0.7718 -0.6257 -0.1136
vn -0.8242 -0.5663 0.0035
vn -0.8480 -0.5042 -0.1631
vn -0.7688 0.6186 -0.1623
vn -0.6812 0.7165 -0.1503
vn -0.6028 0.7848 -0.1441
vn -0.3229 0.9413 -0.0981
vn -0.1994 0.9794 0.0322
vn -0.2400 0.9705 0.0213
vn -0.1378 0.2605 -0.9556
vn 0.0539 0.2642 -0.9629
vn -0.1335 0.3008 -0.9443
vn 0.0609 0.2242 -0.9726
vn -0.0302 -0.1067 -0.9938
vn 0.1317 0.4212 -0.8973
vn 0.5522 0.7213 0.4180
vn 0.3209 0.9370 0.1379
vn 0.2513 0.9098 0.3303
vn 0.0371 0.9045 -0.4248
vn 0.0439 0.9211 -0.3869
vn 0.0583 0.9022 -0.4273
vn -0.2314 -0.9725 -0.0278
vn -0.5031 -0.8546 0.1285
vn -0.6551 -0.7548 -0.0337
vn -0.6228 -0.7615 -0.1796
vn 0.7922 0.5815 -0.1851
vn 0.7453 0.6370 -0.1969
vn 0.6938 0.6854 -0.2208
vn 0.5245 0.8053 -0.2764
vn 0.3757 0.9219 -0.0945
vn 0.3291 0.8999 -0.2862
vn -0.2196 -0.9258 0.3077
vn -0.2150 -0.9293 0.3001
vn -0.1175 -0.8988 0.4223
vn -0.4723 -0.7230 -0.5042
vn -0.4730 -0.7142 -0.5160
vn -0.2514 -0.7723 -0.5833
vn 0.1532 0.8106 0.5652
vn 0.2719 0.6882 0.6726
vn 0.0761 0.7578 0.6481
vn 0.5664 0.8192 -0.0899
vn 0.4291 0.8813 -0.1978
vn 0.4784 0.8206 -0.3128
vn -0.6093 0.5350 -0.5852
vn -0.5609 0.6345 -0.5318
vn -0.5280 0.4876 -0.6953
vn -0.6863 0.7047 0.1802
vn -0.7547 0.6498 -0.0912
vn -0.7607 0.6427 0.0906
vn 0.6543 0.7493 -0.1023
vn 0.6575 0.7534 0.0062
vn 0.5989 0.7053 -0.3793
vn 0.7265 0.3130 -0.6118
vn 0.6659 0.3554 -0.6560
vn 0.6379 0.3364 -0.6928
vn -0.0198 -0.0442 -0.9988
vn -0.0163 -0.1106 -0.9937
vn 0.8235 -0.5311 0.1994
vn 0.8217 -0.4026 0.4035
vn 0.7593 -0.5421 0.3598
vn -0.0950 0.9934 -0.0650
vn -0.0243 0.9760 -0.2162
vn -0.1166 0.9889 -0.0926
vn 0.3407 0.2090 0.9166
vn 0.3590 0.2115 0.9091
vn 0.3024 0.3487 0.8871
vn 0.8394 -0.4383 0.3214
vn 0.7496 -0.6169 0.2397
vn 0.8269 -0.4735 0.3035
vn 0.3253 -0.4156 0.8494
vn 0.4099 -0.5135 0.7538
vn 0.4254 -0.4065 0.8086
vn -0.1921 -0.0349 -0.9808
vn -0.0241 -0.0083 -0.9997
vn -0.1392 -0.0448 -0.9892
vn -0.0098 0.0242 -0.9997
vn -0.0421 -0.1664 -0.9852
vn 0.0967 0.3030 -0.9481
vn 0.4940 0.3590 0.7918
vn 0.3628 -0.3439 0.8661
vn 0.6051 -0.3660 0.7071
vn 0.6144 -0.3158 0.7230
vn 0.8287 -0.3164 -0.4617
vn 0.8182 -0.4594 -0.3457
vn 0.9019 -0.2246 -0.3690
vn 0.9381 -0.2561 0.2333
vn 0.9714 -0.0877 0.2206
vn -0.0901 -0.9683 0.2328
vn -0.1149 -0.9731 0.1996
vn 0.0036 -0.9920 0.1264
vn 0.3632 -0.8539 0.3727
vn 0.5154 -0.7987 0.3105
vn 0.4847 -0.7406 0.4654
vn -0.7222 -0.5434 0.4279
vn -0.7136 -0.4692 0.5203
vn -0.7796 -0.3470 0.5214
vn -0.7975 -0.5360 0.2770
vn -0.6209 -0.6775 0.3943
vn -0.6292 -0.6531 0.4214
vn 0.1437 -0.8928 0.4270
vn 0.2209 -0.8338 0.5060
vn 0.1531 -0.9219 0.3560
vn -0.3141 -0.9241 0.2177
vn -0.1687 0.9731 0.1572
vn -0.1948 0.9808 0.0126
vn -0.1742 0.9847 -0.0010
vn -0.0419 0.6499 0.7588
vn -0.0094 0.4653 0.8851
vn -0.0454 0.5144 0.8563
vn -0.4355 -0.3341 -0.8359
vn -0.5938 -0.4646 -0.6569
vn -0.4045 -0.4792 -0.7790
vn 0.0523 0.0772 -0.9956
vn -0.1159 -0.1297 -0.9848
vn -0.0059 -0.0221 -0.9997
vn -0.1959 0.2100 0.9579
vn -0.1548 0.2011 0.9673
vn -0.1395 0.2931 0.9459
vn -0.1486 0.8588 0.4903
vn -0.0586 0.9081 0.4146
vn -0.0275 0.8523 0.5224
vn -0.2575 -0.3623 0.8958
vn -0.0678 -0.4763 0.8766
vn -0.4476 -0.4444 0.7760
vn -0.6053 -0.4063 0.6845
vn 0.4712 -0.4960 -0.7294
vn 0.0392 0.3502 -0.9359
vn 0.1571 0.6969 -0.6997
vn 0.0950 0.5220 -0.8476
vn 0.8930 0.0076 -0.4499
vn 0.8275 -0.1041 -0.5518
vn 0.9862 -0.0571 -0.1554
vn 0.2143 -0.3651 -0.9060
vn 0.3598 -0.3789 -0.8526
vn 0.2496 -0.3901 -0.8863
vn -0.6298 -0.7344 -0.2529
vn -0.6766 -0.7107 -0.1927
vn -0.3116 -0.9258 0.2140
vn -0.2776 -0.9194 0.2786
vn -0.4920 -0.8233 0.2829
vn -0.1940 0.1107 0.9747
vn -0.1757 0.0217 0.9842
vn -0.0735 0.1217 0.9898
vn -0.2727 0.5024 0.8205
vn -0.3461 0.4911 0.7994
vn -0.2304 0.5068 0.8307
vn -0.1014 0.6669 -0.7382
vn 0.0794 0.7942 -0.6024
vn 0.0024 0.7393 -0.6734
vn -0.4874 -0.7401 -0.4635
vn -0.4421 -0.7369 -0.5115
vn -0.4325 -0.8488 -0.3042
vn 0.9114 -0.0329 -0.4102
vn 0.8959 -0.0138 -0.4440
vn 0.8593 -0.0750 -0.5059
vn 0.8336 0.2803 -0.4760
vn 0.8675 0.3018 -0.3954
vn 0.8624 0.3358 -0.3787
vn -0.4420 -0.0182 -0.8968
vn -0.4697 -0.0277 -0.8824
vn -0.4587 0.1001 -0.8829
vn -0.3456 0.2049 -0.9157
vn -0.2023 0.2119 -0.9561
vn -0.3076 0.1030 -0.9459
vn -0.1307 -0.9808 -0.1446
vn -0.0653 -0.9676 -0.2441
vn -0.1697 -0.9307 -0.3240
vn -0.3792 -0.8324 -0.4042
vn -0.3188 -0.8026 -0.5042
vn 0.7058 0.6951 -0.1368
vn 0.7972 0.6034 -0.0171
vn 0.7331 0.6771 -0.0640
vn 0.9576 -0.0807 -0.2766
vn 0.9184 0.0014 -0.3957
vn 0.9363 -0.0826 -0.3415
vn 0.0822 -0.0688 0.9942
vn 0.1365 -0.0131 0.9906
vn 0.0033 0.0460 0.9989
vn 0.0242 -0.4098 0.9119
vn -0.0088 -0.4957 0.8685
vn -0.0096 -0.6106 0.7918
vn 0.7059 -0.6064 0.3660
vn 0.6452 -0.6393 0.4183
vn 0.8973 0.2919 0.3311
vn 0.9905 -0.0328 0.1336
vn 0.9658 -0.0257 0.2580
vn -0.6783 0.6968 0.2332
vn -0.7830 0.5934 0.1864
vn -0.7003 0.7129 0.0351
vn -0.3012 0.4285 -0.8519
vn -0.3800 0.2672 -0.8856
vn -0.4218 0.1609 -0.8923
vn 0.2127 -0.9243 0.3170
vn 0.4276 -0.8771 0.2188
vn 0.2654 -0.9374 0.2255
vn -0.0426 -0.8956 -0.4429
vn 0.0559 -0.8916 -0.4493
vn -0.9838 -0.1763 0.0317
vn -0.9942 -0.0753 0.0772
vn -0.9991 0.0053 0.0430
vn 0.0200 0.2934 0.9558
vn 0.0003 0.1096 0.9940
vn -0.2105 0.1513 0.9658
vn 0.1489 0.8400 0.5218
vn 0.0846 0.8638 0.4968
vn 0.1607 0.9686 0.1897
vn 0.2317 0.9586 0.1655
vn 0.2158 0.9714 0.0991
vn -0.1367 0.9899 -0.0379
vn -0.2054 0.9756 0.0775
vn -0.0166 0.9247 -0.3803
vn -0.1321 0.9748 -0.1800
vn -0.1343 0.9687 -0.2088
vn -0.0667 -0.9975 0.0236
vn 0.0777 -0.9946 -0.0684
vn 0.1929 -0.9812 0.0058
vn -0.5367 -0.7258 -0.4303
vn -0.5124 -0.8097 -0.2859
vn -0.4779 -0.7733 -0.4166
vn 0.4973 -0.7173 0.4879
vn 0.6411 -0.6544 0.4009
vn 0.6608 -0.5979 0.4538
vn -0.1843 -0.9817 0.0480
vn 0.0264 -0.9991 -0.0319
vn -0.0329 -0.9723 0.2315
vn 0.0442 0.9324 0.3588
vn 0.0489 0.9204 0.3879
vn 0.1163 0.8628 0.4921
vn 0.2925 0.9481 0.1243
vn 0.3855 0.9191 0.0821
vn -0.9104 0.3744 -0.1760
vn -0.8987 0.3711 -0.2338
vn -0.9275 0.3406 -0.1540
vn -0.7343 0.6326 -0.2464
vn -0.7045 0.5948 -0.3871
vn -0.6967 0.6158 -0.3679
vn 0.3469 -0.8193 -0.4564
vn 0.3912 -0.7230 -0.5695
vn 0.4352 -0.8100 -0.3930
vn -0.0309 -0.9622 -0.2706
vn 0.2109 -0.8997 -0.3822
vn 0.0111 -0.9508 -0.3096
vn -0.9265 -0.1864 0.3268
vn -0.9060 -0.2507 0.3410
vn -0.6383 0.6898 0.3418
vn -0.9784 -0.1962 0.0648
vn -0.7879 0.3545 -0.5036
vn -0.9808 -0.1286 -0.1467
vn -0.7315 -0.6807 -0.0383
vn -0.6072 -0.7878 -0.1038
vn -0.7504 -0.6523 -0.1068
vn -0.7521 -0.5348 -0.3851
vn -0.6469 -0.6479 -0.4021
vn -0.4088 0.8937 0.1847
vn -0.3981 0.9172 -0.0123
vn -0.5390 0.8175 0.2029
vn -0.2507 0.8937 0.3722
vn -0.1700 0.9489 0.2659
vn -0.1349 0.9336 0.3319
vn -0.5236 0.1847 -0.8317
vn -0.4654 0.2403 -0.8519
vn -0.7046 0.2363 -0.6691
vn 0.9105 0.4135 0.0091
vn 0.9409 0.3357 -0.0459
vn 0.8210 0.5590 -0.1162
vn -0.0036 0.3878 0.9218
vn -0.0316 0.4720 0.8810
vn -0.1227 0.3703 0.9208
vn 0.2722 0.6224 0.7338
vn 0.3106 0.6188 0.7216
vn 0.2821 0.6053 0.7444
vn 0.1737 -0.6333 0.7542
vn 0.1465 -0.6013 0.7855
vn 0.2359 -0.4409 0.8660
vn 0.0951 -0.9182 0.3844
vn 0.2442 -0.8723 0.4236
vn 0.1772 -0.8663 0.4670
vn 0.4322 0.0950 -0.8968
vn 0.9386 0.2708 -0.2136
vn 0.3213 0.2005 -0.9255
vn -0.1672 0.9848 -0.0479
vn -0.1675 0.9856 0.0229
vn -0.1063 -0.8924 0.4386
vn -0.8892 -0.2574 0.3783
vn -0.9220 -0.1486 0.3576
vn -0.8442 -0.1191 0.5226
vn 0.6614 -0.7333 0.1574
vn 0.5407 -0.7664 0.3469
vn 0.5686 -0.8070 0.1595
vn -0.3534 -0.8828 0.3093
vn -0.1557 -0.9803 0.1216
vn -0.1591 -0.8824 0.4427
vn -0.3621 0.8897 0.2779
vn -0.2825 0.9450 0.1646
vn -0.3710 0.9049 0.2088
vn -0.0748 0.5509 0.8312
vn 0.0129 0.6182 0.7859
vn -0.1951 0.6193 0.7606
vn 0.7311 0.5800 0.3592
vn 0.6844 0.6806 0.2616
vn 0.7452 0.4654 0.4775
vn 0.3630 -0.5611 0.7439
vn 0.5314 -0.3609 0.7664
vn 0.3665 0.7963 0.4813
vn 0.3562 0.7305 0.5827
vn 0.4307 0.7606 0.4857
vn 0.0797 0.9961 -0.0381
vn 0.0900 0.9946 -0.0511
vn -0.0554 0.9985 0.0011
vn -0.7721 0.6111 -0.1744
vn -0.8209 0.5634 -0.0928
vn -0.8424 0.5373 -0.0414
vn -0.4504 0.7753 -0.4428
vn -0.5170 0.8200 -0.2454
vn -0.4303 0.7310 -0.5296
vn -0.4163 -0.0303 -0.9087
vn -0.3548 0.1847 -0.9165
vn -0.4117 -0.2499 -0.8764
vn -0.1275 0.4894 -0.8627
vn -0.3256 0.1960 -0.9250
vn -0.1863 0.4308 -0.8830
vn -0.7874 -0.6095 0.0928
vn -0.7193 -0.6808 0.1383
vn -0.7078 -0.6807 0.1888
vn -0.5779 -0.6908 0.4346
vn -0.6096 -0.6275 0.4843
vn -0.5559 -0.5403 0.6317
vn -0.5667 -0.4465 0.6924
vn -0.5211 -0.5664 0.6385
vn -0.6270 -0.1156 0.7704
vn -0.6509 -0.0325 0.7585
vn -0.6925 -0.1270 0.7101
vn 0.9895 0.1285 0.0663
vn 0.9871 0.1603 0.0042
vn 0.9713 0.1481 0.1859
vn 0.6090 -0.2439 -0.7548
vn -0.0720 -0.9932 -0.0911
vn -0.0855 -0.9886 -0.1236
vn 0.0629 -0.9708 -0.2314
vn 0.3350 -0.7829 -0.5242
vn 0.3376 -0.7864 -0.5173
vn 0.4613 -0.7795 -0.4238
vn -0.0249 -0.0055 -0.9997
vn -0.1229 -0.0784 -0.9893
vn 0.0623 0.0204 -0.9979
vn -0.0348 -0.0018 -0.9994
vn 0.0107 0.0551 -0.9984
vn -0.8798 -0.3563 0.3145
vn -0.8980 -0.3536 0.2620
vn -0.8599 -0.3835 0.3367
vn -0.7805 0.1259 0.6124
vn -0.8801 0.0581 0.4713
vn -0.8485 0.1833 0.4965
vn -0.1877 0.4321 0.8821
vn -0.1916 0.4525 0.8709
vn -0.1574 0.5529 0.8183
vn -0.1976 0.9620 0.1883
vn -0.0373 0.9924 0.1171
vn -0.1137 0.9679 0.2240
vn -0.8987 -0.3904 -0.1999
vn -0.8378 -0.4960 -0.2283
vn 0.0269 -0.9975 0.0658
vn 0.2044 -0.9780 0.0424
vn -0.0783 -0.9880 0.1329
vn -0.0108 -0.6576 0.7532
vn -0.1958 -0.6427 0.7407
vn -0.3547 -0.7326 0.5809
vn -0.9029 -0.4233 0.0748
vn -0.9145 -0.3956 -0.0845
vn -0.1235 0.6673 -0.7344
vn -0.2080 0.4537 -0.8666
vn -0.1907 0.6345 -0.7490
vn -0.7066 0.2463 -0.6634
vn -0.7678 0.1963 -0.6098
vn -0.8519 0.1889 -0.4885
vn 0.2863 0.9346 0.2111
vn 0.3359 0.9377 0.0885
vn 0.7457 0.6661 -0.0147
vn 0.7763 0.6274 -0.0609
vn 0.7715 0.6362 -0.0083
vn -0.5442 0.7812 0.3059
vn -0.5736 0.7316 0.3685
vn -0.5127 0.8186 0.2589
vn -0.0963 0.9541 0.2834
vn -0.2456 0.9336 0.2610
vn -0.1007 0.9648 0.2428
vn 0.4284 0.7597 -0.4892
vn 0.3332 0.8319 -0.4438
vn 0.2563 0.7825 -0.5675
vn 0.5021 0.8645 -0.0220
vn 0.4063 0.8847 -0.2284
vn 0.5362 0.8251 -0.1778
vn -0.1078 -0.2950 0.9494
vn -0.2598 -0.3935 0.8819
vn -0.1134 -0.4224 0.8993
vn -0.8561 -0.5077 0.0964
vn -0.9396 -0.3367 0.0619
vn -0.8559 -0.4793 0.1944
vn -0.0013 -0.0346 -0.9994
vn -0.0186 -0.1049 -0.9943
vn -0.0858 -0.3280 -0.9408
vn 0.0078 0.0015 -1.0000
vn -0.5762 0.0667 -0.8146
vn -0.1187 0.0025 -0.9929
vn -0.0974 0.0471 -0.9941
vn 0.0398 -0.1697 -0.9847
vn 0.4292 0.8673 0.2520
vn 0.2355 0.9279 0.2889
vn 0.3227 0.9430 0.0813
vn 0.1426 0.9898 0.0048
vn -0.0733 0.9953 0.0633
vn -0.0866 0.9835 -0.1590
vn -0.6083 -0.6209 0.4944
vn -0.8417 -0.5335 -0.0832
vn -0.6662 -0.7437 -0.0558
vn -0.6955 -0.7073 -0.1268
vn 0.0917 -0.6484 0.7558
vn 0.0956 -0.7363 0.6699
vn 0.0953 -0.8257 0.5560
vn -0.4216 -0.8178 0.3917
vn -0.5198 -0.7060 0.4810
vn -0.5821 -0.7086 0.3987
vn 0.5268 -0.8488 -0.0445
vn 0.5107 -0.8254 -0.2408
vn 0.7168 -0.6921 -0.0849
vn 0.9583 -0.1316 -0.2537
vn 0.8742 -0.2646 -0.4072
vn 0.8933 -0.0423 -0.4474
vn -0.3629 0.5980 0.7146
vn -0.3499 0.5817 0.7343
vn -0.3473 0.6753 0.6507
vn 0.0996 0.4487 0.8881
vn 0.1272 0.4602 0.8786
vn 0.1623 0.3778 0.9115
vn -0.6875 -0.5115 -0.5154
vn -0.6028 -0.5981 -0.5282
vn -0.6172 -0.5982 -0.5111
vn -0.7434 0.0661 -0.6655
vn -0.7247 0.1961 -0.6606
vn 0.9239 0.2975 0.2406
vn 0.9785 0.1834 -0.0946
vn 0.9212 0.2941 0.2546
vn 0.7365 0.0477 -0.6748
vn 0.6103 0.0777 -0.7884
vn 0.7332 -0.0840 -0.6748
vn 0.8644 0.4205 0.2757
vn 0.7837 0.4425 0.4359
vn 0.7428 0.5585 0.3693
vn 0.7213 -0.5242 0.4526
vn 0.7560 -0.5800 0.3034
vn 0.7176 -0.4956 0.4894
vn -0.1568 0.9101 -0.3836
vn -0.1949 0.8030 -0.5631
vn -0.5489 0.7383 -0.3920
vn -0.4284 0.7732 -0.4676
vn -0.5696 0.6140 -0.5464
vn 0.4673 -0.1861 0.8643
vn 0.4927 -0.1157 0.8624
vn 0.3861 -0.3310 0.8610
vn -0.7237 -0.6656 -0.1823
vn -0.7541 -0.6051 -0.2553
vn -0.7505 -0.6249 -0.2150
vn -0.4323 -0.1825 -0.8831
vn -0.2938 0.1627 -0.9419
vn -0.1914 0.3442 -0.9192
vn 0.2244 -0.9529 0.2040
vn 0.0459 -0.9503 0.3079
vn 0.2775 -0.9242 0.2623
vn 0.2100 -0.8898 0.4051
vn 0.2109 -0.8698 0.4460
vn 0.2404 -0.8364 0.4927
vn 0.2543 -0.9009 -0.3518
vn 0.2858 -0.9271 -0.2424
vn 0.2732 -0.8782 -0.3925
vn 0.8371 -0.5326 -0.1250
vn 0.7661 -0.6256 -0.1476
vn 0.7906 -0.6002 -0.1212
vn -0.2471 -0.2728 -0.9298
vn -0.2717 -0.2437 -0.9310
vn -0.2469 -0.1821 -0.9518
vn -0.4818 -0.6372 -0.6015
vn -0.6035 -0.5669 -0.5607
vn -0.5812 -0.6619 -0.4733
vn -0.5037 -0.4959 -0.7074
vn -0.3130 -0.5324 -0.7865
vn -0.2886 0.1163 -0.9504
vn 0.0094 0.0011 -1.0000
vn 0.9087 0.0449 0.4151
vn 0.8970 0.1009 0.4304
vn 0.9560 0.0654 0.2861
vn 0.9471 0.2277 0.2262
vn 0.9000 0.0903 0.4265
vn 0.8826 0.1618 0.4414
vn 0.7576 0.3798 -0.5308
vn 0.8635 0.3648 -0.3483
vn 0.8494 0.1703 -0.4996
vn 0.8052 0.5306 -0.2650
vn 0.7229 0.6050 -0.3339
vn 0.7465 0.5830 -0.3209
vn 0.4724 0.3095 0.8252
vn 0.7218 0.1865 0.6664
vn 0.6586 0.5136 0.5500
vn 0.5517 0.4020 0.7308
vn -0.0209 -0.0768 -0.9968
vn -0.2220 0.1753 -0.9592
vn -0.1769 0.2735 -0.9455
vn -0.3151 0.3243 -0.8919
vn -0.9130 0.0817 -0.3997
vn -0.5668 0.2739 -0.7770
vn 0.7547 -0.3674 0.5435
vn 0.8969 -0.3970 0.1948
vn 0.8343 -0.4119 0.3665
vn 0.8942 -0.3165 0.3167
vn 0.8476 -0.4343 0.3048
vn 0.8527 -0.4627 0.2424
vn -0.0847 0.8156 -0.5724
vn -0.1111 0.6788 -0.7258
vn -0.0340 0.8481 -0.5287
vn 0.2645 0.8627 -0.4310
vn 0.2591 0.8440 -0.4695
vn 0.0698 0.8828 -0.4646
vn 0.5504 -0.7052 -0.4470
vn 0.2940 -0.3937 -0.8710
vn 0.1984 -0.1923 -0.9611
vn -0.0174 -0.0462 -0.9988
vn 0.0077 -0.0226 -0.9997
vn -0.3548 -0.3417 -0.8703
vn -0.4003 -0.3755 -0.8359
vn -0.2953 -0.3702 -0.8808
vn -0.5692 -0.1843 -0.8013
vn -0.3062 -0.0972 -0.9470
vn -0.4649 -0.1129 -0.8781
vn -0.9145 0.0287 -0.4036
vn -0.9171 0.0640 -0.3935
vn -0.7958 0.1971 -0.5726
vn -0.5004 -0.5071 0.7018
vn -0.6446 -0.4569 0.6130
vn -0.5796 -0.4862 0.6539
vn 0.1769 0.7701 0.6130
vn 0.2312 0.7812 0.5800
vn 0.1810 0.7637 0.6197
vn -0.1249 0.9382 0.3226
vn -0.0265 0.9758 0.2169
vn -0.0450 0.9612 0.2723
vn 0.2246 -0.8904 0.3958
vn 0.1288 -0.8764 0.4640
vn 0.3005 -0.8720 0.3863
vn -0.0082 -0.8770 0.4805
vn 0.0221 -0.8378 0.5455
vn -0.0268 -0.8135 0.5810
vn 0.5647 0.7715 0.2931
vn 0.3926 0.8907 0.2293
vn 0.4427 0.8400 0.3137
vn 0.6107 0.5612 0.5586
vn 0.7944 0.1489 0.5889
vn 0.8258 0.2670 0.4967
vn -0.5419 0.6466 0.5369
vn -0.6985 0.5831 0.4150
vn -0.6376 0.6028 0.4797
vn -0.8158 0.3363 0.4706
vn -0.7764 0.3761 0.5057
vn -0.8008 0.3614 0.4776
vn 0.1961 0.9791 -0.0544
vn 0.4201 0.9071 0.0273
vn 0.4692 0.8739 -0.1267
vn -0.9785 -0.1504 0.1414
vn -0.9867 -0.1575 0.0407
vn -0.9052 -0.2948 0.3060
vn 0.5397 0.2701 -0.7974
vn 0.3375 0.0827 -0.9377
vn 0.3356 0.3034 -0.8918
vn 0.0770 0.0245 -0.9967
vn -0.1167 0.0813 -0.9898
vn -0.0035 -0.0993 -0.9951
vn 0.2878 0.6605 -0.6935
vn 0.1586 0.6060 -0.7795
vn 0.2992 0.6570 -0.6920
vn 0.2929 0.1959 -0.9358
vn 0.3325 0.1789 -0.9260
vn 0.2294 0.2024 -0.9521
vn -0.3433 0.9259 0.1577
vn -0.2834 0.8913 0.3538
vn -0.3778 0.9100 0.1706
vn -0.7500 0.5800 0.3179
vn -0.6983 0.5974 0.3944
vn -0.6166 0.6725 0.4093
vn 0.6934 -0.6824 0.2313
vn 0.3893 0.1159 -0.9138
vn 0.3350 0.1979 -0.9212
vn -0.1447 0.2656 0.9532
vn 0.2325 0.6403 0.7321
vn 0.3995 0.8343 0.3799
vn -0.2840 0.7835 0.5527
vn 0.1373 0.9746 0.1769
vn -0.1033 -0.4158 -0.9036
vn 0.0580 -0.3519 -0.9343
vn 0.1294 -0.4350 -0.8911
vn 0.0539 -0.0439 -0.9976
vn 0.0213 -0.1338 -0.9908
vn -0.4475 -0.4256 0.7866
vn -0.6247 -0.3978 0.6720
vn -0.4239 -0.5805 0.6952
vn -0.7244 0.2288 0.6503
vn -0.4605 0.3195 0.8282
vn -0.6071 0.4280 0.6695
vn -0.9235 -0.2820 0.2602
vn -0.8239 -0.3795 0.4210
vn -0.7619 -0.3933 0.5147
vn -0.7718 -0.2466 0.5862
vn -0.6096 -0.3337 0.7191
vn -0.7810 -0.5836 -0.2223
vn -0.6904 -0.7037 -0.1679
vn -0.7634 -0.5832 -0.2777
vn -0.4142 -0.8537 0.3157
vn 0.5618 0.8205 -0.1057
vn 0.8783 0.3951 0.2693
vn 0.8588 0.3484 0.3755
vn 0.8305 0.4396 0.3421
vn 0.3188 0.9067 -0.2761
vn 0.4045 0.9089 -0.1016
vn 0.5487 0.8359 0.0160
vn 0.0680 0.8863 -0.4582
vn -0.0431 0.8105 -0.5841
vn 0.0884 0.8532 -0.5141
vn -0.6084 0.6390 0.4706
vn -0.6592 0.6134 0.4349
vn -0.7300 0.6805 -0.0635
vn -0.7086 0.7056 0.0117
vn -0.7759 0.6272 0.0679
vn -0.9264 0.1958 -0.3217
vn -0.9812 0.1292 -0.1434
vn -0.9312 0.1585 -0.3283
vn -0.8188 -0.1391 0.5570
vn -0.8780 -0.1074 0.4665
vn -0.8944 -0.0977 0.4364
vn -0.1701 -0.1709 0.9705
vn -0.1497 -0.2202 0.9639
vn -0.8588 -0.1130 0.4996
vn -0.7671 -0.0693 0.6378
vn -0.8362 -0.1685 0.5219
vn 0.6470 -0.0326 0.7618
vn 0.7341 0.1268 0.6670
vn 0.7163 0.3023 0.6289
vn 0.5302 0.0952 0.8425
vn 0.5885 0.1811 0.7879
vn 0.3509 -0.1139 0.9295
vn 0.3628 0.0759 0.9288
vn 0.9776 -0.1881 -0.0948
vn 0.8998 -0.3620 -0.2435
vn 0.9371 -0.3487 -0.0132
vn 0.6871 -0.0255 -0.7261
vn 0.6608 -0.1098 -0.7425
vn 0.5457 -0.0144 -0.8379
vn 0.1435 -0.1824 -0.9727
vn 0.1042 -0.0832 -0.9911
vn 0.1104 -0.0509 -0.9926
vn 0.6817 -0.4708 -0.5601
vn 0.7335 -0.3780 -0.5649
vn 0.5358 -0.7636 -0.3603
vn 0.4996 -0.7360 -0.4568
vn 0.0410 -0.9963 0.0751
vn 0.1340 -0.9897 0.0510
vn -0.1571 -0.9787 0.1319
vn -0.2472 -0.9526 0.1775
vn -0.3168 -0.9204 0.2292
vn -0.7907 -0.6113 0.0342
vn -0.8058 -0.5921 0.0081
vn -0.7786 -0.6275 -0.0032
vn -0.6701 -0.7318 0.1240
vn -0.6958 -0.7150 0.0690
vn -0.6557 -0.7530 0.0556
vn 0.7806 -0.6225 -0.0559
vn 0.8239 -0.5646 -0.0494
vn 0.7921 -0.6080 0.0534
vn 0.2855 -0.9152 -0.2845
vn -0.0289 -0.9691 -0.2451
vn 0.1723 -0.9514 -0.2551
vn 0.9413 0.3368 -0.0229
vn 0.8725 0.4718 0.1270
vn 0.8726 0.4761 -0.1090
vn 0.3192 0.9112 0.2606
vn 0.1950 0.9267 0.3212
vn -0.4713 -0.3357 -0.8156
vn -0.4697 -0.4908 -0.7338
vn -0.5037 -0.6686 -0.5471
vn -0.3965 -0.6590 0.6391
vn -0.2245 -0.6169 0.7544
vn -0.3508 -0.6627 0.6617
vn -0.7942 0.5541 -0.2495
vn -0.8159 0.4505 -0.3625
vn -0.8704 0.4457 -0.2092
vn -0.9037 0.1987 -0.3794
vn -0.9317 0.1399 -0.3353
vn -0.9074 0.2969 -0.2975
vn -0.7627 0.5655 -0.3138
vn -0.7773 0.5867 -0.2270
vn -0.7050 0.6684 -0.2370
vn -0.4660 0.8819 0.0711
vn -0.4794 0.8769 0.0355
vn -0.4646 0.8831 0.0651
vn -0.3996 0.6327 -0.6633
vn -0.9902 -0.0323 -0.1357
vn -0.0201 0.6567 -0.7538
vn 0.3596 0.6953 -0.6223
vn 0.1434 0.6329 -0.7609
vn 0.7017 -0.2702 -0.6593
vn 0.7855 -0.1213 -0.6068
vn 0.8463 -0.2831 -0.4512
vn 0.9952 0.0285 0.0935
vn 0.9880 0.1202 -0.0969
vn 0.9959 0.0671 0.0603
vn 0.9393 -0.2410 -0.2442
vn 0.8266 -0.2745 -0.4912
vn 0.9078 -0.1521 0.3908
vn 0.9273 -0.2167 0.3051
vn 0.8997 -0.1583 0.4067
vn 0.6903 0.7120 -0.1287
vn 0.6765 0.7064 -0.2082
vn 0.6511 0.7397 -0.1700
vn 0.5452 0.7649 0.3431
vn 0.3349 -0.8195 0.4651
vn 0.0991 -0.9028 0.4185
vn 0.2433 -0.9208 0.3048
vn -0.0281 -0.6317 0.7747
vn -0.0394 -0.7020 0.7111
vn 0.6832 -0.0529 -0.7283
vn 0.6336 -0.0253 -0.7733
vn 0.7336 -0.0123 -0.6795
vn 0.2518 -0.1942 -0.9481
vn 0.3038 -0.1212 -0.9450
vn 0.2875 -0.2788 -0.9163
vn 0.9890 -0.0168 -0.1468
vn 0.9837 -0.1347 0.1190
vn 0.7652 0.6157 0.1882
vn -0.2605 -0.4717 0.8424
vn -0.2642 -0.4643 0.8454
vn -0.0186 -0.7931 0.6089
vn 0.0387 -0.8429 0.5367
vn -0.1361 -0.7993 0.5853
vn -0.9674 0.2532 0.0084
vn -0.9874 0.1562 -0.0243
vn -0.9820 0.1666 -0.0886
vn -0.9380 0.3328 -0.0971
vn -0.8802 0.4559 -0.1319
vn -0.9029 0.4081 -0.1349
vn 0.2756 -0.1866 -0.9430
vn 0.2338 -0.2002 -0.9515
vn 0.6969 -0.5334 -0.4794
vn 0.6993 -0.6649 -0.2624
vn 0.5635 -0.6943 -0.4477
vn 0.9079 0.3977 -0.1324
vn 0.9567 0.2290 -0.1799
vn 0.9003 0.2715 -0.3401
vn 0.8813 0.2354 -0.4096
vn -0.2721 -0.9273 0.2569
vn -0.1066 -0.9783 0.1779
vn -0.1026 -0.9720 0.2112
vn 0.2866 -0.7060 0.6476
vn 0.2928 -0.6757 0.6766
vn 0.2765 -0.7246 0.6313
vn 0.2737 0.0914 -0.9575
vn 0.2701 -0.0035 -0.9628
vn 0.8618 0.4417 -0.2493
vn 0.6876 -0.6625 -0.2972
vn 0.7198 -0.6789 -0.1450
vn 0.4956 -0.4589 -0.7374
vn 0.4979 0.7585 -0.4204
vn 0.3304 0.7074 -0.6248
vn 0.0132 0.6474 -0.7620
vn -0.0017 0.9611 -0.2762
vn 0.4411 0.8587 -0.2608
vn -0.3423 0.7696 -0.5391
vn -0.0297 -0.3037 0.9523
vn 0.0041 -0.4080 0.9130
vn 0.0217 -0.3186 0.9476
vn 0.2428 -0.1541 0.9577
vn 0.3279 -0.1131 0.9379
vn 0.2774 -0.0108 0.9607
vn 0.6399 -0.7321 0.2337
vn 0.5087 -0.8037 0.3087
vn 0.6149 -0.7886 -0.0070
vn 0.6099 -0.4891 0.6235
vn 0.7479 -0.4825 0.4558
vn 0.6369 -0.5528 0.5373
vn -0.1856 0.9789 -0.0851
vn -0.0898 0.9821 -0.1654
vn -0.3166 0.9269 -0.2017
vn 0.5036 0.7713 -0.3892
vn 0.6347 0.0579 -0.7706
vn 0.9155 0.0671 -0.3967
vn 0.6500 0.1018 -0.7531
vn -0.0616 0.2473 -0.9670
vn 0.0046 0.3166 -0.9486
vn 0.2477 0.1304 -0.9600
vn 0.3687 0.3266 -0.8703
vn 0.1080 0.1802 -0.9777
vn 0.2225 0.3175 -0.9218
vn 0.2655 0.1278 -0.9556
vn 0.7697 0.4188 -0.4818
vn 0.9275 0.3030 -0.2189
vn 0.5927 0.8017 0.0772
vn 0.4665 0.8783 -0.1045
vn 0.5741 0.8183 -0.0262
vn 0.4382 0.8846 -0.1596
vn 0.3174 0.8768 -0.3613
vn 0.4752 0.8740 -0.1015
vn -0.2209 -0.8875 0.4043
vn -0.2730 -0.8323 0.4823
vn -0.3489 -0.7907 0.5030
vn 0.1245 -0.6000 0.7902
vn -0.2295 -0.5435 0.8074
vn -0.0448 -0.4861 0.8728
vn -0.6392 0.1528 0.7537
vn -0.5931 0.2791 0.7552
vn -0.6791 0.1966 0.7072
vn -0.7232 -0.0535 0.6885
vn 0.9540 -0.2752 0.1191
vn 0.9503 -0.2044 -0.2350
vn 0.9477 -0.3109 -0.0720
vn 0.8625 -0.0003 0.5060
vn 0.8612 -0.0544 0.5053
vn 0.8510 -0.1465 0.5044
vn -0.2207 -0.8714 0.4382
vn -0.2531 -0.8251 0.5052
vn -0.1513 -0.8702 0.4689
vn -0.3583 -0.6994 0.6185
vn -0.3621 -0.6928 0.6236
vn -0.4827 -0.6400 0.5978
vn -0.4354 -0.8742 -0.2151
vn -0.4293 -0.8663 -0.2555
vn -0.3616 -0.9052 -0.2234
vn 0.1858 -0.9796 -0.0765
vn 0.1098 0.9935 -0.0313
vn -0.0369 0.9978 -0.0554
vn -0.0398 0.9988 0.0288
vn 0.0815 0.9690 0.2334
vn 0.0276 0.9837 0.1777
vn -0.1001 0.9738 0.2041
vn -0.5517 -0.2980 -0.7790
vn -0.6274 -0.1462 -0.7648
vn -0.4773 -0.1555 -0.8649
vn -0.4169 -0.3617 -0.8339
vn -0.4363 -0.2253 -0.8711
vn 0.1048 0.6483 0.7542
vn 0.0590 0.7853 0.6162
vn -0.0262 0.7215 0.6919
vn 0.4972 0.7968 0.3435
vn 0.2691 0.9228 0.2757
vn 0.3504 0.8395 0.4152
vn 0.2934 -0.9316 -0.2146
vn 0.5109 -0.8300 -0.2236
vn 0.4048 -0.8770 -0.2588
vn 0.2686 -0.9268 0.2625
vn 0.0250 -0.7956 -0.6053
vn 0.0504 -0.7796 -0.6243
vn 0.2191 -0.5593 -0.7995
vn 0.0206 -0.9815 -0.1901
vn 0.3136 -0.9494 -0.0170
vn 0.1057 -0.9856 -0.1322
vn -0.2760 -0.9425 -0.1886
vn -0.1619 -0.9857 -0.0469
vn -0.2142 -0.9768 -0.0069
vn -0.3936 -0.6946 -0.6021
vn -0.5156 -0.6444 -0.5647
vn -0.4989 -0.7216 -0.4800
vn 0.3026 0.5006 0.8111
vn 0.2857 0.3467 0.8934
vn 0.2873 0.4591 0.8406
vn 0.2302 0.2599 0.9378
vn 0.2493 0.3298 0.9105
vn 0.2426 0.2562 0.9357
vn -0.0993 0.9944 -0.0370
vn -0.1849 0.9819 0.0399
vn -0.1811 0.9834 0.0113
vn -0.3358 0.8849 -0.3228
vn 0.6482 -0.5495 0.5271
vn 0.3940 -0.3696 0.8415
vn 0.3191 -0.3871 0.8651
vn 0.7810 -0.5399 0.3139
vn 0.7494 -0.6201 0.2320
vn 0.8133 -0.5297 0.2407
vn 0.7674 -0.6410 -0.0155
vn 0.8080 -0.5801 -0.1030
vn 0.8290 -0.5535 -0.0798
vn -0.3649 0.1450 0.9197
vn -0.5263 -0.0600 0.8482
vn -0.2357 0.0605 0.9699
vn -0.0281 0.0571 0.9980
vn -0.0018 0.1935 0.9811
vn -0.0853 0.9548 0.2849
vn -0.0239 0.9583 0.2846
vn -0.0812 0.9349 0.3456
vn -0.0251 0.7680 0.6399
vn -0.0182 0.7715 0.6360
vn 0.0036 0.7936 0.6084
vn -0.5885 -0.7726 -0.2381
vn -0.6315 -0.6239 -0.4603
vn -0.6450 -0.6733 -0.3614
vn -0.4723 0.0490 -0.8801
vn -0.5672 -0.0581 -0.8215
vn 0.4966 -0.7791 0.3825
vn 0.4577 -0.8338 -0.3088
vn 0.3590 -0.8490 -0.3877
vn 0.3760 -0.8013 -0.4653
vn -0.5032 -0.7410 0.4447
vn -0.6323 -0.6815 0.3685
vn -0.5634 -0.7621 0.3191
vn -0.4339 -0.9002 0.0382
vn -0.4254 -0.9004 0.0919
vn -0.4693 -0.8816 0.0513
vn -0.0237 0.5878 0.8086
vn -0.0504 0.4960 0.8669
vn -0.0682 0.5279 0.8466
vn -0.0865 0.7416 0.6652
vn -0.1533 0.6703 0.7260
vn -0.0884 0.7067 0.7020
vn -0.5772 -0.7175 -0.3899
vn -0.5847 -0.6724 -0.4537
vn -0.5505 -0.7701 -0.3225
vn 0.0323 -0.9632 0.2669
vn 0.0762 -0.9939 0.0793
vn 0.1823 -0.9576 0.2232
vn 0.8794 0.4524 0.1483
vn 0.8859 0.4548 -0.0909
vn 0.9285 0.3668 0.0583
vn 0.2502 0.9596 -0.1286
vn 0.2427 0.9662 -0.0872
vn 0.1251 0.9847 -0.1214
vn -0.5087 -0.8512 -0.1292
vn -0.4509 -0.8909 -0.0535
vn -0.3586 -0.9325 -0.0431
vn 0.2354 -0.9293 -0.2845
vn 0.3429 -0.8918 -0.2951
vn 0.1544 -0.9352 -0.3186
vn 0.0375 -0.3371 0.9407
vn -0.0008 -0.1730 0.9849
vn -0.0263 -0.3817 0.9239
vn 0.1426 -0.9804 0.1358
vn 0.0142 -0.9869 0.1608
vn 0.1218 -0.9313 0.3433
vn 0.3338 0.4028 0.8523
vn 0.2041 0.6418 0.7392
vn 0.2687 0.5218 0.8097
vn 0.6216 0.5429 0.5647
vn 0.5148 0.5181 0.6830
vn 0.6596 0.4594 0.5949
vn 0.7779 0.5952 0.2016
vn 0.7578 0.6047 0.2453
vn 0.7291 0.6030 0.3237
vn 0.6289 0.4853 0.6074
vn 0.4792 0.3344 0.8115
vn 0.4940 0.3261 0.8060
vn -0.1333 0.8196 -0.5572
vn 0.0087 0.8301 -0.5575
vn -0.0798 0.8079 -0.5839
vn 0.2321 0.9040 -0.3591
vn 0.2958 0.9238 -0.2430
vn 0.3821 0.9147 -0.1317
vn -0.0007 -0.9491 0.3149
vn -0.1528 -0.9502 0.2716
vn -0.1904 -0.7871 0.5867
vn -0.0686 -0.8003 0.5956
vn 0.7477 -0.6633 -0.0326
vn 0.7760 -0.5648 -0.2809
vn 0.6396 -0.6208 -0.4533
vn 0.7448 -0.5175 -0.4212
vn -0.1117 -0.1992 -0.9736
vn 0.0720 -0.4362 -0.8970
vn -0.1128 -0.5395 -0.8344
vn -0.0306 0.0845 -0.9960
vn 0.0491 0.0008 -0.9988
vn -0.1980 -0.6188 0.7602
vn -0.0962 -0.5602 0.8228
vn -0.2901 -0.6490 0.7033
vn 0.4777 -0.7520 -0.4543
vn 0.2052 -0.9280 -0.3110
vn 0.3528 -0.7998 -0.4857
vn -0.8496 -0.5185 0.0969
vn -0.8404 -0.4979 0.2141
vn -0.8879 -0.4352 0.1489
vn -0.9500 -0.3074 0.0553
vn -0.9673 -0.2422 0.0751
vn -0.4780 -0.8781 -0.0194
vn -0.4860 -0.8501 -0.2025
vn -0.5239 -0.8276 -0.2017
vn -0.7522 -0.5906 -0.2922
vn -0.7218 -0.6447 -0.2517
vn -0.6376 -0.7018 -0.3177
vn -0.2741 -0.9563 -0.1016
vn -0.1913 -0.9723 0.1344
vn 0.0745 -0.4704 -0.8793
vn 0.2749 -0.6419 -0.7158
vn 0.0935 -0.5049 -0.8581
vn -0.4064 -0.2410 0.8814
vn -0.3776 -0.2437 0.8933
vn -0.4191 -0.1602 0.8937
vn -0.0049 -0.3302 0.9439
vn -0.4857 -0.4606 0.7430
vn 0.5520 -0.3769 0.7438
vn 0.2212 -0.4096 0.8851
vn 0.2832 -0.4221 0.8612
vn -0.1896 0.9398 -0.2842
vn -0.2082 0.9233 -0.3228
vn -0.1812 0.9235 -0.3380
vn -0.2086 0.9685 -0.1362
vn -0.4141 0.8705 -0.2659
vn -0.3052 0.9123 -0.2730
vn -0.0094 0.9968 0.0798
vn 0.3700 0.9139 0.1670
vn 0.4155 0.8979 0.1453
vn 0.5203 0.8398 0.1550
vn 0.2584 -0.9620 -0.0885
vn 0.2609 -0.9651 0.0218
vn -0.0503 -0.9621 0.2680
vn 0.0312 -0.9887 0.1465
vn -0.1604 -0.9561 0.2453
vn -0.0512 -0.7594 0.6487
vn 0.0186 -0.7388 0.6737
vn -0.0003 -0.7386 0.6742
vn -0.7038 -0.6789 -0.2089
vn -0.8304 -0.5557 -0.0406
vn -0.6827 -0.6631 -0.3069
vn -0.5971 -0.3360 -0.7284
vn -0.6741 -0.1887 -0.7141
vn -0.6160 -0.5479 -0.5660
vn -0.9760 0.2050 0.0734
vn -0.8089 -0.5862 0.0451
vn -0.8311 -0.5562 -0.0039
vn -0.7690 -0.6380 -0.0395
vn -0.7058 -0.6597 0.2583
vn -0.7241 -0.6715 0.1571
vn -0.7604 -0.6295 0.1600
vn -0.9503 0.1460 0.2751
vn -0.9340 0.2255 0.2772
vn -0.9341 0.2782 0.2240
vn -0.9532 -0.1714 0.2491
vn -0.9616 -0.0972 0.2566
vn -0.9774 -0.0803 0.1958
vn -0.4877 -0.8715 -0.0505
vn -0.4862 -0.8623 -0.1415
vn -0.2484 -0.9592 0.1352
vn -0.3646 -0.9213 0.1355
vn 0.0482 0.8719 0.4874
vn -0.0074 0.9324 0.3615
vn -0.0356 0.7611 0.6477
vn 0.1633 0.8279 0.5365
vn 0.2252 0.9241 0.3088
vn -0.0000 0.9578 0.2875
vn -0.3629 -0.9211 0.1412
vn -0.4603 -0.8853 0.0661
vn -0.3982 -0.8674 0.2985
vn 0.2141 -0.9610 -0.1752
vn 0.2288 -0.9423 -0.2444
vn 0.2535 -0.9127 -0.3205
vn 0.8981 0.0550 0.4364
vn 0.9185 0.1046 0.3813
vn 0.9799 0.0226 0.1980
vn 0.4790 0.4118 0.7752
vn 0.4067 0.2254 0.8853
vn 0.5764 0.1168 0.8088
vn 0.1917 -0.0252 0.9811
vn 0.1308 -0.0958 0.9868
vn -0.2462 0.8277 0.5043
vn -0.2700 0.8529 0.4468
vn -0.1573 0.8663 0.4742
vn -0.3646 0.6162 0.6981
vn -0.4083 0.5367 -0.7384
vn -0.4226 0.6540 -0.6274
vn -0.3600 0.6064 -0.7090
vn -0.2281 0.3369 -0.9135
vn -0.3610 0.3477 -0.8653
vn -0.2641 0.4286 -0.8640
vn -0.8523 -0.5222 -0.0304
vn -0.8731 -0.4872 -0.0147
vn 0.1060 -0.9061 0.4096
vn 0.2416 -0.8252 0.5106
vn 0.1773 -0.8180 0.5472
vn -0.1409 -0.8801 0.4534
vn 0.0673 -0.8736 0.4819
vn 0.0766 -0.9668 0.2437
vn -0.3286 -0.9445 0.0029
vn -0.2776 -0.9466 0.1638
vn -0.2799 -0.9537 -0.1099
vn -0.1105 -0.9934 0.0314
vn -0.6272 -0.7765 0.0599
vn -0.4611 -0.8869 0.0267
vn -0.4854 -0.8735 -0.0370
vn -0.4287 0.5629 0.7066
vn -0.3403 0.5861 0.7354
vn -0.4029 0.7191 0.5662
vn -0.4095 0.8969 0.1672
vn -0.4436 0.8629 0.2420
vn -0.2664 0.9262 0.2667
vn -0.7479 0.4358 -0.5007
vn -0.6476 0.5670 -0.5091
vn -0.7393 0.5329 -0.4116
vn -0.5680 0.5436 -0.6180
vn -0.7172 0.4068 -0.5658
vn 0.1358 -0.9899 0.0400
vn 0.1446 -0.9895 -0.0008
vn 0.3118 -0.9502 0.0022
vn 0.3278 -0.8693 -0.3699
vn 0.1656 0.0252 -0.9859
vn 0.6266 0.0828 -0.7749
vn 0.5550 0.0875 -0.8272
vn 0.6659 0.0500 -0.7444
vn -0.0081 0.0255 -0.9996
vn 0.0168 0.0497 -0.9986
vn 0.0142 -0.0809 -0.9966
vn 0.3135 0.4276 -0.8479
vn 0.5145 0.5017 -0.6954
vn 0.1039 0.2925 -0.9506
vn 0.9567 0.2841 -0.0632
vn 0.9414 0.3234 -0.0960
vn 0.2925 0.9404 -0.1735
vn 0.1516 0.9475 -0.2817
vn 0.1719 0.9719 -0.1610
vn -0.1106 0.8963 -0.4294
vn -0.1254 0.9252 -0.3581
vn -0.0663 0.9469 -0.3147
vn 0.1494 0.8886 -0.4337
vn 0.3712 0.8673 -0.3317
vn 0.3335 0.8602 -0.3857
vn 0.6181 0.7523 -0.2281
vn 0.9174 -0.3340 0.2164
vn 0.9621 -0.2238 -0.1559
vn 0.9839 -0.0960 0.1507
vn 0.1048 -0.0446 -0.9935
vn 0.0899 -0.0087 -0.9959
vn -0.3998 -0.8412 0.3639
vn -0.4635 -0.8402 0.2816
vn -0.5412 -0.7477 0.3848
vn -0.7494 -0.5415 0.3810
vn -0.7528 -0.5097 0.4164
vn -0.6634 -0.5990 0.4484
vn -0.6636 0.2219 -0.7144
vn -0.4481 0.5820 -0.6787
vn -0.4196 0.6536 -0.6299
vn -0.3198 0.6903 -0.6490
vn -0.1972 0.8871 0.4175
vn -0.9345 -0.2215 0.2788
vn -0.9685 -0.1744 0.1779
vn -0.9927 -0.0518 0.1088
vn -0.4221 0.3669 0.8290
vn -0.3287 0.2700 0.9050
vn -0.4218 0.3414 0.8400
vn 0.1948 0.3002 0.9338
vn -0.0291 -0.9870 -0.1582
vn 0.0514 -0.9842 -0.1694
vn -0.0591 -0.9982 -0.0116
vn 0.1226 -0.9655 -0.2296
vn 0.0033 -0.9998 -0.0180
vn -0.4010 0.9059 0.1366
vn -0.2560 0.9501 0.1782
vn -0.4206 0.9012 -0.1051
vn -0.7423 -0.4502 -0.4963
vn -0.7197 -0.4873 -0.4945
vn -0.6741 -0.5899 -0.4445
vn -0.6969 -0.6601 -0.2803
vn -0.5853 -0.8093 -0.0501
vn -0.5399 -0.8372 -0.0874
vn -0.5236 -0.5265 0.6699
vn -0.4286 -0.7216 0.5437
vn -0.2464 -0.6306 0.7359
vn 0.9774 0.2100 0.0260
vn 0.2453 0.9496 -0.1953
vn 0.1947 -0.3325 -0.9228
vn 0.0945 -0.0891 -0.9915
vn 0.3303 -0.2794 -0.9016
vn 0.4916 -0.4994 -0.7134
vn 0.6043 -0.1560 -0.7813
vn 0.5896 -0.3775 -0.7140
vn 0.0604 -0.9084 0.4137
vn 0.0316 -0.9101 0.4133
vn 0.1473 -0.8696 0.4712
vn -0.1907 -0.9720 0.1375
vn -0.2709 -0.9597 0.0753
vn -0.2086 -0.9518 0.2251
vn 0.6417 0.7152 0.2771
vn 0.7114 0.6783 0.1838
vn 0.6803 0.7101 0.1815
vn 0.8352 0.4359 0.3354
vn 0.8471 0.4110 0.3370
vn 0.8877 0.4083 0.2128
vn -0.0923 0.7452 -0.6604
vn -0.0692 0.6764 -0.7333
vn -0.1031 0.9260 -0.3630
vn -0.1719 0.9799 -0.1015
vn -0.1809 0.9818 -0.0573
vn -0.1102 0.9938 0.0134
vn 0.0073 0.0093 -0.9999
vn 0.0220 -0.0743 -0.9970
vn -0.1096 0.1295 -0.9855
vn -0.3456 0.0957 -0.9335
vn -0.6961 0.0438 -0.7166
vn 0.0426 0.1067 0.9934
vn 0.7761 0.3514 0.5236
vn 0.9941 0.1058 0.0237
vn 0.9954 0.0413 0.0869
vn 0.9986 -0.0453 -0.0255
vn 0.9260 0.3708 0.0712
vn 0.9335 0.3581 -0.0199
vn 0.9066 0.4058 0.1158
vn 0.5537 -0.6955 -0.4580
vn 0.4665 -0.6671 -0.5808
vn 0.3390 -0.7859 -0.5171
vn 0.0991 -0.8407 -0.5323
vn 0.9593 0.0327 -0.2804
vn 0.9339 -0.1147 -0.3387
vn 0.8972 -0.0821 -0.4340
vn 0.6640 0.3238 -0.6740
vn 0.7089 0.2004 -0.6763
vn 0.7507 0.2347 -0.6176
vn -0.5837 -0.7953 -0.1636
vn -0.3503 -0.7670 0.5375
vn -0.0811 -0.8181 0.5693
vn -0.4948 -0.8095 0.3161
vn -0.8588 -0.1016 0.5021
vn -0.6401 -0.5170 0.5683
vn -0.6952 -0.4445 0.5649
vn -0.7447 -0.4228 0.5164
vn 0.9057 0.3651 -0.2155
vn 0.8967 0.2925 -0.3323
vn 0.9166 0.3334 -0.2205
vn 0.8285 -0.2552 -0.4985
vn 0.8331 -0.1792 -0.5233
vn 0.7640 -0.2546 -0.5929
vn -0.7656 -0.6175 -0.1804
vn -0.6533 -0.3776 -0.6562
vn -0.6313 -0.7562 0.1722
vn -0.4951 0.2079 -0.8436
vn -0.5493 -0.0160 -0.8355
vn -0.7718 -0.1122 -0.6259
vn 0.1253 -0.0706 0.9896
vn 0.0927 -0.1133 0.9892
vn -0.0236 -0.1792 0.9835
vn 0.3557 -0.2671 0.8956
vn 0.2883 -0.1882 0.9389
vn -0.0124 0.9922 0.1242
vn 0.0352 0.9811 0.1903
vn -0.0307 0.9937 0.1082
vn 0.1194 0.9692 0.2152
vn -0.4420 -0.7601 0.4763
vn -0.2537 -0.7767 0.5765
vn -0.2503 -0.8474 0.4683
vn -0.2258 -0.8902 0.3958
vn -0.2651 -0.9161 0.3008
vn -0.1635 -0.9541 0.2509
vn 0.1774 -0.8863 0.4279
vn -0.0398 -0.8970 0.4403
vn -0.2209 -0.8563 0.4669
vn -0.0458 -0.8820 0.4691
vn 0.0079 0.0335 -0.9994
vn -0.1399 -0.0197 -0.9900
vn -0.6719 -0.2043 -0.7119
vn -0.4760 -0.0064 -0.8794
vn -0.4046 -0.1386 -0.9039
vn 0.2317 0.6711 0.7043
vn 0.0787 0.6681 0.7399
vn 0.1499 0.5892 0.7940
vn -0.3248 0.7661 0.5547
vn -0.3856 0.6668 0.6377
vn -0.1984 0.7977 0.5695
vn -0.2340 0.9722 -0.0030
vn -0.1693 0.9813 0.0910
vn -0.2833 0.7903 -0.5433
vn -0.2153 0.8760 -0.4317
vn -0.3459 0.7204 -0.6012
vn 0.4773 -0.5234 -0.7058
vn 0.2162 -0.5218 -0.8252
vn 0.1802 -0.6507 -0.7377
vn 0.2565 -0.6881 -0.6788
vn -0.2524 -0.8320 0.4940
vn -0.3113 -0.9136 0.2617
vn -0.4030 -0.7634 0.5047
vn -0.6954 -0.5863 0.4156
vn -0.7345 -0.5588 0.3849
vn 0.7517 -0.3097 0.5822
vn 0.8486 -0.2560 0.4629
vn 0.4188 0.5851 -0.6944
vn 0.5073 0.5523 -0.6615
vn 0.6075 0.5428 -0.5800
vn 0.3953 -0.5966 -0.6985
vn 0.0859 -0.0940 -0.9919
vn 0.0106 -0.0272 -0.9996
vn -0.0555 0.0380 -0.9977
vn 0.9191 -0.2251 0.3235
vn 0.8663 -0.3251 0.3792
vn 0.5721 -0.5346 0.6220
vn 0.5482 -0.4894 0.6782
vn -0.6207 -0.6331 0.4624
vn -0.7829 -0.4960 0.3755
vn -0.8394 -0.4704 0.2722
vn -0.6141 -0.7261 0.3095
vn -0.3858 0.8940 0.2278
vn -0.4407 0.8573 0.2661
vn -0.4570 0.8331 0.3117
vn -0.2411 0.7323 0.6368
vn -0.2368 0.7396 0.6299
vn -0.1959 0.7447 0.6380
vn -0.8628 0.2994 0.4074
vn -0.8137 0.4419 0.3776
vn -0.7996 0.4397 0.4091
vn -0.7477 0.3980 0.5316
vn 0.9681 0.0773 0.2385
vn 0.9762 0.1090 0.1876
vn 0.9137 0.0951 0.3951
vn 0.9837 0.1736 0.0480
vn 0.9609 0.2752 -0.0299
vn 0.8996 0.4323 0.0617
vn 0.7253 0.6069 0.3250
vn 0.6585 0.5581 0.5049
vn 0.7069 0.3856 0.5930
vn 0.6268 0.7722 -0.1037
vn 0.6691 0.7327 0.1246
vn 0.6035 0.7843 -0.1436
vn 0.5096 -0.8145 -0.2773
vn 0.4877 -0.8565 -0.1688
vn 0.4339 -0.8427 -0.3187
vn 0.3373 -0.9396 0.0587
vn 0.2784 -0.9445 0.1745
vn -0.5319 -0.3272 0.7810
vn -0.5805 -0.3328 0.7431
vn -0.5002 -0.4402 0.7457
vn -0.4113 -0.2862 0.8654
vn -0.3887 0.8985 -0.2039
vn -0.4268 0.8893 -0.1640
vn -0.4580 0.8877 -0.0467
vn -0.3997 0.9158 -0.0381
vn -0.0554 -0.9675 -0.2465
vn -0.2960 -0.9168 -0.2680
vn -0.1040 -0.9906 -0.0888
vn -0.2471 -0.9500 -0.1910
vn 0.1838 -0.7790 0.5995
vn -0.0551 -0.8310 0.5535
vn 0.0977 -0.8522 0.5139
vn -0.5297 -0.7991 0.2844
vn -0.5867 -0.7542 0.2948
vn -0.0605 0.9129 -0.4037
vn 0.0231 0.9470 -0.3205
vn -0.1610 0.9555 -0.2472
vn -0.0856 0.9617 -0.2603
vn 0.9565 0.2037 0.2089
vn 0.9259 0.3037 0.2248
vn 0.8927 0.3200 0.3172
vn 0.1626 0.9565 0.2422
vn 0.2328 0.9383 0.2556
vn -0.6541 -0.6852 0.3204
vn -0.5009 -0.7499 0.4321
vn -0.3704 -0.7550 0.5411
vn -0.3845 -0.8713 0.3049
vn -0.5322 -0.7877 0.3103
vn 0.9389 -0.0475 -0.3410
vn 0.8597 -0.0783 -0.5047
vn 0.8399 0.0518 -0.5402
vn 0.7036 0.1316 -0.6983
vn 0.6567 0.2487 -0.7120
vn 0.6119 0.2316 -0.7563
vn 0.0274 -0.9964 0.0806
vn -0.1908 -0.9344 0.3008
vn -0.0609 -0.9777 0.2010
vn 0.1202 -0.9317 0.3426
vn 0.0156 -0.9667 0.2553
vn 0.0101 -0.9100 0.4145
vn 0.5057 0.8626 -0.0102
vn 0.5138 0.8552 0.0682
vn 0.5894 0.8062 0.0514
vn 0.3773 0.8738 0.3067
vn 0.2228 0.9374 0.2676
vn 0.3073 0.9060 0.2910
vn -0.4202 -0.7253 -0.5453
vn -0.4421 -0.8091 -0.3871
vn -0.2079 -0.8442 -0.4942
vn -0.3536 0.9352 0.0208
vn -0.1969 0.9758 0.0951
vn -0.1942 0.9795 0.0536
vn -0.1985 0.9236 -0.3279
vn -0.1862 0.9499 -0.2511
vn -0.1709 0.9223 -0.3467
vn 0.1676 0.0832 0.9823
vn 0.0840 0.1240 0.9887
vn 0.1079 0.0491 0.9929
vn 0.1138 0.2477 0.9621
vn 0.1382 0.3163 0.9385
vn 0.0575 0.3853 0.9210
vn -0.6306 -0.7242 -0.2790
vn -0.3928 -0.8070 -0.4409
vn -0.1657 0.7838 -0.5985
vn -0.2068 0.8258 -0.5247
vn -0.1651 0.8175 -0.5518
vn -0.0376 0.9248 -0.3785
vn -0.0784 0.8840 -0.4609
vn -0.0467 0.9464 -0.3196
vn 0.3538 -0.9334 0.0598
vn 0.2591 -0.9618 0.0885
vn 0.3130 -0.9496 0.0196
vn 0.2039 -0.9783 0.0360
vn 0.2331 -0.9713 0.0481
vn -0.4758 0.8793 0.0227
vn -0.3143 0.9451 -0.0895
vn -0.1759 0.9829 -0.0542
vn -0.0087 0.9999 -0.0066
vn -0.1602 0.9844 -0.0726
vn 0.3706 0.7912 0.4865
vn 0.2775 0.8744 0.3979
vn 0.4109 0.8421 0.3494
vn 0.3130 0.8113 0.4938
vn 0.3335 0.6728 0.6604
vn 0.3026 0.7643 0.5695
vn 0.1080 -0.8477 0.5194
vn 0.1254 -0.8353 0.5352
vn 0.1448 -0.8285 0.5410
vn -0.0041 -0.6275 0.7786
vn 0.0186 -0.5656 0.8244
vn 0.1457 0.9866 0.0736
vn 0.0792 0.9814 0.1746
vn 0.2514 0.9404 0.2290
vn 0.0747 0.8752 0.4780
vn -0.0145 0.8824 0.4703
vn 0.0027 0.9212 0.3892
vn -0.0857 0.2382 -0.9674
vn -0.1678 0.5866 -0.7923
vn -0.0338 0.1998 -0.9792
vn 0.0150 -0.1374 -0.9904
vn 0.2350 -0.3620 0.9021
vn 0.1588 -0.3135 0.9362
vn 0.4395 -0.3334 0.8341
vn -0.4097 -0.2643 0.8731
vn -0.3103 -0.2618 0.9139
vn -0.5491 -0.2332 0.8026
vn -0.5171 -0.8415 -0.1564
vn -0.5736 -0.8059 -0.1466
vn -0.6879 -0.6747 -0.2676
vn -0.2987 -0.9512 -0.0773
vn -0.4600 -0.8715 -0.1700
vn -0.3994 -0.8966 -0.1913
vn 0.8916 -0.4483 0.0642
vn 0.8900 -0.4123 0.1946
vn 0.8285 -0.5425 0.1389
vn 0.9969 -0.0727 0.0298
vn 0.9823 -0.1695 0.0799
vn 0.9595 -0.2793 0.0365
vn -0.3021 0.3452 0.8886
vn -0.2704 0.2546 0.9285
vn -0.3872 0.2623 0.8839
vn -0.2510 0.0873 0.9640
vn -0.3164 0.0152 0.9485
vn -0.3033 -0.0002 0.9529
vn 0.8915 -0.4147 -0.1825
vn 0.8560 -0.3841 -0.3459
vn 0.8335 -0.4154 -0.3643
vn 0.1502 -0.8989 -0.4115
vn 0.2455 -0.8945 -0.3736
vn 0.1505 -0.9263 -0.3455
vn 0.2442 0.7280 0.6406
vn 0.2064 0.7399 0.6402
vn 0.1884 0.5343 0.8240
vn 0.1545 0.5439 0.8248
vn -0.8196 0.1048 -0.5632
vn -0.6025 0.3196 -0.7313
vn -0.2635 0.5457 -0.7955
vn -0.1970 -0.9794 0.0448
vn -0.2306 -0.9627 0.1418
vn 0.0010 -0.9863 0.1650
vn -0.2309 -0.9660 -0.1162
vn -0.3051 -0.9339 -0.1864
vn -0.2849 -0.9540 -0.0933
vn -0.4834 -0.8086 -0.3354
vn -0.4773 -0.8394 -0.2600
vn -0.5923 -0.7960 -0.1250
vn -0.4436 -0.7410 0.5041
vn -0.4594 -0.7486 0.4780
vn -0.4559 -0.7408 0.4933
vn -0.8515 -0.5212 -0.0571
vn -0.9120 -0.3976 -0.1003
vn -0.8508 -0.5167 -0.0958
vn -0.8413 -0.5387 -0.0459
vn -0.8139 -0.5208 -0.2576
vn -0.7578 -0.6445 -0.1015
vn -0.0401 0.7771 0.6281
vn -0.0468 0.7970 0.6022
vn -0.0832 0.8286 0.5537
vn 0.0142 0.9367 0.3499
vn -0.0102 0.9009 0.4339
vn 0.0813 0.8741 0.4788
vn 0.0858 -0.0694 -0.9939
vn -0.4284 -0.1490 -0.8912
vn -0.5111 -0.1970 -0.8367
vn -0.2245 -0.0865 -0.9706
vn -0.3477 -0.7967 0.4943
vn -0.4658 -0.7294 0.5010
vn -0.2064 -0.8345 0.5109
vn -0.6451 -0.7540 0.1234
vn -0.6949 -0.7001 0.1640
vn -0.7002 0.6967 -0.1562
vn -0.6683 0.7439 -0.0015
vn -0.6485 0.6971 -0.3058
vn -0.5195 0.8487 0.0991
vn -0.6505 0.7531 0.0988
vn -0.6685 0.7437 0.0070
vn -0.0984 -0.8702 0.4828
vn 0.2343 -0.7472 0.6219
vn 0.0305 -0.8372 0.5460
vn 0.2162 -0.5793 0.7859
vn -0.3065 -0.8481 0.4322
vn -0.3396 -0.8488 0.4051
vn 0.3525 -0.7852 0.5091
vn 0.4996 -0.6275 0.5972
vn 0.4001 -0.7532 0.5221
vn -0.3391 0.9189 -0.2015
vn -0.4365 0.7941 -0.4229
vn -0.6404 0.6137 -0.4618
vn -0.6893 0.6343 -0.3501
vn 0.9760 -0.1017 0.1927
vn 0.9812 -0.0969 0.1669
vn 0.9301 -0.2712 0.2478
vn 0.9966 0.0270 -0.0779
vn 0.9847 -0.1306 0.1155
vn 0.9976 0.0679 0.0117
vn 0.0987 -0.7572 0.6457
vn -0.0196 -0.7730 0.6341
vn 0.1455 -0.3637 0.9201
vn 0.2662 -0.4316 0.8619
vn -0.2237 0.5381 -0.8127
vn 0.1469 0.6710 -0.7268
vn 0.0820 0.5785 -0.8115
vn 0.8841 -0.4361 0.1680
vn 0.9410 -0.2001 0.2730
vn 0.9729 -0.2289 0.0319
vn 0.7944 0.3750 0.4778
vn 0.8701 0.2733 0.4101
vn 0.9102 0.3660 0.1939
vn -0.0549 0.5174 -0.8540
vn 0.0186 0.0635 -0.9978
vn 0.6248 0.7294 0.2786
vn 0.8683 0.4496 -0.2095
vn 0.4417 0.6441 -0.6246
vn -0.4552 -0.8817 -0.1239
vn -0.4273 -0.8987 -0.0991
vn -0.3679 -0.9251 -0.0938
vn -0.0983 -0.9848 -0.1432
vn -0.2632 -0.9605 -0.0901
vn 0.3577 0.2867 -0.8888
vn 0.1676 0.1857 -0.9682
vn 0.4644 0.1213 -0.8773
vn 0.2346 0.1547 -0.9597
vn 0.0041 0.1862 -0.9825
vn -0.0354 0.1821 -0.9826
vn -0.2408 -0.8484 0.4714
vn -0.2395 -0.8626 0.4457
vn -0.3001 -0.8637 0.4050
vn -0.1677 -0.8911 0.4217
vn -0.2301 -0.8812 0.4129
vn -0.2202 -0.8449 0.4875
vn 0.4037 -0.9149 0.0081
vn -0.0042 -0.9681 -0.2506
vn -0.0163 -0.9817 -0.1900
vn 0.1227 -0.9381 -0.3238
vn 0.4088 -0.5747 0.7089
vn 0.3979 -0.6350 0.6622
vn -0.0618 -0.7672 0.6385
vn 0.0899 -0.7609 0.6426
vn 0.1339 -0.6822 0.7188
vn 0.8826 0.3849 -0.2701
vn 0.8707 0.3560 -0.3392
vn 0.9275 0.3005 -0.2222
vn 0.4682 0.5023 -0.7269
vn 0.4601 0.5116 -0.7256
vn 0.5434 0.5178 -0.6607
vn 0.8434 0.4884 0.2239
vn 0.8730 0.4872 0.0212
vn 0.8644 0.4589 0.2057
vn 0.8512 0.5130 0.1108
vn 0.8358 0.5280 0.1504
vn 0.8100 0.5588 0.1778
vn 0.7940 -0.5339 0.2905
vn 0.3376 -0.3320 0.8808
vn 0.3179 -0.1824 0.9304
vn -0.4953 -0.8667 0.0588
vn -0.1695 -0.9656 0.1972
vn -0.1592 -0.9870 0.0204
vn -0.2952 -0.9482 0.1175
vn -0.2303 -0.9144 -0.3330
vn -0.2293 -0.8929 -0.3875
vn -0.1980 -0.9061 -0.3739
vn 0.2918 -0.8909 -0.3479
vn 0.2995 -0.8394 -0.4536
vn 0.3649 -0.8751 -0.3177
vn -0.2030 -0.0237 -0.9789
vn -0.0843 0.0492 -0.9952
vn -0.0445 -0.0505 -0.9977
vn -0.2144 -0.2216 -0.9513
vn -0.1827 -0.1113 -0.9769
vn -0.1313 -0.0975 -0.9865
vn 0.4915 0.7210 0.4885
vn 0.6644 0.6184 0.4198
vn 0.8318 0.4798 0.2791
vn 0.7747 0.5661 0.2816
vn 0.8068 0.4298 0.4055
vn 0.4582 -0.4318 0.7769
vn 0.2918 -0.4642 0.8363
vn 0.4292 -0.4359 0.7911
vn 0.6605 -0.0033 0.7508
vn 0.6272 -0.2590 0.7345
vn 0.3550 -0.2915 0.8883
vn 0.7474 0.2827 0.6012
vn 0.5610 -0.5867 0.5840
vn -0.1517 -0.9789 0.1366
vn -0.2080 -0.9777 0.0291
vn -0.3215 -0.9460 0.0411
vn -0.3465 -0.8399 -0.4178
vn -0.1960 -0.9227 -0.3319
vn -0.9972 0.0366 0.0657
vn -0.9800 -0.0024 0.1992
vn -0.9981 0.0605 -0.0096
vn -0.8766 0.4231 -0.2292
vn -0.9843 -0.0877 -0.1532
vn -0.9874 -0.1575 -0.0177
vn -0.8708 0.3043 -0.3860
vn -0.7816 0.3265 -0.5315
vn -0.3690 0.9067 -0.2041
vn -0.4976 0.8550 -0.1460
vn 0.9820 -0.1699 -0.0824
vn 0.9960 0.0106 -0.0888
vn 0.9621 -0.2607 0.0801
vn 0.9577 -0.2772 -0.0778
vn 0.4204 -0.4139 -0.8074
vn 0.3622 -0.4024 -0.8407
vn 0.4961 -0.4044 -0.7683
vn 0.7096 -0.2072 -0.6734
vn 0.6900 -0.2687 -0.6721
vn 0.6819 -0.0983 -0.7248
vn -0.4178 -0.8451 -0.3335
vn -0.3838 -0.8645 -0.3245
vn -0.5198 -0.8065 -0.2817
vn -0.3864 -0.8349 -0.3920
vn -0.2936 -0.8790 -0.3757
vn -0.3737 -0.9037 -0.2091
vn -0.0543 0.9149 0.4001
vn -0.4334 0.8950 0.1058
vn -0.8693 0.4052 -0.2831
vn -0.8979 0.3587 -0.2550
vn 0.9242 0.2036 -0.3232
vn 0.9072 0.0601 -0.4163
vn 0.9875 0.0514 -0.1490
vn 0.7936 0.1217 -0.5961
vn 0.7478 0.1778 -0.6397
vn 0.3169 -0.9417 -0.1131
vn 0.3082 -0.9318 0.1919
vn 0.0662 -0.9978 -0.0064
vn -0.2784 -0.8992 -0.3375
vn -0.1389 -0.5224 -0.8413
vn -0.1044 -0.4228 -0.9002
vn -0.7674 0.2498 0.5905
vn -0.6784 0.3139 0.6643
vn -0.7849 0.3045 0.5396
vn -0.4997 0.6643 0.5559
vn -0.4756 0.6150 0.6289
vn -0.4891 0.5821 0.6495
vn 0.8394 -0.4651 -0.2813
vn 0.7066 -0.3581 -0.6103
vn 0.8169 -0.5045 -0.2795
vn 0.7886 -0.2927 -0.5407
vn 0.9130 -0.3381 -0.2285
vn 0.3242 0.8760 -0.3571
vn 0.4310 0.8463 -0.3131
vn 0.0322 0.9265 -0.3750
vn 0.0856 0.9270 -0.3652
vn -0.0218 0.9567 -0.2901
vn -0.6920 -0.2109 -0.6904
vn -0.6534 -0.3958 -0.6453
vn -0.7377 -0.3651 -0.5679
vn -0.9587 -0.0057 -0.2844
vn -0.9435 -0.0969 0.3169
vn -0.9438 0.0791 0.3210
vn -0.8653 -0.0289 0.5004
vn -0.4569 -0.1459 0.8775
vn -0.3882 -0.0148 0.9215
vn -0.3317 -0.2261 0.9159
vn -0.5640 0.5179 0.6432
vn -0.6081 0.5684 0.5542
vn -0.5465 0.5429 0.6376
vn -0.3495 0.9090 0.2270
vn -0.3697 0.8666 0.3350
vn -0.4089 0.8589 0.3083
vn 0.5651 -0.7774 0.2763
vn 0.3313 -0.9431 0.0283
vn 0.3677 -0.8823 0.2939
vn -0.0955 -0.5218 0.8477
vn -0.1719 -0.6130 0.7711
vn 0.0191 -0.4573 0.8891
vn -0.2070 -0.7079 -0.6753
vn 0.0009 -0.9806 -0.1962
vn 0.7637 -0.6379 -0.0991
vn 0.7410 -0.6625 0.1091
vn 0.8013 -0.4972 -0.3328
vn 0.0087 0.9562 -0.2926
vn -0.0860 0.8977 -0.4322
vn -0.1189 0.9320 -0.3425
vn 0.0605 0.9052 -0.4206
vn -0.0122 0.9564 -0.2917
vn -0.0452 0.9293 -0.3665
vn 0.7644 0.0155 -0.6445
vn 0.7437 0.0131 -0.6683
vn 0.7465 -0.0069 -0.6654
vn 0.8811 -0.2941 -0.3704
vn 0.8451 0.5335 -0.0341
vn 0.8735 0.4543 -0.1751
vn 0.9509 0.2830 -0.1255
vn 0.9211 0.3141 0.2300
vn -0.7438 0.5448 0.3872
vn -0.6943 0.5672 0.4430
vn -0.6685 0.5655 0.4829
vn -0.8466 0.4345 0.3073
vn -0.8948 0.3407 0.2885
vn -0.9039 0.3356 0.2653
vn -0.8467 0.5038 0.1712
vn -0.9060 0.4155 -0.0813
vn -0.5983 0.7097 0.3719
vn -0.3833 0.7593 0.5259
vn -0.7346 0.5134 0.4436
vn 0.4316 -0.4832 0.7617
vn 0.5769 -0.4029 0.7105
vn 0.4570 -0.4941 0.7396
vn -0.1442 -0.9685 0.2030
vn -0.1577 -0.9321 0.3260
vn 0.9793 0.1710 0.1083
vn 0.9706 0.2353 0.0500
vn 0.6621 0.4963 -0.5615
vn 0.3233 0.4853 -0.8124
vn 0.0421 0.4614 -0.8862
vn 0.7577 -0.2468 0.6041
vn 0.9154 -0.0077 0.4025
vn 0.8357 0.1989 0.5119
vn 0.7098 -0.5942 -0.3783
vn 0.3860 -0.3675 -0.8461
vn 0.2512 -0.2101 -0.9449
vn 0.9314 -0.2520 -0.2627
vn 0.9158 -0.1414 -0.3759
vn 0.8339 -0.5386 -0.1203
vn 0.8784 -0.4130 -0.2406
vn -0.1361 0.9545 0.2653
vn -0.2371 0.9509 0.1990
vn -0.2059 0.9515 0.2287
vn 0.0397 0.7494 0.6609
vn -0.1391 0.7534 0.6427
vn 0.1038 0.7997 0.5914
vn 0.9442 0.1618 0.2869
vn 0.9987 0.0374 0.0353
vn 0.9129 0.1221 0.3895
vn 0.6115 0.7305 0.3041
vn 0.7037 0.6044 0.3735
vn 0.7137 0.4436 0.5420
vn 0.1931 -0.6452 0.7392
vn -0.0524 -0.8081 0.5867
vn 0.2190 -0.6390 0.7374
vn -0.5965 -0.8018 0.0367
vn -0.4738 -0.8528 0.2196
vn -0.6255 -0.7159 0.3102
vn -0.6230 -0.7558 0.2015
vn -0.7875 -0.6110 0.0804
vn -0.8029 -0.5647 0.1909
vn -0.6513 -0.2494 -0.7167
vn -0.6312 -0.2017 -0.7490
vn -0.1877 -0.9814 0.0405
vn -0.1607 -0.9814 0.1047
vn -0.1376 -0.9903 0.0178
vn 0.7116 0.5191 0.4735
vn 0.8395 0.4907 0.2333
vn 0.7426 0.6363 0.2089
vn 0.9445 0.2832 -0.1666
vn 0.8589 0.4966 -0.1256
vn 0.9309 0.3536 -0.0919
vn -0.6715 -0.7396 0.0453
vn -0.5893 -0.8079 0.0026
vn -0.5574 -0.6729 -0.4863
vn -0.5085 -0.7336 -0.4508
vn -0.0616 -0.2709 -0.9606
vn -0.0756 -0.4357 -0.8969
vn -0.1884 -0.7436 -0.6416
vn -0.2030 -0.7763 -0.5968
vn -0.1219 -0.4168 -0.9008
vn -0.2896 -0.8941 -0.3416
vn 0.7634 0.5235 -0.3784
vn 0.3442 0.1695 -0.9235
vn 0.4239 0.4802 -0.7680
vn 0.4137 0.8901 0.1914
vn -0.1243 -0.0437 0.9913
vn 0.0235 -0.0629 0.9977
vn -0.0519 -0.1487 0.9875
vn -0.1698 -0.1380 0.9758
vn -0.1174 -0.2669 0.9565
vn 0.6430 -0.3705 0.6703
vn 0.7227 -0.2505 0.6442
vn 0.5839 -0.2545 0.7709
vn 0.9537 0.2299 0.1942
vn 0.8086 0.3161 0.4962
vn 0.1129 -0.8696 0.4807
vn 0.0513 -0.8925 0.4481
vn 0.1632 -0.8886 0.4286
vn -0.0339 -0.9916 0.1245
vn 0.1364 -0.9745 0.1780
vn -0.0089 -0.0091 -0.9999
vn -0.3639 -0.5275 -0.7677
vn -0.0832 -0.1965 -0.9770
vn -0.2522 -0.2796 -0.9264
vn 0.1603 -0.9865 0.0343
vn 0.3704 -0.9286 -0.0204
vn 0.1128 -0.9928 0.0393
vn -0.1751 -0.9810 0.0834
vn -0.2762 -0.9611 0.0086
vn -0.7635 0.6458 0.0005
vn -0.8521 0.5231 -0.0165
vn -0.6539 0.7415 -0.1501
vn -0.0624 -0.7575 0.6498
vn 0.0294 -0.8009 0.5981
vn -0.1592 -0.7682 0.6201
vn 0.0072 -0.8130 0.5822
vn 0.9297 0.1596 0.3320
vn 0.9674 0.2247 0.1169
vn 0.9785 0.0770 0.1914
vn 0.8981 -0.0993 0.4284
vn 0.1793 0.8003 0.5722
vn 0.1891 0.7173 0.6706
vn 0.2742 0.7154 0.6427
vn 0.0541 0.8322 0.5518
vn 0.0439 0.8476 0.5289
vn 0.1321 0.7829 0.6080
vn 0.1687 0.8557 0.4892
vn 0.1561 0.7795 0.6066
vn -0.0212 0.9974 0.0689
vn -0.0884 0.9521 0.2928
vn -0.0730 0.9964 0.0436
vn 0.3706 -0.9265 0.0653
vn 0.5414 -0.8357 -0.0922
vn 0.5436 -0.8279 0.1382
vn 0.8345 -0.5434 0.0913
vn 0.8479 -0.5111 -0.1406
vn 0.8882 -0.4594 0.0001
vn 0.4156 0.0638 0.9073
vn 0.3563 0.1487 0.9225
vn 0.6062 0.0331 0.7946
vn 0.6632 0.1458 0.7341
vn 0.0152 0.6870 0.7265
vn -0.0078 0.7020 0.7121
vn -0.0904 0.7469 0.6587
vn -0.0736 0.8903 0.4493
vn -0.2000 0.9645 0.1725
vn -0.2972 0.8933 0.3372
vn -0.1124 -0.9547 0.2757
vn -0.1340 -0.9596 0.2475
vn -0.1842 -0.9179 0.3515
vn -0.1185 -0.9842 -0.1316
vn -0.1842 -0.9638 -0.1928
vn 0.0390 -0.9992 -0.0070
vn -0.4944 -0.7101 -0.5013
vn -0.5487 -0.7783 -0.3053
vn -0.5377 -0.8430 -0.0171
vn -0.5569 -0.8301 -0.0292
vn 0.6335 0.7726 -0.0415
vn 0.5894 0.7864 0.1850
vn 0.5219 0.8470 0.1017
vn 0.5336 0.8372 -0.1202
vn -0.4300 0.8933 0.1311
vn -0.3038 0.9507 0.0622
vn -0.3627 0.9304 0.0533
vn -0.3314 0.9276 0.1722
vn 0.0261 -0.9994 -0.0225
vn 0.3467 -0.9379 -0.0090
vn 0.2135 -0.9419 0.2593
vn -0.0919 -0.3468 -0.9334
vn -0.1877 -0.6544 -0.7325
vn -0.0999 0.1570 -0.9825
vn 0.2973 -0.6276 -0.7196
vn -0.3319 -0.7652 -0.5516
vn -0.4047 -0.7110 -0.5750
vn -0.2395 -0.9490 -0.2052
vn -0.2241 -0.9289 -0.2949
vn -0.1969 -0.9754 -0.0990
vn 0.1970 0.9372 0.2877
vn 0.2152 0.8596 0.4635
vn 0.0327 0.9985 -0.0430
vn 0.0350 0.9826 0.1823
vn 0.1417 0.9822 0.1234
vn -0.2629 -0.5751 -0.7747
vn -0.2364 -0.3832 -0.8929
vn 0.0967 0.2646 0.9595
vn 0.4889 0.3999 0.7753
vn -0.1833 0.7349 0.6529
vn -0.2039 0.8510 0.4840
vn -0.8425 0.1873 0.5051
vn -0.0606 0.0949 -0.9936
vn -0.3903 -0.0920 -0.9161
vn 0.1328 -0.5019 -0.8547
vn 0.8139 -0.4587 -0.3567
vn 0.5628 -0.7077 -0.4271
vn 0.3786 -0.8384 -0.3921
vn 0.5653 -0.7006 -0.4355
vn -0.1743 -0.9654 -0.1942
vn -0.1999 -0.9530 -0.2277
vn -0.0915 -0.9335 -0.3468
vn -0.0216 -0.9972 0.0719
vn -0.0053 -0.9724 0.2334
vn 0.0868 -0.9960 -0.0189
vn 0.1460 -0.9830 0.1111
vn 0.5671 -0.8044 -0.1772
vn 0.4455 -0.8941 -0.0466
vn 0.7460 -0.4304 -0.5082
vn 0.6414 -0.4132 -0.6464
vn 0.9310 0.3134 0.1873
vn 0.9922 0.1244 -0.0094
vn 0.1286 -0.7095 0.6929
vn -0.4335 -0.0473 0.8999
vn -0.0820 -0.7892 0.6086
vn -0.1997 -0.7809 0.5918
vn -0.0780 -0.7047 0.7052
vn -0.0921 -0.6904 0.7176
vn -0.9737 -0.0154 0.2272
vn -0.9945 -0.0498 -0.0919
vn -0.1320 -0.9910 0.0209
vn -0.1113 -0.9934 0.0274
vn 0.1976 0.9162 -0.3486
vn 0.1879 0.9344 -0.3026
vn 0.1989 0.9138 -0.3542
vn -0.0676 0.9280 -0.3665
vn -0.2407 0.8988 -0.3664
vn -0.5397 -0.8209 -0.1866
vn -0.5777 -0.8152 0.0413
vn -0.4155 -0.8881 0.1963
vn -0.4714 -0.8774 0.0890
vn 0.3301 -0.8505 0.4096
vn 0.1583 -0.6385 0.7532
vn -0.1504 -0.7691 0.6212
vn 0.9514 -0.0015 0.3079
vn 0.9847 0.1336 0.1122
vn 0.9537 0.2015 0.2234
vn 0.7738 0.1739 -0.6091
vn 0.6163 0.2494 -0.7469
vn 0.6542 0.3492 -0.6708
vn 0.5453 0.2717 -0.7930
vn 0.4454 0.2415 -0.8621
vn 0.5539 0.2989 -0.7771
vn 0.1572 -0.7961 -0.5844
vn -0.1227 -0.8084 -0.5757
vn -0.1157 -0.6058 -0.7872
vn -0.5434 -0.3112 -0.7797
vn -0.6380 -0.3546 -0.6835
vn -0.6957 -0.3086 -0.6487
vn -0.9743 0.2211 0.0419
vn -0.9638 0.1092 0.2433
vn -0.4756 -0.2622 0.8397
vn -0.6437 -0.2331 0.7289
vn -0.7352 -0.6008 0.3140
vn -0.7891 -0.4209 0.4474
vn -0.8828 -0.4598 0.0965
vn -0.8210 -0.2215 0.5262
vn -0.9463 -0.1661 0.2772
vn -0.9529 0.1088 -0.2830
vn -0.9284 0.1460 -0.3416
vn -0.9943 0.0334 -0.1009
vn -0.6903 0.2458 -0.6804
vn -0.4479 0.3620 -0.8176
vn -0.3066 0.6677 -0.6784
vn -0.6274 0.2639 -0.7326
vn -0.1571 0.7823 -0.6028
vn 0.0357 -0.9810 -0.1906
vn 0.3989 -0.8024 -0.4439
vn 0.0773 0.9756 -0.2057
vn 0.1111 0.9550 -0.2750
vn 0.1329 0.9846 -0.1139
vn -0.0057 -0.3085 0.9512
vn -0.1449 -0.2683 0.9524
vn 0.1952 0.9734 0.1202
vn 0.3330 0.9262 0.1767
vn 0.1342 0.2944 -0.9462
vn 0.0871 0.4545 -0.8865
vn -0.1081 0.3287 -0.9382
vn 0.5173 0.5218 -0.6783
vn 0.6214 0.4870 -0.6137
vn 0.5804 0.3546 -0.7331
vn 0.2879 0.5964 -0.7493
vn 0.1921 0.5921 -0.7826
vn 0.4486 -0.7038 0.5508
vn 0.7618 -0.1858 0.6206
vn 0.8432 -0.3854 0.3748
vn 0.6739 -0.3455 0.6530
vn 0.0676 0.8175 -0.5720
vn 0.0591 0.9331 -0.3548
vn -0.0409 0.9380 0.3443
vn -0.0155 0.8916 0.4526
vn -0.0799 0.9807 0.1786
vn -0.2384 -0.7586 0.6064
vn -0.0760 -0.7021 0.7080
vn -0.0758 -0.8036 0.5904
vn -0.0001 -0.8877 0.4605
vn 0.7510 0.5389 -0.3817
vn 0.8624 0.4894 -0.1291
vn 0.9007 0.4011 -0.1672
vn 0.9281 0.2705 -0.2559
vn 0.8188 0.2844 -0.4987
vn 0.7228 0.4403 -0.5326
vn 0.0379 0.5429 0.8390
vn 0.0486 0.4816 0.8751
vn 0.0552 0.6387 0.7675
vn -0.3738 0.1097 -0.9210
vn -0.0497 0.0233 -0.9985
vn -0.0093 0.0266 -0.9996
vn -0.4046 -0.0121 -0.9144
vn -0.5368 0.1867 -0.8228
vn -0.7292 -0.6843 0.0031
vn -0.6990 -0.6998 -0.1471
vn -0.6816 -0.6981 -0.2191
vn -0.5302 -0.7941 -0.2972
vn 0.1985 0.9767 -0.0815
vn 0.1825 0.9816 -0.0568
vn 0.2463 0.9684 -0.0389
vn 0.5443 0.7507 0.3746
vn 0.4654 0.8048 0.3683
vn 0.6100 0.7552 0.2400
vn -0.7644 0.5960 -0.2457
vn -0.8094 0.5608 -0.1744
vn -0.6877 0.6796 -0.2553
vn -0.0159 0.8765 0.4811
vn 0.1382 0.9814 0.1335
vn -0.1033 0.9938 0.0400
vn 0.2566 0.9610 0.1030
vn 0.2506 0.9677 -0.0289
vn 0.3035 0.6048 -0.7363
vn 0.3523 0.6973 -0.6243
vn 0.4124 0.5770 -0.7050
vn 0.1986 0.8957 -0.3977
vn 0.1597 0.8380 -0.5218
vn -0.0065 -0.9852 0.1713
vn 0.2252 -0.9600 0.1663
vn 0.0640 -0.9242 0.3765
vn -0.0027 -0.9785 0.2062
vn 0.1182 -0.9499 0.2894
vn -0.0949 -0.9596 0.2650
vn -0.0936 -0.0792 -0.9925
vn -0.0340 -0.0669 -0.9972
vn 0.4883 -0.8657 -0.1102
vn 0.3109 -0.8693 -0.3843
vn 0.2727 -0.9215 -0.2765
vn -0.3642 0.6949 -0.6200
vn -0.5619 0.5845 -0.5853
vn -0.4551 0.8217 -0.3432
vn -0.1442 0.9873 -0.0661
vn 0.4789 0.8778 -0.0137
vn 0.7679 0.5879 0.2545
vn 0.1808 -0.8369 0.5166
vn 0.2565 -0.8175 0.5157
vn 0.2619 -0.7539 0.6025
vn 0.9013 -0.2803 -0.3303
vn 0.8807 -0.3408 -0.3291
vn 0.9942 -0.0102 -0.1070
vn 0.9468 0.0790 -0.3121
vn 0.9673 0.2069 -0.1464
vn 0.2697 -0.2152 -0.9386
vn 0.2494 -0.0330 -0.9678
vn 0.4049 -0.1147 -0.9071
vn 0.7783 -0.2098 -0.5918
vn 0.9197 0.1613 -0.3580
vn 0.2969 -0.3616 -0.8838
vn -0.8196 -0.0040 0.5730
vn -0.8669 -0.0500 0.4959
vn -0.7631 -0.3807 0.5222
vn 0.6335 0.7117 0.3036
vn 0.4651 0.8700 0.1635
vn 0.4855 0.8533 0.1899
vn 0.4763 0.8617 0.1750
vn 0.1690 0.9719 0.1638
vn 0.1969 0.9480 0.2501
vn 0.2002 0.9481 0.2471
vn 0.4370 0.8223 0.3645
vn 0.4500 0.8010 0.3950
vn 0.4895 0.7828 0.3843
vn -0.1481 0.0585 -0.9872
vn -0.7210 0.3259 -0.6115
vn -0.7950 0.2904 -0.5326
vn -0.7897 0.2126 -0.5754
vn 0.3279 -0.4558 0.8275
vn 0.3921 -0.3647 0.8445
vn 0.3962 -0.4605 0.7943
vn 0.5563 -0.2512 0.7921
vn 0.9039 0.1509 -0.4002
vn 0.8957 0.0484 -0.4420
vn 0.9971 -0.0011 -0.0767
vn 0.7452 0.6584 -0.1063
vn -0.8293 0.5585 0.0177
vn -0.6393 0.7409 -0.2059
vn 0.4064 0.8736 -0.2678
vn 0.4833 0.8013 -0.3526
vn 0.3585 0.8709 -0.3362
vn 0.5156 0.8161 -0.2610
vn 0.5115 0.7923 -0.3325
vn 0.5034 0.7936 -0.3416
vn 0.3627 -0.7194 0.5924
vn 0.2986 -0.7225 0.6235
vn 0.2122 -0.3916 0.8953
vn -0.0145 -0.4055 0.9140
vn -0.6269 0.7789 -0.0182
vn -0.4595 0.8878 0.0264
vn -0.2943 0.9534 0.0662
vn -0.2783 0.9592 0.0503
vn -0.3970 0.7986 0.4524
vn -0.4433 0.7920 0.4198
vn -0.5158 0.7712 0.3732
vn -0.5803 0.7898 0.1986
vn 0.0507 0.7346 0.6766
vn 0.1348 0.6084 0.7821
vn 0.1140 0.6540 0.7479
vn 0.1813 0.4470 0.8760
vn -0.7570 -0.6013 -0.2556
vn -0.6253 -0.7668 -0.1449
vn 0.7961 0.4932 -0.3509
vn 0.7038 0.5314 -0.4715
vn 0.8713 0.2562 -0.4185
vn 0.9703 0.2413 0.0180
vn 0.9466 0.1459 -0.2876
vn 0.9655 0.0429 0.2568
vn 0.6604 0.2797 0.6969
vn 0.6498 0.0796 0.7559
vn 0.7021 0.4193 0.5756
vn 0.3327 -0.2752 0.9020
vn -0.0385 -0.6476 0.7610
vn 0.6139 -0.2061 -0.7620
vn 0.6034 -0.1869 -0.7752
vn 0.6577 0.1233 -0.7431
vn 0.7025 0.0577 -0.7094
vn -0.3684 0.4494 0.8138
vn -0.3660 0.4260 0.8274
vn -0.4332 0.2368 0.8696
vn -0.4907 0.1415 0.8598
vn -0.4410 0.1074 0.8911
vn -0.4925 -0.8533 0.1714
vn -0.3718 -0.8535 0.3652
vn -0.4376 -0.8654 0.2441
vn -0.7181 -0.6257 -0.3045
vn 0.2484 -0.1874 -0.9503
vn 0.3413 -0.2328 -0.9107
vn -0.2688 -0.3772 -0.8863
vn 0.7192 -0.6939 0.0367
vn 0.5246 -0.8511 -0.0191
vn 0.6575 -0.7413 -0.1346
vn 0.8216 -0.5524 0.1407
vn -0.0552 0.8612 0.5052
vn -0.2931 0.8041 0.5172
vn -0.2496 0.8510 0.4620
vn 0.7560 0.5843 0.2950
vn 0.7453 0.6256 0.2303
vn 0.6012 0.6690 0.4370
vn 0.4765 -0.6629 0.5775
vn 0.5817 -0.5840 0.5662
vn -0.4056 -0.0548 -0.9124
vn -0.0254 0.0732 -0.9970
vn -0.3414 0.9239 -0.1730
vn -0.2951 0.9554 0.0100
vn -0.2544 0.9502 -0.1801
vn -0.2803 0.9498 0.1391
vn -0.2010 0.9735 -0.1089
vn -0.1648 0.9832 0.0779
vn 0.1429 -0.9197 -0.3657
vn 0.5938 -0.7534 -0.2826
vn 0.4479 0.2379 -0.8619
vn 0.7384 0.3301 -0.5881
vn 0.3780 0.3420 -0.8603
vn 0.9094 0.1654 -0.3816
vn 0.7991 0.1177 -0.5896
vn -0.3236 -0.9199 -0.2213
vn -0.0448 -0.9472 -0.3175
vn -0.2343 -0.9300 -0.2831
vn -0.1137 -0.9823 0.1488
vn -0.1108 -0.9843 0.1373
vn 0.3360 0.8458 -0.4144
vn 0.1184 0.7757 -0.6199
vn 0.5241 0.5030 -0.6872
vn 0.7417 0.6604 -0.1172
vn 0.3889 0.9212 -0.0112
vn 0.3637 0.9270 -0.0913
vn 0.3072 0.9401 -0.1480
vn 0.2130 0.9388 -0.2707
vn 0.3763 0.2571 -0.8901
vn 0.0923 0.0934 -0.9913
vn 0.3256 0.2772 -0.9040
vn 0.3886 -0.1329 -0.9118
vn 0.1688 -0.0004 -0.9856
vn 0.3627 0.0933 -0.9272
vn 0.9709 -0.2167 0.1022
vn 0.9685 -0.2061 -0.1397
vn 0.9932 -0.0367 -0.1107
vn 0.9244 0.3736 0.0768
vn -0.3057 0.9517 0.0268
vn -0.2867 0.9335 -0.2152
vn -0.3112 0.9007 -0.3031
vn -0.2359 0.9355 -0.2630
vn -0.2672 0.8779 -0.3974
vn 0.9463 0.2585 -0.1939
vn 0.4953 0.1012 -0.8628
vn 0.0575 0.1870 -0.9807
vn 0.1587 -0.9803 0.1176
vn -0.1371 -0.9184 0.3711
vn -0.2277 0.0188 -0.9736
vn -0.2440 -0.1949 -0.9500
vn 0.0060 0.0003 -1.0000
vn -0.9359 0.1242 0.3296
vn -0.9444 0.0611 0.3230
vn -0.9198 0.0224 0.3918
vn -0.8119 0.1025 0.5747
vn -0.8624 0.0910 0.4980
vn 0.2519 0.8591 -0.4456
vn 0.3281 0.8094 -0.4870
vn 0.1218 0.9140 -0.3871
vn 0.6798 0.6742 0.2886
vn 0.5890 0.7318 0.3428
vn 0.6172 0.6186 0.4862
vn 0.8093 0.4102 0.4203
vn 0.7656 0.4080 0.4973
vn -0.4337 -0.8977 -0.0777
vn -0.5233 -0.8025 -0.2865
vn -0.4972 -0.7638 -0.4115
vn -0.4516 -0.4316 -0.7809
vn -0.5183 -0.1832 -0.8354
vn -0.3278 -0.1797 -0.9275
vn 0.7807 0.2829 -0.5571
vn 0.5928 0.4198 -0.6873
vn 0.5948 0.4382 -0.6739
vn -0.4564 0.7759 0.4356
vn -0.3387 0.7814 0.5241
vn -0.3630 0.8397 0.4040
vn -0.4234 0.7650 0.4853
vn 0.0160 0.6271 0.7788
vn 0.0151 0.6564 0.7543
vn 0.0473 0.5903 0.8058
vn 0.0519 0.7159 0.6963
vn -0.0420 -0.0800 -0.9959
vn -0.0612 0.3178 -0.9462
vn -0.0215 -0.0616 -0.9979
vn -0.4328 -0.8822 0.1855
vn -0.3184 -0.8956 0.3107
vn -0.5729 -0.8192 0.0265
vn -0.4989 -0.8409 -0.2098
vn -0.4787 -0.8740 -0.0831
vn 0.1839 -0.7222 -0.6668
vn 0.2992 -0.8033 -0.5150
vn -0.0063 -0.7192 -0.6947
vn 0.3230 -0.8663 -0.3812
vn -0.6613 -0.3681 -0.6536
vn -0.1080 -0.0907 -0.9900
vn -0.0507 0.0013 -0.9987
vn -0.2747 -0.2575 -0.9264
vn 0.4769 0.0316 0.8784
vn -0.5205 -0.3339 0.7858
vn -0.6140 -0.2588 0.7456
vn -0.2040 -0.7749 0.5983
vn -0.3495 -0.8015 0.4853
vn -0.2563 -0.8580 0.4452
vn -0.1651 -0.8135 0.5576
vn -0.5238 -0.8035 0.2828
vn -0.5225 -0.7721 0.3618
vn -0.5826 -0.8030 0.1257
vn -0.6125 -0.7064 0.3548
vn -0.0055 -0.0520 -0.9986
vn 0.0481 -0.0609 -0.9970
vn 0.1664 -0.9858 0.0209
vn 0.1982 -0.9751 -0.0995
vn 0.4788 -0.8180 -0.3188
vn 0.2724 -0.9366 -0.2205
vn -0.7441 0.6402 -0.1911
vn -0.7348 0.6440 -0.2130
vn -0.7425 0.6297 -0.2283
vn -0.2160 0.8866 -0.4090
vn -0.3128 0.8248 -0.4711
vn -0.2740 0.8679 -0.4144
vn -0.8434 0.0725 -0.5324
vn -0.9140 0.0578 -0.4015
vn -0.8939 -0.0487 -0.4456
vn -0.1518 -0.9867 0.0576
vn 0.1594 -0.9766 -0.1444
vn 0.0697 -0.9952 -0.0693
vn 0.5207 0.8085 0.2742
vn 0.5981 0.7971 0.0831
vn 0.4680 0.8824 0.0485
vn 0.4314 0.8865 0.1673
vn -0.2056 -0.9764 -0.0662
vn 0.1542 -0.9633 -0.2196
vn -0.0921 -0.9828 -0.1601
vn -0.0013 -0.9660 0.2585
vn 0.2004 -0.9392 0.2790
vn 0.0067 -0.9907 0.1359
vn 0.3214 0.8818 0.3452
vn 0.2745 0.9172 0.2888
vn 0.2947 0.7888 0.5394
vn 0.2560 0.8742 0.4127
vn -0.4387 0.0490 -0.8973
vn 0.0361 -0.0213 -0.9991
vn -0.0854 -0.0675 -0.9941
vn 0.3615 0.0199 -0.9322
vn 0.6162 0.0147 -0.7874
vn 0.1811 -0.0697 -0.9810
vn -0.7160 -0.6936 -0.0795
vn -0.5805 -0.8142 -0.0030
vn -0.6848 -0.7278 -0.0378
vn -0.5154 -0.8490 0.1167
vn -0.5523 -0.8243 0.1248
vn 0.3780 0.9256 0.0210
vn 0.3017 0.9534 -0.0083
vn 0.3050 0.9522 -0.0187
vn 0.4691 0.7926 0.3896
vn -0.8594 0.4525 0.2380
vn -0.8999 0.4357 -0.0198
vn -0.9013 0.4287 0.0623
vn -0.8514 0.5155 0.0966
vn -0.8336 0.5524 -0.0009
vn -0.9548 0.2403 -0.1748
vn -0.9350 0.1462 -0.3231
vn 0.4477 0.7181 -0.5329
vn -0.7096 0.7006 -0.0750
vn -0.4052 0.8105 -0.4230
vn -0.9400 0.3259 -0.1010
vn 0.3920 0.8538 -0.3426
vn 0.0872 0.9235 -0.3736
vn 0.1739 0.8769 -0.4482
vn 0.1860 0.9532 -0.2385
vn -0.0078 0.9863 -0.1649
vn 0.1975 0.9485 -0.2476
vn 0.6273 0.7788 0.0008
vn 0.6513 0.6674 -0.3611
vn 0.6853 0.6131 -0.3930
vn 0.7048 0.5780 -0.4113
vn -0.6533 -0.6373 0.4088
vn -0.5180 -0.7439 0.4223
vn -0.6657 -0.6037 0.4387
vn -0.4373 -0.8831 0.1698
vn -0.6931 -0.7166 -0.0783
vn -0.4802 -0.8743 -0.0703
vn -0.9460 0.3236 0.0172
vn -0.8653 0.4703 -0.1735
vn -0.8803 0.4179 0.2244
vn -0.5029 -0.6296 -0.5922
vn -0.5542 -0.5518 -0.6232
vn -0.4679 -0.8706 -0.1520
vn -0.4686 -0.8016 -0.3714
vn 0.5101 -0.6684 0.5414
vn 0.3761 -0.5127 0.7718
vn 0.3287 -0.7447 0.5808
vn 0.5601 -0.3689 0.7417
vn 0.0287 -0.7667 0.6414
vn 0.0001 -0.7067 0.7075
vn -0.0418 -0.8169 0.5753
vn -0.3043 -0.6910 0.6556
vn -0.1195 -0.7494 0.6512
vn -0.2128 -0.5413 0.8135
vn 0.7303 0.5572 -0.3952
vn 0.6728 0.6371 -0.3760
vn 0.7674 0.4258 -0.4794
vn 0.8107 0.4223 -0.4055
vn -0.7772 -0.4575 0.4319
vn -0.1945 -0.2277 0.9541
vn -0.5760 -0.0861 0.8129
vn -0.7356 -0.5763 0.3561
vn -0.3316 -0.5375 0.7754
vn -0.0647 -0.2736 0.9597
vn -0.5767 0.7277 0.3712
vn -0.3623 0.8658 0.3451
vn 0.0826 -0.9862 0.1437
vn 0.1518 -0.9744 0.1657
vn 0.1179 -0.9142 0.3878
vn 0.0823 -0.8832 0.4616
vn -0.8582 0.2217 -0.4630
vn -0.7696 0.2498 -0.5876
vn 0.7021 0.7059 0.0934
vn 0.7399 0.6378 0.2141
vn 0.8140 0.5642 0.1377
vn -0.1393 0.1423 -0.9800
vn -0.0935 0.0810 -0.9923
vn -0.2495 0.2448 -0.9369
vn -0.0404 0.0425 -0.9983
vn -0.1474 0.0986 -0.9841
vn -0.0111 -0.1964 -0.9805
vn 0.2829 0.2488 -0.9263
vn 0.0117 0.1384 -0.9903
vn -0.0079 -0.0232 -0.9997
vn -0.4633 -0.8652 -0.1918
vn -0.4915 -0.8236 -0.2829
vn -0.4708 -0.8740 -0.1201
vn -0.6035 -0.7389 -0.2997
vn -0.6445 -0.7410 -0.1885
vn -0.7428 -0.6102 -0.2756
vn -0.2270 0.9645 0.1348
vn -0.2141 0.9361 0.2792
vn -0.2739 0.8906 0.3631
vn -0.0709 0.8255 0.5600
vn -0.1045 0.8623 0.4955
vn -0.6953 0.0856 0.7136
vn -0.6869 -0.6333 0.3565
vn -0.5371 -0.7153 0.4470
vn -0.4373 -0.7947 0.4209
vn -0.2116 0.0617 -0.9754
vn -0.0371 0.8653 0.4999
vn -0.1455 0.8080 0.5709
vn -0.0432 0.8337 0.5505
vn 0.2311 0.5540 0.7998
vn 0.1959 0.6715 0.7147
vn -0.4787 0.4187 -0.7718
vn -0.4605 0.4525 -0.7636
vn -0.4261 0.5367 -0.7283
vn -0.4777 0.0744 -0.8754
vn -0.5520 0.1504 -0.8201
vn -0.4731 -0.8742 0.1095
vn -0.4988 -0.8635 0.0746
vn -0.4880 -0.8725 0.0231
vn -0.5648 -0.7528 -0.3381
vn -0.6025 -0.7717 -0.2038
vn -0.5650 -0.7691 -0.2988
vn -0.8705 0.4274 -0.2440
vn -0.7991 0.5257 -0.2917
vn -0.8688 0.4438 -0.2194
vn -0.8404 0.5370 0.0732
vn -0.7189 0.6809 0.1402
vn -0.8237 0.5666 0.0227
vn 0.0378 0.9959 -0.0825
vn 0.0411 0.9911 -0.1268
vn 0.3986 0.8661 0.3017
vn 0.2943 0.9428 0.1564
vn -0.4728 -0.6489 0.5961
vn -0.3691 -0.6890 0.6237
vn -0.6553 -0.6223 0.4282
vn -0.6515 -0.6830 0.3303
vn 0.7871 -0.1871 -0.5878
vn 0.7883 -0.2554 -0.5598
vn 0.7391 -0.1568 -0.6551
vn 0.7635 -0.2402 -0.5994
vn 0.7180 -0.0970 -0.6892
vn -0.2754 0.8852 0.3750
vn 0.2982 0.7630 0.5734
vn 0.1323 0.9012 0.4127
vn 0.1051 0.8043 0.5849
vn -0.6318 0.7570 -0.1665
vn -0.6410 0.7669 0.0309
vn -0.5790 0.8153 -0.0085
vn -0.8148 0.5693 -0.1097
vn 0.8480 0.3050 -0.4334
vn 0.6288 0.3891 -0.6732
vn 0.6824 0.3577 -0.6374
vn 0.9042 0.2459 -0.3493
vn 0.9234 -0.0617 0.3789
vn 0.9870 0.1182 -0.1093
vn 0.9108 0.1158 0.3963
vn 0.9180 0.0442 0.3941
vn 0.9881 -0.1157 -0.1018
vn 0.2717 -0.0464 -0.9613
vn 0.4563 -0.3904 -0.7996
vn 0.6588 -0.3411 -0.6705
vn 0.5789 -0.5342 -0.6160
vn 0.4142 -0.6191 -0.6672
vn -0.2929 0.9527 0.0807
vn -0.3364 0.9021 -0.2704
vn -0.4270 0.6417 -0.6370
vn -0.1092 0.8088 -0.5779
vn 0.2992 -0.6715 0.6779
vn 0.3094 -0.7207 0.6204
vn 0.1033 -0.5909 0.8001
vn 0.1713 -0.5428 0.8222
vn 0.2194 -0.5055 0.8345
vn 0.7507 0.2356 -0.6172
vn 0.9734 -0.0002 -0.2289
vn 0.9859 -0.1498 0.0752
vn 0.9278 0.0516 -0.3694
vn -0.7568 0.5646 0.3295
vn -0.7615 0.6359 0.1257
vn -0.7342 0.6551 0.1783
vn -0.7815 0.6102 0.1303
vn 0.6177 -0.1096 0.7787
vn 0.7780 -0.1509 0.6099
vn 0.9938 -0.0826 0.0745
vn 0.9914 -0.1262 -0.0357
vn 0.9986 0.0396 0.0340
vn -0.8808 -0.3723 0.2924
vn -0.9376 -0.1067 0.3310
vn -0.9074 0.0347 0.4188
vn -0.5520 -0.2511 0.7952
vn -0.6654 -0.5221 0.5335
vn -0.9192 -0.3821 0.0956
vn 0.6246 0.3118 0.7160
vn 0.3829 -0.1506 0.9114
vn 0.7728 0.4854 0.4088
vn -0.1913 -0.3828 0.9038
vn -0.3672 -0.4006 0.8395
vn -0.3415 -0.5052 0.7925
vn -0.1474 -0.5981 0.7878
vn -0.2600 -0.6091 0.7493
vn -0.3843 -0.4072 0.8286
vn -0.3230 -0.5027 0.8019
vn -0.4567 -0.7921 0.4049
vn -0.7269 -0.5823 0.3641
vn -0.7584 -0.6345 0.1491
vn -0.2954 -0.1005 0.9501
vn -0.1903 -0.2488 0.9497
vn 0.3015 -0.1077 0.9474
vn 0.3073 -0.1772 0.9350
vn 0.8781 0.1284 0.4609
vn 0.8522 0.2089 0.4796
vn 0.9237 0.3478 0.1607
vn 0.9378 0.3161 0.1436
vn 0.8590 0.5118 0.0110
vn 0.8516 0.1990 -0.4849
vn 0.7535 0.6316 -0.1826
vn 0.8459 0.5051 -0.1711
vn 0.7154 0.6660 -0.2113
vn 0.4117 -0.3284 -0.8501
vn 0.3909 -0.1509 -0.9080
vn 0.5261 -0.1956 -0.8276
vn 0.5654 -0.3580 -0.7431
vn -0.3104 -0.7073 0.6352
vn -0.1605 -0.8554 0.4925
vn -0.2385 -0.8530 0.4643
vn -0.0866 -0.1946 0.9771
vn 0.1981 0.0670 0.9779
vn -0.2788 -0.1756 0.9442
vn 0.0260 0.1508 0.9882
vn -0.5131 0.3265 -0.7938
vn -0.4421 0.5522 -0.7068
vn -0.6896 0.4270 -0.5850
vn -0.5370 0.5245 -0.6607
vn -0.6261 0.5150 -0.5855
vn -0.4603 0.6900 -0.5586
vn -0.6134 0.1324 0.7786
vn -0.4064 -0.0592 0.9118
vn 0.1400 0.9523 0.2712
vn 0.0582 0.9571 0.2839
vn 0.2963 0.8943 0.3354
vn 0.0102 0.8555 0.5176
vn -0.1398 -0.3702 -0.9184
vn -0.3451 -0.8890 -0.3008
vn -0.2143 -0.6235 -0.7519
vn 0.2675 -0.2544 -0.9294
vn 0.1378 -0.9771 0.1621
vn 0.2090 -0.9615 0.1785
vn 0.1727 -0.9793 0.1056
vn 0.2340 -0.9378 0.2564
vn 0.1282 -0.9534 0.2729
vn 0.2436 -0.7168 0.6534
vn -0.1222 -0.9793 0.1611
vn -0.1648 -0.9312 0.3252
vn -0.2509 -0.9172 0.3097
vn -0.8688 -0.0276 0.4944
vn -0.9015 -0.0180 0.4325
vn -0.8921 -0.0939 0.4420
vn 0.0706 0.8837 -0.4627
vn 0.1077 0.8761 -0.4700
vn 0.0373 0.8292 -0.5577
vn 0.0087 0.8746 -0.4847
vn -0.0543 0.9535 -0.2964
vn -0.0519 0.9338 -0.3541
vn 0.9482 0.2804 0.1490
vn 0.6690 0.6817 -0.2962
vn 0.8253 0.4812 -0.2956
vn 0.8276 0.4802 -0.2907
vn -0.6099 0.2370 0.7562
vn -0.1937 0.1088 0.9750
vn 0.4335 -0.4933 -0.7541
vn 0.1553 -0.3296 -0.9313
vn 0.0658 -0.9058 -0.4185
vn 0.2970 -0.6096 -0.7349
vn 0.3332 -0.8717 -0.3593
vn 0.1474 0.1616 0.9758
vn 0.0069 0.1569 0.9876
vn 0.0549 0.2581 0.9646
vn -0.0465 0.2669 0.9626
vn 0.5709 0.7549 -0.3229
vn 0.6650 0.7139 -0.2195
vn 0.6821 0.6271 -0.3762
vn 0.7826 0.4839 -0.3916
vn 0.8423 0.4152 -0.3437
vn 0.8441 0.4233 -0.3290
vn 0.9376 0.0788 0.3385
vn 0.8783 0.0536 0.4751
vn 0.9270 -0.1689 0.3348
vn 0.7181 -0.4143 0.5592
vn -0.1104 0.6750 -0.7295
vn -0.2278 0.4591 -0.8587
vn -0.1631 0.5548 -0.8158
vn -0.3720 0.1426 -0.9172
vn -0.2852 0.3453 -0.8941
vn -0.4935 -0.6426 0.5861
vn -0.4970 -0.6704 0.5509
vn -0.6270 -0.6656 0.4048
vn -0.0290 -0.3119 -0.9497
vn -0.0294 -0.5112 -0.8589
vn -0.1162 -0.8060 -0.5804
vn 0.2066 -0.2458 -0.9470
vn 0.1395 -0.4657 -0.8739
vn 0.0192 -0.2092 -0.9777
vn 0.8802 0.2907 0.3752
vn 0.9104 0.4081 0.0679
vn 0.8412 0.3621 0.4016
vn 0.6585 0.5718 0.4893
vn 0.4374 0.7189 0.5403
vn -0.0585 -0.0020 -0.9983
vn -0.1919 0.0877 -0.9775
vn -0.0807 0.0264 -0.9964
vn -0.7760 0.4823 -0.4065
vn -0.6708 0.5055 -0.5427
vn 0.4921 -0.1878 -0.8500
vn 0.3098 -0.1890 -0.9318
vn 0.5274 -0.0807 -0.8458
vn 0.6363 -0.6963 -0.3321
vn 0.4701 -0.5198 -0.7133
vn -0.5362 0.8430 0.0425
vn -0.6167 0.7859 0.0450
vn -0.5239 0.8368 0.1590
vn -0.4094 0.8940 0.1822
vn -0.4772 0.8426 0.2496
vn 0.6764 -0.7115 -0.1905
vn 0.3392 -0.9274 -0.1580
vn 0.6391 -0.7343 -0.2286
vn -0.2941 -0.9485 -0.1179
vn -0.3566 -0.9228 -0.1457
vn -0.2534 -0.9671 -0.0242
vn 0.0325 0.0945 0.9950
vn 0.0280 0.0827 0.9962
vn 0.3406 -0.2627 0.9028
vn 0.1322 -0.2512 0.9589
vn 0.4654 0.4584 0.7572
vn 0.3469 0.6012 0.7199
vn -0.9381 -0.1092 -0.3288
vn -0.7900 -0.5870 -0.1770
vn 0.8698 -0.4915 0.0434
vn 0.6491 -0.5714 -0.5022
vn 0.7955 -0.4357 -0.4212
vn 0.8621 -0.4910 0.1254
vn 0.7230 -0.5989 -0.3444
vn 0.6155 -0.5962 0.5155
vn 0.7865 -0.4602 0.4118
vn -0.0970 0.9562 -0.2760
vn -0.0963 0.9298 -0.3551
vn -0.0591 0.9777 -0.2015
vn -0.0841 0.9651 -0.2479
vn -0.0617 -0.9675 0.2450
vn -0.0179 -0.9786 0.2050
vn -0.3280 -0.9408 0.0856
vn -0.2407 -0.9231 0.2997
vn -0.4121 -0.8915 0.1883
vn 0.5282 0.3032 0.7931
vn 0.4888 0.3950 0.7779
vn 0.9293 0.0249 0.3685
vn 0.8457 0.2558 0.4683
vn 0.9783 0.0697 0.1950
vn 0.6283 0.6437 0.4369
vn 0.6155 0.5578 0.5569
vn 0.5924 0.6529 0.4719
vn 0.6386 0.6902 0.3404
vn 0.1169 0.9924 0.0371
vn 0.2788 0.9567 0.0843
vn 0.1623 0.9792 0.1215
vn 0.3275 0.9089 0.2581
vn 0.2957 0.9208 0.2544
vn 0.3771 0.9120 0.1615
vn -0.3141 0.7337 -0.6024
vn -0.1876 0.8549 -0.4836
vn -0.2396 0.7620 -0.6016
vn -0.2508 0.8874 -0.3868
vn -0.0780 0.9679 -0.2389
vn -0.1256 0.9719 -0.1992
vn -0.2282 0.9499 -0.2137
vn -0.1275 0.8461 -0.5176
vn -0.1647 0.8940 -0.4166
vn -0.1275 -0.4237 0.8968
vn 0.0763 -0.4145 0.9068
vn -0.0968 -0.5357 0.8388
vn -0.7413 -0.5088 0.4377
vn -0.3147 0.9038 -0.2901
vn -0.3087 0.9290 -0.2041
vn -0.1617 0.9837 -0.0791
vn -0.1474 0.9667 -0.2092
vn -0.2228 0.9739 -0.0435
vn 0.9887 -0.1175 0.0932
vn 0.4648 -0.8671 -0.1791
vn 0.2142 -0.9606 -0.1773
vn 0.0195 -0.9811 -0.1924
vn -0.0566 -0.9646 -0.2577
vn 0.9576 0.2697 -0.1012
vn 0.9868 0.0796 -0.1414
vn 0.9920 0.1204 -0.0383
vn 0.9786 0.1639 0.1247
vn 0.6573 -0.3959 0.6413
vn 0.8850 -0.2635 0.3838
vn -0.0518 0.8648 0.4994
vn -0.2773 0.9224 0.2688
vn -0.2055 0.9278 0.3112
vn -0.0146 0.9999 0.0048
vn -0.0363 0.9976 0.0583
vn 0.0579 -0.9732 0.2227
vn 0.0657 -0.2400 0.9686
vn 0.1551 -0.5209 0.8394
vn 0.2486 -0.4305 0.8677
vn -0.3622 -0.5784 -0.7310
vn -0.6083 -0.5756 -0.5465
vn -0.5594 -0.4452 -0.6992
vn -0.6448 -0.6775 -0.3540
vn -0.7949 -0.5068 -0.3336
vn -0.1740 -0.9829 -0.0597
vn -0.1676 -0.9848 -0.0461
vn 0.1736 -0.9838 -0.0453
vn 0.1689 -0.8573 0.4863
vn 0.1642 -0.7350 0.6579
vn 0.1351 -0.7890 0.5993
vn 0.9127 -0.2540 0.3200
vn 0.8696 -0.4912 -0.0512
vn 0.8344 -0.4744 -0.2805
vn -0.3598 -0.4035 -0.8413
vn -0.2424 -0.4924 -0.8360
vn 0.0300 -0.9201 -0.3905
vn 0.0105 -0.9973 -0.0733
vn 0.2009 -0.9795 0.0139
vn 0.0534 -0.9953 -0.0814
vn 0.0810 0.5279 0.8454
vn -0.0512 0.4461 0.8935
vn 0.9310 0.2176 -0.2933
vn 0.9460 0.1796 -0.2698
vn 0.9806 0.1739 -0.0905
vn 0.6786 0.6786 -0.2811
vn 0.2308 0.9347 -0.2704
vn 0.2782 0.9137 -0.2964
vn -0.2793 0.7557 -0.5923
vn -0.3170 0.8310 -0.4570
vn -0.1710 0.9850 -0.0222
vn -0.1464 0.9630 -0.2263
vn -0.2523 0.9675 -0.0176
vn -0.4276 0.3756 0.8223
vn -0.6321 0.7661 0.1165
vn -0.7861 0.6045 -0.1287
vn -0.4919 0.8649 -0.0996
vn -0.2383 0.9712 0.0085
vn -0.4478 0.8622 0.2369
vn 0.5992 -0.3637 0.7132
vn 0.6490 -0.3947 0.6504
vn 0.8816 -0.2185 0.4184
vn -0.0607 0.7082 0.7034
vn 0.3993 0.7002 0.5918
vn 0.5248 0.4123 0.7447
vn 0.6458 0.7503 0.1413
vn 0.8060 0.2964 0.5125
vn 0.9420 0.2180 0.2552
vn 0.9108 0.1766 0.3732
vn 0.9238 0.3819 0.0261
vn 0.8032 0.5380 0.2557
vn -0.7597 0.5130 -0.3996
vn -0.8938 0.2274 -0.3867
vn -0.5770 0.5134 -0.6353
vn -0.7553 0.3142 -0.5752
vn -0.5301 0.3668 -0.7645
vn -0.3579 -0.3815 0.8523
vn 0.0007 -0.4333 0.9012
vn -0.2279 -0.3945 0.8902
vn -0.0637 -0.3276 0.9427
vn -0.1869 -0.2824 0.9409
vn -0.1439 0.7779 -0.6116
vn 0.3113 0.9113 0.2696
vn 0.0332 0.0191 0.9993
vn 0.1694 0.0430 0.9846
vn 0.0892 -0.0148 0.9959
vn 0.6011 -0.3903 -0.6974
vn 0.7212 -0.3555 -0.5946
vn 0.6637 -0.4641 -0.5866
vn 0.6558 -0.2426 -0.7149
vn 0.6931 -0.2599 -0.6724
vn 0.9330 0.3458 0.1001
vn 0.9240 0.3740 0.0794
vn 0.4227 0.8053 -0.4157
vn 0.3422 0.8396 -0.4218
vn 0.4297 0.7274 -0.5350
vn 0.4102 -0.1207 0.9040
vn 0.7159 0.0053 0.6982
vn 0.7775 0.0202 0.6286
vn -0.5984 -0.5579 -0.5751
vn -0.5788 -0.7376 -0.3477
vn -0.5468 -0.7027 -0.4552
vn 0.5830 -0.0144 -0.8123
vn 0.6324 -0.0986 -0.7683
vn 0.0705 -0.1944 -0.9784
vn 0.1653 -0.2555 -0.9526
vn 0.1307 0.9662 0.2223
vn 0.1328 0.9784 0.1583
vn -0.0330 0.9688 0.2457
vn 0.0669 0.9180 0.3908
vn 0.1114 0.9161 0.3852
vn 0.0790 0.9388 0.3354
vn -0.2656 0.9484 -0.1730
vn -0.2228 0.9734 -0.0541
vn -0.4984 0.8670 -0.0019
vn -0.4805 0.8770 0.0005
vn -0.4527 0.8902 0.0515
vn -0.8729 -0.4747 0.1128
vn -0.8651 -0.4951 0.0809
vn 0.5075 0.7728 0.3811
vn 0.5576 0.8078 -0.1912
vn 0.6329 0.7460 -0.2069
vn 0.7758 0.6279 -0.0625
vn 0.6494 -0.3447 -0.6778
vn 0.2067 -0.0637 -0.9763
vn -0.7680 -0.2995 -0.5662
vn -0.7109 -0.5167 -0.4771
vn -0.5376 -0.0741 -0.8400
vn -0.1467 -0.9309 0.3344
vn -0.4184 -0.8324 0.3633
vn -0.3561 -0.8295 0.4304
vn -0.1640 -0.7907 0.5898
vn 0.1300 0.7727 -0.6213
vn 0.1797 0.8461 -0.5017
vn 0.1364 0.7927 -0.5942
vn -0.0411 0.6319 -0.7739
vn -0.0071 0.6848 -0.7287
vn -0.1208 0.5483 -0.8275
vn 0.1512 0.9789 0.1374
vn 0.1894 0.9734 0.1288
vn 0.2966 0.9525 -0.0682
vn -0.6376 0.6674 -0.3849
vn -0.9772 0.2111 0.0239
vn -0.9046 -0.4170 -0.0883
vn -0.9425 -0.3340 -0.0106
vn -0.8318 -0.5551 -0.0072
vn -0.9155 -0.1972 0.3506
vn -0.9184 -0.2420 0.3130
vn -0.9480 -0.1616 0.2742
vn -0.2127 -0.2301 -0.9496
vn -0.2117 -0.3903 -0.8960
vn 0.0084 -0.9915 -0.1301
vn -0.1373 -0.9837 0.1162
vn -0.0077 -0.9900 0.1408
vn -0.0529 -0.9962 -0.0697
vn 0.7924 -0.0469 -0.6082
vn 0.9178 0.3154 -0.2412
vn 0.9203 0.3873 0.0558
vn 0.9438 0.2614 -0.2022
vn 0.9029 0.4043 -0.1459
vn 0.8417 0.4364 -0.3180
vn 0.9231 0.3078 -0.2307
vn 0.9208 0.3086 -0.2384
vn -0.3754 0.5615 0.7374
vn -0.5049 0.7872 0.3542
vn -0.2700 0.7993 0.5369
vn -0.3113 0.8615 0.4011
vn -0.0233 -0.9767 0.2134
vn 0.1009 -0.8892 0.4463
vn -0.9662 -0.2422 -0.0880
vn -0.9479 -0.3185 0.0034
vn -0.9659 -0.2585 -0.0153
vn -0.2522 0.7041 -0.6638
vn -0.5036 0.5188 -0.6908
vn -0.4238 0.5564 -0.7147
vn 0.9509 -0.3055 0.0491
vn 0.9612 -0.1747 -0.2134
vn -0.5771 0.4961 0.6487
vn 0.2240 0.4166 0.8810
vn -0.2276 0.4816 0.8463
vn 0.7214 0.2889 -0.6293
vn 0.7340 0.3743 -0.5667
vn 0.6795 0.3345 -0.6530
vn 0.8620 0.3857 -0.3289
vn 0.7261 -0.5458 0.4182
vn 0.6941 -0.7195 -0.0232
vn 0.2794 0.1692 -0.9451
vn 0.3314 0.0348 -0.9429
vn -0.2785 -0.9599 0.0324
vn -0.3668 -0.9303 0.0030
vn 0.1093 -0.9938 -0.0223
vn -0.5439 0.1337 0.8285
vn -0.7492 0.0526 0.6602
vn -0.9233 -0.0828 0.3751
vn -0.7749 -0.1246 0.6197
vn 0.1678 -0.9758 0.1399
vn -0.0060 -0.9272 -0.3746
vn 0.1721 -0.9145 -0.3661
vn 0.1552 0.0290 0.9875
vn 0.1869 -0.1705 0.9675
vn 0.2329 -0.1083 0.9664
vn 0.8314 -0.5139 -0.2116
vn 0.8622 -0.4183 -0.2858
vn 0.9754 -0.0077 -0.2203
vn 0.9558 -0.1402 -0.2583
vn -0.1184 0.9738 0.1943
vn 0.0014 0.9713 0.2380
vn -0.1489 0.9640 0.2201
vn 0.0790 0.4475 0.8908
vn 0.0839 0.3565 0.9305
vn 0.1786 0.9076 -0.3799
vn 0.2709 0.9356 -0.2265
vn 0.2747 0.9037 -0.3283
vn 0.0322 -0.9069 0.4201
vn -0.0424 -0.8467 0.5303
vn -0.0697 -0.8650 0.4970
vn -0.9569 -0.2897 0.0185
vn -0.7967 -0.3217 0.5115
vn 0.1163 -0.8057 0.5808
vn 0.1377 -0.7456 0.6520
vn 0.1167 -0.8129 0.5706
vn 0.2978 -0.5496 0.7806
vn 0.3537 -0.6124 0.7070
vn 0.2841 -0.4874 0.8257
vn -0.2041 -0.9674 0.1497
vn -0.3747 -0.8933 0.2482
vn -0.4979 -0.8108 0.3076
vn -0.7393 -0.6177 0.2680
vn -0.5908 -0.7182 0.3676
vn 0.2081 0.9191 -0.3346
vn 0.2814 -0.9574 -0.0645
vn 0.2539 -0.9650 -0.0659
vn 0.1121 -0.9920 -0.0580
vn -0.0933 -0.9700 -0.2246
vn 0.2936 -0.9506 0.1004
vn 0.1337 -0.9831 -0.1250
vn 0.2503 -0.9517 -0.1780
vn 0.0655 -0.9875 -0.1431
vn -0.1800 -0.6239 0.7605
vn -0.2275 -0.5568 0.7989
vn 0.2002 -0.6157 0.7621
vn 0.9317 0.1006 -0.3489
vn 0.9606 0.1885 -0.2043
vn 0.9262 0.3771 0.0061
vn 0.9691 0.2078 0.1327
vn 0.3117 -0.5675 0.7621
vn -0.6104 0.6697 -0.4229
vn -0.8678 0.3164 -0.3832
vn -0.8617 0.4485 -0.2373
vn -0.8086 0.4503 -0.3788
vn -0.3450 0.2906 0.8925
vn -0.3844 0.1367 0.9130
vn -0.1239 0.2193 0.9678
vn -0.2198 0.1919 0.9565
vn 0.0310 -0.9931 -0.1129
vn 0.1989 -0.8596 -0.4707
vn 0.1549 -0.8952 -0.4179
vn 0.0418 0.5673 0.8224
vn -0.0328 0.5684 0.8221
vn -0.0517 0.3063 0.9505
vn -0.5199 -0.8538 0.0277
vn 0.0103 -0.6955 -0.7185
vn -0.1071 -0.7703 -0.6287
vn -0.1603 -0.7080 -0.6878
vn -0.0226 -0.1466 -0.9889
vn -0.0044 -0.1015 -0.9948
vn -0.0600 0.3687 -0.9276
vn -0.6086 -0.7057 0.3627
vn -0.2898 -0.8390 0.4605
vn -0.5974 -0.7804 0.1847
vn -0.6671 -0.7436 -0.0453
vn -0.6081 -0.6014 0.5183
vn -0.8019 -0.5402 0.2551
vn -0.6243 -0.6991 0.3486
vn -0.2322 -0.8348 0.4992
vn 0.1482 0.7479 0.6471
vn -0.0509 0.7572 0.6512
vn 0.0726 0.8064 0.5868
vn -0.0067 0.9299 0.3677
vn -0.0307 0.8272 0.5611
vn 0.7190 0.4028 -0.5664
vn 0.8443 0.3379 -0.4160
vn 0.8459 0.4459 0.2925
vn -0.7750 -0.6316 0.0241
vn -0.3109 -0.9444 -0.1071
vn -0.2806 -0.9597 0.0150
vn -0.3170 -0.9334 -0.1682
vn 0.7164 0.4172 -0.5592
vn 0.2600 -0.1223 -0.9578
vn 0.8862 -0.2835 -0.3664
vn 0.6245 -0.5649 0.5393
vn 0.5195 -0.5584 0.6467
vn 0.5159 -0.6339 0.5762
vn -0.4010 -0.7650 0.5040
vn -0.5982 -0.7690 0.2253
vn 0.2276 -0.3499 -0.9087
vn 0.6823 -0.5755 -0.4509
vn 0.5042 -0.4713 -0.7236
vn 0.6821 -0.6876 -0.2488
vn 0.9431 0.3233 0.0782
vn -0.7647 -0.5314 0.3645
vn -0.7611 -0.5601 0.3272
vn 0.1587 0.9083 -0.3870
vn 0.2377 0.9235 -0.3011
vn 0.0390 0.9344 -0.3540
vn -0.0820 0.8769 -0.4737
vn -0.0939 0.9145 -0.3935
vn -0.6220 -0.7655 -0.1647
vn -0.7172 -0.5461 -0.4328
vn 0.7588 -0.2323 0.6084
vn 0.8476 -0.2571 0.4642
vn 0.3901 0.1564 0.9074
vn -0.2069 -0.9736 -0.0966
vn 0.6938 -0.6587 0.2912
vn 0.9330 -0.1939 -0.3031
vn 0.9654 0.0910 -0.2445
vn -0.3093 -0.0010 0.9510
vn -0.2640 -0.0474 0.9634
vn -0.3788 -0.1411 0.9146
vn -0.2496 -0.2303 0.9406
vn -0.2711 -0.1039 0.9569
vn -0.5479 -0.4495 -0.7055
vn -0.0923 -0.9506 0.2964
vn -0.1437 -0.9245 0.3530
vn -0.2774 -0.9601 0.0356
vn -0.1606 -0.4868 0.8587
vn -0.0728 -0.4487 0.8907
vn -0.8775 -0.4769 -0.0500
vn -0.8738 -0.4413 -0.2045
vn -0.7502 -0.6612 -0.0079
vn -0.7815 -0.6122 0.1204
vn -0.0125 -0.9799 0.1990
vn -0.1639 -0.9865 0.0021
vn -0.5155 -0.8028 -0.2996
vn 0.8073 0.5753 0.1313
vn 0.7112 0.7020 -0.0368
vn 0.7419 0.6683 0.0550
vn 0.9101 0.3664 -0.1933
vn 0.8853 0.3921 -0.2498
vn 0.9210 0.3892 -0.0152
vn -0.7457 -0.1065 0.6577
vn -0.6902 -0.2070 0.6934
vn -0.8050 -0.2111 0.5544
vn -0.8774 -0.2886 0.3832
vn 0.9997 0.0209 0.0157
vn 0.7721 0.2182 -0.5969
vn 0.8300 0.1359 -0.5410
vn 0.2448 -0.2564 -0.9350
vn 0.2679 -0.2761 -0.9230
vn 0.3557 -0.3309 -0.8740
vn 0.1165 -0.9681 -0.2217
vn 0.5603 -0.7740 -0.2950
vn 0.4808 -0.8128 -0.3288
vn 0.1274 0.5658 0.8147
vn 0.3028 0.5785 0.7574
vn -0.6039 -0.0250 -0.7967
vn -0.5848 -0.0952 -0.8056
vn 0.7393 0.6230 0.2556
vn 0.5242 0.8490 0.0669
vn 0.5046 0.8608 0.0656
vn -0.1980 0.9667 0.1622
vn -0.0482 0.9986 0.0206
vn -0.0620 0.9679 0.2437
vn -0.1825 0.9739 -0.1353
vn 0.9991 0.0370 -0.0197
vn 0.9952 -0.0721 0.0663
vn 0.0255 0.8165 0.5767
vn 0.0203 0.8206 0.5712
vn 0.1747 0.6037 0.7778
vn 0.2043 -0.0956 -0.9742
vn 0.4034 0.3970 -0.8244
vn 0.4127 0.2804 -0.8666
vn 0.2699 0.2501 -0.9298
vn 0.7825 0.5448 -0.3016
vn 0.1479 -0.9125 -0.3814
vn -0.2355 0.9536 -0.1875
vn -0.1964 0.9674 -0.1600
vn -0.2167 0.9689 -0.1198
vn -0.3246 0.9454 -0.0308
vn -0.1575 0.9875 -0.0111
vn -0.1836 0.9814 -0.0565
vn -0.1913 0.9788 0.0739
vn -0.0958 0.9904 0.0998
vn -0.3347 0.7391 -0.5846
vn -0.2492 0.9678 -0.0340
vn -0.1636 0.9417 -0.2941
vn -0.2001 -0.8035 0.5606
vn -0.2404 -0.6900 0.6828
vn -0.8729 -0.1777 0.4545
vn -0.8242 -0.1919 0.5328
vn -0.8532 -0.2811 0.4394
vn -0.9051 -0.1056 0.4118
vn 0.1424 0.9314 0.3351
vn 0.2258 0.9470 0.2286
vn 0.3116 0.8895 0.3342
vn 0.7071 0.1619 -0.6884
vn 0.5845 -0.0629 -0.8090
vn -0.0070 0.0248 -0.9997
vn -0.6081 0.4455 0.6570
vn -0.2041 0.4091 0.8894
vn -0.8644 0.1450 0.4814
vn 0.4822 0.5700 -0.6652
vn 0.3852 0.6363 -0.6683
vn 0.5533 0.5814 -0.5965
vn -0.4479 -0.7088 0.5450
vn -0.3361 -0.7532 0.5654
vn -0.3909 -0.8125 0.4325
vn -0.5694 -0.8036 0.1734
vn -0.1572 -0.7383 0.6559
vn -0.2634 0.9559 -0.1299
vn -0.1782 0.9836 0.0279
vn -0.2384 0.9257 0.2935
vn -0.7737 -0.2856 0.5655
vn -0.8388 -0.1722 0.5165
vn -0.8133 -0.3303 0.4790
vn -0.9045 -0.2534 0.3429
vn -0.2142 -0.9354 0.2813
vn -0.3554 -0.8533 0.3815
vn -0.2493 -0.9286 0.2749
vn -0.0299 -0.9630 0.2677
vn -0.3481 -0.9269 0.1404
vn 0.3723 0.9147 -0.1571
vn 0.3180 0.9465 0.0545
vn 0.1834 0.2463 0.9517
vn -0.5008 0.7729 -0.3897
vn -0.3980 0.7335 -0.5509
vn -0.2784 0.7585 -0.5893
vn -0.0067 0.8867 -0.4624
vn -0.0013 0.7149 -0.6992
vn 0.0645 0.6864 -0.7244
vn 0.0151 0.9672 0.2535
vn 0.2603 0.8186 0.5120
vn 0.2363 0.8874 0.3958
vn 0.2682 -0.4862 0.8317
vn 0.1434 -0.2398 0.9602
vn 0.0437 -0.0389 -0.9983
vn -0.0431 -0.0212 -0.9988
vn 0.0522 -0.0124 -0.9986
vn -0.0460 0.0109 -0.9989
vn -0.1546 0.9879 0.0087
vn -0.1177 0.9899 0.0790
vn -0.0675 0.9963 0.0530
vn 0.0597 0.9982 -0.0078
vn -0.0244 0.9995 -0.0192
vn -0.0325 0.9952 -0.0922
vn -0.0618 -0.4579 -0.8868
vn -0.3641 -0.3009 -0.8814
vn -0.2175 -0.5774 -0.7870
vn -0.0369 0.0066 -0.9993
vn 0.0574 -0.4079 -0.9112
vn -0.6583 -0.0008 -0.7528
vn -0.7072 -0.0574 -0.7047
vn -0.7999 -0.0468 -0.5983
vn -0.8174 -0.1573 -0.5542
vn -0.1324 -0.6488 0.7493
vn 0.0399 -0.8815 0.4706
vn 0.0726 -0.7962 0.6007
vn 0.2065 -0.8159 0.5400
vn -0.3361 0.9219 -0.1926
vn -0.2937 0.9201 -0.2589
vn -0.8262 0.5629 0.0242
vn -0.6317 0.7736 0.0496
vn -0.8063 0.5688 -0.1625
vn 0.6839 -0.2973 0.6663
vn 0.9687 -0.0773 0.2360
vn 0.9873 0.1116 0.1135
vn 0.5098 -0.2353 0.8275
vn -0.1838 0.9773 -0.1050
vn 0.0338 0.9980 -0.0540
vn 0.9265 0.3370 -0.1674
vn 0.9724 0.2260 0.0571
vn 0.8789 0.4341 -0.1976
vn 0.9574 0.2888 0.0058
vn 0.0652 -0.9850 0.1597
vn 0.0162 -0.9859 0.1665
vn -0.0492 -0.9886 0.1420
vn 0.1115 -0.9929 0.0422
vn -0.5856 -0.4785 0.6543
vn -0.4593 -0.7109 0.5326
vn -0.7278 -0.4480 0.5193
vn -0.3463 -0.4341 0.8316
vn 0.0525 -0.3573 0.9325
vn 0.0136 -0.5931 0.8050
vn 0.3056 -0.1944 -0.9321
vn 0.2937 -0.1751 -0.9397
vn 0.2995 -0.3448 -0.8896
vn -0.0200 -0.8278 -0.5607
vn 0.0018 -0.0713 -0.9975
vn -0.0087 -0.0547 -0.9985
vn 0.0427 -0.4449 -0.8945
vn 0.9085 0.3445 0.2364
vn 0.9034 0.3519 0.2451
vn 0.9077 0.3708 0.1965
vn 0.9321 0.3322 -0.1444
vn 0.9432 0.3145 0.1069
vn 0.9074 0.3967 -0.1391
vn -0.7010 -0.7053 0.1053
vn -0.6542 -0.7284 0.2038
vn -0.7260 -0.6802 -0.1014
vn -0.6331 -0.7622 -0.1351
vn -0.5063 -0.8196 0.2680
vn -0.5815 0.7433 0.3309
vn -0.8101 0.5839 0.0523
vn -0.8914 0.4497 -0.0554
vn -0.9514 0.1883 0.2436
vn -0.9886 0.0737 0.1313
vn -0.2187 0.9382 -0.2682
vn -0.2459 0.9169 -0.3143
vn -0.2743 0.9546 -0.1162
vn -0.2118 0.9770 -0.0250
vn -0.2164 0.9658 -0.1427
vn 0.4301 -0.8050 -0.4086
vn 0.4761 -0.8298 -0.2910
vn 0.4723 -0.8505 -0.2315
vn 0.6885 -0.7009 -0.1861
vn -0.1774 -0.9067 0.3827
vn -0.0664 -0.9219 0.3818
vn -0.0392 -0.8611 0.5069
vn -0.2820 -0.8926 0.3517
vn -0.5923 -0.3062 0.7452
vn -0.4696 -0.3138 0.8252
vn -0.7947 -0.2620 0.5476
vn -0.8787 -0.1800 0.4422
vn -0.8079 -0.1803 0.5611
vn 0.9174 0.3826 -0.1093
vn 0.7752 0.3933 -0.4944
vn -0.1041 -0.0038 0.9946
vn 0.0015 -0.0519 0.9987
vn 0.0685 -0.1582 0.9850
vn -0.0461 -0.1928 0.9802
vn 0.0444 -0.2405 0.9696
vn 0.7635 0.6026 0.2321
vn 0.7402 0.6380 0.2123
vn 0.8417 0.5273 0.1163
vn 0.8618 0.5035 0.0617
vn 0.8526 0.5155 0.0856
vn 0.2300 0.8891 0.3957
vn 0.2463 0.8322 0.4968
vn 0.2357 0.8985 0.3703
vn -0.5711 0.6965 0.4344
vn -0.7344 0.4316 0.5238
vn -0.6315 0.3661 0.6835
vn -0.6027 0.5101 0.6137
vn 0.3165 0.9167 -0.2439
vn 0.3663 0.9224 -0.1229
vn 0.2599 0.9116 -0.3184
vn 0.5291 0.8455 0.0726
vn 0.4830 0.8737 0.0577
vn 0.4156 0.9048 -0.0932
vn 0.9719 0.2037 -0.1183
vn 0.9500 0.2947 -0.1035
vn 0.8936 0.4475 -0.0356
vn 0.8947 0.4406 0.0734
vn -0.8376 -0.0567 -0.5433
vn -0.9639 -0.1991 -0.1770
vn -0.4587 0.3829 -0.8019
vn -0.6267 -0.6138 0.4801
vn -0.5851 0.8105 -0.0248
vn -0.5707 0.8038 -0.1680
vn -0.4609 0.8849 0.0676
vn -0.5508 0.8305 0.0827
vn 0.1813 -0.6958 0.6950
vn 0.2586 -0.8108 0.5252
vn 0.4266 -0.5825 0.6919
vn 0.3694 -0.4532 0.8113
vn 0.5209 -0.4428 0.7298
vn -0.0928 0.1585 -0.9830
vn -0.1561 0.2197 -0.9630
vn -0.2954 0.4298 -0.8532
vn -0.2105 0.3325 -0.9193
vn -0.2574 0.5035 -0.8247
vn -0.4374 -0.8947 -0.0909
vn -0.4205 -0.9012 -0.1051
vn -0.4780 -0.8502 -0.2204
vn -0.3227 -0.9390 0.1193
vn 0.4652 0.8839 -0.0492
vn 0.2856 0.9578 -0.0336
vn 0.3776 0.5524 -0.7431
vn 0.3704 0.6135 -0.6974
vn 0.3570 0.5585 -0.7488
vn 0.6599 0.6626 -0.3542
vn 0.6654 0.6282 -0.4032
vn 0.1170 -0.7987 0.5903
vn 0.1723 -0.7581 0.6290
vn 0.0570 -0.6625 0.7469
vn 0.1519 -0.6195 0.7702
vn 0.2267 -0.6648 0.7118
vn 0.2811 -0.5536 0.7839
vn 0.7538 -0.6494 -0.1004
vn 0.8562 -0.5095 -0.0848
vn 0.9403 -0.3109 0.1386
vn -0.4365 -0.8575 -0.2723
vn -0.2580 -0.9512 -0.1691
vn 0.2365 0.8964 -0.3748
vn 0.4976 0.8518 -0.1639
vn -0.8710 0.4809 -0.1006
vn -0.8583 0.4557 -0.2359
vn 0.7901 -0.5835 -0.1878
vn 0.4906 -0.8330 -0.2559
vn 0.9107 -0.1804 0.3717
vn 0.9318 0.0991 0.3491
vn -0.0658 0.9832 -0.1700
vn 0.0092 0.9785 -0.2059
vn 0.0237 0.9396 -0.3414
vn -0.0154 0.9486 -0.3160
vn 0.2803 -0.4022 0.8716
vn 0.2800 -0.4501 0.8479
vn 0.2925 -0.3119 0.9040
vn 0.2561 -0.1720 0.9512
vn 0.2403 -0.2779 0.9301
vn 0.0740 -0.6733 -0.7356
vn -0.0855 -0.9441 -0.3183
vn 0.1068 -0.7019 -0.7042
vn -0.2912 -0.7543 0.5885
vn -0.1588 -0.8016 0.5763
vn 0.3633 0.8157 0.4501
vn 0.3094 0.7812 0.5422
vn 0.0964 0.9470 0.3063
vn 0.0301 0.8783 0.4771
vn 0.9736 -0.1737 0.1484
vn 0.9307 -0.2049 0.3030
vn 0.9557 -0.2252 0.1893
vn 0.9259 0.0794 0.3694
vn 0.9784 0.0663 0.1960
vn -0.5382 0.8423 0.0304
vn -0.5964 0.7927 0.1261
vn 0.3551 -0.2205 0.9085
vn 0.2627 -0.3309 0.9064
vn 0.2772 -0.2507 0.9275
vn 0.7947 -0.5178 0.3169
vn 0.8724 -0.4774 0.1046
vn 0.8704 -0.4487 0.2028
vn 0.0604 -0.9964 -0.0597
vn 0.0648 -0.9905 -0.1214
vn 0.2866 -0.7453 0.6019
vn 0.2468 -0.8349 0.4919
vn 0.1780 -0.8599 0.4784
vn 0.2935 -0.8089 0.5095
vn -0.0969 0.8658 -0.4909
vn -0.1736 0.8844 -0.4333
vn -0.1573 0.7251 -0.6704
vn -0.6976 -0.6416 0.3189
vn -0.6384 -0.7289 0.2474
vn -0.7915 -0.5643 0.2346
vn -0.2404 0.8469 0.4743
vn -0.3750 0.8026 0.4640
vn -0.3192 0.8642 0.3890
vn -0.3662 0.8626 0.3490
vn 0.0162 0.7997 0.6002
vn -0.0627 0.9266 0.3707
vn 0.0041 0.8722 0.4891
vn -0.1375 0.8979 0.4181
vn 0.5771 -0.4358 0.6907
vn 0.4993 -0.7818 0.3734
vn 0.3025 -0.9170 0.2602
vn 0.6037 -0.7947 0.0636
vn 0.7198 -0.6623 0.2080
vn 0.7680 -0.6399 0.0249
vn 0.3990 0.8608 -0.3160
vn 0.1891 0.9114 -0.3656
vn 0.4495 0.8434 -0.2945
vn 0.6772 0.6583 -0.3286
vn 0.7778 -0.6284 -0.0083
vn 0.7665 0.6234 -0.1543
vn 0.4403 0.2493 0.8625
vn 0.5589 0.0966 0.8236
vn 0.8073 0.2642 0.5276
vn 0.6527 -0.5038 0.5658
vn 0.5719 -0.6282 0.5276
vn 0.5374 -0.5767 0.6153
vn 0.6684 -0.6171 0.4154
vn 0.3328 -0.8844 -0.3272
vn 0.3314 -0.8652 -0.3764
vn 0.1236 -0.9257 -0.3576
vn -0.1071 -0.9343 0.3399
vn -0.2246 -0.9006 0.3722
vn -0.1031 -0.9585 0.2659
vn 0.1103 -0.9876 0.1120
vn 0.3503 -0.8727 -0.3401
vn 0.1679 -0.9782 -0.1223
vn 0.3209 -0.9469 0.0191
vn 0.6085 -0.7205 -0.3326
vn -0.9911 0.1176 0.0628
vn -0.9516 0.2867 0.1109
vn -0.9943 0.0935 0.0513
vn -0.9862 0.0259 0.1634
vn -0.0958 -0.0893 0.9914
vn 0.0040 -0.0799 0.9968
vn -0.0143 -0.2594 0.9657
vn -0.2436 -0.1186 0.9626
vn -0.7965 -0.6005 -0.0706
vn -0.8089 -0.5853 -0.0560
vn -0.4200 -0.9069 0.0322
vn -0.1098 0.7123 0.6933
vn -0.0357 0.6975 0.7157
vn -0.1184 0.7032 0.7011
vn -0.2433 0.8216 0.5155
vn 0.2881 -0.9564 0.0482
vn 0.2909 -0.9567 -0.0036
vn 0.2434 -0.8710 0.4267
vn 0.0960 -0.8934 0.4389
vn -0.5132 -0.8476 0.1349
vn -0.5490 -0.7889 0.2762
vn -0.6933 -0.7193 0.0433
vn -0.4308 -0.7987 0.4202
vn 0.9960 -0.0834 -0.0307
vn 0.9616 0.0782 -0.2630
vn 0.7282 0.4165 -0.5443
vn 0.9227 0.2549 -0.2891
vn 0.6513 0.0802 -0.7545
vn 0.6888 -0.0195 -0.7247
vn 0.7079 -0.0757 -0.7022
vn 0.6873 -0.1223 -0.7160
vn -0.5191 -0.8421 0.1462
vn -0.7893 -0.6134 0.0271
vn -0.7461 -0.6573 0.1065
vn -0.7121 -0.6966 -0.0878
vn 0.7774 0.4758 0.4114
vn 0.8726 0.2513 0.4188
vn 0.8214 0.3396 0.4582
vn 0.8812 0.3849 0.2746
vn 0.3309 0.2958 0.8961
vn 0.3728 0.3610 0.8548
vn 0.7251 0.6407 -0.2525
vn 0.8371 0.5336 -0.1205
vn 0.7368 0.6626 -0.1345
vn 0.6767 -0.1874 -0.7120
vn 0.6276 -0.0508 -0.7769
vn 0.9159 -0.0505 -0.3981
vn -0.7100 -0.6927 0.1271
vn -0.5863 -0.7485 0.3097
vn -0.7430 -0.6123 0.2703
vn -0.8410 -0.5162 0.1622
vn -0.8793 -0.4763 -0.0093
vn -0.8590 -0.5110 -0.0299
vn -0.0171 0.1357 0.9906
vn 0.1105 0.2612 0.9589
vn 0.1601 0.1840 0.9698
vn 0.0337 0.0666 0.9972
vn -0.5688 -0.8225 0.0010
vn -0.5926 -0.8045 0.0411
vn -0.5924 -0.7966 -0.1205
vn -0.5384 -0.8001 -0.2645
vn -0.7246 0.6867 0.0588
vn -0.6789 0.7135 0.1734
vn -0.6609 0.7174 0.2204
vn -0.4888 0.7928 0.3642
vn -0.7423 -0.2216 0.6324
vn 0.9158 -0.2393 0.3227
vn 0.4060 0.0792 0.9104
vn 0.3649 0.2316 0.9018
vn 0.6031 0.0003 0.7977
vn 0.1492 0.7548 0.6387
vn 0.2893 0.3658 0.8846
vn -0.6296 -0.4832 -0.6084
vn -0.5906 -0.5732 -0.5679
vn -0.5116 -0.5506 -0.6597
vn 0.8268 0.5321 -0.1826
vn 0.8309 0.5232 -0.1896
vn 0.8371 0.4879 -0.2476
vn 0.8814 0.4673 0.0693
vn 0.8816 0.2823 0.3783
vn -0.2731 -0.9618 0.0177
vn 0.0357 -0.8630 -0.5039
vn -0.1205 -0.9797 -0.1601
vn -0.7864 0.4646 -0.4070
vn 0.0073 -0.2956 0.9553
vn 0.1887 -0.6169 0.7641
vn 0.0926 -0.7578 0.6458
vn 0.0985 -0.9950 -0.0165
vn -0.0943 -0.9755 0.1986
vn 0.0043 -0.9950 0.0999
vn 0.7001 0.2253 0.6775
vn 0.7303 0.3901 0.5607
vn 0.6939 -0.2237 -0.6844
vn 0.9558 -0.1250 -0.2659
vn 0.7740 0.1861 -0.6053
vn 0.5141 0.1754 -0.8396
vn -0.0985 0.9942 0.0427
vn -0.2214 0.9425 -0.2502
vn -0.4621 -0.8868 -0.0041
vn 0.0816 -0.9652 -0.2485
vn -0.5730 -0.6785 -0.4597
vn -0.4335 0.8914 0.1325
vn -0.4242 0.8923 0.1547
vn -0.4230 0.8905 0.1675
vn -0.4969 0.8674 0.0251
vn -0.4788 0.8712 -0.1086
vn -0.6046 0.7965 -0.0070
vn 0.6490 -0.7512 -0.1202
vn 0.4802 -0.7746 -0.4117
vn 0.9978 0.0656 0.0030
vn 0.9947 0.1019 -0.0164
vn 0.9634 -0.1812 -0.1974
vn 0.9573 0.1000 -0.2713
vn 0.5038 0.8224 -0.2643
vn 0.4517 0.8367 -0.3096
vn -0.1454 0.4298 0.8911
vn -0.0858 0.6552 0.7506
vn -0.0301 0.4160 0.9089
vn -0.1550 0.6315 0.7597
vn 0.7432 -0.6649 0.0751
vn 0.6141 -0.7841 0.0895
vn 0.9885 -0.1507 0.0094
vn 0.9991 0.0417 0.0059
vn 0.9572 -0.2410 -0.1602
vn 0.7281 0.6501 0.2173
vn 0.7754 0.6315 -0.0081
vn 0.5229 0.5799 0.6248
vn 0.4868 0.7402 0.4637
vn 0.6741 0.5751 0.4635
vn -0.7146 -0.6914 0.1064
vn -0.4563 -0.8391 0.2961
vn -0.1370 0.4233 0.8956
vn -0.2542 0.3308 0.9088
vn -0.2005 0.6733 0.7117
vn -0.0398 0.6810 0.7312
vn -0.0256 -0.6921 0.7214
vn 0.1479 -0.4967 0.8552
vn 0.1555 -0.5201 0.8398
vn -0.2599 0.9656 0.0017
vn -0.0667 0.9389 -0.3378
vn -0.1524 0.9581 -0.2425
vn -0.3636 0.9147 0.1767
vn -0.4457 0.8890 0.1048
vn 0.6915 0.7129 -0.1165
vn 0.5596 0.8283 -0.0257
vn 0.6500 0.7312 -0.2069
vn -0.0987 0.8783 0.4678
vn -0.0130 0.8870 0.4615
vn 0.1669 0.8925 0.4190
vn 0.1926 0.8396 0.5080
vn -0.3919 -0.9023 0.1795
vn -0.2127 -0.9207 0.3273
vn -0.0080 -0.8365 0.5480
vn -0.2421 -0.8700 0.4294
vn -0.4752 -0.7460 0.4666
vn -0.5205 -0.7513 0.4057
vn -0.5934 -0.7405 0.3154
vn -0.4995 -0.8124 0.3007
vn -0.5711 -0.7667 0.2933
vn 0.8414 0.1840 0.5080
vn 0.8867 0.1581 0.4345
vn 0.6682 0.3477 0.6578
vn 0.8159 0.5344 0.2208
vn -0.6976 -0.7137 -0.0634
vn -0.7037 -0.7062 0.0784
vn -0.4546 -0.7703 0.4472
vn -0.7649 -0.6180 -0.1817
vn 0.4933 0.8028 -0.3350
vn 0.5570 0.7978 -0.2308
vn 0.4647 0.8496 -0.2494
vn 0.3010 0.7324 -0.6108
vn 0.2473 0.6718 -0.6982
vn 0.5214 -0.8186 0.2408
vn 0.2075 -0.3537 0.9120
vn 0.1569 -0.3938 0.9057
vn -0.0284 -0.4796 0.8770
vn 0.1719 -0.1707 0.9702
vn -0.0228 -0.1847 0.9825
vn 0.0459 -0.0297 0.9985
vn 0.5325 0.1581 -0.8316
vn 0.2607 -0.0687 -0.9630
vn 0.1104 0.1699 -0.9793
vn -0.2951 0.9252 -0.2384
vn -0.3196 0.9463 0.0482
vn -0.2889 0.9388 -0.1873
vn -0.3596 0.8982 -0.2528
vn 0.0322 0.7465 0.6646
vn 0.8107 0.2877 0.5099
vn 0.6605 0.7505 -0.0247
vn 0.0838 0.9167 0.3908
vn 0.1951 0.9780 0.0737
vn 0.1208 0.2947 0.9479
vn -0.0214 0.4204 0.9071
vn 0.7206 0.6719 0.1709
vn 0.6992 0.6814 0.2163
vn 0.7117 0.6222 0.3260
vn 0.6410 0.6595 0.3927
vn 0.7151 0.6416 0.2774
vn 0.6675 0.6090 0.4285
vn 0.0602 -0.7783 -0.6250
vn -0.0377 -0.8411 -0.5396
vn 0.0909 -0.7776 -0.6222
vn 0.1603 -0.6008 -0.7832
vn -0.6005 -0.6647 0.4444
vn -0.6197 -0.6237 0.4765
vn -0.5562 -0.7017 0.4453
vn -0.5317 -0.1921 -0.8248
vn -0.5532 -0.2451 -0.7962
vn -0.5843 -0.4665 -0.6641
vn -0.4348 -0.8089 0.3957
vn -0.2012 -0.7050 0.6801
vn -0.1606 -0.7192 0.6759
vn 0.6676 -0.0800 0.7402
vn 0.7318 0.2035 0.6504
vn 0.7361 0.0752 0.6727
vn 0.6945 -0.0773 0.7153
vn 0.6518 -0.2926 -0.6997
vn 0.5910 -0.2277 -0.7738
vn 0.6239 -0.1066 -0.7742
vn 0.5204 -0.0565 -0.8521
vn 0.6998 -0.4673 0.5402
vn 0.7756 -0.5370 0.3316
vn 0.7348 -0.5311 0.4220
vn 0.5875 -0.0172 -0.8091
vn 0.4453 0.1635 -0.8803
vn 0.9514 0.2828 -0.1215
vn 0.8634 0.4846 0.1406
vn 0.8233 0.5323 0.1970
vn 0.8437 0.4289 -0.3228
vn -0.7332 -0.6403 -0.2291
vn -0.6705 -0.6967 -0.2549
vn -0.5980 -0.7813 -0.1787
vn -0.5732 -0.8098 -0.1249
vn -0.4938 -0.8666 -0.0722
vn 0.9866 0.1628 0.0105
vn 0.9669 0.2322 0.1062
vn 0.9555 0.2936 0.0292
vn 0.8841 -0.1284 -0.4494
vn -0.2857 -0.8649 0.4127
vn -0.5801 -0.6558 0.4832
vn -0.4220 -0.7692 0.4799
vn -0.3837 -0.7430 0.5484
vn -0.1303 0.9519 0.2773
vn 0.3942 -0.1850 -0.9002
vn 0.5706 -0.0167 -0.8211
vn 0.4491 -0.3568 -0.8192
vn 0.2007 -0.4713 0.8588
vn -0.0003 -0.3504 0.9366
vn 0.3349 -0.3792 0.8626
vn -0.1934 0.9683 -0.1582
vn -0.1218 0.9005 -0.4175
vn -0.0807 0.9747 -0.2086
vn -0.5657 -0.4497 0.6913
vn -0.5472 -0.6323 0.5485
vn -0.2193 -0.8764 0.4287
vn -0.1153 -0.7979 0.5917
vn -0.2513 -0.9077 0.3361
vn -0.0577 0.9886 -0.1388
vn -0.0872 0.9141 -0.3960
vn -0.1085 -0.0708 -0.9916
vn -0.0545 -0.0823 -0.9951
vn -0.1382 -0.1030 -0.9850
vn -0.1180 -0.0272 -0.9926
vn -0.6459 0.7286 0.2278
vn -0.6872 0.7042 0.1785
vn -0.4789 0.8169 0.3215
vn 0.9193 0.3442 0.1910
vn 0.9568 0.2666 0.1160
vn 0.1116 -0.8226 0.5576
vn -0.0302 -0.7360 0.6763
vn -0.1051 -0.6680 0.7367
vn 0.2518 -0.6690 0.6993
vn 0.2460 -0.8746 0.4178
vn 0.0376 -0.6487 0.7601
vn -0.1558 -0.9822 -0.1050
vn -0.2380 -0.9667 -0.0939
vn -0.2583 -0.9584 -0.1216
vn -0.2992 -0.9161 -0.2668
vn -0.4020 -0.9000 -0.1685
vn 0.0050 -0.2192 0.9757
vn 0.5539 0.7915 0.2584
vn 0.5951 0.7650 0.2463
vn 0.8744 -0.2481 -0.4170
vn -0.6333 0.7537 0.1755
vn -0.5324 0.8169 0.2219
vn 0.3989 -0.8895 -0.2228
vn 0.2492 -0.9017 -0.3533
vn 0.2679 -0.9526 -0.1443
vn 0.0693 -0.9868 -0.1463
vn -0.4749 -0.8589 -0.1916
vn -0.2759 -0.9594 -0.0589
vn -0.5665 -0.7259 -0.3901
vn 0.9512 -0.2952 -0.0896
vn 0.9904 -0.1304 -0.0463
vn 0.9803 0.0081 -0.1972
vn 0.8313 -0.4916 -0.2593
vn 0.8350 -0.4784 -0.2717
vn 0.5557 -0.8156 -0.1611
vn 0.5754 -0.7693 -0.2777
vn 0.7639 -0.6055 -0.2231
vn -0.4409 0.8093 0.3881
vn -0.4375 0.8350 0.3338
vn -0.5498 0.7213 0.4213
vn -0.5810 -0.0254 0.8135
vn -0.0545 0.4215 -0.9052
vn -0.0078 0.9986 -0.0514
vn -0.0073 -0.0204 -0.9998
vn 0.5757 0.6985 -0.4251
vn 0.8952 0.3222 -0.3080
vn 0.8680 0.4191 -0.2662
vn 0.9334 0.1972 -0.2999
vn 0.8735 0.4164 -0.2522
vn 0.9084 0.2983 -0.2929
vn -0.9204 0.1375 -0.3659
vn -0.9847 0.0679 -0.1607
vn -0.9991 -0.0388 -0.0175
vn -0.9867 -0.0195 -0.1616
vn 0.2568 0.1065 -0.9606
vn 0.7130 0.2437 -0.6574
vn 0.5778 0.2553 -0.7752
vn -0.9749 0.2126 0.0655
vn -0.9385 0.3447 0.0216
vn -0.8823 0.4706 -0.0066
vn 0.3848 0.9227 0.0238
vn 0.0076 0.0509 -0.9987
vn 0.1842 0.7929 -0.5808
vn -0.0720 0.0955 -0.9928
vn -0.4400 0.5867 -0.6798
vn -0.0917 0.1852 -0.9784
vn -0.2702 0.7849 -0.5576
vn 0.6666 0.3936 -0.6330
vn -0.9804 -0.0539 0.1894
vn -0.9972 -0.0313 0.0684
vn -0.9946 0.0307 -0.0987
vn -0.9178 -0.1927 0.3470
vn 0.7714 0.5262 -0.3578
vn 0.6350 0.6339 -0.4415
vn 0.9074 0.3587 -0.2191
vn 0.2520 0.9241 -0.2873
vn 0.1791 0.9106 -0.3724
vn 0.5343 0.7186 -0.4452
vn 0.5981 0.7617 -0.2493
vn 0.5276 0.6860 -0.5009
vn 0.7877 -0.1933 0.5850
vn 0.9623 0.2447 0.1190
vn 0.7497 0.5610 -0.3510
vn 0.7322 0.6161 -0.2904
vn 0.7640 0.5190 -0.3833
vn 0.9304 0.2635 -0.2547
vn -0.0108 -0.8518 -0.5237
vn -0.2542 -0.8137 -0.5228
vn -0.0200 -0.7679 -0.6403
vn -0.2241 -0.9576 -0.1808
vn -0.3114 -0.9388 -0.1475
vn -0.6740 -0.3194 0.6661
vn -0.7623 -0.1868 0.6197
vn -0.3583 0.3029 0.8831
vn 0.1380 0.0370 -0.9897
vn 0.0371 0.0691 -0.9969
vn -0.0452 0.2442 -0.9687
vn 0.8883 0.3427 -0.3058
vn 0.8814 0.3732 -0.2894
vn 0.2352 -0.6400 -0.7315
vn 0.1965 -0.7213 -0.6641
vn 0.2060 -0.2681 -0.9411
vn -0.0750 -0.0260 -0.9968
vn -0.2156 -0.9217 -0.3225
vn -0.1729 -0.7755 -0.6072
vn -0.2377 -0.8513 -0.4677
vn 0.0916 -0.7008 -0.7074
vn 0.2733 -0.6273 0.7293
vn 0.2248 -0.5632 0.7952
vn 0.4632 0.8377 0.2895
vn 0.6739 0.7343 0.0812
vn -0.0962 0.4198 0.9025
vn 0.3331 0.5909 0.7348
vn -0.9702 0.2207 -0.1002
vn -0.7910 -0.2211 0.5704
vn -0.4867 0.8727 -0.0384
vn -0.4234 0.7921 0.4397
vn 0.2702 -0.1156 -0.9558
vn 0.2270 0.4428 -0.8674
vn 0.0541 -0.1717 -0.9837
vn -0.2062 0.1106 0.9722
vn -0.2520 0.0902 0.9635
vn -0.3234 0.1798 0.9290
vn -0.8211 -0.5685 0.0515
vn -0.8398 -0.4203 0.3437
vn -0.7928 -0.5726 0.2088
vn -0.9373 -0.2906 0.1924
vn -0.9082 -0.4060 0.1015
vn -0.0733 0.9958 0.0543
vn -0.1828 0.9775 0.1054
vn -0.2406 0.9153 0.3230
vn 0.5801 -0.2951 -0.7592
vn 0.6246 -0.1713 -0.7619
vn 0.5065 -0.2919 -0.8113
vn 0.3529 -0.3008 -0.8860
vn -0.0199 -0.8739 -0.4857
vn -0.1597 -0.9845 -0.0717
vn 0.9954 0.0541 0.0785
vn 0.8927 -0.1759 0.4148
vn 0.9557 -0.1861 0.2282
vn 0.9226 -0.0274 0.3848
vn 0.4347 0.2010 0.8779
vn 0.3794 0.2518 0.8903
vn -0.3927 0.9195 0.0183
vn -0.2799 0.9436 -0.1766
vn 0.7123 0.1635 0.6826
vn 0.4617 -0.0641 0.8847
vn 0.7343 -0.6690 0.1153
vn 0.6736 -0.7216 0.1600
vn 0.4937 -0.8362 0.2387
vn 0.5644 -0.7809 0.2678
vn -0.2995 0.9414 0.1554
vn -0.4735 0.8672 0.1544
vn -0.4492 0.8727 0.1914
vn -0.4627 0.8864 -0.0133
vn -0.2522 -0.1810 0.9506
vn -0.9310 -0.3383 0.1371
vn 0.2461 0.9053 -0.3463
vn 0.5118 0.7865 -0.3455
vn -0.8086 -0.5852 -0.0612
vn -0.9512 -0.3035 0.0550
vn 0.4614 0.1030 -0.8812
vn 0.4484 0.0230 -0.8935
vn 0.7148 0.0943 -0.6930
vn -0.2832 -0.4488 0.8476
vn -0.8447 -0.4696 0.2568
vn -0.4315 -0.4737 0.7678
vn -0.7915 -0.5698 0.2210
vn -0.6397 -0.6783 0.3615
vn 0.2175 -0.4915 -0.8433
vn 0.3670 -0.4279 -0.8259
vn 0.4424 -0.4387 -0.7822
vn 0.2911 -0.3534 -0.8890
vn 0.3017 -0.1488 -0.9417
vn -0.5041 0.8161 0.2824
vn -0.4844 -0.3736 0.7910
vn -0.6329 -0.3503 0.6904
vn -0.2562 -0.4414 0.8600
vn -0.2693 -0.4061 0.8733
vn 0.5751 -0.8178 -0.0230
vn 0.2165 -0.9109 -0.3512
vn 0.3417 -0.9398 0.0069
vn 0.5330 -0.8213 0.2037
vn 0.3438 0.8627 -0.3709
vn 0.3966 0.8307 -0.3908
vn 0.3965 0.8407 -0.3688
vn -0.1402 0.1923 -0.9713
vn -0.3533 0.5139 -0.7817
vn 0.0627 -0.0692 -0.9956
vn -0.0985 0.0323 -0.9946
vn 0.0596 0.9514 0.3023
vn -0.0422 0.9987 0.0296
vn 0.0658 0.9956 0.0666
vn -0.0409 0.9887 0.1446
vn 0.0419 0.7367 0.6750
vn 0.0449 0.7062 0.7066
vn 0.1094 0.5509 0.8273
vn 0.1032 0.5413 0.8345
vn -0.1838 -0.9582 0.2194
vn -0.0343 -0.9812 0.1898
vn -0.0056 -0.9601 0.2795
vn -0.2529 0.1847 -0.9497
vn -0.3150 0.2386 -0.9186
vn -0.3072 0.2264 -0.9243
vn -0.0073 0.0435 -0.9990
vn 0.7670 -0.6350 0.0925
vn 0.8031 0.0655 0.5922
vn 0.5517 -0.1844 0.8134
vn 0.5774 0.3340 0.7450
vn 0.5612 0.0776 0.8241
vn 0.1031 0.7861 0.6095
vn 0.1046 0.7994 0.5916
vn -0.6231 0.7530 -0.2114
vn -0.5765 0.8164 -0.0337
vn -0.5397 0.7779 -0.3218
vn -0.1727 0.5885 0.7899
vn -0.5524 0.7786 0.2975
vn -0.0270 0.9188 0.3939
vn -0.1313 0.8925 0.4316
vn -0.0176 0.9119 0.4101
vn -0.5324 -0.3138 -0.7862
vn -0.5474 -0.5144 -0.6601
vn -0.6305 -0.7366 -0.2448
vn 0.5114 -0.3414 -0.7886
vn -0.2097 0.3130 0.9263
vn -0.1333 0.4532 0.8814
vn -0.2557 0.4169 0.8723
vn 0.4531 0.4474 0.7710
vn 0.2100 0.4433 0.8715
vn -0.5450 0.8257 0.1455
vn -0.4488 0.8392 0.3072
vn -0.8177 0.2309 -0.5273
vn -0.8521 0.1711 -0.4946
vn -0.7581 0.1621 -0.6317
vn 0.7883 0.4826 -0.3817
vn 0.6678 0.5469 -0.5049
vn 0.6940 0.5085 -0.5096
vn 0.4503 0.5693 -0.6879
vn 0.5628 0.5564 -0.6113
vn 0.5678 0.5720 -0.5920
vn -0.1936 -0.7692 0.6090
vn -0.2544 -0.7506 0.6098
vn -0.1978 -0.6249 0.7552
vn -0.2272 -0.0572 0.9722
vn -0.8342 0.5386 0.1183
vn -0.7729 0.5917 0.2292
vn -0.7847 0.5991 0.1590
vn -0.4908 0.8500 0.1915
vn 0.9675 0.2219 -0.1211
vn -0.5555 0.1336 0.8207
vn -0.5672 -0.0820 0.8195
vn -0.5234 -0.0119 0.8520
vn -0.5995 -0.0360 0.7996
vn 0.6741 -0.0709 -0.7352
vn 0.9615 0.1083 -0.2527
vn -0.7366 -0.4766 0.4799
vn -0.8863 -0.3663 0.2835
vn -0.1586 0.9277 0.3379
vn -0.2220 0.9571 0.1861
vn -0.1611 0.9625 0.2181
vn -0.1266 0.9455 0.3001
vn -0.1973 0.9751 0.1015
vn -0.5752 -0.8018 0.1621
vn 0.8935 -0.4372 -0.1025
vn 0.9192 -0.3085 -0.2448
vn 0.9476 -0.2892 0.1358
vn -0.0764 0.9548 0.2871
vn 0.0821 0.9839 0.1590
vn -0.6044 0.7134 -0.3546
vn -0.6518 0.7419 -0.1573
vn -0.8279 0.4257 -0.3652
vn 0.3744 -0.9273 0.0017
vn 0.2212 -0.9747 -0.0318
vn 0.2577 -0.9541 0.1527
vn 0.8393 -0.0530 0.5410
vn 0.8371 0.2220 0.5001
vn 0.6592 0.4550 0.5987
vn -0.5320 0.8037 0.2666
vn -0.4342 0.8211 0.3704
vn -0.5646 0.7752 0.2833
vn 0.2590 0.1367 -0.9562
vn 0.8045 0.2167 -0.5530
vn -0.8076 -0.5825 0.0921
vn -0.8628 -0.4380 0.2523
vn -0.8815 -0.2674 0.3892
vn 0.6356 0.7470 0.1951
vn 0.6833 0.6296 0.3698
vn 0.6674 0.6755 0.3133
vn 0.6000 0.7901 0.1256
vn 0.1709 0.9595 0.2240
vn 0.1944 0.9750 0.1074
vn 0.3751 0.9225 0.0912
vn -0.1699 -0.9783 0.1189
vn -0.0562 -0.9984 0.0094
vn 0.9569 -0.0461 -0.2867
vn 0.9665 -0.0389 0.2538
vn 0.2768 -0.6542 -0.7038
vn 0.1341 -0.6756 -0.7249
vn 0.2156 -0.7804 -0.5869
vn 0.1538 -0.8454 -0.5115
vn -0.2609 0.9618 -0.0826
vn -0.2415 0.9702 0.0215
vn -0.1236 0.9749 -0.1852
vn 0.0744 -0.9874 -0.1398
vn 0.5877 -0.7436 -0.3189
vn 0.3592 -0.9055 -0.2261
vn 0.7860 -0.5399 -0.3012
vn 0.9941 0.0792 -0.0746
vn 0.9670 0.2515 -0.0406
vn 0.9947 -0.0935 0.0423
vn 0.5613 0.6636 0.4945
vn 0.0043 -0.9355 -0.3534
vn 0.1906 -0.7840 -0.5908
vn -0.7848 0.3218 -0.5297
vn -0.7535 0.3199 -0.5743
vn -0.0750 0.8676 0.4915
vn 0.1799 0.7845 0.5935
vn 0.1749 0.6976 0.6948
vn -0.2371 0.9441 -0.2292
vn -0.2543 0.9349 -0.2474
vn -0.2482 0.9481 -0.1988
vn -0.1182 0.9676 -0.2231
vn -0.5019 -0.7892 0.3539
vn -0.2962 -0.9147 0.2748
vn -0.4779 -0.8771 0.0487
vn -0.0011 -0.9748 0.2232
vn 0.2234 -0.9152 0.3355
vn 0.1931 -0.9206 0.3394
vn -0.3278 -0.5452 0.7716
vn -0.6144 -0.2048 0.7619
vn -0.2156 0.5579 0.8014
vn -0.3048 0.4506 0.8391
vn -0.1380 -0.9223 -0.3609
vn 0.0425 -0.8936 -0.4469
vn -0.2770 -0.9270 -0.2527
vn -0.3477 -0.9055 -0.2432
vn -0.3576 -0.9276 -0.1080
vn -0.4987 -0.7628 -0.4116
vn -0.5084 -0.7542 -0.4156
vn -0.6121 -0.7671 -0.1921
vn -0.2380 -0.9112 -0.3363
vn -0.2059 -0.9558 -0.2098
vn -0.9914 -0.1023 0.0822
vn -0.9913 -0.0216 0.1296
vn -0.8371 -0.5010 0.2195
vn -0.9473 -0.3168 -0.0483
vn 0.1228 0.9310 0.3438
vn -0.1939 -0.8413 0.5045
vn -0.2854 -0.7263 0.6254
vn -0.2349 -0.6714 0.7029
vn 0.2368 0.9561 -0.1727
vn 0.2041 0.8889 -0.4100
vn 0.2820 0.9349 -0.2153
vn -0.0605 -0.9196 0.3882
vn 0.5839 0.0792 -0.8079
vn 0.2244 0.0152 -0.9744
vn 0.3607 0.2609 -0.8954
vn 0.2872 0.9206 -0.2645
vn 0.2037 0.9491 -0.2403
vn 0.2504 0.9178 -0.3081
vn -0.1267 0.9544 -0.2705
vn -0.0326 0.9609 -0.2751
vn -0.0988 -0.9749 -0.1996
vn 0.9343 0.2287 0.2735
vn 0.8707 0.2632 0.4155
vn 0.5501 0.3524 0.7571
vn 0.6033 0.6033 0.5216
vn -0.1841 0.5783 0.7948
vn -0.2316 0.8853 0.4033
vn -0.2265 0.8275 0.5137
vn -0.6434 -0.7029 -0.3033
vn -0.7606 -0.5613 -0.3262
vn 0.4783 0.8770 0.0460
vn -0.0208 -0.0624 -0.9978
vn -0.0006 -0.9801 -0.1986
vn 0.9854 0.0429 0.1645
vn 0.9888 0.1492 -0.0000
vn 0.9387 -0.0515 -0.3409
vn -0.1722 -0.9220 0.3467
vn 0.1450 -0.9647 0.2197
vn 0.9656 0.1146 0.2333
vn 0.9809 0.1666 -0.1005
vn 0.9782 0.2073 -0.0063
vn -0.0651 -0.9836 -0.1682
vn -0.1353 -0.9577 -0.2541
vn -0.1528 -0.9809 0.1205
vn -0.1515 -0.9731 0.1738
vn 0.9465 -0.3123 0.0814
vn 0.8626 -0.4722 0.1813
vn 0.7523 0.3773 -0.5402
vn 0.8569 0.3454 -0.3825
vn 0.6516 0.4624 -0.6014
vn -0.2608 0.9513 -0.1646
vn -0.5808 0.7908 -0.1931
vn -0.4074 0.9032 -0.1352
vn -0.5642 0.7302 -0.3853
vn -0.1923 0.2371 0.9523
vn -0.1997 0.5176 0.8320
vn -0.2529 0.3636 0.8966
vn -0.0767 0.4055 0.9109
vn -0.1932 -0.9330 -0.3038
vn -0.3210 -0.8860 -0.3346
vn -0.0580 -0.9982 -0.0148
vn 0.5278 -0.7232 -0.4454
vn 0.5756 -0.8106 0.1076
vn -0.6312 -0.4476 -0.6335
vn -0.6685 -0.3308 -0.6660
vn -0.5037 -0.5084 -0.6984
vn -0.4006 -0.4927 -0.7725
vn -0.3485 0.8102 0.4714
vn 0.8093 0.5092 -0.2928
vn 0.7505 0.5780 -0.3204
vn 0.8783 0.3743 -0.2973
vn -0.7215 0.4937 -0.4855
vn -0.7558 0.6065 -0.2468
vn -0.7723 0.6047 -0.1948
vn 0.3158 0.9315 0.1805
vn 0.3211 0.9186 0.2303
vn 0.5027 0.8643 -0.0145
vn 0.5016 0.8636 0.0518
vn -0.4398 0.2556 -0.8610
vn -0.6751 0.1893 -0.7131
vn -0.2636 0.2429 -0.9336
vn -0.6185 0.1978 -0.7605
vn -0.8321 0.1361 -0.5377
vn -0.1737 -0.9744 -0.1425
vn -0.3836 -0.8482 -0.3653
vn -0.5364 -0.7943 -0.2851
vn -0.3771 -0.8149 -0.4402
vn -0.3282 -0.7657 -0.5532
vn 0.1786 -0.8590 0.4799
vn -0.1368 -0.9221 0.3620
vn 0.6276 -0.2369 -0.7416
vn 0.7851 0.6108 0.1025
vn 0.7376 0.3413 0.5825
vn -0.2173 0.7994 0.5602
vn 0.1915 0.6819 0.7059
vn 0.1395 0.6523 0.7450
vn 0.0869 0.6842 0.7241
vn 0.4511 -0.7755 0.4417
vn 0.4144 -0.7806 0.4680
vn 0.6702 -0.7420 -0.0144
vn 0.6329 -0.7239 -0.2745
vn -0.7435 0.6518 -0.1493
vn -0.7257 0.6564 -0.2062
vn -0.7633 0.6460 -0.0101
vn 0.6819 -0.5465 -0.4861
vn 0.6438 -0.5869 -0.4911
vn 0.6029 -0.6899 -0.4007
vn -0.4510 -0.2475 -0.8575
vn -0.4309 -0.2552 -0.8655
vn -0.2021 -0.1452 -0.9686
vn 0.7681 -0.5833 0.2642
vn 0.4643 0.8103 0.3576
vn 0.4122 0.8444 0.3422
vn -0.1076 -0.3723 -0.9218
vn -0.3590 -0.3700 -0.8569
vn 0.5838 -0.6331 -0.5083
vn 0.5836 -0.5408 -0.6057
vn 0.4275 -0.6319 -0.6465
vn -0.8011 -0.5984 0.0146
vn 0.2541 -0.7497 0.6110
vn 0.0760 -0.5385 0.8392
vn -0.6597 0.7330 0.1657
vn -0.2524 0.9500 0.1840
vn -0.6070 0.7851 -0.1235
vn -0.5779 0.8160 -0.0104
vn -0.5610 0.8245 -0.0747
vn -0.6184 0.6577 -0.4301
vn -0.2869 -0.9533 -0.0948
vn -0.1729 -0.9704 -0.1684
vn -0.0638 -0.9939 0.0898
vn -0.4326 -0.8225 -0.3693
vn 0.6718 0.6121 0.4172
vn 0.8152 0.0368 0.5780
vn 0.7735 0.3742 0.5115
vn 0.3005 0.5580 -0.7735
vn 0.4959 0.5525 -0.6699
vn 0.8157 0.3805 -0.4357
vn -0.0110 -0.4404 0.8978
vn 0.0104 -0.5433 0.8395
vn 0.6648 -0.6856 -0.2967
vn -0.7703 -0.5021 -0.3931
vn -0.5150 -0.8320 -0.2060
vn -0.6582 -0.6337 -0.4065
vn 0.2139 -0.6077 -0.7648
vn 0.9200 -0.2797 0.2745
vn 0.7081 -0.4671 0.5295
vn 0.9439 -0.3302 -0.0005
vn -0.5039 -0.7744 -0.3826
vn -0.2730 -0.8746 -0.4006
vn -0.2504 -0.8415 -0.4786
vn -0.0341 -0.7104 0.7030
vn -0.5786 -0.7640 0.2853
vn -0.7309 -0.6752 -0.0990
vn -0.7659 -0.6424 -0.0289
vn -0.7678 -0.5896 -0.2507
vn 0.0322 0.8322 -0.5536
vn -0.1069 0.6743 -0.7307
vn 0.3699 0.9279 -0.0472
vn 0.0551 0.9837 -0.1713
vn 0.0321 0.9769 -0.2114
vn -0.1652 0.9776 -0.1307
vn -0.4580 -0.8564 -0.2383
vn -0.3271 -0.8918 -0.3125
vn 0.1046 0.8926 -0.4385
vn 0.0241 0.8828 -0.4692
vn 0.0821 0.8253 -0.5588
vn 0.0310 0.9995 -0.0084
vn 0.0853 0.9960 0.0268
vn 0.1534 0.9871 0.0467
vn -0.0909 0.8063 0.5844
vn 0.0235 0.8831 0.4686
vn 0.0524 0.8184 0.5722
vn -0.5945 0.6995 0.3966
vn -0.8526 0.4759 0.2160
vn -0.8328 0.4259 0.3537
vn -0.7984 0.5619 0.2164
vn -0.9604 -0.1283 -0.2473
vn -0.8973 -0.0171 -0.4411
vn -0.9900 0.0376 -0.1356
vn -0.9511 0.2170 -0.2198
vn -0.8134 0.1983 -0.5469
vn 0.1687 -0.8833 0.4374
vn 0.0774 -0.9658 0.2474
vn 0.8941 -0.0388 0.4462
vn 0.3286 0.9345 -0.1370
vn 0.4307 0.9024 -0.0136
vn 0.5040 0.8558 0.1164
vn 0.3639 0.9270 -0.0902
vn 0.4853 0.8577 0.1696
vn -0.9211 -0.3689 -0.1243
vn 0.8494 0.3679 0.3783
vn 0.8353 0.3674 -0.4090
vn -0.5706 0.7224 0.3905
vn -0.5110 0.8150 0.2733
vn -0.6369 0.6776 0.3677
vn -0.1015 0.9948 0.0124
vn 0.3980 0.9103 0.1139
vn 0.1294 0.9915 0.0099
vn 0.9659 -0.0815 0.2459
vn -0.2345 -0.6592 -0.7145
vn -0.0057 -0.8336 -0.5524
vn -0.1594 -0.8258 -0.5410
vn -0.2565 -0.8614 -0.4384
vn 0.4574 0.8546 0.2459
vn 0.7740 0.6325 -0.0301
vn 0.8023 0.5940 0.0584
vn 0.0218 0.0416 -0.9989
vn 0.2146 0.2230 -0.9509
vn 0.0310 0.0498 -0.9983
vn -0.0110 -0.0143 -0.9998
vn 0.3662 0.8873 0.2803
vn 0.2745 -0.7563 0.5938
vn 0.2711 -0.7285 0.6291
vn 0.0942 -0.7273 0.6799
vn 0.3780 -0.7125 0.5911
vn -0.7950 0.4796 0.3715
vn -0.7851 0.3619 0.5026
vn -0.0069 -0.7350 0.6780
vn -0.7222 0.6846 -0.0992
vn -0.3746 0.8280 -0.4171
vn -0.2397 0.8931 -0.3806
vn -0.1227 -0.1418 -0.9823
vn 0.0769 -0.0065 -0.9970
vn 0.7322 0.6362 0.2430
vn 0.5287 0.8117 0.2484
vn 0.5656 0.6779 0.4696
vn 0.6587 0.7506 -0.0511
vn -0.2930 0.9367 -0.1919
vn -0.2176 0.9735 0.0700
vn -0.7288 0.6436 -0.2338
vn -0.2786 0.1414 -0.9499
vn -0.2462 0.9590 0.1402
vn -0.1963 0.9560 0.2179
vn -0.4272 -0.7274 -0.5370
vn -0.7486 -0.6427 -0.1632
vn -0.0592 -0.0524 -0.9969
vn 0.0032 -0.9269 -0.3753
vn -0.2348 -0.8882 0.3950
vn -0.0893 -0.9932 -0.0745
vn -0.0454 -0.9610 -0.2729
vn -0.1960 -0.9793 0.0508
vn -0.5553 0.0453 0.8304
vn -0.6314 0.0438 0.7742
vn -0.6255 0.7372 -0.2557
vn 0.1822 0.9504 0.2523
vn -0.2104 0.9116 -0.3532
vn -0.2430 0.9273 -0.2848
vn -0.2640 0.9454 -0.1909
vn 0.0913 -0.3741 0.9229
vn 0.0288 -0.4916 0.8703
vn 0.4930 0.1754 0.8521
vn 0.3785 -0.8863 -0.2669
vn 0.3457 -0.9321 -0.1083
vn 0.2653 -0.9639 0.0245
vn -0.2999 0.9252 0.2326
vn -0.3181 0.8613 0.3962
vn -0.3926 0.8364 0.3825
vn -0.7774 0.5381 -0.3256
vn -0.6918 0.5736 -0.4387
vn -0.6523 0.4292 -0.6247
vn -0.1264 0.7416 0.6589
vn -0.1324 0.5654 0.8141
vn -0.0024 0.6911 0.7227
vn -0.3707 0.5458 0.7514
vn -0.3181 0.4600 0.8290
vn -0.2549 0.5245 0.8123
vn -0.0802 -0.8919 -0.4450
vn -0.0925 -0.8337 -0.5444
vn 0.1767 -0.8760 -0.4487
vn -0.1739 -0.7453 0.6436
vn -0.2483 -0.7890 0.5620
vn -0.2665 -0.9269 0.2642
vn 0.4516 0.8755 0.1720
vn 0.4647 0.8839 -0.0529
vn 0.4556 0.8901 -0.0143
vn -0.0081 -0.3391 0.9407
vn 0.5000 0.1116 0.8588
vn 0.4082 -0.2002 0.8906
vn 0.8274 -0.4732 -0.3025
vn 0.5958 -0.7331 -0.3281
vn -0.1486 0.4897 0.8591
vn 0.0955 0.3544 0.9302
vn 0.3700 0.9093 0.1904
vn -0.3365 -0.3193 0.8859
vn -0.6104 -0.1243 0.7823
vn -0.3687 -0.1973 0.9084
vn -0.6923 0.0958 0.7152
vn -0.4946 0.0908 0.8643
vn -0.8812 -0.4674 0.0713
vn -0.7928 -0.4990 0.3499
vn 0.5744 -0.5937 0.5635
vn 0.4249 -0.6924 0.5832
vn 0.2691 -0.7925 0.5472
vn 0.3844 -0.9161 -0.1142
vn 0.1720 -0.9615 -0.2144
vn 0.0257 -0.9875 -0.1557
vn 0.4307 0.7635 -0.4811
vn 0.4918 0.7976 -0.3492
vn 0.1467 0.7609 -0.6321
vn -0.0743 0.8710 -0.4857
vn 0.2542 0.7385 0.6245
vn -0.2609 0.2182 -0.9404
vn 0.8964 0.3743 -0.2375
vn 0.5790 0.4877 -0.6534
vn 0.2985 -0.3548 -0.8860
vn -0.2803 0.6096 0.7415
vn -0.4675 0.8839 -0.0102
vn -0.4448 0.8951 0.0294
vn -0.4057 0.9090 0.0955
vn 0.3868 -0.0630 0.9200
vn 0.3018 0.8752 0.3780
vn 0.6907 0.6808 0.2438
vn 0.6219 0.7052 0.3403
vn 0.6378 0.7194 0.2752
vn 0.7908 0.5709 0.2206
vn 0.8639 0.4013 0.3042
vn -0.8463 -0.5082 -0.1597
vn -0.8827 -0.4458 -0.1486
vn -0.4593 -0.8764 0.1449
vn -0.7867 -0.5298 -0.3169
vn -0.1098 -0.7155 0.6899
vn -0.5013 -0.8177 0.2828
vn 0.2828 -0.4139 0.8653
vn 0.3391 -0.2468 0.9078
vn 0.5891 0.0791 0.8042
vn 0.8279 0.5143 0.2237
vn 0.9530 0.3011 -0.0321
vn 0.7131 0.5847 0.3868
vn -0.8352 -0.5428 0.0881
vn -0.4830 -0.8716 0.0839
vn -0.7309 -0.6410 -0.2342
vn -0.5721 -0.7889 -0.2246
vn -0.3487 0.5298 0.7731
vn 0.4845 0.5267 -0.6985
vn 0.7283 0.5743 -0.3739
vn -0.2878 0.9311 -0.2242
vn -0.0897 0.9759 -0.1987
vn -0.0623 0.9465 -0.3166
vn -0.8296 -0.1940 0.5236
vn -0.7958 -0.2812 0.5364
vn 0.0911 0.2535 -0.9630
vn 0.1925 0.5411 -0.8187
vn 0.0008 0.0146 -0.9999
vn 0.0213 0.0047 -0.9998
vn 0.5685 0.8227 0.0024
vn 0.0277 -0.0711 -0.9971
vn -0.0751 -0.1282 -0.9889
vn 0.0050 -0.0207 -0.9998
vn 0.7732 -0.6223 -0.1223
vn 0.2421 -0.9112 0.3333
vn 0.2012 -0.9722 -0.1200
vn 0.6308 -0.7759 0.0080
vn -0.3908 0.2751 -0.8784
vn -0.6179 0.2383 -0.7493
vn -0.3403 0.4018 -0.8501
vn -0.6470 -0.6516 -0.3960
vn 0.2195 0.0396 -0.9748
vn 0.0418 0.0003 -0.9991
vn 0.1317 0.1135 -0.9848
vn 0.0656 0.9388 0.3383
vn 0.1399 0.6159 0.7753
vn 0.1175 0.7415 0.6606
vn 0.9102 -0.0936 -0.4035
vn 0.9496 -0.0090 -0.3134
vn 0.9671 -0.1771 -0.1827
vn -0.3278 -0.9383 -0.1105
vn -0.3693 -0.8752 -0.3123
vn -0.2405 -0.7296 -0.6402
vn -0.1887 -0.5250 -0.8299
vn -0.7642 -0.6110 -0.2066
vn -0.7743 -0.5674 -0.2802
vn -0.7483 -0.6289 -0.2109
vn -0.6932 -0.7204 -0.0205
vn -0.5631 -0.7892 0.2450
vn 0.6187 0.5673 0.5435
vn 0.4704 0.6059 0.6415
vn 0.5938 0.4546 0.6639
vn -0.2910 0.9561 0.0355
vn -0.3747 0.8589 0.3493
vn -0.2937 0.9467 0.1322
vn -0.1207 0.9874 0.1020
vn -0.2909 0.9490 0.1213
vn -0.1628 0.9850 0.0572
vn -0.1348 0.9652 0.2241
vn -0.0829 0.9867 -0.1397
vn 0.0288 0.9956 -0.0893
vn -0.0308 -0.1105 -0.9934
vn 0.2641 -0.4550 -0.8504
vn 0.3392 -0.4015 -0.8507
vn 0.7018 -0.4838 -0.5230
vn 0.7956 -0.5467 -0.2611
vn 0.4765 -0.1327 -0.8691
vn 0.5412 -0.0227 -0.8406
vn -0.9965 -0.0649 0.0518
vn -0.9509 -0.3043 0.0559
vn -0.0156 0.0309 -0.9994
vn -0.0355 -0.0076 -0.9993
vn -0.0311 0.0315 -0.9990
vn 0.1031 -0.1707 -0.9799
vn -0.0020 0.0237 -0.9997
vn -0.3145 0.2141 -0.9248
vn 0.0232 0.9840 0.1768
vn 0.7729 -0.6147 0.1576
vn 0.8742 -0.4712 0.1174
vn 0.8935 -0.4481 -0.0303
vn 0.8017 -0.5973 0.0248
vn -0.2632 0.9591 0.1045
vn -0.6078 -0.3275 -0.7235
vn -0.0478 -0.0268 -0.9985
vn -0.0287 -0.0098 -0.9995
vn -0.0230 0.0164 -0.9996
vn -0.1405 -0.4380 -0.8880
vn -0.0011 -0.9933 -0.1155
vn -0.0799 -0.7089 -0.7008
vn 0.2644 -0.9193 0.2914
vn -0.0369 -0.3902 -0.9200
vn -0.0514 -0.3232 -0.9449
vn 0.0535 -0.2618 -0.9636
vn 0.0045 -0.1112 -0.9938
vn 0.0118 -0.9997 -0.0202
vn 0.3249 -0.9397 -0.1066
vn 0.2093 -0.9779 -0.0027
vn 0.7310 -0.0581 -0.6799
vn 0.4760 -0.5465 0.6890
vn -0.0106 -0.8927 0.4505
vn -0.7809 0.3762 0.4986
vn -0.9121 0.1056 0.3960
vn 0.9604 0.2343 0.1507
vn 0.9246 0.3354 0.1805
vn 0.1167 0.5370 -0.8355
vn 0.0405 0.2431 -0.9692
vn 0.0510 0.3249 -0.9444
vn 0.0582 0.3276 -0.9430
vn 0.1825 -0.9677 -0.1742
vn -0.0786 -0.9932 -0.0858
vn -0.0931 -0.9513 -0.2938
vn 0.8215 -0.4975 -0.2786
vn 0.6619 -0.3472 -0.6643
vn 0.8889 -0.3923 -0.2368
vn -0.6485 -0.4467 -0.6164
vn -0.3539 0.2535 -0.9003
vn -0.1895 0.2066 -0.9599
vn -0.5411 0.2042 -0.8158
vn -0.7322 0.6702 -0.1215
vn 0.5570 -0.3092 0.7708
vn 0.5553 -0.5196 0.6493
vn 0.1619 0.5842 -0.7953
vn -0.7749 -0.6035 -0.1878
vn -0.8038 -0.5130 0.3012
vn 0.0197 -0.3624 -0.9318
vn 0.0468 -0.4872 -0.8720
vn 0.0819 -0.5376 -0.8392
vn 0.9461 -0.1507 -0.2867
vn 0.8582 -0.1259 -0.4976
vn 0.2611 -0.5511 0.7925
vn 0.3528 -0.3751 0.8573
vn 0.4790 -0.4375 0.7610
vn 0.4775 -0.5021 0.7210
vn 0.2385 0.9534 -0.1849
vn 0.1684 0.9459 -0.2774
vn -0.3698 0.8251 -0.4272
vn -0.4928 0.5255 -0.6935
vn -0.8805 -0.2073 -0.4262
vn -0.8693 -0.4042 -0.2845
vn -0.9435 -0.2674 -0.1956
vn 0.0280 -0.7319 0.6809
vn 0.0412 -0.9967 0.0697
vn -0.1070 -0.1831 -0.9773
vn -0.0946 -0.4712 -0.8769
vn 0.1619 -0.9677 0.1932
vn 0.0703 -0.9852 0.1565
vn -0.2058 -0.9647 -0.1641
vn 0.4894 -0.5376 0.6867
vn 0.4995 -0.5755 0.6475
vn 0.4544 -0.1869 0.8710
vn 0.4757 -0.1130 0.8723
vn -0.5097 -0.6948 0.5074
vn 0.8661 0.4839 -0.1257
vn 0.9151 0.3741 -0.1505
vn 0.7145 -0.3625 0.5985
vn 0.6786 -0.5409 0.4969
vn 0.4990 -0.4323 0.7511
vn 0.5303 -0.5672 0.6302
vn 0.4257 0.5673 0.7050
vn 0.2652 0.6059 0.7500
vn 0.6180 0.6184 0.4855
vn -0.9512 -0.2436 0.1892
vn -0.9961 0.0755 0.0460
vn -0.9903 0.0093 0.1388
vn 0.0328 0.9965 -0.0770
vn 0.0345 0.9912 0.1277
vn 0.2031 0.9714 -0.1229
vn -0.6819 0.3914 -0.6179
vn -0.5282 0.5596 -0.6387
vn -0.2186 -0.9181 0.3307
vn 0.2082 -0.9753 -0.0740
vn -0.6853 -0.3092 0.6593
vn 0.8909 -0.4195 -0.1740
vn 0.4464 -0.8252 -0.3461
vn 0.3768 -0.8457 -0.3779
vn 0.5657 -0.7708 -0.2928
vn 0.6139 -0.7232 -0.3164
vn -0.5725 -0.7918 -0.2129
vn -0.0506 0.6025 0.7965
vn -0.5450 -0.8374 0.0415
vn -0.2809 -0.9590 0.0381
vn 0.3823 0.8504 0.3615
vn 0.3804 0.5265 0.7603
vn 0.1873 0.9070 0.3772
vn -0.4965 0.8629 0.0939
vn 0.5503 -0.8099 -0.2030
vn 0.6919 -0.7122 -0.1185
vn 0.6189 -0.1148 -0.7770
vn 0.4991 -0.2401 -0.8326
vn 0.6232 0.1097 -0.7743
vn 0.8083 0.0599 -0.5857
vn 0.7607 -0.0476 -0.6474
vn 0.0869 0.8929 -0.4418
vn -0.8035 0.2162 -0.5547
vn -0.5539 0.8238 0.1204
vn -0.4869 0.8468 0.2144
vn 0.6524 0.4299 0.6242
vn -0.3939 -0.9096 0.1321
vn 0.4808 0.0329 -0.8762
vn 0.3639 0.0803 -0.9280
vn 0.3028 0.1056 -0.9472
vn -0.1488 -0.8435 0.5161
vn 0.1245 -0.9292 0.3479
vn -0.5625 -0.6075 -0.5608
vn -0.5843 -0.3796 -0.7173
vn -0.7446 -0.5498 -0.3785
vn -0.7574 -0.5953 -0.2681
vn -0.4451 0.8946 0.0398
vn -0.4511 0.8878 -0.0910
vn -0.4521 0.8825 -0.1297
vn -0.8192 -0.5117 0.2592
vn -0.5705 -0.8153 0.0988
vn -0.5296 -0.8419 -0.1038
vn -0.0729 -0.5250 0.8480
vn -0.0323 -0.5744 0.8180
vn -0.8801 -0.4535 0.1410
vn -0.9189 -0.3355 0.2076
vn 0.2073 -0.9485 0.2397
vn 0.0041 -0.9794 0.2018
vn -0.3380 -0.9102 0.2394
vn 0.4253 0.5258 -0.7367
vn 0.6905 0.2345 0.6842
vn 0.7075 0.4618 0.5350
vn 0.5003 0.4981 0.7083
vn -0.5832 0.8106 -0.0529
vn 0.2619 -0.0810 0.9617
vn 0.8429 0.4076 -0.3511
vn 0.9206 0.2866 -0.2652
vn 0.9017 0.3448 -0.2609
vn 0.6376 0.7566 -0.1452
vn 0.9471 0.3140 -0.0660
vn 0.6360 0.6228 0.4557
vn 0.5905 0.6919 0.4154
vn 0.6152 0.5092 0.6018
vn 0.7238 0.2896 0.6263
vn 0.6577 0.1968 0.7271
vn 0.6290 0.0130 0.7773
vn -0.2338 0.1949 -0.9525
vn -0.0437 -0.0821 -0.9957
vn -0.0352 -0.0861 -0.9957
vn -0.3182 0.4377 -0.8409
vn 0.1343 -0.9272 -0.3496
vn -0.0659 -0.9396 -0.3358
vn 0.0625 -0.9859 -0.1552
vn -0.0479 -0.5341 0.8440
vn -0.2075 -0.4132 0.8867
vn 0.6495 0.7123 -0.2659
vn 0.0283 -0.9493 0.3132
vn 0.6905 0.6451 0.3273
vn 0.0980 -0.9534 -0.2854
vn 0.3174 -0.9362 0.1509
vn 0.3060 -0.9466 -0.1019
vn 0.1204 -0.5041 0.8552
vn -0.3584 -0.5648 0.7434
vn -0.0051 -0.6895 0.7242
vn 0.0064 0.6876 -0.7260
vn 0.1713 0.6814 -0.7115
vn -0.6554 -0.7429 0.1364
vn -0.4141 -0.8736 0.2557
vn -0.5703 -0.8187 0.0669
vn -0.2383 -0.8835 0.4033
vn 0.0198 -0.7384 0.6741
vn -0.0668 -0.2826 0.9569
vn -0.1290 -0.7675 0.6279
vn -0.3377 -0.8292 0.4454
vn 0.2913 -0.9449 -0.1494
vn 0.0404 -0.9789 -0.2005
vn 0.0774 -0.9957 -0.0517
vn -0.1736 -0.9812 -0.0839
vn 0.7755 -0.3954 -0.4922
vn 0.3189 0.0506 0.9464
vn 0.6496 -0.1791 0.7389
vn 0.4575 -0.0245 0.8889
vn -0.2767 0.5828 -0.7641
vn 0.4259 0.6268 -0.6525
vn 0.0536 -0.7883 -0.6129
vn 0.0132 -0.8475 -0.5306
vn 0.0094 -0.9521 0.3057
vn 0.0981 -0.8087 0.5800
vn 0.2185 0.9692 0.1138
vn 0.5967 -0.3308 -0.7311
vn 0.5861 -0.2244 -0.7785
vn 0.8766 0.3455 -0.3349
vn 0.9092 -0.0106 -0.4162
vn 0.8640 0.1889 -0.4668
vn -0.3370 -0.9129 0.2303
vn -0.3315 -0.9298 0.1599
vn -0.3231 -0.9450 0.0512
vn -0.3091 -0.9508 -0.0210
vn -0.3530 -0.9344 0.0481
vn 0.8760 0.4567 -0.1554
vn -0.2941 0.9320 0.2118
vn -0.1399 0.9391 0.3137
vn 0.6411 0.7624 0.0883
vn 0.7625 0.6418 0.0824
vn 0.5713 0.8205 -0.0209
vn 0.8879 0.4456 0.1140
vn 0.0553 -0.7569 -0.6512
vn 0.9744 0.0702 -0.2135
vn 0.8986 0.0170 -0.4385
vn 0.8844 0.0469 -0.4643
vn 0.2466 -0.9208 -0.3023
vn 0.1993 -0.9511 -0.2358
vn -0.0956 -0.9403 0.3266
vn -0.1189 -0.9408 0.3174
vn 0.9140 0.0786 -0.3980
vn 0.9747 0.2229 -0.0148
vn 0.9262 0.3174 -0.2035
vn -0.6112 -0.1150 0.7831
vn -0.5394 -0.2378 0.8078
vn 0.7382 0.5764 -0.3504
vn 0.6736 0.6087 -0.4192
vn 0.8605 0.5028 -0.0823
vn 0.7380 0.6633 -0.1240
vn 0.6970 0.4167 0.5835
vn -0.9027 -0.4291 -0.0310
vn -0.5167 -0.7424 0.4264
vn -0.8244 -0.5610 0.0755
vn 0.4526 0.8170 0.3573
vn 0.5788 0.0342 -0.8147
vn 0.5771 -0.1866 -0.7951
vn 0.8162 -0.3128 -0.4858
vn 0.4790 -0.0767 -0.8744
vn 0.3068 0.0957 -0.9470
vn -0.0919 0.8584 -0.5046
vn -0.4623 -0.8741 0.1493
vn 0.0695 0.7232 0.6872
vn 0.0543 0.6891 0.7226
vn -0.0416 0.7511 0.6588
vn -0.1787 0.7841 0.5944
vn 0.7633 0.3724 -0.5280
vn -0.2544 -0.8816 -0.3976
vn -0.2890 -0.9436 0.1616
vn -0.2837 -0.9545 0.0921
vn -0.2099 -0.9666 0.1471
vn -0.3135 -0.9466 0.0753
vn -0.2102 0.9009 -0.3798
vn -0.1683 0.9155 -0.3656
vn -0.0550 -0.0548 -0.9970
vn 0.3556 0.6228 0.6969
vn 0.2475 0.9532 0.1737
vn 0.1403 0.9901 0.0076
vn 0.0374 0.9804 0.1936
vn 0.1574 -0.5067 -0.8476
vn 0.2163 -0.3452 -0.9133
vn -0.0280 -0.0518 -0.9983
vn -0.4842 0.7462 0.4568
vn 0.4030 -0.7730 0.4899
vn -0.0836 -0.9383 0.3356
vn 0.1763 -0.8806 0.4398
vn 0.0407 -0.9773 0.2077
vn 0.9844 -0.1760 0.0042
vn 0.8685 -0.1826 -0.4609
vn -0.2806 0.9507 -0.1317
vn -0.5140 0.8265 -0.2296
vn -0.9947 0.0464 -0.0915
vn -0.1391 0.1620 -0.9769
vn 0.5515 0.8289 -0.0937
vn 0.7149 0.6984 -0.0342
vn 0.7188 0.6669 -0.1964
vn -0.0699 0.9824 0.1730
vn 0.1272 0.9758 0.1776
vn 0.3878 0.8497 0.3573
vn 0.3515 0.9321 0.0871
vn 0.0995 0.7367 0.6689
vn 0.1429 0.7419 0.6551
vn 0.1504 -0.0576 -0.9869
vn -0.1569 -0.1361 -0.9782
vn -0.0559 -0.0317 -0.9979
vn 0.5763 -0.3531 0.7370
vn 0.8022 -0.3367 0.4930
vn 0.8105 -0.2300 0.5386
vn 0.9508 -0.1954 0.2405
vn 0.0848 0.9750 0.2052
vn 0.1417 0.9714 0.1904
vn 0.9893 0.1421 0.0316
vn 0.9748 0.1872 -0.1210
vn -0.7531 -0.3370 0.5650
vn -0.8498 -0.1435 0.5072
vn -0.7621 -0.1786 0.6223
vn -0.1950 -0.3716 0.9077
vn -0.2757 -0.4204 0.8644
vn -0.0552 -0.4604 0.8860
vn 0.7136 -0.6858 0.1429
vn 0.6983 -0.7155 -0.0218
vn 0.5977 0.0793 0.7978
vn 0.2139 -0.0114 -0.9768
vn 0.3279 -0.0050 -0.9447
vn 0.2098 -0.1229 -0.9700
vn -0.1646 -0.9787 0.1228
vn -0.0389 -0.9985 0.0390
vn -0.0806 -0.9938 0.0766
vn -0.9919 -0.1155 0.0531
vn -0.9937 -0.0395 -0.1045
vn -0.9509 -0.2023 0.2341
vn -0.9431 -0.0792 0.3228
vn -0.9952 0.0362 0.0914
vn -0.9941 -0.0295 0.1040
vn -0.1830 -0.5641 0.8052
vn -0.2052 -0.5394 0.8167
vn -0.1900 -0.5826 0.7903
vn -0.1579 -0.7188 0.6771
vn -0.3791 -0.9117 0.1583
vn 0.0665 -0.6394 0.7660
vn 0.2040 0.8134 0.5448
vn -0.9312 0.3587 0.0654
vn -0.9187 0.3445 0.1934
vn -0.6277 -0.7623 -0.1576
vn -0.5302 -0.8420 0.0995
vn 0.2677 -0.7202 0.6400
vn 0.5502 -0.4132 0.7256
vn 0.1848 -0.9579 0.2197
vn 0.0146 -0.9343 0.3562
vn -0.0911 -0.7323 0.6749
vn 0.6332 -0.7486 0.1964
vn 0.5500 -0.6817 0.4825
vn -0.3608 -0.8103 0.4617
vn -0.5623 0.4412 0.6994
vn -0.4761 0.3779 0.7940
vn -0.5401 0.3775 0.7522
vn -0.1675 -0.5964 0.7851
vn -0.0999 -0.5689 0.8163
vn -0.3447 -0.7494 0.5653
vn -0.3855 -0.7844 0.4858
vn -0.2625 -0.6605 0.7035
vn -0.8552 -0.2341 0.4623
vn -0.9353 -0.1510 0.3199
vn -0.2569 -0.9658 -0.0353
vn -0.2144 -0.9729 0.0862
vn -0.2158 -0.9553 0.2019
vn -0.9167 0.1830 0.3553
vn -0.9025 -0.0244 0.4300
vn -0.3010 -0.7685 0.5646
vn -0.4061 -0.9029 -0.1409
vn -0.0635 0.9784 0.1965
vn -0.4893 -0.8720 -0.0129
vn -0.5553 -0.8309 -0.0341
vn -0.6181 -0.7808 -0.0908
vn -0.5166 -0.8543 -0.0567
vn -0.5399 -0.8415 -0.0186
vn -0.3048 -0.7107 0.6340
vn -0.1740 -0.6572 0.7334
vn -0.0408 -0.5499 0.8342
vn -0.3194 -0.8293 0.4586
vn -0.6560 0.7423 0.1364
vn -0.2130 0.3163 0.9245
vn -0.6309 -0.1887 0.7525
vn -0.8066 -0.2100 0.5526
vn -0.3501 -0.8907 0.2901
vn -0.8491 -0.5270 -0.0372
vn 0.2078 -0.9636 0.1683
vn 0.1034 -0.7547 0.6478
vn -0.1118 -0.7717 0.6261
vn 0.1100 0.8401 0.5312
vn -0.6152 0.5196 0.5929
vn -0.5094 -0.8533 0.1110
vn -0.6229 -0.7800 0.0595
vn 0.3283 0.9406 -0.0867
vn 0.2629 0.9387 -0.2230
vn 0.2877 0.9297 0.2299
vn -0.5057 0.2993 -0.8091
vn -0.4361 0.2388 -0.8676
vn -0.6021 0.3954 -0.6936
vn -0.9179 0.0518 -0.3935
vn -0.1777 0.4642 -0.8677
vn 0.1833 0.9312 0.3151
vn 0.1547 0.9232 0.3517
vn 0.1612 0.9656 0.2042
vn -0.2412 -0.6901 0.6823
vn 0.3587 -0.4630 0.8105
vn -0.4956 0.4194 -0.7606
vn -0.7457 0.1050 -0.6579
vn 0.2892 0.9490 -0.1253
vn 0.1853 0.9792 -0.0822
vn 0.0529 0.9946 0.0890
vn 0.8291 0.0637 0.5555
vn 0.9243 -0.1228 0.3615
vn 0.4513 -0.8915 -0.0383
vn 0.3061 -0.9508 0.0484
vn 0.3664 -0.9003 -0.2349
vn 0.4610 -0.8852 0.0625
vn 0.3383 -0.5059 -0.7935
vn 0.1017 -0.2736 -0.9564
vn -0.5569 -0.8254 -0.0930
vn -0.4709 -0.8321 0.2931
vn -0.3645 -0.8662 0.3418
vn -0.1772 0.9311 -0.3189
vn -0.0436 0.9988 -0.0227
vn 0.8644 -0.1976 0.4623
vn 0.6315 -0.6813 0.3702
vn 0.5700 0.4007 -0.7173
vn 0.5962 0.4108 -0.6898
vn 0.6652 0.4173 -0.6192
vn 0.9209 0.1704 -0.3505
vn 0.9660 0.1277 -0.2249
vn 0.8874 0.4494 0.1025
vn 0.8138 0.5803 0.0329
vn -0.6583 0.6193 -0.4278
vn -0.7242 0.2752 -0.6323
vn 0.2163 -0.1436 -0.9657
vn 0.3357 -0.0227 -0.9417
vn 0.9556 -0.1913 0.2241
vn 0.8213 0.2318 -0.5213
vn 0.9960 -0.0747 0.0483
vn 0.9776 0.0201 -0.2093
vn 0.6874 -0.6977 0.2016
vn 0.5701 -0.6992 0.4314
vn -0.7218 -0.3649 -0.5881
vn -0.6406 -0.6522 -0.4054
vn -0.7041 -0.7054 -0.0822
vn -0.0579 -0.1291 0.9899
vn 0.0273 -0.0883 0.9957
vn -0.2105 -0.2305 0.9500
vn -0.1382 -0.1951 0.9710
vn 0.8550 -0.5186 -0.0085
vn 0.6292 -0.6971 0.3438
vn 0.3556 -0.9318 0.0728
vn -0.3012 0.7822 -0.5454
vn -0.1825 0.8229 -0.5381
vn -0.1204 0.5386 -0.8339
vn -0.2726 0.9395 -0.2076
vn -0.1132 0.9842 -0.1360
vn -0.9773 -0.1801 0.1119
vn -0.6878 -0.0931 0.7199
vn 0.3872 0.4198 0.8209
vn 0.5942 0.5737 0.5638
vn 0.7616 0.6030 0.2374
vn 0.8720 0.4798 0.0966
vn 0.8478 0.5129 0.1349
vn 0.8902 0.1446 -0.4320
vn 0.9277 -0.0409 -0.3712
vn 0.4925 -0.2455 0.8350
vn 0.1875 -0.3263 0.9265
vn 0.0776 -0.0908 0.9928
vn -0.1796 -0.1316 0.9749
vn -0.6527 0.6095 0.4501
vn 0.1140 0.9930 -0.0314
vn 0.1199 0.4741 -0.8722
vn 0.2288 0.9655 0.1246
vn 0.5947 0.0438 0.8028
vn -0.0753 -0.4872 0.8700
vn 0.9056 0.3528 -0.2355
vn -0.0331 0.0360 -0.9988
vn -0.3250 0.0995 -0.9405
vn -0.3105 0.1724 -0.9348
vn -0.2085 -0.9745 -0.0824
vn 0.0399 -0.9896 -0.1380
vn -0.1806 0.9775 -0.1094
vn -0.2622 0.9392 -0.2218
vn -0.1384 0.9795 -0.1461
vn -0.0697 0.9931 -0.0938
vn 0.5536 -0.6511 0.5192
vn -0.6671 -0.6984 0.2591
vn 0.9622 0.2497 -0.1091
vn 0.9554 0.2836 -0.0820
vn 0.4745 -0.0639 0.8779
vn 0.1782 0.0514 0.9827
vn 0.1676 0.1719 0.9707
vn 0.4263 0.5062 0.7497
vn 0.7210 0.5313 0.4448
vn 0.6458 0.6653 0.3746
vn 0.6612 -0.4294 0.6152
vn -0.7408 0.6700 -0.0476
vn -0.7560 0.6035 -0.2535
vn -0.7943 0.5890 -0.1489
vn -0.4399 0.8854 0.1503
vn -0.4122 0.8998 0.1432
vn -0.3667 0.9265 0.0845
vn -0.3443 0.9281 0.1419
vn 0.6683 0.6566 0.3496
vn 0.1946 0.9709 0.1397
vn 0.1398 0.6698 -0.7293
vn 0.6886 0.4758 -0.5472
vn 0.4277 0.7833 -0.4512
vn 0.5049 0.7486 -0.4297
vn 0.5463 0.7781 -0.3101
vn 0.1180 -0.4322 -0.8940
vn 0.2463 -0.2983 -0.9222
vn -0.5340 -0.7638 0.3626
vn -0.4296 -0.8295 0.3570
vn 0.7867 -0.3255 0.5245
vn 0.9127 -0.2679 0.3084
vn -0.5352 -0.7604 -0.3679
vn 0.5470 0.7722 -0.3233
vn 0.4588 0.8048 -0.3765
vn -0.1745 -0.5069 0.8442
vn -0.2588 -0.3337 0.9065
vn 0.7577 -0.6187 0.2078
vn -0.3572 0.9338 -0.0214
vn 0.9297 0.3674 0.0262
vn -0.4643 -0.3102 -0.8296
vn -0.0746 -0.9727 -0.2199
vn 0.1521 -0.9878 -0.0332
vn 0.0830 -0.7794 0.6211
vn -0.1174 -0.8989 0.4222
vn 0.1948 0.0960 -0.9761
vn 0.3322 0.3187 -0.8877
vn 0.5524 0.1264 -0.8239
vn -0.4057 0.1038 -0.9081
vn -0.5927 -0.6268 -0.5058
vn -0.5233 -0.8067 -0.2746
vn -0.4648 -0.8848 -0.0327
vn 0.0090 -0.8686 0.4954
vn 0.1432 -0.6150 0.7755
vn 0.1655 -0.6103 0.7747
vn -0.6426 -0.3420 0.6856
vn -0.6274 -0.2292 0.7442
vn -0.4752 -0.6849 0.5524
vn -0.4462 -0.7409 0.5019
vn -0.4017 -0.7958 0.4531
vn 0.3036 -0.2680 -0.9143
vn 0.5840 0.3361 0.7389
vn 0.6017 0.3929 0.6954
vn 0.7533 0.5278 0.3925
vn 0.0812 -0.7849 0.6143
vn -0.1271 -0.9768 0.1726
vn 0.7111 -0.3284 -0.6217
vn 0.6104 -0.1560 -0.7766
vn 0.4856 0.0171 -0.8740
vn -0.0128 0.5627 0.8266
vn 0.1885 -0.1536 -0.9700
vn 0.8070 0.5883 0.0507
vn 0.8098 0.5831 -0.0653
vn 0.8874 0.0430 0.4589
vn 0.8009 0.5677 0.1903
vn 0.6784 0.3800 0.6288
vn 0.9552 0.2798 0.0960
vn 0.9832 -0.0378 0.1784
vn 0.0625 0.9527 -0.2974
vn 0.0648 -0.1195 -0.9907
vn 0.1898 -0.5263 -0.8289
vn -0.0271 -0.4127 -0.9105
vn -0.1018 -0.9197 -0.3793
vn -0.0859 -0.8841 0.4593
vn 0.1189 -0.8328 0.5406
vn -0.2881 -0.6844 -0.6697
vn -0.1530 -0.4340 -0.8878
vn -0.2143 -0.8693 -0.4455
vn -0.0365 0.8571 0.5139
vn -0.0951 0.9408 0.3254
vn -0.0792 0.9864 0.1437
vn -0.2623 0.9323 -0.2489
vn 0.1622 -0.9752 0.1507
vn 0.0484 -0.9193 0.3905
vn 0.0515 -0.8281 0.5582
vn 0.1163 0.9904 -0.0753
vn -0.2285 0.9306 -0.2859
vn 0.8212 -0.5699 0.0285
vn 0.9426 0.3319 0.0373
vn 0.9714 0.2369 -0.0182
vn 0.8489 0.5055 0.1544
vn -0.2898 0.0849 0.9533
vn -0.3064 0.1523 0.9397
vn 0.0861 -0.9605 0.2647
vn -0.0180 -0.9957 0.0911
vn 0.0170 -0.9863 0.1644
vn -0.7108 -0.2228 0.6671
vn 0.8020 -0.3218 -0.5033
vn 0.3277 0.8761 -0.3535
vn -0.4077 -0.0834 -0.9093
vn -0.4322 -0.1910 -0.8813
vn -0.7355 0.6665 -0.1217
vn -0.6868 0.6335 -0.3563
vn 0.9530 0.0561 -0.2978
vn 0.9913 0.0055 -0.1318
vn 0.8390 0.1884 -0.5105
vn 0.3568 0.9330 -0.0475
vn 0.6237 0.7685 -0.1426
vn 0.4964 0.8262 0.2665
vn 0.7368 0.6415 0.2136
vn 0.8510 -0.4784 -0.2167
vn 0.1327 -0.8623 -0.4888
vn -0.3018 -0.2489 -0.9203
vn -0.3701 -0.1622 -0.9147
vn -0.2668 -0.3258 -0.9070
vn 0.9387 -0.2634 -0.2223
vn -0.7773 -0.5550 -0.2963
vn -0.7176 -0.6960 -0.0232
vn -0.1424 -0.6365 0.7580
vn -0.2511 0.6049 -0.7557
vn -0.4025 0.5700 -0.7163
vn -0.0921 0.1676 -0.9815
vn -0.3989 0.9145 -0.0680
vn 0.0681 0.3761 -0.9241
vn 0.1580 0.4457 -0.8811
vn -0.1920 0.7624 0.6179
vn -0.3068 0.8491 0.4301
vn -0.7522 0.6580 -0.0356
vn -0.0446 0.9983 -0.0382
vn 0.0576 0.2459 -0.9676
vn -0.8704 -0.3615 0.3343
vn -0.9272 -0.1168 0.3559
vn -0.9061 -0.2268 0.3570
vn -0.2122 -0.9056 0.3672
vn 0.0226 -0.8578 0.5135
vn -0.1740 -0.8451 0.5055
vn -0.2087 -0.9598 0.1876
vn -0.0040 -0.0232 -0.9997
vn 0.1366 0.4889 -0.8616
vn 0.6672 -0.4968 -0.5550
vn -0.7158 -0.5717 0.4009
vn -0.7014 -0.5879 0.4029
vn 0.3799 -0.4788 0.7914
vn -0.8283 0.2693 -0.4913
vn -0.2057 0.7608 -0.6155
vn -0.5465 0.5072 -0.6664
vn 0.1961 0.8060 -0.5585
vn 0.2937 0.5782 0.7612
vn -0.9900 -0.0628 0.1264
vn -0.9454 -0.0409 0.3232
vn 0.9362 0.0700 -0.3445
vn 0.1360 0.3893 -0.9110
vn 0.0033 -0.1399 -0.9902
vn 0.0193 0.0070 -0.9998
vn -0.8622 -0.2883 0.4165
vn 0.8024 -0.1669 -0.5730
vn 0.7660 0.6110 -0.1998
vn 0.7584 0.6510 -0.0313
vn -0.0170 -0.0726 -0.9972
vn 0.5614 -0.3189 0.7637
vn 0.3761 -0.4324 0.8195
vn 0.0749 0.7567 0.6495
vn -0.4810 0.6856 -0.5465
vn -0.7010 0.7018 -0.1271
vn -0.4947 -0.0742 -0.8659
vn -0.5503 0.0090 -0.8349
vn -0.9699 0.1555 0.1872
vn 0.0507 0.9683 0.2444
vn -0.2744 0.5997 0.7517
vn -0.9194 0.3758 -0.1164
vn 0.0153 0.9474 -0.3196
vn 0.0895 0.8226 -0.5615
vn 0.0121 0.7463 -0.6655
vn 0.1626 0.8576 -0.4879
vn -0.0151 -0.1057 -0.9943
vn 0.3804 -0.5207 -0.7643
vn 0.3002 -0.5969 -0.7440
vn 0.3157 -0.4617 -0.8290
vn 0.3649 -0.6309 -0.6846
vn -0.5321 -0.8280 0.1771
vn 0.2637 -0.8937 0.3629
vn 0.2991 -0.8649 0.4032
vn -0.3428 -0.8749 0.3420
vn 0.1429 -0.6039 0.7842
vn -0.5534 -0.8092 0.1972
vn -0.0870 -0.3292 0.9402
vn -0.8280 -0.3567 0.4326
vn 0.1748 -0.1936 0.9654
vn 0.0927 -0.2795 0.9557
vn 0.6662 -0.3432 -0.6621
vn 0.5186 -0.4841 -0.7048
vn 0.5021 0.2142 -0.8379
vn -0.6847 -0.7281 0.0325
vn -0.6944 -0.7167 -0.0640
vn 0.5969 0.3018 -0.7434
vn 0.3048 0.1564 -0.9395
vn 0.0177 -0.9083 0.4180
vn -0.0063 -0.9753 0.2207
vn -0.1123 -0.8059 0.5813
vn -0.1481 -0.8343 0.5311
vn 0.9425 -0.2530 0.2184
vn -0.6273 -0.6122 -0.4814
vn -0.4051 -0.6835 0.6072
vn -0.4914 -0.8578 0.1507
vn 0.5159 -0.8562 0.0271
vn 0.5017 0.6195 -0.6037
vn 0.5099 0.5791 -0.6361
vn 0.5504 0.6351 -0.5419
vn 0.2766 0.2252 -0.9342
vn 0.3114 0.2016 -0.9287
vn 0.6471 0.2461 -0.7216
vn 0.5140 0.3330 -0.7905
vn 0.8051 -0.4123 0.4264
vn 0.0561 0.6601 -0.7491
vn 0.4390 0.7870 -0.4336
vn 0.4610 0.8830 -0.0880
vn 0.9400 0.1013 0.3257
vn 0.9576 0.0994 0.2702
vn -0.2797 -0.2181 0.9350
vn -0.8100 -0.1436 0.5687
vn -0.7856 -0.0648 0.6153
vn 0.3457 -0.8209 -0.4545
vn 0.2594 -0.9325 -0.2513
vn -0.7435 0.5423 0.3912
vn -0.5702 0.4747 0.6705
vn -0.5128 0.6926 0.5073
vn -0.2530 0.6245 0.7389
vn -0.2916 0.9329 0.2114
vn 0.8462 0.5191 0.1199
vn -0.3325 0.8074 0.4875
vn -0.3457 0.7466 0.5684
vn -0.3024 0.9077 0.2909
vn -0.2779 0.9520 0.1287
vn 0.5223 -0.8447 0.1171
vn 0.6694 -0.7429 -0.0015
vn 0.7351 -0.6719 -0.0904
vn 0.6859 -0.6299 0.3643
vn 0.7564 -0.6448 0.1102
vn 0.3204 -0.5493 0.7718
vn -0.1235 0.9305 -0.3449
vn 0.0826 0.8910 -0.4464
vn 0.9965 -0.0032 0.0834
vn 0.9616 -0.0904 0.2591
vn 0.0696 -0.9832 -0.1688
vn -0.0230 -0.9640 -0.2649
vn 0.2728 -0.9517 -0.1412
vn 0.2219 -0.7469 -0.6268
vn 0.3609 -0.8115 -0.4597
vn 0.0056 -0.9004 -0.4350
vn 0.1298 0.4970 -0.8580
vn 0.9045 0.3110 0.2917
vn 0.9040 0.1791 0.3881
vn 0.8577 0.5057 0.0930
vn -0.6982 -0.6886 0.1959
vn -0.5233 -0.7129 -0.4668
vn -0.1676 0.9337 0.3164
vn -0.1159 0.8632 0.4914
vn 0.1534 0.8252 0.5435
vn 0.0697 0.8843 0.4617
vn 0.1498 0.3481 -0.9254
vn 0.2643 -0.9409 -0.2117
vn 0.0049 -0.0393 0.9992
vn 0.0379 -0.0328 0.9987
vn -0.0884 0.8668 0.4908
vn 0.1064 0.8268 0.5524
vn 0.1091 0.8311 0.5454
vn 0.3246 0.6580 -0.6795
vn -0.3041 0.3909 -0.8688
vn -0.1400 0.5985 -0.7888
vn -0.1669 0.2876 -0.9431
vn -0.3950 0.1410 -0.9078
vn -0.3014 0.1829 -0.9358
vn 0.0041 0.0127 -0.9999
vn -0.4164 -0.5604 -0.7159
vn -0.0866 -0.1131 -0.9898
vn 0.3636 0.9163 0.1679
vn 0.5048 -0.5065 0.6990
vn 0.4163 -0.4803 0.7720
vn -0.2336 0.1184 0.9651
vn -0.1809 0.0911 0.9793
vn -0.2688 0.1268 -0.9548
vn 0.9174 0.3940 -0.0564
vn 0.7283 0.5978 -0.3350
vn 0.4926 0.6577 -0.5699
vn 0.0821 -0.9738 -0.2120
vn -0.6966 -0.6563 -0.2898
vn -0.5449 -0.8018 -0.2455
vn 0.3377 0.9251 -0.1734
vn 0.2611 0.9205 -0.2907
vn 0.4536 0.8382 -0.3028
vn 0.0186 0.9529 -0.3026
vn 0.2042 0.9261 -0.3171
vn -0.2920 -0.1921 -0.9369
vn -0.4344 -0.0018 -0.9007
vn 0.5589 -0.7338 -0.3862
vn 0.3254 -0.8931 -0.3105
vn 0.7456 -0.2927 0.5987
vn 0.5869 0.4493 0.6735
vn 0.1265 0.2570 -0.9581
vn 0.1380 0.4441 -0.8853
vn 0.1718 0.5007 -0.8484
vn 0.3589 -0.8931 -0.2711
vn 0.3501 -0.8689 -0.3498
vn 0.3298 -0.8999 -0.2852
vn 0.4201 -0.8289 -0.3695
vn 0.6171 0.6255 0.4773
vn 0.5904 0.7829 0.1960
vn 0.0214 -0.8125 0.5825
vn 0.0733 -0.8000 0.5955
vn 0.3373 -0.8946 -0.2932
vn 0.4324 -0.8647 -0.2556
vn 0.2726 -0.7561 -0.5949
vn 0.7991 -0.1913 0.5700
vn 0.8154 0.4024 0.4162
vn 0.0659 -0.1373 -0.9883
vn 0.0463 -0.0591 -0.9972
vn 0.4898 0.6213 -0.6115
vn 0.0632 0.0386 -0.9973
vn 0.0731 0.7709 -0.6327
vn 0.3244 0.9450 0.0422
vn 0.1640 -0.6640 0.7295
vn -0.5890 -0.8081 0.0010
vn -0.5118 -0.8591 -0.0082
vn 0.1735 0.8754 -0.4511
vn 0.2099 0.9034 -0.3740
vn -0.0972 -0.1852 -0.9779
vn -0.3353 0.9059 0.2588
vn -0.2366 -0.9036 -0.3572
vn -0.0091 -0.9266 -0.3758
vn -0.4126 -0.7295 -0.5455
vn -0.4533 0.8496 0.2697
vn -0.5159 0.7906 0.3299
vn -0.5229 0.8173 0.2419
vn -0.3534 0.8681 0.3485
vn -0.0601 -0.9979 0.0255
vn -0.0230 -0.9978 0.0622
vn 0.1415 -0.9873 0.0720
vn -0.4685 -0.8195 -0.3301
vn -0.9465 0.3140 -0.0749
vn -0.9702 0.2421 0.0046
vn -0.9634 0.2652 -0.0391
vn -0.8967 0.3655 0.2495
vn -0.4279 -0.2536 -0.8675
vn 0.0317 -0.8225 -0.5679
vn 0.6987 0.7128 0.0615
vn 0.7230 0.6646 0.1886
vn 0.6142 0.7780 0.1322
vn -0.2368 0.9470 -0.2169
vn -0.7546 0.5468 0.3627
vn -0.2349 0.9561 0.1750
vn 0.1425 0.0893 -0.9858
vn 0.1742 -0.0120 -0.9846
vn -0.3685 0.8612 0.3500
vn -0.3367 0.8041 0.4899
vn -0.3497 0.8866 0.3026
vn 0.6866 0.6084 -0.3981
vn 0.7563 -0.0033 -0.6543
vn 0.6177 0.1287 -0.7758
vn 0.1939 -0.9254 -0.3256
vn 0.1679 -0.1536 -0.9738
vn 0.4404 -0.3082 -0.8433
vn 0.0854 -0.0673 -0.9941
vn 0.1055 -0.0485 -0.9932
vn -0.7951 -0.5912 0.1355
vn -0.8120 -0.5789 0.0750
vn -0.8633 -0.4503 0.2281
vn -0.9021 -0.3994 0.1633
vn 0.0322 0.3630 -0.9312
vn -0.0204 0.4059 -0.9137
vn -0.0046 0.1980 -0.9802
vn -0.1513 0.9369 -0.3152
vn -0.1885 0.9803 -0.0588
vn -0.6847 -0.6561 0.3172
vn 0.0038 0.5569 0.8306
vn -0.1173 0.9023 0.4149
vn -0.1213 0.8163 0.5648
vn -0.0660 0.7781 0.6247
vn -0.5115 -0.8267 -0.2342
vn -0.5189 -0.8095 -0.2748
vn 0.2229 0.0342 -0.9742
vn 0.1835 0.8051 -0.5640
vn 0.1429 0.4431 0.8850
vn 0.2359 0.3517 0.9059
vn 0.1163 0.7284 0.6752
vn -0.7946 -0.4801 0.3717
vn 0.6884 0.1194 0.7155
vn 0.9114 0.0892 0.4017
vn -0.2337 0.9670 -0.1014
vn -0.2892 0.9497 -0.1205
vn 0.4514 0.8711 0.1936
vn 0.6745 0.6151 -0.4083
vn 0.0323 -0.2963 0.9546
vn 0.1851 -0.3211 0.9288
vn 0.0531 -0.9733 0.2231
vn 0.1594 -0.9872 0.0033
vn 0.1599 -0.9727 0.1681
vn -0.2683 0.9589 0.0925
vn -0.2515 0.9645 -0.0811
vn -0.0415 -0.9980 0.0478
vn -0.0133 -0.9896 0.1433
vn -0.0061 -0.9993 0.0367
vn -0.0141 -0.9977 0.0657
vn 0.7088 0.4341 -0.5561
vn 0.7437 0.1771 -0.6446
vn 0.7052 -0.6996 0.1147
vn 0.7420 -0.6000 0.2992
vn -0.1469 0.5760 0.8041
vn -0.2743 0.5460 -0.7916
vn -0.1848 0.6696 -0.7194
vn 0.2468 0.6682 -0.7019
vn -0.1948 0.3089 -0.9309
vn -0.2437 0.7381 -0.6291
vn -0.0950 0.9133 -0.3961
vn -0.2041 0.9334 -0.2950
vn -0.3422 -0.9359 0.0833
vn -0.6825 -0.7014 -0.2056
vn -0.1465 0.9871 0.0646
vn 0.1485 -0.9820 0.1171
vn 0.0611 -0.9978 -0.0246
vn 0.3404 -0.8160 -0.4673
vn 0.1827 -0.8693 -0.4593
vn 0.3020 -0.9282 -0.2175
vn 0.0830 -0.0874 -0.9927
vn 0.1740 -0.9599 -0.2200
vn 0.0305 -0.8673 -0.4968
vn -0.4135 -0.8940 -0.1727
vn -0.4180 -0.8718 -0.2554
vn -0.1892 -0.9514 -0.2431
vn 0.2204 -0.9106 -0.3496
vn 0.1924 -0.8316 -0.5210
vn 0.1363 -0.7381 -0.6608
vn 0.1563 0.7954 0.5856
vn 0.6533 -0.7458 0.1300
vn 0.9331 -0.3485 0.0889
vn 0.9874 -0.1397 0.0748
vn -0.2028 -0.9716 -0.1215
vn -0.4341 -0.8851 -0.1677
vn -0.1497 -0.3162 -0.9368
vn 0.1489 -0.5479 -0.8232
vn 0.0029 -0.7719 -0.6357
vn -0.0222 -0.8929 -0.4498
vn 0.1333 -0.6285 -0.7663
vn -0.6660 0.7016 0.2533
vn -0.5971 0.7530 0.2767
vn 0.9577 0.0072 0.2877
vn 0.5002 0.8133 0.2972
vn -0.9465 -0.0372 0.3204
vn 0.6063 0.2407 0.7580
vn -0.5583 -0.2138 -0.8017
vn -0.3444 0.1911 -0.9191
vn -0.2562 0.3568 -0.8984
vn 0.7465 0.0255 0.6649
vn 0.7895 -0.5742 0.2168
vn 0.6470 -0.7027 0.2960
vn -0.1504 -0.9886 0.0081
vn -0.0729 -0.9678 -0.2408
vn -0.2515 -0.9432 -0.2171
vn -0.3139 -0.9474 0.0620
vn -0.0578 0.8247 0.5627
vn -0.6940 0.0122 0.7199
vn -0.6823 -0.5690 0.4590
vn -0.7440 -0.5023 0.4406
vn -0.9615 -0.2700 0.0505
vn 0.8542 -0.3830 0.3517
vn -0.3999 -0.9163 0.0222
vn -0.2540 -0.8891 0.3807
vn 0.0090 -0.7319 0.6814
vn -0.3884 -0.9214 -0.0076
vn 0.2281 0.0789 0.9704
vn 0.2051 0.1539 0.9666
vn 0.8581 -0.2591 0.4433
vn 0.9549 -0.1902 0.2282
vn 0.8463 -0.2629 0.4634
vn 0.7418 -0.2905 0.6044
vn 0.1565 0.4171 -0.8953
vn 0.2188 0.4875 -0.8453
vn 0.4038 0.2582 -0.8776
vn 0.4119 0.1430 -0.8999
vn -0.2501 0.9446 -0.2124
vn -0.1972 0.9657 -0.1688
vn -0.6409 0.7176 0.2724
vn -0.8303 0.1418 -0.5390
vn -0.4980 -0.7552 -0.4262
vn -0.2627 -0.9482 -0.1786
vn 0.6484 -0.5960 0.4736
vn 0.5868 -0.5248 0.6166
vn -0.0062 0.9408 0.3390
vn 0.0489 0.9313 0.3608
vn 0.6066 0.2350 0.7595
vn -0.6274 0.5165 -0.5827
vn 0.5190 -0.0179 0.8546
vn -0.8898 0.4563 -0.0012
vn -0.8906 0.4546 -0.0114
vn -0.1267 -0.8788 -0.4601
vn -0.1211 -0.7522 -0.6477
vn -0.1592 -0.9872 -0.0069
vn 0.3242 -0.0094 0.9459
vn 0.1029 0.0535 0.9932
vn -0.2894 -0.1978 -0.9366
vn 0.0691 0.5354 0.8418
vn 0.2039 0.4253 0.8818
vn 0.5646 0.3451 0.7498
vn 0.5981 0.4729 0.6470
vn 0.5551 0.0201 0.8315
vn 0.5862 0.6238 0.5170
vn -0.0087 -0.7178 0.6962
vn -0.7051 -0.6927 0.1520
vn -0.8567 -0.3934 -0.3336
vn -0.4894 -0.7366 0.4669
vn -0.8474 -0.5138 -0.1335
vn 0.0172 -0.9863 -0.1639
vn -0.4935 -0.6613 -0.5650
vn -0.7198 0.4928 0.4889
vn -0.7587 0.4345 0.4854
vn -0.6253 0.6001 0.4989
vn -0.2382 -0.9532 -0.1861
vn 0.2137 -0.4070 -0.8881
vn -0.8201 -0.5689 -0.0616
vn 0.3521 0.9007 0.2545
vn 0.4698 0.8516 0.2325
vn -0.8048 0.2352 0.5450
vn -0.3844 -0.9176 0.1015
vn -0.5848 -0.7823 -0.2145
vn -0.2747 -0.8946 0.3525
vn -0.0639 -0.8446 0.5315
vn -0.4644 0.7017 -0.5403
vn -0.3518 0.8764 -0.3288
vn 0.8065 0.4821 0.3422
vn 0.7113 0.2964 0.6373
vn 0.9020 0.3455 -0.2589
vn 0.8729 0.3705 -0.3174
vn -0.1385 0.9785 -0.1530
vn -0.7341 -0.4130 -0.5390
vn 0.1764 0.9843 0.0099
vn 0.0138 0.9999 -0.0007
vn -0.2051 0.9728 0.1076
vn 0.8837 -0.1258 -0.4509
vn -0.1671 -0.6914 -0.7029
vn -0.2605 -0.4575 -0.8502
vn -0.3100 -0.6131 -0.7267
vn 0.1174 0.9792 0.1656
vn 0.0807 0.9842 0.1579
vn 0.2982 0.9451 0.1338
vn -0.5314 0.8424 0.0896
vn 0.6323 0.7684 -0.0992
vn 0.5864 0.7603 -0.2794
vn 0.4532 0.8606 -0.2322
vn -0.1656 0.6972 -0.6975
vn -0.1958 0.8250 -0.5302
vn -0.0672 -0.5436 0.8366
vn -0.2287 -0.8734 0.4300
vn 0.5118 0.8477 -0.1394
vn 0.3590 0.9313 -0.0614
vn 0.7319 0.6436 -0.2240
vn 0.8194 0.5574 -0.1338
vn 0.7612 0.6440 -0.0767
vn -0.6786 0.7078 -0.1965
vn -0.7171 0.6916 -0.0864
vn 0.5150 0.8373 -0.1834
vn -0.0622 -0.4473 0.8922
vn 0.8821 0.0746 -0.4652
vn -0.6190 -0.3944 0.6792
vn 0.4942 0.8344 -0.2441
vn 0.5981 0.6952 -0.3988
vn -0.0629 -0.2259 -0.9721
vn -0.0064 0.0240 -0.9997
vn 0.3886 0.8798 -0.2737
vn 0.4009 0.9006 -0.1679
vn -0.6233 -0.6045 0.4960
vn -0.2964 -0.6733 0.6774
vn -0.1211 -0.5659 0.8155
vn -0.4681 0.2489 -0.8479
vn 0.1192 0.6654 0.7369
vn 0.2191 -0.6165 -0.7562
vn 0.2143 -0.5385 0.8150
vn -0.8754 -0.3212 0.3612
vn -0.8641 -0.4100 0.2919
vn -0.5505 -0.4880 0.6773
vn 0.2477 0.9683 0.0314
vn 0.2744 0.9604 0.0488
vn 0.1446 0.9411 0.3058
vn -0.0751 0.9479 0.3095
vn 0.0658 0.9929 0.0993
vn 0.1435 -0.9646 -0.2214
vn 0.1664 -0.9818 0.0911
vn 0.9528 0.2519 -0.1692
vn -0.4797 -0.1408 0.8661
vn -0.5981 -0.1955 0.7772
vn -0.0003 0.0111 -0.9999
vn -0.0220 0.0222 -0.9995
vn 0.0015 0.0496 -0.9988
vn 0.3382 -0.5145 0.7879
vn -0.0027 -0.9780 -0.2088
vn 0.8605 -0.0497 0.5069
vn 0.6946 0.6845 -0.2212
vn 0.3394 0.8921 -0.2983
vn 0.8510 0.4558 -0.2609
vn -0.0295 -0.8769 0.4798
vn -0.4674 -0.1071 -0.8775
vn -0.7034 -0.2297 -0.6727
vn 0.7751 -0.5224 -0.3554
vn 0.6961 -0.6967 -0.1733
vn -0.4995 -0.5839 -0.6400
vn -0.4075 -0.7975 0.4449
vn -0.4578 -0.6722 0.5818
vn -0.8327 -0.5177 0.1967
vn -0.7227 -0.2158 -0.6566
vn -0.6347 -0.1601 -0.7560
vn -0.2078 -0.9709 -0.1190
vn 0.1055 -0.9787 -0.1761
vn -0.7721 -0.6338 0.0469
vn -0.1482 0.1516 -0.9773
vn -0.0226 -0.0320 -0.9992
vn 0.4035 -0.0994 -0.9096
vn -0.1050 -0.9870 0.1214
vn -0.4728 -0.7662 0.4352
vn -0.4915 -0.7365 0.4648
vn 0.1217 0.5859 0.8012
vn 0.3466 -0.9376 0.0298
vn 0.2370 -0.9361 0.2599
vn 0.0249 -0.7455 0.6660
vn 0.5696 -0.8102 -0.1380
vn 0.7661 -0.5955 0.2421
vn 0.5203 -0.8166 0.2498
vn -0.5438 -0.6844 0.4856
vn -0.0815 -0.0308 -0.9962
vn -0.2758 -0.0126 -0.9611
vn 0.0989 -0.6738 0.7323
vn -0.6698 -0.6839 0.2890
vn 0.6021 0.7982 0.0175
vn 0.5536 0.8320 0.0370
vn -0.6452 -0.7637 -0.0197
vn -0.6350 -0.7707 -0.0520
vn -0.2579 0.7553 -0.6024
vn -0.0393 0.1999 -0.9790
vn 0.5567 0.7938 0.2447
vn 0.6919 0.4664 0.5511
vn 0.6867 0.5386 0.4883
vn -0.2489 -0.9201 0.3026
vn -0.3664 -0.8984 0.2421
vn 0.0001 -0.1214 -0.9926
vn 0.7188 0.2811 -0.6358
vn 0.3925 0.3611 -0.8459
vn 0.7600 0.0523 -0.6478
vn 0.2427 -0.9116 0.3318
vn -0.3999 -0.6874 -0.6063
vn -0.1895 -0.7574 -0.6249
vn -0.1902 0.7059 0.6823
vn -0.3918 0.7103 0.5848
vn -0.3084 0.8458 -0.4353
vn -0.2320 -0.9116 0.3395
vn -0.6148 -0.7666 -0.1852
vn 0.8155 -0.5082 -0.2769
vn 0.9864 -0.0722 -0.1478
vn 0.7799 0.6031 -0.1673
vn -0.1603 -0.4005 -0.9022
vn -0.2650 -0.9232 -0.2785
vn -0.2356 -0.8126 -0.5331
vn -0.3426 -0.9381 -0.0507
vn 0.9429 0.0286 -0.3318
vn 0.8410 -0.0370 -0.5398
vn 0.7493 -0.0746 -0.6580
vn 0.8224 -0.0063 -0.5689
vn 0.8554 0.0233 -0.5175
vn -0.0957 0.2134 0.9723
vn -0.1831 -0.1836 0.9658
vn -0.1402 -0.4490 0.8825
vn -0.2557 -0.4178 0.8718
vn -0.1346 0.6361 -0.7598
vn -0.3215 0.3222 -0.8904
vn -0.1865 0.5485 -0.8151
vn 0.8290 -0.0010 -0.5592
vn 0.8263 0.1779 -0.5343
vn 0.9062 0.1981 -0.3735
vn 0.3384 0.7401 -0.5812
vn -0.0975 0.5733 0.8135
vn 0.0440 -0.7957 -0.6040
vn 0.0526 -0.7758 -0.6288
vn -0.2373 0.9431 -0.2330
vn -0.4756 -0.6832 -0.5541
vn -0.0589 -0.8407 0.5384
vn -0.1763 -0.8799 0.4413
vn -0.0849 -0.9059 0.4149
vn 0.9657 0.0309 0.2577
vn -0.1987 -0.8820 0.4273
vn 0.6000 0.7929 0.1065
vn 0.6885 0.6771 0.2597
vn 0.1262 -0.7325 -0.6690
vn -0.3079 0.1363 -0.9416
vn -0.4246 -0.1195 -0.8975
vn -0.3619 -0.3192 0.8759
vn -0.8304 0.2461 0.4998
vn -0.8083 0.2684 0.5241
vn 0.0210 0.9283 0.3712
vn 0.0372 0.9833 0.1783
vn -0.2310 -0.9128 0.3367
vn -0.2277 -0.9619 0.1510
vn -0.2027 -0.9790 0.0213
vn -0.2527 -0.9673 -0.0225
vn -0.9817 0.1490 0.1184
vn 0.4636 -0.8504 -0.2489
vn -0.8850 -0.3298 0.3287
vn -0.8751 -0.3743 0.3069
vn -0.6943 -0.5285 -0.4886
vn 0.3426 -0.7343 0.5860
vn 0.7902 0.5917 -0.1597
vn -0.9296 -0.0348 0.3669
vn 0.8410 0.5374 -0.0632
vn 0.4333 -0.3190 -0.8429
vn 0.0358 -0.8218 0.5686
vn 0.0823 -0.7681 0.6351
vn -0.7826 -0.5079 0.3600
vn -0.2808 0.6248 0.7285
vn -0.1687 0.8117 0.5592
vn -0.3514 0.7062 0.6146
vn 0.9869 -0.0563 0.1515
vn -0.5805 0.4304 -0.6913
vn -0.7557 0.2894 -0.5875
vn 0.4322 0.2116 -0.8766
vn -0.4745 -0.8030 0.3605
vn 0.2648 -0.7041 0.6589
vn 0.6013 -0.0439 -0.7978
vn 0.1017 0.6538 0.7498
vn 0.0611 -0.9194 0.3886
vn 0.2681 -0.9293 0.2539
vn 0.1653 -0.9373 0.3070
vn -0.7010 -0.0258 0.7127
vn -0.1039 -0.2571 -0.9608
vn 0.6841 0.6456 -0.3395
vn 0.5487 0.6748 -0.4935
vn -0.0665 0.8763 0.4772
vn -0.3623 -0.0812 -0.9285
vn 0.6539 0.5793 -0.4867
vn -0.5441 0.8359 -0.0721
vn -0.1610 -0.4974 0.8525
vn 0.0396 0.9992 0.0019
vn 0.0532 -0.5867 -0.8080
vn -0.1900 -0.8137 -0.5494
vn -0.1185 0.8969 0.4260
vn 0.5076 0.7110 0.4866
vn 0.6061 0.7893 0.0982
vn 0.7569 0.6519 0.0468
vn 0.8538 0.0790 -0.5146
vn -0.6879 -0.6797 -0.2546
vn -0.3740 -0.9179 -0.1327
vn 0.0457 0.9204 0.3882
vn 0.0691 0.9309 0.3586
vn -0.0508 0.9300 0.3640
vn -0.8407 0.5317 -0.1029
vn -0.8258 0.5388 -0.1669
vn -0.8014 0.5979 -0.0152
vn -0.8111 0.5846 -0.0155
vn -0.0022 -0.0221 -0.9998
vn 0.0756 -0.0129 -0.9971
vn 0.0970 -0.1014 -0.9901
vn 0.9180 0.3963 0.0124
vn 0.0752 0.2918 -0.9535
vn -0.1862 -0.9630 -0.1950
vn 0.7293 0.0506 -0.6823
vn 0.2392 -0.4085 0.8809
vn 0.0162 -0.6251 0.7804
vn -0.0378 -0.5044 0.8626
vn 0.1536 -0.4666 0.8710
vn -0.4785 0.2519 0.8412
vn 0.7810 0.1721 -0.6003
vn 0.7834 0.1572 -0.6013
vn 0.5500 0.0074 -0.8351
vn 0.7489 -0.5725 -0.3337
vn -0.0420 -0.4010 0.9151
vn -0.1333 0.9836 -0.1213
vn -0.5817 -0.3715 0.7236
vn 0.5876 -0.4071 -0.6993
vn 0.8042 0.5791 0.1342
vn 0.7439 0.6299 0.2234
vn 0.2664 -0.4801 -0.8357
vn 0.7758 -0.6191 0.1220
vn -0.0774 0.7624 0.6425
vn 0.5326 -0.4244 0.7322
vn 0.2610 0.0396 -0.9645
vn 0.2316 -0.0782 0.9697
vn 0.1751 0.7615 0.6240
vn -0.0223 0.0117 -0.9997
vn -0.0250 -0.0428 -0.9988
vn -0.0215 -0.0161 -0.9996
vn 0.2286 0.8087 -0.5420
vn 0.3415 0.8515 -0.3980
vn 0.4449 0.8672 -0.2237
vn 0.5135 0.8466 -0.1401
vn -0.3062 0.7735 0.5550
vn -0.2122 0.7871 0.5792
vn 0.9296 0.1856 0.3183
vn 0.9503 0.1558 0.2695
vn 0.9197 0.2204 0.3249
vn -0.1261 0.9870 -0.1000
vn -0.2682 0.9583 -0.0986
vn 0.1411 -0.2792 -0.9498
vn -0.1997 0.7082 0.6772
vn -0.1125 0.7067 0.6985
vn 0.7680 -0.6405 0.0044
vn 0.7541 -0.6375 0.1582
vn -0.2941 -0.9544 0.0516
vn -0.3615 -0.9319 -0.0316
vn -0.2473 -0.9564 -0.1551
vn 0.1071 0.6925 0.7135
vn 0.1006 0.6720 0.7337
vn -0.0190 0.0005 -0.9998
vn -0.5697 0.6477 0.5059
vn -0.3912 0.6462 0.6552
vn -0.4275 0.6953 0.5778
vn 0.5545 0.8001 0.2290
vn 0.0364 0.7166 0.6965
vn -0.8765 -0.4743 -0.0826
vn -0.5857 -0.7813 0.2158
vn 0.4260 0.0596 -0.9027
vn 0.2950 0.1090 -0.9493
vn 0.5305 0.0247 -0.8473
vn -0.4009 -0.4295 0.8092
vn -0.6136 0.2370 -0.7532
vn -0.7868 0.2044 -0.5824
vn -0.9117 -0.4039 0.0750
vn 0.7616 0.3475 0.5470
vn 0.0508 -0.8108 0.5832
vn 0.2184 -0.6372 0.7391
vn 0.3389 0.1695 -0.9254
vn 0.3062 0.2014 -0.9304
vn 0.5484 0.8353 -0.0388
vn 0.0593 -0.0445 -0.9972
vn -0.3313 -0.6753 0.6590
vn -0.0769 0.8745 -0.4789
vn -0.4774 -0.8741 0.0896
vn 0.1765 -0.3585 0.9167
vn -0.1554 -0.9722 0.1751
vn -0.9539 0.0359 -0.2981
vn -0.1426 0.9836 -0.1105
vn -0.3757 0.8749 -0.3056
vn -0.2862 0.8719 -0.3974
vn -0.2097 0.9093 -0.3595
vn -0.1649 0.9198 -0.3562
vn -0.9632 0.1198 -0.2406
vn -0.0881 0.9693 0.2295
vn -0.2142 0.9097 0.3558
vn -0.2294 0.9302 0.2866
vn -0.2443 0.9293 0.2771
vn -0.0087 -0.9962 -0.0865
vn 0.5396 -0.4998 0.6775
vn -0.0206 -0.4730 0.8808
vn -0.0744 -0.0326 -0.9967
vn 0.0653 -0.1302 -0.9893
vn 0.7980 0.5164 0.3106
vn -0.0741 0.9936 -0.0857
vn -0.8908 -0.3937 -0.2269
vn -0.9367 -0.0111 -0.3499
vn 0.9322 -0.3156 -0.1770
vn 0.8126 0.4591 -0.3590
vn 0.9495 0.2284 -0.2150
vn 0.6626 0.7230 0.1952
vn 0.4761 0.8576 0.1945
vn -0.8631 0.2412 -0.4436
vn 0.9299 -0.1882 0.3161
vn 0.0588 -0.4493 0.8915
vn 0.0622 -0.3178 0.9461
vn 0.8518 0.4686 0.2343
vn 0.9543 -0.2283 -0.1928
vn -0.9506 -0.3074 0.0440
vn -0.9521 -0.2445 0.1838
vn 0.9820 0.0233 -0.1876
vn -0.1860 0.8857 -0.4253
vn -0.0179 0.9198 -0.3919
vn 0.8543 -0.3237 0.4068
vn 0.2707 0.8408 -0.4687
vn 0.3946 0.9149 0.0848
vn 0.4517 0.8890 0.0753
vn -0.9320 -0.3319 0.1454
vn -0.9815 -0.1700 0.0879
vn -0.1109 -0.9938 -0.0114
vn -0.3885 0.2950 -0.8729
vn 0.8605 0.4461 -0.2462
vn 0.8584 -0.2142 0.4662
vn 0.9116 -0.1009 0.3985
vn -0.7010 0.0928 -0.7071
vn -0.9437 -0.2983 0.1427
vn -0.8934 -0.4401 0.0904
vn 0.5721 0.7753 0.2678
vn 0.6585 0.7182 0.2249
vn 0.3382 -0.9311 -0.1366
vn 0.5389 -0.8392 0.0726
vn 0.8476 -0.5120 0.1392
vn -0.5226 -0.8078 -0.2728
vn -0.4712 -0.8790 -0.0724
vn 0.4813 0.5987 0.6402
vn 0.3446 0.7450 0.5712
vn -0.0221 0.9101 0.4137
vn 0.1072 0.9526 0.2846
vn -0.9899 -0.0967 0.1041
vn -0.0115 -0.9536 0.3008
vn 0.1763 -0.7113 0.6805
vn 0.2230 -0.8326 0.5070
vn -0.0281 -0.9362 0.3504
vn 0.5685 -0.7905 -0.2277
vn 0.5114 0.2463 -0.8233
vn 0.5835 0.3344 -0.7401
vn -0.8221 0.2844 -0.4932
vn 0.6885 -0.6264 -0.3654
vn -0.3465 0.6965 0.6284
vn -0.5354 0.6205 0.5731
vn -0.6523 0.6467 0.3954
vn -0.3774 -0.9205 -0.1013
vn -0.5947 0.2447 -0.7658
vn -0.3003 0.3134 -0.9009
vn -0.1165 0.4317 -0.8945
vn -0.6912 0.1729 -0.7017
vn 0.6736 -0.7192 -0.1703
vn -0.5262 -0.6109 -0.5916
vn -0.4539 -0.6159 -0.6439
vn -0.1020 -0.9470 0.3045
vn -0.0512 -0.9397 0.3382
vn -0.4782 0.3484 -0.8062
vn -0.7158 0.5525 -0.4271
vn -0.7527 0.1443 -0.6423
vn -0.7834 0.0959 -0.6141
vn -0.3323 0.2919 -0.8969
vn -0.1881 0.9819 0.0225
vn -0.0037 0.9747 -0.2236
vn 0.4361 -0.4451 -0.7821
vn -0.3752 -0.7598 0.5310
vn -0.4903 -0.7914 0.3651
vn -0.2733 -0.9233 -0.2698
vn 0.0766 -0.9311 0.3566
vn -0.0149 -0.8745 0.4848
vn -0.1120 -0.9569 0.2678
vn -0.6468 -0.7605 -0.0579
vn 0.0014 -0.9744 0.2247
vn -0.0355 -0.9471 0.3189
vn 0.0529 -0.9288 0.3667
vn 0.6354 -0.0952 0.7663
vn 0.6253 -0.5817 0.5202
vn 0.2151 -0.6911 0.6900
vn 0.2948 -0.6245 0.7233
vn -0.0030 -0.0800 -0.9968
vn -0.1720 0.9725 -0.1571
vn 0.5068 -0.0694 0.8593
vn 0.5970 0.1267 0.7922
vn 0.4557 -0.2649 0.8498
vn 0.0544 0.3695 0.9276
vn 0.0257 0.8748 -0.4839
vn 0.2488 0.9256 -0.2853
vn 0.3261 0.9090 -0.2595
vn 0.6862 -0.7104 -0.1566
vn 0.9667 -0.2386 0.0923
vn -0.2259 0.9705 0.0848
vn 0.9535 0.1388 0.2675
vn -0.1367 -0.9895 -0.0475
vn -0.2503 0.9400 -0.2319
vn 0.0129 -0.9819 0.1888
vn -0.1542 -0.9859 0.0647
vn -0.1343 -0.9525 0.2734
vn -0.0177 -0.8798 0.4750
vn -0.2657 -0.9577 0.1107
vn -0.3449 -0.9352 0.0806
vn -0.2367 -0.5500 -0.8009
vn -0.2855 -0.7158 -0.6373
vn -0.1573 -0.3862 -0.9089
vn 0.5391 0.4592 -0.7061
vn 0.7380 0.3405 -0.5826
vn 0.1790 -0.1917 -0.9650
vn 0.1676 -0.2920 -0.9416
vn -0.8208 -0.5707 -0.0247
vn 0.7000 0.3023 -0.6470
vn 0.5857 0.3906 -0.7102
vn -0.3520 -0.7219 0.5958
vn -0.0051 -0.9805 -0.1964
vn 0.0056 -0.0371 -0.9993
vn 0.1771 -0.1622 -0.9707
vn 0.6046 -0.2408 -0.7593
vn -0.2501 -0.6632 0.7054
vn -0.2018 0.0369 -0.9787
vn -0.3458 -0.0854 -0.9344
vn -0.2156 0.1159 -0.9696
vn 0.1396 -0.8792 0.4554
vn -0.1955 0.0812 -0.9773
vn -0.0792 0.0742 -0.9941
vn 0.5290 0.7649 -0.3675
vn 0.9276 0.3722 -0.0316
vn 0.7398 0.4818 -0.4696
vn -0.5797 -0.4219 -0.6971
vn -0.4376 -0.4976 -0.7489
vn -0.4365 -0.3468 -0.8302
vn 0.4611 0.6898 -0.5582
vn 0.6802 0.6425 -0.3528
vn 0.7078 0.6513 -0.2735
vn 0.9488 -0.2538 -0.1882
vn 0.8107 -0.3650 -0.4577
vn 0.7159 0.1383 -0.6844
vn 0.9529 0.1875 -0.2386
vn -0.4007 -0.1666 0.9009
vn -0.5623 -0.1876 0.8053
vn 0.2516 0.9530 0.1689
vn -0.0704 0.0127 -0.9974
vn -0.3480 -0.2396 -0.9064
vn -0.3106 0.1303 -0.9416
vn 0.2225 0.9301 -0.2922
vn 0.7432 0.3461 -0.5726
vn 0.6422 0.2321 -0.7306
vn -0.9420 0.0817 -0.3255
vn -0.1074 0.9494 0.2950
vn -0.1846 0.7692 0.6117
vn 0.3803 0.8538 -0.3556
vn 0.6961 0.4185 0.5834
vn -0.1793 0.6849 0.7062
vn -0.2358 0.8477 0.4752
vn 0.0003 -0.0367 -0.9993
vn -0.9930 -0.1174 0.0096
vn -0.3900 -0.9125 -0.1232
vn 0.2357 -0.8965 -0.3752
vn 0.6755 0.5804 0.4549
vn -0.5290 -0.8069 0.2628
vn -0.2927 -0.8852 0.3615
vn -0.1874 0.7257 0.6620
vn -0.0700 -0.9764 -0.2045
vn 0.4254 0.4979 -0.7557
vn 0.5425 0.5360 -0.6469
vn 0.3747 -0.5879 0.7169
vn 0.3575 0.9239 0.1362
vn 0.1149 0.6120 -0.7825
vn 0.2770 0.9415 0.1917
vn -0.0362 -0.2892 0.9566
vn -0.2996 0.1719 0.9385
vn -0.3406 0.1255 0.9318
vn 0.5178 0.5076 0.6887
vn 0.1398 0.7819 0.6075
vn 0.0958 0.9363 0.3378
vn 0.2526 0.3527 0.9010
vn 0.5249 0.5132 -0.6790
vn 0.4864 0.5004 -0.7162
vn -0.7107 -0.4295 0.5572
vn -0.3224 -0.0321 0.9461
vn 0.7187 -0.6945 0.0325
vn -0.8884 -0.2186 0.4038
vn -0.1590 0.8767 0.4540
vn -0.9216 0.1715 -0.3482
vn 0.9825 0.1068 -0.1524
vn -0.3694 0.1202 0.9215
vn -0.3312 0.2476 0.9105
vn -0.4762 0.3391 0.8113
vn -0.6646 0.3015 0.6837
vn 0.4096 0.8687 -0.2784
vn 0.0988 0.8475 -0.5216
vn 0.2078 0.8671 -0.4527
vn -0.6663 -0.7378 -0.1087
vn -0.4943 -0.8324 0.2506
vn -0.3990 -0.1076 -0.9106
vn -0.0198 -0.5404 0.8412
vn -0.1273 -0.3493 0.9283
vn 0.1631 -0.3996 0.9021
vn 0.0767 -0.3085 0.9481
vn 0.3556 -0.4186 0.8357
vn 0.1264 0.8816 0.4548
vn -0.4018 -0.9122 -0.0798
vn -0.2048 -0.9116 0.3564
vn -0.1002 0.5677 -0.8171
vn -0.2582 0.3876 -0.8849
vn -0.6403 -0.4258 -0.6394
vn 0.9519 0.3025 -0.0493
vn 0.9662 0.2529 -0.0502
vn -0.6146 -0.7049 0.3541
vn -0.6915 -0.7220 0.0235
vn -0.1403 0.8749 0.4635
vn -0.0699 0.9468 0.3141
vn -0.0319 0.9567 0.2893
vn 0.0146 0.0198 -0.9997
vn 0.1383 -0.1186 -0.9833
vn 0.9286 0.3425 0.1427
vn 0.9577 0.2501 -0.1424
vn 0.9264 0.3615 0.1052
vn -0.1178 0.9698 0.2136
vn 0.1379 -0.9893 0.0471
vn -0.0953 0.9065 -0.4114
vn 0.1504 0.6387 0.7546
vn -0.0143 0.7439 0.6682
vn -0.3215 -0.9462 0.0359
vn -0.2059 -0.9783 -0.0214
vn 0.5916 0.7407 0.3184
vn 0.0105 -0.8248 0.5654
vn 0.9786 0.1782 0.1025
vn 0.9585 0.1504 0.2422
vn 0.1388 -0.8135 0.5647
vn -0.4859 -0.7989 0.3544
vn 0.0351 0.9155 0.4008
vn -0.5955 -0.7976 -0.0961
vn 0.1370 -0.9386 -0.3165
vn 0.1966 -0.8657 -0.4604
vn 0.7697 0.5375 -0.3444
vn 0.8530 -0.2103 0.4777
vn 0.9189 0.3083 -0.2463
vn 0.9897 0.0584 0.1308
vn 0.9850 0.1439 0.0952
vn 0.9863 0.1473 0.0742
vn 0.1843 0.9701 0.1581
vn 0.1408 0.9674 0.2105
vn 0.1952 0.9548 0.2244
vn -0.0604 -0.6196 -0.7826
vn 0.0803 0.7543 0.6516
vn -0.1485 -0.8078 0.5704
vn 0.9234 0.2047 -0.3246
vn 0.7714 0.2933 -0.5647
vn 0.9596 0.1755 -0.2200
vn 0.9847 0.1623 -0.0638
vn 0.0796 0.9803 0.1805
vn -0.8510 -0.5174 -0.0900
vn -0.1426 -0.4086 -0.9015
vn 0.2629 -0.8816 -0.3920
vn 0.7110 0.6355 0.3010
vn 0.8707 0.2453 0.4262
vn 0.8831 0.4432 0.1537
vn -0.5263 -0.3967 0.7521
vn 0.9905 0.0684 0.1197
vn 0.8835 -0.4590 0.0930
vn 0.7666 -0.6352 0.0941
vn -0.1406 0.8265 -0.5450
vn 0.5709 0.3301 -0.7518
vn -0.4663 -0.8243 -0.3210
vn -0.0337 -0.9991 0.0264
vn -0.1999 -0.9704 -0.1353
vn -0.2415 -0.9688 -0.0556
vn 0.2475 0.8706 -0.4252
vn 0.0247 0.9209 -0.3889
vn 0.7398 0.6137 0.2757
vn -0.3878 0.9131 0.1256
vn -0.6863 0.1058 0.7196
vn -0.8238 0.2074 0.5276
vn 0.2809 0.9092 -0.3073
vn 0.2223 0.9613 -0.1626
vn -0.9022 0.1838 -0.3903
vn -0.9927 0.0393 -0.1139
vn -0.9694 0.0963 -0.2259
vn 0.9581 0.2163 -0.1878
vn 0.2752 -0.0343 -0.9608
vn 0.2216 0.9657 -0.1352
vn -0.5047 0.0912 0.8585
vn 0.9138 0.3351 -0.2293
vn 0.8221 -0.2919 0.4888
vn 0.9547 -0.1686 0.2452
vn 0.9988 -0.0346 0.0332
vn -0.7652 -0.5165 -0.3844
vn -0.6880 -0.6079 -0.3964
vn -0.7901 -0.5641 -0.2396
vn -0.8177 -0.3682 -0.4425
vn -0.3217 -0.8876 0.3297
vn 0.9046 0.2664 -0.3329
vn -0.5369 -0.3167 -0.7819
vn 0.9679 0.1790 0.1762
vn 0.9366 0.2516 -0.2438
vn 0.9989 0.0383 0.0276
vn -0.0287 -0.9658 -0.2576
vn 0.2843 -0.9552 -0.0820
vn -0.0765 0.8775 -0.4735
vn -0.6336 0.6820 -0.3653
vn 0.1241 0.8008 -0.5859
vn 0.5454 0.6198 -0.5642
vn 0.6298 0.6056 -0.4864
vn 0.7227 -0.6283 -0.2879
vn 0.3006 0.1040 -0.9481
vn 0.2490 -0.0237 -0.9682
vn 0.3231 -0.1880 -0.9275
vn 0.0210 -0.8046 0.5935
vn -0.8764 0.1935 0.4410
vn -0.8030 0.4084 0.4340
vn -0.0860 0.0133 -0.9962
vn -0.1731 -0.1382 0.9752
vn -0.7780 0.3733 0.5054
vn -0.5483 -0.7817 0.2971
vn 0.4048 -0.8593 0.3128
vn 0.6699 -0.0727 -0.7389
vn 0.6938 0.0110 -0.7201
vn -0.5918 -0.3254 -0.7375
vn 0.3663 -0.9231 -0.1172
vn 0.7528 0.5998 0.2713
vn 0.4553 -0.4187 0.7857
vn 0.4002 -0.5785 0.7107
vn 0.4849 -0.6088 0.6279
vn -0.4564 0.8538 0.2504
vn 0.8864 0.4586 -0.0624
vn -0.0278 0.7663 0.6418
vn 0.5820 0.7271 0.3642
vn -0.3926 0.7470 0.5366
vn 0.4667 -0.8827 -0.0553
vn 0.2563 0.6945 0.6723
vn 0.6199 0.3167 -0.7179
vn 0.7307 0.1663 -0.6622
vn 0.6450 0.7531 -0.1297
vn 0.7307 0.6362 -0.2478
vn 0.2886 -0.2955 0.9107
vn 0.6180 0.1034 0.7793
vn 0.9104 -0.0709 -0.4076
vn 0.9155 -0.0319 -0.4011
vn 0.2555 -0.8218 0.5093
vn -0.1507 -0.8877 0.4350
vn 0.1026 -0.8555 0.5076
vn -0.2625 0.1602 -0.9516
vn -0.4764 0.6950 -0.5385
vn -0.6440 -0.7460 0.1692
vn -0.8247 -0.5655 -0.0026
vn 0.1402 0.2833 -0.9487
vn -0.0714 0.2505 -0.9655
vn -0.5271 -0.7780 0.3419
vn 0.1830 0.9275 0.3259
vn 0.8499 -0.0292 -0.5261
vn 0.8375 -0.4792 -0.2626
vn 0.2330 -0.8265 -0.5124
vn 0.8732 0.2990 0.3849
vn 0.5448 0.2751 0.7921
vn -0.7488 -0.3318 0.5738
vn 0.4746 0.8669 0.1525
vn -0.9427 0.1614 0.2921
vn -0.6160 -0.4248 0.6634
vn -0.7611 -0.3595 0.5399
vn -0.2849 0.2574 -0.9233
vn -0.3256 -0.0746 -0.9426
vn 0.1073 0.4051 -0.9080
vn 0.1132 0.6058 -0.7876
vn 0.5618 -0.3052 -0.7689
vn 0.6583 -0.2773 -0.6998
vn 0.2706 0.4601 -0.8456
vn -0.9117 -0.2777 0.3028
vn -0.8467 -0.2791 0.4530
vn -0.0081 -0.0379 -0.9993
vn -0.0113 -0.0186 -0.9998
vn -0.9580 -0.1775 0.2252
vn -0.9895 -0.1346 0.0522
vn 0.1020 0.3864 0.9167
vn 0.1553 0.4929 0.8561
vn 0.0116 0.5565 0.8308
vn -0.2383 -0.8842 -0.4017
vn 0.9824 0.1167 -0.1459
vn -0.4173 -0.3276 0.8477
vn -0.0193 0.9891 0.1457
vn -0.9671 -0.1971 0.1611
vn -0.4965 0.6662 0.5564
vn -0.8703 0.4856 0.0819
vn 0.4719 0.3208 -0.8212
vn 0.0692 0.4208 -0.9045
vn 0.4449 -0.6798 0.5830
vn 0.2821 -0.3378 -0.8980
vn -0.3739 0.8942 -0.2464
vn -0.2539 -0.0039 -0.9672
vn -0.1757 -0.0896 -0.9804
vn 0.3876 -0.6634 0.6400
vn 0.3401 -0.9093 0.2400
vn 0.1184 0.8992 -0.4212
vn -0.5600 0.7885 -0.2544
vn -0.6805 0.7322 -0.0276
vn -0.8252 0.5332 -0.1863
vn 0.2196 -0.2861 0.9327
vn 0.0445 -0.3587 0.9324
vn -0.1570 -0.3679 0.9165
vn 0.6641 -0.5012 0.5547
vn 0.9077 -0.3375 0.2493
vn -0.0610 0.0195 0.9979
vn 0.0919 -0.0644 0.9937
vn 0.0702 -0.1739 -0.9823
vn 0.4805 0.8768 0.0158
vn 0.4064 0.8966 0.1758
vn -0.8083 0.5192 -0.2776
vn -0.2329 -0.9404 -0.2477
vn -0.5502 -0.6524 -0.5212
vn 0.8817 0.1030 -0.4605
vn 0.9890 0.0750 0.1278
vn 0.9351 -0.0230 0.3538
vn -0.0155 -0.9958 0.0899
vn 0.0907 -0.9959 0.0059
vn -0.0892 -0.9585 0.2708
vn 0.9498 0.1042 -0.2949
vn 0.1372 -0.3909 0.9101
vn -0.7836 0.1116 0.6112
vn -0.7673 0.0218 0.6409
vn -0.8340 0.3320 -0.4408
vn -0.7454 0.4304 -0.5091
vn 0.7580 -0.6336 -0.1550
vn -0.0264 0.7428 -0.6690
vn 0.0349 0.7753 -0.6307
vn -0.2613 -0.9642 0.0458
vn 0.2141 -0.9756 0.0490
vn -0.4848 0.4682 0.7388
vn 0.9327 0.3572 0.0508
vn -0.8309 0.1877 -0.5238
vn -0.7177 -0.6488 0.2528
vn -0.2870 -0.7420 0.6058
vn 0.2618 -0.9627 -0.0690
vn -0.1513 -0.9139 0.3766
vn -0.3111 0.9500 0.0269
vn -0.3645 0.9185 0.1535
vn 0.8717 0.0982 -0.4801
vn 0.6293 0.0953 -0.7713
vn 0.9687 0.2482 0.0071
vn -0.9738 -0.0646 0.2180
vn -0.0379 0.9879 -0.1506
vn -0.1500 0.8324 -0.5335
vn -0.1589 0.8551 -0.4936
vn 0.9418 -0.1063 -0.3189
vn -0.3347 -0.1400 -0.9319
vn -0.2962 -0.0397 -0.9543
vn 0.6448 0.3742 0.6665
vn 0.6322 0.2299 0.7399
vn 0.5469 -0.0315 0.8366
vn 0.2510 0.8750 -0.4139
vn 0.4390 0.8089 -0.3911
vn -0.1514 0.9800 0.1293
vn 0.0389 0.4328 0.9006
vn 0.0736 0.5176 0.8524
vn 0.9970 -0.0700 -0.0345
vn 0.8988 -0.2638 0.3500
vn -0.5112 0.8351 0.2031
vn 0.5511 0.4139 -0.7245
vn 0.6281 0.2908 -0.7217
vn 0.2028 -0.5569 -0.8055
vn -0.7490 -0.6366 0.1836
vn -0.3532 -0.9181 0.1800
vn 0.8873 0.1834 -0.4232
vn 0.9568 0.0109 -0.2904
vn 0.9816 0.1827 -0.0551
vn 0.9452 0.3085 0.1066
vn 0.4838 0.6912 -0.5368
vn 0.3577 0.7541 -0.5509
vn 0.9889 0.1129 -0.0966
vn -0.7698 -0.5883 -0.2478
vn -0.1388 -0.8633 0.4852
vn -0.7676 -0.6365 -0.0750
vn -0.4035 0.9024 0.1511
vn -0.3213 0.9309 0.1737
vn 0.3052 -0.2194 -0.9267
vn 0.5001 -0.3737 -0.7812
vn 0.1953 0.0653 -0.9786
vn -0.2555 0.4709 0.8444
vn 0.1784 -0.9510 0.2526
vn 0.3061 -0.8876 0.3442
vn 0.7781 0.2598 -0.5719
vn 0.8762 0.1217 -0.4663
vn 0.7275 0.3027 -0.6157
vn 0.8425 0.2053 -0.4980
vn -0.8419 -0.3358 0.4225
vn -0.8828 -0.1850 0.4319
vn -0.3298 -0.7264 -0.6029
vn 0.4842 0.6231 -0.6142
vn 0.5930 0.4708 -0.6532
vn 0.4426 0.6106 -0.6567
vn 0.2392 -0.5757 0.7819
vn 0.6045 0.3429 -0.7191
vn -0.1046 0.7993 0.5918
vn 0.7300 -0.1686 -0.6624
vn -0.6672 0.2223 0.7110
vn 0.5312 -0.4853 0.6945
vn 0.4814 -0.6509 0.5870
vn 0.0356 0.6964 -0.7168
vn -0.0622 -0.0589 -0.9963
vn -0.0046 0.1306 -0.9914
vn 0.1837 0.7092 -0.6807
vn 0.5905 -0.0455 0.8058
vn 0.9328 0.2353 0.2729
vn 0.1962 -0.2833 0.9387
vn 0.9350 0.2128 -0.2838
vn 0.0038 0.0222 0.9997
vn 0.4632 0.8692 0.1731
vn 0.4793 0.8525 0.2084
vn -0.1595 0.1971 -0.9673
vn 0.1981 0.9793 0.0421
vn -0.4121 -0.4226 0.8072
vn 0.5578 0.0975 0.8242
vn 0.5936 0.7222 -0.3550
vn -0.5204 0.8532 -0.0341
vn -0.9417 0.2331 0.2427
vn -0.2079 0.0372 0.9774
vn -0.9876 -0.1458 0.0585
vn 0.5020 -0.0074 -0.8649
vn 0.7132 0.2012 0.6714
vn -0.9129 0.3058 0.2703
vn 0.4574 0.7995 -0.3894
vn 0.9734 0.1914 -0.1255
vn 0.7999 -0.5476 0.2458
vn -0.0650 0.9676 0.2439
vn 0.9602 -0.1725 -0.2199
vn 0.8110 -0.2384 -0.5342
vn 0.4874 -0.1716 -0.8562
vn 0.4603 -0.1076 -0.8812
vn -0.5549 0.2749 -0.7852
vn -0.0490 0.9014 -0.4302
vn 0.7488 0.2907 0.5956
vn 0.6910 0.4951 0.5267
vn 0.7336 0.5649 0.3778
vn 0.6749 0.6953 0.2471
vn 0.3007 0.0106 -0.9537
vn 0.4501 0.1607 -0.8784
vn -0.0470 0.0378 -0.9982
vn 0.7754 0.4564 0.4365
vn -0.0174 -0.8844 -0.4665
vn 0.7020 0.5940 0.3930
vn -0.4948 -0.8419 0.2156
vn -0.9322 0.3466 -0.1041
vn -0.9312 0.3593 0.0622
vn 0.4332 0.2009 -0.8786
vn 0.6093 -0.2288 0.7592
vn 0.4322 -0.3552 0.8289
vn 0.0852 0.9932 -0.0795
vn -0.9458 0.2840 -0.1571
vn -0.8964 0.4265 -0.1204
vn -0.0460 -0.0561 -0.9974
vn -0.0555 -0.0388 -0.9977
vn 0.3482 -0.6946 -0.6296
vn 0.0226 -0.8601 0.5097
vn 0.2053 -0.7261 0.6563
vn -0.5451 -0.7886 0.2846
vn 0.6452 0.1174 -0.7549
vn 0.5298 0.1583 -0.8332
vn -0.4759 -0.8602 0.1831
vn -0.1640 0.2781 -0.9465
vn -0.4889 0.2867 -0.8239
vn 0.0217 -0.0353 -0.9991
vn 0.5884 -0.6362 0.4990
vn 0.6392 -0.7265 0.2524
vn -0.4218 -0.9064 -0.0239
vn -0.7250 -0.6838 -0.0823
vn -0.1431 -0.9838 -0.1083
vn 0.1797 -0.8561 -0.4846
vn -0.5634 -0.5136 0.6471
vn -0.4435 0.8952 0.0433
vn -0.9992 0.0041 0.0388
vn 0.4711 -0.6195 -0.6279
vn 0.1071 -0.1425 0.9840
vn 0.1437 -0.2608 0.9546
vn -0.4170 -0.6076 0.6760
vn 0.5799 0.7071 -0.4047
vn 0.8687 0.4746 -0.1418
vn 0.9817 0.1806 -0.0598
vn 0.0598 -0.5538 0.8305
vn -0.2397 0.9549 -0.1754
vn -0.2974 -0.5260 -0.7968
vn 0.9263 0.3729 0.0535
vn -0.4756 0.3528 -0.8058
vn 0.0671 -0.7696 -0.6350
vn 0.7889 0.6053 -0.1059
vn 0.6554 -0.6063 0.4503
vn -0.1221 -0.9012 0.4158
vn -0.2407 0.5448 -0.8033
vn -0.0816 0.9395 0.3326
vn 0.8612 0.3297 0.3869
vn 0.2447 -0.4480 0.8599
vn -0.1930 -0.4734 0.8595
vn -0.2319 -0.4159 0.8793
vn -0.2197 0.6817 -0.6979
vn -0.5014 0.2953 -0.8133
vn -0.5152 0.6775 -0.5249
vn 0.4981 0.1902 0.8460
vn -0.6663 0.3070 -0.6795
vn -0.8553 0.1508 -0.4957
vn 0.5464 0.6922 -0.4715
vn 0.7151 0.5438 -0.4391
vn 0.8223 0.4773 -0.3097
vn -0.8946 0.2565 -0.3659
vn -0.0740 0.9661 -0.2475
vn 0.9178 0.3592 0.1693
vn 0.9272 -0.0139 0.3742
vn 0.9173 0.1179 0.3804
vn -0.0033 0.0019 -1.0000
vn -0.0085 -0.0383 -0.9992
vn 0.9168 0.3846 -0.1079
vn 0.6387 0.6930 -0.3344
vn -0.1683 0.5998 0.7822
vn 0.5828 -0.3665 0.7253
vn 0.5647 -0.3895 0.7276
vn 0.7222 -0.3341 0.6057
vn -0.2405 -0.3532 -0.9041
vn -0.0818 0.7077 0.7017
vn -0.2157 -0.8299 0.5145
vn -0.6449 -0.7640 0.0233
vn -0.5811 -0.7791 0.2350
vn 0.9740 0.0156 -0.2258
vn -0.0217 0.0124 -0.9997
vn -0.0071 0.0241 -0.9997
vn -0.0383 0.0225 -0.9990
vn -0.0290 0.0213 -0.9994
vn 0.3842 0.3384 -0.8590
vn 0.2411 0.5862 -0.7735
vn 0.3875 0.3268 -0.8620
vn 0.2527 0.2331 -0.9390
vn 0.9049 0.3501 -0.2422
vn -0.2881 -0.9568 0.0383
vn -0.4110 -0.7966 -0.4432
vn -0.5829 -0.7906 -0.1876
vn 0.6422 -0.6987 -0.3153
vn 0.6855 -0.6596 -0.3083
vn -0.2760 0.9409 -0.1961
vn 0.0268 -0.4284 -0.9032
vn -0.4460 0.5655 0.6937
vn 0.6892 0.2652 -0.6743
vn -0.2363 -0.9224 0.3055
vn -0.6304 -0.7497 0.2012
vn 0.9113 0.2883 -0.2941
vn 0.9202 0.3397 -0.1945
vn -0.2559 0.8990 -0.3554
vn -0.2492 0.9463 -0.2060
vn -0.1480 0.6569 -0.7393
vn -0.1691 0.7278 -0.6646
vn -0.2240 0.6152 -0.7559
vn -0.2907 -0.9451 -0.1491
vn -0.3733 0.7100 0.5971
vn 0.0487 0.8927 -0.4480
vn -0.1389 0.9294 0.3419
vn -0.1011 -0.6836 -0.7228
vn -0.7141 -0.6977 -0.0577
vn -0.6411 -0.7675 0.0050
vn 0.7168 0.6962 -0.0400
vn 0.9984 0.0124 0.0558
vn 0.8263 0.4636 0.3198
vn 0.3957 -0.0436 0.9174
vn 0.8335 0.5365 0.1320
vn -0.0304 0.8057 0.5916
vn 0.0362 0.8071 0.5894
vn 0.9868 0.0943 -0.1315
vn 0.9605 -0.0915 0.2628
vn 0.4108 -0.4301 0.8039
vn -0.4190 -0.8233 0.3829
vn 0.3756 0.0922 -0.9222
vn 0.3991 0.1096 -0.9103
vn 0.0077 -0.9973 -0.0732
vn 0.3021 -0.0336 -0.9527
vn 0.9825 0.0474 0.1803
vn 0.9573 -0.1291 0.2588
vn 0.6651 -0.2450 0.7055
vn 0.6744 -0.3604 -0.6445
vn -0.4538 0.8900 0.0453
vn -0.0490 0.7732 0.6322
vn -0.0555 0.9648 -0.2570
vn -0.0990 0.9782 -0.1827
vn -0.8944 -0.4458 -0.0362
vn -0.8857 -0.4641 -0.0159
vn 0.9631 0.2433 0.1150
vn 0.7239 -0.2529 0.6419
vn -0.8793 0.2770 -0.3874
vn -0.9123 -0.4056 -0.0562
vn -0.2177 -0.9528 0.2116
vn 0.0940 -0.8227 -0.5606
vn -0.1131 -0.9901 -0.0833
vn 0.1503 -0.7004 -0.6977
vn -0.6549 -0.7554 0.0234
vn -0.6911 -0.7119 0.1251
vn -0.1869 0.9116 -0.3660
vn 0.2502 -0.7665 -0.5915
vn -0.3972 -0.7467 0.5335
vn 0.1686 -0.8191 -0.5483
vn 0.7778 0.2142 -0.5909
vn 0.9063 0.3214 -0.2746
vn 0.7538 0.4541 -0.4750
vn 0.7896 0.2900 -0.5408
vn -0.1148 -0.2914 0.9497
vn -0.3917 -0.8746 0.2859
vn -0.2215 0.2794 -0.9343
vn 0.4211 -0.5662 0.7087
vn -0.8103 0.5742 -0.1173
vn 0.8815 0.4644 -0.0850
vn 0.2989 -0.5012 0.8121
vn -0.5593 -0.7931 0.2411
vn -0.6257 -0.7627 0.1634
vn 0.9069 0.2367 -0.3486
vn 0.4551 -0.8027 0.3855
vn 0.7281 -0.1153 -0.6757
vn 0.3432 0.9381 0.0468
vn 0.1297 0.9828 -0.1314
vn 0.4962 0.8682 0.0024
vn 0.7093 0.5832 0.3960
vn 0.2612 0.9649 -0.0268
vn -0.5982 0.7987 0.0647
vn 0.3948 0.5887 -0.7054
vn 0.4567 0.5644 -0.6876
vn 0.6075 0.5132 -0.6063
vn 0.6615 0.4869 -0.5704
vn 0.9060 0.2667 0.3286
vn 0.8914 0.0035 0.4532
vn 0.1705 0.8429 0.5103
vn -0.3818 0.2318 -0.8947
vn -0.3268 0.9416 -0.0813
vn -0.0488 0.9634 0.2634
vn -0.2067 0.9220 -0.3275
vn 0.1050 0.8415 -0.5299
vn 0.0855 0.8908 -0.4463
vn 0.0209 0.8299 -0.5576
vn -0.6839 0.2362 -0.6903
vn -0.3368 0.9289 -0.1536
vn 0.9389 0.2553 -0.2310
vn -0.6226 -0.7765 0.0968
vn 0.5626 -0.4499 -0.6936
vn 0.4949 0.6438 0.5836
vn 0.3844 0.6748 0.6299
vn 0.0661 -0.3857 -0.9202
vn 0.0046 -0.0657 -0.9978
vn -0.3825 0.2343 0.8938
vn 0.3840 0.4619 0.7995
vn 0.1929 0.9057 0.3776
vn -0.5016 -0.7639 0.4060
vn 0.2254 -0.9311 0.2868
vn -0.8767 0.3323 -0.3478
vn -0.4700 0.0056 -0.8827
vn -0.5272 -0.1802 -0.8304
vn -0.7277 0.3454 -0.5926
vn -0.5800 0.3197 -0.7492
vn 0.3611 0.9223 -0.1376
vn -0.1754 -0.8500 0.4968
vn -0.1828 -0.9076 0.3779
vn -0.7675 -0.0966 -0.6337
vn -0.5609 0.1995 -0.8035
vn -0.9699 0.1254 0.2089
vn -0.5764 0.7725 0.2666
vn 0.0303 -0.1999 -0.9794
vn -0.0157 -0.1569 -0.9875
vn 0.0911 -0.5385 -0.8377
vn -0.0064 0.3140 0.9494
vn -0.6826 -0.5326 0.5004
vn -0.6970 -0.6628 0.2737
vn 0.5846 0.8107 0.0327
vn -0.6217 -0.7555 0.2069
vn -0.2891 -0.7473 0.5983
vn -0.2686 -0.6963 0.6656
vn -0.2683 -0.9034 0.3346
vn 0.0256 -0.6566 0.7538
vn 0.5242 -0.2588 -0.8113
vn -0.3154 -0.9144 0.2539
vn -0.4376 -0.1434 -0.8877
vn -0.3652 0.1996 -0.9093
vn -0.2622 -0.9609 -0.0887
vn -0.2214 -0.8880 -0.4030
vn -0.9915 -0.0787 -0.1031
vn -0.4820 -0.8302 -0.2801
vn -0.2556 -0.9652 0.0546
vn 0.1204 0.8682 0.4813
vn 0.8434 0.3733 -0.3865
vn 0.6428 0.5442 -0.5391
vn -0.0203 -0.7235 0.6900
vn -0.2124 -0.8179 0.5347
vn -0.1152 0.9714 0.2078
vn -0.3358 -0.8366 0.4329
vn 0.3342 -0.4289 0.8393
vn 0.2702 -0.7880 0.5533
vn 0.2928 -0.7557 0.5858
vn -0.1651 0.5992 -0.7834
vn -0.1505 0.6067 -0.7806
vn -0.2453 0.4677 -0.8491
vn -0.1008 0.9949 0.0032
vn -0.0649 0.6581 -0.7501
vn 0.6568 0.3682 0.6580
vn 0.3826 0.2595 0.8867
vn -0.9676 -0.0275 -0.2509
vn 0.4462 -0.6373 0.6284
vn -0.9937 -0.0937 -0.0618
vn 0.1115 -0.4595 0.8812
vn 0.7025 0.5782 0.4148
vn -0.3945 -0.4186 0.8180
vn -0.4625 -0.8440 -0.2716
vn 0.0526 0.8785 0.4748
vn -0.9501 0.3019 -0.0791
vn 0.7707 0.2146 0.6000
vn 0.5757 0.2149 0.7889
vn -0.3558 -0.7562 -0.5492
vn 0.0412 -0.1860 -0.9817
vn 0.1981 -0.8463 0.4944
vn -0.7482 -0.6603 -0.0652
vn 0.0285 -0.0367 -0.9989
vn 0.3510 -0.2505 -0.9022
vn 0.2599 0.9519 0.1621
vn 0.7567 0.5500 -0.3534
vn 0.4757 0.7435 -0.4700
vn -0.7951 0.2753 0.5404
vn -0.1050 -0.4181 -0.9023
vn 0.8275 0.2321 -0.5113
vn 0.4714 0.8818 0.0182
vn -0.0286 0.8798 0.4744
vn -0.1684 -0.9848 0.0430
vn 0.8820 0.4558 -0.1198
vn -0.5547 0.7169 -0.4222
vn -0.3163 -0.2861 -0.9045
vn -0.2839 -0.2294 -0.9310
vn -0.0974 0.9856 -0.1381
vn -0.4955 0.8496 0.1806
vn 0.0371 -0.6727 0.7390
vn -0.5014 0.8630 -0.0611
vn -0.7634 0.6308 -0.1394
vn -0.7817 -0.5308 0.3276
vn 0.2246 0.9053 0.3604
vn 0.0031 -0.0139 -0.9999
vn 0.0153 -0.0353 -0.9993
vn 0.0426 -0.0215 -0.9989
vn 0.6199 0.4892 0.6136
vn -0.0294 0.7903 -0.6120
vn -0.5778 0.8149 0.0457
vn 0.0392 -0.3571 0.9332
vn -0.5297 0.0879 -0.8436
vn 0.7376 -0.0783 -0.6707
vn 0.3130 -0.1315 -0.9406
vn 0.0411 0.9747 -0.2199
vn -0.0925 0.9709 -0.2210
vn -0.3489 -0.9098 -0.2249
vn -0.4146 -0.8808 -0.2285
vn 0.5824 0.8115 0.0486
vn -0.2303 -0.0748 -0.9702
vn -0.1797 0.0225 -0.9835
vn 0.6252 -0.5821 -0.5199
vn 0.3508 0.8806 -0.3186
vn 0.2286 -0.5818 0.7806
vn -0.6435 -0.6350 0.4275
vn -0.8878 -0.3205 -0.3303
vn 0.4160 0.8731 -0.2542
vn 0.9133 -0.0756 0.4001
vn 0.0221 0.9415 -0.3363
vn 0.0525 0.9384 -0.3415
vn -0.0507 0.9800 -0.1926
vn 0.2259 -0.9598 -0.1663
vn -0.2004 0.9234 0.3275
vn 0.3003 -0.5458 0.7823
vn 0.1210 -0.7147 0.6888
vn -0.2259 -0.5826 0.7807
vn -0.5467 -0.2825 0.7883
vn -0.7426 -0.4172 -0.5240
vn -0.4852 -0.0173 -0.8742
vn 0.2334 0.9712 -0.0486
vn -0.9325 -0.3600 -0.0292
vn 0.5346 0.7197 0.4430
vn -0.8734 -0.2841 0.3956
vn -0.9241 -0.3094 0.2243
vn -0.0222 0.7372 -0.6753
vn 0.0058 0.2756 0.9613
vn -0.4863 0.8691 0.0909
vn 0.5940 -0.7386 -0.3187
vn 0.7165 -0.6216 -0.3167
vn -0.5023 0.2552 0.8262
vn 0.4476 -0.7381 -0.5048
vn 0.2061 -0.7538 0.6239
vn 0.6634 0.4990 -0.5575
vn -0.0556 0.9752 -0.2141
vn 0.0417 0.0753 -0.9963
vn -0.9860 -0.0788 0.1467
vn -0.0022 -0.8748 0.4844
vn 0.1350 0.9905 -0.0261
vn 0.4990 -0.8394 -0.2153
vn 0.6996 0.5338 0.4750
vn 0.4638 0.8819 0.0847
vn 0.9904 -0.1378 -0.0078
vn 0.9728 -0.1307 0.1915
vn 0.8279 -0.4886 -0.2755
vn 0.8132 -0.5560 -0.1716
vn 0.6322 0.7368 0.2398
vn 0.6759 0.4221 0.6041
vn -0.6319 -0.6940 -0.3450
vn 0.7379 -0.6746 0.0194
vn -0.3664 -0.8885 -0.2763
vn -0.0875 -0.9654 -0.2456
vn -0.4524 -0.8333 -0.3177
vn -0.4630 -0.7477 -0.4760
vn -0.5390 -0.5998 -0.5914
vn 0.1966 -0.9749 -0.1041
vn -0.1400 -0.9858 -0.0924
vn 0.9934 -0.1064 -0.0427
vn 0.3574 -0.1780 -0.9168
vn 0.1998 0.8907 -0.4083
vn 0.4539 0.8063 0.3793
vn -0.0137 -0.8002 0.5996
vn 0.9370 0.1476 -0.3167
vn 0.6085 0.2299 -0.7595
vn -0.4568 -0.3615 -0.8128
vn -0.2844 0.9516 -0.1164
vn -0.3833 0.5634 0.7319
vn 0.7091 0.4899 0.5072
vn -0.9599 0.1807 -0.2142
vn -0.9941 0.0945 -0.0536
vn -0.8380 0.2811 -0.4677
vn 0.7151 0.2641 -0.6472
vn -0.5596 0.7348 0.3833
vn -0.5353 0.6713 0.5126
vn 0.7717 0.5884 0.2415
vn 0.6775 0.4142 0.6078
vn 0.7778 -0.3456 -0.5250
vn 0.0726 -0.2650 0.9615
vn 0.8176 -0.5701 -0.0810
vn -0.0100 0.9979 -0.0646
vn -0.2809 -0.9560 0.0850
vn -0.0360 -0.0003 -0.9994
vn -0.0177 -0.0874 -0.9960
vn 0.0871 -0.7421 0.6646
vn 0.0036 -0.6949 0.7191
vn 0.4845 -0.3337 0.8087
vn 0.7029 -0.3244 0.6330
vn -0.4461 -0.7960 -0.4092
vn -0.2197 0.4699 0.8549
vn -0.0961 0.7808 0.6173
vn 0.1293 0.8526 0.5063
vn -0.0799 -0.3027 -0.9497
vn -0.1257 -0.4940 -0.8603
vn 0.1904 -0.9211 0.3396
vn 0.8578 0.4528 0.2432
vn 0.0572 -0.7786 0.6250
vn 0.0522 -0.9885 0.1416
vn -0.1516 -0.9338 -0.3240
vn -0.1863 -0.9808 -0.0585
vn 0.0831 -0.5990 0.7965
vn 0.1320 0.6282 0.7667
vn -0.5861 -0.7874 0.1910
vn -0.1685 -0.9665 -0.1936
vn 0.0049 -0.0123 -0.9999
vn -0.5483 0.6925 -0.4689
vn -0.8382 -0.5199 0.1647
vn 0.0825 -0.1595 0.9837
vn -0.5626 -0.8140 0.1448
vn -0.3344 0.4413 -0.8327
vn -0.6940 0.2763 -0.6648
vn 0.0923 -0.7468 -0.6586
vn -0.2588 -0.3560 0.8979
vn 0.1135 0.9311 -0.3465
vn 0.1015 -0.4818 0.8704
vn 0.5803 -0.6032 0.5471
vn 0.3122 0.8854 -0.3444
vn 0.0377 -0.1172 -0.9924
vn -0.5272 -0.6592 -0.5362
vn -0.2975 0.1034 -0.9491
vn -0.0953 -0.2074 -0.9736
vn 0.6864 -0.2498 -0.6830
vn -0.0106 -0.9466 -0.3223
vn -0.1786 -0.9530 -0.2446
vn -0.5091 0.2427 -0.8258
vn -0.3321 0.2374 -0.9129
vn 0.9812 0.0130 -0.1926
vn 0.9955 -0.0943 0.0117
vn 0.2121 -0.8221 0.5284
vn 0.9046 0.1876 -0.3827
vn -0.8554 0.4865 -0.1779
vn 0.3427 0.2415 -0.9079
vn -0.2983 0.9545 -0.0041
vn -0.2909 -0.3422 0.8934
vn 0.8055 0.4785 -0.3496
vn 0.2105 -0.1262 -0.9694
vn -0.2824 -0.9388 -0.1974
vn -0.0296 -0.1027 -0.9943
vn -0.0853 -0.2336 -0.9686
vn -0.8539 -0.2413 0.4610
vn 0.8768 -0.0760 0.4748
vn 0.8877 0.0381 0.4589
vn 0.1138 -0.8012 0.5875
vn 0.1845 0.9728 -0.1401
vn 0.7254 -0.1286 -0.6762
vn -0.4051 -0.0816 -0.9106
vn -0.1509 0.9578 -0.2444
vn 0.3886 -0.4482 -0.8050
vn -0.7750 0.5704 -0.2721
vn -0.6952 0.7170 0.0510
vn 0.9485 0.3097 -0.0667
vn 0.8161 0.2411 0.5253
vn -0.1443 0.8997 -0.4120
vn 0.8404 0.2447 -0.4836
vn -0.8681 0.4559 0.1963
vn -0.2806 0.8763 0.3916
vn -0.2391 -0.9305 0.2775
vn -0.3504 0.8020 0.4838
vn 0.3813 0.0902 0.9201
vn -0.2920 0.8294 0.4763
vn -0.0432 -0.0539 -0.9976
vn 0.4381 0.2489 -0.8638
vn 0.4628 -0.0554 -0.8847
vn -0.6781 -0.5908 0.4373
vn -0.8114 -0.5775 0.0907
vn -0.6715 -0.4237 0.6079
vn -0.5728 -0.8013 0.1724
vn -0.6939 0.6913 -0.2017
vn -0.9444 -0.3289 -0.0035
vn 0.2179 -0.4317 -0.8753
vn 0.5226 -0.4419 -0.7291
vn 0.2938 -0.3566 -0.8869
vn 0.7175 -0.2919 -0.6325
vn 0.9273 -0.1213 -0.3541
vn -0.3377 0.3418 -0.8770
vn 0.0405 -0.3891 0.9203
vn 0.1570 -0.6961 0.7006
vn 0.2070 -0.5635 0.7998
vn 0.6825 -0.5045 0.5289
vn 0.2975 -0.1661 0.9402
vn -0.7039 -0.7091 0.0400
vn 0.0619 0.7800 0.6227
vn -0.0102 -0.7837 0.6211
vn 0.7695 -0.3337 0.5445
vn 0.5789 -0.3941 0.7139
vn -0.4846 0.8678 0.1101
vn -0.2750 0.8833 0.3797
vn -0.4677 0.1725 -0.8669
vn 0.7493 -0.3049 0.5879
vn 0.0804 -0.8405 0.5358
vn -0.1652 -0.5574 0.8137
vn 0.2343 -0.4269 0.8734
vn -0.5750 -0.8107 0.1101
vn 0.7568 0.2884 0.5866
vn -0.1687 -0.9513 -0.2581
vn 0.8867 0.4567 -0.0724
vn -0.0863 0.1056 -0.9907
vn -0.1465 0.1351 -0.9799
vn -0.1616 -0.0029 -0.9869
vn -0.7219 -0.6918 -0.0173
vn -0.2470 -0.9679 0.0465
vn 0.6400 0.4614 -0.6145
vn 0.8831 0.3302 -0.3334
vn 0.4195 0.9077 -0.0056
vn 0.2654 0.8613 -0.4333
vn -0.2340 0.9425 0.2385
vn -0.1733 0.8298 0.5305
vn -0.7731 -0.5354 0.3401
vn 0.9473 0.3187 -0.0331
vn -0.0423 -0.4237 0.9048
vn -0.2132 0.6420 -0.7365
vn -0.0378 -0.0750 -0.9965
vn -0.0498 -0.2166 -0.9750
vn -0.2770 0.1300 0.9520
vn -0.2707 -0.6344 -0.7241
vn -0.0689 -0.8881 0.4545
vn 0.0025 0.0201 -0.9998
vn -0.7571 0.1842 0.6268
vn 0.2096 0.8819 -0.4223
vn 0.7317 0.6815 -0.0084
vn -0.0837 -0.9885 0.1264
vn -0.5226 0.4042 0.7506
vn -0.5440 -0.3865 -0.7448
vn -0.3602 -0.9238 -0.1295
vn 0.9308 0.1912 -0.3117
vn 0.8513 0.1634 -0.4986
vn 0.1720 0.9840 0.0454
vn 0.1078 -0.7537 0.6484
vn -0.1902 0.9354 0.2982
vn 0.3442 -0.4935 -0.7988
vn 0.4480 -0.5764 -0.6834
vn -0.3559 -0.9116 -0.2058
vn 0.1065 0.6935 -0.7125
vn 0.6707 0.4010 0.6240
vn -0.0842 -0.8577 0.5072
vn 0.9710 -0.1975 -0.1346
vn 0.8915 0.2202 -0.3959
vn 0.0344 -0.8159 0.5772
vn -0.2767 -0.9580 -0.0748
vn -0.5001 0.2867 -0.8171
vn -0.2086 -0.6862 -0.6968
vn -0.1003 -0.4483 -0.8883
vn -0.1583 0.9446 0.2874
vn 0.0102 -0.1658 -0.9861
vn -0.0117 -0.0080 -0.9999
vn -0.5001 0.2787 0.8199
vn 0.9985 -0.0246 -0.0497
vn -0.8411 -0.3746 0.3902
vn -0.1143 0.9760 -0.1854
vn -0.1609 0.9856 0.0510
vn 0.0062 -0.2258 -0.9741
vn -0.1078 0.9885 0.1061
vn 0.1208 0.9283 -0.3517
vn 0.4532 -0.0062 -0.8914
vn 0.8372 0.3760 -0.3972
vn 0.4204 0.6021 -0.6788
vn -0.2148 0.4762 -0.8527
vn -0.3896 -0.2445 -0.8879
vn 0.1213 -0.7112 0.6924
vn -0.4709 -0.8516 0.2304
vn -0.1066 -0.6894 0.7165
vn 0.8370 0.4435 -0.3204
vn 0.5072 0.7852 -0.3552
vn 0.0473 0.0027 -0.9989
vn -0.1645 -0.8308 0.5317
vn -0.7050 -0.6777 -0.2089
vn 0.9330 0.0809 -0.3507
vn -0.3704 0.5910 0.7166
vn -0.3915 0.8940 0.2179
vn -0.9308 -0.2048 -0.3027
vn 0.4169 -0.4053 0.8136
vn -0.0436 -0.1765 -0.9833
vn 0.4339 -0.2749 -0.8580
vn -0.9958 0.0540 -0.0741
vn -0.6178 0.2219 0.7544
vn -0.7315 0.6800 -0.0507
vn -0.7984 0.5549 -0.2337
vn 0.8855 0.2306 -0.4033
vn 0.7612 0.3465 -0.5482
vn 0.1039 -0.9071 0.4078
vn 0.1878 -0.0383 -0.9815
vn 0.8153 -0.5654 -0.1247
vn -0.3509 -0.7912 0.5008
vn -0.7288 -0.6702 -0.1405
vn 0.9715 0.1814 0.1526
vn 0.6094 0.2171 0.7626
vn 0.5701 0.0619 0.8192
vn -0.0068 0.0003 -1.0000
vn -0.0760 0.4570 -0.8862
vn 0.0260 0.0050 -0.9997
vn 0.6015 0.7326 0.3185
vn 0.6831 -0.6315 -0.3668
vn -0.0539 0.2403 -0.9692
vn -0.2712 0.3733 -0.8872
vn -0.2467 0.0447 -0.9681
vn -0.4297 -0.8813 0.1967
vn -0.8982 -0.2218 0.3796
vn -0.4526 0.8895 0.0632
vn -0.0732 0.0432 -0.9964
vn 0.4047 0.1337 0.9046
vn 0.0121 0.8876 -0.4604
vn -0.3863 -0.4227 0.8198
vn -0.1894 0.4429 -0.8764
vn 0.7280 -0.6727 0.1322
vn 0.8828 0.1529 -0.4441
vn 0.9721 0.0604 -0.2266
vn 0.1487 -0.2763 -0.9495
vn -0.7246 -0.6888 0.0217
vn 0.8326 0.5387 0.1287
vn 0.4008 -0.3750 -0.8359
vn -0.0190 -0.9267 0.3754
vn 0.2444 -0.8548 0.4578
vn -0.3202 -0.7752 -0.5446
vn -0.6583 0.6358 -0.4031
vn -0.0272 -0.5292 0.8481
vn -0.8705 0.1300 -0.4746
vn 0.2526 -0.3761 -0.8915
vn -0.0037 -0.1944 -0.9809
vn -0.1996 -0.6651 -0.7196
vn -0.2793 -0.9561 -0.0883
vn -0.2016 0.7575 0.6209
vn -0.2697 -0.9629 0.0008
vn 0.0384 -0.0419 -0.9984
vn -0.0009 0.9737 0.2280
vn 0.4622 0.8765 -0.1349
vn -0.6552 0.7099 0.2585
vn -0.0510 -0.1428 -0.9884
vn -0.0054 0.0498 -0.9987
vn -0.9171 -0.1163 0.3812
vn -0.1619 0.9824 0.0932
vn -0.5272 0.8269 0.1956
vn -0.0620 -0.0036 0.9981
vn -0.7694 -0.5626 -0.3023
vn -0.2579 -0.0459 0.9651
vn 0.1807 -0.6458 0.7418
vn -0.3720 -0.8614 0.3459
vn -0.0410 -0.1760 -0.9835
vn 0.0239 -0.8806 0.4733
vn 0.2191 0.5167 -0.8277
vn -0.3068 0.2954 -0.9048
vn 0.5509 0.5358 0.6399
vn -0.8264 0.1777 -0.5343
vn -0.3043 0.2430 -0.9211
vn 0.4581 0.6001 -0.6558
vn -0.0222 0.9242 0.3814
vn 0.0127 -0.2127 -0.9770
vn -0.0915 0.9925 -0.0809
vn 0.4513 0.4789 -0.7530
vn 0.9202 -0.2176 0.3255
vn -0.0309 0.0141 -0.9994
vn -0.0231 -0.0663 -0.9975
vn -0.0387 0.0105 -0.9992
vn 0.3070 0.8445 -0.4387
vn -0.6408 0.5062 0.5773
vn -0.0210 -0.0677 -0.9975
vn -0.0137 0.0275 -0.9995
vn 0.0437 -0.0829 -0.9956
vn 0.0137 -0.0395 -0.9991
vn 0.9522 0.2714 0.1404
usemtl Stanfordbunny
s 1
f 1//1 2//2 3//3
f 4//4 5//5 6//6
f 7//7 8//8 9//9
f 10//10 11//11 12//12
f 13//13 14//14 15//15
f 16//16 17//17 18//18
f 19//19 20//20 21//21
f 22//22 23//23 24//24
f 25//25 26//26 27//27
f 28//28 29//29 30//30
f 31//31 32//32 33//33
f 34//34 35//35 36//36
f 37//37 38//38 39//39
f 40//40 41//41 42//42
f 43//43 44//44 45//45
f 46//46 47//47 48//48
f 49//49 28//28 50//50
f 51//51 52//52 53//53
f 54//54 55//55 56//56
f 57//57 58//58 59//59
f 60//60 61//61 62//62
f 63//63 64//64 65//65
f 66//66 67//67 68//68
f 69//69 70//70 71//71
f 72//72 73//73 74//74
f 75//75 76//76 77//77
f 78//78 79//79 80//80
f 81//81 82//82 83//83
f 84//84 85//85 86//86
f 87//87 88//88 89//89
f 90//90 91//91 92//92
f 93//93 94//94 95//95
f 96//96 97//97 98//98
f 99//99 100//100 101//101
f 102//102 103//103 104//104
f 105//105 106//106 107//107
f 108//108 109//109 110//110
f 111//111 112//112 113//113
f 114//114 115//115 116//116
f 117//117 118//118 119//119
f 120//120 121//121 122//122
f 123//123 124//124 125//125
f 126//126 127//127 128//128
f 129//129 130//130 131//131
f 132//132 133//133 134//134
f 135//135 136//136 137//137
f 138//138 139//139 140//140
f 141//141 134//134 142//142
f 143//143 144//144 145//145
f 146//146 147//147 148//148
f 149//149 150//150 151//151
f 152//152 153//153 154//154
f 155//155 156//156 157//157
f 158//158 159//159 160//160
f 161//161 162//162 163//163
f 164//164 165//165 166//166
f 167//167 168//168 169//169
f 170//170 171//171 172//172
f 173//173 174//174 175//175
f 176//176 177//177 178//178
f 179//179 180//180 181//181
f 182//182 183//183 184//184
f 185//185 186//186 187//187
f 188//188 189//189 190//190
f 191//191 192//192 193//193
f 194//194 195//195 196//196
f 197//197 198//198 199//199
f 200//200 201//201 202//202
f 203//203 204//204 205//205
f 206//206 207//207 208//208
f 209//209 210//210 211//211
f 212//212 213//213 214//214
f 215//215 216//216 217//217
f 218//218 219//219 220//220
f 221//221 222//222 223//223
f 224//224 225//225 226//226
f 227//227 228//228 229//229
f 230//230 231//231 232//232
f 233//233 234//234 235//235
f 236//236 237//237 238//238
f 239//239 240//240 241//241
f 242//242 243//243 244//244
f 245//245 246//246 247//247
f 248//248 249//249 250//250
f 251//251 252//252 253//253
f 254//254 255//255 256//256
f 257//257 258//258 259//259
f 260//260 261//261 262//262
f 263//263 264//264 265//265
f 266//266 267//267 268//268
f 269//269 270//270 271//271
f 272//272 273//273 274//274
f 275//275 276//276 277//277
f 278//278 279//279 280//280
f 281//281 282//282 283//283
f 284//284 285//285 286//286
f 287//287 288//288 289//289
f 290//290 291//291 292//292
f 293//293 294//294 295//295
f 296//296 297//297 298//298
f 68//68 299//299 300//300
f 299//299 301//301 302//302
f 303//303 304//304 305//305
f 306//306 307//307 308//308
f 309//309 310//310 311//311
f 312//312 313//313 314//314
f 315//315 316//316 317//317
f 318//318 319//319 320//320
f 321//321 322//322 323//323
f 242//242 324//324 243//243
f 325//325 326//326 327//327
f 328//328 329//329 330//330
f 331//331 332//332 333//333
f 334//334 335//335 336//336
f 337//337 338//338 339//339
f 340//340 341//341 342//342
f 343//343 344//344 345//345
f 346//346 347//347 348//348
f 349//349 350//350 351//351
f 352//352 353//353 354//354
f 355//355 356//356 357//357
f 358//358 359//359 360//360
f 361//361 362//362 363//363
f 364//364 365//365 366//366
f 367//367 368//368 369//369
f 370//370 371//371 372//372
f 373//373 374//374 375//375
f 376//376 377//377 378//378
f 379//379 380//380 381//381
f 382//382 383//383 384//384
f 385//385 386//386 387//387
f 388//388 389//389 390//390
f 391//391 392//392 393//393
f 394//394 395//395 396//396
f 397//397 398//398 399//399
f 400//400 401//401 402//402
f 403//403 404//404 405//405
f 406//406 407//407 408//408
f 409//409 410//410 411//411
f 412//412 413//413 414//414
f 415//415 416//416 417//417
f 418//418 419//419 420//420
f 196//196 195//195 421//421
f 422//422 423//423 424//424
f 425//425 426//426 427//427
f 428//428 429//429 430//430
f 431//431 432//432 433//433
f 434//434 435//435 436//436
f 437//437 438//438 439//439
f 440//440 441//441 442//442
f 443//443 148//148 147//147
f 444//444 445//445 446//446
f 447//447 448//448 449//449
f 450//450 451//451 452//452
f 453//453 454//454 455//455
f 456//456 457//457 458//458
f 459//459 460//460 461//461
f 462//462 463//463 464//464
f 465//465 466//466 467//467
f 468//468 469//469 470//470
f 318//318 439//439 319//319
f 471//471 472//472 473//473
f 474//474 475//475 476//476
f 477//477 478//478 479//479
f 480//480 481//481 482//482
f 483//483 484//484 485//485
f 486//486 487//487 488//488
f 385//385 489//489 386//386
f 490//490 491//491 492//492
f 493//493 494//494 495//495
f 496//496 497//497 498//498
f 499//499 500//500 501//501
f 502//502 503//503 504//504
f 505//505 506//506 494//494
f 507//507 508//508 509//509
f 510//510 511//511 512//512
f 513//513 514//514 515//515
f 516//516 517//517 518//518
f 519//519 520//520 521//521
f 522//522 523//523 524//524
f 525//525 526//526 527//527
f 528//528 529//529 530//530
f 531//531 532//532 533//533
f 534//534 535//535 536//536
f 537//537 538//538 539//539
f 540//540 541//541 542//542
f 543//543 544//544 545//545
f 546//546 547//547 548//548
f 549//549 550//550 551//551
f 552//552 553//553 554//554
f 555//555 556//556 557//557
f 336//336 335//335 558//558
f 559//559 560//560 561//561
f 562//562 563//563 564//564
f 565//565 566//566 567//567
f 568//568 569//569 570//570
f 571//571 572//572 573//573
f 574//574 575//575 576//576
f 322//322 577//577 323//323
f 578//578 579//579 580//580
f 581//581 582//582 583//583
f 97//97 584//584 585//585
f 586//586 587//587 588//588
f 589//589 590//590 591//591
f 592//592 593//593 594//594
f 595//595 596//596 597//597
f 598//598 599//599 600//600
f 601//601 602//602 603//603
f 604//604 605//605 606//606
f 607//607 608//608 609//609
f 610//610 611//611 612//612
f 613//613 614//614 615//615
f 527//527 526//526 616//616
f 617//617 618//618 619//619
f 620//620 621//621 622//622
f 623//623 624//624 625//625
f 626//626 627//627 628//628
f 629//629 630//630 631//631
f 632//632 633//633 634//634
f 635//635 636//636 637//637
f 638//638 639//639 640//640
f 641//641 642//642 643//643
f 644//644 645//645 646//646
f 647//647 648//648 649//649
f 650//650 466//466 651//651
f 652//652 653//653 654//654
f 655//655 656//656 657//657
f 658//658 659//659 660//660
f 661//661 662//662 663//663
f 664//664 665//665 666//666
f 667//667 668//668 669//669
f 670//670 671//671 672//672
f 644//644 673//673 645//645
f 674//674 675//675 676//676
f 677//677 678//678 679//679
f 90//90 680//680 681//681
f 682//682 683//683 684//684
f 685//685 686//686 687//687
f 688//688 689//689 690//690
f 691//691 692//692 693//693
f 694//694 695//695 696//696
f 521//521 520//520 697//697
f 698//698 699//699 700//700
f 701//701 702//702 703//703
f 704//704 705//705 706//706
f 707//707 708//708 709//709
f 710//710 711//711 712//712
f 713//713 714//714 715//715
f 716//716 717//717 718//718
f 388//388 390//390 719//719
f 503//503 502//502 720//720
f 721//721 722//722 723//723
f 724//724 725//725 726//726
f 727//727 728//728 729//729
f 730//730 731//731 15//15
f 732//732 733//733 734//734
f 735//735 736//736 737//737
f 738//738 739//739 740//740
f 741//741 742//742 743//743
f 744//744 745//745 746//746
f 747//747 748//748 749//749
f 750//750 751//751 752//752
f 753//753 754//754 755//755
f 756//756 757//757 758//758
f 759//759 760//760 761//761
f 761//761 762//762 763//763
f 764//764 765//765 766//766
f 767//767 768//768 769//769
f 770//770 771//771 772//772
f 773//773 774//774 775//775
f 776//776 777//777 303//303
f 778//778 779//779 780//780
f 781//781 782//782 783//783
f 784//784 785//785 786//786
f 787//787 788//788 789//789
f 257//257 790//790 791//791
f 792//792 793//793 794//794
f 795//795 796//796 797//797
f 798//798 799//799 715//715
f 800//800 801//801 802//802
f 803//803 435//435 804//804
f 805//805 806//806 807//807
f 808//808 809//809 810//810
f 811//811 812//812 813//813
f 814//814 815//815 816//816
f 817//817 818//818 819//819
f 820//820 821//821 822//822
f 823//823 824//824 480//480
f 825//825 826//826 827//827
f 828//828 829//829 830//830
f 831//831 832//832 833//833
f 834//834 835//835 836//836
f 837//837 838//838 839//839
f 840//840 841//841 842//842
f 843//843 844//844 845//845
f 811//811 846//846 847//847
f 848//848 849//849 850//850
f 851//851 852//852 853//853
f 854//854 855//855 856//856
f 857//857 858//858 859//859
f 860//860 861//861 862//862
f 863//863 864//864 865//865
f 866//866 867//867 868//868
f 869//869 870//870 871//871
f 872//872 873//873 874//874
f 875//875 363//363 876//876
f 357//357 356//356 877//877
f 878//878 879//879 880//880
f 881//881 882//882 883//883
f 884//884 885//885 886//886
f 887//887 888//888 889//889
f 890//890 891//891 892//892
f 893//893 894//894 895//895
f 355//355 896//896 897//897
f 898//898 899//899 900//900
f 901//901 902//902 903//903
f 904//904 905//905 906//906
f 907//907 908//908 909//909
f 910//910 911//911 912//912
f 913//913 914//914 915//915
f 916//916 917//917 918//918
f 919//919 920//920 688//688
f 921//921 922//922 923//923
f 924//924 925//925 926//926
f 927//927 928//928 929//929
f 284//284 286//286 930//930
f 931//931 932//932 933//933
f 934//934 935//935 936//936
f 937//937 938//938 939//939
f 123//123 940//940 941//941
f 942//942 943//943 944//944
f 945//945 946//946 947//947
f 948//948 949//949 950//950
f 951//951 952//952 953//953
f 568//568 954//954 955//955
f 956//956 957//957 958//958
f 959//959 960//960 961//961
f 596//596 962//962 963//963
f 964//964 965//965 966//966
f 967//967 968//968 969//969
f 823//823 970//970 971//971
f 972//972 973//973 974//974
f 975//975 976//976 977//977
f 978//978 979//979 980//980
f 981//981 982//982 983//983
f 984//984 985//985 986//986
f 987//987 988//988 989//989
f 990//990 991//991 992//992
f 604//604 993//993 605//605
f 994//994 995//995 996//996
f 997//997 998//998 999//999
f 381//381 1000//1000 379//379
f 1001//1001 1002//1002 1003//1003
f 1004//1004 1005//1005 1006//1006
f 1007//1007 689//689 688//688
f 1008//1008 1009//1009 1010//1010
f 1011//1011 1012//1012 1013//1013
f 1014//1014 1015//1015 1016//1016
f 1017//1017 1018//1018 1019//1019
f 1020//1020 1021//1021 1022//1022
f 1023//1023 1024//1024 1025//1025
f 1026//1026 1027//1027 1028//1028
f 1029//1029 1030//1030 1031//1031
f 1032//1032 1033//1033 447//447
f 1034//1034 1035//1035 1036//1036
f 1037//1037 1038//1038 1039//1039
f 1040//1040 1041//1041 1042//1042
f 1043//1043 1044//1044 1045//1045
f 379//379 1046//1046 1047//1047
f 1048//1048 1049//1049 1050//1050
f 1051//1051 1052//1052 1053//1053
f 1054//1054 1055//1055 1056//1056
f 1057//1057 222//222 221//221
f 1058//1058 576//576 1059//1059
f 1060//1060 1061//1061 1062//1062
f 1063//1063 1064//1064 1065//1065
f 1066//1066 1067//1067 1068//1068
f 1069//1069 1070//1070 1071//1071
f 1072//1072 1073//1073 1074//1074
f 1075//1075 1076//1076 1077//1077
f 1078//1078 1079//1079 706//706
f 1080//1080 1081//1081 574//574
f 1082//1082 1083//1083 1084//1084
f 1085//1085 1086//1086 1087//1087
f 1088//1088 1089//1089 1090//1090
f 1091//1091 1092//1092 1093//1093
f 1094//1094 122//122 121//121
f 1095//1095 1096//1096 1097//1097
f 1098//1098 608//608 607//607
f 1099//1099 1100//1100 1101//1101
f 191//191 1102//1102 192//192
f 855//855 1103//1103 856//856
f 1104//1104 1105//1105 1106//1106
f 1107//1107 1108//1108 1109//1109
f 1110//1110 1111//1111 1112//1112
f 1113//1113 1114//1114 1115//1115
f 936//936 1116//1116 934//934
f 1117//1117 727//727 729//729
f 1118//1118 1119//1119 1120//1120
f 467//467 466//466 650//650
f 1121//1121 1122//1122 1123//1123
f 1124//1124 1125//1125 1126//1126
f 1127//1127 1128//1128 1129//1129
f 1130//1130 1131//1131 1132//1132
f 1133//1133 1134//1134 1135//1135
f 1136//1136 1137//1137 1138//1138
f 1139//1139 1140//1140 1141//1141
f 1142//1142 1143//1143 1144//1144
f 1145//1145 1146//1146 1147//1147
f 1148//1148 1149//1149 1150//1150
f 1151//1151 1152//1152 1153//1153
f 1154//1154 1155//1155 1156//1156
f 1157//1157 1158//1158 1159//1159
f 1160//1160 1161//1161 1162//1162
f 1163//1163 1164//1164 1165//1165
f 1166//1166 1167//1167 1168//1168
f 1169//1169 1170//1170 1171//1171
f 1172//1172 1173//1173 1174//1174
f 1175//1175 1176//1176 1177//1177
f 1178//1178 1179//1179 1180//1180
f 1181//1181 146//146 148//148
f 1182//1182 367//367 1183//1183
f 1184//1184 1185//1185 1186//1186
f 1187//1187 1158//1158 1188//1188
f 1189//1189 1190//1190 1191//1191
f 1192//1192 1193//1193 1167//1167
f 1194//1194 1195//1195 1196//1196
f 1197//1197 1198//1198 1199//1199
f 1200//1200 1201//1201 1202//1202
f 251//251 1203//1203 1204//1204
f 1205//1205 1206//1206 1207//1207
f 746//746 1208//1208 744//744
f 536//536 535//535 1209//1209
f 1210//1210 1211//1211 1212//1212
f 1213//1213 1214//1214 1215//1215
f 1216//1216 1217//1217 1218//1218
f 1219//1219 1220//1220 976//976
f 1221//1221 1222//1222 1223//1223
f 1224//1224 1225//1225 1226//1226
f 1227//1227 1228//1228 1229//1229
f 280//280 1230//1230 1231//1231
f 1232//1232 1233//1233 1234//1234
f 1235//1235 1236//1236 1237//1237
f 1238//1238 1051//1051 1239//1239
f 1240//1240 580//580 1241//1241
f 1242//1242 1243//1243 1244//1244
f 1245//1245 1246//1246 1247//1247
f 1248//1248 1249//1249 1250//1250
f 1251//1251 1252//1252 446//446
f 1253//1253 833//833 1254//1254
f 1255//1255 1256//1256 684//684
f 1257//1257 1258//1258 1259//1259
f 1260//1260 1261//1261 1262//1262
f 1263//1263 1264//1264 1265//1265
f 1266//1266 1267//1267 1268//1268
f 1269//1269 1270//1270 1271//1271
f 1272//1272 1273//1273 1274//1274
f 1275//1275 1276//1276 612//612
f 1277//1277 1278//1278 1279//1279
f 1280//1280 1281//1281 1282//1282
f 1283//1283 1284//1284 1285//1285
f 1286//1286 1287//1287 1288//1288
f 1289//1289 1290//1290 1291//1291
f 1292//1292 1293//1293 1294//1294
f 1295//1295 841//841 1296//1296
f 1297//1297 1298//1298 1299//1299
f 1300//1300 1301//1301 1302//1302
f 1303//1303 1304//1304 1305//1305
f 1302//1302 1306//1306 1307//1307
f 1308//1308 1309//1309 1310//1310
f 1311//1311 1312//1312 1313//1313
f 63//63 65//65 1314//1314
f 1315//1315 1316//1316 1317//1317
f 1318//1318 1319//1319 77//77
f 1320//1320 1321//1321 1322//1322
f 1323//1323 1324//1324 1325//1325
f 207//207 1326//1326 1327//1327
f 429//429 1328//1328 430//430
f 1329//1329 403//403 1330//1330
f 1331//1331 1332//1332 1333//1333
f 1334//1334 1335//1335 1336//1336
f 1337//1337 1338//1338 1339//1339
f 370//370 1340//1340 1341//1341
f 1342//1342 1343//1343 1344//1344
f 255//255 1345//1345 858//858
f 1346//1346 1347//1347 1348//1348
f 1349//1349 1350//1350 1351//1351
f 1352//1352 1353//1353 1354//1354
f 1355//1355 1356//1356 1357//1357
f 1358//1358 1359//1359 1360//1360
f 1361//1361 1362//1362 1363//1363
f 1364//1364 1365//1365 1366//1366
f 1367//1367 1368//1368 1369//1369
f 1370//1370 1371//1371 1372//1372
f 1373//1373 1374//1374 1375//1375
f 1376//1376 1377//1377 1378//1378
f 1379//1379 1380//1380 1381//1381
f 531//531 1382//1382 532//532
f 1383//1383 1384//1384 1385//1385
f 1386//1386 855//855 854//854
f 438//438 1387//1387 439//439
f 1388//1388 1389//1389 1390//1390
f 1174//1174 1391//1391 1392//1392
f 1274//1274 1393//1393 1394//1394
f 1395//1395 1396//1396 1397//1397
f 1398//1398 1399//1399 1400//1400
f 1401//1401 1402//1402 1403//1403
f 1404//1404 1405//1405 1406//1406
f 1407//1407 1408//1408 1409//1409
f 926//926 925//925 1410//1410
f 1411//1411 1412//1412 1413//1413
f 1414//1414 1415//1415 1416//1416
f 1417//1417 1418//1418 1419//1419
f 1420//1420 1421//1421 1422//1422
f 1423//1423 1424//1424 1425//1425
f 1426//1426 931//931 933//933
f 1427//1427 1428//1428 1429//1429
f 1430//1430 1431//1431 1432//1432
f 1433//1433 1434//1434 1435//1435
f 450//450 1436//1436 1437//1437
f 1438//1438 1439//1439 1440//1440
f 1441//1441 1442//1442 1443//1443
f 1444//1444 1445//1445 1446//1446
f 686//686 685//685 1447//1447
f 1448//1448 1449//1449 1450//1450
f 1451//1451 1452//1452 1453//1453
f 1454//1454 1455//1455 1456//1456
f 1457//1457 1458//1458 1459//1459
f 1460//1460 1461//1461 1462//1462
f 1463//1463 1464//1464 1465//1465
f 1466//1466 1467//1467 1468//1468
f 1049//1049 1048//1048 1469//1469
f 288//288 287//287 1470//1470
f 1471//1471 1472//1472 868//868
f 1473//1473 1474//1474 1475//1475
f 1476//1476 1477//1477 1478//1478
f 1479//1479 1480//1480 1481//1481
f 1482//1482 796//796 1483//1483
f 1484//1484 1485//1485 1486//1486
f 1487//1487 1488//1488 1489//1489
f 1490//1490 1491//1491 1492//1492
f 1493//1493 785//785 1494//1494
f 815//815 814//814 1495//1495
f 1496//1496 1497//1497 1498//1498
f 1499//1499 1500//1500 1501//1501
f 1502//1502 1503//1503 1504//1504
f 1505//1505 1506//1506 1507//1507
f 1508//1508 1509//1509 1510//1510
f 1511//1511 1512//1512 1513//1513
f 1514//1514 1515//1515 1516//1516
f 1517//1517 1518//1518 1519//1519
f 1520//1520 1521//1521 1522//1522
f 1523//1523 1524//1524 1525//1525
f 1526//1526 1527//1527 1528//1528
f 1529//1529 1530//1530 1531//1531
f 1532//1532 1533//1533 1534//1534
f 1535//1535 1536//1536 1537//1537
f 1538//1538 1539//1539 1540//1540
f 1541//1541 1542//1542 1543//1543
f 1544//1544 1545//1545 1546//1546
f 1547//1547 1548//1548 1549//1549
f 1550//1550 1551//1551 1552//1552
f 1553//1553 262//262 1554//1554
f 1555//1555 1556//1556 1331//1331
f 1557//1557 1477//1477 1476//1476
f 1558//1558 1559//1559 1560//1560
f 1561//1561 1562//1562 1563//1563
f 1564//1564 1565//1565 439//439
f 1566//1566 1567//1567 1568//1568
f 1569//1569 1570//1570 1571//1571
f 1572//1572 1573//1573 1574//1574
f 499//499 1575//1575 1576//1576
f 1577//1577 1578//1578 1579//1579
f 1580//1580 1581//1581 1582//1582
f 1583//1583 956//956 1584//1584
f 1585//1585 1586//1586 1587//1587
f 1588//1588 1589//1589 1590//1590
f 1591//1591 774//774 773//773
f 1130//1130 1132//1132 1592//1592
f 1593//1593 1594//1594 1595//1595
f 1596//1596 1597//1597 1598//1598
f 1599//1599 1600//1600 1601//1601
f 299//299 302//302 1602//1602
f 1603//1603 1604//1604 1605//1605
f 1606//1606 589//589 1607//1607
f 1608//1608 1609//1609 1610//1610
f 1611//1611 1612//1612 1613//1613
f 1614//1614 1615//1615 1616//1616
f 1617//1617 1618//1618 1619//1619
f 78//78 80//80 1620//1620
f 1621//1621 1622//1622 1623//1623
f 1624//1624 1625//1625 1626//1626
f 1627//1627 1628//1628 1629//1629
f 1630//1630 1631//1631 1632//1632
f 1633//1633 1634//1634 1635//1635
f 1633//1633 1635//1635 1636//1636
f 1637//1637 1638//1638 1639//1639
f 1640//1640 1641//1641 1642//1642
f 1643//1643 1644//1644 1645//1645
f 1646//1646 1647//1647 1648//1648
f 1649//1649 1650//1650 1651//1651
f 1652//1652 1653//1653 1654//1654
f 1655//1655 1656//1656 1370//1370
f 115//115 511//511 116//116
f 1657//1657 1658//1658 1659//1659
f 1660//1660 232//232 231//231
f 1661//1661 1662//1662 1663//1663
f 1664//1664 1665//1665 1666//1666
f 1667//1667 1668//1668 501//501
f 1669//1669 1670//1670 1671//1671
f 1672//1672 1673//1673 1674//1674
f 1675//1675 1676//1676 1677//1677
f 1255//1255 1678//1678 1609//1609
f 1679//1679 1680//1680 1681//1681
f 1682//1682 1683//1683 1684//1684
f 1685//1685 1686//1686 1687//1687
f 1688//1688 1689//1689 1690//1690
f 1691//1691 1689//1689 1692//1692
f 1693//1693 1694//1694 1695//1695
f 1068//1068 1696//1696 1066//1066
f 1697//1697 555//555 557//557
f 1698//1698 1699//1699 1700//1700
f 1701//1701 1702//1702 1703//1703
f 1704//1704 1705//1705 1706//1706
f 531//531 635//635 637//637
f 1707//1707 1708//1708 266//266
f 1709//1709 1710//1710 1711//1711
f 1712//1712 1713//1713 1714//1714
f 1715//1715 1716//1716 1717//1717
f 1718//1718 623//623 622//622
f 1719//1719 1720//1720 1721//1721
f 1355//1355 1722//1722 1723//1723
f 1724//1724 1725//1725 1726//1726
f 1727//1727 1728//1728 1729//1729
f 967//967 1730//1730 968//968
f 1731//1731 1732//1732 1733//1733
f 1004//1004 1002//1002 1734//1734
f 1735//1735 1736//1736 1737//1737
f 1738//1738 1739//1739 1740//1740
f 1463//1463 1741//1741 1028//1028
f 1525//1525 1742//1742 1743//1743
f 1744//1744 1745//1745 1746//1746
f 270//270 269//269 161//161
f 1747//1747 1748//1748 1749//1749
f 1076//1076 1750//1750 1751//1751
f 847//847 846//846 1752//1752
f 1753//1753 1754//1754 1755//1755
f 1756//1756 1757//1757 1758//1758
f 1759//1759 1708//1708 1707//1707
f 1760//1760 656//656 655//655
f 1761//1761 1762//1762 1763//1763
f 1764//1764 1765//1765 1766//1766
f 1767//1767 1768//1768 1769//1769
f 1770//1770 1771//1771 1772//1772
f 1773//1773 1774//1774 1775//1775
f 1776//1776 1777//1777 1778//1778
f 1779//1779 1780//1780 1781//1781
f 1782//1782 1783//1783 1784//1784
f 1785//1785 1786//1786 1787//1787
f 223//223 1788//1788 1789//1789
f 511//511 510//510 1790//1790
f 893//893 895//895 1791//1791
f 1792//1792 1793//1793 1794//1794
f 1795//1795 1796//1796 1797//1797
f 1798//1798 1799//1799 1800//1800
f 1801//1801 1449//1449 1448//1448
f 1802//1802 1803//1803 1804//1804
f 1805//1805 1806//1806 1807//1807
f 1490//1490 1492//1492 1808//1808
f 1809//1809 1810//1810 1811//1811
f 1812//1812 217//217 216//216
f 1813//1813 1814//1814 1815//1815
f 1816//1816 1817//1817 1818//1818
f 1819//1819 1820//1820 1821//1821
f 1822//1822 1823//1823 1824//1824
f 1825//1825 1826//1826 1827//1827
f 1828//1828 1829//1829 1830//1830
f 1831//1831 1832//1832 376//376
f 1833//1833 1834//1834 1835//1835
f 24//24 1836//1836 22//22
f 1837//1837 1838//1838 1839//1839
f 1840//1840 1841//1841 1842//1842
f 1843//1843 1844//1844 346//346
f 1845//1845 1846//1846 1844//1844
f 1847//1847 940//940 1848//1848
f 1849//1849 1850//1850 1851//1851
f 1852//1852 1853//1853 1854//1854
f 1855//1855 1856//1856 1857//1857
f 1858//1858 1749//1749 1859//1859
f 1860//1860 1861//1861 1862//1862
f 1863//1863 1864//1864 1865//1865
f 259//259 1866//1866 95//95
f 1867//1867 1868//1868 1869//1869
f 1870//1870 1871//1871 312//312
f 676//676 1872//1872 1873//1873
f 1874//1874 1875//1875 1876//1876
f 1764//1764 1766//1766 1877//1877
f 1878//1878 1879//1879 1880//1880
f 1104//1104 1881//1881 1882//1882
f 1883//1883 1884//1884 665//665
f 1885//1885 1886//1886 1887//1887
f 1625//1625 1624//1624 1888//1888
f 1889//1889 1890//1890 1891//1891
f 1892//1892 1893//1893 1894//1894
f 1895//1895 1896//1896 1897//1897
f 1897//1897 1898//1898 1895//1895
f 1899//1899 1900//1900 1901//1901
f 1902//1902 1903//1903 1904//1904
f 1905//1905 1906//1906 1907//1907
f 1908//1908 1909//1909 1910//1910
f 1911//1911 1912//1912 1913//1913
f 788//788 1914//1914 1915//1915
f 1916//1916 1917//1917 1918//1918
f 1588//1588 1590//1590 1919//1919
f 600//600 1920//1920 1921//1921
f 1920//1920 1922//1922 1923//1923
f 1924//1924 1925//1925 1926//1926
f 1925//1925 1927//1927 1677//1677
f 1928//1928 1929//1929 1930//1930
f 1931//1931 1932//1932 1725//1725
f 1933//1933 174//174 1934//1934
f 1935//1935 1936//1936 1934//1934
f 1937//1937 1938//1938 1939//1939
f 1940//1940 1941//1941 1276//1276
f 1942//1942 1943//1943 1944//1944
f 1944//1944 1945//1945 1946//1946
f 1947//1947 1948//1948 1949//1949
f 1950//1950 1951//1951 1952//1952
f 1953//1953 1954//1954 1955//1955
f 1956//1956 1957//1957 1958//1958
f 1959//1959 1960//1960 1961//1961
f 1962//1962 1963//1963 1964//1964
f 1965//1965 1966//1966 1458//1458
f 35//35 34//34 1967//1967
f 1968//1968 1969//1969 1970//1970
f 1971//1971 1972//1972 1973//1973
f 1974//1974 1975//1975 1976//1976
f 1977//1977 1978//1978 1979//1979
f 630//630 1980//1980 1981//1981
f 568//568 955//955 569//569
f 1982//1982 1983//1983 1984//1984
f 1985//1985 1986//1986 1987//1987
f 1988//1988 1989//1989 1990//1990
f 1991//1991 1992//1992 1426//1426
f 1968//1968 1993//1993 1994//1994
f 1995//1995 1996//1996 1997//1997
f 1998//1998 1999//1999 2000//2000
f 2001//2001 2002//2002 2003//2003
f 2004//2004 2005//2005 2006//2006
f 775//775 2007//2007 2008//2008
f 2009//2009 2010//2010 2011//2011
f 2012//2012 2013//2013 2014//2014
f 2015//2015 2016//2016 2017//2017
f 2017//2017 2018//2018 2015//2015
f 2019//2019 2020//2020 2021//2021
f 2022//2022 2023//2023 2024//2024
f 2025//2025 2026//2026 2027//2027
f 2028//2028 2029//2029 2030//2030
f 2031//2031 2032//2032 2033//2033
f 2034//2034 2035//2035 2036//2036
f 2037//2037 2038//2038 2039//2039
f 2040//2040 2041//2041 2042//2042
f 2043//2043 2044//2044 2045//2045
f 2046//2046 2047//2047 2048//2048
f 1135//1135 2049//2049 2050//2050
f 2051//2051 149//149 2052//2052
f 2053//2053 1127//1127 1129//1129
f 2054//2054 2055//2055 2053//2053
f 2056//2056 2057//2057 2058//2058
f 2059//2059 2060//2060 2061//2061
f 2062//2062 2063//2063 2064//2064
f 2065//2065 2066//2066 2067//2067
f 2068//2068 2069//2069 2070//2070
f 2071//2071 2072//2072 2073//2073
f 2074//2074 2075//2075 2076//2076
f 2077//2077 2078//2078 2079//2079
f 1058//1058 1059//1059 2080//2080
f 2081//2081 2082//2082 2083//2083
f 2084//2084 2085//2085 2086//2086
f 202//202 2087//2087 2088//2088
f 2089//2089 2090//2090 2091//2091
f 2092//2092 2093//2093 2094//2094
f 2095//2095 2096//2096 2097//2097
f 393//393 959//959 2098//2098
f 2099//2099 185//185 2100//2100
f 2101//2101 2102//2102 2103//2103
f 1749//1749 2104//2104 2105//2105
f 639//639 2106//2106 2107//2107
f 2108//2108 2109//2109 2110//2110
f 2111//2111 2112//2112 2113//2113
f 2114//2114 2115//2115 2116//2116
f 868//868 1472//1472 2117//2117
f 784//784 741//741 2118//2118
f 2119//2119 913//913 2120//2120
f 2121//2121 2122//2122 2123//2123
f 2124//2124 2125//2125 2126//2126
f 2127//2127 2128//2128 709//709
f 2129//2129 2130//2130 2131//2131
f 2132//2132 2133//2133 2134//2134
f 2135//2135 1742//1742 2136//2136
f 2137//2137 2138//2138 2139//2139
f 2140//2140 2141//2141 2142//2142
f 2143//2143 2144//2144 2145//2145
f 2146//2146 2147//2147 2148//2148
f 1694//1694 2149//2149 1695//1695
f 2150//2150 2151//2151 2152//2152
f 2153//2153 2154//2154 1883//1883
f 2155//2155 2156//2156 2157//2157
f 2158//2158 2159//2159 2160//2160
f 2161//2161 2162//2162 2163//2163
f 2164//2164 2165//2165 2166//2166
f 2167//2167 2168//2168 2169//2169
f 303//303 777//777 2170//2170
f 244//244 2171//2171 2172//2172
f 617//617 2173//2173 618//618
f 2174//2174 2175//2175 2176//2176
f 2177//2177 2178//2178 2179//2179
f 2180//2180 2181//2181 2182//2182
f 2183//2183 2184//2184 2185//2185
f 2186//2186 2187//2187 2188//2188
f 2189//2189 2190//2190 1441//1441
f 2191//2191 2192//2192 2193//2193
f 2194//2194 2195//2195 2196//2196
f 2197//2197 2198//2198 2199//2199
f 2124//2124 2200//2200 2125//2125
f 776//776 2201//2201 777//777
f 2202//2202 2203//2203 2204//2204
f 89//89 2205//2205 2206//2206
f 2207//2207 2208//2208 2209//2209
f 2210//2210 2211//2211 2212//2212
f 333//333 2213//2213 2214//2214
f 908//908 2215//2215 2216//2216
f 2217//2217 1802//1802 2218//2218
f 2217//2217 2219//2219 2220//2220
f 2221//2221 2222//2222 2223//2223
f 2224//2224 2225//2225 2226//2226
f 2227//2227 2228//2228 2229//2229
f 2230//2230 2231//2231 2232//2232
f 2233//2233 2234//2234 547//547
f 2235//2235 826//826 2236//2236
f 2237//2237 2238//2238 2239//2239
f 369//369 2240//2240 2241//2241
f 2242//2242 2243//2243 2244//2244
f 2245//2245 2246//2246 2247//2247
f 2248//2248 2249//2249 2250//2250
f 2251//2251 2252//2252 2253//2253
f 2254//2254 2255//2255 2256//2256
f 2257//2257 2255//2255 2258//2258
f 1717//1717 2259//2259 2260//2260
f 2261//2261 2262//2262 2263//2263
f 2264//2264 2265//2265 2266//2266
f 102//102 2267//2267 103//103
f 2268//2268 2269//2269 2270//2270
f 2271//2271 2272//2272 2273//2273
f 2274//2274 2275//2275 2276//2276
f 2277//2277 2278//2278 2279//2279
f 2280//2280 2281//2281 2282//2282
f 2283//2283 2284//2284 2285//2285
f 2286//2286 2287//2287 72//72
f 2288//2288 2289//2289 2290//2290
f 2291//2291 2292//2292 2293//2293
f 2294//2294 2295//2295 2296//2296
f 2297//2297 2298//2298 2299//2299
f 679//679 2300//2300 677//677
f 2301//2301 2302//2302 2303//2303
f 2304//2304 2301//2301 1085//1085
f 2305//2305 2306//2306 2307//2307
f 2308//2308 2309//2309 2310//2310
f 2311//2311 2312//2312 2313//2313
f 1734//1734 2314//2314 2315//2315
f 2316//2316 2317//2317 2318//2318
f 1674//1674 2319//2319 2320//2320
f 238//238 2321//2321 2322//2322
f 2323//2323 2324//2324 2325//2325
f 2326//2326 2327//2327 2328//2328
f 2329//2329 2330//2330 2331//2331
f 2332//2332 2333//2333 679//679
f 2334//2334 2335//2335 1477//1477
f 2336//2336 2337//2337 2338//2338
f 2339//2339 2340//2340 2341//2341
f 2342//2342 2343//2343 2344//2344
f 2345//2345 2346//2346 2347//2347
f 2348//2348 2349//2349 2350//2350
f 1207//1207 1206//1206 2351//2351
f 2352//2352 2353//2353 2354//2354
f 1572//1572 2355//2355 2356//2356
f 2357//2357 2358//2358 1126//1126
f 2359//2359 2360//2360 2361//2361
f 2362//2362 2363//2363 2364//2364
f 2365//2365 2366//2366 2367//2367
f 2368//2368 2369//2369 843//843
f 2370//2370 107//107 2371//2371
f 2372//2372 2373//2373 2374//2374
f 2375//2375 2376//2376 2377//2377
f 2378//2378 2379//2379 2380//2380
f 416//416 2381//2381 417//417
f 2382//2382 2383//2383 772//772
f 2384//2384 2385//2385 2386//2386
f 2387//2387 2388//2388 2389//2389
f 2390//2390 2363//2363 2391//2391
f 2392//2392 2393//2393 2394//2394
f 2395//2395 1957//1957 2396//2396
f 2397//2397 55//55 54//54
f 2398//2398 2399//2399 2400//2400
f 2401//2401 2402//2402 2403//2403
f 2404//2404 2403//2403 2405//2405
f 2406//2406 1338//1338 2407//2407
f 2408//2408 1291//1291 1290//1290
f 2409//2409 2410//2410 2411//2411
f 1143//1143 2412//2412 1144//1144
f 2413//2413 2414//2414 2415//2415
f 2413//2413 2415//2415 2416//2416
f 2417//2417 2418//2418 2419//2419
f 2420//2420 2421//2421 2417//2417
f 2422//2422 2423//2423 2424//2424
f 2425//2425 2426//2426 2427//2427
f 2428//2428 2429//2429 2430//2430
f 2431//2431 2432//2432 2433//2433
f 2434//2434 2435//2435 421//421
f 2434//2434 2436//2436 2437//2437
f 2438//2438 2439//2439 2440//2440
f 2441//2441 2442//2442 2443//2443
f 2444//2444 2445//2445 2446//2446
f 2447//2447 2448//2448 2449//2449
f 1459//1459 2450//2450 2451//2451
f 2452//2452 2453//2453 2029//2029
f 2454//2454 2455//2455 2456//2456
f 1718//1718 2457//2457 623//623
f 2458//2458 2459//2459 2460//2460
f 2461//2461 1687//1687 1686//1686
f 2462//2462 2463//2463 2464//2464
f 2465//2465 2466//2466 995//995
f 1167//1167 2467//2467 1164//1164
f 1190//1190 2468//2468 1191//1191
f 2469//2469 2470//2470 1457//1457
f 2471//2471 2472//2472 2473//2473
f 2474//2474 2475//2475 1442//1442
f 2476//2476 2477//2477 2478//2478
f 317//317 316//316 2479//2479
f 1072//1072 2480//2480 1073//1073
f 2481//2481 2482//2482 1906//1906
f 2483//2483 2484//2484 2485//2485
f 2486//2486 1167//1167 2487//2487
f 1190//1190 1167//1167 2488//2488
f 2044//2044 2489//2489 2045//2045
f 2490//2490 2491//2491 2492//2492
f 2493//2493 2494//2494 2495//2495
f 2496//2496 2497//2497 2498//2498
f 1914//1914 2499//2499 1915//1915
f 2500//2500 2501//2501 1912//1912
f 2502//2502 400//400 2503//2503
f 2504//2504 2505//2505 779//779
f 355//355 2506//2506 896//896
f 2507//2507 135//135 137//137
f 2508//2508 101//101 2509//2509
f 2007//2007 2510//2510 2511//2511
f 2208//2208 2207//2207 2512//2512
f 193//193 192//192 2513//2513
f 2175//2175 1456//1456 2514//2514
f 35//35 1967//1967 2515//2515
f 2516//2516 2517//2517 2518//2518
f 2519//2519 805//805 2520//2520
f 2132//2132 2521//2521 84//84
f 2522//2522 2523//2523 2524//2524
f 882//882 2525//2525 883//883
f 2526//2526 2284//2284 2527//2527
f 2528//2528 2529//2529 2530//2530
f 516//516 1796//1796 517//517
f 2531//2531 2532//2532 2533//2533
f 2534//2534 2535//2535 2536//2536
f 2537//2537 2538//2538 2539//2539
f 2540//2540 2541//2541 2542//2542
f 2543//2543 2544//2544 543//543
f 1195//1195 2545//2545 2546//2546
f 2547//2547 2548//2548 2549//2549
f 2550//2550 880//880 2551//2551
f 2552//2552 2553//2553 2554//2554
f 2555//2555 2556//2556 2557//2557
f 2558//2558 1730//1730 967//967
f 165//165 2559//2559 166//166
f 817//817 2560//2560 818//818
f 1497//1497 156//156 2561//2561
f 1380//1380 2562//2562 2563//2563
f 534//534 536//536 2564//2564
f 2565//2565 1231//1231 2566//2566
f 404//404 2565//2565 2566//2566
f 1603//1603 2567//2567 2568//2568
f 2569//2569 2570//2570 2571//2571
f 2572//2572 2573//2573 2574//2574
f 1171//1171 2575//2575 2576//2576
f 2577//2577 2280//2280 2282//2282
f 2578//2578 2579//2579 2580//2580
f 2581//2581 1114//1114 2582//2582
f 2583//2583 2584//2584 2585//2585
f 2586//2586 2587//2587 2588//2588
f 2589//2589 1840//1840 1842//1842
f 2590//2590 2591//2591 2592//2592
f 2593//2593 2594//2594 2595//2595
f 2596//2596 2597//2597 1505//1505
f 2598//2598 891//891 890//890
f 2599//2599 2600//2600 2601//2601
f 2602//2602 2599//2599 2603//2603
f 2604//2604 2605//2605 2606//2606
f 1579//1579 1578//1578 2607//2607
f 2608//2608 2609//2609 2610//2610
f 2611//2611 2612//2612 2613//2613
f 825//825 2236//2236 826//826
f 2614//2614 2615//2615 2616//2616
f 2617//2617 2618//2618 2619//2619
f 611//611 2620//2620 2621//2621
f 2622//2622 2623//2623 2624//2624
f 2625//2625 1550//1550 2626//2626
f 2627//2627 2628//2628 2629//2629
f 2630//2630 2631//2631 2632//2632
f 1388//1388 1390//1390 2633//2633
f 667//667 2634//2634 668//668
f 11//11 10//10 2635//2635
f 2636//2636 2637//2637 936//936
f 2638//2638 2639//2639 2640//2640
f 2641//2641 1783//1783 1782//1782
f 180//180 179//179 2642//2642
f 2643//2643 170//170 172//172
f 871//871 870//870 2644//2644
f 2645//2645 2644//2644 2646//2646
f 2647//2647 2648//2648 2300//2300
f 2649//2649 2650//2650 2651//2651
f 2652//2652 2653//2653 2654//2654
f 1022//1022 1021//1021 2655//2655
f 552//552 2656//2656 553//553
f 728//728 1323//1323 2657//2657
f 2658//2658 1232//1232 2659//2659
f 690//690 2660//2660 141//141
f 2661//2661 171//171 170//170
f 2662//2662 2663//2663 2664//2664
f 2665//2665 2666//2666 2667//2667
f 2668//2668 2669//2669 2670//2670
f 998//998 2671//2671 999//999
f 2672//2672 2673//2673 2674//2674
f 2675//2675 2350//2350 2676//2676
f 2677//2677 897//897 2678//2678
f 2679//2679 2680//2680 2681//2681
f 2679//2679 2681//2681 2649//2649
f 1364//1364 1159//1159 1365//1365
f 859//859 2682//2682 857//857
f 741//741 743//743 2118//2118
f 2683//2683 2684//2684 783//783
f 2685//2685 2686//2686 2687//2687
f 2688//2688 2689//2689 2690//2690
f 2691//2691 2692//2692 2101//2101
f 2693//2693 210//210 2694//2694
f 2093//2093 2092//2092 2695//2695
f 2696//2696 2697//2697 2698//2698
f 2699//2699 2700//2700 2701//2701
f 456//456 2702//2702 457//457
f 2703//2703 2704//2704 2705//2705
f 2706//2706 564//564 563//563
f 692//692 2067//2067 2066//2066
f 2707//2707 2708//2708 1753//1753
f 2709//2709 2710//2710 2711//2711
f 2712//2712 2713//2713 2714//2714
f 2715//2715 2716//2716 2717//2717
f 2718//2718 2719//2719 2716//2716
f 2720//2720 2226//2226 2721//2721
f 2722//2722 2723//2723 1950//1950
f 2724//2724 2725//2725 738//738
f 2726//2726 2727//2727 2728//2728
f 2729//2729 2730//2730 2731//2731
f 2732//2732 1808//1808 1492//1492
f 2733//2733 2734//2734 318//318
f 2735//2735 1563//1563 1562//1562
f 2736//2736 2737//2737 2738//2738
f 2739//2739 661//661 1109//1109
f 2740//2740 2424//2424 2423//2423
f 1657//1657 2741//2741 2742//2742
f 2743//2743 2744//2744 2745//2745
f 324//324 2746//2746 2747//2747
f 2748//2748 2749//2749 439//439
f 2735//2735 1562//1562 439//439
f 2750//2750 2751//2751 2752//2752
f 2753//2753 2754//2754 2755//2755
f 2538//2538 2537//2537 2756//2756
f 1798//1798 2757//2757 1799//1799
f 2758//2758 2759//2759 2760//2760
f 2761//2761 2758//2758 2762//2762
f 2763//2763 2764//2764 2765//2765
f 2766//2766 2202//2202 2767//2767
f 2768//2768 2769//2769 2770//2770
f 2709//2709 428//428 2771//2771
f 2772//2772 2773//2773 2774//2774
f 2625//2625 2775//2775 1550//1550
f 2776//2776 2777//2777 2778//2778
f 2779//2779 2780//2780 2781//2781
f 2782//2782 2783//2783 2784//2784
f 2785//2785 2302//2302 2366//2366
f 2786//2786 2787//2787 2751//2751
f 2788//2788 2789//2789 2790//2790
f 2791//2791 2322//2322 2321//2321
f 2792//2792 2140//2140 2793//2793
f 1953//1953 1955//1955 2794//2794
f 626//626 628//628 2795//2795
f 2796//2796 2748//2748 2797//2797
f 2780//2780 2798//2798 2781//2781
f 2799//2799 2800//2800 2801//2801
f 216//216 2802//2802 2803//2803
f 2804//2804 2805//2805 615//615
f 2806//2806 2262//2262 2261//2261
f 2807//2807 2808//2808 2809//2809
f 2810//2810 2809//2809 2811//2811
f 2812//2812 2813//2813 2814//2814
f 2815//2815 2816//2816 2817//2817
f 2533//2533 2818//2818 2531//2531
f 2819//2819 2573//2573 2820//2820
f 2821//2821 2822//2822 2823//2823
f 2821//2821 2279//2279 2824//2824
f 2825//2825 2826//2826 2827//2827
f 2825//2825 2828//2828 2826//2826
f 2829//2829 2830//2830 2831//2831
f 2830//2830 606//606 605//605
f 201//201 2832//2832 2833//2833
f 2834//2834 2835//2835 2836//2836
f 2837//2837 2838//2838 2839//2839
f 1571//1571 2840//2840 1569//1569
f 1851//1851 2841//2841 1849//1849
f 2842//2842 2843//2843 2844//2844
f 2199//2199 2845//2845 2197//2197
f 2846//2846 2847//2847 2273//2273
f 2848//2848 1944//1944 2849//2849
f 2849//2849 2850//2850 2851//2851
f 2852//2852 2853//2853 2854//2854
f 917//917 2855//2855 918//918
f 1723//1723 1722//1722 2856//2856
f 1723//1723 2856//2856 2857//2857
f 2858//2858 591//591 2859//2859
f 2491//2491 2860//2860 2861//2861
f 2862//2862 2863//2863 2864//2864
f 2865//2865 2866//2866 2867//2867
f 1286//1286 2868//2868 2869//2869
f 2869//2869 2868//2868 2870//2870
f 1674//1674 2871//2871 2319//2319
f 2872//2872 1926//1926 2873//2873
f 1773//1773 1775//1775 2874//2874
f 2875//2875 2876//2876 2877//2877
f 2878//2878 2879//2879 2880//2880
f 2881//2881 2882//2882 2883//2883
f 2668//2668 2884//2884 2885//2885
f 2886//2886 898//898 2887//2887
f 2888//2888 2889//2889 2890//2890
f 2891//2891 2892//2892 2893//2893
f 2894//2894 2895//2895 2896//2896
f 2897//2897 2731//2731 2898//2898
f 2899//2899 2900//2900 2901//2901
f 2668//2668 2670//2670 2902//2902
f 2308//2308 2903//2903 2309//2309
f 2904//2904 1337//1337 2905//2905
f 2906//2906 2907//2907 545//545
f 2908//2908 1288//1288 2909//2909
f 2910//2910 981//981 1298//1298
f 2911//2911 2912//2912 2913//2913
f 2914//2914 2915//2915 2916//2916
f 2917//2917 2918//2918 2919//2919
f 2920//2920 972//972 974//974
f 2921//2921 2922//2922 2923//2923
f 2924//2924 2925//2925 2926//2926
f 2927//2927 2928//2928 2929//2929
f 2930//2930 1620//1620 2931//2931
f 78//78 1620//1620 2932//2932
f 2933//2933 2934//2934 105//105
f 2935//2935 2936//2936 812//812
f 2937//2937 2938//2938 2939//2939
f 2938//2938 2937//2937 2940//2940
f 2941//2941 2942//2942 2943//2943
f 2944//2944 2945//2945 2946//2946
f 646//646 2947//2947 2948//2948
f 2949//2949 2159//2159 2950//2950
f 2951//2951 2952//2952 2953//2953
f 2954//2954 2955//2955 2956//2956
f 2957//2957 848//848 850//850
f 1889//1889 2958//2958 1890//1890
f 2959//2959 2960//2960 1533//1533
f 1768//1768 2961//2961 2962//2962
f 1600//1600 2788//2788 1601//1601
f 2788//2788 2787//2787 1601//1601
f 1224//1224 1226//1226 2963//2963
f 2964//2964 856//856 1103//1103
f 518//518 52//52 51//51
f 2965//2965 2966//2966 2967//2967
f 2968//2968 2969//2969 2970//2970
f 2971//2971 2733//2733 2972//2972
f 1166//1166 1168//1168 2973//2973
f 2974//2974 2975//2975 2976//2976
f 2977//2977 2978//2978 2979//2979
f 2980//2980 2981//2981 2982//2982
f 2983//2983 2984//2984 2985//2985
f 2986//2986 2987//2987 1440//1440
f 215//215 2802//2802 216//216
f 1407//1407 1409//1409 2988//2988
f 2989//2989 2990//2990 1888//1888
f 474//474 2991//2991 475//475
f 2992//2992 2467//2467 1167//1167
f 2974//2974 1165//1165 2975//2975
f 2993//2993 2994//2994 2995//2995
f 2996//2996 2052//2052 2997//2997
f 2998//2998 2999//2999 3000//3000
f 755//755 3001//3001 3002//3002
f 3003//3003 3004//3004 3005//3005
f 3006//3006 3007//3007 3008//3008
f 3009//3009 3010//3010 3011//3011
f 3012//3012 3013//3013 3014//3014
f 3015//3015 3016//3016 1428//1428
f 3017//3017 3018//3018 1962//1962
f 3019//3019 3020//3020 3021//3021
f 3022//3022 1280//1280 1282//1282
f 3023//3023 3024//3024 1821//1821
f 3025//3025 3026//3026 3027//3027
f 3028//3028 852//852 851//851
f 3029//3029 3030//3030 3031//3031
f 3032//3032 3033//3033 3034//3034
f 3035//3035 1221//1221 1223//1223
f 3036//3036 3037//3037 3038//3038
f 3039//3039 3040//3040 3041//3041
f 3042//3042 3043//3043 3044//3044
f 3045//3045 418//418 420//420
f 3046//3046 3047//3047 3048//3048
f 3049//3049 3048//3048 1344//1344
f 1006//1006 1005//1005 3050//3050
f 3051//3051 3052//3052 3053//3053
f 3054//3054 3055//3055 2645//2645
f 3056//3056 3057//3057 3058//3058
f 3039//3039 3041//3041 3059//3059
f 3060//3060 3061//3061 3062//3062
f 2305//2305 3063//3063 2306//2306
f 3064//3064 3065//3065 3066//3066
f 3067//3067 2389//2389 3068//3068
f 3069//3069 3070//3070 3071//3071
f 487//487 837//837 1886//1886
f 3072//3072 1886//1886 837//837
f 3073//3073 3074//3074 3075//3075
f 3076//3076 3077//3077 392//392
f 3078//3078 3079//3079 3080//3080
f 3081//3081 3082//3082 3083//3083
f 3084//3084 3085//3085 311//311
f 3086//3086 1919//1919 3087//3087
f 3088//3088 2853//2853 2852//2852
f 1727//1727 3089//3089 3090//3090
f 1230//1230 3091//3091 3092//3092
f 30//30 3093//3093 3094//3094
f 1087//1087 3095//3095 3096//3096
f 3097//3097 3098//3098 3099//3099
f 751//751 3100//3100 752//752
f 3101//3101 3102//3102 3103//3103
f 3104//3104 3105//3105 3106//3106
f 2223//2223 3104//3104 3107//3107
f 3085//3085 3108//3108 311//311
f 3109//3109 3110//3110 2145//2145
f 3111//3111 3081//3081 3112//3112
f 3113//3113 3114//3114 1184//1184
f 3115//3115 3116//3116 3117//3117
f 3118//3118 3119//3119 3120//3120
f 3121//3121 797//797 3122//3122
f 269//269 162//162 161//161
f 3123//3123 3124//3124 3125//3125
f 3126//3126 634//634 2584//2584
f 3127//3127 3128//3128 3129//3129
f 529//529 3130//3130 530//530
f 3131//3131 2499//2499 3132//3132
f 3133//3133 3134//3134 3135//3135
f 1352//1352 1354//1354 3136//3136
f 3137//3137 3138//3138 3139//3139
f 3140//3140 2803//2803 3141//3141
f 3141//3141 3142//3142 3140//3140
f 3143//3143 3144//3144 3145//3145
f 3146//3146 3147//3147 3148//3148
f 3149//3149 1517//1517 1519//1519
f 3150//3150 3151//3151 3152//3152
f 3153//3153 945//945 947//947
f 710//710 3154//3154 711//711
f 3155//3155 3156//3156 1118//1118
f 3157//3157 3158//3158 3159//3159
f 1975//1975 3160//3160 1977//1977
f 3161//3161 3162//3162 3163//3163
f 3164//3164 3165//3165 3166//3166
f 3167//3167 3168//3168 3169//3169
f 904//904 2862//2862 2864//2864
f 904//904 828//828 830//830
f 3170//3170 3171//3171 3172//3172
f 654//654 653//653 3173//3173
f 3174//3174 3175//3175 3176//3176
f 3177//3177 3178//3178 911//911
f 523//523 3179//3179 3180//3180
f 1870//1870 312//312 3181//3181
f 3182//3182 3183//3183 3184//3184
f 3185//3185 3186//3186 3187//3187
f 3188//3188 3189//3189 3190//3190
f 3191//3191 1145//1145 3192//3192
f 3193//3193 3194//3194 3195//3195
f 2214//2214 3196//3196 3197//3197
f 3198//3198 3199//3199 3200//3200
f 3201//3201 3202//3202 3185//3185
f 1293//1293 3203//3203 3204//3204
f 3205//3205 3206//3206 3207//3207
f 3208//3208 3209//3209 3210//3210
f 3211//3211 3212//3212 3213//3213
f 195//195 3214//3214 3215//3215
f 3216//3216 2199//2199 3217//3217
f 3218//3218 3219//3219 120//120
f 1041//1041 2347//2347 2346//2346
f 2267//2267 3220//3220 103//103
f 595//595 597//597 3221//3221
f 1243//1243 551//551 3222//3222
f 1865//1865 3223//3223 1863//1863
f 3224//3224 3225//3225 3226//3226
f 3227//3227 1044//1044 3228//3228
f 3229//3229 3230//3230 3231//3231
f 3229//3229 3232//3232 3230//3230
f 3233//3233 3234//3234 684//684
f 3235//3235 3236//3236 3237//3237
f 577//577 3238//3238 3239//3239
f 3240//3240 3241//3241 3242//3242
f 3243//3243 3244//3244 3245//3245
f 1905//1905 1909//1909 3246//3246
f 3247//3247 3248//3248 3249//3249
f 3250//3250 3251//3251 3252//3252
f 3253//3253 3254//3254 3255//3255
f 3256//3256 3257//3257 3258//3258
f 3229//3229 806//806 3259//3259
f 3260//3260 3261//3261 3145//3145
f 3262//3262 3263//3263 3264//3264
f 3265//3265 943//943 942//942
f 1381//1381 3266//3266 3267//3267
f 3268//3268 3269//3269 3270//3270
f 2220//2220 2219//2219 3271//3271
f 69//69 1303//1303 1305//1305
f 1912//1912 3272//3272 1913//1913
f 3273//3273 3274//3274 3275//3275
f 3276//3276 3277//3277 3278//3278
f 1792//1792 3279//3279 1793//1793
f 2194//2194 2196//2196 3280//3280
f 1873//1873 1872//1872 3281//3281
f 3282//3282 3283//3283 3284//3284
f 3285//3285 3286//3286 903//903
f 586//586 2941//2941 2943//2943
f 2882//2882 3287//3287 2883//2883
f 3288//3288 1591//1591 773//773
f 3289//3289 3058//3058 3290//3290
f 3291//3291 3292//3292 3293//3293
f 3294//3294 2928//2928 3295//3295
f 2767//2767 3296//3296 3297//3297
f 3298//3298 1693//1693 1695//1695
f 3299//3299 3300//3300 3301//3301
f 126//126 866//866 868//868
f 3302//3302 661//661 663//663
f 3303//3303 1019//1019 3304//3304
f 3305//3305 593//593 592//592
f 2479//2479 3305//3305 3306//3306
f 3307//3307 2177//2177 2179//2179
f 3308//3308 3309//3309 3310//3310
f 538//538 3311//3311 3312//3312
f 3282//3282 1176//1176 3283//3283
f 3313//3313 3314//3314 3315//3315
f 3316//3316 3317//3317 3318//3318
f 3319//3319 1983//1983 3320//3320
f 3321//3321 3322//3322 3323//3323
f 3324//3324 2725//2725 2724//2724
f 231//231 230//230 3324//3324
f 3325//3325 183//183 3326//3326
f 3327//3327 3328//3328 3329//3329
f 1593//1593 1595//1595 3330//3330
f 3331//3331 3330//3330 3332//3332
f 3333//3333 3334//3334 3335//3335
f 894//894 893//893 3336//3336
f 3337//3337 3338//3338 3339//3339
f 3340//3340 3189//3189 3341//3341
f 3342//3342 2213//2213 3343//3343
f 3344//3344 3345//3345 3346//3346
f 3347//3347 3348//3348 3349//3349
f 3350//3350 3351//3351 2020//2020
f 380//380 379//379 3352//3352
f 3123//3123 3125//3125 3353//3353
f 195//195 3354//3354 3355//3355
f 3355//3355 3356//3356 1656//1656
f 3357//3357 3358//3358 3359//3359
f 3360//3360 3361//3361 1821//1821
f 3362//3362 3315//3315 3363//3363
f 3364//3364 3365//3365 3366//3366
f 3367//3367 2172//2172 2171//2171
f 3368//3368 2328//2328 3369//3369
f 1493//1493 786//786 785//785
f 3370//3370 3371//3371 3372//3372
f 502//502 3373//3373 3374//3374
f 46//46 3375//3375 3376//3376
f 3377//3377 3378//3378 3379//3379
f 3380//3380 3381//3381 3382//3382
f 1972//1972 3383//3383 3384//3384
f 3385//3385 3386//3386 3387//3387
f 1667//1667 273//273 1668//1668
f 1574//1574 3388//3388 3389//3389
f 3390//3390 24//24 23//23
f 3391//3391 3392//3392 3393//3393
f 502//502 3374//3374 3394//3394
f 668//668 2634//2634 3395//3395
f 1618//1618 3396//3396 1619//1619
f 2732//2732 1492//1492 3397//3397
f 2888//2888 2890//2890 3398//3398
f 2888//2888 3398//3398 2602//2602
f 3399//3399 3400//3400 3401//3401
f 3402//3402 1612//1612 1611//1611
f 3403//3403 3404//3404 3405//3405
f 3406//3406 3407//3407 3408//3408
f 3409//3409 3410//3410 1602//1602
f 2610//2610 2609//2609 3411//3411
f 3412//3412 1364//1364 1366//1366
f 2210//2210 2212//2212 3413//3413
f 3414//3414 3415//3415 3416//3416
f 3417//3417 3418//3418 3419//3419
f 669//669 1701//1701 1703//1703
f 3420//3420 1703//1703 3421//3421
f 589//589 591//591 3422//3422
f 3423//3423 3424//3424 3425//3425
f 3426//3426 2297//2297 2299//2299
f 3427//3427 1816//1816 1818//1818
f 3428//3428 3429//3429 3430//3430
f 3431//3431 3432//3432 3433//3433
f 3434//3434 1199//1199 1198//1198
f 3435//3435 3436//3436 3437//3437
f 2464//2464 3438//3438 2462//2462
f 2464//2464 3439//3439 3438//3438
f 991//991 990//990 2549//2549
f 3440//3440 3441//3441 3442//3442
f 2559//2559 3443//3443 166//166
f 2998//2998 3444//3444 3445//3445
f 2783//2783 3446//3446 3447//3447
f 2782//2782 1105//1105 2783//2783
f 2314//2314 3448//3448 2315//2315
f 3449//3449 3450//3450 3333//3333
f 3451//3451 3452//3452 3453//3453
f 3427//3427 3454//3454 1816//1816
f 3455//3455 2580//2580 2579//2579
f 550//550 549//549 3456//3456
f 3457//3457 1173//1173 3458//3458
f 3105//3105 1321//1321 3106//3106
f 3459//3459 3460//3460 260//260
f 3461//3461 1953//1953 2794//2794
f 1480//1480 3462//3462 3463//3463
f 3464//3464 3465//3465 3463//3463
f 3466//3466 1606//1606 1607//1607
f 3467//3467 1528//1528 3468//3468
f 1974//1974 3469//3469 29//29
f 3470//3470 3471//3471 1828//1828
f 3472//3472 678//678 3473//3473
f 3474//3474 1794//1794 3475//3475
f 3476//3476 3477//3477 3478//3478
f 3479//3479 3480//3480 703//703
f 3481//3481 3482//3482 1214//1214
f 983//983 3483//3483 3404//3404
f 261//261 1554//1554 262//262
f 3484//3484 3485//3485 3486//3486
f 962//962 3487//3487 963//963
f 3465//3465 3464//3464 3488//3488
f 3489//3489 3490//3490 3491//3491
f 3492//3492 3493//3493 3494//3494
f 3495//3495 1349//1349 3496//3496
f 3497//3497 3498//3498 3499//3499
f 325//325 742//742 326//326
f 3500//3500 3481//3481 1216//1216
f 3501//3501 3502//3502 3503//3503
f 3503//3503 3502//3502 3504//3504
f 1990//1990 1989//1989 3505//3505
f 3506//3506 3507//3507 3508//3508
f 1330//1330 3509//3509 3510//3510
f 3511//3511 3494//3494 3493//3493
f 3512//3512 2593//2593 3513//3513
f 928//928 3514//3514 3515//3515
f 3055//3055 3054//3054 3516//3516
f 3492//3492 3054//3054 3493//3493
f 3517//3517 2089//2089 2091//2091
f 3518//3518 3519//3519 3520//3520
f 3521//3521 2726//2726 3522//3522
f 3523//3523 3524//3524 737//737
f 3308//3308 3525//3525 3309//3309
f 3526//3526 3307//3307 3527//3527
f 2827//2827 3528//3528 3529//3529
f 2037//2037 3530//3530 2038//2038
f 1259//1259 1258//1258 1680//1680
f 1680//1680 1679//1679 3531//3531
f 3532//3532 3533//3533 3534//3534
f 3535//3535 3536//3536 3537//3537
f 3538//3538 2719//2719 2718//2718
f 3539//3539 3540//3540 3541//3541
f 3542//3542 3543//3543 3544//3544
f 395//395 3545//3545 396//396
f 3546//3546 3547//3547 1853//1853
f 3548//3548 3549//3549 3550//3550
f 3551//3551 3552//3552 337//337
f 1776//1776 117//117 3553//3553
f 3554//3554 2071//2071 2073//2073
f 273//273 1667//1667 274//274
f 3555//3555 759//759 3556//3556
f 2230//2230 3557//3557 2231//2231
f 3558//3558 3559//3559 3560//3560
f 3561//3561 3562//3562 3563//3563
f 360//360 359//359 3564//3564
f 3565//3565 2894//2894 2896//2896
f 3566//3566 1340//1340 370//370
f 3567//3567 3568//3568 3569//3569
f 3570//3570 3552//3552 1035//1035
f 337//337 3552//3552 3570//3570
f 1572//1572 2356//2356 1573//1573
f 3571//3571 1573//1573 3572//3572
f 3573//3573 3574//3574 3575//3575
f 3576//3576 3577//3577 263//263
f 3578//3578 2935//2935 812//812
f 1752//1752 3579//3579 847//847
f 3171//3171 3580//3580 3581//3581
f 1653//1653 3582//3582 1654//1654
f 3583//3583 1675//1675 1677//1677
f 1268//1268 3584//3584 1266//1266
f 2258//2258 3585//3585 2257//2257
f 1037//1037 1039//1039 3586//3586
f 3587//3587 584//584 3588//3588
f 3589//3589 3590//3590 3591//3591
f 74//74 2540//2540 3592//3592
f 3593//3593 3594//3594 3595//3595
f 1594//1594 3596//3596 3597//3597
f 2023//2023 3351//3351 3350//3350
f 3598//3598 3599//3599 3600//3600
f 2549//2549 990//990 3601//3601
f 1139//1139 3602//3602 1140//1140
f 3603//3603 3604//3604 3594//3594
f 3605//3605 3606//3606 3607//3607
f 3608//3608 3609//3609 3610//3610
f 3611//3611 3612//3612 3613//3613
f 390//390 389//389 3614//3614
f 2714//2714 2713//2713 3615//3615
f 3616//3616 3617//3617 2713//2713
f 3618//3618 3619//3619 1059//1059
f 3618//3618 3620//3620 3619//3619
f 3621//3621 1451//1451 1453//1453
f 2757//2757 3622//3622 3623//3623
f 149//149 3624//3624 150//150
f 3625//3625 865//865 864//864
f 3626//3626 3627//3627 1434//1434
f 451//451 754//754 452//452
f 3628//3628 2169//2169 2168//2168
f 1604//1604 3629//3629 3630//3630
f 3631//3631 3632//3632 3633//3633
f 363//363 1468//1468 3634//3634
f 724//724 726//726 3635//3635
f 2122//2122 3636//3636 2123//2123
f 3637//3637 1488//1488 3638//3638
f 865//865 3639//3639 863//863
f 3620//3620 1167//1167 3640//3640
f 3620//3620 3640//3640 3619//3619
f 3641//3641 2570//2570 2569//2569
f 204//204 3642//3642 3643//3643
f 2590//2590 338//338 3644//3644
f 180//180 2689//2689 2688//2688
f 1647//1647 3645//3645 1648//1648
f 94//94 831//831 95//95
f 3646//3646 3647//3647 3648//3648
f 3649//3649 3650//3650 3651//3651
f 3652//3652 876//876 3653//3653
f 3654//3654 3655//3655 3656//3656
f 1419//1419 3657//3657 2588//2588
f 2588//2588 3657//3657 3658//3658
f 3659//3659 3660//3660 3661//3661
f 3419//3419 3662//3662 3417//3417
f 3663//3663 3664//3664 3665//3665
f 562//562 433//433 432//432
f 1765//1765 3666//3666 3667//3667
f 998//998 3668//3668 472//472
f 3669//3669 3670//3670 3671//3671
f 794//794 247//247 246//246
f 2961//2961 2960//2960 2959//2959
f 1060//1060 1064//1064 1063//1063
f 483//483 485//485 3672//3672
f 3673//3673 3674//3674 2572//2572
f 3675//3675 3676//3676 277//277
f 3677//3677 3678//3678 3679//3679
f 3680//3680 3681//3681 3650//3650
f 3682//3682 853//853 852//852
f 3683//3683 3684//3684 3685//3685
f 3686//3686 25//25 27//27
f 3687//3687 956//956 958//958
f 1724//1724 1726//1726 3688//3688
f 3689//3689 200//200 3690//3690
f 732//732 3691//3691 3689//3689
f 2454//2454 2456//2456 2457//2457
f 3692//3692 624//624 3693//3693
f 1463//1463 1465//1465 28//28
f 3694//3694 1977//1977 3160//3160
f 1733//1733 909//909 3695//3695
f 3696//3696 3697//3697 909//909
f 3698//3698 3146//3146 3148//3148
f 3699//3699 3700//3700 2581//2581
f 3701//3701 952//952 2442//2442
f 3702//3702 3703//3703 2417//2417
f 665//665 664//664 3704//3704
f 1370//1370 1656//1656 3705//3705
f 3706//3706 3707//3707 3708//3708
f 2486//2486 3709//3709 1167//1167
f 3710//3710 3711//3711 3712//3712
f 3713//3713 3714//3714 3715//3715
f 1562//1562 3716//3716 439//439
f 3717//3717 3716//3716 3718//3718
f 491//491 3719//3719 492//492
f 558//558 3720//3720 336//336
f 3721//3721 3722//3722 1032//1032
f 3723//3723 3722//3722 3724//3724
f 1405//1405 3725//3725 2944//2944
f 3726//3726 3727//3727 3728//3728
f 3729//3729 3730//3730 3323//3323
f 1936//1936 1933//1933 1934//1934
f 827//827 826//826 3731//3731
f 3732//3732 826//826 3733//3733
f 3734//3734 3735//3735 3736//3736
f 3737//3737 1594//1594 1593//1593
f 1997//1997 3738//3738 1995//1995
f 2476//2476 3739//3739 3715//3715
f 2158//2158 2160//2160 3740//3740
f 3741//3741 3742//3742 3743//3743
f 3744//3744 3745//3745 3746//3746
f 3744//3744 3747//3747 3745//3745
f 3748//3748 3749//3749 3750//3750
f 3751//3751 3752//3752 3753//3753
f 3754//3754 439//439 3755//3755
f 3754//3754 3755//3755 3756//3756
f 3534//3534 3757//3757 3532//3532
f 3758//3758 3759//3759 3760//3760
f 3761//3761 3762//3762 3763//3763
f 3764//3764 3765//3765 3766//3766
f 3767//3767 3768//3768 3769//3769
f 82//82 3770//3770 3771//3771
f 3772//3772 3773//3773 3774//3774
f 3775//3775 3776//3776 246//246
f 2520//2520 3777//3777 3778//3778
f 3779//3779 3780//3780 3781//3781
f 3782//3782 2181//2181 1696//1696
f 3783//3783 3784//3784 3785//3785
f 3786//3786 3787//3787 3788//3788
f 697//697 3789//3789 521//521
f 3790//3790 2024//2024 3791//3791
f 3792//3792 3793//3793 3794//3794
f 3741//3741 3795//3795 3742//3742
f 3796//3796 2324//2324 2323//2323
f 115//115 3797//3797 3798//3798
f 3799//3799 3800//3800 3801//3801
f 3802//3802 171//171 3803//3803
f 3804//3804 3805//3805 3806//3806
f 1432//1432 1834//1834 1430//1430
f 3807//3807 3808//3808 3809//3809
f 1796//1796 3766//3766 3765//3765
f 1796//1796 3765//3765 1797//1797
f 3810//3810 249//249 1153//1153
f 3811//3811 3812//3812 3813//3813
f 3814//3814 3815//3815 3816//3816
f 3817//3817 3818//3818 3819//3819
f 3820//3820 3821//3821 3514//3514
f 3099//3099 3822//3822 3823//3823
f 3824//3824 3825//3825 3826//3826
f 3827//3827 1885//1885 1887//1887
f 3828//3828 3829//3829 3034//3034
f 3830//3830 4//4 3831//3831
f 3832//3832 3833//3833 3834//3834
f 3835//3835 1471//1471 3836//3836
f 3837//3837 3838//3838 3839//3839
f 965//965 3840//3840 3841//3841
f 3842//3842 3843//3843 3844//3844
f 3845//3845 1258//1258 2057//2057
f 3629//3629 1604//1604 3846//3846
f 3847//3847 2568//2568 2567//2567
f 3848//3848 3849//3849 3850//3850
f 3851//3851 3852//3852 1093//1093
f 3853//3853 3854//3854 3855//3855
f 3856//3856 3857//3857 3858//3858
f 3859//3859 3860//3860 2503//2503
f 3861//3861 780//780 779//779
f 2227//2227 2229//2229 3862//3862
f 3863//3863 3842//3842 3844//3844
f 2911//2911 3864//3864 2912//2912
f 1910//1910 3865//3865 1908//1908
f 825//825 3866//3866 3867//3867
f 43//43 3012//3012 3014//3014
f 1070//1070 1069//1069 3868//3868
f 3785//3785 3784//3784 3869//3869
f 91//91 90//90 3870//3870
f 3871//3871 2528//2528 2530//2530
f 1710//1710 3872//3872 3873//3873
f 3874//3874 3873//3873 3875//3875
f 3876//3876 3877//3877 3878//3878
f 3878//3878 3879//3879 3880//3880
f 3881//3881 3882//3882 3883//3883
f 1568//1568 3884//3884 3885//3885
f 3886//3886 3887//3887 3888//3888
f 3282//3282 3889//3889 540//540
f 3890//3890 3891//3891 3892//3892
f 929//929 3893//3893 3894//3894
f 1294//1294 1293//1293 3895//3895
f 453//453 455//455 3896//3896
f 422//422 424//424 3897//3897
f 3898//3898 422//422 3899//3899
f 3900//3900 3901//3901 3902//3902
f 3903//3903 3904//3904 291//291
f 3905//3905 1//1 3//3
f 3906//3906 3907//3907 3908//3908
f 3909//3909 3910//3910 2641//2641
f 3911//3911 19//19 21//21
f 2926//2926 1728//1728 1727//1727
f 3912//3912 3913//3913 3914//3914
f 3915//3915 3916//3916 3917//3917
f 1889//1889 3918//3918 2958//2958
f 715//715 799//799 3919//3919
f 3920//3920 3921//3921 3922//3922
f 288//288 1470//1470 3923//3923
f 3924//3924 1470//1470 3925//3925
f 3926//3926 3927//3927 662//662
f 2736//2736 3928//3928 2739//2739
f 3929//3929 3930//3930 1710//1710
f 3931//3931 3932//3932 3929//3929
f 1477//1477 1557//1557 3933//3933
f 2500//2500 1912//1912 1911//1911
f 3934//3934 3428//3428 3430//3430
f 3935//3935 3936//3936 3937//3937
f 3938//3938 3939//3939 3940//3940
f 459//459 3939//3939 3941//3941
f 3942//3942 1527//1527 3943//3943
f 3944//3944 3942//3942 2152//2152
f 3945//3945 3946//3946 3947//3947
f 3924//3924 3925//3925 3948//3948
f 2537//2537 3949//3949 2756//2756
f 3950//3950 157//157 3951//3951
f 3952//3952 2500//2500 1911//1911
f 1559//1559 3952//3952 1253//1253
f 3953//3953 3954//3954 1335//1335
f 3955//3955 794//794 3956//3956
f 3957//3957 3958//3958 3959//3959
f 3960//3960 1480//1480 2545//2545
f 3961//3961 3962//3962 1261//1261
f 1502//1502 1504//1504 3963//3963
f 3964//3964 3965//3965 3966//3966
f 1855//1855 1857//1857 3967//3967
f 3925//3925 3968//3968 3969//3969
f 3970//3970 3971//3971 3907//3907
f 3972//3972 3973//3973 3974//3974
f 396//396 3975//3975 3973//3973
f 647//647 3976//3976 3977//3977
f 3735//3735 3978//3978 3979//3979
f 3980//3980 2723//2723 3981//3981
f 3982//3982 3983//3983 1322//1322
f 1502//1502 3984//3984 1503//1503
f 3985//3985 3986//3986 3987//3987
f 3988//3988 3989//3989 3990//3990
f 2810//2810 3991//3991 3989//3989
f 3992//3992 366//366 3993//3993
f 3994//3994 3995//3995 3996//3996
f 3859//3859 2503//2503 304//304
f 3997//3997 3998//3998 3999//3999
f 4000//4000 4001//4001 4002//4002
f 4003//4003 4004//4004 4005//4005
f 4006//4006 4007//4007 4008//4008
f 4009//4009 49//49 50//50
f 4010//4010 4011//4011 4012//4012
f 4013//4013 1582//1582 2607//2607
f 4014//4014 4015//4015 4016//4016
f 3435//3435 4017//4017 3436//3436
f 1814//1814 3683//3683 1815//1815
f 4018//4018 926//926 1410//1410
f 780//780 3861//3861 4019//4019
f 4020//4020 4021//4021 4022//4022
f 610//610 382//382 384//384
f 4023//4023 4024//4024 2617//2617
f 1029//1029 4025//4025 4026//4026
f 592//592 594//594 4027//4027
f 4028//4028 4029//4029 4030//4030
f 4031//4031 4032//4032 3991//3991
f 885//885 884//884 4033//4033
f 4034//4034 4035//4035 3184//3184
f 293//293 4036//4036 3518//3518
f 4036//4036 1688//1688 1690//1690
f 3638//3638 2420//2420 3637//3637
f 2438//2438 2440//2440 2422//2422
f 4037//4037 4038//4038 4039//4039
f 4040//4040 4041//4041 4042//4042
f 4043//4043 120//120 4044//4044
f 1998//1998 2002//2002 2001//2001
f 4045//4045 3200//3200 4046//4046
f 4047//4047 469//469 4048//4048
f 1858//1858 2104//2104 1749//1749
f 4049//4049 178//178 4050//4050
f 1524//1524 4051//4051 1525//1525
f 2056//2056 1525//1525 2061//2061
f 809//809 4052//4052 810//810
f 1513//1513 1512//1512 4053//4053
f 4054//4054 4055//4055 4056//4056
f 4057//4057 4058//4058 4059//4059
f 2242//2242 2244//2244 4034//4034
f 4060//4060 883//883 4061//4061
f 4062//4062 4063//4063 3070//3070
f 4064//4064 4065//4065 4062//4062
f 4066//4066 4067//4067 1552//1552
f 970//970 2876//2876 971//971
f 4068//4068 949//949 948//948
f 4069//4069 4070//4070 4071//4071
f 1019//1019 3303//3303 4072//4072
f 4072//4072 4073//4073 1019//1019
f 4074//4074 4075//4075 4076//4076
f 1082//1082 1084//1084 1415//1415
f 4077//4077 2455//2455 4078//4078
f 4079//4079 4080//4080 4081//4081
f 4082//4082 2095//2095 4083//4083
f 3076//3076 392//392 391//391
f 4084//4084 4085//4085 710//710
f 4086//4086 4087//4087 3547//3547
f 3510//3510 3509//3509 4088//4088
f 4089//4089 4090//4090 3263//3263
f 4091//4091 4092//4092 4093//4093
f 4091//4091 4094//4094 4095//4095
f 256//256 4096//4096 4097//4097
f 646//646 2948//2948 4098//4098
f 2993//2993 4099//4099 4100//4100
f 4101//4101 4102//4102 4100//4100
f 4103//4103 4104//4104 4105//4105
f 4106//4106 2349//2349 2348//2348
f 4107//4107 1499//1499 4108//4108
f 4109//4109 4110//4110 4111//4111
f 4112//4112 4113//4113 4114//4114
f 4115//4115 2745//2745 2744//2744
f 4116//4116 476//476 475//475
f 4117//4117 4118//4118 4119//4119
f 4120//4120 4121//4121 4122//4122
f 4123//4123 111//111 4124//4124
f 819//819 818//818 1317//1317
f 2737//2737 2736//2736 4125//4125
f 4126//4126 4127//4127 4128//4128
f 4129//4129 4130//4130 4131//4131
f 1389//1389 1388//1388 4132//4132
f 4133//4133 439//439 4134//4134
f 4135//4135 4136//4136 4137//4137
f 4135//4135 4137//4137 4138//4138
f 2617//2617 4139//4139 2618//2618
f 4140//4140 3428//3428 4141//4141
f 7//7 4142//4142 4143//4143
f 3480//3480 4144//4144 4145//4145
f 4146//4146 4147//4147 4148//4148
f 4149//4149 4150//4150 4151//4151
f 4152//4152 4153//4153 4154//4154
f 4155//4155 4152//4152 1865//1865
f 4156//4156 1500//1500 4157//4157
f 4158//4158 4156//4156 4157//4157
f 4159//4159 4160//4160 4161//4161
f 1278//1278 1277//1277 912//912
f 4162//4162 4163//4163 1758//1758
f 1319//1319 1318//1318 4164//4164
f 4165//4165 2678//2678 897//897
f 4166//4166 4167//4167 4168//4168
f 4169//4169 2255//2255 4170//4170
f 284//284 4171//4171 4172//4172
f 4173//4173 1884//1884 1883//1883
f 816//816 4174//4174 4175//4175
f 4176//4176 4177//4177 4178//4178
f 4179//4179 4180//4180 4181//4181
f 1581//1581 4182//4182 4183//4183
f 4184//4184 4185//4185 4186//4186
f 4187//4187 4188//4188 4189//4189
f 749//749 4190//4190 747//747
f 1867//1867 2148//2148 4191//4191
f 4192//4192 4193//4193 4194//4194
f 4195//4195 980//980 979//979
f 1894//1894 2340//2340 2339//2339
f 4196//4196 3045//3045 4197//4197
f 4198//4198 3224//3224 3226//3226
f 4199//4199 4200//4200 4201//4201
f 4200//4200 3217//3217 2199//2199
f 1047//1047 1046//1046 4202//4202
f 1781//1781 4203//4203 4204//4204
f 1917//1917 4205//4205 1918//1918
f 523//523 4206//4206 3179//3179
f 4207//4207 4208//4208 4209//4209
f 4207//4207 4209//4209 463//463
f 657//657 4210//4210 2918//2918
f 1714//1714 4211//4211 1712//1712
f 4212//4212 4213//4213 4214//4214
f 4215//4215 4214//4214 4213//4213
f 4216//4216 781//781 4217//4217
f 4218//4218 2313//2313 182//182
f 4219//4219 3763//3763 3762//3762
f 4220//4220 2530//2530 2529//2529
f 4221//4221 4222//4222 4223//4223
f 4224//4224 4225//4225 4226//4226
f 4227//4227 4228//4228 4229//4229
f 4230//4230 4231//4231 4229//4229
f 4232//4232 3288//3288 1829//1829
f 4232//4232 2384//2384 2386//2386
f 3818//3818 3817//3817 4233//4233
f 3243//3243 4233//4233 4234//4234
f 4235//4235 2647//2647 2333//2333
f 2648//2648 2647//2647 4235//4235
f 67//67 66//66 4236//4236
f 4237//4237 1177//1177 1176//1176
f 4238//4238 4239//4239 4240//4240
f 932//932 33//33 4241//4241
f 4242//4242 4243//4243 2204//2204
f 3862//3862 2229//2229 4244//4244
f 4245//4245 3861//3861 4246//4246
f 2761//2761 2762//2762 4247//4247
f 131//131 4248//4248 4249//4249
f 4250//4250 4251//4251 4252//4252
f 4253//4253 4254//4254 1177//1177
f 4255//4255 1180//1180 1179//1179
f 3333//3333 3450//3450 3448//3448
f 3612//3612 3611//3611 4256//4256
f 2127//2127 4257//4257 4258//4258
f 2127//2127 4259//4259 4257//4257
f 4260//4260 4261//4261 4262//4262
f 4263//4263 4264//4264 4265//4265
f 4266//4266 2963//2963 1226//1226
f 4267//4267 4268//4268 4269//4269
f 2781//2781 2798//2798 4270//4270
f 4271//4271 1698//1698 4272//4272
f 245//245 4273//4273 4274//4274
f 43//43 45//45 4275//4275
f 2381//2381 4276//4276 417//417
f 4277//4277 941//941 4278//4278
f 3536//3536 4279//4279 3537//3537
f 4280//4280 4281//4281 4282//4282
f 490//490 492//492 1697//1697
f 4271//4271 4272//4272 4283//4283
f 4284//4284 4285//4285 4286//4286
f 3793//3793 3792//3792 4287//4287
f 4288//4288 4289//4289 4290//4290
f 4291//4291 4292//4292 2805//2805
f 4293//4293 4294//4294 4295//4295
f 4296//4296 4297//4297 3737//3737
f 4298//4298 4299//4299 1089//1089
f 4299//4299 4300//4300 4301//4301
f 4302//4302 4303//4303 4304//4304
f 4305//4305 89//89 4306//4306
f 487//487 486//486 4307//4307
f 4308//4308 4307//4307 4309//4309
f 2380//2380 4310//4310 4311//4311
f 4312//4312 4277//4277 4278//4278
f 3168//3168 4313//4313 3169//3169
f 4264//4264 4314//4314 4265//4265
f 4155//4155 4315//4315 4316//4316
f 2222//2222 2221//2221 1117//1117
f 3395//3395 2634//2634 1565//1565
f 4317//4317 4318//4318 1248//1248
f 4319//4319 4320//4320 4321//4321
f 2837//2837 2839//2839 4322//4322
f 4323//4323 2154//2154 2153//2153
f 4324//4324 665//665 3704//3704
f 4325//4325 3246//3246 4326//4326
f 4327//4327 3246//3246 4328//4328
f 2311//2311 4329//4329 2312//2312
f 2268//2268 1737//1737 2269//2269
f 4330//4330 3750//3750 878//878
f 330//330 3416//3416 3415//3415
f 3413//3413 4331//4331 2210//2210
f 4332//4332 1187//1187 1188//1188
f 3373//3373 4333//4333 4334//4334
f 4334//4334 1706//1706 4335//4335
f 3154//3154 4336//4336 4337//4337
f 2039//2039 2038//2038 4338//4338
f 4339//4339 4340//4340 4341//4341
f 4342//4342 4343//4343 132//132
f 2425//2425 2427//2427 4344//4344
f 888//888 4345//4345 4346//4346
f 4347//4347 4348//4348 4349//4349
f 46//46 4350//4350 47//47
f 4319//4319 4302//4302 4351//4351
f 88//88 87//87 4352//4352
f 4353//4353 169//169 168//168
f 4354//4354 4355//4355 4356//4356
f 4357//4357 2434//2434 2437//2437
f 194//194 196//196 4358//4358
f 4359//4359 2697//2697 2696//2696
f 1921//1921 1920//1920 4360//4360
f 3241//3241 3240//3240 4361//4361
f 2578//2578 2580//2580 4362//4362
f 4363//4363 147//147 4364//4364
f 4365//4365 4366//4366 147//147
f 4367//4367 4368//4368 4369//4369
f 4057//4057 4059//4059 4370//4370
f 4371//4371 136//136 135//135
f 2550//2550 4372//4372 2548//2548
f 2518//2518 2563//2563 4373//4373
f 4374//4374 3164//3164 3166//3166
f 1010//1010 4375//4375 3767//3767
f 992//992 991//991 4376//4376
f 4377//4377 1167//1167 4378//4378
f 4377//4377 4378//4378 4379//4379
f 4380//4380 4381//4381 4382//4382
f 4383//4383 4384//4384 3676//3676
f 4385//4385 4386//4386 4387//4387
f 4388//4388 3998//3998 4389//4389
f 641//641 643//643 4016//4016
f 3435//3435 3437//3437 4390//4390
f 3791//3791 4391//4391 4392//4392
f 3597//3597 4393//4393 4394//4394
f 4395//4395 4396//4396 4397//4397
f 146//146 4398//4398 147//147
f 4399//4399 1113//1113 4400//4400
f 4401//4401 4400//4400 1113//1113
f 1101//1101 4402//4402 4403//4403
f 4404//4404 1120//1120 4405//4405
f 4406//4406 3380//3380 3382//3382
f 4407//4407 4408//4408 4409//4409
f 4410//4410 150//150 4411//4411
f 4412//4412 4413//4413 4411//4411
f 3786//3786 4414//4414 3787//3787
f 4415//4415 4416//4416 3787//3787
f 4417//4417 4418//4418 4419//4419
f 4420//4420 571//571 573//573
f 443//443 4421//4421 3933//3933
f 4421//4421 443//443 147//147
f 2200//2200 4422//4422 2125//2125
f 4423//4423 4424//4424 4425//4425
f 4426//4426 4427//4427 2074//2074
f 2050//2050 4427//4427 4426//4426
f 4428//4428 4429//4429 1749//1749
f 4430//4430 1749//1749 2105//2105
f 538//538 4431//4431 3311//3311
f 4432//4432 1178//1178 4237//4237
f 4433//4433 4434//4434 4435//4435
f 822//822 4435//4435 820//820
f 4436//4436 4437//4437 4438//4438
f 912//912 1277//1277 910//910
f 2221//2221 4439//4439 240//240
f 2720//2720 3361//3361 3360//3360
f 3524//3524 4440//4440 3521//3521
f 862//862 4441//4441 4442//4442
f 4443//4443 432//432 431//431
f 2706//2706 4444//4444 2705//2705
f 3204//3204 3203//3203 4445//4445
f 977//977 976//976 4446//4446
f 4447//4447 2553//2553 2552//2552
f 1102//1102 4448//4448 4449//4449
f 4450//4450 4451//4451 4452//4452
f 4453//4453 4454//4454 4455//4455
f 4456//4456 4457//4457 3110//3110
f 4458//4458 373//373 375//375
f 4130//4130 4459//4459 4131//4131
f 4131//4131 4459//4459 4009//4009
f 4460//4460 4461//4461 4462//4462
f 1292//1292 1294//1294 4463//4463
f 3070//3070 4063//4063 3071//3071
f 2390//2390 4464//4464 2367//2367
f 581//581 583//583 4465//4465
f 4466//4466 4467//4467 4468//4468
f 1039//1039 4469//4469 286//286
f 3512//3512 4470//4470 1804//1804
f 3543//3543 3542//3542 4471//4471
f 3464//3464 4472//4472 3488//3488
f 4473//4473 4474//4474 4475//4475
f 4476//4476 2337//2337 4477//4477
f 1015//1015 4108//4108 1016//1016
f 1264//1264 1263//1263 4478//4478
f 4479//4479 4480//4480 2036//2036
f 4481//4481 2031//2031 2036//2036
f 4482//4482 4483//4483 547//547
f 4484//4484 4485//4485 4486//4486
f 4487//4487 4488//4488 3273//3273
f 787//787 4489//4489 788//788
f 4490//4490 2197//2197 4491//4491
f 1544//1544 4492//4492 1545//1545
f 4493//4493 4494//4494 4495//4495
f 248//248 2699//2699 249//249
f 2130//2130 4496//4496 2131//2131
f 4497//4497 873//873 872//872
f 4498//4498 1623//1623 1622//1622
f 4499//4499 2951//2951 4500//4500
f 4501//4501 4502//4502 4503//4503
f 4504//4504 894//894 3336//3336
f 4505//4505 4506//4506 2474//2474
f 4506//4506 4505//4505 4507//4507
f 3235//3235 4508//4508 3236//3236
f 1678//1678 4509//4509 2059//2059
f 4510//4510 1039//1039 3585//3585
f 3870//3870 90//90 4511//4511
f 4512//4512 4513//4513 1761//1761
f 4512//4512 4514//4514 4515//4515
f 603//603 4516//4516 4517//4517
f 4518//4518 174//174 173//173
f 3208//3208 4519//4519 3209//3209
f 4520//4520 4521//4521 4522//4522
f 3132//3132 789//789 3131//3131
f 1915//1915 789//789 788//788
f 4523//4523 3277//3277 4524//4524
f 4525//4525 2035//2035 2034//2034
f 3779//3779 3778//3778 3777//3777
f 2563//2563 2518//2518 2517//2517
f 3993//3993 366//366 365//365
f 4526//4526 1539//1539 1148//1148
f 790//790 4527//4527 791//791
f 4528//4528 935//935 934//934
f 2558//2558 967//967 3119//3119
f 4529//4529 969//969 4530//4530
f 4531//4531 2993//2993 2995//2995
f 2050//2050 4532//4532 4533//4533
f 3266//3266 4534//4534 4535//4535
f 4536//4536 4537//4537 4534//4534
f 2898//2898 2731//2731 4538//4538
f 4539//4539 4540//4540 4538//4538
f 627//627 626//626 4541//4541
f 4542//4542 3484//3484 4543//4543
f 3590//3590 3589//3589 1589//1589
f 375//375 4544//4544 4458//4458
f 3794//3794 1228//1228 1227//1227
f 2022//2022 2024//2024 4545//4545
f 1024//1024 1856//1856 1025//1025
f 4084//4084 4546//4546 4547//4547
f 4548//4548 4549//4549 4550//4550
f 4551//4551 4552//4552 1424//1424
f 561//561 560//560 3663//3663
f 3663//3663 560//560 3664//3664
f 4553//4553 813//813 4554//4554
f 3007//3007 2978//2978 3008//3008
f 3677//3677 4555//4555 3678//3678
f 4556//4556 631//631 4557//4557
f 4558//4558 792//792 4559//4559
f 3077//3077 4560//4560 4561//4561
f 153//153 2013//2013 154//154
f 2666//2666 2885//2885 2667//2667
f 801//801 4562//4562 3807//3807
f 1485//1485 1138//1138 1137//1137
f 4563//4563 2147//2147 2146//2146
f 524//524 4564//4564 4565//4565
f 325//325 743//743 742//742
f 4566//4566 4567//4567 4568//4568
f 4569//4569 2871//2871 1676//1676
f 2317//2317 3940//3940 2318//2318
f 4570//4570 1763//1763 4571//4571
f 505//505 494//494 4572//4572
f 4573//4573 4574//4574 4575//4575
f 1714//1714 4576//4576 4577//4577
f 1424//1424 4552//4552 4550//4550
f 2493//2493 4578//4578 2494//2494
f 4579//4579 4580//4580 4581//4581
f 4582//4582 4579//4579 4581//4581
f 4068//4068 4583//4583 949//949
f 2985//2985 4584//4584 4585//4585
f 4586//4586 847//847 3579//3579
f 442//442 441//441 4587//4587
f 1396//1396 1395//1395 4588//4588
f 1396//1396 4566//4566 4568//4568
f 4589//4589 17//17 16//16
f 4589//4589 608//608 1098//1098
f 4549//4549 4527//4527 4590//4590
f 4578//4578 2493//2493 4590//4590
f 4591//4591 4592//4592 4356//4356
f 4593//4593 769//769 768//768
f 4594//4594 1554//1554 261//261
f 4595//4595 2794//2794 4543//4543
f 3006//3006 2371//2371 107//107
f 13//13 3004//3004 14//14
f 1901//1901 1900//1900 4596//4596
f 4597//4597 3036//3036 4598//4598
f 4599//4599 4600//4600 4578//4578
f 3501//3501 3503//3503 2498//2498
f 3424//3424 4601//4601 4602//4602
f 3466//3466 3424//3424 1609//1609
f 69//69 71//71 1303//1303
f 4603//4603 3302//3302 4604//4604
f 1347//1347 4605//4605 1348//1348
f 4605//4605 4606//4606 4607//4607
f 2696//2696 2698//2698 4608//4608
f 4609//4609 4610//4610 4611//4611
f 4612//4612 1481//1481 1483//1483
f 4613//4613 4614//4614 4615//4615
f 4616//4616 87//87 4617//4617
f 4617//4617 4303//4303 4616//4616
f 4618//4618 291//291 3904//3904
f 3507//3507 3506//3506 3505//3505
f 3159//3159 3158//3158 4619//4619
f 4620//4620 1375//1375 4619//4619
f 4621//4621 4622//4622 442//442
f 1122//1122 4623//4623 4624//4624
f 2279//2279 2278//2278 2824//2824
f 4625//4625 219//219 218//218
f 4626//4626 58//58 4627//4627
f 4264//4264 4263//4263 4628//4628
f 4486//4486 4629//4629 4484//4484
f 2614//2614 4630//4630 4631//4631
f 4632//4632 4633//4633 970//970
f 4634//4634 4635//4635 2899//2899
f 4636//4636 4637//4637 4638//4638
f 4637//4637 4639//4639 4640//4640
f 4641//4641 4642//4642 4643//4643
f 4644//4644 315//315 4645//4645
f 4646//4646 3971//3971 2629//2629
f 4647//4647 3946//3946 2629//2629
f 4178//4178 4648//4648 4649//4649
f 3042//3042 4649//4649 4650//4650
f 2741//2741 4651//4651 2742//2742
f 4652//4652 4653//4653 4654//4654
f 4655//4655 2691//2691 4656//4656
f 4657//4657 4620//4620 4658//4658
f 4659//4659 4630//4630 4660//4660
f 4661//4661 3013//3013 1222//1222
f 4662//4662 4663//4663 4664//4664
f 3358//3358 1251//1251 3359//3359
f 1121//1121 4665//4665 4666//4666
f 2633//2633 1390//1390 4667//4667
f 4657//4657 529//529 528//528
f 4668//4668 1378//1378 1377//1377
f 2902//2902 2670//2670 4669//4669
f 2670//2670 4670//4670 4669//4669
f 1587//1587 2539//2539 4671//4671
f 4672//4672 74//74 73//73
f 4673//4673 4662//4662 4664//4664
f 239//239 4674//4674 4675//4675
f 1572//1572 1574//1574 3389//3389
f 4676//4676 1262//1262 1261//1261
f 4677//4677 3439//3439 2103//2103
f 4678//4678 1567//1567 1566//1566
f 2311//2311 4679//4679 1734//1734
f 1005//1005 4680//4680 3050//3050
f 4681//4681 4682//4682 4683//4683
f 830//830 829//829 4684//4684
f 4685//4685 4686//4686 4687//4687
f 4686//4686 4685//4685 4688//4688
f 4689//4689 2743//2743 2745//2745
f 4690//4690 4691//4691 2743//2743
f 1171//1171 2576//2576 4692//4692
f 4693//4693 4694//4694 1393//1393
f 4695//4695 4696//4696 4678//4678
f 1070//1070 4697//4697 1071//1071
f 4082//4082 4083//4083 2068//2068
f 4698//4698 4699//4699 4700//4700
f 1800//1800 1449//1449 1801//1801
f 1585//1585 4701//4701 1586//1586
f 3558//3558 1357//1357 1356//1356
f 1357//1357 4690//4690 2743//2743
f 4702//4702 4703//4703 776//776
f 4704//4704 4702//4702 305//305
f 2029//2029 4705//4705 2451//2451
f 4706//4706 4707//4707 2472//2472
f 4708//4708 4709//4709 4710//4710
f 4710//4710 4711//4711 4712//4712
f 1217//1217 4713//4713 3174//3174
f 4714//4714 3174//3174 3176//3176
f 1960//1960 4715//4715 1961//1961
f 4716//4716 4717//4717 4718//4718
f 4184//4184 1581//1581 4185//4185
f 2835//2835 4719//4719 4720//4720
f 4721//4721 1115//1115 4722//4722
f 4723//4723 3698//3698 2581//2581
f 4724//4724 60//60 62//62
f 4725//4725 1522//1522 4726//4726
f 4727//4727 3437//3437 3436//3436
f 4728//4728 4729//4729 163//163
f 1151//1151 4730//4730 1152//1152
f 4731//4731 4732//4732 4733//4733
f 4734//4734 4735//4735 4736//4736
f 4737//4737 4738//4738 2931//2931
f 4739//4739 1669//1669 4740//4740
f 4699//4699 808//808 4643//4643
f 4020//4020 1094//1094 4021//4021
f 1095//1095 3369//3369 4741//4741
f 3482//3482 4742//4742 4743//4743
f 4744//4744 4745//4745 4746//4746
f 3599//3599 4747//4747 3769//3769
f 3770//3770 2707//2707 1753//1753
f 4650//4650 3043//3043 3042//3042
f 1095//1095 4741//4741 4748//4748
f 4047//4047 470//470 469//469
f 4749//4749 2743//2743 4689//4689
f 4750//4750 1891//1891 4751//4751
f 4752//4752 976//976 1220//1220
f 1428//1428 4753//4753 1429//1429
f 4754//4754 4715//4715 4755//4755
f 2301//2301 2303//2303 1085//1085
f 4756//4756 1084//1084 4075//4075
f 1158//1158 4096//4096 1159//1159
f 1365//1365 1159//1159 4096//4096
f 1710//1710 3931//3931 3929//3929
f 3931//3931 1710//1710 1709//1709
f 4757//4757 4758//4758 4759//4759
f 4760//4760 4052//4052 809//809
f 3018//3018 4754//4754 4755//4755
f 3018//3018 3017//3017 4761//4761
f 4762//4762 1541//1541 1543//1543
f 2364//2364 4763//4763 766//766
f 4159//4159 1493//1493 4160//4160
f 1494//1494 4160//4160 1493//1493
f 4764//4764 4765//4765 4766//4766
f 4767//4767 4764//4764 4766//4766
f 970//970 4768//4768 2874//2874
f 970//970 2877//2877 2876//2876
f 4769//4769 4770//4770 4771//4771
f 4770//4770 4772//4772 2//2
f 4773//4773 1152//1152 4733//4733
f 1155//1155 1154//1154 4774//4774
f 3509//3509 4775//4775 4088//4088
f 4771//4771 3490//3490 4775//4775
f 1221//1221 4776//4776 296//296
f 1221//1221 296//296 298//298
f 53//53 52//52 1778//1778
f 4146//4146 1774//1774 4147//4147
f 174//174 4777//4777 175//175
f 4778//4778 1982//1982 1984//1984
f 1250//1250 1249//1249 4779//4779
f 4780//4780 4779//4779 439//439
f 4781//4781 4782//4782 4783//4783
f 2380//2380 4784//4784 2378//2378
f 1597//1597 4785//4785 3230//3230
f 804//804 4786//4786 803//803
f 4776//4776 4787//4787 296//296
f 3829//3829 3032//3032 3034//3034
f 1788//1788 223//223 4788//4788
f 222//222 2081//2081 223//223
f 4789//4789 4790//4790 4345//4345
f 2740//2740 2742//2742 4651//4651
f 631//631 630//630 4791//4791
f 4555//4555 1616//1616 4792//4792
f 2780//2780 4793//4793 2798//2798
f 1250//1250 4779//4779 4780//4780
f 4794//4794 4795//4795 4796//4796
f 4797//4797 187//187 4798//4798
f 4799//4799 583//583 4800//4800
f 4800//4800 1407//1407 2988//2988
f 4787//4787 4801//4801 4681//4681
f 4682//4682 4681//4681 2094//2094
f 3888//3888 4802//4802 3886//3886
f 65//65 64//64 4670//4670
f 3261//3261 3260//3260 4803//4803
f 1598//1598 4804//4804 4805//4805
f 328//328 3440//3440 3442//3442
f 133//133 142//142 134//134
f 75//75 4806//4806 4807//4807
f 3704//3704 664//664 3898//3898
f 3449//3449 3333//3333 3335//3335
f 3449//3449 3335//3335 4808//4808
f 3942//3942 4809//4809 4810//4810
f 4810//4810 1695//1695 4811//4811
f 4812//4812 4813//4813 4584//4584
f 2957//2957 4814//4814 848//848
f 1284//1284 4815//4815 4816//4816
f 448//448 4817//4817 449//449
f 4818//4818 4819//4819 4820//4820
f 4821//4821 4822//4822 4823//4823
f 4824//4824 4825//4825 3526//3526
f 4826//4826 3307//3307 3526//3526
f 4827//4827 2086//2086 4828//4828
f 3726//3726 4827//4827 3727//3727
f 4720//4720 2836//2836 2835//2835
f 2833//2833 2832//2832 4829//4829
f 2663//2663 2662//2662 4830//4830
f 179//179 4831//4831 4832//4832
f 252//252 3347//3347 3349//3349
f 719//719 718//718 388//388
f 4833//4833 4834//4834 4835//4835
f 4833//4833 2285//2285 4834//4834
f 2489//2489 213//213 4836//4836
f 4837//4837 1446//1446 1445//1445
f 3530//3530 4838//4838 4839//4839
f 4007//4007 4839//4839 1028//1028
f 2900//2900 2899//2899 3252//3252
f 3252//3252 4761//4761 4840//4840
f 4841//4841 4842//4842 4843//4843
f 4844//4844 3153//3153 4845//4845
f 160//160 159//159 4846//4846
f 1729//1729 1728//1728 4847//4847
f 4848//4848 2154//2154 4849//4849
f 1930//1930 4850//4850 1928//1928
f 4851//4851 3869//3869 3784//3784
f 4852//4852 4853//4853 4811//4811
f 4854//4854 4120//4120 4855//4855
f 4856//4856 4857//4857 111//111
f 540//540 4858//4858 541//541
f 900//900 899//899 3887//3887
f 1386//1386 2142//2142 4859//4859
f 4860//4860 4861//4861 2324//2324
f 4862//4862 4317//4317 1248//1248
f 503//503 4347//4347 4350//4350
f 4863//4863 1684//1684 1683//1683
f 4863//4863 949//949 4583//4583
f 3385//3385 4864//4864 4865//4865
f 4866//4866 4056//4056 4055//4055
f 2481//2481 2952//2952 2482//2482
f 2715//2715 4867//4867 2716//2716
f 2001//2001 1999//1999 1998//1998
f 109//109 1999//1999 4868//4868
f 1314//1314 65//65 2611//2611
f 4869//4869 4870//4870 4148//4148
f 4871//4871 4872//4872 171//171
f 2810//2810 3989//3989 4873//4873
f 3137//3137 4041//4041 4040//4040
f 4415//4415 1770//1770 4416//4416
f 4874//4874 2072//2072 4875//4875
f 4876//4876 4877//4877 4874//4874
f 4878//4878 4879//4879 4880//4880
f 4881//4881 4880//4880 4882//4882
f 4883//4883 4884//4884 3341//3341
f 1148//1148 4885//4885 4526//4526
f 4886//4886 4846//4846 159//159
f 1755//1755 1754//1754 4887//4887
f 595//595 3221//3221 4888//4888
f 4889//4889 1634//1634 1633//1633
f 4135//4135 4138//4138 1971//1971
f 4370//4370 3383//3383 4138//4138
f 4838//4838 3530//3530 2037//2037
f 1738//1738 1740//1740 4890//4890
f 4721//4721 4722//4722 3144//3144
f 805//805 2519//2519 4721//4721
f 3849//3849 3848//3848 4891//4891
f 2923//2923 4892//4892 514//514
f 4893//4893 2216//2216 2215//2215
f 4894//4894 4778//4778 4895//4895
f 4896//4896 4897//4897 141//141
f 690//690 942//942 944//944
f 1706//1706 4898//4898 4899//4899
f 4900//4900 4899//4899 4901//4901
f 1215//1215 1400//1400 1213//1213
f 4902//4902 4504//4504 3336//3336
f 4903//4903 2976//2976 4904//4904
f 4903//4903 4905//4905 2976//2976
f 4906//4906 1266//1266 4250//4250
f 4907//4907 4908//4908 4909//4909
f 4910//4910 4911//4911 2639//2639
f 2638//2638 4912//4912 2639//2639
f 4913//4913 2982//2982 846//846
f 4874//4874 4877//4877 2072//2072
f 4914//4914 4915//4915 4916//4916
f 4916//4916 439//439 2749//2749
f 4917//4917 4142//4142 4918//4918
f 4919//4919 1136//1136 1138//1138
f 4920//4920 4921//4921 748//748
f 2649//2649 2681//2681 4922//4922
f 4923//4923 4924//4924 4925//4925
f 4926//4926 4925//4925 4924//4924
f 1122//1122 4624//4624 1123//1123
f 317//317 2479//2479 3306//3306
f 4481//4481 2032//2032 2031//2031
f 90//90 92//92 680//680
f 4927//4927 4928//4928 4929//4929
f 4927//4927 4930//4930 4931//4931
f 4932//4932 4933//4933 4934//4934
f 2193//2193 1211//1211 2191//2191
f 4935//4935 2459//2459 2458//2458
f 4812//4812 2458//2458 4936//4936
f 4937//4937 4938//4938 4939//4939
f 4939//4939 4940//4940 4941//4941
f 3872//3872 4942//4942 3873//3873
f 4725//4725 4943//4943 1522//1522
f 4944//4944 2373//2373 2372//2372
f 4944//4944 2372//2372 4900//4900
f 1864//1864 4945//4945 4946//4946
f 4947//4947 1863//1863 4948//4948
f 3568//3568 3567//3567 4949//4949
f 4950//4950 4172//4172 1182//1182
f 80//80 4951//4951 1620//1620
f 3419//3419 3418//3418 4952//4952
f 2843//2843 4953//4953 4954//4954
f 3758//3758 4955//4955 3759//3759
f 3755//3755 2734//2734 4956//4956
f 4956//4956 4957//4957 4958//4958
f 4959//4959 3478//3478 3477//3477
f 4917//4917 4143//4143 4142//4142
f 4960//4960 4961//4961 2256//2256
f 1474//1474 1473//1473 4960//4960
f 3210//3210 4962//4962 3208//3208
f 4963//4963 4962//4962 3210//3210
f 2983//2983 4812//4812 2984//2984
f 2983//2983 4964//4964 4935//4935
f 1849//1849 2841//2841 4965//4965
f 938//938 937//937 1848//1848
f 4215//4215 4213//4213 4966//4966
f 4967//4967 4968//4968 2600//2600
f 1190//1190 4969//4969 1167//1167
f 1189//1189 4969//4969 1190//1190
f 4970//4970 4971//4971 2287//2287
f 145//145 4972//4972 143//143
f 4792//4792 1616//1616 1615//1615
f 567//567 4383//4383 565//565
f 4973//4973 4925//4925 4974//4974
f 1120//1120 4975//4975 4976//4976
f 4551//4551 1424//1424 1423//1423
f 4977//4977 4978//4978 4979//4979
f 3980//3980 3981//3981 4980//4980
f 2818//2818 1950//1950 2531//2531
f 3227//3227 3228//3228 2326//2326
f 4981//4981 243//243 324//324
f 3602//3602 4982//4982 1140//1140
f 2392//2392 1143//1143 2393//2393
f 4983//4983 349//349 351//351
f 2803//2803 4984//4984 3141//3141
f 3901//3901 4962//4962 3902//3902
f 2043//2043 2433//2433 2432//2432
f 3338//3338 4985//4985 3339//3339
f 3338//3338 1938//1938 4986//4986
f 4987//4987 4988//4988 4989//4989
f 4990//4990 4989//4989 994//994
f 4979//4979 2402//2402 4991//4991
f 4230//4230 4992//4992 4993//4993
f 4994//4994 3199//3199 4995//4995
f 1719//1719 652//652 4996//4996
f 3595//3595 3594//3594 3604//3604
f 4997//4997 630//630 629//629
f 4998//4998 2142//2142 4999//4999
f 5000//5000 4998//4998 4999//4999
f 3196//3196 1048//1048 1050//1050
f 3342//3342 5001//5001 3196//3196
f 5002//5002 243//243 5003//5003
f 3367//3367 2171//2171 5002//5002
f 4990//4990 994//994 996//996
f 5004//5004 607//607 4990//4990
f 5005//5005 2897//2897 2898//2898
f 5006//5006 3416//3416 330//330
f 3535//3535 5007//5007 3536//3536
f 5008//5008 5009//5009 381//381
f 2648//2648 5010//5010 4922//4922
f 2297//2297 5011//5011 2298//2298
f 2693//2693 2694//2694 5012//5012
f 5013//5013 5014//5014 5015//5015
f 2769//2769 5016//5016 5017//5017
f 5018//5018 5019//5019 2557//2557
f 3724//3724 2264//2264 2266//2266
f 5020//5020 5021//5021 5022//5022
f 1769//1769 3788//3788 1767//1767
f 3855//3855 5023//5023 3853//3853
f 1956//1956 1958//1958 787//787
f 5024//5024 2449//2449 787//787
f 5025//5025 704//704 706//706
f 3535//3535 5026//5026 5007//5007
f 5027//5027 4979//4979 5028//5028
f 5029//5029 931//931 4992//4992
f 3941//3941 1378//1378 4668//4668
f 2316//2316 5030//5030 5031//5031
f 3897//3897 5032//5032 1371//1371
f 5033//5033 2389//2389 3067//3067
f 1422//1422 1421//1421 1869//1869
f 4107//4107 5034//5034 1499//1499
f 3102//3102 5035//5035 517//517
f 5036//5036 1795//1795 1797//1797
f 5037//5037 5038//5038 5039//5039
f 5040//5040 777//777 2201//2201
f 3665//3665 5041//5041 5042//5042
f 3665//3665 3390//3390 5043//5043
f 3464//3464 5044//5044 4472//4472
f 5045//5045 104//104 5046//5046
f 2917//2917 5047//5047 2918//2918
f 5048//5048 5047//5047 5049//5049
f 3520//3520 3517//3517 5050//5050
f 3346//3346 5051//5051 3344//3344
f 5052//5052 3946//3946 3945//3945
f 5053//5053 291//291 290//290
f 5054//5054 4842//4842 4841//4841
f 4382//4382 3262//3262 4380//4380
f 5055//5055 3472//3472 1477//1477
f 5055//5055 1477//1477 2335//2335
f 5056//5056 5057//5057 5058//5058
f 1116//1116 936//936 5059//5059
f 5060//5060 107//107 2026//2026
f 2027//2027 2026//2026 107//107
f 3570//3570 1035//1035 1034//1034
f 1777//1777 53//53 1778//1778
f 5061//5061 3670//3670 3669//3669
f 5061//5061 271//271 3670//3670
f 5022//5022 3487//3487 103//103
f 103//103 3220//3220 5022//5022
f 5062//5062 15//15 14//14
f 2028//2028 5063//5063 2471//2471
f 5064//5064 5065//5065 5066//5066
f 2621//2621 2620//2620 5048//5048
f 3828//3828 600//600 599//599
f 4054//4054 5067//5067 4055//4055
f 5058//5058 5057//5057 5068//5068
f 10//10 3456//3456 5069//5069
f 5070//5070 5071//5071 2654//2654
f 5072//5072 5073//5073 5074//5074
f 2292//2292 3576//3576 263//263
f 5075//5075 4575//4575 4574//4574
f 2754//2754 435//435 2755//2755
f 436//436 435//435 1973//1973
f 4266//4266 5076//5076 2963//2963
f 5076//5076 1224//1224 2963//2963
f 3387//3387 3386//3386 5077//5077
f 3205//3205 3207//3207 5078//5078
f 1148//1148 364//364 1149//1149
f 610//610 384//384 5079//5079
f 5080//5080 5063//5063 2028//2028
f 15//15 86//86 730//730
f 158//158 1942//1942 159//159
f 1942//1942 4886//4886 159//159
f 5081//5081 5072//5072 5070//5070
f 5082//5082 5083//5083 1183//1183
f 3485//3485 5084//5084 3486//3486
f 5085//5085 39//39 38//38
f 2815//2815 5086//5086 5087//5087
f 441//441 5088//5088 5089//5089
f 3387//3387 5090//5090 3385//3385
f 4058//4058 5091//5091 5092//5092
f 5093//5093 3090//3090 4004//4004
f 5094//5094 2854//2854 5095//5095
f 5096//5096 4163//4163 5097//5097
f 4807//4807 4806//4806 1368//1368
f 5098//5098 5099//5099 1574//1574
f 1630//1630 1632//1632 498//498
f 5100//5100 694//694 696//696
f 3399//3399 5101//5101 5102//5102
f 483//483 3672//3672 5103//5103
f 2575//2575 2622//2622 2624//2624
f 4114//4114 1652//1652 5104//5104
f 5105//5105 321//321 5106//5106
f 2684//2684 5107//5107 783//783
f 4218//4218 3050//3050 4680//4680
f 29//29 5108//5108 30//30
f 3879//3879 3471//3471 3880//3880
f 5109//5109 5110//5110 5111//5111
f 5112//5112 5111//5111 5113//5113
f 5114//5114 5115//5115 5116//5116
f 5117//5117 5118//5118 5119//5119
f 2617//2617 4024//4024 4139//4139
f 4140//4140 3935//3935 3937//3937
f 5120//5120 5121//5121 5122//5122
f 5123//5123 5120//5120 4403//4403
f 5124//5124 5125//5125 5126//5126
f 4642//4642 5125//5125 4644//4644
f 5127//5127 127//127 1531//1531
f 5128//5128 1406//1406 2946//2946
f 4374//4374 5129//5129 533//533
f 4627//4627 3151//3151 3150//3150
f 2394//2394 2393//2393 5130//5130
f 627//627 1142//1142 628//628
f 1155//1155 4774//4774 4983//4983
f 354//354 1156//1156 1155//1155
f 4149//4149 5131//5131 4150//4150
f 2690//2690 341//341 340//340
f 1497//1497 5132//5132 156//156
f 2737//2737 5133//5133 5134//5134
f 2098//2098 5135//5135 393//393
f 5136//5136 5135//5135 5137//5137
f 1549//1549 1548//1548 5138//5138
f 5138//5138 5139//5139 112//112
f 5140//5140 5141//5141 5142//5142
f 5141//5141 5143//5143 877//877
f 4041//4041 5144//5144 4042//4042
f 2115//2115 5145//5145 2116//2116
f 5146//5146 2586//2586 1840//1840
f 1420//1420 1422//1422 5147//5147
f 4238//4238 4240//4240 5148//5148
f 5149//5149 5150//5150 5151//5151
f 5152//5152 1342//1342 3047//3047
f 3304//3304 1343//1343 1342//1342
f 1654//1654 5153//5153 5154//5154
f 5155//5155 580//580 579//579
f 4671//4671 2539//2539 4672//4672
f 3291//3291 3293//3293 4672//4672
f 1362//1362 2055//2055 5156//5156
f 3795//3795 5157//5157 3742//3742
f 935//935 4528//4528 5158//5158
f 5159//5159 4154//4154 4153//4153
f 1926//1926 2872//2872 1924//1924
f 5148//5148 5150//5150 5149//5149
f 5160//5160 886//886 885//885
f 5161//5161 2526//2526 2527//2527
f 2483//2483 4325//4325 5162//5162
f 3246//3246 4325//4325 4328//4328
f 4439//4439 5163//5163 5164//5164
f 2223//2223 3107//3107 5163//5163
f 1384//1384 5165//5165 1900//1900
f 5166//5166 5167//5167 2321//2321
f 5168//5168 5169//5169 2100//2100
f 5170//5170 5171//5171 5172//5172
f 3994//3994 5173//5173 3995//3995
f 3152//3152 3994//3994 533//533
f 1673//1673 4221//4221 1674//1674
f 4208//4208 4222//4222 4221//4221
f 5174//5174 1687//1687 2461//2461
f 853//853 5175//5175 851//851
f 5176//5176 5177//5177 5178//5178
f 282//282 281//281 5179//5179
f 4527//4527 4549//4549 791//791
f 5158//5158 4528//4528 5180//5180
f 4187//4187 5181//5181 4188//4188
f 5182//5182 2680//2680 5183//5183
f 1444//1444 5184//5184 5185//5185
f 5184//5184 2861//2861 2879//2879
f 5186//5186 5187//5187 1401//1401
f 1401//1401 588//588 587//587
f 5181//5181 5188//5188 5189//5189
f 5190//5190 5036//5036 1797//1797
f 5191//5191 135//135 2507//2507
f 4371//4371 135//135 5192//5192
f 5193//5193 3644//3644 5194//5194
f 5177//5177 5195//5195 5196//5196
f 414//414 413//413 5197//5197
f 413//413 2193//2193 5197//5197
f 4560//4560 5198//5198 4561//4561
f 5199//5199 5200//5200 4560//4560
f 4669//4669 5201//5201 2902//2902
f 2010//2010 2667//2667 2011//2011
f 5202//5202 5203//5203 5204//5204
f 5205//5205 5206//5206 401//401
f 3729//3729 3320//3320 3730//3730
f 5207//5207 3320//3320 3322//3322
f 5208//5208 2832//2832 201//201
f 3689//3689 2524//2524 2523//2523
f 5209//5209 5210//5210 5211//5211
f 4818//4818 4820//4820 5212//5212
f 381//381 5009//5009 1000//1000
f 4512//4512 1877//1877 4514//4514
f 1949//1949 2723//2723 2722//2722
f 3452//3452 5213//5213 3453//3453
f 5214//5214 2245//2245 2247//2247
f 5215//5215 4207//4207 5216//5216
f 2763//2763 2765//2765 1524//1524
f 5217//5217 5218//5218 1524//1524
f 5219//5219 5220//5220 1935//1935
f 5219//5219 1596//1596 1598//1598
f 5221//5221 2992//2992 1167//1167
f 4904//4904 5221//5221 2973//2973
f 1145//1145 1147//1147 3192//3192
f 1535//1535 5222//5222 1536//1536
f 5223//5223 3018//3018 5224//5224
f 5223//5223 5224//5224 5225//5225
f 5226//5226 5227//5227 2018//2018
f 2018//2018 5228//5228 1880//1880
f 2699//2699 5229//5229 249//249
f 249//249 1151//1151 1153//1153
f 5230//5230 5231//5231 5232//5232
f 5233//5233 461//461 462//462
f 3475//3475 5234//5234 4480//4480
f 5235//5235 4920//4920 748//748
f 602//602 601//601 5236//5236
f 5236//5236 601//601 5237//5237
f 1736//1736 5238//5238 1737//1737
f 2553//2553 4329//4329 5238//5238
f 1100//1100 5239//5239 1101//1101
f 1100//1100 3130//3130 5239//5239
f 2876//2876 5240//5240 1552//1552
f 5241//5241 5242//5242 2920//2920
f 2583//2583 5243//5243 5244//5244
f 5245//5245 632//632 5246//5246
f 5247//5247 5248//5248 863//863
f 3639//3639 5247//5247 863//863
f 1388//1388 5249//5249 4132//4132
f 1388//1388 5250//5250 5251//5251
f 2196//2196 5252//5252 3280//3280
f 5253//5253 5254//5254 5255//5255
f 1521//1521 4726//4726 1522//1522
f 22//22 5256//5256 5257//5257
f 5258//5258 1346//1346 5259//5259
f 4596//4596 4597//4597 4598//4598
f 5260//5260 389//389 388//388
f 5261//5261 1203//1203 5262//5262
f 5263//5263 5264//5264 375//375
f 1591//1591 2386//2386 5265//5265
f 1476//1476 5266//5266 5267//5267
f 5266//5266 1474//1474 4960//4960
f 1653//1653 4362//4362 1241//1241
f 2578//2578 4362//4362 5268//5268
f 5269//5269 5270//5270 1700//1700
f 5271//5271 4349//4349 4348//4348
f 5272//5272 5102//5102 5101//5101
f 1989//1989 5273//5273 5274//5274
f 5275//5275 5276//5276 5277//5277
f 5278//5278 5279//5279 5280//5280
f 5281//5281 5282//5282 5283//5283
f 5284//5284 5285//5285 5286//5286
f 5106//5106 1652//1652 4114//4114
f 1652//1652 5106//5106 3238//3238
f 1536//1536 5222//5222 5287//5287
f 5287//5287 2584//2584 634//634
f 5288//5288 5289//5289 2905//2905
f 1336//1336 1335//1335 3954//3954
f 4013//4013 5290//5290 1582//1582
f 3005//3005 3004//3004 5291//5291
f 5292//5292 3835//3835 5293//5293
f 2630//2630 5294//5294 3948//3948
f 5295//5295 1568//1568 5296//5296
f 5297//5297 4696//4696 5298//5298
f 524//524 523//523 5299//5299
f 5299//5299 4194//4194 4193//4193
f 3813//3813 3812//3812 5300//5300
f 5301//5301 5302//5302 582//582
f 4460//4460 2903//2903 4461//4461
f 2903//2903 2905//2905 5289//5289
f 5303//5303 5304//5304 5284//5284
f 5305//5305 5306//5306 5307//5307
f 1203//1203 5261//5261 5308//5308
f 5280//5280 5309//5309 5278//5278
f 2227//2227 84//84 86//86
f 3844//3844 3843//3843 2133//2133
f 5310//5310 3460//3460 5311//5311
f 5312//5312 4594//4594 261//261
f 5313//5313 1162//1162 5314//5314
f 1162//1162 1200//1200 1202//1202
f 5315//5315 5316//5316 5284//5284
f 5315//5315 5284//5284 5304//5304
f 3380//3380 4406//4406 820//820
f 1834//1834 1432//1432 5317//5317
f 2979//2979 5318//5318 5319//5319
f 5320//5320 5321//5321 5322//5322
f 5323//5323 5324//5324 5304//5304
f 5325//5325 5326//5326 5304//5304
f 2408//2408 1290//1290 2406//2406
f 4463//4463 1294//1294 5327//5327
f 3113//3113 5328//5328 5329//5329
f 5314//5314 1162//1162 5330//5330
f 5331//5331 5141//5141 877//877
f 4103//4103 2895//2895 4104//4104
f 2052//2052 4533//4533 2997//2997
f 151//151 150//150 4410//4410
f 2069//2069 2068//2068 4875//4875
f 3554//3554 5332//5332 2071//2071
f 4972//4972 145//145 5333//5333
f 4365//4365 4395//4395 4397//4397
f 959//959 5334//5334 2098//2098
f 3545//3545 395//395 5335//5335
f 5336//5336 5337//5337 5328//5328
f 5329//5329 5328//5328 5337//5337
f 2833//2833 4829//4829 1259//1259
f 5338//5338 3531//3531 5339//5339
f 5340//5340 5341//5341 2608//2608
f 5342//5342 2612//2612 3886//3886
f 3002//3002 5343//5343 5344//5344
f 5345//5345 449//449 4817//4817
f 3826//3826 5346//5346 5347//5347
f 913//913 915//915 2120//2120
f 5348//5348 5349//5349 3809//3809
f 1836//1836 5350//5350 22//22
f 1065//1065 1064//1064 2645//2645
f 2644//2644 2645//2645 871//871
f 3753//3753 5351//5351 3751//3751
f 357//357 877//877 5143//5143
f 3531//3531 1679//1679 5339//5339
f 4828//4828 2086//2086 2085//2085
f 2693//2693 211//211 210//210
f 5013//5013 5015//5015 5352//5352
f 5353//5353 1297//1297 1299//1299
f 5347//5347 5354//5354 5353//5353
f 5355//5355 5356//5356 2608//2608
f 3286//3286 3285//3285 5357//5357
f 5358//5358 3068//3068 5359//5359
f 2390//2390 2391//2391 5358//5358
f 5360//5360 2501//2501 5361//5361
f 144//144 4366//4366 4365//4365
f 3926//3926 4073//4073 3927//3927
f 1496//1496 5362//5362 5363//5363
f 5364//5364 2488//2488 5365//5365
f 5365//5365 2488//2488 1167//1167
f 5366//5366 4244//4244 2229//2229
f 2029//2029 2453//2453 2030//2030
f 5367//5367 5368//5368 1839//1839
f 1839//1839 5368//5368 1837//1837
f 5369//5369 2769//2769 5370//5370
f 1602//1602 302//302 5370//5370
f 5365//5365 1167//1167 3620//3620
f 5364//5364 5365//5365 3620//3620
f 4227//4227 3213//3213 4228//4228
f 932//932 31//31 33//33
f 3558//3558 4690//4690 1357//1357
f 3558//3558 5371//5371 4690//4690
f 2431//2431 2433//2433 3900//3900
f 687//687 686//686 5372//5372
f 5373//5373 5374//5374 5375//5375
f 5376//5376 5375//5375 5377//5377
f 5245//5245 5246//5246 635//635
f 5378//5378 4582//4582 5379//5379
f 5380//5380 5019//5019 5018//5018
f 2555//2555 2553//2553 5381//5381
f 5227//5227 1766//1766 5382//5382
f 3667//3667 3666//3666 5383//5383
f 5384//5384 3281//3281 3976//3976
f 5385//5385 5386//5386 5387//5387
f 1358//1358 5388//5388 1359//1359
f 5389//5389 2747//2747 2746//2746
f 312//312 314//314 4156//4156
f 4156//4156 4158//4158 4109//4109
f 2357//2357 5390//5390 2358//2358
f 5391//5391 5390//5390 5087//5087
f 845//845 844//844 5392//5392
f 5392//5392 2604//2604 1262//1262
f 5077//5077 3205//3205 5078//5078
f 454//454 453//453 3204//3204
f 5393//5393 3800//3800 5394//5394
f 5395//5395 987//987 5396//5396
f 5397//5397 3561//3561 3563//3563
f 5389//5389 2746//2746 5398//5398
f 5053//5053 5399//5399 291//291
f 5399//5399 3903//3903 291//291
f 5400//5400 5401//5401 5402//5402
f 5403//5403 5404//5404 1782//1782
f 4285//4285 4284//4284 4287//4287
f 1200//1200 1162//1162 5405//5405
f 5406//5406 5191//5191 2507//2507
f 3748//3748 3750//3750 4330//4330
f 3112//3112 5407//5407 3111//3111
f 673//673 644//644 5408//5408
f 1541//1541 5409//5409 1542//1542
f 5410//5410 2164//2164 5411//5411
f 5400//5400 1782//1782 5401//5401
f 4204//4204 4203//4203 1782//1782
f 5412//5412 4197//4197 3045//3045
f 5413//5413 5412//5412 2342//2342
f 5414//5414 5415//5415 5416//5416
f 3752//3752 3751//3751 5417//5417
f 2906//2906 545//545 544//544
f 1199//1199 3434//3434 5418//5418
f 874//874 937//937 872//872
f 5419//5419 5420//5420 5421//5421
f 1594//1594 5422//5422 3079//3079
f 1594//1594 5423//5423 3596//3596
f 5424//5424 2709//2709 2711//2711
f 1542//1542 5409//5409 429//429
f 5425//5425 2599//2599 2601//2601
f 2599//2599 5426//5426 5427//5427
f 5428//5428 5217//5217 1524//1524
f 5429//5429 1606//1606 3466//3466
f 5430//5430 5431//5431 5432//5432
f 1379//1379 3710//3710 5433//5433
f 4175//4175 4848//4848 816//816
f 4849//4849 5434//5434 4848//4848
f 5435//5435 3598//3598 3600//3600
f 4162//4162 1945//1945 4163//4163
f 5436//5436 1346//1346 5258//5258
f 5436//5436 5437//5437 2160//2160
f 2603//2603 2599//2599 5427//5427
f 2889//2889 2888//2888 5427//5427
f 5438//5438 5416//5416 5439//5439
f 4808//4808 5439//5439 5440//5440
f 4081//4081 120//120 4079//4079
f 5441//5441 120//120 3219//3219
f 3243//3243 478//478 3244//3244
f 5442//5442 2717//2717 5443//5443
f 4173//4173 1104//1104 5444//5444
f 1104//1104 1106//1106 5444//5444
f 1222//1222 3013//3013 5445//5445
f 5446//5446 5447//5447 1289//1289
f 5448//5448 5449//5449 5450//5450
f 5450//5450 5451//5451 2460//2460
f 5452//5452 5453//5453 1940//1940
f 5454//5454 941//941 5455//5455
f 5456//5456 5457//5457 2910//2910
f 1910//1910 5458//5458 3865//3865
f 5459//5459 4701//4701 1585//1585
f 5459//5459 5460//5460 4701//4701
f 158//158 1943//1943 1942//1942
f 5461//5461 5462//5462 2849//2849
f 5444//5444 1106//1106 5463//5463
f 5464//5464 5359//5359 5463//5463
f 4706//4706 2025//2025 5465//5465
f 2470//2470 4707//4707 4706//4706
f 5466//5466 5458//5458 1910//1910
f 985//985 5467//5467 986//986
f 393//393 5468//5468 959//959
f 5469//5469 3959//3959 3960//3960
f 2121//2121 2123//2123 1244//1244
f 2121//2121 550//550 5470//5470
f 5451//5451 5471//5471 848//848
f 848//848 4814//4814 5451//5451
f 3169//3169 4313//4313 4314//4314
f 3362//3362 3363//3363 5472//5472
f 5473//5473 74//74 3592//3592
f 5474//5474 5475//5475 2286//2286
f 1013//1013 5476//5476 1011//1011
f 519//519 5477//5477 2588//2588
f 1702//1702 5478//5478 5479//5479
f 5480//5480 5478//5478 3395//3395
f 755//755 3002//3002 5344//5344
f 758//758 5481//5481 756//756
f 5482//5482 5483//5483 2933//2933
f 5484//5484 2173//2173 617//617
f 5485//5485 1332//1332 1331//1331
f 276//276 5486//5486 5487//5487
f 5488//5488 4205//4205 1917//1917
f 5488//5488 5489//5489 4018//4018
f 1252//1252 1251//1251 3358//3358
f 3358//3358 3024//3024 444//444
f 5490//5490 5491//5491 3827//3827
f 360//360 3564//3564 5492//5492
f 400//400 402//402 2503//2503
f 4389//4389 1323//1323 5493//5493
f 5494//5494 5495//5495 4357//4357
f 5496//5496 5495//5495 2362//2362
f 5497//5497 5498//5498 224//224
f 3584//3584 4907//4907 4909//4909
f 941//941 940//940 1847//1847
f 1847//1847 5455//5455 941//941
f 2288//2288 2290//2290 5499//5499
f 5500//5500 5501//5501 5499//5499
f 5502//5502 4546//4546 4084//4084
f 1854//1854 5502//5502 3312//3312
f 5503//5503 3755//3755 439//439
f 3755//3755 5503//5503 2734//2734
f 5504//5504 5505//5505 4762//4762
f 1544//1544 5495//5495 5496//5496
f 5506//5506 5507//5507 5422//5422
f 3080//3080 3079//3079 5508//5508
f 553//553 5509//5509 554//554
f 3242//3242 3636//3636 5510//5510
f 1713//1713 4576//4576 1714//1714
f 5511//5511 3318//3318 3317//3317
f 2360//2360 2514//2514 2361//2361
f 2175//2175 2514//2514 2360//2360
f 1785//1785 5512//5512 1786//1786
f 5513//5513 5514//5514 5515//5515
f 1929//1929 2850//2850 5516//5516
f 1317//1317 1316//1316 819//819
f 101//101 2508//2508 2511//2511
f 5517//5517 5023//5023 2508//2508
f 1380//1380 2564//2564 2562//2562
f 3715//3715 3714//3714 3712//3712
f 5219//5219 1599//1599 1596//1596
f 803//803 2755//2755 435//435
f 5518//5518 5519//5519 5520//5520
f 5520//5520 1455//1455 1454//1454
f 5521//5521 3030//3030 5522//5522
f 698//698 5523//5523 699//699
f 4360//4360 1920//1920 5524//5524
f 1920//1920 2750//2750 5524//5524
f 3746//3746 5525//5525 3744//3744
f 5526//5526 5527//5527 586//586
f 2484//2484 2483//2483 5162//5162
f 5528//5528 3864//3864 5529//5529
f 1478//1478 2031//2031 5530//5530
f 2031//2031 4479//4479 2036//2036
f 5531//5531 5532//5532 5533//5533
f 1210//1210 2191//2191 1211//1211
f 4078//4078 1273//1273 4077//4077
f 4044//4044 778//778 4043//4043
f 3587//3587 736//736 5534//5534
f 5535//5535 3521//3521 3522//3522
f 5536//5536 5537//5537 5538//5538
f 5537//5537 3745//3745 3287//3287
f 3790//3790 5539//5539 2024//2024
f 5539//5539 4545//4545 2024//2024
f 3026//3026 3025//3025 5540//5540
f 5540//5540 3025//3025 5011//5011
f 2516//2516 5541//5541 4401//4401
f 533//533 532//532 4374//4374
f 938//938 5542//5542 5543//5543
f 704//704 5025//5025 708//708
f 4078//4078 1274//1274 1273//1273
f 621//621 620//620 1274//1274
f 5544//5544 904//904 5545//5545
f 2093//2093 4682//4682 2094//2094
f 5546//5546 5547//5547 1022//1022
f 2237//2237 5548//5548 2238//2238
f 5549//5549 5550//5550 5551//5551
f 5552//5552 3149//3149 1212//1212
f 129//129 4520//4520 4522//4522
f 129//129 4522//4522 5553//5553
f 5554//5554 2838//2838 1067//1067
f 4319//4319 4321//4321 4305//4305
f 5555//5555 450//450 5556//5556
f 3305//3305 5557//5557 3306//3306
f 1802//1802 2217//2217 1803//1803
f 1302//1302 5558//5558 1306//1306
f 4929//4929 4928//4928 5559//5559
f 4879//4879 4878//4878 5560//5560
f 5128//5128 2946//2946 5561//5561
f 2945//2945 5561//5561 2946//2946
f 4958//4958 3837//3837 3839//3839
f 3839//3839 5562//5562 5563//5563
f 604//604 606//606 4403//4403
f 4405//4405 5564//5564 4403//4403
f 4091//4091 5565//5565 4094//4094
f 1923//1923 2750//2750 1920//1920
f 3048//3048 3049//3049 3046//3046
f 4701//4701 5460//5460 1450//1450
f 5566//5566 4899//4899 5567//5567
f 5566//5566 4901//4901 4899//4899
f 2417//2417 3703//3703 2418//2418
f 5568//5568 2441//2441 5569//5569
f 3161//3161 3163//3163 737//737
f 1975//1975 772//772 1976//1976
f 3033//3033 3896//3896 455//455
f 4776//4776 1221//1221 5570//5570
f 5432//5432 5431//5431 3646//3646
f 1996//1996 5571//5571 1997//1997
f 48//48 5572//5572 46//46
f 5567//5567 5572//5572 5566//5566
f 197//197 199//199 5573//5573
f 5574//5574 5575//5575 27//27
f 4170//4170 2255//2255 284//284
f 2257//2257 284//284 2255//2255
f 5576//5576 5577//5577 5578//5578
f 5579//5579 5576//5576 5102//5102
f 605//605 5580//5580 5581//5581
f 605//605 5581//5581 2830//2830
f 1559//1559 4664//4664 4663//4663
f 4663//4663 5582//5582 1559//1559
f 3685//3685 1815//1815 3683//3683
f 5583//5583 1871//1871 5584//5584
f 376//376 3877//3877 5585//5585
f 406//406 3492//3492 3494//3494
f 5586//5586 5587//5587 5588//5588
f 5587//5587 5589//5589 1363//1363
f 3029//3029 3031//3031 2705//2705
f 2705//2705 4444//4444 5590//5590
f 3375//3375 46//46 4898//4898
f 4898//4898 5567//5567 4899//4899
f 3956//3956 794//794 5591//5591
f 1632//1632 5592//5592 3956//3956
f 5189//5189 5188//5188 5593//5593
f 5593//5593 2680//2680 2679//2679
f 4989//4989 5594//5594 5581//5581
f 5595//5595 5596//5596 5581//5581
f 134//134 4342//4342 132//132
f 4340//4340 5597//5597 141//141
f 2335//2335 1558//1558 1560//1560
f 5598//5598 445//445 2333//2333
f 3166//3166 5599//5599 3168//3168
f 3609//3609 5600//5600 3610//3610
f 4988//4988 5594//5594 4989//4989
f 5601//5601 2831//2831 2830//2830
f 5602//5602 4168//4168 4167//4167
f 5602//5602 5603//5603 5414//5414
f 1626//1626 1625//1625 1623//1623
f 4116//4116 1054//1054 476//476
f 2418//2418 2438//2438 5604//5604
f 5604//5604 2438//2438 3637//3637
f 3695//3695 5605//5605 1733//1733
f 5606//5606 3695//3695 2216//2216
f 5607//5607 3626//3626 5608//5608
f 5608//5608 447//447 3002//3002
f 5609//5609 1627//1627 3954//3954
f 3956//3956 5592//5592 2800//2800
f 978//978 1642//1642 5610//5610
f 1683//1683 1682//1682 5611//5611
f 3491//3491 3490//3490 3905//3905
f 3971//3971 4646//4646 3907//3907
f 5612//5612 2908//2908 545//545
f 2543//2543 543//543 545//545
f 5613//5613 3051//3051 3053//3053
f 5614//5614 5615//5615 5616//5616
f 3833//3833 3832//3832 3300//3300
f 3833//3833 3300//3300 3299//3299
f 5594//5594 5617//5617 2830//2830
f 5594//5594 2830//2830 5581//5581
f 5618//5618 5619//5619 5620//5620
f 5621//5621 239//239 832//832
f 4478//4478 5622//5622 734//734
f 734//734 5622//5622 732//732
f 2908//2908 5612//5612 1288//1288
f 1288//1288 1285//1285 1284//1284
f 4646//4646 5623//5623 5624//5624
f 3505//3505 5624//5624 5623//5623
f 2348//2348 2350//2350 2675//2675
f 5625//5625 5626//5626 5627//5627
f 3075//3075 5628//5628 5629//5629
f 3957//3957 5630//5630 5631//5631
f 5632//5632 4386//4386 725//725
f 5633//5633 4946//4946 4945//4945
f 5634//5634 473//473 5383//5383
f 493//493 495//495 2778//2778
f 2522//2522 2524//2524 5635//5635
f 5636//5636 5635//5635 3987//3987
f 5637//5637 5638//5638 1386//1386
f 5166//5166 5638//5638 5167//5167
f 1684//1684 410//410 409//409
f 4936//4936 5451//5451 4814//4814
f 5639//5639 2961//2961 1768//1768
f 3137//3137 5640//5640 4416//4416
f 1845//1845 5641//5641 5642//5642
f 3402//3402 5641//5641 1845//1845
f 70//70 1107//1107 3302//3302
f 1107//1107 5643//5643 1108//1108
f 1823//1823 5644//5644 1824//1824
f 5283//5283 5645//5645 5646//5646
f 4489//4489 4487//4487 788//788
f 788//788 5647//5647 1914//1914
f 513//513 515//515 5648//5648
f 5649//5649 515//515 5650//5650
f 505//505 4572//4572 5651//5651
f 5652//5652 5653//5653 5654//5654
f 2110//2110 1108//1108 5643//5643
f 1881//1881 1104//1104 5655//5655
f 2128//2128 5656//5656 5657//5657
f 5658//5658 1146//1146 5656//5656
f 3515//3515 3514//3514 3098//3098
f 5659//5659 929//929 5660//5660
f 3091//3091 4459//4459 5661//5661
f 280//280 2042//2042 2041//2041
f 3684//3684 5662//5662 217//217
f 5663//5663 4018//4018 1410//1410
f 831//831 833//833 5664//5664
f 3272//3272 5665//5665 1913//1913
f 5666//5666 5667//5667 1898//1898
f 5668//5668 5669//5669 5666//5666
f 5670//5670 2233//2233 3732//3732
f 162//162 3772//3772 163//163
f 3823//3823 5179//5179 5671//5671
f 3805//3805 5671//5671 3806//3806
f 5672//5672 2700//2700 5673//5673
f 1891//1891 5674//5674 5675//5675
f 2710//2710 3846//3846 2768//2768
f 1604//1604 3847//3847 3846//3846
f 5361//5361 2501//2501 5676//5676
f 5677//5677 5676//5676 2501//2501
f 5297//5297 5298//5298 5678//5678
f 5679//5679 5680//5680 5681//5681
f 1712//1712 4211//4211 5682//5682
f 613//613 5683//5683 614//614
f 3890//3890 5684//5684 5685//5685
f 2217//2217 5684//5684 3890//3890
f 1694//1694 5686//5686 5687//5687
f 5688//5688 2180//2180 2182//2182
f 5689//5689 3049//3049 5690//5690
f 1451//1451 3621//3621 5691//5691
f 672//672 5692//5692 5572//5572
f 4901//4901 5692//5692 672//672
f 5693//5693 5694//5694 3097//3097
f 3806//3806 5671//5671 5695//5695
f 3543//3543 596//596 5696//5696
f 3974//3974 5696//5696 596//596
f 2371//2371 5697//5697 2370//2370
f 5483//5483 5482//5482 5697//5697
f 1747//1747 5698//5698 1748//1748
f 5699//5699 4729//4729 4728//4728
f 1134//1134 5700//5700 1135//1135
f 3807//3807 4562//4562 5701//5701
f 5572//5572 48//48 721//721
f 721//721 5702//5702 5572//5572
f 3514//3514 3099//3099 3098//3098
f 3514//3514 3822//3822 3099//3099
f 889//889 888//888 4346//4346
f 1894//1894 1893//1893 2340//2340
f 5703//5703 5691//5691 5690//5690
f 1452//1452 5703//5703 1018//1018
f 5393//5393 5394//5394 5704//5704
f 3356//3356 5705//5705 1656//1656
f 4099//4099 5706//5706 4100//4100
f 5707//5707 5706//5706 5708//5708
f 5702//5702 672//672 5572//5572
f 5702//5702 721//721 723//723
f 5709//5709 3742//3742 5157//5157
f 5710//5710 5711//5711 5157//5157
f 5712//5712 5713//5713 5714//5714
f 2843//2843 574//574 5715//5715
f 2777//2777 2776//2776 2798//2798
f 5716//5716 5717//5717 2797//2797
f 5160//5160 5161//5161 886//886
f 882//882 2939//2939 2525//2525
f 2658//2658 1233//1233 1232//1232
f 4844//4844 4845//4845 4842//4842
f 3251//3251 3250//3250 4632//4632
f 3250//3250 5718//5718 4632//4632
f 2995//2995 5708//5708 4531//4531
f 4531//4531 5708//5708 5706//5706
f 5719//5719 4423//4423 5720//5720
f 4423//4423 4422//4422 2200//2200
f 672//672 5702//5702 723//723
f 672//672 723//723 670//670
f 278//278 5721//5721 5722//5722
f 278//278 4842//4842 5721//5721
f 123//123 56//56 940//940
f 5713//5713 5723//5723 4418//4418
f 5724//5724 5725//5725 3743//3743
f 5709//5709 5726//5726 3742//3742
f 1269//1269 5727//5727 1270//1270
f 4908//4908 4250//4250 4909//4909
f 5728//5728 1580//1580 730//730
f 730//730 5729//5729 5728//5728
f 2564//2564 5730//5730 5731//5731
f 5541//5541 5731//5731 5732//5732
f 4211//4211 5733//5733 5682//5682
f 2915//2915 5734//5734 5733//5733
f 5555//5555 5556//5556 5735//5735
f 753//753 755//755 5736//5736
f 1070//1070 5737//5737 4697//4697
f 5738//5738 1571//1571 1570//1570
f 5739//5739 3563//3563 3562//3562
f 4425//4425 322//322 5740//5740
f 5741//5741 1098//1098 5742//5742
f 5741//5741 5742//5742 5743//5743
f 5744//5744 5745//5745 5746//5746
f 3869//3869 5747//5747 5745//5745
f 5748//5748 3334//3334 5749//5749
f 5749//5749 1001//1001 1003//1003
f 347//347 5750//5750 1332//1332
f 1332//1332 5485//5485 5751//5751
f 2238//2238 5548//5548 2240//2240
f 1302//1302 1307//1307 1300//1300
f 5738//5738 3782//3782 1696//1696
f 5752//5752 5738//5738 5753//5753
f 4034//4034 3184//3184 3183//3183
f 5754//5754 2242//2242 4034//4034
f 5742//5742 1098//1098 607//607
f 5742//5742 607//607 5004//5004
f 4115//4115 2744//2744 321//321
f 5755//5755 5740//5740 5756//5756
f 1192//1192 5757//5757 1193//1193
f 5758//5758 465//465 467//467
f 607//607 609//609 4990//4990
f 4988//4988 4987//4987 609//609
f 5759//5759 4311//4311 5760//5760
f 5759//5759 5761//5761 5762//5762
f 866//866 5763//5763 3301//3301
f 126//126 128//128 2941//2941
f 441//441 5089//5089 4587//4587
f 5764//5764 618//618 5765//5765
f 5766//5766 3814//3814 3816//3816
f 5767//5767 1216//1216 1218//1218
f 2384//2384 2382//2382 2385//2385
f 3587//3587 3588//3588 2382//2382
f 3184//3184 2247//2247 3182//3182
f 651//651 2247//2247 5768//5768
f 3329//3329 3328//3328 5769//5769
f 5769//5769 183//183 3329//3329
f 5770//5770 5771//5771 1583//1583
f 5772//5772 3291//3291 2538//2538
f 1816//1816 1089//1089 1817//1817
f 4301//4301 1089//1089 4299//4299
f 5773//5773 5774//5774 5775//5775
f 3917//3917 3916//3916 5776//5776
f 5777//5777 2878//2878 5778//5778
f 5779//5779 3747//3747 2858//2858
f 5770//5770 1583//1583 5780//5780
f 2929//2929 2928//2928 5780//5780
f 5781//5781 5782//5782 5783//5783
f 5784//5784 5782//5782 5781//5781
f 4990//4990 4987//4987 4989//4989
f 4990//4990 609//609 4987//4987
f 5785//5785 439//439 3716//3716
f 3717//3717 5716//5716 3716//3716
f 5786//5786 257//257 791//791
f 5786//5786 791//791 4549//4549
f 5513//5513 5512//5512 5514//5514
f 5768//5768 650//650 651//651
f 5787//5787 5788//5788 5789//5789
f 1605//1605 2663//2663 4830//4830
f 4959//4959 3477//3477 9//9
f 3701//3701 9//9 3477//3477
f 1157//1157 1159//1159 5790//5790
f 4331//4331 5791//5791 5792//5792
f 2857//2857 5757//5757 1192//1192
f 1167//1167 5793//5793 5794//5794
f 5795//5795 2823//2823 5796//5796
f 2279//2279 5795//5795 5797//5797
f 3167//3167 4626//4626 4627//4627
f 5798//5798 4374//4374 3166//3166
f 1950//1950 5799//5799 2531//2531
f 2531//2531 5799//5799 5800//5800
f 1498//1498 1497//1497 2561//2561
f 1453//1453 5801//5801 3621//3621
f 5802//5802 5803//5803 5804//5804
f 5805//5805 1723//1723 2857//2857
f 918//918 5806//5806 5807//5807
f 566//566 5808//5808 5809//5809
f 5810//5810 5742//5742 5811//5811
f 996//996 5811//5811 5812//5812
f 1613//1613 1612//1612 2410//2410
f 5577//5577 38//38 37//37
f 5219//5219 5813//5813 5220//5220
f 3321//3321 3323//3323 5814//5814
f 296//296 4787//4787 4681//4681
f 4681//4681 297//297 296//296
f 919//919 688//688 5815//5815
f 5806//5806 5815//5815 688//688
f 702//702 701//701 5816//5816
f 5817//5817 5818//5818 5819//5819
f 5820//5820 5821//5821 3372//3372
f 4539//4539 5820//5820 4540//4540
f 5822//5822 1164//1164 1163//1163
f 2976//2976 2083//2083 2974//2974
f 5823//5823 5421//5421 5420//5420
f 1940//1940 1276//1276 110//110
f 2800//2800 5592//5592 2801//2801
f 26//26 5574//5574 27//27
f 5824//5824 5825//5825 1460//1460
f 864//864 863//863 5826//5826
f 3137//3137 1770//1770 3138//3138
f 4416//4416 1770//1770 3137//3137
f 690//690 944//944 5827//5827
f 5806//5806 5827//5827 5808//5808
f 5828//5828 4043//4043 5829//5829
f 5829//5829 4043//4043 778//778
f 729//729 2222//2222 1117//1117
f 1325//1325 3105//3105 3104//3104
f 3646//3646 3648//3648 3649//3649
f 5830//5830 3680//3680 5831//5831
f 4080//4080 2000//2000 5832//5832
f 1275//1275 612//612 611//611
f 2923//2923 5833//5833 4892//4892
f 3851//3851 5833//5833 3852//3852
f 5834//5834 3705//3705 3799//3799
f 4806//4806 75//75 5835//5835
f 5836//5836 5837//5837 4040//4040
f 5838//5838 2960//2960 2961//2961
f 3268//3268 5839//5839 5840//5840
f 5831//5831 3649//3649 3648//3648
f 4997//4997 629//629 3604//3604
f 3592//3592 2540//2540 2542//2542
f 2155//2155 1929//1929 2156//2156
f 2155//2155 2849//2849 2851//2851
f 5841//5841 5842//5842 5843//5843
f 5843//5843 5844//5844 5841//5841
f 5478//5478 5480//5480 5479//5479
f 5845//5845 5846//5846 1705//1705
f 686//686 5847//5847 5848//5848
f 686//686 2428//2428 2430//2430
f 4822//4822 738//738 4823//4823
f 4819//4819 5849//5849 891//891
f 1666//1666 1665//1665 5850//5850
f 1666//1666 5850//5850 5851//5851
f 2119//2119 2120//2120 5852//5852
f 3406//3406 3403//3403 3407//3407
f 1256//1256 5844//5844 5843//5843
f 4602//4602 1609//1609 3424//3424
f 2015//2015 2018//2018 1880//1880
f 5853//5853 5400//5400 5402//5402
f 4900//4900 1706//1706 4899//4899
f 1706//1706 4900//4900 1704//1704
f 3670//3670 4615//4615 795//795
f 4612//4612 795//795 4615//4615
f 964//964 966//966 5854//5854
f 5854//5854 3254//3254 3253//3253
f 3699//3699 5855//5855 3700//3700
f 5856//5856 1468//1468 1467//1467
f 5857//5857 5858//5858 4876//4876
f 4876//4876 5858//5858 4877//4877
f 3781//3781 3780//3780 5859//5859
f 5859//5859 3780//3780 4786//4786
f 5860//5860 2873//2873 2871//2871
f 5860//5860 2282//2282 2281//2281
f 5861//5861 1745//1745 5686//5686
f 1694//1694 1693//1693 5686//5686
f 913//913 3406//3406 3408//3408
f 3175//3175 3178//3178 3176//3176
f 5862//5862 5863//5863 5864//5864
f 5738//5738 1570//1570 5746//5746
f 2858//2858 5777//5777 5779//5779
f 5779//5779 2883//2883 3287//3287
f 4762//4762 5505//5505 1541//1541
f 5410//5410 5411//5411 1541//1541
f 3720//3720 3760//3760 3759//3759
f 1761//1761 5865//5865 491//491
f 2637//2637 2636//2636 5866//5866
f 5867//5867 5158//5158 4548//4548
f 5868//5868 5869//5869 190//190
f 1924//1924 5870//5870 1925//1925
f 5752//5752 5753//5753 5871//5871
f 1571//1571 5872//5872 5873//5873
f 3546//3546 3548//3548 3547//3547
f 4858//4858 5874//5874 541//541
f 12//12 2281//2281 2280//2280
f 5875//5875 5470//5470 550//550
f 4960//4960 1473//1473 4961//4961
f 5876//5876 91//91 5877//5877
f 3297//3297 2766//2766 2767//2767
f 5878//5878 1525//1525 1743//1743
f 33//33 32//32 5151//5151
f 5869//5869 5879//5879 190//190
f 5880//5880 5881//5881 371//371
f 4396//4396 4971//4971 4970//4970
f 3004//3004 5322//5322 5321//5321
f 3004//3004 5321//5321 14//14
f 4797//4797 4798//4798 5882//5882
f 36//36 5883//5883 5884//5884
f 975//975 1219//1219 976//976
f 5885//5885 5886//5886 5327//5327
f 5887//5887 1651//1651 1650//1650
f 1720//1720 4046//4046 1721//1721
f 4768//4768 63//63 5888//5888
f 5888//5888 63//63 1773//1773
f 2658//2658 2659//2659 946//946
f 3419//3419 5889//5889 3662//3662
f 2956//2956 2955//2955 4867//4867
f 2956//2956 4867//4867 5890//5890
f 5891//5891 1823//1823 1822//1822
f 5892//5892 5893//5893 3177//3177
f 5894//5894 3580//3580 3171//3171
f 3171//3171 3170//3170 1650//1650
f 5895//5895 2736//2736 2739//2739
f 5896//5896 4125//4125 2736//2736
f 2498//2498 5897//5897 5898//5898
f 1644//1644 5899//5899 5900//5900
f 821//821 799//799 822//822
f 799//799 3920//3920 5901//5901
f 1410//1410 215//215 5663//5663
f 925//925 5902//5902 1410//1410
f 3180//3180 4192//4192 4194//4194
f 5584//5584 5903//5903 5904//5904
f 4558//4558 5905//5905 792//792
f 3073//3073 3075//3075 5629//5629
f 652//652 5906//5906 653//653
f 3171//3171 3581//3581 3172//3172
f 3549//3549 2012//2012 2014//2014
f 3549//3549 714//714 713//713
f 5907//5907 5908//5908 5909//5909
f 5910//5910 5821//5821 5820//5820
f 4319//4319 4351//4351 4320//4320
f 3881//3881 2837//2837 4322//4322
f 5911//5911 1974//1974 29//29
f 28//28 1465//1465 5912//5912
f 487//487 1886//1886 2989//2989
f 1886//1886 1885//1885 2989//2989
f 5913//5913 5914//5914 5915//5915
f 5915//5915 675//675 5916//5916
f 5917//5917 5918//5918 2576//2576
f 5919//5919 2535//2535 5920//5920
f 5921//5921 5922//5922 3647//3647
f 3647//3647 5922//5922 3648//3648
f 3065//3065 3064//3064 456//456
f 5923//5923 4733//4733 1152//1152
f 5924//5924 997//997 2674//2674
f 2674//2674 2673//2673 5924//5924
f 5484//5484 5925//5925 2173//2173
f 5926//5926 1966//1966 1965//1965
f 5927//5927 5928//5928 687//687
f 3836//3836 1471//1471 3834//3834
f 1290//1290 3010//3010 3009//3009
f 1290//1290 1338//1338 2406//2406
f 822//822 799//799 798//798
f 5929//5929 5930//5930 3549//3549
f 5931//5931 1545//1545 4492//4492
f 5931//5931 2845//2845 1545//1545
f 3117//3117 3116//3116 5932//5932
f 4530//4530 5924//5924 2673//2673
f 479//479 4882//4882 477//477
f 5933//5933 4882//4882 479//479
f 5934//5934 5935//5935 4274//4274
f 4274//4274 1337//1337 1339//1339
f 2377//2377 616//616 2375//2375
f 5936//5936 5937//5937 5938//5938
f 5939//5939 5940//5940 195//195
f 195//195 194//194 5939//5939
f 5941//5941 1167//1167 4969//4969
f 1189//1189 2398//2398 4969//4969
f 5942//5942 3624//3624 5943//5943
f 1460//1460 1462//1462 3625//3625
f 5944//5944 5945//5945 5946//5946
f 5947//5947 5945//5945 5944//5944
f 373//373 5948//5948 374//374
f 775//775 2510//2510 2007//2007
f 5949//5949 5950//5950 5951//5951
f 1827//1827 5952//5952 1825//1825
f 2496//2496 3503//3503 5953//5953
f 3503//3503 2496//2496 2498//2498
f 5954//5954 4027//4027 594//594
f 4686//4686 4688//4688 4760//4760
f 5955//5955 5956//5956 1156//1156
f 5957//5957 5955//5955 3811//3811
f 1699//1699 5269//5269 1700//1700
f 5652//5652 1697//1697 5653//5653
f 2059//2059 2061//2061 5958//5958
f 4051//4051 1524//1524 5218//5218
f 4179//4179 4784//4784 1040//1040
f 4180//4180 4179//4179 1040//1040
f 1864//1864 5620//5620 5619//5619
f 1864//1864 4946//4946 5959//5959
f 5960//5960 5951//5951 5950//5950
f 5950//5950 1826//1826 5960//5960
f 2131//2131 5961//5961 5962//5962
f 5657//5657 5656//5656 5961//5961
f 5963//5963 2250//2250 353//353
f 3811//3811 5955//5955 353//353
f 5964//5964 5965//5965 5966//5966
f 2410//2410 5967//5967 2411//2411
f 5968//5968 3255//3255 3118//3118
f 3256//3256 5969//5969 1691//1691
f 2413//2413 5970//5970 2414//2414
f 5971//5971 5970//5970 4491//4491
f 5972//5972 268//268 267//267
f 5109//5109 5973//5973 5110//5110
f 4258//4258 4257//4257 5974//5974
f 3123//3123 3353//3353 4258//4258
f 4819//4819 891//891 4820//4820
f 5211//5211 4820//4820 5209//5209
f 570//570 5975//5975 568//568
f 3292//3292 3295//3295 5975//5975
f 3411//3411 2609//2609 5976//5976
f 903//903 5977//5977 901//901
f 3593//3593 2412//2412 3594//3594
f 5964//5964 5966//5966 5967//5967
f 1691//1691 5969//5969 1689//1689
f 4484//4484 5978//5978 4485//4485
f 5204//5204 5979//5979 5202//5202
f 4246//4246 5979//5979 5204//5204
f 3404//3404 5767//5767 1218//1218
f 3405//3405 3404//3404 1218//1218
f 5980//5980 5981//5981 5982//5982
f 5980//5980 4645//4645 315//315
f 5983//5983 4938//4938 5984//5984
f 5984//5984 5985//5985 5983//5983
f 5448//5448 5986//5986 5449//5449
f 4368//4368 5986//5986 4369//4369
f 164//164 166//166 1862//1862
f 3445//3445 1862//1862 166//166
f 5987//5987 2686//2686 5988//5988
f 5989//5989 2687//2687 2686//2686
f 3910//3910 5990//5990 5991//5991
f 2641//2641 3910//3910 1783//1783
f 5487//5487 4088//4088 276//276
f 4088//4088 5487//5487 5992//5992
f 429//429 5409//5409 1328//1328
f 2168//2168 2167//2167 5411//5411
f 1401//1401 1403//1403 5993//5993
f 1401//1401 3236//3236 5186//5186
f 2846//2846 2273//2273 716//716
f 719//719 716//716 718//718
f 2688//2688 2686//2686 5994//5994
f 4831//4831 5995//5995 3411//3411
f 5242//5242 5241//5241 5996//5996
f 5997//5997 974//974 5998//5998
f 5999//5999 2616//2616 4683//4683
f 6000//6000 2616//2616 2615//2615
f 5730//5730 5732//5732 5731//5731
f 3165//3165 3164//3164 6001//6001
f 5992//5992 4089//4089 6002//6002
f 1329//1329 404//404 403//403
f 5074//5074 6003//6003 1022//1022
f 1022//1022 6003//6003 5546//5546
f 3360//3360 1821//1821 3358//3358
f 1821//1821 3024//3024 3358//3358
f 6004//6004 5260//5260 388//388
f 388//388 718//718 6004//6004
f 341//341 2690//2690 2689//2689
f 2689//2689 6005//6005 6006//6006
f 6007//6007 3758//3758 3760//3760
f 6008//6008 4955//4955 3758//3758
f 6009//6009 625//625 2919//2919
f 4121//4121 6010//6010 4122//4122
f 4384//4384 6011//6011 6012//6012
f 3264//3264 3263//3263 4090//4090
f 2284//2284 2283//2283 6013//6013
f 307//307 4223//4223 4222//4222
f 2555//2555 5381//5381 2556//2556
f 203//203 6014//6014 204//204
f 229//229 4653//4653 227//227
f 227//227 4653//4653 6015//6015
f 6016//6016 2537//2537 2539//2539
f 6016//6016 1586//1586 1799//1799
f 338//338 342//342 341//341
f 341//341 2689//2689 6006//6006
f 126//126 868//868 2116//2116
f 868//868 6017//6017 2116//2116
f 3265//3265 6018//6018 6019//6019
f 3262//3262 3265//3265 6020//6020
f 6021//6021 6022//6022 5257//5257
f 4407//4407 3015//3015 4408//4408
f 4687//4687 1515//1515 1514//1514
f 1635//1635 394//394 1636//1636
f 6023//6023 6024//6024 6025//6025
f 5569//5569 2440//2440 5568//5568
f 567//567 566//566 5809//5809
f 4381//4381 6011//6011 4384//4384
f 5554//5554 1067//1067 6026//6026
f 3525//3525 6027//6027 3309//3309
f 268//268 5972//5972 3432//3432
f 1707//1707 6028//6028 1759//1759
f 6029//6029 1919//1919 1590//1590
f 6030//6030 924//924 1917//1917
f 6031//6031 6032//6032 4955//4955
f 4955//4955 6008//6008 6033//6033
f 3873//3873 4942//4942 3875//3875
f 2291//2291 2293//2293 62//62
f 868//868 6034//6034 1471//1471
f 6034//6034 3834//3834 1471//1471
f 5469//5469 5468//5468 3959//3959
f 1196//1196 5468//5468 1194//1194
f 4064//4064 4062//4062 3070//3070
f 1412//1412 767//767 769//769
f 3213//3213 4227//4227 3211//3211
f 4520//4520 6035//6035 4521//4521
f 6036//6036 4361//4361 3240//3240
f 3636//3636 2122//2122 5510//5510
f 6037//6037 6038//6038 3934//3934
f 4260//4260 2804//2804 6039//6039
f 2798//2798 5717//5717 2777//2777
f 3717//3717 3718//3718 1561//1561
f 6040//6040 1672//1672 4209//4209
f 4209//4209 464//464 463//463
f 6041//6041 2602//2602 6042//6042
f 4966//4966 2600//2600 4215//4215
f 6043//6043 2490//2490 2492//2492
f 6044//6044 2432//2432 2431//2431
f 744//744 6045//6045 745//745
f 4161//4161 3370//3370 3372//3372
f 1196//1196 961//961 960//960
f 3544//3544 961//961 3542//3542
f 6046//6046 6047//6047 1869//1869
f 6046//6046 1869//1869 1868//1868
f 840//840 842//842 3072//3072
f 3825//3825 6048//6048 1887//1887
f 6049//6049 6041//6041 6050//6050
f 2081//2081 222//222 2082//2082
f 6051//6051 6052//6052 2448//2448
f 836//836 3275//3275 834//834
f 3984//3984 1502//1502 4011//4011
f 2604//2604 6053//6053 1262//1262
f 2185//2185 6054//6054 6055//6055
f 4132//4132 5249//5249 6056//6056
f 6057//6057 2202//2202 1744//1744
f 2202//2202 2204//2204 4243//4243
f 691//691 693//693 1729//1729
f 6058//6058 3088//3088 6059//6059
f 1509//1509 1507//1507 1510//1510
f 1460//1460 6060//6060 5824//5824
f 5737//5737 6061//6061 4697//4697
f 6062//6062 6063//6063 6064//6064
f 4657//4657 528//528 6065//6065
f 4657//4657 6066//6066 4620//4620
f 6059//6059 2065//2065 6058//6058
f 2065//2065 6067//6067 919//919
f 5311//5311 3459//3459 1954//1954
f 3460//3460 3459//3459 5311//5311
f 2602//2602 6041//6041 6068//6068
f 6069//6069 6041//6041 6049//6049
f 2705//2705 5590//5590 3029//3029
f 2189//2189 4933//4933 4932//4932
f 2692//2692 2691//2691 4678//4678
f 6070//6070 4678//4678 1566//1566
f 2855//2855 6058//6058 2065//2065
f 2855//2855 6071//6071 2853//2853
f 4098//4098 256//256 4097//4097
f 1186//1186 1185//1185 6072//6072
f 1398//1398 1400//1400 6073//6073
f 6073//6073 1400//1400 385//385
f 2604//2604 6074//6074 6053//6053
f 6075//6075 3961//3961 6074//6074
f 6076//6076 4282//4282 6077//6077
f 362//362 361//361 6076//6076
f 5788//5788 6078//6078 5789//5789
f 5788//5788 171//171 2661//2661
f 6056//6056 4133//4133 4132//4132
f 4133//4133 4134//4134 4132//4132
f 6079//6079 4503//4503 4502//4502
f 5118//5118 5117//5117 6080//6080
f 6081//6081 1725//1725 6082//6082
f 5516//5516 2850//2850 6081//6081
f 6077//6077 4282//4282 4281//4281
f 6077//6077 4281//4281 6083//6083
f 272//272 843//843 845//845
f 845//845 5392//5392 1262//1262
f 2713//2713 6084//6084 3616//3616
f 6085//6085 3643//3643 6086//6086
f 6087//6087 3287//3287 2882//2882
f 687//687 3833//3833 685//685
f 2590//2590 339//339 338//338
f 1805//1805 2595//2595 1806//1806
f 1967//1967 34//34 6088//6088
f 4304//4304 4303//4303 6089//6089
f 271//271 6090//6090 4613//4613
f 6091//6091 5418//5418 3434//3434
f 6076//6076 380//380 6092//6092
f 6076//6076 6092//6092 362//362
f 6093//6093 3687//3687 958//958
f 6081//6081 6082//6082 958//958
f 2605//2605 6094//6094 2606//2606
f 6094//6094 5392//5392 844//844
f 3868//3868 1069//1069 6095//6095
f 4906//4906 1267//1267 1266//1266
f 2682//2682 6096//6096 857//857
f 255//255 6097//6097 256//256
f 2302//2302 2785//2785 4062//4062
f 2302//2302 4062//4062 4065//4065
f 6098//6098 6099//6099 6100//6100
f 5172//5172 5171//5171 6101//6101
f 6102//6102 6103//6103 2650//2650
f 6104//6104 6105//6105 6106//6106
f 3530//3530 4839//4839 4007//4007
f 3530//3530 4007//4007 6107//6107
f 6108//6108 5661//5661 4459//4459
f 6109//6109 6110//6110 4128//4128
f 2411//2411 3679//3679 2409//2409
f 138//138 140//140 1613//1613
f 6111//6111 6112//6112 6113//6113
f 2118//2118 785//785 784//784
f 6105//6105 6114//6114 6115//6115
f 6105//6105 6115//6115 6116//6116
f 983//983 6117//6117 981//981
f 5852//5852 983//983 2119//2119
f 29//29 3469//3469 1828//1828
f 1829//1829 1828//1828 771//771
f 6118//6118 4068//4068 4070//4070
f 4070//4070 4068//4068 4071//4071
f 3757//3757 6119//6119 6120//6120
f 3720//3720 558//558 3760//3760
f 4608//4608 2698//2698 6121//6121
f 6121//6121 4517//4517 4516//4516
f 5925//5925 5484//5484 6122//6122
f 5925//5925 6122//6122 2934//2934
f 6123//6123 1144//1144 2412//2412
f 39//39 6124//6124 6125//6125
f 4563//4563 4564//4564 524//524
f 4564//4564 4563//4563 3108//3108
f 1439//1439 1438//1438 2703//2703
f 3031//3031 3030//3030 5521//5521
f 4956//4956 2734//2734 4957//4957
f 2734//2734 2733//2733 4957//4957
f 2937//2937 2939//2939 882//882
f 2937//2937 654//654 3173//3173
f 4464//4464 2390//2390 3071//3071
f 2390//2390 5358//5358 6126//6126
f 1419//1419 2588//2588 5477//5477
f 3110//3110 2146//2146 6127//6127
f 1438//1438 2704//2704 2703//2703
f 3480//3480 4145//4145 703//703
f 1910//1910 1909//1909 6128//6128
f 6129//6129 6128//6128 1909//1909
f 5873//5873 6130//6130 4794//4794
f 5872//5872 6130//6130 5873//5873
f 4436//4436 6131//6131 6132//6132
f 4436//4436 6132//6132 4437//4437
f 6133//6133 3086//3086 310//310
f 1919//1919 3086//3086 6133//6133
f 2803//2803 6134//6134 4984//4984
f 2803//2803 352//352 6135//6135
f 6136//6136 6137//6137 5348//5348
f 5348//5348 3809//3809 3808//3808
f 4029//4029 4028//4028 4031//4031
f 4028//4028 2302//2302 2301//2301
f 3438//3438 6138//6138 6139//6139
f 6140//6140 5169//5169 6141//6141
f 2315//2315 2270//2270 2269//2269
f 2269//2269 6142//6142 2315//2315
f 3781//3781 434//434 4537//4537
f 5921//5921 434//434 436//436
f 6143//6143 5745//5745 5747//5747
f 1695//1695 2149//2149 4811//4811
f 5325//5325 5283//5283 1208//1208
f 5646//5646 1208//1208 5283//5283
f 3921//3921 3808//3808 1134//1134
f 3920//3920 6136//6136 3921//3921
f 6144//6144 199//199 6145//6145
f 199//199 6144//6144 5573//5573
f 569//569 6146//6146 570//570
f 1980//1980 6146//6146 569//569
f 4511//4511 90//90 2528//2528
f 681//681 2528//2528 90//90
f 3727//3727 6147//6147 3728//3728
f 1011//1011 5476//5476 2587//2587
f 2537//2537 6016//6016 1799//1799
f 3949//3949 2537//2537 1799//1799
f 6148//6148 5997//5997 5998//5998
f 6148//6148 5998//5998 3101//3101
f 4284//4284 3793//3793 4287//4287
f 2208//2208 2512//2512 6149//6149
f 338//338 337//337 342//342
f 3553//3553 117//117 6150//6150
f 4862//4862 720//720 4317//4317
f 6151//6151 3374//3374 3395//3395
f 3138//3138 6152//6152 6153//6153
f 1013//1013 1012//1012 520//520
f 6154//6154 198//198 5904//5904
f 6154//6154 199//199 198//198
f 5035//5035 518//518 517//517
f 5998//5998 1312//1312 3101//3101
f 5796//5796 1658//1658 5795//5795
f 6155//6155 6156//6156 6157//6157
f 5877//5877 91//91 3870//3870
f 4511//4511 6158//6158 3870//3870
f 6159//6159 6160//6160 5711//5711
f 233//233 235//235 6160//6160
f 6161//6161 2535//2535 1392//1392
f 2536//2536 2535//2535 6161//6161
f 4931//4931 5306//5306 5305//5305
f 5492//5492 3564//3564 6162//6162
f 3373//3373 1705//1705 5846//5846
f 1706//1706 1705//1705 4335//4335
f 6163//6163 1928//1928 4849//4849
f 2156//2156 6163//6163 2157//2157
f 6164//6164 3981//3981 2723//2723
f 1949//1949 1948//1948 2723//2723
f 3311//3311 4431//4431 6165//6165
f 542//542 1852//1852 1854//1854
f 2631//2631 6166//6166 2632//2632
f 3970//3970 6167//6167 6168//6168
f 4327//4327 4328//4328 6169//6169
f 2953//2953 4500//4500 2951//2951
f 5595//5595 6170//6170 5596//5596
f 6098//6098 6100//6100 6170//6170
f 3850//3850 398//398 397//397
f 5833//5833 6171//6171 6172//6172
f 389//389 5277//5277 3614//3614
f 5309//5309 5275//5275 5277//5277
f 6173//6173 2014//2014 2013//2013
f 5929//5929 6173//6173 5930//5930
f 3420//3420 669//669 1703//1703
f 2817//2817 2816//2816 6174//6174
f 1944//1944 4163//4163 1945//1945
f 2848//2848 4164//4164 1944//1944
f 4298//4298 1089//1089 1088//1088
f 6175//6175 6172//6172 6171//6171
f 4359//4359 2696//2696 2092//2092
f 6176//6176 600//600 1921//1921
f 4037//4037 1530//1530 5144//5144
f 5144//5144 6177//6177 4042//4042
f 4755//4755 6178//6178 3018//3018
f 3018//3018 6178//6178 5224//5224
f 6179//6179 3157//3157 6180//6180
f 6141//6141 2462//2462 6140//6140
f 3537//3537 3654//3654 3656//3656
f 3537//3537 4279//4279 3654//3654
f 851//851 5175//5175 6181//6181
f 3028//3028 851//851 6181//6181
f 1537//1537 1536//1536 633//633
f 6182//6182 633//633 6183//6183
f 2709//2709 5424//5424 6184//6184
f 2709//2709 6184//6184 428//428
f 6185//6185 1301//1301 4469//4469
f 1037//1037 1806//1806 1038//1038
f 3862//3862 6186//6186 6187//6187
f 6187//6187 3844//3844 3862//3862
f 6188//6188 6189//6189 5707//5707
f 6188//6188 5701//5701 6190//6190
f 5727//5727 1927//1927 5868//5868
f 1927//1927 5869//5869 5868//5868
f 5935//5935 6191//6191 4275//4275
f 6192//6192 6193//6193 6194//6194
f 4085//4085 1739//1739 710//710
f 710//710 1739//1739 4338//4338
f 1722//1722 3200//3200 3199//3199
f 6195//6195 6196//6196 6197//6197
f 2414//2414 1903//1903 2415//2415
f 6184//6184 5424//5424 6198//6198
f 5810//5810 5811//5811 996//996
f 6199//6199 670//670 723//723
f 5727//5727 5868//5868 6200//6200
f 189//189 5868//5868 190//190
f 1806//1806 6185//6185 6201//6201
f 3512//3512 2594//2594 2593//2593
f 406//406 6202//6202 407//407
f 6203//6203 6204//6204 6205//6205
f 2272//2272 508//508 507//507
f 3448//3448 3450//3450 6206//6206
f 3617//3617 6207//6207 6208//6208
f 6209//6209 6086//6086 3643//3643
f 4674//4674 4673//4673 4675//4675
f 833//833 832//832 1254//1254
f 4430//4430 2105//2105 639//639
f 640//640 639//639 1662//1662
f 2489//2489 6043//6043 6210//6210
f 6210//6210 213//213 2489//2489
f 403//403 6109//6109 1330//1330
f 6205//6205 6204//6204 6211//6211
f 672//672 671//671 4901//4901
f 671//671 2373//2373 4944//4944
f 3230//3230 4785//4785 6212//6212
f 6212//6212 3231//3231 3230//3230
f 259//259 4153//4153 4152//4152
f 4316//4316 4315//4315 259//259
f 1756//1756 2548//2548 2547//2547
f 2550//2550 2548//2548 6213//6213
f 3997//3997 304//304 6214//6214
f 3997//3997 4389//4389 3998//3998
f 632//632 5244//5244 5246//5246
f 636//636 4399//4399 637//637
f 830//830 4684//4684 5545//5545
f 830//830 5545//5545 904//904
f 2967//2967 2966//2966 6215//6215
f 6215//6215 6216//6216 4146//4146
f 2652//2652 2654//2654 5071//5071
f 3046//3046 6217//6217 2652//2652
f 1474//1474 2033//2033 1475//1475
f 6218//6218 1474//1474 5266//5266
f 2424//2424 2740//2740 6219//6219
f 4652//4652 5210//5210 4653//4653
f 5856//5856 5855//5855 3699//3699
f 3632//3632 2582//2582 4399//4399
f 1629//1629 5289//5289 5288//5288
f 2309//2309 1629//1629 2310//2310
f 4389//4389 6214//6214 1323//1323
f 3997//3997 6214//6214 4389//4389
f 5444//5444 5463//5463 2387//2387
f 6220//6220 665//665 1884//1884
f 318//318 2734//2734 6221//6221
f 318//318 6221//6221 439//439
f 3094//3094 6222//6222 30//30
f 50//50 28//28 30//30
f 3584//3584 224//224 4907//4907
f 209//209 225//225 224//224
f 6223//6223 4652//4652 4654//4654
f 1487//1487 1489//1489 1508//1508
f 143//143 1139//1139 1141//1141
f 3133//3133 3132//3132 3134//3134
f 4967//4967 6224//6224 4968//4968
f 4967//4967 6225//6225 6226//6226
f 1548//1548 5139//5139 5138//5138
f 5139//5139 2626//2626 6227//6227
f 6228//6228 327//327 6229//6229
f 327//327 6230//6230 6229//6229
f 6231//6231 4863//4863 6232//6232
f 6232//6232 4863//4863 4583//4583
f 4404//4404 4405//4405 5239//5239
f 4402//4402 4405//4405 4403//4403
f 6233//6233 6234//6234 6235//6235
f 4219//4219 1036//1036 2530//2530
f 4484//4484 6236//6236 6237//6237
f 178//178 4049//4049 4483//4483
f 1487//1487 1508//1508 1510//1510
f 863//863 5248//5248 5826//5826
f 1215//1215 1214//1214 489//489
f 4743//4743 4742//4742 4744//4744
f 6238//6238 1191//1191 2468//2468
f 572//572 6238//6238 4417//4417
f 6232//6232 4583//4583 6239//6239
f 701//701 6240//6240 5816//5816
f 528//528 4668//4668 6065//6065
f 6241//6241 6242//6242 528//528
f 6243//6243 2134//2134 6244//6244
f 6245//6245 2134//2134 6243//6243
f 5247//5247 6246//6246 3638//3638
f 6247//6247 2996//2996 2997//2997
f 4562//4562 6190//6190 5701//5701
f 559//559 800//800 560//560
f 6031//6031 6248//6248 6032//6032
f 6248//6248 6031//6031 5425//5425
f 2274//2274 6249//6249 2275//2275
f 232//232 6250//6250 6251//6251
f 4233//4233 3243//3243 3245//3245
f 6252//6252 4744//4744 4746//4746
f 2997//2997 4533//4533 4532//4532
f 2997//2997 6253//6253 6247//6247
f 6254//6254 2070//2070 5332//5332
f 5200//5200 5199//5199 6255//6255
f 2531//2531 5800//5800 2532//2532
f 6256//6256 6257//6257 6258//6258
f 3083//3083 1130//1130 1592//1592
f 4393//4393 6259//6259 4394//4394
f 203//203 6260//6260 6014//6014
f 6261//6261 4640//4640 4639//4639
f 1615//1615 565//565 6262//6262
f 916//916 918//918 5807//5807
f 2347//2347 6263//6263 1097//1097
f 2347//2347 1097//1097 1096//1096
f 450//450 3305//3305 1436//1436
f 3305//3305 450//450 5557//5557
f 610//610 5079//5079 5064//5064
f 610//610 2620//2620 611//611
f 5199//5199 6264//6264 6255//6255
f 6264//6264 6265//6265 5334//5334
f 6257//6257 5920//5920 6258//6258
f 6266//6266 6267//6267 5920//5920
f 4507//4507 6268//6268 534//534
f 6268//6268 3607//3607 3606//3606
f 3559//3559 3558//3558 1356//1356
f 6269//6269 3559//3559 1356//1356
f 1403//1403 1838//1838 1837//1837
f 2944//2944 3725//3725 6270//6270
f 2981//2981 2073//2073 2982//2982
f 2979//2979 5319//5319 2977//2977
f 1111//1111 5991//5991 5990//5990
f 6271//6271 3147//3147 3146//3146
f 6272//6272 5622//5622 1265//1265
f 5622//5622 3691//3691 732//732
f 393//393 6273//6273 5468//5468
f 392//392 5630//5630 393//393
f 6274//6274 5515//5515 3128//3128
f 530//530 6241//6241 528//528
f 1128//1128 1127//1127 6275//6275
f 4266//4266 4267//4267 6275//6275
f 3675//3675 3679//3679 3678//3678
f 6262//6262 565//565 4383//4383
f 105//105 2934//2934 106//106
f 4706//4706 5465//5465 2470//2470
f 6276//6276 5403//5403 6277//6277
f 6278//6278 6279//6279 6280//6280
f 2524//2524 1265//1265 5635//5635
f 3987//3987 5635//5635 3985//3985
f 6281//6281 1225//1225 2209//2209
f 4266//4266 6281//6281 4267//4267
f 2426//2426 2336//2336 6282//6282
f 6283//6283 6284//6284 6285//6285
f 5861//5861 1693//1693 6286//6286
f 5861//5861 5686//5686 1693//1693
f 6287//6287 6288//6288 4835//4835
f 2577//2577 2282//2282 4224//4224
f 2856//2856 5757//5757 2857//2857
f 6289//6289 466//466 6290//6290
f 5693//5693 3097//3097 5695//5695
f 3988//3988 3990//3990 6291//6291
f 2516//2516 4401//4401 1113//1113
f 2516//2516 4721//4721 2519//2519
f 3681//3681 700//700 6292//6292
f 699//699 1997//1997 700//700
f 4475//4475 6283//6283 6285//6285
f 4475//4475 6285//6285 4473//4473
f 4734//4734 3396//3396 4735//4735
f 6293//6293 2732//2732 3397//3397
f 5585//5585 3877//3877 3858//3858
f 3058//3058 3057//3057 3858//3858
f 534//534 6268//6268 535//535
f 535//535 6268//6268 1209//1209
f 6294//6294 2869//2869 3220//3220
f 1287//1287 2909//2909 1288//1288
f 3303//3303 3304//3304 6295//6295
f 4604//4604 3303//3303 4603//4603
f 6296//6296 6297//6297 1518//1518
f 3392//3392 1518//1518 3393//3393
f 1850//1850 1849//1849 5542//5542
f 1849//1849 4965//4965 5542//5542
f 6298//6298 6268//6268 6299//6299
f 2192//2192 1441//1441 2190//2190
f 2964//2964 6300//6300 856//856
f 1102//1102 191//191 4448//4448
f 4376//4376 4339//4339 4375//4375
f 4343//4343 4340//4340 4339//4339
f 167//167 169//169 70//70
f 6301//6301 2108//2108 1107//1107
f 3775//3775 3671//3671 3776//3776
f 3073//3073 4559//4559 3074//3074
f 775//775 2008//2008 773//773
f 6302//6302 3289//3289 6303//6303
f 1210//1210 5533//5533 2191//2191
f 6304//6304 2191//2191 3605//3605
f 4076//4076 1412//1412 1411//1411
f 6305//6305 1412//1412 4076//4076
f 4100//4100 7//7 4101//4101
f 1486//1486 1485//1485 1137//1137
f 991//991 4372//4372 6306//6306
f 991//991 6306//6306 6307//6307
f 6308//6308 747//747 4190//4190
f 748//748 747//747 3474//3474
f 1547//1547 1549//1549 265//265
f 6309//6309 6310//6310 1715//1715
f 2219//2219 3892//3892 3271//3271
f 167//167 70//70 69//69
f 6311//6311 4019//4019 3861//3861
f 4022//4022 2172//2172 4020//4020
f 4856//4856 6312//6312 4857//4857
f 4857//4857 6310//6310 6309//6309
f 6313//6313 4632//4632 6314//6314
f 970//970 823//823 4632//4632
f 498//498 6315//6315 5099//5099
f 497//497 6316//6316 498//498
f 6244//6244 3863//3863 6317//6317
f 2057//2057 6317//6317 2058//2058
f 3826//3826 6318//6318 3824//3824
f 6318//6318 3826//3826 2120//2120
f 4450//4450 4452//4452 2950//2950
f 2158//2158 3740//3740 6319//6319
f 5037//5037 6320//6320 6311//6311
f 5038//5038 5037//5037 2170//2170
f 3499//3499 2085//2085 2084//2084
f 1841//1841 1840//1840 3496//3496
f 3894//3894 3893//3893 5685//5685
f 1414//1414 1416//1416 6321//6321
f 1463//1463 4008//4008 1741//1741
f 49//49 1463//1463 28//28
f 5952//5952 6322//6322 1825//1825
f 3825//3825 3824//3824 6048//6048
f 1658//1658 6157//6157 6156//6156
f 6156//6156 1659//1659 1658//1658
f 6323//6323 6324//6324 6315//6315
f 6323//6323 6315//6315 498//498
f 6325//6325 4870//4870 4869//4869
f 1774//1774 6326//6326 4147//4147
f 4963//4963 6327//6327 6328//6328
f 287//287 289//289 6329//6329
f 6330//6330 1513//1513 4053//4053
f 6331//6331 1635//1635 1634//1634
f 3219//3219 3218//3218 6332//6332
f 415//415 417//417 6333//6333
f 2075//2075 2078//2078 6334//6334
f 3965//3965 2828//2828 2825//2825
f 2478//2478 6335//6335 2474//2474
f 6335//6335 5522//5522 3030//3030
f 6336//6336 3072//3072 837//837
f 2911//2911 2913//2913 837//837
f 6319//6319 4450//4450 2158//2158
f 254//254 2948//2948 2947//2947
f 136//136 3797//3797 137//137
f 5416//5416 3752//3752 5417//5417
f 4994//4994 4996//4996 652//652
f 881//881 883//883 4060//4060
f 5520//5520 1454//1454 5518//5518
f 2812//2812 2814//2814 1454//1454
f 3171//3171 4112//4112 5894//5894
f 4112//4112 4114//4114 5104//5104
f 733//733 1351//1351 1350//1350
f 1840//1840 2586//2586 5147//5147
f 6337//6337 1532//1532 1534//1534
f 6338//6338 1472//1472 6339//6339
f 6340//6340 5536//5536 5526//5526
f 682//682 6340//6340 683//683
f 2737//2737 5134//5134 1497//1497
f 2738//2738 2737//2737 6341//6341
f 252//252 3349//3349 253//253
f 2022//2022 3351//3351 2023//2023
f 3193//3193 998//998 3194//3194
f 3668//3668 998//998 3193//3193
f 6342//6342 2569//2569 6085//6085
f 6343//6343 3616//3616 6084//6084
f 5050//5050 6344//6344 3520//3520
f 1730//1730 295//295 294//294
f 3223//3223 4948//4948 1863//1863
f 4948//4948 6345//6345 549//549
f 3989//3989 3991//3991 4032//4032
f 3989//3989 4032//4032 3990//3990
f 409//409 6346//6346 5611//5611
f 409//409 6347//6347 6346//6346
f 4884//4884 873//873 4497//4497
f 3338//3338 873//873 4985//4985
f 2307//2307 2306//2306 6348//6348
f 5885//5885 4462//4462 4461//4461
f 3491//3491 348//348 3489//3489
f 4646//4646 343//343 695//695
f 2059//2059 4508//4508 3235//3235
f 2059//2059 6349//6349 2060//2060
f 5058//5058 5068//5068 5069//5069
f 5059//5059 5069//5069 1116//1116
f 6350//6350 6351//6351 6352//6352
f 233//233 6353//6353 234//234
f 3785//3785 3869//3869 6354//6354
f 5744//5744 5746//5746 6354//6354
f 6355//6355 6088//6088 762//762
f 6356//6356 1967//1967 6088//6088
f 6357//6357 1061//1061 6358//6358
f 6337//6337 6338//6338 6358//6358
f 4738//4738 6359//6359 6360//6360
f 3051//3051 2684//2684 3052//3052
f 6361//6361 6362//6362 854//854
f 6363//6363 6350//6350 6352//6352
f 4895//4895 1986//1986 1985//1985
f 1984//1984 1983//1983 3319//3319
f 6364//6364 4137//4137 4136//4136
f 4093//4093 6365//6365 6364//6364
f 1444//1444 3784//3784 3783//3783
f 4852//4852 2150//2150 4853//4853
f 239//239 5621//5621 5618//5618
f 240//240 239//239 6366//6366
f 6342//6342 6343//6343 6084//6084
f 2768//2768 2770//2770 2710//2710
f 5491//5491 6367//6367 2991//2991
f 474//474 6368//6368 2991//2991
f 6369//6369 1967//1967 6356//6356
f 2175//2175 2515//2515 1967//1967
f 6370//6370 6371//6371 6372//6372
f 6358//6358 6338//6338 6339//6339
f 856//856 6361//6361 854//854
f 5076//5076 856//856 6300//6300
f 3972//3972 6373//6373 1633//1633
f 6373//6373 4889//4889 1633//1633
f 6374//6374 6370//6370 6372//6372
f 6358//6358 6375//6375 6376//6376
f 5602//5602 897//897 896//896
f 897//897 6377//6377 4165//4165
f 324//324 2747//2747 4981//4981
f 1045//1045 1044//1044 6378//6378
f 2757//2757 3623//3623 155//155
f 1498//1498 2561//2561 5801//5801
f 6147//6147 6379//6379 3728//3728
f 6379//6379 1353//1353 6380//6380
f 606//606 5123//5123 4403//4403
f 5122//5122 5121//5121 6381//6381
f 4093//4093 6382//6382 2750//2750
f 2750//2750 1923//1923 5565//5565
f 6383//6383 6384//6384 6385//6385
f 2677//2677 2678//2678 6385//6385
f 6166//6166 6375//6375 2632//2632
f 6371//6371 2632//2632 6372//6372
f 860//860 3163//3163 3162//3162
f 1507//1507 1506//1506 6386//6386
f 6387//6387 2292//2292 2291//2291
f 6388//6388 6389//6389 3573//3573
f 6390//6390 5677//5677 2500//2500
f 5677//5677 2501//2501 2500//2500
f 2326//2326 3228//3228 2327//2327
f 6391//6391 5413//5413 2342//2342
f 4367//4367 1969//1969 6392//6392
f 3383//3383 4370//4370 3384//3384
f 6233//6233 6393//6393 6234//6234
f 4511//4511 4510//4510 6158//6158
f 5029//5029 932//932 931//931
f 31//31 932//932 6394//6394
f 6092//6092 380//380 3352//3352
f 6092//6092 3352//3352 6395//6395
f 3624//3624 5942//5942 150//150
f 150//150 4412//4412 4411//4411
f 787//787 1958//1958 6396//6396
f 2446//2446 2445//2445 6397//6397
f 6398//6398 6399//6399 6400//6400
f 1771//1771 6401//6401 6400//6400
f 6386//6386 1506//1506 860//860
f 1506//1506 1505//1505 2597//2597
f 6402//6402 706//706 6403//6403
f 6404//6404 706//706 6402//6402
f 4413//4413 4412//4412 1026//1026
f 3528//3528 4413//4413 1026//1026
f 5375//5375 5374//5374 6405//6405
f 4605//4605 6406//6406 1348//1348
f 530//530 6407//6407 6408//6408
f 1786//1786 3130//3130 1787//1787
f 2446//2446 6397//6397 6396//6396
f 5953//5953 3503//3503 3504//3504
f 3255//3255 1691//1691 3118//3118
f 1730//1730 2558//2558 295//295
f 5438//5438 5439//5439 4808//4808
f 5414//5414 4168//4168 5602//5602
f 3601//3601 6409//6409 3598//3598
f 6409//6409 1009//1009 1008//1008
f 5488//5488 1917//1917 5489//5489
f 924//924 5489//5489 1917//1917
f 5385//5385 5387//5387 6410//6410
f 6410//6410 6411//6411 5385//5385
f 5307//5307 1281//1281 5282//5282
f 5307//5307 6412//6412 359//359
f 1583//1583 6413//6413 956//956
f 3950//3950 3951//3951 956//956
f 1565//1565 6414//6414 6415//6415
f 1564//1564 6414//6414 1565//1565
f 6416//6416 4469//4469 1301//1301
f 6416//6416 1301//1301 1300//1300
f 6417//6417 3538//3538 2718//2718
f 2954//2954 1621//1621 2955//2955
f 178//178 177//177 4050//4050
f 164//164 1862//1862 1861//1861
f 445//445 444//444 3026//3026
f 445//445 3026//3026 5540//5540
f 6418//6418 4911//4911 4910//4910
f 333//333 2214//2214 331//331
f 3914//3914 4847//4847 1728//1728
f 3912//3912 3914//3914 1728//1728
f 5735//5735 5556//5556 6419//6419
f 6420//6420 2183//2183 758//758
f 2114//2114 2116//2116 6017//6017
f 1534//1534 6421//6421 6337//6337
f 6422//6422 4318//4318 6423//6423
f 6422//6422 6423//6423 439//439
f 6424//6424 5112//5112 6425//6425
f 6424//6424 6297//6297 6426//6426
f 4027//4027 6427//6427 6428//6428
f 6429//6429 1433//1433 1437//1437
f 6430//6430 6431//6431 6432//6432
f 6430//6430 4121//4121 4120//4120
f 2333//2333 2332//2332 6433//6433
f 6434//6434 2333//2333 2335//2335
f 5233//5233 462//462 464//464
f 1672//1672 1674//1674 2320//2320
f 1807//1807 1806//1806 6435//6435
f 1807//1807 6435//6435 6436//6436
f 4812//4812 4936//4936 4813//4813
f 4863//4863 6231//6231 1684//1684
f 4733//4733 3066//3066 4731//4731
f 3063//3063 2305//2305 2308//2308
f 2564//2564 3713//3713 534//534
f 2478//2478 2474//2474 4506//4506
f 586//586 2943//2943 587//587
f 2944//2944 1402//1402 2945//2945
f 3521//3521 4440//4440 4442//4442
f 3521//3521 2725//2725 3324//3324
f 6437//6437 5417//5417 3751//3751
f 3748//3748 4330//4330 6438//6438
f 677//677 3473//3473 678//678
f 3475//3475 4480//4480 5235//5235
f 5336//5336 6439//6439 5337//5337
f 1186//1186 6072//6072 4097//4097
f 1669//1669 1671//1671 395//395
f 5335//5335 395//395 5334//5334
f 1851//1851 6440//6440 6441//6441
f 6442//6442 5713//5713 5712//5712
f 6443//6443 5733//5733 5734//5734
f 1716//1716 4855//4855 2914//2914
f 2533//2533 6444//6444 2818//2818
f 41//41 6445//6445 42//42
f 6261//6261 6446//6446 4640//4640
f 6446//6446 192//192 1102//1102
f 952//952 3476//3476 953//953
f 4069//4069 4071//4071 6447//6447
f 5475//5475 2287//2287 2286//2286
f 4972//4972 5333//5333 2287//2287
f 6215//6215 2966//2966 6216//6216
f 2966//2966 1775//1775 1774//1774
f 4432//4432 5668//5668 1178//1178
f 4432//4432 6448//6448 5668//5668
f 484//484 483//483 2623//2623
f 1550//1550 1552//1552 6449//6449
f 3188//3188 3190//3190 6450//6450
f 1540//1540 3191//3191 1538//1538
f 4473//4473 6451//6451 6452//6452
f 948//948 950//950 6451//6451
f 5810//5810 6453//6453 5743//5743
f 5810//5810 5743//5743 5742//5742
f 6454//6454 5276//5276 2552//2552
f 5276//5276 6454//6454 5277//5277
f 4229//4229 4231//4231 6455//6455
f 2046//2046 2048//2048 6456//6456
f 3341//3341 6457//6457 4885//4885
f 6457//6457 3188//3188 6450//6450
f 3769//3769 3768//3768 6458//6458
f 6067//6067 2065//2065 2067//2067
f 2349//2349 4105//4105 2350//2350
f 6459//6459 4105//4105 2349//2349
f 5741//5741 721//721 1098//1098
f 721//721 5741//5741 722//722
f 4473//4473 6447//6447 4071//4071
f 4473//4473 6460//6460 6451//6451
f 4519//4519 4229//4229 3209//3209
f 6455//6455 6461//6461 4229//4229
f 6462//6462 4891//4891 3848//3848
f 6463//6463 397//397 2820//2820
f 6464//6464 355//355 897//897
f 355//355 6464//6464 356//356
f 110//110 109//109 6465//6465
f 6466//6466 6465//6465 6467//6467
f 987//987 989//989 6468//6468
f 6468//6468 5396//5396 987//987
f 3232//3232 3229//3229 3259//3259
f 1598//1598 1597//1597 4804//4804
f 5741//5741 5743//5743 722//722
f 6199//6199 5743//5743 6453//6453
f 278//278 5722//5722 279//279
f 6469//6469 2042//2042 6470//6470
f 3992//3992 3993//3993 1535//1535
f 6471//6471 1535//1535 3993//3993
f 989//989 988//988 1758//1758
f 5096//5096 1758//1758 4163//4163
f 6472//6472 564//564 6473//6473
f 4919//4919 564//564 6474//6474
f 6475//6475 6476//6476 6462//6462
f 6462//6462 3848//3848 6463//6463
f 1131//1131 6477//6477 1132//1132
f 3792//3792 5539//5539 4392//4392
f 1590//1590 1589//1589 3589//3589
f 3589//3589 6478//6478 96//96
f 364//364 1148//1148 365//365
f 1148//1148 1539//1539 365//365
f 3567//3567 3569//3569 6479//6479
f 4395//4395 4398//4398 146//146
f 6480//6480 6018//6018 4896//4896
f 4896//4896 6018//6018 4897//4897
f 6473//6473 564//564 4919//4919
f 4919//4919 1138//1138 6473//6473
f 2700//2700 5672//5672 5674//5674
f 6481//6481 980//980 4195//4195
f 2382//2382 2384//2384 2383//2383
f 4232//4232 2383//2383 2384//2384
f 1366//1366 6482//6482 3412//3412
f 2211//2211 2210//2210 6482//6482
f 1317//1317 1495//1495 1315//1315
f 5133//5133 2737//2737 4125//4125
f 3673//3673 3672//3672 3674//3674
f 6463//6463 6475//6475 6462//6462
f 3513//3513 3821//3821 3820//3820
f 1802//1802 6483//6483 2218//2218
f 6484//6484 3153//3153 6485//6485
f 6486//6486 6485//6485 6487//6487
f 6488//6488 1213//1213 1400//1400
f 6489//6489 1213//1213 6490//6490
f 4671//4671 1585//1585 1587//1587
f 370//370 1585//1585 371//371
f 6313//6313 6314//6314 480//480
f 3252//3252 3251//3251 3249//3249
f 6070//6070 1566//1566 3885//3885
f 1566//1566 1568//1568 3885//3885
f 2439//2439 2418//2418 2441//2441
f 2418//2418 2439//2439 2438//2438
f 3513//3513 2593//2593 3821//3821
f 2592//2592 2591//2591 3822//3822
f 4216//4216 4236//4236 781//781
f 4253//4253 4255//4255 4254//4254
f 4928//4928 6491//6491 5559//5559
f 6491//6491 4928//4928 6492//6492
f 2899//2899 4635//4635 5718//5718
f 4670//4670 64//64 4669//4669
f 2602//2602 3398//3398 6042//6042
f 3398//3398 2890//2890 6493//6493
f 2683//2683 783//783 782//782
f 2930//2930 2932//2932 1620//1620
f 5265//5265 375//375 6494//6494
f 375//375 5265//5265 5263//5263
f 6495//6495 6496//6496 6497//6497
f 6498//6498 675//675 674//674
f 6499//6499 6024//6024 6023//6023
f 6499//6499 2423//2423 2422//2422
f 2056//2056 3845//3845 2057//2057
f 6500//6500 2060//2060 6349//6349
f 306//306 308//308 6501//6501
f 4208//4208 4207//4207 308//308
f 5369//5369 6502//6502 2769//2769
f 6502//6502 6503//6503 2570//2570
f 5201//5201 2884//2884 2902//2902
f 2902//2902 2884//2884 2668//2668
f 514//514 4067//4067 4066//4066
f 2921//2921 2923//2923 514//514
f 4161//4161 4160//4160 3370//3370
f 6504//6504 1619//1619 1491//1491
f 2429//2429 2428//2428 2861//2861
f 2881//2881 2883//2883 5778//5778
f 2530//2530 4220//4220 4219//4219
f 6505//6505 3276//3276 6506//6506
f 6295//6295 4603//4603 3303//3303
f 1303//1303 5547//5547 1304//1304
f 5215//5215 6501//6501 4207//4207
f 6501//6501 308//308 4207//4207
f 6507//6507 2730//2730 2729//2729
f 6507//6507 2729//2729 6508//6508
f 1638//1638 1637//1637 1641//1641
f 5610//5610 6509//6509 978//978
f 6510//6510 548//548 6511//6511
f 4728//4728 1748//1748 5698//5698
f 6512//6512 3707//3707 3706//3706
f 5794//5794 5793//5793 6513//6513
f 6514//6514 3276//3276 4189//4189
f 6514//6514 4189//4189 4188//4188
f 1759//1759 6515//6515 6516//6516
f 3428//3428 4140//4140 3937//3937
f 5754//5754 4034//4034 3186//3186
f 3202//3202 3186//3186 3185//3185
f 4853//4853 2150//2150 2152//2152
f 2152//2152 3942//3942 4810//4810
f 4476//4476 4477//4477 6517//6517
f 1641//1641 1640//1640 1638//1638
f 6047//6047 1422//1422 1869//1869
f 4108//4108 1015//1015 4107//4107
f 6518//6518 3507//3507 3505//3505
f 6518//6518 3505//3505 5623//5623
f 6519//6519 3577//3577 3576//3576
f 6387//6387 3576//3576 2292//2292
f 3765//3765 6514//6514 1797//1797
f 3764//3764 6506//6506 3765//3765
f 6520//6520 4325//4325 6521//6521
f 6520//6520 4309//4309 4307//4307
f 3138//3138 6153//6153 3139//3139
f 4038//4038 4041//4041 4039//4039
f 5641//5641 1556//1556 5642//5642
f 1611//1611 1613//1613 140//140
f 2832//2832 6522//6522 4829//4829
f 1257//1257 6523//6523 1258//1258
f 6524//6524 4081//4081 4080//4080
f 6524//6524 4080//4080 5832//5832
f 1404//1404 1406//1406 3136//3136
f 4039//4039 4041//4041 6525//6525
f 4349//4349 4350//4350 4347//4347
f 4350//4350 4349//4349 47//47
f 2321//2321 6526//6526 5166//5166
f 6527//6527 6526//6526 2321//2321
f 447//447 449//449 3002//3002
f 449//449 5343//5343 3002//3002
f 1598//1598 4805//4805 5813//5813
f 5219//5219 1598//1598 5813//5813
f 5230//5230 5232//5232 3940//3940
f 3940//3940 4569//4569 6528//6528
f 4930//4930 6529//6529 4931//4931
f 4931//4931 6529//6529 5306//5306
f 2836//2836 6522//6522 2832//2832
f 2832//2832 2834//2834 2836//2836
f 5184//5184 2879//2879 5185//5185
f 2879//2879 2878//2878 2859//2859
f 153//153 2666//2666 6530//6530
f 3377//3377 3379//3379 6530//6530
f 5646//5646 744//744 1208//1208
f 4437//4437 1279//1279 6531//6531
f 5688//5688 5687//5687 2180//2180
f 2178//2178 6532//6532 6533//6533
f 4493//4493 5229//5229 4494//4494
f 4730//4730 5229//5229 4493//4493
f 5506//5506 6534//6534 5507//5507
f 6535//6535 6536//6536 6537//6537
f 238//238 6538//6538 2321//2321
f 6539//6539 4597//4597 4596//4596
f 2452//2452 2029//2029 2451//2451
f 762//762 761//761 760//760
f 428//428 430//430 3629//3629
f 3629//3629 5787//5787 3630//3630
f 801//801 6540//6540 802//802
f 6541//6541 1836//1836 6542//6542
f 6543//6543 3534//3534 6007//6007
f 2844//2844 2843//2843 4954//4954
f 1350//1350 1840//1840 733//733
f 3495//3495 3496//3496 1840//1840
f 540//540 6544//6544 3282//3282
f 1176//1176 3282//3282 6544//6544
f 2506//2506 355//355 357//357
f 6545//6545 2506//2506 357//357
f 2379//2379 4310//4310 2380//2380
f 3045//3045 4177//4177 4176//4176
f 6546//6546 6547//6547 6548//6548
f 6549//6549 6546//6546 6548//6548
f 24//24 6550//6550 1836//1836
f 1836//1836 6550//6550 6542//6542
f 2070//2070 6254//6254 6551//6551
f 5198//5198 501//501 4561//4561
f 3743//3743 5437//5437 3741//3741
f 858//858 1345//1345 5437//5437
f 5252//5252 5254//5254 5253//5253
f 2197//2197 4490//4490 2198//2198
f 3534//3534 6552//6552 6007//6007
f 6403//6403 706//706 1079//1079
f 3273//3273 3275//3275 836//836
f 6553//6553 1913//1913 5665//5665
f 1096//1096 2345//2345 2347//2347
f 6554//6554 4748//4748 6555//6555
f 53//53 3761//3761 6556//6556
f 1777//1777 1034//1034 53//53
f 1577//1577 1579//1579 844//844
f 5318//5318 2979//2979 5322//5322
f 3083//3083 3082//3082 1130//1130
f 6557//6557 3113//3113 5329//5329
f 5499//5499 2290//2290 5500//5500
f 4169//4169 2256//2256 2255//2255
f 5343//5343 2998//2998 5344//5344
f 3445//3445 1665//1665 2998//2998
f 681//681 6558//6558 2528//2528
f 4525//4525 2034//2034 4523//4523
f 6559//6559 6560//6560 2170//2170
f 6559//6559 3860//3860 6560//6560
f 1111//1111 6561//6561 3146//3146
f 3146//3146 3698//3698 4723//4723
f 6562//6562 4570//4570 4572//4572
f 4570//4570 6562//6562 3666//3666
f 6537//6537 6536//6536 1876//1876
f 1876//1876 6536//6536 1874//1874
f 1582//1582 4183//4183 6563//6563
f 1581//1581 4183//4183 1582//1582
f 4650//4650 4649//4649 6554//6554
f 6554//6554 6555//6555 4650//4650
f 6387//6387 2291//2291 6388//6388
f 61//61 60//60 2774//2774
f 2575//2575 1170//1170 2622//2622
f 2575//2575 1171//1171 1170//1170
f 5027//5027 5028//5028 6564//6564
f 4977//4977 6565//6565 6566//6566
f 256//256 2948//2948 254//254
f 4098//4098 2948//2948 256//256
f 6038//6038 6037//6037 6567//6567
f 6038//6038 6567//6567 6568//6568
f 5496//5496 6569//6569 1544//1544
f 1543//1543 1544//1544 6569//6569
f 5450//5450 5449//5449 6570//6570
f 5471//5471 5451//5451 5450//5450
f 4256//4256 3611//3611 6571//6571
f 2315//2315 6572//6572 2270//2270
f 5262//5262 1203//1203 251//251
f 5262//5262 4545//4545 5539//5539
f 6573//6573 4567//4567 5616//5616
f 325//325 327//327 6228//6228
f 929//929 5659//5659 3893//3893
f 1082//1082 1415//1415 1414//1414
f 2653//2653 5083//5083 5082//5082
f 5501//5501 5500//5500 1182//1182
f 482//482 3247//3247 3249//3249
f 1552//1552 6574//6574 482//482
f 4185//4185 2835//2835 2834//2834
f 5729//5729 4185//4185 1581//1581
f 5124//5124 4758//4758 5125//5125
f 4759//4759 4758//4758 5124//5124
f 191//191 6575//6575 4448//4448
f 191//191 6576//6576 6577//6577
f 6578//6578 3978//3978 3735//3735
f 1873//1873 3281//3281 5384//5384
f 5083//5083 6579//6579 5501//5501
f 1340//1340 6579//6579 1341//1341
f 482//482 6580//6580 3247//3247
f 6388//6388 2773//2773 6389//6389
f 6142//6142 1737//1737 5238//5238
f 2269//2269 1737//1737 6142//6142
f 2728//2728 6581//6581 97//97
f 98//98 97//97 4467//4467
f 3059//3059 3062//3062 3039//3039
f 1904//1904 6582//6582 1902//1902
f 6583//6583 6584//6584 6585//6585
f 6584//6584 5376//5376 5377//5377
f 6586//6586 6587//6587 6588//6588
f 5021//5021 5020//5020 6589//6589
f 6590//6590 4033//4033 884//884
f 6590//6590 884//884 306//306
f 1759//1759 6028//6028 6515//6515
f 6028//6028 6591//6591 3429//3429
f 4666//4666 6592//6592 1121//1121
f 5390//5390 440//440 2358//2358
f 5316//5316 745//745 5285//5285
f 5316//5316 5285//5285 5284//5284
f 6582//6582 6593//6593 6594//6594
f 2714//2714 3615//3615 6595//6595
f 834//834 3275//3275 6596//6596
f 1646//1646 6597//6597 1647//1647
f 2913//2913 6598//6598 6599//6599
f 1297//1297 6600//6600 1298//1298
f 6601//6601 4293//4293 4295//4295
f 4451//4451 2947//2947 6602//6602
f 3574//3574 2775//2775 2625//2625
f 6574//6574 6580//6580 482//482
f 3952//3952 1559//1559 6603//6603
f 1477//1477 3933//3933 2334//2334
f 3458//3458 6604//6604 3457//3457
f 1323//1323 6605//6605 1324//1324
f 5668//5668 5666//5666 1178//1178
f 1896//1896 1178//1178 1897//1897
f 6606//6606 439//439 4133//4133
f 6056//6056 6606//6606 4133//4133
f 99//99 101//101 6607//6607
f 3109//3109 2145//2145 2144//2144
f 6608//6608 3464//3464 3463//3463
f 6608//6608 1197//1197 6609//6609
f 1122//1122 1121//1121 6592//6592
f 6592//6592 4623//4623 1122//1122
f 6606//6606 320//320 319//319
f 6606//6606 319//319 439//439
f 1029//1029 4026//4026 1030//1030
f 4026//4026 4053//4053 1512//1512
f 56//56 571//571 4420//4420
f 6610//6610 56//56 4420//4420
f 3215//3215 3214//3214 512//512
f 6611//6611 3217//3217 4200//4200
f 2099//2099 186//186 185//185
f 4795//4795 2099//2099 4796//4796
f 1155//1155 4983//4983 6612//6612
f 6135//6135 6134//6134 2803//2803
f 6613//6613 1499//1499 1501//1501
f 2352//2352 3963//3963 1504//1504
f 157//157 2757//2757 155//155
f 3949//3949 1799//1799 2757//2757
f 632//632 3126//3126 5244//5244
f 632//632 634//634 3126//3126
f 1374//1374 1373//1373 4656//4656
f 4656//4656 6614//6614 4655//4655
f 6615//6615 6616//6616 3983//3983
f 6256//6256 6258//6258 6615//6615
f 6504//6504 1491//1491 6617//6617
f 6504//6504 6617//6617 1494//1494
f 2115//2115 5836//5836 6177//6177
f 1533//1533 5837//5837 5836//5836
f 2103//2103 4656//4656 2101//2101
f 2101//2101 4656//4656 2691//2691
f 2873//2873 5860//5860 2281//2281
f 2873//2873 6618//6618 2872//2872
f 4176//4176 4178//4178 3044//3044
f 5412//5412 2343//2343 2342//2342
f 3929//3929 1520//1520 3930//3930
f 3932//3932 5549//5549 3929//3929
f 4872//4872 6619//6619 171//171
f 171//171 6619//6619 3803//3803
f 6620//6620 6621//6621 242//242
f 6622//6622 3562//3562 3561//3561
f 4679//4679 2311//2311 2313//2313
f 4218//4218 6623//6623 2313//2313
f 3419//3419 4952//4952 4951//4951
f 6293//6293 3414//3414 5005//5005
f 4579//4579 4582//4582 5378//5378
f 5173//5173 6624//6624 3995//3995
f 6625//6625 715//715 3919//3919
f 1857//1857 715//715 3967//3967
f 2958//2958 3918//3918 5773//5773
f 5773//5773 3918//3918 5774//5774
f 5005//5005 3414//3414 3416//3416
f 6508//6508 2897//2897 5005//5005
f 3287//3287 6087//6087 3299//3299
f 5538//5538 5537//5537 3287//3287
f 386//386 5115//5115 5114//5114
f 3245//3245 6626//6626 4233//4233
f 4647//4647 2629//2629 3971//3971
f 3968//3968 6168//6168 6167//6167
f 3915//3915 6627//6627 3916//3916
f 3916//3916 5774//5774 5776//5776
f 5688//5688 2182//2182 2149//2149
f 6143//6143 6628//6628 2149//2149
f 6629//6629 4141//4141 2618//2618
f 4141//4141 1760//1760 2618//2618
f 3557//3557 759//759 2231//2231
f 89//89 2206//2206 87//87
f 5988//5988 4150//4150 5987//5987
f 119//119 4151//4151 4150//4150
f 5578//5578 3401//3401 3400//3400
f 5578//5578 3400//3400 5576//5576
f 3453//3453 1952//1952 6630//6630
f 3453//3453 6115//6115 6631//6631
f 5361//5361 1914//1914 5360//5360
f 1914//1914 5647//5647 5360//5360
f 3831//3831 455//455 454//454
f 3033//3033 455//455 3034//3034
f 6632//6632 6633//6633 117//117
f 117//117 6633//6633 6150//6150
f 4881//4881 4878//4878 4880//4880
f 6634//6634 5933//5933 6635//6635
f 6105//6105 6104//6104 3426//3426
f 6636//6636 6637//6637 1949//1949
f 3853//3853 2006//2006 3854//3854
f 6638//6638 1065//1065 2645//2645
f 6639//6639 1845//1845 1844//1844
f 695//695 694//694 6640//6640
f 600//600 1922//1922 1920//1920
f 600//600 3828//3828 1922//1922
f 574//574 4418//4418 6641//6641
f 5714//5714 574//574 2843//2843
f 4831//4831 5340//5340 5995//5995
f 5340//5340 2608//2608 2610//2610
f 3773//3773 3772//3772 162//162
f 3669//3669 3671//3671 3775//3775
f 3770//3770 82//82 2707//2707
f 81//81 2707//2707 82//82
f 5338//5338 5339//5339 2087//2087
f 2085//2085 5367//5367 1839//1839
f 1744//1744 2202//2202 4243//4243
f 2205//2205 4825//4825 4824//4824
f 3399//3399 694//694 5100//5100
f 6639//6639 6640//6640 694//694
f 914//914 913//913 5893//5893
f 913//913 3408//3408 5893//5893
f 4611//4611 2091//2091 2863//2863
f 3517//3517 2091//2091 6642//6642
f 81//81 2708//2708 2707//2707
f 6643//6643 1754//1754 6644//6644
f 6645//6645 6646//6646 2137//2137
f 4636//4636 4638//4638 204//204
f 3499//3499 6647//6647 2085//2085
f 6647//6647 5367//5367 2085//2085
f 2665//2665 3378//3378 3377//3377
f 1963//1963 1962//1962 6648//6648
f 6649//6649 6114//6114 6105//6105
f 6105//6105 3426//3426 6649//6649
f 3868//3868 6095//6095 212//212
f 131//131 4249//4249 6650//6650
f 6651//6651 259//259 95//95
f 95//95 1648//1648 6651//6651
f 5105//5105 4115//4115 321//321
f 4115//4115 5105//5105 6652//6652
f 2205//2205 2232//2232 2231//2231
f 2205//2205 4824//4824 2232//2232
f 6653//6653 660//660 5065//5065
f 5079//5079 384//384 6653//6653
f 3613//3613 3612//3612 6654//6654
f 2847//2847 2846//2846 6654//6654
f 2662//2662 6655//6655 4830//4830
f 1603//1603 3410//3410 3409//3409
f 6642//6642 2091//2091 4611//4611
f 1733//1733 3696//3696 909//909
f 1926//1926 2871//2871 2873//2873
f 1676//1676 2871//2871 1677//1677
f 947//947 79//79 6656//6656
f 1895//1895 78//78 2932//2932
f 1099//1099 4212//4212 4214//4214
f 223//223 1789//1789 221//221
f 5541//5541 5732//5732 4374//4374
f 5541//5541 4374//4374 4401//4401
f 4392//4392 6657//6657 6658//6658
f 4392//4392 4391//4391 6657//6657
f 4775//4775 3509//3509 6203//6203
f 3509//3509 6204//6204 6203//6203
f 4224//4224 2282//2282 4225//4225
f 5860//5860 4225//4225 2282//2282
f 6659//6659 1789//1789 1788//1788
f 221//221 1789//1789 6660//6660
f 6661//6661 4765//4765 4764//4764
f 4276//4276 6662//6662 6661//6661
f 6663//6663 4439//4439 5164//5164
f 3358//3358 3357//3357 6664//6664
f 1389//1389 4132//4132 4134//4134
f 1390//1390 1389//1389 6665//6665
f 3792//3792 4392//4392 6658//6658
f 6658//6658 6666//6666 6667//6667
f 3813//3813 2253//2253 2252//2252
f 3810//3810 1153//1153 5957//5957
f 6668//6668 6669//6669 2856//2856
f 6196//6196 6195//6195 6669//6669
f 130//130 2045//2045 2489//2489
f 4248//4248 2489//2489 4836//4836
f 6670//6670 6667//6667 6666//6666
f 6670//6670 6666//6666 6671//6671
f 6672//6672 4144//4144 6474//6474
f 6672//6672 6673//6673 6674//6674
f 3851//3851 6171//6171 5833//5833
f 1092//1092 4299//4299 4298//4298
f 4319//4319 4305//4305 4306//4306
f 4319//4319 4306//4306 4352//4352
f 1335//1335 1334//1334 4273//4273
f 3953//3953 1335//1335 3955//3955
f 1274//1274 1394//1394 1272//1272
f 2505//2505 2761//2761 4247//4247
f 2465//2465 6675//6675 2466//2466
f 616//616 2377//2377 527//527
f 5299//5299 523//523 4194//4194
f 523//523 3180//3180 4194//4194
f 4592//4592 2111//2111 2113//2113
f 4592//4592 6676//6676 2111//2111
f 298//298 1222//1222 1221//1221
f 4659//4659 4660//4660 1222//1222
f 310//310 6677//6677 6133//6133
f 5263//5263 6677//6677 5264//5264
f 2197//2197 5971//5971 4491//4491
f 2197//2197 2845//2845 5931//5931
f 6678//6678 3124//3124 3123//3123
f 4258//4258 5974//5974 3123//3123
f 6307//6307 6679//6679 132//132
f 132//132 6679//6679 133//133
f 162//162 6680//6680 6681//6681
f 269//269 6680//6680 162//162
f 6682//6682 1386//1386 6683//6683
f 6683//6683 1386//1386 6363//6363
f 2522//2522 4184//4184 4186//4186
f 5635//5635 5636//5636 2522//2522
f 687//687 5928//5928 6684//6684
f 6684//6684 3833//3833 687//687
f 6685//6685 502//502 504//504
f 3373//3373 502//502 4333//4333
f 550//550 2121//2121 3222//3222
f 3222//3222 551//551 550//550
f 1600//1600 1599//1599 5219//5219
f 6686//6686 5219//5219 5236//5236
f 6419//6419 758//758 2183//2183
f 758//758 6419//6419 5481//5481
f 6687//6687 4788//4788 223//223
f 6688//6688 2083//2083 2976//2976
f 3944//3944 590//590 3942//3942
f 2879//2879 590//590 5185//5185
f 2190//2190 2193//2193 2192//2192
f 2193//2193 4932//4932 5197//5197
f 6689//6689 3493//3493 3054//3054
f 3054//3054 2645//2645 2646//2646
f 2928//2928 4005//4005 3295//3295
f 4000//4000 4002//4002 4005//4005
f 144//144 143//143 6690//6690
f 144//144 6690//6690 4366//4366
f 1548//1548 1547//1547 6691//6691
f 3575//3575 3574//3574 6691//6691
f 4801//4801 3032//3032 6692//6692
f 2094//2094 6693//6693 2092//2092
f 6687//6687 2976//2976 1785//1785
f 2976//2976 5512//5512 1785//1785
f 4486//4486 2235//2235 2236//2236
f 4630//4630 3867//3867 6694//6694
f 6695//6695 6696//6696 4130//4130
f 6697//6697 5661//5661 6108//6108
f 2265//2265 2264//2264 1433//1433
f 1433//1433 6428//6428 6427//6427
f 5927//5927 3900//3900 6698//6698
f 5848//5848 2431//2431 3900//3900
f 6691//6691 3574//3574 2625//2625
f 6691//6691 2625//2625 2626//2626
f 1881//1881 2109//2109 1882//1882
f 3446//3446 2783//2783 6699//6699
f 6700//6700 5940//5940 6701//6701
f 5940//5940 5939//5939 6701//6701
f 4460//4460 2905//2905 2903//2903
f 2904//2904 2905//2905 4460//4460
f 5758//5758 1167//1167 6702//6702
f 5758//5758 6702//6702 6290//6290
f 1154//1154 4732//4732 4774//4774
f 4732//4732 4731//4731 349//349
f 6703//6703 2613//2613 2612//2612
f 6704//6704 2612//2612 5342//5342
f 814//814 1315//1315 1495//1495
f 4849//4849 1928//1928 4850//4850
f 2617//2617 5048//5048 4023//4023
f 5048//5048 2617//2617 2619//2619
f 6705//6705 4630//4630 2614//2614
f 3867//3867 4630//4630 6705//6705
f 6700//6700 509//509 512//512
f 6700//6700 512//512 3214//3214
f 5534//5534 585//585 3587//3587
f 584//584 3587//3587 585//585
f 6706//6706 3592//3592 6707//6707
f 6707//6707 3592//3592 4997//4997
f 1899//1899 6708//6708 1900//1900
f 1899//1899 6709//6709 6710//6710
f 3466//3466 6711//6711 5429//5429
f 3466//3466 1609//1609 1608//1608
f 5440//5440 3449//3449 4808//4808
f 510//510 512//512 509//509
f 1828//1828 3471//3471 29//29
f 5108//5108 29//29 3471//3471
f 2402//2402 4979//4979 4978//4978
f 1988//1988 6712//6712 1989//1989
f 3726//3726 2086//2086 4827//4827
f 6713//6713 3726//3726 2589//2589
f 4876//4876 4739//4739 4740//4740
f 2097//2097 4083//4083 2095//2095
f 6714//6714 6708//6708 1899//1899
f 6708//6708 427//427 1385//1385
f 288//288 3923//3923 5293//5293
f 6698//6698 289//289 288//288
f 5920//5920 2534//2534 5800//5800
f 5920//5920 2535//2535 2534//2534
f 6715//6715 6303//6303 3289//3289
f 3470//3470 3880//3880 3471//3471
f 6716//6716 6717//6717 2988//2988
f 5902//5902 6717//6717 1410//1410
f 5517//5517 3853//3853 5023//5023
f 2962//2962 1769//1769 1768//1768
f 1288//1288 1284//1284 6718//6718
f 4817//4817 448//448 6719//6719
f 3952//3952 6603//6603 6720//6720
f 6390//6390 2500//2500 3952//3952
f 2702//2702 456//456 5923//5923
f 456//456 3064//3064 5923//5923
f 4610//4610 4609//4609 2696//2696
f 2862//2862 2695//2695 2863//2863
f 6721//6721 3174//3174 4713//4713
f 6489//6489 6490//6490 6722//6722
f 2128//2128 5657//5657 2131//2131
f 2131//2131 5657//5657 5961//5961
f 900//900 2669//2669 2668//2668
f 2612//2612 2669//2669 3886//3886
f 5834//5834 5835//5835 3705//3705
f 3898//3898 3899//3899 3705//3705
f 1644//1644 1643//1643 6723//6723
f 6724//6724 6712//6712 1988//1988
f 1254//1254 4664//4664 1253//1253
f 1559//1559 1253//1253 4664//4664
f 6725//6725 2274//2274 2276//2276
f 5302//5302 5301//5301 6725//6725
f 4219//4219 6726//6726 3763//3763
f 3764//3764 6505//6505 6506//6506
f 6718//6718 6719//6719 448//448
f 1032//1032 6727//6727 1033//1033
f 6728//6728 2356//2356 2355//2355
f 3572//3572 314//314 313//313
f 6729//6729 6730//6730 6731//6731
f 6729//6729 6731//6731 3884//3884
f 1978//1978 5825//5825 5824//5824
f 1465//1465 3694//3694 5912//5912
f 1968//1968 1970//1970 6732//6732
f 2983//2983 6733//6733 4964//4964
f 6734//6734 6735//6735 6736//6736
f 4046//4046 1651//1651 5887//5887
f 80//80 79//79 6737//6737
f 4951//4951 80//80 6737//6737
f 4317//4317 6414//6414 4318//4318
f 4318//4318 6414//6414 6423//6423
f 4976//4976 4975//4975 4973//4973
f 3156//3156 4619//4619 3158//3158
f 1461//1461 1465//1465 1464//1464
f 1465//1465 5825//5825 3694//3694
f 976//976 4750//4750 4751//4751
f 976//976 1890//1890 2958//2958
f 6738//6738 3257//3257 176//176
f 6739//6739 2559//2559 6740//6740
f 481//481 1552//1552 482//482
f 2876//2876 1552//1552 971//971
f 3532//3532 3757//3757 6120//6120
f 5008//5008 335//335 5009//5009
f 4921//4921 4922//4922 2681//2681
f 5182//5182 4190//4190 6741//6741
f 3158//3158 3157//3157 6179//6179
f 3158//3158 6179//6179 4975//4975
f 6742//6742 2486//2486 2487//2487
f 6743//6743 3709//3709 2486//2486
f 5114//5114 5116//5116 6744//6744
f 6745//6745 6746//6746 6744//6744
f 6747//6747 1366//1366 1365//1365
f 859//859 6748//6748 2682//2682
f 6588//6588 6587//6587 4888//4888
f 1511//1511 1513//1513 4889//4889
f 6012//6012 3264//3264 4090//4090
f 275//275 5486//5486 276//276
f 4473//4473 951//951 6749//6749
f 6749//6749 6447//6447 4473//4473
f 5634//5634 5383//5383 3666//3666
f 3666//3666 6562//6562 493//493
f 3681//3681 3680//3680 5830//5830
f 1685//1685 1687//1687 3682//3682
f 1942//1942 6643//6643 4886//4886
f 1946//1946 1942//1942 1944//1944
f 6514//6514 4188//4188 1797//1797
f 1797//1797 5189//5189 5190//5190
f 1349//1349 3497//3497 3499//3499
f 200//200 1349//1349 3690//3690
f 4070//4070 4069//4069 6750//6750
f 4918//4918 6751//6751 4917//4917
f 3814//3814 5766//5766 3483//3483
f 985//985 982//982 5467//5467
f 3061//3061 5255//5255 6752//6752
f 3061//3061 6753//6753 5255//5255
f 548//548 163//163 546//546
f 163//163 6754//6754 546//546
f 6755//6755 2819//2819 2820//2820
f 6756//6756 6755//6755 399//399
f 472//472 2671//2671 998//998
f 6757//6757 3754//3754 3756//3756
f 2395//2395 4541//4541 1957//1957
f 2444//2444 2446//2446 1957//1957
f 5462//5462 5461//5461 3913//3913
f 6758//6758 3914//3914 3913//3913
f 6610//6610 1850//1850 1848//1848
f 5713//5713 6610//6610 5723//5723
f 1066//1066 6533//6533 6532//6532
f 1067//1067 1066//1066 6532//6532
f 2174//2174 2176//2176 6759//6759
f 1454//1454 1456//1456 2812//2812
f 6582//6582 6594//6594 6760//6760
f 6752//6752 6761//6761 3061//3061
f 2544//2544 3464//3464 6608//6608
f 104//104 3464//3464 5046//5046
f 3071//3071 4063//4063 6762//6762
f 4063//4063 4062//4062 6763//6763
f 1357//1357 4749//4749 1355//1355
f 4749//4749 1357//1357 2743//2743
f 6764//6764 513//513 5648//5648
f 6765//6765 6449//6449 484//484
f 6595//6595 6766//6766 2714//2714
f 6761//6761 6766//6766 6595//6595
f 4927//4927 6767//6767 4928//4928
f 6768//6768 6769//6769 3540//3540
f 1685//1685 6770//6770 1686//1686
f 6770//6770 6771//6771 6733//6733
f 5091//5091 4058//4058 4866//4866
f 4866//4866 4095//4095 4094//4094
f 4196//4196 418//418 3045//3045
f 6772//6772 6773//6773 2331//2331
f 3062//3062 6595//6595 3039//3039
f 3039//3039 6595//6595 3040//3040
f 6774//6774 491//491 5651//5651
f 491//491 6774//6774 1761//1761
f 1310//1310 1416//1416 1308//1308
f 4354//4354 4356//4356 1416//1416
f 1683//1683 5611//5611 6775//6775
f 1683//1683 6775//6775 4863//4863
f 684//684 3234//3234 4509//4509
f 2059//2059 4509//4509 4508//4508
f 5475//5475 5474//5474 6776//6776
f 143//143 4972//4972 6777//6777
f 3749//3749 2730//2730 6507//6507
f 6545//6545 357//357 5143//5143
f 525//525 187//187 526//526
f 2175//2175 2360//2360 2515//2515
f 6778//6778 6779//6779 6780//6780
f 647//647 6781//6781 648//648
f 6227//6227 2626//2626 1550//1550
f 1550//1550 6449//6449 6765//6765
f 3685//3685 6154//6154 5904//5904
f 6782//6782 6783//6783 3686//3686
f 6706//6706 6784//6784 3592//3592
f 6776//6776 5474//5474 3602//3602
f 6785//6785 6786//6786 3850//3850
f 6785//6785 3850//3850 6787//6787
f 5416//5416 5415//5415 3752//3752
f 5603//5603 6788//6788 3752//3752
f 6547//6547 6411//6411 6789//6789
f 6406//6406 6547//6547 1348//1348
f 3438//3438 3439//3439 6138//6138
f 4677//4677 3885//3885 3439//3439
f 4959//4959 4917//4917 3478//3478
f 4917//4917 6751//6751 6790//6790
f 3424//3424 3422//3422 3425//3425
f 3466//3466 1607//1607 3424//3424
f 2550//2550 5191//5191 5406//5406
f 6213//6213 5192//5192 2550//2550
f 368//368 4172//4172 4171//4171
f 2240//2240 6791//6791 2238//2238
f 2824//2824 248//248 250//250
f 219//219 4625//4625 2824//2824
f 373//373 4457//4457 4456//4456
f 5948//5948 373//373 6607//6607
f 3467//3467 2764//2764 1528//1528
f 6286//6286 1693//1693 3298//3298
f 3519//3519 3518//3518 4036//4036
f 828//828 904//904 906//906
f 3442//3442 6306//6306 4372//4372
f 879//879 878//878 329//329
f 6782//6782 6145//6145 6154//6154
f 199//199 6154//6154 6145//6145
f 4135//4135 2754//2754 2753//2753
f 2754//2754 4135//4135 1971//1971
f 1187//1187 6792//6792 5330//5330
f 1187//1187 4332//4332 6792//6792
f 5015//5015 5014//5014 6793//6793
f 4655//4655 6794//6794 2691//2691
f 4278//4278 941//941 5420//5420
f 5823//5823 5420//5420 941//941
f 5714//5714 6440//6440 5712//5712
f 1851//1851 5712//5712 6440//6440
f 4541//4541 2444//2444 1957//1957
f 4542//4542 4543//4543 2794//2794
f 1111//1111 6795//6795 1112//1112
f 1111//1111 3146//3146 6795//6795
f 4678//4678 2691//2691 5012//5012
f 2691//2691 6793//6793 5014//5014
f 6796//6796 2400//2400 2399//2399
f 6743//6743 3707//3707 3709//3709
f 1632//1632 1631//1631 5592//5592
f 5574//5574 26//26 5592//5592
f 2009//2009 2901//2901 2900//2900
f 4840//4840 4761//4761 3017//3017
f 1954//1954 2445//2445 1955//1955
f 2444//2444 1955//1955 2445//2445
f 1177//1177 4939//4939 1175//1175
f 4939//4939 3284//3284 1175//1175
f 2127//2127 6797//6797 2128//2128
f 6798//6798 5658//5658 6797//6797
f 5006//5006 330//330 878//878
f 330//330 329//329 878//878
f 3141//3141 5592//5592 26//26
f 3141//3141 26//26 3142//3142
f 4922//4922 5010//5010 2649//2649
f 5011//5011 2297//2297 6102//6102
f 5002//5002 3368//3368 6799//6799
f 5002//5002 3227//3227 2326//2326
f 5660//5660 3515//3515 6800//6800
f 3097//3097 5694//5694 6800//6800
f 2939//2939 2938//2938 2526//2526
f 2285//2285 578//578 6801//6801
f 66//66 1177//1177 4254//4254
f 4937//4937 4939//4939 1177//1177
f 6641//6641 575//575 574//574
f 1059//1059 576//576 575//575
f 5991//5991 1783//1783 3910//3910
f 1110//1110 1112//1112 1466//1466
f 4628//4628 4263//4263 59//59
f 5110//5110 6802//6802 5111//5111
f 6803//6803 3215//3215 511//511
f 511//511 3215//3215 512//512
f 578//578 2940//2940 579//579
f 5155//5155 579//579 5154//5154
f 6804//6804 5201//5201 6805//6805
f 2009//2009 2011//2011 2901//2901
f 1507//1507 5824//5824 6060//6060
f 1979//1979 1507//1507 6386//6386
f 6384//6384 6746//6746 6385//6385
f 2676//2676 1051//1051 2675//2675
f 6806//6806 575//575 6641//6641
f 6806//6806 6641//6641 3618//3618
f 5762//5762 6807//6807 2381//2381
f 6661//6661 6662//6662 4765//4765
f 955//955 954//954 4004//4004
f 1981//1981 1980//1980 2063//2063
f 5395//5395 988//988 987//987
f 6808//6808 5395//5395 5192//5192
f 6809//6809 4020//4020 6799//6799
f 3367//3367 5002//5002 6799//6799
f 6810//6810 2381//2381 6807//6807
f 4276//4276 2381//2381 6810//6810
f 5529//5529 6811//6811 5528//5528
f 6812//6812 837//837 839//839
f 921//921 3179//3179 4206//4206
f 923//923 3179//3179 921//921
f 6813//6813 2040//2040 4006//4006
f 4006//4006 6107//6107 4007//4007
f 6062//6062 1567//1567 6063//6063
f 4678//4678 4696//4696 1567//1567
f 2554//2554 6454//6454 2552//2552
f 6814//6814 6454//6454 2554//2554
f 4001//4001 4000//4000 2927//2927
f 3688//3688 1726//1726 2925//2925
f 5579//5579 5102//5102 5272//5272
f 5274//5274 260//260 262//262
f 6604//6604 3458//3458 1324//1324
f 3105//3105 6815//6815 1321//1321
f 4150//4150 5131//5131 5987//5987
f 5989//5989 2613//2613 6703//6703
f 1791//1791 895//895 1236//1236
f 4165//4165 6377//6377 6816//6816
f 120//120 122//122 3218//3218
f 3218//3218 1097//1097 6263//6263
f 4718//4718 1429//1429 4753//4753
f 62//62 1429//1429 4724//4724
f 2799//2799 1628//1628 1627//1627
f 350//350 6817//6817 351//351
f 6818//6818 4262//4262 4290//4290
f 5973//5973 4262//4262 5110//5110
f 3635//3635 3242//3242 6819//6819
f 6819//6819 724//724 3635//3635
f 5241//5241 5997//5997 5996//5996
f 3852//3852 2922//2922 1093//1093
f 3225//3225 1044//1044 3226//3226
f 6820//6820 2329//2329 1044//1044
f 4072//4072 3303//3303 4604//4604
f 3927//3927 663//663 662//662
f 1024//1024 4546//4546 1856//1856
f 1856//1856 4086//4086 1857//1857
f 6821//6821 547//547 4483//4483
f 6511//6511 1858//1858 1859//1859
f 2387//2387 5463//5463 2388//2388
f 5359//5359 2388//2388 5463//5463
f 350//350 3063//3063 2308//2308
f 2308//2308 2310//2310 350//350
f 1243//1243 6822//6822 6823//6823
f 551//551 1243//1243 4947//4947
f 1661//1661 3000//3000 2999//2999
f 640//640 1662//1662 1661//1661
f 5552//5552 5551//5551 5550//5550
f 3393//3393 5550//5550 3391//3391
f 4033//4033 3184//3184 4035//4035
f 5214//5214 5215//5215 2245//2245
f 6824//6824 1167//1167 4377//4377
f 6824//6824 4377//4377 6825//6825
f 4346//4346 4476//4476 2340//2340
f 4346//4346 2340//2340 1893//1893
f 1622//1622 2951//2951 4498//4498
f 1621//1621 2954//2954 1622//1622
f 3355//3355 421//421 195//195
f 1370//1370 1372//1372 1655//1655
f 6822//6822 1243//1243 1242//1242
f 726//726 1242//1242 3635//3635
f 5345//5345 6826//6826 449//449
f 1661//1661 2999//2999 640//640
f 5595//5595 6098//6098 6170//6170
f 4976//4976 4973//4973 4974//4974
f 4778//4778 4894//4894 4893//4893
f 6279//6279 1985//1985 6827//6827
f 6828//6828 6829//6829 6830//6830
f 5749//5749 6831//6831 5748//5748
f 6495//6495 3349//3349 6496//6496
f 6495//6495 253//253 3349//3349
f 5056//5056 2637//2637 5057//5057
f 932//932 4241//4241 933//933
f 6832//6832 6734//6734 3200//3200
f 1722//1722 6832//6832 3200//3200
f 2762//2762 2758//2758 6833//6833
f 3457//3457 2758//2758 1173//1173
f 6834//6834 6665//6665 438//438
f 1125//1125 6834//6834 2634//2634
f 892//892 738//738 740//740
f 5849//5849 4823//4823 738//738
f 2110//2110 5655//5655 1108//1108
f 4175//4175 4174//4174 1108//1108
f 6830//6830 6835//6835 6828//6828
f 3336//3336 893//893 6831//6831
f 5125//5125 6836//6836 4644//4644
f 4758//4758 6836//6836 5125//5125
f 5150//5150 33//33 5151//5151
f 4241//4241 33//33 5150//5150
f 1199//1199 6609//6609 1197//1197
f 6609//6609 1199//1199 5418//5418
f 2941//2941 586//586 5527//5527
f 5527//5527 5763//5763 2941//2941
f 1125//1125 4667//4667 1390//1390
f 4665//4665 1125//1125 4666//4666
f 2065//2065 6059//6059 2066//2066
f 1729//1729 693//693 6059//6059
f 2217//2217 2218//2218 5684//5684
f 928//928 927//927 2218//2218
f 145//145 144//144 4365//4365
f 5333//5333 145//145 4365//4365
f 4442//4442 4441//4441 740//740
f 740//740 890//890 892//892
f 6837//6837 4503//4503 6079//6079
f 1236//1236 895//895 1237//1237
f 4799//4799 97//97 6581//6581
f 4799//4799 4465//4465 583//583
f 507//507 6611//6611 2272//2272
f 6700//6700 6701//6701 6611//6611
f 1264//1264 4478//4478 1504//1504
f 4478//4478 6838//6838 1504//1504
f 5593//5593 5188//5188 2680//2680
f 2680//2680 5188//5188 5183//5183
f 5781//5781 5783//5783 6839//6839
f 6840//6840 4274//4274 5935//5935
f 1406//1406 4039//4039 6525//6525
f 4039//4039 1406//1406 5128//5128
f 5208//5208 201//201 2523//2523
f 2523//2523 2522//2522 5208//5208
f 5081//5081 6841//6841 5072//5072
f 367//367 369//369 6841//6841
f 6842//6842 2172//2172 4022//4022
f 6843//6843 2172//2172 6842//6842
f 902//902 901//901 2608//2608
f 902//902 2608//2608 6844//6844
f 1476//1476 6218//6218 5266//5266
f 1476//1476 1478//1478 5530//5530
f 6845//6845 6846//6846 6839//6839
f 6846//6846 3774//3774 3773//3773
f 4280//4280 4282//4282 3655//3655
f 6076//6076 361//361 4282//4282
f 576//576 1058//1058 1080//1080
f 1080//1080 574//574 576//576
f 3804//3804 3823//3823 3805//3805
f 3805//3805 3823//3823 5671//5671
f 6847//6847 4966//4966 6848//6848
f 2831//2831 5122//5122 6381//6381
f 271//271 270//270 6090//6090
f 4727//4727 3436//3436 270//270
f 4152//4152 4154//4154 1865//1865
f 6849//6849 3223//3223 1865//1865
f 356//356 6850//6850 877//877
f 6851//6851 2350//2350 4105//4105
f 4708//4708 6852//6852 4881//4881
f 6852//6852 4708//4708 4710//4710
f 2172//2172 6843//6843 244//244
f 5719//5719 5720//5720 5040//5040
f 2226//2226 3981//3981 2721//2721
f 3983//3983 3981//3981 1322//1322
f 4672//4672 2540//2540 74//74
f 4672//4672 2541//2541 2540//2540
f 5166//5166 6526//6526 6853//6853
f 2792//2792 6854//6854 5166//5166
f 3606//3606 1209//1209 6268//6268
f 5600//5600 3609//3609 5599//5599
f 6855//6855 1755//1755 4887//4887
f 4162//4162 3600//3600 6855//6855
f 5043//5043 3390//3390 412//412
f 5551//5551 5552//5552 1212//1212
f 6856//6856 203//203 205//205
f 6857//6857 6260//6260 203//203
f 5009//5009 335//335 334//334
f 5227//5227 5226//5226 4514//4514
f 6858//6858 48//48 47//47
f 5269//5269 6858//6858 5270//5270
f 5435//5435 3600//3600 4162//4162
f 1756//1756 2547//2547 1757//1757
f 6065//6065 6066//6066 4657//4657
f 6859//6859 1376//1376 4655//4655
f 2474//2474 6335//6335 3030//3030
f 2475//2475 2474//2474 3030//3030
f 881//881 6860//6860 882//882
f 6860//6860 2937//2937 882//882
f 4416//4416 5640//5640 1768//1768
f 4416//4416 1768//1768 1767//1767
f 5670//5670 3732//3732 3733//3733
f 5978//5978 4482//4482 4485//4485
f 2404//2404 2405//2405 6861//6861
f 2402//2402 2401//2401 4991//4991
f 2803//2803 2802//2802 352//352
f 6716//6716 2988//2988 1409//1409
f 5147//5147 733//733 1840//1840
f 734//734 733//733 1014//1014
f 5227//5227 1877//1877 1766//1766
f 5227//5227 4514//4514 1877//1877
f 6217//6217 3046//3046 3049//3049
f 5689//5689 6217//6217 3049//3049
f 6862//6862 917//917 916//916
f 2064//2064 5095//5095 2854//2854
f 2074//2074 2076//2076 4426//4426
f 4426//4426 1135//1135 2050//2050
f 4991//4991 2401//2401 6863//6863
f 4230//4230 4993//4993 4231//4231
f 621//621 1274//1274 4078//4078
f 2457//2457 1718//1718 2454//2454
f 4642//4642 1077//1077 1752//1752
f 1077//1077 1076//1076 1751//1751
f 401//401 5206//5206 6604//6604
f 6605//6605 6604//6604 1324//1324
f 2854//2854 917//917 2064//2064
f 6071//6071 2855//2855 917//917
f 6275//6275 235//235 4266//4266
f 235//235 234//234 4266//4266
f 1481//1481 1480//1480 3960//3960
f 3957//3957 1482//1482 3958//3958
f 422//422 664//664 666//666
f 3898//3898 664//664 422//422
f 719//719 390//390 6654//6654
f 390//390 3614//3614 6654//6654
f 4701//4701 1450//1450 1449//1449
f 6864//6864 1586//1586 4701//4701
f 921//921 4206//4206 6865//6865
f 524//524 4565//4565 522//522
f 3385//3385 5091//5091 4864//4864
f 6866//6866 3385//3385 5090//5090
f 2664//2664 6078//6078 170//170
f 2642//2642 5176//5176 6005//6005
f 5587//5587 1363//1363 5588//5588
f 2054//2054 5156//5156 2055//2055
f 792//792 794//794 6867//6867
f 246//246 6867//6867 794//794
f 6864//6864 1800//1800 6868//6868
f 1800//1800 1799//1799 6868//6868
f 6869//6869 1828//1828 1830//1830
f 6870//6870 6715//6715 3470//3470
f 3554//3554 2368//2368 843//843
f 274//274 843//843 272//272
f 1918//1918 3087//3087 1919//1919
f 6871//6871 3087//3087 1918//1918
f 6005//6005 6872//6872 6006//6006
f 5176//5176 5178//5178 6005//6005
f 5785//5785 3716//3716 5716//5716
f 5785//5785 2748//2748 439//439
f 1361//1361 6873//6873 1362//1362
f 6873//6873 3743//3743 5725//5725
f 3878//3878 3880//3880 3876//3876
f 3470//3470 6715//6715 3880//3880
f 51//51 53//53 6556//6556
f 1796//1796 6874//6874 3766//3766
f 1990//1990 2403//2403 1988//1988
f 3508//3508 2403//2403 3506//3506
f 2284//2284 6875//6875 2285//2285
f 6875//6875 578//578 2285//2285
f 3267//3267 3266//3266 6876//6876
f 1379//1379 6876//6876 3710//3710
f 5566//5566 5572//5572 5692//5692
f 5566//5566 5692//5692 4901//4901
f 5785//5785 5716//5716 2748//2748
f 5716//5716 2797//2797 2748//2748
f 2893//2893 2890//2890 2889//2889
f 6877//6877 2083//2083 5822//5822
f 51//51 6878//6878 3766//3766
f 6878//6878 3764//3764 3766//3766
f 3375//3375 4898//4898 4334//4334
f 4334//4334 4898//4898 1706//1706
f 3204//3204 4445//4445 3205//3205
f 454//454 3204//3204 3205//3205
f 2970//2970 6879//6879 2968//2968
f 4958//4958 3839//3839 5563//5563
f 4304//4304 36//36 6880//6880
f 34//34 36//36 4304//4304
f 5035//5035 6881//6881 518//518
f 2965//2965 2967//2967 6881//6881
f 5397//5397 5803//5803 1359//1359
f 5397//5397 1359//1359 6882//6882
f 3940//3940 6528//6528 2318//2318
f 6883//6883 5498//5498 5497//5497
f 2663//2663 6078//6078 2664//2664
f 2663//2663 1605//1605 6078//6078
f 6884//6884 4958//4958 5563//5563
f 2969//2969 4958//4958 6884//6884
f 3882//3882 3881//3881 5882//5882
f 3882//3882 5882//5882 4798//4798
f 44//44 6839//6839 45//45
f 45//45 5935//5935 4275//4275
f 3266//3266 4535//4535 6876//6876
f 3710//3710 6876//6876 5430//5430
f 6885//6885 4790//4790 2742//2742
f 6023//6023 6025//6025 6885//6885
f 6182//6182 1537//1537 633//633
f 4581//4581 3992//3992 4582//4582
f 6886//6886 383//383 382//382
f 612//612 1276//1276 1941//1941
f 2354//2354 6728//6728 2355//2355
f 3962//3962 3961//3961 6075//6075
f 6137//6137 1431//1431 1430//1430
f 799//799 821//821 3920//3920
f 737//737 772//772 1975//1975
f 737//737 736//736 772//772
f 6883//6883 5497//5497 2318//2318
f 2316//2316 2318//2318 226//226
f 6121//6121 4516//4516 173//173
f 173//173 175//175 6121//6121
f 6887//6887 2194//2194 6498//6498
f 6888//6888 3348//3348 6889//6889
f 1380//1380 1379//1379 5433//5433
f 5433//5433 2564//2564 1380//1380
f 6890//6890 3116//3116 3115//3115
f 6891//6891 6892//6892 6890//6890
f 4581//4581 4580//4580 6893//6893
f 4581//4581 366//366 3992//3992
f 5786//5786 258//258 257//257
f 5159//5159 4153//4153 5180//5180
f 3346//3346 3345//3345 6894//6894
f 3343//3343 2213//2213 6895//6895
f 2776//2776 2778//2778 495//495
f 4283//4283 4272//4272 506//506
f 3430//3430 3429//3429 6591//6591
f 6896//6896 6897//6897 6898//6898
f 6891//6891 6890//6890 3115//3115
f 6891//6891 6879//6879 6899//6899
f 1380//1380 2563//2563 6900//6900
f 2517//2517 6900//6900 2563//2563
f 3610//3610 5600//5600 3605//3605
f 5532//5532 3610//3610 5533//5533
f 2533//2533 2819//2819 6755//6755
f 2533//2533 2532//2532 2819//2819
f 6891//6891 3115//3115 6879//6879
f 3115//3115 3117//3117 6879//6879
f 554//554 2126//2126 6901//6901
f 552//552 554//554 6902//6902
f 3008//3008 4553//4553 4554//4554
f 3006//3006 3008//3008 2371//2371
f 1085//1085 6903//6903 1086//1086
f 6903//6903 1085//1085 4075//4075
f 5069//5069 5068//5068 10//10
f 5068//5068 2635//2635 10//10
f 16//16 18//18 556//556
f 6904//6904 6905//6905 16//16
f 2768//2768 3846//3846 3847//3847
f 2768//2768 5016//5016 2769//2769
f 992//992 4376//4376 4375//4375
f 6409//6409 992//992 1009//1009
f 3540//3540 6769//6769 6767//6767
f 3540//3540 6767//6767 3541//3541
f 2978//2978 4553//4553 3008//3008
f 846//846 811//811 4913//4913
f 3608//3608 3610//3610 5532//5532
f 3608//3608 5472//5472 6906//6906
f 6591//6591 3432//3432 3431//3431
f 6896//6896 6898//6898 6907//6907
f 385//385 1215//1215 489//489
f 1400//1400 1215//1215 385//385
f 5400//5400 5403//5403 1782//1782
f 2640//2640 5403//5403 2638//2638
f 4065//4065 2303//2303 2302//2302
f 2303//2303 4075//4075 1085//1085
f 3689//3689 201//201 200//200
f 3689//3689 2523//2523 201//201
f 3529//3529 2825//2825 2827//2827
f 1023//1023 1025//1025 6908//6908
f 6274//6274 3128//3128 463//463
f 5215//5215 5216//5216 2245//2245
f 3826//3826 1299//1299 2120//2120
f 1299//1299 5852//5852 2120//2120
f 6897//6897 6591//6591 6898//6898
f 6591//6591 3431//3431 6898//6898
f 6909//6909 6910//6910 6498//6498
f 6911//6911 6910//6910 6909//6909
f 1123//1123 6912//6912 1121//1121
f 2186//2186 2188//2188 5250//5250
f 6908//6908 1025//1025 6913//6913
f 1855//1855 1025//1025 1856//1856
f 4539//4539 4538//4538 6914//6914
f 6915//6915 6916//6916 5142//5142
f 6039//6039 4261//4261 4260//4260
f 6898//6898 4261//4261 6039//6039
f 4076//4076 6917//6917 4064//4064
f 4064//4064 6305//6305 4076//4076
f 6128//6128 6129//6129 5443//5443
f 6129//6129 5442//5442 5443//5443
f 6918//6918 6919//6919 4955//4955
f 4955//4955 6920//6920 6921//6921
f 6922//6922 6923//6923 3673//3673
f 6924//6924 6925//6925 6923//6923
f 6912//6912 5981//5981 2480//2480
f 5981//5981 5980//5980 3306//3306
f 3861//3861 779//779 4246//4246
f 2505//2505 4246//4246 779//779
f 5110//5110 6926//6926 6802//6802
f 5972//5972 6926//6926 5110//5110
f 1546//1546 4357//4357 5495//5495
f 1544//1544 1546//1546 5495//5495
f 6927//6927 6928//6928 6929//6929
f 6929//6929 6928//6928 4791//4791
f 6914//6914 1810//1810 4539//4539
f 5910//5910 5908//5908 5821//5821
f 4837//4837 1445//1445 6930//6930
f 6931//6931 6930//6930 3783//3783
f 1637//1637 1639//1639 950//950
f 6346//6346 6509//6509 5611//5611
f 5431//5431 4535//4535 4534//4534
f 4534//4534 4537//4537 6932//6932
f 3532//3532 6120//6120 6933//6933
f 3532//3532 5007//5007 5026//5026
f 6157//6157 6934//6934 6155//6155
f 4821//4821 1660//1660 231//231
f 6935//6935 4496//4496 2130//2130
f 3340//3340 6935//6935 3189//3189
f 6055//6055 2972//2972 2733//2733
f 2733//2733 318//318 320//320
f 2713//2713 3617//3617 3615//3615
f 1899//1899 6710//6710 6714//6714
f 5964//5964 5967//5967 6936//6936
f 5964//5964 6936//6936 6929//6929
f 6937//6937 4119//4119 4118//4118
f 4119//4119 1205//1205 1207//1207
f 1857//1857 713//713 715//715
f 3548//3548 3550//3550 3547//3547
f 4907//4907 5498//5498 3583//3583
f 4907//4907 224//224 5498//5498
f 6926//6926 6938//6938 6802//6802
f 6939//6939 59//59 267//267
f 4556//4556 4557//4557 3593//3593
f 6927//6927 6929//6929 6936//6936
f 1664//1664 757//757 1665//1665
f 6054//6054 2972//2972 6055//6055
f 2752//2752 2751//2751 2787//2787
f 2752//2752 2787//2787 6940//6940
f 6711//6711 5428//5428 5429//5429
f 2764//2764 3467//3467 2765//2765
f 3593//3593 3595//3595 4556//4556
f 629//629 3595//3595 3604//3604
f 5713//5713 6442//6442 1850//1850
f 5713//5713 1850//1850 6610//6610
f 6941//6941 4360//4360 5524//5524
f 4517//4517 2697//2697 603//603
f 188//188 6035//6035 189//189
f 6035//6035 3211//3211 4227//4227
f 6942//6942 5990//5990 3910//3910
f 3909//3909 21//21 3910//3910
f 6943//6943 3254//3254 5854//5854
f 6943//6943 5854//5854 6944//6944
f 6369//6369 2175//2175 1967//1967
f 6945//6945 2176//2176 2175//2175
f 6946//6946 6250//6250 6934//6934
f 2823//2823 2822//2822 5796//5796
f 2743//2743 4691//4691 2744//2744
f 5755//5755 5756//5756 5739//5739
f 351//351 1628//1628 2799//2799
f 2801//2801 4984//4984 2799//2799
f 1717//1717 2916//2916 2259//2259
f 6947//6947 2916//2916 4211//4211
f 2164//2164 2166//2166 2811//2811
f 4031//4031 3991//3991 4029//4029
f 3911//3911 21//21 3909//3909
f 1984//1984 3319//3319 1986//1986
f 6823//6823 5633//5633 1243//1243
f 5633//5633 6823//6823 4946//4946
f 6948//6948 1687//1687 5174//5174
f 6948//6948 2985//2985 5818//5818
f 2916//2916 6947//6947 2259//2259
f 4573//4573 1714//1714 4574//4574
f 1563//1563 2735//2735 6949//6949
f 1561//1561 1563//1563 472//472
f 4710//4710 4712//4712 1054//1054
f 1054//1054 6950//6950 6951//6951
f 2875//2875 972//972 2920//2920
f 2966//2966 6952//6952 1775//1775
f 169//169 2108//2108 6301//6301
f 2109//2109 2108//2108 6953//6953
f 1273//1273 2504//2504 6954//6954
f 2504//2504 1273//1273 1272//1272
f 4947//4947 4948//4948 551//551
f 4948//4948 549//549 551//551
f 6170//6170 994//994 5596//5596
f 994//994 2465//2465 995//995
f 5033//5033 1371//1371 5032//5032
f 6955//6955 1372//1372 1371//1371
f 1778//1778 52//52 6956//6956
f 4148//4148 1778//1778 4146//4146
f 6646//6646 2138//2138 2137//2137
f 4999//4999 2142//2142 2141//2141
f 1268//1268 209//209 3584//3584
f 209//209 224//224 3584//3584
f 4854//4854 4123//4123 4120//4120
f 4123//4123 4124//4124 4120//4120
f 2994//2994 6957//6957 2995//2995
f 2420//2420 6958//6958 2421//2421
f 1902//1902 6959//6959 6960//6960
f 2415//2415 6960//6960 2416//2416
f 6961//6961 5626//5626 1052//1052
f 6961//6961 6962//6962 5626//5626
f 2138//2138 6963//6963 6964//6964
f 6964//6964 6963//6963 1383//1383
f 2498//2498 5898//5898 4600//4600
f 6965//6965 2498//2498 4600//4600
f 1923//1923 4056//4056 5565//5565
f 4056//4056 1923//1923 4054//4054
f 5261//5261 5278//5278 5308//5308
f 2512//2512 1229//1229 6149//6149
f 4378//4378 1167//1167 6966//6966
f 2891//2891 4378//4378 2892//2892
f 2545//2545 1480//1480 2546//2546
f 1480//1480 3463//3463 3465//3465
f 2142//2142 1386//1386 5638//5638
f 2793//2793 6854//6854 2792//2792
f 1305//1305 3271//3271 6967//6967
f 3271//3271 6968//6968 6967//6967
f 3938//3938 5031//5031 1378//1378
f 3940//3940 2317//2317 3938//3938
f 5899//5899 5898//5898 5900//5900
f 5898//5898 2495//2495 2494//2494
f 2199//2199 4201//4201 4200//4200
f 4201//4201 2199//2199 6969//6969
f 5163//5163 3107//3107 6970//6970
f 2720//2720 3360//3360 5163//5163
f 5077//5077 3830//3830 3831//3831
f 6971//6971 5077//5077 3386//3386
f 5901//5901 3920//3920 3922//3922
f 6972//6972 3964//3964 5901//5901
f 5676//5676 4366//4366 6690//6690
f 4364//4364 5676//5676 5677//5677
f 5350//5350 1836//1836 6541//6541
f 1833//1833 5256//5256 1834//1834
f 6973//6973 3715//3715 6974//6974
f 3711//3711 3715//3715 3712//3712
f 6975//6975 6976//6976 6324//6324
f 1575//1575 499//499 6324//6324
f 3106//3106 1321//1321 1320//1320
f 3107//3107 2225//2225 6970//6970
f 3741//3741 237//237 6977//6977
f 3741//3741 5437//5437 237//237
f 6902//6902 6978//6978 4703//4703
f 4423//4423 5719//5719 6978//6978
f 3326//3326 2313//2313 2312//2312
f 5380//5380 6979//6979 5019//5019
f 4868//4868 1999//1999 2001//2001
f 4868//4868 2001//2001 2003//2003
f 4875//4875 2071//2071 6980//6980
f 2071//2071 4875//4875 2072//2072
f 6981//6981 6982//6982 6983//6983
f 3883//3883 3882//3882 6984//6984
f 6985//6985 1504//1504 1503//1503
f 3985//3985 6985//6985 6986//6986
f 6000//6000 4659//4659 298//298
f 1222//1222 298//298 4659//4659
f 1520//1520 22//22 6022//6022
f 5257//5257 6022//6022 22//22
f 3648//3648 5922//5922 3269//3269
f 6987//6987 436//436 1973//1973
f 5873//5873 6988//6988 1571//1571
f 4796//4796 5873//5873 4794//4794
f 3322//3322 3320//3320 3729//3729
f 3322//3322 3729//3729 3323//3323
f 3208//3208 4522//4522 4521//4521
f 4522//4522 3208//3208 5553//5553
f 4668//4668 6242//6242 3941//3941
f 528//528 6242//6242 4668//4668
f 6852//6852 1056//1056 6989//6989
f 6852//6852 6989//6989 4881//4881
f 2249//2249 2248//2248 1409//1409
f 2248//2248 6716//6716 1409//1409
f 2334//2334 1558//1558 2335//2335
f 6720//6720 6603//6603 2334//2334
f 3883//3883 6984//6984 6130//6130
f 3883//3883 6130//6130 6990//6990
f 6991//6991 751//751 750//750
f 6992//6992 3427//3427 751//751
f 6993//6993 2322//2322 2791//2791
f 5638//5638 5637//5637 5167//5167
f 766//766 4763//4763 764//764
f 4030//4030 2367//2367 4028//4028
f 6497//6497 6496//6496 674//674
f 2021//2021 2020//2020 674//674
f 1409//1409 1408//1408 3812//3812
f 1408//1408 5300//5300 3812//3812
f 4885//4885 1148//1148 1150//1150
f 4985//4985 4883//4883 3339//3339
f 6659//6659 1100//1100 1099//1099
f 6659//6659 1099//1099 4214//4214
f 6994//6994 4301//4301 4300//4300
f 4301//4301 1817//1817 1089//1089
f 2210//2210 5790//5790 1364//1364
f 1364//1364 5790//5790 1159//1159
f 6709//6709 1899//1899 1901//1901
f 6780//6780 3059//3059 3041//3041
f 4843//4843 280//280 1231//1231
f 4843//4843 1231//1231 6995//6995
f 5948//5948 6607//6607 101//101
f 2510//2510 101//101 2511//2511
f 2630//2630 2632//2632 6371//6371
f 2630//2630 6371//6371 5292//5292
f 5299//5299 4193//4193 4191//4191
f 6996//6996 4110//4110 1868//1868
f 5901//5901 2078//2078 6972//6972
f 6972//6972 2078//2078 2075//2075
f 6597//6597 3501//3501 1647//1647
f 6965//6965 4600//4600 4599//4599
f 6997//6997 6054//6054 3840//3840
f 6997//6997 3840//3840 965//965
f 4961//4961 1473//1473 91//91
f 92//92 91//91 1473//1473
f 5292//5292 5294//5294 2630//2630
f 6998//6998 5293//5293 3923//3923
f 6999//6999 642//642 1283//1283
f 642//642 4429//4429 4428//4428
f 7000//7000 858//858 857//857
f 6096//6096 7000//7000 857//857
f 2099//2099 4795//4795 186//186
f 6983//6983 186//186 6981//6981
f 1100//1100 1787//1787 3130//3130
f 1787//1787 1100//1100 6659//6659
f 7001//7001 2677//2677 6385//6385
f 6851//6851 6464//6464 2350//2350
f 1888//1888 6368//6368 7002//7002
f 1888//1888 7002//7002 7003//7003
f 4428//4428 2107//2107 642//642
f 2107//2107 4430//4430 639//639
f 5317//5317 820//820 4406//4406
f 1835//1835 4409//4409 1833//1833
f 4596//4596 4598//4598 1901//1901
f 7004//7004 6709//6709 1901//1901
f 7005//7005 5052//5052 3925//3925
f 5053//5053 7005//7005 5399//5399
f 6728//6728 314//314 3572//3572
f 1500//1500 2353//2353 1501//1501
f 5426//5426 1080//1080 1058//1058
f 1081//1081 1080//1080 5425//5425
f 5116//5116 6745//6745 6744//6744
f 5116//5116 5947//5947 5944//5944
f 7006//7006 2723//2723 1948//1948
f 3361//3361 1819//1819 1821//1821
f 2015//2015 1880//1880 5853//5853
f 4912//4912 4910//4910 2639//2639
f 1960//1960 3248//3248 7007//7007
f 7007//7007 2772//2772 1960//1960
f 4369//4369 4964//4964 4367//4367
f 6771//6771 4964//4964 6733//6733
f 367//367 4172//4172 368//368
f 1182//1182 4172//4172 367//367
f 205//205 204//204 3643//3643
f 3643//3643 6085//6085 205//205
f 4716//4716 4715//4715 7008//7008
f 7009//7009 1960//1960 2772//2772
f 468//468 4689//4689 7010//7010
f 4115//4115 6652//6652 7010//7010
f 452//452 754//754 753//753
f 452//452 753//753 5736//5736
f 1787//1787 6659//6659 1788//1788
f 1787//1787 1788//1788 1785//1785
f 5427//5427 5426//5426 1058//1058
f 5427//5427 1058//1058 2080//2080
f 3859//3859 6560//6560 3860//3860
f 304//304 6560//6560 3859//3859
f 4849//4849 4850//4850 814//814
f 5434//5434 4849//4849 814//814
f 4757//4757 4759//4759 594//594
f 5954//5954 594//594 4760//4760
f 7011//7011 60//60 7008//7008
f 60//60 4724//4724 7008//7008
f 4217//4217 4218//4218 4216//4216
f 4218//4218 7012//7012 3050//3050
f 4367//4367 6732//6732 1970//1970
f 1970//1970 1969//1969 4367//4367
f 2163//2163 7013//7013 7014//7014
f 7015//7015 7016//7016 2950//2950
f 7017//7017 1649//1649 7018//7018
f 468//468 7010//7010 6652//6652
f 3701//3701 3703//3703 9//9
f 7019//7019 2441//2441 2418//2418
f 6297//6297 3315//3315 1518//1518
f 6425//6425 5112//5112 5113//5113
f 6405//6405 4605//4605 4607//4607
f 5374//5374 4605//4605 6405//6405
f 4638//4638 6646//6646 6645//6645
f 4638//4638 7020//7020 6646//6646
f 1006//1006 3050//3050 7021//7021
f 3050//3050 7012//7012 7021//7021
f 6473//6473 7022//7022 559//559
f 6188//6188 6190//6190 7022//7022
f 3229//3229 807//807 806//806
f 3777//3777 7023//7023 3229//3229
f 3872//3872 1522//1522 4942//4942
f 3930//3930 1520//1520 1522//1522
f 3631//3631 363//363 3634//3634
f 876//876 363//363 2585//2585
f 4940//4940 4939//4939 4938//4938
f 903//903 4938//4938 5977//5977
f 7024//7024 6661//6661 4764//4764
f 7024//7024 4276//4276 6661//6661
f 2648//2648 4922//4922 2300//2300
f 677//677 2300//2300 4920//4920
f 7025//7025 5075//5075 263//263
f 7026//7026 263//263 265//265
f 3640//3640 1167//1167 6824//6824
f 6824//6824 3619//3619 3640//3640
f 7024//7024 4764//4764 6466//6466
f 7024//7024 6466//6466 6467//6467
f 4637//4637 7020//7020 4638//4638
f 4449//4449 4448//4448 7027//7027
f 5709//5709 2055//2055 5726//5726
f 5711//5711 5709//5709 5157//5157
f 4700//4700 1752//1752 846//846
f 4642//4642 1752//1752 4700//4700
f 4937//4937 299//299 4938//4938
f 4938//4938 299//299 5984//5984
f 1381//1381 6900//6900 7028//7028
f 1381//1381 1380//1380 6900//6900
f 2184//2184 6054//6054 2185//2185
f 757//757 3840//3840 6054//6054
f 3568//3568 1340//1340 3566//3566
f 5881//5881 4971//4971 4396//4396
f 2863//2863 2091//2091 2864//2864
f 2864//2864 2091//2091 2090//2090
f 3228//3228 6391//6391 2327//2327
f 3225//3225 3228//3228 1044//1044
f 2758//2758 2761//2761 2759//2759
f 7029//7029 1272//1272 1394//1394
f 1661//1661 1663//1663 3000//3000
f 1862//1862 3445//3445 3444//3444
f 6842//6842 4022//4022 6320//6320
f 6320//6320 4022//4022 5829//5829
f 5467//5467 982//982 981//981
f 5457//5457 981//981 2910//2910
f 431//431 414//414 5197//5197
f 4443//4443 431//431 4934//4934
f 7030//7030 7003//7003 7002//7002
f 1623//1623 7003//7003 7030//7030
f 3166//3166 3167//3167 5798//5798
f 3166//3166 3168//3168 3167//3167
f 1709//1709 3365//3365 3364//3364
f 3391//3391 1709//1709 3392//3392
f 4438//4438 4437//4437 6531//6531
f 4438//4438 6531//6531 5645//5645
f 5260//5260 5308//5308 389//389
f 5308//5308 5277//5277 389//389
f 4543//4543 3486//3486 4595//4595
f 3484//3484 3486//3486 4543//4543
f 3199//3199 6197//6197 6196//6196
f 7031//7031 6197//6197 3199//3199
f 2572//2572 2574//2574 6161//6161
f 6922//6922 6924//6924 6923//6923
f 1905//1905 3246//3246 1906//1906
f 3246//3246 7032//7032 1906//1906
f 5806//5806 566//566 565//565
f 5806//5806 5808//5808 566//566
f 2886//2886 2887//2887 152//152
f 540//540 899//899 4858//4858
f 7033//7033 4080//4080 4079//4079
f 2002//2002 5441//5441 3219//3219
f 5784//5784 5781//5781 6681//6681
f 6680//6680 5784//5784 6681//6681
f 4621//4621 442//442 1750//1750
f 3579//3579 442//442 4587//4587
f 1761//1761 4513//4513 7034//7034
f 7034//7034 7035//7035 1761//1761
f 2953//2953 7036//7036 4500//4500
f 7037//7037 2481//2481 1906//1906
f 6648//6648 1962//1962 7038//7038
f 5225//5225 3382//3382 5223//5223
f 624//624 5832//5832 3693//3693
f 2000//2000 3693//3693 5832//5832
f 5283//5283 5282//5282 5645//5645
f 7039//7039 4438//4438 5645//5645
f 273//273 3389//3389 3388//3388
f 273//273 272//272 4676//4676
f 191//191 6577//6577 6575//6575
f 6300//6300 1224//1224 5076//5076
f 3210//3210 6327//6327 4963//4963
f 3210//3210 6456//6456 2048//2048
f 7040//7040 143//143 1141//1141
f 7040//7040 6690//6690 143//143
f 6336//6336 840//840 3072//3072
f 7041//7041 1296//1296 6336//6336
f 2919//2919 625//625 2917//2917
f 5047//5047 2917//2917 5049//5049
f 540//540 3889//3889 3887//3887
f 540//540 3887//3887 899//899
f 7042//7042 7043//7043 1278//1278
f 786//786 1493//1493 4159//4159
f 2368//2368 3554//3554 2073//2073
f 2073//2073 2981//2981 5319//5319
f 1189//1189 2399//2399 2398//2398
f 1189//1189 1191//1191 571//571
f 331//331 7044//7044 7045//7045
f 331//331 997//997 332//332
f 86//86 5080//5080 2028//2028
f 2030//2030 2228//2228 2028//2028
f 6436//6436 6435//6435 3586//3586
f 6436//6436 3586//3586 6234//6234
f 611//611 2621//2621 7046//7046
f 7046//7046 5049//5049 2917//2917
f 1278//1278 7043//7043 6045//6045
f 6045//6045 744//744 1278//1278
f 1295//1295 1296//1296 7041//7041
f 1295//1295 6599//6599 6600//6600
f 5590//5590 4444//4444 432//432
f 432//432 563//563 562//562
f 3789//3789 2143//2143 2145//2145
f 3788//3788 7047//7047 7048//7048
f 1433//1433 2264//2264 1434//1434
f 3724//3724 3722//3722 7049//7049
f 2034//2034 3277//3277 4523//4523
f 5234//5234 1793//1793 2034//2034
f 7050//7050 3194//3194 998//998
f 7050//7050 331//331 7045//7045
f 6598//6598 5456//5456 6600//6600
f 6599//6599 6598//6598 6600//6600
f 3296//3296 2763//2763 3297//3297
f 5878//5878 1523//1523 1525//1525
f 4122//4122 6010//6010 6443//6443
f 6443//6443 2914//2914 4122//4122
f 946//946 79//79 947//947
f 946//946 3662//3662 5889//5889
f 4012//4012 4183//4183 4010//4010
f 4182//4182 3987//3987 4183//4183
f 3475//3475 748//748 3474//3474
f 3475//3475 5235//5235 748//748
f 1434//1434 3722//3722 3721//3721
f 3722//3722 1434//1434 7049//7049
f 5425//5425 6031//6031 1081//1081
f 5715//5715 574//574 1081//1081
f 5792//5792 7051//7051 7052//7052
f 5313//5313 5314//5314 4332//4332
f 5022//5022 963//963 3487//3487
f 597//597 5022//5022 5021//5021
f 247//247 794//794 3955//3955
f 247//247 4273//4273 245//245
f 7053//7053 2017//2017 7054//7054
f 7055//7055 7053//7053 7054//7054
f 7056//7056 3121//3121 3670//3670
f 3670//3670 795//795 7056//7056
f 2145//2145 521//521 3789//3789
f 5477//5477 519//519 521//521
f 3858//3858 3516//3516 5585//5585
f 3055//3055 3516//3516 3858//3858
f 4009//4009 50//50 6222//6222
f 30//30 6222//6222 50//50
f 3665//3665 24//24 3390//3390
f 3665//3665 3664//3664 24//24
f 2660//2660 4340//4340 141//141
f 4340//4340 7057//7057 7058//7058
f 5998//5998 974//974 973//973
f 1313//1313 1312//1312 5998//5998
f 5162//5162 4325//4325 7059//7059
f 4325//4325 4326//4326 7059//7059
f 1627//1627 5609//5609 3956//3956
f 3955//3955 3956//3956 3953//3953
f 7060//7060 7061//7061 7062//7062
f 7063//7063 7064//7064 5286//5286
f 343//343 345//345 5100//5100
f 5272//5272 5101//5101 345//345
f 309//309 311//311 3108//3108
f 4458//4458 4457//4457 373//373
f 6541//6541 1834//1834 5350//5350
f 1834//1834 5349//5349 1430//1430
f 1878//1878 5382//5382 1879//1879
f 5383//5383 3668//3668 3193//3193
f 3233//3233 684//684 683//683
f 588//588 1401//1401 5187//5187
f 6172//6172 6175//6175 6786//6786
f 398//398 7065//7065 399//399
f 7066//7066 697//697 520//520
f 7066//7066 520//520 1012//1012
f 7067//7067 7068//7068 7042//7042
f 1278//1278 7067//7067 7042//7042
f 5093//5093 1727//1727 3090//3090
f 4002//4002 4001//4001 2924//2924
f 1553//1553 1554//1554 38//38
f 38//38 5577//5577 1553//1553
f 5369//5369 5370//5370 3328//3328
f 3327//3327 5018//5018 3328//3328
f 2466//2466 7069//7069 7070//7070
f 2466//2466 7070//7070 995//995
f 1428//1428 3016//3016 6178//6178
f 1428//1428 6178//6178 4753//4753
f 5060//5060 3006//3006 107//107
f 3006//3006 5060//5060 3007//3007
f 6671//6671 4268//4268 6670//6670
f 4268//4268 6671//6671 7071//7071
f 1117//1117 5959//5959 727//727
f 5620//5620 1864//1864 5959//5959
f 4242//4242 2230//2230 4243//4243
f 7072//7072 2230//2230 4244//4244
f 2710//2710 2770//2770 6084//6084
f 2710//2710 6084//6084 2713//2713
f 376//376 378//378 1831//1831
f 4126//4126 6696//6696 6695//6695
f 2880//2880 2879//2879 2861//2861
f 2428//2428 5778//5778 2861//2861
f 1117//1117 2221//2221 5620//5620
f 1117//1117 5620//5620 5959//5959
f 5297//5297 1071//1071 4697//4697
f 6064//6064 4697//4697 6062//6062
f 5171//5171 5170//5170 7073//7073
f 7069//7069 2466//2466 6675//6675
f 363//363 362//362 1468//1468
f 6395//6395 1047//1047 4202//4202
f 3557//3557 2230//2230 7072//7072
f 3556//3556 5366//5366 2452//2452
f 5778//5778 2428//2428 1447//1447
f 1447//1447 2428//2428 686//686
f 7074//7074 1001//1001 3334//3334
f 5749//5749 3334//3334 1001//1001
f 2926//2926 2925//2925 1726//1726
f 3912//3912 1932//1932 3913//3913
f 5142//5142 2895//2895 6915//6915
f 2895//2895 5331//5331 4104//4104
f 6062//6062 6061//6061 5296//5296
f 6062//6062 4697//4697 6061//6061
f 3762//3762 1034//1034 1036//1036
f 4219//4219 3762//3762 1036//1036
f 3452//3452 7075//7075 5213//5213
f 7075//7075 40//40 1089//1089
f 5750//5750 347//347 346//346
f 1846//1846 1845//1845 5642//5642
f 1274//1274 620//620 7076//7076
f 7076//7076 1171//1171 4692//4692
f 1017//1017 1019//1019 4073//4073
f 1452//1452 5363//5363 5362//5362
f 5908//5908 7077//7077 5909//5909
f 7078//7078 7064//7064 7063//7063
f 2585//2585 7079//7079 876//876
f 3653//3653 876//876 7079//7079
f 2242//2242 4061//4061 883//883
f 883//883 2243//2243 2242//2242
f 4382//4382 943//943 3265//3265
f 3262//3262 4382//4382 3265//3265
f 1656//1656 3799//3799 3705//3705
f 3799//3799 1656//1656 5705//5705
f 4112//4112 1650//1650 4113//4113
f 3171//3171 1650//1650 4112//4112
f 7080//7080 2896//2896 7062//7062
f 5909//5909 7080//7080 7062//7062
f 2452//2452 3555//3555 3556//3556
f 2452//2452 2451//2451 3555//3555
f 3516//3516 3492//3492 7081//7081
f 3492//3492 3516//3516 3054//3054
f 2644//2644 7082//7082 7083//7083
f 870//870 7082//7082 2644//2644
f 184//184 67//67 182//182
f 4218//4218 182//182 4216//4216
f 6721//6721 7084//7084 7085//7085
f 7084//7084 7086//7086 7085//7085
f 2607//2607 2606//2606 1579//1579
f 4012//4012 6563//6563 4183//4183
f 3087//3087 6871//6871 4565//4565
f 3087//3087 3084//3084 311//311
f 3352//3352 379//379 1047//1047
f 1047//1047 6395//6395 3352//3352
f 2646//2646 2644//2644 7083//7083
f 4772//4772 6689//6689 2//2
f 3326//3326 183//183 2313//2313
f 2313//2313 183//183 182//182
f 4381//4381 567//567 5809//5809
f 4381//4381 943//943 4382//4382
f 4771//4771 4775//4775 6203//6203
f 4769//4769 4771//4771 3511//3511
f 3710//3710 5430//5430 7087//7087
f 3710//3710 7087//7087 1995//1995
f 7088//7088 2017//2017 2016//2016
f 2015//2015 5401//5401 2016//2016
f 4704//4704 305//305 304//304
f 3997//3997 3999//3999 304//304
f 7089//7089 4141//4141 6629//6629
f 6629//6629 7090//7090 7089//7089
f 7071//7071 7091//7091 4269//4269
f 4268//4268 7071//7071 4269//4269
f 7092//7092 2694//2694 5681//5681
f 7092//7092 5681//5681 5680//5680
f 2758//2758 2760//2760 1174//1174
f 2758//2758 1174//1174 1173//1173
f 4770//4770 3490//3490 4771//4771
f 4770//4770 2//2 1//1
f 5401//5401 1782//1782 4203//4203
f 5401//5401 4203//4203 2016//2016
f 5788//5788 4871//4871 171//171
f 2808//2808 3628//3628 2168//2168
f 5870//5870 5149//5149 5151//5151
f 5151//5151 32//32 5879//5879
f 2211//2211 6671//6671 7093//7093
f 5405//5405 1162//1162 1161//1161
f 7094//7094 3348//3348 6888//6888
f 4199//4199 2196//2196 2195//2195
f 545//545 2907//2907 5612//5612
f 6999//6999 643//643 642//642
f 5201//5201 6804//6804 2011//2011
f 5201//5201 2011//2011 2884//2884
f 2168//2168 5411//5411 2164//2164
f 2168//2168 7095//7095 2808//2808
f 6888//6888 7096//7096 718//718
f 718//718 7096//7096 6004//6004
f 2173//2173 5765//5765 618//618
f 5765//5765 5483//5483 7097//7097
f 4435//4435 822//822 4433//4433
f 6173//6173 822//822 7098//7098
f 2905//2905 1337//1337 5288//5288
f 1337//1337 1334//1334 7099//7099
f 2936//2936 2935//2935 7097//7097
f 2936//2936 5697//5697 2371//2371
f 3548//3548 1852//1852 5874//5874
f 3549//3549 3548//3548 2012//2012
f 1149//1149 7100//7100 3339//3339
f 1149//1149 7101//7101 7100//7100
f 1716//1716 6312//6312 4855//4855
f 4857//4857 6312//6312 6310//6310
f 6673//6673 1438//1438 6674//6674
f 6674//6674 1438//1438 1440//1440
f 4937//4937 1177//1177 300//300
f 300//300 299//299 4937//4937
f 6786//6786 1088//1088 6756//6756
f 1088//1088 1090//1090 42//42
f 3486//3486 5084//5084 1554//1554
f 5085//5085 38//38 1554//1554
f 7102//7102 5518//5518 1454//1454
f 2815//2815 2814//2814 5086//5086
f 2779//2779 2781//2781 1247//1247
f 2781//2781 4270//4270 1698//1698
f 1273//1273 6954//6954 4077//4077
f 4081//4081 4044//4044 120//120
f 472//472 6949//6949 7103//7103
f 1563//1563 6949//6949 472//472
f 1709//1709 1711//1711 3365//3365
f 2262//2262 1711//1711 3874//3874
f 348//348 7104//7104 1843//1843
f 346//346 348//348 1843//1843
f 2104//2104 1858//1858 4049//4049
f 6821//6821 1858//1858 6511//6511
f 5673//5673 2700//2700 2699//2699
f 218//218 2699//2699 248//248
f 569//569 955//955 1980//1980
f 955//955 7105//7105 1980//1980
f 4348//4348 4347//4347 1246//1246
f 1247//1247 1246//1246 2779//2779
f 5357//5357 3888//3888 3286//3286
f 4941//4941 4940//4940 3286//3286
f 3421//3421 2815//2815 3420//3420
f 7102//7102 2815//2815 3421//3421
f 4660//4660 4661//4661 1222//1222
f 6694//6694 3867//3867 3866//3866
f 1602//1602 5370//5370 3409//3409
f 2567//2567 5017//5017 5016//5016
f 2969//2969 7106//7106 4958//4958
f 6757//6757 3756//3756 7103//7103
f 7107//7107 4347//4347 503//503
f 1246//1246 4347//4347 2779//2779
f 3286//3286 3888//3888 4941//4941
f 3888//3888 3887//3887 3889//3889
f 2824//2824 2251//2251 6249//6249
f 2251//2251 2824//2824 250//250
f 1403//1403 6270//6270 1838//1838
f 1838//1838 4827//4827 4828//4828
f 2511//2511 3855//3855 2007//2007
f 3856//3856 3858//3858 3057//3057
f 750//750 752//752 5036//5036
f 3103//3103 3102//3102 4300//4300
f 5984//5984 3410//3410 5985//5985
f 4830//4830 5985//5985 7108//7108
f 5265//5265 2386//2386 5263//5263
f 5263//5263 3590//3590 6677//6677
f 7076//7076 7109//7109 1171//1171
f 7110//7110 1169//1169 1171//1171
f 5065//5065 5079//5079 6653//6653
f 5079//5079 5065//5065 5064//5064
f 1304//1304 2237//2237 2239//2239
f 2237//2237 5546//5546 6003//6003
f 6487//6487 6485//6485 3153//3153
f 3153//3153 7111//7111 6487//6487
f 7112//7112 6949//6949 2735//2735
f 7112//7112 2735//2735 439//439
f 5593//5593 2679//2679 7113//7113
f 5036//5036 5190//5190 7113//7113
f 973//973 972//972 6952//6952
f 972//972 1775//1775 6952//6952
f 1605//1605 4830//4830 1603//1603
f 4830//4830 7108//7108 1603//1603
f 3915//3915 978//978 6509//6509
f 3915//3915 979//979 978//978
f 620//620 622//622 6431//6431
f 7110//7110 1171//1171 7109//7109
f 1701//1701 5478//5478 1702//1702
f 5478//5478 668//668 3395//3395
f 1762//1762 1761//1761 6774//6774
f 4570//4570 4571//4571 4572//4572
f 4916//4916 2749//2749 4914//4914
f 2798//2798 4793//4793 2796//2796
f 4784//4784 2380//2380 7114//7114
f 4784//4784 4782//4782 4781//4781
f 4476//4476 2341//2341 2340//2340
f 4476//4476 6517//6517 2341//2341
f 4676//4676 3389//3389 273//273
f 1261//1261 3389//3389 4676//4676
f 4256//4256 2272//2272 2271//2271
f 2272//2272 6206//6206 508//508
f 1448//1448 5690//5690 5691//5691
f 1801//1801 1448//1448 5691//5691
f 428//428 3846//3846 2771//2771
f 3629//3629 3846//3846 428//428
f 5389//5389 1043//1043 1045//1045
f 5388//5388 5389//5389 5398//5398
f 1642//1642 978//978 980//980
f 1640//1640 1642//1642 7115//7115
f 6712//6712 6724//6724 7116//7116
f 1643//1643 260//260 6723//6723
f 1798//1798 3622//3622 2757//2757
f 1801//1801 5691//5691 3621//3621
f 2847//2847 6654//6654 3612//3612
f 4256//4256 2271//2271 3612//3612
f 6299//6299 6268//6268 4507//4507
f 6299//6299 4507//4507 1442//1442
f 4450//4450 2950//2950 2158//2158
f 2158//2158 2950//2950 2159//2159
f 5767//5767 3500//3500 1216//1216
f 3500//3500 5767//5767 4742//4742
f 2355//2355 1572//1572 1261//1261
f 1572//1572 3389//3389 1261//1261
f 2524//2524 6272//6272 1265//1265
f 3689//3689 3691//3691 2524//2524
f 260//260 5273//5273 6723//6723
f 5274//5274 5273//5273 260//260
f 918//918 5815//5815 5806//5806
f 5815//5815 918//918 2855//2855
f 6005//6005 5196//5196 6872//6872
f 5196//5196 5195//5195 5193//5193
f 4237//4237 1176//1176 4432//4432
f 4432//4432 1176//1176 6448//6448
f 7117//7117 6624//6624 5173//5173
f 57//57 59//59 6939//6939
f 1552//1552 824//824 971//971
f 823//823 971//971 824//824
f 5749//5749 1003//1003 4588//4588
f 1004//1004 1006//1006 4566//4566
f 6637//6637 3426//3426 2299//2299
f 1820//1820 1948//1948 1947//1947
f 2640//2640 2639//2639 7118//7118
f 7044//7044 3197//3197 2639//2639
f 281//281 283//283 2591//2591
f 5195//5195 3644//3644 5193//5193
f 447//447 1033//1033 448//448
f 448//448 1033//1033 6718//6718
f 3151//3151 57//57 3152//3152
f 57//57 6939//6939 3152//3152
f 1485//1485 6189//6189 6188//6188
f 6188//6188 7022//7022 1485//1485
f 2559//2559 6739//6739 6943//6943
f 5850//5850 2559//2559 5851//5851
f 204//204 6645//6645 425//425
f 6645//6645 204//204 4638//4638
f 3074//3074 3776//3776 3671//3671
f 3670//3670 3121//3121 3671//3671
f 3027//3027 3026//3026 3023//3023
f 1820//1820 6637//6637 2299//2299
f 7119//7119 2186//2186 5250//5250
f 7120//7120 7119//7119 5250//5250
f 5329//5329 5337//5337 5330//5330
f 1131//1131 1202//1202 6477//6477
f 5194//5194 338//338 341//341
f 338//338 5194//5194 3644//3644
f 6832//6832 6735//6735 6734//6734
f 4047//4047 4048//4048 1355//1355
f 1374//1374 2464//2464 2463//2463
f 2103//2103 3439//3439 2464//2464
f 5455//5455 874//874 873//873
f 1847//1847 874//874 5455//5455
f 4202//4202 1046//1046 7121//7121
f 1784//1784 1466//1466 1468//1468
f 4463//4463 7122//7122 1292//1292
f 3203//3203 7122//7122 4445//4445
f 4480//4480 5234//5234 2036//2036
f 2036//2036 5234//5234 2034//2034
f 7123//7123 6013//6013 2283//2283
f 6287//6287 7123//7123 6288//6288
f 1068//1068 5871//5871 1696//1696
f 6990//6990 6130//6130 5872//5872
f 4067//4067 514//514 513//513
f 513//513 484//484 6449//6449
f 3562//3562 6621//6621 6620//6620
f 5755//5755 4425//4425 5740//5740
f 7124//7124 3895//3895 7125//7125
f 3033//3033 5570//5570 3896//3896
f 5083//5083 2653//2653 6579//6579
f 2653//2653 1341//1341 6579//6579
f 1871//1871 7126//7126 313//313
f 1871//1871 313//313 312//312
f 1302//1302 1803//1803 5558//5558
f 1804//1804 1803//1803 1302//1302
f 4776//4776 3033//3033 4787//4787
f 5570//5570 3033//3033 4776//4776
f 5181//5181 6308//6308 5183//5183
f 5188//5188 5181//5181 5183//5183
f 5358//5358 3067//3067 3068//3068
f 5358//5358 2391//2391 2436//2436
f 3342//3342 3343//3343 3344//3344
f 5605//5605 3695//3695 5606//5606
f 1903//1903 6198//6198 5424//5424
f 5424//5424 2711//2711 2712//2712
f 2878//2878 2858//2858 2859//2859
f 2878//2878 5777//5777 2858//2858
f 5455//5455 7127//7127 5454//5454
f 7127//7127 5421//5421 5823//5823
f 7128//7128 7129//7129 4767//4767
f 4767//4767 7130//7130 125//125
f 4472//4472 3543//3543 4471//4471
f 5044//5044 962//962 4472//4472
f 6434//6434 2335//2335 1560//1560
f 1251//1251 446//446 5582//5582
f 2124//2124 3241//3241 3238//3238
f 2124//2124 3242//3242 3241//3241
f 5455//5455 7131//7131 7127//7127
f 5452//5452 1938//1938 1937//1937
f 3543//3543 962//962 596//596
f 4472//4472 962//962 3543//3543
f 7132//7132 2581//2581 2582//2582
f 7132//7132 2582//2582 3634//3634
f 5327//5327 7133//7133 2406//2406
f 5327//5327 4462//4462 5885//5885
f 217//217 5662//5662 5663//5663
f 5663//5663 215//215 217//217
f 3075//3075 3957//3957 5631//5631
f 796//796 3122//3122 797//797
f 6044//6044 6043//6043 2432//2432
f 2043//2043 2432//2432 2044//2044
f 3143//3143 805//805 3144//3144
f 3144//3144 805//805 4721//4721
f 2717//2717 6635//6635 479//479
f 6635//6635 5933//5933 479//479
f 5268//5268 4362//4362 1653//1653
f 3241//3241 4361//4361 3238//3238
f 1938//1938 5455//5455 4986//4986
f 7131//7131 5455//5455 1938//1938
f 4401//4401 4374//4374 532//532
f 4400//4400 4401//4401 532//532
f 4806//4806 5835//5835 5834//5834
f 7134//7134 1368//1368 4806//4806
f 5154//5154 579//579 2940//2940
f 3580//3580 3173//3173 3581//3581
f 5804//5804 7130//7130 4767//4767
f 5804//5804 3559//3559 6269//6269
f 6112//6112 6359//6359 7135//7135
f 6111//6111 3052//3052 6112//6112
f 4385//4385 7136//7136 3998//3998
f 3999//3999 3998//3998 2656//2656
f 5095//5095 1980//1980 7105//7105
f 5095//5095 7105//7105 5094//5094
f 1443//1443 1442//1442 2475//2475
f 2189//2189 3029//3029 4933//4933
f 5147//5147 1014//1014 733//733
f 1422//1422 1014//1014 5147//5147
f 5619//5619 4315//4315 1864//1864
f 93//93 95//95 1866//1866
f 1502//1502 3963//3963 6075//6075
f 6075//6075 2354//2354 2355//2355
f 7137//7137 5794//5794 6513//6513
f 5805//5805 2857//2857 3706//3706
f 2746//2746 6622//6622 6882//6882
f 5398//5398 2746//2746 6882//6882
f 7138//7138 5733//5733 6443//6443
f 5733//5733 7139//7139 5682//5682
f 480//480 482//482 3249//3249
f 6313//6313 480//480 3249//3249
f 2134//2134 6245//6245 7140//7140
f 7141//7141 4720//4720 4719//4719
f 6326//6326 63//63 1314//1314
f 6325//6325 4869//4869 6326//6326
f 1515//1515 808//808 1516//1516
f 1516//1516 4740//4740 1669//1669
f 5040//5040 5720//5720 5039//5039
f 5038//5038 5040//5040 5039//5039
f 6360//6360 3052//3052 2684//2684
f 2684//2684 2683//2683 2931//2931
f 3248//3248 3252//3252 3249//3249
f 3248//3248 7142//7142 3252//3252
f 5099//5099 5098//5098 197//197
f 1573//1573 3571//3571 7126//7126
f 4346//4346 2338//2338 2337//2337
f 4346//4346 2337//2337 4476//4476
f 4323//4323 2157//2157 6163//6163
f 77//77 4324//4324 75//75
f 6422//6422 439//439 7143//7143
f 6422//6422 7143//7143 7144//7144
f 3155//3155 1118//1118 7145//7145
f 4658//4658 4620//4620 4619//4619
f 3821//3821 3822//3822 3514//3514
f 3821//3821 2592//2592 3822//3822
f 1192//1192 1167//1167 5794//5794
f 1192//1192 5794//5794 7137//7137
f 1105//1105 1104//1104 1882//1882
f 1105//1105 6699//6699 2783//2783
f 808//808 4740//4740 1516//1516
f 4699//4699 4740//4740 808//808
f 7146//7146 326//326 1399//1399
f 326//326 742//742 6490//6490
f 1051//1051 1053//1053 2675//2675
f 7147//7147 2675//2675 1053//1053
f 7142//7142 1959//1959 1961//1961
f 4754//4754 3018//3018 4761//4761
f 4241//4241 4239//4239 933//933
f 4240//4240 4239//4239 4241//4241
f 7137//7137 3706//3706 2857//2857
f 7137//7137 2857//2857 1192//1192
f 1833//1833 5257//5257 5256//5256
f 4408//4408 1833//1833 4409//4409
f 358//358 7148//7148 5952//5952
f 7148//7148 7149//7149 5952//5952
f 6377//6377 4167//4167 6828//6828
f 6828//6828 4167//4167 6829//6829
f 326//326 7150//7150 327//327
f 7150//7150 6230//6230 327//327
f 723//723 722//722 6199//6199
f 6199//6199 722//722 5743//5743
f 168//168 7151//7151 4353//4353
f 1416//1416 7151//7151 1308//1308
f 699//699 5523//5523 2476//2476
f 2476//2476 3715//3715 6973//6973
f 5683//5683 613//613 7152//7152
f 7139//7139 4210//4210 7152//7152
f 6021//6021 5257//5257 4408//4408
f 4408//4408 5257//5257 1833//1833
f 4488//4488 3274//3274 3273//3273
f 4489//4489 787//787 2449//2449
f 7057//7057 6067//6067 7058//7058
f 6458//6458 7058//7058 6067//6067
f 4752//4752 4750//4750 976//976
f 457//457 2702//2702 4495//4495
f 1732//1732 3517//3517 6642//6642
f 5050//5050 3517//3517 5051//5051
f 5683//5683 7152//7152 7153//7153
f 656//656 7154//7154 657//657
f 3298//3298 1695//1695 1526//1526
f 3943//3943 4809//4809 3942//3942
f 1095//1095 1097//1097 1094//1094
f 6809//6809 6799//6799 1095//1095
f 1379//1379 3267//3267 6876//6876
f 3267//3267 1379//1379 1381//1381
f 11//11 2635//2635 7155//7155
f 5148//5148 5149//5149 7155//7155
f 4662//4662 1251//1251 4663//4663
f 4663//4663 1251//1251 5582//5582
f 6623//6623 7156//7156 4679//4679
f 6623//6623 4679//4679 2313//2313
f 5292//5292 6371//6371 3835//3835
f 7157//7157 7158//7158 6370//6370
f 1987//1987 6827//6827 1985//1985
f 6276//6276 5404//5404 5403//5403
f 6567//6567 5683//5683 6568//6568
f 6568//6568 5683//5683 7153//7153
f 6088//6088 763//763 762//762
f 6089//6089 763//763 6088//6088
f 1281//1281 1280//1280 7159//7159
f 1822//1822 1824//1824 1280//1280
f 2253//2253 3813//3813 5300//5300
f 6725//6725 2276//2276 5300//5300
f 3165//3165 6001//6001 1209//1209
f 1209//1209 3606//3606 3165//3165
f 1004//1004 1734//1734 1005//1005
f 7156//7156 1734//1734 4679//4679
f 5870//5870 1924//1924 5149//5149
f 1924//1924 7155//7155 5149//5149
f 4728//4728 163//163 548//548
f 4728//4728 548//548 6510//6510
f 7160//7160 4545//4545 251//251
f 5262//5262 251//251 4545//4545
f 3022//3022 1822//1822 1280//1280
f 5960//5960 1826//1826 7161//7161
f 3605//3605 3607//3607 6304//6304
f 1441//1441 2192//2192 6298//6298
f 5792//5792 5791//5791 7051//7051
f 7051//7051 3413//3413 2212//2212
f 5876//5876 5877//5877 2258//2258
f 2254//2254 2256//2256 4961//4961
f 1035//1035 1807//1807 6436//6436
f 1035//1035 6393//6393 6233//6233
f 3261//3261 3143//3143 3145//3145
f 3143//3143 806//806 805//805
f 1679//1679 5368//5368 5367//5367
f 1679//1679 1681//1681 3237//3237
f 6359//6359 4738//4738 7135//7135
f 1618//1618 1617//1617 7162//7162
f 22//22 7163//7163 23//23
f 7163//7163 3929//3929 5549//5549
f 3577//3577 264//264 263//263
f 264//264 3577//3577 6691//6691
f 6903//6903 1083//1083 5694//5694
f 5694//5694 1083//1083 6800//6800
f 499//499 1576//1576 500//500
f 501//501 7164//7164 4561//4561
f 1185//1185 7165//7165 6072//6072
f 7165//7165 5407//5407 3112//3112
f 2131//2131 4496//4496 707//707
f 708//708 707//707 939//939
f 3390//3390 23//23 5551//5551
f 5551//5551 412//412 3390//3390
f 4104//4104 5331//5331 877//877
f 4104//4104 877//877 6850//6850
f 1644//1644 5900//5900 1645//1645
f 1954//1954 2497//2497 2445//2445
f 487//487 838//838 837//837
f 2483//2483 2485//2485 4308//4308
f 1185//1185 1184//1184 3114//3114
f 1185//1185 3114//3114 7165//7165
f 5650//5650 5833//5833 6172//6172
f 5650//5650 515//515 5833//5833
f 3417//3417 7166//7166 3418//3418
f 7167//7167 4952//4952 3418//3418
f 2498//2498 2497//2497 5897//5897
f 1954//1954 5897//5897 2497//2497
f 500//500 1576//1576 792//792
f 793//793 792//792 497//497
f 6888//6888 717//717 7094//7094
f 6888//6888 718//718 717//717
f 3403//3403 3405//3405 3407//3407
f 1218//1218 7168//7168 3405//3405
f 7169//7169 3450//3450 3449//3449
f 3449//3449 5440//5440 7169//7169
f 1530//1530 4037//4037 1531//1531
f 4039//4039 5128//5128 4037//4037
f 6232//6232 4584//4584 6231//6231
f 6232//6232 6239//6239 4584//4584
f 4468//4468 924//924 4466//4466
f 4466//4466 924//924 6030//6030
f 4889//4889 1513//1513 1634//1634
f 1634//1634 1513//1513 6330//6330
f 5413//5413 6391//6391 3224//3224
f 5413//5413 3224//3224 4196//4196
f 496//496 793//793 497//497
f 794//794 793//793 5591//5591
f 4682//4682 5999//5999 4683//4683
f 4682//4682 2093//2093 5999//5999
f 7170//7170 850//850 849//849
f 5773//5773 5775//5775 5078//5078
f 6496//6496 6498//6498 674//674
f 3348//3348 6887//6887 6498//6498
f 6029//6029 6030//6030 1919//1919
f 1918//1918 1919//1919 1916//1916
f 7074//7074 3334//3334 3333//3333
f 1734//1734 7074//7074 2314//2314
f 7171//7171 1269//1269 1271//1271
f 7172//7172 6650//6650 4251//4251
f 3180//3180 5903//5903 4192//4192
f 1814//1814 1813//1813 923//923
f 5544//5544 5999//5999 2093//2093
f 2862//2862 2093//2093 2695//2695
f 984//984 986//986 6128//6128
f 3817//3817 4234//4234 4233//4233
f 7173//7173 5301//5301 582//582
f 2727//2727 2726//2726 7173//7173
f 7174//7174 3569//3569 3568//3568
f 7174//7174 3568//3568 3566//3566
f 5562//5562 3839//3839 964//964
f 5854//5854 3253//3253 964//964
f 5671//5671 3802//3802 3803//3803
f 172//172 5671//5671 2643//2643
f 1353//1353 1352//1352 7175//7175
f 1772//1772 6399//6399 6152//6152
f 506//506 4272//4272 2776//2776
f 1698//1698 4270//4270 4272//4272
f 5067//5067 4//4 4055//4055
f 3828//3828 3034//3034 4//4
f 3354//3354 195//195 3215//3215
f 3356//3356 3215//3215 5705//5705
f 5080//5080 15//15 5062//5062
f 15//15 5080//5080 86//86
f 2810//2810 2807//2807 2809//2809
f 2810//2810 4873//4873 4872//4872
f 1907//1907 1906//1906 2482//2482
f 5890//5890 4867//4867 1907//1907
f 4242//4242 2204//2204 6187//6187
f 2136//2136 2204//2204 2203//2203
f 3192//3192 3125//3125 5287//5287
f 3125//3125 3124//3124 5287//5287
f 1874//1874 6536//6536 7176//7176
f 1874//1874 7176//7176 7013//7013
f 6204//6204 3509//3509 1330//1330
f 6204//6204 1330//1330 6211//6211
f 2293//2293 2292//2292 2296//2296
f 3875//3875 4942//4942 7177//7177
f 5717//5717 1561//1561 7178//7178
f 1561//1561 472//472 471//471
f 6969//6969 2416//2416 5254//5254
f 5254//5254 2416//2416 6960//6960
f 4292//4292 615//615 2805//2805
f 1713//1713 1712//1712 615//615
f 2513//2513 7179//7179 193//193
f 7179//7179 5275//5275 5309//5309
f 3853//3853 5517//5517 2004//2004
f 2004//2004 2006//2006 3853//3853
f 27//27 5575//5575 6144//6144
f 3686//3686 27//27 6144//6144
f 2962//2962 2961//2961 7180//7180
f 2005//2005 1063//1063 2006//2006
f 6747//6747 1365//1365 2682//2682
f 2682//2682 1365//1365 6096//6096
f 825//825 43//43 3866//3866
f 825//825 44//44 43//43
f 846//846 4698//4698 4700//4700
f 2072//2072 4877//4877 846//846
f 611//611 3692//3692 3693//3693
f 1275//1275 611//611 3693//3693
f 7177//7177 4943//4943 7181//7181
f 4943//4943 1429//1429 7181//7181
f 1060//1060 1063//1063 2961//2961
f 1063//1063 2005//2005 2961//2961
f 5936//5936 2373//2373 5937//5937
f 671//671 5937//5937 2373//2373
f 4613//4613 4615//4615 271//271
f 3670//3670 271//271 4615//4615
f 4292//4292 1713//1713 615//615
f 3318//3318 5511//5511 1713//1713
f 7182//7182 5513//5513 5515//5515
f 7182//7182 5515//5515 460//460
f 4816//4816 4817//4817 6719//6719
f 639//639 638//638 2106//2106
f 1937//1937 1939//1939 6886//6886
f 6886//6886 7183//7183 7184//7184
f 7185//7185 5547//5547 1303//1303
f 71//71 7186//7186 1303//1303
f 4252//4252 7187//7187 7188//7188
f 6650//6650 4252//4252 4251//4251
f 6394//6394 3213//3213 31//31
f 31//31 3213//3213 3212//3212
f 4857//4857 265//265 1549//1549
f 4857//4857 1549//1549 111//111
f 25//25 3142//3142 26//26
f 217//217 1812//1812 3684//3684
f 2473//2473 2472//2472 2029//2029
f 2472//2472 4705//4705 2029//2029
f 5453//5453 1941//1941 1940//1940
f 7189//7189 6886//6886 7184//7184
f 2200//2200 7190//7190 4424//4424
f 2200//2200 4424//4424 4423//4423
f 2026//2026 14//14 5060//5060
f 14//14 2026//2026 5062//5062
f 6929//6929 4791//4791 7191//7191
f 1981//1981 2063//2063 2062//2062
f 31//31 3212//3212 32//32
f 3212//3212 188//188 190//190
f 1459//1459 2469//2469 1457//1457
f 4707//4707 4705//4705 2472//2472
f 4406//4406 3382//3382 4409//4409
f 4406//4406 4409//4409 1835//1835
f 2611//2611 4870//4870 6325//6325
f 4149//4149 2611//2611 5131//5131
f 7031//7031 3201//3201 3185//3185
f 7192//7192 4994//4994 652//652
f 89//89 4305//4305 3525//3525
f 4826//4826 3526//3526 4825//4825
f 531//531 3994//3994 635//635
f 533//533 3994//3994 531//531
f 3346//3346 6894//6894 1730//1730
f 1730//1730 6344//6344 5050//5050
f 5869//5869 1927//1927 1925//1925
f 7193//7193 5869//5869 1925//1925
f 4621//4621 1750//1750 1076//1076
f 4623//4623 6592//6592 4621//4621
f 3646//3646 5431//5431 6932//6932
f 5431//5431 4534//4534 6932//6932
f 4061//4061 3202//3202 4060//4060
f 3202//3202 4061//4061 3186//3186
f 7194//7194 2232//2232 4824//4824
f 7194//7194 4824//4824 1745//1745
f 3900//3900 5927//5927 5848//5848
f 687//687 5372//5372 5927//5927
f 7078//7078 7063//7063 7195//7195
f 5285//5285 745//745 7195//7195
f 3345//3345 6895//6895 6894//6894
f 6894//6894 968//968 1730//1730
f 2907//2907 643//643 6999//6999
f 4014//4014 4016//4016 643//643
f 5558//5558 2220//2220 1306//1306
f 2239//2239 1305//1305 1304//1304
f 2526//2526 5161//5161 2939//2939
f 2939//2939 5161//5161 2525//2525
f 3238//3238 5268//5268 1653//1653
f 3238//3238 1653//1653 1652//1652
f 1857//1857 4086//4086 3547//3547
f 1857//1857 3547//3547 3550//3550
f 375//375 374//374 6494//6494
f 374//374 5948//5948 775//775
f 2862//2862 5544//5544 2093//2093
f 904//904 5544//5544 2862//2862
f 3372//3372 7195//7195 7196//7196
f 3372//3372 7196//7196 7197//7197
f 1426//1426 2637//2637 7198//7198
f 1991//1991 1426//1426 7199//7199
f 6897//6897 6567//6567 6037//6037
f 6897//6897 3430//3430 6591//6591
f 7200//7200 3271//3271 1305//1305
f 7200//7200 1305//1305 2239//2239
f 5160//5160 2244//2244 2243//2243
f 2525//2525 5161//5161 5160//5160
f 6221//6221 7201//7201 439//439
f 2734//2734 7201//7201 6221//6221
f 2389//2389 423//423 2387//2387
f 2387//2387 6220//6220 5444//5444
f 4904//4904 2976//2976 2975//2975
f 2975//2975 2467//2467 2992//2992
f 1093//1093 5996//5996 5997//5997
f 1093//1093 5997//5997 1091//1091
f 394//394 1635//1635 1669//1669
f 394//394 1669//1669 395//395
f 1181//1181 148//148 5266//5266
f 5266//5266 148//148 5267//5267
f 7202//7202 2806//2806 3366//3366
f 6424//6424 3317//3317 5112//5112
f 7203//7203 2611//2611 65//65
f 4670//4670 7203//7203 65//65
f 5503//5503 439//439 7201//7201
f 5503//5503 7201//7201 2734//2734
f 1994//1994 5840//5840 1968//1968
f 5840//5840 5839//5839 1968//1968
f 3578//3578 4587//4587 5089//5089
f 3578//3578 812//812 4586//4586
f 524//524 2148//2148 2147//2147
f 4563//4563 524//524 2147//2147
f 4088//4088 7204//7204 1331//1331
f 4775//4775 7204//7204 4088//4088
f 5031//5031 5030//5030 1378//1378
f 1378//1378 5030//5030 1376//1376
f 5043//5043 5041//5041 3665//3665
f 431//431 433//433 5043//5043
f 3163//3163 860//860 862//862
f 3523//3523 737//737 3163//3163
f 2315//2315 2311//2311 1734//1734
f 2315//2315 6142//6142 2311//2311
f 4561//4561 792//792 5905//5905
f 4561//4561 7164//7164 792//792
f 3987//3987 3986//3986 4010//4010
f 4010//4010 4183//4183 3987//3987
f 2437//2437 2436//2436 2391//2391
f 2362//2362 5495//5495 5494//5494
f 639//639 2105//2105 1662//1662
f 1861//1861 1860//1860 2105//2105
f 7205//7205 2651//2651 2650//2650
f 7205//7205 6106//6106 6105//6105
f 397//397 6463//6463 3848//3848
f 3850//3850 397//397 3848//3848
f 6583//6583 3332//3332 3330//3330
f 6585//6585 3332//3332 6583//6583
f 2725//2725 3521//3521 4442//4442
f 740//740 739//739 4442//4442
f 147//147 4366//4366 4364//4364
f 5676//5676 4364//4364 4366//4366
f 4886//4886 6643//6643 6644//6644
f 83//83 4886//4886 6644//6644
f 1664//1664 1666//1666 3841//3841
f 3841//3841 1666//1666 5851//5851
f 3597//3597 1595//1595 1594//1594
f 2019//2019 3350//3350 2020//2020
f 6103//6103 6104//6104 6106//6106
f 6104//6104 2297//2297 3426//3426
f 2229//2229 2228//2228 2030//2030
f 2229//2229 2030//2030 2453//2453
f 5967//5967 2410//2410 6123//6123
f 39//39 6125//6125 37//37
f 4548//4548 5158//5158 4549//4549
f 5158//5158 5786//5786 4549//4549
f 6208//6208 6207//6207 6209//6209
f 6209//6209 3643//3643 7206//7206
f 4846//4846 4886//4886 83//83
f 691//691 83//83 692//692
f 2841//2841 705//705 4965//4965
f 7207//7207 2842//2842 2844//2844
f 3685//3685 3684//3684 6783//6783
f 3684//3684 1812//1812 6783//6783
f 765//765 4030//4030 4029//4029
f 4029//4029 3991//3991 765//765
f 7208//7208 4138//4138 4137//4137
f 4095//4095 4057//4057 7208//7208
f 712//712 4084//4084 710//710
f 4084//4084 539//539 5502//5502
f 6208//6208 6209//6209 7206//7206
f 6208//6208 7206//7206 427//427
f 104//104 5045//5045 102//102
f 2908//2908 2543//2543 545//545
f 2810//2810 2811//2811 3991//3991
f 2811//2811 2166//2166 3991//3991
f 7057//7057 1007//1007 6067//6067
f 919//919 6067//6067 920//920
f 4286//4286 4285//4285 4267//4267
f 4267//4267 6281//6281 4286//4286
f 5050//5050 5051//5051 3346//3346
f 3346//3346 1730//1730 5050//5050
f 5746//5746 5737//5737 6354//6354
f 5863//5863 5862//5862 5746//5746
f 6975//6975 1668//1668 6976//6976
f 499//499 501//501 1668//1668
f 5975//5975 3295//3295 568//568
f 568//568 3295//3295 954//954
f 2990//2990 1885//1885 3827//3827
f 1885//1885 2990//2990 2989//2989
f 4070//4070 6750//6750 702//702
f 702//702 5816//5816 4070//4070
f 4084//4084 4547//4547 4085//4085
f 7209//7209 1740//1740 4547//4547
f 2448//2448 3275//3275 3274//3274
f 6596//6596 3275//3275 2448//2448
f 1667//1667 6254//6254 5332//5332
f 274//274 1667//1667 5332//5332
f 2265//2265 1029//1029 2266//2266
f 6589//6589 6586//6586 5021//5021
f 47//47 4349//4349 5271//5271
f 5271//5271 6858//6858 47//47
f 3836//3836 5293//5293 3835//3835
f 5927//5927 6698//6698 5928//5928
f 6553//6553 5665//5665 836//836
f 836//836 835//835 6553//6553
f 2517//2517 2519//2519 6900//6900
f 2519//2519 2517//2517 2516//2516
f 4594//4594 4595//4595 3486//3486
f 3486//3486 1554//1554 4594//4594
f 6036//6036 5510//5510 2122//2122
f 2578//2578 2122//2122 2579//2579
f 5971//5971 7210//7210 5970//5970
f 5970//5970 1543//1543 1542//1542
f 5042//5042 3663//3663 3665//3665
f 562//562 564//564 6472//6472
f 4783//4783 1041//1041 4781//4781
f 6333//6333 6332//6332 415//415
f 7211//7211 1224//1224 6300//6300
f 7212//7212 1224//1224 7211//7211
f 5728//5728 1581//1581 1580//1580
f 5729//5729 1581//1581 5728//5728
f 7090//7090 4139//4139 4024//4024
f 659//659 3935//3935 4024//4024
f 3206//3206 2958//2958 5773//5773
f 977//977 4446//4446 4445//4445
f 862//862 4442//4442 4440//4440
f 862//862 3523//3523 3163//3163
f 3304//3304 1021//1021 6295//6295
f 3304//3304 1342//1342 5152//5152
f 5976//5976 5985//5985 3411//3411
f 6655//6655 179//179 4832//4832
f 7213//7213 5353//5353 842//842
f 7213//7213 1297//1297 5353//5353
f 4962//4962 2433//2433 2043//2043
f 4962//4962 5553//5553 3208//3208
f 6472//6472 561//561 3663//3663
f 6472//6472 3663//3663 5042//5042
f 254//254 2947//2947 6319//6319
f 6319//6319 255//255 254//254
f 3047//3047 2655//2655 5152//5152
f 5071//5071 5070//5070 3047//3047
f 1492//1492 1619//1619 3397//3397
f 1492//1492 1491//1491 1619//1619
f 3472//3472 5055//5055 2332//2332
f 2332//2332 5055//5055 6433//6433
f 450//450 1437//1437 451//451
f 5607//5607 5608//5608 451//451
f 2957//2957 411//411 4814//4814
f 6347//6347 409//409 411//411
f 5260//5260 6004//6004 1204//1204
f 6004//6004 7096//7096 1204//1204
f 1948//1948 1820//1820 1819//1819
f 1948//1948 1819//1819 7006//7006
f 2382//2382 736//736 3587//3587
f 2382//2382 772//772 736//736
f 6521//6521 4308//4308 4309//4309
f 6520//6520 6521//6521 4309//4309
f 7214//7214 6445//6445 41//41
f 3451//3451 3453//3453 6630//6630
f 4860//4860 2322//2322 4861//4861
f 236//236 6977//6977 237//237
f 361//361 3655//3655 4282//4282
f 875//875 876//876 3652//3652
f 5088//5088 441//441 5390//5390
f 5390//5390 441//441 440//440
f 5472//5472 5531//5531 3149//3149
f 1210//1210 1212//1212 3149//3149
f 4118//4118 7061//7061 6937//6937
f 5303//5303 5323//5323 5304//5304
f 6923//6923 2575//2575 5103//5103
f 5103//5103 2575//2575 2624//2624
f 7215//7215 3916//3916 7216//7216
f 7216//7216 411//411 2957//2957
f 1135//1135 4426//4426 2076//2076
f 2077//2077 2079//2079 1135//1135
f 2814//2814 2813//2813 5086//5086
f 5391//5391 5088//5088 5390//5390
f 3981//3981 6164//6164 2721//2721
f 3361//3361 7006//7006 1819//1819
f 3520//3520 2089//2089 3517//3517
f 3519//3519 905//905 3520//3520
f 2957//2957 7215//7215 7216//7216
f 7215//7215 2957//2957 850//850
f 7217//7217 1145//1145 3191//3191
f 2129//2129 7217//7217 7218//7218
f 4950//4950 4169//4169 4172//4172
f 4169//4169 4950//4950 7219//7219
f 332//332 5924//5924 4530//4530
f 997//997 5924//5924 332//332
f 4800//4800 4468//4468 4799//4799
f 4800//4800 5902//5902 925//925
f 1186//1186 5336//5336 5328//5328
f 5336//5336 1186//1186 4097//4097
f 1826//1826 915//915 914//914
f 5891//5891 914//914 1823//1823
f 7220//7220 3079//3079 3078//3078
f 7220//7220 1594//1594 3079//3079
f 2595//2595 2594//2594 1806//1806
f 2594//2594 6185//6185 1806//1806
f 2256//2256 7219//7219 7221//7221
f 4169//4169 7219//7219 2256//2256
f 6236//6236 7222//7222 6237//6237
f 7222//7222 6738//6738 176//176
f 2129//2129 2131//2131 5962//5962
f 2129//2129 5962//5962 7217//7217
f 757//757 6054//6054 2184//2184
f 2184//2184 2183//2183 6420//6420
f 7070//7070 7069//7069 7223//7223
f 7069//7069 6675//6675 7073//7073
f 3185//3185 3187//3187 6195//6195
f 7224//7224 7225//7225 466//466
f 157//157 2756//2756 3949//3949
f 2757//2757 157//157 3949//3949
f 3660//3660 141//141 3661//3661
f 3661//3661 141//141 142//142
f 1938//1938 3338//3338 1939//1939
f 3337//3337 1939//1939 3338//3338
f 1307//1307 1306//1306 2238//2238
f 2238//2238 6791//6791 1307//1307
f 7226//7226 7227//7227 5146//5146
f 2589//2589 5146//5146 1840//1840
f 5649//5649 3849//3849 4891//4891
f 5648//5648 485//485 6764//6764
f 6656//6656 1895//1895 947//947
f 7111//7111 3153//3153 947//947
f 7228//7228 7229//7229 3330//3330
f 7228//7228 3330//3330 1595//1595
f 6043//6043 2492//2492 6210//6210
f 2491//2491 4837//4837 2492//2492
f 1457//1457 1965//1965 1458//1458
f 7230//7230 6122//6122 5484//5484
f 2050//2050 5708//5708 4532//4532
f 5708//5708 2050//2050 5707//5707
f 6862//6862 1616//1616 7191//7191
f 6929//6929 7191//7191 1616//1616
f 7231//7231 950//950 6775//6775
f 950//950 7231//7231 7232//7232
f 3998//3998 7136//7136 2656//2656
f 724//724 6819//6819 2656//2656
f 571//571 56//56 2399//2399
f 1189//1189 571//571 2399//2399
f 2953//2953 7037//7037 7036//7036
f 4327//4327 7032//7032 3246//3246
f 1135//1135 5700//5700 2049//2049
f 2050//2050 2049//2049 5707//5707
f 6759//6759 2176//2176 5484//5484
f 7230//7230 5484//5484 2176//2176
f 3320//3320 20//20 19//19
f 19//19 3319//3319 3320//3320
f 4965//4965 705//705 704//704
f 5543//5543 704//704 708//708
f 7233//7233 2049//2049 5700//5700
f 6188//6188 7233//7233 5700//5700
f 3999//3999 4704//4704 304//304
f 3999//3999 2656//2656 552//552
f 4566//4566 1396//1396 4588//4588
f 4566//4566 4588//4588 1003//1003
f 5006//5006 6507//6507 6508//6508
f 6507//6507 3750//3750 3749//3749
f 6397//6397 2447//2447 5024//5024
f 5024//5024 2447//2447 2449//2449
f 7208//7208 4057//4057 4138//4138
f 4370//4370 4138//4138 4057//4057
f 1983//1983 174//174 1933//1933
f 3730//3730 3320//3320 1983//1983
f 2952//2952 2481//2481 2953//2953
f 7037//7037 2953//2953 2481//2481
f 5987//5987 5989//5989 2686//2686
f 5987//5987 2613//2613 5989//5989
f 671//671 670//670 7234//7234
f 7235//7235 671//671 7234//7234
f 1956//1956 787//787 7236//7236
f 3132//3132 3133//3133 789//789
f 4847//4847 3914//3914 160//160
f 160//160 3914//3914 6758//6758
f 3570//3570 1034//1034 7237//7237
f 7237//7237 337//337 3570//3570
f 6002//6002 4089//4089 3263//3263
f 2565//2565 404//404 3263//3263
f 36//36 5882//5882 3881//3881
f 36//36 3881//3881 4322//4322
f 6141//6141 5169//5169 4923//4923
f 4923//4923 5172//5172 4924//4924
f 1059//1059 575//575 6806//6806
f 3618//3618 1059//1059 6806//6806
f 7238//7238 5231//5231 5230//5230
f 5231//5231 7238//7238 464//464
f 3994//3994 3996//3996 635//635
f 6182//6182 6183//6183 3996//3996
f 6081//6081 819//819 1316//1316
f 819//819 6081//6081 817//817
f 2396//2396 1956//1956 7239//7239
f 1957//1957 1956//1956 2396//2396
f 4708//4708 6634//6634 4709//4709
f 6634//6634 4708//4708 5933//5933
f 280//280 3091//3091 1230//1230
f 3091//3091 280//280 2041//2041
f 1306//1306 7200//7200 2239//2239
f 1306//1306 2239//2239 2238//2238
f 6152//6152 6399//6399 7175//7175
f 6399//6399 6398//6398 7175//7175
f 2386//2386 2385//2385 3590//3590
f 2386//2386 3590//3590 5263//5263
f 5120//5120 4213//4213 4212//4212
f 1101//1101 4403//4403 5120//5120
f 5172//5172 4923//4923 5169//5169
f 5168//5168 5172//5172 5169//5169
f 2374//2374 2373//2373 7240//7240
f 1455//1455 5520//5520 7241//7241
f 1145//1145 7217//7217 5962//5962
f 5962//5962 1146//1146 1145//1145
f 5459//5459 1341//1341 5460//5460
f 5460//5460 1341//1341 2653//2653
f 3335//3335 3334//3334 5748//5748
f 4166//4166 6829//6829 4167//4167
f 3057//3057 7242//7242 3856//3856
f 3056//3056 7242//7242 3057//3057
f 4772//4772 3511//3511 3493//3493
f 4772//4772 3493//3493 6689//6689
f 3832//3832 3834//3834 6034//6034
f 6034//6034 868//868 867//867
f 7192//7192 7031//7031 4994//4994
f 7031//7031 3199//3199 4994//4994
f 6246//6246 7243//7243 6958//6958
f 2051//2051 3639//3639 865//865
f 4927//4927 4929//4929 4930//4930
f 7244//7244 4930//4930 4929//4929
f 6470//6470 2042//2042 4337//4337
f 4336//4336 4338//4338 4337//4337
f 5864//5864 5863//5863 1569//1569
f 5295//5295 5296//5296 5864//5864
f 5520//5520 5519//5519 2374//2374
f 5520//5520 2374//2374 7241//7241
f 3767//3767 3769//3769 1010//1010
f 4747//4747 1010//1010 3769//3769
f 865//865 149//149 2051//2051
f 865//865 3624//3624 149//149
f 4995//4995 4996//4996 4994//4994
f 4045//4045 4046//4046 1720//1720
f 377//377 406//406 408//408
f 406//406 7081//7081 3492//3492
f 2412//2412 1143//1143 3594//3594
f 4982//4982 1143//1143 2392//2392
f 4116//4116 7244//7244 4929//4929
f 1054//1054 4116//4116 1055//1055
f 5522//5522 5523//5523 698//698
f 3028//3028 6181//6181 5522//5522
f 2361//2361 5936//5936 5938//5938
f 7240//7240 7241//7241 2374//2374
f 4747//4747 1008//1008 1010//1010
f 3598//3598 6409//6409 1008//1008
f 4402//4402 5239//5239 4405//4405
f 5239//5239 4402//4402 1101//1101
f 3530//3530 6107//6107 2038//2038
f 2038//2038 6469//6469 6470//6470
f 2216//2216 5001//5001 5606//5606
f 1048//1048 2216//2216 1469//1469
f 6141//6141 4923//4923 6180//6180
f 3157//3157 7245//7245 6180//6180
f 6502//6502 2570//2570 2769//2769
f 3641//3641 2769//2769 2570//2570
f 869//869 871//871 6376//6376
f 1060//1060 1062//1062 1064//1064
f 3412//3412 6482//6482 2210//2210
f 3412//3412 2210//2210 1364//1364
f 4431//4431 5668//5668 6448//6448
f 4431//4431 5669//5669 5668//5668
f 2945//2945 2942//2942 5561//5561
f 127//127 5127//5127 128//128
f 5288//5288 7099//7099 3954//3954
f 5288//5288 1337//1337 7099//7099
f 5614//5614 6111//6111 5615//5615
f 6111//6111 6113//6113 5615//5615
f 2431//2431 5848//5848 5847//5847
f 5847//5847 6044//6044 2431//2431
f 4277//4277 7246//7246 941//941
f 7246//7246 4764//4764 4767//4767
f 909//909 7247//7247 907//907
f 1982//1982 4778//4778 4777//4777
f 4071//4071 4068//4068 948//948
f 6460//6460 948//948 6451//6451
f 5359//5359 3069//3069 3071//3071
f 5358//5358 5359//5359 6126//6126
f 1786//1786 5512//5512 6408//6408
f 6408//6408 6407//6407 1786//1786
f 4566//4566 5613//5613 5614//5614
f 3053//3053 5614//5614 5613//5613
f 4893//4893 2215//2215 4778//4778
f 907//907 4777//4777 4778//4778
f 5763//5763 866//866 126//126
f 126//126 2941//2941 5763//5763
f 1282//1282 1281//1281 358//358
f 5949//5949 5951//5951 358//358
f 6818//6818 4290//4290 4289//4289
f 4260//4260 2805//2805 2804//2804
f 6219//6219 5211//5211 5210//5210
f 6219//6219 5210//5210 2424//2424
f 3052//3052 6111//6111 3053//3053
f 6111//6111 5614//5614 3053//3053
f 6917//6917 4075//4075 2303//2303
f 4076//4076 4075//4075 6917//6917
f 1501//1501 2353//2353 2352//2352
f 6613//6613 1501//1501 6838//6838
f 7148//7148 3019//3019 7248//7248
f 7248//7248 7149//7149 7148//7148
f 1092//1092 1091//1091 4299//4299
f 6148//6148 3101//3101 3103//3103
f 5396//5396 6468//6468 5393//5393
f 3797//3797 136//136 3798//3798
f 684//684 4509//4509 1255//1255
f 1678//1678 1255//1255 4509//4509
f 770//770 7249//7249 771//771
f 770//770 4232//4232 7249//7249
f 1910//1910 6128//6128 986//986
f 5466//5466 1910//1910 986//986
f 4141//4141 3934//3934 1760//1760
f 4141//4141 3428//3428 3934//3934
f 2433//2433 3901//3901 3900//3900
f 2433//2433 4962//4962 3901//3901
f 1831//1831 378//378 6695//6695
f 6222//6222 3094//3094 4129//4129
f 5396//5396 5393//5393 136//136
f 5395//5395 5396//5396 136//136
f 518//518 6215//6215 52//52
f 6956//6956 52//52 6215//6215
f 5092//5092 5091//5091 6866//6866
f 3385//3385 6866//6866 5091//5091
f 2114//2114 1533//1533 2115//2115
f 1533//1533 5836//5836 2115//2115
f 2628//2628 6518//6518 5623//5623
f 4618//4618 292//292 291//291
f 1052//1052 5944//5944 5946//5946
f 5946//5946 6961//6961 1052//1052
f 2795//2795 6124//6124 39//39
f 5084//5084 3485//3485 39//39
f 7250//7250 7030//7030 7002//7002
f 7250//7250 7002//7002 6368//6368
f 5729//5729 730//730 4719//4719
f 730//730 86//86 85//85
f 1527//1527 3942//3942 589//589
f 589//589 3942//3942 590//590
f 5875//5875 2280//2280 5470//5470
f 2577//2577 3455//3455 2280//2280
f 5838//5838 5837//5837 2960//2960
f 1533//1533 2960//2960 5837//5837
f 1337//1337 4274//4274 1334//1334
f 1334//1334 4274//4274 4273//4273
f 3950//3950 2756//2756 157//157
f 6413//6413 1583//1583 5771//5771
f 1051//1051 2676//2676 6746//6746
f 1051//1051 6746//6746 1239//1239
f 2025//2025 2471//2471 5063//5063
f 5062//5062 2026//2026 2025//2025
f 7251//7251 6353//6353 233//233
f 5710//5710 5157//5157 2325//2325
f 1502//1502 6075//6075 6074//6074
f 6074//6074 4011//4011 1502//1502
f 5145//5145 1529//1529 2116//2116
f 126//126 2116//2116 127//127
f 5770//5770 2538//2538 5771//5771
f 5770//5770 5772//5772 2538//2538
f 4414//4414 3786//3786 697//697
f 4414//4414 1771//1771 1770//1770
f 2070//2070 6551//6551 4082//4082
f 2070//2070 4082//4082 2068//2068
f 5062//5062 2025//2025 5063//5063
f 5063//5063 5080//5080 5062//5062
f 4991//4991 6863//6863 4993//4993
f 4993//4993 4979//4979 4991//4991
f 3313//3313 4265//4265 3314//3314
f 5111//5111 6802//6802 4265//4265
f 1685//1685 1994//1994 6770//6770
f 1685//1685 3681//3681 5830//5830
f 5710//5710 2325//2325 7252//7252
f 6159//6159 233//233 6160//6160
f 4813//4813 4936//4936 1684//1684
f 1684//1684 4936//4936 410//410
f 6702//6702 1167//1167 1193//1193
f 6702//6702 1193//1193 5757//5757
f 4992//4992 5028//5028 4979//4979
f 4992//4992 4979//4979 4993//4993
f 7253//7253 4515//4515 334//334
f 4513//4513 7253//7253 7034//7034
f 7254//7254 403//403 405//405
f 6697//6697 6110//6110 5661//5661
f 6419//6419 2183//2183 2187//2187
f 2183//2183 2185//2185 2187//2187
f 6772//6772 2331//2331 418//418
f 418//418 2331//2331 419//419
f 4191//4191 2148//2148 5299//5299
f 2148//2148 524//524 5299//5299
f 2325//2325 6352//6352 6351//6351
f 7251//7251 7252//7252 2325//2325
f 4514//4514 7055//7055 334//334
f 4514//4514 334//334 4515//4515
f 2296//2296 3874//3874 3875//3875
f 2293//2293 2296//2296 3875//3875
f 5877//5877 4510//4510 3585//3585
f 2258//2258 5877//5877 3585//3585
f 6202//6202 4127//4127 407//407
f 4127//4127 4126//4126 407//407
f 1466//1466 1112//1112 1467//1467
f 1112//1112 3700//3700 5855//5855
f 263//263 5075//5075 2292//2292
f 7255//7255 2294//2294 5075//5075
f 7116//7116 6566//6566 1644//1644
f 1423//1423 1425//1425 1644//1644
f 420//420 4310//4310 3045//3045
f 3045//3045 4310//4310 4177//4177
f 7256//7256 2694//2694 210//210
f 7256//7256 210//210 7257//7257
f 5137//5137 5135//5135 6265//6265
f 6264//6264 5137//5137 6265//6265
f 6109//6109 4128//4128 4127//4127
f 1330//1330 6109//6109 6211//6211
f 6795//6795 3700//3700 1112//1112
f 3146//3146 4723//4723 6795//6795
f 2539//2539 2538//2538 3291//3291
f 3291//3291 4672//4672 2539//2539
f 7257//7257 210//210 209//209
f 7257//7257 209//209 1268//1268
f 5454//5454 7127//7127 5823//5823
f 5454//5454 5823//5823 941//941
f 7026//7026 7025//7025 263//263
f 7258//7258 1717//1717 2260//2260
f 2993//2993 4100//4100 4102//4102
f 2993//2993 2417//2417 2421//2421
f 762//762 2450//2450 6355//6355
f 2450//2450 1459//1459 1458//1458
f 3416//3416 6508//6508 5005//5005
f 3416//3416 5006//5006 6508//6508
f 2468//2468 5364//5364 6238//6238
f 6641//6641 7259//7259 3618//3618
f 5932//5932 3120//3120 3119//3119
f 3119//3119 4529//4529 4530//4530
f 1458//1458 7260//7260 6356//6356
f 2450//2450 1458//1458 6355//6355
f 5678//5678 1071//1071 5297//5297
f 5679//5679 1268//1268 5680//5680
f 5772//5772 5770//5770 5780//5780
f 3292//3292 3294//3294 3295//3295
f 107//107 2370//2370 105//105
f 5482//5482 2933//2933 105//105
f 6293//6293 4951//4951 4952//4952
f 4736//4736 4951//4951 4734//4734
f 4611//4611 4610//4610 2867//2867
f 2865//2865 2867//2867 4608//4608
f 1746//1746 6057//6057 1744//1744
f 6057//6057 1746//1746 3296//3296
f 4889//4889 4888//4888 1511//1511
f 4889//4889 6373//6373 4888//4888
f 5697//5697 5482//5482 2370//2370
f 5482//5482 105//105 2370//2370
f 5926//5926 6945//6945 1966//1966
f 6356//6356 7260//7260 6369//6369
f 4654//4654 1508//1508 1489//1489
f 229//229 1509//1509 1508//1508
f 2794//2794 2444//2444 4542//4542
f 2794//2794 1955//1955 2444//2444
f 7261//7261 997//997 999//999
f 2968//2968 999//999 2969//2969
f 486//486 1624//1624 1626//1626
f 4499//4499 4498//4498 2951//2951
f 4748//4748 1096//1096 1095//1095
f 4748//4748 2345//2345 1096//1096
f 7262//7262 5026//5026 3535//3535
f 5025//5025 709//709 708//708
f 6613//6613 734//734 1016//1016
f 1016//1016 734//734 1014//1014
f 2891//2891 2893//2893 2889//2889
f 7263//7263 6824//6824 6825//6825
f 6761//6761 3062//3062 3061//3061
f 6761//6761 6595//6595 3062//3062
f 1888//1888 1624//1624 2989//2989
f 488//488 1624//1624 486//486
f 2336//2336 6283//6283 4475//4475
f 4475//4475 4474//4474 4477//4477
f 3335//3335 4168//4168 4808//4808
f 5438//5438 4808//4808 4168//4168
f 464//464 4209//4209 1672//1672
f 464//464 1672//1672 2320//2320
f 5879//5879 32//32 190//190
f 3212//3212 190//190 32//32
f 4259//4259 7262//7262 3535//3535
f 4259//4259 3535//3535 4257//4257
f 2015//2015 5402//5402 5401//5401
f 2015//2015 5853//5853 5402//5402
f 1763//1763 4512//4512 1761//1761
f 4512//4512 1764//1764 1877//1877
f 5680//5680 1268//1268 1071//1071
f 1071//1071 1268//1268 1267//1267
f 6283//6283 2426//2426 6284//6284
f 2336//2336 2426//2426 6283//6283
f 1319//1319 4164//4164 2848//2848
f 1319//1319 2155//2155 2157//2157
f 1647//1647 3501//3501 7264//7264
f 3645//3645 1647//1647 790//790
f 6456//6456 7265//7265 2046//2046
f 3508//3508 2405//2405 2403//2403
f 2697//2697 4517//4517 2698//2698
f 4517//4517 6121//6121 2698//2698
f 5879//5879 5869//5869 7193//7193
f 5151//5151 5879//5879 5870//5870
f 4449//4449 7027//7027 7266//7266
f 7266//7266 7027//7027 7267//7267
f 2392//2392 2394//2394 1140//1140
f 1140//1140 4982//4982 2392//2392
f 4355//4355 1411//1411 1413//1413
f 7268//7268 769//769 4593//4593
f 4711//4711 1621//1621 1623//1623
f 3538//3538 4711//4711 2719//2719
f 790//790 7264//7264 4527//4527
f 1647//1647 7264//7264 790//790
f 4963//4963 6328//6328 6329//6329
f 4962//4962 4963//4963 3902//3902
f 6426//6426 3366//3366 6424//6424
f 6424//6424 3366//3366 2806//2806
f 6779//6779 1326//1326 7269//7269
f 1326//1326 6779//6779 6778//6778
f 1802//1802 4470//4470 3820//3820
f 4470//4470 1802//1802 1804//1804
f 6056//6056 5249//5249 6055//6055
f 6055//6055 2733//2733 320//320
f 6634//6634 6635//6635 2719//2719
f 2719//2719 4709//4709 6634//6634
f 627//627 5130//5130 2393//2393
f 2395//2395 2396//2396 5130//5130
f 6329//6329 6328//6328 287//287
f 7005//7005 287//287 5399//5399
f 5918//5918 4692//4692 2576//2576
f 2760//2760 1391//1391 1174//1174
f 3542//3542 1195//1195 4471//4471
f 1195//1195 2546//2546 3488//3488
f 2845//2845 194//194 1545//1545
f 1546//1546 1545//1545 194//194
f 5914//5914 3977//3977 3976//3976
f 3976//3976 3281//3281 5914//5914
f 1426//1426 1992//1992 931//931
f 4992//4992 931//931 5028//5028
f 6958//6958 7243//7243 6247//6247
f 6957//6957 2421//2421 6958//6958
f 2396//2396 7239//7239 3133//3133
f 2396//2396 3133//3133 3135//3135
f 1875//1875 1874//1874 7013//7013
f 1875//1875 7013//7013 7016//7016
f 3905//3905 7270//7270 3491//3491
f 3908//3908 7270//7270 3905//3905
f 4686//4686 4760//4760 809//809
f 1515//1515 4687//4687 4686//4686
f 4574//4574 1714//1714 4577//4577
f 7255//7255 5075//5075 4574//4574
f 6144//6144 5575//5575 5573//5573
f 498//498 5099//5099 1630//1630
f 867//867 866//866 3300//3300
f 3300//3300 866//866 3301//3301
f 2752//2752 6940//6940 5524//5524
f 2752//2752 5524//5524 2750//2750
f 2163//2163 7016//7016 7013//7013
f 2949//2949 4607//4607 4606//4606
f 2732//2732 2898//2898 1808//1808
f 4540//4540 1490//1490 1808//1808
f 7082//7082 3908//3908 3905//3905
f 870//870 3908//3908 7082//7082
f 5394//5394 5705//5705 6803//6803
f 3215//3215 6803//6803 5705//5705
f 220//220 1892//1892 218//218
f 218//218 5673//5673 2699//2699
f 1326//1326 6778//6778 7271//7271
f 1326//1326 7271//7271 1327//1327
f 102//102 2908//2908 2909//2909
f 102//102 2543//2543 2908//2908
f 7272//7272 3731//3731 826//826
f 2233//2233 6754//6754 3732//3732
f 4518//4518 1935//1935 1934//1934
f 174//174 4518//4518 1934//1934
f 247//247 3955//3955 4273//4273
f 3955//3955 1335//1335 4273//4273
f 7253//7253 334//334 336//336
f 7253//7253 336//336 3720//3720
f 5634//5634 7273//7273 473//473
f 473//473 7273//7273 471//471
f 6778//6778 3038//3038 3037//3037
f 6778//6778 3037//3037 7271//7271
f 3791//3791 4394//4394 4391//4391
f 2023//2023 3791//3791 2024//2024
f 897//897 5602//5602 6377//6377
f 6377//6377 5602//5602 4167//4167
f 831//831 6553//6553 835//835
f 831//831 835//835 95//95
f 5634//5634 3666//3666 493//493
f 7273//7273 5634//5634 493//493
f 6802//6802 4263//4263 4265//4265
f 6802//6802 6938//6938 4263//4263
f 2787//2787 2786//2786 1601//1601
f 1599//1599 1601//1601 7274//7274
f 7275//7275 3791//3791 2023//2023
f 7275//7275 2023//2023 3350//3350
f 226//226 225//225 2316//2316
f 5015//5015 2316//2316 5352//5352
f 1436//1436 3305//3305 592//592
f 6428//6428 1433//1433 6429//6429
f 7276//7276 3608//3608 6906//6906
f 3315//3315 3314//3314 6906//6906
f 6463//6463 3674//3674 3672//3672
f 2820//2820 2573//2573 6463//6463
f 2850//2850 5462//5462 6081//6081
f 2849//2849 5462//5462 2850//2850
f 5571//5571 6292//6292 1997//1997
f 1997//1997 6292//6292 700//700
f 4819//4819 4818//4818 6155//6155
f 4819//4819 4823//4823 5849//5849
f 1496//1496 5363//5363 3926//3926
f 1496//1496 2738//2738 6341//6341
f 1293//1293 1292//1292 3203//3203
f 3203//3203 1292//1292 7122//7122
f 2635//2635 5148//5148 7155//7155
f 5148//5148 2635//2635 4238//4238
f 6467//6467 417//417 4276//4276
f 6467//6467 4276//4276 7024//7024
f 2779//2779 7277//7277 2780//2780
f 2779//2779 4347//4347 7277//7277
f 1216//1216 4713//4713 1217//1217
f 3481//3481 4713//4713 1216//1216
f 578//578 2526//2526 2938//2938
f 2938//2938 2940//2940 578//578
f 7198//7198 7199//7199 1426//1426
f 7278//7278 4548//4548 4550//4550
f 2726//2726 3521//3521 3324//3324
f 3324//3324 7173//7173 2726//2726
f 4260//4260 6818//6818 2805//2805
f 6818//6818 4260//4260 4262//4262
f 1959//1959 7142//7142 3248//3248
f 1959//1959 3248//3248 1960//1960
f 7279//7279 4900//4900 2372//2372
f 7280//7280 5519//5519 5518//5518
f 5337//5337 6439//6439 1187//1187
f 5337//5337 1187//1187 5330//5330
f 1213//1213 3481//3481 1214//1214
f 6489//6489 3481//3481 1213//1213
f 4148//4148 118//118 1778//1778
f 118//118 4151//4151 119//119
f 2252//2252 2251//2251 250//250
f 2252//2252 250//250 5957//5957
f 5866//5866 4548//4548 7278//7278
f 5866//5866 2636//2636 4548//4548
f 6916//6916 6915//6915 6914//6914
f 1809//1809 1811//1811 2894//2894
f 2368//2368 5319//5319 2369//2369
f 2073//2073 5319//5319 2368//2368
f 4207//4207 463//463 5216//5216
f 5216//5216 463//463 3128//3128
f 5574//5574 5592//5592 1631//1631
f 5574//5574 1631//1631 1630//1630
f 4437//4437 1277//1277 1279//1279
f 6132//6132 1277//1277 4437//4437
f 175//175 2866//2866 2865//2865
f 175//175 4777//4777 2866//2866
f 3272//3272 4487//4487 3273//3273
f 3272//3272 5360//5360 5647//5647
f 4526//4526 4885//4885 6457//6457
f 6457//6457 6450//6450 4526//4526
f 3565//3565 1809//1809 2894//2894
f 7077//7077 7080//7080 5909//5909
f 5905//5905 4558//4558 5629//5629
f 5629//5629 392//392 3077//3077
f 266//266 268//268 1707//1707
f 1707//1707 268//268 6028//6028
f 4054//4054 1923//1923 1922//1922
f 1922//1922 5067//5067 4054//4054
f 1538//1538 6471//6471 1539//1539
f 3191//3191 3192//3192 1538//1538
f 214//214 213//213 6931//6931
f 3868//3868 3785//3785 6354//6354
f 3245//3245 5945//5945 5947//5947
f 6626//6626 3245//3245 5947//5947
f 3415//3415 7167//7167 133//133
f 3414//3414 7167//7167 3415//3415
f 1735//1735 3614//3614 1736//1736
f 2268//2268 2270//2270 7281//7281
f 6324//6324 3388//3388 1574//1574
f 6976//6976 3388//3388 6324//6324
f 392//392 5629//5629 5628//5628
f 5628//5628 5630//5630 392//392
f 7282//7282 4741//4741 3369//3369
f 4741//4741 6555//6555 4748//4748
f 6386//6386 1977//1977 1979//1979
f 6386//6386 860//860 3162//3162
f 2932//2932 2683//2683 782//782
f 1178//1178 1896//1896 1179//1179
f 5842//5842 682//682 5843//5843
f 5536//5536 6340//6340 682//682
f 1596//1596 1599//1599 803//803
f 4785//4785 803//803 4786//4786
f 1269//1269 4250//4250 5727//5727
f 4908//4908 5727//5727 4250//4250
f 5177//5177 5179//5179 5195//5195
f 5179//5179 2643//2643 5671//5671
f 2344//2344 4741//4741 7283//7283
f 2344//2344 7283//7283 2342//2342
f 1574//1574 6315//6315 6324//6324
f 6315//6315 1574//1574 5099//5099
f 3186//3186 4034//4034 3183//3183
f 3187//3187 3186//3186 3183//3183
f 6367//6367 5491//5491 5490//5490
f 360//360 3020//3020 358//358
f 5335//5335 959//959 961//961
f 5335//5335 5334//5334 959//959
f 6808//6808 988//988 5395//5395
f 6213//6213 2548//2548 1756//1756
f 4335//4335 1705//1705 3373//3373
f 3373//3373 4334//4334 4335//4335
f 2327//2327 7283//7283 2328//2328
f 4741//4741 7282//7282 7283//7283
f 5982//5982 4645//4645 5980//5980
f 4624//4624 4623//4623 1075//1075
f 1690//1690 6705//6705 2614//2614
f 829//829 2614//2614 2616//2616
f 6905//6905 4589//4589 16//16
f 6225//6225 4967//4967 6847//6847
f 371//371 72//72 5880//5880
f 72//72 2287//2287 4971//4971
f 5751//5751 347//347 1332//1332
f 5751//5751 3490//3490 7284//7284
f 7285//7285 636//636 5244//5244
f 7285//7285 3633//3633 3632//3632
f 6213//6213 1756//1756 988//988
f 988//988 1756//1756 1758//1758
f 1203//1203 5308//5308 5260//5260
f 1203//1203 5260//5260 1204//1204
f 72//72 371//371 73//73
f 371//371 1585//1585 4671//4671
f 1346//1346 5436//5436 2160//2160
f 4606//4606 1346//1346 2160//2160
f 4688//4688 5954//5954 4760//4760
f 6330//6330 4053//4053 4688//4688
f 3445//3445 5850//5850 1665//1665
f 3443//3443 3445//3445 166//166
f 5477//5477 521//521 2145//2145
f 6127//6127 2145//2145 3110//3110
f 2860//2860 2429//2429 2861//2861
f 6044//6044 2490//2490 6043//6043
f 3819//3819 3818//3818 3815//3815
f 4746//4746 4745//4745 3818//3818
f 3522//3522 585//585 5534//5534
f 2728//2728 97//97 585//585
f 6968//6968 1308//1308 167//167
f 6968//6968 167//167 6967//6967
f 6804//6804 6805//6805 4635//4635
f 5718//5718 4635//4635 6805//6805
f 5212//5212 1659//1659 4818//4818
f 5212//5212 4651//4651 2741//2741
f 3035//3035 5570//5570 1221//1221
f 5446//5446 3035//3035 5447//5447
f 5477//5477 2145//2145 6127//6127
f 1419//1419 5477//5477 6127//6127
f 4233//4233 4746//4746 3818//3818
f 4233//4233 6626//6626 4746//4746
f 3698//3698 3148//3148 3260//3260
f 3260//3260 3148//3148 4803//4803
f 1181//1181 5266//5266 4960//4960
f 7221//7221 4960//4960 2256//2256
f 168//168 167//167 1308//1308
f 168//168 1308//1308 7151//7151
f 7263//7263 6825//6825 2080//2080
f 3619//3619 6824//6824 7263//7263
f 7286//7286 4176//4176 3044//3044
f 4176//4176 7286//7286 3045//3045
f 5446//5446 7125//7125 3035//3035
f 7124//7124 7125//7125 1291//1291
f 1456//1456 6759//6759 2812//2812
f 619//619 2812//2812 617//617
f 1823//1823 7287//7287 5644//5644
f 1823//1823 914//914 7287//7287
f 2678//2678 6383//6383 6385//6385
f 5118//5118 6383//6383 5119//5119
f 4805//4805 4803//4803 7288//7288
f 3321//3321 7288//7288 3147//3147
f 94//94 5621//5621 832//832
f 831//831 94//94 832//832
f 2558//2558 3119//3119 3118//3118
f 1691//1691 2558//2558 3118//3118
f 680//680 2035//2035 4525//4525
f 4481//4481 680//680 2032//2032
f 7124//7124 1291//1291 2408//2408
f 7133//7133 2408//2408 2406//2406
f 1719//1719 1721//1721 3172//3172
f 3581//3581 5906//5906 3172//3172
f 6383//6383 2678//2678 5119//5119
f 1235//1235 2678//2678 4165//4165
f 7289//7289 7107//7107 503//503
f 503//503 720//720 4862//4862
f 7101//7101 6653//6653 7100//7100
f 6653//6653 658//658 660//660
f 6895//6895 969//969 968//968
f 968//968 6894//6894 6895//6895
f 3954//3954 1629//1629 5288//5288
f 1627//1627 1629//1629 3954//3954
f 1290//1290 7290//7290 3010//3010
f 5445//5445 7291//7291 7290//7290
f 3446//3446 2111//2111 3447//3447
f 2111//2111 6676//6676 3447//3447
f 6660//6660 4214//4214 221//221
f 1057//1057 221//221 4214//4214
f 4396//4396 4970//4970 4397//4397
f 5333//5333 4970//4970 2287//2287
f 6734//6734 6736//6736 1651//1651
f 7017//7017 7018//7018 6736//6736
f 3856//3856 7242//7242 3855//3855
f 3854//3854 3856//3856 3855//3855
f 3446//3446 6699//6699 2112//2112
f 2112//2112 2111//2111 3446//3446
f 1290//1290 1289//1289 7290//7290
f 7290//7290 1289//1289 5445//5445
f 2248//2248 2250//2250 5963//5963
f 2248//2248 5963//5963 6716//6716
f 7292//7292 1759//1759 4580//4580
f 1759//1759 6516//6516 7293//7293
f 7263//7263 2080//2080 3619//3619
f 3619//3619 2080//2080 1059//1059
f 7294//7294 6740//6740 3257//3257
f 3256//3256 7294//7294 3257//3257
f 3769//3769 6458//6458 3771//3771
f 6067//6067 2067//2067 6458//6458
f 6446//6446 1102//1102 4640//4640
f 4637//4637 4640//4640 1102//1102
f 6193//6193 7290//7290 7291//7291
f 3012//3012 6193//6193 3013//3013
f 6274//6274 460//460 5515//5515
f 461//461 460//460 462//462
f 5963//5963 352//352 2802//2802
f 353//353 352//352 5963//5963
f 4006//4006 2040//2040 6107//6107
f 6469//6469 2040//2040 2042//2042
f 6430//6430 4120//4120 4124//4124
f 6430//6430 1169//1169 6431//6431
f 1439//1439 2703//2703 5521//5521
f 2987//2987 2986//2986 6181//6181
f 71//71 70//70 3302//3302
f 71//71 3302//3302 7186//7186
f 7295//7295 6994//6994 4300//4300
f 7295//7295 4300//4300 3102//3102
f 5418//5418 7296//7296 6609//6609
f 5418//5418 6091//6091 4017//4017
f 4407//4407 4409//4409 5224//5224
f 3015//3015 4407//4407 3016//3016
f 6274//6274 462//462 460//460
f 462//462 6274//6274 463//463
f 337//337 339//339 3551//3551
f 339//339 2595//2595 1805//1805
f 3248//3248 3247//3247 7007//7007
f 2773//2773 3247//3247 6580//6580
f 1344//1344 1343//1343 1018//1018
f 1018//1018 5703//5703 5690//5690
f 2509//2509 101//101 100//100
f 3789//3789 7047//7047 2143//2143
f 3688//3688 4001//4001 2927//2927
f 1584//1584 956//956 3687//3687
f 6592//6592 4622//4622 4621//4621
f 4622//4622 6592//6592 1124//1124
f 461//461 3939//3939 459//459
f 5233//5233 3939//3939 461//461
f 7297//7297 889//889 4346//4346
f 7297//7297 2278//2278 2277//2277
f 2213//2213 3196//3196 2214//2214
f 2213//2213 3342//3342 3196//3196
f 3552//3552 3551//3551 1807//1807
f 3552//3552 1807//1807 1035//1035
f 5690//5690 1344//1344 1018//1018
f 5690//5690 3049//3049 1344//1344
f 5517//5517 2508//2508 3788//3788
f 3788//3788 2508//2508 7047//7047
f 6855//6855 4887//4887 1945//1945
f 6855//6855 1945//1945 4162//4162
f 7238//7238 3939//3939 7298//7298
f 7238//7238 7298//7298 464//464
f 5795//5795 887//887 889//889
f 1657//1657 2742//2742 7299//7299
f 5155//5155 3582//3582 7300//7300
f 1654//1654 3582//3582 5153//5153
f 3615//3615 3040//3040 6595//6595
f 3615//3615 6714//6714 6710//6710
f 4541//4541 4542//4542 2444//2444
f 4541//4541 3484//3484 4542//4542
f 1330//1330 3510//3510 1329//1329
f 1329//1329 5992//5992 6002//6002
f 5418//5418 4015//4015 7296//7296
f 4015//4015 4014//4014 2906//2906
f 6561//6561 1111//1111 5990//5990
f 5207//5207 20//20 3320//3320
f 4730//4730 1151//1151 5229//5229
f 5229//5229 1151//1151 249//249
f 4293//4293 645//645 4294//4294
f 3080//3080 5508//5508 4294//4294
f 7299//7299 5795//5795 7301//7301
f 1658//1658 7301//7301 5795//5795
f 4601//4601 5841//5841 5844//5844
f 3747//3747 3744//3744 3423//3423
f 2580//2580 6287//6287 4835//4835
f 6287//6287 2580//2580 3455//3455
f 5815//5815 2855//2855 919//919
f 2855//2855 2065//2065 919//919
f 2333//2333 445//445 4235//4235
f 4235//4235 445//445 5540//5540
f 3723//3723 3724//3724 2870//2870
f 3220//3220 2869//2869 2870//2870
f 4411//4411 2074//2074 4427//4427
f 2074//2074 2826//2826 2075//2075
f 1196//1196 1195//1195 3542//3542
f 961//961 1196//1196 3542//3542
f 3744//3744 5525//5525 5841//5841
f 3744//3744 5841//5841 4601//4601
f 4831//4831 181//181 5994//5994
f 179//179 181//181 4831//4831
f 5572//5572 7302//7302 46//46
f 7302//7302 4898//4898 46//46
f 292//292 6518//6518 2628//2628
f 290//290 292//292 2628//2628
f 6589//6589 5020//5020 3724//3724
f 2870//2870 3724//3724 5020//5020
f 2493//2493 1425//1425 1424//1424
f 1424//1424 4550//4550 2493//2493
f 2074//2074 4411//4411 2826//2826
f 2826//2826 4411//4411 2827//2827
f 1677//1677 2871//2871 1926//1926
f 1926//1926 1925//1925 1677//1677
f 1174//1174 1392//1392 1172//1172
f 7303//7303 1392//1392 2535//2535
f 1245//1245 7304//7304 4348//4348
f 1245//1245 4348//4348 1246//1246
f 5904//5904 1815//1815 3685//3685
f 1815//1815 5904//5904 5903//5903
f 2460//2460 2459//2459 5448//5448
f 2460//2460 5448//5448 5450//5450
f 5213//5213 6115//6115 3453//3453
f 3454//3454 6116//6116 6115//6115
f 5925//5925 5483//5483 2173//2173
f 2173//2173 5483//5483 5765//5765
f 644//644 646//646 6072//6072
f 6072//6072 5408//5408 644//644
f 1173//1173 1172//1172 6266//6266
f 6257//6257 6256//6256 1173//1173
f 7159//7159 5282//5282 1281//1281
f 7039//7039 5645//5645 5282//5282
f 2532//2532 2536//2536 2819//2819
f 2573//2573 2819//2819 2574//2574
f 4641//4641 5126//5126 4642//4642
f 4642//4642 5126//5126 5125//5125
f 1180//1180 4237//4237 1178//1178
f 4255//4255 4253//4253 1180//1180
f 1936//1936 1935//1935 5220//5220
f 1936//1936 5220//5220 5814//5814
f 2581//2581 1115//1115 1114//1114
f 4722//4722 1115//1115 2581//2581
f 673//673 3078//3078 645//645
f 7220//7220 3078//3078 673//673
f 1867//1867 1869//1869 1421//1421
f 1421//1421 3658//3658 3657//3657
f 1738//1738 2037//2037 2039//2039
f 1738//1738 4838//4838 2037//2037
f 1592//1592 6259//6259 3083//3083
f 6657//6657 4391//4391 1592//1592
f 7305//7305 3676//3676 3675//3675
f 7306//7306 7305//7305 3675//3675
f 4018//4018 7307//7307 5488//5488
f 922//922 7307//7307 923//923
f 4715//4715 1960//1960 7009//7009
f 4715//4715 7011//7011 7008//7008
f 6459//6459 2349//2349 2351//2351
f 2351//2351 1206//1206 4103//4103
f 2135//2135 2766//2766 3297//3297
f 2135//2135 2136//2136 2203//2203
f 1781//1781 1780//1780 4203//4203
f 7088//7088 2016//2016 4203//4203
f 1738//1738 4890//4890 4838//4838
f 6908//6908 4838//4838 4890//4890
f 1615//1615 6262//6262 4792//4792
f 3675//3675 3678//3678 7306//7306
f 4887//4887 1946//1946 1945//1945
f 4887//4887 1754//1754 6643//6643
f 443//443 5267//5267 148//148
f 3933//3933 1557//1557 443//443
f 7308//7308 6767//6767 2351//2351
f 4106//4106 2351//2351 2349//2349
f 5423//5423 3083//3083 3596//3596
f 4393//4393 3083//3083 6259//6259
f 598//598 7309//7309 599//599
f 7309//7309 4801//4801 6692//6692
f 997//997 7050//7050 998//998
f 7050//7050 997//997 331//331
f 5986//5986 4368//4368 4370//4370
f 4370//4370 6392//6392 3384//3384
f 5353//5353 5354//5354 842//842
f 7310//7310 842//842 5354//5354
f 629//629 4556//4556 3595//3595
f 629//629 631//631 4556//4556
f 4385//4385 7311//7311 4386//4386
f 7312//7312 7313//7313 7314//7314
f 3235//3235 3237//3237 1681//1681
f 6349//6349 1681//1681 6500//6500
f 5685//5685 3891//3891 3890//3890
f 6321//6321 5685//5685 3893//3893
f 5540//5540 5011//5011 2648//2648
f 4235//4235 5540//5540 2648//2648
f 2585//2585 2584//2584 7079//7079
f 3124//3124 2584//2584 5287//5287
f 599//599 3829//3829 3828//3828
f 7309//7309 6692//6692 599//599
f 4330//4330 878//878 880//880
f 4330//4330 5406//5406 6438//6438
f 6902//6902 4703//4703 4702//4702
f 6902//6902 4702//4702 552//552
f 4626//4626 4628//4628 58//58
f 58//58 4628//4628 59//59
f 5074//5074 5070//5070 5072//5072
f 2655//2655 3047//3047 5070//5070
f 6822//6822 7315//7315 7314//7314
f 7312//7312 7314//7314 7315//7315
f 3963//3963 2352//2352 2354//2354
f 2354//2354 6075//6075 3963//3963
f 3462//3462 1197//1197 3463//3463
f 1197//1197 6608//6608 3463//3463
f 684//684 5843//5843 682//682
f 5843//5843 684//684 1256//1256
f 6513//6513 3706//3706 7137//7137
f 6513//6513 6512//6512 3706//3706
f 5984//5984 299//299 1602//1602
f 5984//5984 1602//1602 3410//3410
f 4947//4947 1243//1243 5633//5633
f 4947//4947 5633//5633 4945//4945
f 1395//1395 6831//6831 5749//5749
f 5749//5749 4588//4588 1395//1395
f 3175//3175 911//911 3178//3178
f 7316//7316 7042//7042 7068//7068
f 4685//4685 6330//6330 4688//4688
f 6331//6331 1634//1634 6330//6330
f 5403//5403 2640//2640 6277//6277
f 7118//7118 6277//6277 2640//2640
f 4659//4659 4631//4631 4630//4630
f 4631//4631 2615//2615 2614//2614
f 1356//1356 1355//1355 1723//1723
f 5805//5805 1356//1356 1723//1723
f 1957//1957 2446//2446 1958//1958
f 2446//2446 6396//6396 1958//1958
f 6816//6816 6377//6377 6828//6828
f 6816//6816 6828//6828 6835//6835
f 655//655 2618//2618 1760//1760
f 2618//2618 655//655 2619//2619
f 203//203 6856//6856 6857//6857
f 2570//2570 6503//6503 2571//2571
f 6303//6303 6869//6869 1830//1830
f 7317//7317 6303//6303 3288//3288
f 4945//4945 1864//1864 1863//1863
f 1863//1863 4947//4947 4945//4945
f 4631//4631 4659//4659 2615//2615
f 6000//6000 2615//2615 4659//4659
f 351//351 4984//4984 6134//6134
f 351//351 2799//2799 4984//4984
f 5128//5128 5127//5127 1531//1531
f 4037//4037 5128//5128 1531//1531
f 5208//5208 2834//2834 2832//2832
f 2522//2522 4186//4186 5208//5208
f 1459//1459 4705//4705 2469//2469
f 2451//2451 4705//4705 1459//1459
f 3155//3155 4619//4619 3156//3156
f 4658//4658 4619//4619 3155//3155
f 3091//3091 5661//5661 3092//3092
f 7254//7254 5661//5661 6110//6110
f 1643//1643 1645//1645 1954//1954
f 1954//1954 1645//1645 5900//5900
f 7318//7318 2675//2675 7147//7147
f 6768//6768 3540//3540 7318//7318
f 1219//1219 6348//6348 1220//1220
f 1219//1219 5886//5886 6348//6348
f 6250//6250 2822//2822 6251//6251
f 6946//6946 2822//2822 6250//6250
f 731//731 13//13 15//15
f 5290//5290 3005//3005 5291//5291
f 1944//1944 1943//1943 2849//2849
f 1943//1943 158//158 2849//2849
f 5965//5965 6929//6929 1616//1616
f 5964//5964 6929//6929 5965//5965
f 5610//5610 1637//1637 7232//7232
f 950//950 7232//7232 1637//1637
f 1658//1658 5796//5796 6157//6157
f 5796//5796 2822//2822 6946//6946
f 685//685 6087//6087 2882//2882
f 2882//2882 1447//1447 685//685
f 7261//7261 2674//2674 997//997
f 7261//7261 2672//2672 2674//2674
f 7318//7318 3540//3540 3539//3539
f 7319//7319 2675//2675 7318//7318
f 5505//5505 5410//5410 1541//1541
f 5505//5505 765//765 2165//2165
f 3005//3005 5290//5290 4013//4013
f 1578//1578 4013//4013 2607//2607
f 526//526 187//187 2360//2360
f 526//526 2360//2360 616//616
f 5688//5688 2149//2149 1694//1694
f 5688//5688 1694//1694 5687//5687
f 3219//3219 6332//6332 6333//6333
f 2002//2002 3219//3219 2003//2003
f 3734//3734 3331//3331 3735//3735
f 6535//6535 6537//6537 1593//1593
f 2924//2924 2926//2926 1727//1727
f 2924//2924 1727//1727 5093//5093
f 1276//1276 2000//2000 1999//1999
f 1276//1276 108//108 110//110
f 120//120 4043//4043 121//121
f 5828//5828 121//121 4043//4043
f 1314//1314 6325//6325 6326//6326
f 6325//6325 1314//1314 2611//2611
f 3638//3638 6246//6246 6958//6958
f 2420//2420 3638//3638 6958//6958
f 7246//7246 123//123 941//941
f 7246//7246 124//124 123//123
f 1054//1054 1056//1056 4710//4710
f 6852//6852 4710//4710 1056//1056
f 992//992 4375//4375 1009//1009
f 4375//4375 1010//1010 1009//1009
f 5422//5422 3737//3737 5506//5506
f 3737//3737 5422//5422 1594//1594
f 5475//5475 4972//4972 2287//2287
f 4972//4972 5475//5475 6777//6777
f 4002//4002 2924//2924 5093//5093
f 4003//4003 4005//4005 4002//4002
f 4848//4848 7320//7320 1883//1883
f 1883//1883 2154//2154 4848//4848
f 7321//7321 6801//6801 580//580
f 6801//6801 578//578 580//580
f 1704//1704 1702//1702 5479//5479
f 5845//5845 1705//1705 1704//1704
f 2380//2380 4311//4311 5759//5759
f 5759//5759 7114//7114 2380//2380
f 6491//6491 7322//7322 5559//5559
f 5627//5627 5626//5626 6962//6962
f 1275//1275 3693//3693 2000//2000
f 1276//1276 1275//1275 2000//2000
f 1405//1405 2946//2946 1406//1406
f 1405//1405 2944//2944 2946//2946
f 5506//5506 3737//3737 4297//4297
f 5506//5506 4297//4297 6534//6534
f 5479//5479 5480//5480 5845//5845
f 5479//5479 5845//5845 1704//1704
f 1240//1240 2580//2580 7321//7321
f 1240//1240 7321//7321 580//580
f 6479//6479 4395//4395 146//146
f 6479//6479 146//146 2289//2289
f 4600//4600 5898//5898 2494//2494
f 2494//2494 4578//4578 4600//4600
f 7112//7112 439//439 3754//3754
f 7112//7112 3754//3754 6757//6757
f 1421//1421 3657//3657 1867//1867
f 1419//1419 1418//1418 3657//3657
f 3054//3054 2646//2646 6689//6689
f 2646//2646 2//2 6689//6689
f 4834//4834 2285//2285 6801//6801
f 4834//4834 6801//6801 7321//7321
f 4536//4536 4534//4534 3266//3266
f 1381//1381 7028//7028 3266//3266
f 2703//2703 2705//2705 3031//3031
f 3031//3031 5521//5521 2703//2703
f 2686//2686 2688//2688 2690//2690
f 2690//2690 5988//5988 2686//2686
f 5329//5329 1202//1202 1131//1131
f 5329//5329 1131//1131 6557//6557
f 4484//4484 1690//1690 1689//1689
f 4484//4484 1689//1689 5969//5969
f 4110//4110 6046//6046 1868//1868
f 5034//5034 4107//4107 6046//6046
f 3641//3641 2569//2569 6342//6342
f 6342//6342 6084//6084 3641//3641
f 276//276 4088//4088 1331//1331
f 139//139 1331//1331 1556//1556
f 3160//3160 1975//1975 1974//1974
f 5911//5911 5912//5912 1974//1974
f 119//119 4150//4150 5988//5988
f 5988//5988 2690//2690 340//340
f 362//362 4202//4202 1468//1468
f 7121//7121 1468//1468 4202//4202
f 3296//3296 6286//6286 2763//2763
f 6286//6286 3296//3296 5861//5861
f 3637//3637 2438//2438 7323//7323
f 2422//2422 2424//2424 6223//6223
f 4843//4843 4842//4842 278//278
f 280//280 4843//4843 278//278
f 5907//5907 7078//7078 7195//7195
f 5907//5907 7195//7195 3372//3372
f 3110//3110 4457//4457 4563//4563
f 3110//3110 4563//4563 2146//2146
f 5305//5305 5307//5307 5281//5281
f 5281//5281 5307//5307 5282//5282
f 3026//3026 444//444 3024//3024
f 3026//3026 3024//3024 3023//3023
f 3651//3651 5432//5432 3646//3646
f 3646//3646 3649//3649 3651//3651
f 1101//1101 5120//5120 4212//4212
f 1099//1099 1101//1101 4212//4212
f 3713//3713 3715//3715 3739//3739
f 2478//2478 4506//4506 3713//3713
f 6993//6993 2791//2791 6682//6682
f 6993//6993 6682//6682 6683//6683
f 1489//1489 1488//1488 3637//3637
f 3637//3637 7323//7323 1489//1489
f 6834//6834 438//438 2634//2634
f 437//437 2634//2634 438//438
f 6566//6566 7116//7116 6724//6724
f 4977//4977 6566//6566 4978//4978
f 5652//5652 490//490 1697//1697
f 490//490 5651//5651 491//491
f 721//721 48//48 1098//1098
f 6858//6858 17//17 48//48
f 2712//2712 1904//1904 1903//1903
f 2712//2712 1903//1903 5424//5424
f 2988//2988 6717//6717 5902//5902
f 4800//4800 2988//2988 5902//5902
f 7324//7324 1612//1612 3402//3402
f 37//37 1612//1612 7324//7324
f 6156//6156 6155//6155 4818//4818
f 4818//4818 1659//1659 6156//6156
f 2919//2919 6443//6443 6009//6009
f 7138//7138 6443//6443 2919//2919
f 7325//7325 207//207 206//206
f 206//206 7326//7326 7325//7325
f 5077//5077 5078//5078 3387//3387
f 7327//7327 5078//5078 5775//5775
f 2714//2714 6593//6593 2712//2712
f 6593//6593 2714//2714 6594//6594
f 3529//3529 3528//3528 4838//4838
f 4838//4838 3528//3528 1026//1026
f 4425//4425 5755//5755 6620//6620
f 4425//4425 6620//6620 4423//4423
f 307//307 2284//2284 6013//6013
f 2284//2284 307//307 306//306
f 4436//4436 5644//5644 7287//7287
f 7287//7287 6131//6131 4436//4436
f 7328//7328 887//887 2742//2742
f 4790//4790 7328//7328 2742//2742
f 3778//3778 6900//6900 2519//2519
f 2519//2519 2520//2520 3778//3778
f 4703//4703 6978//6978 5719//5719
f 5040//5040 2201//2201 5719//5719
f 307//307 4222//4222 308//308
f 4208//4208 308//308 4222//4222
f 4911//4911 7329//7329 7044//7044
f 7044//7044 2639//2639 4911//4911
f 206//206 7330//7330 7326//7326
f 208//208 7330//7330 206//206
f 2410//2410 1612//1612 7331//7331
f 2410//2410 7331//7331 6123//6123
f 3572//3572 2356//2356 6728//6728
f 1573//1573 2356//2356 3572//3572
f 1354//1354 6147//6147 3727//3727
f 1405//1405 7332//7332 3725//3725
f 2824//2824 6249//6249 2821//2821
f 2821//2821 6251//6251 2822//2822
f 5326//5326 5325//5325 1208//1208
f 5326//5326 1208//1208 746//746
f 4423//4423 242//242 5720//5720
f 6620//6620 242//242 4423//4423
f 1724//1724 6082//6082 1725//1725
f 6093//6093 958//958 6082//6082
f 7045//7045 7044//7044 7329//7329
f 7050//7050 7045//7045 3194//3194
f 7287//7287 914//914 6131//6131
f 6131//6131 914//914 5893//5893
f 1176//1176 6544//6544 6448//6448
f 1854//1854 6165//6165 542//542
f 692//692 82//82 2067//2067
f 692//692 83//83 82//82
f 244//244 243//243 2171//2171
f 5002//5002 2171//2171 243//243
f 5568//5568 2439//2439 2441//2441
f 2440//2440 2439//2439 5568//5568
f 4633//4633 4768//4768 970//970
f 4633//4633 6805//6805 64//64
f 5960//5960 7161//7161 3022//3022
f 5960//5960 3022//3022 1282//1282
f 4616//4616 4303//4303 4302//4302
f 4319//4319 4616//4616 4302//4302
f 2565//2565 3263//3263 3262//3262
f 6020//6020 4841//4841 3262//3262
f 3044//3044 3043//3043 2344//2344
f 4741//4741 2344//2344 3043//3043
f 5816//5816 6118//6118 4070//4070
f 6118//6118 5816//5816 6240//6240
f 4074//4074 4756//4756 4075//4075
f 4354//4354 1411//1411 4355//4355
f 7161//7161 5891//5891 1822//1822
f 7161//7161 1822//1822 3022//3022
f 1220//1220 458//458 4752//4752
f 1220//1220 3063//3063 3065//3065
f 7333//7333 5835//5835 75//75
f 7333//7333 75//75 4324//4324
f 571//571 1191//1191 572//572
f 1191//1191 6238//6238 572//572
f 5054//5054 4841//4841 6020//6020
f 6480//6480 6019//6019 6018//6018
f 7244//7244 6162//6162 3564//3564
f 4116//4116 7334//7334 7244//7244
f 818//818 5134//5134 5133//5133
f 5132//5132 818//818 2560//2560
f 1156//1156 353//353 5955//5955
f 353//353 1156//1156 354//354
f 4417//4417 6238//6238 6641//6641
f 6641//6641 4418//4418 4417//4417
f 6357//6357 1062//1062 1061//1061
f 1062//1062 6357//6357 1064//1064
f 3761//3761 1034//1034 3762//3762
f 3761//3761 53//53 1034//1034
f 421//421 2435//2435 196//196
f 4358//4358 196//196 2435//2435
f 4885//4885 1150//1150 3339//3339
f 1149//1149 3339//3339 1150//1150
f 3658//3658 2586//2586 2588//2588
f 2586//2586 1420//1420 5147//5147
f 6258//6258 5920//5920 5800//5800
f 6258//6258 6616//6616 6615//6615
f 1962//1962 5223//5223 7038//7038
f 3018//3018 5223//5223 1962//1962
f 104//104 103//103 3487//3487
f 5044//5044 3464//3464 104//104
f 1765//1765 1764//1764 1763//1763
f 1764//1764 4512//4512 1763//1763
f 3339//3339 7100//7100 3337//3337
f 3337//3337 7335//7335 383//383
f 3070//3070 6305//6305 4064//4064
f 3069//3069 6305//6305 3070//3070
f 3029//3029 5590//5590 4933//4933
f 4443//4443 5590//5590 432//432
f 2632//2632 6375//6375 6372//6372
f 6375//6375 6358//6358 6372//6372
f 696//696 695//695 343//343
f 343//343 5100//5100 696//696
f 6441//6441 2842//2842 7207//7207
f 6441//6441 6440//6440 2842//2842
f 4793//4793 4914//4914 2749//2749
f 4914//4914 4793//4793 4915//4915
f 4011//4011 2604//2604 4012//4012
f 2604//2604 4011//4011 6074//6074
f 3407//3407 3405//3405 7168//7168
f 3408//3408 3407//3407 7168//7168
f 1576//1576 497//497 792//792
f 6316//6316 497//497 1576//1576
f 6716//6716 5963//5963 2802//2802
f 6716//6716 2802//2802 6717//6717
f 228//228 227//227 2598//2598
f 1505//1505 2598//2598 2596//2596
f 829//829 4036//4036 1690//1690
f 829//829 1690//1690 2614//2614
f 3005//3005 1577//1577 3003//3003
f 5322//5322 1577//1577 5318//5318
f 5429//5429 3467//3467 1606//1606
f 5429//5429 2765//2765 3467//3467
f 4412//4412 1027//1027 1026//1026
f 150//150 1027//1027 4412//4412
f 3452//3452 3451//3451 40//40
f 3452//3452 40//40 7075//7075
f 4245//4245 4246//4246 5204//5204
f 2503//2503 3860//3860 2502//2502
f 2375//2375 616//616 7336//7336
f 2360//2360 2359//2359 616//616
f 1505//1505 228//228 2598//2598
f 1505//1505 1507//1507 1509//1509
f 2980//2980 2982//2982 4913//4913
f 4913//4913 4553//4553 2980//2980
f 640//640 2999//2999 6826//6826
f 5343//5343 2999//2999 2998//2998
f 5423//5423 3081//3081 3083//3083
f 7220//7220 5423//5423 1594//1594
f 42//42 6756//6756 1088//1088
f 6756//6756 42//42 6445//6445
f 7235//7235 7234//7234 2375//2375
f 2375//2375 7336//7336 7235//7235
f 6880//6880 36//36 4322//4322
f 4320//4320 4322//4322 2839//2839
f 6222//6222 4129//4129 4131//4131
f 4131//4131 4009//4009 6222//6222
f 2130//2130 3189//3189 6935//6935
f 7337//7337 7218//7218 7217//7217
f 6050//6050 2083//2083 2082//2082
f 6050//6050 2082//2082 6049//6049
f 7338//7338 7339//7339 4912//4912
f 7340//7340 3193//3193 3195//3195
f 5937//5937 7336//7336 5938//5938
f 7336//7336 616//616 2359//2359
f 110//110 5421//5421 7127//7127
f 5421//5421 110//110 5419//5419
f 2874//2874 1775//1775 2875//2875
f 2875//2875 1775//1775 972//972
f 7341//7341 1205//1205 4119//4119
f 7060//7060 7062//7062 2896//2896
f 6496//6496 3349//3349 3348//3348
f 3348//3348 6498//6498 6496//6496
f 2064//2064 917//917 6862//6862
f 2064//2064 6862//6862 7191//7191
f 3403//3403 983//983 3404//3404
f 983//983 3403//3403 2119//2119
f 5554//5554 2839//2839 2838//2838
f 4320//4320 2839//2839 4321//4321
f 2666//2666 153//153 2885//2885
f 152//152 2887//2887 153//153
f 2890//2890 2083//2083 6493//6493
f 5822//5822 2083//2083 2890//2890
f 1112//1112 5855//5855 1467//1467
f 5855//5855 5856//5856 1467//1467
f 5608//5608 754//754 451//451
f 5608//5608 3002//3002 3001//3001
f 4005//4005 4004//4004 954//954
f 4005//4005 954//954 3295//3295
f 1416//1416 1415//1415 4354//4354
f 4354//4354 4756//4756 4074//4074
f 5014//5014 2693//2693 5012//5012
f 2691//2691 5014//5014 5012//5012
f 6940//6940 2790//2790 2789//2789
f 6941//6941 603//603 2697//2697
f 3731//3731 3774//3774 827//827
f 6846//6846 6845//6845 3774//3774
f 3380//3380 3379//3379 3378//3378
f 3379//3379 3380//3380 4434//4434
f 2717//2717 479//479 478//478
f 3243//3243 2717//2717 478//478
f 4093//4093 2750//2750 5565//5565
f 4091//4091 4093//4093 5565//5565
f 1491//1491 3371//3371 3370//3370
f 1491//1491 3370//3370 6617//6617
f 2720//2720 2224//2224 2226//2226
f 5163//5163 6970//6970 2720//2720
f 369//369 368//368 2240//2240
f 2240//2240 368//368 4171//4171
f 2281//2281 12//12 6618//6618
f 2281//2281 6618//6618 2873//2873
f 5240//5240 2920//2920 5242//5242
f 2921//2921 514//514 4066//4066
f 4113//4113 6652//6652 5105//5105
f 4113//4113 1650//1650 1649//1649
f 619//619 618//618 5089//5089
f 618//618 5764//5764 5089//5089
f 4969//4969 2398//2398 5941//5941
f 5941//5941 2487//2487 1167//1167
f 7014//7014 2161//2161 2163//2163
f 6578//6578 2161//2161 3978//3978
f 3461//3461 5310//5310 1953//1953
f 5312//5312 4595//4595 4594//4594
f 2234//2234 2235//2235 4485//4485
f 4486//4486 4485//4485 2235//2235
f 4225//4225 1674//1674 4221//4221
f 4221//4221 4226//4226 4225//4225
f 930//930 4171//4171 284//284
f 4171//4171 6791//6791 2240//2240
f 5052//5052 7005//7005 5053//5053
f 5052//5052 5053//5053 7342//7342
f 3692//3692 625//625 624//624
f 7046//7046 2917//2917 625//625
f 2161//2161 6578//6578 7343//7343
f 2161//2161 7343//7343 2162//2162
f 5941//5941 2398//2398 2487//2487
f 2398//2398 2400//2400 2487//2487
f 6511//6511 548//548 547//547
f 6511//6511 547//547 6821//6821
f 1542//1542 6198//6198 5970//5970
f 1542//1542 6184//6184 6198//6198
f 5287//5287 634//634 1536//1536
f 633//633 1536//1536 634//634
f 4324//4324 77//77 2157//2157
f 77//77 1319//1319 2157//2157
f 6009//6009 623//623 625//625
f 6010//6010 4121//4121 623//623
f 2057//2057 6244//6244 6317//6317
f 6243//6243 6244//6244 2057//2057
f 6812//6812 2911//2911 837//837
f 6812//6812 6811//6811 5529//5529
f 471//471 7273//7273 7178//7178
f 7178//7178 1561//1561 471//471
f 5752//5752 1571//1571 5738//5738
f 1571//1571 5752//5752 5872//5872
f 6916//6916 6914//6914 4538//4538
f 5140//5140 5142//5142 6916//6916
f 2504//2504 778//778 6954//6954
f 2504//2504 779//779 778//778
f 3192//3192 6471//6471 1538//1538
f 3192//3192 5287//5287 5222//5222
f 192//192 6446//6446 5276//5276
f 192//192 5276//5276 5275//5275
f 6519//6519 3576//3576 6387//6387
f 6387//6387 6388//6388 3573//3573
f 4773//4773 5956//5956 1152//1152
f 1152//1152 5956//5956 1153//1153
f 6914//6914 1811//1811 1810//1810
f 6914//6914 6915//6915 1811//1811
f 2911//2911 6812//6812 5529//5529
f 2911//2911 5529//5529 3864//3864
f 1618//1618 7135//7135 4738//4738
f 1618//1618 4735//4735 3396//3396
f 814//814 4850//4850 1315//1315
f 1930//1930 1315//1315 4850//4850
f 6387//6387 3573//3573 6519//6519
f 6519//6519 3573//3573 3575//3575
f 1982//1982 174//174 1983//1983
f 174//174 1982//1982 4777//4777
f 6992//6992 751//751 6991//6991
f 2649//2649 2651//2651 2679//2679
f 2944//2944 6270//6270 1403//1403
f 1403//1403 1402//1402 2944//2944
f 1679//1679 5367//5367 5339//5339
f 2087//2087 5339//5339 5367//5367
f 3314//3314 4265//4265 7344//7344
f 3314//3314 7276//7276 6906//6906
f 1686//1686 6770//6770 6733//6733
f 1686//1686 6733//6733 2461//2461
f 7086//7086 7084//7084 7316//7316
f 7086//7086 7316//7316 7068//7068
f 2385//2385 3591//3591 3590//3590
f 3588//3588 2385//2385 2382//2382
f 3897//3897 1371//1371 1370//1370
f 3705//3705 3899//3899 1370//1370
f 1168//1168 1167//1167 5758//5758
f 1168//1168 5758//5758 467//467
f 7345//7345 7346//7346 4312//4312
f 110//110 6465//6465 7345//7345
f 4126//4126 408//408 407//407
f 378//378 4126//4126 6695//6695
f 1475//1475 2033//2033 2032//2032
f 92//92 2032//2032 680//680
f 1635//1635 4687//4687 1514//1514
f 4687//4687 1635//1635 4685//4685
f 3800//3800 5393//5393 6468//6468
f 3800//3800 1367//1367 1369//1369
f 3615//3615 3617//3617 6714//6714
f 6208//6208 427//427 3617//3617
f 5291//5291 13//13 5290//5290
f 5291//5291 3004//3004 13//13
f 4278//4278 7345//7345 4312//4312
f 4278//4278 5420//5420 5419//5419
f 676//676 7229//7229 7228//7228
f 674//674 676//676 2021//2021
f 3682//3682 852//852 3681//3681
f 3681//3681 1685//1685 3682//3682
f 5036//5036 517//517 1795//1795
f 1795//1795 517//517 1796//1796
f 5349//5349 5348//5348 1430//1430
f 1430//1430 5348//5348 6137//6137
f 2304//2304 4031//4031 2301//2301
f 4028//4028 2301//2301 4031//4031
f 2634//2634 437//437 1565//1565
f 1565//1565 437//437 439//439
f 1284//1284 1283//1283 4815//4815
f 642//642 2107//2107 1283//1283
f 3770//3770 3769//3769 3771//3771
f 3769//3769 3770//3770 1753//1753
f 5103//5103 3672//3672 3673//3673
f 6923//6923 5103//5103 3673//3673
f 5346//5346 3826//3826 3825//3825
f 5346//5346 3825//3825 1887//1887
f 1638//1638 4477//4477 7347//7347
f 1638//1638 7347//7347 7348//7348
f 7126//7126 7349//7349 313//313
f 3572//3572 313//313 7349//7349
f 4706//4706 2472//2472 2471//2471
f 2471//2471 2025//2025 4706//4706
f 4538//4538 5141//5141 5140//5140
f 5140//5140 6916//6916 4538//4538
f 874//874 1847//1847 937//937
f 1848//1848 937//937 1847//1847
f 3836//3836 6698//6698 5293//5293
f 6698//6698 288//288 5293//5293
f 7281//7281 3614//3614 1735//1735
f 6654//6654 3614//3614 7281//7281
f 2341//2341 6517//6517 1638//1638
f 1638//1638 6517//6517 4477//4477
f 5180//5180 4153//4153 5786//5786
f 5158//5158 5180//5180 5786//5786
f 2323//2323 6977//6977 7350//7350
f 6977//6977 236//236 7350//7350
f 4032//4032 4031//4031 2304//2304
f 2304//2304 1085//1085 1087//1087
f 3159//3159 4619//4619 1375//1375
f 2462//2462 3159//3159 2463//2463
f 3947//3947 4647//4647 6168//6168
f 3947//3947 3946//3946 4647//4647
f 7105//7105 3090//3090 5094//5094
f 2852//2852 3090//3090 3089//3089
f 1366//1366 5587//5587 5586//5586
f 6747//6747 5587//5587 1366//1366
f 2019//2019 7351//7351 3350//3350
f 7275//7275 3350//3350 7351//7351
f 386//386 5114//5114 387//387
f 6080//6080 5117//5117 4502//4502
f 6123//6123 6124//6124 1144//1144
f 6124//6124 2795//2795 628//628
f 7352//7352 5400//5400 5853//5853
f 5403//5403 5400//5400 7352//7352
f 3113//3113 6557//6557 3082//3082
f 3082//3082 3114//3114 3113//3113
f 3795//3795 3741//3741 6977//6977
f 6977//6977 2323//2323 3795//3795
f 4718//4718 4753//4753 4716//4716
f 4753//4753 6178//6178 4755//4755
f 7267//7267 2141//2141 6646//6646
f 7266//7266 7267//7267 6646//6646
f 3111//3111 3114//3114 3082//3082
f 3081//3081 3111//3111 3082//3082
f 2362//2362 5494//5494 2391//2391
f 2362//2362 2391//2391 2363//2363
f 1543//1543 4492//4492 1544//1544
f 1543//1543 5970//5970 7210//7210
f 7353//7353 7354//7354 5514//5514
f 5514//5514 7354//7354 3129//3129
f 2407//2407 4462//4462 2406//2406
f 2406//2406 4462//4462 5327//5327
f 5721//5721 7355//7355 5722//5722
f 6484//6484 4845//4845 3153//3153
f 5096//5096 5097//5097 1368//1368
f 1368//1368 6468//6468 989//989
f 5069//5069 3456//3456 549//549
f 5069//5069 549//549 6345//6345
f 2247//2247 2246//2246 5768//5768
f 3128//3128 3127//3127 7356//7356
f 6873//6873 859//859 3743//3743
f 1361//1361 859//859 6873//6873
f 3017//3017 1962//1962 1964//1964
f 4840//4840 3017//3017 1964//1964
f 3780//3780 6212//6212 4786//4786
f 6212//6212 4785//4785 4786//4786
f 4787//4787 3032//3032 4801//4801
f 3032//3032 4787//4787 3033//3033
f 3127//3127 650//650 5768//5768
f 3127//3127 5768//5768 2246//2246
f 111//111 1549//1549 5138//5138
f 111//111 5138//5138 112//112
f 5450//5450 6570//6570 849//849
f 5090//5090 7170//7170 849//849
f 2782//2782 1106//1106 1105//1105
f 5359//5359 5464//5464 3069//3069
f 5344//5344 2998//2998 1665//1665
f 756//756 1665//1665 757//757
f 3779//3779 3777//3777 3780//3780
f 6212//6212 3780//3780 3231//3231
f 6001//6001 3164//3164 5732//5732
f 5732//5732 3164//3164 4374//4374
f 1964//1964 2665//2665 2009//2009
f 1964//1964 2009//2009 4840//4840
f 6069//6069 6068//6068 6041//6041
f 6068//6068 1057//1057 4214//4214
f 257//257 3645//3645 790//790
f 3645//3645 6651//6651 1648//1648
f 2177//2177 3307//3307 3308//3308
f 3308//3308 3307//3307 3525//3525
f 4118//4118 4931//4931 5323//5323
f 4118//4118 5323//5323 5303//5303
f 3814//3814 3483//3483 3819//3819
f 3819//3819 3815//3815 3814//3814
f 891//891 2598//2598 227//227
f 227//227 6015//6015 891//891
f 5934//5934 6191//6191 5935//5935
f 1338//1338 3011//3011 1339//1339
f 4215//4215 6068//6068 4214//4214
f 2602//2602 6068//6068 4215//4215
f 5911//5911 29//29 28//28
f 28//28 5912//5912 5911//5911
f 7357//7357 5967//5967 2412//2412
f 6123//6123 2412//2412 5967//5967
f 2267//2267 102//102 2909//2909
f 1287//1287 2267//2267 2909//2909
f 3968//3968 6167//6167 3969//3969
f 2630//2630 3948//3948 2631//2631
f 3852//3852 2923//2923 2922//2922
f 3852//3852 5833//5833 2923//2923
f 6097//6097 6096//6096 1365//1365
f 6096//6096 6097//6097 7000//7000
f 5496//5496 5504//5504 6569//6569
f 5496//5496 2362//2362 2364//2364
f 2970//2970 2969//2969 6884//6884
f 6892//6892 6884//6884 6890//6890
f 3574//3574 6574//6574 2775//2775
f 6574//6574 1552//1552 1551//1551
f 2006//2006 1063//1063 1065//1065
f 2006//2006 1065//1065 6638//6638
f 2386//2386 1591//1591 4232//4232
f 1591//1591 3288//3288 4232//4232
f 1751//1751 1750//1750 1752//1752
f 1077//1077 1751//1751 1752//1752
f 2411//2411 5967//5967 5966//5966
f 3677//3677 3679//3679 2411//2411
f 5864//5864 1569//1569 6730//6730
f 2840//2840 6730//6730 1569//1569
f 6574//6574 3574//3574 6580//6580
f 6389//6389 3574//3574 3573//3573
f 6899//6899 6879//6879 2970//2970
f 2970//2970 6884//6884 6892//6892
f 1253//1253 1911//1911 833//833
f 1253//1253 3952//3952 1911//1911
f 2631//2631 3970//3970 870//870
f 3906//3906 3908//3908 870//870
f 5444//5444 6220//6220 1884//1884
f 5444//5444 1884//1884 4173//4173
f 4695//4695 4678//4678 2694//2694
f 4678//4678 5012//5012 2694//2694
f 2397//2397 123//123 125//125
f 6796//6796 2399//2399 2397//2397
f 6638//6638 3854//3854 2006//2006
f 6638//6638 2645//2645 3055//3055
f 6391//6391 2342//2342 2327//2327
f 2342//2342 7283//7283 2327//2327
f 84//84 2227//2227 3844//3844
f 3862//3862 3844//3844 2227//2227
f 4569//4569 2319//2319 2871//2871
f 2319//2319 5232//5232 2320//2320
f 4521//4521 6035//6035 4227//4227
f 3208//3208 4521//4521 4519//4519
f 2852//2852 5094//5094 3090//3090
f 5094//5094 2852//2852 2854//2854
f 1542//1542 429//429 6184//6184
f 428//428 6184//6184 429//429
f 3857//3857 3055//3055 3858//3858
f 3854//3854 6638//6638 3055//3055
f 5472//5472 5532//5532 5531//5531
f 5472//5472 3608//3608 5532//5532
f 6796//6796 2397//2397 7358//7358
f 6743//6743 6796//6796 3707//3707
f 3945//3945 3968//3968 3925//3925
f 3945//3945 3925//3925 5052//5052
f 1323//1323 402//402 401//401
f 1323//1323 6214//6214 402//402
f 6765//6765 6227//6227 1550//1550
f 484//484 2623//2623 6765//6765
f 1729//1729 3089//3089 1727//1727
f 1729//1729 2852//2852 3089//3089
f 6173//6173 4433//4433 822//822
f 6173//6173 4434//4434 4433//4433
f 6990//6990 2837//2837 3883//3883
f 3881//3881 3883//3883 2837//2837
f 5838//5838 2961//2961 5639//5639
f 1768//1768 5640//5640 5639//5639
f 1338//1338 3009//3009 3011//3011
f 3009//3009 1338//1338 1290//1290
f 5533//5533 3610//3610 3605//3605
f 5533//5533 3605//3605 2191//2191
f 3707//3707 6796//6796 7358//7358
f 125//125 3708//3708 3707//3707
f 1984//1984 1986//1986 4895//4895
f 4778//4778 1984//1984 4895//4895
f 3462//3462 1198//1198 1197//1197
f 1479//1479 1481//1481 4612//4612
f 2667//2667 2885//2885 2884//2884
f 2667//2667 2884//2884 2011//2011
f 5640//5640 5838//5838 5639//5639
f 5640//5640 3137//3137 4040//4040
f 138//138 277//277 276//276
f 3679//3679 138//138 2409//2409
f 5038//5038 2170//2170 777//777
f 5038//5038 777//777 5040//5040
f 7293//7293 6893//6893 4580//4580
f 7293//7293 4580//4580 1759//1759
f 4096//4096 256//256 6097//6097
f 4096//4096 6097//6097 1365//1365
f 1198//1198 1479//1479 4612//4612
f 4614//4614 4613//4613 1198//1198
f 7130//7130 5804//5804 3708//3708
f 3708//3708 125//125 7130//7130
f 5162//5162 7059//7059 3865//3865
f 5528//5528 3865//3865 3864//3864
f 1331//1331 139//139 276//276
f 139//139 138//138 276//276
f 4824//4824 3526//3526 1745//1745
f 3526//3526 3527//3527 1745//1745
f 3152//3152 5173//5173 3994//3994
f 5173//5173 3152//3152 7117//7117
f 4434//4434 6173//6173 2013//2013
f 6530//6530 2013//2013 153//153
f 6515//6515 3428//3428 6516//6516
f 6516//6516 3428//3428 3937//3937
f 839//839 7359//7359 2484//2484
f 5162//5162 839//839 2484//2484
f 2786//2786 6364//6364 4136//4136
f 7274//7274 1601//1601 2786//2786
f 6073//6073 385//385 4501//4501
f 387//387 4501//4501 385//385
f 1404//1404 3136//3136 1354//1354
f 3725//3725 7332//7332 1354//1354
f 2685//2685 5341//5341 5340//5340
f 5994//5994 5340//5340 4831//4831
f 4579//4579 7292//7292 4580//4580
f 7292//7292 4579//4579 5378//5378
f 2783//2783 768//768 767//767
f 4593//4593 768//768 2783//2783
f 4826//4826 4825//4825 3525//3525
f 4826//4826 3525//3525 3307//3307
f 6573//6573 5616//5616 7360//7360
f 7360//7360 6229//6229 6573//6573
f 4668//4668 1377//1377 6065//6065
f 6065//6065 6859//6859 6066//6066
f 2208//2208 6149//6149 1228//1228
f 1228//1228 6149//6149 1229//1229
f 2205//2205 89//89 4825//4825
f 3525//3525 4825//4825 89//89
f 6210//6210 4837//4837 6930//6930
f 2492//2492 4837//4837 6210//6210
f 7028//7028 4536//4536 3266//3266
f 4536//4536 7028//7028 3779//3779
f 3496//3496 3499//3499 2084//2084
f 3499//3499 3496//3496 1349//1349
f 1229//1229 2512//2512 5278//5278
f 2512//2512 5279//5279 5278//5278
f 4294//4294 7361//7361 4295//4295
f 5508//5508 7361//7361 4294//4294
f 1347//1347 4606//4606 4605//4605
f 4606//4606 1347//1347 1346//1346
f 7292//7292 1708//1708 1759//1759
f 7117//7117 1708//1708 6624//6624
f 2316//2316 225//225 5352//5352
f 211//211 225//225 209//209
f 1384//1384 1383//1383 5165//5165
f 5165//5165 6853//6853 6526//6526
f 1396//1396 6229//6229 1397//1397
f 1396//1396 6573//6573 6229//6229
f 273//273 3388//3388 6976//6976
f 6976//6976 1668//1668 273//273
f 6442//6442 5712//5712 1851//1851
f 1851//1851 1850//1850 6442//6442
f 7172//7172 131//131 6650//6650
f 4520//4520 129//129 131//131
f 6624//6624 5378//5378 3995//3995
f 5378//5378 5379//5379 3995//3995
f 5026//5026 3533//3533 3532//3532
f 7262//7262 6402//6402 5026//5026
f 3885//3885 3884//3884 2100//2100
f 3439//3439 3885//3885 6138//6138
f 394//394 396//396 1636//1636
f 3973//3973 3972//3972 396//396
f 1383//1383 6853//6853 5165//5165
f 6963//6963 6853//6853 1383//1383
f 884//884 886//886 306//306
f 886//886 5161//5161 2527//2527
f 4480//4480 677//677 5235//5235
f 677//677 4920//4920 5235//5235
f 4561//4561 5905//5905 3077//3077
f 5629//5629 3077//3077 5905//5905
f 7362//7362 2099//2099 3884//3884
f 2099//2099 2100//2100 3884//3884
f 3886//3886 900//900 3887//3887
f 900//900 3886//3886 2669//2669
f 2732//2732 6293//6293 5005//5005
f 2898//2898 2732//2732 5005//5005
f 1505//1505 1509//1509 228//228
f 228//228 1509//1509 229//229
f 538//538 537//537 7363//7363
f 4431//4431 538//538 5669//5669
f 2830//2830 2829//2829 606//606
f 606//606 6381//6381 5123//5123
f 1044//1044 3227//3227 6378//6378
f 5003//5003 243//243 4981//4981
f 5944//5944 1238//1238 1239//1239
f 5944//5944 1239//1239 5116//5116
f 3614//3614 5277//5277 1736//1736
f 5238//5238 1736//1736 6814//6814
f 4861//4861 6683//6683 2324//2324
f 2324//2324 6352//6352 2325//2325
f 539//539 538//538 3312//3312
f 3312//3312 5502//5502 539//539
f 5942//5942 5943//5943 1028//1028
f 1463//1463 1028//1028 1464//1464
f 5447//5447 5445//5445 1289//1289
f 5445//5445 1223//1223 1222//1222
f 4361//4361 6036//6036 5268//5268
f 4361//4361 5268//5268 3238//3238
f 7042//7042 7316//7316 786//786
f 786//786 4159//4159 7042//7042
f 5123//5123 5121//5121 5120//5120
f 5121//5121 5123//5123 6381//6381
f 6085//6085 6086//6086 3616//3616
f 3617//3617 3616//3616 6207//6207
f 6363//6363 6352//6352 6683//6683
f 2324//2324 6683//6683 6352//6352
f 1741//1741 4008//4008 4007//4007
f 1028//1028 1741//1741 4007//4007
f 6045//6045 7197//7197 745//745
f 7364//7364 7197//7197 6045//6045
f 1020//1020 1022//1022 5547//5547
f 1020//1020 5547//5547 7185//7185
f 7245//7245 3157//3157 2462//2462
f 3157//3157 3159//3159 2462//2462
f 4797//4797 5884//5884 5883//5883
f 4797//4797 5883//5883 187//187
f 6342//6342 6085//6085 6343//6343
f 6343//6343 6085//6085 3616//3616
f 7365//7365 7140//7140 6245//6245
f 6523//6523 1257//1257 7365//7365
f 1232//1232 6480//6480 4896//4896
f 3659//3659 1232//1232 3660//3660
f 309//309 4457//4457 4458//4458
f 309//309 4458//4458 4544//4544
f 282//282 3823//3823 283//283
f 282//282 5179//5179 3823//3823
f 4448//4448 6575//6575 2964//2964
f 4448//4448 2964//2964 7027//7027
f 858//858 5437//5437 3743//3743
f 859//859 858//858 3743//3743
f 3794//3794 1227//1227 5539//5539
f 5539//5539 3792//3792 3794//3794
f 6985//6985 1503//1503 6986//6986
f 6986//6986 1503//1503 3984//3984
f 622//622 6432//6432 6431//6431
f 622//622 623//623 4121//4121
f 1304//1304 5547//5547 5546//5546
f 2237//2237 1304//1304 5546//5546
f 4533//4533 4427//4427 2050//2050
f 4411//4411 4427//4427 4410//4410
f 7365//7365 7141//7141 7140//7140
f 4719//4719 2132//2132 7141//7141
f 2073//2073 2072//2072 2982//2982
f 2982//2982 2072//2072 846//846
f 2755//2755 1599//1599 7274//7274
f 2755//2755 803//803 1599//1599
f 5300//5300 5302//5302 6725//6725
f 5300//5300 1408//1408 5302//5302
f 7326//7326 6498//6498 2194//2194
f 7326//7326 2194//2194 7325//7325
f 1606//1606 3467//3467 3468//3468
f 1606//1606 1527//1527 589//589
f 5944//5944 1052//1052 1238//1238
f 1051//1051 1238//1238 1052//1052
f 7141//7141 2132//2132 7140//7140
f 2134//2134 7140//7140 2132//2132
f 4099//4099 4531//4531 5706//5706
f 4531//4531 4099//4099 2993//2993
f 6578//6578 7366//7366 7343//7343
f 7366//7366 6578//6578 3332//3332
f 5036//5036 3102//3102 517//517
f 752//752 3102//3102 5036//5036
f 6969//6969 5252//5252 4201//4201
f 6969//6969 5254//5254 5252//5252
f 1084//1084 1083//1083 6903//6903
f 1084//1084 6903//6903 4075//4075
f 5892//5892 3177//3177 6132//6132
f 6132//6132 3177//3177 1277//1277
f 4711//4711 1623//1623 4712//4712
f 1054//1054 4712//4712 6950//6950
f 3458//3458 1173//1173 6256//6256
f 6256//6256 3105//3105 3458//3458
f 750//750 5036//5036 7113//7113
f 750//750 7113//7113 6991//6991
f 6753//6753 207//207 7325//7325
f 6753//6753 5253//5253 5255//5255
f 4308//4308 2485//2485 487//487
f 487//487 4307//4307 4308//4308
f 1320//1320 1322//1322 2226//2226
f 1322//1322 3981//3981 2226//2226
f 5600//5600 5599//5599 3606//3606
f 5600//5600 3606//3606 3605//3605
f 87//87 2206//2206 2231//2231
f 2205//2205 2231//2231 2206//2206
f 5593//5593 7113//7113 5190//5190
f 5593//5593 5190//5190 5189//5189
f 6753//6753 3280//3280 5253//5253
f 5252//5252 5253//5253 3280//3280
f 1259//1259 3531//3531 5338//5338
f 3531//3531 1259//1259 1680//1680
f 1322//1322 1321//1321 3982//3982
f 3982//3982 6615//6615 3983//3983
f 4028//4028 2366//2366 2302//2302
f 2366//2366 4028//4028 2367//2367
f 4736//4736 1620//1620 4951//4951
f 4737//4737 2931//2931 1620//1620
f 910//910 1277//1277 3177//3177
f 910//910 3177//3177 911//911
f 4017//4017 3435//3435 4016//4016
f 3435//3435 4390//4390 4016//4016
f 7098//7098 822//822 798//798
f 6173//6173 7098//7098 5930//5930
f 5243//5243 363//363 3631//3631
f 3631//3631 3633//3633 5243//5243
f 1321//1321 6615//6615 3982//3982
f 6815//6815 6615//6615 1321//1321
f 641//641 4016//4016 4390//4390
f 4429//4429 642//642 641//641
f 98//98 1590//1590 96//96
f 3589//3589 96//96 1590//1590
f 3992//3992 1535//1535 1537//1537
f 1537//1537 4582//4582 3992//3992
f 5518//5518 3421//3421 7280//7280
f 7102//7102 3421//3421 5518//5518
f 7098//7098 798//798 5930//5930
f 715//715 714//714 798//798
f 3472//3472 1478//1478 1477//1477
f 2031//2031 1478//1478 4479//4479
f 4390//4390 4429//4429 641//641
f 1747//1747 1749//1749 4429//4429
f 4223//4223 4226//4226 4221//4221
f 4226//4226 6013//6013 4224//4224
f 6789//6789 6411//6411 6410//6410
f 7367//7367 6410//6410 5387//5387
f 7368//7368 3353//3353 5658//5658
f 7368//7368 5658//5658 6798//6798
f 4372//4372 2550//2550 2551//2551
f 4372//4372 2551//2551 3442//3442
f 771//771 1828//1828 3469//3469
f 772//772 771//771 1976//1976
f 6217//6217 1450//1450 5460//5460
f 5689//5689 1450//1450 6217//6217
f 775//775 5948//5948 2510//2510
f 5948//5948 101//101 2510//2510
f 5457//5457 5467//5467 981//981
f 5466//5466 986//986 5467//5467
f 5551//5551 23//23 5549//5549
f 23//23 7163//7163 5549//5549
f 5656//5656 2128//2128 6797//6797
f 5656//5656 6797//6797 5658//5658
f 2567//2567 3409//3409 5370//5370
f 3409//3409 2567//2567 1603//1603
f 2048//2048 6327//6327 3210//3210
f 3903//3903 6328//6328 6327//6327
f 1272//1272 2505//2505 2504//2504
f 7029//7029 2505//2505 1272//1272
f 4331//4331 5792//5792 1157//1157
f 1157//1157 1188//1188 1158//1158
f 4550//4550 4590//4590 2493//2493
f 4550//4550 4549//4549 4590//4590
f 5043//5043 412//412 414//414
f 431//431 5043//5043 414//414
f 1491//1491 5820//5820 3371//3371
f 5820//5820 3372//3372 3371//3371
f 5370//5370 5017//5017 2567//2567
f 5017//5017 5370//5370 2769//2769
f 4913//4913 811//811 4553//4553
f 4553//4553 811//811 813//813
f 7369//7369 6962//6962 6961//6961
f 4880//4880 6961//6961 5946//5946
f 3930//3930 1522//1522 3872//3872
f 3872//3872 1710//1710 3930//3930
f 845//845 1262//1262 272//272
f 1262//1262 4676//4676 272//272
f 1417//1417 1419//1419 2146//2146
f 2146//2146 1419//1419 6127//6127
f 6337//6337 6421//6421 6338//6338
f 6017//6017 6421//6421 1534//1534
f 3893//3893 1414//1414 6321//6321
f 3893//3893 5659//5659 1414//1414
f 4065//4065 6917//6917 2303//2303
f 4064//4064 6917//6917 4065//4065
f 1596//1596 803//803 4785//4785
f 1596//1596 4785//4785 1597//1597
f 5364//5364 3620//3620 3618//3618
f 5364//5364 3618//3618 7259//7259
f 4317//4317 6151//6151 6415//6415
f 4317//4317 6415//6415 6414//6414
f 2872//2872 11//11 7155//7155
f 2872//2872 7155//7155 1924//1924
f 4917//4917 6790//6790 3478//3478
f 7370//7370 3478//3478 6790//6790
f 7371//7371 3376//3376 3375//3375
f 503//503 4350//4350 7372//7372
f 2117//2117 6017//6017 868//868
f 6017//6017 2117//2117 6421//6421
f 6964//6964 1383//1383 1385//1385
f 1385//1385 427//427 426//426
f 4027//4027 4026//4026 6427//6427
f 5954//5954 4026//4026 4027//4027
f 7270//7270 7104//7104 3491//3491
f 7104//7104 348//348 3491//3491
f 3838//3838 3837//3837 2971//2971
f 3837//3837 4958//4958 4957//4957
f 3179//3179 923//923 3180//3180
f 3180//3180 923//923 1813//1813
f 6964//6964 2139//2139 2138//2138
f 1385//1385 2139//2139 6964//6964
f 5868//5868 7373//7373 6200//6200
f 1271//1271 1270//1270 189//189
f 2164//2164 7095//7095 2168//2168
f 2811//2811 7095//7095 2164//2164
f 45//45 6839//6839 5935//5935
f 6840//6840 5935//5935 6839//6839
f 3847//3847 1604//1604 2568//2568
f 1604//1604 1603//1603 2568//2568
f 3315//3315 5113//5113 3313//3313
f 5113//5113 3315//3315 6297//6297
f 3376//3376 4350//4350 46//46
f 7372//7372 4350//4350 3376//3376
f 2314//2314 7074//7074 3333//3333
f 2314//2314 3333//3333 3448//3448
f 6873//6873 5725//5725 1362//1362
f 5726//5726 2055//2055 7374//7374
f 3523//3523 862//862 4440//4440
f 3523//3523 4440//4440 3524//3524
f 1841//1841 2086//2086 6713//6713
f 6713//6713 2086//2086 3726//3726
f 4274//4274 1339//1339 5934//5934
f 5934//5934 1339//1339 6191//6191
f 2546//2546 3465//3465 3488//3488
f 1480//1480 3465//3465 2546//2546
f 6962//6962 7369//7369 7322//7322
f 6962//6962 7322//7322 6491//6491
f 6995//6995 3262//3262 4841//4841
f 4841//4841 4843//4843 6995//6995
f 1048//1048 3196//3196 5001//5001
f 1048//1048 5001//5001 2216//2216
f 5406//5406 6437//6437 6438//6438
f 6438//6438 6437//6437 3748//3748
f 5788//5788 3628//3628 4871//4871
f 5788//5788 2169//2169 3628//3628
f 7348//7348 6452//6452 6451//6451
f 6451//6451 950//950 1639//1639
f 3472//3472 3473//3473 4479//4479
f 1478//1478 3472//3472 4479//4479
f 2042//2042 280//280 279//279
f 4337//4337 2042//2042 279//279
f 6016//6016 1587//1587 1586//1586
f 2539//2539 1587//1587 6016//6016
f 3403//3403 3406//3406 2119//2119
f 3406//3406 913//913 2119//2119
f 2848//2848 2155//2155 1319//1319
f 2155//2155 2848//2848 2849//2849
f 1658//1658 1657//1657 7301//7301
f 1657//1657 7299//7299 7301//7301
f 6078//6078 5788//5788 2661//2661
f 6078//6078 2661//2661 170//170
f 6056//6056 6055//6055 320//320
f 6056//6056 320//320 6606//6606
f 3485//3485 2795//2795 39//39
f 3484//3484 2795//2795 3485//3485
f 3667//3667 5383//5383 5382//5382
f 5383//5383 3193//3193 5382//5382
f 6737//6737 79//79 5889//5889
f 5889//5889 79//79 946//946
f 5118//5118 6080//6080 7375//7375
f 6384//6384 6744//6744 6746//6746
f 4059//4059 5986//5986 4370//4370
f 5986//5986 5092//5092 6866//6866
f 5461//5461 6758//6758 3913//3913
f 158//158 5461//5461 2849//2849
f 3890//3890 3892//3892 2219//2219
f 3890//3890 2219//2219 2217//2217
f 1776//1776 3553//3553 1777//1777
f 3553//3553 6150//6150 7237//7237
f 4844//4844 1233//1233 2658//2658
f 2658//2658 946//946 945//945
f 2945//2945 2943//2943 2942//2942
f 7376//7376 587//587 2943//2943
f 3106//3106 1320//1320 2225//2225
f 1320//1320 2226//2226 2225//2225
f 158//158 6758//6758 5461//5461
f 160//160 6758//6758 158//158
f 4236//4236 66//66 4254//4254
f 4236//4236 4254//4254 781//781
f 5182//5182 2681//2681 2680//2680
f 5182//5182 6741//6741 2681//2681
f 5445//5445 3013//3013 7291//7291
f 3013//3013 6193//6193 7291//7291
f 1951//1951 6630//6630 1952//1952
f 41//41 6630//6630 7214//7214
f 4591//4591 4356//4356 4355//4355
f 4591//4591 4355//4355 7377//7377
f 4268//4268 4267//4267 4285//4285
f 4268//4268 4285//4285 6670//6670
f 2816//2816 2815//2815 5087//5087
f 2816//2816 2357//2357 1126//1126
f 3723//3723 2870//2870 2868//2868
f 2868//2868 6727//6727 1032//1032
f 1671//1671 5334//5334 395//395
f 5334//5334 2096//2096 6264//6264
f 295//295 1691//1691 1692//1692
f 1691//1691 295//295 2558//2558
f 6670//6670 4287//4287 6667//6667
f 4287//4287 6670//6670 4285//4285
f 4591//4591 6676//6676 4592//4592
f 7268//7268 4591//4591 7377//7377
f 3723//3723 2868//2868 1032//1032
f 3723//3723 1032//1032 3722//3722
f 6419//6419 5556//5556 5736//5736
f 6419//6419 5736//5736 5481//5481
f 5958//5958 1678//1678 2059//2059
f 5217//5217 1610//1610 5218//5218
f 3451//3451 41//41 40//40
f 41//41 3451//3451 6630//6630
f 938//938 708//708 939//939
f 5543//5543 708//708 938//938
f 1515//1515 4686//4686 809//809
f 1515//1515 809//809 808//808
f 4634//4634 2899//2899 2901//2901
f 2901//2901 2011//2011 6804//6804
f 7150//7150 4902//4902 6230//6230
f 3336//3336 1397//1397 4902//4902
f 4805//4805 4804//4804 4803//4803
f 1597//1597 4803//4803 4804//4804
f 3161//3161 1975//1975 3162//3162
f 1975//1975 3161//3161 737//737
f 3205//3205 4445//4445 3206//3206
f 4446//4446 3206//3206 4445//4445
f 7100//7100 6653//6653 7335//7335
f 7335//7335 3337//3337 7100//7100
f 4155//4155 1864//1864 4315//4315
f 1864//1864 4155//4155 1865//1865
f 447//447 5608//5608 3626//3626
f 447//447 3721//3721 1032//1032
f 2062//2062 2064//2064 7191//7191
f 2062//2062 7191//7191 4791//4791
f 6835//6835 6831//6831 893//893
f 893//893 6816//6816 6835//6835
f 4247//4247 2762//2762 5979//5979
f 5202//5202 5979//5979 2762//2762
f 384//384 383//383 7335//7335
f 384//384 7335//7335 6653//6653
f 1640//1640 7115//7115 2341//2341
f 1640//1640 2341//2341 1638//1638
f 2417//2417 2419//2419 2420//2420
f 2418//2418 5604//5604 2419//2419
f 6359//6359 6112//6112 3052//3052
f 6359//6359 3052//3052 6360//6360
f 6423//6423 6414//6414 1564//1564
f 6423//6423 1564//1564 439//439
f 87//87 759//759 761//761
f 2231//2231 759//759 87//87
f 5605//5605 5606//5606 3342//3342
f 3342//3342 5606//5606 5001//5001
f 59//59 4263//4263 6938//6938
f 59//59 6938//6938 267//267
f 4165//4165 1236//1236 1235//1235
f 4165//4165 1791//1791 1236//1236
f 7378//7378 4181//4181 2379//2379
f 4648//4648 4178//4178 4177//4177
f 2420//2420 5604//5604 3637//3637
f 2419//2419 5604//5604 2420//2420
f 1359//1359 5398//5398 6882//6882
f 5388//5388 5398//5398 1359//1359
f 6768//6768 7318//7318 7147//7147
f 6492//6492 7379//7379 6491//6491
f 7290//7290 6193//6193 3010//3010
f 3010//3010 6193//6193 6192//6192
f 1663//1663 1662//1662 1860//1860
f 2105//2105 1860//1860 1662//1662
f 2232//2232 4243//4243 2230//2230
f 4243//4243 2232//2232 7194//7194
f 1791//1791 4165//4165 6816//6816
f 1791//1791 6816//6816 893//893
f 94//94 93//93 5621//5621
f 5619//5619 93//93 1866//1866
f 7379//7379 6492//6492 7147//7147
f 7379//7379 7147//7147 1053//1053
f 3309//3309 1067//1067 3310//3310
f 6026//6026 1067//1067 3309//3309
f 6100//6100 6099//6099 5171//5171
f 5171//5171 7073//7073 7380//7380
f 3438//3438 6139//6139 6140//6140
f 3438//3438 6140//6140 2462//2462
f 3660//3660 1232//1232 4896//4896
f 4896//4896 141//141 3660//3660
f 6768//6768 7147//7147 6492//6492
f 6768//6768 6492//6492 6769//6769
f 4447//4447 6261//6261 7381//7381
f 4447//4447 2552//2552 6261//6261
f 6081//6081 958//958 817//817
f 958//958 2560//2560 817//817
f 4469//4469 6201//6201 6185//6185
f 1038//1038 4469//4469 1039//1039
f 6100//6100 7382//7382 7383//7383
f 6100//6100 5171//5171 7380//7380
f 4811//4811 4853//4853 4810//4810
f 4853//4853 2152//2152 4810//4810
f 2402//2402 1988//1988 2403//2403
f 1988//1988 2402//2402 6724//6724
f 6503//6503 7381//7381 2571//2571
f 7381//7381 6503//6503 5381//5381
f 1366//1366 5586//5586 6482//6482
f 2211//2211 6482//6482 7091//7091
f 6627//6627 7216//7216 3916//3916
f 7216//7216 6347//6347 411//411
f 5798//5798 3167//3167 4627//4627
f 3150//3150 5129//5129 4627//4627
f 5853//5853 7338//7338 4912//4912
f 5853//5853 4912//4912 2638//2638
f 1211//1211 2193//2193 413//413
f 413//413 1212//1212 1211//1211
f 5018//5018 5369//5369 3328//3328
f 2557//2557 5369//5369 5018//5018
f 7284//7284 347//347 5751//5751
f 3490//3490 3489//3489 7284//7284
f 6893//6893 7293//7293 3936//3936
f 3936//3936 3935//3935 659//659
f 2351//2351 6767//6767 1207//1207
f 1207//1207 6767//6767 4927//4927
f 5238//5238 6814//6814 2554//2554
f 5238//5238 2554//2554 2553//2553
f 3092//3092 405//405 1230//1230
f 1231//1231 1230//1230 2566//2566
f 6564//6564 4552//4552 4551//4551
f 6565//6565 5027//5027 6564//6564
f 7384//7384 1687//1687 6948//6948
f 1687//1687 7384//7384 3682//3682
f 312//312 4109//4109 3181//3181
f 4109//4109 312//312 4156//4156
f 347//347 7284//7284 3489//3489
f 348//348 347//347 3489//3489
f 3958//3958 1481//1481 3960//3960
f 3960//3960 3959//3959 3958//3958
f 4187//4187 6308//6308 5181//5181
f 1792//1792 1794//1794 3474//3474
f 1168//1168 467//467 7385//7385
f 7385//7385 467//467 7386//7386
f 5027//5027 6565//6565 4977//4977
f 4977//4977 4979//4979 5027//5027
f 5817//5817 7384//7384 6948//6948
f 5817//5817 6948//6948 5818//5818
f 4328//4328 4325//4325 6520//6520
f 6520//6520 7387//7387 4328//4328
f 4581//4581 6893//6893 366//366
f 6893//6893 3936//3936 659//659
f 1184//1184 1186//1186 5328//5328
f 1184//1184 5328//5328 3113//3113
f 5247//5247 1488//1488 5248//5248
f 1488//1488 5247//5247 3638//3638
f 5913//5913 1327//1327 5914//5914
f 1327//1327 7388//7388 5914//5914
f 7387//7387 6520//6520 4307//4307
f 7389//7389 4499//4499 6169//6169
f 2371//2371 3008//3008 4554//4554
f 2371//2371 4554//4554 2936//2936
f 2987//2987 6181//6181 5175//5175
f 5175//5175 7384//7384 5817//5817
f 7115//7115 6481//6481 2339//2339
f 2339//2339 2341//2341 7115//7115
f 1986//1986 7390//7390 1987//1987
f 5404//5404 7391//7391 1782//1782
f 1254//1254 4673//4673 4664//4664
f 4675//4675 4673//4673 1254//1254
f 6083//6083 5008//5008 7392//7392
f 7392//7392 380//380 6083//6083
f 3190//3190 7217//7217 3191//3191
f 7217//7217 3190//3190 7337//7337
f 3904//3904 3507//3507 6518//6518
f 2047//2047 2046//2046 3507//3507
f 4327//4327 6169//6169 4500//4500
f 4499//4499 4500//4500 6169//6169
f 953//953 6749//6749 951//951
f 7393//7393 6447//6447 6749//6749
f 124//124 7246//7246 4767//4767
f 4767//4767 125//125 124//124
f 3803//3803 6619//6619 3988//3988
f 4872//4872 4873//4873 6619//6619
f 1070//1070 3868//3868 6354//6354
f 1070//1070 6354//6354 5737//5737
f 6702//6702 5757//5757 6290//6290
f 6290//6290 5757//5757 6289//6289
f 996//996 6453//6453 5810//5810
f 995//995 6453//6453 996//996
f 5052//5052 7342//7342 3946//3946
f 2627//2627 290//290 2628//2628
f 3644//3644 5195//5195 281//281
f 5195//5195 5179//5179 281//281
f 4689//4689 468//468 470//470
f 4749//4749 4689//4689 470//470
f 4908//4908 1927//1927 5727//5727
f 4908//4908 4907//4907 3583//3583
f 1883//1883 665//665 2153//2153
f 4324//4324 2153//2153 665//665
f 3293//3293 3292//3292 5975//5975
f 570//570 2541//2541 5975//5975
f 3602//3602 3603//3603 4982//4982
f 6706//6706 3602//3602 6784//6784
f 2591//2591 2590//2590 3644//3644
f 3644//3644 281//281 2591//2591
f 762//762 3555//3555 2451//2451
f 762//762 2451//2451 2450//2450
f 4219//4219 6505//6505 6726//6726
f 6505//6505 4219//4219 4220//4220
f 4577//4577 4576//4576 2261//2261
f 7394//7394 5511//5511 3317//3317
f 6582//6582 6760//6760 6959//6959
f 1902//1902 6582//6582 6959//6959
f 4749//4749 4047//4047 1355//1355
f 4047//4047 4749//4749 470//470
f 5443//5443 4234//4234 6128//6128
f 3817//3817 6128//6128 4234//4234
f 2336//2336 2338//2338 6282//6282
f 2427//2427 4345//4345 4344//4344
f 5474//5474 6784//6784 3602//3602
f 5474//5474 2286//2286 6784//6784
f 4903//4903 7386//7386 7353//7353
f 7353//7353 650//650 7354//7354
f 667//667 6174//6174 1126//1126
f 2816//2816 1126//1126 6174//6174
f 3269//3269 1972//1972 3270//3270
f 3269//3269 436//436 6987//6987
f 2890//2890 2893//2893 7395//7395
f 2892//2892 7395//7395 2893//2893
f 6788//6788 5603//5603 896//896
f 5602//5602 896//896 5603//5603
f 1109//1109 1108//1108 4174//4174
f 2739//2739 1109//1109 5895//5895
f 1653//1653 1241//1241 3582//3582
f 1241//1241 7300//7300 3582//3582
f 7396//7396 4455//4455 4297//4297
f 4455//4455 7397//7397 4453//4453
f 7398//7398 965//965 964//964
f 965//965 7398//7398 6997//6997
f 7399//7399 74//74 5473//5473
f 7399//7399 72//72 74//74
f 2295//2295 4577//4577 2261//2261
f 2294//2294 7255//7255 2295//2295
f 7386//7386 467//467 650//650
f 650//650 7353//7353 7386//7386
f 3753//3753 2506//2506 5351//5351
f 6788//6788 896//896 2506//2506
f 5069//5069 6345//6345 1116//1116
f 6345//6345 6849//6849 1116//1116
f 2858//2858 3747//3747 591//591
f 3423//3423 3425//3425 3747//3747
f 4453//4453 7397//7397 7015//7015
f 4453//4453 4452//4452 4454//4454
f 6115//6115 6114//6114 6631//6631
f 6631//6631 6114//6114 1949//1949
f 6659//6659 6660//6660 1789//1789
f 6660//6660 6659//6659 4214//4214
f 3753//3753 3752//3752 6788//6788
f 2506//2506 3753//3753 6788//6788
f 667//667 1126//1126 1125//1125
f 667//667 1125//1125 2634//2634
f 4940//4940 4938//4938 903//903
f 4940//4940 903//903 3286//3286
f 6168//6168 4647//4647 3971//3971
f 6168//6168 3971//3971 3970//3970
f 2950//2950 4452//4452 7015//7015
f 7015//7015 4452//4452 4453//4453
f 6880//6880 4351//4351 4304//4304
f 4304//4304 4351//4351 4302//4302
f 2675//2675 7319//7319 7400//7400
f 7401//7401 7400//7400 7402//7402
f 2921//2921 4066//4066 5240//5240
f 4066//4066 1552//1552 5240//5240
f 905//905 904//904 2090//2090
f 2864//2864 2090//2090 904//904
f 1701//1701 668//668 5478//5478
f 669//669 668//668 1701//1701
f 3776//3776 6867//6867 246//246
f 3074//3074 4559//4559 3776//3776
f 4292//4292 4291//4291 3318//3318
f 3318//3318 1713//1713 4292//4292
f 269//269 271//271 5061//5061
f 5061//5061 6680//6680 269//269
f 1859//1859 1749//1749 1748//1748
f 6510//6510 1748//1748 4728//4728
f 905//905 2090//2090 2089//2089
f 2089//2089 3520//3520 905//905
f 764//764 4030//4030 765//765
f 4030//4030 764//764 4763//4763
f 4288//4288 4290//4290 7403//7403
f 3316//3316 3318//3318 7404//7404
f 7370//7370 3476//3476 3478//3478
f 6447//6447 7393//7393 3476//3476
f 909//909 2866//2866 7247//7247
f 3697//3697 2866//2866 909//909
f 7405//7405 7128//7128 4767//4767
f 4310//4310 7128//7128 4311//4311
f 5542//5542 1848//1848 1850//1850
f 5542//5542 938//938 1848//1848
f 6614//6614 6066//6066 4655//4655
f 4655//4655 6066//6066 6859//6859
f 2390//2390 2367//2367 2363//2363
f 2367//2367 4030//4030 4763//4763
f 7308//7308 7406//7406 7407//7407
f 7406//7406 7308//7308 7400//7400
f 4288//4288 2805//2805 4289//4289
f 4289//4289 2805//2805 6818//6818
f 3695//3695 909//909 908//908
f 3695//3695 908//908 2216//2216
f 2716//2716 4867//4867 2718//2718
f 4867//4867 6417//6417 2718//2718
f 3477//3477 3476//3476 952//952
f 3701//3701 3477//3477 952//952
f 3427//3427 2651//2651 7205//7205
f 7408//7408 7205//7205 6105//6105
f 1482//1482 1483//1483 1481//1481
f 1482//1482 1481//1481 3958//3958
f 2880//2880 2861//2861 5778//5778
f 2880//2880 5778//5778 2878//2878
f 7406//7406 7400//7400 7401//7401
f 7406//7406 7401//7401 7407//7407
f 6402//6402 3533//3533 5026//5026
f 6402//6402 6403//6403 3533//3533
f 5442//5442 2715//2715 2717//2717
f 2715//2715 1907//1907 4867//4867
f 6161//6161 1392//1392 6925//6925
f 1391//1391 5917//5917 1392//1392
f 4864//4864 4055//4055 4865//4865
f 4055//4055 4//4 6//6
f 6155//6155 6934//6934 4821//4821
f 7409//7409 4821//4821 6934//6934
f 3504//3504 2447//2447 5953//5953
f 2447//2447 3504//3504 2448//2448
f 1907//1907 5442//5442 1905//1905
f 2715//2715 5442//5442 1907//1907
f 979//979 7410//7410 5674//5674
f 979//979 5776//5776 7410//7410
f 5272//5272 345//345 5274//5274
f 262//262 5272//5272 5274//5274
f 3559//3559 5804//5804 5803//5803
f 3560//3560 3559//3559 5803//5803
f 6079//6079 4502//4502 5117//5117
f 5117//5117 5119//5119 6079//6079
f 5800//5800 5799//5799 4980//4980
f 1950//1950 4980//4980 5799//5799
f 2179//2179 5687//5687 5686//5686
f 1745//1745 3527//3527 5686//5686
f 4658//4658 7145//7145 4657//4657
f 3155//3155 7145//7145 4658//4658
f 6129//6129 1909//1909 1905//1905
f 5442//5442 6129//6129 1905//1905
f 6700//6700 507//507 509//509
f 507//507 6700//6700 6611//6611
f 2581//2581 3700//3700 4723//4723
f 6795//6795 4723//4723 3700//3700
f 4582//4582 6182//6182 5379//5379
f 6182//6182 4582//4582 1537//1537
f 3278//3278 3277//3277 1793//1793
f 2034//2034 1793//1793 3277//3277
f 7411//7411 6318//6318 7149//7149
f 7248//7248 7411//7411 7149//7149
f 5896//5896 2736//2736 5895//5895
f 816//816 815//815 4174//4174
f 1892//1892 1894//1894 5673//5673
f 5673//5673 218//218 1892//1892
f 1630//1630 5099//5099 5575//5575
f 5574//5574 1630//1630 5575//5575
f 3869//3869 5745//5745 5744//5744
f 6354//6354 3869//3869 5744//5744
f 1643//1643 3459//3459 260//260
f 1643//1643 1954//1954 3459//3459
f 7127//7127 1940//1940 110//110
f 5452//5452 1940//1940 7127//7127
f 92//92 1475//1475 2032//2032
f 92//92 1473//1473 1475//1475
f 3019//3019 3021//3021 7248//7248
f 7248//7248 3021//3021 7411//7411
f 653//653 5906//5906 3581//3581
f 653//653 3581//3581 3173//3173
f 661//661 3302//3302 1107//1107
f 1107//1107 1109//1109 661//661
f 604//604 4976//4976 993//993
f 4976//4976 4974//4974 993//993
f 2061//2061 5218//5218 5958//5958
f 5958//5958 5218//5218 1678//1678
f 4666//4666 1125//1125 1124//1124
f 4666//4666 1124//1124 6592//6592
f 7081//7081 406//406 377//377
f 376//376 7412//7412 377//377
f 3104//3104 3106//3106 3107//3107
f 3107//3107 3106//3106 2225//2225
f 3902//3902 289//289 3900//3900
f 3900//3900 289//289 6698//6698
f 6254//6254 1667//1667 501//501
f 6254//6254 501//501 5198//5198
f 7413//7413 993//993 4974//4974
f 5580//5580 605//605 993//993
f 3035//3035 1223//1223 5447//5447
f 5447//5447 1223//1223 5445//5445
f 7411//7411 3021//3021 6048//6048
f 3021//3021 5490//5490 6048//6048
f 3351//3351 2022//2022 253//253
f 251//251 253//253 7160//7160
f 2133//2133 84//84 3844//3844
f 2132//2132 84//84 2133//2133
f 4383//4383 567//567 4384//4384
f 4381//4381 4384//4384 567//567
f 4829//4829 1257//1257 1259//1259
f 6522//6522 1257//1257 4829//4829
f 3094//3094 1831//1831 6695//6695
f 1831//1831 3094//3094 1832//1832
f 650//650 3127//3127 7354//7354
f 3127//3127 3129//3129 7354//7354
f 2165//2165 2164//2164 5410//5410
f 2165//2165 5410//5410 5505//5505
f 2798//2798 2796//2796 2797//2797
f 2798//2798 2797//2797 5717//5717
f 5493//5493 1323//1323 728//728
f 728//728 7311//7311 7414//7414
f 3924//3924 3948//3948 5294//5294
f 3924//3924 5294//5294 6998//6998
f 3196//3196 1050//1050 3197//3197
f 2639//2639 3197//3197 7118//7118
f 7064//7064 7078//7078 7062//7062
f 7064//7064 7062//7062 7061//7061
f 7212//7212 5279//5279 2512//2512
f 7212//7212 7211//7211 7415//7415
f 1098//1098 48//48 17//17
f 1098//1098 17//17 4589//4589
f 3331//3331 1593//1593 3330//3330
f 6535//6535 1593//1593 3331//3331
f 4447//4447 7381//7381 5381//5381
f 5381//5381 2553//2553 4447//4447
f 485//485 484//484 6764//6764
f 484//484 513//513 6764//6764
f 730//730 85//85 4719//4719
f 2132//2132 4719//4719 2521//2521
f 1577//1577 3005//3005 1578//1578
f 1578//1578 3005//3005 4013//4013
f 7078//7078 5909//5909 7062//7062
f 7078//7078 5907//5907 5909//5909
f 358//358 5951//5951 1282//1282
f 5960//5960 1282//1282 5951//5951
f 582//582 5302//5302 7416//7416
f 582//582 7416//7416 583//583
f 2092//2092 6176//6176 4359//4359
f 6693//6693 7417//7417 2092//2092
f 6998//6998 5294//5294 5292//5292
f 6998//6998 5292//5292 5293//5293
f 7203//7203 2612//2612 2611//2611
f 2669//2669 2612//2612 7203//7203
f 108//108 1999//1999 109//109
f 1999//1999 108//108 1276//1276
f 4835//4835 4834//4834 7321//7321
f 4835//4835 7321//7321 2580//2580
f 3953//3953 5609//5609 3954//3954
f 3953//3953 3956//3956 5609//5609
f 1978//1978 1977//1977 3694//3694
f 1978//1978 3694//3694 5825//5825
f 4681//4681 4801//4801 2094//2094
f 2094//2094 4801//4801 6693//6693
f 7220//7220 3081//3081 5423//5423
f 3081//3081 7220//7220 3112//3112
f 4891//4891 6462//6462 6476//6476
f 4891//4891 485//485 5648//5648
f 6288//6288 4833//4833 4835//4835
f 2283//2283 2285//2285 4833//4833
f 5433//5433 3710//3710 3712//3712
f 3712//3712 2564//2564 5433//5433
f 3519//3519 906//906 905//905
f 3519//3519 7418//7418 906//906
f 397//397 399//399 2820//2820
f 6755//6755 2820//2820 399//399
f 1627//1627 2800//2800 2799//2799
f 1627//1627 3956//3956 2800//2800
f 1028//1028 4839//4839 1026//1026
f 1026//1026 4839//4839 4838//4838
f 3285//3285 903//903 902//902
f 902//902 6844//6844 3285//3285
f 2351//2351 4103//4103 6459//6459
f 6459//6459 4103//4103 4105//4105
f 2962//2962 2004//2004 5517//5517
f 7180//7180 2004//2004 2962//2962
f 6547//6547 7419//7419 6548//6548
f 7420//7420 649//649 648//648
f 2434//2434 1372//1372 6955//6955
f 6955//6955 2436//2436 2434//2434
f 3939//3939 3938//3938 3941//3941
f 3941//3941 3938//3938 1378//1378
f 542//542 541//541 1852//1852
f 5874//5874 1852//1852 541//541
f 2576//2576 2575//2575 6923//6923
f 6923//6923 5917//5917 2576//2576
f 5588//5588 5156//5156 1129//1129
f 1128//1128 5588//5588 1129//1129
f 974//974 5241//5241 2920//2920
f 5241//5241 974//974 5997//5997
f 5739//5739 5756//5756 4691//4691
f 5739//5739 4691//4691 4690//4690
f 5536//5536 5538//5538 5526//5526
f 5538//5538 3287//3287 7421//7421
f 681//681 4525//4525 6558//6558
f 680//680 4525//4525 681//681
f 5144//5144 4041//4041 4038//4038
f 5144//5144 4038//4038 4037//4037
f 4341//4341 3768//3768 3767//3767
f 4341//4341 4340//4340 7058//7058
f 4230//4230 5029//5029 4992//4992
f 4229//4229 4228//4228 4230//4230
f 1250//1250 4780//4780 7422//7422
f 4780//4780 439//439 4916//4916
f 5405//5405 6671//6671 1200//1200
f 7093//7093 6671//6671 5405//5405
f 153//153 2887//2887 2885//2885
f 2668//2668 2885//2885 2887//2887
f 4341//4341 7058//7058 3768//3768
f 6458//6458 3768//3768 7058//7058
f 4312//4312 6466//6466 4277//4277
f 7346//7346 6466//6466 4312//4312
f 2913//2913 6336//6336 837//837
f 2913//2913 6599//6599 6336//6336
f 2765//2765 5428//5428 1524//1524
f 5429//5429 5428//5428 2765//2765
f 1129//1129 5156//5156 2054//2054
f 2054//2054 2053//2053 1129//1129
f 3481//3481 3500//3500 3482//3482
f 3482//3482 3500//3500 4742//4742
f 2958//2958 3206//3206 4446//4446
f 2958//2958 4446//4446 976//976
f 7293//7293 6516//6516 3937//3937
f 7293//7293 3937//3937 3936//3936
f 6632//6632 5988//5988 340//340
f 6632//6632 340//340 6633//6633
f 5677//5677 6390//6390 3933//3933
f 2334//2334 3933//3933 6720//6720
f 5938//5938 7336//7336 2359//2359
f 2359//2359 2361//2361 5938//5938
f 5413//5413 4196//4196 4197//4197
f 5413//5413 4197//4197 5412//5412
f 6708//6708 6714//6714 427//427
f 6714//6714 3617//3617 427//427
f 6052//6052 6051//6051 3502//3502
f 3501//3501 6597//6597 3502//3502
f 2286//2286 7399//7399 5473//5473
f 72//72 7399//7399 2286//2286
f 6633//6633 340//340 342//342
f 6633//6633 342//342 6150//6150
f 321//321 323//323 5106//5106
f 3238//3238 5106//5106 3239//3239
f 660//660 659//659 4024//4024
f 660//660 4024//4024 4023//4023
f 7107//7107 7277//7277 4347//4347
f 7107//7107 7289//7289 1248//1248
f 7254//7254 6110//6110 403//403
f 6109//6109 403//403 6110//6110
f 7206//7206 3643//3643 3642//3642
f 7206//7206 425//425 427//427
f 577//577 3239//3239 323//323
f 3239//3239 5106//5106 323//323
f 1267//1267 4906//4906 7188//7188
f 1267//1267 7423//7423 1071//1071
f 7369//7369 7424//7424 7322//7322
f 4879//4879 5560//5560 7425//7425
f 2395//2395 627//627 4541//4541
f 2395//2395 5130//5130 627//627
f 1266//1266 4909//4909 4250//4250
f 1266//1266 3584//3584 4909//4909
f 1623//1623 6950//6950 4712//4712
f 6950//6950 1623//1623 7030//7030
f 741//741 784//784 7084//7084
f 6722//6722 741//741 7084//7084
f 4023//4023 5066//5066 5065//5065
f 660//660 4023//4023 5065//5065
f 5910//5910 1810//1810 5908//5908
f 1810//1810 1809//1809 5908//5908
f 2467//2467 2975//2975 1165//1165
f 2467//2467 1165//1165 1164//1164
f 7369//7369 6961//6961 4880//4880
f 7369//7369 4880//4880 7424//7424
f 3468//3468 1527//1527 1606//1606
f 3468//3468 1528//1528 1527//1527
f 5066//5066 4023//4023 5048//5048
f 5048//5048 2620//2620 5066//5066
f 2124//2124 2126//2126 7426//7426
f 554//554 5509//5509 2126//2126
f 3236//3236 5993//5993 3237//3237
f 5993//5993 3236//3236 1401//1401
f 1772//1772 6400//6400 6399//6399
f 6400//6400 1772//1772 1771//1771
f 1056//1056 1055//1055 5559//5559
f 7425//7425 1056//1056 5559//5559
f 1451//1451 5703//5703 1452//1452
f 1451//1451 5691//5691 5703//5703
f 5191//5191 2550//2550 5192//5192
f 5191//5191 5192//5192 135//135
f 6285//6285 6284//6284 2443//2443
f 2441//2441 2443//2443 5569//5569
f 7341//7341 7060//7060 1205//1205
f 7060//7060 7341//7341 7061//7061
f 5946//5946 7427//7427 7428//7428
f 5946//5946 7428//7428 4880//4880
f 3160//3160 1974//1974 5912//5912
f 5912//5912 3694//3694 3160//3160
f 2782//2782 3069//3069 5464//5464
f 3069//3069 2782//2782 2784//2784
f 473//473 472//472 3668//3668
f 3668//3668 5383//5383 473//473
f 6284//6284 6024//6024 2443//2443
f 6024//6024 2425//2425 6025//6025
f 7055//7055 4514//4514 5226//5226
f 7055//7055 5226//5226 7053//7053
f 6915//6915 2894//2894 1811//1811
f 2894//2894 6915//6915 2895//2895
f 6305//6305 767//767 1412//1412
f 6305//6305 3069//3069 2784//2784
f 1461//1461 1464//1464 5943//5943
f 1464//1464 1028//1028 5943//5943
f 7429//7429 6904//6904 16//16
f 4967//4967 6226//6226 6224//6224
f 5822//5822 7395//7395 1164//1164
f 2890//2890 7395//7395 5822//5822
f 1410//1410 6717//6717 215//215
f 6717//6717 2802//2802 215//215
f 1576//1576 1575//1575 6316//6316
f 6323//6323 498//498 6316//6316
f 3443//3443 5850//5850 3445//3445
f 3443//3443 2559//2559 5850//5850
f 7430//7430 3537//3537 3656//3656
f 7430//7430 3535//3535 3537//3537
f 3566//3566 370//370 372//372
f 372//372 371//371 5881//5881
f 1137//1137 4142//4142 7//7
f 1137//1137 7//7 1486//1486
f 3326//3326 2312//2312 6979//6979
f 6979//6979 2312//2312 4329//4329
f 869//869 6166//6166 870//870
f 6166//6166 2631//2631 870//870
f 3437//3437 5698//5698 1747//1747
f 5699//5699 3437//3437 4727//4727
f 285//285 3585//3585 1039//1039
f 285//285 1039//1039 286//286
f 5800//5800 6616//6616 6258//6258
f 5800//5800 4980//4980 6616//6616
f 372//372 5881//5881 3566//3566
f 5881//5881 7174//7174 3566//3566
f 4609//4609 2695//2695 2696//2696
f 2092//2092 2696//2696 2695//2695
f 3393//3393 5552//5552 5550//5550
f 1517//1517 3149//3149 5552//5552
f 5240//5240 5242//5242 2921//2921
f 2921//2921 5242//5242 2922//2922
f 7048//7048 7047//7047 3789//3789
f 7048//7048 3789//3789 697//697
f 2677//2677 6464//6464 897//897
f 2677//2677 2350//2350 6464//6464
f 6310//6310 6312//6312 1716//1716
f 1715//1715 6310//6310 1716//1716
f 6799//6799 3369//3369 1095//1095
f 3368//3368 3369//3369 6799//6799
f 6124//6124 628//628 1144//1144
f 1142//1142 1144//1144 628//628
f 3182//3182 3187//3187 3183//3183
f 7225//7225 6195//6195 3187//3187
f 982//982 985//985 3483//3483
f 982//982 3483//3483 983//983
f 557//557 7431//7431 5269//5269
f 18//18 17//17 7431//7431
f 2328//2328 7283//7283 7282//7282
f 3369//3369 2328//2328 7282//7282
f 6794//6794 4655//4655 1376//1376
f 5030//5030 6793//6793 1376//1376
f 5947//5947 5116//5116 5115//5115
f 5947//5947 5115//5115 7432//7432
f 2780//2780 7277//7277 1250//1250
f 7422//7422 4915//4915 1250//1250
f 1286//1286 1288//1288 6718//6718
f 2868//2868 1286//1286 6727//6727
f 2959//2959 6337//6337 1060//1060
f 2959//2959 1060//1060 2961//2961
f 5860//5860 2871//2871 1674//1674
f 4225//4225 5860//5860 1674//1674
f 3679//3679 277//277 138//138
f 3675//3675 277//277 3679//3679
f 5355//5355 5342//5342 5356//5356
f 5357//5357 4802//4802 3888//3888
f 2915//2915 4211//4211 2916//2916
f 2915//2915 5733//5733 4211//4211
f 1496//1496 6341//6341 1497//1497
f 6341//6341 2737//2737 1497//1497
f 5947//5947 7432//7432 6626//6626
f 6252//6252 7432//7432 4744//4744
f 6095//6095 7187//7187 212//212
f 7188//7188 7187//7187 6095//6095
f 4780//4780 4916//4916 7422//7422
f 7422//7422 4916//4916 4915//4915
f 5513//5513 7433//7433 6408//6408
f 5513//5513 6408//6408 5512//5512
f 4081//4081 4077//4077 6954//6954
f 6524//6524 4077//4077 4081//4081
f 2434//2434 421//421 1372//1372
f 421//421 3355//3355 1372//1372
f 396//396 3972//3972 1636//1636
f 1636//1636 3972//3972 1633//1633
f 7172//7172 1269//1269 7171//7171
f 7171//7171 131//131 7172//7172
f 1911//1911 1913//1913 833//833
f 833//833 1913//1913 5664//5664
f 3285//3285 6844//6844 5357//5357
f 5357//5357 6844//6844 4802//4802
f 5513//5513 7182//7182 7433//7433
f 7182//7182 6241//6241 7433//7433
f 5028//5028 1992//1992 6564//6564
f 5028//5028 931//931 1992//1992
f 617//617 6759//6759 5484//5484
f 2812//2812 6759//6759 617//617
f 5858//5858 4699//4699 4877//4877
f 4699//4699 5858//5858 5857//5857
f 7432//7432 5115//5115 386//386
f 7432//7432 386//386 4744//4744
f 4965//4965 704//704 5543//5543
f 5542//5542 4965//4965 5543//5543
f 3656//3656 3655//3655 3653//3653
f 5974//5974 6678//6678 3123//3123
f 5596//5596 994//994 4989//4989
f 4989//4989 5581//5581 5596//5596
f 3764//3764 6726//6726 6505//6505
f 6726//6726 3764//3764 6878//6878
f 2685//2685 5340//5340 5994//5994
f 2686//2686 2685//2685 5994//5994
f 1842//1842 1841//1841 6713//6713
f 1842//1842 6713//6713 2589//2589
f 508//508 6206//6206 3450//3450
f 7169//7169 508//508 3450//3450
f 855//855 4859//4859 1103//1103
f 1386//1386 4859//4859 855//855
f 4751//4751 1891//1891 1890//1890
f 1890//1890 976//976 4751//4751
f 2101//2101 2692//2692 2102//2102
f 4677//4677 6070//6070 3885//3885
f 2169//2169 430//430 1328//1328
f 5787//5787 2169//2169 5788//5788
f 3413//3413 7051//7051 5791//5791
f 4331//4331 3413//3413 5791//5791
f 6907//6907 2804//2804 6896//6896
f 2804//2804 5683//5683 6567//6567
f 6547//6547 6789//6789 649//649
f 6547//6547 649//649 7419//7419
f 1147//1147 3125//3125 3192//3192
f 3353//3353 3125//3125 1147//1147
f 6206//6206 6571//6571 3448//3448
f 3448//3448 6572//6572 2315//2315
f 3189//3189 7337//7337 3190//3190
f 2130//2130 7337//7337 3189//3189
f 1394//1394 4694//4694 7029//7029
f 1393//1393 4694//4694 1394//1394
f 7419//7419 649//649 7420//7420
f 7419//7419 7420//7420 4597//4597
f 6543//6543 6007//6007 3760//3760
f 3760//3760 6119//6119 6543//6543
f 2136//2136 6187//6187 2204//2204
f 6187//6187 3863//3863 3844//3844
f 6896//6896 2804//2804 6567//6567
f 6897//6897 6896//6896 6567//6567
f 1146//1146 3353//3353 1147//1147
f 5658//5658 3353//3353 1146//1146
f 379//379 1779//1779 1046//1046
f 1779//1779 7434//7434 1780//1780
f 7435//7435 7068//7068 911//911
f 7067//7067 911//911 7068//7068
f 3863//3863 2136//2136 1742//1742
f 2136//2136 3863//3863 6187//6187
f 3304//3304 1019//1019 1343//1343
f 1018//1018 1343//1343 1019//1019
f 6038//6038 6568//6568 1760//1760
f 6038//6038 1760//1760 3934//3934
f 3076//3076 391//391 5136//5136
f 5136//5136 5199//5199 4560//4560
f 311//311 310//310 3086//3086
f 3087//3087 311//311 3086//3086
f 7436//7436 912//912 911//911
f 7436//7436 1278//1278 912//912
f 1295//1295 7041//7041 6599//6599
f 7041//7041 6336//6336 6599//6599
f 7434//7434 1779//1779 379//379
f 379//379 1000//1000 7434//7434
f 4482//4482 547//547 2234//2234
f 4482//4482 2234//2234 4485//4485
f 6136//6136 5348//5348 3808//3808
f 3921//3921 6136//6136 3808//3808
f 2455//2455 2454//2454 4078//4078
f 2454//2454 621//621 4078//4078
f 7436//7436 911//911 7067//7067
f 7067//7067 1278//1278 7436//7436
f 5181//5181 5189//5189 4188//4188
f 5189//5189 1797//1797 4188//4188
f 2277//2277 889//889 7297//7297
f 5797//5797 5795//5795 889//889
f 3863//3863 1742//1742 6317//6317
f 6317//6317 1742//1742 1525//1525
f 5966//5966 7437//7437 2411//2411
f 7437//7437 5966//5966 5965//5965
f 5404//5404 6827//6827 1987//1987
f 5404//5404 1987//1987 7391//7391
f 3077//3077 3076//3076 4560//4560
f 3076//3076 5136//5136 4560//4560
f 6941//6941 2789//2789 603//603
f 603//603 2789//2789 601//601
f 6628//6628 4811//4811 2149//2149
f 4851//4851 6628//6628 3869//3869
f 6830//6830 6831//6831 6835//6835
f 5748//5748 6831//6831 6830//6830
f 1621//1621 4711//4711 3538//3538
f 1621//1621 3538//3538 2955//2955
f 916//916 5807//5807 1615//1615
f 1614//1614 916//916 1615//1615
f 1987//1987 7390//7390 7391//7391
f 1782//1782 7391//7391 2641//2641
f 5174//5174 2461//2461 2985//2985
f 6948//6948 5174//5174 2985//2985
f 844//844 843//843 2369//2369
f 1577//1577 844//844 2369//2369
f 2277//2277 5797//5797 889//889
f 2277//2277 2279//2279 5797//5797
f 5236//5236 4518//4518 602//602
f 4516//4516 603//603 602//602
f 1351//1351 3690//3690 1349//1349
f 3690//3690 732//732 3689//3689
f 5809//5809 944//944 943//943
f 5809//5809 943//943 4381//4381
f 3833//3833 3299//3299 6087//6087
f 6087//6087 685//685 3833//3833
f 6862//6862 1614//1614 1616//1616
f 6862//6862 916//916 1614//1614
f 852//852 700//700 3681//3681
f 852//852 698//698 700//700
f 4797//4797 5882//5882 5884//5884
f 36//36 5884//5884 5882//5882
f 6397//6397 5953//5953 2447//2447
f 2496//2496 5953//5953 6397//6397
f 6293//6293 4952//4952 3414//3414
f 7167//7167 3414//3414 4952//4952
f 5237//5237 601//601 2788//2788
f 2789//2789 2788//2788 601//601
f 3690//3690 1351//1351 732//732
f 1351//1351 733//733 732//732
f 3600//3600 1755//1755 6855//6855
f 3600//3600 1753//1753 1755//1755
f 5556//5556 452//452 5736//5736
f 452//452 5556//5556 450//450
f 6762//6762 4063//4063 6763//6763
f 6763//6763 2366//2366 2365//2365
f 1995//1995 7087//7087 1996//1996
f 1996//1996 7087//7087 5571//5571
f 3218//3218 122//122 1097//1097
f 122//122 1094//1094 1097//1097
f 4463//4463 5327//5327 5886//5886
f 975//975 5886//5886 1219//1219
f 5134//5134 5132//5132 1497//1497
f 818//818 5132//5132 5134//5134
f 7//7 4100//4100 1486//1486
f 1486//1486 4100//4100 1484//1484
f 502//502 3394//3394 720//720
f 720//720 6151//6151 4317//4317
f 2659//2659 3662//3662 946//946
f 2659//2659 1232//1232 3659//3659
f 4465//4465 6581//6581 581//581
f 6581//6581 4465//4465 4799//4799
f 7124//7124 1294//1294 3895//3895
f 7133//7133 5327//5327 1294//1294
f 1871//1871 1870//1870 5584//5584
f 3181//3181 4192//4192 1870//1870
f 4546//4546 5502//5502 4086//4086
f 1856//1856 4546//4546 4086//4086
f 358//358 1281//1281 359//359
f 1281//1281 5307//5307 359//359
f 6740//6740 2559//2559 165//165
f 3257//3257 6740//6740 176//176
f 6489//6489 4713//4713 3481//3481
f 6721//6721 4713//4713 6489//6489
f 393//393 5630//5630 6273//6273
f 5630//5630 3957//3957 3959//3959
f 207//207 1327//1327 208//208
f 1327//1327 5913//5913 208//208
f 1154//1154 1156//1156 5956//5956
f 5956//5956 4773//4773 1154//1154
f 1120//1120 4976//4976 604//604
f 4405//4405 1120//1120 5564//5564
f 2112//2112 6699//6699 2109//2109
f 2109//2109 2113//2113 2112//2112
f 4443//4443 4933//4933 5590//5590
f 4443//4443 4934//4934 4933//4933
f 5913//5913 6909//6909 7330//7330
f 5913//5913 7330//7330 208//208
f 5920//5920 6257//6257 6266//6266
f 6257//6257 1173//1173 6266//6266
f 5468//5468 6273//6273 3959//3959
f 5630//5630 3959//3959 6273//6273
f 3792//3792 6658//6658 6667//6667
f 3792//3792 6667//6667 4287//4287
f 1784//1784 1468//1468 7121//7121
f 1782//1782 1784//1784 7121//7121
f 1181//1181 2289//2289 146//146
f 2289//2289 1181//1181 4960//4960
f 4166//4166 4168//4168 3335//3335
f 4166//4166 3335//3335 6829//6829
f 4975//4975 3156//3156 3158//3158
f 1119//1119 4975//4975 1120//1120
f 5640//5640 4040//4040 5838//5838
f 5838//5838 4040//4040 5837//5837
f 6722//6722 7084//7084 6721//6721
f 6721//6721 6489//6489 6722//6722
f 5368//5368 3237//3237 5993//5993
f 1679//1679 3237//3237 5368//5368
f 7285//7285 5244//5244 3633//3633
f 3633//3633 5244//5244 5243//5243
f 5414//5414 5416//5416 5438//5438
f 5438//5438 4168//4168 5414//5414
f 812//812 811//811 847//847
f 812//812 847//847 4586//4586
f 4673//4673 4674//4674 4662//4662
f 3359//3359 1251//1251 4662//4662
f 1936//1936 3323//3323 3730//3730
f 1936//1936 5814//5814 3323//3323
f 6533//6533 1066//1066 2181//2181
f 1066//1066 1696//1696 2181//2181
f 3504//3504 3502//3502 6051//6051
f 6051//6051 2448//2448 3504//3504
f 7420//7420 3037//3037 3036//3036
f 4597//4597 7420//7420 3036//3036
f 4018//4018 5489//5489 926//926
f 926//926 5489//5489 924//924
f 3621//3621 3623//3623 3622//3622
f 1801//1801 3621//3621 3622//3622
f 2485//2485 2484//2484 7438//7438
f 2485//2485 7438//7438 487//487
f 5813//5813 4805//4805 5814//5814
f 5814//5814 5220//5220 5813//5813
f 2182//2182 2181//2181 3782//3782
f 2182//2182 6143//6143 2149//2149
f 5637//5637 2791//2791 5167//5167
f 2321//2321 5167//5167 2791//2791
f 2329//2329 2331//2331 6773//6773
f 2329//2329 3226//3226 1044//1044
f 2825//2825 3966//3966 3965//3965
f 6913//6913 2825//2825 6908//6908
f 1//1 3905//3905 3490//3490
f 1//1 3490//3490 4770//4770
f 4822//4822 231//231 3324//3324
f 4822//4822 4821//4821 231//231
f 3713//3713 3739//3739 2478//2478
f 3739//3739 2476//2476 2478//2478
f 1104//1104 4173//4173 5655//5655
f 1883//1883 5655//5655 4173//4173
f 6458//6458 2067//2067 3771//3771
f 2067//2067 82//82 3771//3771
f 6533//6533 5687//5687 2178//2178
f 2178//2178 5687//5687 2179//2179
f 4866//4866 4094//4094 4056//4056
f 4094//4094 5565//5565 4056//4056
f 5003//5003 4981//4981 6378//6378
f 6378//6378 4981//4981 2747//2747
f 6302//6302 3056//3056 3289//3289
f 3056//3056 3058//3058 3289//3289
f 3336//3336 1395//1395 1397//1397
f 1395//1395 3336//3336 6831//6831
f 883//883 2525//2525 2243//2243
f 2525//2525 5160//5160 2243//2243
f 3386//3386 6//6 7439//7439
f 3385//3385 4865//4865 3386//3386
f 3748//3748 3751//3751 3749//3749
f 3748//3748 6437//6437 3751//3751
f 5332//5332 3554//3554 274//274
f 3554//3554 843//843 274//274
f 6908//6908 2825//2825 3529//3529
f 3529//3529 4838//4838 6908//6908
f 5345//5345 638//638 640//640
f 640//640 6826//6826 5345//5345
f 260//260 3460//3460 261//261
f 3460//3460 5312//5312 261//261
f 2724//2724 738//738 4822//4822
f 4822//4822 3324//3324 2724//2724
f 4526//4526 1540//1540 1539//1539
f 6450//6450 1540//1540 4526//4526
f 850//850 7170//7170 5775//5775
f 5774//5774 850//850 5775//5775
f 3181//3181 4193//4193 4192//4192
f 6996//6996 1868//1868 4193//4193
f 4240//4240 4241//4241 5150//5150
f 5148//5148 4240//4240 5150//5150
f 6049//6049 2082//2082 222//222
f 6049//6049 222//222 1057//1057
f 3422//3422 591//591 3425//3425
f 3747//3747 3425//3425 591//591
f 1068//1068 5872//5872 5871//5871
f 5872//5872 5752//5752 5871//5871
f 6526//6526 6527//6527 1900//1900
f 1900//1900 5165//5165 6526//6526
f 1469//1469 2216//2216 6279//6279
f 1469//1469 6279//6279 6278//6278
f 1868//1868 4191//4191 4193//4193
f 4191//4191 1868//1868 1867//1867
f 7144//7144 7143//7143 1249//1249
f 7144//7144 1249//1249 1248//1248
f 3142//3142 216//216 3140//3140
f 2803//2803 3140//3140 216//216
f 2870//2870 5020//5020 3220//3220
f 3220//3220 5020//5020 5022//5022
f 6578//6578 3735//3735 3332//3332
f 3735//3735 3331//3331 3332//3332
f 7103//7103 7440//7440 472//472
f 999//999 2671//2671 2969//2969
f 5586//5586 7091//7091 6482//6482
f 7091//7091 1128//1128 6275//6275
f 7143//7143 439//439 4779//4779
f 1249//1249 7143//7143 4779//4779
f 2679//2679 6992//6992 6991//6991
f 2679//2679 6991//6991 7113//7113
f 6996//6996 4111//4111 4110//4110
f 4193//4193 4111//4111 6996//6996
f 4444//4444 563//563 432//432
f 2706//2706 563//563 4444//4444
f 7327//7327 5775//5775 7170//7170
f 5090//5090 7327//7327 7170//7170
f 4297//4297 6537//6537 7396//7396
f 4296//4296 6537//6537 4297//4297
f 3251//3251 6313//6313 3249//3249
f 3251//3251 4632//4632 6313//6313
f 2211//2211 7071//7071 6671//6671
f 2211//2211 7091//7091 7071//7071
f 2107//2107 4428//4428 4430//4430
f 4428//4428 1749//1749 4430//4430
f 4784//4784 7114//7114 4782//4782
f 5762//5762 2381//2381 416//416
f 4085//4085 4547//4547 1740//1740
f 4085//4085 1740//1740 1739//1739
f 7106//7106 2969//2969 7103//7103
f 2969//2969 7440//7440 7103//7103
f 6823//6823 6822//6822 7314//7314
f 6823//6823 7314//7314 4946//4946
f 4296//4296 1593//1593 6537//6537
f 1593//1593 4296//4296 3737//3737
f 4881//4881 5933//5933 4708//4708
f 5933//5933 4881//4881 4882//4882
f 2685//2685 2687//2687 5341//5341
f 5355//5355 6704//6704 5342//5342
f 6223//6223 1489//1489 7323//7323
f 1489//1489 6223//6223 4654//4654
f 4999//4999 2141//2141 7267//7267
f 4999//4999 7267//7267 5000//5000
f 1340//1340 3568//3568 4949//4949
f 4949//4949 6579//6579 1340//1340
f 4920//4920 4922//4922 4921//4921
f 4920//4920 2300//2300 4922//4922
f 4333//4333 3375//3375 4334//4334
f 502//502 6685//6685 4333//4333
f 1003//1003 1004//1004 4566//4566
f 1003//1003 1002//1002 1004//1004
f 6690//6690 5361//5361 5676//5676
f 3132//3132 2499//2499 6690//6690
f 6704//6704 5355//5355 6703//6703
f 6704//6704 6703//6703 2612//2612
f 4653//4653 229//229 4654//4654
f 4654//4654 229//229 1508//1508
f 4277//4277 4764//4764 7246//7246
f 4764//4764 4277//4277 6466//6466
f 5992//5992 1329//1329 3510//3510
f 5992//5992 3510//3510 4088//4088
f 6104//6104 6103//6103 2297//2297
f 6103//6103 6102//6102 2297//2297
f 1907//1907 2482//2482 7441//7441
f 2952//2952 7441//7441 2482//2482
f 5320//5320 5060//5060 5321//5321
f 14//14 5321//5321 5060//5060
f 630//630 4997//4997 6146//6146
f 6146//6146 1980//1980 630//630
f 2932//2932 1179//1179 1896//1896
f 2932//2932 1896//1896 1895//1895
f 169//169 6301//6301 70//70
f 70//70 6301//6301 1107//1107
f 3931//3931 3391//3391 3932//3932
f 3391//3391 3931//3931 1709//1709
f 4034//4034 2244//2244 4035//4035
f 2244//2244 5160//5160 885//885
f 5789//5789 3630//3630 5787//5787
f 3630//3630 1605//1605 1604//1604
f 1805//1805 1807//1807 3551//3551
f 339//339 1805//1805 3551//3551
f 1431//1431 820//820 1432//1432
f 820//820 5317//5317 1432//1432
f 5347//5347 1299//1299 3826//3826
f 5353//5353 1299//1299 5347//5347
f 4997//4997 570//570 6146//6146
f 2541//2541 570//570 2542//2542
f 5875//5875 12//12 2280//2280
f 3456//3456 10//10 12//12
f 4142//4142 1137//1137 1136//1136
f 4142//4142 1136//1136 4918//4918
f 6642//6642 4611//4611 3696//3696
f 3696//3696 4611//4611 3697//3697
f 2461//2461 6733//6733 2983//2983
f 2461//2461 2983//2983 2985//2985
f 2151//2151 2150//2150 1444//1444
f 1444//1444 2150//2150 3784//3784
f 4754//4754 7142//7142 1961//1961
f 4715//4715 4754//4754 1961//1961
f 219//219 2824//2824 2278//2278
f 2278//2278 220//220 219//219
f 2424//2424 5210//5210 4652//4652
f 6223//6223 2424//2424 4652//4652
f 6960//6960 5255//5255 5254//5254
f 6752//6752 5255//5255 6960//6960
f 4144//4144 4919//4919 6474//6474
f 4919//4919 4918//4918 1136//1136
f 5335//5335 961//961 3545//3545
f 3975//3975 961//961 3544//3544
f 6123//6123 6125//6125 6124//6124
f 7331//7331 6125//6125 6123//6123
f 6680//6680 3669//3669 5784//5784
f 6680//6680 5061//5061 3669//3669
f 4573//4573 2260//2260 2259//2259
f 4573//4573 2259//2259 7442//7442
f 3819//3819 985//985 984//984
f 985//985 3819//3819 3483//3483
f 244//244 5039//5039 5720//5720
f 5720//5720 242//242 244//244
f 7085//7085 7086//7086 7435//7435
f 7086//7086 7068//7068 7435//7435
f 226//226 5497//5497 224//224
f 2318//2318 5497//5497 226//226
f 5119//5119 2678//2678 1235//1235
f 5119//5119 1235//1235 1237//1237
f 6012//6012 275//275 4384//4384
f 6012//6012 5486//5486 275//275
f 2025//2025 2027//2027 5465//5465
f 106//106 2027//2027 107//107
f 3457//3457 6833//6833 2758//2758
f 3457//3457 6604//6604 5206//5206
f 1237//1237 6079//6079 5119//5119
f 6079//6079 1237//1237 6837//6837
f 2413//2413 4491//4491 5970//5970
f 4491//4491 2413//2413 4490//4490
f 3590//3590 1589//1589 6677//6677
f 1588//1588 6677//6677 1589//1589
f 4199//4199 716//716 4200//4200
f 4200//4200 716//716 2273//2273
f 6261//6261 2552//2552 6446//6446
f 5276//5276 6446//6446 2552//2552
f 3436//3436 6090//6090 270//270
f 3436//3436 4017//4017 6091//6091
f 37//37 7331//7331 1612//1612
f 37//37 6125//6125 7331//7331
f 3560//3560 5803//5803 5397//5397
f 5397//5397 3563//3563 5371//5371
f 6655//6655 5985//5985 4830//4830
f 5985//5985 6655//6655 4832//4832
f 3831//3831 4//4 3034//3034
f 455//455 3831//3831 3034//3034
f 5309//5309 5277//5277 5308//5308
f 5309//5309 5308//5308 5278//5278
f 4199//4199 7094//7094 717//717
f 4199//4199 717//717 716//716
f 1781//1781 7121//7121 1046//1046
f 1781//1781 1046//1046 1779//1779
f 5296//5296 1568//1568 1567//1567
f 5296//5296 1567//1567 6062//6062
f 3868//3868 214//214 3785//3785
f 212//212 214//214 3868//3868
f 4798//4798 186//186 3882//3882
f 186//186 4798//4798 187//187
f 1655//1655 1372//1372 3355//3355
f 1655//1655 3355//3355 1656//1656
f 2057//2057 1258//1258 6243//6243
f 1258//1258 6523//6523 6243//6243
f 3192//3192 5222//5222 6471//6471
f 1535//1535 6471//6471 5222//5222
f 2196//2196 4201//4201 5252//5252
f 4199//4199 4201//4201 2196//2196
f 3599//3599 1753//1753 3600//3600
f 3769//3769 1753//1753 3599//3599
f 5296//5296 6061//6061 5864//5864
f 5864//5864 6061//6061 5737//5737
f 4753//4753 4755//4755 4716//4716
f 4755//4755 4715//4715 4716//4716
f 6012//6012 6011//6011 3264//3264
f 4381//4381 4380//4380 6011//6011
f 197//197 5098//5098 1573//1573
f 5098//5098 1574//1574 1573//1573
f 7235//7235 7336//7336 5937//5937
f 7235//7235 5937//5937 671//671
f 3482//3482 4743//4743 1214//1214
f 489//489 1214//1214 4743//4743
f 1584//1584 3687//3687 2927//2927
f 1584//1584 2927//2927 1583//1583
f 7181//7181 1429//1429 62//62
f 62//62 7177//7177 7181//7181
f 4837//4837 2491//2491 1446//1446
f 2491//2491 2861//2861 5184//5184
f 4339//4339 4341//4341 3767//3767
f 3767//3767 4375//4375 4339//4339
f 4380//4380 3264//3264 6011//6011
f 4380//4380 3262//3262 3264//3264
f 3199//3199 6668//6668 1722//1722
f 1722//1722 6668//6668 2856//2856
f 4993//4993 6863//6863 4231//4231
f 2404//2404 6861//6861 6863//6863
f 6544//6544 542//542 6165//6165
f 540//540 542//542 6544//6544
f 4138//4138 3383//3383 1971//1971
f 1971//1971 3383//3383 1972//1972
f 5404//5404 6276//6276 6280//6280
f 6276//6276 6277//6277 6280//6280
f 1949//1949 6114//6114 6649//6649
f 6636//6636 1949//1949 6649//6649
f 6115//6115 5213//5213 3454//3454
f 3454//3454 5213//5213 7075//7075
f 4231//4231 6863//6863 6861//6861
f 4231//4231 6861//6861 6455//6455
f 4718//4718 4717//4717 4724//4724
f 4718//4718 4724//4724 1429//1429
f 3185//3185 6197//6197 7031//7031
f 6197//6197 3185//3185 6195//6195
f 3548//3548 3546//3546 1852//1852
f 1853//1853 1852//1852 3546//3546
f 4468//4468 925//925 924//924
f 4468//4468 4800//4800 925//925
f 5313//5313 7052//7052 7051//7051
f 5313//5313 1160//1160 1162//1162
f 806//806 3143//3143 3261//3261
f 806//806 3261//3261 3259//3259
f 5539//5539 3790//3790 4392//4392
f 3790//3790 3791//3791 4392//4392
f 3073//3073 4558//4558 4559//4559
f 3073//3073 5629//5629 4558//4558
f 4791//4791 630//630 1981//1981
f 1981//1981 2062//2062 4791//4791
f 460//460 459//459 6241//6241
f 6241//6241 7182//7182 460//460
f 3807//3807 5701//5701 1134//1134
f 3808//3808 3807//3807 1134//1134
f 2389//2389 424//424 423//423
f 5033//5033 5032//5032 2389//2389
f 6293//6293 3396//3396 4734//4734
f 4951//4951 6293//6293 4734//4734
f 3074//3074 3122//3122 3075//3075
f 3075//3075 3122//3122 3957//3957
f 3097//3097 3806//3806 5695//5695
f 3097//3097 3804//3804 3806//3806
f 7105//7105 4004//4004 3090//3090
f 7105//7105 955//955 4004//4004
f 2499//2499 3131//3131 1915//1915
f 1915//1915 3131//3131 789//789
f 3941//3941 6242//6242 459//459
f 6242//6242 6241//6241 459//459
f 2014//2014 6173//6173 5929//5929
f 2014//2014 5929//5929 3549//3549
f 2028//2028 2228//2228 86//86
f 2227//2227 86//86 2228//2228
f 7236//7236 3133//3133 7239//7239
f 7239//7239 1956//1956 7236//7236
f 1318//1318 77//77 76//76
f 5097//5097 4807//4807 1368//1368
f 6869//6869 6870//6870 3470//3470
f 6869//6869 3470//3470 1828//1828
f 4113//4113 5105//5105 4114//4114
f 5106//5106 4114//4114 5105//5105
f 121//121 5828//5828 4021//4021
f 1094//1094 121//121 4021//4021
f 7412//7412 7081//7081 377//377
f 7081//7081 5585//5585 3516//3516
f 4239//4239 2637//2637 933//933
f 2637//2637 1426//1426 933//933
f 1619//1619 3396//3396 3397//3397
f 6293//6293 3397//3397 3396//3396
f 3316//3316 5109//5109 5111//5111
f 3316//3316 7404//7404 5109//5109
f 2951//2951 2954//2954 7443//7443
f 2951//2951 1622//1622 2954//2954
f 6303//6303 6715//6715 6870//6870
f 6869//6869 6303//6303 6870//6870
f 6322//6322 7444//7444 1825//1825
f 915//915 7444//7444 2120//2120
f 4397//4397 4970//4970 5333//5333
f 4397//4397 5333//5333 4365//4365
f 376//376 5585//5585 7412//7412
f 7081//7081 7412//7412 5585//5585
f 3625//3625 1462//1462 3624//3624
f 865//865 3625//3625 3624//3624
f 252//252 1204//1204 3347//3347
f 1204//1204 252//252 251//251
f 6297//6297 6425//6425 5113//5113
f 6424//6424 6425//6425 6297//6297
f 1534//1534 1533//1533 2114//2114
f 1534//1534 2114//2114 6017//6017
f 1927//1927 3583//3583 1677//1677
f 4908//4908 3583//3583 1927//1927
f 2564//2564 5731//5731 2562//2562
f 2562//2562 4373//4373 2563//2563
f 5774//5774 3918//3918 5776//5776
f 5776//5776 3918//3918 1889//1889
f 7411//7411 6048//6048 3824//3824
f 7411//7411 3824//3824 6318//6318
f 3392//3392 6296//6296 1518//1518
f 6426//6426 6297//6297 6296//6296
f 5626//5626 7379//7379 1053//1053
f 1052//1052 5626//5626 1053//1053
f 7214//7214 6444//6444 6445//6445
f 6755//6755 6444//6444 2533//2533
f 5731//5731 4373//4373 2562//2562
f 5541//5541 4373//4373 5731//5731
f 3653//3653 3655//3655 3652//3652
f 3652//3652 3655//3655 875//875
f 2877//2877 2874//2874 2875//2875
f 970//970 2874//2874 2877//2877
f 68//68 301//301 299//299
f 3328//3328 301//301 5769//5769
f 5624//5624 343//343 4646//4646
f 5624//5624 344//344 343//343
f 2593//2593 2595//2595 2592//2592
f 3821//3821 2593//2593 2592//2592
f 6546//6546 6549//6549 5259//5259
f 1348//1348 5259//5259 1346//1346
f 6426//6426 3364//3364 3366//3366
f 6426//6426 6296//6296 3392//3392
f 4257//4257 3535//3535 7430//7430
f 7430//7430 5974//5974 4257//4257
f 4104//4104 6850//6850 4105//4105
f 4105//4105 6850//6850 6851//6851
f 67//67 184//184 68//68
f 301//301 68//68 5769//5769
f 2217//2217 2220//2220 5558//5558
f 1803//1803 2217//2217 5558//5558
f 1348//1348 6546//6546 5259//5259
f 6546//6546 1348//1348 6547//6547
f 2137//2137 426//426 425//425
f 6645//6645 2137//2137 425//425
f 6755//6755 6445//6445 6444//6444
f 6445//6445 6755//6755 6756//6756
f 4288//4288 5109//5109 7404//7404
f 2805//2805 4288//4288 7404//7404
f 6737//6737 5889//5889 3419//3419
f 4951//4951 6737//6737 3419//3419
f 2139//2139 1385//1385 426//426
f 2137//2137 2139//2139 426//426
f 4509//4509 3234//3234 4508//4508
f 3234//3234 5187//5187 5186//5186
f 657//657 2918//2918 5047//5047
f 655//655 657//657 2619//2619
f 3341//3341 4885//4885 4883//4883
f 4885//4885 3339//3339 4883//4883
f 3713//3713 2564//2564 3714//3714
f 3712//3712 3714//3714 2564//2564
f 7445//7445 654//654 881//881
f 7445//7445 881//881 3201//3201
f 6754//6754 2233//2233 546//546
f 546//546 2233//2233 547//547
f 293//293 3518//3518 294//294
f 294//294 6344//6344 1730//1730
f 6317//6317 1525//1525 2058//2058
f 1525//1525 2056//2056 2058//2058
f 4210//4210 7154//7154 7152//7152
f 7154//7154 4210//4210 657//657
f 2268//2268 1735//1735 1737//1737
f 2268//2268 7281//7281 1735//1735
f 1271//1271 189//189 6035//6035
f 1271//1271 6035//6035 4520//4520
f 3233//3233 5187//5187 3234//3234
f 683//683 5187//5187 3233//3233
f 3136//3136 1406//1406 6153//6153
f 6153//6153 1352//1352 3136//3136
f 294//294 3518//3518 6344//6344
f 3518//3518 3520//3520 6344//6344
f 5435//5435 4162//4162 1757//1757
f 1758//1758 1757//1757 4162//4162
f 3888//3888 3889//3889 4941//4941
f 3889//3889 3282//3282 3284//3284
f 253//253 2022//2022 7160//7160
f 7160//7160 2022//2022 4545//4545
f 4012//4012 2606//2606 2607//2607
f 4012//4012 2604//2604 2606//2606
f 5973//5973 4290//4290 4262//4262
f 7403//7403 4290//4290 5973//5973
f 2813//2813 2812//2812 619//619
f 2813//2813 619//619 5391//5391
f 4344//4344 6885//6885 6025//6025
f 2425//2425 4344//4344 6025//6025
f 6055//6055 5249//5249 2185//2185
f 1388//1388 5251//5251 5249//5249
f 5086//5086 2813//2813 5391//5391
f 5086//5086 5391//5391 5087//5087
f 1846//1846 5750//5750 346//346
f 1846//1846 346//346 1844//1844
f 2599//2599 5425//5425 5426//5426
f 5426//5426 5425//5425 1080//1080
f 6780//6780 7004//7004 6778//6778
f 6709//6709 7004//7004 6780//6780
f 3258//3258 3257//3257 6738//6738
f 3258//3258 5969//5969 3256//3256
f 5973//5973 5109//5109 7403//7403
f 4288//4288 7403//7403 5109//5109
f 3099//3099 3823//3823 3804//3804
f 3804//3804 3097//3097 3099//3099
f 1773//1773 6326//6326 1774//1774
f 1773//1773 63//63 6326//6326
f 2569//2569 205//205 6085//6085
f 205//205 2569//2569 6856//6856
f 3577//3577 6519//6519 3575//3575
f 3577//3577 3575//3575 6691//6691
f 4537//4537 434//434 5921//5921
f 6932//6932 4537//4537 5921//5921
f 6236//6236 4484//4484 5969//5969
f 3258//3258 6738//6738 5969//5969
f 2491//2491 5184//5184 1446//1446
f 1446//1446 5184//5184 1444//1444
f 3517//3517 1732//1732 5051//5051
f 5051//5051 1732//1732 1731//1731
f 4434//4434 2013//2013 6530//6530
f 3379//3379 4434//4434 6530//6530
f 3041//3041 6710//6710 6709//6709
f 6709//6709 6780//6780 3041//3041
f 2719//2719 4711//4711 4709//4709
f 4711//4711 4710//4710 4709//4709
f 835//835 1648//1648 95//95
f 834//834 1648//1648 835//835
f 7440//7440 2671//2671 472//472
f 2671//2671 7440//7440 2969//2969
f 6196//6196 6668//6668 3199//3199
f 6668//6668 6196//6196 6669//6669
f 283//283 3823//3823 3822//3822
f 2591//2591 283//283 3822//3822
f 6748//6748 5589//5589 5587//5587
f 6748//6748 859//859 5589//5589
f 369//369 5072//5072 6841//6841
f 5072//5072 369//369 2241//2241
f 5878//5878 1743//1743 2135//2135
f 1743//1743 1742//1742 2135//2135
f 1702//1702 4900//4900 7279//7279
f 1702//1702 1704//1704 4900//4900
f 5131//5131 2611//2611 2613//2613
f 5987//5987 5131//5131 2613//2613
f 4949//4949 5499//5499 5501//5501
f 4949//4949 5501//5501 6579//6579
f 5932//5932 3119//3119 4530//4530
f 5932//5932 4530//4530 2673//2673
f 1646//1646 1648//1648 834//834
f 1646//1646 834//834 6596//6596
f 5422//5422 5508//5508 3079//3079
f 5508//5508 5422//5422 7361//7361
f 1361//1361 1363//1363 5589//5589
f 1361//1361 5589//5589 859//859
f 2556//2556 5381//5381 6503//6503
f 2556//2556 6503//6503 6502//6502
f 6134//6134 6135//6135 4983//4983
f 4983//4983 351//351 6134//6134
f 2997//2997 4532//4532 2995//2995
f 4532//4532 5708//5708 2995//2995
f 3147//3147 6271//6271 3322//3322
f 3147//3147 3322//3322 3321//3321
f 6832//6832 1722//1722 1355//1355
f 6735//6735 6832//6832 1355//1355
f 3318//3318 4291//4291 7404//7404
f 2805//2805 7404//7404 4291//4291
f 711//711 537//537 712//712
f 6484//6484 6485//6485 711//711
f 322//322 4424//4424 7190//7190
f 4425//4425 4424//4424 322//322
f 1796//1796 516//516 6874//6874
f 516//516 518//518 51//51
f 2937//2937 3173//3173 2940//2940
f 3173//3173 5154//5154 2940//2940
f 4774//4774 349//349 4983//4983
f 4732//4732 349//349 4774//4774
f 5207//5207 3322//3322 6271//6271
f 6271//6271 5990//5990 5207//5207
f 4017//4017 4016//4016 4015//4015
f 4015//4015 5418//5418 4017//4017
f 4205//4205 5488//5488 922//922
f 7307//7307 922//922 5488//5488
f 6263//6263 6332//6332 3218//3218
f 6332//6332 6263//6263 4783//4783
f 5998//5998 973//973 1313//1313
f 1311//1311 1313//1313 973//973
f 7345//7345 6465//6465 7346//7346
f 7346//7346 6465//6465 6466//6466
f 4009//4009 6813//6813 4006//4006
f 4009//4009 4006//4006 4008//4008
f 6561//6561 5990//5990 6271//6271
f 6271//6271 3146//3146 6561//6561
f 7120//7120 4665//4665 1121//1121
f 1125//1125 4665//4665 4667//4667
f 7045//7045 7329//7329 3194//3194
f 6418//6418 3195//3195 3194//3194
f 550//550 3456//3456 5875//5875
f 3456//3456 12//12 5875//5875
f 4274//4274 6840//6840 245//245
f 5783//5783 5782//5782 245//245
f 7371//7371 503//503 7372//7372
f 7371//7371 7372//7372 3376//3376
f 4357//4357 2437//2437 5494//5494
f 5494//5494 2437//2437 2391//2391
f 3842//3842 3863//3863 6244//6244
f 6244//6244 2134//2134 3842//3842
f 2323//2323 2325//2325 5157//5157
f 2323//2323 5157//5157 3795//3795
f 7120//7120 2633//2633 4667//4667
f 7120//7120 4667//4667 4665//4665
f 2753//2753 4136//4136 4135//4135
f 2753//2753 2755//2755 7274//7274
f 4730//4730 2702//2702 5923//5923
f 5923//5923 1152//1152 4730//4730
f 2456//2456 624//624 2457//2457
f 2457//2457 624//624 623//623
f 7057//7057 4340//4340 2660//2660
f 2660//2660 690//690 689//689
f 5932//5932 2673//2673 3117//3117
f 2672//2672 3117//3117 2673//2673
f 6939//6939 266//266 1708//1708
f 6939//6939 267//267 266//266
f 7446//7446 469//469 6736//6736
f 7017//7017 6736//6736 469//469
f 7089//7089 7090//7090 4140//4140
f 7089//7089 4140//4140 4141//4141
f 1998//1998 2000//2000 4080//4080
f 7033//7033 1998//1998 4080//4080
f 7057//7057 689//689 1007//1007
f 7057//7057 2660//2660 689//689
f 5644//5644 4436//4436 4438//4438
f 5644//5644 4438//4438 7039//7039
f 1153//1153 5956//5956 5955//5955
f 5957//5957 1153//1153 5955//5955
f 7446//7446 4048//4048 469//469
f 7446//7446 6736//6736 6735//6735
f 7072//7072 4244//4244 5366//5366
f 7072//7072 5366//5366 3556//3556
f 900//900 2668//2668 898//898
f 898//898 2668//2668 2887//2887
f 6366//6366 5620//5620 2221//2221
f 240//240 6366//6366 2221//2221
f 6983//6983 6984//6984 3882//3882
f 6983//6983 3882//3882 186//186
f 7245//7245 6141//6141 6180//6180
f 6141//6141 7245//7245 2462//2462
f 6015//6015 4820//4820 891//891
f 5209//5209 4820//4820 6015//6015
f 7446//7446 6735//6735 4048//4048
f 4048//4048 6735//6735 1355//1355
f 1954//1954 5900//5900 5897//5897
f 5897//5897 5900//5900 5898//5898
f 6982//6982 6130//6130 6984//6984
f 6982//6982 6984//6984 6983//6983
f 1824//1824 7159//7159 1280//1280
f 1824//1824 5644//5644 7039//7039
f 6817//6817 1628//1628 351//351
f 350//350 2310//2310 6817//6817
f 2221//2221 2223//2223 4439//4439
f 4439//4439 2223//2223 5163//5163
f 5344//5344 756//756 5481//5481
f 5344//5344 1665//1665 756//756
f 4460//4460 4462//4462 2407//2407
f 2904//2904 4460//4460 2407//2407
f 5873//5873 4796//4796 6988//6988
f 2840//2840 6731//6731 6730//6730
f 2199//2199 3216//3216 2845//2845
f 194//194 2845//2845 5939//5939
f 7294//7294 3256//3256 3254//3254
f 6943//6943 6739//6739 3254//3254
f 4256//4256 6206//6206 2272//2272
f 4256//4256 6571//6571 6206//6206
f 848//848 5471//5471 849//849
f 5450//5450 849//849 5471//5471
f 7362//7362 6988//6988 4796//4796
f 7362//7362 4796//4796 2099//2099
f 1950//1950 2723//2723 3980//3980
f 1950//1950 3980//3980 4980//4980
f 6817//6817 2310//2310 1628//1628
f 1628//1628 2310//2310 1629//1629
f 1408//1408 7416//7416 5302//5302
f 7416//7416 1408//1408 1407//1407
f 1269//1269 7172//7172 4251//4251
f 1269//1269 4251//4251 4250//4250
f 7274//7274 4136//4136 2753//2753
f 2786//2786 4136//4136 7274//7274
f 2597//2597 860//860 1506//1506
f 2597//2597 861//861 860//860
f 6962//6962 6491//6491 5627//5627
f 6491//6491 5625//5625 5627//5627
f 3094//3094 3093//3093 1832//1832
f 5108//5108 3471//3471 3879//3879
f 1336//1336 3954//3954 7099//7099
f 1334//1334 1336//1336 7099//7099
f 3101//3101 5035//5035 3102//3102
f 6881//6881 5035//5035 3101//3101
f 4035//4035 2244//2244 885//885
f 4035//4035 885//885 4033//4033
f 3023//3023 1821//1821 1820//1820
f 3027//3027 3023//3023 1820//1820
f 1232//1232 1234//1234 6480//6480
f 6480//6480 1234//1234 6019//6019
f 3625//3625 864//864 1460//1460
f 6060//6060 1460//1460 864//864
f 330//330 3415//3415 328//328
f 133//133 328//328 3415//3415
f 4887//4887 6643//6643 1946//1946
f 6643//6643 1942//1942 1946//1946
f 232//232 1660//1660 6250//6250
f 7409//7409 6934//6934 6250//6250
f 287//287 7005//7005 1470//1470
f 1470//1470 7005//7005 3925//3925
f 5852//5852 6117//6117 983//983
f 1298//1298 5852//5852 1299//1299
f 5481//5481 5736//5736 755//755
f 755//755 5344//5344 5481//5481
f 1069//1069 7423//7423 6095//6095
f 1071//1071 7423//7423 1069//1069
f 6679//6679 3440//3440 133//133
f 133//133 3440//3440 328//328
f 1327//1327 7271//7271 7447//7447
f 7271//7271 648//648 7447//7447
f 6040//6040 4209//4209 4208//4208
f 1673//1673 1672//1672 6040//6040
f 5225//5225 5224//5224 4409//4409
f 5225//5225 4409//4409 3382//3382
f 1298//1298 981//981 6117//6117
f 6117//6117 5852//5852 1298//1298
f 5584//5584 4192//4192 5903//5903
f 5584//5584 1870//1870 4192//4192
f 3441//3441 3440//3440 6679//6679
f 6306//6306 6679//6679 6307//6307
f 6475//6475 6463//6463 3672//3672
f 6475//6475 3672//3672 485//485
f 5632//5632 725//725 724//724
f 724//724 2656//2656 7136//7136
f 7388//7388 3977//3977 5914//5914
f 7447//7447 648//648 6781//6781
f 454//454 3205//3205 5077//5077
f 5077//5077 3831//3831 454//454
f 4221//4221 1673//1673 4208//4208
f 4208//4208 1673//1673 6040//6040
f 7027//7027 2964//2964 1103//1103
f 5000//5000 7267//7267 7027//7027
f 4688//4688 4053//4053 5954//5954
f 5954//5954 4053//4053 4026//4026
f 7313//7313 727//727 5959//5959
f 7311//7311 7313//7313 4386//4386
f 2103//2103 2464//2464 1374//1374
f 1374//1374 4656//4656 2103//2103
f 1143//1143 4982//4982 3594//3594
f 3603//3603 3594//3594 4982//4982
f 3204//3204 453//453 1293//1293
f 3895//3895 1293//1293 453//453
f 1562//1562 3718//3718 3716//3716
f 3718//3718 1562//1562 1561//1561
f 4891//4891 6476//6476 485//485
f 6476//6476 6475//6475 485//485
f 4313//4313 3608//3608 7344//7344
f 4313//4313 3609//3609 3608//3608
f 3951//3951 157//157 156//156
f 5132//5132 2560//2560 156//156
f 2245//2245 5216//5216 3128//3128
f 7356//7356 2245//2245 3128//3128
f 3533//3533 6403//6403 3534//3534
f 1079//1079 3534//3534 6403//6403
f 7448//7448 4388//4388 5493//5493
f 4388//4388 4389//4389 5493//5493
f 4874//4874 4875//4875 2068//2068
f 4876//4876 4874//4874 7449//7449
f 5297//5297 6064//6064 6063//6063
f 6064//6064 5297//5297 4697//4697
f 6767//6767 6769//6769 4928//4928
f 6769//6769 6492//6492 4928//4928
f 2561//2561 156//156 155//155
f 3623//3623 2561//2561 155//155
f 4504//4504 4501//4501 894//894
f 4501//4501 4504//4504 4902//4902
f 7010//7010 4689//4689 2745//2745
f 7010//7010 2745//2745 4115//4115
f 1476//1476 5267//5267 1557//1557
f 443//443 1557//1557 5267//5267
f 4156//4156 314//314 1500//1500
f 1500//1500 314//314 6728//6728
f 6063//6063 1567//1567 4696//4696
f 6063//6063 4696//4696 5297//5297
f 3165//3165 5599//5599 3166//3166
f 3165//3165 3606//3606 5599//5599
f 297//297 6000//6000 298//298
f 4683//4683 297//297 4681//4681
f 6389//6389 2773//2773 6580//6580
f 6389//6389 6580//6580 3574//3574
f 6320//6320 5829//5829 780//780
f 780//780 5829//5829 778//778
f 4578//4578 4590//4590 4527//4527
f 4578//4578 4527//4527 7264//7264
f 5284//5284 5286//5286 5303//5303
f 7061//7061 4118//4118 5303//5303
f 2130//2130 2129//2129 7218//7218
f 2130//2130 7218//7218 7337//7337
f 5564//5564 604//604 4403//4403
f 5564//5564 1120//1120 604//604
f 4385//4385 7414//7414 7311//7311
f 7414//7414 4388//4388 7448//7448
f 104//104 3487//3487 5044//5044
f 5044//5044 3487//3487 962//962
f 6890//6890 6884//6884 5563//5563
f 6890//6890 5563//5563 3116//3116
f 1342//1342 3048//3048 3047//3047
f 1342//1342 1344//1344 3048//3048
f 49//49 4008//4008 1463//1463
f 4008//4008 49//49 4009//4009
f 5286//5286 7064//7064 7061//7061
f 7061//7061 5303//5303 5286//5286
f 4478//4478 734//734 6613//6613
f 4478//4478 6613//6613 6838//6838
f 536//536 1209//1209 6001//6001
f 536//536 5730//5730 2564//2564
f 417//417 4868//4868 2003//2003
f 4868//4868 417//417 6467//6467
f 6971//6971 3386//3386 7439//7439
f 5077//5077 6971//6971 3830//3830
f 2653//2653 5082//5082 2654//2654
f 2654//2654 5081//5081 5070//5070
f 4385//4385 4388//4388 7414//7414
f 4388//4388 4385//4385 3998//3998
f 130//130 129//129 2045//2045
f 2043//2043 2045//2045 129//129
f 4670//4670 2670//2670 2669//2669
f 2669//2669 7203//7203 4670//4670
f 7450//7450 3607//3607 6298//6298
f 6298//6298 3607//3607 6268//6268
f 552//552 4702//4702 4704//4704
f 552//552 4704//4704 3999//3999
f 5090//5090 6570//6570 6866//6866
f 5090//5090 849//849 6570//6570
f 5978//5978 178//178 4483//4483
f 5978//5978 4483//4483 4482//4482
f 4175//4175 1108//1108 5655//5655
f 7320//7320 5655//5655 1883//1883
f 3074//3074 3121//3121 3122//3122
f 3074//3074 3671//3671 3121//3121
f 656//656 6568//6568 7154//7154
f 1760//1760 6568//6568 656//656
f 7439//7439 3830//3830 6971//6971
f 7439//7439 6//6 5//5
f 3357//3357 241//241 240//240
f 6663//6663 240//240 4439//4439
f 4457//4457 309//309 3108//3108
f 4457//4457 3108//3108 4563//4563
f 6052//6052 6596//6596 2448//2448
f 6597//6597 1646//1646 6596//6596
f 1427//1427 3015//3015 1428//1428
f 4408//4408 3015//3015 6021//6021
f 5655//5655 7320//7320 4175//4175
f 4175//4175 7320//7320 4848//4848
f 5553//5553 4962//4962 2043//2043
f 5553//5553 2043//2043 129//129
f 6448//6448 6544//6544 6165//6165
f 6448//6448 6165//6165 4431//4431
f 6631//6631 1949//1949 2722//2722
f 1952//1952 3453//3453 6631//6631
f 2577//2577 7123//7123 6287//6287
f 3455//3455 2577//2577 6287//6287
f 2293//2293 3875//3875 7177//7177
f 62//62 2293//2293 7177//7177
f 3895//3895 5570//5570 7125//7125
f 3035//3035 7125//7125 5570//5570
f 887//887 7299//7299 2742//2742
f 7299//7299 887//887 5795//5795
f 2128//2128 2131//2131 707//707
f 709//709 2128//2128 707//707
f 4569//4569 1676//1676 6528//6528
f 6883//6883 1676//1676 1675//1675
f 4404//4404 5239//5239 3130//3130
f 7451//7451 3130//3130 529//529
f 4371//4371 5192//5192 5395//5395
f 136//136 4371//4371 5395//5395
f 6911//6911 5913//5913 5915//5915
f 6911//6911 6909//6909 5913//5913
f 6030//6030 1917//1917 1916//1916
f 1916//1916 1919//1919 6030//6030
f 3724//3724 2266//2266 6589//6589
f 2266//2266 1029//1029 6589//6589
f 5906//5906 1719//1719 3172//3172
f 1719//1719 5906//5906 652//652
f 4404//4404 3130//3130 7451//7451
f 7145//7145 1118//1118 7451//7451
f 1872//1872 676//676 675//675
f 1872//1872 675//675 5915//5915
f 5826//5826 5248//5248 1487//1487
f 5248//5248 1488//1488 1487//1487
f 3365//3365 1711//1711 2262//2262
f 2806//2806 7202//7202 2262//2262
f 1570//1570 1569//1569 5863//5863
f 1570//1570 5863//5863 5746//5746
f 6883//6883 2318//2318 6528//6528
f 6883//6883 6528//6528 1676//1676
f 5214//5214 2247//2247 3184//3184
f 5214//5214 3184//3184 4033//4033
f 1118//1118 1120//1120 4404//4404
f 1118//1118 4404//4404 7451//7451
f 6584//6584 7229//7229 1873//1873
f 7229//7229 676//676 1873//1873
f 4876//4876 7449//7449 7452//7452
f 4876//4876 7452//7452 4739//4739
f 6339//6339 7157//7157 6370//6370
f 6339//6339 6370//6370 6374//6374
f 5006//5006 878//878 3750//3750
f 5006//5006 3750//3750 6507//6507
f 3843//3843 2134//2134 2133//2133
f 3842//3842 2134//2134 3843//3843
f 2276//2276 2253//2253 5300//5300
f 2253//2253 2276//2276 2275//2275
f 5498//5498 6883//6883 1675//1675
f 5498//5498 1675//1675 3583//3583
f 5215//5215 4033//4033 6590//6590
f 5214//5214 4033//4033 5215//5215
f 5368//5368 5993//5993 1837//1837
f 1837//1837 5993//5993 1403//1403
f 2966//2966 2965//2965 6952//6952
f 973//973 6952//6952 1311//1311
f 6374//6374 6372//6372 6358//6358
f 6358//6358 6339//6339 6374//6374
f 6311//6311 6320//6320 4019//4019
f 4019//4019 6320//6320 780//780
f 841//841 1295//1295 1297//1297
f 1295//1295 6600//6600 1297//1297
f 5443//5443 2717//2717 3243//3243
f 3243//3243 4234//4234 5443//5443
f 7104//7104 7453//7453 1843//1843
f 7453//7453 6640//6640 1843//1843
f 6439//6439 1158//1158 1187//1187
f 6439//6439 5336//5336 4097//4097
f 4685//4685 6331//6331 6330//6330
f 1635//1635 6331//6331 4685//4685
f 6786//6786 398//398 3850//3850
f 398//398 6786//6786 7065//7065
f 4799//4799 4467//4467 97//97
f 4468//4468 4467//4467 4799//4799
f 7135//7135 1618//1618 7162//7162
f 7135//7135 7162//7162 6112//6112
f 4926//4926 7413//7413 4974//4974
f 4925//4925 4926//4926 4974//4974
f 3816//3816 3815//3815 4745//4745
f 4745//4745 3815//3815 3818//3818
f 6249//6249 2251//2251 2275//2275
f 2251//2251 2253//2253 2275//2275
f 769//769 1413//1413 1412//1412
f 7268//7268 7377//7377 769//769
f 2154//2154 6163//6163 4849//4849
f 4323//4323 6163//6163 2154//2154
f 6786//6786 6756//6756 7065//7065
f 6756//6756 399//399 7065//7065
f 2886//2886 899//899 898//898
f 4858//4858 899//899 2886//2886
f 7454//7454 6099//6099 6098//6098
f 6099//6099 6101//6101 5171//5171
f 3519//3519 4036//4036 7418//7418
f 4036//4036 829//829 7455//7455
f 7393//7393 6749//6749 953//953
f 3476//3476 7393//7393 953//953
f 1804//1804 1301//1301 3512//3512
f 1301//1301 1804//1804 1302//1302
f 5981//5981 3306//3306 2480//2480
f 2480//2480 3306//3306 5555//5555
f 3029//3029 1443//1443 2475//2475
f 3030//3030 3029//3029 2475//2475
f 775//775 774//774 7456//7456
f 374//374 775//775 6494//6494
f 1402//1402 587//587 7376//7376
f 587//587 1402//1402 1401//1401
f 4055//4055 4864//4864 4866//4866
f 4864//4864 5091//5091 4866//4866
f 7377//7377 4355//4355 1413//1413
f 7377//7377 1413//1413 769//769
f 658//658 366//366 659//659
f 6893//6893 659//659 366//366
f 4572//4572 1762//1762 6774//6774
f 4572//4572 6774//6774 5651//5651
f 5908//5908 5907//5907 5821//5821
f 5821//5821 5907//5907 3372//3372
f 4226//4226 4223//4223 6013//6013
f 6013//6013 4223//4223 307//307
f 5265//5265 7456//7456 774//774
f 5265//5265 774//774 1591//1591
f 5922//5922 436//436 3269//3269
f 5921//5921 436//436 5922//5922
f 3301//3301 5527//5527 5526//5526
f 5527//5527 3301//3301 5763//5763
f 951//951 6285//6285 2443//2443
f 6285//6285 951//951 4473//4473
f 6576//6576 5280//5280 7415//7415
f 6577//6577 6576//6576 7415//7415
f 1765//1765 4570//4570 3666//3666
f 4570//4570 1765//1765 1763//1763
f 3877//3877 376//376 3878//3878
f 376//376 1832//1832 3878//3878
f 7317//7317 773//773 2008//2008
f 3288//3288 773//773 7317//7317
f 7429//7429 6918//6918 6904//6904
f 556//556 7429//7429 16//16
f 5611//5611 7232//7232 7231//7231
f 7231//7231 6775//6775 5611//5611
f 4071//4071 6460//6460 4473//4473
f 4071//4071 948//948 6460//6460
f 3878//3878 1832//1832 3879//3879
f 1832//1832 5108//5108 3879//3879
f 5605//5605 3342//3342 1731//1731
f 5605//5605 1731//1731 1733//1733
f 556//556 555//555 6918//6918
f 556//556 6918//6918 7429//7429
f 815//815 5895//5895 4174//4174
f 1109//1109 4174//4174 5895//5895
f 4936//4936 2458//2458 5451//5451
f 2460//2460 5451//5451 2458//2458
f 239//239 4675//4675 832//832
f 4675//4675 1254//1254 832//832
f 2689//2689 180//180 6005//6005
f 180//180 2642//2642 6005//6005
f 2358//2358 1124//1124 1126//1126
f 440//440 1124//1124 2358//2358
f 5526//5526 5538//5538 7421//7421
f 5526//5526 7421//7421 3301//3301
f 3378//3378 1963//1963 6648//6648
f 3381//3381 3380//3380 3378//3378
f 3284//3284 4939//4939 4941//4941
f 3889//3889 3284//3284 4941//4941
f 6956//6956 6215//6215 4146//4146
f 1778//1778 6956//6956 4146//4146
f 4644//4644 6836//6836 315//315
f 315//315 6836//6836 316//316
f 592//592 4027//4027 6428//6428
f 592//592 6428//6428 1436//1436
f 6217//6217 5460//5460 2652//2652
f 5460//5460 2653//2653 2652//2652
f 6907//6907 6039//6039 2804//2804
f 6907//6907 6898//6898 6039//6039
f 3381//3381 6648//6648 7038//7038
f 6648//6648 3381//3381 3378//3378
f 5772//5772 3292//3292 3291//3291
f 5772//5772 5780//5780 3292//3292
f 7211//7211 6577//6577 7415//7415
f 7211//7211 6575//6575 6577//6577
f 1134//1134 5701//5701 5700//5700
f 6188//6188 5700//5700 5701//5701
f 4725//4725 4726//4726 1427//1427
f 6021//6021 3015//3015 1427//1427
f 6047//6047 1015//1015 1422//1422
f 1422//1422 1015//1015 1014//1014
f 5092//5092 4059//4059 4058//4058
f 5986//5986 4059//4059 5092//5092
f 3314//3314 7344//7344 7276//7276
f 3608//3608 7276//7276 7344//7344
f 5456//5456 2910//2910 6600//6600
f 6600//6600 2910//2910 1298//1298
f 2964//2964 6575//6575 6300//6300
f 6300//6300 6575//6575 7211//7211
f 6047//6047 6046//6046 4107//4107
f 6047//6047 4107//4107 1015//1015
f 2474//2474 1442//1442 4505//4505
f 1442//1442 4507//4507 4505//4505
f 4314//4314 7344//7344 4265//4265
f 4313//4313 7344//7344 4314//4314
f 4613//4613 6090//6090 3434//3434
f 3434//3434 1198//1198 4613//4613
f 6601//6601 6602//6602 4293//4293
f 4293//4293 646//646 645//645
f 4247//4247 5979//5979 4246//4246
f 2505//2505 4247//4247 4246//4246
f 839//839 5528//5528 6811//6811
f 6812//6812 839//839 6811//6811
f 5755//5755 3562//3562 6620//6620
f 5755//5755 5739//5739 3562//3562
f 691//691 4847//4847 160//160
f 4847//4847 691//691 1729//1729
f 901//901 5976//5976 2609//2609
f 901//901 2609//2609 2608//2608
f 5996//5996 2922//2922 5242//5242
f 1093//1093 2922//2922 5996//5996
f 3434//3434 6090//6090 6091//6091
f 6090//6090 3436//3436 6091//6091
f 6511//6511 1859//1859 6510//6510
f 1859//1859 1748//1748 6510//6510
f 856//856 5076//5076 6361//6361
f 7457//7457 6362//6362 6361//6361
f 6067//6067 1007//1007 920//920
f 920//920 1007//1007 688//688
f 383//383 6886//6886 1939//1939
f 383//383 1939//1939 3337//3337
f 5008//5008 6933//6933 6120//6120
f 6933//6933 5008//5008 6083//6083
f 4036//4036 293//293 1688//1688
f 1692//1692 293//293 295//295
f 6231//6231 4813//4813 1684//1684
f 4813//4813 6231//6231 4584//4584
f 6233//6233 6235//6235 1036//1036
f 6233//6233 1036//1036 1035//1035
f 5531//5531 1210//1210 3149//3149
f 5531//5531 5533//5533 1210//1210
f 3917//3917 5776//5776 979//979
f 3915//3915 3917//3917 979//979
f 3104//3104 7458//7458 1325//1325
f 1323//1323 1325//1325 2657//2657
f 7055//7055 7459//7459 5009//5009
f 7055//7055 5009//5009 334//334
f 2595//2595 2590//2590 2592//2592
f 2590//2590 2595//2595 339//339
f 3871//3871 6235//6235 6234//6234
f 2528//2528 3871//3871 4511//4511
f 2597//2597 2596//2596 861//861
f 4441//4441 890//890 740//740
f 5116//5116 1239//1239 6745//6745
f 6745//6745 1239//1239 6746//6746
f 7459//7459 1000//1000 5009//5009
f 7459//7459 7434//7434 1000//1000
f 5295//5295 6730//6730 6729//6729
f 5295//5295 5864//5864 6730//6730
f 5007//5007 3532//3532 6933//6933
f 5007//5007 6933//6933 3536//3536
f 6263//6263 2347//2347 1041//1041
f 6263//6263 1041//1041 4783//4783
f 4559//4559 6867//6867 3776//3776
f 4559//4559 792//792 6867//6867
f 4511//4511 3871//3871 6234//6234
f 6234//6234 3586//3586 4511//4511
f 489//489 4743//4743 4744//4744
f 4744//4744 386//386 489//489
f 4643//4643 808//808 4641//4641
f 808//808 810//810 4641//4641
f 7054//7054 7434//7434 7459//7459
f 7459//7459 7055//7055 7054//7054
f 6386//6386 3162//3162 1977//1977
f 1977//1977 3162//3162 1975//1975
f 1871//1871 198//198 7126//7126
f 198//198 1871//1871 5583//5583
f 870//870 3970//3970 3906//3906
f 3970//3970 3907//3907 3906//3906
f 5462//5462 1725//1725 6081//6081
f 1725//1725 5462//5462 1931//1931
f 2754//2754 1973//1973 435//435
f 1971//1971 1973//1973 2754//2754
f 7460//7460 2377//2377 2376//2376
f 2377//2377 7461//7461 527//527
f 841//841 1297//1297 7213//7213
f 841//841 7213//7213 842//842
f 3109//3109 99//99 6607//6607
f 6607//6607 373//373 4456//4456
f 5126//5126 810//810 4052//4052
f 5126//5126 4641//4641 810//810
f 4598//4598 3036//3036 3038//3038
f 3038//3038 6778//6778 7004//7004
f 4705//4705 4707//4707 2469//2469
f 2469//2469 4707//4707 2470//2470
f 358//358 3020//3020 3019//3019
f 358//358 3019//3019 7148//7148
f 4185//4185 2834//2834 4186//4186
f 4186//4186 2834//2834 5208//5208
f 5126//5126 4052//4052 5124//5124
f 4052//4052 4759//4759 5124//5124
f 84//84 2521//2521 85//85
f 2521//2521 4719//4719 85//85
f 3040//3040 3615//3615 6710//6710
f 3040//3040 6710//6710 3041//3041
f 995//995 7460//7460 2376//2376
f 995//995 2376//2376 6453//6453
f 5949//5949 358//358 5952//5952
f 1827//1827 5949//5949 5952//5952
f 238//238 6549//6549 6538//6538
f 5258//5258 5259//5259 6549//6549
f 7325//7325 2194//2194 3280//3280
f 7325//7325 3280//3280 6753//6753
f 5023//5023 2511//2511 2508//2508
f 2511//2511 5023//5023 3855//3855
f 4564//4564 3085//3085 4565//4565
f 3085//3085 4564//4564 3108//3108
f 7022//7022 1138//1138 1485//1485
f 6473//6473 1138//1138 7022//7022
f 4735//4735 1618//1618 4738//4738
f 4735//4735 4738//4738 4737//4737
f 1827//1827 5950//5950 5949//5949
f 5950//5950 1827//1827 1826//1826
f 995//995 7070//7070 7460//7460
f 7460//7460 7461//7461 2377//2377
f 6556//6556 3761//3761 3763//3763
f 6726//6726 6878//6878 3763//3763
f 5910//5910 5820//5820 4539//4539
f 5910//5910 4539//4539 1810//1810
f 6527//6527 4596//4596 1900//1900
f 4596//4596 6527//6527 6539//6539
f 2075//2075 2826//2826 2828//2828
f 2828//2828 3965//3965 2075//2075
f 6251//6251 6249//6249 232//232
f 2821//2821 6249//6249 6251//6251
f 4738//4738 6360//6360 2931//2931
f 6360//6360 2684//2684 2931//2931
f 5555//5555 5557//5557 450//450
f 3306//3306 5557//5557 5555//5555
f 6617//6617 3370//3370 4160//4160
f 6617//6617 4160//4160 1494//1494
f 4598//4598 3038//3038 7004//7004
f 7004//7004 1901//1901 4598//4598
f 7462//7462 3966//3966 1855//1855
f 1025//1025 1855//1855 3966//3966
f 164//164 1861//1861 4050//4050
f 1861//1861 2105//2105 2104//2104
f 4293//4293 6602//6602 646//646
f 2947//2947 646//646 6602//6602
f 1685//1685 5830//5830 1994//1994
f 1994//1994 5830//5830 5831//5831
f 1068//1068 2837//2837 6990//6990
f 6990//6990 5872//5872 1068//1068
f 3909//3909 1986//1986 3911//3911
f 3909//3909 7390//7390 1986//1986
f 2056//2056 2061//2061 2060//2060
f 2056//2056 2060//2060 6500//6500
f 1448//1448 5689//5689 5690//5690
f 1450//1450 5689//5689 1448//1448
f 2317//2317 2316//2316 5031//5031
f 2317//2317 5031//5031 3938//3938
f 2104//2104 4049//4049 4050//4050
f 2104//2104 4050//4050 1861//1861
f 5901//5901 3922//3922 2078//2078
f 3922//3922 3921//3921 2078//2078
f 4343//4343 4339//4339 4376//4376
f 6307//6307 4376//4376 991//991
f 4761//4761 7142//7142 4754//4754
f 3252//3252 7142//7142 4761//4761
f 673//673 5408//5408 3112//3112
f 673//673 3112//3112 7220//7220
f 2990//2990 6368//6368 1888//1888
f 2991//2991 6368//6368 5491//5491
f 6674//6674 1440//1440 701//701
f 5818//5818 701//701 5819//5819
f 7463//7463 7223//7223 7069//7069
f 525//525 7223//7223 7463//7463
f 2311//2311 6142//6142 4329//4329
f 6142//6142 5238//5238 4329//4329
f 5818//5818 6240//6240 701//701
f 4585//4585 4584//4584 6239//6239
f 3480//3480 3479//3479 6750//6750
f 4918//4918 3480//3480 6751//6751
f 6307//6307 4343//4343 4376//4376
f 4343//4343 6307//6307 132//132
f 4544//4544 310//310 309//309
f 5264//5264 6677//6677 310//310
f 2051//2051 2052//2052 2996//2996
f 2051//2051 7243//7243 6246//6246
f 7464//7464 6847//6847 2831//2831
f 6847//6847 5122//5122 2831//2831
f 4585//4585 5818//5818 2985//2985
f 6240//6240 5818//5818 4585//4585
f 7461//7461 7460//7460 7070//7070
f 7461//7461 7070//7070 7223//7223
f 5411//5411 5409//5409 1541//1541
f 5411//5411 2167//2167 5409//5409
f 7156//7156 1005//1005 1734//1734
f 7156//7156 4680//4680 1005//1005
f 1824//1824 7039//7039 7159//7159
f 7159//7159 7039//7039 5282//5282
f 3639//3639 6246//6246 5247//5247
f 2051//2051 6246//6246 3639//3639
f 4083//4083 1670//1670 7452//7452
f 7452//7452 7449//7449 4083//4083
f 6473//6473 7465//7465 6472//6472
f 7465//7465 6473//6473 559//559
f 3802//3802 5671//5671 172//172
f 172//172 171//171 3802//3802
f 703//703 6674//6674 701//701
f 6674//6674 703//703 4145//4145
f 2891//2891 2889//2889 4379//4379
f 4379//4379 4378//4378 2891//2891
f 2207//2207 2209//2209 1225//1225
f 7212//7212 1225//1225 1224//1224
f 6847//6847 6848//6848 5122//5122
f 6848//6848 4966//4966 4213//4213
f 2097//2097 1670//1670 4083//4083
f 2097//2097 2096//2096 1670//1670
f 3709//3709 5793//5793 1167//1167
f 6513//6513 5793//5793 6512//6512
f 965//965 6944//6944 966//966
f 966//966 6944//6944 5854//5854
f 5323//5323 5305//5305 5324//5324
f 4931//4931 5305//5305 5323//5323
f 1225//1225 6281//6281 1226//1226
f 4266//4266 1226//1226 6281//6281
f 561//561 6472//6472 7465//7465
f 561//561 7465//7465 559//559
f 510//510 5440//5440 5439//5439
f 7169//7169 5440//5440 510//510
f 6903//6903 5694//5694 1086//1086
f 5693//5693 3095//3095 5694//5694
f 7324//7324 3402//3402 5578//5578
f 5578//5578 3402//3402 3401//3401
f 3067//3067 2436//2436 5033//5033
f 2436//2436 3067//3067 5358//5358
f 739//739 2725//2725 4442//4442
f 2725//2725 739//739 738//738
f 1558//1558 2334//2334 6603//6603
f 1558//1558 6603//6603 1559//1559
f 757//757 1664//1664 3840//3840
f 1664//1664 3841//3841 3840//3840
f 1790//1790 5439//5439 5416//5416
f 1790//1790 510//510 5439//5439
f 1731//1731 3342//3342 3344//3344
f 5051//5051 1731//1731 3344//3344
f 5120//5120 5122//5122 4213//4213
f 5122//5122 6848//6848 4213//4213
f 4399//4399 4400//4400 637//637
f 637//637 1382//1382 531//531
f 5475//5475 6776//6776 6777//6777
f 143//143 6777//6777 1139//1139
f 5502//5502 4087//4087 4086//4086
f 5502//5502 1854//1854 1853//1853
f 3343//3343 6895//6895 3345//3345
f 3344//3344 3343//3343 3345//3345
f 5211//5211 5212//5212 4820//4820
f 6219//6219 5212//5212 5211//5211
f 4333//4333 6685//6685 3375//3375
f 6685//6685 504//504 3375//3375
f 745//745 7196//7196 7195//7195
f 7196//7196 745//745 7197//7197
f 2151//2151 1444//1444 5185//5185
f 2152//2152 2151//2151 3944//3944
f 4400//4400 1382//1382 637//637
f 532//532 1382//1382 4400//4400
f 6910//6910 675//675 6498//6498
f 675//675 6910//6910 5916//5916
f 73//73 371//371 4671//4671
f 4672//4672 73//73 4671//4671
f 1657//1657 1659//1659 2741//2741
f 5212//5212 2741//2741 1659//1659
f 253//253 6495//6495 3351//3351
f 3351//3351 6495//6495 6497//6497
f 5085//5085 5084//5084 39//39
f 5085//5085 1554//1554 5084//5084
f 3691//3691 6272//6272 2524//2524
f 5622//5622 6272//6272 3691//3691
f 3061//3061 207//207 6753//6753
f 207//207 7269//7269 1326//1326
f 1291//1291 7125//7125 5446//5446
f 5446//5446 1289//1289 1291//1291
f 6911//6911 5916//5916 6910//6910
f 6911//6911 5915//5915 5916//5916
f 2721//2721 6164//6164 7006//7006
f 7006//7006 6164//6164 2723//2723
f 746//746 745//745 5316//5316
f 746//746 5316//5316 5315//5315
f 2895//2895 5142//5142 5331//5331
f 5331//5331 5142//5142 5141//5141
f 2543//2543 102//102 5045//5045
f 5045//5045 2544//2544 2543//2543
f 412//412 1212//1212 413//413
f 5551//5551 1212//1212 412//412
f 2186//2186 1072//1072 2187//2187
f 6912//6912 2186//2186 7119//7119
f 4644//4644 4645//4645 1075//1075
f 5982//5982 1075//1075 4645//4645
f 6113//6113 6112//6112 785//785
f 6112//6112 7162//7162 785//785
f 4148//4148 4870//4870 4151//4151
f 4148//4148 4151//4151 118//118
f 5264//5264 310//310 4544//4544
f 375//375 5264//5264 4544//4544
f 5549//5549 3932//3932 5550//5550
f 3391//3391 5550//5550 3932//3932
f 1324//1324 3105//3105 1325//1325
f 1324//1324 3458//3458 3105//3105
f 5315//5315 5304//5304 5326//5326
f 5315//5315 5326//5326 746//746
f 4902//4902 7150//7150 7466//7466
f 7146//7146 1399//1399 1398//1398
f 2607//2607 6563//6563 4012//4012
f 1582//1582 6563//6563 2607//2607
f 6950//6950 7030//7030 6951//6951
f 7250//7250 6951//6951 7030//7030
f 784//784 786//786 7316//7316
f 7316//7316 7084//7084 784//784
f 6637//6637 1947//1947 1949//1949
f 1820//1820 1947//1947 6637//6637
f 6655//6655 2662//2662 179//179
f 179//179 2662//2662 2664//2664
f 7466//7466 6073//6073 4902//4902
f 6073//6073 4501//4501 4902//4902
f 4311//4311 7405//7405 5760//5760
f 7128//7128 7405//7405 4311//4311
f 2118//2118 6113//6113 785//785
f 6113//6113 2118//2118 743//743
f 7467//7467 3774//3774 3731//3731
f 6754//6754 3731//3731 7272//7272
f 4602//4602 1256//1256 1609//1609
f 1609//1609 1256//1256 1255//1255
f 1020//1020 7185//7185 6295//6295
f 1021//1021 1020//1020 6295//6295
f 4698//4698 4877//4877 4699//4699
f 846//846 4877//4877 4698//4698
f 353//353 2250//2250 3811//3811
f 3811//3811 2250//2250 2249//2249
f 7466//7466 7146//7146 1398//1398
f 1398//1398 6073//6073 7466//7466
f 5946//5946 5945//5945 7427//7427
f 478//478 477//477 3244//3244
f 5844//5844 4602//4602 4601//4601
f 5844//5844 1256//1256 4602//4602
f 4346//4346 1893//1893 7297//7297
f 7297//7297 1893//1893 1892//1892
f 5983//5983 5985//5985 5976//5976
f 901//901 5977//5977 5976//5976
f 6629//6629 2618//2618 4139//4139
f 6629//6629 4139//4139 7090//7090
f 5867//5867 935//935 5158//5158
f 935//935 2636//2636 936//936
f 3437//3437 1747//1747 4390//4390
f 4390//4390 1747//1747 4429//4429
f 7210//7210 4492//4492 1543//1543
f 7210//7210 5931//5931 4492//4492
f 477//477 7428//7428 7427//7427
f 5945//5945 477//477 7427//7427
f 1317//1317 4125//4125 1495//1495
f 1495//1495 4125//4125 5896//5896
f 2465//2465 994//994 7383//7383
f 2465//2465 7383//7383 7382//7382
f 1090//1090 40//40 42//42
f 1090//1090 1089//1089 40//40
f 1064//1064 871//871 2645//2645
f 1064//1064 6376//6376 871//871
f 1941//1941 7183//7183 612//612
f 7183//7183 6886//6886 382//382
f 1990//1990 3506//3506 2403//2403
f 1990//1990 3505//3505 3506//3506
f 4528//4528 5159//5159 5180//5180
f 4528//4528 934//934 5159//5159
f 6562//6562 4572//4572 494//494
f 494//494 493//493 6562//6562
f 5522//5522 6335//6335 5523//5523
f 6335//6335 2478//2478 2477//2477
f 1179//1179 2932//2932 782//782
f 4255//4255 1179//1179 782//782
f 3210//3210 3209//3209 6456//6456
f 6456//6456 6461//6461 6455//6455
f 2124//2124 7426//7426 3242//3242
f 6819//6819 3242//3242 7426//7426
f 610//610 612//612 382//382
f 382//382 612//612 7183//7183
f 6529//6529 7244//7244 3564//3564
f 7244//7244 6529//6529 4930//4930
f 6358//6358 6376//6376 6357//6357
f 1064//1064 6357//6357 6376//6376
f 7407//7407 6767//6767 7308//7308
f 7407//7407 7401//7401 6767//6767
f 3294//3294 3292//3292 5780//5780
f 2928//2928 3294//3294 5780//5780
f 2600//2600 2599//2599 2602//2602
f 2600//2600 2602//2602 4215//4215
f 3796//3796 7350//7350 236//236
f 3796//3796 2323//2323 7350//7350
f 1989//1989 345//345 3505//3505
f 1989//1989 5274//5274 345//345
f 1013//1013 519//519 5476//5476
f 520//520 519//519 1013//1013
f 1895//1895 6656//6656 78//78
f 78//78 6656//6656 79//79
f 1507//1507 1979//1979 5824//5824
f 5824//5824 1979//1979 1978//1978
f 405//405 2566//2566 1230//1230
f 405//405 404//404 2566//2566
f 4860//4860 236//236 2322//2322
f 236//236 238//238 2322//2322
f 2588//2588 2587//2587 5476//5476
f 5476//5476 519//519 2588//2588
f 5245//5245 6183//6183 633//633
f 5245//5245 633//633 632//632
f 4758//4758 316//316 6836//6836
f 4758//4758 4757//4757 316//316
f 6455//6455 7265//7265 6456//6456
f 7265//7265 6455//6455 6861//6861
f 331//331 2214//2214 7044//7044
f 2214//2214 3197//3197 7044//7044
f 3709//3709 6512//6512 5793//5793
f 3707//3707 6512//6512 3709//3709
f 4860//4860 2324//2324 3796//3796
f 4860//4860 3796//3796 236//236
f 5178//5178 5177//5177 5196//5196
f 5178//5178 5196//5196 6005//6005
f 316//316 4757//4757 2479//2479
f 594//594 593//593 4757//4757
f 3341//3341 4884//4884 3340//3340
f 3340//3340 4884//4884 4497//4497
f 2854//2854 6071//6071 917//917
f 2853//2853 6071//6071 2854//2854
f 1229//1229 5261//5261 5262//5262
f 5261//5261 1229//1229 5278//5278
f 6183//6183 5245//5245 635//635
f 3996//3996 6183//6183 635//635
f 7226//7226 5146//5146 2589//2589
f 2589//2589 3726//3726 3728//3728
f 2844//2844 4954//4954 7468//7468
f 2844//2844 1079//1079 1078//1078
f 1860//1860 1862//1862 1663//1663
f 1862//1862 3444//3444 1663//1663
f 4763//4763 2363//2363 2367//2367
f 2363//2363 4763//4763 2364//2364
f 6718//6718 1033//1033 6727//6727
f 6718//6718 6727//6727 1286//1286
f 2631//2631 6167//6167 3970//3970
f 3969//3969 6167//6167 2631//2631
f 5387//5387 3976//3976 7367//7367
f 5384//5384 3976//3976 5387//5387
f 2483//2483 4308//4308 6521//6521
f 6521//6521 4325//4325 2483//2483
f 7145//7145 7451//7451 529//529
f 529//529 4657//4657 7145//7145
f 1663//1663 3444//3444 3000//3000
f 3444//3444 2998//2998 3000//3000
f 5089//5089 5088//5088 619//619
f 5391//5391 619//619 5088//5088
f 1354//1354 3727//3727 3725//3725
f 3725//3725 3727//3727 6270//6270
f 2162//2162 4607//4607 2163//2163
f 2949//2949 2163//2163 4607//4607
f 6007//6007 6552//6552 4954//4954
f 4953//4953 7469//7469 4954//4954
f 2208//2208 1228//1228 7470//7470
f 7470//7470 1228//1228 3794//3794
f 5384//5384 5387//5387 5386//5386
f 5384//5384 5386//5386 1873//1873
f 5607//5607 3627//3627 3626//3626
f 5607//5607 451//451 1437//1437
f 2772//2772 60//60 7011//7011
f 60//60 2772//2772 2774//2774
f 4093//4093 4092//4092 6365//6365
f 6365//6365 4137//4137 6364//6364
f 7471//7471 3634//3634 2582//2582
f 3631//3631 3634//3634 7471//7471
f 5666//5666 1897//1897 1178//1178
f 5666//5666 1898//1898 1897//1897
f 7108//7108 5985//5985 3410//3410
f 7108//7108 3410//3410 1603//1603
f 5764//5764 5765//5765 2935//2935
f 7097//7097 2935//2935 5765//5765
f 4092//4092 7208//7208 4137//4137
f 6365//6365 4092//4092 4137//4137
f 2208//2208 7470//7470 4284//4284
f 2208//2208 4284//4284 2209//2209
f 1435//1435 5607//5607 1437//1437
f 1433//1433 1435//1435 1437//1437
f 6007//6007 6008//6008 3758//3758
f 6007//6007 4954//4954 7469//7469
f 5386//5386 6584//6584 1873//1873
f 5386//5386 5376//5376 6584//6584
f 6338//6338 6421//6421 2117//2117
f 6338//6338 2117//2117 1472//1472
f 6529//6529 3564//3564 6412//6412
f 6412//6412 3564//3564 359//359
f 813//813 812//812 2936//2936
f 813//813 2936//2936 4554//4554
f 2209//2209 4284//4284 4286//4286
f 2209//2209 4286//4286 6281//6281
f 6865//6865 4206//4206 6871//6871
f 4206//4206 523//523 522//522
f 1091//1091 6148//6148 4299//4299
f 1091//1091 5997//5997 6148//6148
f 1456//1456 2174//2174 6759//6759
f 2174//2174 1456//1456 2175//2175
f 1886//1886 3072//3072 1887//1887
f 3072//3072 842//842 7310//7310
f 724//724 7136//7136 4387//4387
f 4387//4387 7136//7136 4385//4385
f 3549//3549 713//713 3550//3550
f 1857//1857 3550//3550 713//713
f 522//522 6871//6871 4206//4206
f 4565//4565 6871//6871 522//522
f 7059//7059 4326//4326 1908//1908
f 3865//3865 7059//7059 1908//1908
f 1518//1518 3315//3315 3362//3362
f 1518//1518 3362//3362 1519//1519
f 3704//3704 7333//7333 4324//4324
f 7333//7333 3704//3704 3898//3898
f 5632//5632 724//724 4387//4387
f 5632//5632 4387//4387 4386//4386
f 6148//6148 3103//3103 4299//4299
f 4299//4299 3103//3103 4300//4300
f 109//109 4868//4868 6467//6467
f 109//109 6467//6467 6465//6465
f 6470//6470 4338//4338 2038//2038
f 4337//4337 4338//4338 6470//6470
f 401//401 6604//6604 6605//6605
f 1323//1323 401//401 6605//6605
f 7063//7063 5286//5286 5285//5285
f 7063//7063 5285//5285 7195//7195
f 1031//1031 6586//6586 1029//1029
f 6589//6589 1029//1029 6586//6586
f 352//352 354//354 6612//6612
f 354//354 1155//1155 6612//6612
f 1438//1438 6673//6673 2704//2704
f 2706//2706 2705//2705 2704//2704
f 2201//2201 4703//4703 5719//5719
f 776//776 4703//4703 2201//2201
f 1556//1556 5641//5641 140//140
f 140//140 139//139 1556//1556
f 1431//1431 821//821 820//820
f 6137//6137 821//821 1431//1431
f 3357//3357 3359//3359 241//241
f 4674//4674 3359//3359 4662//4662
f 4262//4262 5972//5972 5110//5110
f 4261//4261 5972//5972 4262//4262
f 1739//1739 1738//1738 2039//2039
f 2039//2039 4338//4338 1739//1739
f 4983//4983 6135//6135 6612//6612
f 6612//6612 6135//6135 352//352
f 5176//5176 170//170 2643//2643
f 2664//2664 170//170 5176//5176
f 2560//2560 957//957 156//156
f 958//958 957//957 2560//2560
f 1611//1611 140//140 5641//5641
f 1611//1611 5641//5641 3402//3402
f 6171//6171 3851//3851 4298//4298
f 6175//6175 6171//6171 4298//4298
f 3361//3361 2721//2721 7006//7006
f 2721//2721 3361//3361 2720//2720
f 5972//5972 267//267 6926//6926
f 6926//6926 267//267 6938//6938
f 3860//3860 3861//3861 4245//4245
f 3860//3860 4245//4245 5204//5204
f 5015//5015 5030//5030 2316//2316
f 5030//5030 5015//5015 6793//6793
f 957//957 956//956 3951//3951
f 156//156 957//957 3951//3951
f 6641//6641 6238//6238 7259//7259
f 6238//6238 5364//5364 7259//7259
f 1248//1248 1250//1250 7277//7277
f 7107//7107 1248//1248 7277//7277
f 6228//6228 7360//7360 5616//5616
f 6229//6229 7360//7360 6228//6228
f 6640//6640 7453//7453 695//695
f 4646//4646 695//695 7453//7453
f 2270//2270 3611//3611 7281//7281
f 3611//3611 2270//2270 6571//6571
f 7144//7144 1248//1248 4318//4318
f 7144//7144 4318//4318 6422//6422
f 4771//4771 6203//6203 3511//3511
f 3511//3511 6203//6203 6205//6205
f 5756//5756 321//321 2744//2744
f 5756//5756 2744//2744 4691//4691
f 495//495 494//494 506//506
f 495//495 506//506 2776//2776
f 4646//4646 7453//7453 7104//7104
f 3907//3907 4646//4646 7104//7104
f 3854//3854 3055//3055 3857//3857
f 3856//3856 3854//3854 3857//3857
f 3138//3138 1770//1770 1772//1772
f 3138//3138 1772//1772 6152//6152
f 5730//5730 6001//6001 5732//5732
f 5730//5730 536//536 6001//6001
f 5615//5615 325//325 5616//5616
f 325//325 6228//6228 5616//5616
f 5651//5651 5654//5654 505//505
f 505//505 4283//4283 506//506
f 255//255 858//858 7000//7000
f 7000//7000 6097//6097 255//255
f 1310//1310 1309//1309 3891//3891
f 5685//5685 6321//6321 3891//3891
f 5047//5047 5048//5048 2619//2619
f 5047//5047 2619//2619 657//657
f 5636//5636 3987//3987 4182//4182
f 2522//2522 5636//5636 4184//4184
f 1814//1814 4018//4018 3683//3683
f 5662//5662 4018//4018 5663//5663
f 4493//4493 4495//4495 2702//2702
f 4493//4493 2702//2702 4730//4730
f 5653//5653 4271//4271 5654//5654
f 1698//1698 4271//4271 1699//1699
f 3109//3109 4456//4456 3110//3110
f 6607//6607 4456//4456 3109//3109
f 693//693 692//692 2066//2066
f 693//693 2066//2066 6059//6059
f 5111//5111 4265//4265 3313//3313
f 5113//5113 5111//5111 3313//3313
f 4220//4220 2529//2529 4524//4524
f 4524//4524 6505//6505 4220//4220
f 5380//5380 3326//3326 6979//6979
f 3327//3327 3325//3325 3326//3326
f 4018//4018 5662//5662 3683//3683
f 5662//5662 3684//3684 3683//3683
f 4793//4793 2780//2780 4915//4915
f 2780//2780 1250//1250 4915//4915
f 396//396 3545//3545 3975//3975
f 3975//3975 3545//3545 961//961
f 4271//4271 4283//4283 5654//5654
f 5654//5654 4283//4283 505//505
f 6413//6413 3950//3950 956//956
f 5771//5771 3950//3950 6413//6413
f 591//591 590//590 2859//2859
f 590//590 2879//2879 2859//2859
f 7168//7168 1218//1218 1217//1217
f 4714//4714 1217//1217 3174//3174
f 44//44 825//825 827//827
f 3774//3774 44//44 827//827
f 3327//3327 5380//5380 5018//5018
f 5380//5380 3327//3327 3326//3326
f 6886//6886 7189//7189 1937//1937
f 5452//5452 1937//1937 7189//7189
f 5751//5751 4775//4775 3490//3490
f 5485//5485 4775//4775 5751//5751
f 7168//7168 4714//4714 3408//3408
f 1217//1217 4714//4714 7168//7168
f 1543//1543 6569//6569 4762//4762
f 6569//6569 5504//5504 4762//4762
f 2986//2986 1439//1439 6181//6181
f 1440//1440 1439//1439 2986//2986
f 5758//5758 6290//6290 465//465
f 465//465 6290//6290 466//466
f 7326//7326 7330//7330 6909//6909
f 7326//7326 6909//6909 6498//6498
f 4152//4152 4316//4316 259//259
f 4316//4316 4152//4152 4155//4155
f 3623//3623 3621//3621 5801//5801
f 3623//3623 5801//5801 2561//2561
f 6329//6329 3902//3902 4963//4963
f 289//289 3902//3902 6329//6329
f 6181//6181 5521//5521 5522//5522
f 5521//5521 6181//6181 1439//1439
f 1875//1875 7015//7015 7397//7397
f 7015//7015 1875//1875 7016//7016
f 6401//6401 1771//1771 697//697
f 4414//4414 697//697 1771//1771
f 3178//3178 3408//3408 3176//3176
f 3408//3408 4714//4714 3176//3176
f 5133//5133 4125//4125 1317//1317
f 818//818 5133//5133 1317//1317
f 4699//4699 5857//5857 4740//4740
f 5857//5857 4876//4876 4740//4740
f 6554//6554 1042//1042 2345//2345
f 4748//4748 6554//6554 2345//2345
f 5849//5849 892//892 891//891
f 738//738 892//892 5849//5849
f 1242//1242 1244//1244 2123//2123
f 2123//2123 3636//3636 1242//1242
f 5802//5802 5804//5804 419//419
f 7129//7129 7128//7128 419//419
f 250//250 3810//3810 5957//5957
f 249//249 3810//3810 250//250
f 2038//2038 6107//6107 6469//6469
f 2040//2040 6469//6469 6107//6107
f 3178//3178 3177//3177 5893//5893
f 5893//5893 3408//3408 3178//3178
f 5608//5608 3001//3001 754//754
f 755//755 754//754 3001//3001
f 5586//5586 5588//5588 1128//1128
f 5586//5586 1128//1128 7091//7091
f 647//647 7367//7367 3976//3976
f 6789//6789 647//647 649//649
f 2769//2769 3641//3641 2770//2770
f 2770//2770 3641//3641 6084//6084
f 5505//5505 766//766 765//765
f 766//766 5505//5505 5504//5504
f 2059//2059 3235//3235 6349//6349
f 1681//1681 6349//6349 3235//3235
f 626//626 3484//3484 4541//4541
f 626//626 2795//2795 3484//3484
f 3636//3636 3242//3242 3635//3635
f 3636//3636 3635//3635 1242//1242
f 6989//6989 1056//1056 5560//5560
f 7425//7425 5560//5560 1056//1056
f 5033//5033 6955//6955 1371//1371
f 6955//6955 5033//5033 2436//2436
f 1495//1495 5896//5896 815//815
f 5896//5896 5895//5895 815//815
f 420//420 419//419 7128//7128
f 420//420 7128//7128 4310//4310
f 3236//3236 4508//4508 5186//5186
f 3234//3234 5186//5186 4508//4508
f 867//867 3832//3832 6034//6034
f 3832//3832 867//867 3300//3300
f 2142//2142 2793//2793 2140//2140
f 2142//2142 5638//5638 2793//2793
f 6235//6235 3871//3871 2530//2530
f 2530//2530 1036//1036 6235//6235
f 6989//6989 5560//5560 4878//4878
f 6989//6989 4878//4878 4881//4881
f 7434//7434 2017//2017 1780//1780
f 7434//7434 7054//7054 2017//2017
f 5338//5338 2833//2833 1259//1259
f 2833//2833 202//202 201//201
f 1841//1841 2084//2084 2086//2086
f 1841//1841 3496//3496 2084//2084
f 3692//3692 611//611 7046//7046
f 3692//3692 7046//7046 625//625
f 5828//5828 5829//5829 4022//4022
f 5828//5828 4022//4022 4021//4021
f 2018//2018 7053//7053 5226//5226
f 2018//2018 2017//2017 7053//7053
f 202//202 2833//2833 5338//5338
f 202//202 5338//5338 2087//2087
f 7165//7165 5408//5408 6072//6072
f 5408//5408 7165//7165 3112//3112
f 2865//2865 6121//6121 175//175
f 4608//4608 6121//6121 2865//2865
f 6088//6088 6355//6355 6356//6356
f 6355//6355 1458//1458 6356//6356
f 200//200 202//202 2088//2088
f 3497//3497 1349//1349 200//200
f 6593//6593 6582//6582 1904//1904
f 6593//6593 1904//1904 2712//2712
f 6715//6715 3290//3290 3880//3880
f 3289//3289 3290//3290 6715//6715
f 6770//6770 1994//1994 1993//1993
f 6770//6770 6732//6732 6771//6771
f 5019//5019 2555//2555 2557//2557
f 2555//2555 5019//5019 6979//6979
f 631//631 6928//6928 4557//4557
f 631//631 4791//4791 6928//6928
f 4611//4611 2867//2867 3697//3697
f 2867//2867 2866//2866 3697//3697
f 3404//3404 3483//3483 5766//5766
f 5766//5766 3816//3816 3404//3404
f 1201//1201 6477//6477 1202//1202
f 1201//1201 6666//6666 6658//6658
f 2547//2547 3601//3601 1757//1757
f 2549//2549 3601//3601 2547//2547
f 556//556 18//18 557//557
f 18//18 7431//7431 557//557
f 6397//6397 5024//5024 6396//6396
f 787//787 6396//6396 5024//5024
f 2553//2553 6979//6979 4329//4329
f 2555//2555 6979//6979 2553//2553
f 3404//3404 3816//3816 5767//5767
f 3816//3816 4745//4745 5767//5767
f 422//422 3897//3897 3899//3899
f 1370//1370 3899//3899 3897//3897
f 6477//6477 1201//1201 6658//6658
f 6658//6658 6657//6657 6477//6477
f 476//476 6951//6951 7250//7250
f 1054//1054 6951//6951 476//476
f 4081//4081 6954//6954 4044//4044
f 4044//4044 6954//6954 778//778
f 3601//3601 990//990 6409//6409
f 990//990 992//992 6409//6409
f 4475//4475 4477//4477 2336//2336
f 2336//2336 4477//4477 2337//2337
f 4488//4488 4487//4487 4489//4489
f 4489//4489 2449//2449 4488//4488
f 3156//3156 4975//4975 1119//1119
f 1118//1118 3156//3156 1119//1119
f 7467//7467 3731//3731 7472//7472
f 7467//7467 7472//7472 163//163
f 2189//2189 4932//4932 2190//2190
f 2193//2193 2190//2190 4932//4932
f 2767//2767 6057//6057 3296//3296
f 6057//6057 2767//2767 2202//2202
f 7433//7433 6241//6241 530//530
f 530//530 6408//6408 7433//7433
f 7392//7392 5008//5008 381//381
f 381//381 380//380 7392//7392
f 6415//6415 3395//3395 1565//1565
f 6151//6151 3395//3395 6415//6415
f 4741//4741 3043//3043 6555//6555
f 4650//4650 6555//6555 3043//3043
f 3153//3153 4844//4844 945//945
f 4844//4844 2658//2658 945//945
f 257//257 6651//6651 3645//3645
f 6651//6651 257//257 259//259
f 7462//7462 3964//3964 3966//3966
f 715//715 6625//6625 3967//3967
f 544//544 543//543 6608//6608
f 543//543 2544//2544 6608//6608
f 6545//6545 5351//5351 2506//2506
f 3749//3749 6545//6545 2730//2730
f 1121//1121 6912//6912 7119//7119
f 7120//7120 1121//1121 7119//7119
f 5847//5847 2429//2429 6044//6044
f 2860//2860 6044//6044 2429//2429
f 6322//6322 7149//7149 6318//6318
f 6322//6322 5952//5952 7149//7149
f 2007//2007 3056//3056 2008//2008
f 2008//2008 3056//3056 6302//6302
f 4603//4603 7186//7186 3302//3302
f 7186//7186 7185//7185 1303//1303
f 2585//2585 363//363 5243//5243
f 2583//2583 2585//2585 5243//5243
f 2665//2665 1963//1963 3378//3378
f 1963//1963 2665//2665 1964//1964
f 2388//2388 3068//3068 2389//2389
f 3068//3068 2388//2388 5359//5359
f 6925//6925 1392//1392 5917//5917
f 6925//6925 5917//5917 6923//6923
f 2874//2874 4768//4768 5888//5888
f 1773//1773 2874//2874 5888//5888
f 584//584 6478//6478 3588//3588
f 6478//6478 2385//2385 3588//3588
f 6913//6913 3966//3966 2825//2825
f 6913//6913 1025//1025 3966//3966
f 6295//6295 7185//7185 4603//4603
f 4603//4603 7185//7185 7186//7186
f 106//106 5465//5465 2027//2027
f 106//106 2470//2470 5465//5465
f 2534//2534 2532//2532 5800//5800
f 2532//2532 2534//2534 2536//2536
f 67//67 4216//4216 182//182
f 67//67 4236//4236 4216//4216
f 98//98 4467//4467 4466//4466
f 98//98 6029//6029 1590//1590
f 2235//2235 2234//2234 3733//3733
f 2235//2235 3733//3733 826//826
f 1888//1888 7003//7003 1625//1625
f 1623//1623 1625//1625 7003//7003
f 2080//2080 2889//2889 5427//5427
f 2889//2889 2080//2080 6825//6825
f 7188//7188 6095//6095 7423//7423
f 7188//7188 7423//7423 1267//1267
f 5725//5725 5724//5724 5726//5726
f 5726//5726 7374//7374 5725//5725
f 5076//5076 4266//4266 7457//7457
f 7457//7457 6361//6361 5076//5076
f 5363//5363 1017//1017 4073//4073
f 5363//5363 4073//4073 3926//3926
f 5846//5846 5845//5845 5480//5480
f 3374//3374 5480//5480 3395//3395
f 1972//1972 6987//6987 1973//1973
f 6987//6987 1972//1972 3269//3269
f 1027//1027 5942//5942 1028//1028
f 5942//5942 1027//1027 150//150
f 5455//5455 873//873 4986//4986
f 3338//3338 4986//4986 873//873
f 1311//1311 6881//6881 1312//1312
f 1312//1312 6881//6881 3101//3101
f 3920//3920 821//821 6137//6137
f 6136//6136 3920//3920 6137//6137
f 3085//3085 3084//3084 4565//4565
f 3087//3087 4565//4565 3084//3084
f 5318//5318 1577//1577 2369//2369
f 5319//5319 5318//5318 2369//2369
f 796//796 3957//3957 3122//3122
f 3957//3957 796//796 1482//1482
f 4840//4840 2900//2900 3252//3252
f 4840//4840 2009//2009 2900//2900
f 3698//3698 4722//4722 2581//2581
f 3145//3145 3144//3144 4722//4722
f 5054//5054 6020//6020 6019//6019
f 6019//6019 6020//6020 3265//3265
f 118//118 1776//1776 1778//1778
f 1776//1776 118//118 117//117
f 2487//2487 2400//2400 6742//6742
f 6743//6743 2486//2486 6742//6742
f 2973//2973 1168//1168 7385//7385
f 4904//4904 2973//2973 4903//4903
f 162//162 6681//6681 3773//3773
f 6846//6846 3773//3773 6681//6681
f 5099//5099 197//197 5573//5573
f 5575//5575 5099//5099 5573//5573
f 6174//6174 667//667 669//669
f 6174//6174 669//669 2817//2817
f 6743//6743 6742//6742 2400//2400
f 2400//2400 6796//6796 6743//6743
f 3260//3260 3145//3145 3698//3698
f 3145//3145 4722//4722 3698//3698
f 1499//1499 5034//5034 4157//4157
f 1499//1499 4157//4157 1500//1500
f 6538//6538 6539//6539 6527//6527
f 6538//6538 6527//6527 2321//2321
f 3948//3948 3925//3925 3969//3969
f 3948//3948 3969//3969 2631//2631
f 2710//2710 2713//2713 2711//2711
f 2712//2712 2711//2711 2713//2713
f 4499//4499 1626//1626 4498//4498
f 1626//1626 1623//1623 4498//4498
f 6225//6225 6847//6847 7464//7464
f 6225//6225 7464//7464 6226//6226
f 5221//5221 1167//1167 1166//1166
f 5221//5221 1166//1166 2973//2973
f 5710//5710 6159//6159 5711//5711
f 6159//6159 5710//5710 233//233
f 4731//4731 3063//3063 350//350
f 349//349 4731//4731 350//350
f 5258//5258 238//238 5436//5436
f 238//238 5258//5258 6549//6549
f 5579//5579 5272//5272 262//262
f 5579//5579 262//262 1553//1553
f 1188//1188 1157//1157 5792//5792
f 5792//5792 7052//7052 1188//1188
f 4354//4354 1415//1415 4756//4756
f 4756//4756 1415//1415 1084//1084
f 4768//4768 64//64 63//63
f 4633//4633 64//64 4768//4768
f 7251//7251 233//233 7252//7252
f 5710//5710 7252//7252 233//233
f 2600//2600 4968//4968 2601//2601
f 2601//2601 4968//4968 6032//6032
f 238//238 237//237 5436//5436
f 5436//5436 237//237 5437//5437
f 4238//4238 5068//5068 5057//5057
f 2635//2635 5068//5068 4238//4238
f 2070//2070 6980//6980 5332//5332
f 5332//5332 6980//6980 2071//2071
f 1929//1929 5516//5516 1930//1930
f 1316//1316 5516//5516 6081//6081
f 3065//3065 3063//3063 3066//3066
f 3066//3066 3063//3063 4731//4731
f 5672//5672 5673//5673 1894//1894
f 6481//6481 1894//1894 2339//2339
f 6150//6150 342//342 337//337
f 6150//6150 337//337 7237//7237
f 1082//1082 5659//5659 1083//1083
f 1082//1082 1414//1414 5659//5659
f 4995//4995 3199//3199 3198//3198
f 4995//4995 3198//3198 4996//4996
f 1750//1750 3579//3579 1752//1752
f 1750//1750 442//442 3579//3579
f 1315//1315 1930//1930 1316//1316
f 5516//5516 1316//1316 1930//1930
f 3007//3007 5060//5060 5320//5320
f 2979//2979 2978//2978 3007//3007
f 1642//1642 980//980 7115//7115
f 6481//6481 7115//7115 980//980
f 2405//2405 2046//2046 7265//7265
f 2405//2405 7265//7265 6861//6861
f 4060//4060 3201//3201 881//881
f 4060//4060 3202//3202 3201//3201
f 5613//5613 4566//4566 1006//1006
f 7021//7021 5613//5613 1006//1006
f 3014//3014 6694//6694 3866//3866
f 43//43 3014//3014 3866//3866
f 7042//7042 4159//4159 7364//7364
f 7197//7197 7364//7364 4159//4159
f 5928//5928 6698//6698 3836//3836
f 6684//6684 5928//5928 3836//3836
f 5904//5904 198//198 5583//5583
f 5583//5583 5584//5584 5904//5904
f 4195//4195 5674//5674 5672//5672
f 4195//4195 979//979 5674//5674
f 2979//2979 3007//3007 5320//5320
f 2979//2979 5320//5320 5322//5322
f 2541//2541 4672//4672 3293//3293
f 2541//2541 3293//3293 5975//5975
f 4466//4466 6029//6029 98//98
f 6030//6030 6029//6029 4466//4466
f 7364//7364 7043//7043 7042//7042
f 6045//6045 7043//7043 7364//7364
f 1950//1950 2818//2818 1951//1951
f 2818//2818 6444//6444 7214//7214
f 6864//6864 1449//1449 1800//1800
f 6864//6864 4701//4701 1449//1449
f 5853//5853 1880//1880 7338//7338
f 1879//1879 7338//7338 1880//1880
f 4480//4480 3473//3473 677//677
f 3473//3473 4480//4480 4479//4479
f 4360//4360 6941//6941 2697//2697
f 1921//1921 4360//4360 2697//2697
f 3553//3553 7237//7237 1777//1777
f 7237//7237 1034//1034 1777//1777
f 3152//3152 6939//6939 7117//7117
f 6939//6939 1708//1708 7117//7117
f 2749//2749 2748//2748 2796//2796
f 2796//2796 4793//4793 2749//2749
f 3834//3834 6684//6684 3836//3836
f 6684//6684 3834//3834 3833//3833
f 6590//6590 306//306 6501//6501
f 5215//5215 6590//6590 6501//6501
f 4161//4161 7197//7197 4159//4159
f 3372//3372 7197//7197 4161//4161
f 232//232 2274//2274 230//230
f 6249//6249 2274//2274 232//232
f 5874//5874 4858//4858 154//154
f 154//154 2013//2013 2012//2012
f 6450//6450 3191//3191 1540//1540
f 3190//3190 3191//3191 6450//6450
f 127//127 2116//2116 1529//1529
f 1531//1531 127//127 1529//1529
f 7401//7401 7402//7402 3541//3541
f 6767//6767 7401//7401 3541//3541
f 4574//4574 4577//4577 7255//7255
f 7255//7255 4577//4577 2295//2295
f 2121//2121 2579//2579 2122//2122
f 2121//2121 3455//3455 2579//2579
f 5561//5561 2942//2942 5127//5127
f 5127//5127 5128//5128 5561//5561
f 4540//4540 1808//1808 2898//2898
f 4540//4540 2898//2898 4538//4538
f 361//361 363//363 875//875
f 361//361 875//875 3655//3655
f 6694//6694 4661//4661 4660//4660
f 4660//4660 4630//4630 6694//6694
f 6725//6725 3324//3324 230//230
f 230//230 2274//2274 6725//6725
f 458//458 457//457 4752//4752
f 4752//4752 457//457 4495//4495
f 4394//4394 3791//3791 7275//7275
f 7351//7351 4394//4394 7275//7275
f 1017//1017 5363//5363 1452//1452
f 1452//1452 1018//1018 1017//1017
f 1328//1328 2167//2167 2169//2169
f 1328//1328 5409//5409 2167//2167
f 4856//4856 4123//4123 4854//4854
f 4856//4856 111//111 4123//4123
f 3895//3895 3896//3896 5570//5570
f 453//453 3896//3896 3895//3895
f 5361//5361 2499//2499 1914//1914
f 2499//2499 5361//5361 6690//6690
f 2937//2937 6860//6860 654//654
f 6860//6860 881//881 654//654
f 2443//2443 2442//2442 951//951
f 2442//2442 952//952 951//951
f 3678//3678 4555//4555 4792//4792
f 7306//7306 3678//3678 4792//4792
f 4391//4391 4394//4394 6259//6259
f 4391//4391 6259//6259 1592//1592
f 5525//5525 5842//5842 5841//5841
f 5525//5525 5537//5537 5536//5536
f 4229//4229 6461//6461 3209//3209
f 6461//6461 6456//6456 3209//3209
f 4836//4836 213//213 212//212
f 4249//4249 212//212 7187//7187
f 6036//6036 2122//2122 2578//2578
f 6036//6036 2578//2578 5268//5268
f 2442//2442 2441//2441 3701//3701
f 3701//3701 2441//2441 7019//7019
f 854//854 6362//6362 6363//6363
f 854//854 6363//6363 1386//1386
f 3778//3778 3779//3779 6900//6900
f 7028//7028 6900//6900 3779//3779
f 6639//6639 694//694 3399//3399
f 3401//3401 6639//6639 3399//3399
f 3972//3972 3974//3974 6373//6373
f 6373//6373 595//595 4888//4888
f 6497//6497 2020//2020 3351//3351
f 6497//6497 674//674 2020//2020
f 3838//3838 2971//2971 2972//2972
f 2972//2972 6054//6054 6997//6997
f 4062//4062 2785//2785 6763//6763
f 2785//2785 2366//2366 6763//6763
f 4836//4836 4249//4249 4248//4248
f 4249//4249 4836//4836 212//212
f 6369//6369 7260//7260 6945//6945
f 6369//6369 6945//6945 2175//2175
f 3401//3401 1845//1845 6639//6639
f 3401//3401 3402//3402 1845//1845
f 6202//6202 6211//6211 4127//4127
f 4127//4127 6211//6211 6109//6109
f 4097//4097 4096//4096 1158//1158
f 6439//6439 4097//4097 1158//1158
f 3777//3777 3229//3229 3231//3231
f 3777//3777 3231//3231 3780//3780
f 7210//7210 5971//5971 5931//5931
f 5971//5971 2197//2197 5931//5931
f 6945//6945 7260//7260 1966//1966
f 1966//1966 7260//7260 1458//1458
f 3838//3838 6997//6997 7398//7398
f 3838//3838 2972//2972 6997//6997
f 5375//5375 6405//6405 2162//2162
f 6405//6405 4607//4607 2162//2162
f 6608//6608 6609//6609 544//544
f 6609//6609 7296//7296 544//544
f 7384//7384 853//853 3682//3682
f 853//853 7384//7384 5175//5175
f 3654//3654 4279//4279 4280//4280
f 3654//3654 4280//4280 3655//3655
f 4882//4882 4880//4880 7428//7428
f 4882//4882 7428//7428 477//477
f 947//947 1895//1895 7111//7111
f 7111//7111 1895//1895 1898//1898
f 4449//4449 4637//4637 1102//1102
f 4637//4637 4449//4449 7020//7020
f 1434//1434 2264//2264 7049//7049
f 7049//7049 2264//2264 3724//3724
f 2936//2936 7097//7097 5697//5697
f 7097//7097 5483//5483 5697//5697
f 4//4 5067//5067 3828//3828
f 1922//1922 3828//3828 5067//5067
f 2623//2623 5139//5139 6227//6227
f 2623//2623 6227//6227 6765//6765
f 2502//2502 3860//3860 5204//5204
f 2502//2502 5204//5204 5205//5205
f 2841//2841 7207//7207 705//705
f 705//705 1078//1078 706//706
f 4946//4946 7314//7314 7313//7313
f 4946//4946 7313//7313 5959//5959
f 3432//3432 6028//6028 268//268
f 6028//6028 3432//3432 6591//6591
f 1306//1306 2220//2220 7200//7200
f 2220//2220 3271//3271 7200//7200
f 4538//4538 2731//2731 5141//5141
f 5143//5143 5141//5141 2731//2731
f 81//81 6644//6644 1754//1754
f 81//81 83//83 6644//6644
f 4121//4121 6432//6432 622//622
f 6432//6432 4121//4121 6430//6430
f 400//400 2502//2502 5205//5205
f 5205//5205 401//401 400//400
f 5637//5637 1386//1386 6682//6682
f 6682//6682 2791//2791 5637//5637
f 5143//5143 2731//2731 2730//2730
f 6545//6545 5143//5143 2730//2730
f 2048//2048 3904//3904 3903//3903
f 3903//3903 6327//6327 2048//2048
f 3513//3513 3820//3820 4470//4470
f 3513//3513 4470//4470 3512//3512
f 1753//1753 2708//2708 1754//1754
f 1754//1754 2708//2708 81//81
f 5013//5013 5352//5352 211//211
f 211//211 5352//5352 225//225
f 177//177 164//164 4050//4050
f 165//165 164//164 177//177
f 6993//6993 4861//4861 2322//2322
f 4861//4861 6993//6993 6683//6683
f 6424//6424 2806//2806 3317//3317
f 2806//2806 7394//7394 3317//3317
f 928//928 3820//3820 3514//3514
f 6483//6483 928//928 2218//2218
f 3254//3254 3256//3256 3255//3255
f 3256//3256 1691//1691 3255//3255
f 3457//3457 5206//5206 6833//6833
f 5202//5202 5206//5206 5203//5203
f 3885//3885 2100//2100 6138//6138
f 2100//2100 5169//5169 6138//6138
f 6060//6060 1510//1510 1507//1507
f 6060//6060 864//864 5826//5826
f 2693//2693 5014//5014 5013//5013
f 5013//5013 211//211 2693//2693
f 2529//2529 2528//2528 6558//6558
f 4524//4524 2529//2529 6558//6558
f 6734//6734 1651//1651 4046//4046
f 4046//4046 3200//3200 6734//6734
f 5203//5203 5206//5206 5205//5205
f 5205//5205 5204//5204 5203//5203
f 185//185 187//187 525//525
f 5172//5172 5168//5168 5170//5170
f 176//176 165//165 177//177
f 6740//6740 165//165 176//176
f 2049//2049 7233//7233 5707//5707
f 7233//7233 6188//6188 5707//5707
f 4046//4046 5887//5887 1721//1721
f 1721//1721 3170//3170 3172//3172
f 1539//1539 3993//3993 365//365
f 6471//6471 3993//3993 1539//1539
f 6790//6790 6750//6750 4069//4069
f 6790//6790 4069//4069 7370//7370
f 7184//7184 7183//7183 1941//1941
f 7189//7189 7184//7184 1941//1941
f 5280//5280 193//193 7179//7179
f 5280//5280 7179//7179 5309//5309
f 3940//3940 5232//5232 4569//4569
f 4569//4569 5232//5232 2319//2319
f 4512//4512 4515//4515 4513//4513
f 7253//7253 4513//4513 4515//4515
f 6270//6270 4827//4827 1838//1838
f 6270//6270 3727//3727 4827//4827
f 6393//6393 6436//6436 6234//6234
f 6436//6436 6393//6393 1035//1035
f 356//356 6464//6464 6851//6851
f 6850//6850 356//356 6851//6851
f 4525//4525 4523//4523 6558//6558
f 4523//4523 4524//4524 6558//6558
f 6576//6576 191//191 193//193
f 6576//6576 193//193 5280//5280
f 1526//1526 1695//1695 4809//4809
f 1695//1695 4810//4810 4809//4809
f 1202//1202 5329//5329 5330//5330
f 1202//1202 5330//5330 1162//1162
f 4604//4604 3302//3302 663//663
f 4604//4604 663//663 3927//3927
f 6542//6542 3809//3809 5349//5349
f 3807//3807 3809//3809 6542//6542
f 4943//4943 4942//4942 1522//1522
f 4943//4943 7177//7177 4942//4942
f 3864//3864 3865//3865 5458//5458
f 5456//5456 5458//5458 5466//5466
f 4181//4181 4177//4177 2379//2379
f 2379//2379 4177//4177 4310//4310
f 4893//4893 4894//4894 6279//6279
f 2216//2216 4893//4893 6279//6279
f 3974//3974 3973//3973 5696//5696
f 3973//3973 3975//3975 5696//5696
f 1840//1840 1350//1350 3495//3495
f 3495//3495 1350//1350 1349//1349
f 4003//4003 5093//5093 4004//4004
f 5093//5093 4003//4003 4002//4002
f 6072//6072 4098//4098 4097//4097
f 4098//4098 6072//6072 646//646
f 800//800 4562//4562 801//801
f 800//800 6190//6190 4562//4562
f 4648//4648 4181//4181 4649//4649
f 4181//4181 4648//4648 4177//4177
f 6198//6198 1903//1903 2414//2414
f 6198//6198 2414//2414 5970//5970
f 6699//6699 1882//1882 2109//2109
f 1105//1105 1882//1882 6699//6699
f 3763//3763 6878//6878 6556//6556
f 51//51 6556//6556 6878//6878
f 4848//4848 5434//5434 816//816
f 816//816 5434//5434 814//814
f 1532//1532 6337//6337 2959//2959
f 1532//1532 2959//2959 1533//1533
f 246//246 245//245 5782//5782
f 3775//3775 246//246 5782//5782
f 3664//3664 6540//6540 24//24
f 802//802 6540//6540 3664//3664
f 4627//4627 5129//5129 5798//5798
f 4374//4374 5798//5798 5129//5129
f 3543//3543 5696//5696 3544//3544
f 3544//3544 5696//5696 3975//3975
f 5306//5306 6412//6412 5307//5307
f 6529//6529 6412//6412 5306//5306
f 3688//3688 2925//2925 4001//4001
f 2925//2925 2924//2924 4001//4001
f 4812//4812 2983//2983 4935//4935
f 4935//4935 2458//2458 4812//4812
f 3775//3775 5782//5782 5784//5784
f 3669//3669 3775//3775 5784//5784
f 710//710 4336//4336 3154//3154
f 4338//4338 4336//4336 710//710
f 7189//7189 1941//1941 5453//5453
f 5452//5452 7189//7189 5453//5453
f 1030//1030 1512//1512 1031//1031
f 1030//1030 4026//4026 1512//1512
f 5651//5651 5652//5652 5654//5654
f 5651//5651 490//490 5652//5652
f 511//511 1790//1790 116//116
f 1790//1790 5416//5416 116//116
f 3421//3421 1703//1703 7280//7280
f 1702//1702 7280//7280 1703//1703
f 4042//4042 6177//6177 5836//5836
f 5836//5836 4040//4040 4042//4042
f 7311//7311 728//728 727//727
f 727//727 7313//7313 7311//7311
f 5724//5724 3743//3743 3742//3742
f 5726//5726 5724//5724 3742//3742
f 3154//3154 4337//4337 5722//5722
f 279//279 5722//5722 4337//4337
f 2977//2977 5319//5319 2981//2981
f 2977//2977 2981//2981 2980//2980
f 1094//1094 4020//4020 6809//6809
f 1094//1094 6809//6809 1095//1095
f 3947//3947 3968//3968 3945//3945
f 3968//3968 3947//3947 6168//6168
f 7473//7473 5416//5416 5417//5417
f 7473//7473 116//116 5416//5416
f 3354//3354 3215//3215 3356//3356
f 3356//3356 3355//3355 3354//3354
f 4609//4609 4611//4611 2863//2863
f 2863//2863 2695//2695 4609//4609
f 2413//2413 2416//2416 4490//4490
f 4490//4490 2416//2416 6969//6969
f 3536//3536 6933//6933 6083//6083
f 3536//3536 6083//6083 4281//4281
f 264//264 1547//1547 265//265
f 1547//1547 264//264 6691//6691
f 1800//1800 1801//1801 1798//1798
f 1801//1801 3622//3622 1798//1798
f 7288//7288 4803//4803 3148//3148
f 3147//3147 7288//7288 3148//3148
f 6218//6218 2033//2033 1474//1474
f 6218//6218 1476//1476 5530//5530
f 1867//1867 1418//1418 2148//2148
f 3657//3657 1418//1418 1867//1867
f 115//115 114//114 3797//3797
f 114//114 116//116 7473//7473
f 2817//2817 669//669 3420//3420
f 2817//2817 3420//3420 2815//2815
f 1935//1935 4518//4518 5236//5236
f 1935//1935 5236//5236 5219//5219
f 3169//3169 4314//4314 4264//4264
f 4626//4626 3167//3167 3169//3169
f 683//683 588//588 5187//5187
f 588//588 683//683 6340//6340
f 5322//5322 3003//3003 1577//1577
f 3004//3004 3003//3003 5322//5322
f 2033//2033 5530//5530 2031//2031
f 2033//2033 6218//6218 5530//5530
f 5417//5417 3797//3797 7473//7473
f 3797//3797 114//114 7473//7473
f 4108//4108 1499//1499 6613//6613
f 4108//4108 6613//6613 1016//1016
f 1418//1418 1417//1417 2148//2148
f 2146//2146 2148//2148 1417//1417
f 1040//1040 4781//4781 1041//1041
f 4784//4784 4781//4781 1040//1040
f 7474//7474 4116//4116 4929//4929
f 4929//4929 5559//5559 7474//7474
f 2041//2041 2040//2040 6813//6813
f 6813//6813 3091//3091 2041//2041
f 6294//6294 1287//1287 2869//2869
f 1286//1286 2869//2869 1287//1287
f 3046//3046 5071//5071 3047//3047
f 2652//2652 5071//5071 3046//3046
f 2928//2928 2927//2927 4000//4000
f 4000//4000 4005//4005 2928//2928
f 5519//5519 7279//7279 2372//2372
f 5519//5519 2372//2372 2374//2374
f 2831//2831 608//608 4589//4589
f 2831//2831 4589//4589 6905//6905
f 7475//7475 5417//5417 6437//6437
f 5417//5417 7475//7475 3797//3797
f 6094//6094 844//844 1579//1579
f 6094//6094 1579//1579 2606//2606
f 2637//2637 4239//4239 5057//5057
f 4238//4238 5057//5057 4239//4239
f 3431//3431 4261//4261 6898//6898
f 3431//3431 3433//3433 4261//4261
f 3216//3216 3217//3217 6701//6701
f 3217//3217 6611//6611 6701//6701
f 2665//2665 2010//2010 2009//2009
f 2665//2665 2667//2667 2010//2010
f 317//317 5980//5980 315//315
f 3306//3306 5980//5980 317//317
f 2829//2829 2831//2831 6381//6381
f 2829//2829 6381//6381 606//606
f 1986//1986 3319//3319 3911//3911
f 3911//3911 3319//3319 19//19
f 7365//7365 2836//2836 4720//4720
f 7365//7365 4720//4720 7141//7141
f 7227//7227 7226//7226 6379//6379
f 7476//7476 6379//6379 6380//6380
f 5839//5839 1969//1969 1968//1968
f 3268//3268 3270//3270 5839//5839
f 6845//6845 44//44 3774//3774
f 6845//6845 6839//6839 44//44
f 468//468 6652//6652 7017//7017
f 468//468 7017//7017 469//469
f 3827//3827 5491//5491 2990//2990
f 6368//6368 2990//2990 5491//5491
f 6665//6665 1387//1387 438//438
f 4134//4134 439//439 1387//1387
f 1011//1011 7476//7476 1012//1012
f 7227//7227 6379//6379 7476//7476
f 187//187 5883//5883 2515//2515
f 187//187 2515//2515 2360//2360
f 7370//7370 4069//4069 6447//6447
f 7370//7370 6447//6447 3476//3476
f 7171//7171 4520//4520 131//131
f 1271//1271 4520//4520 7171//7171
f 3270//3270 1969//1969 5839//5839
f 1969//1969 3384//3384 6392//6392
f 557//557 5269//5269 1697//1697
f 1699//1699 1697//1697 5269//5269
f 922//922 921//921 4205//4205
f 921//921 6865//6865 4205//4205
f 7227//7227 7476//7476 1011//1011
f 7227//7227 1011//1011 2587//2587
f 4134//4134 1387//1387 6665//6665
f 1389//1389 4134//4134 6665//6665
f 304//304 2503//2503 6214//6214
f 2503//2503 402//402 6214//6214
f 1088//1088 6786//6786 6175//6175
f 1088//1088 6175//6175 4298//4298
f 2224//2224 2720//2720 6970//6970
f 2224//2224 6970//6970 2225//2225
f 35//35 2515//2515 5883//5883
f 35//35 5883//5883 36//36
f 686//686 2430//2430 5847//5847
f 2430//2430 2429//2429 5847//5847
f 5525//5525 3746//3746 5537//5537
f 3745//3745 5537//5537 3746//3746
f 2496//2496 2445//2445 2497//2497
f 6397//6397 2445//2445 2496//2496
f 6650//6650 7187//7187 4252//4252
f 4249//4249 7187//7187 6650//6650
f 2222//2222 3104//3104 2223//2223
f 3104//3104 2222//2222 7458//7458
f 1390//1390 6665//6665 6834//6834
f 6834//6834 1125//1125 1390//1390
f 4227//4227 4519//4519 4521//4521
f 4519//4519 4227//4227 4229//4229
f 1411//1411 4354//4354 4074//4074
f 1411//1411 4074//4074 4076//4076
f 6785//6785 6172//6172 6786//6786
f 6785//6785 6787//6787 6172//6172
f 7166//7166 3661//3661 142//142
f 7167//7167 3418//3418 7166//7166
f 2657//2657 1325//1325 729//729
f 729//729 728//728 2657//2657
f 5399//5399 287//287 6328//6328
f 5399//5399 6328//6328 3903//3903
f 303//303 2170//2170 6560//6560
f 6560//6560 304//304 303//303
f 56//56 6610//6610 940//940
f 940//940 6610//6610 1848//1848
f 6078//6078 1605//1605 5789//5789
f 5789//5789 1605//1605 3630//3630
f 1769//1769 5517//5517 3788//3788
f 5517//5517 1769//1769 2962//2962
f 7167//7167 142//142 133//133
f 7166//7166 142//142 7167//7167
f 3696//3696 1733//1733 6642//6642
f 1732//1732 6642//6642 1733//1733
f 2966//2966 1774//1774 6216//6216
f 4146//4146 6216//6216 1774//1774
f 7458//7458 729//729 1325//1325
f 729//729 7458//7458 2222//2222
f 5890//5890 1907//1907 7441//7441
f 2956//2956 5890//5890 7441//7441
f 2751//2751 6364//6364 2786//2786
f 2750//2750 6382//6382 2751//2751
f 2823//2823 2279//2279 2821//2821
f 2279//2279 2823//2823 5795//5795
f 4858//4858 152//152 154//154
f 152//152 4858//4858 2886//2886
f 7254//7254 405//405 3092//3092
f 7254//7254 3092//3092 5661//5661
f 3328//3328 5370//5370 302//302
f 301//301 3328//3328 302//302
f 2509//2509 7047//7047 2508//2508
f 7047//7047 2509//2509 100//100
f 1812//1812 216//216 3142//3142
f 3142//3142 6783//6783 1812//1812
f 5983//5983 5977//5977 4938//4938
f 5983//5983 5976//5976 5977//5977
f 2692//2692 4678//4678 6070//6070
f 2692//2692 6070//6070 2102//2102
f 6711//6711 3466//3466 1608//1608
f 5217//5217 5428//5428 6711//6711
f 5563//5563 5562//5562 3116//3116
f 3116//3116 3120//3120 5932//5932
f 6524//6524 5832//5832 2456//2456
f 2456//2456 5832//5832 624//624
f 5230//5230 3940//3940 3939//3939
f 7238//7238 5230//5230 3939//3939
f 7161//7161 1826//1826 5891//5891
f 1826//1826 914//914 5891//5891
f 3373//3373 5846//5846 3374//3374
f 5846//5846 5480//5480 3374//3374
f 2103//2103 2102//2102 4677//4677
f 6070//6070 4677//4677 2102//2102
f 324//324 6621//6621 2746//2746
f 324//324 242//242 6621//6621
f 1608//1608 1610//1610 5217//5217
f 5217//5217 6711//6711 1608//1608
f 6524//6524 2455//2455 4077//4077
f 2455//2455 6524//6524 2456//2456
f 6113//6113 743//743 5615//5615
f 743//743 325//325 5615//5615
f 7083//7083 3//3 2//2
f 2646//2646 7083//7083 2//2
f 5043//5043 433//433 5041//5041
f 433//433 5042//5042 5041//5041
f 5968//5968 3253//3253 3255//3255
f 3116//3116 3253//3253 3120//3120
f 2203//2203 2202//2202 2766//2766
f 2766//2766 2135//2135 2203//2203
f 4344//4344 4790//4790 6885//6885
f 4790//4790 4344//4344 4345//4345
f 7347//7347 6452//6452 7348//7348
f 4473//4473 6452//6452 4474//4474
f 4072//4072 4604//4604 3927//3927
f 4072//4072 3927//3927 4073//4073
f 6050//6050 6493//6493 2083//2083
f 3398//3398 6493//6493 6042//6042
f 5042//5042 433//433 562//562
f 5042//5042 562//562 6472//6472
f 7366//7366 6585//6585 5375//5375
f 7366//7366 3332//3332 6585//6585
f 4474//4474 7347//7347 4477//4477
f 7347//7347 4474//4474 6452//6452
f 3116//3116 5562//5562 3253//3253
f 5562//5562 964//964 3253//3253
f 3362//3362 5472//5472 1519//1519
f 3149//3149 1519//1519 5472//5472
f 6784//6784 5473//5473 3592//3592
f 2286//2286 5473//5473 6784//6784
f 6041//6041 6042//6042 6050//6050
f 6493//6493 6050//6050 6042//6042
f 2808//2808 7095//7095 2809//2809
f 2811//2811 2809//2809 7095//7095
f 2357//2357 5087//5087 5390//5390
f 2816//2816 5087//5087 2357//2357
f 2005//2005 2004//2004 7180//7180
f 7180//7180 2961//2961 2005//2005
f 6775//6775 950//950 949//949
f 949//949 4863//4863 6775//6775
f 7383//7383 994//994 6170//6170
f 6100//6100 7383//7383 6170//6170
f 4449//4449 7266//7266 7020//7020
f 7020//7020 7266//7266 6646//6646
f 3393//3393 1517//1517 5552//5552
f 3393//3393 1518//1518 1517//1517
f 2187//2187 2185//2185 2188//2188
f 5249//5249 2188//2188 2185//2185
f 6958//6958 6247//6247 6957//6957
f 6957//6957 6247//6247 6253//6253
f 4411//4411 4413//4413 2827//2827
f 3528//3528 2827//2827 4413//4413
f 4101//4101 3702//3702 4102//4102
f 9//9 3703//3703 3702//3702
f 4416//4416 1767//1767 3787//3787
f 3788//3788 3787//3787 1767//1767
f 6930//6930 6931//6931 213//213
f 6930//6930 213//213 6210//6210
f 1595//1595 7351//7351 2019//2019
f 7228//7228 1595//1595 2019//2019
f 5249//5249 5251//5251 2188//2188
f 5250//5250 2188//2188 5251//5251
f 6255//6255 4082//4082 5200//5200
f 4082//4082 7477//7477 2095//2095
f 7234//7234 2376//2376 2375//2375
f 6453//6453 2376//2376 7478//7478
f 2764//2764 6286//6286 1528//1528
f 6286//6286 2764//2764 2763//2763
f 5350//5350 1834//1834 5256//5256
f 22//22 5350//5350 5256//5256
f 6729//6729 3884//3884 1568//1568
f 6729//6729 1568//1568 5295//5295
f 2021//2021 7228//7228 2019//2019
f 676//676 7228//7228 2021//2021
f 9//9 4101//4101 7//7
f 4101//4101 9//9 3702//3702
f 5622//5622 1263//1263 1265//1265
f 5622//5622 4478//4478 1263//1263
f 2095//2095 6264//6264 2096//2096
f 2095//2095 7477//7477 6264//6264
f 6433//6433 2335//2335 2333//2333
f 5055//5055 2335//2335 6433//6433
f 4270//4270 2798//2798 2776//2776
f 2776//2776 4272//4272 4270//4270
f 6542//6542 5349//5349 6541//6541
f 6541//6541 5349//5349 1834//1834
f 6286//6286 3298//3298 1528//1528
f 1526//1526 1528//1528 3298//3298
f 2081//2081 2083//2083 6688//6688
f 2081//2081 6687//6687 223//223
f 975//975 7122//7122 4463//4463
f 975//975 4463//4463 5886//5886
f 4305//4305 6027//6027 3525//3525
f 3309//3309 6027//6027 6026//6026
f 1553//1553 5577//5577 5576//5576
f 5576//5576 5579//5579 1553//1553
f 742//742 6722//6722 6490//6490
f 6722//6722 742//742 741//741
f 3187//3187 3182//3182 7225//7225
f 2247//2247 651//651 3182//3182
f 6697//6697 4128//4128 6110//6110
f 4126//4126 4128//4128 6696//6696
f 2081//2081 6688//6688 6687//6687
f 6688//6688 2976//2976 6687//6687
f 6791//6791 1300//1300 1307//1307
f 930//930 286//286 1300//1300
f 977//977 7122//7122 975//975
f 977//977 4445//4445 7122//7122
f 1494//1494 785//785 7162//7162
f 1494//1494 7162//7162 1617//1617
f 3578//3578 5764//5764 2935//2935
f 5089//5089 5764//5764 3578//3578
f 3990//3990 1087//1087 3096//3096
f 3096//3096 3095//3095 5693//5693
f 4305//4305 4321//4321 6026//6026
f 4305//4305 6026//6026 6027//6027
f 5576//5576 3400//3400 5102//5102
f 3399//3399 5102//5102 3400//3400
f 4130//4130 6108//6108 4459//4459
f 6696//6696 6108//6108 4130//4130
f 2343//2343 7286//7286 3044//3044
f 2343//2343 3044//3044 2344//2344
f 6518//6518 4618//4618 3904//3904
f 292//292 4618//4618 6518//6518
f 635//635 5246//5246 636//636
f 5246//5246 5244//5244 636//636
f 3990//3990 3096//3096 5693//5693
f 3990//3990 5693//5693 6291//6291
f 4321//4321 2839//2839 5554//5554
f 4321//4321 5554//5554 6026//6026
f 3029//3029 2189//2189 1443//1443
f 2189//2189 1441//1441 1443//1443
f 6696//6696 6697//6697 6108//6108
f 6696//6696 4128//4128 6697//6697
f 6323//6323 6316//6316 1575//1575
f 1575//1575 6324//6324 6323//6323
f 5412//5412 7286//7286 2343//2343
f 7286//7286 5412//5412 3045//3045
f 1494//1494 1617//1617 6504//6504
f 6504//6504 1617//1617 1619//1619
f 3730//3730 1933//1933 1936//1936
f 3730//3730 1983//1983 1933//1933
f 167//167 69//69 6967//6967
f 69//69 1305//1305 6967//6967
f 4102//4102 2417//2417 2993//2993
f 4102//4102 3702//3702 2417//2417
f 5096//5096 989//989 1758//1758
f 989//989 5096//5096 1368//1368
f 1393//1393 4692//4692 4693//4693
f 4693//4693 2760//2760 4694//4694
f 2851//2851 2850//2850 1929//1929
f 2851//2851 1929//1929 2155//2155
f 2655//2655 5070//5070 5074//5074
f 1022//1022 2655//2655 5074//5074
f 4852//4852 4811//4811 4851//4851
f 4851//4851 4811//4811 6628//6628
f 3798//3798 136//136 5393//5393
f 5393//5393 115//115 3798//3798
f 7479//7479 7175//7175 6398//6398
f 7476//7476 6380//6380 1012//1012
f 7085//7085 7435//7435 3175//3175
f 7435//7435 911//911 3175//3175
f 5918//5918 7480//7480 4692//4692
f 4693//4693 4692//4692 7480//7480
f 3321//3321 5814//5814 4805//4805
f 7288//7288 3321//3321 4805//4805
f 3978//3978 2161//2161 7014//7014
f 3978//3978 7014//7014 3979//3979
f 5704//5704 5394//5394 6803//6803
f 5393//5393 5704//5704 115//115
f 2993//2993 2421//2421 2994//2994
f 2994//2994 2421//2421 6957//6957
f 7066//7066 6401//6401 697//697
f 7479//7479 6398//6398 7066//7066
f 6449//6449 4067//4067 513//513
f 1552//1552 4067//4067 6449//6449
f 3979//3979 7176//7176 3736//3736
f 3979//3979 3736//3736 3735//3735
f 5325//5325 5281//5281 5283//5283
f 5325//5325 5304//5304 5324//5324
f 7085//7085 3175//3175 3174//3174
f 3174//3174 6721//6721 7085//7085
f 6431//6431 1169//1169 7110//7110
f 6431//6431 7110//7110 620//620
f 7387//7387 7389//7389 6169//6169
f 7387//7387 6169//6169 4328//4328
f 511//511 115//115 6803//6803
f 6803//6803 115//115 5704//5704
f 1087//1087 1086//1086 3095//3095
f 3095//3095 1086//1086 5694//5694
f 4284//4284 7470//7470 3793//3793
f 7470//7470 3794//3794 3793//3793
f 5281//5281 5324//5324 5305//5305
f 5281//5281 5325//5325 5324//5324
f 7389//7389 4307//4307 486//486
f 7387//7387 4307//4307 7389//7389
f 6879//6879 3117//3117 2672//2672
f 6879//6879 2672//2672 2968//2968
f 4936//4936 4814//4814 410//410
f 410//410 4814//4814 411//411
f 3979//3979 7014//7014 7176//7176
f 7014//7014 7013//7013 7176//7176
f 6483//6483 1802//1802 3820//3820
f 6483//6483 3820//3820 928//928
f 6757//6757 6949//6949 7112//7112
f 7103//7103 6949//6949 6757//6757
f 1012//1012 6380//6380 7479//7479
f 7479//7479 7066//7066 1012//1012
f 3609//3609 3168//3168 5599//5599
f 3609//3609 4313//4313 3168//3168
f 1766//1766 1765//1765 3667//3667
f 1766//1766 3667//3667 5382//5382
f 620//620 7109//7109 7076//7076
f 620//620 7110//7110 7109//7109
f 1583//1583 2929//2929 5780//5780
f 1583//1583 2927//2927 2929//2929
f 5610//5610 1641//1641 1637//1637
f 5610//5610 1642//1642 1641//1641
f 2704//2704 6673//6673 2706//2706
f 6673//6673 6672//6672 6474//6474
f 3442//3442 3441//3441 6306//6306
f 6306//6306 3441//3441 6679//6679
f 928//928 3515//3515 929//929
f 3515//3515 5660//5660 929//929
f 1353//1353 7175//7175 6380//6380
f 7175//7175 7479//7479 6380//6380
f 7193//7193 5870//5870 5879//5879
f 1925//1925 5870//5870 7193//7193
f 5778//5778 1447//1447 2881//2881
f 2881//2881 1447//1447 2882//2882
f 2571//2571 6856//6856 2569//2569
f 7481//7481 2571//2571 7381//7381
f 2650//2650 6103//6103 6106//6106
f 2650//2650 6106//6106 7205//7205
f 3891//3891 6321//6321 1310//1310
f 1416//1416 1310//1310 6321//6321
f 3261//3261 4803//4803 3259//3259
f 4803//4803 1597//1597 3259//3259
f 880//880 5406//5406 4330//4330
f 5406//5406 880//880 2550//2550
f 6932//6932 5921//5921 3647//3647
f 6932//6932 3647//3647 3646//3646
f 7280//7280 1702//1702 7279//7279
f 7280//7280 7279//7279 5519//5519
f 4459//4459 6813//6813 4009//4009
f 4459//4459 3091//3091 6813//6813
f 6857//6857 7481//7481 7381//7381
f 6857//6857 7381//7381 6261//6261
f 5748//5748 6830//6830 6829//6829
f 5748//5748 6829//6829 3335//3335
f 2845//2845 3216//3216 5939//5939
f 5939//5939 3216//3216 6701//6701
f 4420//4420 5723//5723 6610//6610
f 4420//4420 573//573 5723//5723
f 6280//6280 6827//6827 5404//5404
f 6279//6279 6827//6827 6280//6280
f 7481//7481 6857//6857 6856//6856
f 7481//7481 6856//6856 2571//2571
f 3676//3676 275//275 277//277
f 3676//3676 4384//4384 275//275
f 4757//4757 593//593 2479//2479
f 2479//2479 593//593 3305//3305
f 5925//5925 2933//2933 5483//5483
f 2933//2933 5925//5925 2934//2934
f 6692//6692 3829//3829 599//599
f 3829//3829 6692//6692 3032//3032
f 1397//1397 6230//6230 4902//4902
f 6229//6229 6230//6230 1397//1397
f 1092//1092 4298//4298 3851//3851
f 3851//3851 1093//1093 1092//1092
f 4966//4966 6847//6847 4967//4967
f 2600//2600 4966//4966 4967//4967
f 991//991 2549//2549 4372//4372
f 2549//2549 2548//2548 4372//4372
f 6985//6985 1264//1264 1504//1504
f 1264//1264 6985//6985 3985//3985
f 4622//4622 1124//1124 440//440
f 440//440 442//442 4622//4622
f 1483//1483 795//795 4612//4612
f 795//795 1483//1483 796//796
f 7454//7454 4926//4926 4924//4924
f 5172//5172 6101//6101 4924//4924
f 2124//2124 3238//3238 577//577
f 322//322 7482//7482 577//577
f 2710//2710 2771//2771 3846//3846
f 2709//2709 2771//2771 2710//2710
f 4610//4610 2696//2696 4608//4608
f 2867//2867 4610//4610 4608//4608
f 6525//6525 4041//4041 3139//3139
f 4041//4041 3137//3137 3139//3139
f 1265//1265 3985//3985 5635//5635
f 1265//1265 1264//1264 3985//3985
f 890//890 2596//2596 2598//2598
f 890//890 4441//4441 2596//2596
f 2629//2629 5623//5623 4646//4646
f 5623//5623 2629//2629 2628//2628
f 960//960 959//959 5468//5468
f 1196//1196 960//960 5468//5468
f 2716//2716 2719//2719 6635//6635
f 2717//2717 2716//2716 6635//6635
f 3080//3080 645//645 3078//3078
f 3080//3080 4294//4294 645//645
f 4011//4011 4010//4010 3984//3984
f 4010//4010 3986//3986 3984//3984
f 861//861 2596//2596 4441//4441
f 861//861 4441//4441 862//862
f 6525//6525 6153//6153 1406//1406
f 6525//6525 3139//3139 6153//6153
f 698//698 852//852 3028//3028
f 5522//5522 698//698 3028//3028
f 474//474 7250//7250 6368//6368
f 474//474 476//476 7250//7250
f 2438//2438 2422//2422 7323//7323
f 2422//2422 6223//6223 7323//7323
f 2956//2956 7441//7441 7443//7443
f 2956//2956 7443//7443 2954//2954
f 3985//3985 6986//6986 3986//3986
f 6986//6986 3984//3984 3986//3986
f 6627//6627 6347//6347 7216//7216
f 6347//6347 6627//6627 3915//3915
f 163//163 4729//4729 161//161
f 4727//4727 4729//4729 5699//5699
f 1445//1445 1444//1444 3783//3783
f 3783//3783 6930//6930 1445//1445
f 6153//6153 6152//6152 1352//1352
f 6152//6152 7175//7175 1352//1352
f 6366//6366 239//239 5618//5618
f 5618//5618 5620//5620 6366//6366
f 3498//3498 3497//3497 2088//2088
f 3497//3497 200//200 2088//2088
f 537//537 539//539 712//712
f 4084//4084 712//712 539//539
f 4109//4109 4158//4158 4110//4110
f 4110//4110 5034//5034 6046//6046
f 6118//6118 4583//4583 4068//4068
f 6240//6240 4583//4583 6118//6118
f 5781//5781 6839//6839 6846//6846
f 6681//6681 5781//5781 6846//6846
f 5619//5619 5621//5621 93//93
f 5618//5618 5621//5621 5619//5619
f 3915//3915 6346//6346 6347//6347
f 6509//6509 6346//6346 3915//3915
f 4985//4985 873//873 4884//4884
f 4985//4985 4884//4884 4883//4883
f 2087//2087 5367//5367 6647//6647
f 3499//3499 3498//3498 6647//6647
f 4158//4158 4157//4157 5034//5034
f 4158//4158 5034//5034 4110//4110
f 1809//1809 3565//3565 7077//7077
f 1809//1809 7077//7077 5908//5908
f 7090//7090 4024//4024 3935//3935
f 4140//4140 7090//7090 3935//3935
f 2636//2636 5867//5867 4548//4548
f 2636//2636 935//935 5867//5867
f 7114//7114 416//416 4782//4782
f 4782//4782 416//416 415//415
f 6453//6453 7478//7478 670//670
f 6453//6453 670//670 6199//6199
f 3565//3565 2896//2896 7080//7080
f 3565//3565 7080//7080 7077//7077
f 6192//6192 3011//3011 3010//3010
f 6191//6191 1339//1339 3011//3011
f 6122//6122 7230//7230 1457//1457
f 1457//1457 2470//2470 6122//6122
f 5887//5887 3170//3170 1721//1721
f 5887//5887 1650//1650 3170//3170
f 725//725 7312//7312 7315//7315
f 7315//7315 726//726 725//725
f 6810//6810 4765//4765 6662//6662
f 6810//6810 6662//6662 4276//4276
f 2087//2087 6647//6647 3498//3498
f 2088//2088 2087//2087 3498//3498
f 7390//7390 3909//3909 2641//2641
f 7390//7390 2641//2641 7391//7391
f 5759//5759 5762//5762 7114//7114
f 5762//5762 416//416 7114//7114
f 3011//3011 6192//6192 6191//6191
f 6192//6192 6194//6194 6191//6191
f 7312//7312 725//725 4386//4386
f 7312//7312 4386//4386 7313//7313
f 3894//3894 5685//5685 5684//5684
f 929//929 3894//3894 927//927
f 6807//6807 5762//5762 5761//5761
f 5759//5759 5760//5760 5761//5761
f 1132//1132 6657//6657 1592//1592
f 1132//1132 6477//6477 6657//6657
f 1436//1436 6429//6429 1437//1437
f 6429//6429 1436//1436 6428//6428
f 1597//1597 3230//3230 3232//3232
f 1597//1597 3232//3232 3259//3259
f 4978//4978 6724//6724 2402//2402
f 4978//4978 6566//6566 6724//6724
f 4783//4783 4782//4782 415//415
f 4783//4783 415//415 6332//6332
f 7355//7355 3154//3154 5722//5722
f 7355//7355 4845//4845 6484//6484
f 4765//4765 6810//6810 6807//6807
f 4765//4765 6807//6807 5761//5761
f 6770//6770 1993//1993 6732//6732
f 6732//6732 1993//1993 1968//1968
f 5493//5493 728//728 7448//7448
f 728//728 7414//7414 7448//7448
f 4180//4180 6554//6554 4649//4649
f 4180//4180 4649//4649 4181//4181
f 5670//5670 3733//3733 2234//2234
f 2234//2234 2233//2233 5670//5670
f 7251//7251 6351//6351 6353//6353
f 7251//7251 2325//2325 6351//6351
f 5761//5761 5760//5760 4765//4765
f 5760//5760 4766//4766 4765//4765
f 7355//7355 6484//6484 3154//3154
f 6484//6484 711//711 3154//3154
f 1227//1227 1229//1229 5262//5262
f 5539//5539 1227//1227 5262//5262
f 4367//4367 4964//4964 6771//6771
f 6732//6732 4367//4367 6771//6771
f 4683//4683 6000//6000 297//297
f 6000//6000 4683//4683 2616//2616
f 5760//5760 7405//7405 4766//4766
f 7405//7405 4767//4767 4766//4766
f 6037//6037 3430//3430 6897//6897
f 6037//6037 3934//3934 3430//3430
f 3567//3567 2288//2288 5499//5499
f 3567//3567 5499//5499 4949//4949
f 4178//4178 4649//4649 3042//3042
f 4178//4178 3042//3042 3044//3044
f 3065//3065 458//458 1220//1220
f 458//458 3065//3065 456//456
f 3488//3488 4472//4472 4471//4471
f 1195//1195 3488//3488 4471//4471
f 6350//6350 7483//7483 6351//6351
f 7483//7483 6350//6350 7457//7457
f 699//699 2476//2476 3738//3738
f 3738//3738 1997//1997 699//699
f 2061//2061 1525//1525 4051//4051
f 2061//2061 4051//4051 5218//5218
f 5010//5010 6102//6102 2649//2649
f 6102//6102 2650//2650 2649//2649
f 5016//5016 3847//3847 2567//2567
f 2768//2768 3847//3847 5016//5016
f 797//797 3121//3121 7056//7056
f 7056//7056 795//795 797//797
f 5058//5058 5069//5069 5059//5059
f 5058//5058 5059//5059 5056//5056
f 6350//6350 6362//6362 7457//7457
f 6350//6350 6363//6363 6362//6362
f 3377//3377 2666//2666 2665//2665
f 2666//2666 3377//3377 6530//6530
f 2364//2364 766//766 5504//5504
f 2364//2364 5504//5504 5496//5496
f 5059//5059 936//936 5056//5056
f 5056//5056 936//936 2637//2637
f 7296//7296 2906//2906 544//544
f 4015//4015 2906//2906 7296//7296
f 6086//6086 6209//6209 6207//6207
f 3616//3616 6086//6086 6207//6207
f 942//942 690//690 6018//6018
f 6018//6018 3265//3265 942//942
f 2847//2847 2271//2271 2273//2273
f 2271//2271 2847//2847 3612//3612
f 7333//7333 3898//3898 5835//5835
f 3705//3705 5835//5835 3898//3898
f 5003//5003 3227//3227 5002//5002
f 3227//3227 5003//5003 6378//6378
f 2952//2952 2951//2951 7443//7443
f 2952//2952 7443//7443 7441//7441
f 5803//5803 5802//5802 1360//1360
f 5803//5803 1360//1360 1359//1359
f 3360//3360 5164//5164 5163//5163
f 3358//3358 6664//6664 3360//3360
f 688//688 690//690 5827//5827
f 688//688 5827//5827 5806//5806
f 7139//7139 2918//2918 4210//4210
f 7138//7138 2919//2919 2918//2918
f 5706//5706 1484//1484 4100//4100
f 6189//6189 1485//1485 1484//1484
f 2331//2331 2330//2330 5802//5802
f 2331//2331 5802//5802 419//419
f 5808//5808 944//944 5809//5809
f 5808//5808 5827//5827 944//944
f 6100//6100 7380//7380 7382//7382
f 6675//6675 2465//2465 7382//7382
f 7096//7096 3347//3347 1204//1204
f 7096//7096 6888//6888 6889//6889
f 6968//6968 1309//1309 1308//1308
f 6968//6968 3271//3271 3892//3892
f 6312//6312 4854//4854 4855//4855
f 4856//4856 4854//4854 6312//6312
f 7138//7138 2918//2918 7139//7139
f 5733//5733 7138//7138 7139//7139
f 2329//2329 6820//6820 1358//1358
f 2329//2329 1358//1358 2330//2330
f 6675//6675 7382//7382 7380//7380
f 6675//6675 7380//7380 7073//7073
f 7413//7413 5580//5580 993//993
f 7413//7413 6098//6098 5580//5580
f 3461//3461 4595//4595 5310//5310
f 3461//3461 2794//2794 4595//4595
f 2819//2819 2536//2536 2574//2574
f 2536//2536 6161//6161 2574//2574
f 7133//7133 1294//1294 7124//7124
f 2408//2408 7133//7133 7124//7124
f 4636//4636 4639//4639 4637//4637
f 6014//6014 6261//6261 4639//4639
f 5940//5940 6700//6700 3214//3214
f 5940//5940 3214//3214 195//195
f 5008//5008 6120//6120 335//335
f 6120//6120 6119//6119 335//335
f 7413//7413 4926//4926 6098//6098
f 7454//7454 6098//6098 4926//4926
f 4045//4045 4996//4996 3198//3198
f 4045//4045 3198//3198 3200//3200
f 1358//1358 1360//1360 2330//2330
f 2330//2330 1360//1360 5802//5802
f 1843//1843 6640//6640 1844//1844
f 6639//6639 1844//1844 6640//6640
f 5135//5135 391//391 393//393
f 391//391 5135//5135 5136//5136
f 4304//4304 6089//6089 34//34
f 6089//6089 6088//6088 34//34
f 2008//2008 6302//6302 7317//7317
f 6302//6302 6303//6303 7317//7317
f 204//204 6014//6014 7484//7484
f 6014//6014 4639//4639 7484//7484
f 5595//5595 5581//5581 5580//5580
f 5595//5595 5580//5580 6098//6098
f 5819//5819 701//701 1440//1440
f 1440//1440 2987//2987 5819//5819
f 3586//3586 1039//1039 4510//4510
f 3586//3586 4510//4510 4511//4511
f 2876//2876 2920//2920 5240//5240
f 2920//2920 2876//2876 2875//2875
f 3756//3756 3755//3755 4956//4956
f 7103//7103 3756//3756 7106//7106
f 7484//7484 4636//4636 204//204
f 4639//4639 4636//4636 7484//7484
f 2333//2333 6434//6434 5598//5598
f 445//445 5598//5598 446//446
f 6534//6534 4297//4297 4455//4455
f 4295//4295 4455//4455 7485//7485
f 1829//1829 7249//7249 4232//4232
f 7249//7249 1829//1829 771//771
f 4510//4510 5877//5877 6158//6158
f 3870//3870 6158//6158 5877//5877
f 7106//7106 4956//4956 4958//4958
f 3756//3756 4956//4956 7106//7106
f 4506//4506 4507//4507 534//534
f 4506//4506 534//534 3713//3713
f 2987//2987 5175//5175 5817//5817
f 5817//5817 5819//5819 2987//2987
f 5885//5885 6348//6348 5886//5886
f 6348//6348 5885//5885 2307//2307
f 7379//7379 5626//5626 5625//5625
f 7379//7379 5625//5625 6491//6491
f 1729//1729 6059//6059 3088//3088
f 3088//3088 2852//2852 1729//1729
f 2304//2304 1087//1087 4032//4032
f 3990//3990 4032//4032 1087//1087
f 1829//1829 3288//3288 1830//1830
f 3288//3288 6303//6303 1830//1830
f 5598//5598 6434//6434 446//446
f 6434//6434 1560//1560 446//446
f 3245//3245 3244//3244 5945//5945
f 5945//5945 3244//3244 477//477
f 6992//6992 2679//2679 2651//2651
f 6992//6992 2651//2651 3427//3427
f 781//781 4255//4255 782//782
f 4255//4255 781//781 4254//4254
f 4461//4461 2305//2305 2307//2307
f 4461//4461 2307//2307 5885//5885
f 1163//1163 1165//1165 2974//2974
f 6877//6877 5822//5822 1163//1163
f 1057//1057 6068//6068 6069//6069
f 6069//6069 6049//6049 1057//1057
f 3864//3864 6598//6598 2912//2912
f 2912//2912 6598//6598 2913//2913
f 4832//4832 3411//3411 5985//5985
f 4832//4832 4831//4831 3411//3411
f 3650//3650 6292//6292 5571//5571
f 6292//6292 3650//3650 3681//3681
f 4237//4237 1180//1180 4253//4253
f 4253//4253 1177//1177 4237//4237
f 131//131 130//130 4248//4248
f 130//130 2489//2489 4248//4248
f 3877//3877 3058//3058 3858//3858
f 3058//3058 3877//3877 3876//3876
f 7088//7088 4203//4203 1780//1780
f 7088//7088 1780//1780 2017//2017
f 1345//1345 255//255 6319//6319
f 1345//1345 6319//6319 3740//3740
f 5582//5582 1560//1560 1559//1559
f 446//446 1560//1560 5582//5582
f 6877//6877 2974//2974 2083//2083
f 6877//6877 1163//1163 2974//2974
f 7292//7292 5378//5378 6624//6624
f 6624//6624 1708//1708 7292//7292
f 1710//1710 3873//3873 1711//1711
f 1711//1711 3873//3873 3874//3874
f 5840//5840 1994//1994 5831//5831
f 5831//5831 3648//3648 5840//5840
f 4079//4079 5441//5441 7033//7033
f 5441//5441 4079//4079 120//120
f 3276//3276 6505//6505 4524//4524
f 3277//3277 3276//3276 4524//4524
f 7258//7258 7025//7025 7026//7026
f 6309//6309 1715//1715 7026//7026
f 3876//3876 3880//3880 3290//3290
f 3876//3876 3290//3290 3058//3058
f 6411//6411 5374//5374 5385//5385
f 6406//6406 4605//4605 5374//5374
f 3680//3680 3650//3650 3649//3649
f 3649//3649 5831//5831 3680//3680
f 7047//7047 100//100 2143//2143
f 100//100 99//99 2143//2143
f 6514//6514 6506//6506 3276//3276
f 6514//6514 3765//3765 6506//6506
f 6693//6693 7309//7309 7417//7417
f 6693//6693 4801//4801 7309//7309
f 3129//3129 3128//3128 5515//5515
f 3129//3129 5515//5515 5514//5514
f 2683//2683 2932//2932 2930//2930
f 2931//2931 2683//2683 2930//2930
f 6391//6391 3228//3228 3225//3225
f 3225//3225 3224//3224 6391//6391
f 7134//7134 4806//4806 5834//5834
f 3800//3800 1369//1369 3801//3801
f 2801//2801 5592//5592 3141//3141
f 4984//4984 2801//2801 3141//3141
f 5385//5385 5374//5374 5373//5373
f 5373//5373 5375//5375 5376//5376
f 6842//6842 5037//5037 6843//6843
f 5037//5037 6842//6842 6320//6320
f 2187//2187 1072//1072 1074//1074
f 1074//1074 1073//1073 5735//5735
f 4189//4189 3276//3276 3279//3279
f 4189//4189 3279//3279 4187//4187
f 7264//7264 4599//4599 4578//4578
f 3501//3501 4599//4599 7264//7264
f 4971//4971 5880//5880 72//72
f 5880//5880 4971//4971 5881//5881
f 5787//5787 3629//3629 430//430
f 430//430 2169//2169 5787//5787
f 7342//7342 5053//5053 290//290
f 7342//7342 290//290 3946//3946
f 3717//3717 1561//1561 5717//5717
f 3717//3717 5717//5717 5716//5716
f 3801//3801 5834//5834 3799//3799
f 7134//7134 5834//5834 3801//3801
f 2187//2187 5735//5735 6419//6419
f 2187//2187 1074//1074 5735//5735
f 5385//5385 5373//5373 5376//5376
f 5386//5386 5385//5385 5376//5376
f 6779//6779 7269//7269 3060//3060
f 3059//3059 3060//3060 3062//3062
f 2627//2627 2629//2629 3946//3946
f 2627//2627 3946//3946 290//290
f 58//58 3151//3151 4627//4627
f 3151//3151 58//58 57//57
f 3276//3276 3278//3278 3279//3279
f 3278//3278 1793//1793 3279//3279
f 3801//3801 1369//1369 7134//7134
f 1369//1369 1368//1368 7134//7134
f 7367//7367 6789//6789 6410//6410
f 647//647 6789//6789 7367//7367
f 6779//6779 3060//3060 3059//3059
f 6780//6780 6779//6779 3059//3059
f 840//840 6336//6336 1296//1296
f 840//840 1296//1296 841//841
f 3974//3974 596//596 595//595
f 6373//6373 3974//3974 595//595
f 4275//4275 6191//6191 6194//6194
f 3012//3012 43//43 4275//4275
f 1073//1073 5555//5555 5735//5735
f 2480//2480 5555//5555 1073//1073
f 7385//7385 4903//4903 2973//2973
f 4903//4903 7385//7385 7386//7386
f 5389//5389 1045//1045 2747//2747
f 6378//6378 2747//2747 1045//1045
f 3961//3961 1261//1261 1260//1260
f 1260//1260 1262//1262 6053//6053
f 6532//6532 3310//3310 1067//1067
f 2177//2177 6532//6532 2178//2178
f 1283//1283 2107//2107 4815//4815
f 2107//2107 2106//2106 4815//4815
f 1548//1548 2626//2626 5139//5139
f 1548//1548 6691//6691 2626//2626
f 5981//5981 4624//4624 5982//5982
f 5982//5982 4624//4624 1075//1075
f 4153//4153 258//258 5786//5786
f 4153//4153 259//259 258//258
f 7472//7472 6754//6754 163//163
f 6754//6754 7472//7472 3731//3731
f 3961//3961 1260//1260 6053//6053
f 6053//6053 6074//6074 3961//3961
f 762//762 760//760 3555//3555
f 3555//3555 760//760 759//759
f 638//638 5345//5345 4817//4817
f 4816//4816 638//638 4817//4817
f 3310//3310 6532//6532 2177//2177
f 3310//3310 2177//2177 3308//3308
f 5981//5981 1123//1123 4624//4624
f 6912//6912 1123//1123 5981//5981
f 2904//2904 2407//2407 1338//1338
f 1337//1337 2904//2904 1338//1338
f 2138//2138 6646//6646 2141//2141
f 2140//2140 2138//2138 2141//2141
f 1175//1175 3283//3283 1176//1176
f 3284//3284 3283//3283 1175//1175
f 4816//4816 2106//2106 638//638
f 4815//4815 2106//2106 4816//4816
f 3732//3732 6754//6754 7272//7272
f 826//826 3732//3732 7272//7272
f 2603//2603 5427//5427 2888//2888
f 2888//2888 2602//2602 2603//2603
f 4975//4975 6179//6179 4973//4973
f 6179//6179 6180//6180 4973//4973
f 965//965 3841//3841 6944//6944
f 6944//6944 3841//3841 6943//6943
f 1876//1876 7396//7396 6537//6537
f 7396//7396 7397//7397 4455//4455
f 5649//5649 5648//5648 515//515
f 5649//5649 4891//4891 5648//5648
f 761//761 763//763 4617//4617
f 87//87 761//761 4617//4617
f 3924//3924 3923//3923 1470//1470
f 3924//3924 6998//6998 3923//3923
f 2899//2899 5718//5718 3250//3250
f 3250//3250 3252//3252 2899//2899
f 6632//6632 117//117 119//119
f 119//119 5988//5988 6632//6632
f 4481//4481 2036//2036 2035//2035
f 4481//4481 2035//2035 680//680
f 2559//2559 6943//6943 5851//5851
f 3841//3841 5851//5851 6943//6943
f 2157//2157 4323//4323 4324//4324
f 4323//4323 2153//2153 4324//4324
f 3394//3394 3374//3374 6151//6151
f 6151//6151 720//720 3394//3394
f 1332//1332 5750//5750 1333//1333
f 1333//1333 1555//1555 1331//1331
f 1875//1875 7397//7397 1876//1876
f 1876//1876 7397//7397 7396//7396
f 4057//4057 4095//4095 4058//4058
f 4866//4866 4058//4058 4095//4095
f 6626//6626 7432//7432 6252//6252
f 6626//6626 6252//6252 4746//4746
f 5312//5312 3460//3460 5310//5310
f 5312//5312 5310//5310 4595//4595
f 1846//1846 1555//1555 5750//5750
f 5750//5750 1555//1555 1333//1333
f 4327//4327 7036//7036 7032//7032
f 4327//4327 4500//4500 7036//7036
f 2387//2387 423//423 6220//6220
f 666//666 423//423 422//422
f 7082//7082 3905//3905 3//3
f 3//3 7083//7083 7082//7082
f 2207//2207 7212//7212 2512//2512
f 2207//2207 1225//1225 7212//7212
f 5448//5448 4369//4369 5986//5986
f 5448//5448 2459//2459 4369//4369
f 1546//1546 194//194 4358//4358
f 4358//4358 2435//2435 1546//1546
f 6819//6819 553//553 2656//2656
f 6819//6819 7426//7426 553//553
f 1881//1881 2110//2110 2109//2109
f 1881//1881 5655//5655 2110//2110
f 3904//3904 2047//2047 3507//3507
f 2047//2047 3904//3904 2048//2048
f 4129//4129 6695//6695 4130//4130
f 6695//6695 4129//4129 3094//3094
f 4224//4224 6013//6013 7123//7123
f 4224//4224 7123//7123 2577//2577
f 4964//4964 2459//2459 4935//4935
f 4369//4369 2459//2459 4964//4964
f 4988//4988 609//609 5601//5601
f 4988//4988 5617//5617 5594//5594
f 5509//5509 553//553 7426//7426
f 5509//5509 7426//7426 2126//2126
f 6975//6975 6324//6324 499//499
f 6975//6975 499//499 1668//1668
f 7281//7281 3613//3613 6654//6654
f 7281//7281 3611//3611 3613//3613
f 1546//1546 2435//2435 4357//4357
f 2434//2434 4357//4357 2435//2435
f 3126//3126 2583//2583 5244//5244
f 2583//2583 3126//3126 2584//2584
f 5265//5265 6494//6494 7456//7456
f 7456//7456 6494//6494 775//775
f 6288//6288 7123//7123 2283//2283
f 6288//6288 2283//2283 4833//4833
f 4503//4503 6837//6837 894//894
f 4503//4503 894//894 4501//4501
f 7278//7278 7199//7199 7198//7198
f 7199//7199 7278//7278 4550//4550
f 4695//4695 5298//5298 4696//4696
f 4695//4695 2694//2694 7092//7092
f 2846//2846 719//719 6654//6654
f 2846//2846 716//716 719//719
f 5878//5878 2763//2763 1523//1523
f 2763//2763 1524//1524 1523//1523
f 4934//4934 431//431 5197//5197
f 4934//4934 5197//5197 4932//4932
f 5738//5738 1696//1696 5753//5753
f 1696//1696 5871//5871 5753//5753
f 6358//6358 1061//1061 6337//6337
f 6337//6337 1061//1061 1060//1060
f 6837//6837 1237//1237 895//895
f 895//895 894//894 6837//6837
f 5298//5298 4695//4695 7092//7092
f 5298//5298 7092//7092 5678//5678
f 6766//6766 6594//6594 2714//2714
f 6594//6594 6766//6766 6760//6760
f 6566//6566 6565//6565 1423//1423
f 6566//6566 1423//1423 1644//1644
f 481//481 480//480 824//824
f 481//481 824//824 1552//1552
f 5313//5313 4332//4332 7052//7052
f 4332//4332 1188//1188 7052//7052
f 3952//3952 6720//6720 6390//6390
f 6390//6390 6720//6720 3933//3933
f 4551//4551 1423//1423 6565//6565
f 4551//4551 6565//6565 6564//6564
f 5314//5314 6792//6792 4332//4332
f 5314//5314 5330//5330 6792//6792
f 4769//4769 4772//4772 4770//4770
f 3511//3511 4772//4772 4769//4769
f 5010//5010 2648//2648 5011//5011
f 5010//5010 5011//5011 6102//6102
f 7157//7157 3835//3835 7158//7158
f 3835//3835 1472//1472 1471//1471
f 1362//1362 7374//7374 2055//2055
f 7374//7374 1362//1362 5725//5725
f 1726//1726 1725//1725 1932//1932
f 2926//2926 1726//1726 1932//1932
f 1781//1781 4204//4204 7121//7121
f 4204//4204 1782//1782 7121//7121
f 3135//3135 5130//5130 2396//2396
f 5130//5130 3135//3135 2394//2394
f 4518//4518 4516//4516 602//602
f 4518//4518 173//173 4516//4516
f 5456//5456 5466//5466 5457//5457
f 5467//5467 5457//5457 5466//5466
f 7421//7421 3299//3299 3301//3301
f 7421//7421 3287//3287 3299//3299
f 3311//3311 1854//1854 3312//3312
f 3311//3311 6165//6165 1854//1854
f 300//300 1177//1177 66//66
f 300//300 66//66 68//68
f 7093//7093 1161//1161 2211//2211
f 7093//7093 5405//5405 1161//1161
f 2394//2394 3135//3135 3134//3134
f 2394//2394 1141//1141 1140//1140
f 418//418 4196//4196 4198//4198
f 3224//3224 4198//4198 4196//4196
f 2965//2965 1311//1311 6952//6952
f 1311//1311 2965//2965 6881//6881
f 2772//2772 7007//7007 2773//2773
f 7007//7007 3247//3247 2773//2773
f 6686//6686 5236//5236 5237//5237
f 6686//6686 1600//1600 5219//5219
f 1161//1161 7051//7051 2212//2212
f 1161//1161 2212//2212 2211//2211
f 1067//1067 2838//2838 1068//1068
f 2838//2838 2837//2837 1068//1068
f 4198//4198 3226//3226 6772//6772
f 4198//4198 6772//6772 418//418
f 736//736 735//735 5534//5534
f 3524//3524 3521//3521 5535//5535
f 6553//6553 831//831 5664//5664
f 6553//6553 5664//5664 1913//1913
f 1918//1918 4205//4205 6865//6865
f 6865//6865 6871//6871 1918//1918
f 1600//1600 5237//5237 2788//2788
f 5237//5237 1600//1600 6686//6686
f 3382//3382 3381//3381 7038//7038
f 7038//7038 5223//5223 3382//3382
f 2078//2078 2077//2077 6334//6334
f 2075//2075 6334//6334 2076//2076
f 3512//3512 6185//6185 2594//2594
f 6185//6185 3512//3512 1301//1301
f 1654//1654 5154//5154 3580//3580
f 3580//3580 5154//5154 3173//3173
f 2077//2077 1135//1135 2076//2076
f 2076//2076 6334//6334 2077//2077
f 3661//3661 7166//7166 3417//3417
f 3659//3659 3661//3661 3417//3417
f 5754//5754 4061//4061 2242//2242
f 4061//4061 5754//5754 3186//3186
f 3152//3152 533//533 3150//3150
f 5129//5129 3150//3150 533//533
f 3226//3226 6773//6773 6772//6772
f 3226//3226 2329//2329 6773//6773
f 3182//3182 651//651 7225//7225
f 651//651 466//466 7225//7225
f 5894//5894 1654//1654 3580//3580
f 1652//1652 1654//1654 5104//5104
f 6201//6201 4469//4469 1038//1038
f 1806//1806 6201//6201 1038//1038
f 2699//2699 4494//4494 5229//5229
f 4494//4494 2699//2699 2701//2701
f 1133//1133 1135//1135 2079//2079
f 3921//3921 7486//7486 2078//2078
f 1817//1817 3100//3100 1818//1818
f 4301//4301 6994//6994 1817//1817
f 3662//3662 2659//2659 3659//3659
f 3417//3417 3662//3662 3659//3659
f 3928//3928 662//662 2739//2739
f 662//662 661//661 2739//2739
f 1023//1023 7209//7209 1024//1024
f 4890//4890 1740//1740 7209//7209
f 3921//3921 1134//1134 1133//1133
f 3921//3921 1133//1133 7486//7486
f 6435//6435 1806//1806 1037//1037
f 6435//6435 1037//1037 3586//3586
f 679//679 2647//2647 2300//2300
f 2647//2647 679//679 2333//2333
f 5894//5894 4112//4112 5104//5104
f 5894//5894 5104//5104 1654//1654
f 2824//2824 4625//4625 248//248
f 248//248 4625//4625 218//218
f 4890//4890 7209//7209 1023//1023
f 1023//1023 6908//6908 4890//4890
f 3928//3928 3926//3926 662//662
f 1496//1496 3926//3926 2738//2738
f 2079//2079 2078//2078 7486//7486
f 2079//2079 7486//7486 1133//1133
f 6747//6747 2682//2682 6748//6748
f 6747//6747 6748//6748 5587//5587
f 3455//3455 5470//5470 2280//2280
f 3455//3455 2121//2121 5470//5470
f 2448//2448 3274//3274 2449//2449
f 4488//4488 2449//2449 3274//3274
f 1075//1075 4623//4623 1076//1076
f 4623//4623 4621//4621 1076//1076
f 6043//6043 2044//2044 2432//2432
f 2044//2044 6043//6043 2489//2489
f 6502//6502 2557//2557 2556//2556
f 2557//2557 6502//6502 5369//5369
f 3799//3799 5705//5705 5394//5394
f 3800//3800 3799//3799 5394//5394
f 1953//1953 5310//5310 5311//5311
f 5311//5311 1954//1954 1953//1953
f 4871//4871 3628//3628 2808//2808
f 4871//4871 2808//2808 2807//2807
f 6284//6284 2425//2425 6024//6024
f 2426//2426 2425//2425 6284//6284
f 3427//3427 7205//7205 7408//7408
f 3427//3427 6116//6116 3454//3454
f 7048//7048 3786//3786 3788//3788
f 7048//7048 697//697 3786//3786
f 3813//3813 2252//2252 5957//5957
f 3813//3813 5957//5957 3811//3811
f 6752//6752 6959//6959 6760//6760
f 6959//6959 6752//6752 6960//6960
f 6905//6905 6904//6904 6226//6226
f 6226//6226 6904//6904 6918//6918
f 5903//5903 1813//1813 1815//1815
f 3180//3180 1813//1813 5903//5903
f 3066//3066 4733//4733 3064//3064
f 5923//5923 3064//3064 4733//4733
f 7408//7408 6105//6105 6116//6116
f 7408//7408 6116//6116 3427//3427
f 4320//4320 4351//4351 6880//6880
f 4320//4320 6880//6880 4322//4322
f 6766//6766 6761//6761 6760//6760
f 6752//6752 6760//6760 6761//6761
f 737//737 3524//3524 735//735
f 3524//3524 5535//5535 735//735
f 241//241 4674//4674 239//239
f 3359//3359 4674//4674 241//241
f 1858//1858 6821//6821 4049//4049
f 4049//4049 6821//6821 4483//4483
f 4018//4018 1814//1814 7307//7307
f 1814//1814 923//923 7307//7307
f 6294//6294 2267//2267 1287//1287
f 6294//6294 3220//3220 2267//2267
f 7096//7096 6889//6889 3347//3347
f 6889//6889 3348//3348 3347//3347
f 7464//7464 6905//6905 6226//6226
f 2831//2831 6905//6905 7464//7464
f 4898//4898 7302//7302 5567//5567
f 5572//5572 5567//5567 7302//7302
f 4775//4775 5485//5485 7204//7204
f 5485//5485 1331//1331 7204//7204
f 690//690 141//141 4897//4897
f 690//690 4897//4897 6018//6018
f 2518//2518 4373//4373 5541//5541
f 2516//2516 2518//2518 5541//5541
f 56//56 55//55 2399//2399
f 2397//2397 2399//2399 55//55
f 5783//5783 6840//6840 6839//6839
f 5783//5783 245//245 6840//6840
f 51//51 3766//3766 6874//6874
f 516//516 51//51 6874//6874
f 7353//7353 5514//5514 7487//7487
f 7353//7353 4905//4905 4903//4903
f 1980//1980 5095//5095 2063//2063
f 2064//2064 2063//2063 5095//5095
f 2452//2452 5366//5366 2453//2453
f 5366//5366 2229//2229 2453//2453
f 6543//6543 3757//3757 3534//3534
f 3757//3757 6543//6543 6119//6119
f 1142//1142 2393//2393 1143//1143
f 1142//1142 627//627 2393//2393
f 4279//4279 4281//4281 4280//4280
f 4281//4281 4279//4279 3536//3536
f 4106//4106 7400//7400 7308//7308
f 4106//4106 7308//7308 2351//2351
f 7398//7398 3839//3839 3838//3838
f 3839//3839 7398//7398 964//964
f 7232//7232 5611//5611 6509//6509
f 7232//7232 6509//6509 5610//5610
f 370//370 1341//1341 5459//5459
f 370//370 5459//5459 1585//1585
f 6382//6382 4093//4093 6364//6364
f 6382//6382 6364//6364 2751//2751
f 6882//6882 3561//3561 5397//5397
f 6622//6622 3561//3561 6882//6882
f 20//20 5207//5207 5990//5990
f 6942//6942 20//20 5990//5990
f 6166//6166 869//869 6375//6375
f 6376//6376 6375//6375 869//869
f 3539//3539 7319//7319 7318//7318
f 7402//7402 3539//3539 3541//3541
f 2454//2454 1718//1718 621//621
f 1718//1718 622//622 621//621
f 6677//6677 1588//1588 6133//6133
f 1919//1919 6133//6133 1588//1588
f 6189//6189 1484//1484 5706//5706
f 5707//5707 6189//6189 5706//5706
f 984//984 6128//6128 3817//3817
f 984//984 3817//3817 3819//3819
f 3363//3363 6906//6906 5472//5472
f 3315//3315 6906//6906 3363//3363
f 6275//6275 4269//4269 7091//7091
f 4267//4267 4269//4269 6275//6275
f 3211//3211 188//188 3212//3212
f 3211//3211 6035//6035 188//188
f 1077//1077 4644//4644 1075//1075
f 1077//1077 4642//4642 4644//4644
f 1526//1526 4809//4809 3943//3943
f 1527//1527 1526//1526 3943//3943
f 3272//3272 1912//1912 5360//5360
f 1912//1912 2501//2501 5360//5360
f 6160//6160 235//235 1127//1127
f 235//235 6275//6275 1127//1127
f 5545//5545 4684//4684 5999//5999
f 5544//5544 5545//5545 5999//5999
f 2835//2835 5729//5729 4719//4719
f 4185//4185 5729//5729 2835//2835
f 4661//4661 3014//3014 3013//3013
f 6694//6694 3014//3014 4661//4661
f 6739//6739 6740//6740 7294//7294
f 3254//3254 6739//6739 7294//7294
f 1206//1206 2896//2896 2895//2895
f 2895//2895 4103//4103 1206//1206
f 7457//7457 4266//4266 234//234
f 7483//7483 7457//7457 234//234
f 3812//3812 3811//3811 2249//2249
f 2249//2249 1409//1409 3812//3812
f 5185//5185 590//590 3944//3944
f 3944//3944 2151//2151 5185//5185
f 1785//1785 1788//1788 4788//4788
f 1785//1785 4788//4788 6687//6687
f 4573//4573 7442//7442 1714//1714
f 1714//1714 6947//6947 4211//4211
f 4295//4295 5507//5507 6534//6534
f 4295//4295 6534//6534 4455//4455
f 6353//6353 6351//6351 7483//7483
f 6353//6353 7483//7483 234//234
f 7198//7198 5866//5866 7278//7278
f 5866//5866 7198//7198 2637//2637
f 4750//4750 2701//2701 1891//1891
f 4495//4495 4494//4494 2701//2701
f 5811//5811 5742//5742 5004//5004
f 5811//5811 5004//5004 5812//5812
f 404//404 1329//1329 6002//6002
f 6002//6002 3263//3263 404//404
f 6947//6947 7442//7442 2259//2259
f 1714//1714 7442//7442 6947//6947
f 5232//5232 5231//5231 2320//2320
f 5231//5231 464//464 2320//2320
f 4295//4295 7485//7485 6601//6601
f 4451//4451 4454//4454 4452//4452
f 4170//4170 284//284 4172//4172
f 4169//4169 4170//4170 4172//4172
f 2914//2914 5734//5734 2915//2915
f 2914//2914 6443//6443 5734//5734
f 88//88 4352//4352 4306//4306
f 88//88 4306//4306 89//89
f 2490//2490 2860//2860 2491//2491
f 2860//2860 2490//2490 6044//6044
f 3648//3648 3269//3269 3268//3268
f 3648//3648 3268//3268 5840//5840
f 7037//7037 1906//1906 7032//7032
f 7037//7037 7032//7032 7036//7036
f 4990//4990 996//996 5812//5812
f 5004//5004 4990//4990 5812//5812
f 4871//4871 2807//2807 4872//4872
f 2807//2807 2810//2810 4872//4872
f 5591//5591 1632//1632 3956//3956
f 1632//1632 496//496 498//498
f 4340//4340 4342//4342 5597//5597
f 4342//4342 4340//4340 4343//4343
f 7469//7469 4953//4953 5715//5715
f 5715//5715 4953//4953 2843//2843
f 6708//6708 1385//1385 1384//1384
f 6708//6708 1384//1384 1900//1900
f 2365//2365 6762//6762 6763//6763
f 4464//4464 2365//2365 2367//2367
f 2355//2355 3962//3962 6075//6075
f 3962//3962 2355//2355 1261//1261
f 496//496 5591//5591 793//793
f 5591//5591 496//496 1632//1632
f 134//134 141//141 5597//5597
f 134//134 5597//5597 4342//4342
f 6922//6922 2572//2572 6924//6924
f 6922//6922 3673//3673 2572//2572
f 3114//3114 3111//3111 5407//5407
f 3114//3114 5407//5407 7165//7165
f 5737//5737 5862//5862 5864//5864
f 5746//5746 5862//5862 5737//5737
f 3027//3027 1820//1820 2299//2299
f 3027//3027 2299//2299 3025//3025
f 7437//7437 5965//5965 4555//4555
f 5965//5965 1616//1616 4555//4555
f 6957//6957 6253//6253 2995//2995
f 2997//2997 2995//2995 6253//6253
f 7452//7452 1670//1670 4739//4739
f 4739//4739 1670//1670 1669//1669
f 3744//3744 4601//4601 3423//3423
f 3424//3424 3423//3423 4601//4601
f 7437//7437 4555//4555 3677//3677
f 7437//7437 3677//3677 2411//2411
f 4464//4464 3071//3071 6762//6762
f 2365//2365 4464//4464 6762//6762
f 7076//7076 4692//4692 1393//1393
f 7076//7076 1393//1393 1274//1274
f 614//614 2804//2804 615//615
f 5683//5683 2804//2804 614//614
f 3598//3598 4747//4747 3599//3599
f 1008//1008 4747//4747 3598//3598
f 486//486 1626//1626 4499//4499
f 7389//7389 486//486 4499//4499
f 220//220 2278//2278 7297//7297
f 220//220 7297//7297 1892//1892
f 7018//7018 1649//1649 1651//1651
f 7018//7018 1651//1651 6736//6736
f 3862//3862 4244//4244 6186//6186
f 4242//4242 4244//4244 2230//2230
f 3627//3627 5607//5607 1435//1435
f 1435//1435 1434//1434 3627//3627
f 5221//5221 4904//4904 2992//2992
f 2975//2975 2992//2992 4904//4904
f 5334//5334 6265//6265 2098//2098
f 5135//5135 2098//2098 6265//6265
f 1555//1555 1846//1846 5642//5642
f 1556//1556 1555//1555 5642//5642
f 5638//5638 5166//5166 6854//6854
f 5638//5638 6854//6854 2793//2793
f 3601//3601 3598//3598 5435//5435
f 3601//3601 5435//5435 1757//1757
f 7017//7017 6652//6652 1649//1649
f 4113//4113 1649//1649 6652//6652
f 1363//1363 1362//1362 5156//5156
f 1363//1363 5156//5156 5588//5588
f 6187//6187 6186//6186 4242//4242
f 6186//6186 4244//4244 4242//4242
f 509//509 508//508 7169//7169
f 509//509 7169//7169 510//510
f 3360//3360 6664//6664 5164//5164
f 6664//6664 6663//6663 5164//5164
f 4968//4968 6918//6918 6032//6032
f 6032//6032 6918//6918 4955//4955
f 7157//7157 6339//6339 1472//1472
f 7157//7157 1472//1472 3835//3835
f 2138//2138 2140//2140 6963//6963
f 6963//6963 2140//2140 6853//6853
f 6707//6707 3603//3603 6706//6706
f 6706//6706 3603//3603 3602//3602
f 7223//7223 525//525 527//527
f 7223//7223 527//527 7461//7461
f 6853//6853 2792//2792 5166//5166
f 2792//2792 6853//6853 2140//2140
f 2778//2778 7178//7178 7273//7273
f 7273//7273 493//493 2778//2778
f 76//76 75//75 4807//4807
f 76//76 4807//4807 1318//1318
f 6333//6333 417//417 2003//2003
f 6333//6333 2003//2003 3219//3219
f 3604//3604 3603//3603 6707//6707
f 3604//3604 6707//6707 4997//4997
f 4968//4968 6224//6224 6918//6918
f 6224//6224 6226//6226 6918//6918
f 4496//4496 4497//4497 872//872
f 939//939 707//707 4496//4496
f 7178//7178 2778//2778 2777//2777
f 7178//7178 2777//2777 5717//5717
f 7400//7400 4106//4106 2348//2348
f 7400//7400 2348//2348 2675//2675
f 2897//2897 6508//6508 2729//2729
f 2729//2729 2731//2731 2897//2897
f 2949//2949 2950//2950 7016//7016
f 2163//2163 2949//2949 7016//7016
f 2007//2007 3855//3855 7242//7242
f 2007//2007 7242//7242 3056//3056
f 2261//2261 2263//2263 2295//2295
f 2296//2296 2295//2295 2263//2263
f 1872//1872 5915//5915 3281//3281
f 3281//3281 5915//5915 5914//5914
f 5152//5152 2655//2655 1021//1021
f 3304//3304 5152//5152 1021//1021
f 1500//1500 6728//6728 2353//2353
f 2354//2354 2353//2353 6728//6728
f 5159//5159 934//934 4154//4154
f 1116//1116 6849//6849 934//934
f 2159//2159 4606//4606 2160//2160
f 4606//4606 2159//2159 2949//2949
f 559//559 6190//6190 800//800
f 7022//7022 6190//6190 559//559
f 3874//3874 2296//2296 2263//2263
f 3874//3874 2263//2263 2262//2262
f 6082//6082 1724//1724 6093//6093
f 3688//3688 6093//6093 1724//1724
f 2586//2586 5146//5146 2587//2587
f 5146//5146 7227//7227 2587//2587
f 2473//2473 2029//2029 2028//2028
f 2473//2473 2028//2028 2471//2471
f 3340//3340 4497//4497 6935//6935
f 6935//6935 4497//4497 4496//4496
f 934//934 6849//6849 4154//4154
f 1865//1865 4154//4154 6849//6849
f 1425//1425 5899//5899 1644//1644
f 1425//1425 2493//2493 2495//2495
f 5619//5619 1866//1866 4315//4315
f 1866//1866 259//259 4315//4315
f 2763//2763 5878//5878 3297//3297
f 5878//5878 2135//2135 3297//3297
f 3515//3515 3098//3098 6800//6800
f 6800//6800 3098//3098 3097//3097
f 4725//4725 1427//1427 1429//1429
f 4943//4943 4725//4725 1429//1429
f 5714//5714 5713//5713 4418//4418
f 5714//5714 4418//4418 574//574
f 6345//6345 3223//3223 6849//6849
f 3223//3223 6345//6345 4948//4948
f 6119//6119 3760//3760 558//558
f 6119//6119 558//558 335//335
f 597//597 5021//5021 6588//6588
f 6588//6588 5021//5021 6586//6586
f 2526//2526 6875//6875 2284//2284
f 6875//6875 2526//2526 578//578
f 4117//4117 4119//4119 4927//4927
f 4119//4119 1207//1207 4927//4927
f 5456//5456 3864//3864 5458//5458
f 5456//5456 6598//6598 3864//3864
f 5899//5899 1425//1425 2495//2495
f 5899//5899 2495//2495 5898//5898
f 2738//2738 3926//3926 3928//3928
f 2738//2738 3928//3928 2736//2736
f 1190//1190 2488//2488 2468//2468
f 2468//2468 2488//2488 5364//5364
f 4487//4487 3272//3272 5647//5647
f 4487//4487 5647//5647 788//788
f 5771//5771 2538//2538 2756//2756
f 5771//5771 2756//2756 3950//3950
f 3424//3424 1607//1607 3422//3422
f 3422//3422 1607//1607 589//589
f 5275//5275 7179//7179 2513//2513
f 5275//5275 2513//2513 192//192
f 5525//5525 5536//5536 5842//5842
f 5842//5842 5536//5536 682//682
f 2914//2914 1717//1717 1716//1716
f 2914//2914 2916//2916 1717//1717
f 5155//5155 5153//5153 3582//3582
f 5153//5153 5155//5155 5154//5154
f 678//678 2332//2332 679//679
f 3472//3472 2332//2332 678//678
f 4379//4379 6825//6825 4377//4377
f 2889//2889 6825//6825 4379//4379
f 3830//3830 7439//7439 5//5
f 4//4 3830//3830 5//5
f 4118//4118 4117//4117 4931//4931
f 4117//4117 4927//4927 4931//4931
f 4345//4345 2427//2427 6282//6282
f 2426//2426 6282//6282 2427//2427
f 4643//4643 4700//4700 4699//4699
f 4642//4642 4700//4700 4643//4643
f 580//580 7300//7300 1241//1241
f 580//580 5155//5155 7300//7300
f 597//597 596//596 963//963
f 5022//5022 597//597 963//963
f 3784//3784 4852//4852 4851//4851
f 4852//4852 3784//3784 2150//2150
f 1976//1976 3469//3469 1974//1974
f 771//771 3469//3469 1976//1976
f 5162//5162 5528//5528 839//839
f 5528//5528 5162//5162 3865//3865
f 7258//7258 1715//1715 1717//1717
f 1715//1715 7258//7258 7026//7026
f 2292//2292 2294//2294 2296//2296
f 2294//2294 2292//2292 5075//5075
f 6239//6239 4583//4583 6240//6240
f 6239//6239 6240//6240 4585//4585
f 5419//5419 110//110 7345//7345
f 5419//5419 7345//7345 4278//4278
f 1783//1783 5991//5991 7488//7488
f 1783//1783 7488//7488 1784//1784
f 3475//3475 1794//1794 5234//5234
f 1793//1793 5234//5234 1794//1794
f 4120//4120 4122//4122 4855//4855
f 2914//2914 4855//4855 4122//4122
f 345//345 344//344 3505//3505
f 3505//3505 344//344 5624//5624
f 6787//6787 5650//5650 6172//6172
f 5650//5650 6787//6787 5649//5649
f 96//96 6478//6478 584//584
f 97//97 96//96 584//584
f 2621//2621 5048//5048 5049//5049
f 7046//7046 2621//2621 5049//5049
f 7489//7489 2162//2162 7343//7343
f 7489//7489 7343//7343 7366//7366
f 3367//3367 6799//6799 4020//4020
f 3367//3367 4020//4020 2172//2172
f 4892//4892 515//515 514//514
f 515//515 4892//4892 5833//5833
f 1110//1110 7488//7488 5991//5991
f 1110//1110 5991//5991 1111//1111
f 3221//3221 597//597 6588//6588
f 4888//4888 3221//3221 6588//6588
f 3656//3656 6678//6678 5974//5974
f 3656//3656 5974//5974 7430//7430
f 7378//7378 4179//4179 4181//4181
f 2378//2378 7378//7378 2379//2379
f 3522//3522 2728//2728 585//585
f 2726//2726 2728//2728 3522//3522
f 1761//1761 7035//7035 5865//5865
f 491//491 5865//5865 3719//3719
f 6966//6966 1167//1167 1164//1164
f 4378//4378 6966//6966 2892//2892
f 6481//6481 4195//4195 5672//5672
f 6481//6481 5672//5672 1894//1894
f 4179//4179 2378//2378 4784//4784
f 7378//7378 2378//2378 4179//4179
f 5375//5375 2162//2162 7489//7489
f 5375//5375 7489//7489 7366//7366
f 6535//6535 7490//7490 6536//6536
f 6535//6535 3331//3331 7490//7490
f 7491//7491 7492//7492 6920//6920
f 5865//5865 7035//7035 3719//3719
f 4218//4218 4680//4680 6623//6623
f 6623//6623 4680//4680 7156//7156
f 6678//6678 3653//3653 3124//3124
f 3656//3656 3653//3653 6678//6678
f 1107//1107 2108//2108 5643//5643
f 2108//2108 2110//2110 5643//5643
f 6966//6966 1164//1164 2892//2892
f 2892//2892 1164//1164 7395//7395
f 6585//6585 6584//6584 5377//5377
f 5375//5375 6585//6585 5377//5377
f 1678//1678 5218//5218 1610//1610
f 1609//1609 1678//1678 1610//1610
f 7035//7035 7492//7492 7493//7493
f 7034//7034 7492//7492 7035//7035
f 286//286 4469//4469 6416//6416
f 6416//6416 1300//1300 286//286
f 4451//4451 4450//4450 2947//2947
f 2947//2947 4450//4450 6319//6319
f 7315//7315 6822//6822 726//726
f 726//726 6822//6822 1242//1242
f 6536//6536 7490//7490 3736//3736
f 6536//6536 3736//3736 7176//7176
f 5388//5388 1358//1358 6820//6820
f 5389//5389 5388//5388 1043//1043
f 6094//6094 2605//2605 5392//5392
f 5392//5392 2605//2605 2604//2604
f 1825//1825 915//915 1826//1826
f 915//915 1825//1825 7444//7444
f 6012//6012 4090//4090 5486//5486
f 5486//5486 4090//4090 5487//5487
f 7493//7493 7492//7492 7491//7491
f 7493//7493 3719//3719 7035//7035
f 5388//5388 6820//6820 1043//1043
f 1043//1043 6820//6820 1044//1044
f 6299//6299 1442//1442 1441//1441
f 6299//6299 1441//1441 6298//6298
f 6583//6583 7229//7229 6584//6584
f 7229//7229 6583//6583 3330//3330
f 4406//4406 1835//1835 5317//5317
f 5317//5317 1835//1835 1834//1834
f 2740//2740 4651//4651 6219//6219
f 5212//5212 6219//6219 4651//4651
f 492//492 3719//3719 7491//7491
f 3719//3719 7493//7493 7491//7491
f 2404//2404 6863//6863 2401//2401
f 2404//2404 2401//2401 2403//2403
f 6318//6318 2120//2120 7444//7444
f 6322//6322 6318//6318 7444//7444
f 7152//7152 613//613 5682//5682
f 7152//7152 5682//5682 7139//7139
f 4615//4615 4614//4614 4612//4612
f 4614//4614 1198//1198 4612//4612
f 5992//5992 5487//5487 4089//4089
f 5487//5487 4090//4090 4089//4089
f 5892//5892 6132//6132 6131//6131
f 6131//6131 5893//5893 5892//5892
f 5359//5359 3071//3071 6126//6126
f 2390//2390 6126//6126 3071//3071
f 4973//4973 6180//6180 4925//4925
f 6180//6180 4923//4923 4925//4925
f 504//504 503//503 7371//7371
f 504//504 7371//7371 3375//3375
f 7494//7494 7466//7466 7150//7150
f 7494//7494 7150//7150 326//326
f 3965//3965 3964//3964 6972//6972
f 3965//3965 6972//6972 2075//2075
f 613//613 1712//1712 5682//5682
f 615//615 1712//1712 613//613
f 2143//2143 99//99 2144//2144
f 3109//3109 2144//2144 99//99
f 6//6 4865//4865 4055//4055
f 3386//3386 4865//4865 6//6
f 2394//2394 3134//3134 1141//1141
f 3134//3134 3132//3132 1141//1141
f 748//748 4921//4921 749//749
f 749//749 6741//6741 4190//4190
f 6750//6750 6790//6790 6751//6751
f 6751//6751 3480//3480 6750//6750
f 4345//4345 6282//6282 2338//2338
f 4346//4346 4345//4345 2338//2338
f 326//326 7146//7146 7494//7494
f 7466//7466 7494//7494 7146//7146
f 2676//2676 6385//6385 6746//6746
f 2676//2676 7001//7001 6385//6385
f 1244//1244 1243//1243 3222//3222
f 1244//1244 3222//3222 2121//2121
f 4921//4921 6741//6741 749//749
f 2681//2681 6741//6741 4921//4921
f 4617//4617 763//763 4303//4303
f 6089//6089 4303//4303 763//763
f 326//326 6490//6490 1399//1399
f 1213//1213 6488//6488 6490//6490
f 4789//4789 7328//7328 4790//4790
f 7328//7328 4789//4789 887//887
f 5000//5000 1103//1103 4998//4998
f 7027//7027 1103//1103 5000//5000
f 3132//3132 6690//6690 7040//7040
f 3132//3132 7040//7040 1141//1141
f 6248//6248 2601//2601 6032//6032
f 2601//2601 6248//6248 5425//5425
f 5233//5233 464//464 7298//7298
f 7298//7298 3939//3939 5233//5233
f 2179//2179 5686//5686 3527//3527
f 3307//3307 2179//2179 3527//3527
f 6901//6901 2126//2126 2125//2125
f 6902//6902 554//554 6901//6901
f 888//888 4789//4789 4345//4345
f 4789//4789 888//888 887//887
f 1399//1399 6490//6490 6488//6488
f 6488//6488 1400//1400 1399//1399
f 332//332 4530//4530 969//969
f 969//969 333//333 332//332
f 3442//3442 2551//2551 329//329
f 3442//3442 329//329 328//328
f 6479//6479 2288//2288 3567//3567
f 2288//2288 6479//6479 2289//2289
f 6892//6892 6891//6891 6899//6899
f 6892//6892 6899//6899 2970//2970
f 4859//4859 2142//2142 4998//4998
f 4859//4859 4998//4998 1103//1103
f 2056//2056 6500//6500 3845//3845
f 6500//6500 1681//1681 1680//1680
f 6902//6902 2125//2125 6978//6978
f 2125//2125 6902//6902 6901//6901
f 879//879 2551//2551 880//880
f 879//879 329//329 2551//2551
f 3119//3119 967//967 4529//4529
f 4529//4529 967//967 969//969
f 6942//6942 3910//3910 21//21
f 6942//6942 21//21 20//20
f 6006//6006 5194//5194 341//341
f 6872//6872 5194//5194 6006//6006
f 3061//3061 3060//3060 7269//7269
f 3061//3061 7269//7269 207//207
f 449//449 6826//6826 5343//5343
f 5343//5343 6826//6826 2999//2999
f 5881//5881 4396//4396 7174//7174
f 4396//4396 4395//4395 7174//7174
f 4874//4874 2068//2068 7449//7449
f 7449//7449 2068//2068 4083//4083
f 6872//6872 5193//5193 5194//5194
f 6872//6872 5196//5196 5193//5193
f 4422//4422 4423//4423 6978//6978
f 6978//6978 2125//2125 4422//4422
f 3845//3845 1680//1680 1258//1258
f 6500//6500 1680//1680 3845//3845
f 5961//5961 5656//5656 1146//1146
f 5962//5962 5961//5961 1146//1146
f 7079//7079 3124//3124 3653//3653
f 7079//7079 2584//2584 3124//3124
f 3642//3642 204//204 425//425
f 3642//3642 425//425 7206//7206
f 6009//6009 6443//6443 6010//6010
f 6009//6009 6010//6010 623//623
f 3366//3366 3365//3365 7202//7202
f 3365//3365 2262//2262 7202//7202
f 6182//6182 3996//3996 5379//5379
f 5379//5379 3996//3996 3995//3995
f 6557//6557 1131//1131 1130//1130
f 3082//3082 6557//6557 1130//1130
f 7174//7174 4395//4395 3569//3569
f 4395//4395 6479//6479 3569//3569
f 3597//3597 7351//7351 1595//1595
f 3597//3597 4394//4394 7351//7351
f 2684//2684 3051//3051 5107//5107
f 3051//3051 5613//5613 7021//7021
f 4230//4230 4228//4228 5029//5029
f 5029//5029 6394//6394 932//932
f 7257//7257 1268//1268 5679//5679
f 7257//7257 5679//5679 7256//7256
f 5727//5727 6200//6200 1270//1270
f 7373//7373 1270//1270 6200//6200
f 1669//1669 1635//1635 1514//1514
f 1516//1516 1669//1669 1514//1514
f 4536//4536 3779//3779 3781//3781
f 4536//4536 3781//3781 4537//4537
f 5107//5107 7021//7021 7012//7012
f 7021//7021 5107//5107 3051//3051
f 3597//3597 3596//3596 4393//4393
f 3596//3596 3083//3083 4393//4393
f 5681//5681 2694//2694 7256//7256
f 5681//5681 7256//7256 5679//5679
f 7373//7373 5868//5868 189//189
f 189//189 1270//1270 7373//7373
f 6031//6031 4955//4955 6033//6033
f 6033//6033 7469//7469 5715//5715
f 4363//4363 4364//4364 5677//5677
f 5677//5677 3933//3933 4421//4421
f 6394//6394 5029//5029 4228//4228
f 3213//3213 6394//6394 4228//4228
f 3508//3508 3507//3507 2046//2046
f 3508//3508 2046//2046 2405//2405
f 4567//4567 5614//5614 5616//5616
f 4567//4567 4566//4566 5614//5614
f 2642//2642 2664//2664 5176//5176
f 2664//2664 2642//2642 179//179
f 3745//3745 3747//3747 5779//5779
f 3287//3287 3745//3745 5779//5779
f 6033//6033 5715//5715 6031//6031
f 6031//6031 5715//5715 1081//1081
f 4363//4363 4421//4421 147//147
f 5677//5677 4421//4421 4363//4363
f 6611//6611 4200//4200 2273//2273
f 2272//2272 6611//6611 2273//2273
f 7207//7207 1078//1078 705//705
f 7207//7207 2844//2844 1078//1078
f 4894//4894 1985//1985 6279//6279
f 4894//4894 4895//4895 1985//1985
f 2052//2052 151//151 4533//4533
f 151//151 2052//2052 149//149
f 6256//6256 6615//6615 6815//6815
f 6815//6815 3105//3105 6256//6256
f 5066//5066 2620//2620 5064//5064
f 5064//5064 2620//2620 610//610
f 2842//2842 6440//6440 2843//2843
f 2843//2843 6440//6440 5714//5714
f 3892//3892 1309//1309 6968//6968
f 3892//3892 3891//3891 1309//1309
f 169//169 6953//6953 2108//2108
f 169//169 4353//4353 6953//6953
f 3341//3341 3188//3188 6457//6457
f 3188//3188 3341//3341 3189//3189
f 3437//3437 5699//5699 5698//5698
f 5698//5698 5699//5699 4728//4728
f 5002//5002 2326//2326 3368//3368
f 2326//2326 2328//2328 3368//3368
f 7471//7471 3632//3632 3631//3631
f 3632//3632 7471//7471 2582//2582
f 5502//5502 1853//1853 4087//4087
f 4087//4087 1853//1853 3547//3547
f 5054//5054 6019//6019 1234//1234
f 4842//4842 5054//5054 1234//1234
f 1698//1698 1247//1247 2781//2781
f 1247//1247 1698//1698 1245//1245
f 3429//3429 3428//3428 6515//6515
f 3429//3429 6515//6515 6028//6028
f 2113//2113 4353//4353 4592//4592
f 4592//4592 4353//4353 4356//4356
f 927//927 5684//5684 2218//2218
f 3894//3894 5684//5684 927//927
f 7060//7060 2896//2896 1205//1205
f 1205//1205 2896//2896 1206//1206
f 1031//1031 1512//1512 1511//1511
f 1511//1511 4888//4888 6587//6587
f 6308//6308 3474//3474 747//747
f 1792//1792 3474//3474 6308//6308
f 4842//4842 1234//1234 1233//1233
f 4842//4842 1233//1233 4844//4844
f 1396//1396 4568//4568 6573//6573
f 4568//4568 4567//4567 6573//6573
f 4353//4353 2113//2113 6953//6953
f 2113//2113 2109//2109 6953//6953
f 5653//5653 1699//1699 4271//4271
f 1697//1697 1699//1699 5653//5653
f 7445//7445 3201//3201 652//652
f 7445//7445 652//652 654//654
f 6618//6618 12//12 11//11
f 11//11 2872//2872 6618//6618
f 1839//1839 1838//1838 4828//4828
f 1839//1839 4828//4828 2085//2085
f 2622//2622 5139//5139 2623//2623
f 2622//2622 112//112 5139//5139
f 7271//7271 3037//3037 648//648
f 7420//7420 648//648 3037//3037
f 3560//3560 5397//5397 5371//5371
f 3560//3560 5371//5371 3558//3558
f 3088//3088 6058//6058 2853//2853
f 2855//2855 2853//2853 6058//6058
f 5856//5856 7132//7132 3634//3634
f 1468//1468 5856//5856 3634//3634
f 7495//7495 538//538 7363//7363
f 7363//7363 5666//5666 7495//7495
f 6398//6398 6401//6401 7066//7066
f 6400//6400 6401//6401 6398//6398
f 5918//5918 5917//5917 1391//1391
f 5918//5918 1391//1391 7480//7480
f 1692//1692 1688//1688 293//293
f 1688//1688 1692//1692 1689//1689
f 6920//6920 4955//4955 6919//6919
f 555//555 6919//6919 6918//6918
f 5112//5112 3317//3317 3316//3316
f 3316//3316 5111//5111 5112//5112
f 2654//2654 5082//5082 5081//5081
f 5081//5081 5082//5082 1183//1183
f 907//907 2215//2215 908//908
f 907//907 4778//4778 2215//2215
f 7495//7495 5669//5669 538//538
f 7495//7495 5666//5666 5669//5669
f 3699//3699 2581//2581 7132//7132
f 3699//3699 7132//7132 5856//5856
f 5415//5415 5603//5603 3752//3752
f 5414//5414 5603//5603 5415//5415
f 7485//7485 4455//4455 4454//4454
f 4454//4454 4451//4451 7485//7485
f 3494//3494 6202//6202 406//406
f 3511//3511 6205//6205 3494//3494
f 6841//6841 1183//1183 367//367
f 1183//1183 6841//6841 5081//5081
f 3548//3548 5874//5874 2012//2012
f 2012//2012 5874//5874 154//154
f 3392//3392 1709//1709 3364//3364
f 3392//3392 3364//3364 6426//6426
f 1929//1929 1928//1928 2156//2156
f 2156//2156 1928//1928 6163//6163
f 1746//1746 1745//1745 5861//5861
f 3296//3296 1746//1746 5861//5861
f 7261//7261 2968//2968 2672//2672
f 2968//2968 7261//7261 999//999
f 3357//3357 240//240 6663//6663
f 3357//3357 6663//6663 6664//6664
f 3708//3708 5805//5805 3706//3706
f 5804//5804 6269//6269 3708//3708
f 1434//1434 3721//3721 3626//3626
f 447//447 3626//3626 3721//3721
f 4997//4997 3592//3592 2542//2542
f 4997//4997 2542//2542 570//570
f 492//492 555//555 1697//1697
f 555//555 6920//6920 6919//6919
f 5678//5678 7092//7092 5680//5680
f 5680//5680 1071//1071 5678//5678
f 6205//6205 6202//6202 3494//3494
f 6202//6202 6205//6205 6211//6211
f 4025//4025 6427//6427 4026//4026
f 6427//6427 2265//2265 1433//1433
f 2984//2984 4584//4584 2985//2985
f 4812//4812 4584//4584 2984//2984
f 4535//4535 5431//5431 5430//5430
f 4535//4535 5430//5430 6876//6876
f 7194//7194 1744//1744 4243//4243
f 7194//7194 1745//1745 1744//1744
f 2589//2589 3728//3728 7226//7226
f 7226//7226 3728//3728 6379//6379
f 6666//6666 1201//1201 1200//1200
f 6666//6666 1200//1200 6671//6671
f 3983//3983 4980//4980 3981//3981
f 3983//3983 6616//6616 4980//4980
f 3650//3650 5571//5571 3651//3651
f 5571//5571 5432//5432 3651//3651
f 7491//7491 6920//6920 492//492
f 492//492 6920//6920 555//555
f 1684//1684 409//409 1682//1682
f 1682//1682 409//409 5611//5611
f 5202//5202 2762//2762 6833//6833
f 6833//6833 5206//5206 5202//5202
f 1720//1720 4996//4996 4045//4045
f 1720//1720 1719//1719 4996//4996
f 3270//3270 3384//3384 1969//1969
f 3270//3270 1972//1972 3384//3384
f 6787//6787 3850//3850 3849//3849
f 6787//6787 3849//3849 5649//5649
f 7034//7034 7253//7253 3720//3720
f 7034//7034 3720//3720 7492//7492
f 6523//6523 6245//6245 6243//6243
f 7365//7365 6245//6245 6523//6523
f 7087//7087 5430//5430 5432//5432
f 7087//7087 5432//5432 5571//5571
f 378//378 408//408 4126//4126
f 408//408 378//378 377//377
f 7496//7496 3720//3720 3759//3759
f 7492//7492 7497//7497 6920//6920
f 7417//7417 6176//6176 2092//2092
f 598//598 600//600 6176//6176
f 3021//3021 3020//3020 5490//5490
f 6367//6367 5490//5490 3020//3020
f 1029//1029 2265//2265 4025//4025
f 6427//6427 4025//4025 2265//2265
f 2290//2290 2289//2289 7221//7221
f 7221//7221 2289//2289 4960//4960
f 1252//1252 444//444 446//446
f 1252//1252 3358//3358 444//444
f 2182//2182 3782//3782 6143//6143
f 6143//6143 3782//3782 5745//5745
f 872//872 939//939 4496//4496
f 872//872 937//937 939//939
f 6177//6177 5144//5144 1530//1530
f 2115//2115 6177//6177 5145//5145
f 7417//7417 7309//7309 598//598
f 6176//6176 7417//7417 598//598
f 5492//5492 6367//6367 360//360
f 360//360 6367//6367 3020//3020
f 6921//6921 3759//3759 4955//4955
f 7496//7496 3759//3759 6921//6921
f 7127//7127 7131//7131 5452//5452
f 7131//7131 1938//1938 5452//5452
f 6887//6887 7094//7094 2194//2194
f 6887//6887 3348//3348 7094//7094
f 2290//2290 7219//7219 5500//5500
f 7221//7221 7219//7219 2290//2290
f 1615//1615 5807//5807 565//565
f 5807//5807 5806//5806 565//565
f 1530//1530 1529//1529 5145//5145
f 6177//6177 1530//1530 5145//5145
f 1154//1154 4773//4773 4732//4732
f 4773//4773 4733//4733 4732//4732
f 4694//4694 2760//2760 2759//2759
f 4694//4694 2759//2759 7029//7029
f 3720//3720 7496//7496 7498//7498
f 6921//6921 7498//7498 7496//7496
f 1763//1763 1762//1762 4571//4571
f 4571//4571 1762//1762 4572//4572
f 6008//6008 7469//7469 6033//6033
f 6007//6007 7469//7469 6008//6008
f 804//804 5859//5859 4786//4786
f 434//434 804//804 435//435
f 6628//6628 6143//6143 5747//5747
f 3869//3869 6628//6628 5747//5747
f 2967//2967 518//518 6881//6881
f 2967//2967 6215//6215 518//518
f 7499//7499 3720//3720 7498//7498
f 6921//6921 7499//7499 7498//7498
f 7029//7029 2759//2759 2761//2761
f 7029//7029 2761//2761 2505//2505
f 2463//2463 3159//3159 1375//1375
f 2463//2463 1375//1375 1374//1374
f 2195//2195 2194//2194 7094//7094
f 4199//4199 2195//2195 7094//7094
f 1932//1932 3912//3912 2926//2926
f 3912//3912 1728//1728 2926//2926
f 305//305 4702//4702 776//776
f 303//303 305//305 776//776
f 3781//3781 5859//5859 434//434
f 804//804 434//434 5859//5859
f 1220//1220 2306//2306 3063//3063
f 1220//1220 6348//6348 2306//2306
f 3720//3720 7499//7499 7492//7492
f 7492//7492 7499//7499 7497//7497
f 7008//7008 4724//4724 4717//4717
f 4716//4716 7008//7008 4717//4717
f 6542//6542 6550//6550 801//801
f 6542//6542 801//801 3807//3807
f 6549//6549 6539//6539 6538//6538
f 6549//6549 6548//6548 6539//6539
f 3589//3589 3591//3591 6478//6478
f 3591//3591 2385//2385 6478//6478
f 7310//7310 1887//1887 3072//3072
f 1887//1887 7310//7310 5346//5346
f 6540//6540 801//801 6550//6550
f 24//24 6540//6540 6550//6550
f 6420//6420 757//757 2184//2184
f 758//758 757//757 6420//6420
f 2520//2520 7023//7023 3777//3777
f 3229//3229 7023//7023 807//807
f 7499//7499 6921//6921 7497//7497
f 7497//7497 6921//6921 6920//6920
f 2565//2565 3262//3262 6995//6995
f 2565//2565 6995//6995 1231//1231
f 5039//5039 244//244 6843//6843
f 5039//5039 6843//6843 5037//5037
f 7490//7490 3331//3331 3734//3734
f 7490//7490 3734//3734 3736//3736
f 1421//1421 1420//1420 3658//3658
f 3658//3658 1420//1420 2586//2586
f 5853//5853 2638//2638 7352//7352
f 7352//7352 2638//2638 5403//5403
f 5346//5346 7310//7310 5354//5354
f 5346//5346 5354//5354 5347//5347
f 3913//3913 1932//1932 1931//1931
f 3913//3913 1931//1931 5462//5462
f 2520//2520 807//807 7023//7023
f 805//805 807//807 2520//2520
f 6154//6154 3685//3685 6782//6782
f 3685//3685 6783//6783 6782//6782
f 6021//6021 1427//1427 4726//4726
f 1521//1521 6021//6021 4726//4726
f 54//54 123//123 2397//2397
f 123//123 54//54 56//56
f 9//9 8//8 4959//4959
f 4917//4917 4959//4959 4143//4143
f 5170//5170 7463//7463 7073//7073
f 7463//7463 7069//7069 7073//7073
f 6220//6220 423//423 666//666
f 6220//6220 666//666 665//665
f 1520//1520 6022//6022 1521//1521
f 6021//6021 1521//1521 6022//6022
f 6631//6631 2722//2722 1952//1952
f 1950//1950 1952//1952 2722//2722
f 4959//4959 8//8 4143//4143
f 7//7 4143//4143 8//8
f 6250//6250 1660//1660 7409//7409
f 4821//4821 7409//7409 1660//1660
f 5646//5646 6531//6531 1279//1279
f 5646//5646 5645//5645 6531//6531
f 4880//4880 4879//4879 7424//7424
f 4879//4879 7425//7425 7424//7424
f 6404//6404 6402//6402 7262//7262
f 5025//5025 7262//7262 4259//4259
f 6781//6781 647//647 3977//3977
f 7388//7388 6781//6781 3977//3977
f 4794//4794 6130//6130 6982//6982
f 4794//4794 6982//6982 6981//6981
f 5277//5277 6814//6814 1736//1736
f 6454//6454 6814//6814 5277//5277
f 6430//6430 113//113 1169//1169
f 113//113 1170//1170 1169//1169
f 6157//6157 6946//6946 6934//6934
f 6157//6157 5796//5796 6946//6946
f 1510//1510 6060//6060 5826//5826
f 5826//5826 1487//1487 1510//1510
f 1194//1194 5468//5468 5469//5469
f 3960//3960 2545//2545 5469//5469
f 1327//1327 7447//7447 7388//7388
f 7447//7447 6781//6781 7388//7388
f 6255//6255 6264//6264 7477//7477
f 6255//6255 7477//7477 4082//4082
f 5025//5025 6404//6404 7262//7262
f 6404//6404 5025//5025 706//706
f 7425//7425 7322//7322 7424//7424
f 7322//7322 7425//7425 5559//5559
f 2814//2814 2815//2815 7102//7102
f 2814//2814 7102//7102 1454//1454
f 4750//4750 4495//4495 2701//2701
f 4752//4752 4495//4495 4750//4750
f 3387//3387 7327//7327 5090//5090
f 3387//3387 5078//5078 7327//7327
f 1194//1194 5469//5469 2545//2545
f 1195//1195 1194//1194 2545//2545
f 4180//4180 1040//1040 1042//1042
f 4180//4180 1042//1042 6554//6554
f 7475//7475 137//137 3797//3797
f 7475//7475 2507//2507 137//137
f 4149//4149 4151//4151 4870//4870
f 4149//4149 4870//4870 2611//2611
f 7332//7332 1405//1405 1404//1404
f 1354//1354 7332//7332 1404//1404
f 5107//5107 7012//7012 783//783
f 783//783 4217//4217 781//781
f 930//930 6791//6791 4171//4171
f 6791//6791 930//930 1300//1300
f 2346//2346 2345//2345 1042//1042
f 2346//2346 1042//1042 1041//1041
f 2996//2996 7243//7243 2051//2051
f 6247//6247 7243//7243 2996//2996
f 6924//6924 2572//2572 6161//6161
f 6925//6925 6924//6924 6161//6161
f 128//128 5127//5127 2942//2942
f 128//128 2942//2942 2941//2941
f 2507//2507 7475//7475 6437//6437
f 5406//5406 2507//2507 6437//6437
f 4669//4669 64//64 6805//6805
f 4669//4669 6805//6805 5201//5201
f 4124//4124 111//111 113//113
f 4124//4124 113//113 6430//6430
f 525//525 7463//7463 5170//5170
f 185//185 525//525 5170//5170
f 573//573 572//572 4417//4417
f 573//573 4417//4417 4419//4419
f 2350//2350 7001//7001 2676//2676
f 2677//2677 7001//7001 2350//2350
f 6155//6155 4823//4823 4819//4819
f 4821//4821 4823//4823 6155//6155
f 5769//5769 68//68 184//184
f 5769//5769 184//184 183//183
f 6080//6080 387//387 5114//5114
f 6080//6080 5114//5114 7375//7375
f 4552//4552 1991//1991 7199//7199
f 7199//7199 4550//4550 4552//4552
f 658//658 364//364 366//366
f 6653//6653 7101//7101 658//658
f 5723//5723 573//573 4419//4419
f 5723//5723 4419//4419 4418//4418
f 5464//5464 5463//5463 1106//1106
f 5464//5464 1106//1106 2782//2782
f 7101//7101 1149//1149 364//364
f 7101//7101 364//364 658//658
f 424//424 2389//2389 5032//5032
f 424//424 5032//5032 3897//3897
f 4807//4807 5097//5097 1318//1318
f 5097//5097 4163//4163 1318//1318
f 4502//4502 387//387 6080//6080
f 4501//4501 387//387 4502//4502
f 4924//4924 6101//6101 7454//7454
f 7454//7454 6101//6101 6099//6099
f 6564//6564 1992//1992 1991//1991
f 6564//6564 1991//1991 4552//4552
f 2624//2624 2623//2623 483//483
f 483//483 5103//5103 2624//2624
f 5601//5601 5617//5617 4988//4988
f 2830//2830 5617//5617 5601//5601
f 6052//6052 6597//6597 6596//6596
f 6052//6052 3502//3502 6597//6597
f 1944//1944 4164//4164 4163//4163
f 4164//4164 1318//1318 4163//4163
f 6145//6145 3686//3686 6144//6144
f 6145//6145 6782//6782 3686//3686
f 4091//4091 4095//4095 7208//7208
f 7208//7208 4092//4092 4091//4091
f 4365//4365 4398//4398 4395//4395
f 4398//4398 4365//4365 147//147
f 4737//4737 1620//1620 4736//4736
f 4735//4735 4737//4737 4736//4736
f 3501//3501 6965//6965 4599//4599
f 3501//3501 2498//2498 6965//6965
f 3329//3329 183//183 3325//3325
f 3327//3327 3329//3329 3325//3325
f 345//345 5101//5101 5100//5100
f 5100//5100 5101//5101 3399//3399
f 7116//7116 1644//1644 6723//6723
f 7116//7116 6723//6723 6712//6712
f 25//25 6783//6783 3142//3142
f 3686//3686 6783//6783 25//25
f 5801//5801 1453//1453 1498//1498
f 1453//1453 1452//1452 5362//5362
f 5601//5601 608//608 2831//2831
f 608//608 5601//5601 609//609
f 6379//6379 6147//6147 1353//1353
f 1353//1353 6147//6147 1354//1354
f 5108//5108 1832//1832 3093//3093
f 5108//5108 3093//3093 30//30
f 4399//4399 1114//1114 1113//1113
f 4399//4399 2582//2582 1114//1114
f 6794//6794 1376//1376 6793//6793
f 2691//2691 6794//6794 6793//6793
f 6712//6712 6723//6723 5273//5273
f 1989//1989 6712//6712 5273//5273
f 1498//1498 1453//1453 5362//5362
f 1496//1496 1498//1498 5362//5362
f 2166//2166 765//765 3991//3991
f 2165//2165 765//765 2166//2166
f 3674//3674 6463//6463 2573//2573
f 3674//3674 2573//2573 2572//2572
f 5559//5559 1055//1055 7474//7474
f 7474//7474 1055//1055 4116//4116
f 6261//6261 6260//6260 6857//6857
f 6260//6260 6261//6261 6014//6014
f 4653//4653 5210//5210 5209//5209
f 5209//5209 6015//6015 4653//4653
f 4910//4910 4912//4912 7339//7339
f 6418//6418 4910//4910 3195//3195
f 636//636 7285//7285 4399//4399
f 7285//7285 3632//3632 4399//4399
f 2270//2270 6572//6572 6571//6571
f 3448//3448 6571//6571 6572//6572
f 6499//6499 2422//2422 2440//2440
f 6499//6499 2440//2440 5569//5569
f 2260//2260 7025//7025 7258//7258
f 4575//4575 5075//5075 7025//7025
f 6194//6194 6193//6193 3012//3012
f 4275//4275 6194//6194 3012//3012
f 3964//3964 3919//3919 5901//5901
f 799//799 5901//5901 3919//3919
f 7487//7487 5514//5514 5512//5512
f 4905//4905 5512//5512 2976//2976
f 4656//4656 1373//1373 6614//6614
f 4620//4620 1373//1373 1375//1375
f 5569//5569 2443//2443 6024//6024
f 6499//6499 5569//5569 6024//6024
f 686//686 5848//5848 5372//5372
f 5372//5372 5848//5848 5927//5927
f 828//828 7455//7455 829//829
f 828//828 906//906 7418//7418
f 4575//4575 2260//2260 4573//4573
f 2260//2260 4575//4575 7025//7025
f 151//151 4410//4410 4533//4533
f 4410//4410 4427//4427 4533//4533
f 2544//2544 5045//5045 5046//5046
f 3464//3464 2544//2544 5046//5046
f 7120//7120 5250//5250 2633//2633
f 5250//5250 1388//1388 2633//2633
f 6552//6552 7468//7468 4954//4954
f 1079//1079 2844//2844 7468//7468
f 197//197 7126//7126 198//198
f 1573//1573 7126//7126 197//197
f 7487//7487 5512//5512 4905//4905
f 7353//7353 7487//7487 4905//4905
f 4368//4368 4367//4367 6392//6392
f 4368//4368 6392//6392 4370//4370
f 1079//1079 6552//6552 3534//3534
f 6552//6552 1079//1079 7468//7468
f 5523//5523 2477//2477 2476//2476
f 6335//6335 2477//2477 5523//5523
f 4745//4745 4742//4742 5767//5767
f 4745//4745 4744//4744 4742//4742
f 6278//6278 6280//6280 6277//6277
f 7118//7118 1049//1049 6277//6277
f 1613//1613 2410//2410 2409//2409
f 2409//2409 138//138 1613//1613
f 7349//7349 7126//7126 3571//3571
f 3571//3571 3572//3572 7349//7349
f 7455//7455 828//828 7418//7418
f 4036//4036 7455//7455 7418//7418
f 4620//4620 6614//6614 1373//1373
f 6614//6614 4620//4620 6066//6066
f 3785//3785 6931//6931 3783//3783
f 214//214 6931//6931 3785//3785
f 2198//2198 4490//4490 6969//6969
f 2198//2198 6969//6969 2199//2199
f 2742//2742 2740//2740 6885//6885
f 2423//2423 6885//6885 2740//2740
f 1240//1240 1241//1241 4362//4362
f 1240//1240 4362//4362 2580//2580
f 2978//2978 2980//2980 4553//4553
f 2978//2978 2977//2977 2980//2980
f 6278//6278 6277//6277 1049//1049
f 6278//6278 1049//1049 1469//1469
f 2514//2514 1455//1455 2361//2361
f 1456//1456 1455//1455 2514//2514
f 1479//1479 1198//1198 3462//3462
f 1480//1480 1479//1479 3462//3462
f 6912//6912 2480//2480 1072//1072
f 6912//6912 1072//1072 2186//2186
f 7450//7450 2192//2192 2191//2191
f 2192//2192 7450//7450 6298//6298
f 3181//3181 4109//4109 4111//4111
f 3181//3181 4111//4111 4193//4193
f 3197//3197 1050//1050 7118//7118
f 7118//7118 1050//1050 1049//1049
f 6858//6858 7431//7431 17//17
f 7431//7431 6858//6858 5269//5269
f 6023//6023 6885//6885 2423//2423
f 6499//6499 6023//6023 2423//2423
f 1490//1490 4540//4540 5820//5820
f 1490//1490 5820//5820 1491//1491
f 7450//7450 6304//6304 3607//3607
f 2191//2191 6304//6304 7450//7450
f 4202//4202 362//362 6395//6395
f 6395//6395 362//362 6092//6092
f 3861//3861 6559//6559 2170//2170
f 6559//6559 3861//3861 3860//3860
f 7482//7482 2124//2124 577//577
f 7190//7190 2200//2200 2124//2124
f 1455//1455 7241//7241 2361//2361
f 7240//7240 2361//2361 7241//7241
f 488//488 2989//2989 1624//1624
f 487//487 2989//2989 488//488
f 1024//1024 4547//4547 4546//4546
f 1024//1024 7209//7209 4547//4547
f 5695//5695 5671//5671 3803//3803
f 3988//3988 6291//6291 3803//3803
f 2170//2170 6311//6311 3861//3861
f 2170//2170 5037//5037 6311//6311
f 7304//7304 6858//6858 5271//5271
f 7304//7304 5271//5271 4348//4348
f 730//730 1580//1580 731//731
f 1580//1580 1582//1582 5290//5290
f 2291//2291 61//61 6388//6388
f 2291//2291 62//62 61//61
f 5501//5501 1182//1182 5083//5083
f 1183//1183 5083//5083 1182//1182
f 6545//6545 3749//3749 5351//5351
f 3751//3751 5351//5351 3749//3749
f 5507//5507 7361//7361 5422//5422
f 4295//4295 7361//7361 5507//5507
f 5999//5999 4684//4684 2616//2616
f 829//829 2616//2616 4684//4684
f 1629//1629 2309//2309 5289//5289
f 2903//2903 5289//5289 2309//2309
f 1700//1700 5270//5270 1245//1245
f 1700//1700 1245//1245 1698//1698
f 13//13 731//731 5290//5290
f 731//731 1580//1580 5290//5290
f 6522//6522 7365//7365 1257//1257
f 2836//2836 7365//7365 6522//6522
f 582//582 581//581 7173//7173
f 7173//7173 581//581 2727//2727
f 2608//2608 5341//5341 5355//5355
f 5355//5355 5341//5341 2687//2687
f 5270//5270 6858//6858 7304//7304
f 5270//5270 7304//7304 1245//1245
f 5777//5777 5778//5778 2883//2883
f 5779//5779 5777//5777 2883//2883
f 4353//4353 7151//7151 4356//4356
f 1416//1416 4356//4356 7151//7151
f 5224//5224 6178//6178 3016//3016
f 4407//4407 5224//5224 3016//3016
f 7359//7359 839//839 838//838
f 7438//7438 2484//2484 7359//7359
f 1376//1376 6859//6859 1377//1377
f 6065//6065 1377//1377 6859//6859
f 113//113 112//112 1170//1170
f 2622//2622 1170//1170 112//112
f 4693//4693 7480//7480 2760//2760
f 7480//7480 1391//1391 2760//2760
f 5825//5825 1461//1461 1460//1460
f 5825//5825 1465//1465 1461//1461
f 5200//5200 5198//5198 4560//4560
f 6254//6254 5198//5198 6551//6551
f 7438//7438 838//838 487//487
f 7438//7438 7359//7359 838//838
f 6937//6937 7061//7061 7341//7341
f 6937//6937 7341//7341 4119//4119
f 5301//5301 7173//7173 3324//3324
f 3324//3324 6725//6725 5301//5301
f 185//185 5170//5170 5168//5168
f 2100//2100 185//185 5168//5168
f 6176//6176 1921//1921 4359//4359
f 4359//4359 1921//1921 2697//2697
f 6601//6601 4451//4451 6602//6602
f 6601//6601 7485//7485 4451//4451
f 7074//7074 1002//1002 1001//1001
f 1002//1002 7074//7074 1734//1734
f 1461//1461 5943//5943 1462//1462
f 3624//3624 1462//1462 5943//5943
f 5198//5198 5200//5200 6551//6551
f 4082//4082 6551//6551 5200//5200
f 7230//7230 2176//2176 5926//5926
f 5926//5926 2176//2176 6945//6945
f 4326//4326 1909//1909 1908//1908
f 3246//3246 1909//1909 4326//4326
f 5176//5176 2643//2643 5177//5177
f 5177//5177 2643//2643 5179//5179
f 7482//7482 322//322 7190//7190
f 7482//7482 7190//7190 2124//2124
f 5511//5511 7394//7394 4576//4576
f 5511//5511 4576//4576 1713//1713
f 5169//5169 6139//6139 6138//6138
f 6140//6140 6139//6139 5169//5169
f 2955//2955 3538//3538 6417//6417
f 2955//2955 6417//6417 4867//4867
f 752//752 7295//7295 3102//3102
f 3100//3100 7295//7295 752//752
f 2840//2840 1571//1571 6988//6988
f 2840//2840 6988//6988 7362//7362
f 4715//4715 7009//7009 7011//7011
f 2772//2772 7011//7011 7009//7009
f 7230//7230 5926//5926 1965//1965
f 7230//7230 1965//1965 1457//1457
f 3100//3100 1817//1817 6994//6994
f 3100//3100 6994//6994 7295//7295
f 5986//5986 6866//6866 5449//5449
f 5449//5449 6866//6866 6570//6570
f 4576//4576 7394//7394 2261//2261
f 7394//7394 2806//2806 2261//2261
f 1887//1887 6048//6048 3827//3827
f 3827//3827 6048//6048 5490//5490
f 3273//3273 5665//5665 3272//3272
f 3273//3273 836//836 5665//5665
f 7362//7362 3884//3884 6731//6731
f 7362//7362 6731//6731 2840//2840
f 3075//3075 5631//5631 5628//5628
f 5628//5628 5631//5631 5630//5630
f 751//751 1818//1818 3100//3100
f 3427//3427 1818//1818 751//751
f 6673//6673 6474//6474 2706//2706
f 2706//2706 6474//6474 564//564
f 6388//6388 2774//2774 2773//2773
f 61//61 2774//2774 6388//6388
f 6539//6539 6548//6548 4597//4597
f 7419//7419 4597//4597 6548//6548
f 5492//5492 2991//2991 6367//6367
f 2991//2991 5492//5492 475//475
f 4218//4218 4217//4217 7012//7012
f 783//783 7012//7012 4217//4217
f 6451//6451 1639//1639 7348//7348
f 1639//1639 1638//1638 7348//7348
f 6213//6213 6808//6808 5192//5192
f 6213//6213 988//988 6808//6808
f 7215//7215 850//850 5774//5774
f 5774//5774 3916//3916 7215//7215
f 3480//3480 4918//4918 4144//4144
f 4144//4144 4918//4918 4919//4919
f 6927//6927 3593//3593 4557//4557
f 6927//6927 4557//4557 6928//6928
f 7026//7026 265//265 6309//6309
f 6309//6309 265//265 4857//4857
f 3578//3578 4586//4586 4587//4587
f 3579//3579 4587//4587 4586//4586
f 6162//6162 475//475 5492//5492
f 6162//6162 7244//7244 7334//7334
f 6383//6383 5118//5118 6384//6384
f 5118//5118 7375//7375 6384//6384
f 1551//1551 1550//1550 2775//2775
f 2775//2775 6574//6574 1551//1551
f 1089//1089 1816//1816 7075//7075
f 3454//3454 7075//7075 1816//1816
f 4144//4144 6672//6672 4145//4145
f 4145//4145 6672//6672 6674//6674
f 6703//6703 5355//5355 2687//2687
f 6703//6703 2687//2687 5989//5989
f 3688//3688 3687//3687 6093//6093
f 2927//2927 3687//3687 3688//3688
f 7164//7164 500//500 792//792
f 7164//7164 501//501 500//500
f 1851//1851 6441//6441 2841//2841
f 7207//7207 2841//2841 6441//6441
f 5660//5660 6800//6800 1083//1083
f 5660//5660 1083//1083 5659//5659
f 6305//6305 2784//2784 767//767
f 2783//2783 767//767 2784//2784
f 5740//5740 322//322 321//321
f 5740//5740 321//321 5756//5756
f 6744//6744 6384//6384 7375//7375
f 5114//5114 6744//6744 7375//7375
f 3886//3886 4802//4802 5342//5342
f 5356//5356 5342//5342 4802//4802
f 2470//2470 106//106 2934//2934
f 2470//2470 2934//2934 6122//6122
f 5199//5199 5137//5137 6264//6264
f 5136//5136 5137//5137 5199//5199
f 475//475 6162//6162 7334//7334
f 475//475 7334//7334 4116//4116
f 7488//7488 1110//1110 1466//1466
f 7488//7488 1466//1466 1784//1784
f 6719//6719 1284//1284 4816//4816
f 6719//6719 6718//6718 1284//1284
f 2608//2608 5356//5356 6844//6844
f 5356//5356 4802//4802 6844//6844
f 2700//2700 1891//1891 2701//2701
f 2700//2700 5674//5674 1891//1891
f 2383//2383 770//770 772//772
f 2383//2383 4232//4232 770//770
f 1879//1879 5382//5382 3193//3193
f 1879//1879 3193//3193 7340//7340
f 1951//1951 2818//2818 7214//7214
f 1951//1951 7214//7214 6630//6630
f 22//22 1520//1520 7163//7163
f 3929//3929 7163//7163 1520//1520
f 5745//5745 5738//5738 5746//5746
f 5745//5745 3782//3782 5738//5738
f 1113//1113 4721//4721 2516//2516
f 1113//1113 1115//1115 4721//4721
f 1891//1891 5675//5675 1889//1889
f 5675//5675 5674//5674 7410//7410
f 3240//3240 5510//5510 6036//6036
f 3240//3240 3242//3242 5510//5510
f 7192//7192 652//652 3201//3201
f 7031//7031 7192//7192 3201//3201
f 7402//7402 7400//7400 7319//7319
f 7402//7402 7319//7319 3539//3539
f 1880//1880 5228//5228 1878//1878
f 2018//2018 5227//5227 5228//5228
f 4794//4794 6981//6981 4795//4795
f 186//186 4795//4795 6981//6981
f 1889//1889 5675//5675 7410//7410
f 5776//5776 1889//1889 7410//7410
f 380//380 6077//6077 6083//6083
f 380//380 6076//6076 6077//6077
f 6669//6669 7224//7224 466//466
f 6289//6289 6669//6669 466//466
f 4690//4690 3563//3563 5739//5739
f 5371//5371 3563//3563 4690//4690
f 5227//5227 1878//1878 5228//5228
f 5227//5227 5382//5382 1878//1878
f 7240//7240 2373//2373 5936//5936
f 5936//5936 2361//2361 7240//7240
f 7152//7152 7154//7154 7153//7153
f 7153//7153 7154//7154 6568//6568
f 3703//3703 3701//3701 7019//7019
f 3703//3703 7019//7019 2418//2418
f 3253//3253 5968//5968 3120//3120
f 5968//5968 3118//3118 3120//3120
f 583//583 7416//7416 1407//1407
f 583//583 1407//1407 4800//4800
f 7051//7051 1161//1161 1160//1160
f 7051//7051 1160//1160 5313//5313
f 6669//6669 6195//6195 7224//7224
f 7225//7225 7224//7224 6195//6195
f 1902//1902 2415//2415 1903//1903
f 1902//1902 6960//6960 2415//2415
f 285//285 2257//2257 3585//3585
f 2257//2257 285//285 284//284
f 709//709 4259//4259 2127//2127
f 709//709 5025//5025 4259//4259
f 4910//4910 7339//7339 3195//3195
f 7338//7338 3195//3195 7339//7339
f 3562//3562 6622//6622 6621//6621
f 2746//2746 6621//6621 6622//6622
f 4434//4434 3380//3380 4435//4435
f 3380//3380 820//820 4435//4435
f 1279//1279 1278//1278 744//744
f 1279//1279 744//744 5646//5646
f 5577//5577 7324//7324 5578//5578
f 5577//5577 37//37 7324//7324
f 2241//2241 2240//2240 5548//5548
f 5074//5074 5073//5073 6003//6003
f 5500//5500 7219//7219 4950//4950
f 4950//4950 1182//1182 5500//5500
f 4845//4845 7355//7355 5721//5721
f 4842//4842 4845//4845 5721//5721
f 7340//7340 7338//7338 1879//1879
f 7340//7340 3195//3195 7338//7338
f 3433//3433 3432//3432 5972//5972
f 4261//4261 3433//3433 5972//5972
f 180//180 2688//2688 181//181
f 2688//2688 5994//5994 181//181
f 3206//3206 5773//5773 3207//3207
f 3207//3207 5773//5773 5078//5078
f 5548//5548 2237//2237 6003//6003
f 5548//5548 6003//6003 2241//2241
f 3772//3772 3774//3774 7467//7467
f 163//163 3772//3772 7467//7467
f 1402//1402 7376//7376 2945//2945
f 7376//7376 2943//2943 2945//2945
f 6266//6266 1172//1172 6267//6267
f 1392//1392 6267//6267 1172//1172
f 4873//4873 3988//3988 6619//6619
f 3988//3988 4873//4873 3989//3989
f 7234//7234 670//670 7478//7478
f 7234//7234 7478//7478 2376//2376
f 1511//1511 6587//6587 1031//1031
f 6586//6586 1031//1031 6587//6587
f 7247//7247 4777//4777 907//907
f 2866//2866 4777//4777 7247//7247
f 2241//2241 6003//6003 5073//5073
f 2241//2241 5073//5073 5072//5072
f 6705//6705 4486//4486 3867//3867
f 4486//4486 6705//6705 4629//4629
f 7462//7462 6625//6625 3964//3964
f 3964//3964 6625//6625 3919//3919
f 4415//4415 3787//3787 4414//4414
f 4415//4415 4414//4414 1770//1770
f 5919//5919 7303//7303 2535//2535
f 7303//7303 6267//6267 1392//1392
f 3426//3426 6637//6637 6636//6636
f 6636//6636 6649//6649 3426//3426
f 4250//4250 4252//4252 4906//4906
f 4906//4906 4252//4252 7188//7188
f 702//702 6750//6750 3479//3479
f 702//702 3479//3479 703//703
f 7462//7462 3967//3967 6625//6625
f 1855//1855 3967//3967 7462//7462
f 6838//6838 1501//1501 2352//2352
f 6838//6838 2352//2352 1504//1504
f 691//691 160//160 4846//4846
f 691//691 4846//4846 83//83
f 7270//7270 3907//3907 7104//7104
f 3908//3908 3907//3907 7270//7270
f 4634//4634 6804//6804 4635//4635
f 2901//2901 6804//6804 4634//4634
f 7305//7305 6262//6262 4383//4383
f 4383//4383 3676//3676 7305//7305
f 6705//6705 1690//1690 4629//4629
f 4484//4484 4629//4629 1690//1690
f 6927//6927 6936//6936 7357//7357
f 7357//7357 6936//6936 5967//5967
f 6468//6468 1367//1367 3800//3800
f 1368//1368 1367//1367 6468//6468
f 7212//7212 7415//7415 5279//5279
f 5279//5279 7415//7415 5280//5280
f 5930//5930 714//714 3549//3549
f 714//714 5930//5930 798//798
f 7306//7306 4792//4792 6262//6262
f 7306//7306 6262//6262 7305//7305
f 4869//4869 4148//4148 4147//4147
f 4869//4869 4147//4147 6326//6326
f 5920//5920 6267//6267 5919//5919
f 6267//6267 7303//7303 5919//5919
f 4759//4759 4052//4052 4760//4760
f 594//594 4759//4759 4760//4760
f 3130//3130 1786//1786 6407//6407
f 6407//6407 530//530 3130//3130
f 2070//2070 2069//2069 6980//6980
f 2069//2069 4875//4875 6980//6980
f 7357//7357 2412//2412 3593//3593
f 7357//7357 3593//3593 6927//6927
f 2210//2210 4331//4331 5790//5790
f 5790//5790 4331//4331 1157//1157
f 5805//5805 6269//6269 1356//1356
f 6269//6269 5805//5805 3708//3708
f 7289//7289 503//503 4862//4862
f 7289//7289 4862//4862 1248//1248
f 6340//6340 5526//5526 586//586
f 586//586 588//588 6340//6340
f 711//711 6485//6485 537//537
f 537//537 6485//6485 6486//6486
f 6676//6676 4591//4591 7268//7268
f 6676//6676 7268//7268 4593//4593
f 2527//2527 2284//2284 306//306
f 306//306 886//886 2527//2527
f 1670//1670 2096//2096 1671//1671
f 1671//1671 2096//2096 5334//5334
f 6776//6776 1139//1139 6777//6777
f 6776//6776 3602//3602 1139//1139
f 6798//6798 6797//6797 2127//2127
f 6798//6798 2127//2127 7368//7368
f 5804//5804 4767//4767 7129//7129
f 7129//7129 419//419 5804//5804
f 5667//5667 7363//7363 537//537
f 5666//5666 7363//7363 5667//5667
f 6533//6533 2181//2181 2180//2180
f 2180//2180 5687//5687 6533//6533
f 5695//5695 3803//3803 6291//6291
f 5693//5693 5695//5695 6291//6291
f 5183//5183 6308//6308 4190//4190
f 4190//4190 5182//5182 5183//5183
f 4593//4593 2783//2783 3447//3447
f 6676//6676 4593//4593 3447//3447
f 5757//5757 2856//2856 6289//6289
f 2856//2856 6669//6669 6289//6289
f 7368//7368 2127//2127 4258//4258
f 7368//7368 4258//4258 3353//3353
f 2305//2305 2903//2903 2308//2308
f 2903//2903 2305//2305 4461//4461
f 6941//6941 5524//5524 6940//6940
f 6941//6941 6940//6940 2789//2789
f 6406//6406 5374//5374 6411//6411
f 6411//6411 6547//6547 6406//6406
f 5667//5667 537//537 6486//6486
f 5667//5667 6486//6486 1898//1898
f 581//581 6581//6581 2727//2727
f 2727//2727 6581//6581 2728//2728
f 6237//6237 7222//7222 178//178
f 7222//7222 176//176 178//178
f 3710//3710 1995//1995 3711//3711
f 1995//1995 3738//3738 6974//6974
f 823//823 480//480 6314//6314
f 6314//6314 4632//4632 823//823
f 2787//2787 2790//2790 6940//6940
f 2788//2788 2790//2790 2787//2787
f 1345//1345 3740//3740 5437//5437
f 2160//2160 5437//5437 3740//3740
f 643//643 2907//2907 4014//4014
f 2907//2907 2906//2906 4014//4014
f 5535//5535 5534//5534 735//735
f 5535//5535 3522//3522 5534//5534
f 800//800 802//802 560//560
f 3664//3664 560//560 802//802
f 6237//6237 178//178 5978//5978
f 6237//6237 5978//5978 4484//4484
f 6487//6487 7111//7111 1898//1898
f 6487//6487 1898//1898 6486//6486
f 1995//1995 6974//6974 3711//3711
f 3711//3711 6974//6974 3715//3715
f 3127//3127 2246//2246 7356//7356
f 7356//7356 2246//2246 2245//2245
f 2907//2907 1285//1285 5612//5612
f 1285//1285 1288//1288 5612//5612
f 5718//5718 6805//6805 4633//4633
f 5718//5718 4633//4633 4632//4632
f 5995//5995 2610//2610 3411//3411
f 5340//5340 2610//2610 5995//5995
f 1792//1792 6308//6308 7500//7500
f 1792//1792 7500//7500 3279//3279
f 2254//2254 5876//5876 2258//2258
f 2254//2254 2258//2258 2255//2255
f 3738//3738 2476//2476 6973//6973
f 3738//3738 6973//6973 6974//6974
f 6160//6160 2055//2055 5711//5711
f 5709//5709 5711//5711 2055//2055
f 6999//6999 1283//1283 1285//1285
f 2907//2907 6999//6999 1285//1285
f 3867//3867 2236//2236 825//825
f 3867//3867 4486//4486 2236//2236
f 4187//4187 7500//7500 6308//6308
f 7500//7500 4187//4187 3279//3279
f 2002//2002 7033//7033 5441//5441
f 1998//1998 7033//7033 2002//2002
f 4184//4184 5636//5636 4182//4182
f 4184//4184 4182//4182 1581//1581
f 4961//4961 5876//5876 2254//2254
f 4961//4961 91//91 5876//5876
f 2971//2971 3837//3837 4957//4957
f 2971//2971 4957//4957 2733//2733
f 4944//4944 4901//4901 671//671
f 4901//4901 4944//4944 4900//4900
f 6160//6160 2053//2053 2055//2055
f 2053//2053 6160//6160 1127//1127
f 6370//6370 7158//7158 6371//6371
f 3835//3835 6371//6371 7158//7158
f 6868//6868 1586//1586 6864//6864
f 1586//1586 6868//6868 1799//1799
f 333//333 6895//6895 2213//2213
f 6895//6895 333//333 969//969
f 4628//4628 4626//4626 4264//4264
f 4264//4264 4626//4626 3169//3169
f 2298//2298 3025//3025 2299//2299
f 2298//2298 5011//5011 3025//3025
f 787//787 789//789 7236//7236
f 789//789 3133//3133 7236//7236
f 6236//6236 5969//5969 6738//6738
f 6236//6236 6738//6738 7222//7222
f 6418//6418 3194//3194 7329//7329
f 4911//4911 6418//6418 7329//7329
f 4727//4727 270//270 161//161
f 4727//4727 161//161 4729//4729
f 7358//7358 2397//2397 125//125
f 125//125 3707//3707 7358//7358
f 7072//7072 3556//3556 3557//3557
f 3556//3556 759//759 3557//3557
f 4352//4352 87//87 4616//4616
f 4616//4616 4319//4319 4352//4352
