# Blender v2.90.0 OBJ File: 'obj_debugging3.blend'
# www.blender.org
mtllib Tinkerbell.mtl
o Tinkerbell
v -0.198321 0.467061 0.987268
v -0.213842 0.462773 0.985567
v -0.212114 0.445082 0.980585
v -0.194895 0.451194 0.983216
v -0.198721 0.479953 0.976626
v -0.213896 0.480206 0.983485
v -0.223238 0.463531 0.975247
v -0.224022 0.448817 0.971011
v -0.209801 0.429127 0.971974
v -0.197636 0.432753 0.974324
v -0.184354 0.462447 0.978784
v -0.185786 0.439465 0.973588
v -0.173605 0.451613 0.969496
v -0.184813 0.474093 0.967029
v -0.209985 0.481150 0.961204
v -0.222631 0.473931 0.971723
v -0.225134 0.460122 0.958995
v -0.223236 0.433471 0.960402
v -0.206250 0.413634 0.962832
v -0.190272 0.417794 0.967306
v -0.174227 0.426349 0.968335
v -0.162425 0.440279 0.960908
v -0.173107 0.465017 0.957476
v -0.197587 0.476235 0.952377
v -0.218767 0.472246 0.949053
v -0.224369 0.446154 0.946143
v -0.219044 0.419172 0.948620
v -0.200309 0.398856 0.953583
v -0.181691 0.402013 0.961504
v -0.162447 0.412523 0.962001
v -0.151270 0.429803 0.950764
v -0.163013 0.454954 0.946901
v -0.183560 0.470544 0.947190
v -0.198257 0.470765 0.942541
v -0.214993 0.464763 0.934503
v -0.220856 0.432279 0.934285
v -0.210813 0.407176 0.936628
v -0.193053 0.383456 0.945651
v -0.172588 0.387796 0.952569
v -0.153631 0.398879 0.951745
v -0.142347 0.419264 0.938255
v -0.154075 0.444658 0.935247
v -0.174611 0.461232 0.934558
v -0.190800 0.460522 0.926671
v -0.208495 0.457252 0.919406
v -0.217642 0.445834 0.923908
v -0.214872 0.419649 0.921998
v -0.187187 0.369181 0.935319
v -0.173094 0.371208 0.940735
v -0.146376 0.385217 0.940588
v -0.137775 0.397338 0.933673
v -0.146217 0.434283 0.922861
v -0.167096 0.451082 0.922305
v -0.184494 0.450492 0.913544
v -0.203752 0.448870 0.904220
v -0.215226 0.434628 0.909352
v -0.210538 0.406512 0.909815
v -0.204641 0.396110 0.923020
v -0.203039 0.387237 0.934542
v -0.198257 0.372893 0.924339
v -0.183581 0.353399 0.926286
v -0.168007 0.356535 0.930460
v -0.159807 0.376140 0.942488
v -0.139922 0.372335 0.928471
v -0.130995 0.385214 0.921145
v -0.134894 0.410328 0.923421
v -0.139466 0.423238 0.910186
v -0.160155 0.441311 0.909725
v -0.178521 0.441404 0.900501
v -0.199111 0.440326 0.889169
v -0.212110 0.422627 0.895175
v -0.207115 0.392210 0.898296
v -0.201198 0.382752 0.910917
v -0.193740 0.359140 0.913357
v -0.180021 0.338680 0.915678
v -0.162790 0.342174 0.919871
v -0.153117 0.362851 0.931181
v -0.133141 0.359589 0.916512
v -0.124333 0.373274 0.908362
v -0.128740 0.399018 0.910066
v -0.132983 0.411991 0.897473
v -0.153448 0.431023 0.897253
v -0.172991 0.432450 0.888070
v -0.195657 0.430840 0.873721
v -0.210165 0.402673 0.886912
v -0.203524 0.379691 0.885728
v -0.197640 0.369508 0.899194
v -0.189145 0.346436 0.901617
v -0.175876 0.325148 0.904032
v -0.157745 0.328335 0.908663
v -0.146719 0.349029 0.920210
v -0.126493 0.347269 0.904042
v -0.117384 0.361653 0.895568
v -0.122113 0.387774 0.896981
v -0.127118 0.400906 0.884352
v -0.149110 0.420379 0.883891
v -0.169372 0.422700 0.875125
v -0.187236 0.428078 0.869879
v -0.207757 0.414721 0.877745
v -0.206215 0.391138 0.872644
v -0.199264 0.367647 0.871962
v -0.194046 0.356951 0.887149
v -0.184730 0.333789 0.889982
v -0.170692 0.311313 0.893147
v -0.152958 0.314866 0.896924
v -0.140794 0.335827 0.908232
v -0.121541 0.335998 0.890048
v -0.111719 0.350295 0.882047
v -0.114983 0.377007 0.883844
v -0.120189 0.390669 0.870962
v -0.139309 0.410003 0.872784
v -0.149042 0.412335 0.867730
v -0.166225 0.414898 0.860754
v -0.182025 0.419038 0.854969
v -0.197316 0.418045 0.854462
v -0.204542 0.404397 0.862189
v -0.200829 0.379940 0.857809
v -0.194237 0.355042 0.856035
v -0.190490 0.344728 0.874230
v -0.180039 0.321009 0.878590
v -0.165893 0.297999 0.881681
v -0.147534 0.301582 0.885243
v -0.136173 0.324362 0.894418
v -0.116594 0.324708 0.876239
v -0.105953 0.338955 0.868578
v -0.108753 0.365947 0.870535
v -0.112858 0.380591 0.857648
v -0.131115 0.400753 0.859580
v -0.146005 0.405922 0.851221
v -0.162103 0.407784 0.845480
v -0.177813 0.410524 0.840131
v -0.193858 0.408695 0.838681
v -0.200582 0.394436 0.846870
v -0.196011 0.369014 0.842649
v -0.186753 0.333943 0.862743
v -0.175432 0.307988 0.867203
v -0.131630 0.313140 0.880381
v -0.110605 0.312764 0.863401
v -0.099897 0.327284 0.855386
v -0.102320 0.355109 0.857009
v -0.106997 0.370102 0.843874
v -0.124220 0.391504 0.845560
v -0.140899 0.398672 0.835448
v -0.157562 0.400632 0.829662
v -0.173788 0.402399 0.824781
v -0.190253 0.399878 0.823103
v -0.195850 0.384425 0.831529
v -0.191447 0.358111 0.827104
v -0.188326 0.342188 0.838423
v -0.183852 0.324658 0.850593
v -0.171005 0.294376 0.856212
v -0.161895 0.284656 0.869781
v -0.140968 0.289286 0.873026
v -0.125617 0.301055 0.867603
v -0.102908 0.300516 0.851718
v -0.094024 0.315570 0.842247
v -0.097307 0.343775 0.843295
v -0.100099 0.360433 0.829850
v -0.117399 0.381253 0.832111
v -0.136124 0.390742 0.819796
v -0.153170 0.393503 0.813542
v -0.169847 0.394675 0.808870
v -0.186821 0.391495 0.807252
v -0.192022 0.374530 0.816057
v -0.186250 0.347218 0.811916
v -0.183172 0.331139 0.823273
v -0.177416 0.306038 0.843269
v -0.166762 0.281272 0.844404
v -0.158351 0.271432 0.857371
v -0.132731 0.277272 0.861315
v -0.117441 0.287752 0.857490
v -0.094980 0.288604 0.839740
v -0.086257 0.304309 0.829794
v -0.089811 0.332417 0.830653
v -0.093586 0.351123 0.815156
v -0.110327 0.371852 0.818063
v -0.134015 0.383526 0.802821
v -0.149130 0.386106 0.797316
v -0.165994 0.386964 0.792847
v -0.183649 0.383324 0.791173
v -0.189150 0.364562 0.800458
v -0.180648 0.335590 0.798291
v -0.178483 0.320022 0.809493
v -0.180303 0.316766 0.834548
v -0.172963 0.292618 0.831915
v -0.162480 0.268685 0.832096
v -0.154504 0.258474 0.844820
v -0.145793 0.269595 0.863966
v -0.151432 0.286971 0.871403
v -0.124998 0.264296 0.850211
v -0.109421 0.274365 0.847041
v -0.087541 0.276742 0.827707
v -0.077560 0.293399 0.817341
v -0.081451 0.319870 0.818967
v -0.082120 0.330805 0.810455
v -0.088375 0.343298 0.799023
v -0.103208 0.363426 0.803263
v -0.122120 0.379234 0.809123
v -0.129553 0.375773 0.787098
v -0.145123 0.378637 0.781167
v -0.161929 0.379877 0.776586
v -0.180780 0.375033 0.775086
v -0.185046 0.354367 0.785494
v -0.176944 0.321938 0.786089
v -0.173747 0.308513 0.796283
v -0.175938 0.305694 0.820765
v -0.168504 0.280519 0.819487
v -0.157436 0.256620 0.819429
v -0.150118 0.245685 0.832213
v -0.140383 0.256451 0.851767
v -0.118514 0.251108 0.838727
v -0.102820 0.261243 0.835593
v -0.076869 0.269252 0.812650
v -0.069940 0.283178 0.803380
v -0.073051 0.308957 0.806135
v -0.073578 0.323512 0.795094
v -0.080652 0.335986 0.783663
v -0.096750 0.355278 0.787977
v -0.115746 0.371190 0.793993
v -0.124710 0.367525 0.771740
v -0.141099 0.369869 0.765981
v -0.157604 0.372591 0.760587
v -0.177847 0.366565 0.759158
v -0.182152 0.345894 0.769443
v -0.180813 0.335172 0.776368
v -0.174486 0.309917 0.772667
v -0.169823 0.296771 0.782974
v -0.171878 0.294151 0.807536
v -0.163710 0.268748 0.806564
v -0.152694 0.244502 0.806619
v -0.145341 0.233178 0.819440
v -0.135050 0.243539 0.839468
v -0.112656 0.238359 0.826626
v -0.097188 0.247972 0.823711
v -0.084792 0.259380 0.818318
v -0.069979 0.258833 0.798579
v -0.063125 0.272505 0.789319
v -0.065616 0.298406 0.792560
v -0.066525 0.313926 0.780505
v -0.073231 0.328444 0.768070
v -0.091096 0.346982 0.772666
v -0.109657 0.363222 0.778802
v -0.120125 0.358675 0.756725
v -0.137133 0.360292 0.751176
v -0.153392 0.365205 0.744765
v -0.171115 0.363870 0.741385
v -0.177076 0.353484 0.745120
v -0.179196 0.337154 0.753812
v -0.177931 0.323214 0.762899
v -0.171586 0.299015 0.758709
v -0.166944 0.285345 0.769400
v -0.167480 0.282612 0.794270
v -0.158730 0.256979 0.793720
v -0.148415 0.231978 0.793817
v -0.140434 0.220682 0.806720
v -0.129754 0.230972 0.826978
v -0.107228 0.225894 0.813897
v -0.091794 0.235471 0.811133
v -0.079482 0.246795 0.805615
v -0.064318 0.247577 0.784668
v -0.057410 0.261486 0.775364
v -0.060592 0.287374 0.778206
v -0.060231 0.303058 0.766419
v -0.067538 0.319625 0.752364
v -0.085036 0.339211 0.757128
v -0.104064 0.355265 0.763437
v -0.115195 0.351180 0.741042
v -0.132423 0.353220 0.735211
v -0.148951 0.358470 0.728704
v -0.166745 0.358318 0.724602
v -0.174070 0.343445 0.730315
v -0.175177 0.327993 0.738953
v -0.173746 0.313419 0.748653
v -0.168541 0.288835 0.744298
v -0.164585 0.274520 0.755322
v -0.163074 0.271198 0.781060
v -0.153613 0.245647 0.780682
v -0.143543 0.219703 0.781120
v -0.135417 0.208313 0.793915
v -0.124476 0.218810 0.813979
v -0.102147 0.214020 0.800681
v -0.086541 0.223383 0.798061
v -0.073830 0.234793 0.792493
v -0.059072 0.236157 0.770895
v -0.052402 0.250195 0.761149
v -0.054109 0.276296 0.764528
v -0.055091 0.290655 0.752846
v -0.059376 0.304530 0.741471
v -0.078669 0.332369 0.740952
v -0.098771 0.347660 0.747749
v -0.109792 0.345253 0.724725
v -0.127145 0.347508 0.718806
v -0.144125 0.351772 0.712552
v -0.163052 0.351210 0.708345
v -0.170058 0.334787 0.715002
v -0.170581 0.318885 0.724215
v -0.169308 0.303815 0.734160
v -0.165286 0.279099 0.729677
v -0.161762 0.264522 0.740772
v -0.158598 0.260263 0.767576
v -0.148357 0.233765 0.768044
v -0.138262 0.207511 0.768546
v -0.130473 0.196023 0.780955
v -0.119355 0.206927 0.800776
v -0.097055 0.202049 0.787510
v -0.081297 0.211303 0.784919
v -0.068523 0.222932 0.779096
v -0.053275 0.224400 0.757346
v -0.046933 0.238717 0.747251
v -0.049541 0.264753 0.750155
v -0.050046 0.279005 0.738765
v -0.053720 0.292129 0.727853
v -0.064268 0.312869 0.734411
v -0.073667 0.324893 0.724210
v -0.093521 0.340485 0.731837
v -0.104394 0.339431 0.708441
v -0.121538 0.342851 0.702166
v -0.138968 0.345426 0.696461
v -0.158773 0.343498 0.692577
v -0.166201 0.325511 0.699988
v -0.166612 0.309520 0.709414
v -0.165298 0.294333 0.719564
v -0.160846 0.269689 0.715139
v -0.157500 0.255434 0.726041
v -0.155181 0.250094 0.753231
v -0.142997 0.220464 0.756533
v -0.133618 0.195629 0.755582
v -0.125454 0.184181 0.767669
v -0.114299 0.194833 0.787684
v -0.091683 0.189462 0.774995
v -0.075906 0.198917 0.771990
v -0.062928 0.210891 0.765855
v -0.048019 0.212558 0.743852
v -0.041501 0.227019 0.733489
v -0.044560 0.253195 0.735895
v -0.045211 0.267458 0.724224
v -0.049885 0.280787 0.712770
v -0.060478 0.304002 0.717851
v -0.069827 0.315658 0.707919
v -0.088126 0.333542 0.715764
v -0.099396 0.332605 0.692443
v -0.116330 0.337090 0.685807
v -0.133698 0.339123 0.680277
v -0.155093 0.335262 0.676881
v -0.162647 0.315657 0.685281
v -0.162957 0.299965 0.694720
v -0.161940 0.284670 0.704788
v -0.156826 0.260037 0.700657
v -0.153026 0.245888 0.711556
v -0.152731 0.241850 0.737145
v -0.147282 0.232592 0.745697
v -0.139425 0.207943 0.743836
v -0.128612 0.184487 0.742088
v -0.119989 0.173275 0.753861
v -0.109169 0.182698 0.774727
v -0.086337 0.176696 0.762580
v -0.070722 0.186582 0.758998
v -0.058309 0.199098 0.752101
v -0.043305 0.200600 0.730112
v -0.037874 0.215243 0.719094
v -0.039700 0.241718 0.721610
v -0.041787 0.255907 0.709529
v -0.046766 0.269340 0.697724
v -0.056688 0.293447 0.701824
v -0.066292 0.305373 0.691737
v -0.083127 0.325917 0.699506
v -0.095063 0.324656 0.677038
v -0.111665 0.329951 0.670031
v -0.128984 0.332741 0.664046
v -0.146040 0.332596 0.659669
v -0.158915 0.305936 0.670648
v -0.158876 0.290383 0.680200
v -0.158107 0.275054 0.690245
v -0.152133 0.250440 0.686401
v -0.149208 0.235962 0.697141
v -0.148399 0.232461 0.722408
v -0.142301 0.220999 0.732738
v -0.135372 0.196542 0.730459
v -0.123620 0.173533 0.728444
v -0.114828 0.162171 0.740157
v -0.103936 0.170996 0.761335
v -0.081083 0.163720 0.750094
v -0.065922 0.174441 0.745695
v -0.053389 0.186970 0.738843
v -0.039442 0.188806 0.715947
v -0.035960 0.203533 0.704383
v -0.037113 0.229916 0.707069
v -0.039257 0.244311 0.694882
v -0.044746 0.257639 0.682967
v -0.054043 0.281874 0.686242
v -0.063277 0.293558 0.675166
v -0.079694 0.316427 0.684334
v -0.091277 0.316215 0.662398
v -0.107979 0.321352 0.655231
v -0.125121 0.324713 0.648424
v -0.142745 0.325287 0.643138
v -0.155685 0.321832 0.662511
v -0.154883 0.296314 0.655985
v -0.154719 0.280753 0.665666
v -0.153690 0.265417 0.675886
v -0.147376 0.240736 0.672231
v -0.145183 0.226054 0.682973
v -0.144150 0.222716 0.708169
v -0.139102 0.209776 0.719127
v -0.131047 0.185684 0.716806
v -0.118570 0.162899 0.714707
v -0.109941 0.151019 0.726456
v -0.099008 0.158377 0.748691
v -0.061847 0.162581 0.731887
v -0.075742 0.150658 0.737782
v -0.049400 0.175055 0.724922
v -0.037386 0.177203 0.701287
v -0.035370 0.192148 0.689667
v -0.036046 0.218207 0.692385
v -0.038402 0.232458 0.680397
v -0.042802 0.246014 0.668280
v -0.051672 0.270140 0.671013
v -0.060838 0.281257 0.659219
v -0.076194 0.307685 0.670176
v -0.088458 0.306662 0.649001
v -0.104791 0.311512 0.641034
v -0.121377 0.315705 0.633235
v -0.139395 0.316773 0.626984
v -0.152280 0.312172 0.647493
v -0.150698 0.286564 0.641478
v -0.150400 0.270960 0.651414
v -0.149454 0.255623 0.661644
v -0.143345 0.230814 0.657995
v -0.140527 0.216272 0.669049
v -0.140251 0.212641 0.694284
v -0.136381 0.198774 0.705346
v -0.126236 0.175226 0.703064
v -0.113478 0.152712 0.700776
v -0.104369 0.141155 0.712247
v -0.094218 0.146145 0.735488
v -0.071755 0.139368 0.723036
v -0.057356 0.150206 0.718448
v -0.046207 0.163367 0.710645
v -0.037598 0.166240 0.686129
v -0.035645 0.180918 0.674931
v -0.035852 0.206650 0.677837
v -0.037981 0.220784 0.666023
v -0.042151 0.234234 0.653989
v -0.049810 0.258482 0.656473
v -0.058328 0.269695 0.644325
v -0.074122 0.299836 0.659418
v -0.071799 0.290068 0.646624
v -0.086029 0.295873 0.635629
v -0.102168 0.300235 0.627509
v -0.117608 0.305650 0.618566
v -0.135063 0.306628 0.611842
v -0.148397 0.302429 0.632600
v -0.146241 0.276463 0.627303
v -0.145903 0.261064 0.637152
v -0.145044 0.245774 0.647364
v -0.138510 0.221028 0.644031
v -0.135105 0.206536 0.655174
v -0.135079 0.202741 0.680326
v -0.131830 0.188525 0.691589
v -0.121451 0.164851 0.689193
v -0.108278 0.142757 0.686876
v -0.098647 0.131694 0.697894
v -0.089387 0.135589 0.721126
v -0.068173 0.127797 0.708527
v -0.053590 0.138501 0.704061
v -0.043659 0.151925 0.696088
v -0.037643 0.155409 0.671168
v -0.037414 0.169897 0.660265
v -0.036555 0.195259 0.663425
v -0.038568 0.209223 0.651778
v -0.042077 0.222472 0.639906
v -0.048388 0.246744 0.642076
v -0.056842 0.257580 0.630033
v -0.069343 0.278597 0.632168
v -0.083235 0.284957 0.621860
v -0.098451 0.289949 0.612912
v -0.113384 0.295455 0.603715
v -0.130533 0.295907 0.597083
v -0.144103 0.292216 0.618174
v -0.141425 0.266327 0.613082
v -0.141149 0.251137 0.623104
v -0.140383 0.236043 0.633323
v -0.132475 0.211495 0.630291
v -0.129079 0.197060 0.641582
v -0.130297 0.192663 0.666466
v -0.127049 0.178312 0.677749
v -0.116402 0.154721 0.675367
v -0.103174 0.133216 0.673407
v -0.093512 0.121622 0.683975
v -0.084966 0.125252 0.706389
v -0.065208 0.116795 0.693283
v -0.050978 0.127602 0.688823
v -0.041902 0.141122 0.681059
v -0.037646 0.144826 0.656167
v -0.037988 0.158974 0.645609
v -0.038128 0.184056 0.649092
v -0.042352 0.210693 0.625896
v -0.039828 0.197647 0.637604
v -0.047643 0.234878 0.628043
v -0.055527 0.245553 0.616217
v -0.067408 0.266703 0.618445
v -0.080114 0.274006 0.607724
v -0.094553 0.279644 0.598393
v -0.109175 0.284520 0.589218
v -0.126101 0.284529 0.582792
v -0.139655 0.281587 0.603930
v -0.136851 0.255958 0.598886
v -0.135872 0.241352 0.609002
v -0.135093 0.226792 0.618942
v -0.126477 0.201871 0.616858
v -0.122851 0.187512 0.628298
v -0.126087 0.182392 0.652684
v -0.122374 0.168095 0.663924
v -0.111101 0.144707 0.661526
v -0.097967 0.123740 0.660915
v -0.088131 0.111297 0.670369
v -0.081533 0.114580 0.691459
v -0.062650 0.106591 0.677306
v -0.049035 0.117854 0.672953
v -0.040875 0.130838 0.665754
v -0.038332 0.134860 0.641171
v -0.038967 0.148467 0.631136
v -0.039310 0.172726 0.634671
v -0.047337 0.222864 0.614271
v -0.041003 0.186183 0.623405
v -0.042805 0.199185 0.611884
v -0.054654 0.233078 0.602644
v -0.065917 0.254293 0.604972
v -0.078290 0.261301 0.594559
v -0.092357 0.266850 0.585256
v -0.105184 0.272808 0.575211
v -0.121354 0.273901 0.568000
v -0.135203 0.270817 0.589454
v -0.131928 0.245323 0.584866
v -0.131151 0.231104 0.595050
v -0.129625 0.216539 0.605492
v -0.119720 0.192350 0.604074
v -0.116589 0.177906 0.615379
v -0.120138 0.172802 0.639374
v -0.116949 0.158167 0.650247
v -0.105842 0.134725 0.647802
v -0.092066 0.112757 0.645072
v -0.079292 0.097679 0.657012
v -0.079333 0.105312 0.675255
v -0.059677 0.097931 0.660349
v -0.049190 0.107972 0.656824
v -0.041157 0.120789 0.650282
v -0.039696 0.125849 0.625640
v -0.039878 0.137500 0.616947
v -0.040420 0.161586 0.620366
v -0.045843 0.210868 0.600258
v -0.040852 0.174704 0.609222
v -0.040367 0.187373 0.597782
v -0.052601 0.221145 0.588889
v -0.064554 0.241885 0.591631
v -0.076477 0.248422 0.581465
v -0.089359 0.254534 0.571671
v -0.100831 0.261070 0.561285
v -0.116128 0.262525 0.553788
v -0.130294 0.259953 0.575055
v -0.126890 0.234544 0.570532
v -0.124073 0.220860 0.581758
v -0.121909 0.206749 0.592825
v -0.115897 0.181455 0.590860
v -0.112832 0.167099 0.602225
v -0.112859 0.163652 0.626490
v -0.110500 0.148850 0.636790
v -0.100358 0.125467 0.633926
v -0.087523 0.104347 0.629502
v -0.075157 0.091332 0.639248
v -0.057984 0.094122 0.641433
v -0.043258 0.110940 0.634801
v -0.040854 0.150602 0.606447
v -0.041938 0.199357 0.586245
v -0.039990 0.163635 0.595247
v -0.037260 0.175754 0.583986
v -0.049082 0.209297 0.575097
v -0.062506 0.229445 0.578185
v -0.074404 0.236267 0.568107
v -0.085701 0.242924 0.557954
v -0.096083 0.249472 0.547377
v -0.110577 0.251280 0.539479
v -0.125485 0.248918 0.560557
v -0.120121 0.223737 0.557069
v -0.117716 0.210159 0.568518
v -0.117125 0.195895 0.579656
v -0.111148 0.170577 0.577718
v -0.108733 0.156174 0.588972
v -0.107542 0.153513 0.613279
v -0.103082 0.139793 0.623686
v -0.094983 0.117110 0.619304
v -0.082996 0.097498 0.613392
v -0.071079 0.088162 0.620975
v -0.057703 0.090827 0.622862
v -0.045052 0.103074 0.618415
v -0.040681 0.120353 0.607823
v -0.037637 0.187468 0.572629
v -0.041506 0.153408 0.580473
v -0.040120 0.162851 0.571008
v -0.045480 0.197622 0.561358
v -0.060452 0.216656 0.565046
v -0.072524 0.223132 0.555418
v -0.081419 0.230309 0.545039
v -0.090667 0.237483 0.533921
v -0.104806 0.239527 0.525162
v -0.119661 0.237621 0.546431
v -0.113452 0.212443 0.544022
v -0.114852 0.198448 0.554948
v -0.113817 0.184510 0.566177
v -0.104041 0.160489 0.564736
v -0.102397 0.145996 0.575707
v -0.103766 0.142353 0.600232
v -0.096988 0.130307 0.610369
v -0.090021 0.110986 0.603139
v -0.077938 0.091529 0.596785
v -0.057635 0.085804 0.604543
v -0.044844 0.096433 0.601570
v -0.041311 0.111402 0.592307
v -0.041534 0.139198 0.593170
v -0.038733 0.172294 0.561544
v -0.045914 0.184117 0.549347
v -0.057895 0.204883 0.551356
v -0.069411 0.211937 0.541138
v -0.075090 0.216937 0.533860
v -0.084676 0.224491 0.521789
v -0.098796 0.226602 0.511688
v -0.113685 0.226053 0.532625
v -0.108107 0.200442 0.531476
v -0.109246 0.187002 0.542114
v -0.107621 0.173810 0.553235
v -0.095565 0.150812 0.551907
v -0.094255 0.136488 0.562682
v -0.099156 0.131695 0.586640
v -0.092358 0.120887 0.596168
v -0.085607 0.106480 0.585644
v -0.072256 0.085206 0.580680
v -0.055023 0.080510 0.587197
v -0.045308 0.088940 0.585234
v -0.041191 0.102423 0.576892
v -0.041777 0.127799 0.579752
v -0.041937 0.142482 0.566804
v -0.044124 0.156997 0.552045
v -0.049454 0.169551 0.538515
v -0.056705 0.193252 0.537831
v -0.078282 0.210864 0.510566
v -0.092231 0.211577 0.501897
v -0.107390 0.213559 0.520333
v -0.067442 0.202660 0.524277
v -0.102196 0.188809 0.518690
v -0.101044 0.176650 0.529545
v -0.099152 0.163739 0.540658
v -0.089447 0.140331 0.538035
v -0.087774 0.126513 0.548779
v -0.093105 0.121686 0.573303
v -0.079609 0.099492 0.570198
v -0.065540 0.081062 0.564439
v -0.048913 0.079222 0.569666
v -0.041276 0.116985 0.565381
v -0.038628 0.092920 0.562982
v -0.040392 0.131138 0.553171
v -0.044168 0.143770 0.539768
v -0.049883 0.155275 0.526527
v -0.056125 0.180174 0.525175
v -0.073818 0.196930 0.498598
v -0.087735 0.196427 0.492309
v -0.100907 0.199599 0.510076
v -0.063154 0.190169 0.511535
v -0.092469 0.183315 0.502615
v -0.092368 0.167495 0.515665
v -0.091068 0.153971 0.526962
v -0.085683 0.129470 0.523361
v -0.083609 0.116075 0.534140
v -0.086714 0.112340 0.559353
v -0.073965 0.091741 0.554760
v -0.060332 0.072264 0.550335
v -0.046622 0.071105 0.555374
v -0.037752 0.106188 0.551982
v -0.034978 0.082443 0.550329
v -0.036811 0.119279 0.539910
v -0.039269 0.131355 0.527276
v -0.044207 0.142933 0.514539
v -0.054045 0.166743 0.513026
v -0.070319 0.183657 0.486682
v -0.091085 0.188039 0.476740
v -0.059516 0.177148 0.499321
v -0.093611 0.170961 0.489788
v -0.088127 0.157167 0.500772
v -0.086231 0.143367 0.512320
v -0.080737 0.118895 0.508975
v -0.077797 0.106311 0.519504
v -0.080459 0.103210 0.544705
v -0.067919 0.082516 0.540562
v -0.056146 0.061364 0.538814
v -0.038906 0.056445 0.547408
v -0.032256 0.094866 0.540082
v -0.028942 0.070602 0.541383
v -0.032425 0.106013 0.527664
v -0.033304 0.116443 0.513817
v -0.037047 0.130680 0.503058
v -0.048944 0.154144 0.501402
v -0.066823 0.170800 0.475101
v -0.076350 0.178663 0.462461
v -0.055151 0.164373 0.487779
v -0.098669 0.158257 0.477210
v -0.090659 0.144879 0.487477
v -0.083646 0.132074 0.497962
v -0.078143 0.106832 0.495554
v -0.071455 0.095472 0.505617
v -0.072929 0.094167 0.530298
v -0.062016 0.072373 0.527724
v -0.053654 0.050587 0.527786
v -0.038801 0.043135 0.536102
v -0.025831 0.082870 0.530200
v -0.020585 0.048002 0.555817
v -0.016734 0.064506 0.542127
v -0.026346 0.092361 0.516906
v -0.043380 0.142326 0.490913
v -0.061308 0.157432 0.464055
v -0.066967 0.166705 0.450064
v -0.093649 0.198456 0.461555
v -0.078995 0.191116 0.450217
v -0.104104 0.172483 0.465536
v -0.050629 0.151229 0.477261
v -0.098479 0.145430 0.463297
v -0.092090 0.132359 0.474506
v -0.084800 0.119536 0.484910
v -0.077871 0.093742 0.483254
v -0.069498 0.082454 0.492815
v -0.065906 0.083978 0.516340
v -0.057782 0.061411 0.515135
v -0.056071 0.036934 0.521042
v -0.039395 0.029535 0.528422
v -0.022576 0.034778 0.542023
v -0.013640 0.077022 0.528452
v -0.008719 0.072724 0.552371
v -0.016482 0.061655 0.565907
v -0.012082 0.086666 0.513266
v -0.028439 0.100314 0.502518
v -0.034875 0.123793 0.497869
v -0.038392 0.129957 0.481527
v -0.054449 0.144147 0.453487
v -0.055450 0.155915 0.439702
v -0.069127 0.179396 0.437414
v -0.108515 0.185463 0.452916
v -0.095182 0.212097 0.449592
v -0.081395 0.204844 0.438033
v -0.102744 0.158738 0.451292
v -0.045650 0.137419 0.467659
v -0.095544 0.133389 0.449500
v -0.090392 0.120417 0.461054
v -0.084628 0.107047 0.472442
v -0.074799 0.082686 0.470085
v -0.069486 0.068124 0.479751
v -0.061563 0.072085 0.503185
v -0.058357 0.048907 0.504275
v -0.059493 0.024045 0.535908
v -0.043356 0.016453 0.544487
v -0.025324 0.022438 0.538869
v -0.004716 0.031176 0.537547
v -0.000091 0.041521 0.554792
v -0.004107 0.084582 0.537567
v -0.004937 0.084701 0.564571
v -0.011357 0.073306 0.579579
v -0.001478 0.096439 0.523143
v -0.009936 0.094880 0.497067
v -0.030313 0.108863 0.487523
v -0.033206 0.116372 0.472475
v -0.045597 0.131550 0.443376
v -0.045915 0.143752 0.428881
v -0.055878 0.168974 0.427263
v -0.072682 0.193661 0.424354
v -0.105920 0.171631 0.438867
v -0.110230 0.209104 0.449690
v -0.107319 0.194345 0.461426
v -0.100113 0.222818 0.435389
v -0.085708 0.218151 0.425838
v -0.099581 0.146225 0.437646
v -0.039947 0.123315 0.458320
v -0.090609 0.121832 0.435957
v -0.086534 0.109084 0.447598
v -0.081106 0.096246 0.459144
v -0.073286 0.072901 0.456122
v -0.075108 0.065290 0.461506
v -0.064701 0.060448 0.490191
v -0.075099 0.042516 0.502609
v -0.073554 0.034782 0.520735
v -0.080268 0.021582 0.536902
v -0.026831 0.013660 0.546473
v -0.010699 0.009715 0.542125
v 0.016194 0.051020 0.553681
v 0.011369 0.043247 0.534810
v 0.004686 0.045559 0.568927
v -0.012737 0.052742 0.572019
v -0.000406 0.097128 0.550099
v -0.005661 0.058605 0.589248
v 0.005609 0.094365 0.575917
v 0.001325 0.082112 0.590594
v -0.000182 0.109777 0.510187
v 0.003979 0.109122 0.536129
v -0.021148 0.094975 0.479801
v -0.027255 0.100550 0.463599
v -0.037969 0.117574 0.434535
v -0.037170 0.130482 0.418322
v -0.047748 0.156387 0.415039
v -0.060095 0.184991 0.411924
v -0.076647 0.209211 0.412008
v -0.112138 0.196152 0.438650
v -0.109149 0.183279 0.425875
v -0.102437 0.158565 0.425477
v -0.109149 0.220858 0.434105
v -0.093107 0.230166 0.413643
v -0.106209 0.231380 0.418958
v -0.093494 0.134574 0.424090
v -0.034456 0.109104 0.449947
v -0.083888 0.110960 0.422378
v -0.080377 0.098629 0.434117
v -0.075876 0.085945 0.445611
v -0.086714 0.057049 0.467429
v -0.081179 0.053767 0.487615
v -0.091865 0.039762 0.506365
v -0.085954 0.032613 0.522905
v -0.075472 0.008234 0.548586
v -0.059652 0.013723 0.550131
v -0.059323 0.004619 0.565816
v -0.025603 0.003401 0.562171
v -0.010172 -0.003565 0.555080
v 0.003911 0.003782 0.534579
v 0.006726 0.020293 0.525924
v 0.013974 0.035190 0.519486
v 0.024768 0.062860 0.541567
v 0.021639 0.056473 0.526560
v 0.010776 0.051001 0.584744
v 0.008663 0.107635 0.562344
v 0.007235 0.073468 0.594815
v 0.014515 0.105290 0.587881
v 0.012077 0.092266 0.601382
v 0.003468 0.123266 0.497437
v -0.005233 0.112379 0.485377
v 0.007052 0.121815 0.522907
v 0.011632 0.120349 0.548771
v -0.008165 0.099380 0.472178
v -0.030346 0.102630 0.426758
v -0.029124 0.113774 0.411335
v -0.038495 0.144391 0.402102
v -0.050074 0.169225 0.402961
v -0.067848 0.200866 0.397570
v -0.082034 0.223422 0.401294
v -0.114213 0.207188 0.424395
v -0.111150 0.194500 0.412439
v -0.106114 0.170423 0.412835
v -0.095868 0.147241 0.412101
v -0.086639 0.123412 0.410592
v -0.028308 0.094813 0.443069
v -0.076883 0.100183 0.408857
v -0.073335 0.088377 0.420727
v -0.070691 0.076052 0.432137
v -0.076393 0.063102 0.441797
v -0.090788 0.054289 0.449100
v -0.102531 0.050063 0.472991
v -0.097548 0.045686 0.489572
v -0.108731 0.037330 0.512088
v -0.102958 0.026433 0.526597
v -0.099725 0.008728 0.537996
v -0.089624 -0.004214 0.546160
v -0.037747 0.004555 0.584829
v -0.022451 -0.007792 0.575460
v -0.009575 -0.015966 0.563714
v 0.004308 -0.010882 0.546733
v 0.018373 -0.001295 0.524309
v 0.017104 0.013042 0.511626
v 0.017012 0.026990 0.503114
v 0.020986 0.049794 0.511374
v 0.032127 0.069609 0.557430
v 0.023366 0.057666 0.570484
v 0.013145 0.064825 0.599037
v 0.016435 0.118858 0.575088
v 0.021938 0.116570 0.600651
v 0.020689 0.102946 0.612898
v 0.010702 0.134230 0.484029
v 0.002625 0.124423 0.471988
v 0.011270 0.134308 0.509761
v 0.014189 0.133177 0.535598
v 0.018392 0.131694 0.561899
v -0.003194 0.113085 0.460397
v -0.019223 0.096964 0.459437
v -0.017587 0.089363 0.420439
v -0.016271 0.097991 0.405216
v -0.028793 0.119673 0.403908
v -0.031867 0.131913 0.388373
v -0.042364 0.157517 0.389122
v -0.052809 0.181852 0.393056
v -0.058067 0.194196 0.383020
v -0.073836 0.215068 0.386926
v -0.114756 0.218833 0.409935
v -0.112667 0.205439 0.398653
v -0.108223 0.182153 0.399969
v -0.099857 0.159193 0.399642
v -0.089536 0.135663 0.398639
v -0.078923 0.112468 0.397154
v -0.014405 0.086787 0.438528
v -0.066979 0.089820 0.396497
v -0.063644 0.078469 0.408957
v -0.065693 0.066143 0.418847
v -0.077737 0.055510 0.425997
v -0.093842 0.048482 0.432111
v -0.107228 0.048364 0.455011
v -0.120368 0.046506 0.477605
v -0.114908 0.043242 0.495511
v -0.124903 0.030653 0.517243
v -0.115845 0.018378 0.529066
v -0.112299 -0.007177 0.534457
v -0.098305 -0.018821 0.539357
v -0.081511 -0.015047 0.557254
v -0.062207 0.012008 0.591893
v -0.072687 -0.005056 0.579460
v -0.026395 -0.022126 0.595022
v -0.022837 -0.025128 0.578950
v -0.012116 -0.025752 0.565150
v 0.001656 -0.028511 0.554563
v 0.018674 -0.016209 0.537381
v 0.033819 -0.005740 0.509541
v 0.025498 0.007910 0.494513
v 0.020116 0.018314 0.485994
v 0.020979 0.041645 0.494968
v 0.040255 0.076308 0.572198
v 0.030661 0.065471 0.585927
v 0.040190 0.081620 0.545026
v 0.033553 0.073238 0.528561
v 0.023954 0.130022 0.588449
v 0.022286 0.078033 0.607816
v 0.030969 0.089690 0.618137
v 0.028400 0.127628 0.614588
v 0.028291 0.113379 0.625018
v 0.018715 0.145106 0.470826
v 0.012323 0.134828 0.458826
v 0.017790 0.145323 0.496337
v 0.018353 0.145490 0.522321
v 0.022039 0.143850 0.548400
v 0.024891 0.142993 0.575409
v -0.007182 0.100106 0.449210
v -0.011191 0.093379 0.455275
v 0.006003 0.123805 0.447236
v -0.003554 0.110495 0.413102
v -0.005616 0.099535 0.426819
v -0.021144 0.106443 0.390451
v -0.028076 0.116656 0.375025
v -0.036249 0.146667 0.374746
v -0.044946 0.172292 0.378590
v -0.049747 0.186164 0.368984
v -0.066067 0.206682 0.372736
v -0.089196 0.232693 0.393394
v -0.080421 0.228826 0.377046
v -0.113962 0.230306 0.394950
v -0.113365 0.216536 0.384386
v -0.108136 0.193898 0.386826
v -0.103655 0.170866 0.387209
v -0.093766 0.147562 0.386397
v -0.081520 0.124674 0.385309
v -0.103499 0.239109 0.402464
v -0.069571 0.101683 0.384177
v -0.054032 0.081289 0.386364
v -0.052773 0.068492 0.397465
v -0.062184 0.054788 0.404675
v -0.079464 0.048057 0.410253
v -0.097010 0.042131 0.415516
v -0.110251 0.042017 0.438187
v -0.123525 0.041500 0.460925
v -0.137426 0.039821 0.483435
v -0.132010 0.038440 0.501346
v -0.138825 0.019779 0.520863
v -0.126758 0.005926 0.530564
v -0.118453 -0.021629 0.524156
v -0.101329 -0.033085 0.527448
v -0.085473 -0.029697 0.548687
v -0.076432 -0.025924 0.572248
v -0.046409 0.019089 0.605960
v -0.030668 0.004617 0.603734
v -0.023089 -0.015705 0.609734
v -0.032149 -0.038748 0.575474
v -0.021675 -0.039943 0.558151
v 0.016119 -0.032821 0.546162
v 0.033256 -0.020020 0.528894
v 0.046901 -0.010048 0.494587
v 0.036073 0.000337 0.480586
v 0.027171 0.009707 0.470745
v 0.021063 0.032959 0.478447
v 0.050215 0.081957 0.586483
v 0.038605 0.075234 0.599123
v 0.047764 0.089081 0.560275
v 0.049925 0.090792 0.532532
v 0.043424 0.081534 0.516919
v 0.031311 0.141247 0.603378
v 0.046822 0.085176 0.611887
v 0.038655 0.100453 0.629509
v 0.033727 0.137732 0.629333
v 0.033668 0.122732 0.639147
v 0.030919 0.153241 0.458818
v 0.023175 0.145254 0.446426
v 0.025116 0.156091 0.483046
v 0.024709 0.156541 0.508847
v 0.026319 0.155687 0.534997
v 0.028360 0.154666 0.561421
v 0.034110 0.156029 0.592954
v 0.001070 0.111906 0.436545
v 0.014580 0.134595 0.434205
v -0.003164 0.121425 0.398487
v -0.012034 0.108083 0.390365
v 0.006125 0.122402 0.422668
v -0.032723 0.136224 0.359119
v -0.038001 0.162550 0.364363
v -0.043378 0.177663 0.354823
v -0.058786 0.198381 0.358852
v -0.072808 0.220573 0.362720
v -0.096359 0.241964 0.385494
v -0.089506 0.240277 0.367875
v -0.110701 0.240172 0.378808
v -0.112135 0.227257 0.369867
v -0.107250 0.204609 0.372367
v -0.104161 0.183522 0.375412
v -0.097405 0.159850 0.374553
v -0.085547 0.136947 0.373191
v -0.071216 0.114891 0.372318
v -0.057355 0.092406 0.372876
v -0.040647 0.071996 0.377475
v -0.048245 0.052735 0.381096
v -0.064873 0.045909 0.388974
v -0.083013 0.041913 0.394415
v -0.100065 0.033266 0.398897
v -0.112562 0.033446 0.422357
v -0.125296 0.033316 0.445400
v -0.140853 0.035527 0.466224
v -0.153751 0.031985 0.489637
v -0.147506 0.030110 0.506859
v -0.150365 0.001857 0.519809
v -0.135314 -0.011205 0.523184
v -0.121958 -0.033908 0.510701
v -0.104918 -0.044441 0.513420
v -0.076197 -0.044633 0.542835
v -0.081759 -0.022447 0.593174
v -0.076307 -0.004939 0.593764
v -0.038624 0.020381 0.624521
v -0.025293 0.007380 0.622117
v -0.062521 0.030967 0.612092
v -0.077130 0.016048 0.607391
v -0.015564 -0.009625 0.624986
v -0.017919 -0.034550 0.616983
v -0.028018 -0.042157 0.603858
v -0.042103 -0.047768 0.565290
v -0.033919 -0.053597 0.542945
v -0.008165 -0.043018 0.547318
v 0.007150 -0.047792 0.542460
v 0.031018 -0.038301 0.539736
v 0.047180 -0.029938 0.524660
v 0.044986 -0.020665 0.518468
v 0.056276 -0.022955 0.505883
v 0.056977 -0.017471 0.480559
v 0.047155 -0.007274 0.467946
v 0.032303 0.001073 0.456090
v 0.021327 0.023890 0.461910
v 0.028484 0.058131 0.485722
v 0.024390 0.048510 0.469772
v 0.060172 0.088740 0.601003
v 0.059099 0.092950 0.574006
v 0.057425 0.098839 0.547616
v 0.027999 0.059889 0.506112
v 0.035012 0.069983 0.500850
v 0.061643 0.098472 0.519986
v 0.053048 0.091040 0.504899
v 0.037415 0.151793 0.618823
v 0.054032 0.095385 0.624774
v 0.044777 0.109812 0.642544
v 0.039998 0.146242 0.644169
v 0.040064 0.131278 0.653154
v 0.043068 0.165152 0.449049
v 0.031293 0.158698 0.434676
v 0.035890 0.163753 0.471157
v 0.031852 0.167165 0.495412
v 0.032773 0.166578 0.521556
v 0.032520 0.166404 0.547917
v 0.041873 0.166281 0.608834
v 0.019463 0.146475 0.420353
v -0.001382 0.131010 0.383566
v -0.008357 0.116783 0.375072
v 0.006410 0.133113 0.407384
v -0.034754 0.153024 0.348781
v -0.039000 0.169191 0.339895
v -0.052813 0.190226 0.344411
v -0.066330 0.211671 0.348145
v -0.082399 0.233402 0.351975
v -0.104788 0.243749 0.360658
v -0.105450 0.235763 0.354054
v -0.108226 0.215521 0.358340
v -0.102356 0.196827 0.363577
v -0.098171 0.173733 0.363801
v -0.088678 0.150109 0.361747
v -0.074644 0.127921 0.360101
v -0.059720 0.105092 0.360175
v -0.041598 0.085141 0.365247
v -0.071047 0.041483 0.372769
v -0.088473 0.034135 0.376889
v -0.102628 0.021992 0.382592
v -0.114223 0.022659 0.407257
v -0.125128 0.022272 0.431705
v -0.142127 0.027177 0.450644
v -0.156797 0.026738 0.472674
v -0.164885 0.018996 0.496274
v -0.159363 0.014512 0.509955
v -0.156813 -0.014049 0.505768
v -0.139488 -0.024039 0.509031
v -0.129646 -0.048371 0.500907
v -0.112838 -0.059454 0.505646
v -0.086679 -0.054373 0.514864
v -0.081477 -0.046333 0.530714
v -0.060787 -0.055494 0.532409
v -0.067056 -0.046507 0.561053
v -0.077127 -0.042626 0.585628
v -0.090914 -0.035593 0.591833
v -0.083934 -0.002316 0.610018
v -0.093604 -0.017243 0.607122
v -0.030750 0.021439 0.642792
v -0.015407 0.013278 0.636635
v -0.052318 0.033020 0.629150
v -0.079759 0.036319 0.622772
v -0.090910 0.020630 0.619797
v -0.005315 -0.002722 0.638858
v -0.007283 -0.027293 0.629654
v -0.008514 -0.052031 0.620940
v -0.021877 -0.060745 0.611510
v -0.041401 -0.050442 0.592666
v -0.061365 -0.051349 0.581151
v -0.017934 -0.055377 0.534565
v -0.002190 -0.059555 0.529803
v 0.022572 -0.054992 0.540553
v 0.045319 -0.044759 0.532960
v 0.059636 -0.036519 0.514880
v 0.066102 -0.029298 0.491874
v 0.063656 -0.026662 0.465759
v 0.052170 -0.017273 0.453831
v 0.035410 -0.007700 0.440544
v 0.022174 0.014599 0.445810
v 0.021275 0.039571 0.453565
v 0.035799 0.073206 0.475413
v 0.029740 0.064069 0.460136
v 0.068555 0.097689 0.616199
v 0.070104 0.096312 0.587307
v 0.068378 0.102938 0.561914
v 0.069690 0.105269 0.535192
v 0.043679 0.082520 0.490262
v 0.071280 0.110920 0.506119
v 0.060158 0.103637 0.493026
v 0.043666 0.160884 0.634285
v 0.059940 0.104954 0.638529
v 0.050432 0.118150 0.656643
v 0.044669 0.154594 0.659313
v 0.044855 0.138763 0.668276
v 0.049215 0.180123 0.436511
v 0.037760 0.171955 0.422952
v 0.051356 0.160472 0.465747
v 0.042959 0.175013 0.482034
v 0.039175 0.177806 0.507950
v 0.039767 0.176725 0.534536
v 0.037680 0.177117 0.560778
v 0.033518 0.164598 0.573695
v 0.046976 0.180873 0.598568
v 0.039886 0.172622 0.585368
v 0.047498 0.175524 0.624337
v 0.026906 0.162589 0.410876
v 0.001027 0.140597 0.368759
v -0.007961 0.125702 0.359789
v -0.021230 0.107573 0.370474
v 0.008151 0.143271 0.392199
v -0.028432 0.129619 0.340774
v -0.034433 0.144688 0.332488
v -0.036793 0.161082 0.323858
v -0.048039 0.184699 0.333008
v -0.059687 0.201653 0.331392
v -0.075530 0.224164 0.337232
v -0.097992 0.240142 0.342648
v -0.106112 0.227778 0.347451
v -0.097461 0.189046 0.354786
v -0.089776 0.164319 0.351495
v -0.078262 0.141554 0.348684
v -0.063119 0.119795 0.346373
v -0.043956 0.096441 0.351465
v -0.025627 0.077776 0.359605
v -0.034491 0.063391 0.371267
v -0.054065 0.045050 0.364042
v -0.094318 0.021494 0.355801
v -0.103441 0.009316 0.368547
v -0.113934 0.010288 0.393565
v -0.123498 0.009216 0.420005
v -0.141303 0.016132 0.436534
v -0.158666 0.019188 0.456770
v -0.168118 0.013994 0.481540
v -0.168147 -0.000538 0.495665
v -0.159658 -0.024901 0.489300
v -0.142230 -0.035019 0.493910
v -0.126497 -0.053484 0.481283
v -0.113148 -0.066275 0.486251
v -0.095440 -0.069226 0.507225
v -0.065924 -0.063722 0.514154
v -0.051324 -0.052100 0.551302
v -0.087834 -0.055519 0.577195
v -0.101564 -0.048289 0.584050
v -0.104943 -0.029450 0.600518
v -0.096633 0.002919 0.623006
v -0.108370 -0.009311 0.616398
v -0.019735 0.028030 0.657752
v -0.005590 0.018663 0.652088
v -0.044506 0.032670 0.646986
v -0.066814 0.043237 0.635396
v -0.094620 0.041113 0.633369
v -0.102597 0.025477 0.634064
v 0.007892 0.007799 0.648936
v 0.007413 -0.017395 0.639568
v 0.002768 -0.044053 0.632377
v 0.000635 -0.069523 0.624406
v -0.014050 -0.078329 0.617047
v -0.033289 -0.069639 0.600324
v -0.043752 -0.063839 0.523425
v -0.025997 -0.066873 0.520101
v -0.009127 -0.070992 0.516108
v 0.012621 -0.068079 0.528465
v 0.037425 -0.060631 0.536204
v 0.056882 -0.051979 0.523476
v 0.067828 -0.044479 0.501646
v 0.071845 -0.038104 0.476974
v 0.066236 -0.037785 0.447708
v 0.052708 -0.028382 0.439116
v 0.034503 -0.017480 0.417571
v 0.024694 0.006068 0.429202
v 0.019529 0.030712 0.437206
v 0.025086 0.055137 0.444431
v 0.040013 0.088015 0.465401
v 0.033296 0.079345 0.450338
v 0.077793 0.101955 0.599946
v 0.074492 0.107001 0.631318
v 0.079185 0.105936 0.574934
v 0.078961 0.110792 0.549587
v 0.079323 0.113889 0.523485
v 0.049008 0.096276 0.479756
v 0.074785 0.126212 0.494840
v 0.062652 0.118417 0.482884
v 0.048000 0.169303 0.649777
v 0.065145 0.113131 0.653515
v 0.054600 0.123047 0.673245
v 0.046601 0.162545 0.674936
v 0.045613 0.145783 0.684526
v 0.053875 0.194339 0.424827
v 0.042607 0.184537 0.410657
v 0.058298 0.165490 0.453332
v 0.065539 0.180362 0.444332
v 0.056490 0.167469 0.479484
v 0.057364 0.150793 0.466334
v 0.050514 0.186491 0.492870
v 0.046567 0.187528 0.521154
v 0.044891 0.187737 0.547627
v 0.044799 0.185868 0.573819
v 0.052782 0.194316 0.587402
v 0.052354 0.190213 0.614061
v 0.052620 0.184150 0.639923
v 0.018634 0.152811 0.400822
v 0.031008 0.175652 0.398412
v 0.005109 0.148910 0.356289
v -0.005469 0.135515 0.345697
v -0.019959 0.110356 0.351217
v 0.011535 0.153999 0.377018
v -0.030172 0.120846 0.322557
v -0.036452 0.136412 0.315339
v -0.042337 0.152640 0.308359
v -0.044117 0.176973 0.317513
v -0.069054 0.213898 0.322641
v -0.091160 0.231681 0.325820
v -0.098832 0.217248 0.333659
v -0.100202 0.203930 0.345299
v -0.090613 0.178906 0.342019
v -0.080581 0.155445 0.338604
v -0.067382 0.134618 0.334110
v -0.046961 0.106803 0.338155
v -0.026455 0.092498 0.345675
v -0.023381 0.064560 0.344460
v -0.038681 0.053373 0.354084
v -0.064355 0.044849 0.348203
v -0.078994 0.038061 0.357400
v -0.095900 0.007555 0.342298
v -0.101647 -0.005173 0.356552
v -0.111643 -0.002580 0.381262
v -0.121430 -0.003341 0.407955
v -0.139700 0.004753 0.423093
v -0.158672 0.010315 0.440717
v -0.170322 0.006387 0.466045
v -0.170227 -0.010114 0.479054
v -0.160166 -0.033811 0.472802
v -0.141469 -0.041831 0.476389
v -0.132202 -0.065888 0.467052
v -0.119177 -0.079149 0.473272
v -0.098042 -0.076592 0.489009
v -0.079928 -0.079233 0.503170
v -0.074092 -0.065161 0.574032
v -0.095977 -0.067813 0.569350
v -0.108393 -0.063354 0.578793
v -0.115169 -0.043126 0.593931
v -0.118668 -0.024009 0.611257
v -0.108697 0.007700 0.636794
v -0.121570 -0.004710 0.629284
v -0.007908 0.038774 0.668184
v 0.005948 0.028900 0.662623
v -0.033783 0.037755 0.663281
v -0.057603 0.043580 0.652916
v -0.081389 0.048712 0.645441
v -0.107832 0.049100 0.642856
v -0.112090 0.031014 0.648574
v 0.019590 0.019072 0.658399
v 0.015890 -0.034677 0.638437
v 0.013432 -0.060513 0.634110
v 0.003940 -0.086930 0.633853
v -0.009989 -0.095595 0.625016
v -0.025792 -0.086922 0.606598
v -0.042656 -0.079094 0.588468
v -0.051891 -0.065105 0.585029
v -0.046069 -0.082270 0.506874
v -0.029612 -0.083446 0.511036
v -0.013413 -0.089295 0.509526
v 0.005721 -0.076510 0.513027
v 0.027054 -0.068980 0.532224
v 0.044869 -0.066310 0.526794
v 0.063326 -0.059868 0.510315
v 0.071059 -0.053327 0.486647
v 0.073444 -0.047070 0.462341
v 0.064445 -0.051842 0.427457
v 0.053102 -0.040963 0.424566
v 0.042352 -0.031199 0.421454
v 0.026675 -0.002199 0.411361
v 0.019831 0.022038 0.420705
v 0.021442 0.046451 0.428525
v 0.027812 0.070670 0.435030
v 0.043236 0.102762 0.455307
v 0.036491 0.094387 0.440431
v 0.087148 0.111176 0.587666
v 0.079590 0.115348 0.646756
v 0.087206 0.114677 0.623324
v 0.082123 0.106960 0.609422
v 0.088294 0.115926 0.563337
v 0.087914 0.119612 0.538384
v 0.051556 0.110821 0.469764
v 0.086532 0.134918 0.506146
v 0.083303 0.121019 0.516687
v 0.071137 0.141319 0.488028
v 0.060735 0.133506 0.474811
v 0.052294 0.177309 0.665309
v 0.070058 0.115121 0.671051
v 0.056226 0.124861 0.691286
v 0.050405 0.170148 0.690450
v 0.046049 0.154563 0.699995
v 0.057880 0.206932 0.411796
v 0.046748 0.196721 0.397929
v 0.071943 0.195998 0.432386
v 0.058687 0.155837 0.439263
v 0.065146 0.170131 0.429396
v 0.067859 0.178248 0.488006
v 0.064488 0.155925 0.482579
v 0.054688 0.141086 0.449880
v 0.056549 0.197011 0.506313
v 0.052785 0.197398 0.534678
v 0.051872 0.197183 0.561141
v 0.058841 0.205894 0.574883
v 0.058574 0.204388 0.603764
v 0.058302 0.198682 0.629930
v 0.058679 0.191590 0.655333
v 0.022152 0.164744 0.386894
v 0.034541 0.188617 0.385351
v 0.009475 0.157717 0.345039
v -0.000068 0.146009 0.333043
v -0.012537 0.117694 0.334378
v 0.015636 0.167859 0.360229
v -0.026290 0.105698 0.330930
v -0.049859 0.117806 0.328536
v -0.053985 0.131898 0.319674
v -0.058951 0.147251 0.313241
v -0.051070 0.168920 0.304528
v -0.058778 0.187246 0.305302
v -0.063127 0.203550 0.311875
v -0.082096 0.219154 0.311922
v -0.090402 0.206095 0.321233
v -0.092449 0.192764 0.332070
v -0.082641 0.169358 0.329230
v -0.071136 0.148319 0.324872
v -0.012160 0.064113 0.348091
v -0.011172 0.087305 0.340397
v -0.039109 0.064410 0.329364
v -0.050245 0.052218 0.338140
v -0.075503 0.045277 0.333811
v -0.086178 0.033287 0.342778
v -0.092547 0.023638 0.328156
v -0.092647 -0.009827 0.331994
v -0.097153 -0.020226 0.346856
v -0.107410 -0.016380 0.370570
v -0.117880 -0.015198 0.395979
v -0.137341 -0.006728 0.409479
v -0.157712 0.000849 0.425082
v -0.171929 -0.002155 0.450062
v -0.171235 -0.019161 0.463212
v -0.161279 -0.042511 0.456311
v -0.143507 -0.051358 0.459846
v -0.137470 -0.078027 0.453355
v -0.123435 -0.091049 0.458836
v -0.102402 -0.088851 0.475993
v -0.082035 -0.085749 0.489281
v -0.061597 -0.076301 0.574600
v -0.084159 -0.077536 0.565585
v -0.094677 -0.081437 0.569531
v -0.104948 -0.079406 0.578521
v -0.119775 -0.060543 0.591822
v -0.127941 -0.039816 0.606224
v -0.131221 -0.020267 0.624433
v -0.121947 0.012831 0.648713
v -0.136375 0.000178 0.641578
v 0.003364 0.052728 0.674272
v 0.017132 0.041945 0.668859
v -0.022237 0.046679 0.675862
v -0.047004 0.048621 0.668312
v -0.069556 0.055813 0.658602
v -0.094906 0.057912 0.655975
v -0.117662 0.056944 0.655157
v -0.121397 0.037341 0.661442
v 0.028210 0.028389 0.670991
v 0.030330 0.005113 0.664576
v 0.021008 -0.004901 0.652461
v 0.014211 -0.011148 0.646015
v 0.025464 -0.026333 0.647231
v 0.022906 -0.051096 0.645745
v 0.016293 -0.076600 0.644339
v 0.001114 -0.099479 0.647280
v -0.013014 -0.108313 0.638580
v -0.024140 -0.103293 0.616212
v -0.037598 -0.094985 0.596093
v -0.052423 -0.088653 0.577592
v -0.062738 -0.083261 0.500485
v -0.043993 -0.093554 0.489994
v -0.033453 -0.094608 0.489570
v -0.022913 -0.095661 0.489145
v 0.001829 -0.091142 0.500557
v 0.021093 -0.082043 0.510207
v 0.024794 -0.072654 0.525061
v 0.036968 -0.077229 0.521657
v 0.052312 -0.071989 0.517384
v 0.064382 -0.067714 0.495156
v 0.071328 -0.061857 0.471075
v 0.072517 -0.055497 0.447701
v 0.068984 -0.065143 0.432146
v 0.061625 -0.064429 0.412004
v 0.048750 -0.052003 0.409089
v 0.035371 -0.041800 0.407753
v 0.030008 -0.027818 0.400112
v 0.026089 -0.011081 0.394079
v 0.020828 0.013716 0.403942
v 0.018789 0.037984 0.412418
v 0.023245 0.062114 0.419499
v 0.030598 0.085886 0.425386
v 0.046577 0.117523 0.445140
v 0.040569 0.108958 0.430289
v 0.096564 0.121757 0.576737
v 0.093035 0.117647 0.600357
v 0.091720 0.122611 0.638658
v 0.084829 0.120116 0.663579
v 0.097849 0.125172 0.614563
v 0.096995 0.126103 0.552265
v 0.094131 0.130129 0.528444
v 0.052935 0.125828 0.459993
v 0.097426 0.143750 0.518144
v 0.085389 0.150171 0.496742
v 0.058895 0.184056 0.680843
v 0.075058 0.114944 0.688650
v 0.058714 0.127288 0.709515
v 0.049279 0.140129 0.706567
v 0.052442 0.178552 0.706030
v 0.047715 0.162614 0.715926
v 0.062479 0.218064 0.398404
v 0.050949 0.208148 0.384383
v 0.075680 0.208170 0.416503
v 0.071604 0.183320 0.418568
v 0.055399 0.146241 0.424596
v 0.060326 0.160231 0.414337
v 0.080197 0.165492 0.489064
v 0.050690 0.132039 0.434890
v 0.060496 0.206884 0.521752
v 0.059113 0.206946 0.548113
v 0.064861 0.216243 0.561375
v 0.065690 0.218446 0.593869
v 0.064696 0.213051 0.619805
v 0.064668 0.206054 0.645330
v 0.065352 0.198515 0.670788
v 0.024129 0.178714 0.373030
v 0.039929 0.199992 0.371151
v 0.014431 0.168605 0.332578
v 0.006274 0.156990 0.320533
v -0.006390 0.130646 0.321457
v -0.004844 0.102562 0.326433
v -0.071634 0.162970 0.315344
v -0.069948 0.203688 0.305104
v -0.081477 0.193757 0.311883
v -0.084204 0.182712 0.320909
v 0.003263 0.089098 0.349253
v -0.001315 0.073099 0.360348
v -0.052526 0.067311 0.316664
v -0.063652 0.055855 0.325156
v -0.028332 0.074686 0.318875
v -0.016292 0.065478 0.325019
v -0.085243 0.043564 0.318547
v -0.085060 -0.025213 0.324809
v -0.089659 -0.034846 0.340004
v -0.101628 -0.030650 0.361536
v -0.112602 -0.027788 0.385371
v -0.134288 -0.018700 0.396752
v -0.156062 -0.008693 0.409659
v -0.171672 -0.011397 0.433882
v -0.171601 -0.028112 0.446653
v -0.162990 -0.052333 0.440295
v -0.148066 -0.063349 0.445801
v -0.139369 -0.088491 0.437225
v -0.124823 -0.100841 0.442098
v -0.105972 -0.099934 0.461778
v -0.083945 -0.094350 0.475683
v -0.063485 -0.092281 0.489193
v -0.072138 -0.088156 0.566625
v -0.094802 -0.090979 0.577142
v -0.112746 -0.081490 0.592772
v -0.130764 -0.058467 0.605803
v -0.137784 -0.038182 0.621953
v -0.138926 -0.019018 0.641758
v -0.127276 0.013063 0.665881
v -0.144044 0.001391 0.660052
v 0.015341 0.061420 0.685064
v 0.026475 0.049172 0.680779
v -0.011109 0.057076 0.686807
v -0.036620 0.055432 0.682665
v -0.059122 0.060710 0.673340
v -0.082324 0.064965 0.667813
v -0.099768 0.061676 0.660841
v -0.126027 0.061740 0.670995
v -0.131535 0.043110 0.673913
v 0.036437 0.036797 0.682804
v 0.038546 0.015304 0.677547
v 0.042151 -0.007860 0.671140
v 0.033942 -0.017495 0.658554
v 0.031422 -0.041416 0.657382
v 0.029159 -0.067300 0.654130
v 0.017820 -0.092610 0.654489
v -0.002634 -0.109869 0.661192
v -0.018137 -0.117270 0.653443
v -0.028014 -0.115732 0.630129
v -0.039236 -0.109448 0.607947
v -0.051292 -0.101008 0.587539
v -0.069197 -0.094751 0.573542
v -0.005207 -0.093549 0.483543
v 0.015999 -0.085772 0.493487
v 0.036509 -0.084486 0.507146
v 0.052480 -0.079600 0.502345
v 0.063144 -0.075449 0.479234
v 0.069703 -0.069724 0.454840
v 0.066400 -0.076700 0.438087
v 0.056962 -0.073730 0.396021
v 0.043189 -0.061345 0.393772
v 0.024864 -0.053094 0.397282
v 0.021577 -0.038882 0.386027
v 0.022233 -0.022417 0.377044
v 0.020771 0.005774 0.387141
v 0.017075 0.029689 0.396008
v 0.018515 0.053893 0.403913
v 0.025623 0.077323 0.410082
v 0.035047 0.100363 0.415225
v 0.045421 0.123100 0.420063
v 0.102686 0.128958 0.590545
v 0.104798 0.133473 0.566206
v 0.096393 0.129052 0.654774
v 0.101626 0.133080 0.629897
v 0.091314 0.122156 0.680358
v 0.106238 0.137280 0.605360
v 0.103167 0.138438 0.541795
v 0.106209 0.152983 0.531526
v 0.096923 0.159373 0.508262
v 0.061129 0.192502 0.696549
v 0.080164 0.121004 0.705410
v 0.050695 0.145712 0.723913
v 0.059810 0.132107 0.727632
v 0.052610 0.187764 0.721623
v 0.049910 0.170887 0.731945
v 0.064806 0.223636 0.382420
v 0.055810 0.218111 0.369498
v 0.080743 0.213991 0.397727
v 0.076600 0.196357 0.406611
v 0.065212 0.173656 0.403837
v 0.050589 0.136909 0.409753
v 0.055574 0.150536 0.399253
v 0.076702 0.188084 0.500482
v 0.090564 0.175212 0.501410
v 0.072570 0.207648 0.513195
v 0.066626 0.192547 0.503398
v 0.066874 0.216285 0.535680
v 0.073178 0.225668 0.549047
v 0.070061 0.225299 0.574100
v 0.072285 0.227423 0.610250
v 0.071289 0.220684 0.635345
v 0.069843 0.213749 0.660815
v 0.068038 0.207050 0.686552
v 0.029421 0.191373 0.358135
v 0.021279 0.180377 0.345469
v 0.046746 0.210851 0.356091
v 0.020141 0.180073 0.320111
v 0.013268 0.167888 0.308929
v -0.000451 0.142956 0.308365
v 0.003180 0.118084 0.316859
v -0.074068 0.178543 0.309473
v 0.009970 0.102505 0.337178
v 0.015381 0.093510 0.361463
v 0.011241 0.078796 0.372141
v 0.002802 0.054323 0.366313
v 0.000747 0.045454 0.350710
v -0.005145 0.054070 0.329483
v -0.067396 0.072719 0.306523
v -0.076868 0.058565 0.312594
v -0.041929 0.079740 0.308777
v -0.017298 0.081217 0.305619
v -0.005289 0.069411 0.310535
v -0.093203 0.042457 0.302744
v -0.094252 0.022134 0.305099
v -0.089925 -0.000644 0.316257
v -0.081126 -0.016233 0.309439
v -0.073205 -0.038959 0.321944
v -0.079840 -0.047243 0.337130
v -0.094130 -0.046062 0.354164
v -0.107246 -0.041557 0.375097
v -0.129293 -0.031796 0.385849
v -0.153008 -0.019189 0.394988
v -0.169693 -0.021077 0.418024
v -0.171425 -0.037339 0.429595
v -0.163832 -0.062440 0.423878
v -0.150221 -0.073997 0.430635
v -0.136422 -0.094309 0.418758
v -0.122171 -0.106067 0.423155
v -0.107058 -0.108369 0.445324
v -0.086903 -0.104742 0.462222
v -0.065306 -0.099405 0.475246
v -0.082373 -0.099232 0.578331
v -0.104206 -0.098135 0.590101
v -0.126025 -0.073641 0.606705
v -0.138422 -0.057407 0.621648
v -0.142893 -0.037700 0.640093
v -0.142851 -0.018331 0.660315
v -0.138751 0.014648 0.679608
v -0.150866 0.000772 0.678573
v 0.026484 0.063739 0.698528
v 0.035740 0.051804 0.693677
v -0.000718 0.069962 0.695453
v -0.026239 0.062942 0.696097
v -0.050769 0.064091 0.689386
v -0.071921 0.071489 0.679745
v -0.109486 0.069378 0.675344
v -0.124336 0.025202 0.663662
v -0.130882 0.027554 0.679795
v -0.128605 0.062698 0.689241
v -0.139808 0.048638 0.687875
v 0.043748 0.039389 0.692663
v 0.044520 0.025716 0.691096
v 0.048701 0.003013 0.685390
v 0.049578 -0.021293 0.680433
v 0.042027 -0.031681 0.667633
v 0.036702 -0.056857 0.667253
v 0.029411 -0.081762 0.665846
v 0.013732 -0.102748 0.668916
v -0.008651 -0.115004 0.676700
v -0.024987 -0.122467 0.669901
v -0.034446 -0.122648 0.646202
v -0.044512 -0.120435 0.622631
v -0.056482 -0.111164 0.602470
v -0.066256 -0.101346 0.580459
v -0.047151 -0.106250 0.476508
v 0.010331 -0.087133 0.476605
v 0.033278 -0.090237 0.491512
v 0.050441 -0.086170 0.486558
v 0.060713 -0.082967 0.463044
v 0.057243 -0.090020 0.446682
v 0.062097 -0.083421 0.421268
v 0.057135 -0.090543 0.404784
v 0.051027 -0.081696 0.379839
v 0.036453 -0.070309 0.378969
v 0.028618 -0.068758 0.380626
v 0.012390 -0.064499 0.387010
v 0.010753 -0.049225 0.374083
v 0.019821 -0.001854 0.370997
v 0.016173 0.022052 0.379307
v 0.013693 0.045853 0.388341
v 0.019136 0.069581 0.395123
v 0.029435 0.092010 0.400097
v 0.039521 0.114625 0.405085
v 0.109492 0.142190 0.580742
v 0.110071 0.147352 0.556065
v 0.101896 0.134179 0.670903
v 0.105255 0.140512 0.645549
v 0.108224 0.146114 0.620586
v 0.095965 0.128424 0.696781
v 0.110702 0.151926 0.595941
v 0.112627 0.162441 0.546092
v 0.105346 0.169009 0.522023
v 0.059544 0.202811 0.711522
v 0.086097 0.126494 0.722106
v 0.070583 0.124927 0.727381
v 0.053320 0.153219 0.740608
v 0.061314 0.136464 0.745979
v 0.055117 0.196393 0.737502
v 0.055065 0.179180 0.747515
v 0.061793 0.224029 0.368028
v 0.063443 0.225651 0.355088
v 0.080547 0.222796 0.382395
v 0.070138 0.186277 0.392657
v 0.060012 0.164020 0.388672
v 0.049330 0.141943 0.384311
v 0.044094 0.128488 0.394851
v 0.085068 0.197537 0.513548
v 0.097808 0.184645 0.515770
v 0.079286 0.219048 0.525685
v 0.086484 0.229775 0.538435
v 0.079446 0.235172 0.562446
v 0.081329 0.241260 0.600812
v 0.075332 0.233069 0.586438
v 0.078574 0.235082 0.625510
v 0.076526 0.228263 0.650763
v 0.072509 0.222317 0.676344
v 0.066998 0.217052 0.701728
v 0.037046 0.202438 0.343501
v 0.027999 0.192024 0.331706
v 0.055368 0.221054 0.341220
v 0.027886 0.191540 0.306088
v 0.021045 0.178350 0.297189
v 0.007837 0.155727 0.297933
v 0.009059 0.130202 0.303249
v 0.016012 0.117001 0.326378
v 0.020928 0.107054 0.350423
v 0.025481 0.099196 0.375210
v 0.021592 0.084882 0.385469
v 0.010785 0.062304 0.380820
v 0.010193 0.037962 0.372406
v 0.009132 0.030622 0.355872
v 0.004158 0.040452 0.333631
v 0.004982 0.055610 0.314085
v -0.082346 0.076648 0.294696
v -0.088711 0.060009 0.298680
v -0.056344 0.085279 0.299280
v -0.030742 0.089696 0.298333
v -0.004829 0.089180 0.294838
v 0.007366 0.076107 0.298916
v -0.100125 0.043239 0.285947
v -0.097914 0.026286 0.286211
v -0.089762 0.005838 0.299283
v -0.080363 -0.008892 0.293148
v -0.066600 -0.031841 0.306302
v -0.059855 -0.050370 0.323530
v -0.068360 -0.057944 0.337666
v -0.100963 -0.057552 0.366288
v -0.121252 -0.047047 0.378232
v -0.149360 -0.030421 0.381012
v -0.166742 -0.030919 0.402415
v -0.169638 -0.046800 0.413138
v -0.161801 -0.071551 0.407350
v -0.147475 -0.080353 0.413914
v -0.127430 -0.092118 0.400524
v -0.114668 -0.103822 0.404003
v -0.104620 -0.112625 0.427236
v -0.088159 -0.111980 0.446999
v -0.067884 -0.108995 0.461621
v -0.091161 -0.111416 0.590412
v -0.107311 -0.102639 0.606135
v -0.117781 -0.088134 0.607227
v -0.132101 -0.075130 0.622326
v -0.141859 -0.057271 0.639213
v -0.145182 -0.037586 0.658635
v -0.144963 -0.018050 0.679572
v 0.037141 0.062993 0.712089
v 0.045630 0.050602 0.705631
v 0.015314 0.074283 0.706338
v -0.016319 0.069860 0.710062
v -0.041224 0.070252 0.703728
v -0.065060 0.074296 0.695511
v -0.088323 0.074448 0.683331
v -0.116475 0.075783 0.690407
v -0.142900 0.031746 0.691910
v -0.144004 0.051019 0.704713
v -0.132670 0.065058 0.706509
v 0.051378 0.036495 0.701469
v 0.054087 0.014264 0.699439
v 0.056285 -0.010009 0.694048
v 0.053060 -0.035597 0.691778
v 0.046894 -0.046497 0.678296
v 0.040647 -0.071610 0.677430
v 0.028707 -0.094779 0.678392
v 0.008520 -0.109738 0.684109
v -0.014303 -0.119198 0.692633
v -0.032128 -0.127074 0.686105
v -0.041354 -0.125683 0.662891
v -0.051381 -0.125949 0.639032
v -0.062610 -0.119548 0.617484
v -0.073441 -0.112638 0.597024
v -0.051685 -0.119614 0.464884
v -0.003801 -0.108244 0.470261
v 0.009763 -0.097765 0.461732
v 0.029518 -0.094319 0.475112
v 0.047140 -0.092557 0.470261
v 0.043390 -0.098897 0.454148
v 0.053312 -0.097150 0.430302
v 0.048356 -0.103303 0.413778
v 0.052166 -0.097462 0.388291
v 0.044064 -0.089410 0.364137
v 0.031264 -0.078639 0.363045
v 0.016372 -0.077959 0.369002
v -0.002483 -0.076492 0.374856
v -0.001299 -0.058488 0.361894
v 0.018064 -0.029134 0.368780
v 0.017685 -0.007800 0.354671
v 0.015648 0.015048 0.362432
v 0.033159 0.106407 0.390035
v 0.114145 0.156779 0.570983
v 0.107117 0.140394 0.686729
v 0.109190 0.147784 0.661118
v 0.111050 0.154512 0.635892
v 0.110336 0.161531 0.611055
v 0.100327 0.135906 0.712706
v 0.114677 0.166756 0.586217
v 0.117098 0.171979 0.561233
v 0.111504 0.178500 0.536843
v 0.059973 0.212440 0.727010
v 0.092602 0.132399 0.738493
v 0.074923 0.125303 0.746440
v 0.059274 0.161921 0.756093
v 0.066795 0.145012 0.762751
v 0.060068 0.205014 0.752950
v 0.061422 0.187994 0.762405
v 0.078960 0.227239 0.365532
v 0.076038 0.225927 0.348209
v 0.064575 0.176985 0.377842
v 0.075283 0.198564 0.380721
v 0.054168 0.155178 0.373694
v 0.037596 0.120263 0.379787
v 0.042535 0.133825 0.369404
v 0.092631 0.207759 0.526322
v 0.104119 0.194046 0.530182
v 0.099453 0.217754 0.539876
v 0.093537 0.239650 0.552130
v 0.085842 0.244458 0.576246
v 0.092010 0.253159 0.590611
v 0.087122 0.248672 0.615751
v 0.084004 0.242674 0.640922
v 0.079575 0.236725 0.666274
v 0.074654 0.231324 0.691632
v 0.068691 0.226563 0.716820
v 0.045844 0.213888 0.328259
v 0.036293 0.203720 0.316676
v 0.070010 0.225298 0.330902
v 0.038481 0.197509 0.290952
v 0.031397 0.179822 0.285450
v 0.017911 0.167870 0.289254
v 0.015710 0.143756 0.290281
v 0.021996 0.130859 0.315187
v 0.025976 0.121115 0.339834
v 0.030165 0.112978 0.364713
v 0.010833 0.024779 0.338380
v 0.013272 0.040288 0.316830
v 0.017896 0.061266 0.301634
v -0.071998 0.091426 0.290173
v -0.095340 0.078267 0.280989
v -0.098922 0.060890 0.283857
v -0.045080 0.096305 0.290206
v -0.019260 0.099331 0.288382
v 0.008329 0.098360 0.285836
v 0.020841 0.084438 0.289242
v -0.108917 0.043915 0.269633
v -0.105074 0.027796 0.268893
v -0.092098 0.010683 0.281962
v -0.091236 0.011497 0.322206
v -0.082108 -0.003655 0.276391
v -0.068768 -0.020609 0.289148
v -0.051746 -0.043517 0.309168
v -0.045426 -0.059676 0.327828
v -0.053801 -0.067407 0.341545
v -0.078288 -0.064874 0.351375
v -0.086354 -0.072361 0.366156
v -0.109938 -0.067122 0.377843
v -0.130863 -0.042880 0.371858
v -0.145893 -0.041124 0.366955
v -0.163465 -0.040704 0.386969
v -0.166956 -0.056060 0.397050
v -0.157477 -0.078851 0.391186
v -0.141422 -0.082901 0.396446
v -0.121430 -0.076519 0.385848
v -0.104570 -0.092308 0.390551
v -0.098367 -0.109883 0.409516
v -0.085977 -0.114270 0.430707
v -0.069832 -0.116590 0.447567
v -0.096874 -0.119367 0.605147
v -0.121259 -0.090770 0.623205
v -0.114372 -0.109878 0.622198
v -0.135146 -0.075715 0.639335
v -0.143225 -0.057076 0.657325
v -0.145630 -0.037876 0.677248
v -0.161398 -0.002141 0.695733
v -0.150474 -0.020403 0.697632
v -0.145843 0.015087 0.690199
v 0.046126 0.058784 0.724559
v 0.052435 0.045055 0.715059
v 0.026688 0.073444 0.720678
v -0.007205 0.079625 0.723136
v 0.006061 0.077896 0.712923
v -0.031785 0.075656 0.718413
v -0.057280 0.076930 0.711541
v -0.081872 0.082422 0.702168
v -0.099473 0.077195 0.693357
v -0.121009 0.078230 0.707687
v -0.157877 0.038513 0.701697
v -0.139177 0.069509 0.723695
v -0.146604 0.052021 0.722677
v 0.060003 0.027535 0.711698
v 0.063313 0.002437 0.707879
v 0.060963 -0.024022 0.704538
v 0.058270 -0.050139 0.702030
v 0.050400 -0.061108 0.689468
v 0.039902 -0.084853 0.690166
v 0.025945 -0.106093 0.691211
v 0.003403 -0.115043 0.699856
v -0.018961 -0.124457 0.708680
v -0.035059 -0.130571 0.699770
v -0.047582 -0.124178 0.679069
v -0.058447 -0.124824 0.655725
v -0.068913 -0.125350 0.632639
v -0.079528 -0.120819 0.610841
v -0.055258 -0.129018 0.450256
v -0.033099 -0.126130 0.465699
v -0.028250 -0.111054 0.476972
v -0.002227 -0.121398 0.456237
v 0.008917 -0.109415 0.447986
v 0.026423 -0.098199 0.458930
v 0.039460 -0.105197 0.438101
v 0.034571 -0.110045 0.421724
v 0.043118 -0.108851 0.397342
v 0.046366 -0.104369 0.372034
v 0.037198 -0.096822 0.348626
v 0.024346 -0.085646 0.347172
v -0.015226 -0.064268 0.348145
v -0.022916 -0.076313 0.358600
v 0.013896 -0.035852 0.360516
v 0.003421 -0.045187 0.348363
v 0.014862 -0.024192 0.348365
v 0.016672 -0.011861 0.336349
v 0.015446 0.008562 0.344870
v 0.111431 0.147789 0.702306
v 0.113170 0.155144 0.676520
v 0.114363 0.162667 0.651341
v 0.113672 0.170209 0.626367
v 0.113444 0.176919 0.601343
v 0.105240 0.143518 0.728212
v 0.119103 0.181659 0.576568
v 0.115401 0.187814 0.552266
v 0.064422 0.221019 0.742544
v 0.098518 0.140991 0.753811
v 0.082240 0.133767 0.763386
v 0.067013 0.171408 0.770361
v 0.075186 0.155675 0.776778
v 0.065806 0.213555 0.768200
v 0.067475 0.196883 0.777514
v 0.079480 0.210064 0.369806
v 0.074544 0.203775 0.356491
v 0.069477 0.190219 0.366593
v 0.058676 0.168687 0.363054
v 0.047385 0.147486 0.358889
v 0.034863 0.126891 0.354328
v 0.108551 0.203195 0.545331
v 0.106531 0.227771 0.553523
v 0.100434 0.249502 0.566244
v 0.106922 0.259397 0.580980
v 0.098159 0.260690 0.605913
v 0.093364 0.255794 0.631277
v 0.088966 0.250116 0.656479
v 0.084067 0.244677 0.681641
v 0.079284 0.239006 0.706927
v 0.074089 0.234201 0.732262
v 0.061982 0.220295 0.313586
v 0.050514 0.210822 0.299730
v 0.045658 0.190176 0.292446
v 0.042633 0.176560 0.296614
v 0.023588 0.161660 0.283176
v 0.028444 0.144883 0.305088
v 0.030755 0.135630 0.329478
v 0.018802 0.023418 0.318962
v 0.026459 0.044282 0.303143
v 0.031499 0.068843 0.291543
v -0.089855 0.095225 0.276744
v -0.059568 0.102949 0.282826
v -0.107251 0.079113 0.266797
v -0.109386 0.061347 0.268756
v -0.034054 0.107254 0.281374
v -0.007968 0.110488 0.279600
v 0.034363 0.093079 0.279926
v 0.022202 0.106640 0.276554
v -0.119731 0.043871 0.254557
v -0.115404 0.027152 0.253730
v -0.097810 0.013155 0.265640
v -0.087822 -0.000177 0.260987
v -0.068939 -0.016184 0.271561
v -0.058059 -0.029224 0.290120
v -0.043565 -0.037993 0.292167
v -0.036852 -0.051741 0.314200
v -0.030004 -0.064830 0.335875
v -0.038573 -0.073711 0.348505
v -0.062385 -0.074319 0.355934
v -0.070665 -0.080496 0.370924
v -0.094416 -0.079640 0.380923
v -0.118864 -0.062330 0.369389
v -0.128398 -0.053514 0.358463
v -0.142281 -0.051337 0.352529
v -0.160126 -0.050402 0.371667
v -0.163440 -0.065067 0.381289
v -0.153483 -0.086854 0.375720
v -0.137523 -0.086989 0.386787
v -0.089150 -0.099509 0.396240
v -0.080706 -0.111025 0.415107
v -0.069263 -0.120578 0.432612
v -0.105414 -0.127476 0.621408
v -0.124005 -0.091878 0.639670
v -0.114825 -0.110260 0.639399
v -0.135138 -0.075176 0.656955
v -0.144677 -0.057738 0.675288
v -0.145978 -0.039192 0.695855
v -0.160988 0.019397 0.699136
v -0.159598 -0.026702 0.713596
v -0.169857 -0.011272 0.711657
v 0.037732 0.069820 0.734994
v 0.054468 0.050805 0.736722
v 0.059239 0.039508 0.724487
v 0.015514 0.083263 0.729341
v 0.001986 0.086664 0.738066
v -0.022146 0.079893 0.733434
v -0.047811 0.080704 0.726601
v -0.077289 0.087033 0.718785
v -0.102077 0.081385 0.707031
v -0.123742 0.078168 0.726171
v -0.158090 0.037075 0.720648
v -0.149552 0.053752 0.740499
v -0.139016 0.068079 0.743317
v 0.065322 0.015972 0.722693
v 0.068811 -0.011152 0.717974
v 0.065120 -0.038797 0.714788
v 0.059324 -0.064719 0.714015
v 0.051212 -0.075267 0.701711
v 0.039813 -0.098041 0.702609
v 0.021361 -0.115252 0.705466
v -0.001141 -0.120714 0.715671
v -0.022665 -0.133903 0.723443
v -0.040055 -0.136758 0.717774
v -0.053251 -0.127664 0.696214
v -0.063964 -0.121433 0.672691
v -0.075492 -0.123285 0.648753
v -0.086475 -0.127592 0.625859
v -0.056501 -0.132898 0.433616
v -0.037918 -0.137164 0.450426
v -0.016025 -0.109649 0.473616
v -0.017319 -0.126663 0.462725
v -0.003960 -0.130714 0.439304
v 0.006305 -0.117860 0.432191
v 0.023301 -0.103345 0.442294
v 0.018412 -0.108215 0.426527
v 0.029058 -0.113994 0.405228
v 0.038186 -0.115091 0.381101
v 0.040789 -0.111208 0.355699
v 0.032374 -0.103905 0.332185
v 0.017975 -0.094105 0.331963
v 0.008672 -0.086898 0.354870
v -0.008067 -0.052462 0.335641
v -0.018408 -0.089082 0.378565
v -0.031941 -0.085741 0.369920
v 0.009654 -0.033497 0.335095
v 0.016214 -0.021770 0.321319
v 0.019149 0.005216 0.325517
v 0.116201 0.155509 0.717689
v 0.117733 0.162578 0.691876
v 0.117214 0.170707 0.666826
v 0.118738 0.177920 0.641658
v 0.116932 0.185672 0.616832
v 0.119677 0.191450 0.591788
v 0.109731 0.152414 0.743263
v 0.119311 0.197225 0.567435
v 0.070850 0.228559 0.757924
v 0.105240 0.149799 0.768711
v 0.089629 0.145270 0.777628
v 0.074036 0.180871 0.785107
v 0.083050 0.165686 0.791688
v 0.072430 0.221610 0.783428
v 0.073719 0.205772 0.792699
v 0.068474 0.196966 0.342374
v 0.074205 0.210815 0.332839
v 0.063529 0.182733 0.352574
v 0.052038 0.161496 0.348391
v 0.039504 0.140933 0.343907
v 0.114116 0.212767 0.559740
v 0.114420 0.238074 0.566723
v 0.121781 0.247932 0.581112
v 0.113622 0.267093 0.597196
v 0.104382 0.267400 0.621956
v 0.099565 0.262340 0.647071
v 0.094932 0.256830 0.672096
v 0.090460 0.250898 0.697215
v 0.085376 0.245705 0.722435
v 0.081490 0.240388 0.747598
v 0.066454 0.204802 0.318027
v 0.056205 0.197437 0.304730
v 0.052239 0.183333 0.313251
v 0.036045 0.160612 0.299977
v 0.036074 0.150072 0.320066
v 0.031924 0.026580 0.303211
v 0.041203 0.049202 0.292626
v 0.044858 0.077383 0.281838
v -0.103546 0.096754 0.263874
v -0.073583 0.108405 0.276168
v -0.048781 0.114398 0.274787
v -0.119420 0.079675 0.252777
v -0.120903 0.061640 0.254242
v -0.023513 0.119531 0.272993
v 0.036002 0.115144 0.267278
v 0.047823 0.101964 0.270315
v -0.131680 0.042733 0.240439
v -0.127596 0.024089 0.240366
v -0.108040 0.011974 0.251082
v -0.098201 -0.001322 0.246604
v -0.076542 -0.011411 0.255078
v -0.052235 -0.028677 0.272388
v -0.027585 -0.044317 0.299762
v -0.021402 -0.055900 0.323290
v -0.046992 -0.080977 0.362105
v -0.055130 -0.087806 0.376042
v -0.079458 -0.088190 0.384901
v -0.118514 -0.089231 0.367041
v -0.117876 -0.074897 0.355468
v -0.126493 -0.064001 0.344217
v -0.137886 -0.061517 0.338230
v -0.157099 -0.059909 0.355889
v -0.161239 -0.074461 0.365397
v -0.149729 -0.096533 0.360776
v -0.133615 -0.099534 0.369632
v -0.072736 -0.104766 0.401423
v -0.065987 -0.120588 0.416771
v -0.111285 -0.130545 0.641606
v -0.113082 -0.107184 0.657127
v -0.123197 -0.090365 0.656893
v -0.135647 -0.075136 0.675346
v -0.147390 -0.058996 0.693410
v -0.151220 -0.044077 0.713053
v -0.167324 0.020347 0.717618
v -0.169245 0.002166 0.714783
v -0.180202 -0.019844 0.726933
v -0.170007 -0.034468 0.727776
v 0.045695 0.061051 0.748805
v 0.026914 0.079444 0.745327
v 0.063339 0.041774 0.749380
v 0.066184 0.029253 0.736339
v 0.013259 0.087840 0.753715
v -0.012324 0.086052 0.747623
v -0.038129 0.084950 0.741626
v -0.064338 0.085117 0.733859
v -0.094517 0.086336 0.723238
v -0.108172 0.083969 0.725733
v -0.122337 0.077393 0.745757
v -0.158950 0.037582 0.739464
v -0.147172 0.052779 0.756615
v -0.134659 0.066432 0.756643
v 0.072156 0.003450 0.733573
v 0.072102 -0.025277 0.729329
v 0.065187 -0.053393 0.726590
v 0.057323 -0.077909 0.727744
v 0.050250 -0.088301 0.715267
v 0.036012 -0.108435 0.716132
v 0.016759 -0.125508 0.718795
v -0.005154 -0.129675 0.730427
v -0.025921 -0.143835 0.738282
v -0.042914 -0.148957 0.731527
v -0.058039 -0.136977 0.712430
v -0.070132 -0.125578 0.689961
v -0.081309 -0.119562 0.665516
v -0.093721 -0.129960 0.643170
v -0.053330 -0.132469 0.417034
v -0.041579 -0.140131 0.432776
v -0.019434 -0.138054 0.446331
v -0.009932 -0.132659 0.420656
v 0.000258 -0.119081 0.415300
v 0.012322 -0.107009 0.410619
v 0.023511 -0.118352 0.389204
v 0.033977 -0.122463 0.365191
v 0.035898 -0.118673 0.339523
v 0.027677 -0.111631 0.315596
v 0.011803 -0.103253 0.317130
v 0.002827 -0.096649 0.340650
v 0.000552 -0.098192 0.365781
v 0.002136 -0.086283 0.380161
v -0.009763 -0.093799 0.388369
v 0.001156 -0.043645 0.322544
v -0.030684 -0.101560 0.385002
v -0.039608 -0.096401 0.380757
v 0.009724 -0.034171 0.309765
v 0.022070 -0.012090 0.310194
v 0.023244 0.005476 0.315776
v 0.120900 0.163773 0.732845
v 0.122933 0.170163 0.707208
v 0.121721 0.178153 0.682220
v 0.121827 0.185998 0.657090
v 0.123526 0.193001 0.631966
v 0.122527 0.200433 0.607119
v 0.123235 0.206645 0.582215
v 0.115859 0.160808 0.758230
v 0.077983 0.235666 0.773158
v 0.097305 0.154672 0.792863
v 0.112455 0.159124 0.783324
v 0.080310 0.190182 0.800242
v 0.090914 0.176001 0.805959
v 0.079103 0.229828 0.798602
v 0.080639 0.214748 0.807687
v 0.061175 0.190326 0.328065
v 0.056705 0.175793 0.338189
v 0.044124 0.155288 0.333808
v 0.121250 0.222492 0.573414
v 0.128234 0.256326 0.596939
v 0.127395 0.231674 0.588116
v 0.119241 0.273303 0.614234
v 0.110664 0.273782 0.638140
v 0.105942 0.268747 0.662911
v 0.101070 0.263259 0.687849
v 0.096814 0.257197 0.712791
v 0.092859 0.251464 0.737760
v 0.088873 0.246591 0.762980
v 0.042742 0.165486 0.313582
v 0.034365 0.008808 0.300544
v 0.046613 0.030389 0.291461
v 0.057574 0.086829 0.271484
v -0.098519 0.113668 0.258953
v -0.084306 0.111418 0.269860
v -0.116315 0.097288 0.250095
v -0.063683 0.121205 0.268756
v -0.038902 0.127151 0.266850
v -0.131038 0.079725 0.238053
v -0.132647 0.061508 0.239714
v -0.013768 0.131322 0.263359
v 0.001995 0.122327 0.269625
v 0.024130 0.125054 0.263247
v 0.012099 0.114484 0.273090
v 0.048009 0.123175 0.255139
v 0.060034 0.109995 0.257969
v -0.143205 0.040863 0.226116
v -0.139745 0.020543 0.227046
v -0.120920 0.007153 0.238830
v -0.111432 -0.007729 0.235351
v -0.086808 -0.012391 0.240393
v -0.064501 -0.020885 0.248101
v -0.058368 -0.024781 0.260244
v -0.030808 -0.036415 0.272067
v -0.017311 -0.038883 0.285439
v -0.012117 -0.047754 0.310143
v -0.063955 -0.096412 0.388561
v -0.114302 -0.100966 0.351563
v -0.115244 -0.085898 0.340234
v -0.153251 -0.069897 0.340458
v -0.157599 -0.084527 0.349816
v -0.145109 -0.106296 0.345769
v -0.129405 -0.110860 0.354568
v -0.059539 -0.117161 0.401165
v -0.101409 -0.124935 0.659722
v -0.114592 -0.105899 0.674486
v -0.122612 -0.089179 0.674446
v -0.138450 -0.076732 0.693375
v -0.149720 -0.062889 0.709750
v -0.161019 -0.050582 0.727396
v -0.177500 -0.001765 0.732412
v -0.168857 0.019947 0.736892
v -0.178694 -0.041351 0.743760
v -0.183461 -0.024758 0.746383
v 0.036172 0.070749 0.760855
v 0.051415 0.049601 0.761518
v 0.068280 0.029134 0.761751
v 0.071413 0.016637 0.748097
v 0.025149 0.080738 0.771876
v -0.002222 0.086593 0.762629
v -0.028010 0.086098 0.756758
v -0.054111 0.087908 0.749612
v -0.091093 0.089487 0.740893
v -0.073841 0.089029 0.736599
v -0.107484 0.085350 0.744310
v -0.159103 0.039172 0.757376
v -0.130302 0.064784 0.769970
v -0.143712 0.052162 0.773616
v 0.075443 -0.008730 0.746974
v 0.071579 -0.042362 0.738693
v 0.063350 -0.067194 0.739386
v 0.054561 -0.091028 0.740817
v 0.048533 -0.100944 0.729806
v 0.030832 -0.118011 0.729974
v 0.011155 -0.134938 0.732760
v -0.009332 -0.138571 0.745288
v -0.029047 -0.151307 0.754926
v -0.045815 -0.155409 0.747798
v -0.062484 -0.150200 0.725739
v -0.075985 -0.135759 0.705154
v -0.085450 -0.124184 0.681453
v -0.044831 -0.128325 0.403102
v -0.041849 -0.136995 0.417053
v -0.024515 -0.140637 0.428203
v -0.008874 -0.114350 0.400595
v -0.019274 -0.127626 0.404430
v 0.005843 -0.102300 0.393380
v 0.019680 -0.124240 0.372688
v 0.029961 -0.130785 0.349595
v 0.030886 -0.127284 0.323976
v 0.020458 -0.121609 0.300996
v 0.004873 -0.113217 0.303160
v -0.003211 -0.106440 0.326342
v -0.003085 -0.108965 0.350987
v 0.006221 -0.114204 0.373178
v -0.021760 -0.106719 0.389248
v -0.002764 -0.039747 0.297333
v 0.017797 -0.026048 0.297507
v 0.033247 -0.007580 0.294050
v 0.125753 0.172518 0.747744
v 0.128152 0.177913 0.722329
v 0.127164 0.185538 0.697317
v 0.126408 0.193427 0.672467
v 0.128242 0.200629 0.647480
v 0.128038 0.208186 0.622368
v 0.126682 0.215699 0.597502
v 0.122870 0.169438 0.772778
v 0.084711 0.243210 0.788328
v 0.119934 0.169122 0.797473
v 0.105618 0.165416 0.806827
v 0.087435 0.199911 0.814990
v 0.098566 0.186708 0.819519
v 0.085618 0.238784 0.813595
v 0.087476 0.224194 0.822512
v 0.048654 0.169601 0.324138
v 0.133248 0.263539 0.613839
v 0.132826 0.239846 0.603718
v 0.124694 0.279897 0.630994
v 0.117098 0.280292 0.654259
v 0.112088 0.275485 0.678639
v 0.107558 0.269604 0.703315
v 0.103236 0.263720 0.728192
v 0.100145 0.257442 0.753194
v 0.095696 0.253614 0.778416
v 0.048255 0.011851 0.287893
v 0.056875 0.052193 0.282408
v 0.061634 0.034345 0.280880
v 0.050866 0.064788 0.282123
v 0.064836 0.071925 0.271287
v 0.069872 0.094585 0.259234
v -0.111439 0.114012 0.245553
v -0.092313 0.129571 0.252607
v -0.078243 0.126993 0.261959
v -0.127258 0.097161 0.235134
v -0.054400 0.134278 0.260600
v -0.029385 0.139181 0.257269
v -0.140628 0.079313 0.222007
v -0.143102 0.061292 0.224033
v 0.010724 0.133537 0.257869
v -0.004673 0.141358 0.251446
v 0.034476 0.133927 0.250624
v 0.057696 0.130398 0.240717
v 0.069969 0.116534 0.243142
v -0.152813 0.040680 0.209845
v -0.150459 0.016199 0.212588
v -0.134017 0.002408 0.226754
v -0.125215 -0.015010 0.225137
v -0.099548 -0.019469 0.228987
v -0.074300 -0.021905 0.233242
v -0.042162 -0.032748 0.257030
v -0.006399 -0.034805 0.271839
v -0.019080 -0.035635 0.258219
v -0.049282 -0.108070 0.390062
v -0.110819 -0.111322 0.335838
v -0.111127 -0.095644 0.324875
v -0.127643 -0.074263 0.327607
v -0.148177 -0.079999 0.325480
v -0.152228 -0.094319 0.334883
v -0.140665 -0.116059 0.330862
v -0.125374 -0.120262 0.338795
v -0.104291 -0.121782 0.676700
v -0.129234 -0.092926 0.691303
v -0.120657 -0.109205 0.690927
v -0.145064 -0.081519 0.708567
v -0.160496 -0.069278 0.723322
v -0.168797 -0.056549 0.743257
v -0.181143 -0.007044 0.750903
v -0.183493 -0.045762 0.761806
v -0.184805 -0.027968 0.766017
v -0.167684 0.023715 0.756659
v 0.039271 0.057278 0.773236
v 0.057731 0.038673 0.774150
v 0.070146 0.015832 0.773921
v 0.075690 0.004424 0.760893
v 0.029291 0.066163 0.785922
v 0.007684 0.085320 0.777994
v -0.017897 0.084170 0.771729
v -0.043616 0.089651 0.766144
v -0.070266 0.093104 0.753829
v -0.086483 0.092003 0.758221
v -0.103012 0.086438 0.762720
v -0.118636 0.078372 0.766387
v -0.154154 0.037347 0.774918
v -0.126677 0.066046 0.788887
v -0.137006 0.050206 0.791334
v 0.075828 -0.020464 0.761514
v 0.073580 -0.031580 0.749979
v 0.069189 -0.056445 0.751207
v 0.060646 -0.080063 0.752422
v 0.049199 -0.102500 0.753118
v 0.043489 -0.113568 0.741543
v 0.024283 -0.128377 0.742632
v 0.006798 -0.142686 0.748346
v -0.013656 -0.145591 0.761668
v -0.029715 -0.164131 0.774999
v -0.047251 -0.161549 0.764388
v -0.066520 -0.156575 0.742094
v -0.081669 -0.147284 0.718402
v -0.092937 -0.132007 0.697819
v -0.033340 -0.119511 0.393553
v -0.030810 -0.135236 0.411440
v 0.016197 -0.132794 0.357121
v 0.024660 -0.139756 0.334452
v 0.025325 -0.136895 0.309000
v 0.012069 -0.131863 0.287772
v -0.002862 -0.123284 0.289808
v -0.009397 -0.116543 0.312326
v -0.008333 -0.118945 0.336637
v 0.003220 -0.123483 0.357114
v 0.006899 -0.032982 0.284491
v 0.028035 -0.021427 0.284199
v 0.046510 -0.005981 0.281509
v 0.131345 0.181242 0.762500
v 0.132343 0.186504 0.737395
v 0.132765 0.193026 0.712345
v 0.131870 0.200643 0.687613
v 0.131954 0.208361 0.662972
v 0.133253 0.215803 0.637921
v 0.131320 0.223818 0.612902
v 0.129473 0.179188 0.787050
v 0.090485 0.251698 0.803467
v 0.127252 0.179422 0.811360
v 0.113616 0.177309 0.819351
v 0.094522 0.209761 0.829447
v 0.106545 0.197353 0.833006
v 0.091891 0.248425 0.828349
v 0.094646 0.233718 0.837328
v 0.137481 0.270435 0.630874
v 0.137835 0.247442 0.619717
v 0.131625 0.285691 0.647743
v 0.123644 0.287062 0.670243
v 0.118302 0.282217 0.694317
v 0.113826 0.276161 0.718885
v 0.109802 0.270128 0.743680
v 0.106845 0.264190 0.768663
v 0.100710 0.262286 0.793661
v 0.062606 0.015649 0.276693
v 0.075290 0.039063 0.268771
v 0.070928 0.056120 0.270704
v 0.077083 0.078138 0.258813
v 0.079947 0.100696 0.244373
v -0.105806 0.129720 0.239703
v -0.122308 0.113645 0.230804
v -0.085390 0.144271 0.244469
v -0.069948 0.140759 0.253967
v -0.136081 0.096716 0.219179
v -0.045219 0.146496 0.250959
v -0.020493 0.149141 0.245198
v -0.147573 0.078623 0.204842
v -0.150974 0.061078 0.206987
v 0.003421 0.149502 0.237748
v 0.019481 0.142305 0.244544
v 0.043183 0.141524 0.236311
v 0.078073 0.122015 0.226547
v 0.065557 0.136329 0.224399
v -0.160117 0.026295 0.194127
v -0.160084 0.009936 0.197614
v -0.146187 -0.001990 0.213706
v -0.139157 -0.021079 0.214240
v -0.112815 -0.028897 0.219907
v -0.086793 -0.029434 0.221393
v -0.061133 -0.031231 0.226506
v -0.052060 -0.029676 0.239607
v -0.031093 -0.036747 0.243201
v -0.006483 -0.039952 0.245306
v 0.005992 -0.035507 0.259027
v -0.108625 -0.119642 0.319289
v -0.106601 -0.104958 0.309520
v -0.123788 -0.084403 0.312584
v -0.142104 -0.090003 0.310785
v -0.147209 -0.104298 0.320016
v -0.136284 -0.125739 0.315853
v -0.121981 -0.129265 0.323000
v -0.109258 -0.124373 0.692796
v -0.128131 -0.114846 0.706326
v -0.136524 -0.098381 0.707533
v -0.155752 -0.088769 0.721586
v -0.165863 -0.074556 0.740511
v -0.175106 -0.061604 0.760146
v -0.180091 -0.010606 0.769957
v -0.184236 -0.048889 0.780669
v -0.180980 -0.031114 0.784899
v -0.165922 0.023043 0.775283
v 0.044888 0.046049 0.785534
v 0.058909 0.024980 0.785401
v 0.070489 0.003021 0.786317
v 0.075829 -0.008337 0.774267
v 0.016532 0.083630 0.793469
v 0.027490 0.076729 0.797119
v 0.033818 0.054253 0.797452
v -0.007847 0.080816 0.786959
v -0.033403 0.088283 0.781153
v -0.063980 0.094862 0.765278
v -0.081110 0.096567 0.773628
v -0.098308 0.090275 0.779917
v -0.113116 0.078670 0.784683
v -0.148970 0.036052 0.792948
v -0.117708 0.063478 0.805568
v -0.130325 0.049652 0.809363
v 0.073500 -0.033074 0.775431
v 0.071961 -0.045120 0.763379
v 0.065887 -0.069562 0.765077
v 0.057031 -0.091888 0.765103
v 0.041661 -0.112208 0.765491
v 0.036727 -0.124495 0.753712
v 0.017764 -0.137390 0.756125
v 0.002967 -0.147510 0.764854
v -0.014081 -0.158539 0.775007
v -0.070928 -0.161410 0.759587
v -0.086544 -0.153307 0.736031
v -0.099297 -0.139951 0.712989
v 0.011045 -0.143239 0.342799
v 0.018924 -0.149681 0.319810
v 0.018857 -0.146878 0.294467
v 0.003894 -0.141431 0.274491
v -0.010956 -0.132579 0.276502
v -0.016922 -0.126012 0.298775
v -0.014578 -0.128346 0.322500
v -0.002315 -0.133766 0.342934
v 0.017915 -0.029953 0.271828
v 0.040243 -0.020253 0.271839
v 0.060574 -0.005347 0.269906
v 0.137311 0.190115 0.777101
v 0.137363 0.195054 0.752282
v 0.138241 0.200914 0.727319
v 0.137939 0.207750 0.702633
v 0.136944 0.215533 0.678238
v 0.137736 0.223274 0.653582
v 0.136790 0.231254 0.628470
v 0.135675 0.189252 0.801184
v 0.095211 0.261759 0.818142
v 0.134427 0.190072 0.825300
v 0.121030 0.187821 0.833249
v 0.102235 0.219335 0.844137
v 0.113898 0.206938 0.847575
v 0.098692 0.258667 0.842372
v 0.102363 0.243755 0.851199
v 0.142340 0.276977 0.647679
v 0.142804 0.254639 0.635946
v 0.141850 0.288721 0.664265
v 0.130919 0.293831 0.685853
v 0.124949 0.288941 0.709778
v 0.120163 0.282633 0.734368
v 0.115969 0.276973 0.759185
v 0.111622 0.272870 0.784077
v 0.103436 0.272990 0.808248
v 0.076241 0.021637 0.264968
v 0.083084 0.061272 0.257505
v 0.087325 0.043746 0.255356
v 0.087659 0.083763 0.244329
v 0.087906 0.105759 0.227985
v -0.099224 0.143616 0.231444
v -0.117132 0.128251 0.224816
v -0.130280 0.113501 0.215387
v -0.077511 0.156554 0.233608
v -0.061436 0.152641 0.243624
v -0.142443 0.096056 0.202023
v -0.036829 0.156401 0.238517
v -0.012228 0.157172 0.230235
v -0.152502 0.077730 0.188107
v -0.156770 0.060347 0.189834
v 0.026845 0.149428 0.230562
v 0.009741 0.155135 0.225197
v 0.050507 0.147831 0.220907
v 0.071547 0.140656 0.206296
v 0.084329 0.126425 0.207534
v -0.159145 0.042897 0.191628
v -0.168277 0.022377 0.176440
v -0.169450 0.004660 0.182378
v -0.158821 -0.007039 0.201674
v -0.155205 -0.024487 0.204696
v -0.099738 -0.039974 0.213352
v -0.073351 -0.038800 0.214532
v -0.047255 -0.041333 0.221198
v -0.039174 -0.039040 0.232199
v -0.020486 -0.044874 0.230565
v 0.010228 -0.051388 0.235368
v 0.020470 -0.040701 0.248061
v -0.106314 -0.128974 0.303787
v -0.103270 -0.115166 0.294305
v -0.119020 -0.094231 0.297470
v -0.136487 -0.100043 0.296055
v -0.142642 -0.114164 0.304968
v -0.132348 -0.136026 0.301285
v -0.118337 -0.138976 0.308009
v -0.115218 -0.129179 0.708931
v -0.133917 -0.119639 0.722877
v -0.146946 -0.105745 0.720841
v -0.160837 -0.093202 0.738995
v -0.169839 -0.078991 0.758268
v -0.180345 -0.065647 0.776390
v -0.175654 -0.013475 0.788784
v -0.173384 0.006148 0.773295
v -0.175121 0.008444 0.754065
v -0.176503 -0.052543 0.797237
v -0.173318 -0.035224 0.801846
v -0.157901 0.019730 0.792302
v 0.047978 0.033856 0.797045
v 0.059871 0.012228 0.797288
v 0.068308 -0.009770 0.798407
v 0.071619 -0.020994 0.786947
v 0.023191 0.097676 0.799319
v 0.035027 0.089984 0.802120
v 0.034379 0.067298 0.809751
v 0.042608 0.044252 0.808972
v -0.023551 0.082544 0.795718
v 0.002647 0.082362 0.804580
v -0.057694 0.096619 0.776728
v -0.049035 0.090607 0.791119
v -0.074002 0.097282 0.788466
v -0.091248 0.090187 0.796395
v -0.105718 0.078162 0.802105
v -0.140501 0.033474 0.811080
v -0.118710 0.045457 0.824904
v -0.108699 0.061733 0.822743
v 0.066118 -0.044447 0.789539
v 0.066266 -0.057225 0.777885
v 0.059995 -0.076445 0.774758
v 0.048930 -0.100303 0.777630
v 0.031678 -0.120825 0.780063
v 0.029378 -0.134239 0.765765
v -0.001100 -0.150993 0.780946
v -0.011658 -0.166713 0.789247
v -0.023566 -0.179258 0.786302
v -0.089731 -0.158051 0.759365
v -0.104644 -0.144910 0.729375
v 0.004703 -0.153404 0.328535
v 0.012123 -0.159421 0.305354
v 0.010963 -0.156326 0.280392
v -0.004178 -0.150311 0.260943
v -0.018696 -0.141725 0.263428
v -0.025554 -0.134244 0.285166
v -0.023275 -0.136733 0.309024
v -0.008711 -0.143174 0.328582
v 0.030671 -0.030669 0.260213
v 0.053648 -0.021275 0.260521
v 0.075293 0.006555 0.260702
v 0.142615 0.199675 0.791775
v 0.143373 0.203288 0.767045
v 0.144150 0.208877 0.741976
v 0.144023 0.215301 0.717518
v 0.143766 0.222046 0.693320
v 0.141700 0.230885 0.669318
v 0.142666 0.238431 0.644118
v 0.142362 0.199591 0.815074
v 0.100344 0.272328 0.832357
v 0.128149 0.197977 0.847643
v 0.141089 0.200487 0.839447
v 0.110703 0.229183 0.858157
v 0.122845 0.216572 0.861782
v 0.105624 0.269088 0.856188
v 0.110430 0.254053 0.864636
v 0.147740 0.261931 0.652172
v 0.147352 0.292983 0.681429
v 0.138297 0.300073 0.701569
v 0.131172 0.295387 0.725518
v 0.125577 0.289790 0.749865
v 0.120688 0.285073 0.774655
v 0.113431 0.283825 0.798721
v 0.106124 0.284087 0.822629
v 0.088507 0.026231 0.251818
v 0.098198 0.048427 0.241030
v 0.093847 0.066339 0.243202
v 0.095912 0.088618 0.228564
v 0.094547 0.110448 0.207936
v -0.091838 0.155943 0.220641
v -0.112670 0.139531 0.215847
v -0.123031 0.128960 0.210712
v -0.135634 0.113145 0.199088
v -0.069926 0.164895 0.220996
v -0.053747 0.161711 0.231275
v -0.147085 0.095418 0.184021
v -0.028806 0.164098 0.223624
v -0.155482 0.077409 0.172558
v -0.159977 0.059302 0.172919
v 0.015174 0.159688 0.212567
v 0.033232 0.155320 0.216430
v 0.056068 0.152265 0.203904
v 0.087640 0.128958 0.186915
v 0.074546 0.142504 0.186850
v -0.163411 0.040818 0.173644
v -0.168147 0.017552 0.161321
v -0.164658 -0.000284 0.166113
v -0.167014 -0.012252 0.187307
v -0.159854 -0.028116 0.188457
v -0.149115 -0.040234 0.205459
v -0.132200 -0.030869 0.212800
v -0.125242 -0.040659 0.211360
v -0.111744 -0.052263 0.207218
v -0.086102 -0.050830 0.207900
v -0.059583 -0.049462 0.209200
v 0.027224 -0.061552 0.230451
v 0.036293 -0.047659 0.240199
v -0.104037 -0.140267 0.289962
v -0.100550 -0.126719 0.280083
v -0.114621 -0.105273 0.282959
v -0.130901 -0.110860 0.281930
v -0.137435 -0.124340 0.290435
v -0.127819 -0.146699 0.287043
v -0.114603 -0.148546 0.293119
v -0.120773 -0.133314 0.725236
v -0.139082 -0.123748 0.740036
v -0.151038 -0.109643 0.739051
v -0.164170 -0.096771 0.757126
v -0.177841 -0.084322 0.774478
v -0.180039 -0.069301 0.792176
v -0.165861 -0.018480 0.804566
v -0.166445 0.002996 0.790565
v -0.169102 -0.058661 0.811529
v -0.162170 -0.042271 0.814821
v -0.149099 0.015881 0.809231
v 0.051347 0.022303 0.809204
v 0.059136 0.000307 0.809148
v 0.065068 -0.024119 0.808282
v 0.066312 -0.032315 0.800301
v 0.031859 0.111802 0.789267
v 0.045187 0.103297 0.794610
v 0.046162 0.081013 0.809303
v 0.008610 0.104014 0.802183
v 0.046457 0.057260 0.818034
v 0.049351 0.033349 0.822004
v -0.039222 0.082114 0.803882
v -0.013767 0.084690 0.813423
v -0.064310 0.089574 0.801918
v -0.094574 0.072335 0.815325
v -0.080390 0.082816 0.808716
v -0.128678 0.028813 0.825836
v -0.105684 0.039732 0.838404
v -0.094475 0.052999 0.833264
v 0.058490 -0.054695 0.804873
v 0.056654 -0.068421 0.794058
v 0.054102 -0.083327 0.784439
v 0.037141 -0.107161 0.791890
v 0.018828 -0.138705 0.777338
v 0.006219 -0.138615 0.790678
v -0.004619 -0.150685 0.790659
v -0.020067 -0.163268 0.807749
v -0.027436 -0.179915 0.809095
v -0.039334 -0.188917 0.786507
v -0.044547 -0.170585 0.778665
v -0.075473 -0.167818 0.777283
v -0.091340 -0.163421 0.777865
v -0.002979 -0.162209 0.313944
v 0.004146 -0.168446 0.290959
v 0.002795 -0.164991 0.266163
v -0.011879 -0.158673 0.247169
v -0.026261 -0.150868 0.250285
v -0.031995 -0.143105 0.271117
v -0.033380 -0.144781 0.295834
v -0.016503 -0.151490 0.314213
v 0.044993 -0.034117 0.250231
v 0.067159 -0.022378 0.249426
v 0.072746 -0.006541 0.256141
v 0.087532 0.010291 0.247504
v 0.148057 0.208193 0.807117
v 0.149477 0.211668 0.781866
v 0.150413 0.216875 0.756742
v 0.150064 0.223195 0.732335
v 0.151278 0.228540 0.708133
v 0.147897 0.237277 0.684769
v 0.147639 0.245602 0.660043
v 0.150885 0.211964 0.826755
v 0.106370 0.283403 0.846018
v 0.146850 0.210078 0.854555
v 0.135955 0.209025 0.860868
v 0.120415 0.240076 0.870326
v 0.133202 0.227475 0.873623
v 0.113025 0.279489 0.869770
v 0.118108 0.264256 0.878340
v 0.152601 0.269197 0.668334
v 0.149870 0.299218 0.698637
v 0.156893 0.275878 0.684846
v 0.149234 0.306101 0.716417
v 0.136995 0.302241 0.740981
v 0.130087 0.297491 0.765348
v 0.122978 0.295232 0.789299
v 0.114875 0.295046 0.813108
v 0.110912 0.294086 0.837418
v 0.099763 0.030481 0.237585
v 0.102583 0.070984 0.227678
v 0.107141 0.052772 0.225459
v 0.101786 0.092562 0.212369
v 0.098853 0.114105 0.185492
v -0.083474 0.165981 0.205947
v -0.104986 0.151485 0.206787
v -0.126290 0.130234 0.196082
v -0.139551 0.112287 0.180793
v -0.063945 0.170487 0.209515
v -0.046432 0.168802 0.217120
v -0.148232 0.095358 0.172611
v -0.021492 0.169683 0.206206
v -0.003925 0.164057 0.210381
v -0.156083 0.077770 0.157642
v -0.160863 0.059152 0.155281
v 0.038144 0.159420 0.200501
v 0.019633 0.162997 0.196762
v 0.058762 0.153269 0.185605
v 0.087732 0.128444 0.167722
v 0.074199 0.140955 0.167885
v -0.167234 0.040027 0.155796
v -0.162961 0.015396 0.146027
v -0.164659 -0.005865 0.147978
v -0.163596 -0.016527 0.168722
v -0.162462 -0.031010 0.170015
v -0.152808 -0.043146 0.187435
v -0.136830 -0.052800 0.202683
v -0.121745 -0.062689 0.198178
v -0.098017 -0.063929 0.202880
v -0.072291 -0.062087 0.203507
v -0.045745 -0.061277 0.206030
v -0.033857 -0.052291 0.216761
v 0.003690 -0.063404 0.221416
v 0.017556 -0.073509 0.219143
v 0.042730 -0.067990 0.224747
v 0.051371 -0.053124 0.233128
v -0.103401 -0.154454 0.277840
v -0.097400 -0.139114 0.266781
v -0.111266 -0.118022 0.269524
v -0.125973 -0.121971 0.267709
v -0.132424 -0.134980 0.276040
v -0.122602 -0.157395 0.272968
v -0.125636 -0.136536 0.742215
v -0.142658 -0.126383 0.757576
v -0.154277 -0.112463 0.757051
v -0.167888 -0.100874 0.776371
v -0.190010 -0.083297 0.786123
v -0.176400 -0.074821 0.807644
v -0.156271 -0.025156 0.819646
v -0.157900 -0.001247 0.807570
v -0.159158 -0.066526 0.824371
v -0.150351 -0.050428 0.825814
v -0.138779 0.010129 0.824796
v 0.048636 0.010000 0.820637
v 0.056980 -0.012627 0.819294
v 0.041005 0.126578 0.780592
v 0.056101 0.116442 0.784553
v 0.056709 0.094470 0.804004
v 0.017129 0.119308 0.788741
v 0.059150 0.071196 0.815319
v -0.009164 0.109658 0.807177
v 0.059174 0.045660 0.823711
v 0.042929 0.021784 0.832799
v -0.052322 0.077373 0.815150
v -0.033328 0.087915 0.814368
v -0.082375 0.064329 0.826577
v -0.071090 0.076593 0.818843
v -0.115428 0.024330 0.839907
v -0.091902 0.032690 0.851433
v -0.081757 0.046767 0.847210
v 0.059226 -0.040370 0.816693
v 0.048402 -0.062159 0.820279
v 0.044903 -0.074835 0.808154
v 0.041294 -0.090754 0.800120
v 0.022986 -0.110320 0.805936
v 0.015345 -0.125399 0.798424
v -0.011071 -0.144341 0.808337
v -0.033624 -0.157420 0.818679
v -0.041532 -0.174111 0.819642
v -0.036207 -0.196035 0.808238
v -0.060240 -0.183607 0.790103
v -0.060295 -0.170436 0.777701
v -0.078418 -0.179204 0.790886
v -0.094860 -0.173438 0.793029
v -0.105845 -0.152335 0.762079
v -0.106174 -0.157629 0.778602
v -0.108482 -0.147939 0.745368
v -0.011085 -0.170371 0.299424
v -0.004267 -0.177077 0.276611
v -0.005180 -0.173471 0.252049
v -0.019705 -0.167391 0.233839
v -0.034266 -0.159220 0.236836
v -0.034943 -0.151608 0.255274
v -0.040993 -0.153458 0.280971
v -0.025139 -0.159631 0.300258
v 0.059719 -0.038060 0.241311
v 0.084387 -0.005328 0.242315
v 0.079562 -0.021779 0.236538
v 0.098860 0.013242 0.233248
v 0.154978 0.219591 0.797390
v 0.156536 0.224754 0.771690
v 0.156649 0.231946 0.746532
v 0.157200 0.235702 0.723458
v 0.156866 0.242449 0.699539
v 0.152285 0.252594 0.676104
v 0.157926 0.221263 0.841094
v 0.114660 0.297049 0.857297
v 0.151461 0.220092 0.870028
v 0.129068 0.250859 0.882916
v 0.141861 0.238488 0.886149
v 0.120584 0.289938 0.883284
v 0.125409 0.274347 0.892133
v 0.161035 0.282223 0.701392
v 0.158075 0.258623 0.691992
v 0.154227 0.309863 0.733389
v 0.141875 0.308868 0.756853
v 0.133523 0.305998 0.780625
v 0.125556 0.305160 0.804253
v 0.119171 0.304770 0.828025
v 0.108852 0.034449 0.221938
v 0.108821 0.074924 0.211447
v 0.113331 0.056569 0.208738
v 0.105621 0.095613 0.197850
v 0.107982 0.098322 0.181688
v 0.098471 0.114252 0.166567
v -0.097036 0.161572 0.194626
v -0.114428 0.146080 0.191315
v -0.129764 0.128322 0.178548
v -0.057692 0.175835 0.195155
v -0.039498 0.174321 0.201103
v -0.149378 0.095298 0.161202
v 0.001555 0.166815 0.191950
v -0.016010 0.171952 0.187276
v -0.153947 0.078727 0.141163
v -0.159232 0.061098 0.136932
v 0.022303 0.162879 0.181681
v 0.040818 0.159646 0.183677
v 0.058412 0.150506 0.167358
v 0.070606 0.134794 0.150638
v 0.084388 0.123536 0.150656
v -0.161834 0.008811 0.129322
v -0.163898 -0.008854 0.129916
v -0.165120 -0.022537 0.149988
v -0.165019 -0.031031 0.150998
v -0.159154 -0.046453 0.170084
v -0.144054 -0.057525 0.184718
v -0.130702 -0.069338 0.184943
v -0.106693 -0.072066 0.191863
v -0.084455 -0.077418 0.200670
v -0.058061 -0.072747 0.198137
v -0.032191 -0.073910 0.204103
v -0.020609 -0.063856 0.214211
v -0.008900 -0.054238 0.225027
v -0.006689 -0.074191 0.210361
v 0.007351 -0.084594 0.208357
v 0.033693 -0.081633 0.215340
v 0.058195 -0.070484 0.215771
v 0.066105 -0.054824 0.223266
v -0.098845 -0.166214 0.265177
v -0.093742 -0.151459 0.253771
v -0.108290 -0.130913 0.255939
v -0.120573 -0.133458 0.253771
v -0.127010 -0.145571 0.261625
v -0.116015 -0.167800 0.259311
v -0.129703 -0.138379 0.759396
v -0.146550 -0.130685 0.773729
v -0.158104 -0.116528 0.774648
v -0.182063 -0.112426 0.787754
v -0.194362 -0.100118 0.777469
v -0.185142 -0.090151 0.804111
v -0.166256 -0.082665 0.819622
v -0.148458 -0.007583 0.823014
v -0.143966 -0.033838 0.831054
v -0.144250 -0.075488 0.830268
v -0.137085 -0.059253 0.834895
v -0.124090 0.009841 0.840317
v 0.044633 -0.001970 0.831019
v 0.054333 -0.026481 0.827825
v 0.047068 0.142069 0.790601
v 0.062581 0.132186 0.792975
v 0.066344 0.107238 0.798987
v 0.026446 0.135303 0.778476
v 0.070574 0.084844 0.811088
v 0.004147 0.128616 0.793080
v 0.072451 0.061000 0.821981
v -0.026534 0.110440 0.812146
v 0.030745 0.009316 0.844069
v -0.040868 0.075779 0.827670
v -0.070743 0.058292 0.838862
v -0.061789 0.070370 0.828969
v -0.100537 0.017121 0.851484
v -0.076936 0.023900 0.862092
v -0.067331 0.038079 0.857110
v 0.048466 -0.048846 0.831435
v 0.042065 -0.064120 0.827587
v 0.034859 -0.079388 0.821072
v 0.028466 -0.094108 0.813251
v 0.009701 -0.112270 0.819883
v 0.000328 -0.125996 0.811857
v -0.026678 -0.139563 0.817036
v -0.048526 -0.151104 0.827379
v -0.057046 -0.167203 0.826635
v -0.050059 -0.190435 0.820468
v -0.043349 -0.213047 0.807117
v -0.046623 -0.204496 0.784905
v -0.064801 -0.196845 0.785041
v -0.082931 -0.192885 0.784695
v -0.100695 -0.190102 0.785081
v -0.110884 -0.166535 0.795056
v -0.115683 -0.147301 0.761486
v -0.120423 -0.150806 0.778089
v -0.019465 -0.178884 0.285170
v -0.012553 -0.185683 0.262226
v -0.013061 -0.181834 0.237866
v -0.026317 -0.174334 0.219012
v -0.039355 -0.163992 0.220527
v -0.044615 -0.161261 0.264439
v -0.033275 -0.168270 0.286157
v 0.073425 -0.038468 0.230246
v 0.095680 -0.003571 0.228125
v 0.090761 -0.020464 0.222498
v 0.108392 0.016417 0.217722
v 0.162210 0.232633 0.786877
v 0.160032 0.226512 0.813598
v 0.163028 0.240176 0.761259
v 0.162357 0.248091 0.715679
v 0.164451 0.230748 0.855631
v 0.165969 0.234861 0.828690
v 0.122383 0.306854 0.871208
v 0.158362 0.231410 0.883634
v 0.135322 0.260217 0.897885
v 0.148361 0.248566 0.900694
v 0.128751 0.300100 0.896509
v 0.133715 0.284556 0.905316
v 0.165115 0.288681 0.717800
v 0.163031 0.264407 0.708269
v 0.168992 0.294503 0.734423
v 0.159108 0.314082 0.750112
v 0.146669 0.314965 0.772989
v 0.137487 0.313444 0.796465
v 0.129965 0.313901 0.819467
v 0.125367 0.313410 0.843130
v 0.114865 0.038153 0.204928
v 0.112813 0.078428 0.194913
v 0.117010 0.060067 0.191414
v 0.114664 0.081416 0.178152
v 0.107071 0.099793 0.164398
v 0.097127 0.107880 0.149378
v -0.075338 0.173592 0.187952
v -0.090753 0.167523 0.178744
v -0.104928 0.156931 0.182964
v -0.118338 0.142782 0.174140
v -0.129414 0.127545 0.161456
v -0.140129 0.111811 0.162320
v -0.051869 0.178432 0.177489
v -0.033930 0.176514 0.182974
v -0.146956 0.095927 0.145701
v -0.013168 0.168961 0.166684
v 0.004434 0.163710 0.167702
v -0.148236 0.080573 0.124911
v -0.154736 0.063265 0.118547
v 0.040847 0.156350 0.167046
v 0.022723 0.159885 0.167279
v 0.055108 0.143324 0.150605
v 0.078345 0.115667 0.136289
v 0.064633 0.125086 0.135142
v -0.163901 0.028671 0.145055
v -0.159233 0.026160 0.129912
v -0.157060 0.009586 0.111796
v -0.159763 -0.008767 0.111478
v -0.165444 -0.027262 0.131188
v -0.163521 -0.047586 0.151944
v -0.153768 -0.062914 0.168953
v -0.117584 -0.081201 0.183092
v -0.091744 -0.081788 0.186189
v -0.068844 -0.088129 0.196946
v -0.043244 -0.083925 0.193885
v -0.017625 -0.084563 0.199845
v -0.003479 -0.096245 0.199472
v 0.024262 -0.094488 0.205845
v 0.050127 -0.085819 0.207744
v 0.071480 -0.070364 0.203832
v 0.078337 -0.053892 0.210455
v -0.092533 -0.177235 0.252306
v -0.089103 -0.163771 0.241018
v -0.106740 -0.143004 0.240818
v -0.120576 -0.156086 0.247385
v -0.109044 -0.178239 0.246254
v -0.134116 -0.142175 0.775416
v -0.155597 -0.141570 0.781660
v -0.167921 -0.127423 0.785487
v -0.188245 -0.124395 0.774597
v -0.205347 -0.116453 0.776731
v -0.195841 -0.104029 0.801445
v -0.175410 -0.098037 0.816510
v -0.153058 -0.091431 0.827696
v -0.137043 -0.017155 0.835642
v -0.130407 -0.042919 0.840058
v -0.130770 -0.084937 0.838372
v -0.124533 -0.068737 0.844405
v -0.130414 -0.000676 0.839581
v -0.108983 0.002223 0.850679
v 0.042282 -0.016782 0.838573
v 0.049210 -0.038670 0.835095
v 0.051319 0.153591 0.804456
v 0.066307 0.142776 0.807210
v 0.074757 0.120929 0.800392
v 0.031101 0.150617 0.789191
v 0.075032 0.100310 0.814675
v 0.014060 0.138244 0.783103
v 0.087135 0.076293 0.817494
v 0.003197 0.134036 0.811977
v -0.008359 0.127893 0.819244
v 0.083784 0.052505 0.833969
v 0.066639 0.039832 0.839981
v -0.035205 0.116763 0.818566
v -0.044273 0.102896 0.825017
v -0.022969 0.126246 0.826518
v 0.051223 0.028856 0.848010
v 0.036293 0.022455 0.856592
v 0.027310 -0.012175 0.848829
v -0.050466 0.066654 0.842057
v -0.047795 0.089444 0.838255
v -0.051333 0.052845 0.853513
v -0.086869 0.009064 0.863931
v -0.062640 0.015219 0.872777
v -0.052266 0.029120 0.866965
v 0.030002 -0.065696 0.840778
v 0.023004 -0.081173 0.834074
v 0.016691 -0.096994 0.827250
v -0.007000 -0.108449 0.829152
v -0.016521 -0.122521 0.821527
v -0.041098 -0.133871 0.826071
v -0.064508 -0.144336 0.832642
v -0.072262 -0.158481 0.831605
v -0.065529 -0.182855 0.827663
v -0.060956 -0.206707 0.818892
v -0.049942 -0.231126 0.798460
v -0.054453 -0.217965 0.781960
v -0.069366 -0.207872 0.775646
v -0.083664 -0.196378 0.768927
v -0.102398 -0.191739 0.768747
v -0.116935 -0.183727 0.790711
v -0.126555 -0.158480 0.795099
v -0.027644 -0.187578 0.270745
v -0.020736 -0.193759 0.247462
v -0.020351 -0.188840 0.222976
v -0.031040 -0.179556 0.202978
v -0.043199 -0.167154 0.203554
v -0.049295 -0.167194 0.247686
v -0.040475 -0.176568 0.270816
v 0.085020 -0.037293 0.216729
v 0.100877 -0.018524 0.207504
v 0.105815 -0.001314 0.212937
v 0.114435 0.019931 0.200587
v 0.167568 0.240578 0.802257
v 0.168945 0.247721 0.776337
v 0.171546 0.257141 0.749768
v 0.166593 0.252308 0.733038
v 0.170740 0.241386 0.869501
v 0.171962 0.244012 0.843357
v 0.173316 0.248675 0.817397
v 0.132241 0.321636 0.858286
v 0.130421 0.316300 0.885043
v 0.165212 0.243330 0.896798
v 0.143600 0.270800 0.911035
v 0.155775 0.260963 0.912946
v 0.137443 0.309971 0.909557
v 0.142915 0.294789 0.917831
v 0.167721 0.269982 0.724726
v 0.172934 0.299811 0.751150
v 0.172618 0.275579 0.740985
v 0.164047 0.318928 0.766633
v 0.151496 0.320382 0.789343
v 0.140640 0.320231 0.813024
v 0.141068 0.324564 0.831760
v 0.118082 0.041781 0.187286
v 0.118356 0.063544 0.174016
v 0.113240 0.083963 0.161113
v 0.090361 0.102421 0.134825
v -0.069752 0.175816 0.169867
v -0.085711 0.167497 0.160725
v -0.105324 0.156034 0.169918
v -0.118086 0.142359 0.166003
v -0.030784 0.173740 0.164116
v -0.048741 0.175928 0.159985
v -0.138028 0.111994 0.151685
v -0.141022 0.097183 0.130912
v 0.003182 0.156493 0.152669
v -0.014643 0.158936 0.147210
v -0.138702 0.082135 0.110152
v -0.144942 0.065606 0.102081
v -0.152732 0.046140 0.116395
v -0.162448 0.043864 0.132370
v 0.038381 0.149248 0.151134
v 0.020936 0.153209 0.152566
v 0.049782 0.132946 0.135616
v 0.074855 0.111036 0.122458
v 0.059790 0.113642 0.117599
v -0.164841 0.041945 0.144083
v -0.153895 0.027617 0.113919
v -0.147444 0.010914 0.095361
v -0.150223 -0.007409 0.093706
v -0.161984 -0.027187 0.111662
v -0.165793 -0.046590 0.132488
v -0.160704 -0.065084 0.152133
v -0.139063 -0.074521 0.176145
v -0.129011 -0.089343 0.174701
v -0.104258 -0.092805 0.178778
v -0.076738 -0.091122 0.180802
v -0.053165 -0.096577 0.189713
v -0.028260 -0.096271 0.191419
v -0.014785 -0.109933 0.196078
v 0.042064 -0.100718 0.198910
v 0.064866 -0.086661 0.196982
v 0.088145 -0.051784 0.196005
v 0.082338 -0.068810 0.189992
v -0.086589 -0.187496 0.238393
v -0.079029 -0.177286 0.230207
v -0.100527 -0.156603 0.228835
v -0.113705 -0.167061 0.233786
v -0.102537 -0.189617 0.234140
v -0.141651 -0.150885 0.788344
v -0.166049 -0.154417 0.784962
v -0.174943 -0.137869 0.776683
v -0.196747 -0.139482 0.769381
v -0.213409 -0.133903 0.772751
v -0.206304 -0.118003 0.798005
v -0.186952 -0.112056 0.815119
v -0.164990 -0.105924 0.827792
v -0.140583 -0.100585 0.836882
v -0.125112 -0.027021 0.846829
v -0.117701 -0.052733 0.849709
v -0.118426 -0.094486 0.847969
v -0.109958 -0.078357 0.849957
v -0.117743 -0.011965 0.849813
v -0.095855 -0.006245 0.863044
v 0.039514 -0.033164 0.843512
v 0.035921 -0.049823 0.844813
v 0.055748 0.162255 0.819461
v 0.071904 0.152660 0.820085
v 0.081273 0.133104 0.808595
v 0.034404 0.163013 0.803171
v 0.082575 0.113978 0.815700
v 0.014055 0.151299 0.793413
v 0.088270 0.093429 0.825593
v 0.002151 0.144033 0.801850
v 0.093879 0.069620 0.835353
v 0.005531 0.145850 0.824818
v -0.008920 0.140842 0.834447
v 0.089939 0.048685 0.851586
v 0.075735 0.037086 0.855929
v -0.040659 0.129479 0.828130
v -0.051670 0.115693 0.837600
v -0.020313 0.139739 0.839967
v 0.059901 0.029902 0.864504
v 0.044120 0.025857 0.873081
v 0.020573 0.022068 0.864084
v 0.015085 0.006602 0.856789
v 0.010680 -0.009184 0.858050
v 0.024236 -0.030057 0.852536
v -0.046119 0.077811 0.853389
v -0.054097 0.101344 0.851152
v -0.045189 0.064547 0.866066
v -0.071851 -0.000541 0.873110
v -0.040815 0.042805 0.864315
v -0.045930 0.004598 0.876889
v -0.036537 0.019610 0.871726
v 0.016222 -0.064508 0.852568
v 0.009044 -0.079999 0.845894
v 0.001897 -0.095838 0.839143
v -0.023434 -0.103779 0.838374
v -0.031907 -0.118272 0.831002
v -0.055783 -0.128262 0.834764
v -0.081127 -0.137513 0.835540
v -0.093713 -0.159416 0.834458
v -0.080546 -0.172913 0.832399
v -0.074886 -0.199258 0.829304
v -0.071567 -0.223676 0.819525
v -0.056814 -0.230576 0.809435
v -0.064571 -0.243044 0.788819
v -0.061441 -0.230974 0.775311
v -0.073001 -0.219793 0.765533
v -0.087312 -0.210384 0.756886
v -0.107621 -0.205834 0.756447
v -0.121495 -0.189893 0.771683
v -0.119440 -0.193016 0.784824
v -0.134290 -0.175608 0.792382
v -0.036088 -0.195251 0.255457
v -0.028620 -0.201104 0.231936
v -0.024947 -0.194899 0.206590
v -0.043368 -0.166731 0.186877
v -0.030300 -0.182483 0.185547
v -0.063403 -0.164665 0.207246
v -0.048385 -0.167948 0.226591
v -0.047766 -0.182817 0.255131
v 0.094653 -0.035259 0.201761
v 0.112370 0.001951 0.195931
v 0.107977 -0.015484 0.190890
v 0.117290 0.023647 0.182724
v 0.173858 0.255468 0.791834
v 0.176924 0.263456 0.765714
v 0.177325 0.252431 0.882916
v 0.178346 0.253528 0.857692
v 0.179521 0.256266 0.832550
v 0.179783 0.262669 0.807159
v 0.147625 0.332015 0.847107
v 0.139899 0.330039 0.873049
v 0.138762 0.325650 0.898786
v 0.171485 0.255985 0.909188
v 0.153869 0.281454 0.922592
v 0.161753 0.275562 0.923559
v 0.146413 0.319574 0.922657
v 0.152698 0.304869 0.929993
v 0.177133 0.305127 0.767670
v 0.177386 0.281598 0.757084
v 0.168630 0.324104 0.783145
v 0.155410 0.326691 0.805711
v 0.119092 0.045394 0.169488
v 0.116807 0.066663 0.156649
v 0.108178 0.086303 0.145195
v 0.099466 0.087175 0.131364
v 0.084581 0.100175 0.121336
v -0.065925 0.172603 0.153711
v -0.081953 0.153582 0.141718
v -0.099850 0.155516 0.154003
v -0.111954 0.141811 0.148808
v -0.122083 0.127170 0.143181
v -0.031148 0.165152 0.146363
v -0.048107 0.168745 0.145148
v -0.131832 0.112501 0.137032
v -0.131493 0.097927 0.117682
v -0.124500 0.080526 0.102704
v -0.127421 0.064187 0.096070
v -0.142186 0.047238 0.101923
v 0.033555 0.138983 0.136904
v 0.016710 0.143472 0.138948
v 0.043190 0.121312 0.122184
v 0.067583 0.127870 0.105758
v 0.083624 0.121659 0.110812
v -0.144268 0.028894 0.098550
v -0.130621 0.010991 0.084055
v -0.133050 -0.006775 0.081152
v -0.152755 -0.026164 0.093401
v -0.163901 -0.045934 0.112598
v -0.164883 -0.065352 0.133440
v -0.156894 -0.082904 0.152224
v -0.147424 -0.079705 0.167347
v -0.140730 -0.095859 0.165301
v -0.117622 -0.102378 0.171357
v -0.091179 -0.104301 0.174214
v -0.062885 -0.101119 0.171515
v -0.038664 -0.107817 0.184399
v -0.022231 -0.118675 0.184488
v 0.000767 -0.119289 0.198321
v 0.007732 -0.103536 0.199613
v 0.018943 -0.110827 0.199754
v 0.039472 -0.120779 0.197699
v 0.058340 -0.103647 0.189976
v 0.076836 -0.085807 0.183675
v 0.095388 -0.048883 0.180290
v 0.090506 -0.066049 0.174847
v -0.079410 -0.198680 0.226375
v -0.065730 -0.191951 0.227821
v -0.093668 -0.168980 0.217639
v -0.108291 -0.179064 0.220465
v -0.095434 -0.202088 0.222497
v -0.150655 -0.165960 0.789490
v -0.167331 -0.161921 0.771956
v -0.183183 -0.150941 0.771452
v -0.202841 -0.152599 0.760796
v -0.217210 -0.149161 0.764092
v -0.212645 -0.131123 0.793682
v -0.198532 -0.126395 0.815748
v -0.177733 -0.120198 0.826963
v -0.151759 -0.115848 0.836221
v -0.127498 -0.111038 0.844937
v -0.111032 -0.036790 0.854862
v -0.103377 -0.062941 0.858005
v -0.102198 -0.104467 0.849222
v -0.094682 -0.087764 0.849933
v -0.103813 -0.021534 0.859318
v -0.081321 -0.016107 0.873356
v 0.021452 -0.048004 0.855071
v 0.059448 0.166855 0.836137
v 0.075735 0.156944 0.836724
v 0.085391 0.141331 0.821425
v 0.037025 0.168815 0.820654
v 0.087936 0.126094 0.820898
v 0.015655 0.162451 0.807896
v 0.087647 0.109699 0.831876
v 0.096686 0.088172 0.840982
v -0.001452 0.157269 0.814045
v 0.096720 0.066136 0.854228
v 0.002073 0.154698 0.838418
v 0.090591 0.045898 0.869943
v 0.081683 0.038443 0.872271
v -0.040213 0.141979 0.842278
v -0.052556 0.127559 0.851721
v 0.066881 0.032082 0.881565
v 0.051005 0.028883 0.890266
v 0.027565 0.024951 0.880374
v 0.004413 0.023855 0.868042
v -0.003181 0.005752 0.865188
v 0.005401 -0.024644 0.860718
v -0.052796 0.087726 0.866494
v -0.056013 0.112185 0.863939
v -0.038025 0.052887 0.877095
v -0.048077 0.074562 0.879940
v -0.055280 -0.011289 0.878884
v -0.027225 0.035087 0.869141
v -0.029042 -0.005704 0.874935
v -0.020232 0.011165 0.870663
v 0.002915 -0.062747 0.865255
v -0.005597 -0.077541 0.856889
v -0.014408 -0.090117 0.846253
v -0.038745 -0.101720 0.851336
v -0.047392 -0.111618 0.836517
v -0.071833 -0.120404 0.838097
v -0.096798 -0.129670 0.839844
v -0.108112 -0.148183 0.836599
v -0.089800 -0.188750 0.834752
v -0.085276 -0.215883 0.830398
v -0.085367 -0.233754 0.809449
v -0.072209 -0.242017 0.801174
v -0.068322 -0.239084 0.773614
v -0.075436 -0.232105 0.756927
v -0.091161 -0.225531 0.746208
v -0.113005 -0.223502 0.752130
v -0.125735 -0.205027 0.765317
v -0.139291 -0.187832 0.779542
v -0.044707 -0.201703 0.240394
v -0.030710 -0.206958 0.213412
v -0.025580 -0.200807 0.189173
v -0.062160 -0.161776 0.188685
v -0.041128 -0.160478 0.171575
v -0.026941 -0.188814 0.167199
v -0.057415 -0.171903 0.232654
v -0.073804 -0.173032 0.222221
v -0.055188 -0.187912 0.239827
v 0.101626 -0.032136 0.185574
v 0.115214 0.005762 0.177928
v 0.111452 -0.011644 0.173139
v 0.117943 0.027440 0.164715
v 0.182122 0.269778 0.781565
v 0.183753 0.263848 0.895963
v 0.187867 0.266098 0.868523
v 0.186094 0.263416 0.847958
v 0.186562 0.269253 0.822433
v 0.186900 0.276616 0.797228
v 0.164580 0.337422 0.838861
v 0.159837 0.331742 0.822387
v 0.153420 0.339576 0.862753
v 0.147950 0.338267 0.887581
v 0.147965 0.334722 0.912249
v 0.177506 0.269024 0.921183
v 0.165975 0.291370 0.933916
v 0.155597 0.328668 0.936113
v 0.162157 0.314828 0.942543
v 0.181569 0.310634 0.784102
v 0.182121 0.287733 0.773268
v 0.172789 0.328286 0.800003
v 0.117564 0.048919 0.151670
v 0.111682 0.069467 0.140103
v 0.102472 0.072336 0.126326
v 0.091123 0.088106 0.118530
v 0.096098 0.109642 0.110594
v -0.098332 0.138021 0.137550
v -0.108289 0.124534 0.130428
v -0.065379 0.166599 0.144145
v -0.035428 0.152680 0.133624
v -0.050974 0.157271 0.132978
v -0.116119 0.110971 0.121479
v -0.118982 0.095915 0.110981
v -0.019899 0.145544 0.131355
v 0.000390 0.149122 0.142231
v -0.108734 0.077062 0.100970
v -0.109858 0.061429 0.094887
v -0.127131 0.045938 0.092738
v 0.027286 0.127706 0.123983
v 0.011196 0.132578 0.126320
v 0.051067 0.109608 0.101337
v 0.035803 0.111138 0.108709
v 0.056892 0.125151 0.092534
v 0.076324 0.138398 0.092991
v 0.092317 0.129555 0.096843
v -0.128308 0.028417 0.088617
v -0.110513 0.009747 0.079747
v -0.111907 -0.007798 0.076218
v -0.135920 -0.024868 0.079990
v -0.155270 -0.044993 0.093427
v -0.164770 -0.064731 0.113530
v -0.162756 -0.083901 0.134331
v -0.152079 -0.100538 0.152114
v -0.131488 -0.110826 0.163125
v -0.105496 -0.114415 0.167017
v -0.077698 -0.115472 0.167298
v -0.049224 -0.115605 0.165712
v -0.006478 -0.128854 0.186252
v 0.016813 -0.125783 0.191904
v 0.032581 -0.129759 0.183980
v 0.058005 -0.121731 0.188272
v 0.074002 -0.104281 0.178456
v 0.086788 -0.083777 0.168874
v 0.094990 -0.062135 0.158542
v 0.099634 -0.044987 0.163564
v -0.068010 -0.216647 0.217953
v -0.055116 -0.209138 0.227696
v -0.106733 -0.194095 0.209965
v -0.087215 -0.215373 0.212004
v -0.152302 -0.173797 0.774379
v -0.171529 -0.172564 0.760084
v -0.187638 -0.161991 0.759796
v -0.207428 -0.164037 0.749378
v -0.217741 -0.162347 0.753050
v -0.221733 -0.158252 0.778675
v -0.217287 -0.143382 0.788126
v -0.208821 -0.139769 0.810647
v -0.188337 -0.136336 0.826666
v -0.163595 -0.131202 0.835979
v -0.137388 -0.126382 0.839117
v -0.111757 -0.120699 0.842095
v -0.097219 -0.046281 0.862186
v -0.086483 -0.073693 0.859704
v -0.087233 -0.112413 0.842617
v -0.080173 -0.093864 0.838727
v -0.089900 -0.031312 0.868967
v -0.063995 -0.027183 0.876205
v 0.004249 -0.043515 0.864107
v 0.061349 0.166334 0.853806
v 0.076940 0.156508 0.854662
v 0.087911 0.143555 0.837536
v 0.039650 0.173141 0.837146
v 0.017394 0.171841 0.823591
v 0.090029 0.126288 0.835620
v 0.094961 0.106048 0.847658
v 0.100531 0.084427 0.859028
v -0.001854 0.168933 0.829246
v 0.100218 0.062336 0.872388
v -0.000322 0.166596 0.852585
v -0.015579 0.150322 0.855475
v -0.033296 0.146296 0.859800
v -0.045935 0.134109 0.866688
v 0.057991 0.033690 0.907431
v 0.074496 0.034474 0.899451
v 0.033681 0.031146 0.896061
v 0.010287 0.029208 0.884506
v -0.011808 0.028637 0.869507
v -0.012120 -0.015154 0.870275
v -0.056912 0.097583 0.880484
v -0.053043 0.117609 0.873843
v -0.024973 0.043757 0.883754
v -0.036719 0.063171 0.890268
v -0.047820 0.085670 0.893947
v -0.037334 -0.021885 0.881735
v -0.013482 -0.056069 0.870742
v -0.021827 -0.072002 0.865008
v -0.029941 -0.084865 0.854340
v -0.055039 -0.090453 0.849177
v -0.063198 -0.102790 0.837057
v -0.122002 -0.137653 0.839806
v -0.119288 -0.164914 0.838347
v -0.104634 -0.176870 0.836739
v -0.100531 -0.205188 0.838298
v -0.098597 -0.224545 0.817836
v -0.084276 -0.245962 0.780992
v -0.099173 -0.240396 0.792286
v -0.079174 -0.249380 0.793032
v -0.090576 -0.237502 0.763775
v -0.107964 -0.235308 0.771990
v -0.129687 -0.220782 0.767146
v -0.142606 -0.200689 0.763435
v -0.037402 -0.210801 0.217991
v -0.031152 -0.215442 0.196039
v -0.023401 -0.207703 0.171110
v -0.082495 -0.163983 0.184644
v -0.088349 -0.168656 0.201633
v -0.058284 -0.160950 0.170075
v 0.105758 -0.028377 0.168299
v 0.113113 -0.007711 0.154997
v 0.116127 0.009690 0.159905
v 0.115982 0.031258 0.146714
v 0.190099 0.275350 0.909090
v 0.194284 0.276502 0.882193
v 0.192493 0.276010 0.838096
v 0.191814 0.283760 0.812939
v 0.186719 0.294029 0.789447
v 0.181911 0.338599 0.832570
v 0.177069 0.332637 0.816663
v 0.169506 0.345145 0.854299
v 0.159838 0.347080 0.878124
v 0.157139 0.346279 0.901593
v 0.157813 0.343144 0.925670
v 0.183584 0.281615 0.933464
v 0.175312 0.302473 0.945809
v 0.165440 0.337417 0.949165
v 0.171645 0.324739 0.954892
v 0.185927 0.315941 0.800625
v 0.111919 0.052550 0.134648
v 0.100283 0.056683 0.120245
v 0.091296 0.076857 0.114044
v 0.103307 0.094920 0.106995
v 0.104854 0.117041 0.096783
v -0.089635 0.135937 0.134659
v -0.093175 0.120702 0.126260
v -0.065707 0.160075 0.127001
v -0.041187 0.143394 0.121151
v -0.052505 0.154261 0.126249
v -0.102839 0.091287 0.108140
v -0.004515 0.138252 0.128942
v -0.026506 0.134132 0.119215
v -0.105965 0.083258 0.082350
v -0.109560 0.066943 0.075579
v -0.107955 0.044582 0.090469
v 0.020343 0.116719 0.111093
v 0.005226 0.120912 0.113718
v 0.043228 0.107308 0.085561
v 0.028476 0.102493 0.094136
v 0.063891 0.137312 0.082205
v 0.049722 0.121547 0.077635
v 0.085745 0.147003 0.079422
v 0.101280 0.137261 0.082949
v -0.107709 0.026905 0.085089
v -0.115972 0.014255 0.062364
v -0.118152 -0.003732 0.059084
v -0.114390 -0.025578 0.074138
v -0.139191 -0.043443 0.078873
v -0.157576 -0.063860 0.093876
v -0.164319 -0.083479 0.114463
v -0.160033 -0.102183 0.134710
v -0.145453 -0.117413 0.151591
v -0.120889 -0.123692 0.159797
v -0.093457 -0.125856 0.161075
v -0.064109 -0.126656 0.156947
v -0.041735 -0.134591 0.172331
v -0.031066 -0.126891 0.179922
v -0.016947 -0.139878 0.178807
v 0.008137 -0.137099 0.181870
v 0.023254 -0.143382 0.175051
v 0.047582 -0.132607 0.174343
v 0.070310 -0.118108 0.171723
v 0.087044 -0.102092 0.162328
v 0.093301 -0.080051 0.152005
v 0.101865 -0.040814 0.146009
v 0.096497 -0.057367 0.141712
v -0.102521 -0.210816 0.198905
v -0.155299 -0.184752 0.760717
v -0.177072 -0.179714 0.745210
v -0.193039 -0.172633 0.748675
v -0.221221 -0.171944 0.766280
v -0.218265 -0.169073 0.792323
v -0.214622 -0.154125 0.802692
v -0.199035 -0.150850 0.823526
v -0.176055 -0.146313 0.838002
v -0.148547 -0.142214 0.836806
v -0.078732 -0.055695 0.858893
v -0.070830 -0.080235 0.849883
v -0.071729 -0.041984 0.869273
v -0.046865 -0.039230 0.881089
v 0.042222 0.174455 0.853393
v 0.061878 0.163643 0.871404
v 0.076312 0.152208 0.872106
v 0.087159 0.141819 0.854529
v 0.019897 0.175440 0.841547
v 0.093385 0.124221 0.851991
v 0.101939 0.103472 0.864328
v 0.104735 0.081265 0.877221
v 0.001066 0.172859 0.849297
v 0.095124 0.059004 0.889202
v 0.085280 0.041357 0.888257
v -0.012645 0.154969 0.864086
v -0.026438 0.148333 0.875281
v -0.039937 0.139349 0.882750
v 0.039669 0.035163 0.912740
v 0.079476 0.049119 0.912369
v 0.063926 0.044148 0.922327
v 0.015075 0.033066 0.901293
v -0.007935 0.035843 0.885572
v -0.020290 -0.031649 0.878453
v -0.004038 -0.040252 0.870266
v -0.046985 0.123233 0.888357
v -0.024945 0.051310 0.899211
v -0.036683 0.073851 0.904140
v -0.051658 0.106576 0.892484
v -0.046939 0.098336 0.907246
v -0.030223 -0.046223 0.872053
v -0.038542 -0.062199 0.867624
v -0.045987 -0.075222 0.855941
v -0.133901 -0.153193 0.841734
v -0.129906 -0.179506 0.838979
v -0.115045 -0.191531 0.837650
v -0.111254 -0.212079 0.822195
v -0.112133 -0.230387 0.800931
v -0.121138 -0.226818 0.782402
v -0.145472 -0.217191 0.753896
v -0.043605 -0.223266 0.204341
v -0.031062 -0.226437 0.179899
v -0.026248 -0.214086 0.153756
v -0.026515 -0.196167 0.150056
v -0.076733 -0.163437 0.166930
v -0.103133 -0.171559 0.179988
v -0.108079 -0.181437 0.195808
v 0.108176 -0.024537 0.150305
v 0.111250 -0.003446 0.136599
v 0.113852 0.013715 0.141774
v 0.109566 0.035504 0.129603
v 0.196126 0.286431 0.922643
v 0.199977 0.286942 0.895913
v 0.202258 0.291662 0.869760
v 0.198138 0.283141 0.853944
v 0.196035 0.291316 0.828761
v 0.191395 0.300228 0.805489
v 0.187282 0.345791 0.847932
v 0.195619 0.327093 0.832868
v 0.190717 0.321416 0.816825
v 0.174850 0.353262 0.869583
v 0.166770 0.353434 0.893863
v 0.170784 0.356949 0.912224
v 0.167631 0.350605 0.939406
v 0.189894 0.295064 0.944597
v 0.185105 0.313103 0.957725
v 0.176296 0.345625 0.961964
v 0.180920 0.335931 0.966332
v 0.097066 0.041046 0.114594
v 0.084629 0.063544 0.108659
v 0.102113 0.080130 0.100481
v 0.111416 0.101385 0.092408
v 0.112777 0.124017 0.082282
v -0.081096 0.158255 0.124082
v -0.091302 0.145027 0.118130
v -0.093767 0.129251 0.109756
v -0.096790 0.105506 0.116902
v -0.050544 0.158552 0.107227
v -0.041668 0.150299 0.102943
v -0.100930 0.098886 0.090106
v -0.010542 0.126567 0.116128
v -0.104167 0.088111 0.064342
v -0.107544 0.071578 0.054617
v -0.110590 0.049429 0.070967
v 0.006663 0.107512 0.098786
v 0.036408 0.105305 0.069630
v 0.023213 0.097133 0.077495
v 0.057558 0.132276 0.068456
v 0.072089 0.147450 0.069542
v 0.043685 0.118582 0.062087
v 0.095679 0.155897 0.066713
v 0.110362 0.145611 0.069806
v -0.112498 0.031941 0.066406
v -0.121725 0.018802 0.044499
v -0.125097 0.000828 0.041721
v -0.120426 -0.021571 0.056604
v -0.118792 -0.042524 0.072189
v -0.159738 -0.082600 0.094649
v -0.163091 -0.102113 0.115179
v -0.155989 -0.120265 0.135356
v -0.136375 -0.132369 0.149893
v -0.109514 -0.135501 0.154935
v -0.080840 -0.138164 0.154026
v -0.054214 -0.144237 0.159522
v -0.028437 -0.149607 0.171050
v -0.002363 -0.150500 0.174286
v 0.013006 -0.157168 0.167253
v 0.038243 -0.147124 0.165878
v 0.060080 -0.132568 0.160725
v 0.076045 -0.113717 0.152358
v 0.089132 -0.094908 0.143624
v 0.095507 -0.075299 0.135407
v 0.096082 -0.052352 0.124170
v 0.101163 -0.036644 0.127657
v -0.112450 -0.201168 0.184443
v -0.089857 -0.228148 0.193497
v -0.077060 -0.228078 0.206193
v -0.185274 -0.185793 0.726566
v -0.201537 -0.181139 0.732933
v -0.212261 -0.175381 0.742095
v -0.216659 -0.185792 0.755210
v -0.218307 -0.182745 0.778947
v -0.206265 -0.165707 0.815389
v -0.211150 -0.180878 0.804631
v -0.187700 -0.161784 0.834978
v -0.160393 -0.157466 0.839082
v -0.062216 -0.065483 0.858028
v -0.055087 -0.053096 0.870435
v 0.046483 0.173604 0.868141
v 0.023402 0.173591 0.861414
v 0.056178 0.164791 0.891344
v 0.074010 0.147756 0.889363
v 0.089883 0.139665 0.871573
v 0.096973 0.122218 0.868915
v 0.101778 0.100850 0.882399
v 0.099754 0.077312 0.894358
v 0.006821 0.170884 0.870929
v 0.089368 0.054458 0.901399
v 0.079888 0.037916 0.893854
v -0.006273 0.160199 0.880820
v -0.020859 0.154278 0.891295
v -0.032104 0.142124 0.899089
v 0.020032 0.038949 0.916971
v 0.044365 0.045464 0.926930
v 0.081917 0.064881 0.922491
v 0.064432 0.060576 0.930592
v -0.005635 0.042201 0.901862
v -0.039771 0.127766 0.902246
v -0.025182 0.061318 0.913168
v -0.038806 0.086784 0.920507
v -0.040687 0.113101 0.913721
v -0.145199 -0.168315 0.840525
v -0.140350 -0.193541 0.837022
v -0.125796 -0.201931 0.828002
v -0.121623 -0.222821 0.816611
v -0.135341 -0.232455 0.792021
v -0.143408 -0.231875 0.773886
v -0.155439 -0.228250 0.756824
v -0.156034 -0.194219 0.749996
v -0.156127 -0.208302 0.738561
v -0.034426 -0.229439 0.159460
v -0.032394 -0.196366 0.133724
v -0.039067 -0.215827 0.139014
v -0.029230 -0.174339 0.161324
v -0.019578 -0.185084 0.146391
v -0.072343 -0.153246 0.150817
v -0.095422 -0.166915 0.163143
v -0.114532 -0.188739 0.170708
v -0.014742 -0.162128 0.166325
v 0.106968 -0.020254 0.131770
v 0.106664 0.018539 0.124294
v 0.104363 0.001710 0.118718
v 0.206686 0.295982 0.910270
v 0.200827 0.297450 0.936508
v 0.205082 0.301774 0.884525
v 0.205930 0.307962 0.859114
v 0.200713 0.299133 0.844315
v 0.196152 0.306692 0.821420
v 0.200697 0.332966 0.849037
v 0.193055 0.352588 0.863570
v 0.200562 0.313851 0.837216
v 0.181161 0.359155 0.885514
v 0.179163 0.363699 0.927028
v 0.177312 0.357686 0.953352
v 0.204835 0.306898 0.952400
v 0.195166 0.324336 0.968341
v 0.094705 0.024847 0.109113
v 0.079593 0.047939 0.102285
v 0.093999 0.066599 0.093494
v 0.108779 0.085628 0.085035
v 0.118342 0.107831 0.077522
v 0.119421 0.130631 0.067310
v -0.081298 0.166563 0.107671
v -0.064983 0.166234 0.109013
v -0.092767 0.154247 0.101953
v -0.094869 0.136893 0.094439
v -0.095508 0.113969 0.099342
v -0.030516 0.132004 0.111657
v -0.032793 0.142045 0.098660
v -0.099192 0.104811 0.072183
v -0.016163 0.115895 0.099872
v -0.111679 0.054017 0.050809
v 0.004392 0.098259 0.081940
v 0.031056 0.103947 0.053617
v 0.020274 0.091485 0.060568
v 0.066073 0.143717 0.058492
v 0.047361 0.123948 0.052676
v 0.080483 0.158514 0.057492
v 0.105725 0.165356 0.054577
v 0.119138 0.152397 0.055804
v -0.116755 0.036456 0.047508
v -0.117132 0.020076 0.026542
v -0.119154 0.001988 0.020420
v -0.127319 -0.017099 0.039481
v -0.124547 -0.039040 0.055407
v -0.121002 -0.059409 0.071645
v -0.140734 -0.054599 0.079030
v -0.142278 -0.065754 0.079187
v -0.146212 -0.085399 0.079790
v -0.161005 -0.101329 0.095521
v -0.160843 -0.120777 0.116236
v -0.149441 -0.137512 0.135156
v -0.125663 -0.144962 0.146920
v -0.098520 -0.146095 0.148067
v 0.001583 -0.169315 0.159821
v 0.028183 -0.161264 0.158424
v 0.051532 -0.147582 0.153066
v 0.069127 -0.129942 0.144389
v 0.080240 -0.108847 0.131974
v 0.086528 -0.090305 0.131796
v 0.090724 -0.068535 0.120184
v 0.097633 -0.032398 0.108682
v 0.092500 -0.047855 0.105914
v -0.063849 -0.233416 0.198181
v -0.055807 -0.219956 0.211147
v -0.075262 -0.234505 0.183891
v -0.166553 -0.186967 0.747603
v -0.168585 -0.196277 0.725133
v -0.206324 -0.196540 0.747345
v -0.216821 -0.193963 0.763871
v -0.211557 -0.194089 0.789878
v -0.199860 -0.192637 0.814384
v -0.195221 -0.177480 0.825983
v -0.172403 -0.172662 0.841086
v 0.030882 0.170583 0.876591
v 0.039451 0.169657 0.885472
v 0.057640 0.154906 0.904425
v 0.069409 0.142675 0.905813
v 0.086213 0.134795 0.888982
v 0.095723 0.118896 0.886573
v 0.098495 0.097063 0.899944
v 0.094026 0.071121 0.909750
v 0.016636 0.167490 0.886890
v 0.002475 0.162070 0.897839
v -0.010761 0.152836 0.907425
v -0.023556 0.142634 0.915442
v 0.004310 0.044085 0.918885
v 0.025470 0.050960 0.929034
v 0.048363 0.056089 0.940783
v 0.063476 0.077857 0.937414
v 0.078386 0.083962 0.926813
v -0.031704 0.126919 0.915848
v -0.008430 0.051240 0.917271
v -0.025236 0.071776 0.925859
v -0.031540 0.106272 0.928637
v -0.156331 -0.183403 0.840308
v -0.151011 -0.207362 0.833959
v -0.134217 -0.217440 0.829723
v -0.128233 -0.230000 0.808613
v -0.150512 -0.233690 0.802141
v -0.156507 -0.236413 0.782947
v -0.168279 -0.232104 0.766356
v -0.167897 -0.218216 0.743900
v -0.040188 -0.231478 0.185282
v -0.046080 -0.240242 0.165918
v -0.052676 -0.231373 0.145444
v -0.048995 -0.196570 0.132674
v -0.052939 -0.203265 0.138246
v -0.091457 -0.159508 0.146457
v -0.111138 -0.178371 0.156505
v -0.113743 -0.205200 0.157136
v -0.110296 -0.217935 0.170942
v 0.100853 -0.015175 0.113862
v 0.092905 0.008204 0.103311
v 0.212308 0.305726 0.924685
v 0.213169 0.309730 0.898524
v 0.210547 0.318304 0.873408
v 0.205458 0.319692 0.853631
v 0.205941 0.338452 0.865328
v 0.198985 0.358932 0.879387
v 0.187814 0.364444 0.901715
v 0.194714 0.370428 0.917511
v 0.187510 0.370714 0.941722
v 0.190155 0.347332 0.977238
v 0.186785 0.364584 0.967433
v 0.213248 0.318298 0.964492
v 0.204238 0.335403 0.979571
v 0.077381 0.031271 0.095522
v 0.087871 0.051534 0.086514
v 0.098576 0.070680 0.078032
v 0.112794 0.091846 0.068476
v 0.122280 0.113678 0.062779
v 0.124715 0.135936 0.052209
v -0.079787 0.175044 0.091022
v -0.063024 0.173702 0.092583
v -0.090542 0.163375 0.084818
v -0.093110 0.142386 0.080215
v -0.094790 0.121451 0.080352
v -0.046756 0.166466 0.091405
v -0.024532 0.128753 0.087430
v -0.094303 0.106878 0.056882
v -0.101043 0.089320 0.054883
v -0.014895 0.104943 0.080615
v -0.100394 0.072733 0.036495
v -0.106629 0.055350 0.033222
v 0.004076 0.089376 0.064825
v 0.027092 0.104193 0.037594
v 0.019126 0.086183 0.043226
v 0.060057 0.139984 0.047441
v 0.090316 0.168818 0.046380
v 0.040929 0.119722 0.035677
v 0.114725 0.171384 0.039908
v 0.129744 0.145001 0.027269
v -0.112397 0.037801 0.029615
v -0.122682 -0.015890 0.019248
v -0.130054 -0.034906 0.038086
v -0.127421 -0.056375 0.054213
v -0.123546 -0.075480 0.071860
v -0.128998 -0.092160 0.071671
v -0.150054 -0.102914 0.081484
v -0.160513 -0.120189 0.096595
v -0.156618 -0.139030 0.116562
v -0.140310 -0.153109 0.134725
v -0.115108 -0.155041 0.142795
v 0.017423 -0.174240 0.150948
v 0.042136 -0.162444 0.146022
v 0.061458 -0.145913 0.137207
v 0.074081 -0.125758 0.126005
v 0.083871 -0.085112 0.117072
v 0.082627 -0.061801 0.105810
v 0.089905 -0.025468 0.091037
v 0.080158 -0.039869 0.092555
v -0.049314 -0.236519 0.190665
v -0.100077 -0.223042 0.182220
v -0.088497 -0.236004 0.170973
v -0.061155 -0.241238 0.175075
v -0.179902 -0.207085 0.733608
v -0.193108 -0.196797 0.727754
v -0.199529 -0.200923 0.739266
v -0.210791 -0.206031 0.774421
v -0.200309 -0.205227 0.799159
v -0.185148 -0.203122 0.820601
v -0.181802 -0.187823 0.832747
v 0.027058 0.165927 0.899778
v 0.038396 0.158410 0.908591
v 0.049387 0.147201 0.914613
v 0.062085 0.136590 0.919825
v 0.084156 0.132059 0.907294
v 0.093448 0.115806 0.904693
v 0.090766 0.090684 0.915157
v 0.000392 0.149525 0.922768
v 0.013664 0.160483 0.912984
v -0.012573 0.137519 0.930041
v 0.007662 0.055933 0.931133
v 0.028796 0.062454 0.942044
v 0.049793 0.069956 0.951213
v 0.076826 0.102527 0.934886
v 0.066741 0.094143 0.947899
v -0.021881 0.122089 0.930231
v -0.009087 0.062737 0.930020
v -0.024136 0.083730 0.935286
v -0.016927 0.098670 0.938178
v -0.166973 -0.197655 0.835394
v -0.160186 -0.217043 0.821300
v -0.143748 -0.226083 0.817000
v -0.168037 -0.226460 0.808070
v -0.170441 -0.232512 0.793560
v -0.179617 -0.229661 0.778323
v -0.179733 -0.222912 0.754334
v -0.066109 -0.219128 0.138799
v -0.048246 -0.188631 0.115109
v -0.038294 -0.201640 0.114037
v -0.058687 -0.185743 0.133855
v -0.063491 -0.189571 0.133599
v -0.109155 -0.168188 0.144440
v -0.112543 -0.192603 0.143492
v -0.103451 -0.215433 0.144663
v -0.098549 -0.227923 0.157421
v 0.091305 -0.008655 0.097688
v 0.077086 0.013953 0.090783
v 0.219638 0.318316 0.913357
v 0.217973 0.315526 0.939573
v 0.215424 0.327084 0.888460
v 0.210691 0.344942 0.881520
v 0.203934 0.364706 0.895879
v 0.206402 0.378038 0.931025
v 0.208010 0.370322 0.912840
v 0.195687 0.377769 0.956515
v 0.196530 0.371195 0.981147
v 0.199704 0.356712 0.989122
v 0.223297 0.323985 0.955630
v 0.223911 0.331569 0.974610
v 0.211787 0.347051 0.991244
v 0.085903 0.034672 0.080562
v 0.091963 0.055000 0.070374
v 0.116629 0.102802 0.049603
v 0.123489 0.118647 0.048659
v 0.127375 0.139674 0.036302
v -0.059876 0.184390 0.078207
v -0.076318 0.184830 0.074959
v -0.084646 0.172075 0.067248
v -0.086897 0.156786 0.064764
v -0.042528 0.178130 0.078768
v -0.021198 0.118833 0.071461
v -0.030942 0.155310 0.087030
v -0.019273 0.142745 0.077797
v -0.089939 0.124659 0.061026
v -0.087691 0.107602 0.043311
v -0.094275 0.089891 0.040335
v -0.012713 0.095639 0.063592
v -0.093134 0.072059 0.020427
v -0.101595 0.055204 0.016938
v 0.004342 0.079462 0.048647
v 0.024956 0.107431 0.018497
v 0.020370 0.084465 0.025052
v 0.053472 0.136747 0.032096
v 0.082755 0.164771 0.031709
v 0.071763 0.153117 0.040527
v 0.099188 0.176599 0.033671
v 0.035465 0.123643 0.020788
v 0.132135 0.158741 0.023491
v 0.118316 0.172596 0.021804
v -0.108603 0.038001 0.011985
v -0.114292 0.020163 0.010917
v -0.133425 0.006089 0.008102
v -0.136862 -0.012179 0.007869
v -0.125814 -0.033639 0.018800
v -0.132891 -0.052276 0.036595
v -0.130261 -0.073275 0.053376
v -0.135430 -0.089620 0.053040
v -0.137165 -0.107576 0.070970
v -0.154027 -0.120578 0.081105
v -0.158093 -0.138811 0.096481
v -0.150494 -0.156643 0.117037
v -0.129547 -0.166286 0.133392
v -0.007479 -0.176888 0.154042
v 0.006400 -0.184848 0.143416
v 0.031785 -0.176407 0.138954
v 0.052628 -0.161190 0.130554
v 0.067238 -0.142463 0.119393
v 0.078949 -0.103664 0.113458
v 0.073029 -0.122073 0.109625
v 0.078686 -0.078252 0.101467
v 0.071480 -0.054681 0.092744
v 0.066010 -0.032067 0.082178
v 0.074184 -0.018122 0.082100
v -0.072445 -0.240211 0.158649
v -0.190323 -0.212630 0.744659
v -0.201286 -0.209866 0.759167
v -0.199995 -0.216869 0.784198
v -0.186465 -0.217178 0.807404
v -0.176654 -0.208897 0.822637
v 0.025673 0.149774 0.920388
v 0.038362 0.139532 0.927498
v 0.051964 0.129204 0.933101
v 0.074901 0.124471 0.921723
v 0.085760 0.109739 0.920544
v 0.013455 0.141997 0.933460
v 0.001102 0.129023 0.940279
v 0.010635 0.068566 0.942887
v 0.031273 0.075829 0.955144
v 0.054582 0.087589 0.952741
v 0.052188 0.078772 0.951977
v 0.065256 0.117065 0.935149
v 0.055701 0.109105 0.947308
v -0.009825 0.114854 0.942729
v -0.007671 0.074899 0.942648
v -0.002400 0.090192 0.946607
v -0.185456 -0.225245 0.790255
v -0.191020 -0.220910 0.768663
v -0.082697 -0.229183 0.146415
v -0.078318 -0.203022 0.132563
v -0.015040 -0.203865 0.123132
v -0.004472 -0.194576 0.134331
v -0.050458 -0.186485 0.096674
v -0.042727 -0.200252 0.095552
v -0.023800 -0.212106 0.109864
v -0.058029 -0.175406 0.116525
v -0.069967 -0.187450 0.115624
v -0.117283 -0.180075 0.132337
v -0.101425 -0.199700 0.133276
v -0.093320 -0.216553 0.138113
v 0.075975 -0.003823 0.086545
v 0.084764 0.017039 0.075732
v 0.225115 0.327351 0.928604
v 0.221002 0.335371 0.903677
v 0.215640 0.352066 0.897481
v 0.213718 0.385494 0.946349
v 0.219815 0.359324 0.913901
v 0.204120 0.384306 0.971264
v 0.206633 0.376653 0.993807
v 0.208454 0.367873 0.999116
v 0.230953 0.335796 0.944235
v 0.226937 0.344760 0.987846
v 0.219113 0.361189 1.001660
v 0.088828 0.037858 0.062329
v 0.099696 0.073972 0.062112
v 0.092388 0.057278 0.058535
v 0.106245 0.082909 0.065294
v 0.107105 0.090005 0.048262
v 0.122413 0.123455 0.032278
v 0.122026 0.127230 0.013312
v -0.055600 0.196756 0.065396
v -0.071478 0.195110 0.059139
v -0.077935 0.179527 0.049804
v -0.080557 0.161882 0.046927
v -0.026484 0.168199 0.075548
v -0.037737 0.190600 0.066920
v -0.020049 0.109588 0.055110
v -0.019381 0.132630 0.061547
v -0.014063 0.156243 0.068057
v -0.082519 0.125426 0.046297
v -0.086722 0.141034 0.063332
v -0.079270 0.106928 0.030122
v -0.086682 0.089141 0.026182
v -0.011631 0.086221 0.047016
v -0.114089 0.079023 0.010480
v -0.119941 0.060834 0.011288
v 0.006503 0.070082 0.030316
v 0.065066 0.150265 0.023069
v 0.043483 0.141663 0.022048
v 0.091137 0.175635 0.022817
v 0.075241 0.166158 0.017588
v 0.105147 0.183312 0.017139
v 0.020134 0.135216 0.024404
v 0.009464 0.120003 0.021434
v 0.146362 0.135115 0.021624
v 0.151518 0.151887 0.020416
v 0.122377 0.177490 0.015284
v 0.140255 0.172667 0.016753
v -0.125265 0.042464 0.010193
v -0.129593 0.024321 0.010152
v -0.150372 0.009413 0.014334
v -0.154126 -0.008550 0.011734
v -0.139606 -0.030272 0.009012
v -0.129881 -0.051072 0.018368
v -0.135533 -0.069936 0.035396
v -0.137741 -0.087522 0.034038
v -0.140779 -0.105810 0.051681
v -0.146796 -0.121816 0.066321
v -0.154691 -0.138341 0.079520
v -0.154584 -0.157168 0.094740
v -0.140790 -0.172628 0.118856
v 0.021210 -0.189697 0.131806
v 0.043296 -0.175909 0.124092
v 0.059076 -0.158674 0.113152
v 0.062007 -0.138481 0.094723
v 0.072399 -0.103082 0.097042
v 0.067283 -0.121537 0.095428
v 0.066183 -0.070427 0.089037
v 0.058146 -0.047693 0.082492
v 0.079865 -0.017211 0.068725
v 0.076324 -0.033968 0.067667
v 0.027322 0.133206 0.941905
v 0.042647 0.123600 0.948579
v 0.015964 0.119916 0.946826
v 0.013267 0.082380 0.953596
v 0.035689 0.089448 0.953019
v 0.044788 0.099479 0.951495
v 0.005798 0.105709 0.948606
v -0.079718 -0.199873 0.113912
v -0.001199 -0.213737 0.111139
v 0.010190 -0.201611 0.123394
v -0.057197 -0.177719 0.096586
v -0.056929 -0.179949 0.078318
v -0.045861 -0.197579 0.077248
v -0.030565 -0.214611 0.092782
v -0.007370 -0.218660 0.100005
v -0.068220 -0.191786 0.097070
v 0.082715 -0.000474 0.071482
v 0.086720 0.019972 0.058222
v 0.226409 0.343760 0.919141
v 0.228162 0.374415 0.946454
v 0.223837 0.366937 0.930236
v 0.219984 0.391658 0.962825
v 0.212702 0.388922 0.985093
v 0.219607 0.376955 1.004820
v 0.235616 0.344195 0.960852
v 0.231302 0.351913 0.935087
v 0.226476 0.359756 1.000190
v 0.237810 0.354793 0.976639
v 0.090630 0.059408 0.044776
v 0.097303 0.076495 0.046499
v 0.104660 0.094264 0.031340
v 0.115494 0.107714 0.031640
v 0.117068 0.108343 0.015981
v 0.140900 0.119491 0.013294
v -0.050896 0.208969 0.052864
v -0.063368 0.200819 0.039926
v -0.065446 0.179919 0.026846
v -0.071976 0.162636 0.029224
v -0.080238 0.143777 0.046737
v -0.021365 0.181256 0.064710
v -0.031833 0.204150 0.056595
v -0.017936 0.099494 0.038996
v -0.019235 0.124494 0.046531
v -0.013168 0.142877 0.047294
v -0.007138 0.169675 0.059168
v -0.075321 0.126442 0.031197
v -0.091432 0.111497 0.020536
v -0.097671 0.093924 0.017052
v -0.011305 0.076713 0.029597
v -0.132134 0.081787 0.016234
v -0.137997 0.064034 0.013186
v 0.012712 0.092582 0.014587
v 0.002835 0.077120 0.005582
v 0.052219 0.158132 0.017455
v 0.030172 0.151166 0.026084
v 0.085932 0.186044 0.014963
v 0.061044 0.174908 0.014240
v 0.007555 0.145333 0.032479
v -0.000554 0.129750 0.034435
v -0.000949 0.104292 0.021028
v 0.167676 0.147534 0.019723
v 0.163395 0.130173 0.022226
v 0.157701 0.168285 0.017770
v 0.129440 0.193082 0.015158
v 0.146939 0.188307 0.016378
v -0.142984 0.045713 0.015029
v -0.146456 0.027444 0.016701
v -0.168368 0.011987 0.018955
v -0.170643 -0.006305 0.019877
v -0.156970 -0.026898 0.011208
v -0.142167 -0.048186 0.010409
v -0.135350 -0.068005 0.015819
v -0.137129 -0.085654 0.013415
v -0.139615 -0.104772 0.032622
v -0.144271 -0.121980 0.048933
v -0.149575 -0.137399 0.063014
v -0.153147 -0.155695 0.076835
v -0.149414 -0.174976 0.091448
v -0.146454 -0.174565 0.105888
v -0.128055 -0.186641 0.118643
v 0.033858 -0.190049 0.117232
v 0.049921 -0.174289 0.107853
v 0.057686 -0.155853 0.095615
v 0.053238 -0.120611 0.084638
v 0.057745 -0.102882 0.084598
v 0.075542 -0.090667 0.099254
v 0.061822 -0.086274 0.085757
v 0.050680 -0.063870 0.079917
v 0.071719 -0.050756 0.067423
v 0.081929 -0.015316 0.052741
v 0.081894 -0.032874 0.051728
v 0.031319 0.110009 0.949997
v 0.020926 0.096521 0.950269
v -0.092306 -0.203428 0.113775
v -0.078872 -0.205758 0.096964
v 0.024441 -0.203387 0.109054
v 0.013257 -0.216498 0.099389
v -0.059210 -0.180254 0.061458
v -0.048146 -0.194730 0.058965
v -0.035110 -0.213224 0.074331
v -0.013540 -0.223584 0.088870
v -0.067964 -0.195006 0.079034
v 0.084189 0.002160 0.054924
v 0.081117 0.023058 0.040330
v 0.085497 0.041133 0.043486
v 0.233474 0.381499 0.962695
v 0.236006 0.359943 0.951209
v 0.228234 0.394904 0.980892
v 0.225325 0.390376 0.998394
v 0.237087 0.370727 0.992859
v 0.239430 0.368188 0.967618
v 0.094062 0.079329 0.029678
v 0.090110 0.061018 0.028184
v 0.112051 0.090148 0.017315
v 0.135263 0.101475 0.014742
v 0.158470 0.113466 0.016469
v -0.045500 0.216419 0.037553
v -0.058499 0.198633 0.027423
v -0.081620 0.185297 0.014659
v -0.086999 0.166946 0.015852
v -0.076783 0.145044 0.030963
v -0.015556 0.194721 0.054363
v -0.026566 0.217267 0.044925
v -0.011539 0.091026 0.021785
v -0.009343 0.114132 0.034825
v -0.005477 0.157026 0.040606
v -0.000708 0.183429 0.049559
v -0.087403 0.129216 0.020368
v -0.106883 0.114829 0.017479
v -0.110796 0.096717 0.016497
v -0.009269 0.068329 0.011068
v -0.149152 0.083975 0.019890
v -0.155909 0.066097 0.019671
v -0.127569 0.099366 0.020293
v 0.039309 0.167110 0.023472
v 0.016929 0.160109 0.029514
v 0.111932 0.198902 0.013717
v 0.094220 0.204681 0.014231
v 0.070723 0.192800 0.017531
v 0.046893 0.182714 0.017947
v 0.180055 0.164109 0.017811
v 0.183474 0.127218 0.017902
v 0.182247 0.145555 0.017028
v 0.163995 0.184688 0.018607
v 0.152616 0.205542 0.015709
v 0.135154 0.209733 0.017084
v -0.161860 0.048212 0.019306
v -0.165747 0.030159 0.017620
v -0.186987 0.013540 0.019261
v -0.188574 -0.004697 0.023193
v -0.173636 -0.024629 0.018786
v -0.158760 -0.045241 0.012708
v -0.159980 -0.063556 0.012178
v -0.161086 -0.081632 0.012355
v -0.139569 -0.103405 0.012425
v -0.141936 -0.122091 0.031219
v -0.145271 -0.137350 0.046127
v -0.149343 -0.153033 0.060100
v -0.149473 -0.173361 0.073659
v -0.141731 -0.191943 0.088256
v -0.137097 -0.190068 0.104136
v 0.040911 -0.189360 0.101825
v 0.050926 -0.172849 0.093988
v 0.038891 -0.137154 0.079465
v 0.045796 -0.154729 0.081275
v 0.038829 -0.118592 0.077170
v 0.041123 -0.099065 0.075639
v 0.044624 -0.080765 0.076127
v 0.066438 -0.067362 0.066709
v 0.081805 -0.050689 0.051209
v 0.079112 -0.030985 0.033649
v 0.077184 -0.013012 0.035623
v -0.093921 -0.212477 0.098073
v -0.078190 -0.210752 0.079592
v -0.069943 -0.194248 0.061163
v -0.060971 -0.176219 0.044829
v -0.048860 -0.189688 0.041439
v -0.037809 -0.209586 0.055638
v -0.019015 -0.223809 0.070593
v 0.029864 -0.203393 0.099713
v -0.120524 -0.192696 0.117702
v -0.105730 -0.200733 0.115436
v 0.078016 0.004929 0.037394
v 0.083352 0.043938 0.025428
v 0.074725 0.027852 0.021526
v 0.237905 0.384982 0.980543
v 0.237496 0.377854 0.986701
v 0.103383 0.055243 0.015426
v 0.107254 0.072673 0.015709
v 0.130425 0.083078 0.017201
v 0.153356 0.095758 0.016735
v 0.182678 0.108962 0.018602
v -0.053629 0.196447 0.014921
v -0.041641 0.215357 0.017820
v -0.067956 0.201353 0.013455
v -0.100427 0.189180 0.017133
v -0.103789 0.171066 0.016889
v -0.010471 0.207595 0.042549
v -0.024386 0.223661 0.028477
v 0.004132 0.170209 0.035193
v 0.002256 0.195673 0.036724
v -0.084591 0.147117 0.023170
v -0.102351 0.132473 0.013881
v -0.124750 0.117772 0.019466
v -0.144994 0.101796 0.020728
v 0.024261 0.175498 0.025288
v 0.100521 0.221753 0.017165
v 0.117684 0.214856 0.018138
v 0.078178 0.209970 0.021379
v 0.054835 0.199017 0.020149
v 0.031294 0.189398 0.016884
v 0.180748 0.182224 0.015934
v 0.188489 0.144861 0.000011
v 0.189012 0.126526 0.000021
v 0.167814 0.202357 0.019459
v 0.157953 0.222775 0.018973
v 0.140023 0.225919 0.019054
v -0.182634 0.050010 0.021764
v -0.185090 0.032049 0.018197
v -0.205109 0.013865 0.019500
v -0.204928 -0.004590 0.018738
v -0.191891 -0.023315 0.021977
v -0.176125 -0.043077 0.018648
v -0.178486 -0.061423 0.017883
v -0.179739 -0.079764 0.019474
v -0.162526 -0.099578 0.011962
v -0.143433 -0.120552 0.013289
v -0.142576 -0.142554 0.028519
v -0.144304 -0.148445 0.043813
v -0.146230 -0.169432 0.056628
v -0.142386 -0.190197 0.070355
v -0.129344 -0.205603 0.085492
v -0.124907 -0.201758 0.102429
v 0.043574 -0.189158 0.083126
v 0.048894 -0.172249 0.081127
v 0.052100 -0.137045 0.065003
v 0.052156 -0.154614 0.065160
v 0.053840 -0.119225 0.064415
v 0.057045 -0.101447 0.064178
v 0.061063 -0.084023 0.065007
v 0.079438 -0.068395 0.050772
v 0.079705 -0.048904 0.032036
v 0.070727 -0.010813 0.019532
v 0.072383 -0.030056 0.017176
v -0.110425 -0.209964 0.100200
v -0.095305 -0.218815 0.080867
v -0.080104 -0.209953 0.060691
v -0.072552 -0.190791 0.043795
v -0.064100 -0.176955 0.027917
v -0.050669 -0.185235 0.023787
v -0.037432 -0.202696 0.037776
v -0.022298 -0.219418 0.051856
v 0.000732 -0.225348 0.066649
v 0.006057 -0.224210 0.084176
v 0.034352 -0.203875 0.081799
v 0.068573 0.008910 0.020025
v 0.087016 0.025381 0.012417
v 0.100242 0.031034 0.012590
v 0.122312 0.045231 0.013074
v 0.126234 0.065063 0.012250
v 0.148929 0.077712 0.017873
v 0.169916 0.092059 0.020356
v 0.189464 0.108205 0.000055
v -0.061529 0.219405 0.013581
v -0.117399 0.192065 0.020068
v -0.119515 0.173674 0.022735
v -0.108229 0.152722 0.015254
v -0.092400 0.149189 0.015375
v -0.080793 0.204541 0.015513
v -0.097571 0.207539 0.014952
v -0.010116 0.215457 0.025649
v -0.023450 0.230343 0.014746
v -0.040844 0.232750 0.013785
v 0.008557 0.182016 0.023896
v -0.000386 0.204320 0.019763
v -0.123142 0.136133 0.018464
v -0.142526 0.119990 0.018547
v -0.162096 0.103516 0.021222
v -0.165189 0.085440 0.021599
v -0.180765 0.068364 0.022578
v 0.083220 0.227764 0.017702
v 0.105953 0.242783 0.018888
v 0.121894 0.230071 0.018907
v 0.061180 0.215683 0.021065
v 0.039015 0.205268 0.016584
v 0.014134 0.194735 0.016439
v 0.181293 0.200696 0.016500
v 0.169707 0.126131 0.000041
v 0.169682 0.144540 0.000041
v 0.179754 0.219535 0.017203
v 0.143807 0.242871 0.019596
v 0.162292 0.240601 0.020359
v -0.204447 0.050748 0.020931
v -0.204896 0.032376 0.020902
v -0.205868 0.013521 0.000013
v -0.205698 -0.004820 0.000027
v -0.204523 -0.023053 0.018019
v -0.199533 -0.041712 0.021419
v -0.201211 -0.060172 0.021912
v -0.201952 -0.078644 0.021183
v -0.181053 -0.098091 0.019236
v -0.163782 -0.117148 0.013586
v -0.146813 -0.142110 0.014692
v -0.140462 -0.164331 0.040576
v -0.139139 -0.185366 0.053048
v -0.130322 -0.203972 0.067366
v -0.113716 -0.215178 0.083089
v 0.050325 -0.172200 0.064866
v 0.059007 -0.155371 0.048061
v 0.063726 -0.138085 0.048899
v 0.067717 -0.120726 0.049418
v 0.071188 -0.103193 0.049603
v 0.075248 -0.085777 0.050104
v 0.078435 -0.066498 0.030627
v 0.074123 -0.048602 0.008971
v 0.075643 -0.029515 0.003963
v 0.075809 -0.009983 0.006746
v -0.097302 -0.217956 0.061965
v -0.083980 -0.204365 0.043180
v 0.022199 -0.216069 0.082110
v -0.074790 -0.187024 0.022285
v -0.061495 -0.194917 0.011545
v -0.036633 -0.194355 0.020625
v -0.022998 -0.211889 0.034134
v -0.003071 -0.221186 0.048006
v 0.019561 -0.217782 0.064061
v 0.043913 -0.188688 0.064447
v 0.034212 -0.204595 0.063470
v 0.079126 0.008819 0.009144
v 0.098774 0.006279 0.012038
v 0.116759 0.024673 0.021785
v 0.139852 0.040724 0.015659
v 0.145050 0.059450 0.015597
v 0.167867 0.073963 0.016170
v 0.185265 0.090453 0.017687
v 0.189465 0.089852 0.000014
v 0.169785 0.107772 0.000041
v -0.078041 0.222680 0.016712
v -0.057840 0.236907 0.016538
v -0.115497 0.210069 0.015565
v -0.135252 0.193549 0.018478
v -0.136861 0.175034 0.020725
v -0.121380 0.154607 0.022768
v -0.095492 0.225752 0.018350
v -0.008457 0.224256 0.010454
v -0.019920 0.249985 0.015489
v -0.038184 0.251745 0.015360
v 0.007003 0.216403 0.008035
v -0.140266 0.138273 0.020730
v -0.159883 0.121739 0.022346
v -0.179227 0.104771 0.023485
v -0.181524 0.086704 0.022153
v -0.203984 0.069071 0.021800
v 0.066084 0.232608 0.021484
v 0.087988 0.246348 0.016351
v 0.044911 0.222157 0.018777
v 0.022927 0.211314 0.012771
v 0.150899 0.143879 0.000041
v 0.150930 0.125622 0.000041
v 0.169549 0.162853 0.000041
v 0.188243 0.163153 0.000033
v 0.181499 0.238150 0.017167
v 0.125043 0.243645 0.020469
v 0.146775 0.261085 0.021131
v 0.165145 0.259490 0.021139
v -0.207025 0.050372 0.000080
v -0.206516 0.031948 0.000055
v -0.186637 0.013690 0.000041
v -0.186322 -0.004692 0.000041
v -0.205428 -0.023225 0.000021
v -0.205875 -0.060124 0.000068
v -0.205902 -0.078637 0.000079
v -0.202648 -0.097079 0.020710
v -0.182917 -0.115906 0.018322
v -0.165196 -0.133648 0.014936
v -0.143737 -0.161149 0.012810
v -0.137933 -0.159906 0.024275
v -0.133418 -0.178771 0.036785
v -0.128299 -0.198355 0.049954
v -0.115097 -0.214050 0.064543
v 0.052008 -0.172052 0.046812
v 0.063973 -0.137186 0.029860
v 0.057414 -0.153971 0.029391
v 0.068934 -0.119778 0.029575
v 0.073233 -0.102219 0.029579
v 0.076135 -0.084403 0.030174
v 0.075971 -0.066458 0.010294
v 0.075925 -0.048857 0.002438
v 0.095472 -0.030595 0.009702
v 0.096059 -0.011953 0.012775
v -0.099308 -0.210635 0.044716
v -0.087404 -0.196942 0.025331
v -0.087240 -0.203036 0.014169
v -0.065002 -0.207715 0.012122
v -0.043729 -0.201928 0.007421
v -0.024672 -0.205849 0.013774
v -0.005940 -0.214555 0.030291
v 0.015533 -0.215286 0.045946
v 0.031227 -0.203327 0.045103
v 0.042847 -0.188111 0.045748
v 0.116849 0.004763 0.016997
v 0.136431 0.022401 0.021920
v 0.167771 0.055062 0.018205
v 0.185912 0.072004 0.016930
v 0.189071 0.071431 0.000011
v 0.169883 0.089441 0.000041
v 0.151283 0.107567 0.000041
v -0.075651 0.240699 0.018476
v -0.056344 0.254017 0.014900
v -0.133492 0.211486 0.015941
v -0.113566 0.228482 0.013964
v -0.153197 0.194306 0.015279
v -0.154703 0.176046 0.017266
v -0.138571 0.156622 0.023414
v -0.093523 0.243824 0.022116
v -0.001809 0.245360 0.015097
v -0.036382 0.266919 0.021686
v -0.017966 0.265800 0.024080
v 0.013791 0.233402 0.010160
v -0.157917 0.139912 0.023292
v -0.177273 0.122938 0.024191
v -0.196973 0.105594 0.024401
v -0.201469 0.087356 0.022940
v -0.207131 0.068733 0.000023
v 0.049061 0.238891 0.020800
v 0.070356 0.249417 0.021290
v 0.091546 0.264449 0.021228
v 0.109840 0.262695 0.022497
v 0.030563 0.227854 0.008517
v 0.150936 0.162248 0.000041
v 0.132816 0.125746 0.000041
v 0.132469 0.143764 0.000041
v 0.169444 0.181092 0.000041
v 0.188037 0.181340 0.000026
v 0.189559 0.217689 0.000036
v 0.190166 0.236015 0.000106
v 0.183788 0.256995 0.018652
v 0.128295 0.261934 0.021358
v 0.167823 0.282631 0.022462
v 0.149070 0.282614 0.022900
v -0.187091 0.050387 0.000041
v -0.186893 0.032054 0.000041
v -0.167435 0.013712 0.000041
v -0.167253 -0.004659 0.000041
v -0.186000 -0.023077 0.000041
v -0.204801 -0.041658 0.000015
v -0.185542 -0.060014 0.000041
v -0.185577 -0.078513 0.000041
v -0.205216 -0.097267 0.000028
v -0.203509 -0.115542 0.021445
v -0.183430 -0.133749 0.019394
v -0.164995 -0.149872 0.014751
v -0.163477 -0.167144 0.013194
v -0.144634 -0.180010 0.009813
v -0.132643 -0.175228 0.014760
v -0.123600 -0.190201 0.033892
v -0.114409 -0.207682 0.046996
v 0.048686 -0.169797 0.028371
v 0.057547 -0.152806 0.011144
v 0.062600 -0.136261 0.010841
v 0.065833 -0.118730 0.008821
v 0.070885 -0.101360 0.009113
v 0.074675 -0.084052 0.010779
v 0.094325 -0.068076 0.008532
v 0.094970 -0.049325 0.008749
v 0.113692 -0.032573 0.016038
v 0.114220 -0.013989 0.018793
v -0.100997 -0.199926 0.028660
v -0.088729 -0.221797 0.012600
v -0.068508 -0.220513 0.012699
v -0.008119 -0.209096 0.008523
v 0.011355 -0.210405 0.027982
v 0.038964 -0.185239 0.027452
v 0.026941 -0.199644 0.027205
v 0.134358 0.002965 0.020491
v 0.154742 0.037629 0.017088
v 0.153970 0.019031 0.018615
v 0.169477 0.036437 0.022235
v 0.186628 0.053616 0.017257
v 0.170358 0.071039 0.000041
v 0.189352 0.053065 -0.000044
v 0.151673 0.089161 0.000041
v 0.133059 0.107320 0.000041
v -0.074090 0.257196 0.019720
v -0.054988 0.266832 0.020200
v -0.131473 0.229385 0.018990
v -0.151442 0.211858 0.019559
v -0.111635 0.246445 0.018743
v -0.171221 0.194922 0.019460
v -0.172637 0.177070 0.020583
v -0.156311 0.157755 0.019792
v -0.092307 0.263231 0.024563
v 0.000395 0.264908 0.025161
v -0.017984 0.285297 0.020386
v -0.036263 0.281711 0.018026
v -0.175705 0.141137 0.024735
v -0.194977 0.123878 0.024730
v -0.206661 0.087014 -0.000051
v -0.187259 0.068705 0.000041
v 0.035822 0.247125 0.008437
v 0.053122 0.253722 0.019609
v 0.073507 0.266329 0.020941
v 0.112294 0.281927 0.019181
v 0.093820 0.282394 0.018188
v 0.132224 0.161446 0.000041
v 0.150964 0.180576 0.000041
v 0.114519 0.125456 0.000041
v 0.114330 0.143926 0.000041
v 0.169410 0.199391 0.000041
v 0.188588 0.199463 0.000027
v 0.169479 0.217551 0.000041
v 0.169705 0.235605 0.000041
v 0.190814 0.254430 0.000121
v 0.184737 0.276591 0.019917
v 0.130683 0.281680 0.020504
v 0.150733 0.286414 0.000607
v 0.170542 0.287857 0.000547
v -0.167768 0.050408 0.000041
v -0.167620 0.032072 0.000041
v -0.148415 0.013670 0.000041
v -0.148300 -0.004702 0.000041
v -0.167056 -0.023040 0.000041
v -0.185603 -0.041484 0.000041
v -0.166742 -0.059852 0.000041
v -0.166646 -0.078328 0.000041
v -0.185486 -0.097080 0.000041
v -0.203838 -0.115880 0.000046
v -0.203641 -0.134064 0.021932
v -0.183182 -0.151669 0.019901
v -0.182215 -0.169475 0.019220
v -0.161299 -0.183870 0.012159
v -0.137903 -0.196366 0.010789
v -0.121738 -0.190069 0.015111
v -0.111845 -0.197428 0.031098
v 0.048111 -0.167752 0.008988
v 0.074310 -0.157908 0.011149
v 0.079964 -0.140169 0.010532
v 0.084583 -0.122449 0.009636
v 0.088778 -0.104604 0.009399
v 0.092360 -0.086464 0.008856
v 0.113161 -0.051265 0.014420
v 0.112561 -0.070001 0.012407
v 0.132283 -0.034705 0.019185
v 0.133111 -0.016043 0.020461
v -0.111508 -0.207138 0.012360
v -0.108783 -0.224656 0.011727
v -0.088729 -0.240446 0.013803
v -0.069506 -0.240021 0.014427
v -0.029766 -0.224478 0.011794
v -0.011282 -0.227188 0.010513
v 0.012803 -0.210771 0.007048
v 0.030228 -0.199783 0.008322
v 0.038881 -0.183373 0.007163
v 0.152658 0.000738 0.020136
v 0.170741 0.017711 0.022122
v 0.187177 0.035189 0.017719
v 0.170739 0.052547 0.000041
v 0.151932 0.070494 0.000041
v 0.189595 0.034527 0.000025
v 0.133237 0.088694 0.000041
v 0.114647 0.107010 0.000041
v -0.073570 0.265088 0.022027
v -0.054781 0.280866 0.017722
v -0.130340 0.247303 0.019594
v -0.150126 0.229823 0.021171
v -0.169811 0.212356 0.021465
v -0.110958 0.264860 0.019409
v -0.189009 0.195349 0.018130
v -0.190267 0.178354 0.023956
v -0.174181 0.159107 0.023084
v 0.018844 0.264485 0.024550
v 0.017091 0.250045 0.012126
v 0.000789 0.285483 0.021686
v -0.017830 0.284228 0.000129
v -0.036471 0.282717 0.000114
v -0.193697 0.142108 0.027751
v -0.208043 0.123714 0.017425
v -0.208186 0.105486 0.016518
v -0.206259 0.105106 -0.000140
v -0.187143 0.087011 0.000041
v -0.167874 0.068728 0.000041
v 0.037014 0.264826 0.021219
v 0.055446 0.267403 0.019008
v 0.075322 0.283402 0.017278
v 0.094457 0.285591 0.000194
v 0.113243 0.285571 0.000360
v 0.114063 0.161964 0.000041
v 0.132183 0.179437 0.000041
v 0.150983 0.198854 0.000041
v 0.095968 0.143670 0.000041
v 0.096092 0.125303 0.000041
v 0.150993 0.234647 0.000041
v 0.151009 0.216911 0.000041
v 0.170350 0.253539 0.000041
v 0.189706 0.276049 0.000454
v 0.131809 0.286119 0.000202
v 0.171011 0.271164 0.000041
v 0.150899 0.269619 0.000041
v -0.148630 0.050381 0.000041
v -0.148529 0.032029 0.000041
v -0.129501 0.013604 0.000041
v -0.129424 -0.004777 0.000041
v -0.148188 -0.023085 0.000041
v -0.166869 -0.041429 0.000041
v -0.148006 -0.059890 0.000041
v -0.147962 -0.078308 0.000041
v -0.166639 -0.096806 0.000041
v -0.184818 -0.115695 0.000041
v -0.204119 -0.134360 0.000061
v -0.204235 -0.152693 0.021617
v -0.202734 -0.171159 0.020048
v -0.181070 -0.187233 0.016375
v -0.156490 -0.200568 0.013403
v -0.131818 -0.212340 0.011750
v 0.065694 -0.174576 0.010716
v 0.096783 -0.142884 0.017238
v 0.091068 -0.160675 0.016230
v 0.103718 -0.125094 0.017904
v 0.107371 -0.106738 0.016856
v 0.110740 -0.088650 0.013119
v 0.131958 -0.053157 0.015331
v 0.131243 -0.071820 0.012706
v 0.151651 -0.017832 0.021449
v 0.150704 -0.036505 0.021919
v -0.128410 -0.228468 0.011230
v -0.107337 -0.242341 0.012246
v -0.088582 -0.259014 0.016804
v -0.069997 -0.258667 0.017205
v -0.048776 -0.221503 0.011786
v -0.050637 -0.240764 0.013605
v -0.032005 -0.242204 0.016096
v -0.013671 -0.243990 0.017647
v 0.006538 -0.229789 0.009801
v 0.049093 -0.206890 0.012744
v 0.056710 -0.190683 0.011128
v 0.170741 -0.000799 0.021544
v 0.189108 0.016765 0.020030
v 0.152081 0.051963 0.000041
v 0.170864 0.033822 0.000041
v 0.133412 0.070199 0.000041
v 0.190072 0.015829 0.000063
v 0.114793 0.088525 0.000041
v 0.096215 0.106881 0.000041
v -0.073312 0.280186 0.017735
v -0.054842 0.282929 0.000048
v -0.149098 0.247880 0.023567
v -0.129866 0.264888 0.017296
v -0.168592 0.230093 0.020104
v -0.188267 0.212946 0.017902
v -0.091757 0.283067 0.019674
v -0.110633 0.283825 0.017665
v -0.207210 0.195292 0.016996
v -0.206205 0.177638 0.017125
v -0.192110 0.160474 0.027548
v 0.019428 0.285413 0.021190
v 0.000740 0.284706 0.000164
v -0.017052 0.265936 0.000041
v -0.035785 0.265242 0.000041
v -0.208614 0.141907 0.018630
v -0.207188 0.123039 -0.000137
v -0.186706 0.105311 0.000041
v -0.167955 0.087046 0.000041
v -0.148717 0.068718 0.000041
v 0.056699 0.284601 0.017480
v 0.075601 0.285802 -0.000027
v 0.113318 0.268403 0.000041
v 0.094604 0.267969 0.000041
v 0.113746 0.179472 0.000041
v 0.095853 0.161974 0.000041
v 0.132201 0.197647 0.000041
v 0.077666 0.125178 0.000041
v 0.077557 0.143523 0.000041
v 0.150961 0.252302 0.000041
v 0.132396 0.234025 0.000041
v 0.132290 0.215921 0.000041
v 0.132224 0.269249 0.000041
v 0.187910 0.290447 0.000041
v -0.129657 0.050336 0.000041
v -0.129588 0.031975 0.000041
v -0.110659 0.013517 0.000041
v -0.110600 -0.004874 0.000041
v -0.129355 -0.023169 0.000041
v -0.148085 -0.041480 0.000041
v -0.129277 -0.059992 0.000041
v -0.129272 -0.078416 0.000041
v -0.147996 -0.096738 0.000041
v -0.166493 -0.115488 0.000041
v -0.184323 -0.133887 0.000041
v -0.203524 -0.153023 0.000063
v -0.204232 -0.171459 0.000044
v -0.201937 -0.189678 0.020151
v -0.178698 -0.204900 0.019417
v -0.149935 -0.216602 0.012491
v 0.085872 -0.178733 0.015283
v 0.106579 -0.144177 0.019219
v 0.107049 -0.163004 0.019152
v 0.125089 -0.127410 0.020485
v 0.127148 -0.108905 0.017994
v 0.129617 -0.090742 0.013705
v 0.149830 -0.073456 0.014952
v 0.150360 -0.054941 0.017894
v 0.169278 -0.037739 0.021685
v 0.169999 -0.019306 0.021917
v -0.147001 -0.232256 0.010623
v -0.126077 -0.245135 0.010997
v -0.106953 -0.260416 0.014403
v -0.089437 -0.278688 0.016637
v -0.071137 -0.278388 0.016972
v -0.051675 -0.259247 0.016838
v -0.033528 -0.260327 0.019484
v -0.015381 -0.261703 0.021527
v 0.004368 -0.246557 0.017085
v 0.023590 -0.233570 0.011519
v 0.025441 -0.217297 0.008832
v 0.043835 -0.223084 0.013420
v 0.073918 -0.195175 0.014896
v 0.067090 -0.211573 0.016318
v 0.189332 -0.002078 0.020011
v 0.133604 0.051707 0.000041
v 0.152312 0.033471 0.000041
v 0.171197 0.015339 0.000041
v 0.114944 0.070030 0.000041
v 0.190756 -0.002681 0.000049
v 0.096341 0.088414 0.000041
v 0.077774 0.106773 0.000041
v -0.073391 0.283484 0.000076
v -0.054639 0.264350 0.000041
v -0.148741 0.265242 0.019665
v -0.167881 0.247947 0.021811
v -0.129744 0.282725 0.016375
v -0.187285 0.230560 0.015749
v -0.207388 0.213030 0.017838
v -0.091837 0.284069 0.000068
v -0.110563 0.284173 0.000031
v -0.210060 0.194763 -0.000108
v -0.208340 0.176519 -0.000052
v -0.208695 0.159974 0.019314
v 0.019569 0.284715 0.000180
v 0.038131 0.285391 0.019447
v 0.001679 0.266540 0.000041
v -0.016507 0.249513 0.000041
v -0.034858 0.247578 0.000041
v -0.207884 0.140994 -0.000176
v -0.187055 0.123465 0.000041
v -0.167780 0.105353 0.000041
v -0.148798 0.087052 0.000041
v -0.129723 0.068684 0.000041
v 0.056793 0.286319 0.000008
v 0.075939 0.268179 0.000041
v 0.094694 0.250254 0.000041
v 0.113376 0.250712 0.000041
v 0.095642 0.180180 0.000041
v 0.113574 0.197125 0.000041
v 0.077459 0.161816 0.000041
v 0.059150 0.143370 0.000041
v 0.059244 0.125060 0.000041
v 0.132319 0.251821 0.000041
v 0.113451 0.214879 0.000041
v 0.113358 0.232663 0.000041
v -0.110773 0.050267 0.000041
v -0.110727 0.031898 0.000041
v -0.091830 0.013405 0.000041
v -0.091800 -0.004995 0.000041
v -0.110557 -0.023278 0.000041
v -0.129305 -0.041576 0.000041
v -0.110537 -0.078541 0.000041
v -0.110527 -0.060111 0.000041
v -0.129275 -0.096852 0.000041
v -0.148043 -0.115232 0.000041
v -0.166047 -0.134177 0.000041
v -0.184346 -0.152524 0.000041
v -0.184720 -0.171472 0.000041
v -0.205806 -0.190142 0.000048
v -0.202536 -0.208345 0.021462
v 0.104745 -0.181370 0.018333
v 0.123975 -0.165044 0.020774
v 0.124854 -0.146396 0.020998
v 0.146288 -0.110865 0.018782
v 0.144241 -0.129417 0.021985
v 0.148464 -0.092385 0.015373
v 0.168724 -0.056465 0.020896
v 0.168031 -0.074999 0.019902
v 0.188548 -0.020712 0.018678
v 0.189046 -0.039338 0.019032
v -0.165363 -0.221764 0.015599
v -0.164059 -0.244762 0.011819
v -0.145020 -0.247065 0.010259
v -0.125505 -0.262092 0.013015
v -0.107835 -0.279471 0.016184
v -0.090886 -0.284327 -0.000135
v -0.072544 -0.284875 -0.000033
v -0.052879 -0.278722 0.017123
v -0.034504 -0.279519 0.018213
v -0.016169 -0.280569 0.018611
v 0.002812 -0.263388 0.021412
v 0.021907 -0.249526 0.016640
v 0.041162 -0.238247 0.015345
v 0.062676 -0.228198 0.017995
v 0.083391 -0.214446 0.018110
v 0.086295 -0.197178 0.016737
v 0.133801 0.033214 0.000041
v 0.115105 0.051537 0.000041
v 0.152587 0.014981 0.000041
v 0.171566 -0.003162 0.000041
v 0.096465 0.069927 0.000041
v 0.190887 -0.021514 0.000018
v 0.077881 0.088329 0.000041
v 0.059336 0.106685 0.000041
v -0.073451 0.264896 0.000041
v -0.053553 0.247035 0.000041
v -0.148473 0.282742 0.019317
v -0.167477 0.265278 0.020403
v -0.186862 0.248225 0.019175
v -0.129590 0.283713 -0.000007
v -0.207939 0.230768 0.018620
v -0.209864 0.212972 -0.000099
v -0.110849 0.265940 0.000041
v -0.092243 0.265836 0.000041
v -0.188314 0.194636 0.000041
v -0.186503 0.175870 0.000041
v -0.208232 0.158766 -0.000224
v 0.038329 0.285741 0.000182
v 0.020259 0.268094 0.000041
v 0.001922 0.250493 0.000041
v -0.016719 0.232607 0.000041
v -0.035210 0.231921 0.000041
v -0.187847 0.141308 0.000041
v -0.167839 0.123679 0.000041
v -0.148875 0.105382 0.000041
v -0.129793 0.087032 0.000041
v -0.110812 0.068630 0.000041
v 0.057479 0.268446 0.000041
v 0.076214 0.250412 0.000041
v 0.094864 0.232580 0.000041
v 0.077369 0.180049 0.000041
v 0.095389 0.197847 0.000041
v 0.059067 0.161641 0.000041
v 0.040652 0.142924 0.000041
v 0.040716 0.124732 0.000041
v 0.095057 0.214987 0.000041
v -0.091871 0.031797 0.000041
v -0.091904 0.050177 0.000041
v -0.073003 0.013282 0.000041
v -0.072991 -0.005126 0.000041
v -0.091779 -0.023403 0.000041
v -0.110532 -0.041690 0.000041
v -0.110548 -0.096987 0.000041
v -0.091780 -0.060246 0.000041
v -0.091795 -0.078684 0.000041
v -0.129269 -0.115300 0.000041
v -0.147894 -0.133761 0.000041
v -0.165686 -0.152555 0.000041
v -0.185683 -0.190256 0.000041
v -0.165637 -0.170826 0.000041
v -0.205924 -0.209253 0.000094
v -0.202430 -0.227221 0.020666
v -0.181555 -0.224613 0.020200
v 0.102472 -0.199307 0.017576
v 0.122016 -0.183295 0.019413
v 0.141284 -0.166897 0.022519
v 0.142846 -0.148218 0.022704
v 0.165364 -0.112252 0.020831
v 0.163287 -0.130927 0.024012
v 0.167157 -0.093636 0.019362
v 0.188351 -0.057948 0.019440
v 0.188223 -0.076513 0.020198
v 0.191142 -0.040229 0.000047
v -0.182332 -0.244321 0.015762
v -0.144208 -0.263447 0.013091
v -0.126182 -0.280065 0.015521
v -0.109682 -0.285667 -0.000109
v -0.091238 -0.265005 0.000041
v -0.072883 -0.264598 0.000041
v -0.054292 -0.284538 -0.000112
v -0.035552 -0.285013 -0.000019
v -0.016800 -0.284418 0.000043
v 0.002320 -0.281111 0.018089
v 0.020972 -0.264758 0.020628
v 0.039659 -0.252084 0.018363
v 0.059397 -0.245494 0.020001
v 0.080645 -0.231903 0.019474
v 0.100496 -0.216737 0.017335
v 0.134010 0.014713 0.000041
v 0.115266 0.033041 0.000041
v 0.096592 0.051435 0.000041
v 0.152861 -0.003506 0.000041
v 0.171865 -0.021674 0.000041
v 0.077985 0.069855 0.000041
v 0.059427 0.088266 0.000041
v 0.040745 0.106420 0.000041
v -0.072632 0.246246 0.000041
v -0.053315 0.230601 0.000041
v -0.167192 0.282087 0.019471
v -0.148999 0.285029 0.000057
v -0.186621 0.265610 0.021989
v -0.208468 0.248815 0.018587
v -0.129441 0.265782 0.000041
v -0.208961 0.231120 -0.000170
v -0.189432 0.213109 0.000041
v -0.091945 0.246999 0.000041
v -0.110938 0.247887 0.000041
v -0.167187 0.193772 0.000041
v -0.167238 0.175699 0.000041
v -0.187595 0.158854 0.000041
v 0.039077 0.268524 0.000041
v 0.020812 0.250948 0.000041
v 0.002185 0.232808 0.000041
v -0.016548 0.214641 0.000041
v -0.035626 0.214555 0.000041
v -0.168229 0.141763 0.000041
v -0.148883 0.123717 0.000041
v -0.129873 0.105381 0.000041
v -0.110869 0.086988 0.000041
v -0.091921 0.068547 0.000041
v 0.058013 0.251263 0.000041
v 0.076559 0.233086 0.000041
v 0.058981 0.179842 0.000041
v 0.077232 0.198247 0.000041
v 0.040597 0.161115 0.000041
v 0.022082 0.124237 0.000041
v 0.021989 0.142394 0.000041
v 0.076981 0.216042 0.000041
v -0.073032 0.050065 0.000041
v -0.073017 0.031681 0.000041
v -0.054180 0.013129 0.000041
v -0.054190 -0.005290 0.000041
v -0.072987 -0.023545 0.000041
v -0.091772 -0.041821 0.000041
v -0.091814 -0.097134 0.000041
v -0.110549 -0.115442 0.000041
v -0.073030 -0.060403 0.000041
v -0.073065 -0.078842 0.000041
v -0.129237 -0.133761 0.000041
v -0.147592 -0.152521 0.000041
v -0.166173 -0.189818 0.000041
v -0.186730 -0.209217 0.000041
v -0.147340 -0.171490 0.000041
v -0.205514 -0.228208 -0.000002
v -0.202096 -0.245940 0.019867
v 0.120225 -0.201072 0.016792
v 0.139315 -0.185140 0.020038
v 0.161064 -0.149818 0.025385
v 0.158854 -0.168493 0.024177
v 0.186130 -0.132365 0.023120
v 0.187108 -0.113793 0.021366
v 0.187851 -0.095247 0.020154
v 0.190132 -0.077568 0.000064
v 0.190572 -0.058959 0.000072
v 0.171948 -0.040346 0.000041
v -0.181786 -0.263990 0.017260
v -0.163049 -0.264264 0.013523
v -0.144986 -0.280803 0.015377
v -0.128287 -0.286655 -0.000045
v -0.110444 -0.264683 0.000041
v -0.091421 -0.245948 0.000041
v -0.072919 -0.245674 0.000041
v -0.054446 -0.264689 0.000041
v -0.035766 -0.264785 0.000041
v -0.017055 -0.264118 0.000041
v 0.001987 -0.283192 -0.000135
v 0.020914 -0.281110 0.017136
v 0.039203 -0.265581 0.020493
v 0.078256 -0.249561 0.021302
v 0.098704 -0.234237 0.018199
v 0.118562 -0.218690 0.015420
v 0.134204 -0.003776 0.000041
v 0.115429 0.014540 0.000041
v 0.096718 0.032935 0.000041
v 0.078092 0.051375 0.000041
v 0.153067 -0.021989 0.000041
v 0.059517 0.069813 0.000041
v 0.040770 0.088088 0.000041
v 0.022088 0.105965 0.000041
v -0.071515 0.228867 0.000041
v -0.054151 0.214146 0.000041
v -0.186049 0.282757 0.020084
v -0.166581 0.285619 0.000232
v -0.149010 0.266377 0.000041
v -0.209124 0.266520 0.021620
v -0.209914 0.249201 0.000140
v -0.129621 0.247817 0.000041
v -0.189897 0.231207 0.000041
v -0.168205 0.212262 0.000041
v -0.091138 0.228437 0.000041
v -0.109885 0.228793 0.000041
v -0.146881 0.193005 0.000041
v -0.148453 0.176722 0.000041
v -0.168364 0.159232 0.000041
v 0.039586 0.250879 0.000041
v 0.021185 0.232983 0.000041
v 0.002337 0.214694 0.000041
v -0.035453 0.196487 0.000041
v -0.016459 0.196456 0.000041
v -0.149327 0.141993 0.000041
v -0.129957 0.123724 0.000041
v -0.110958 0.105338 0.000041
v -0.091959 0.086907 0.000041
v -0.073035 0.068442 0.000041
v 0.058403 0.233753 0.000041
v 0.058876 0.197966 0.000041
v 0.040524 0.179232 0.000041
v 0.021849 0.160514 0.000041
v 0.002900 0.123432 0.000041
v 0.002820 0.141712 0.000041
v 0.058713 0.215982 0.000041
v -0.054178 0.031540 0.000041
v -0.054183 0.049942 0.000041
v -0.035285 -0.005465 0.000041
v -0.035367 0.012962 0.000041
v -0.054217 -0.023715 0.000041
v -0.073001 -0.041971 0.000041
v -0.073100 -0.097291 0.000041
v -0.091837 -0.115594 0.000041
v -0.110539 -0.133913 0.000041
v -0.054373 -0.079019 0.000041
v -0.054311 -0.060579 0.000041
v -0.129174 -0.152264 0.000041
v -0.147207 -0.189644 0.000041
v -0.167251 -0.208892 0.000041
v -0.186541 -0.228141 0.000041
v -0.129026 -0.170875 0.000041
v -0.205629 -0.247067 -0.000127
v -0.201362 -0.264183 0.018802
v 0.138030 -0.202732 0.015608
v 0.156980 -0.186659 0.020776
v 0.180499 -0.151312 0.028186
v 0.176158 -0.169824 0.024710
v 0.190046 -0.133458 0.000057
v 0.190168 -0.114549 0.000115
v 0.188735 -0.096252 0.000093
v 0.171160 -0.077735 0.000041
v 0.171636 -0.059096 0.000041
v 0.153158 -0.040498 0.000041
v -0.182804 -0.282487 0.017840
v -0.163960 -0.281699 0.015857
v -0.147242 -0.286478 -0.000180
v -0.129510 -0.265990 0.000041
v -0.110019 -0.246176 0.000041
v -0.091537 -0.227178 0.000041
v -0.072934 -0.227083 0.000041
v -0.054341 -0.245697 0.000041
v -0.035635 -0.245627 0.000041
v -0.017080 -0.245013 0.000041
v 0.001910 -0.263708 0.000041
v 0.021120 -0.283811 -0.000032
v 0.039576 -0.280811 0.015905
v 0.058048 -0.265938 0.021569
v 0.076937 -0.267083 0.022047
v 0.096843 -0.251777 0.020554
v 0.116808 -0.236231 0.016602
v 0.136522 -0.220528 0.013780
v 0.134365 -0.022246 0.000041
v 0.115577 -0.003948 0.000041
v 0.096847 0.014432 0.000041
v 0.078182 0.032885 0.000041
v 0.059604 0.051344 0.000041
v 0.040791 0.069683 0.000041
v 0.022060 0.087660 0.000041
v 0.002986 0.105190 0.000041
v -0.072393 0.213286 0.000041
v -0.054658 0.196497 0.000041
v -0.205291 0.283231 0.019719
v -0.184116 0.285805 0.000318
v -0.168650 0.267487 0.000041
v -0.148960 0.248099 0.000041
v -0.213602 0.267354 0.000573
v -0.129647 0.229822 0.000041
v -0.168582 0.230620 0.000041
v -0.148467 0.211863 0.000041
v -0.090547 0.211983 0.000041
v -0.108822 0.210772 0.000041
v -0.128323 0.193949 0.000041
v -0.129863 0.177321 0.000041
v -0.149167 0.159969 0.000041
v 0.039967 0.233105 0.000041
v 0.021390 0.214914 0.000041
v 0.002440 0.196505 0.000041
v -0.016396 0.178224 0.000041
v -0.035416 0.178246 0.000041
v -0.130021 0.142072 0.000041
v -0.111067 0.123687 0.000041
v -0.092045 0.105259 0.000041
v -0.073050 0.086810 0.000041
v -0.054178 0.068330 0.000041
v 0.040413 0.197322 0.000041
v 0.021723 0.178668 0.000041
v 0.002727 0.160028 0.000041
v -0.016331 0.123271 0.000041
v -0.016328 0.141625 0.000041
v 0.040234 0.215229 0.000041
v -0.035337 0.049800 0.000041
v -0.035351 0.031387 0.000041
v -0.035197 -0.023864 0.000041
v -0.016244 0.013042 0.000041
v -0.015965 -0.005274 0.000041
v -0.054260 -0.042145 0.000041
v -0.073139 -0.115756 0.000041
v -0.054311 -0.097449 0.000041
v -0.091851 -0.134074 0.000041
v -0.110510 -0.152406 0.000041
v -0.035365 -0.060650 0.000041
v -0.035395 -0.079054 0.000041
v -0.147396 -0.208077 0.000041
v -0.128832 -0.189718 0.000041
v -0.167812 -0.227912 0.000041
v -0.186133 -0.247245 0.000041
v -0.110442 -0.170941 0.000041
v -0.206785 -0.266387 -0.000113
v -0.202531 -0.281623 0.017921
v 0.155758 -0.204330 0.015451
v 0.174292 -0.188085 0.021844
v 0.190102 -0.170922 0.017850
v 0.191457 -0.151865 0.020583
v 0.192039 -0.152556 0.000092
v 0.170253 -0.115088 0.000041
v 0.170561 -0.133677 0.000041
v 0.170463 -0.096340 0.000041
v 0.152977 -0.077612 0.000041
v 0.153157 -0.059022 0.000041
v 0.134446 -0.040735 0.000041
v -0.186329 -0.287048 -0.000025
v -0.166538 -0.286801 -0.000082
v -0.147821 -0.266953 0.000041
v -0.129740 -0.246041 0.000041
v -0.110079 -0.227231 0.000041
v -0.091642 -0.208451 0.000041
v -0.072972 -0.208428 0.000041
v -0.054259 -0.226998 0.000041
v -0.035564 -0.226894 0.000041
v -0.017035 -0.226272 0.000041
v 0.001906 -0.244752 0.000041
v 0.021227 -0.263505 0.000041
v 0.039769 -0.284133 -0.000093
v 0.058322 -0.280687 0.015378
v 0.095613 -0.268432 0.021968
v 0.077003 -0.280786 0.014987
v 0.115353 -0.253492 0.020231
v 0.135086 -0.238029 0.015796
v 0.154681 -0.222208 0.013988
v 0.115699 -0.022435 0.000041
v 0.096964 -0.004061 0.000041
v 0.078270 0.014389 0.000041
v 0.059661 0.032869 0.000041
v 0.040811 0.051294 0.000041
v 0.022022 0.069276 0.000041
v 0.003065 0.086968 0.000041
v -0.016366 0.104889 0.000041
v -0.073370 0.196350 0.000041
v -0.054507 0.178324 0.000041
v -0.204601 0.285936 0.000264
v -0.184199 0.267964 0.000041
v -0.169900 0.249355 0.000041
v -0.148633 0.229983 0.000041
v -0.198039 0.267778 0.000041
v -0.198784 0.249343 0.000090
v -0.128610 0.211073 0.000041
v -0.187653 0.249485 0.000041
v -0.110285 0.194823 0.000041
v -0.092116 0.195828 0.000041
v -0.111296 0.178025 0.000041
v -0.130335 0.160066 0.000041
v 0.021588 0.196830 0.000041
v 0.002517 0.178255 0.000041
v -0.035377 0.159972 0.000041
v -0.016355 0.159944 0.000041
v -0.111229 0.142034 0.000041
v -0.092164 0.123607 0.000041
v -0.073110 0.105165 0.000041
v -0.054167 0.086707 0.000041
v -0.035315 0.068209 0.000041
v -0.035283 0.123333 0.000041
v -0.035326 0.141666 0.000041
v -0.016196 0.049794 0.000041
v -0.016261 0.031399 0.000041
v -0.015993 -0.023658 0.000041
v -0.035269 -0.042264 0.000041
v 0.003041 0.013582 0.000041
v 0.003149 -0.004860 0.000041
v -0.054251 -0.115855 0.000041
v -0.073172 -0.134251 0.000041
v -0.035366 -0.097423 0.000041
v -0.091844 -0.152589 0.000041
v -0.016148 -0.060395 0.000041
v -0.016195 -0.078775 0.000041
v -0.128741 -0.208930 0.000041
v -0.148577 -0.227571 0.000041
v -0.110354 -0.189520 0.000041
v -0.167329 -0.247072 0.000041
v -0.185841 -0.267392 0.000041
v -0.091802 -0.171154 0.000041
v -0.205252 -0.285401 0.000165
v 0.173266 -0.205885 0.018728
v 0.190706 -0.189758 0.018399
v 0.191864 -0.172021 -0.000040
v 0.171680 -0.152812 0.000041
v 0.152008 -0.133782 0.000041
v 0.152127 -0.115028 0.000041
v 0.152397 -0.096422 0.000041
v 0.134374 -0.077763 0.000041
v 0.134465 -0.059237 0.000041
v 0.115767 -0.040920 0.000041
v -0.166422 -0.267312 0.000041
v -0.148739 -0.246678 0.000041
v -0.128756 -0.226850 0.000041
v -0.110237 -0.208265 0.000041
v -0.073040 -0.189922 0.000041
v -0.091733 -0.189774 0.000041
v -0.054239 -0.208250 0.000041
v -0.035563 -0.208197 0.000041
v -0.016938 -0.207679 0.000041
v 0.001985 -0.226124 0.000041
v 0.021290 -0.244519 0.000041
v 0.039802 -0.263915 0.000041
v 0.059317 -0.284021 -0.000162
v 0.095487 -0.282040 0.014851
v 0.114349 -0.269903 0.022589
v 0.077719 -0.285007 -0.000201
v 0.133828 -0.255076 0.020580
v 0.153445 -0.239537 0.016898
v 0.172314 -0.223671 0.018391
v 0.097065 -0.022548 0.000041
v 0.078365 -0.004113 0.000041
v 0.059704 0.014385 0.000041
v 0.040781 0.032864 0.000041
v 0.021981 0.050929 0.000041
v 0.003095 0.068648 0.000041
v -0.016317 0.086520 0.000041
v -0.035266 0.104977 0.000041
v -0.073675 0.178416 0.000041
v -0.054435 0.160042 0.000041
v -0.092711 0.178459 0.000041
v -0.111588 0.160252 0.000041
v -0.092300 0.141948 0.000041
v -0.073213 0.123508 0.000041
v -0.054186 0.105069 0.000041
v -0.035282 0.086602 0.000041
v -0.016189 0.068165 0.000041
v -0.054254 0.123414 0.000041
v -0.054347 0.141739 0.000041
v 0.003056 0.050306 0.000041
v 0.003037 0.031946 0.000041
v 0.003159 -0.023301 0.000041
v -0.016071 -0.042038 0.000041
v 0.021877 0.014130 0.000041
v 0.021892 -0.004383 0.000041
v -0.035378 -0.115828 0.000041
v -0.054295 -0.134291 0.000041
v -0.073186 -0.152783 0.000041
v -0.016268 -0.097124 0.000041
v 0.003012 -0.060137 0.000041
v 0.002905 -0.078593 0.000041
v -0.073177 -0.171358 0.000041
v 0.190760 -0.207997 0.018835
v 0.191944 -0.191228 -0.000045
v 0.172597 -0.172169 0.000041
v 0.152452 -0.152713 0.000041
v 0.133697 -0.133699 0.000041
v 0.133938 -0.114904 0.000041
v 0.134165 -0.096331 0.000041
v 0.115796 -0.059410 0.000041
v 0.115740 -0.077920 0.000041
v 0.097133 -0.041033 0.000041
v -0.054234 -0.189685 0.000041
v -0.035534 -0.189707 0.000041
v -0.016830 -0.189188 0.000041
v 0.002049 -0.207565 0.000041
v 0.021381 -0.225816 0.000041
v 0.039836 -0.244835 0.000041
v 0.059354 -0.264739 0.000041
v 0.095919 -0.285807 -0.000254
v 0.114084 -0.283384 0.015282
v 0.132940 -0.271533 0.023070
v 0.078971 -0.265489 0.000041
v 0.152247 -0.256502 0.021644
v 0.171444 -0.240794 0.020487
v 0.190195 -0.226240 0.018907
v 0.078455 -0.022610 0.000041
v 0.059764 -0.004124 0.000041
v 0.040741 0.014428 0.000041
v 0.021923 0.032523 0.000041
v -0.073468 0.160151 0.000041
v -0.092559 0.160281 0.000041
v -0.073338 0.141836 0.000041
v 0.003141 -0.041704 0.000041
v 0.021829 -0.022795 0.000041
v 0.040680 -0.004078 0.000041
v -0.016371 -0.115504 0.000041
v -0.035420 -0.134254 0.000041
v -0.054320 -0.152804 0.000041
v 0.002766 -0.097022 0.000041
v 0.021678 -0.059590 0.000041
v 0.021628 -0.078018 0.000041
v -0.054312 -0.171235 0.000041
v 0.192675 -0.209864 0.000007
v 0.172683 -0.191286 0.000041
v 0.153507 -0.172021 0.000041
v 0.133721 -0.152460 0.000041
v 0.115304 -0.133650 0.000041
v 0.115446 -0.115036 0.000041
v 0.115602 -0.096468 0.000041
v 0.097129 -0.078033 0.000041
v 0.097156 -0.059527 0.000041
v 0.078523 -0.041098 0.000041
v -0.035500 -0.171243 0.000041
v -0.016732 -0.170801 0.000041
v 0.002203 -0.189110 0.000041
v 0.021387 -0.207163 0.000041
v 0.039905 -0.226066 0.000041
v 0.059366 -0.245781 0.000041
v 0.097534 -0.265970 0.000041
v 0.114344 -0.286558 -0.000030
v 0.132556 -0.285039 0.015496
v 0.151508 -0.273167 0.023404
v 0.079008 -0.246461 0.000041
v 0.170720 -0.258083 0.023019
v 0.189052 -0.244426 0.018146
v 0.192791 -0.229133 -0.000032
v 0.059754 -0.022614 0.000041
v 0.021763 -0.041208 0.000041
v 0.040812 -0.022503 0.000041
v 0.002622 -0.115442 0.000041
v -0.016501 -0.133918 0.000041
v -0.035442 -0.152773 0.000041
v 0.021540 -0.096411 0.000041
v 0.040383 -0.059343 0.000041
v 0.040335 -0.077792 0.000041
v 0.173187 -0.210576 0.000041
v 0.153793 -0.191220 0.000041
v 0.134399 -0.171705 0.000041
v 0.115243 -0.152377 0.000041
v 0.096808 -0.133753 0.000041
v 0.096923 -0.115136 0.000041
v 0.097036 -0.096570 0.000041
v 0.078558 -0.059585 0.000041
v 0.078545 -0.078089 0.000041
v 0.059723 -0.041083 0.000041
v -0.016626 -0.152398 0.000041
v 0.002308 -0.170695 0.000041
v 0.021443 -0.188648 0.000041
v 0.039953 -0.207359 0.000041
v 0.059372 -0.227029 0.000041
v 0.098043 -0.247196 0.000041
v 0.116036 -0.266815 0.000041
v 0.132812 -0.287766 -0.000030
v 0.151051 -0.286440 0.015574
v 0.170169 -0.274764 0.023417
v 0.078726 -0.227605 0.000041
v 0.189273 -0.262454 0.018592
v 0.193216 -0.248830 0.000051
v 0.173578 -0.229501 0.000041
v 0.040462 -0.040932 0.000041
v 0.021482 -0.114796 0.000041
v 0.002470 -0.133860 0.000041
v 0.040244 -0.096218 0.000041
v 0.059685 -0.059539 0.000041
v 0.059666 -0.078055 0.000041
v 0.154151 -0.210390 0.000041
v 0.135107 -0.190822 0.000041
v 0.115421 -0.171390 0.000041
v 0.096754 -0.152428 0.000041
v 0.078296 -0.133798 0.000041
v 0.078396 -0.115184 0.000041
v 0.078487 -0.096616 0.000041
v 0.002424 -0.152288 0.000041
v 0.021487 -0.170153 0.000041
v 0.040023 -0.188798 0.000041
v 0.059307 -0.208128 0.000041
v 0.097796 -0.228004 0.000041
v 0.116851 -0.247774 0.000041
v 0.134670 -0.267450 0.000041
v 0.151493 -0.288476 -0.000062
v 0.169572 -0.287255 0.015772
v 0.188064 -0.281779 0.018003
v 0.078529 -0.208770 0.000041
v 0.193449 -0.268178 0.000008
v 0.173607 -0.249129 0.000041
v 0.154627 -0.229620 0.000041
v 0.040182 -0.114663 0.000041
v 0.021447 -0.133182 0.000041
v 0.059582 -0.096511 0.000041
v 0.135330 -0.210044 0.000041
v 0.115778 -0.190310 0.000041
v 0.096783 -0.171167 0.000041
v 0.078248 -0.152449 0.000041
v 0.059462 -0.133558 0.000041
v 0.059541 -0.115026 0.000041
v 0.021518 -0.151675 0.000041
v 0.040079 -0.170265 0.000041
v 0.059313 -0.189469 0.000041
v 0.097358 -0.208958 0.000041
v 0.116782 -0.228804 0.000041
v 0.135859 -0.248304 0.000041
v 0.153747 -0.267872 0.000041
v 0.170336 -0.289413 -0.000047
v 0.189666 -0.289522 -0.000006
v 0.078367 -0.189952 0.000041
v 0.173184 -0.268452 0.000041
v 0.154632 -0.248728 0.000041
v 0.135778 -0.229262 0.000041
v 0.040135 -0.133169 0.000041
v 0.116417 -0.209459 0.000041
v 0.097166 -0.190272 0.000041
v 0.078269 -0.171171 0.000041
v 0.059403 -0.152270 0.000041
v 0.040149 -0.151739 0.000041
v 0.059339 -0.170831 0.000041
vn 0.2882 0.1910 0.9383
vn -0.3977 -0.0283 0.9171
vn -0.3632 -0.3818 0.8499
vn 0.2540 -0.2923 0.9220
vn 0.2425 0.8785 0.4117
vn -0.3264 0.7047 0.6300
vn -0.8953 -0.0123 0.4452
vn -0.8878 -0.2069 0.4111
vn -0.3836 -0.5131 0.7678
vn 0.0705 -0.4252 0.9023
vn 0.6575 0.2092 0.7238
vn 0.3743 -0.2569 0.8910
vn 0.6965 0.1615 0.6992
vn 0.5788 0.7865 0.2153
vn -0.2016 0.9603 -0.1930
vn -0.8108 0.5499 0.2005
vn -0.9761 0.1946 -0.0971
vn -0.8974 -0.3393 0.2821
vn -0.4671 -0.5805 0.6669
vn -0.0044 -0.4043 0.9146
vn 0.3570 -0.1582 0.9206
vn 0.7200 0.2194 0.6584
vn 0.7118 0.6818 0.1686
vn 0.1999 0.9330 -0.2992
vn -0.6354 0.6593 -0.4020
vn -0.9852 0.0343 -0.1682
vn -0.8775 -0.4575 0.1435
vn -0.5509 -0.5755 0.6045
vn -0.0076 -0.4641 0.8857
vn 0.4760 -0.1958 0.8574
vn 0.8153 0.2250 0.5335
vn 0.7633 0.6366 0.1102
vn 0.3442 0.8936 -0.2882
vn 0.0283 0.8776 -0.4785
vn -0.5720 0.6485 -0.5023
vn -0.9733 -0.1390 -0.1826
vn -0.8727 -0.4743 0.1162
vn -0.4857 -0.5914 0.6437
vn 0.0714 -0.5236 0.8490
vn 0.5559 -0.2440 0.7947
vn 0.8809 0.2155 0.4214
vn 0.7781 0.6273 0.0323
vn 0.4228 0.8317 -0.3598
vn 0.1284 0.8531 -0.5057
vn -0.3840 0.7307 -0.5645
vn -0.9044 0.2163 -0.3678
vn -0.9570 -0.2635 -0.1217
vn -0.4553 -0.5903 0.6665
vn -0.0314 -0.5796 0.8143
vn 0.6028 -0.2902 0.7432
vn 0.8403 -0.0147 0.5419
vn 0.7914 0.6104 -0.0344
vn 0.4389 0.8139 -0.3808
vn 0.1918 0.8443 -0.5004
vn -0.3538 0.7470 -0.5628
vn -0.9236 0.1590 -0.3487
vn -0.9618 -0.2735 0.0140
vn -0.9301 -0.3533 0.1005
vn -0.8613 -0.4553 0.2255
vn -0.8683 -0.4342 0.2397
vn -0.4788 -0.5908 0.6494
vn 0.0273 -0.5725 0.8195
vn 0.2810 -0.5056 0.8157
vn 0.6388 -0.3175 0.7008
vn 0.8697 -0.0312 0.4926
vn 0.9286 0.2750 0.2491
vn 0.8056 0.5858 -0.0881
vn 0.4522 0.8035 -0.3872
vn 0.2326 0.8420 -0.4867
vn -0.3195 0.7678 -0.5553
vn -0.9492 0.1377 -0.2830
vn -0.9514 -0.2996 0.0716
vn -0.9426 -0.3268 0.0682
vn -0.8787 -0.4258 0.2161
vn -0.4969 -0.6316 0.5951
vn 0.0778 -0.5989 0.7970
vn 0.3309 -0.4992 0.8008
vn 0.6667 -0.3013 0.6817
vn 0.8729 -0.0151 0.4877
vn 0.9356 0.2695 0.2282
vn 0.8102 0.5796 -0.0873
vn 0.4860 0.7738 -0.4062
vn 0.2719 0.8356 -0.4774
vn -0.3424 0.7930 -0.5039
vn -0.9864 -0.1304 -0.0996
vn -0.9432 -0.3313 0.0258
vn -0.9342 -0.3505 0.0668
vn -0.8864 -0.4302 0.1709
vn -0.5171 -0.6490 0.5580
vn 0.1269 -0.6315 0.7649
vn 0.3774 -0.4948 0.7828
vn 0.7015 -0.3441 0.6241
vn 0.8856 -0.0442 0.4623
vn 0.9274 0.2888 0.2378
vn 0.8092 0.5866 -0.0326
vn 0.4779 0.7901 -0.3838
vn 0.3109 0.8492 -0.4268
vn 0.1932 0.8714 -0.4509
vn -0.9189 0.2387 -0.3140
vn -0.9745 -0.1729 -0.1427
vn -0.9477 -0.3180 -0.0253
vn -0.9311 -0.3603 0.0562
vn -0.8862 -0.4383 0.1502
vn -0.5008 -0.6592 0.5609
vn 0.1989 -0.6270 0.7532
vn 0.4428 -0.5335 0.7206
vn 0.7097 -0.3938 0.5842
vn 0.8888 -0.0912 0.4490
vn 0.9285 0.2803 0.2437
vn 0.8211 0.5707 0.0088
vn 0.5562 0.7906 -0.2560
vn 0.3390 0.8678 -0.3634
vn 0.3055 0.8758 -0.3737
vn 0.1599 0.8744 -0.4580
vn -0.5561 0.6705 -0.4911
vn -0.9469 0.1412 -0.2888
vn -0.9676 -0.1938 -0.1618
vn -0.9533 -0.2963 -0.0588
vn -0.9326 -0.3591 0.0365
vn -0.8838 -0.4445 0.1464
vn -0.4860 -0.6671 0.5646
vn 0.2662 -0.6032 0.7519
vn 0.5116 -0.5413 0.6673
vn 0.6856 -0.3831 0.6190
vn 0.8794 -0.1000 0.4654
vn 0.9394 0.2420 0.2428
vn 0.8472 0.5313 0.0098
vn 0.5968 0.7793 -0.1913
vn 0.3413 0.8861 -0.3135
vn 0.2602 0.8985 -0.3536
vn 0.1154 0.8894 -0.4422
vn -0.5770 0.6359 -0.5125
vn -0.9551 0.0447 -0.2929
vn -0.9684 -0.1971 -0.1531
vn -0.9332 -0.3584 0.0267
vn -0.8883 -0.4305 0.1599
vn 0.5486 -0.4866 0.6799
vn 0.6707 -0.3089 0.6744
vn 0.8710 -0.0678 0.4866
vn 0.9454 0.2164 0.2436
vn 0.8624 0.5057 0.0233
vn 0.6409 0.7431 -0.1923
vn 0.3819 0.8693 -0.3138
vn 0.2287 0.9042 -0.3608
vn 0.0667 0.8996 -0.4316
vn -0.6117 0.6232 -0.4873
vn -0.9644 0.0148 -0.2641
vn -0.9673 -0.2136 -0.1370
vn -0.9546 -0.2841 -0.0900
vn -0.9410 -0.3385 0.0019
vn -0.8890 -0.4252 0.1699
vn -0.5544 -0.6088 0.5675
vn 0.3461 -0.4909 0.7995
vn 0.5366 -0.3973 0.7445
vn 0.6914 -0.2198 0.6883
vn 0.8515 -0.0175 0.5241
vn 0.9379 0.2136 0.2734
vn 0.8649 0.4965 0.0734
vn 0.6717 0.7238 -0.1580
vn 0.4103 0.8602 -0.3028
vn 0.2198 0.9049 -0.3644
vn 0.0297 0.9036 -0.4273
vn -0.6406 0.6199 -0.4532
vn -0.9751 -0.0045 -0.2215
vn -0.9597 -0.2501 -0.1280
vn -0.9556 -0.2707 -0.1164
vn -0.9392 -0.3418 0.0317
vn -0.8904 -0.4299 0.1499
vn -0.6473 -0.5876 0.4856
vn 0.4086 -0.4213 0.8097
vn 0.5202 -0.3418 0.7826
vn 0.7224 -0.1853 0.6661
vn 0.8363 0.0029 0.5482
vn 0.9098 0.2409 0.3381
vn 0.8537 0.5104 0.1036
vn 0.6873 0.7190 -0.1030
vn 0.3625 0.8750 -0.3209
vn 0.2206 0.9050 -0.3636
vn 0.0051 0.9059 -0.4234
vn -0.6625 0.6067 -0.4392
vn -0.9784 -0.0513 -0.2005
vn -0.9638 -0.2550 -0.0780
vn -0.9621 -0.2498 -0.1095
vn -0.9556 -0.2838 -0.0792
vn -0.9401 -0.3404 0.0177
vn -0.8916 -0.4388 0.1117
vn -0.6731 -0.6231 0.3982
vn -0.0213 -0.5850 0.8108
vn -0.0299 -0.6180 0.7856
vn 0.4023 -0.4742 0.7831
vn 0.5408 -0.3571 0.7616
vn 0.7361 -0.1961 0.6478
vn 0.8464 -0.0053 0.5326
vn 0.8867 0.1976 0.4180
vn 0.8739 0.4194 0.2460
vn 0.8156 0.5716 0.0904
vn 0.7061 0.7029 -0.0861
vn 0.5280 0.8194 -0.2231
vn 0.3572 0.8712 -0.3369
vn 0.2398 0.8931 -0.3807
vn 0.0018 0.9023 -0.4312
vn -0.6919 0.5816 -0.4278
vn -0.9840 -0.0816 -0.1584
vn -0.9677 -0.2517 -0.0097
vn -0.9669 -0.2452 -0.0701
vn -0.9605 -0.2652 -0.0837
vn -0.9357 -0.3528 -0.0007
vn -0.8942 -0.4400 0.0822
vn -0.6764 -0.6338 0.3753
vn -0.0211 -0.6710 0.7412
vn 0.3803 -0.5247 0.7616
vn 0.5532 -0.3889 0.7367
vn 0.8040 -0.1670 0.5707
vn 0.8834 -0.0189 0.4683
vn 0.9002 0.1807 0.3961
vn 0.8772 0.4263 0.2209
vn 0.7889 0.6116 0.0602
vn 0.7052 0.7038 -0.0852
vn 0.5183 0.8239 -0.2294
vn 0.3319 0.8632 -0.3804
vn 0.2776 0.8691 -0.4095
vn 0.0545 0.9123 -0.4058
vn -0.7282 0.5752 -0.3727
vn -0.9888 -0.0407 -0.1437
vn -0.9771 -0.2111 -0.0258
vn -0.9640 -0.2659 0.0035
vn -0.9646 -0.2627 -0.0251
vn -0.9614 -0.2617 -0.0857
vn -0.9307 -0.3657 -0.0089
vn -0.9015 -0.4265 0.0732
vn -0.6746 -0.6391 0.3695
vn -0.0409 -0.6959 0.7170
vn 0.3720 -0.5646 0.7368
vn 0.5535 -0.4322 0.7119
vn 0.6958 -0.3040 0.6507
vn 0.8290 -0.1902 0.5259
vn 0.9085 -0.0261 0.4170
vn 0.9332 0.1417 0.3303
vn 0.9149 0.3657 0.1707
vn 0.8056 0.5922 0.0209
vn 0.6796 0.7276 -0.0933
vn 0.5047 0.8251 -0.2540
vn 0.2912 0.8816 -0.3716
vn 0.2988 0.8809 -0.3671
vn 0.1550 0.9273 -0.3409
vn -0.5141 0.7571 -0.4031
vn -0.9428 0.1774 -0.2823
vn -0.9847 -0.0716 -0.1588
vn -0.9749 -0.2125 -0.0660
vn -0.9674 -0.2515 -0.0311
vn -0.9583 -0.2855 0.0073
vn -0.9588 -0.2760 -0.0674
vn -0.9302 -0.3668 -0.0112
vn -0.9057 -0.4197 0.0597
vn -0.6582 -0.6530 0.3746
vn -0.0458 -0.7186 0.6939
vn 0.3697 -0.5983 0.7109
vn 0.5581 -0.4729 0.6818
vn 0.7149 -0.3350 0.6138
vn 0.8438 -0.1974 0.4990
vn 0.9202 -0.0407 0.3894
vn 0.9466 0.1312 0.2946
vn 0.9373 0.3159 0.1470
vn 0.8421 0.5393 -0.0020
vn 0.6607 0.7441 -0.0992
vn 0.4845 0.8359 -0.2580
vn 0.2716 0.9143 -0.3005
vn 0.2891 0.9143 -0.2837
vn 0.2097 0.9266 -0.3122
vn -0.4955 0.7527 -0.4335
vn -0.9485 0.1185 -0.2939
vn -0.9735 -0.1233 -0.1926
vn -0.9704 -0.2050 -0.1275
vn -0.9738 -0.2160 -0.0704
vn -0.9516 -0.3070 0.0171
vn -0.9502 -0.3098 -0.0334
vn -0.9316 -0.3633 -0.0151
vn -0.9046 -0.4237 0.0465
vn -0.6433 -0.6645 0.3803
vn -0.0357 -0.7355 0.6765
vn 0.3675 -0.6119 0.7004
vn 0.5589 -0.4887 0.6699
vn 0.7289 -0.3374 0.5957
vn 0.8510 -0.1810 0.4931
vn 0.9269 -0.0364 0.3735
vn 0.9562 0.1233 0.2655
vn 0.9502 0.2813 0.1344
vn 0.9068 0.4212 0.0149
vn 0.6752 0.7296 -0.1084
vn 0.4637 0.8569 -0.2252
vn 0.2938 0.9246 -0.2426
vn 0.2638 0.9344 -0.2393
vn 0.1775 0.9326 -0.3142
vn -0.5249 0.7178 -0.4575
vn -0.9522 0.0854 -0.2933
vn -0.9726 -0.1379 -0.1873
vn -0.9732 -0.1742 -0.1502
vn -0.9712 -0.2115 -0.1097
vn -0.9456 -0.3249 -0.0142
vn -0.9380 -0.3466 0.0035
vn -0.9293 -0.3688 -0.0205
vn -0.9049 -0.4214 0.0602
vn -0.6381 -0.6693 0.3806
vn -0.0215 -0.7393 0.6731
vn 0.3589 -0.6016 0.7136
vn 0.5575 -0.4807 0.6769
vn 0.7359 -0.3260 0.5935
vn 0.8540 -0.1734 0.4905
vn 0.9300 -0.0102 0.3675
vn 0.9638 0.1155 0.2402
vn 0.9592 0.2589 0.1138
vn 0.9220 0.3872 -0.0060
vn 0.8435 0.5334 -0.0636
vn 0.7129 0.6866 -0.1427
vn 0.4687 0.8600 -0.2019
vn 0.3461 0.9073 -0.2389
vn 0.2556 0.9347 -0.2471
vn 0.1137 0.9349 -0.3361
vn -0.5521 0.6923 -0.4647
vn -0.9577 0.0706 -0.2791
vn -0.9778 -0.1292 -0.1652
vn -0.9766 -0.1548 -0.1494
vn -0.9653 -0.2312 -0.1212
vn -0.9415 -0.3325 -0.0539
vn -0.9264 -0.3759 0.0207
vn -0.9371 -0.3488 -0.0138
vn -0.8911 -0.4474 0.0756
vn -0.6320 -0.6887 0.3554
vn -0.0217 -0.7342 0.6786
vn 0.3476 -0.5964 0.7235
vn 0.5720 -0.4654 0.6755
vn 0.7445 -0.3233 0.5842
vn 0.8642 -0.1874 0.4669
vn 0.9490 -0.0164 0.3147
vn 0.9659 0.1328 0.2224
vn 0.9639 0.2554 0.0749
vn 0.9291 0.3660 -0.0533
vn 0.8612 0.4979 -0.1020
vn 0.7519 0.6311 -0.1905
vn 0.5124 0.8312 -0.2158
vn 0.4146 0.8640 -0.2857
vn 0.2854 0.9127 -0.2926
vn 0.0875 0.9407 -0.3277
vn -0.6170 0.6723 -0.4091
vn -0.9693 0.0478 -0.2412
vn -0.9778 -0.1289 -0.1654
vn -0.9755 -0.1615 -0.1492
vn -0.9623 -0.2441 -0.1200
vn -0.9433 -0.3267 -0.0579
vn -0.9133 -0.4066 0.0229
vn -0.9189 -0.3943 0.0118
vn -0.9412 -0.3377 0.0055
vn -0.8712 -0.4842 0.0814
vn -0.6427 -0.6889 0.3352
vn -0.0454 -0.7459 0.6646
vn 0.3419 -0.5978 0.7251
vn 0.6017 -0.4521 0.6584
vn 0.7549 -0.3282 0.5679
vn 0.8890 -0.1937 0.4150
vn 0.9751 -0.0277 0.2200
vn 0.9802 0.1276 0.1517
vn 0.9693 0.2456 0.0088
vn 0.9332 0.3449 -0.1012
vn 0.8742 0.4637 -0.1438
vn 0.7794 0.5846 -0.2255
vn 0.5770 0.7728 -0.2644
vn 0.4737 0.8165 -0.3301
vn 0.3353 0.8740 -0.3518
vn 0.1541 0.9221 -0.3548
vn -0.3528 0.8329 -0.4264
vn -0.9750 -0.0065 -0.2223
vn -0.9738 -0.1412 -0.1785
vn -0.9704 -0.1796 -0.1613
vn -0.9607 -0.2445 -0.1312
vn -0.9472 -0.3151 -0.0588
vn -0.9215 -0.3884 0.0057
vn -0.9358 -0.3525 0.0049
vn -0.9291 -0.3691 0.0229
vn -0.8621 -0.4993 0.0865
vn -0.6710 -0.6682 0.3213
vn -0.0978 -0.7499 0.6543
vn 0.3534 -0.5951 0.7218
vn 0.6385 -0.4404 0.6312
vn 0.7672 -0.3388 0.5446
vn 0.9240 -0.1945 0.3293
vn 0.9921 -0.0246 0.1228
vn 0.9935 0.0971 0.0601
vn 0.9758 0.2128 -0.0506
vn 0.9385 0.3199 -0.1302
vn 0.8839 0.4318 -0.1797
vn 0.8047 0.5383 -0.2503
vn 0.6312 0.7186 -0.2918
vn 0.5104 0.7712 -0.3803
vn 0.3841 0.8247 -0.4152
vn 0.2468 0.8712 -0.4243
vn -0.3688 0.7849 -0.4980
vn -0.8887 0.2984 -0.3480
vn -0.9722 -0.0563 -0.2272
vn -0.9721 -0.1492 -0.1812
vn -0.9668 -0.1948 -0.1655
vn -0.9624 -0.2380 -0.1311
vn -0.9459 -0.3159 -0.0740
vn -0.9362 -0.3514 0.0057
vn -0.9474 -0.3200 0.0071
vn -0.9092 -0.4152 0.0290
vn -0.8543 -0.5142 0.0765
vn -0.6834 -0.6768 0.2735
vn -0.1602 -0.7464 0.6460
vn 0.6751 -0.4392 0.5927
vn 0.3753 -0.6317 0.6784
vn 0.7924 -0.3510 0.4988
vn 0.9543 -0.1938 0.2276
vn 0.9987 -0.0314 0.0404
vn 0.9973 0.0729 -0.0048
vn 0.9818 0.1706 -0.0839
vn 0.9483 0.2808 -0.1479
vn 0.8909 0.4110 -0.1932
vn 0.8213 0.5073 -0.2611
vn 0.6669 0.6768 -0.3117
vn 0.5309 0.7229 -0.4423
vn 0.4352 0.7704 -0.4659
vn 0.3161 0.8264 -0.4660
vn -0.3734 0.7402 -0.5592
vn -0.9046 0.2375 -0.3540
vn -0.9694 -0.0776 -0.2329
vn -0.9703 -0.1569 -0.1843
vn -0.9670 -0.1988 -0.1591
vn -0.9578 -0.2519 -0.1381
vn -0.9375 -0.3363 -0.0897
vn -0.9379 -0.3450 -0.0365
vn -0.9425 -0.3332 -0.0251
vn -0.8955 -0.4447 0.0207
vn -0.8406 -0.5370 0.0709
vn -0.6836 -0.6927 0.2298
vn -0.1940 -0.7899 0.5818
vn 0.3672 -0.6812 0.6333
vn 0.6989 -0.4507 0.5553
vn 0.8380 -0.3378 0.4285
vn 0.9765 -0.1671 0.1364
vn 0.9987 -0.0446 -0.0229
vn 0.9974 0.0521 -0.0490
vn 0.9857 0.1302 -0.1070
vn 0.9588 0.2323 -0.1633
vn 0.9010 0.3816 -0.2066
vn 0.8327 0.4792 -0.2774
vn 0.6908 0.6330 -0.3494
vn 0.6982 0.6191 -0.3595
vn 0.5393 0.7100 -0.4529
vn 0.4778 0.7507 -0.4562
vn 0.3638 0.8026 -0.4729
vn -0.3655 0.7072 -0.6053
vn -0.9124 0.1807 -0.3672
vn -0.9653 -0.0938 -0.2435
vn -0.9661 -0.1665 -0.1974
vn -0.9647 -0.2023 -0.1685
vn -0.9426 -0.2907 -0.1644
vn -0.9311 -0.3459 -0.1162
vn -0.9331 -0.3512 -0.0779
vn -0.9333 -0.3538 -0.0606
vn -0.8894 -0.4566 0.0198
vn -0.8304 -0.5517 0.0782
vn -0.6991 -0.6782 0.2265
vn -0.2197 -0.8267 0.5181
vn 0.3460 -0.7143 0.6083
vn 0.7228 -0.4743 0.5026
vn 0.8882 -0.3087 0.3404
vn 0.9901 -0.1136 0.0828
vn 0.9986 -0.0228 -0.0473
vn 0.9957 0.0219 -0.0904
vn 0.9882 0.0881 -0.1256
vn 0.9681 0.1865 -0.1673
vn 0.9127 0.3419 -0.2237
vn 0.8425 0.4467 -0.3011
vn 0.7125 0.5964 -0.3695
vn 0.5663 0.7045 -0.4278
vn 0.5069 0.7534 -0.4187
vn 0.3752 0.7968 -0.4736
vn -0.3636 0.6891 -0.6268
vn -0.9120 0.1442 -0.3839
vn -0.9642 -0.1090 -0.2416
vn -0.9612 -0.1803 -0.2089
vn -0.9553 -0.2238 -0.1931
vn -0.9304 -0.3228 -0.1738
vn -0.9267 -0.3414 -0.1571
vn -0.9390 -0.3322 -0.0893
vn -0.9340 -0.3527 -0.0578
vn -0.8815 -0.4720 0.0132
vn -0.8278 -0.5548 0.0838
vn -0.7230 -0.6536 0.2237
vn -0.2631 -0.8225 0.5042
vn 0.3468 -0.7539 0.5580
vn 0.7490 -0.4967 0.4385
vn 0.9210 -0.2819 0.2689
vn 0.9957 -0.0844 0.0387
vn 0.9983 0.0078 -0.0581
vn 0.9948 0.0145 -0.1006
vn 0.9784 0.1488 -0.1436
vn 0.9910 0.0584 -0.1203
vn 0.9236 0.3060 -0.2308
vn 0.8501 0.4225 -0.3145
vn 0.7378 0.5530 -0.3870
vn 0.6167 0.6464 -0.4493
vn 0.5544 0.6977 -0.4536
vn 0.4009 0.7666 -0.5016
vn -0.3668 0.6770 -0.6380
vn -0.9140 0.1306 -0.3842
vn -0.9640 -0.1247 -0.2348
vn -0.9593 -0.1961 -0.2032
vn -0.9484 -0.2497 -0.1954
vn -0.9180 -0.3464 -0.1932
vn -0.9166 -0.3518 -0.1897
vn -0.9366 -0.3241 -0.1330
vn -0.9263 -0.3695 -0.0736
vn -0.8781 -0.4785 -0.0055
vn -0.8267 -0.5577 0.0746
vn -0.7351 -0.6489 0.1966
vn -0.2975 -0.8281 0.4751
vn 0.3484 -0.8016 0.4859
vn 0.7767 -0.5109 0.3685
vn 0.9378 -0.2822 0.2021
vn 0.9951 -0.0988 -0.0062
vn 0.9974 0.0100 -0.0714
vn 0.9962 0.0270 -0.0832
vn 0.9354 0.2893 -0.2035
vn 0.9966 0.0520 -0.0635
vn 0.9887 0.1429 -0.0460
vn 0.8544 0.4267 -0.2966
vn 0.7516 0.5220 -0.4034
vn 0.6461 0.5960 -0.4767
vn 0.6106 0.6418 -0.4639
vn 0.4602 0.7381 -0.4934
vn -0.3367 0.6792 -0.6522
vn -0.9140 0.1198 -0.3877
vn -0.9597 -0.1584 -0.2319
vn -0.9443 -0.2501 -0.2141
vn -0.9278 -0.3005 -0.2209
vn -0.9403 -0.3006 -0.1597
vn -0.9339 -0.3330 -0.1302
vn -0.9191 -0.3415 -0.1963
vn -0.9146 -0.3830 -0.1296
vn -0.8823 -0.4687 -0.0440
vn -0.8184 -0.5718 0.0567
vn -0.4419 -0.8604 0.2540
vn -0.3231 -0.8508 0.4145
vn 0.3779 -0.8553 0.3545
vn 0.7818 -0.5681 0.2569
vn 0.9327 -0.3370 0.1282
vn 0.9922 -0.1226 -0.0238
vn 0.9979 0.0035 -0.0653
vn 0.9984 0.0226 -0.0522
vn 0.9418 0.3166 -0.1133
vn 0.9991 0.0275 0.0308
vn 0.9894 0.1219 0.0785
vn 0.8395 0.4764 -0.2615
vn 0.7495 0.5306 -0.3959
vn 0.6660 0.5996 -0.4438
vn 0.6593 0.6358 -0.4012
vn 0.5144 0.7299 -0.4500
vn -0.3068 0.6787 -0.6673
vn -0.9107 0.1106 -0.3979
vn -0.9469 -0.2126 -0.2413
vn -0.9310 -0.2949 -0.2151
vn -0.9341 -0.2868 -0.2127
vn -0.9652 -0.2405 -0.1024
vn -0.9515 -0.3031 -0.0535
vn -0.9208 -0.3510 -0.1700
vn -0.9117 -0.3728 -0.1729
vn -0.8950 -0.4387 -0.0802
vn -0.7969 -0.6037 0.0222
vn -0.3544 -0.9197 0.1689
vn 0.4678 -0.8554 0.2224
vn 0.9012 -0.4231 0.0939
vn 0.9993 -0.0076 -0.0363
vn 0.9401 0.3386 -0.0405
vn 0.9978 -0.0585 0.0323
vn 0.9984 -0.0246 0.0507
vn 0.8082 0.5292 -0.2585
vn 0.7340 0.5532 -0.3939
vn 0.6985 0.5811 -0.4177
vn 0.7153 0.6063 -0.3476
vn 0.5562 0.7185 -0.4177
vn -0.2806 0.6772 -0.6802
vn -0.9059 0.0825 -0.4154
vn -0.9458 -0.2227 -0.2364
vn -0.9590 -0.2270 -0.1698
vn -0.9689 -0.2065 -0.1365
vn -0.9442 -0.2900 -0.1561
vn -0.9413 -0.3196 -0.1083
vn -0.9295 -0.3634 -0.0627
vn -0.9211 -0.3619 -0.1434
vn -0.9055 -0.4137 -0.0947
vn -0.7289 -0.6845 -0.0156
vn -0.2736 -0.9542 0.1206
vn 0.4633 -0.8573 0.2247
vn 0.8765 -0.4630 0.1317
vn 0.9951 -0.0985 -0.0048
vn 0.9684 0.2172 -0.1226
vn 0.9947 -0.0946 -0.0394
vn 0.9899 -0.1285 -0.0605
vn 0.8203 0.4610 -0.3384
vn 0.7044 0.5917 -0.3921
vn 0.7260 0.5796 -0.3701
vn 0.7621 0.5779 -0.2918
vn 0.6005 0.6900 -0.4042
vn -0.2535 0.6503 -0.7162
vn -0.9033 0.0411 -0.4271
vn -0.9519 -0.1818 -0.2466
vn -0.9641 -0.1799 -0.1955
vn -0.9573 -0.2468 -0.1506
vn -0.8998 -0.3625 -0.2430
vn -0.9156 -0.3317 -0.2274
vn -0.9176 -0.3972 -0.0170
vn -0.9260 -0.3693 -0.0791
vn -0.9044 -0.4125 -0.1087
vn -0.6588 -0.7522 0.0138
vn 0.2038 -0.9473 0.2470
vn 0.8684 -0.4601 0.1849
vn 0.9952 -0.0914 0.0358
vn 0.9991 -0.0154 -0.0384
vn 0.9714 0.0122 -0.2372
vn 0.8726 0.2565 -0.4157
vn 0.7231 0.5759 -0.3813
vn 0.7536 0.5871 -0.2957
vn 0.7800 0.5742 -0.2487
vn 0.6289 0.6532 -0.4217
vn -0.2199 0.5680 -0.7931
vn -0.9048 0.0127 -0.4257
vn -0.9397 -0.1892 -0.2848
vn -0.9289 -0.2542 -0.2691
vn -0.9053 -0.3583 -0.2282
vn -0.9027 -0.3509 -0.2490
vn -0.9181 -0.2968 -0.2629
vn -0.9093 -0.4096 -0.0734
vn -0.9141 -0.4025 -0.0492
vn -0.8709 -0.4857 -0.0745
vn -0.5942 -0.8036 0.0345
vn 0.1799 -0.9500 0.2551
vn 0.8372 -0.4968 0.2289
vn 0.9867 -0.1123 0.1174
vn 0.9999 0.0110 0.0011
vn 0.9994 0.0050 -0.0336
vn 0.9764 0.0531 -0.2096
vn 0.9313 0.1730 -0.3204
vn 0.8218 0.4413 -0.3605
vn 0.6224 0.6220 -0.4752
vn -0.2241 0.4763 -0.8502
vn -0.8875 -0.0168 -0.4604
vn 0.7967 0.5341 -0.2829
vn -0.9003 -0.2632 -0.3466
vn -0.8916 -0.3292 -0.3110
vn -0.8895 -0.3794 -0.2547
vn -0.9503 -0.2600 -0.1715
vn -0.9493 -0.2539 -0.1855
vn -0.9075 -0.3958 -0.1404
vn -0.8429 -0.5324 -0.0782
vn -0.5691 -0.8138 0.1177
vn 0.4098 -0.8305 0.3774
vn 0.9935 0.0583 0.0976
vn 0.9451 -0.1549 0.2877
vn 0.9892 0.1375 0.0500
vn 0.9637 0.2574 -0.0710
vn 0.9470 0.3029 -0.1073
vn 0.9115 0.3204 -0.2581
vn 0.5847 0.6332 -0.5071
vn -0.3687 0.6124 -0.6993
vn -0.8607 -0.0766 -0.5033
vn 0.8380 0.4701 -0.2770
vn -0.9654 -0.0852 -0.2466
vn -0.9393 -0.2782 -0.2010
vn -0.9382 -0.2842 -0.1977
vn -0.9658 -0.2286 -0.1226
vn -0.9439 -0.3005 -0.1371
vn -0.9090 -0.3943 -0.1348
vn -0.8352 -0.5481 -0.0449
vn -0.6350 -0.7048 0.3162
vn 0.1906 -0.6644 0.7227
vn 0.9720 0.1164 0.2040
vn 0.8569 -0.0948 0.5067
vn 0.9687 0.2096 0.1330
vn 0.9406 0.3358 0.0501
vn 0.9131 0.4071 0.0239
vn 0.9327 0.3446 -0.1064
vn 0.6029 0.6789 -0.4190
vn -0.3899 0.8977 0.2051
vn 0.8456 0.4728 -0.2478
vn -0.9741 0.0333 0.2236
vn -0.9759 -0.1817 0.1205
vn -0.9770 -0.2057 -0.0554
vn -0.9610 -0.2758 -0.0177
vn -0.9185 -0.3850 -0.0903
vn -0.8976 -0.4269 -0.1101
vn -0.8630 -0.5047 -0.0213
vn -0.7315 -0.5734 0.3689
vn -0.2427 -0.3465 0.9061
vn 0.9446 0.1800 0.2745
vn 0.5043 0.3292 0.7983
vn 0.9552 0.2541 0.1516
vn 0.9519 0.2986 0.0686
vn 0.9235 0.3832 0.0149
vn 0.9037 0.4262 -0.0399
vn 0.7115 0.6394 -0.2915
vn 0.7623 0.6429 0.0752
vn 0.8281 0.5081 -0.2369
vn -0.9418 -0.1015 0.3204
vn -0.9318 -0.2106 0.2956
vn -0.9656 -0.2197 0.1394
vn -0.9357 -0.3056 0.1763
vn -0.9121 -0.3980 0.0979
vn -0.8855 -0.4532 -0.1024
vn -0.9127 -0.4085 0.0037
vn -0.8285 -0.3528 0.4349
vn -0.5510 -0.4496 0.7031
vn 0.7111 0.4949 0.4994
vn -0.6001 -0.3782 0.7049
vn -0.4549 0.6743 0.5817
vn 0.7411 0.5817 0.3352
vn 0.8906 0.4467 -0.0849
vn 0.8140 0.5625 -0.1447
vn 0.8390 0.5065 0.1990
vn 0.1582 0.6138 0.7734
vn 0.7867 0.5051 0.3549
vn -0.9501 0.0509 0.3076
vn 0.8215 0.5168 -0.2407
vn -0.9517 -0.2683 0.1492
vn -0.9305 -0.2794 0.2368
vn -0.9369 -0.2577 0.2362
vn -0.9183 -0.3359 0.2096
vn -0.9114 -0.3287 0.2475
vn -0.9119 -0.4105 -0.0040
vn -0.9677 -0.2135 0.1338
vn -0.4994 0.4846 0.7181
vn -0.3409 0.2818 0.8969
vn -0.3382 -0.4022 0.8508
vn -0.2732 0.7824 0.5597
vn -0.8954 0.4422 0.0512
vn -0.9558 0.2136 0.2023
vn -0.2616 0.8373 0.4801
vn 0.7812 0.6055 0.1519
vn 0.9442 0.3291 -0.0119
vn 0.8984 0.4228 -0.1189
vn 0.8575 0.5143 0.0136
vn 0.8485 0.4394 0.2950
vn 0.8150 0.4741 0.3333
vn -0.9466 -0.1065 0.3042
vn 0.2772 0.7190 0.6373
vn 0.7695 0.5303 0.3560
vn -0.9697 -0.2364 0.0621
vn 0.8353 0.5115 -0.2017
vn -0.9474 -0.3199 0.0124
vn -0.9399 -0.3294 0.0902
vn -0.9335 -0.3257 0.1500
vn -0.9488 -0.2901 0.1248
vn -0.9092 0.2186 0.3544
vn -0.9422 -0.2710 0.1971
vn -0.7725 0.4009 0.4924
vn -0.0381 0.7637 0.6444
vn 0.0247 0.8187 0.5738
vn -0.6869 0.3816 0.6185
vn 0.4700 -0.3924 0.7907
vn 0.1778 -0.9124 0.3687
vn -0.8836 0.4462 0.1420
vn -0.8682 0.4879 0.0904
vn -0.8782 0.3195 0.3558
vn -0.8877 0.4211 0.1863
vn -0.4315 0.8605 0.2707
vn 0.8666 0.4989 -0.0150
vn 0.8911 0.4374 -0.1206
vn 0.8927 0.4367 0.1115
vn 0.8841 0.3740 0.2801
vn 0.8282 0.4548 0.3274
vn 0.8201 0.4918 0.2927
vn -0.9700 -0.2410 0.0320
vn -0.7040 0.4597 0.5413
vn -0.4666 -0.1386 0.8735
vn 0.1653 0.8298 0.5331
vn 0.6803 0.6520 0.3348
vn -0.9528 -0.2988 -0.0534
vn 0.8695 0.4749 -0.1356
vn -0.9277 -0.3602 -0.0979
vn -0.9246 -0.3788 -0.0396
vn -0.9287 -0.3704 0.0164
vn -0.9986 -0.0411 0.0337
vn -0.8583 0.5001 0.1151
vn -0.7674 0.2759 0.5787
vn -0.2196 0.8132 0.5390
vn -0.1095 0.8364 0.5371
vn -0.1859 0.6538 0.7335
vn 0.1252 0.6811 0.7214
vn 0.5118 0.4034 0.7585
vn 0.6713 -0.7382 0.0665
vn 0.7581 -0.5737 0.3099
vn 0.1288 -0.9550 0.2671
vn -0.6787 -0.5638 0.4706
vn -0.9075 0.4061 0.1074
vn -0.6083 -0.4208 0.6730
vn -0.8218 0.5143 0.2452
vn -0.7679 0.3293 0.5495
vn -0.8948 0.4025 0.1933
vn -0.9185 0.3705 0.1379
vn 0.2320 0.9727 0.0100
vn 0.6603 0.7416 -0.1182
vn 0.9140 0.3755 0.1536
vn 0.8998 0.3518 0.2583
vn 0.8865 0.3938 0.2429
vn 0.8114 0.5080 0.2891
vn 0.8192 0.5184 0.2453
vn -0.9917 -0.0896 0.0919
vn -0.9730 -0.2306 0.0031
vn -0.9485 -0.3111 -0.0599
vn -0.6818 0.5962 0.4240
vn 0.5184 0.7820 0.3461
vn -0.3741 0.8241 0.4254
vn -0.9274 -0.3465 -0.1409
vn 0.8587 0.4995 -0.1146
vn -0.9099 -0.3826 -0.1603
vn -0.9095 -0.3989 -0.1172
vn -0.9587 -0.2746 -0.0745
vn -0.4915 0.8633 0.1150
vn -0.3737 0.8051 0.4606
vn -0.0863 0.8884 0.4510
vn -0.0923 0.8066 0.5838
vn -0.3254 0.5901 0.7389
vn -0.1106 0.8330 0.5421
vn -0.2257 0.9334 0.2789
vn 0.3759 0.8267 0.4186
vn 0.5979 0.5551 0.5783
vn 0.6495 0.4034 0.6446
vn 0.7690 0.0371 0.6381
vn 0.8802 -0.2637 0.3945
vn 0.7936 -0.6084 0.0103
vn 0.8385 -0.5235 0.1510
vn 0.1111 -0.8497 0.5154
vn -0.8739 0.4364 0.2141
vn -0.6140 -0.0598 0.7870
vn -0.8818 0.4039 0.2434
vn -0.8239 0.1613 0.5434
vn -0.8611 0.4962 0.1107
vn -0.8639 0.4956 0.0895
vn -0.9084 0.3893 0.1526
vn -0.8961 0.4059 0.1793
vn -0.6995 0.7146 0.0053
vn 0.8317 0.5093 0.2212
vn 0.8714 0.4017 0.2816
vn 0.9037 0.3862 0.1851
vn 0.8898 0.3944 0.2295
vn 0.8050 0.5453 0.2336
vn 0.7491 0.6209 0.2312
vn -0.9975 0.0296 0.0643
vn -0.9806 -0.1894 -0.0508
vn -0.9518 -0.3027 -0.0505
vn -0.9205 -0.3711 -0.1220
vn -0.9118 -0.3682 -0.1816
vn 0.6765 0.7265 -0.1210
vn -0.8749 -0.4314 -0.2200
vn -0.8933 -0.3980 -0.2088
vn -0.9703 -0.0597 -0.2345
vn -0.8226 0.5376 -0.1852
vn -0.4781 0.8678 -0.1357
vn -0.2922 0.9502 0.1086
vn -0.1622 0.9230 0.3488
vn -0.1037 0.8567 0.5052
vn -0.1534 0.6848 0.7124
vn -0.3132 0.3296 0.8907
vn -0.5396 0.2142 0.8142
vn 0.5345 0.8281 -0.1689
vn 0.6960 0.5663 0.4414
vn 0.7010 0.2587 0.6646
vn 0.6152 0.4179 0.6685
vn 0.6654 0.5304 0.5253
vn 0.8465 0.3475 0.4033
vn 0.9699 0.0018 0.2437
vn 0.8903 -0.4171 0.1829
vn 0.7671 -0.6370 -0.0766
vn 0.6556 -0.7512 0.0771
vn -0.1052 -0.5823 0.8061
vn -0.9081 0.3582 0.2168
vn -0.9147 0.3284 0.2356
vn -0.8517 0.0497 0.5217
vn -0.8181 0.5751 -0.0004
vn -0.8359 0.5473 -0.0415
vn -0.8739 0.4803 0.0753
vn -0.8926 0.4233 0.1553
vn -0.9122 0.3737 0.1683
vn -0.8818 0.4611 -0.0990
vn 0.2585 0.9509 -0.1705
vn 0.0533 0.9186 0.3916
vn -0.0123 0.8786 0.4774
vn 0.9021 0.4083 0.1395
vn 0.9348 0.3487 0.0671
vn 0.9151 0.3551 0.1912
vn 0.8562 0.4618 0.2318
vn 0.8104 0.5587 0.1763
vn 0.8157 0.5472 0.1876
vn -0.9811 0.1743 0.0837
vn -0.9822 -0.1604 -0.0972
vn -0.9671 -0.2342 -0.0998
vn -0.9200 -0.3806 -0.0938
vn -0.9035 -0.4013 -0.1502
vn -0.8784 -0.4090 -0.2472
vn -0.1814 0.9825 -0.0419
vn -0.7938 -0.5176 -0.3193
vn -0.8684 -0.3253 -0.3742
vn -0.8746 0.2109 -0.4366
vn -0.6223 0.7020 -0.3463
vn -0.4718 0.8385 -0.2724
vn -0.4137 0.8956 -0.1638
vn -0.2702 0.9620 0.0384
vn -0.1319 0.9430 0.3054
vn -0.2272 0.7152 0.6609
vn -0.2240 0.4660 0.8560
vn -0.4109 -0.1509 0.8991
vn -0.6036 -0.2416 0.7598
vn -0.8142 0.2581 0.5201
vn -0.2459 0.8093 -0.5334
vn -0.7702 0.6238 -0.1327
vn 0.9917 -0.0366 -0.1235
vn 0.8347 -0.2338 0.4986
vn 0.6445 -0.3144 0.6970
vn 0.5283 -0.1503 0.8356
vn 0.5729 0.4519 0.6838
vn 0.6293 0.6821 0.3725
vn 0.7765 0.5918 0.2165
vn 0.9468 0.2895 0.1404
vn 0.9529 -0.2730 0.1318
vn 0.7111 -0.6947 -0.1085
vn 0.5791 -0.7803 0.2363
vn 0.7483 -0.6632 -0.0176
vn 0.7772 -0.6237 0.0838
vn -0.9199 0.3278 0.2153
vn -0.2600 -0.5370 0.8025
vn -0.3409 -0.5588 0.7560
vn -0.9384 0.2761 0.2076
vn -0.8780 -0.0593 0.4749
vn -0.7642 0.6354 -0.1104
vn -0.7732 0.6279 -0.0887
vn -0.8427 0.5383 -0.0065
vn -0.8626 0.4980 0.0891
vn -0.8968 0.4234 0.1285
vn -0.9180 0.3543 0.1780
vn -0.8843 0.4614 -0.0719
vn -0.4379 0.8865 -0.1499
vn -0.8337 0.5430 -0.1007
vn -0.8228 0.5097 0.2515
vn -0.8115 0.5669 0.1419
vn 0.4476 0.8552 0.2615
vn 0.9054 0.4213 0.0528
vn 0.9554 0.2751 0.1074
vn 0.9017 0.3825 0.2016
vn 0.8422 0.5283 0.1080
vn 0.8216 0.5547 0.1319
vn 0.6653 0.7095 0.2324
vn 0.7700 0.6200 0.1503
vn -0.9122 0.4017 0.0802
vn -0.9862 -0.1092 -0.1247
vn -0.9626 -0.2038 -0.1786
vn -0.9430 -0.2948 -0.1545
vn -0.8958 -0.4212 -0.1417
vn -0.8597 -0.4511 -0.2397
vn -0.1515 0.9343 0.3227
vn -0.8050 -0.4897 -0.3350
vn -0.7592 -0.4777 -0.4420
vn -0.8671 -0.0027 -0.4981
vn -0.6724 0.5753 -0.4657
vn -0.4613 0.8156 -0.3492
vn -0.5019 0.8084 -0.3076
vn -0.5348 0.7905 -0.2985
vn -0.4132 0.8779 -0.2420
vn -0.3872 0.9217 0.0223
vn -0.2770 0.8888 0.3652
vn -0.3874 0.4336 0.8136
vn -0.3461 0.0951 0.9334
vn -0.4514 -0.4962 0.7417
vn -0.5339 -0.5482 0.6437
vn -0.7702 -0.3440 0.5371
vn -0.9984 -0.0086 -0.0562
vn 0.3849 0.8019 -0.4569
vn 0.7415 0.5501 -0.3842
vn 0.8868 0.1482 -0.4378
vn 0.6628 -0.7345 0.1457
vn 0.4402 -0.7324 0.5195
vn 0.4111 0.0128 0.9115
vn 0.5495 0.5305 0.6454
vn 0.6490 0.7319 0.2075
vn 0.6682 0.7396 0.0808
vn 0.8368 0.5474 0.0127
vn 0.9949 -0.0718 0.0713
vn 0.6065 -0.7933 -0.0531
vn 0.4165 -0.8339 0.3621
vn 0.6817 -0.7163 -0.1488
vn 0.6698 -0.7393 0.0687
vn 0.7370 -0.6726 0.0666
vn -0.9259 0.3312 0.1818
vn 0.2746 -0.8390 0.4697
vn -0.3965 -0.6099 0.6862
vn -0.9414 0.2638 0.2103
vn -0.8858 -0.1237 0.4473
vn -0.6531 0.7527 -0.0823
vn -0.7619 0.6471 0.0280
vn -0.7829 0.6082 -0.1308
vn -0.8368 0.5470 0.0257
vn -0.8618 0.5016 0.0758
vn -0.9129 0.3951 0.1021
vn -0.9121 0.3655 0.1856
vn -0.8698 0.4923 -0.0334
vn -0.8326 0.5493 0.0712
vn -0.8492 0.4794 0.2215
vn -0.6310 0.7216 0.2849
vn -0.8615 0.4818 0.1602
vn 0.9529 0.2934 0.0763
vn 0.9455 0.2979 0.1315
vn 0.8801 0.4718 0.0537
vn 0.8225 0.5662 0.0538
vn 0.8192 0.5684 0.0763
vn 0.2355 0.9502 0.2040
vn 0.4799 0.8762 0.0452
vn -0.7068 0.7072 -0.0173
vn -0.9817 0.0454 -0.1848
vn -0.9462 -0.2435 -0.2131
vn -0.9458 -0.2016 -0.2544
vn -0.9057 -0.3542 -0.2330
vn -0.8425 -0.4762 -0.2518
vn -0.8073 -0.4881 -0.3317
vn -0.6802 -0.5926 -0.4315
vn -0.7261 -0.2984 -0.6195
vn -0.6830 0.5995 -0.4173
vn -0.4720 0.8252 -0.3103
vn -0.4339 0.8555 -0.2826
vn -0.6142 0.7194 -0.3245
vn -0.6732 0.6538 -0.3456
vn -0.5178 0.7507 -0.4104
vn -0.4617 0.8463 -0.2655
vn -0.5949 0.7979 0.0974
vn -0.4803 0.7208 0.4997
vn -0.5920 -0.0790 0.8021
vn -0.4457 -0.3710 0.8147
vn -0.4684 -0.4997 0.7286
vn -0.4151 -0.4873 0.7683
vn -0.5931 -0.7234 0.3534
vn -0.7484 0.3621 -0.5558
vn -0.8016 0.4100 -0.4352
vn 0.5550 0.7637 -0.3298
vn 0.6923 0.5558 -0.4603
vn 0.0814 0.7973 -0.5981
vn -0.5071 0.4583 -0.7299
vn 0.7492 0.2461 -0.6149
vn 0.7751 0.0778 -0.6270
vn 0.8327 -0.1361 -0.5367
vn 0.2570 -0.9596 0.1146
vn 0.1275 -0.8857 0.4464
vn 0.2217 -0.6730 0.7056
vn 0.0523 -0.5161 0.8550
vn 0.4086 0.1391 0.9021
vn 0.6186 0.4517 0.6428
vn 0.5892 0.6417 0.4910
vn 0.7268 0.5884 0.3543
vn 0.7348 0.6776 0.0300
vn 0.6740 0.7323 -0.0971
vn 0.7596 0.6329 -0.1495
vn 0.9872 0.1586 -0.0157
vn 0.9030 -0.4291 0.0236
vn 0.9586 -0.2842 -0.0174
vn 0.5365 -0.8357 0.1174
vn 0.5835 -0.7824 -0.2179
vn 0.5911 -0.8057 -0.0383
vn 0.8496 -0.5152 0.1126
vn 0.8185 -0.5725 0.0481
vn 0.6678 -0.7439 -0.0257
vn 0.7456 -0.6601 -0.0916
vn -0.9245 0.3482 0.1549
vn 0.1802 -0.8372 0.5163
vn -0.4415 -0.6604 0.6075
vn -0.9471 0.2461 0.2058
vn -0.9072 -0.1438 0.3954
vn -0.5413 0.7919 0.2827
vn -0.7678 0.6035 0.2152
vn -0.4692 0.8211 -0.3249
vn -0.7827 0.6153 -0.0938
vn -0.8314 0.5545 0.0373
vn -0.8861 0.4632 0.0163
vn -0.9136 0.3777 0.1505
vn -0.8178 0.5351 0.2119
vn -0.8675 0.4661 0.1739
vn -0.7839 0.5932 0.1835
vn -0.8276 0.5011 0.2530
vn 0.9711 0.2355 0.0385
vn 0.9267 0.3758 -0.0036
vn 0.8271 0.5615 0.0255
vn 0.8301 0.5571 0.0242
vn 0.6337 0.7693 -0.0814
vn -0.4358 0.8740 -0.2149
vn -0.9061 0.2793 -0.3179
vn -0.9499 -0.1835 -0.2530
vn -0.9284 -0.2608 -0.2646
vn -0.9112 -0.2478 -0.3291
vn -0.8532 -0.4090 -0.3236
vn -0.7968 -0.5083 -0.3267
vn -0.7047 -0.5771 -0.4128
vn -0.5709 -0.6087 -0.5510
vn -0.4141 0.9041 -0.1054
vn -0.6054 0.7737 -0.1867
vn -0.7683 0.5550 -0.3190
vn -0.7997 0.4853 -0.3535
vn -0.6018 0.6162 -0.5082
vn -0.4603 0.7636 -0.4528
vn -0.6588 0.7292 -0.1851
vn -0.8491 0.4596 0.2603
vn -0.7453 0.3058 0.5925
vn -0.6812 -0.4463 0.5804
vn -0.4954 -0.5646 0.6601
vn -0.6150 -0.5983 0.5136
vn -0.4974 -0.5875 0.6383
vn -0.3185 -0.5824 0.7479
vn -0.4890 -0.7588 0.4303
vn -0.2895 -0.8726 0.3934
vn -0.5466 -0.8303 0.1085
vn -0.5749 0.1654 -0.8013
vn -0.3936 0.5019 -0.7702
vn -0.6302 0.3576 -0.6892
vn -0.4469 0.5281 -0.7220
vn 0.4300 0.7877 -0.4412
vn 0.5042 0.6184 -0.6028
vn 0.4682 0.8215 -0.3256
vn -0.2076 0.7234 -0.6585
vn -0.6015 0.2898 -0.7444
vn 0.5591 0.3314 -0.7600
vn 0.6156 0.1911 -0.7646
vn 0.5995 0.1270 -0.7902
vn 0.6343 0.0200 -0.7728
vn 0.7415 -0.3387 -0.5791
vn 0.1068 -0.4752 -0.8734
vn 0.0717 -0.7934 0.6044
vn -0.1222 -0.7152 0.6882
vn 0.0552 -0.3496 0.9353
vn 0.5680 0.0987 0.8171
vn 0.8022 0.3069 0.5121
vn 0.8642 0.4691 0.1819
vn 0.8022 0.5755 -0.1594
vn 0.7070 0.6518 -0.2744
vn 0.7682 0.5918 -0.2443
vn 0.9434 0.3221 -0.0791
vn 0.9881 -0.1465 -0.0463
vn 0.8899 -0.4393 -0.1229
vn 0.9335 -0.3422 -0.1073
vn 0.5038 -0.8231 0.2622
vn 0.5982 -0.7945 -0.1042
vn 0.5341 -0.8281 -0.1703
vn 0.5925 -0.8050 -0.0309
vn 0.8214 -0.5550 -0.1314
vn 0.7484 -0.5986 -0.2856
vn 0.7787 -0.5393 -0.3207
vn -0.9316 0.3388 0.1317
vn 0.1124 -0.8635 0.4917
vn -0.5421 -0.6972 0.4690
vn -0.9731 0.2027 0.1095
vn -0.9578 -0.1817 0.2226
vn -0.5642 0.6394 0.5223
vn -0.7765 0.5614 0.2861
vn 0.2501 0.9379 -0.2405
vn -0.3531 0.7746 -0.5247
vn -0.7853 0.6164 -0.0572
vn -0.8470 0.5310 -0.0245
vn -0.8735 0.4846 0.0465
vn -0.9023 0.4087 0.1370
vn -0.8930 0.4317 0.1269
vn -0.8817 0.4380 0.1753
vn -0.9226 0.3695 0.1106
vn -0.8163 0.5259 0.2390
vn -0.8630 0.4807 0.1553
vn -0.8446 0.5215 0.1209
vn 0.1978 0.9510 0.2377
vn -0.8093 0.5397 0.2320
vn 0.9520 0.2931 -0.0886
vn 0.9700 0.2080 -0.1256
vn 0.9421 0.2520 -0.2213
vn 0.8271 0.5578 -0.0696
vn 0.8335 0.5499 -0.0533
vn 0.6931 0.7061 -0.1453
vn -0.2529 0.8509 -0.4605
vn -0.9159 0.1115 -0.3856
vn -0.9166 -0.2636 -0.3006
vn -0.8760 -0.3160 -0.3644
vn -0.8147 -0.4557 -0.3586
vn -0.7297 -0.5532 -0.4018
vn -0.4961 -0.6834 -0.5357
vn -0.7030 -0.1872 -0.6861
vn -0.7860 0.2893 -0.5463
vn -0.4263 0.9038 -0.0367
vn -0.8553 0.4974 -0.1449
vn -0.8884 0.3263 -0.3229
vn -0.8799 0.3156 -0.3553
vn -0.6394 0.5369 -0.5504
vn -0.3934 0.7140 -0.5791
vn -0.6549 0.6810 -0.3276
vn -0.9200 0.3903 0.0363
vn -0.9254 -0.0903 0.3680
vn -0.6974 -0.5909 0.4056
vn -0.5818 -0.6745 0.4544
vn -0.7010 -0.6000 0.3854
vn -0.5976 -0.6376 0.4861
vn -0.3505 -0.6161 0.7054
vn -0.2316 -0.6780 0.6976
vn -0.1276 -0.9660 0.2247
vn -0.0485 0.5219 -0.8516
vn -0.3022 0.5309 -0.7917
vn -0.3383 0.5771 -0.7433
vn -0.5600 0.3963 -0.7276
vn -0.3785 0.5997 -0.7051
vn 0.2247 0.7342 -0.6406
vn 0.2813 0.6253 -0.7279
vn 0.4800 0.7836 -0.3944
vn 0.2574 0.8758 -0.4084
vn -0.3480 0.5999 -0.7205
vn -0.6697 0.2247 -0.7079
vn 0.4331 0.3896 -0.8128
vn 0.4809 0.2578 -0.8380
vn 0.5460 0.1710 -0.8201
vn 0.6092 -0.0730 -0.7896
vn 0.6163 -0.1134 -0.7793
vn 0.6800 0.0236 -0.7328
vn -0.1053 -0.7890 0.6052
vn -0.0047 -0.6766 0.7364
vn -0.0181 -0.6303 0.7761
vn -0.1952 -0.7033 0.6836
vn 0.3567 -0.3421 0.8693
vn 0.7540 -0.0588 0.6543
vn 0.9409 0.0980 0.3243
vn 0.9536 0.2994 0.0302
vn 0.8174 0.4776 -0.3221
vn 0.7148 0.5800 -0.3907
vn 0.8657 0.3844 -0.3205
vn 0.9207 0.3768 -0.1015
vn 0.9990 0.0029 -0.0451
vn 0.9616 -0.2569 -0.0963
vn 0.8934 -0.3843 -0.2326
vn 0.9296 -0.3213 -0.1808
vn 0.6486 -0.7602 0.0377
vn 0.4751 -0.8243 0.3080
vn 0.6052 -0.7811 -0.1538
vn 0.5796 -0.8082 -0.1042
vn 0.6974 -0.7005 -0.1518
vn 0.8325 -0.4640 -0.3028
vn 0.7663 -0.3493 -0.5393
vn 0.8112 -0.3294 -0.4831
vn -0.9363 0.3403 0.0863
vn 0.0282 -0.9424 0.3334
vn -0.6638 -0.7053 0.2488
vn -0.9640 0.2615 0.0491
vn -0.9850 -0.1437 0.0951
vn -0.5721 0.6624 0.4837
vn -0.7803 0.5510 0.2958
vn 0.7170 0.4787 0.5068
vn 0.5437 0.3174 0.7769
vn 0.3595 0.5292 -0.7686
vn 0.9158 0.2581 -0.3076
vn -0.3306 0.7809 -0.5301
vn -0.8102 0.5825 -0.0648
vn -0.8333 0.5520 -0.0306
vn -0.8423 0.5261 0.1169
vn -0.8675 0.4906 0.0817
vn -0.9044 0.4180 0.0857
vn -0.9099 0.3997 0.1107
vn -0.8107 0.5366 0.2342
vn -0.8071 0.5179 0.2836
vn -0.8520 0.5114 0.1121
vn -0.8729 0.4855 0.0490
vn 0.1128 0.9936 0.0090
vn -0.8309 0.5151 0.2104
vn 0.5791 -0.2244 -0.7837
vn 0.5718 -0.2008 -0.7954
vn 0.4755 -0.1096 -0.8729
vn 0.8379 0.4402 -0.3228
vn 0.7197 0.6606 -0.2134
vn -0.2096 0.7348 -0.6451
vn -0.8771 -0.0169 -0.4800
vn -0.9137 -0.2665 -0.3067
vn -0.8958 -0.3002 -0.3276
vn -0.8417 -0.3781 -0.3853
vn -0.7388 -0.5067 -0.4444
vn -0.4733 -0.6638 -0.5791
vn -0.4307 -0.6340 -0.6423
vn -0.1593 0.9840 -0.0797
vn -0.5999 0.7998 0.0198
vn -0.3636 0.9061 0.2162
vn -0.5170 0.8546 0.0491
vn -0.9664 0.1339 -0.2196
vn -0.9343 0.0679 -0.3498
vn -0.9179 0.1379 -0.3721
vn -0.6429 0.4950 -0.5846
vn -0.2783 0.7231 -0.6322
vn -0.5918 0.6770 -0.4376
vn -0.9398 0.3329 -0.0778
vn -0.9600 -0.1865 0.2089
vn -0.6797 -0.6378 0.3621
vn -0.6016 -0.7004 0.3841
vn -0.7095 -0.4015 0.5791
vn -0.5677 -0.5031 0.6516
vn -0.4436 -0.7209 0.5324
vn -0.2231 -0.7008 0.6776
vn 0.2380 0.3807 -0.8936
vn -0.3109 0.2593 -0.9144
vn -0.6189 0.1598 -0.7690
vn -0.5036 0.4461 -0.7398
vn -0.4757 0.5381 -0.6958
vn -0.5519 0.4730 -0.6868
vn -0.4791 0.5930 -0.6472
vn -0.0006 0.6200 -0.7846
vn 0.1567 0.5149 -0.8428
vn 0.2895 0.7418 -0.6049
vn 0.4319 0.7884 -0.4381
vn 0.1203 0.8424 -0.5252
vn -0.4429 0.4939 -0.7483
vn -0.7637 0.1618 -0.6250
vn 0.4660 0.3707 -0.8034
vn 0.5653 0.1235 -0.8156
vn 0.6653 -0.0343 -0.7458
vn 0.6636 -0.4156 -0.6220
vn 0.6527 -0.4604 -0.6016
vn 0.6947 -0.1639 -0.7004
vn 0.6795 0.0223 -0.7334
vn 0.5525 0.1628 -0.8175
vn -0.1626 -0.7186 0.6762
vn -0.0949 -0.6776 0.7292
vn 0.0475 -0.7471 0.6630
vn -0.0132 -0.7480 0.6635
vn 0.0049 -0.6837 0.7298
vn 0.5128 -0.4607 0.7245
vn 0.8645 -0.2710 0.4233
vn 0.9760 -0.1212 0.1810
vn 0.9853 0.1532 -0.0756
vn 0.8061 0.4070 -0.4297
vn 0.6575 0.5418 -0.5236
vn 0.7229 0.4340 -0.5376
vn 0.9347 0.3169 -0.1608
vn 0.9884 0.1431 -0.0517
vn 0.9835 -0.1536 -0.0960
vn 0.9517 -0.2660 -0.1533
vn 0.9027 -0.3533 -0.2458
vn 0.9217 -0.3431 -0.1810
vn 0.7015 -0.7114 -0.0429
vn 0.4634 -0.8633 0.2001
vn 0.6809 -0.7133 0.1661
vn 0.6723 -0.7300 0.1229
vn 0.6536 -0.7463 -0.1255
vn 0.7053 -0.6932 -0.1484
vn 0.8633 -0.3489 -0.3648
vn 0.7733 -0.3806 -0.5070
vn 0.7701 -0.5571 -0.3108
vn 0.7239 -0.1418 -0.6752
vn 0.8781 -0.1168 -0.4641
vn -0.9014 0.4240 0.0882
vn -0.0474 -0.9928 0.1104
vn -0.6690 -0.7227 0.1738
vn -0.9370 0.3491 -0.0115
vn -0.9966 0.0439 0.0691
vn -0.5090 0.7509 0.4207
vn -0.7705 0.5772 0.2704
vn 0.5559 0.4404 0.7050
vn 0.9567 -0.2875 0.0458
vn 0.9340 -0.3461 0.0880
vn 0.2997 0.4999 -0.8126
vn 0.6631 0.1104 -0.7403
vn 0.9705 -0.2142 -0.1103
vn -0.4514 0.7648 -0.4597
vn -0.8148 0.5767 -0.0596
vn -0.8170 0.5758 0.0297
vn -0.8502 0.5257 0.0271
vn -0.8843 0.4634 0.0567
vn -0.8870 0.4470 0.1158
vn -0.8873 0.4412 0.1341
vn -0.8316 0.4941 0.2536
vn -0.7791 0.5646 0.2724
vn -0.8572 0.5097 0.0740
vn -0.8741 0.4848 0.0304
vn -0.8663 0.3849 -0.3183
vn -0.8650 0.4842 0.1317
vn 0.0121 -0.2802 -0.9599
vn -0.4467 -0.5807 -0.6806
vn -0.4078 -0.5239 -0.7478
vn -0.4112 -0.4085 -0.8149
vn 0.2878 0.0025 -0.9577
vn 0.3835 0.2688 -0.8836
vn 0.7638 0.5494 -0.3388
vn -0.1351 0.5805 -0.8030
vn -0.8111 -0.0818 -0.5791
vn -0.8932 -0.2692 -0.3601
vn -0.8457 -0.3456 -0.4066
vn -0.7457 -0.4408 -0.4996
vn 0.6415 0.4697 -0.6065
vn 0.0019 -0.6503 -0.7596
vn -0.2919 0.8195 0.4931
vn -0.3714 0.8434 0.3883
vn -0.5584 0.7600 0.3325
vn -0.7477 0.6560 0.1032
vn -0.9715 0.2284 0.0628
vn -0.9296 -0.1453 -0.3387
vn -0.9062 -0.1389 -0.3994
vn -0.9207 -0.0156 -0.3899
vn -0.6463 0.4004 -0.6496
vn -0.1604 0.7352 -0.6586
vn -0.5149 0.6913 -0.5069
vn -0.9415 0.3035 -0.1465
vn -0.9600 -0.2249 0.1667
vn -0.7073 -0.5776 0.4075
vn -0.6319 -0.5594 0.5364
vn -0.7482 -0.4411 0.4957
vn -0.5732 -0.6181 0.5380
vn -0.3577 -0.6639 0.6568
vn -0.2984 -0.7926 0.5316
vn 0.4560 0.1815 -0.8713
vn -0.1106 0.0606 -0.9920
vn -0.5339 -0.3221 -0.7818
vn -0.7114 -0.2145 -0.6692
vn -0.7411 0.0185 -0.6711
vn -0.6921 0.3352 -0.6392
vn -0.7111 0.4178 -0.5655
vn -0.6317 0.5537 -0.5425
vn -0.7041 0.5156 -0.4882
vn -0.0253 0.6422 -0.7662
vn 0.3006 0.4825 -0.8227
vn 0.0520 0.7342 -0.6769
vn 0.3788 0.7420 -0.5531
vn 0.2984 0.7907 -0.5346
vn 0.0629 0.8128 -0.5791
vn -0.5406 0.5261 -0.6565
vn -0.8405 0.0648 -0.5380
vn 0.6142 0.3243 -0.7194
vn 0.6715 0.2636 -0.6925
vn 0.5665 0.2849 -0.7733
vn 0.5018 0.2980 -0.8120
vn 0.6653 0.1281 -0.7355
vn 0.7400 -0.0327 -0.6718
vn 0.7256 -0.3168 -0.6108
vn 0.6041 -0.6652 -0.4388
vn 0.5859 -0.7218 -0.3684
vn 0.6232 -0.5364 -0.5692
vn 0.6597 -0.3624 -0.6584
vn 0.5663 -0.1749 -0.8055
vn -0.1586 -0.7339 0.6605
vn -0.1320 -0.7803 0.6113
vn -0.1363 -0.7647 0.6298
vn 0.0077 -0.8302 0.5574
vn 0.2186 -0.8980 0.3818
vn -0.0669 -0.8788 0.4726
vn -0.1664 -0.8433 0.5110
vn 0.1712 -0.7986 0.5770
vn 0.6029 -0.5993 0.5266
vn 0.8572 -0.4544 0.2423
vn 0.9571 -0.2730 0.0975
vn 0.9842 0.0457 -0.1712
vn 0.9683 -0.0243 -0.2486
vn 0.8673 0.2446 -0.4335
vn 0.5475 0.5768 -0.6063
vn 0.6939 0.3530 -0.6276
vn 0.9116 0.0687 -0.4052
vn 0.9596 0.1520 -0.2369
vn 0.9714 0.2155 -0.0994
vn 0.9926 -0.0167 -0.1207
vn 0.9633 -0.2097 -0.1677
vn 0.9356 -0.3196 -0.1503
vn 0.9221 -0.3398 -0.1854
vn 0.9162 -0.3738 -0.1446
vn 0.7564 -0.6513 -0.0612
vn 0.7591 -0.6489 0.0519
vn 0.6947 -0.7083 0.1254
vn 0.4789 -0.8778 0.0128
vn 0.8045 -0.5859 0.0974
vn 0.7599 -0.6336 -0.1453
vn 0.8041 -0.5284 -0.2723
vn 0.9271 -0.2445 -0.2841
vn 0.8426 -0.3497 -0.4096
vn 0.7026 -0.1874 -0.6864
vn -0.8909 0.4542 0.0077
vn 0.0194 -0.9882 0.1517
vn -0.6021 -0.7712 0.2068
vn -0.9225 -0.3596 0.1400
vn -0.9433 0.3127 -0.1111
vn -0.9957 0.0618 0.0688
vn -0.3623 0.8555 0.3699
vn -0.7452 0.6329 0.2102
vn 0.5923 0.5734 0.5661
vn 0.9448 -0.3227 0.0573
vn 0.9313 -0.3615 -0.0445
vn 0.9202 -0.3887 -0.0460
vn 0.5644 0.1158 -0.8174
vn 0.9345 -0.3417 -0.0993
vn -0.6207 0.7143 -0.3232
vn -0.8064 0.5907 -0.0296
vn -0.8196 0.5717 -0.0374
vn -0.8588 0.5116 0.0264
vn -0.8685 0.4858 0.0982
vn -0.8841 0.4510 0.1224
vn -0.9161 0.3961 0.0620
vn -0.8325 0.5095 0.2175
vn -0.7456 0.6373 0.1947
vn -0.8622 0.5041 0.0500
vn -0.8693 0.4943 -0.0021
vn -0.9216 0.0978 -0.3755
vn -0.2481 -0.4839 -0.8392
vn -0.6085 -0.3401 -0.7169
vn 0.0803 0.3622 -0.9286
vn -0.6530 -0.1457 -0.7432
vn -0.8338 -0.3006 -0.4630
vn 0.6248 -0.5827 -0.5196
vn 0.7771 -0.2359 -0.5836
vn -0.3091 0.7032 0.6403
vn -0.3897 0.7505 0.5338
vn 0.0337 0.8248 0.5644
vn 0.3422 0.8532 0.3936
vn -0.7919 0.4902 0.3641
vn -0.7980 -0.3874 -0.4616
vn -0.7844 -0.3620 -0.5036
vn -0.8914 -0.1239 -0.4360
vn -0.6559 0.2603 -0.7085
vn -0.0572 0.7059 -0.7060
vn -0.4444 0.6932 -0.5675
vn -0.9312 0.2900 -0.2210
vn -0.9680 -0.2166 0.1269
vn -0.7819 -0.4984 0.3746
vn -0.7118 -0.4944 0.4989
vn -0.7576 -0.5981 0.2613
vn -0.5598 -0.7711 0.3034
vn -0.3356 -0.7658 0.5486
vn -0.2340 -0.7679 0.5963
vn -0.1943 -0.8049 0.5607
vn 0.1442 -0.2240 -0.9639
vn -0.5102 -0.4663 -0.7227
vn -0.7811 -0.3535 -0.5148
vn -0.8347 -0.0741 -0.5457
vn -0.8782 0.2148 -0.4273
vn -0.9071 0.2156 -0.3615
vn -0.7210 0.5461 -0.4266
vn -0.8558 0.4048 -0.3220
vn 0.2359 0.7437 -0.6255
vn 0.5247 0.5437 -0.6550
vn -0.1363 0.7663 -0.6279
vn 0.2218 0.7853 -0.5780
vn 0.3959 0.7703 -0.4998
vn 0.1195 0.8316 -0.5423
vn -0.0264 0.8480 -0.5293
vn -0.6582 0.5777 -0.4828
vn -0.8522 0.0830 -0.5166
vn 0.7057 0.3173 -0.6335
vn 0.7512 0.2583 -0.6075
vn 0.7730 0.1967 -0.6032
vn 0.7178 0.1576 -0.6782
vn 0.7893 -0.0636 -0.6106
vn 0.8100 -0.1873 -0.5558
vn 0.6704 -0.5595 -0.4874
vn 0.4978 -0.8276 -0.2594
vn 0.4593 -0.8657 -0.1991
vn 0.4776 -0.8052 -0.3515
vn 0.4511 -0.7060 -0.5459
vn 0.4644 -0.6210 -0.6315
vn 0.2170 -0.5376 -0.8148
vn 0.3587 -0.8464 0.3935
vn 0.0240 -0.9649 0.2614
vn 0.1311 -0.9101 0.3931
vn 0.5760 -0.7529 0.3185
vn 0.8047 -0.5665 0.1775
vn 0.9310 -0.3642 0.0266
vn 0.9206 -0.3840 -0.0714
vn 0.8624 0.2540 -0.4378
vn 0.4118 0.6629 -0.6252
vn 0.5998 0.3045 -0.7400
vn 0.8773 -0.2144 -0.4293
vn 0.9620 -0.0731 -0.2629
vn 0.9691 0.1957 -0.1500
vn 0.9802 0.1249 -0.1537
vn 0.9646 -0.1168 -0.2364
vn 0.9350 -0.2984 -0.1916
vn 0.9187 -0.3703 -0.1376
vn 0.9127 -0.3916 -0.1164
vn 0.8481 -0.5291 0.0264
vn 0.8493 -0.5208 -0.0865
vn 0.7255 -0.6881 0.0144
vn 0.8420 -0.5344 0.0739
vn 0.5673 -0.8233 0.0188
vn 0.9169 -0.3929 0.0697
vn 0.8600 -0.4604 -0.2201
vn 0.9092 -0.2711 -0.3160
vn 0.8295 -0.1017 -0.5491
vn -0.9150 0.3621 -0.1779
vn 0.1585 -0.9658 0.2050
vn -0.9322 -0.3009 0.2010
vn -0.7293 -0.6449 0.2286
vn -0.9664 0.2507 -0.0571
vn -0.9841 0.0619 0.1665
vn -0.3549 0.9006 0.2508
vn -0.7097 0.6880 0.1516
vn 0.8279 0.4578 0.3240
vn 0.9610 -0.2728 0.0456
vn 0.9088 -0.4106 -0.0744
vn 0.9096 -0.4032 -0.1004
vn 0.9118 -0.3997 -0.0946
vn 0.3863 0.5674 -0.7272
vn 0.6849 0.2694 -0.6771
vn 0.0266 0.7333 -0.6793
vn 0.1146 0.6812 -0.7230
vn -0.6550 0.7213 -0.2251
vn -0.6615 0.7191 -0.2128
vn -0.8177 0.5739 -0.0444
vn -0.8437 0.5332 0.0621
vn -0.8701 0.4841 0.0923
vn -0.9189 0.3919 0.0447
vn -0.9431 0.3111 -0.1176
vn -0.7962 0.5911 0.1293
vn -0.8550 0.5145 0.0654
vn -0.7070 0.6964 0.1232
vn -0.8518 0.5238 -0.0066
vn -0.8614 0.5013 -0.0818
vn -0.9099 0.1104 -0.3998
vn -0.1787 -0.5860 -0.7904
vn -0.5223 -0.2514 -0.8148
vn 0.5730 -0.6489 -0.5006
vn 0.7346 -0.5537 -0.3921
vn 0.7961 -0.3822 -0.4692
vn 0.8738 0.1496 -0.4627
vn 0.8825 0.4303 -0.1899
vn 0.6803 0.6914 0.2432
vn -0.3686 0.5997 0.7103
vn -0.5552 0.5858 0.5905
vn -0.1516 0.7429 0.6520
vn 0.2088 0.7146 0.6676
vn 0.4343 0.6207 0.6528
vn -0.8996 0.2221 0.3760
vn -0.9865 -0.0699 0.1482
vn -0.9488 -0.2422 -0.2028
vn -0.8066 -0.4778 -0.3480
vn -0.6009 -0.5799 -0.5501
vn -0.6310 -0.5210 -0.5749
vn -0.7608 -0.3293 -0.5593
vn -0.7016 0.0515 -0.7108
vn 0.0507 0.6626 -0.7472
vn -0.3530 0.6912 -0.6306
vn -0.9118 0.2836 -0.2968
vn -0.9841 -0.1708 0.0499
vn -0.8309 -0.5046 0.2345
vn -0.7496 -0.5901 0.2998
vn -0.6738 -0.7327 -0.0954
vn -0.4953 -0.8661 -0.0680
vn -0.3131 -0.8947 0.3185
vn -0.2025 -0.8174 0.5394
vn -0.2583 -0.7525 0.6058
vn -0.1767 -0.6598 -0.7304
vn -0.6857 -0.4853 -0.5425
vn -0.8116 -0.3785 -0.4450
vn -0.9343 -0.1378 -0.3288
vn -0.9719 0.1022 -0.2122
vn -0.9810 0.0267 -0.1920
vn -0.6864 0.5081 -0.5203
vn -0.8553 0.1963 -0.4795
vn 0.4800 0.7432 -0.4661
vn 0.6310 0.5701 -0.5261
vn -0.0971 0.8458 -0.5245
vn 0.0324 0.8392 -0.5429
vn 0.3324 0.8230 -0.4606
vn 0.2646 0.8536 -0.4487
vn -0.1893 0.8838 -0.4278
vn -0.8591 0.1869 -0.4765
vn -0.8084 0.1224 -0.5757
vn -0.7072 0.6329 -0.3153
vn -0.8045 0.3496 -0.4801
vn 0.7409 0.3203 -0.5904
vn 0.7810 0.1919 -0.5944
vn 0.8032 0.2223 -0.5526
vn 0.8736 0.0199 -0.4862
vn 0.8232 -0.0451 -0.5660
vn 0.8279 -0.1434 -0.5423
vn 0.7934 -0.4036 -0.4556
vn 0.5374 -0.7677 -0.3491
vn 0.4092 -0.9024 -0.1354
vn 0.3155 -0.9443 -0.0940
vn 0.2962 -0.9423 -0.1558
vn 0.2647 -0.8866 -0.3793
vn 0.2627 -0.8309 -0.4906
vn 0.2092 -0.7305 -0.6501
vn -0.2286 -0.6574 0.7180
vn 0.1924 -0.9217 0.3368
vn 0.0368 -0.9578 0.2850
vn 0.5066 -0.8260 0.2470
vn 0.7585 -0.6366 0.1393
vn 0.7328 -0.6712 0.1120
vn 0.9245 -0.3566 -0.1350
vn 0.9231 -0.3575 -0.1420
vn 0.8332 0.2894 -0.4713
vn 0.2860 0.7822 -0.5535
vn -0.0211 0.8133 -0.5814
vn 0.5204 0.3018 -0.7988
vn 0.8169 -0.3975 -0.4180
vn 0.9806 0.1071 -0.1643
vn 0.9637 0.2165 -0.1564
vn 0.9539 0.0498 -0.2960
vn 0.9135 -0.2556 -0.3164
vn 0.9055 -0.3740 -0.2004
vn 0.9061 -0.3976 -0.1450
vn 0.9296 -0.3683 0.0171
vn 0.9228 -0.3599 -0.1375
vn 0.7866 -0.6164 -0.0359
vn 0.8697 -0.4936 0.0066
vn 0.9486 -0.3158 0.0192
vn 0.6453 -0.7553 0.1143
vn 0.9712 -0.2216 0.0871
vn 0.9560 -0.1888 -0.2244
vn 0.8919 -0.0012 -0.4522
vn -0.9252 0.3244 -0.1969
vn 0.3527 -0.9274 0.1249
vn -0.2270 -0.9613 0.1560
vn -0.9290 -0.1996 0.3115
vn -0.7481 -0.5495 0.3719
vn -0.9656 0.2342 0.1129
vn -0.9481 0.0558 0.3132
vn -0.4048 0.9129 0.0527
vn -0.3836 0.9220 0.0528
vn 0.7370 0.6422 0.2106
vn 0.9118 -0.4022 -0.0829
vn 0.9122 -0.3985 -0.0954
vn 0.8890 -0.4355 -0.1416
vn 0.8924 -0.4278 -0.1437
vn 0.4997 0.5043 -0.7043
vn 0.7337 0.3229 -0.5979
vn 0.0113 0.7750 -0.6319
vn 0.0211 0.7921 -0.6101
vn -0.6502 0.7308 -0.2076
vn -0.7933 0.6089 -0.0028
vn -0.7987 0.6012 -0.0242
vn -0.8426 0.5350 0.0621
vn -0.8864 0.4627 0.0131
vn -0.9296 0.3629 -0.0645
vn -0.9131 0.3672 -0.1773
vn -0.7556 0.6494 0.0858
vn -0.8190 0.5727 0.0339
vn -0.5086 0.8610 -0.0015
vn -0.7850 0.5894 -0.1907
vn -0.8029 0.5057 -0.3156
vn -0.8637 0.2221 -0.4523
vn -0.1535 -0.6285 -0.7625
vn 0.6063 -0.6299 -0.4855
vn 0.7480 -0.5655 -0.3474
vn 0.8290 -0.4755 -0.2942
vn 0.8562 -0.3970 -0.3305
vn 0.8881 -0.1188 -0.4440
vn 0.9328 0.2415 -0.2675
vn 0.9268 0.3534 -0.1270
vn 0.8398 0.4980 0.2162
vn 0.5864 0.5250 0.6168
vn -0.5444 0.4692 0.6953
vn -0.7252 0.3785 0.5752
vn -0.1969 0.6593 0.7256
vn 0.0007 0.7341 0.6791
vn 0.2001 0.5891 0.7829
vn 0.3583 0.4909 0.7941
vn -0.9012 0.0239 0.4327
vn -0.9345 -0.2337 0.2684
vn -0.9230 -0.3810 -0.0530
vn -0.7991 -0.5730 -0.1817
vn -0.5897 -0.6674 -0.4548
vn -0.3950 -0.7104 -0.5825
vn -0.4491 -0.6648 -0.5970
vn -0.6363 -0.3147 -0.7044
vn 0.4506 -0.3572 -0.8182
vn -0.2526 0.7237 -0.6423
vn -0.8840 0.2918 -0.3652
vn -0.9891 -0.1401 -0.0460
vn -0.7848 -0.6114 0.1019
vn -0.6481 -0.7593 0.0582
vn -0.3482 -0.8120 -0.4684
vn -0.3291 -0.7946 -0.5102
vn -0.2283 -0.9734 -0.0172
vn -0.2215 -0.9223 0.3167
vn -0.3479 -0.7407 0.5747
vn -0.2838 -0.7492 -0.5984
vn -0.7797 -0.4481 -0.4374
vn -0.8010 -0.4546 -0.3897
vn -0.8608 -0.4363 -0.2620
vn -0.9707 -0.1978 -0.1367
vn -0.9947 0.0322 -0.0978
vn -0.9593 -0.1555 -0.2356
vn 0.6243 0.7066 -0.3331
vn 0.7317 0.5520 -0.3999
vn 0.2968 0.8579 -0.4194
vn -0.1096 0.8879 -0.4468
vn 0.1897 0.8725 -0.4503
vn 0.3168 0.8731 -0.3706
vn 0.0286 0.9058 -0.4227
vn -0.3640 0.8762 -0.3158
vn -0.6714 0.1996 -0.7137
vn -0.7565 0.5751 -0.3112
vn -0.7157 0.6438 -0.2707
vn 0.7997 0.3156 -0.5108
vn 0.8215 0.2012 -0.5336
vn 0.8707 0.0573 -0.4884
vn 0.8955 -0.0590 -0.4411
vn 0.8549 -0.1143 -0.5060
vn 0.8329 -0.3077 -0.4600
vn 0.7001 -0.5906 -0.4014
vn 0.3627 -0.8887 -0.2805
vn 0.3739 -0.9143 -0.1556
vn 0.1956 -0.9692 -0.1497
vn 0.0705 -0.9970 -0.0309
vn 0.0959 -0.9869 -0.1297
vn 0.1647 -0.9100 -0.3806
vn 0.1589 -0.8546 -0.4944
vn -0.3807 -0.6554 0.6523
vn 0.5319 -0.5803 0.6167
vn 0.3963 -0.7634 0.5100
vn -0.0208 -0.9504 0.3104
vn 0.4209 -0.8765 0.2337
vn 0.3464 -0.9030 0.2541
vn 0.7090 -0.7008 0.0786
vn 0.6653 -0.7449 0.0501
vn 0.9148 -0.3674 -0.1678
vn 0.8150 0.3205 -0.4828
vn 0.2474 0.8158 -0.5227
vn -0.3230 0.7802 -0.5357
vn 0.3433 -0.4757 -0.8099
vn 0.7144 -0.5503 -0.4321
vn 0.9362 -0.2306 -0.2652
vn 0.9962 -0.0010 -0.0874
vn 0.9656 0.2302 -0.1210
vn 0.8890 -0.4122 -0.1993
vn 0.9651 -0.2619 -0.0074
vn 0.8348 -0.5505 -0.0012
vn 0.9014 -0.4310 -0.0425
vn 0.9465 -0.3184 -0.0527
vn 0.9813 -0.1922 0.0099
vn 0.6832 -0.7225 0.1055
vn 0.9729 -0.2010 0.1146
vn 0.9834 -0.1391 -0.1164
vn 0.9286 0.0670 -0.3651
vn -0.9167 0.3968 -0.0470
vn 0.5451 -0.8256 0.1456
vn -0.1152 -0.9428 0.3129
vn -0.8812 -0.1189 0.4576
vn -0.6913 -0.4270 0.5830
vn -0.9473 0.2357 0.2169
vn -0.9250 0.0173 0.3797
vn 0.6716 0.7374 -0.0720
vn 0.6673 0.7211 -0.1865
vn 0.9026 -0.4177 -0.1043
vn 0.9398 -0.3343 -0.0703
vn 0.8927 -0.4255 -0.1482
vn 0.8773 -0.4428 -0.1850
vn 0.8696 -0.4560 -0.1892
vn 0.5992 0.4667 -0.6505
vn 0.7930 0.3149 -0.5215
vn 0.6669 0.4195 -0.6158
vn 0.0209 0.8022 -0.5967
vn -0.6434 0.7411 -0.1920
vn -0.6355 0.7566 -0.1537
vn -0.7840 0.6206 0.0119
vn -0.8365 0.5477 0.0167
vn -0.8664 0.4973 -0.0444
vn -0.8744 0.4779 -0.0835
vn -0.8438 0.5298 -0.0852
vn -0.6198 0.7834 -0.0450
vn -0.7140 0.6941 -0.0920
vn 0.4087 0.8343 -0.3699
vn -0.1684 0.4786 -0.8617
vn -0.0125 0.2474 -0.9688
vn -0.7577 0.3699 -0.5377
vn -0.0711 -0.4845 -0.8719
vn 0.6508 -0.6318 -0.4210
vn 0.7786 -0.5307 -0.3349
vn 0.8300 -0.4919 -0.2630
vn 0.9261 0.3477 0.1466
vn 0.7164 0.4034 0.5693
vn 0.4724 0.3966 0.7871
vn -0.3289 0.5756 0.7487
vn -0.6819 0.3307 0.6525
vn -0.8029 0.2067 0.5591
vn -0.0799 0.6831 0.7259
vn 0.0386 0.6445 0.7636
vn 0.2013 0.5308 0.8233
vn 0.3262 0.4272 0.8433
vn -0.8421 -0.0877 0.5322
vn -0.8302 -0.3257 0.4524
vn -0.8659 -0.4867 0.1154
vn -0.9906 -0.0958 -0.0981
vn -0.7582 -0.6520 0.0124
vn -0.6614 -0.7046 -0.2571
vn -0.3628 -0.7811 -0.5082
vn -0.1508 -0.8089 -0.5683
vn -0.2007 -0.8009 -0.5642
vn -0.4699 -0.6426 -0.6052
vn -0.4109 -0.6708 -0.6175
vn -0.2938 -0.1402 -0.9455
vn 0.4682 0.6970 -0.5431
vn -0.1715 0.7757 -0.6074
vn -0.8547 0.3214 -0.4077
vn -0.9819 -0.1476 -0.1183
vn -0.6948 -0.7069 0.1323
vn -0.3973 -0.9143 0.0793
vn 0.0504 -0.5707 -0.8196
vn -0.1789 -0.6149 -0.7681
vn -0.1037 -0.9073 -0.4076
vn -0.2280 -0.9736 -0.0112
vn -0.4545 -0.8215 0.3443
vn -0.3531 -0.7783 -0.5192
vn -0.8455 -0.4718 -0.2498
vn -0.8707 -0.3740 -0.3193
vn -0.8777 -0.4724 -0.0806
vn -0.9692 -0.2386 -0.0608
vn -0.9958 -0.0075 -0.0916
vn -0.8265 -0.0710 -0.5585
vn -0.8459 -0.3191 -0.4274
vn -0.6228 0.3702 -0.6892
vn 0.7338 0.6502 -0.1968
vn 0.8099 0.5047 -0.2988
vn 0.5048 0.8127 -0.2909
vn -0.1454 0.9234 -0.3553
vn -0.0054 0.9252 -0.3795
vn 0.0835 0.9130 -0.3994
vn 0.2606 0.9026 -0.3426
vn 0.0775 0.9453 -0.3169
vn -0.0953 0.9395 -0.3290
vn -0.4362 0.8707 -0.2271
vn -0.7820 0.4482 -0.4330
vn -0.7185 0.6821 -0.1357
vn -0.8112 0.5691 -0.1346
vn 0.8732 0.2625 -0.4107
vn 0.8870 0.1324 -0.4423
vn 0.8941 -0.0540 -0.4446
vn 0.9093 -0.1385 -0.3924
vn 0.8693 -0.2182 -0.4436
vn 0.8006 -0.4385 -0.4084
vn 0.5352 -0.7530 -0.3829
vn 0.2132 -0.9245 -0.3160
vn 0.3647 -0.8860 -0.2862
vn 0.2015 -0.9376 -0.2834
vn -0.0589 -0.9914 -0.1170
vn -0.0774 -0.9944 0.0718
vn 0.1038 -0.9871 -0.1215
vn 0.1503 -0.9070 -0.3934
vn -0.5081 -0.7664 0.3930
vn -0.0607 -0.7030 0.7086
vn 0.0383 -0.6244 0.7802
vn 0.6391 -0.6217 0.4529
vn 0.6261 -0.7009 0.3417
vn 0.0655 -0.9228 0.3797
vn 0.2911 -0.9249 0.2448
vn 0.1984 -0.9633 0.1808
vn 0.6198 -0.7818 0.0686
vn 0.9233 -0.3346 -0.1888
vn 0.8047 0.3676 -0.4663
vn 0.1635 0.8454 -0.5084
vn 0.5219 -0.7258 -0.4481
vn 0.3441 -0.7608 -0.5502
vn 0.8686 -0.4214 -0.2607
vn 0.7709 -0.5928 -0.2332
vn 0.9554 -0.2726 -0.1135
vn 0.9870 -0.1392 0.0805
vn 0.9846 0.1706 0.0375
vn 0.8388 -0.5442 0.0127
vn 0.9215 -0.3813 -0.0739
vn 0.9459 -0.3197 -0.0548
vn 0.9555 -0.2724 -0.1128
vn 0.9666 -0.2477 0.0653
vn 0.7313 -0.6739 0.1047
vn 0.9870 -0.1608 0.0026
vn 0.9511 0.0784 -0.2987
vn -0.8713 0.4854 0.0724
vn 0.6209 -0.7588 0.1968
vn -0.0047 -0.8480 0.5300
vn -0.8504 -0.1318 0.5094
vn -0.6614 -0.3978 0.6358
vn -0.9323 0.2612 0.2502
vn -0.9193 -0.0155 0.3934
vn 0.9648 -0.2273 -0.1322
vn 0.9429 -0.2975 -0.1498
vn 0.8935 -0.4314 -0.1252
vn 0.8890 -0.4285 -0.1611
vn 0.8669 -0.4528 -0.2084
vn 0.8346 -0.4834 -0.2640
vn 0.8452 0.2570 -0.4686
vn 0.6878 0.3705 -0.6242
vn 0.0036 0.8184 -0.5747
vn -0.0005 0.8663 -0.4995
vn -0.6149 0.7808 -0.1107
vn -0.7657 0.6432 0.0079
vn -0.7981 0.6024 -0.0106
vn -0.8015 0.5977 -0.0183
vn -0.7798 0.6250 -0.0365
vn -0.7600 0.6499 0.0116
vn 0.2793 0.7653 -0.5799
vn 0.0617 0.6881 -0.7230
vn 0.6769 -0.1857 -0.7123
vn 0.7466 -0.3382 -0.5730
vn 0.0348 -0.1357 -0.9901
vn 0.7224 -0.5601 -0.4056
vn 0.8002 -0.5151 -0.3071
vn 0.8371 0.2372 0.4930
vn 0.5793 0.2760 0.7670
vn 0.4250 0.3303 0.8427
vn -0.5254 0.4405 0.7280
vn -0.1452 0.6216 0.7697
vn -0.7332 0.2270 0.6410
vn -0.7985 0.0980 0.5940
vn -0.0438 0.6291 0.7761
vn 0.0680 0.5985 0.7982
vn 0.3376 0.4099 0.8473
vn 0.2281 0.5176 0.8247
vn -0.7753 -0.1135 0.6213
vn -0.7195 -0.3072 0.6229
vn -0.7536 -0.5431 0.3703
vn -0.6569 -0.6943 0.2940
vn -0.6476 -0.7607 -0.0450
vn -0.5267 -0.7918 -0.3094
vn -0.3140 -0.8934 -0.3214
vn -0.0993 -0.8535 -0.5115
vn 0.1949 -0.8433 -0.5009
vn 0.0589 -0.8469 -0.5285
vn -0.2361 -0.8146 -0.5298
vn -0.2425 -0.7991 -0.5501
vn -0.2571 -0.6268 -0.7355
vn 0.8588 0.4595 -0.2267
vn 0.5957 0.6687 -0.4450
vn -0.0999 0.8001 -0.5915
vn -0.8306 0.3702 -0.4159
vn -0.9791 -0.1675 -0.1153
vn -0.6653 -0.6970 0.2673
vn -0.0197 -0.9473 0.3198
vn -0.0657 -0.7451 -0.6637
vn -0.2458 -0.8973 -0.3668
vn -0.5390 -0.8423 0.0061
vn -0.4847 -0.7911 -0.3732
vn -0.8591 -0.5113 -0.0228
vn -0.9253 -0.3774 0.0364
vn -0.8562 -0.5167 -0.0016
vn -0.9668 -0.2384 -0.0921
vn -0.9675 -0.0820 -0.2392
vn -0.7868 0.2543 -0.5623
vn -0.7006 -0.3895 -0.5979
vn -0.8119 -0.1653 -0.5599
vn 0.6601 0.7418 -0.1183
vn 0.7995 0.5949 -0.0832
vn 0.8663 0.4324 -0.2501
vn 0.2846 0.9204 -0.2681
vn -0.0049 0.9799 -0.1996
vn -0.0342 0.9450 -0.3252
vn 0.1563 0.9362 -0.3149
vn 0.1223 0.9641 -0.2356
vn -0.1437 0.9623 -0.2308
vn -0.4507 0.8898 -0.0723
vn -0.8433 0.5293 -0.0934
vn -0.8226 0.5685 0.0149
vn -0.7043 0.7023 0.1039
vn 0.9248 0.2155 -0.3136
vn 0.9327 0.0273 -0.3597
vn 0.9205 -0.1336 -0.3671
vn 0.9207 -0.2808 -0.2711
vn 0.8641 -0.3537 -0.3581
vn 0.7450 -0.5598 -0.3627
vn 0.3782 -0.8417 -0.3854
vn 0.1310 -0.8885 -0.4397
vn 0.3729 -0.8265 -0.4216
vn 0.2527 -0.8386 -0.4825
vn 0.0044 -0.9350 -0.3546
vn -0.0834 -0.9946 -0.0625
vn 0.0464 -0.9867 0.1560
vn 0.1367 -0.9709 -0.1967
vn -0.5630 -0.8252 0.0453
vn -0.1675 -0.8975 0.4079
vn 0.2822 -0.6148 0.7364
vn 0.2989 -0.7069 0.6410
vn 0.6443 -0.7574 0.1060
vn 0.6991 -0.7150 -0.0026
vn 0.2073 -0.9215 0.3285
vn 0.2596 -0.9587 0.1157
vn 0.0306 -0.9840 0.1757
vn 0.6020 -0.7890 0.1229
vn 0.9494 -0.2538 -0.1847
vn 0.7806 0.4203 -0.4627
vn 0.0677 0.8583 -0.5086
vn -0.5785 0.7675 -0.2761
vn 0.5888 -0.7631 -0.2662
vn 0.2321 -0.6632 -0.7116
vn 0.1298 -0.7754 -0.6179
vn 0.8590 -0.5089 -0.0564
vn 0.8980 -0.4270 0.1060
vn 0.9639 0.0739 0.2559
vn 0.8359 -0.5485 0.0216
vn 0.9183 -0.3827 -0.1014
vn 0.9435 -0.3223 -0.0767
vn 0.9398 -0.3297 -0.0899
vn 0.9338 -0.3441 -0.0981
vn 0.9663 -0.2563 0.0255
vn 0.7564 -0.6467 0.0978
vn 0.9687 -0.0047 -0.2484
vn -0.8265 0.5531 0.1053
vn 0.6094 -0.7678 0.1977
vn -0.0067 -0.8189 0.5738
vn -0.8406 -0.1913 0.5067
vn -0.6526 -0.4277 0.6255
vn -0.9222 0.2894 0.2564
vn -0.9111 -0.0146 0.4119
vn 0.9021 -0.3970 -0.1693
vn 0.9517 -0.1233 -0.2813
vn 0.8830 -0.4349 -0.1767
vn 0.8633 -0.4517 -0.2249
vn 0.8346 -0.4777 -0.2743
vn 0.8706 0.1441 -0.4705
vn 0.6973 0.3681 -0.6150
vn 0.7302 0.4048 -0.5504
vn 0.0326 0.9119 -0.4092
vn -0.6010 0.7938 -0.0937
vn -0.7414 0.6710 0.0050
vn -0.7534 0.6575 0.0048
vn -0.7462 0.6656 0.0134
vn -0.7183 0.6956 0.0159
vn -0.7087 0.7044 0.0408
vn 0.8734 -0.1901 -0.4483
vn 0.8028 -0.1678 -0.5721
vn 0.8357 -0.4419 -0.3261
vn 0.7780 -0.4443 -0.4442
vn 0.8241 -0.4920 -0.2807
vn 0.6819 0.1011 0.7245
vn 0.5159 0.2019 0.8325
vn 0.4398 0.3056 0.8445
vn -0.6547 0.3439 0.6731
vn -0.2468 0.5595 0.7912
vn -0.0737 0.5949 0.8004
vn -0.7579 0.1869 0.6250
vn -0.7779 0.0540 0.6260
vn -0.0093 0.6078 0.7941
vn 0.2947 0.5535 0.7790
vn 0.4060 0.4354 0.8034
vn -0.7640 -0.0799 0.6402
vn -0.6818 -0.2350 0.6928
vn -0.6053 -0.4926 0.6253
vn -0.4692 -0.6483 0.5996
vn -0.5675 -0.7907 0.2297
vn -0.4858 -0.8682 -0.1007
vn -0.0321 -0.9219 -0.3862
vn 0.2587 -0.8750 -0.4093
vn -0.0861 -0.8398 -0.5360
vn -0.1905 -0.7553 -0.6271
vn -0.1688 -0.7286 -0.6638
vn 0.8556 -0.3281 0.4004
vn 0.9594 0.2720 -0.0749
vn 0.6544 0.6415 -0.4003
vn -0.0167 0.7747 -0.6321
vn -0.7999 0.4057 -0.4422
vn -0.9784 -0.1838 -0.0950
vn -0.6770 -0.6832 0.2736
vn 0.0589 -0.8099 0.5836
vn -0.2816 -0.7285 -0.6245
vn -0.5589 -0.7621 -0.3268
vn -0.6210 -0.7792 0.0849
vn -0.8824 -0.4548 0.1203
vn -0.8328 -0.5511 0.0525
vn -0.8413 -0.5248 -0.1297
vn -0.9637 -0.1741 -0.2026
vn -0.8629 -0.1346 -0.4871
vn -0.9267 0.3151 -0.2049
vn -0.9175 0.1951 -0.3465
vn -0.8820 -0.1396 -0.4501
vn -0.7165 -0.3995 -0.5718
vn 0.7466 0.6582 0.0965
vn 0.5556 0.8272 -0.0834
vn 0.8459 0.5325 0.0299
vn 0.9270 0.3253 -0.1865
vn 0.2584 0.9660 -0.0112
vn -0.0748 0.9900 -0.1198
vn 0.0871 0.9623 -0.2577
vn 0.2353 0.9361 -0.2613
vn -0.1398 0.9756 -0.1690
vn -0.2796 0.9550 -0.0994
vn -0.5050 0.8591 0.0838
vn -0.8433 0.5355 -0.0469
vn -0.7593 0.6260 0.1776
vn -0.6692 0.7146 0.2038
vn 0.9611 0.1506 -0.2317
vn 0.9640 -0.0830 -0.2527
vn 0.9363 -0.2585 -0.2377
vn 0.9182 -0.3459 -0.1931
vn 0.8546 -0.4318 -0.2884
vn 0.6673 -0.6726 -0.3198
vn 0.2868 -0.8503 -0.4413
vn 0.1151 -0.8586 -0.4995
vn 0.3883 -0.8374 -0.3847
vn 0.2770 -0.8458 -0.4559
vn 0.1348 -0.8223 -0.5529
vn 0.0448 -0.9285 -0.3685
vn 0.0364 -0.9977 0.0576
vn 0.1163 -0.9856 0.1229
vn -0.4960 -0.8172 -0.2935
vn -0.2302 -0.9729 0.0220
vn 0.2730 -0.9158 0.2945
vn 0.5291 -0.7933 -0.3011
vn 0.6050 -0.7101 -0.3602
vn 0.1090 -0.9877 -0.1118
vn -0.1169 -0.9475 0.2978
vn 0.6306 -0.7544 0.1821
vn 0.9614 -0.2093 -0.1785
vn 0.7253 0.4296 -0.5379
vn -0.0201 0.8452 -0.5341
vn -0.6714 0.7099 -0.2129
vn -0.9784 0.1955 0.0672
vn -0.5976 -0.4109 -0.6885
vn 0.1408 -0.5741 -0.8066
vn 0.6455 -0.7518 -0.1346
vn 0.1038 -0.5460 -0.8313
vn -0.0351 -0.6439 -0.7643
vn 0.7140 -0.6992 -0.0371
vn 0.8794 -0.3461 0.3270
vn 0.8868 -0.0309 0.4611
vn 0.8364 -0.5468 0.0369
vn 0.9085 -0.4046 -0.1040
vn 0.9282 -0.3476 -0.1329
vn 0.9325 -0.3570 -0.0556
vn 0.9185 -0.3754 -0.1241
vn 0.9369 -0.3399 -0.0818
vn 0.9750 -0.1282 -0.1814
vn 0.7601 -0.6474 0.0559
vn -0.8052 0.5871 0.0840
vn -0.0250 -0.8163 0.5771
vn 0.6070 -0.7674 0.2066
vn -0.8140 -0.2281 0.5341
vn -0.6008 -0.4471 0.6627
vn -0.9260 0.2873 0.2449
vn -0.9025 -0.0172 0.4303
vn 0.8459 -0.4635 -0.2640
vn 0.8599 -0.4485 -0.2439
vn 0.8357 -0.4714 -0.2818
vn 0.9044 0.0482 -0.4239
vn 0.7651 0.4425 -0.4677
vn 0.9385 -0.0099 -0.3451
vn 0.0371 0.9309 -0.3634
vn -0.5926 0.8011 -0.0842
vn -0.7280 0.6856 0.0028
vn -0.7415 0.6706 0.0223
vn -0.7323 0.6805 0.0265
vn -0.7082 0.7042 0.0503
vn -0.6997 0.7144 0.0077
vn 0.8411 -0.4599 -0.2847
vn 0.7458 -0.1412 0.6510
vn 0.5991 0.0137 0.8006
vn 0.5086 0.3158 0.8010
vn -0.5722 0.4498 0.6858
vn -0.3952 0.4932 0.7749
vn -0.7297 0.3096 0.6097
vn -0.1310 0.5710 0.8104
vn -0.0369 0.6011 0.7983
vn -0.8088 0.1985 0.5535
vn -0.8004 0.0669 0.5957
vn 0.0579 0.6720 0.7383
vn 0.1056 0.6348 0.7654
vn 0.2008 0.6478 0.7349
vn 0.1610 0.5861 0.7941
vn 0.3991 0.6225 0.6733
vn 0.5240 0.4945 0.6935
vn -0.8202 -0.0208 0.5716
vn -0.7392 -0.1590 0.6545
vn -0.5452 -0.3836 0.7454
vn -0.3554 -0.5367 0.7653
vn -0.3573 -0.7580 0.5456
vn -0.4864 -0.8517 0.1947
vn -0.5421 -0.8394 0.0379
vn -0.1322 -0.9827 -0.1296
vn 0.0732 -0.9679 -0.2403
vn 0.2998 -0.8978 -0.3225
vn -0.2566 -0.6628 -0.7034
vn 0.8624 -0.2946 0.4116
vn 0.9349 0.3512 -0.0512
vn -0.7390 0.4030 -0.5399
vn -0.9652 -0.2235 -0.1357
vn -0.6900 -0.6842 0.2362
vn 0.0511 -0.8246 0.5634
vn -0.4561 -0.6344 -0.6241
vn -0.3848 -0.8975 0.2155
vn -0.8388 -0.5087 -0.1941
vn -0.8291 -0.5343 -0.1646
vn -0.8452 -0.4242 -0.3252
vn -0.8834 -0.0906 -0.4598
vn -0.8114 -0.1798 -0.5561
vn -0.9374 0.2814 -0.2053
vn -0.9058 0.4118 -0.0997
vn -0.8516 -0.3513 -0.3891
vn -0.9811 -0.0441 -0.1886
vn 0.7370 0.6567 0.1602
vn 0.7337 0.6372 0.2359
vn 0.8927 0.4220 0.1582
vn 0.9632 0.2502 -0.0984
vn 0.5982 0.7958 0.0942
vn -0.0075 0.9949 0.1005
vn 0.0814 0.9916 -0.1002
vn 0.1755 0.9515 -0.2528
vn -0.1600 0.9815 -0.1047
vn 0.1194 0.9722 -0.2012
vn -0.3549 0.9348 -0.0138
vn -0.8173 0.5663 0.1064
vn -0.6805 0.7077 0.1898
vn -0.7253 0.6438 0.2438
vn 0.9925 0.0253 -0.1194
vn 0.9669 -0.1995 -0.1588
vn 0.9304 -0.3289 -0.1619
vn 0.9055 -0.4045 -0.1282
vn 0.8281 -0.5151 -0.2213
vn 0.6069 -0.7277 -0.3196
vn 0.2220 -0.8697 -0.4408
vn 0.1452 -0.9002 -0.4105
vn 0.3519 -0.8469 -0.3987
vn 0.2225 -0.9137 -0.3400
vn 0.1241 -0.8620 -0.4914
vn 0.0787 -0.8324 -0.5486
vn 0.0115 -0.9597 -0.2808
vn -0.2612 -0.7399 -0.6199
vn -0.2188 -0.9290 -0.2985
vn 0.1857 -0.9755 -0.1180
vn 0.4091 -0.6189 -0.6705
vn 0.3329 -0.7081 -0.6227
vn -0.3605 -0.8838 -0.2981
vn -0.1207 -0.8894 0.4410
vn 0.6794 -0.7063 0.1988
vn 0.9529 -0.2201 -0.2084
vn 0.6588 0.4128 -0.6289
vn -0.0644 0.8207 -0.5677
vn -0.7019 0.6906 -0.1744
vn -0.9666 0.1409 0.2139
vn -0.7807 -0.4972 0.3786
vn 0.2163 -0.5121 -0.8312
vn 0.3641 -0.9033 -0.2271
vn 0.6896 -0.7088 0.1481
vn 0.7232 -0.4359 0.5357
vn 0.8430 -0.5378 0.0074
vn 0.9066 -0.4159 -0.0717
vn 0.9162 -0.3711 -0.1515
vn 0.9178 -0.3826 -0.1062
vn 0.9232 -0.3785 -0.0674
vn 0.9253 -0.3490 -0.1486
vn 0.9618 -0.2199 -0.1628
vn 0.7766 -0.6286 0.0425
vn -0.8177 0.5747 0.0328
vn 0.6199 -0.7466 0.2415
vn 0.0067 -0.7836 0.6213
vn -0.7794 -0.2586 0.5707
vn -0.5505 -0.4832 0.6808
vn -0.9379 0.2517 0.2387
vn -0.8953 -0.0351 0.4442
vn 0.8407 -0.4599 -0.2860
vn 0.7758 0.4740 -0.4165
vn 0.9531 -0.0352 -0.3005
vn 0.0374 0.9341 -0.3551
vn -0.5529 0.8293 -0.0808
vn -0.7239 0.6899 0.0020
vn -0.7458 0.6656 0.0280
vn -0.7417 0.6692 0.0460
vn -0.7293 0.6832 0.0367
vn -0.7256 0.6847 -0.0686
vn 0.6464 -0.2004 0.7362
vn 0.5548 0.1647 0.8155
vn 0.6233 -0.0177 0.7818
vn 0.5014 0.2511 0.8280
vn 0.5835 0.2376 0.7765
vn 0.6228 0.3584 0.6955
vn -0.6925 0.4210 0.5858
vn -0.4937 0.5477 0.6754
vn -0.2918 0.5604 0.7751
vn -0.7983 0.3166 0.5124
vn -0.0711 0.6094 0.7897
vn 0.0389 0.6864 0.7262
vn -0.8717 0.2314 0.4320
vn -0.8622 0.1171 0.4929
vn 0.1384 0.7240 0.6757
vn 0.1216 0.7652 0.6322
vn 0.2667 0.7325 0.6264
vn 0.4867 0.6695 0.5612
vn 0.6239 0.5379 0.5670
vn -0.8944 0.0566 0.4437
vn -0.8062 -0.0616 0.5884
vn -0.6120 -0.2805 0.7394
vn -0.4011 -0.4261 0.8109
vn -0.1818 -0.6443 0.7429
vn -0.3037 -0.8015 0.5150
vn -0.3393 -0.9404 0.0245
vn 0.1201 -0.9926 -0.0155
vn -0.0541 -0.9934 0.1011
vn -0.2402 -0.5507 -0.7994
vn 0.8649 -0.3296 0.3786
vn 0.9212 0.3888 -0.0161
vn 0.3719 0.7676 -0.5219
vn -0.6686 0.4416 -0.5983
vn -0.9562 -0.2347 -0.1750
vn -0.6952 -0.6824 0.2260
vn 0.0725 -0.8546 0.5143
vn -0.4806 -0.8493 -0.2183
vn -0.7986 -0.4345 -0.4164
vn -0.7549 -0.4909 -0.4348
vn -0.7799 -0.2823 -0.5586
vn -0.8638 -0.0745 -0.4983
vn -0.8694 -0.2678 -0.4153
vn -0.9614 0.2748 -0.0148
vn -0.9575 -0.2217 -0.1843
vn -0.9960 0.0791 0.0413
vn -0.8810 0.4703 0.0523
vn 0.7586 0.5864 0.2841
vn 0.7532 0.5631 0.3400
vn 0.8964 0.3504 0.2715
vn 0.9850 0.1702 0.0280
vn 0.8703 0.4867 0.0751
vn 0.0487 0.9933 0.1052
vn 0.0868 0.9919 0.0933
vn 0.2259 0.9674 -0.1148
vn 0.0833 0.9683 -0.2356
vn -0.1983 0.9710 -0.1332
vn -0.4170 0.9088 -0.0109
vn -0.5751 0.8104 0.1119
vn -0.7730 0.5734 0.2713
vn -0.6902 0.6696 0.2743
vn -0.7256 0.6130 0.3126
vn 0.9966 -0.0818 0.0094
vn 0.9903 -0.1248 -0.0604
vn 0.9605 -0.2705 -0.0657
vn 0.9197 -0.3842 -0.0809
vn 0.8655 -0.5009 -0.0012
vn 0.7719 -0.6140 -0.1646
vn 0.5608 -0.7729 -0.2967
vn 0.2121 -0.9165 -0.3390
vn 0.2499 -0.8711 -0.4229
vn 0.2987 -0.6868 -0.6626
vn 0.1454 -0.8863 -0.4397
vn 0.0220 -0.9510 -0.3085
vn -0.0484 -0.8674 -0.4952
vn -0.1171 -0.8708 -0.4776
vn 0.0320 -0.5991 -0.8001
vn 0.0404 -0.8838 -0.4660
vn -0.0542 -0.8434 0.5346
vn 0.7042 -0.6845 0.1889
vn 0.9355 -0.2268 -0.2711
vn 0.6152 0.4249 -0.6641
vn -0.0454 0.8255 -0.5625
vn -0.6852 0.7131 -0.1485
vn -0.9459 0.1497 0.2877
vn -0.7277 -0.4597 0.5090
vn 0.3709 -0.9284 -0.0227
vn 0.5624 -0.7424 0.3640
vn 0.6071 -0.4639 0.6452
vn 0.8503 -0.5256 -0.0290
vn 0.8991 -0.4341 -0.0570
vn 0.9104 -0.3931 -0.1292
vn 0.9017 -0.4053 -0.1509
vn 0.9185 -0.3873 -0.0801
vn 0.9292 -0.3481 -0.1243
vn 0.9487 -0.2536 -0.1886
vn 0.7979 -0.6005 0.0525
vn -0.8614 0.5077 -0.0152
vn 0.6193 -0.7419 0.2570
vn 0.0111 -0.7786 0.6275
vn -0.7580 -0.2923 0.5831
vn -0.5363 -0.5272 0.6591
vn -0.9399 0.2041 0.2739
vn -0.8745 -0.0503 0.4824
vn 0.7668 0.4857 -0.4197
vn 0.9566 -0.0144 -0.2910
vn 0.0909 0.9344 -0.3444
vn -0.4765 0.8713 -0.1177
vn -0.7143 0.6998 0.0071
vn -0.7484 0.6626 0.0295
vn -0.7669 0.6403 0.0440
vn -0.7662 0.6415 -0.0360
vn -0.7818 0.5994 -0.1718
vn 0.6510 -0.2051 0.7308
vn 0.7011 -0.0070 0.7131
vn 0.6457 0.1530 0.7481
vn 0.6839 0.2508 0.6851
vn 0.7159 0.4065 0.5677
vn -0.6466 0.5336 0.5451
vn -0.7764 0.4159 0.4735
vn -0.4067 0.6714 0.6196
vn -0.1923 0.6454 0.7393
vn -0.8596 0.3346 0.3861
vn -0.0005 0.7129 0.7013
vn 0.1203 0.7864 0.6059
vn -0.9129 0.2640 0.3114
vn -0.9158 0.1691 0.3644
vn 0.1551 0.8422 0.5164
vn 0.1727 0.8056 0.5668
vn 0.3208 0.7848 0.5302
vn 0.6979 0.5642 0.4412
vn 0.5639 0.6998 0.4386
vn -0.9114 0.1085 0.3970
vn -0.8523 0.0487 0.5208
vn -0.6710 -0.1433 0.7275
vn -0.4595 -0.2579 0.8499
vn -0.1646 -0.5254 0.8348
vn -0.1079 -0.6558 0.7472
vn -0.3084 -0.7832 0.5399
vn -0.4183 -0.8719 0.2548
vn -0.2475 -0.9342 0.2571
vn -0.1255 -0.8911 0.4360
vn 0.0627 -0.9438 0.3246
vn 0.8688 -0.3367 0.3632
vn 0.9370 0.3492 -0.0108
vn 0.3252 0.8273 -0.4581
vn -0.6428 0.5104 -0.5712
vn -0.9606 -0.2069 -0.1853
vn -0.6999 -0.6736 0.2375
vn 0.1058 -0.8468 0.5213
vn -0.4939 -0.7549 -0.4315
vn -0.6883 -0.5360 -0.4889
vn -0.7292 -0.3885 -0.5633
vn -0.8101 -0.2834 -0.5132
vn -0.9320 -0.1653 -0.3225
vn -0.9019 -0.2707 -0.3366
vn -0.9428 0.2801 0.1809
vn -0.9885 -0.0663 0.1358
vn -0.9373 0.1341 0.3216
vn -0.8416 0.4613 0.2808
vn 0.7610 0.5892 0.2715
vn 0.7989 0.4581 0.3898
vn 0.8987 0.2669 0.3480
vn 0.9850 0.0523 0.1646
vn 0.2347 0.7993 -0.5533
vn 0.8050 0.2199 -0.5510
vn 0.8849 0.4546 -0.1012
vn 0.0174 0.9974 0.0702
vn 0.2586 0.9599 0.1081
vn 0.1162 0.9712 -0.2082
vn -0.1879 0.9793 -0.0751
vn -0.4498 0.8897 0.0777
vn -0.6069 0.7679 0.2050
vn -0.7673 0.5205 0.3746
vn -0.6178 0.6541 0.4365
vn -0.6828 0.5582 0.4713
vn 0.9711 -0.1748 0.1624
vn 0.9761 -0.2064 0.0686
vn 0.9409 -0.3282 0.0838
vn 0.8852 -0.4576 0.0840
vn 0.8231 -0.5452 0.1587
vn 0.7396 -0.6672 -0.0889
vn 0.5038 -0.8414 -0.1956
vn 0.3027 -0.9319 -0.1997
vn 0.4472 -0.7461 -0.4933
vn -0.0565 -0.9364 -0.3464
vn -0.1930 -0.9358 -0.2951
vn -0.2819 -0.8435 -0.4572
vn -0.0062 -0.8197 0.5728
vn 0.6937 -0.7003 0.1684
vn 0.9133 -0.2268 -0.3383
vn 0.6014 0.4467 -0.6624
vn -0.0171 0.8320 -0.5545
vn -0.6250 0.7715 -0.1190
vn -0.9196 0.1903 0.3436
vn -0.6934 -0.4210 0.5847
vn 0.3049 -0.9158 0.2616
vn 0.4491 -0.7205 0.5283
vn 0.6039 -0.4365 0.6670
vn 0.8549 -0.5183 -0.0205
vn 0.8815 -0.4658 -0.0770
vn 0.8986 -0.4266 -0.1022
vn 0.8834 -0.4430 -0.1529
vn 0.9033 -0.4012 -0.1517
vn 0.9236 -0.3723 -0.0917
vn 0.9463 -0.2553 -0.1983
vn 0.8120 -0.5818 0.0464
vn -0.9071 0.4209 0.0009
vn 0.6195 -0.7449 0.2477
vn -0.0067 -0.8017 0.5976
vn -0.7354 -0.2999 0.6077
vn -0.5223 -0.5338 0.6650
vn -0.9290 0.1617 0.3329
vn -0.8394 -0.0662 0.5394
vn 0.7728 0.4860 -0.4082
vn 0.9540 0.0222 -0.2990
vn 0.4202 0.8261 -0.3754
vn -0.4025 0.8988 -0.1734
vn -0.6882 0.7255 0.0071
vn -0.7587 0.6513 0.0131
vn -0.8028 0.5962 -0.0094
vn -0.8083 0.5630 -0.1722
vn -0.8384 0.5060 -0.2027
vn 0.7166 -0.1725 0.6758
vn 0.7272 0.1583 0.6679
vn 0.7644 0.0156 0.6446
vn 0.7649 0.2922 0.5740
vn 0.7777 0.4450 0.4440
vn -0.5868 0.6580 0.4720
vn -0.7445 0.5180 0.4211
vn -0.8372 0.4267 0.3422
vn -0.3041 0.8025 0.5133
vn -0.1060 0.7644 0.6360
vn -0.8962 0.3553 0.2657
vn 0.0742 0.8183 0.5700
vn 0.1723 0.8647 0.4718
vn -0.9350 0.2852 0.2106
vn -0.9491 0.1994 0.2438
vn 0.1914 0.8563 0.4797
vn 0.1612 0.8842 0.4384
vn 0.3818 0.8248 0.4171
vn 0.6245 0.7327 0.2707
vn 0.7476 0.5971 0.2909
vn -0.9446 0.1568 0.2882
vn -0.9810 0.0939 0.1698
vn -0.9855 -0.0139 0.1693
vn -0.7867 -0.0755 0.6128
vn -0.7201 -0.2391 0.6514
vn -0.0324 -0.5057 0.8621
vn -0.1162 -0.6038 0.7886
vn -0.3076 -0.7352 0.6040
vn -0.3468 -0.8440 0.4091
vn -0.2500 -0.7868 0.5643
vn -0.1601 -0.7200 0.6753
vn 0.0339 -0.7904 0.6117
vn 0.8622 -0.3284 0.3858
vn 0.9540 0.2976 -0.0372
vn 0.3218 0.8147 -0.4824
vn -0.6266 0.5117 -0.5878
vn -0.9635 -0.1681 -0.2084
vn -0.7077 -0.6627 0.2449
vn 0.1411 -0.8124 0.5657
vn -0.5253 -0.7315 -0.4346
vn -0.6626 -0.6286 -0.4072
vn -0.7289 -0.4835 -0.4847
vn -0.8871 -0.3602 -0.2888
vn -0.9086 -0.2403 -0.3415
vn -0.9774 -0.0660 -0.2008
vn -0.8676 0.2839 0.4083
vn -0.8941 0.3699 0.2526
vn -0.9231 0.3836 0.0283
vn -0.9013 0.0776 0.4262
vn -0.8287 0.1363 0.5429
vn -0.8025 0.4055 0.4377
vn 0.8510 0.4815 0.2096
vn 0.8283 0.3858 0.4062
vn 0.9110 0.1372 0.3890
vn 0.9643 -0.0699 0.2553
vn -0.1065 -0.1966 -0.9747
vn 0.2804 -0.3217 -0.9044
vn 0.7180 -0.0187 -0.6957
vn 0.8853 0.3278 -0.3298
vn 0.1320 0.9912 0.0026
vn -0.2857 0.7100 -0.6436
vn 0.1983 0.9801 -0.0003
vn 0.2516 0.9233 0.2903
vn -0.0482 0.9680 0.2463
vn -0.3308 0.8531 0.4035
vn -0.4985 0.7457 0.4421
vn -0.7295 0.4354 0.5274
vn -0.5744 0.4875 0.6576
vn -0.4417 0.6307 0.6380
vn 0.9294 -0.2564 0.2656
vn 0.9302 -0.2869 0.2288
vn 0.9009 -0.3633 0.2376
vn 0.8140 -0.5139 0.2710
vn 0.7306 -0.5816 0.3576
vn 0.6803 -0.7309 0.0539
vn 0.5768 -0.8163 -0.0311
vn 0.7751 -0.6294 -0.0547
vn 0.6117 -0.6604 -0.4356
vn -0.2600 -0.9248 -0.2778
vn -0.3938 -0.8617 -0.3200
vn -0.0164 -0.8292 0.5586
vn 0.6520 -0.7454 0.1389
vn 0.8975 -0.2307 -0.3759
vn 0.5942 0.4723 -0.6510
vn -0.0118 0.8301 -0.5575
vn -0.5918 0.7910 -0.1553
vn -0.8788 0.2433 0.4105
vn -0.6821 -0.4091 0.6061
vn 0.2463 -0.8226 0.5125
vn 0.4389 -0.6444 0.6262
vn 0.7122 -0.2899 0.6394
vn 0.8508 -0.5255 -0.0060
vn 0.8692 -0.4890 -0.0730
vn 0.8807 -0.4623 -0.1026
vn 0.8719 -0.4751 -0.1187
vn 0.8693 -0.4477 -0.2095
vn 0.9119 -0.3890 -0.1310
vn 0.9494 -0.2568 -0.1810
vn 0.8133 -0.5810 0.0315
vn -0.9276 0.3636 0.0855
vn -0.0056 -0.8033 0.5956
vn 0.6148 -0.7495 0.2454
vn -0.6844 -0.2765 0.6746
vn -0.4404 -0.4961 0.7483
vn -0.9143 0.1385 0.3807
vn -0.8084 -0.1141 0.5775
vn 0.9525 0.0735 -0.2955
vn 0.4781 0.7854 -0.3931
vn -0.3605 0.9139 -0.1865
vn -0.6536 0.7561 -0.0318
vn -0.7749 0.6311 -0.0360
vn -0.8282 0.5450 -0.1310
vn -0.8211 0.5090 -0.2585
vn -0.8675 0.4840 -0.1149
vn 0.7746 -0.1405 0.6167
vn 0.8252 0.0464 0.5629
vn 0.7957 0.1863 0.5763
vn 0.8222 0.3422 0.4549
vn 0.8198 0.4836 0.3068
vn -0.4994 0.7786 0.3800
vn -0.7071 0.6246 0.3315
vn -0.7966 0.5247 0.3002
vn -0.8665 0.4490 0.2183
vn -0.2142 0.8892 0.4043
vn -0.0376 0.8615 0.5064
vn -0.9114 0.3803 0.1575
vn 0.1384 0.8880 0.4384
vn -0.9489 0.2967 0.1072
vn -0.9645 0.2278 0.1334
vn 0.1603 0.9301 0.3304
vn 0.2141 0.9042 0.3695
vn 0.4390 0.8673 0.2346
vn 0.7609 0.6423 0.0916
vn 0.6388 0.7679 0.0488
vn -0.9642 0.1971 0.1777
vn -0.9934 -0.0322 -0.1099
vn -0.9914 -0.0832 -0.1010
vn -0.9641 -0.1516 0.2182
vn -0.9161 -0.3001 0.2658
vn -0.6202 -0.4248 0.6595
vn -0.3171 -0.3629 0.8762
vn -0.1799 -0.4581 0.8705
vn -0.0942 -0.5102 0.8549
vn -0.0101 -0.4087 0.9126
vn -0.1572 -0.5423 0.8254
vn -0.0531 -0.6190 0.7836
vn 0.1036 -0.6503 0.7525
vn 0.8452 -0.3212 0.4271
vn 0.9639 0.2616 -0.0493
vn 0.3435 0.7673 -0.5415
vn -0.6042 0.5038 -0.6174
vn -0.9628 -0.1382 -0.2322
vn -0.6581 -0.7129 0.2421
vn 0.1538 -0.8030 0.5758
vn -0.5616 -0.7485 -0.3525
vn -0.6784 -0.6769 -0.2855
vn -0.7744 -0.5655 -0.2837
vn -0.8616 -0.4165 -0.2903
vn -0.7840 -0.0907 -0.6141
vn -0.9594 0.2152 0.1820
vn -0.7896 0.2371 0.5660
vn -0.8220 0.3492 0.4499
vn -0.7744 0.1629 0.6113
vn -0.7244 0.1223 0.6785
vn -0.7621 0.3480 0.5460
vn 0.9206 0.2836 0.2684
vn 0.8330 0.2721 0.4817
vn 0.9175 -0.0034 0.3976
vn 0.9424 -0.1731 0.2863
vn -0.1425 -0.4952 -0.8570
vn 0.0859 -0.5664 -0.8197
vn 0.2865 -0.3958 -0.8725
vn -0.3887 -0.2018 -0.8990
vn 0.5120 -0.1064 -0.8523
vn 0.9703 -0.1726 -0.1692
vn 0.0158 0.9811 0.1926
vn -0.1691 0.5542 -0.8150
vn 0.0942 0.8660 0.4911
vn -0.2966 0.7086 0.6402
vn -0.1563 0.7726 0.6153
vn -0.6466 0.3846 0.6588
vn -0.4847 0.4577 0.7454
vn -0.3346 0.6202 0.7095
vn 0.8738 -0.3555 0.3317
vn 0.8528 -0.3848 0.3530
vn 0.8429 -0.3911 0.3695
vn 0.7232 -0.5364 0.4349
vn 0.5838 -0.7719 0.2518
vn 0.6272 -0.6716 0.3943
vn 0.7398 -0.6172 0.2679
vn 0.6997 -0.3559 0.6194
vn 0.7267 -0.4767 0.4946
vn 0.4532 -0.4718 -0.7563
vn 0.0545 -0.6721 -0.7384
vn -0.1781 -0.8271 -0.5331
vn -0.3083 -0.8350 -0.4557
vn -0.0570 -0.8379 0.5429
vn 0.6146 -0.7790 0.1239
vn 0.8968 -0.2239 -0.3817
vn 0.5826 0.4930 -0.6462
vn -0.0105 0.8418 -0.5397
vn -0.5960 0.7673 -0.2367
vn -0.8895 0.2434 0.3867
vn -0.6529 -0.4091 0.6374
vn 0.2584 -0.6939 0.6721
vn 0.5515 -0.5409 0.6350
vn 0.6661 -0.4267 0.6117
vn 0.7623 -0.2706 0.5880
vn 0.8401 -0.5422 -0.0133
vn 0.8609 -0.5064 -0.0482
vn 0.8718 -0.4788 -0.1036
vn 0.8711 -0.4806 -0.1012
vn 0.8591 -0.4847 -0.1644
vn 0.8882 -0.3901 -0.2427
vn 0.9496 -0.2598 -0.1753
vn 0.8132 -0.5817 0.0157
vn -0.9190 0.3542 0.1730
vn 0.5841 -0.7628 0.2776
vn 0.0192 -0.7570 0.6531
vn -0.6398 -0.2997 0.7077
vn -0.3707 -0.5160 0.7722
vn -0.9068 0.1418 0.3970
vn -0.8097 -0.1643 0.5633
vn 0.9422 0.1334 -0.3075
vn 0.4552 0.8064 -0.3776
vn 0.9294 0.1882 -0.3175
vn 0.1108 0.9530 -0.2820
vn -0.6117 0.7845 -0.1020
vn -0.7677 0.6296 -0.1194
vn -0.7987 0.5566 -0.2285
vn -0.8042 0.5566 -0.2086
vn -0.8548 0.5190 0.0035
vn 0.8343 -0.1043 0.5414
vn 0.8597 0.2259 0.4581
vn 0.8951 0.0797 0.4387
vn 0.8593 0.3718 0.3512
vn 0.8364 0.5366 0.1118
vn -0.3905 0.8784 0.2755
vn -0.6463 0.7158 0.2644
vn -0.8035 0.5656 0.1858
vn -0.8730 0.4787 0.0929
vn -0.1569 0.9322 0.3262
vn 0.0174 0.9189 0.3942
vn -0.9137 0.3987 0.0792
vn 0.1952 0.9389 0.2835
vn 0.1973 0.9291 0.3129
vn -0.9484 0.3164 -0.0224
vn -0.9650 0.2622 -0.0072
vn 0.2462 0.9523 0.1801
vn 0.1669 0.9791 0.1161
vn 0.4536 0.8912 -0.0074
vn 0.7223 0.6687 -0.1762
vn 0.5905 0.7747 -0.2261
vn -0.9887 0.1326 -0.0698
vn -0.9849 -0.0079 -0.1730
vn -0.9990 0.0202 -0.0394
vn -0.9930 -0.1180 0.0066
vn -0.9668 -0.1948 0.1655
vn -0.8234 -0.4433 0.3543
vn -0.4188 -0.5923 0.6883
vn -0.2723 -0.6365 0.7217
vn -0.1497 -0.5144 0.8444
vn 0.0076 -0.3385 0.9409
vn -0.2240 -0.5055 0.8333
vn -0.3025 -0.6390 0.7072
vn -0.2448 -0.6255 0.7409
vn -0.1759 -0.5846 0.7920
vn 0.1779 -0.6008 0.7793
vn 0.2924 -0.5889 0.7535
vn 0.5825 -0.5795 0.5700
vn 0.9648 0.2620 -0.0214
vn 0.3735 0.7319 -0.5699
vn -0.5758 0.5100 -0.6391
vn -0.9595 -0.1259 -0.2519
vn -0.6081 -0.7450 0.2743
vn -0.5762 -0.7726 -0.2666
vn -0.6866 -0.6699 -0.2826
vn -0.7826 -0.5613 -0.2693
vn -0.5899 -0.4393 -0.6775
vn -0.8914 0.4399 -0.1087
vn -0.7967 0.2505 0.5501
vn -0.7209 0.1363 0.6795
vn -0.7727 0.3142 0.5516
vn -0.5716 0.1047 0.8138
vn -0.5913 0.0637 0.8040
vn -0.7000 0.3137 0.6416
vn 0.8627 0.1337 0.4878
vn 0.8231 0.1767 0.5397
vn 0.1524 -0.0483 -0.9871
vn 0.3417 -0.2341 -0.9102
vn 0.2901 -0.4870 -0.8238
vn -0.3343 -0.4138 -0.8467
vn 0.1789 -0.3667 -0.9130
vn -0.4507 0.1142 -0.8854
vn 0.5387 -0.4780 -0.6937
vn 0.8711 -0.4261 0.2439
vn -0.0991 0.8961 0.4326
vn -0.5448 0.5642 -0.6204
vn -0.2467 0.6990 0.6712
vn -0.1190 0.7694 0.6276
vn -0.5549 0.3471 0.7561
vn -0.4261 0.4359 0.7927
vn -0.3323 0.6013 0.7266
vn 0.8941 -0.2026 0.3994
vn 0.7822 -0.4613 0.4187
vn 0.7653 -0.4811 0.4276
vn 0.7456 -0.4497 0.4918
vn 0.6486 -0.5566 0.5191
vn 0.6195 -0.6069 0.4979
vn 0.6040 -0.4357 0.6674
vn 0.4798 -0.1753 0.8597
vn 0.4604 -0.2042 0.8639
vn 0.7912 -0.4879 0.3687
vn -0.0688 -0.1779 -0.9816
vn -0.0612 -0.7735 -0.6308
vn -0.1022 -0.1940 -0.9757
vn -0.2143 -0.2157 -0.9527
vn -0.3839 -0.8892 -0.2487
vn -0.3798 -0.8256 -0.4174
vn -0.4266 -0.8747 -0.2303
vn -0.0734 -0.8371 0.5421
vn 0.6042 -0.7865 0.1277
vn 0.8978 -0.2231 -0.3797
vn 0.6331 0.5134 -0.5793
vn -0.1182 0.9135 -0.3892
vn -0.5468 0.7877 -0.2839
vn -0.9432 0.2169 0.2517
vn -0.6359 -0.4313 0.6400
vn 0.4097 -0.5898 0.6959
vn 0.7306 -0.3798 0.5674
vn 0.6790 -0.4548 0.5763
vn 0.8166 -0.2374 0.5261
vn 0.8532 -0.5205 -0.0350
vn 0.8714 -0.4824 -0.0893
vn 0.8749 -0.4725 -0.1064
vn 0.8696 -0.4859 -0.0879
vn 0.9032 -0.3480 -0.2512
vn 0.9422 -0.2347 -0.2390
vn 0.8067 -0.5900 0.0340
vn -0.8819 0.4407 0.1674
vn 0.3606 -0.7798 0.5117
vn -0.6584 -0.3840 0.6473
vn -0.3835 -0.6085 0.6947
vn -0.9001 0.1592 0.4057
vn -0.8116 -0.1461 0.5656
vn 0.9167 0.2617 -0.3019
vn 0.9498 -0.1508 -0.2742
vn 0.1473 0.9370 -0.3168
vn -0.5517 0.8185 -0.1602
vn -0.7009 0.6888 -0.1851
vn -0.7257 0.6497 -0.2262
vn -0.7636 0.6382 -0.0982
vn 0.9096 -0.0622 0.4109
vn 0.9081 0.2516 0.3348
vn 0.9498 0.0998 0.2965
vn 0.8850 0.3944 0.2474
vn 0.9004 0.4252 0.0928
vn 0.8133 0.5633 -0.1459
vn -0.5628 0.8082 0.1735
vn -0.7367 0.6641 0.1272
vn -0.8199 0.5711 0.0404
vn -0.0995 0.9731 0.2077
vn 0.0862 0.9634 0.2540
vn -0.9058 0.4229 -0.0272
vn 0.2151 0.9749 0.0576
vn 0.2553 0.9658 0.0457
vn -0.9130 0.3695 -0.1730
vn -0.9461 0.2608 -0.1918
vn 0.1751 0.9812 -0.0810
vn 0.2632 0.9629 -0.0593
vn 0.4155 0.8665 -0.2767
vn 0.4956 0.7194 -0.4866
vn 0.6273 0.6410 -0.4422
vn -0.9757 0.1090 -0.1900
vn -0.9871 0.0906 -0.1320
vn -0.9991 -0.0007 0.0424
vn -0.9933 -0.0551 0.1017
vn -0.9020 -0.2814 0.3275
vn -0.6478 -0.5468 0.5304
vn -0.4335 -0.5736 0.6950
vn -0.2444 -0.6323 0.7352
vn -0.1979 -0.5612 0.8037
vn 0.0028 -0.3623 0.9321
vn -0.2354 -0.5161 0.8235
vn -0.2575 -0.5743 0.7771
vn -0.2634 -0.6744 0.6898
vn -0.2459 -0.5420 0.8036
vn -0.2237 -0.4820 0.8472
vn 0.0557 -0.6039 0.7951
vn 0.4425 -0.5734 0.6895
vn 0.5285 -0.5504 0.6463
vn 0.5229 -0.5521 0.6494
vn 0.9463 0.3228 0.0164
vn 0.3994 0.7311 -0.5532
vn -0.5307 0.4961 -0.6872
vn -0.9322 -0.1289 -0.3382
vn -0.6057 -0.7362 0.3019
vn -0.5638 -0.7786 -0.2755
vn -0.5582 -0.5780 -0.5953
vn -0.6722 -0.4376 -0.5972
vn 0.0678 -0.0199 -0.9975
vn -0.5686 0.3251 -0.7556
vn -0.7796 0.3761 0.5007
vn -0.5893 0.1677 0.7903
vn -0.7236 0.2301 0.6507
vn -0.6383 0.0186 0.7696
vn -0.4839 0.0478 0.8738
vn -0.5513 -0.0033 0.8343
vn -0.5708 0.3068 0.7617
vn 0.7623 0.1467 0.6304
vn 0.8159 0.0503 0.5760
vn 0.4207 0.5133 -0.7480
vn 0.5471 0.3335 -0.7678
vn 0.5583 -0.3945 -0.7298
vn -0.0803 0.1159 -0.9900
vn 0.3588 -0.2491 -0.8996
vn -0.7321 -0.0246 -0.6808
vn 0.3517 -0.4900 -0.7976
vn -0.3208 0.2614 -0.9104
vn 0.7000 -0.2933 0.6511
vn -0.8082 0.5870 -0.0478
vn -0.3090 0.6856 0.6591
vn -0.2327 0.7977 0.5564
vn -0.5032 0.3065 0.8080
vn -0.3577 0.4105 0.8388
vn -0.2910 0.5261 0.7991
vn 0.7776 -0.3046 0.5501
vn 0.7024 -0.4918 0.5145
vn 0.7001 -0.5238 0.4853
vn 0.6916 -0.5009 0.5205
vn 0.4858 -0.6076 0.6284
vn 0.4797 -0.5777 0.6604
vn 0.4321 -0.2965 0.8517
vn 0.3599 -0.1708 0.9172
vn 0.3086 -0.1466 0.9398
vn 0.4495 -0.2524 0.8569
vn 0.8480 -0.4031 0.3440
vn 0.6598 -0.0469 -0.7499
vn 0.2114 0.4200 -0.8826
vn 0.2064 0.6860 -0.6977
vn 0.0363 0.8034 -0.5943
vn -0.2297 -0.2905 -0.9289
vn -0.4612 -0.8521 -0.2473
vn -0.3808 -0.8190 -0.4293
vn -0.0884 -0.8364 0.5410
vn 0.5892 -0.7984 0.1242
vn 0.9058 -0.2287 -0.3567
vn 0.7362 0.5207 -0.4323
vn 0.1672 0.9620 -0.2158
vn -0.9434 0.3052 0.1299
vn -0.6821 -0.4425 0.5822
vn 0.6076 -0.5118 0.6073
vn 0.7833 -0.3474 0.5155
vn 0.7550 -0.4170 0.5060
vn 0.8993 -0.1821 0.3976
vn 0.8749 -0.4795 -0.0682
vn 0.8483 -0.5280 -0.0394
vn 0.8728 -0.4756 -0.1100
vn 0.9345 -0.3118 -0.1718
vn 0.8023 -0.5928 0.0701
vn 0.8490 -0.5265 -0.0450
vn -0.8715 0.4557 0.1810
vn 0.3322 -0.7988 0.5016
vn -0.6565 -0.3913 0.6449
vn -0.3445 -0.6209 0.7041
vn -0.8826 0.1743 0.4366
vn -0.7777 -0.1058 0.6197
vn 0.8875 0.3347 -0.3167
vn 0.9655 -0.0784 -0.2481
vn 0.8623 0.3763 -0.3388
vn 0.1901 0.9215 -0.3387
vn -0.4733 0.8596 -0.1923
vn -0.6054 0.7676 -0.2105
vn -0.6558 0.7352 -0.1714
vn -0.7345 0.6775 -0.0385
vn 0.9668 -0.0318 0.2535
vn 0.9410 0.2620 0.2143
vn 0.9807 0.1069 0.1638
vn 0.9584 0.2790 0.0593
vn 0.8774 0.4605 -0.1342
vn 0.7432 0.5425 -0.3917
vn -0.3099 0.9431 0.1206
vn -0.4967 0.8679 -0.0061
vn -0.6682 0.7416 0.0594
vn -0.7604 0.6494 -0.0050
vn -0.7855 0.5970 -0.1626
vn -0.8569 0.5125 -0.0550
vn -0.0133 0.9998 -0.0132
vn 0.1688 0.9852 0.0300
vn -0.8568 0.4736 -0.2038
vn 0.2929 0.9177 -0.2683
vn 0.2232 0.9379 -0.2655
vn -0.8230 0.4513 -0.3449
vn -0.8867 0.2233 -0.4048
vn 0.2485 0.9196 -0.3043
vn 0.1752 0.9419 -0.2864
vn 0.3463 0.7842 -0.5148
vn 0.5507 0.6601 -0.5109
vn 0.3911 0.7155 -0.5788
vn -0.9655 -0.0509 -0.2555
vn -0.9565 0.0327 -0.2900
vn -0.9115 0.1699 -0.3745
vn -0.9315 0.1224 -0.3426
vn -0.9967 0.0414 -0.0705
vn -0.9738 -0.1261 0.1892
vn -0.7902 -0.3438 0.5074
vn -0.2446 -0.5298 0.8121
vn -0.2485 -0.6568 0.7120
vn -0.1275 -0.6261 0.7693
vn -0.0784 -0.4213 0.9035
vn -0.2519 -0.4337 0.8651
vn -0.2272 -0.2660 0.9368
vn -0.0236 -0.4516 0.8919
vn 0.3347 -0.5834 0.7400
vn 0.6431 -0.5075 0.5734
vn 0.6955 -0.4945 0.5213
vn 0.5102 -0.5107 0.6920
vn 0.9091 0.4113 0.0663
vn 0.0537 0.6831 -0.7283
vn -0.8941 -0.0881 -0.4391
vn -0.6050 -0.7311 0.3154
vn -0.4084 -0.7555 -0.5122
vn -0.0818 -0.2971 -0.9513
vn -0.0794 -0.0049 -0.9968
vn 0.2884 0.3036 -0.9081
vn -0.5372 0.5603 -0.6304
vn -0.7855 0.4811 0.3892
vn -0.5834 0.3289 0.7426
vn -0.4482 0.1828 0.8751
vn -0.6555 0.1018 0.7483
vn -0.6011 -0.0375 0.7983
vn -0.5026 0.0739 0.8614
vn -0.5465 -0.0456 0.8362
vn -0.6204 0.2288 0.7501
vn -0.5132 0.2410 0.8237
vn 0.6773 0.1466 0.7210
vn 0.7638 -0.1003 0.6376
vn 0.4422 0.6805 -0.5842
vn 0.5160 0.5717 -0.6379
vn 0.7305 -0.0436 -0.6815
vn 0.1201 0.6470 -0.7530
vn 0.6884 -0.1551 -0.7085
vn -0.4904 0.1982 -0.8487
vn 0.6221 -0.1881 -0.7600
vn -0.9323 0.2605 -0.2510
vn -0.5316 0.6191 -0.5781
vn 0.6174 -0.6100 -0.4967
vn 0.4972 -0.7721 -0.3958
vn -0.4287 0.3762 -0.8214
vn -0.8011 -0.0077 -0.5985
vn -0.1580 0.6811 -0.7149
vn 0.5071 -0.8559 -0.1012
vn 0.4148 -0.8754 0.2480
vn 0.5706 0.0807 0.8172
vn -0.7608 0.5551 0.3363
vn -0.9347 -0.1326 -0.3297
vn -0.6493 0.3898 0.6531
vn -0.4599 0.2899 0.8393
vn -0.2200 0.3446 0.9126
vn -0.1944 0.4167 0.8880
vn 0.6092 -0.4616 0.6448
vn 0.5994 -0.5284 0.6012
vn 0.5688 -0.5549 0.6071
vn 0.2770 -0.6162 0.7373
vn 0.3270 -0.5128 0.7938
vn 0.3705 -0.2785 0.8861
vn 0.1985 -0.1748 0.9644
vn 0.1874 -0.1143 0.9756
vn 0.3306 -0.1323 0.9344
vn 0.4637 -0.2731 0.8428
vn 0.8090 -0.5876 0.0135
vn 0.7579 -0.0506 -0.6504
vn 0.5378 0.4293 -0.7256
vn 0.3792 0.7298 -0.5688
vn 0.0388 0.8824 -0.4688
vn 0.0573 0.4369 -0.8977
vn -0.0914 -0.4114 -0.9069
vn -0.1310 -0.8459 0.5170
vn 0.5598 -0.8210 0.1127
vn 0.9484 -0.1784 -0.2621
vn 0.8356 0.5113 -0.2010
vn 0.4066 0.9125 -0.0443
vn -0.8573 0.4951 0.1413
vn -0.7625 -0.3907 0.5157
vn 0.7307 -0.4638 0.5010
vn 0.8356 -0.3941 0.3827
vn 0.8689 -0.3001 0.3936
vn 0.9657 -0.1295 0.2252
vn 0.8737 -0.4817 -0.0686
vn 0.8763 -0.4748 -0.0812
vn 0.9242 -0.3433 -0.1676
vn 0.9310 -0.3312 -0.1537
vn 0.7902 -0.6057 0.0937
vn 0.8416 -0.5394 -0.0295
vn 0.8597 -0.5039 -0.0836
vn -0.7244 0.6886 -0.0329
vn -0.8594 0.4708 0.1995
vn 0.3597 -0.7756 0.5188
vn -0.5942 -0.3374 0.7301
vn -0.2722 -0.5618 0.7812
vn -0.8646 0.1725 0.4719
vn -0.7305 -0.1182 0.6726
vn 0.9670 -0.0591 -0.2480
vn 0.8491 0.3959 -0.3497
vn 0.9640 -0.0401 -0.2627
vn 0.2239 0.9087 -0.3524
vn -0.3996 0.8908 -0.2162
vn -0.5337 0.8225 -0.1966
vn -0.5449 0.8230 -0.1605
vn 0.9931 -0.0187 0.1154
vn 0.9921 0.1238 0.0191
vn 0.9315 0.3341 -0.1440
vn 0.6893 0.5601 -0.4595
vn -0.2622 0.9541 -0.1445
vn -0.4349 0.8395 -0.3258
vn -0.6502 0.7515 -0.1117
vn -0.7343 0.6591 -0.1624
vn 0.2396 0.9331 -0.2682
vn 0.0597 0.9540 -0.2938
vn -0.7997 0.5574 -0.2232
vn -0.7442 0.5452 -0.3860
vn 0.2148 0.8284 -0.5173
vn 0.2733 0.7745 -0.5705
vn -0.5671 0.5128 -0.6445
vn -0.6385 0.2497 -0.7280
vn -0.8780 0.0463 -0.4763
vn -0.9537 0.0701 -0.2923
vn 0.2107 0.8271 -0.5211
vn 0.1546 0.8425 -0.5160
vn 0.2693 0.7218 -0.6375
vn 0.5016 0.8506 0.1575
vn -0.0185 0.9944 -0.1045
vn -0.9795 0.0834 -0.1835
vn -0.8871 0.1409 -0.4396
vn -0.7169 0.2097 -0.6649
vn -0.7483 0.1464 -0.6470
vn -0.9478 0.0894 -0.3060
vn -0.9997 -0.0191 0.0130
vn -0.9315 -0.1875 0.3117
vn -0.5167 -0.4333 0.7384
vn -0.3584 -0.4238 0.8318
vn -0.1185 -0.4880 0.8648
vn -0.1841 -0.7240 0.6648
vn -0.1878 -0.6229 0.7594
vn -0.2543 -0.3641 0.8960
vn -0.3435 -0.3153 0.8846
vn 0.2887 -0.3777 0.8798
vn 0.5639 -0.4945 0.6615
vn 0.8071 -0.4372 0.3968
vn 0.7815 -0.4245 0.4573
vn 0.3535 -0.4834 0.8008
vn 0.5584 0.5191 0.6471
vn 0.0712 0.7230 -0.6871
vn -0.8876 -0.0109 -0.4606
vn -0.5648 -0.7011 0.4352
vn -0.0194 -0.4723 -0.8812
vn 0.4755 0.2368 -0.8473
vn 0.4181 0.2367 -0.8770
vn 0.1507 0.3719 -0.9160
vn -0.6662 0.4913 -0.5611
vn -0.8322 0.4801 0.2775
vn -0.5918 0.4122 0.6928
vn -0.4461 0.3062 0.8409
vn -0.4212 0.1625 0.8923
vn -0.5877 0.0055 0.8090
vn -0.5550 -0.0667 0.8292
vn -0.2897 -0.0295 0.9567
vn -0.3515 -0.1518 0.9238
vn -0.5394 0.1355 0.8311
vn -0.5169 0.1920 0.8342
vn 0.6292 0.0166 0.7770
vn 0.6302 -0.2416 0.7378
vn 0.4137 0.8058 -0.4236
vn 0.5488 0.6974 -0.4608
vn 0.7399 0.2781 -0.6126
vn 0.1531 0.8182 -0.5542
vn 0.8459 -0.2003 -0.4943
vn -0.4167 0.6128 -0.6715
vn 0.8209 0.1001 -0.5622
vn -0.9232 0.2063 -0.3243
vn 0.8746 -0.2611 -0.4086
vn -0.9543 0.1616 -0.2514
vn -0.5108 0.6286 -0.5865
vn 0.7461 -0.6107 -0.2654
vn 0.4675 -0.8568 -0.2174
vn -0.4604 0.5578 -0.6906
vn -0.9074 0.1328 -0.3986
vn -0.2506 0.7779 -0.5762
vn 0.3325 -0.9402 -0.0732
vn 0.1825 -0.9779 0.1020
vn 0.2149 -0.8247 0.5232
vn 0.4707 -0.2594 0.8433
vn 0.4831 0.0125 0.8755
vn 0.5021 0.0639 0.8625
vn -0.9921 -0.0984 -0.0775
vn -0.9686 -0.1401 -0.2056
vn -0.9533 -0.1986 0.2276
vn -0.3049 0.1942 0.9324
vn -0.5691 0.0043 0.8222
vn 0.0211 0.2362 0.9715
vn 0.0204 0.2321 0.9725
vn 0.5393 -0.4024 0.7397
vn 0.4512 -0.5609 0.6942
vn 0.3358 -0.6037 0.7230
vn 0.2624 -0.6221 0.7377
vn 0.2883 -0.5340 0.7948
vn 0.2066 -0.1985 0.9581
vn 0.1216 -0.1809 0.9760
vn 0.1391 -0.0490 0.9891
vn 0.2160 -0.0292 0.9760
vn 0.3896 -0.1665 0.9058
vn 0.2682 -0.5340 0.8018
vn 0.4562 -0.6056 0.6520
vn -0.4623 -0.8728 -0.1563
vn 0.7883 -0.2273 -0.5718
vn 0.6944 0.2487 -0.6753
vn 0.3605 0.4730 -0.8039
vn -0.1625 0.4880 -0.8576
vn -0.0261 0.9141 -0.4046
vn 0.1244 0.9030 -0.4113
vn 0.3219 0.3446 -0.8818
vn -0.2025 -0.8473 0.4909
vn 0.5623 -0.8081 0.1755
vn 0.9943 -0.0721 -0.0790
vn 0.5271 0.8398 0.1301
vn 0.8958 0.4432 0.0349
vn -0.0613 0.9856 0.1574
vn -0.2938 0.9551 0.0391
vn -0.8150 -0.2865 0.5037
vn 0.8163 -0.4384 0.3760
vn 0.9484 -0.2354 0.2125
vn 0.9150 -0.3460 0.2076
vn 0.9917 -0.0986 0.0831
vn 0.8742 -0.4800 -0.0735
vn 0.9305 -0.3281 -0.1627
vn 0.7776 -0.6146 0.1330
vn 0.8214 -0.5704 -0.0038
vn 0.8389 -0.5390 -0.0755
vn 0.8660 -0.4892 -0.1035
vn -0.5269 0.8286 -0.1891
vn -0.7180 0.6956 -0.0232
vn -0.8431 0.4902 0.2212
vn 0.3629 -0.7305 0.5785
vn -0.5288 -0.3350 0.7799
vn -0.2883 -0.5107 0.8100
vn -0.8525 0.1648 0.4960
vn -0.6971 -0.1764 0.6950
vn 0.8386 0.4066 -0.3626
vn 0.9613 -0.0070 -0.2753
vn 0.2408 0.9063 -0.3473
vn -0.3347 0.9158 -0.2220
vn 0.9998 -0.0038 -0.0185
vn 0.9727 0.1633 -0.1646
vn 0.8420 0.3958 -0.3667
vn 0.7709 0.4140 -0.4841
vn 0.8019 0.5523 0.2280
vn -0.2310 0.8760 -0.4235
vn -0.5519 0.7621 -0.3386
vn -0.5147 0.7280 -0.4530
vn -0.5808 0.6550 -0.4834
vn -0.6140 0.6330 -0.4716
vn 0.2510 0.7826 -0.5697
vn 0.1304 0.8334 -0.5370
vn -0.6558 0.6196 -0.4312
vn -0.5180 0.5867 -0.6225
vn -0.1759 0.4633 -0.8686
vn -0.2193 0.2769 -0.9355
vn -0.6638 0.0907 -0.7424
vn 0.1728 0.7392 -0.6510
vn 0.1319 0.7562 -0.6409
vn 0.1851 0.7612 -0.6215
vn -0.3104 0.7583 0.5733
vn 0.2948 0.6282 0.7200
vn -0.6884 0.2205 -0.6910
vn -0.3696 0.2377 -0.8983
vn -0.4092 0.1591 -0.8985
vn -0.7778 0.1161 -0.6177
vn -0.9672 0.0525 -0.2484
vn -0.9912 -0.0797 0.1054
vn -0.8689 -0.2260 0.4404
vn -0.6796 -0.3443 0.6477
vn -0.5440 -0.3563 0.7597
vn -0.2148 -0.4512 0.8662
vn -0.0115 -0.4875 0.8731
vn -0.1708 -0.6903 0.7031
vn -0.3971 -0.4490 0.8005
vn -0.3387 -0.3831 0.8594
vn -0.1434 -0.4186 0.8968
vn -0.1330 -0.2710 0.9533
vn 0.0305 -0.3861 0.9220
vn 0.2045 -0.5030 0.8398
vn 0.5530 -0.3236 0.7678
vn 0.7388 -0.3707 0.5628
vn 0.8929 -0.3785 0.2437
vn 0.8925 -0.3285 0.3091
vn -0.0012 -0.4754 0.8798
vn -0.3815 -0.0285 0.9239
vn -0.2457 0.9664 -0.0757
vn -0.8920 0.0478 -0.4496
vn -0.4842 -0.6507 0.5849
vn 0.4789 0.2679 -0.8360
vn 0.5420 0.5654 -0.6217
vn 0.4462 0.4105 -0.7952
vn 0.1506 0.5877 -0.7950
vn -0.6663 0.5040 -0.5496
vn -0.9153 0.3522 0.1951
vn -0.6593 0.3700 0.6545
vn -0.4604 0.3551 0.8136
vn -0.3075 0.1523 0.9393
vn -0.2491 -0.0673 0.9661
vn -0.5417 -0.0349 0.8399
vn -0.3241 -0.1728 0.9301
vn 0.1070 -0.1905 0.9758
vn 0.0896 -0.3376 0.9370
vn -0.5381 0.0605 0.8407
vn -0.3585 0.0300 0.9330
vn 0.5376 -0.1043 0.8367
vn 0.4191 0.8888 -0.1852
vn 0.6320 0.7603 -0.1500
vn 0.8075 0.4516 -0.3794
vn 0.1819 0.9170 -0.3550
vn 0.9454 -0.0304 -0.3246
vn -0.2678 0.7922 -0.5484
vn 0.9216 -0.0001 -0.3881
vn 0.9459 0.0550 -0.3196
vn -0.9043 0.3085 -0.2951
vn 0.9355 -0.2709 -0.2270
vn -0.9138 0.2516 -0.3190
vn 0.7798 -0.6240 -0.0499
vn 0.5226 -0.8505 -0.0599
vn -0.4687 0.7926 -0.3899
vn -0.9023 0.4195 -0.0991
vn 0.3183 -0.9476 0.0292
vn 0.1167 -0.9782 0.1718
vn -0.0046 -0.9690 0.2472
vn 0.0320 -0.6779 0.7345
vn 0.3301 -0.0935 0.9393
vn 0.4898 0.0808 0.8681
vn -0.9576 -0.2792 -0.0709
vn -0.9902 0.1396 0.0013
vn -0.7765 -0.4684 0.4215
vn -0.9020 -0.3955 0.1730
vn -0.1238 0.1150 0.9856
vn -0.3263 -0.3136 0.8917
vn 0.2417 0.1823 0.9531
vn 0.1888 0.0621 0.9800
vn 0.4118 -0.3539 0.8397
vn 0.2684 -0.5996 0.7540
vn 0.2463 -0.6150 0.7491
vn 0.0117 -0.5332 0.8459
vn 0.0439 -0.4670 0.8832
vn 0.1393 -0.1125 0.9838
vn 0.1014 -0.2302 0.9678
vn 0.1302 -0.0928 0.9871
vn 0.2327 -0.0110 0.9725
vn 0.1451 -0.5091 0.8484
vn -0.0971 -0.8135 0.5735
vn 0.2107 -0.7288 0.6515
vn 0.4701 -0.6892 -0.5513
vn 0.5496 -0.3761 -0.7460
vn 0.1160 -0.2124 -0.9703
vn -0.4451 -0.3059 -0.8416
vn -0.0987 0.4381 -0.8935
vn 0.4394 0.6640 -0.6050
vn -0.2255 -0.7957 0.5622
vn 0.7882 -0.5931 0.1641
vn 0.9961 -0.0204 0.0855
vn 0.0032 0.9918 0.1275
vn 0.2468 0.4278 0.8695
vn 0.9672 0.2014 0.1551
vn -0.6455 0.6211 0.4445
vn 0.0586 0.7997 0.5976
vn -0.7406 -0.2024 0.6408
vn 0.8911 -0.4006 0.2132
vn 0.9812 -0.1792 0.0714
vn 0.9558 -0.2843 0.0755
vn 0.9961 -0.0747 -0.0464
vn 0.9343 -0.3215 -0.1542
vn 0.7657 -0.6164 0.1839
vn 0.8352 -0.5496 0.0184
vn 0.8317 -0.5537 -0.0408
vn 0.8761 -0.4665 -0.1219
vn 0.9364 -0.3064 -0.1711
vn -0.3014 0.9073 -0.2933
vn -0.2971 0.9267 -0.2301
vn -0.5415 0.8187 -0.1910
vn -0.7028 0.7114 0.0057
vn -0.8146 0.5288 0.2385
vn 0.2923 -0.7162 0.6337
vn -0.4185 -0.4449 0.7918
vn -0.8422 0.1647 0.5134
vn -0.6757 -0.2277 0.7012
vn 0.8291 0.4272 -0.3606
vn 0.9589 0.0222 -0.2827
vn 0.2534 0.9065 -0.3376
vn 0.9792 0.0293 -0.2009
vn 0.8924 0.2137 -0.3974
vn 0.7829 0.2179 -0.5827
vn 0.9662 0.2338 0.1087
vn 0.6220 0.3353 0.7076
vn -0.3000 0.5612 -0.7714
vn -0.2950 0.5958 -0.7470
vn -0.2188 0.8820 -0.4173
vn 0.2630 0.6938 -0.6704
vn 0.2451 0.7835 -0.5711
vn -0.2915 0.6140 -0.7336
vn -0.1638 0.5392 -0.8261
vn 0.2346 0.6813 -0.6934
vn 0.1978 0.7432 -0.6392
vn -0.6271 0.4509 -0.6352
vn -0.7117 0.2396 -0.6604
vn -0.2835 0.1954 -0.9389
vn 0.1500 0.7125 -0.6855
vn 0.1219 0.7175 -0.6859
vn -0.4952 0.8686 -0.0170
vn 0.0426 0.8611 -0.5066
vn -0.7154 0.6252 0.3120
vn -0.1132 0.8301 0.5460
vn 0.4037 0.6520 0.6418
vn -0.3311 0.2642 -0.9059
vn -0.8526 0.2293 -0.4696
vn -0.8806 0.1609 -0.4457
vn -0.4535 0.1302 -0.8817
vn -0.8068 0.0906 -0.5838
vn -0.9854 0.0063 -0.1700
vn -0.9713 -0.1283 0.2002
vn -0.7753 -0.2746 0.5688
vn -0.3740 -0.4102 0.8318
vn -0.1052 -0.4799 0.8710
vn 0.0695 -0.5027 0.8617
vn -0.4429 -0.4107 0.7969
vn -0.2108 -0.5350 0.8181
vn 0.0157 -0.5942 0.8041
vn 0.1560 -0.7119 0.6847
vn 0.5178 -0.5365 0.6663
vn 0.7347 -0.3686 0.5695
vn 0.8916 -0.2575 0.3725
vn 0.9614 -0.2376 0.1386
vn 0.9362 -0.3382 0.0958
vn -0.0485 -0.6367 0.7696
vn -0.1172 -0.6791 0.7246
vn -0.9612 -0.1572 0.2266
vn -0.4462 -0.6231 0.6424
vn 0.6081 0.5781 -0.5441
vn 0.4511 0.6346 -0.6276
vn 0.3649 0.6025 -0.7098
vn 0.0460 0.6600 -0.7498
vn -0.6908 0.3991 -0.6030
vn -0.9940 0.0986 0.0476
vn -0.9618 0.2392 0.1331
vn -0.8121 0.2174 0.5415
vn -0.5238 0.3064 0.7948
vn -0.2167 0.1894 0.9577
vn -0.1650 -0.0197 0.9861
vn -0.0024 -0.2408 0.9706
vn -0.3351 -0.1650 0.9276
vn 0.0123 -0.3796 0.9251
vn 0.2354 -0.1592 0.9588
vn 0.1679 -0.3472 0.9226
vn -0.3866 -0.1660 0.9072
vn -0.2588 -0.1223 0.9582
vn 0.5138 -0.0080 0.8579
vn 0.4835 0.8751 0.0231
vn 0.6637 0.7453 0.0641
vn 0.8842 0.4532 -0.1134
vn 0.1948 0.9684 -0.1559
vn -0.1226 0.9302 -0.3460
vn 0.9786 0.0700 -0.1933
vn 0.9392 0.1429 -0.3123
vn 0.9775 -0.0299 -0.2087
vn -0.8147 0.5420 -0.2062
vn 0.9402 -0.3399 -0.0197
vn -0.8971 0.4416 -0.0140
vn -0.4722 0.8258 -0.3085
vn -0.4494 0.8868 -0.1076
vn -0.7860 0.6072 0.1160
vn 0.1762 -0.9078 0.3805
vn 0.4644 -0.8418 0.2752
vn -0.0279 -0.9592 0.2813
vn -0.1988 -0.9200 0.3376
vn -0.1200 -0.5055 0.8545
vn 0.4234 0.1270 0.8970
vn -0.9851 -0.0816 0.1512
vn -0.9180 0.3507 0.1848
vn -0.5472 -0.7064 0.4490
vn -0.7991 -0.4895 0.3491
vn -0.8934 -0.3381 0.2959
vn 0.1111 0.0398 0.9930
vn 0.1524 -0.3003 0.9416
vn 0.0048 -0.5178 0.8555
vn 0.0435 -0.5177 0.8545
vn -0.2466 -0.4348 0.8661
vn -0.0940 -0.3089 0.9464
vn 0.0202 -0.0883 0.9959
vn 0.1330 -0.0277 0.9907
vn 0.1292 0.0287 0.9912
vn -0.0606 -0.3715 0.9265
vn -0.1601 -0.7739 0.6128
vn -0.3958 -0.5871 -0.7062
vn -0.3472 -0.9151 0.2053
vn 0.5527 -0.8195 0.1513
vn -0.1165 -0.8929 -0.4349
vn -0.4286 -0.8749 -0.2256
vn 0.0182 -0.5907 -0.8067
vn 0.5494 0.4289 -0.7171
vn 0.4076 -0.8200 0.4018
vn 0.8233 -0.4974 0.2736
vn 0.9939 -0.1067 0.0270
vn -0.2592 0.9593 0.1118
vn -0.3740 0.9019 0.2163
vn -0.1438 0.8820 0.4488
vn 0.9305 -0.3563 0.0849
vn 0.9753 -0.2148 -0.0515
vn 0.9903 -0.1271 -0.0560
vn 0.9705 -0.0396 -0.2378
vn 0.7333 -0.6451 0.2149
vn 0.8580 -0.5113 0.0484
vn 0.8979 -0.4252 -0.1138
vn 0.9471 -0.2603 -0.1876
vn 0.9566 0.0442 -0.2882
vn 0.2296 0.8735 -0.4292
vn 0.2442 0.8991 -0.3633
vn -0.3061 0.8933 -0.3292
vn -0.5432 0.8277 -0.1407
vn -0.6748 0.7368 0.0410
vn -0.7898 0.5654 0.2377
vn 0.1970 -0.7139 0.6719
vn -0.3783 -0.4897 0.7855
vn -0.8249 0.1744 0.5378
vn -0.6388 -0.2381 0.7316
vn 0.8103 0.4572 -0.3666
vn 0.8867 0.0809 -0.4553
vn 0.7299 0.1097 -0.6747
vn 0.9812 -0.1605 -0.1073
vn 0.8081 -0.0457 0.5873
vn 0.7079 0.3734 0.5995
vn -0.7033 0.5032 -0.5022
vn -0.7283 0.4557 -0.5118
vn 0.0280 0.9994 0.0203
vn 0.5820 0.7731 -0.2521
vn 0.4874 0.8538 -0.1830
vn -0.6382 0.5547 -0.5339
vn 0.1737 0.7015 -0.6912
vn 0.3026 0.7346 -0.6073
vn -0.9667 0.2553 -0.0170
vn -0.9921 0.1251 -0.0021
vn -0.7841 0.1536 -0.6013
vn 0.1192 0.7459 -0.6553
vn 0.1464 0.7331 -0.6642
vn -0.6173 0.7831 0.0752
vn -0.1190 0.9305 -0.3463
vn -0.5962 0.7528 0.2790
vn -0.7812 0.5863 0.2144
vn -0.0005 0.8184 0.5747
vn 0.4716 0.6022 0.6442
vn -0.8305 0.2317 -0.5065
vn -0.9429 0.0938 0.3197
vn -0.9324 0.0648 0.3556
vn -0.8790 0.1995 -0.4331
vn -0.4968 0.1002 -0.8620
vn -0.8396 0.0669 -0.5390
vn -0.9965 -0.0365 -0.0756
vn -0.9381 -0.1771 0.2978
vn -0.6335 -0.3559 0.6871
vn -0.2194 -0.4562 0.8624
vn -0.0054 -0.5145 0.8574
vn -0.1855 -0.3183 0.9296
vn -0.4937 -0.1698 0.8529
vn -0.4067 -0.2962 0.8642
vn -0.1833 -0.4216 0.8881
vn 0.0358 -0.6063 0.7944
vn 0.2152 -0.6204 0.7542
vn 0.4090 -0.7414 0.5321
vn 0.7194 -0.5690 0.3985
vn 0.8724 -0.4148 0.2584
vn 0.9723 -0.2076 0.1077
vn 0.9481 -0.3156 -0.0392
vn 0.9787 -0.2006 -0.0444
vn -0.7727 -0.4936 0.3991
vn 0.6211 0.5559 -0.5524
vn 0.3929 0.7645 -0.5110
vn 0.2511 0.7454 -0.6176
vn -0.9927 -0.0528 -0.1086
vn -0.9497 -0.1040 0.2953
vn -0.9051 0.0585 0.4211
vn -0.6846 0.1228 0.7185
vn -0.2772 0.2049 0.9387
vn -0.0849 0.0840 0.9928
vn -0.0993 -0.3444 0.9335
vn -0.0096 -0.4920 0.8706
vn -0.2810 -0.3801 0.8812
vn -0.0882 -0.2924 0.9522
vn 0.2033 0.9788 0.0241
vn 0.5333 0.8313 0.1567
vn 0.6699 0.7197 0.1821
vn 0.8719 0.4893 -0.0168
vn -0.0441 0.9959 -0.0783
vn 0.9560 0.2242 -0.1894
vn 0.9763 0.1634 -0.1421
vn 0.9959 -0.0850 0.0320
vn -0.7155 0.6958 0.0617
vn 0.8833 -0.4174 0.2135
vn 0.7173 -0.6861 0.1215
vn -0.5675 0.8193 -0.0819
vn -0.5325 0.8454 -0.0407
vn -0.7489 0.6451 0.1517
vn -0.0172 -0.8896 0.4564
vn 0.6213 -0.5696 0.5381
vn 0.3553 -0.6849 0.6362
vn -0.1959 -0.9206 0.3378
vn -0.3540 -0.8428 0.4054
vn 0.3087 -0.0477 0.9500
vn 0.4316 -0.0111 0.9020
vn -0.8738 0.4007 0.2755
vn -0.6190 -0.6740 0.4032
vn -0.8125 -0.4676 0.3482
vn -0.9377 0.1386 0.3186
vn -0.9113 -0.0404 0.4098
vn 0.0840 -0.3441 0.9352
vn -0.1090 -0.4862 0.8670
vn -0.1923 -0.4400 0.8772
vn 0.0140 0.0211 0.9997
vn 0.0687 -0.1656 0.9838
vn -0.0409 -0.2553 0.9660
vn -0.0911 -0.6618 0.7441
vn -0.1608 -0.9370 0.3102
vn -0.1724 -0.9695 -0.1742
vn 0.5908 -0.3151 -0.7427
vn 0.4211 -0.7475 0.5137
vn 0.8046 -0.5688 0.1705
vn 0.8924 -0.3274 -0.3106
vn 0.9672 -0.2100 -0.1429
vn -0.2855 0.9220 0.2615
vn -0.6524 0.7455 0.1362
vn -0.8636 0.4558 0.2153
vn 0.9512 -0.3053 -0.0443
vn 0.9595 -0.1192 -0.2551
vn 0.9645 -0.0613 -0.2571
vn 0.8715 0.0266 -0.4896
vn 0.6849 -0.6756 0.2729
vn 0.8525 -0.5225 0.0129
vn 0.9290 -0.3681 -0.0392
vn 0.9135 -0.3978 -0.0853
vn 0.9568 -0.2188 -0.1912
vn 0.9543 0.0558 -0.2937
vn 0.2580 0.8456 -0.4674
vn 0.7804 0.4622 -0.4211
vn 0.7870 0.4744 -0.3945
vn -0.2886 0.9130 -0.2882
vn -0.5226 0.8486 -0.0823
vn -0.5844 0.8114 -0.0116
vn -0.7858 0.5675 0.2458
vn 0.1347 -0.7148 0.6862
vn -0.2949 -0.5308 0.7945
vn -0.7985 0.1602 0.5802
vn -0.6166 -0.2317 0.7525
vn 0.7094 0.1222 -0.6942
vn 0.9323 -0.2643 -0.2468
vn 0.8260 -0.4334 0.3602
vn 0.9064 -0.0558 0.4188
vn 0.7760 0.3221 0.5422
vn -0.6012 0.7571 0.2556
vn -0.9365 0.2914 0.1953
vn -0.9919 0.0946 0.0847
vn -0.6907 0.5196 -0.5030
vn 0.5813 0.7232 0.3729
vn 0.7028 0.5886 0.3994
vn -0.9505 0.3097 0.0258
vn 0.2195 0.7337 -0.6431
vn -0.9417 0.3091 -0.1330
vn -0.9460 0.2720 -0.1763
vn -0.9924 0.0652 0.1046
vn 0.1703 0.8257 -0.5378
vn -0.6972 0.7104 0.0960
vn -0.2945 0.9294 -0.2224
vn -0.7338 0.6641 0.1432
vn -0.5234 0.7981 0.2985
vn -0.7797 0.6025 0.1707
vn 0.0802 0.7713 0.6314
vn 0.5654 0.5213 0.6392
vn -0.9660 0.1015 0.2378
vn -0.9796 0.1945 0.0506
vn -0.9879 0.1396 0.0670
vn -0.9228 0.1225 0.3653
vn -0.8865 0.1883 -0.4226
vn -0.8830 0.0453 -0.4673
vn -0.9960 -0.0863 0.0211
vn -0.8690 -0.2700 0.4146
vn -0.4573 -0.4339 0.7763
vn -0.0913 -0.5019 0.8601
vn -0.0801 -0.3618 0.9288
vn -0.4028 0.1778 0.8979
vn -0.1638 -0.3185 0.9337
vn 0.0125 -0.5414 0.8407
vn 0.1845 -0.6055 0.7742
vn 0.4169 -0.6350 0.6504
vn 0.6705 -0.6419 0.3719
vn 0.8253 -0.5481 0.1360
vn 0.9236 -0.3773 -0.0685
vn 0.9607 -0.2311 -0.1537
vn 0.9363 -0.2562 -0.2400
vn 0.9472 -0.2581 -0.1901
vn -0.9606 -0.1578 0.2287
vn -0.4970 -0.7805 0.3792
vn -0.2362 -0.7914 0.5638
vn 0.0873 0.4646 -0.8812
vn -0.3979 0.3736 -0.8379
vn -0.5949 0.2328 -0.7693
vn -0.9002 -0.2601 -0.3494
vn -0.9607 -0.2350 0.1480
vn -0.7997 -0.0738 0.5958
vn -0.8551 -0.2556 0.4511
vn -0.5103 0.0286 0.8595
vn -0.0584 0.0977 0.9935
vn -0.1401 -0.4565 0.8786
vn -0.2194 -0.4873 0.8452
vn 0.2405 0.9620 0.1294
vn -0.0362 0.9918 0.1226
vn 0.4510 0.8157 0.3622
vn 0.6537 0.6981 0.2922
vn 0.8345 0.5382 0.1184
vn 0.9459 0.3239 -0.0179
vn 0.9818 0.1552 0.1094
vn 0.9487 -0.1433 0.2818
vn -0.3434 0.9246 0.1650
vn 0.8167 -0.4621 0.3456
vn 0.6312 -0.7541 0.1815
vn -0.4654 0.8812 0.0834
vn -0.5042 0.8556 0.1172
vn -0.7033 0.6508 0.2860
vn -0.1474 -0.8395 0.5230
vn 0.0495 -0.7533 0.6558
vn 0.6511 -0.2935 0.7000
vn 0.5293 -0.4236 0.7351
vn -0.4090 -0.8301 0.3791
vn -0.8107 0.4448 0.3806
vn -0.6560 -0.6143 0.4384
vn -0.8143 -0.2370 0.5299
vn -0.8287 0.2805 0.4844
vn 0.0149 -0.0103 0.9998
vn 0.0877 -0.2617 0.9612
vn 0.0742 -0.4308 0.8994
vn 0.1710 -0.7227 0.6697
vn 0.1799 -0.9824 -0.0504
vn 0.2793 -0.9031 -0.3263
vn 0.1908 -0.8168 -0.5445
vn 0.7277 0.4824 -0.4876
vn 0.6303 -0.1453 -0.7626
vn 0.6989 -0.6643 -0.2651
vn 0.1845 -0.9788 -0.0894
vn 0.4218 -0.4062 -0.8106
vn 0.6220 -0.2096 0.7544
vn 0.4608 -0.6712 0.5807
vn -0.3414 0.3479 0.8732
vn -0.4784 0.8500 0.2205
vn -0.9705 0.2339 0.0588
vn 0.0591 -0.5378 0.8410
vn 0.9506 -0.2075 -0.2309
vn 0.8709 0.0320 -0.4905
vn 0.8830 0.0029 -0.4694
vn 0.8218 -0.5693 0.0223
vn 0.6245 -0.7171 0.3095
vn 0.9196 -0.3801 -0.0993
vn 0.9664 -0.1918 -0.1714
vn 0.9603 -0.1951 -0.1993
vn 0.9537 0.0573 -0.2952
vn 0.8086 0.4196 -0.4124
vn 0.3146 0.8341 -0.4531
vn 0.9509 0.0609 -0.3033
vn -0.2734 0.9362 -0.2207
vn -0.5910 0.8064 -0.0207
vn -0.7962 0.5250 0.3006
vn 0.3511 -0.7764 0.5234
vn -0.2493 -0.5578 0.7916
vn 0.7251 0.1395 -0.6744
vn 0.9622 -0.1327 -0.2378
vn 0.8170 -0.5172 0.2549
vn 0.8837 -0.4422 0.1534
vn 0.9509 -0.1059 0.2910
vn 0.8703 0.2175 0.4419
vn -0.4613 0.8042 0.3748
vn 0.1962 0.8954 0.3996
vn -0.9252 0.3460 0.1556
vn -0.9967 0.0805 0.0072
vn -0.9805 0.1911 0.0459
vn 0.6480 0.7401 -0.1796
vn 0.7907 0.4842 0.3747
vn -0.9430 0.3151 -0.1074
vn 0.5782 0.7330 -0.3584
vn -0.9662 0.2437 -0.0843
vn 0.1548 0.8897 -0.4294
vn -0.7752 0.6247 0.0936
vn -0.5219 0.8314 -0.1905
vn -0.7183 0.6812 0.1413
vn -0.7537 0.6375 0.1601
vn -0.4735 0.8109 0.3438
vn 0.3091 0.7602 0.5714
vn 0.7500 0.4543 0.4808
vn -0.9702 0.2423 0.0080
vn -0.9481 0.2423 -0.2058
vn -0.9287 0.2164 0.3011
vn -0.9861 0.1464 0.0786
vn -0.9248 0.1489 0.3502
vn -0.9044 0.1299 -0.4065
vn -0.5161 0.0633 -0.8542
vn -0.5306 0.0709 -0.8447
vn -0.5860 0.0966 -0.8046
vn -0.9331 0.0135 -0.3593
vn -0.9775 -0.1739 0.1197
vn -0.7523 -0.3756 0.5412
vn -0.2728 -0.4794 0.8341
vn -0.1023 -0.3574 0.9283
vn 0.1529 -0.6448 0.7489
vn 0.3694 -0.6433 0.6706
vn 0.6314 -0.6121 0.4760
vn 0.8376 -0.5014 0.2166
vn 0.9209 -0.3801 -0.0864
vn 0.9179 -0.3135 -0.2433
vn 0.8980 -0.2493 -0.3625
vn 0.8922 -0.1891 -0.4102
vn 0.7885 -0.3371 -0.5144
vn -0.0259 -0.8769 0.4800
vn 0.1485 -0.7757 0.6134
vn -0.2497 -0.9318 0.2633
vn 0.5826 0.6379 -0.5036
vn 0.4601 0.1100 -0.8810
vn -0.7583 -0.4692 -0.4526
vn -0.9017 -0.4092 -0.1395
vn -0.8668 -0.3904 0.3101
vn -0.7215 -0.3932 0.5700
vn -0.6637 -0.2072 0.7187
vn -0.2293 -0.0766 0.9703
vn -0.0589 0.9811 0.1842
vn 0.1008 0.9568 0.2726
vn 0.4612 0.6845 0.5646
vn 0.5496 0.6809 0.4840
vn 0.7765 0.5797 0.2469
vn 0.9217 0.3482 0.1711
vn 0.9387 0.0989 0.3302
vn 0.8546 -0.2126 0.4738
vn -0.1680 0.9604 0.2222
vn -0.3100 0.9128 0.2658
vn -0.4077 0.8403 0.3573
vn -0.5990 0.6343 0.4888
vn -0.3186 -0.7789 0.5401
vn -0.1295 -0.7170 0.6849
vn 0.2126 -0.6405 0.7379
vn 0.6596 -0.3251 0.6776
vn 0.7099 -0.1671 0.6841
vn -0.7550 0.4042 0.5163
vn -0.4662 -0.7172 0.5180
vn -0.6425 -0.5428 0.5409
vn -0.6998 0.1600 0.6962
vn -0.0404 -0.1507 0.9878
vn -0.0682 -0.4760 0.8768
vn 0.1351 -0.5679 0.8120
vn 0.1414 -0.9381 0.3161
vn -0.0393 -0.9544 0.2958
vn -0.0182 -0.9992 -0.0361
vn -0.1890 -0.9380 -0.2904
vn 0.0350 -0.7451 -0.6661
vn 0.5697 -0.7798 0.2594
vn 0.3981 -0.9078 -0.1321
vn 0.2020 -0.6826 -0.7023
vn -0.3625 -0.6132 -0.7018
vn 0.0244 -0.2439 -0.9695
vn -0.3561 0.3757 0.8556
vn -0.8897 0.4325 0.1462
vn -0.9493 -0.2488 -0.1921
vn -0.8518 -0.5191 0.0707
vn 0.9090 -0.0525 -0.4136
vn 0.7399 0.1253 -0.6609
vn 0.8006 -0.5919 0.0933
vn 0.9041 -0.3929 -0.1679
vn 0.9675 -0.1186 -0.2234
vn 0.9543 0.0577 -0.2933
vn 0.8430 0.3622 -0.3978
vn 0.3454 0.8376 -0.4233
vn -0.2854 0.9360 -0.2061
vn -0.3082 0.9217 -0.2357
vn -0.6045 0.7964 -0.0212
vn -0.6900 -0.1295 0.7121
vn -0.8170 0.4455 0.3661
vn 0.3260 -0.7715 0.5464
vn -0.2310 -0.5816 0.7799
vn 0.9838 -0.0236 -0.1779
vn 0.8963 -0.3488 0.2738
vn 0.8649 -0.4994 0.0504
vn 0.8806 -0.4737 -0.0080
vn 0.9741 -0.1644 0.1554
vn 0.9615 0.0903 0.2597
vn -0.4646 0.8103 0.3571
vn 0.1737 0.8249 0.5379
vn -0.9215 0.3883 0.0002
vn -0.9752 0.1192 -0.1862
vn -0.9770 0.1866 -0.1029
vn 0.4772 0.6413 0.6008
vn 0.9377 0.2958 0.1824
vn -0.8839 0.3449 -0.3157
vn -0.8801 0.3612 -0.3081
vn 0.6752 0.6691 -0.3106
vn -0.8570 0.3797 -0.3484
vn -0.8908 0.3672 -0.2675
vn 0.0660 0.8995 -0.4319
vn -0.8475 0.5129 0.1369
vn -0.7366 0.6594 -0.1504
vn -0.7288 0.6672 0.1539
vn -0.3641 0.8560 0.3670
vn -0.7566 0.5835 0.2949
vn 0.5193 0.7115 0.4734
vn 0.7084 0.0144 0.7056
vn -0.9210 0.3266 -0.2124
vn -0.9240 0.1617 0.3465
vn -0.9820 0.1694 0.0832
vn -0.9325 0.1311 0.3365
vn -0.8956 0.1979 -0.3984
vn -0.8782 0.2929 -0.3780
vn -0.7143 0.1665 -0.6797
vn -0.9760 -0.0557 -0.2107
vn -0.9335 -0.2759 0.2291
vn -0.5895 -0.4495 0.6711
vn -0.2373 -0.3543 0.9045
vn 0.2978 -0.6774 0.6727
vn 0.5767 -0.6408 0.5068
vn 0.7932 -0.5403 0.2809
vn 0.9253 -0.3792 -0.0111
vn 0.9045 -0.2420 -0.3513
vn 0.7684 -0.2418 -0.5926
vn 0.6945 -0.1005 -0.7124
vn 0.5512 -0.3221 -0.7697
vn 0.2716 -0.8716 0.4081
vn -0.6633 -0.7000 0.2646
vn -0.4229 -0.9040 0.0628
vn 0.0248 -0.9934 0.1123
vn -0.1464 -0.6317 -0.7613
vn -0.4294 -0.3395 -0.8369
vn -0.6827 -0.5242 -0.5090
vn -0.8153 -0.5788 0.0160
vn -0.7366 -0.5290 0.4215
vn -0.5739 -0.4843 0.6604
vn -0.4702 -0.3270 0.8197
vn 0.0240 0.9228 0.3845
vn 0.2196 0.7783 0.5882
vn 0.3166 0.6948 0.6458
vn 0.4125 0.6530 0.6351
vn 0.6939 0.5813 0.4249
vn 0.8753 0.3147 0.3672
vn 0.8365 -0.0073 0.5479
vn -0.2238 0.7706 0.5968
vn -0.0805 0.8619 0.5007
vn -0.4454 0.5681 0.6920
vn -0.2316 -0.6762 0.6994
vn -0.1623 -0.6740 0.7207
vn 0.3532 -0.3878 0.8514
vn 0.7210 0.1279 0.6810
vn 0.5858 -0.0479 0.8090
vn -0.6144 0.3274 0.7178
vn -0.4289 -0.6321 0.6454
vn -0.5975 -0.2150 0.7725
vn -0.5308 0.0469 0.8462
vn -0.2513 -0.4204 0.8719
vn -0.2621 -0.7035 0.6606
vn -0.0632 -0.8378 0.5424
vn -0.3039 -0.8178 0.4888
vn -0.3159 -0.9248 0.2121
vn -0.4253 -0.9025 -0.0679
vn -0.3394 -0.8400 -0.4234
vn 0.0371 -0.4159 -0.9087
vn -0.7353 -0.6746 -0.0655
vn -0.5527 -0.8019 0.2268
vn -0.1022 -0.7175 -0.6890
vn 0.4237 -0.5293 -0.7351
vn -0.6585 0.1543 0.7366
vn -0.9528 -0.2190 -0.2102
vn -0.6221 -0.5671 -0.5398
vn -0.5997 -0.7578 -0.2571
vn 0.7573 0.1173 -0.6424
vn 0.9789 0.0063 -0.2044
vn 0.9206 -0.3679 -0.1310
vn 0.7737 -0.6253 0.1020
vn 0.9503 -0.0896 -0.2980
vn 0.8438 0.3419 -0.4137
vn 0.3293 0.8555 -0.3996
vn -0.0007 0.9322 -0.3619
vn 0.3006 0.8671 -0.3973
vn -0.6243 0.7812 0.0004
vn -0.8201 0.3962 0.4129
vn -0.6802 -0.1562 0.7162
vn 0.7575 -0.6369 0.1436
vn 0.5067 -0.7030 0.4991
vn -0.2134 -0.5709 0.7928
vn 0.9395 -0.1905 0.2848
vn 0.9490 -0.3076 0.0688
vn 0.8670 -0.4800 -0.1340
vn 0.9699 -0.2434 -0.0008
vn 0.9925 -0.0373 0.1161
vn 0.0571 0.7650 0.6415
vn -0.5571 0.7631 0.3276
vn -0.9222 0.3677 -0.1200
vn -0.9497 0.1057 -0.2949
vn 0.3564 0.5981 0.7178
vn 0.9869 0.1611 0.0028
vn 0.6825 0.3877 0.6196
vn 0.9118 0.0232 0.4100
vn -0.9175 0.2310 -0.3237
vn -0.8350 0.3356 -0.4360
vn -0.8277 0.3861 -0.4073
vn 0.6859 0.6574 -0.3120
vn -0.8719 0.3134 0.3763
vn -0.8306 0.2904 0.4751
vn -0.0566 0.9035 -0.4249
vn -0.5173 0.1697 0.8388
vn -0.8244 0.5118 0.2418
vn -0.6582 0.6156 0.4335
vn -0.6515 0.6944 0.3056
vn -0.6867 0.7052 0.1762
vn -0.1307 0.8950 0.4264
vn -0.4231 0.2225 0.8783
vn 0.3969 0.3753 0.8376
vn 0.4109 0.6305 0.6585
vn -0.7664 0.1990 0.6108
vn -0.7448 0.2474 0.6197
vn -0.1007 0.0025 0.9949
vn -0.2092 0.0170 0.9777
vn -0.9101 0.1802 0.3731
vn -0.9785 0.1788 0.1030
vn -0.9308 0.1897 0.3125
vn -0.9364 0.2658 0.2290
vn -0.8570 0.3699 -0.3587
vn -0.8781 0.1444 -0.4561
vn -0.9862 -0.1522 -0.0659
vn -0.8545 -0.3716 0.3630
vn -0.5137 -0.4453 0.7334
vn 0.1324 -0.6915 0.7101
vn 0.1970 -0.7170 0.6686
vn 0.5070 -0.6733 0.5382
vn 0.7441 -0.5886 0.3160
vn 0.9065 -0.4221 -0.0086
vn 0.9334 -0.2355 -0.2707
vn 0.9300 -0.2342 -0.2832
vn 0.8098 -0.1062 -0.5770
vn 0.5889 -0.1875 -0.7861
vn 0.8825 -0.4250 -0.2013
vn 0.9440 -0.2230 -0.2431
vn -0.1486 -0.9421 -0.3007
vn -0.4643 -0.7473 -0.4754
vn -0.6535 -0.6987 -0.2911
vn -0.6897 -0.7086 0.1491
vn -0.5472 -0.6681 0.5041
vn -0.4023 -0.5915 0.6987
vn 0.1728 0.7478 0.6411
vn 0.2695 0.7442 0.6112
vn 0.4073 0.6673 0.6236
vn 0.5721 0.5288 0.6270
vn 0.7722 0.2247 0.5943
vn -0.0172 0.6810 0.7321
vn -0.2577 0.4600 0.8497
vn -0.2506 -0.5898 0.7677
vn -0.0555 -0.2737 0.9602
vn 0.3370 -0.0874 0.9374
vn 0.4627 -0.1471 0.8742
vn 0.5420 0.5077 0.6697
vn 0.3815 0.3533 0.8542
vn -0.4282 0.2170 0.8773
vn -0.4197 -0.4002 0.8147
vn -0.3666 -0.0491 0.9291
vn -0.5451 -0.8104 0.2147
vn -0.5418 -0.8191 -0.1888
vn -0.2303 -0.7170 -0.6579
vn 0.2456 -0.6596 -0.7103
vn -0.0589 -0.8136 0.5784
vn 0.0949 -0.7533 0.6508
vn -0.8222 -0.5647 0.0715
vn -0.7803 -0.6120 0.1286
vn -0.3277 -0.8503 0.4118
vn -0.0377 -0.9857 -0.1642
vn 0.7451 -0.6652 -0.0476
vn -0.7291 -0.4428 0.5218
vn -0.5499 -0.7855 -0.2839
vn -0.2297 -0.5573 -0.7979
vn 0.9648 0.0021 -0.2631
vn 0.9541 -0.1504 0.2589
vn 0.9239 -0.3635 -0.1192
vn 0.9505 -0.0293 -0.3093
vn 0.8258 0.3870 -0.4102
vn 0.0353 0.9214 -0.3870
vn 0.7843 0.4744 -0.3998
vn -0.6133 0.7859 0.0787
vn -0.7408 0.3822 0.5524
vn -0.6123 -0.0179 0.7904
vn 0.9290 -0.3594 -0.0877
vn 0.4873 -0.6273 0.6075
vn -0.1832 -0.3233 0.9284
vn 0.9851 -0.1686 -0.0351
vn 0.8739 -0.4723 -0.1145
vn 0.9495 -0.2930 -0.1120
vn 0.8198 -0.5612 -0.1139
vn 0.8008 -0.5594 -0.2138
vn 0.9522 -0.3015 -0.0488
vn 0.5764 -0.3828 0.7220
vn -0.1215 0.7791 0.6151
vn -0.6778 0.7201 0.1485
vn -0.8949 0.3405 -0.2886
vn -0.9272 0.1380 -0.3482
vn 0.5700 0.3936 0.7212
vn 0.2690 0.5734 0.7739
vn 0.9843 0.1595 0.0754
vn 0.9712 -0.1824 0.1534
vn 0.8634 -0.0124 0.5043
vn -0.8960 0.1931 -0.3998
vn -0.9349 0.0870 -0.3440
vn -0.9444 0.2826 0.1680
vn -0.9186 0.3138 0.2400
vn 0.7205 0.6383 -0.2711
vn -0.0947 -0.1260 0.9875
vn -0.0497 -0.0460 0.9977
vn -0.3324 0.9411 -0.0625
vn -0.4888 0.6179 0.6159
vn -0.1292 0.2328 0.9639
vn -0.3802 0.7189 0.5819
vn -0.3986 0.4212 0.8147
vn 0.0518 0.5009 0.8640
vn 0.2517 -0.2181 0.9429
vn 0.3320 -0.2939 0.8963
vn -0.0217 -0.1972 0.9801
vn 0.1144 0.1387 0.9837
vn 0.1243 0.3138 0.9413
vn 0.0280 0.1971 0.9800
vn 0.0460 -0.0393 0.9982
vn 0.0699 0.0083 0.9975
vn 0.2619 -0.1160 0.9581
vn 0.2964 -0.0864 0.9512
vn -0.2166 0.0772 0.9732
vn -0.8965 0.1821 0.4039
vn -0.9781 0.1696 0.1205
vn -0.9843 0.1635 0.0667
vn -0.9539 0.2908 0.0744
vn -0.9151 0.2848 -0.2853
vn -0.9653 -0.0053 -0.2611
vn -0.9711 -0.2362 0.0341
vn -0.6789 -0.4961 0.5413
vn 0.4069 -0.7118 0.5726
vn 0.6959 -0.6232 0.3569
vn 0.8865 -0.4611 0.0379
vn 0.8278 -0.1857 -0.5295
vn 0.7989 -0.1512 -0.5822
vn 0.7802 -0.1400 -0.6097
vn 0.6185 -0.0250 -0.7854
vn 0.9204 -0.3546 -0.1644
vn 0.9340 -0.2056 0.2923
vn 0.8686 -0.2069 0.4502
vn 0.0754 0.6269 0.7754
vn 0.2366 0.4918 0.8379
vn -0.1303 0.3139 0.9405
vn -0.2182 -0.1731 0.9604
vn -0.0005 0.0919 0.9958
vn 0.0665 0.1254 0.9899
vn -0.2306 0.1504 0.9614
vn 0.5329 -0.8384 0.1147
vn 0.1022 -0.8424 0.5291
vn 0.2717 -0.7588 0.5919
vn -0.0288 -0.9893 0.1431
vn -0.0628 -0.9958 0.0671
vn -0.8205 -0.5676 0.0680
vn -0.5573 -0.8043 0.2062
vn -0.0424 -0.9059 0.4214
vn 0.7789 -0.6057 0.1625
vn 0.9576 -0.1753 0.2287
vn 0.9874 -0.1210 -0.1016
vn 0.9504 0.0261 -0.3100
vn 0.7115 0.5318 -0.4593
vn 0.7251 0.5388 -0.4289
vn 0.0656 0.9543 -0.2915
vn -0.5435 0.8004 0.2529
vn -0.0907 0.2184 0.9716
vn 0.9356 -0.3520 0.0260
vn 0.9472 0.0712 -0.3125
vn 0.4547 -0.3713 0.8095
vn 0.9354 -0.2938 0.1969
vn 0.9444 -0.2891 -0.1566
vn 0.8794 -0.4340 -0.1958
vn 0.8450 -0.5216 0.1181
vn 0.8957 -0.4441 -0.0238
vn 0.6498 -0.1813 0.7381
vn -0.0926 -0.1672 0.9816
vn -0.3311 0.8434 0.4231
vn -0.7616 0.6361 -0.1235
vn -0.8627 0.4570 0.2165
vn -0.9377 0.2603 0.2300
vn -0.9370 0.0700 -0.3423
vn 0.4889 0.3962 0.7772
vn 0.2026 0.6272 0.7520
vn 0.9661 0.0510 0.2531
vn 0.8782 -0.1859 0.4407
vn 0.8280 -0.2527 0.5005
vn 0.7983 -0.0019 0.6023
vn -0.9722 0.1151 0.2041
vn -0.4361 0.0712 0.8971
vn -0.3898 -0.0423 0.9199
vn 0.7348 0.6769 0.0431
vn 0.1831 -0.1931 0.9640
vn 0.2254 -0.0950 0.9696
vn -0.3036 0.0314 0.9523
vn 0.1415 0.4417 0.8859
vn 0.0987 0.2391 0.9660
vn 0.2650 -0.0576 0.9625
vn -0.0638 0.1849 0.9807
vn 0.0868 0.0375 0.9955
vn 0.4607 -0.1492 0.8749
vn 0.5671 -0.2663 0.7794
vn 0.4522 -0.3787 0.8075
vn 0.1058 0.0778 0.9913
vn 0.0086 -0.0792 0.9968
vn 0.0270 0.0985 0.9948
vn -0.0251 -0.0178 0.9995
vn -0.0821 0.0160 0.9965
vn 0.2278 -0.0320 0.9732
vn 0.2256 -0.0716 0.9716
vn 0.1528 0.0066 0.9882
vn 0.2594 -0.0427 0.9648
vn 0.2776 -0.0167 0.9606
vn -0.2006 0.1026 0.9743
vn -0.7465 0.1255 0.6534
vn -0.7253 0.0499 0.6866
vn -0.9849 0.1729 0.0008
vn -0.9753 0.1980 -0.0982
vn -0.9607 0.0780 -0.2666
vn -0.9768 -0.1293 -0.1705
vn -0.9276 -0.3619 0.0921
vn -0.8407 -0.4413 0.3139
vn -0.5490 -0.5976 0.5844
vn 0.6333 -0.6605 0.4034
vn 0.8414 -0.5243 0.1312
vn 0.8981 -0.1983 -0.3925
vn 0.5992 -0.1572 -0.7850
vn 0.5531 -0.0994 -0.8271
vn 0.8152 -0.1162 -0.5675
vn 0.5853 -0.0385 -0.8099
vn 0.9556 -0.2774 -0.0997
vn 0.7652 -0.2302 0.6013
vn 0.9964 -0.0633 -0.0556
vn 0.9960 -0.0364 0.0816
vn -0.0410 0.1793 0.9829
vn -0.0981 0.1500 0.9838
vn 0.0629 -0.9582 0.2789
vn 0.6054 -0.7491 0.2691
vn 0.5335 -0.7276 0.4312
vn 0.3820 -0.8443 0.3758
vn -0.0030 -0.9873 -0.1587
vn -0.8078 -0.5870 -0.0532
vn -0.6758 -0.7364 0.0310
vn -0.1882 -0.9541 0.2331
vn 0.8152 -0.5791 0.0106
vn 0.9858 -0.1122 -0.1248
vn 0.9312 -0.1674 -0.3238
vn 0.9495 -0.2380 -0.2046
vn 0.7731 0.5080 -0.3799
vn 0.9560 0.0885 -0.2795
vn 0.3013 0.9531 0.0303
vn 0.1526 0.7128 0.6846
vn 0.8610 -0.0065 0.5086
vn 0.9896 0.0678 -0.1268
vn 0.8784 -0.3976 0.2651
vn 0.8875 -0.2802 0.3658
vn 0.4719 -0.2524 0.8448
vn -0.0043 0.0933 0.9956
vn -0.1068 -0.0606 0.9924
vn -0.4856 0.8684 0.1001
vn -0.8138 0.5106 -0.2774
vn -0.1352 0.1666 0.9767
vn -0.2959 0.1145 0.9483
vn -0.9640 0.0888 0.2506
vn 0.4893 0.4398 0.7531
vn 0.1666 0.8411 0.5145
vn 0.7866 -0.2030 0.5831
vn 0.7163 -0.2857 0.6366
vn 0.7503 -0.1941 0.6319
vn 0.7942 0.1441 0.5904
vn -0.5321 0.0761 0.8432
vn -0.0150 0.0343 0.9993
vn 0.0351 -0.1865 0.9818
vn 0.6208 0.7137 0.3243
vn 0.1347 -0.1019 0.9856
vn 0.1849 -0.0709 0.9802
vn 0.1170 -0.1082 0.9872
vn 0.2925 0.1241 0.9482
vn 0.3346 0.0539 0.9408
vn -0.0310 -0.0345 0.9989
vn 0.0834 -0.0721 0.9939
vn 0.0785 -0.1387 0.9872
vn 0.1337 0.0463 0.9899
vn 0.0824 0.0435 0.9957
vn 0.6396 -0.0066 0.7687
vn 0.5094 0.0464 0.8593
vn -0.0060 0.0065 1.0000
vn -0.0658 -0.0373 0.9971
vn -0.0145 -0.1117 0.9936
vn 0.1415 -0.0698 0.9875
vn 0.0909 -0.0466 0.9948
vn 0.0259 0.0612 0.9978
vn -0.0201 0.0229 0.9995
vn 0.2753 -0.0663 0.9591
vn 0.2130 0.0260 0.9767
vn 0.1331 0.0057 0.9911
vn 0.1373 -0.0281 0.9901
vn -0.6942 0.1145 0.7106
vn -0.9918 0.1280 -0.0006
vn -0.9805 0.0501 -0.1900
vn -0.9586 -0.0713 -0.2757
vn -0.9486 -0.2837 -0.1404
vn -0.8107 -0.5713 0.1279
vn -0.6995 -0.5996 0.3889
vn 0.7928 -0.5738 0.2054
vn 0.9334 -0.3278 -0.1462
vn 0.9921 0.0021 -0.1252
vn 0.9824 0.0661 -0.1747
vn 0.9875 -0.1331 -0.0841
vn 0.9833 -0.1766 -0.0442
vn 0.9711 -0.2384 -0.0117
vn 0.6702 -0.2689 0.6917
vn 0.9730 -0.1040 0.2063
vn 0.9646 0.0935 -0.2464
vn 0.9448 0.0523 -0.3235
vn 0.1419 -0.9104 0.3887
vn 0.6453 -0.7616 0.0597
vn 0.7977 -0.5739 -0.1854
vn 0.0203 -0.9831 -0.1819
vn -0.7298 -0.6712 -0.1299
vn -0.6992 -0.7005 -0.1429
vn -0.3155 -0.9484 -0.0333
vn 0.6908 -0.6713 0.2685
vn -0.4809 -0.6998 0.5283
vn -0.3112 -0.8435 0.4378
vn 0.9254 -0.0600 -0.3743
vn 0.8391 -0.3897 0.3795
vn 0.8731 -0.4011 0.2771
vn 0.8769 0.4794 -0.0340
vn 0.9353 0.2610 0.2390
vn 0.3408 -0.0901 0.9358
vn 0.3922 -0.2003 0.8978
vn -0.0255 -0.0419 0.9988
vn -0.0830 0.0639 0.9945
vn 0.5660 0.0028 0.8244
vn -0.6706 0.4868 0.5597
vn -0.4809 0.5853 0.6528
vn -0.0475 0.1229 0.9913
vn 0.1362 0.0531 0.9893
vn 0.1940 -0.0337 0.9804
vn 0.5955 0.6057 0.5277
vn 0.0938 0.8931 0.4400
vn 0.7238 0.0148 0.6898
vn 0.8088 0.3730 0.4547
vn -0.6297 0.1080 0.7693
vn -0.0787 0.0436 0.9959
vn 0.0951 0.0260 0.9951
vn 0.0713 -0.0251 0.9971
vn 0.2210 0.3160 0.9227
vn 0.0013 -0.0742 0.9972
vn -0.0520 -0.1258 0.9907
vn 0.1483 -0.0834 0.9854
vn -0.0498 -0.0975 0.9940
vn 0.0213 0.2436 0.9696
vn 0.1122 -0.0182 0.9935
vn 0.5006 0.0282 -0.8652
vn 0.8117 0.0207 -0.5837
vn 0.0159 -0.0079 0.9998
vn 0.0003 -0.0619 0.9981
vn 0.0000 -0.0944 0.9955
vn 0.0448 -0.0892 0.9950
vn 0.0517 -0.0507 0.9974
vn -0.7046 0.0146 0.7094
vn -0.7599 0.0106 0.6499
vn -0.0527 -0.0287 0.9982
vn 0.2395 -0.0382 0.9701
vn 0.2258 -0.0120 0.9741
vn 0.2227 -0.0062 0.9749
vn 0.1594 -0.0055 0.9872
vn -0.6372 0.1399 0.7579
vn -0.9961 -0.0736 0.0490
vn -0.9661 -0.0978 -0.2388
vn -0.9212 -0.2311 -0.3130
vn -0.8487 -0.5072 -0.1501
vn -0.6126 -0.7773 0.1434
vn -0.4991 -0.7518 0.4308
vn 0.8813 -0.4701 0.0488
vn 0.9822 -0.1652 -0.0890
vn 0.7935 -0.0060 0.6085
vn 0.9233 -0.0322 0.3828
vn 0.6965 -0.0717 0.7139
vn 0.6453 -0.1309 0.7526
vn 0.6271 -0.2242 0.7460
vn 0.9346 -0.1923 0.2991
vn 0.9844 0.0252 -0.1740
vn 0.9994 0.0325 0.0112
vn 0.9958 0.0773 -0.0493
vn -0.2534 -0.8641 0.4349
vn 0.1317 -0.9837 0.1228
vn 0.6162 -0.7548 -0.2249
vn 0.7446 -0.6217 -0.2430
vn 0.1336 -0.9617 0.2395
vn -0.4389 -0.8277 0.3496
vn -0.6780 -0.6928 -0.2457
vn -0.3710 -0.8976 -0.2380
vn 0.1311 -0.9862 -0.1011
vn 0.2224 -0.9613 0.1626
vn 0.7606 -0.6416 0.0989
vn 0.9796 -0.1551 0.1277
vn 0.2714 -0.3022 0.9138
vn 0.0119 -0.1203 0.9927
vn -0.0422 0.1501 0.9878
vn -0.0299 -0.0742 0.9968
vn -0.0712 -0.0296 0.9970
vn -0.0125 -0.0142 0.9998
vn 0.8092 0.0261 -0.5869
vn 0.0094 -0.0527 0.9986
vn 0.0707 0.1317 0.9888
vn 0.1389 0.0356 0.9897
vn 0.2105 -0.0832 0.9741
vn -0.3234 0.0563 0.9446
vn 0.0901 -0.0541 0.9945
vn 0.0208 0.0034 0.9998
vn 0.5959 0.6818 0.4243
vn 0.0381 0.3316 0.9426
vn -0.0902 0.1182 0.9889
vn 0.5927 0.3551 0.7229
vn 0.6019 0.5377 0.5904
vn 0.1530 -0.0699 0.9858
vn 0.0808 -0.0121 0.9967
vn 0.0956 -0.0298 0.9950
vn 0.0835 -0.0301 0.9961
vn 0.0426 -0.0392 0.9983
vn 0.1250 -0.0033 0.9922
vn -0.0676 -0.0944 0.9932
vn -0.0315 -0.0728 0.9969
vn -0.0384 -0.0405 0.9984
vn -0.1915 0.0818 0.9781
vn 0.2827 0.3880 0.8772
vn 0.1917 -0.0399 0.9806
vn -0.0004 -0.0003 -1.0000
vn -0.0006 0.0001 -1.0000
vn 0.3879 -0.0454 0.9206
vn -0.0048 -0.0649 0.9979
vn 0.0491 -0.0620 0.9969
vn -0.6691 -0.0477 0.7416
vn -0.6484 -0.0462 0.7599
vn -0.7209 -0.0086 -0.6930
vn -0.7224 -0.0108 -0.6913
vn -0.8011 -0.0375 0.5973
vn -0.5460 -0.0217 0.8375
vn -0.5740 0.0292 0.8184
vn -0.6044 0.0029 0.7967
vn 0.2128 -0.0220 0.9769
vn 0.1480 0.0464 0.9879
vn -0.5532 -0.0568 0.8311
vn -0.9292 -0.2404 -0.2807
vn -0.8240 -0.4385 -0.3589
vn -0.6661 -0.7274 -0.1647
vn -0.3401 -0.9283 0.1501
vn 0.9595 -0.2485 0.1325
vn 0.9489 -0.2859 0.1340
vn 0.9322 -0.2138 0.2920
vn 0.9059 -0.1919 0.3776
vn 0.8945 -0.1957 0.4020
vn 0.9029 -0.2173 0.3708
vn 0.9913 -0.0871 -0.0987
vn 0.8505 0.0858 0.5190
vn 0.4770 0.0056 0.8789
vn 0.4429 -0.0716 0.8937
vn 0.0822 -0.9721 -0.2199
vn 0.5126 -0.7705 -0.3789
vn 0.5798 -0.8074 0.1091
vn 0.5166 -0.7395 0.4317
vn 0.0370 -0.4219 0.9059
vn -0.5499 -0.8139 0.1876
vn -0.4198 -0.8584 -0.2947
vn 0.0507 -0.9572 -0.2848
vn 0.5126 -0.8507 -0.1159
vn 0.8860 -0.4635 -0.0125
vn 0.7557 -0.6502 -0.0791
vn 0.3529 -0.1389 0.9253
vn -0.2492 -0.0072 0.9684
vn -0.1843 0.0609 0.9810
vn -0.0351 0.1705 0.9847
vn -0.1241 -0.0082 0.9922
vn -0.0087 -0.0302 0.9995
vn 0.6653 -0.0321 0.7459
vn 0.7910 0.0255 -0.6113
vn -0.0001 0.0001 -1.0000
vn 0.0985 -0.1313 0.9864
vn 0.0811 -0.0384 0.9960
vn 0.0356 0.0636 0.9973
vn -0.0676 0.1029 0.9924
vn -0.1201 0.1247 0.9849
vn 0.1979 -0.0856 0.9765
vn -0.0536 -0.1353 0.9894
vn 0.3588 0.2534 0.8984
vn -0.0387 -0.2850 0.9577
vn -0.0358 -0.2195 0.9750
vn 0.2038 0.2217 0.9536
vn 0.0589 -0.0793 0.9951
vn 0.1240 -0.0512 0.9910
vn 0.0692 -0.0540 0.9961
vn 0.0535 -0.0414 0.9977
vn -0.6699 0.0068 0.7424
vn 0.0510 0.0101 0.9986
vn 0.0366 -0.0925 0.9950
vn -0.3089 0.0593 0.9492
vn -0.0905 0.2072 0.9741
vn 0.0000 0.0000 -1.0000
vn -0.0004 0.0001 -1.0000
vn -0.0008 0.0002 -1.0000
vn 0.5791 -0.0791 0.8114
vn -0.0108 -0.0905 0.9958
vn -0.0142 -0.0538 0.9984
vn 0.0617 -0.0694 0.9957
vn -0.7502 0.0015 -0.6612
vn -0.7356 -0.0051 -0.6774
vn 0.0004 0.0002 -1.0000
vn 0.0005 -0.0000 -1.0000
vn -0.7406 -0.0545 -0.6697
vn -0.7829 0.0363 -0.6211
vn -0.7711 0.0062 -0.6367
vn -0.6374 -0.0177 0.7703
vn 0.1969 0.0181 0.9803
vn 0.1413 0.0363 0.9893
vn -0.3903 -0.2348 0.8903
vn -0.9423 -0.2945 0.1589
vn -0.8489 -0.4421 -0.2897
vn -0.6601 -0.6397 -0.3938
vn -0.3998 -0.8986 -0.1809
vn 0.9130 -0.4060 -0.0395
vn 0.9584 -0.2815 -0.0474
vn 0.9161 -0.3929 -0.0797
vn 0.9701 -0.2394 -0.0406
vn 0.9768 -0.2125 -0.0282
vn 0.9857 -0.1638 -0.0392
vn 0.7685 -0.0102 0.6398
vn 0.4805 0.1679 0.8608
vn -0.3076 -0.0264 0.9512
vn -0.2815 -0.0449 0.9585
vn 0.0146 -0.8925 -0.4508
vn 0.4860 -0.8739 0.0113
vn 0.2098 -0.4804 0.8516
vn 0.1479 -0.0364 0.9883
vn -0.1310 -0.3112 0.9413
vn -0.3495 -0.7048 0.6174
vn -0.0386 -0.9637 -0.2642
vn 0.4275 -0.8613 -0.2745
vn 0.6941 -0.6819 -0.2309
vn 0.8371 -0.5239 -0.1574
vn -0.2350 -0.0199 0.9718
vn 0.0196 0.1114 0.9936
vn -0.0238 0.0771 0.9967
vn 0.6528 -0.0046 0.7575
vn 0.7664 0.0130 -0.6422
vn -0.0005 0.0003 -1.0000
vn 0.1546 -0.1084 0.9820
vn 0.0838 -0.1886 0.9785
vn 0.0742 -0.0137 0.9972
vn -0.0133 -0.1175 0.9930
vn 0.0485 -0.0115 0.9988
vn 0.0088 0.1189 0.9929
vn -0.0463 0.0175 0.9988
vn -0.0338 -0.1409 0.9895
vn 0.0789 -0.3273 0.9416
vn -0.0956 -0.0972 0.9907
vn -0.1011 -0.1316 0.9861
vn 0.0794 -0.0865 0.9931
vn 0.0938 0.0004 0.9956
vn 0.0845 -0.0631 0.9944
vn -0.2545 -0.0163 0.9669
vn -0.5908 -0.0351 0.8061
vn -0.7630 0.0299 -0.6457
vn -0.3237 -0.0358 0.9455
vn 0.0539 -0.0188 0.9984
vn -0.0271 0.0027 0.9996
vn -0.0488 -0.0067 0.9988
vn -0.2433 0.0802 0.9666
vn -0.0003 -0.0000 -1.0000
vn -0.0007 -0.0001 -1.0000
vn 0.4773 -0.0295 -0.8783
vn 0.8490 -0.0666 -0.5241
vn 0.6261 -0.0697 0.7766
vn -0.0103 -0.0227 0.9997
vn 0.1332 0.5672 0.8127
vn -0.0415 0.6073 0.7934
vn -0.0005 -0.0002 -1.0000
vn -0.0002 0.0005 -1.0000
vn 0.0005 0.0001 -1.0000
vn -0.7612 -0.0234 -0.6481
vn -0.0004 -0.0004 -1.0000
vn -0.0006 0.0003 -1.0000
vn -0.7488 -0.0051 -0.6627
vn -0.6492 0.0098 0.7606
vn 0.1837 0.0279 0.9826
vn 0.1565 -0.0360 0.9870
vn 0.1825 -0.0801 0.9799
vn -0.1078 -0.0951 0.9896
vn -0.7381 -0.4015 0.5423
vn -0.6790 -0.6691 -0.3020
vn -0.4131 -0.8046 -0.4266
vn 0.8654 -0.4843 -0.1287
vn 0.6316 -0.3096 0.7108
vn 0.7149 -0.1683 0.6787
vn 0.7237 -0.1525 0.6731
vn 0.7135 -0.1727 0.6790
vn 0.7575 -0.1103 0.6434
vn -0.0831 0.0114 0.9965
vn -0.2411 0.0115 0.9704
vn -0.2293 -0.1087 0.9673
vn -0.2250 -0.0186 0.9742
vn -0.0411 -0.9936 -0.1049
vn -0.0227 0.0040 0.9997
vn 0.0538 0.0509 0.9973
vn 0.0378 -0.7111 0.7020
vn 0.3437 -0.9218 -0.1792
vn 0.8279 -0.5449 -0.1326
vn 0.6859 -0.7178 -0.1195
vn -0.0404 -0.0136 0.9991
vn -0.1228 0.0957 0.9878
vn -0.0571 0.0560 0.9968
vn -0.0303 0.0868 0.9958
vn 0.6843 0.0795 0.7249
vn -0.0012 0.0004 -1.0000
vn 0.7586 0.0196 -0.6513
vn 0.1765 -0.1957 0.9646
vn 0.0121 -0.0756 0.9971
vn 0.1513 -0.1126 0.9820
vn 0.0840 -0.0965 0.9918
vn -0.0937 -0.0979 0.9908
vn 0.0737 0.0054 0.9973
vn 0.1709 0.1305 0.9766
vn 0.0300 0.1082 0.9937
vn -0.0193 0.0358 0.9992
vn 0.0080 -0.1838 0.9829
vn -0.1131 0.7838 0.6107
vn -0.1107 0.7592 0.6414
vn 0.1332 0.0015 0.9911
vn -0.2355 -0.0618 0.9699
vn -0.7474 -0.0405 -0.6631
vn 0.0006 -0.0009 -1.0000
vn -0.2315 -0.2519 0.9397
vn -0.1502 -0.0694 0.9862
vn -0.0057 0.0571 0.9984
vn -0.0175 0.6883 0.7252
vn -0.0107 0.7089 0.7052
vn -0.0003 0.0001 -1.0000
vn -0.0006 0.0002 -1.0000
vn 0.0002 0.0005 -1.0000
vn 0.0012 0.0006 -1.0000
vn 0.8317 -0.0416 -0.5536
vn 0.5605 0.3449 0.7529
vn -0.0407 0.6477 0.7608
vn -0.0287 0.7777 -0.6280
vn 0.1567 0.7864 -0.5975
vn 0.0003 -0.0003 -1.0000
vn -0.0001 0.0002 -1.0000
vn -0.7124 -0.0006 -0.7018
vn -0.6524 0.0208 0.7576
vn 0.1791 -0.0207 0.9836
vn 0.1864 -0.0625 0.9805
vn 0.1784 0.0234 0.9837
vn -0.0426 -0.0200 0.9989
vn -0.5767 -0.5175 0.6321
vn -0.5243 -0.8365 -0.1594
vn 0.5775 -0.3902 0.7171
vn -0.1566 0.0359 0.9870
vn -0.1718 0.0820 0.9817
vn -0.1980 0.0822 0.9768
vn -0.1669 0.0625 0.9840
vn -0.0932 0.0509 0.9943
vn -0.1870 -0.0930 0.9779
vn -0.1324 -0.0192 0.9910
vn -0.1299 -0.1152 0.9848
vn -0.0972 -0.0068 0.9952
vn -0.1327 -0.3747 0.9176
vn -0.0454 -0.0129 0.9989
vn -0.0587 0.1020 0.9930
vn 0.0084 0.1186 0.9929
vn 0.0017 0.1390 0.9903
vn 0.0934 0.1942 0.9765
vn 0.1863 -0.5167 0.8356
vn 0.3617 -0.3940 0.8449
vn 0.5347 -0.3324 0.7769
vn -0.0254 0.0280 0.9993
vn -0.0232 0.0337 0.9992
vn 0.7281 0.0895 0.6796
vn -0.0014 -0.0001 -1.0000
vn 0.7440 0.0351 -0.6673
vn 0.1237 -0.0480 0.9912
vn -0.0132 0.7418 0.6704
vn 0.1120 -0.0096 0.9937
vn 0.0644 -0.0899 0.9939
vn -0.0394 -0.0343 0.9986
vn -0.1342 0.0565 0.9893
vn -0.0810 0.0728 0.9941
vn -0.0851 0.1789 0.9802
vn 0.1897 0.1065 0.9761
vn 0.1075 -0.2428 0.9641
vn 0.1423 -0.3874 0.9109
vn -0.0140 0.7684 0.6398
vn -0.0546 0.7043 -0.7078
vn -0.0541 0.7113 -0.7008
vn -0.1800 -0.0401 0.9829
vn -0.8847 -0.0423 0.4642
vn -0.9059 -0.0430 0.4213
vn -0.6974 -0.0620 -0.7140
vn 0.0025 -0.0012 -1.0000
vn 0.0195 -0.1736 0.9846
vn 0.0198 0.0783 0.9967
vn 0.0064 0.7236 0.6902
vn 0.0173 0.7667 -0.6418
vn -0.0033 0.7757 -0.6311
vn 0.0039 0.0021 -1.0000
vn 0.7068 0.4062 -0.5791
vn -0.0217 0.7759 -0.6304
vn 0.0010 0.0113 -0.9999
vn 0.0017 0.0131 -0.9999
vn -0.0001 -0.0002 -1.0000
vn -0.7149 0.0039 -0.6992
vn -0.6801 -0.0276 0.7326
vn -0.6500 -0.0455 0.7585
vn 0.1781 0.0367 0.9833
vn 0.1690 0.0763 0.9827
vn -0.0057 -0.0466 0.9989
vn -0.1566 0.0473 0.9865
vn -0.2702 0.0639 0.9607
vn -0.2332 0.0346 0.9718
vn -0.2347 0.0941 0.9675
vn -0.1887 0.1522 0.9702
vn -0.1314 0.1232 0.9836
vn -0.1160 -0.1527 0.9814
vn -0.0767 -0.0427 0.9961
vn -0.0431 0.0180 0.9989
vn -0.0882 -0.0861 0.9924
vn -0.0193 -0.0319 0.9993
vn -0.0787 0.0745 0.9941
vn -0.0616 0.0821 0.9947
vn -0.0016 0.0775 0.9970
vn 0.0039 0.1088 0.9941
vn -0.0197 0.1497 0.9885
vn -0.0539 0.2175 0.9746
vn 0.0209 0.2828 0.9589
vn 0.0356 0.2504 0.9675
vn -0.1769 0.1349 0.9749
vn -0.1623 0.1208 0.9793
vn 0.0114 0.0085 0.9999
vn 0.7253 0.0480 0.6867
vn -0.0006 -0.0007 -1.0000
vn 0.7304 0.0346 -0.6821
vn 0.0776 0.7349 0.6737
vn -0.0075 0.7455 -0.6664
vn 0.0580 0.0310 0.9978
vn 0.0461 0.0802 0.9957
vn -0.1104 -0.0369 0.9932
vn -0.0749 0.0213 0.9970
vn 0.0134 0.7444 0.6676
vn -0.0917 0.7487 0.6566
vn -0.7123 0.0195 0.7016
vn -0.7827 0.1079 0.6130
vn -0.1240 0.1028 0.9869
vn 0.0484 0.7552 0.6538
vn -0.0050 0.6984 -0.7157
vn 0.0002 0.0026 -1.0000
vn 0.0005 0.0017 -1.0000
vn -0.8719 -0.0380 0.4882
vn -0.6829 -0.0187 -0.7303
vn 0.0040 -0.0005 -1.0000
vn 0.0394 0.7290 0.6833
vn 0.0297 0.7503 -0.6604
vn -0.0001 0.0069 -1.0000
vn 0.0025 0.0040 -1.0000
vn 0.0014 0.0090 -1.0000
vn 0.4003 0.7373 -0.5441
vn -0.0004 -0.0001 -1.0000
vn -0.7022 -0.0077 -0.7119
vn -0.7287 -0.0001 -0.6849
vn -0.6022 0.0409 0.7973
vn 0.1682 0.0705 0.9832
vn 0.1346 -0.0342 0.9903
vn -0.1748 0.0499 0.9833
vn -0.1445 0.0178 0.9893
vn -0.1327 -0.0172 0.9910
vn -0.0774 0.0857 0.9933
vn -0.0460 0.1730 0.9838
vn -0.0458 0.1315 0.9903
vn -0.1743 -0.0450 0.9837
vn -0.1503 -0.1418 0.9784
vn 0.0410 -0.0333 0.9986
vn 0.0561 0.0061 0.9984
vn 0.0741 -0.0648 0.9951
vn -0.0492 0.0606 0.9969
vn -0.0864 0.1025 0.9910
vn -0.0208 -0.5649 0.8249
vn -0.0075 -0.5693 0.8221
vn -0.0463 0.0830 0.9955
vn -0.0953 0.0675 0.9932
vn -0.0258 0.0414 0.9988
vn 0.0569 0.3021 0.9516
vn -0.0748 0.2429 0.9672
vn -0.1332 0.1251 0.9832
vn -0.1883 0.1356 0.9727
vn -0.1503 0.1207 0.9812
vn -0.1324 0.1277 0.9829
vn 0.7173 -0.0132 0.6966
vn 0.0002 -0.0002 -1.0000
vn 0.7377 0.0015 -0.6752
vn 0.0364 0.7520 -0.6582
vn 0.0002 0.0008 -1.0000
vn 0.0773 0.0978 0.9922
vn -0.0786 -0.0341 0.9963
vn 0.0152 0.7203 0.6934
vn -0.0680 -0.0214 0.9975
vn -0.6515 0.0100 0.7586
vn 0.0434 0.7347 -0.6770
vn -0.0069 0.7235 -0.6902
vn -0.7653 -0.0307 -0.6429
vn -0.7299 0.0020 -0.6835
vn -0.8440 0.0755 0.5311
vn -0.0094 0.6960 -0.7179
vn 0.0725 0.7366 0.6724
vn 0.0002 0.0033 -1.0000
vn -0.6923 -0.0168 -0.7214
vn 0.0047 -0.0001 -1.0000
vn 0.0204 0.7436 -0.6684
vn 0.0013 -0.0001 -1.0000
vn -0.0002 0.0001 -1.0000
vn -0.7667 0.0174 -0.6418
vn -0.6080 0.0398 0.7930
vn -0.0948 -0.0311 0.9950
vn -0.0894 -0.0393 0.9952
vn -0.0953 0.0161 0.9953
vn -0.0807 0.1728 0.9817
vn -0.0841 0.1089 0.9905
vn -0.1321 0.1034 0.9858
vn -0.0438 -0.0609 0.9972
vn -0.1137 -0.0260 0.9932
vn 0.7208 -0.0089 0.6930
vn 0.7176 -0.0068 0.6964
vn 0.2371 -0.0810 0.9681
vn 0.1685 -0.0104 0.9856
vn 0.0176 0.0636 0.9978
vn -0.0467 0.1276 0.9907
vn -0.0173 -0.5367 0.8436
vn 0.0194 -0.8047 -0.5933
vn -0.0061 -0.8232 -0.5677
vn -0.0432 -0.5876 0.8080
vn -0.0709 -0.6214 0.7803
vn -0.0184 -0.6813 0.7318
vn 0.0389 0.0269 0.9989
vn -0.0077 0.2706 0.9627
vn -0.1539 0.2058 0.9664
vn -0.1262 0.1250 0.9841
vn -0.0279 0.0778 0.9966
vn -0.0871 0.0601 0.9944
vn 0.0001 0.0003 -1.0000
vn 0.7427 0.0008 -0.6696
vn -0.0001 0.0007 -1.0000
vn 0.0685 0.6635 0.7450
vn 0.0070 0.0578 0.9983
vn -0.0478 -0.1098 0.9928
vn -0.0005 0.7189 -0.6951
vn -0.6509 -0.0345 0.7584
vn -0.7511 0.0009 -0.6602
vn 0.0005 -0.0003 -1.0000
vn 0.0003 0.0005 -1.0000
vn 0.0031 -0.0002 -1.0000
vn 0.0074 0.0022 -1.0000
vn -0.7052 0.0208 -0.7087
vn -0.0091 0.7209 -0.6930
vn -0.0000 0.0040 -1.0000
vn 0.0055 -0.0005 -1.0000
vn -0.0014 -0.0000 -1.0000
vn -0.7662 0.0031 -0.6426
vn -0.6114 -0.0598 0.7891
vn 0.1651 -0.0777 0.9832
vn -0.0128 -0.0201 0.9997
vn -0.0462 -0.1081 0.9931
vn -0.0948 -0.0694 0.9931
vn -0.1059 0.0184 0.9942
vn -0.0618 0.1320 0.9893
vn -0.0568 0.1401 0.9885
vn -0.1083 0.0535 0.9927
vn 0.6896 -0.0215 0.7239
vn 0.6714 -0.0274 0.7406
vn 0.7512 -0.0053 -0.6600
vn 0.1834 -0.0565 0.9814
vn 0.0095 0.1342 0.9909
vn -0.0068 -0.5105 0.8599
vn 0.0352 -0.8207 -0.5703
vn 0.0005 0.0037 -1.0000
vn 0.0002 0.0030 -1.0000
vn -0.0174 -0.8064 -0.5911
vn -0.0225 -0.8031 -0.5954
vn 0.0006 -0.7796 -0.6263
vn 0.0165 -0.7200 0.6938
vn 0.0288 0.0027 0.9996
vn -0.0846 0.2024 0.9756
vn -0.0969 0.1260 0.9873
vn 0.0021 0.0974 0.9952
vn 0.0601 0.0212 0.9980
vn -0.0002 0.0000 -1.0000
vn 0.0352 0.6647 0.7463
vn 0.0158 0.7531 -0.6577
vn -0.0024 -0.0036 1.0000
vn -0.6756 -0.1490 0.7220
vn -0.0002 -0.0006 -1.0000
vn -0.7189 -0.0141 -0.6950
vn 0.0040 -0.0004 -1.0000
vn 0.0051 0.0009 -1.0000
vn -0.0013 0.0028 -1.0000
vn -0.7593 -0.0077 -0.6507
vn -0.5836 -0.0415 0.8110
vn 0.0293 -0.1089 0.9936
vn -0.0502 -0.1768 0.9830
vn -0.0968 0.0263 0.9950
vn -0.0899 -0.1104 0.9898
vn 0.6387 0.1393 0.7568
vn 0.6633 0.0675 0.7453
vn 0.6770 0.0123 0.7359
vn 0.7428 -0.0230 -0.6692
vn 0.7443 -0.0170 -0.6676
vn 0.0001 -0.0004 -1.0000
vn 0.1369 0.0424 0.9897
vn 0.1047 0.1070 0.9887
vn 0.0175 -0.5183 0.8550
vn 0.0219 -0.8309 -0.5560
vn -0.0007 0.0033 -1.0000
vn 0.0001 0.0027 -1.0000
vn 0.0011 0.0017 -1.0000
vn -0.0008 0.0015 -1.0000
vn 0.0023 -0.7433 -0.6689
vn 0.0184 -0.7310 0.6821
vn -0.0236 -0.0663 0.9975
vn 0.0014 0.0875 0.9962
vn 0.0760 0.0942 0.9926
vn 0.0792 -0.0043 0.9969
vn 0.0270 0.6818 0.7310
vn 0.0070 0.7686 -0.6397
vn -0.0015 0.0012 -1.0000
vn -0.6609 0.0468 0.7490
vn -0.7269 -0.0594 -0.6842
vn -0.0015 -0.0012 -1.0000
vn 0.0013 0.0015 -1.0000
vn -0.7644 -0.0006 -0.6448
vn -0.5710 -0.0005 0.8210
vn 0.0042 -0.1620 0.9868
vn -0.0796 -0.1999 0.9766
vn 0.2243 -0.0228 0.9742
vn 0.1563 -0.1385 0.9779
vn 0.7354 0.0621 -0.6748
vn 0.7607 -0.0000 -0.6491
vn 0.7199 -0.0084 -0.6941
vn 0.0009 -0.0002 -1.0000
vn 0.0006 -0.0001 -1.0000
vn 0.0569 -0.6008 0.7974
vn 0.0805 -0.5595 0.8249
vn 0.0214 -0.8120 -0.5833
vn 0.0004 0.0034 -1.0000
vn -0.0005 0.0026 -1.0000
vn -0.0024 -0.7613 -0.6484
vn 0.0085 -0.7455 0.6664
vn -0.0420 -0.1441 0.9887
vn -0.0137 -0.1938 0.9809
vn 0.0415 0.1114 0.9929
vn 0.0700 0.1329 0.9887
vn 0.0281 0.0099 0.9996
vn -0.4679 0.6455 0.6037
vn 0.0153 0.7664 -0.6422
vn -0.0073 0.0045 -1.0000
vn -0.8166 0.0831 -0.5711
vn 0.0034 0.0007 -1.0000
vn -0.7928 -0.0060 -0.6094
vn -0.5320 -0.4949 0.6870
vn -0.1012 -0.1534 0.9830
vn 0.0526 -0.1335 0.9897
vn 0.8239 -0.0843 0.5604
vn 0.8633 -0.0070 0.5047
vn 0.7448 0.0521 -0.6653
vn 0.0014 0.0003 -1.0000
vn 0.0010 0.0002 -1.0000
vn 0.0013 -0.0003 -1.0000
vn -0.0160 -0.8012 -0.5981
vn 0.0302 -0.8016 -0.5970
vn 0.0002 0.0042 -1.0000
vn 0.0003 0.0028 -1.0000
vn 0.0047 -0.7725 -0.6350
vn -0.0131 -0.7637 0.6454
vn -0.0147 -0.1967 0.9804
vn -0.0332 -0.7744 0.6318
vn 0.0236 0.1646 0.9861
vn 0.0129 0.1839 0.9829
vn -0.1143 0.0422 0.9926
vn -0.4506 0.7049 -0.5478
vn -0.0006 0.0067 -1.0000
vn -0.0124 0.0095 -0.9999
vn -0.0004 0.0059 -1.0000
vn 0.0006 0.0056 -1.0000
vn 0.0063 0.0008 -1.0000
vn -0.6285 -0.6187 -0.4713
vn -0.0717 -0.0857 0.9937
vn 0.7491 -0.0328 0.6617
vn 0.7290 -0.0061 -0.6845
vn 0.0002 0.0006 -1.0000
vn -0.0011 0.0034 -1.0000
vn -0.0008 0.0034 -1.0000
vn -0.0081 -0.7726 -0.6349
vn -0.0549 -0.7883 0.6128
vn -0.0333 -0.1801 0.9831
vn -0.0333 -0.7855 -0.6180
vn -0.0095 0.1962 0.9805
vn -0.0954 0.1960 0.9759
vn -0.0984 0.0378 0.9944
vn 0.6849 -0.0208 0.7283
vn 0.7298 0.0148 -0.6835
vn -0.0013 0.0009 -1.0000
vn -0.0005 0.0050 -1.0000
vn -0.0434 -0.7800 -0.6243
vn -0.0702 -0.7983 0.5982
vn -0.0386 -0.1852 0.9819
vn -0.0004 0.0063 -1.0000
vn -0.0528 0.1710 0.9839
vn -0.0188 0.1226 0.9923
vn 0.6600 0.0007 0.7512
vn 0.7455 0.0032 -0.6665
vn -0.0018 -0.0003 -1.0000
vn 0.0014 0.0055 -1.0000
vn -0.0514 -0.7709 -0.6349
vn -0.0672 -0.8155 0.5749
vn -0.0387 -0.2146 0.9759
vn 0.0767 0.0894 0.9930
vn 0.6841 0.0345 0.7285
vn 0.7565 -0.0129 -0.6538
vn -0.0015 -0.0001 -1.0000
vn 0.0016 0.0030 -1.0000
vn -0.0520 -0.7640 -0.6432
vn -0.0533 -0.8311 0.5536
vn 0.0740 -0.2308 0.9702
vn 0.7153 -0.0077 0.6988
vn 0.7769 -0.0007 -0.6296
vn -0.0011 -0.0003 -1.0000
vn -0.0001 0.0020 -1.0000
vn -0.0395 -0.7509 -0.6593
vn 0.0226 -0.8305 0.5566
vn 0.5959 -0.4796 0.6441
vn 0.7926 -0.0517 -0.6075
vn -0.0000 0.0022 -1.0000
vn 0.0307 -0.7820 -0.6226
vn 0.5799 -0.6664 -0.4686
vn 0.0000 0.0020 -1.0000
usemtl Tinkerbell
s 1
f 1//1 2//2 3//3 4//4
f 5//5 6//6 2//2 1//1
f 2//2 7//7 8//8 3//3
f 4//4 3//3 9//9 10//10
f 11//11 4//4 12//12 13//13
f 5//5 1//1 11//11 14//14
f 5//5 15//15 16//16 6//6
f 6//6 16//16 7//7 2//2
f 16//16 17//17 8//8 7//7
f 8//8 18//18 9//9 3//3
f 9//9 19//19 20//20 10//10
f 13//13 12//12 21//21 22//22
f 14//14 11//11 13//13 23//23
f 5//5 14//14 24//24 15//15
f 15//15 25//25 17//17 16//16
f 17//17 26//26 18//18 8//8
f 9//9 18//18 27//27 19//19
f 19//19 28//28 29//29 20//20
f 12//12 10//10 20//20 21//21
f 22//22 21//21 30//30 31//31
f 23//23 13//13 22//22 32//32
f 24//24 14//14 23//23 33//33
f 15//15 24//24 33//33 34//34
f 15//15 34//34 35//35 25//25
f 17//17 25//25 35//35 26//26
f 26//26 36//36 27//27 18//18
f 27//27 37//37 28//28 19//19
f 29//29 28//28 38//38 39//39
f 21//21 20//20 29//29 30//30
f 31//31 30//30 40//40 41//41
f 32//32 22//22 31//31 42//42
f 33//33 23//23 32//32 43//43
f 34//34 33//33 43//43 44//44
f 34//34 44//44 45//45 35//35
f 35//35 46//46 36//36 26//26
f 36//36 47//47 37//37 27//27
f 39//39 38//38 48//48 49//49
f 30//30 29//29 39//39 40//40
f 41//41 40//40 50//50 51//51
f 42//42 31//31 41//41 52//52
f 43//43 32//32 42//42 53//53
f 43//43 53//53 54//54 44//44
f 44//44 54//54 55//55 45//45
f 46//46 56//56 47//47 36//36
f 47//47 57//57 58//58 37//37
f 38//38 59//59 60//60 48//48
f 49//49 48//48 61//61 62//62
f 40//40 39//39 63//63 50//50
f 51//51 50//50 64//64 65//65
f 52//52 41//41 66//66 67//67
f 53//53 42//42 52//52 68//68
f 53//53 68//68 69//69 54//54
f 55//55 54//54 69//69 70//70
f 45//45 55//55 56//56 46//46
f 56//56 71//71 57//57 47//47
f 57//57 72//72 73//73 58//58
f 58//58 73//73 60//60 59//59
f 60//60 74//74 61//61 48//48
f 62//62 61//61 75//75 76//76
f 63//63 49//49 62//62 77//77
f 50//50 63//63 77//77 64//64
f 65//65 64//64 78//78 79//79
f 66//66 51//51 65//65 80//80
f 67//67 66//66 80//80 81//81
f 68//68 52//52 67//67 82//82
f 68//68 82//82 83//83 69//69
f 69//69 83//83 84//84 70//70
f 55//55 70//70 71//71 56//56
f 71//71 85//85 72//72 57//57
f 72//72 86//86 87//87 73//73
f 73//73 87//87 74//74 60//60
f 74//74 88//88 75//75 61//61
f 75//75 89//89 90//90 76//76
f 62//62 76//76 91//91 77//77
f 64//64 77//77 91//91 78//78
f 79//79 78//78 92//92 93//93
f 80//80 65//65 79//79 94//94
f 81//81 80//80 94//94 95//95
f 82//82 67//67 81//81 96//96
f 82//82 96//96 97//97 83//83
f 98//98 84//84 83//83 97//97
f 70//70 84//84 99//99 71//71
f 85//85 100//100 86//86 72//72
f 86//86 101//101 102//102 87//87
f 87//87 102//102 88//88 74//74
f 88//88 103//103 89//89 75//75
f 90//90 89//89 104//104 105//105
f 91//91 76//76 90//90 106//106
f 78//78 91//91 106//106 92//92
f 93//93 92//92 107//107 108//108
f 94//94 79//79 93//93 109//109
f 95//95 94//94 109//109 110//110
f 96//96 81//81 95//95 111//111
f 97//97 96//96 112//112 113//113
f 98//98 114//114 115//115 84//84
f 98//98 97//97 113//113 114//114
f 84//84 115//115 116//116 99//99
f 99//99 116//116 100//100 85//85
f 100//100 117//117 101//101 86//86
f 118//118 119//119 102//102 101//101
f 119//119 103//103 88//88 102//102
f 103//103 120//120 104//104 89//89
f 104//104 121//121 122//122 105//105
f 106//106 90//90 105//105 123//123
f 92//92 106//106 123//123 107//107
f 108//108 107//107 124//124 125//125
f 109//109 93//93 108//108 126//126
f 110//110 109//109 126//126 127//127
f 111//111 95//95 110//110 128//128
f 113//113 112//112 129//129 130//130
f 114//114 131//131 132//132 115//115
f 114//114 113//113 130//130 131//131
f 115//115 132//132 133//133 116//116
f 116//116 133//133 117//117 100//100
f 117//117 134//134 118//118 101//101
f 119//119 135//135 120//120 103//103
f 120//120 136//136 121//121 104//104
f 137//137 123//123 105//105 122//122
f 107//107 123//123 137//137 124//124
f 125//125 124//124 138//138 139//139
f 126//126 108//108 125//125 140//140
f 127//127 126//126 140//140 141//141
f 128//128 110//110 127//127 142//142
f 112//112 111//111 128//128 129//129
f 129//129 143//143 144//144 130//130
f 132//132 131//131 145//145 146//146
f 145//145 131//131 130//130 144//144
f 132//132 146//146 147//147 133//133
f 133//133 147//147 134//134 117//117
f 134//134 148//148 149//149 118//118
f 135//135 150//150 136//136 120//120
f 136//136 151//151 152//152 121//121
f 137//137 122//122 153//153 154//154
f 137//137 154//154 138//138 124//124
f 139//139 138//138 155//155 156//156
f 140//140 125//125 139//139 157//157
f 141//141 140//140 157//157 158//158
f 142//142 127//127 141//141 159//159
f 129//129 128//128 142//142 143//143
f 144//144 143//143 160//160 161//161
f 145//145 162//162 163//163 146//146
f 145//145 144//144 161//161 162//162
f 146//146 163//163 164//164 147//147
f 147//147 164//164 148//148 134//134
f 148//148 165//165 166//166 149//149
f 150//150 167//167 151//151 136//136
f 151//151 168//168 169//169 152//152
f 154//154 153//153 170//170 171//171
f 138//138 154//154 171//171 155//155
f 156//156 155//155 172//172 173//173
f 157//157 139//139 156//156 174//174
f 158//158 157//157 174//174 175//175
f 159//159 141//141 158//158 176//176
f 160//160 143//143 142//142 159//159
f 160//160 177//177 178//178 161//161
f 163//163 162//162 179//179 180//180
f 178//178 179//179 162//162 161//161
f 163//163 180//180 181//181 164//164
f 164//164 181//181 165//165 148//148
f 165//165 182//182 183//183 166//166
f 150//150 149//149 166//166 184//184
f 167//167 185//185 168//168 151//151
f 169//169 168//168 186//186 187//187
f 152//152 169//169 188//188 189//189
f 153//153 189//189 188//188 170//170
f 171//171 170//170 190//190 191//191
f 155//155 171//171 191//191 172//172
f 173//173 172//172 192//192 193//193
f 174//174 156//156 173//173 194//194
f 175//175 174//174 195//195 196//196
f 176//176 158//158 175//175 197//197
f 160//160 159//159 176//176 198//198
f 177//177 199//199 200//200 178//178
f 180//180 179//179 201//201 202//202
f 178//178 200//200 201//201 179//179
f 180//180 202//202 203//203 181//181
f 181//181 203//203 182//182 165//165
f 182//182 204//204 205//205 183//183
f 166//166 183//183 206//206 184//184
f 184//184 206//206 185//185 167//167
f 185//185 207//207 186//186 168//168
f 208//208 209//209 187//187 186//186
f 188//188 169//169 187//187 210//210
f 170//170 188//188 210//210 190//190
f 191//191 190//190 211//211 212//212
f 172//172 191//191 212//212 192//192
f 193//193 192//192 213//213 214//214
f 194//194 173//173 193//193 215//215
f 196//196 195//195 216//216 217//217
f 197//197 175//175 196//196 218//218
f 198//198 176//176 197//197 219//219
f 177//177 198//198 219//219 199//199
f 200//200 199//199 220//220 221//221
f 202//202 201//201 222//222 223//223
f 200//200 221//221 222//222 201//201
f 202//202 223//223 224//224 203//203
f 203//203 225//225 204//204 182//182
f 205//205 204//204 226//226 227//227
f 205//205 228//228 206//206 183//183
f 185//185 206//206 228//228 207//207
f 207//207 229//229 208//208 186//186
f 208//208 230//230 231//231 209//209
f 187//187 209//209 232//232 210//210
f 210//210 232//232 211//211 190//190
f 212//212 211//211 233//233 234//234
f 192//192 212//212 234//234 235//235
f 214//214 213//213 236//236 237//237
f 215//215 193//193 214//214 238//238
f 195//195 194//194 215//215 216//216
f 217//217 216//216 239//239 240//240
f 218//218 196//196 217//217 241//241
f 219//219 197//197 218//218 242//242
f 199//199 219//219 242//242 220//220
f 220//220 243//243 244//244 221//221
f 222//222 245//245 246//246 223//223
f 222//222 221//221 244//244 245//245
f 223//223 247//247 248//248 224//224
f 225//225 249//249 226//226 204//204
f 226//226 250//250 251//251 227//227
f 205//205 227//227 252//252 228//228
f 252//252 229//229 207//207 228//228
f 208//208 229//229 253//253 230//230
f 230//230 254//254 255//255 231//231
f 209//209 231//231 256//256 232//232
f 211//211 232//232 256//256 233//233
f 234//234 233//233 257//257 258//258
f 235//235 234//234 258//258 259//259
f 213//213 235//235 259//259 236//236
f 237//237 236//236 260//260 261//261
f 238//238 214//214 237//237 262//262
f 216//216 215//215 238//238 239//239
f 240//240 239//239 263//263 264//264
f 241//241 217//217 240//240 265//265
f 242//242 218//218 241//241 266//266
f 220//220 242//242 266//266 243//243
f 244//244 243//243 267//267 268//268
f 245//245 269//269 270//270 246//246
f 245//245 244//244 268//268 269//269
f 248//248 247//247 271//271 272//272
f 248//248 249//249 225//225 224//224
f 249//249 273//273 250//250 226//226
f 250//250 274//274 275//275 251//251
f 227//227 251//251 276//276 252//252
f 252//252 276//276 253//253 229//229
f 230//230 253//253 277//277 254//254
f 254//254 278//278 279//279 255//255
f 256//256 231//231 255//255 280//280
f 256//256 280//280 257//257 233//233
f 258//258 257//257 281//281 282//282
f 259//259 258//258 282//282 283//283
f 236//236 259//259 283//283 260//260
f 261//261 260//260 284//284 285//285
f 262//262 237//237 261//261 286//286
f 239//239 238//238 262//262 263//263
f 264//264 263//263 287//287 288//288
f 265//265 240//240 264//264 289//289
f 266//266 241//241 265//265 290//290
f 243//243 266//266 290//290 267//267
f 268//268 267//267 291//291 292//292
f 269//269 293//293 294//294 270//270
f 246//246 270//270 271//271 247//247
f 269//269 268//268 292//292 293//293
f 271//271 295//295 296//296 272//272
f 248//248 272//272 273//273 249//249
f 273//273 297//297 274//274 250//250
f 298//298 299//299 275//275 274//274
f 276//276 251//251 275//275 300//300
f 276//276 300//300 277//277 253//253
f 301//301 278//278 254//254 277//277
f 278//278 302//302 303//303 279//279
f 255//255 279//279 304//304 280//280
f 257//257 280//280 304//304 281//281
f 282//282 281//281 305//305 306//306
f 283//283 282//282 306//306 307//307
f 283//283 307//307 284//284 260//260
f 285//285 284//284 308//308 309//309
f 286//286 261//261 285//285 310//310
f 263//263 262//262 286//286 287//287
f 288//288 287//287 311//311 312//312
f 289//289 264//264 313//313 314//314
f 290//290 265//265 289//289 315//315
f 290//290 315//315 291//291 267//267
f 291//291 316//316 317//317 292//292
f 293//293 318//318 319//319 294//294
f 270//270 294//294 295//295 271//271
f 293//293 292//292 317//317 318//318
f 296//296 295//295 320//320 321//321
f 272//272 296//296 297//297 273//273
f 297//297 322//322 298//298 274//274
f 298//298 323//323 324//324 299//299
f 275//275 299//299 325//325 300//300
f 300//300 325//325 301//301 277//277
f 301//301 326//326 302//302 278//278
f 302//302 327//327 328//328 303//303
f 304//304 279//279 303//303 329//329
f 281//281 304//304 329//329 305//305
f 306//306 305//305 330//330 331//331
f 307//307 306//306 331//331 332//332
f 307//307 332//332 308//308 284//284
f 309//309 308//308 333//333 334//334
f 310//310 285//285 309//309 335//335
f 286//286 310//310 311//311 287//287
f 312//312 311//311 336//336 337//337
f 313//313 288//288 312//312 338//338
f 314//314 313//313 338//338 339//339
f 315//315 289//289 314//314 340//340
f 315//315 340//340 316//316 291//291
f 317//317 316//316 341//341 342//342
f 318//318 343//343 344//344 319//319
f 294//294 319//319 320//320 295//295
f 317//317 342//342 343//343 318//318
f 320//320 345//345 346//346 321//321
f 296//296 321//321 322//322 297//297
f 322//322 347//347 323//323 298//298
f 323//323 348//348 349//349 324//324
f 299//299 324//324 350//350 325//325
f 325//325 351//351 326//326 301//301
f 326//326 352//352 327//327 302//302
f 327//327 353//353 354//354 328//328
f 329//329 303//303 328//328 355//355
f 329//329 355//355 330//330 305//305
f 330//330 356//356 357//357 331//331
f 332//332 331//331 357//357 358//358
f 308//308 332//332 358//358 333//333
f 334//334 333//333 359//359 360//360
f 335//335 309//309 334//334 361//361
f 311//311 310//310 335//335 336//336
f 337//337 336//336 362//362 363//363
f 338//338 312//312 337//337 364//364
f 339//339 338//338 364//364 365//365
f 340//340 314//314 339//339 366//366
f 341//341 316//316 340//340 366//366
f 341//341 367//367 368//368 342//342
f 343//343 369//369 370//370 344//344
f 319//319 344//344 345//345 320//320
f 343//343 342//342 368//368 369//369
f 345//345 371//371 372//372 346//346
f 321//321 346//346 347//347 322//322
f 323//323 347//347 373//373 348//348
f 349//349 348//348 374//374 375//375
f 324//324 349//349 376//376 350//350
f 351//351 377//377 352//352 326//326
f 352//352 378//378 353//353 327//327
f 353//353 379//379 380//380 354//354
f 328//328 354//354 381//381 355//355
f 330//330 355//355 381//381 356//356
f 357//357 356//356 382//382 383//383
f 358//358 357//357 383//383 384//384
f 333//333 358//358 384//384 359//359
f 360//360 359//359 385//385 386//386
f 361//361 334//334 360//360 387//387
f 336//336 335//335 361//361 362//362
f 363//363 362//362 388//388 389//389
f 364//364 337//337 363//363 390//390
f 365//365 364//364 390//390 391//391
f 366//366 339//339 365//365 392//392
f 341//341 366//366 392//392 367//367
f 367//367 393//393 394//394 368//368
f 369//369 395//395 396//396 370//370
f 344//344 397//397 371//371 345//345
f 369//369 368//368 394//394 395//395
f 371//371 398//398 399//399 372//372
f 346//346 372//372 373//373 347//347
f 400//400 374//374 348//348 373//373
f 374//374 401//401 402//402 375//375
f 349//349 375//375 403//403 376//376
f 350//350 376//376 377//377 351//351
f 377//377 404//404 378//378 352//352
f 378//378 405//405 379//379 353//353
f 380//380 379//379 406//406 407//407
f 354//354 380//380 408//408 381//381
f 381//381 408//408 382//382 356//356
f 409//409 383//383 382//382 410//410
f 384//384 383//383 409//409 411//411
f 359//359 384//384 411//411 385//385
f 386//386 385//385 412//412 413//413
f 387//387 360//360 386//386 414//414
f 362//362 361//361 387//387 388//388
f 389//389 388//388 415//415 416//416
f 390//390 363//363 389//389 417//417
f 391//391 390//390 417//417 418//418
f 392//392 365//365 391//391 419//419
f 367//367 392//392 419//419 393//393
f 394//394 393//393 420//420 421//421
f 396//396 395//395 422//422 423//423
f 370//370 396//396 424//424 397//397
f 397//397 424//424 398//398 371//371
f 394//394 421//421 422//422 395//395
f 398//398 425//425 426//426 399//399
f 399//399 400//400 373//373 372//372
f 400//400 427//427 401//401 374//374
f 401//401 428//428 429//429 402//402
f 375//375 402//402 430//430 403//403
f 376//376 403//403 404//404 377//377
f 404//404 431//431 405//405 378//378
f 405//405 432//432 406//406 379//379
f 406//406 433//433 434//434 407//407
f 380//380 407//407 435//435 408//408
f 382//382 408//408 435//435 410//410
f 409//409 410//410 436//436 437//437
f 411//411 409//409 437//437 438//438
f 412//412 385//385 411//411 438//438
f 412//412 439//439 440//440 413//413
f 414//414 386//386 413//413 441//441
f 388//388 387//387 414//414 415//415
f 416//416 415//415 442//442 443//443
f 417//417 389//389 416//416 444//444
f 418//418 417//417 444//444 445//445
f 446//446 391//391 418//418 447//447
f 419//419 446//446 420//420 393//393
f 420//420 448//448 449//449 421//421
f 423//423 422//422 450//450 451//451
f 396//396 423//423 452//452 424//424
f 424//424 452//452 425//425 398//398
f 422//422 421//421 449//449 450//450
f 425//425 453//453 454//454 426//426
f 399//399 426//426 427//427 400//400
f 427//427 455//455 428//428 401//401
f 428//428 456//456 457//457 429//429
f 402//402 429//429 458//458 430//430
f 403//403 430//430 431//431 404//404
f 431//431 459//459 432//432 405//405
f 406//406 432//432 460//460 433//433
f 461//461 462//462 434//434 433//433
f 407//407 434//434 463//463 435//435
f 410//410 435//435 463//463 436//436
f 437//437 436//436 464//464 465//465
f 466//466 438//438 437//437 465//465
f 412//412 438//438 466//466 439//439
f 440//440 439//439 467//467 468//468
f 441//441 413//413 440//440 469//469
f 415//415 414//414 441//441 442//442
f 443//443 442//442 470//470 471//471
f 444//444 416//416 443//443 472//472
f 445//445 444//444 472//472 473//473
f 447//447 418//418 445//445 474//474
f 420//420 446//446 447//447 448//448
f 449//449 448//448 475//475 476//476
f 451//451 450//450 477//477 478//478
f 423//423 451//451 479//479 452//452
f 452//452 479//479 453//453 425//425
f 450//450 449//449 476//476 477//477
f 480//480 481//481 454//454 453//453
f 427//427 426//426 454//454 455//455
f 455//455 482//482 456//456 428//428
f 483//483 484//484 457//457 456//456
f 429//429 457//457 485//485 458//458
f 430//430 458//458 459//459 431//431
f 459//459 486//486 460//460 432//432
f 487//487 461//461 433//433 460//460
f 461//461 488//488 489//489 462//462
f 434//434 462//462 490//490 463//463
f 436//436 463//463 490//490 464//464
f 465//465 464//464 491//491 492//492
f 466//466 465//465 492//492 493//493
f 439//439 466//466 493//493 467//467
f 468//468 467//467 494//494 495//495
f 469//469 440//440 468//468 496//496
f 442//442 441//441 469//469 470//470
f 497//497 471//471 470//470 498//498
f 472//472 443//443 471//471 499//499
f 473//473 472//472 499//499 500//500
f 474//474 445//445 473//473 501//501
f 448//448 447//447 474//474 475//475
f 476//476 475//475 502//502 503//503
f 477//477 504//504 505//505 478//478
f 451//451 478//478 506//506 479//479
f 479//479 506//506 480//480 453//453
f 477//477 476//476 503//503 504//504
f 480//480 507//507 508//508 481//481
f 455//455 454//454 481//481 482//482
f 482//482 509//509 483//483 456//456
f 483//483 510//510 511//511 484//484
f 457//457 484//484 512//512 485//485
f 458//458 485//485 486//486 459//459
f 486//486 513//513 487//487 460//460
f 487//487 514//514 488//488 461//461
f 488//488 515//515 516//516 489//489
f 462//462 489//489 517//517 490//490
f 464//464 490//490 517//517 491//491
f 492//492 491//491 518//518 519//519
f 493//493 492//492 519//519 520//520
f 467//467 493//493 520//520 494//494
f 494//494 521//521 522//522 495//495
f 496//496 468//468 495//495 523//523
f 498//498 470//470 469//469 496//496
f 499//499 471//471 497//497 524//524
f 497//497 498//498 525//525 526//526
f 500//500 499//499 524//524 527//527
f 501//501 473//473 500//500 528//528
f 475//475 474//474 501//501 502//502
f 503//503 502//502 529//529 530//530
f 504//504 531//531 532//532 505//505
f 478//478 505//505 533//533 506//506
f 506//506 533//533 507//507 480//480
f 504//504 503//503 530//530 531//531
f 507//507 534//534 535//535 508//508
f 508//508 509//509 482//482 481//481
f 509//509 536//536 510//510 483//483
f 510//510 537//537 538//538 511//511
f 512//512 484//484 511//511 539//539
f 512//512 513//513 486//486 485//485
f 513//513 540//540 514//514 487//487
f 514//514 541//541 515//515 488//488
f 515//515 542//542 543//543 516//516
f 489//489 516//516 544//544 517//517
f 491//491 517//517 544//544 518//518
f 519//519 518//518 545//545 546//546
f 520//520 519//519 546//546 547//547
f 494//494 520//520 547//547 521//521
f 522//522 521//521 548//548 549//549
f 522//522 550//550 523//523 495//495
f 498//498 496//496 523//523 525//525
f 524//524 497//497 526//526 551//551
f 526//526 525//525 552//552 553//553
f 527//527 524//524 551//551 554//554
f 528//528 500//500 527//527 555//555
f 502//502 501//501 528//528 529//529
f 529//529 556//556 557//557 530//530
f 532//532 531//531 558//558 559//559
f 505//505 532//532 560//560 533//533
f 533//533 560//560 534//534 507//507
f 531//531 530//530 557//557 558//558
f 534//534 561//561 562//562 535//535
f 508//508 535//535 536//536 509//509
f 536//536 563//563 537//537 510//510
f 537//537 564//564 565//565 538//538
f 538//538 566//566 539//539 511//511
f 512//512 539//539 540//540 513//513
f 540//540 567//567 541//541 514//514
f 541//541 568//568 542//542 515//515
f 569//569 570//570 543//543 542//542
f 544//544 543//543 545//545 518//518
f 547//547 546//546 571//571 572//572
f 521//521 547//547 572//572 548//548
f 573//573 550//550 522//522 549//549
f 525//525 523//523 550//550 552//552
f 551//551 526//526 553//553 574//574
f 553//553 552//552 575//575 576//576
f 554//554 551//551 574//574 577//577
f 555//555 527//527 554//554 578//578
f 529//529 528//528 555//555 556//556
f 557//557 556//556 579//579 580//580
f 559//559 558//558 581//581 582//582
f 532//532 559//559 583//583 560//560
f 560//560 583//583 561//561 534//534
f 557//557 580//580 581//581 558//558
f 561//561 584//584 585//585 562//562
f 535//535 562//562 563//563 536//536
f 563//563 586//586 564//564 537//537
f 564//564 587//587 588//588 565//565
f 538//538 565//565 589//589 566//566
f 566//566 567//567 540//540 539//539
f 590//590 568//568 541//541 567//567
f 568//568 591//591 569//569 542//542
f 569//569 592//592 593//593 570//570
f 543//543 570//570 571//571 545//545
f 572//572 571//571 594//594 595//595
f 548//548 572//572 595//595 596//596
f 552//552 550//550 573//573 575//575
f 574//574 553//553 576//576 597//597
f 576//576 575//575 598//598 599//599
f 577//577 574//574 597//597 600//600
f 578//578 554//554 577//577 601//601
f 556//556 555//555 578//578 579//579
f 580//580 579//579 602//602 603//603
f 582//582 581//581 604//604 605//605
f 559//559 582//582 606//606 583//583
f 583//583 606//606 584//584 561//561
f 581//581 580//580 603//603 604//604
f 584//584 607//607 608//608 585//585
f 562//562 585//585 586//586 563//563
f 586//586 609//609 587//587 564//564
f 587//587 610//610 611//611 588//588
f 565//565 588//588 612//612 589//589
f 566//566 589//589 590//590 567//567
f 590//590 613//613 591//591 568//568
f 591//591 614//614 592//592 569//569
f 592//592 615//615 616//616 593//593
f 570//570 593//593 594//594 571//571
f 595//595 594//594 616//616 617//617
f 596//596 595//595 617//617 618//618
f 575//575 573//573 619//619 598//598
f 597//597 576//576 599//599 620//620
f 600//600 597//597 620//620 621//621
f 601//601 577//577 600//600 622//622
f 579//579 578//578 601//601 602//602
f 603//603 602//602 623//623 624//624
f 605//605 604//604 625//625 626//626
f 582//582 605//605 627//627 606//606
f 606//606 627//627 607//607 584//584
f 604//604 603//603 624//624 625//625
f 608//608 607//607 628//628 629//629
f 585//585 608//608 609//609 586//586
f 609//609 630//630 610//610 587//587
f 610//610 631//631 632//632 611//611
f 588//588 611//611 633//633 612//612
f 589//589 612//612 613//613 590//590
f 613//613 634//634 614//614 591//591
f 614//614 635//635 615//615 592//592
f 615//615 636//636 637//637 616//616
f 617//617 616//616 637//637 638//638
f 639//639 618//618 617//617 638//638
f 619//619 596//596 618//618 640//640
f 598//598 619//619 640//640 641//641
f 621//621 620//620 642//642 643//643
f 622//622 600//600 621//621 644//644
f 601//601 622//622 623//623 602//602
f 626//626 625//625 645//645 646//646
f 605//605 626//626 647//647 627//627
f 627//627 647//647 628//628 607//607
f 625//625 624//624 648//648 645//645
f 628//628 649//649 650//650 629//629
f 608//608 629//629 630//630 609//609
f 630//630 651//651 631//631 610//610
f 631//631 652//652 653//653 632//632
f 611//611 632//632 654//654 633//633
f 612//612 633//633 634//634 613//613
f 635//635 655//655 636//636 615//615
f 636//636 656//656 657//657 637//637
f 658//658 640//640 618//618 639//639
f 639//639 638//638 657//657 659//659
f 641//641 640//640 658//658 660//660
f 643//643 642//642 661//661 662//662
f 644//644 621//621 643//643 663//663
f 623//623 622//622 644//644 648//648
f 646//646 645//645 664//664 665//665
f 626//626 646//646 666//666 647//647
f 647//647 666//666 649//649 628//628
f 648//648 667//667 664//664 645//645
f 649//649 668//668 669//669 650//650
f 629//629 650//650 651//651 630//630
f 651//651 670//670 652//652 631//631
f 652//652 671//671 672//672 653//653
f 632//632 653//653 673//673 654//654
f 633//633 654//654 635//635 634//634
f 654//654 673//673 655//655 635//635
f 655//655 674//674 656//656 636//636
f 657//657 656//656 675//675 676//676
f 658//658 639//639 659//659 677//677
f 659//659 657//657 676//676 678//678
f 660//660 658//658 677//677 679//679
f 642//642 641//641 660//660 661//661
f 662//662 661//661 680//680 681//681
f 663//663 643//643 662//662 682//682
f 648//648 644//644 663//663 667//667
f 664//664 683//683 684//684 665//665
f 646//646 665//665 668//668 666//666
f 664//664 667//667 685//685 683//683
f 668//668 686//686 687//687 669//669
f 650//650 669//669 670//670 651//651
f 670//670 688//688 671//671 652//652
f 671//671 689//689 690//690 672//672
f 653//653 672//672 691//691 673//673
f 673//673 691//691 674//674 655//655
f 674//674 692//692 675//675 656//656
f 675//675 693//693 694//694 676//676
f 677//677 659//659 678//678 695//695
f 678//678 676//676 694//694 696//696
f 679//679 677//677 695//695 697//697
f 661//661 660//660 679//679 680//680
f 681//681 680//680 698//698 699//699
f 682//682 662//662 681//681 700//700
f 667//667 663//663 682//682 685//685
f 683//683 701//701 702//702 684//684
f 665//665 684//684 686//686 668//668
f 683//683 685//685 703//703 701//701
f 687//687 686//686 704//704 705//705
f 687//687 688//688 670//670 669//669
f 688//688 706//706 689//689 671//671
f 689//689 707//707 708//708 690//690
f 672//672 690//690 709//709 691//691
f 691//691 709//709 692//692 674//674
f 692//692 710//710 693//693 675//675
f 694//694 693//693 711//711 712//712
f 695//695 678//678 696//696 713//713
f 696//696 694//694 714//714 715//715
f 697//697 695//695 713//713 716//716
f 680//680 679//679 697//697 698//698
f 700//700 681//681 699//699 717//717
f 685//685 682//682 700//700 703//703
f 702//702 701//701 718//718 719//719
f 720//720 684//684 702//702 721//721
f 684//684 722//722 704//704 686//686
f 701//701 703//703 723//723 718//718
f 704//704 724//724 725//725 705//705
f 687//687 705//705 706//706 688//688
f 706//706 726//726 707//707 689//689
f 707//707 727//727 728//728 708//708
f 690//690 708//708 729//729 709//709
f 709//709 729//729 710//710 692//692
f 730//730 711//711 693//693 710//710
f 711//711 731//731 732//732 712//712
f 694//694 712//712 733//733 714//714
f 713//713 696//696 715//715 734//734
f 735//735 715//715 714//714 736//736
f 716//716 713//713 734//734 737//737
f 698//698 697//697 716//716 738//738
f 699//699 739//739 740//740 717//717
f 703//703 700//700 717//717 723//723
f 719//719 718//718 741//741 742//742
f 721//721 702//702 719//719 743//743
f 720//720 744//744 722//722 684//684
f 745//745 720//720 721//721 746//746
f 722//722 747//747 724//724 704//704
f 718//718 723//723 748//748 741//741
f 724//724 749//749 750//750 725//725
f 705//705 725//725 726//726 706//706
f 726//726 751//751 727//727 707//707
f 727//727 752//752 753//753 728//728
f 708//708 728//728 754//754 729//729
f 729//729 754//754 730//730 710//710
f 730//730 755//755 731//731 711//711
f 731//731 756//756 757//757 732//732
f 712//712 732//732 758//758 733//733
f 714//714 733//733 759//759 760//760
f 761//761 734//734 715//715 735//735
f 762//762 735//735 736//736 763//763
f 764//764 737//737 734//734 761//761
f 738//738 716//716 737//737 765//765
f 739//739 698//698 738//738 766//766
f 739//739 766//766 767//767 740//740
f 723//723 717//717 740//740 748//748
f 742//742 741//741 768//768 769//769
f 743//743 719//719 742//742 770//770
f 746//746 721//721 743//743 771//771
f 744//744 772//772 747//747 722//722
f 745//745 773//773 774//774 720//720
f 775//775 745//745 746//746 776//776
f 747//747 777//777 749//749 724//724
f 748//748 778//778 768//768 741//741
f 779//779 780//780 750//750 749//749
f 726//726 725//725 750//750 751//751
f 751//751 781//781 752//752 727//727
f 752//752 782//782 783//783 753//753
f 754//754 728//728 753//753 784//784
f 754//754 784//784 755//755 730//730
f 755//755 785//785 786//786 731//731
f 731//731 786//786 787//787 756//756
f 732//732 757//757 788//788 758//758
f 733//733 788//788 789//789 759//759
f 790//790 760//760 759//759 791//791
f 714//714 760//760 792//792 793//793
f 794//794 761//761 735//735 762//762
f 763//763 736//736 793//793 795//795
f 796//796 762//762 763//763 797//797
f 798//798 765//765 737//737 764//764
f 799//799 764//764 761//761 794//794
f 766//766 738//738 765//765 800//800
f 767//767 766//766 800//800 801//801
f 748//748 740//740 767//767 778//778
f 769//769 768//768 802//802 803//803
f 770//770 742//742 769//769 804//804
f 805//805 771//771 743//743 770//770
f 776//776 746//746 771//771 806//806
f 807//807 808//808 772//772 744//744
f 772//772 809//809 777//777 747//747
f 775//775 810//810 773//773 745//745
f 773//773 807//807 744//744 774//774
f 811//811 812//812 775//775 776//776
f 777//777 813//813 779//779 749//749
f 768//768 778//778 814//814 802//802
f 779//779 815//815 816//816 780//780
f 751//751 750//750 780//780 781//781
f 817//817 782//782 752//752 781//781
f 753//753 783//783 818//818 819//819
f 784//784 819//819 785//785 755//755
f 785//785 820//820 821//821 786//786
f 756//756 787//787 822//822 823//823
f 757//757 824//824 825//825 788//788
f 788//788 825//825 826//826 789//789
f 759//759 789//789 827//827 828//828
f 791//791 759//759 828//828 829//829
f 830//830 790//790 791//791 831//831
f 795//795 793//793 792//792 832//832
f 833//833 794//794 762//762 796//796
f 797//797 763//763 795//795 834//834
f 835//835 796//796 797//797 836//836
f 837//837 838//838 765//765 798//798
f 839//839 798//798 764//764 799//799
f 840//840 799//799 794//794 833//833
f 838//838 841//841 800//800 765//765
f 778//778 767//767 801//801 814//814
f 803//803 802//802 842//842 843//843
f 804//804 769//769 803//803 844//844
f 805//805 770//770 804//804 845//845
f 806//806 771//771 805//805 846//846
f 811//811 776//776 806//806 847//847
f 848//848 849//849 808//808 807//807
f 808//808 850//850 809//809 772//772
f 809//809 851//851 813//813 777//777
f 810//810 848//848 807//807 773//773
f 779//779 813//813 852//852 815//815
f 802//802 814//814 853//853 842//842
f 854//854 855//855 816//816 815//815
f 780//780 816//816 817//817 781//781
f 817//817 856//856 857//857 782//782
f 783//783 857//857 858//858 818//818
f 818//818 859//859 860//860 819//819
f 819//819 860//860 820//820 785//785
f 820//820 861//861 862//862 821//821
f 787//787 863//863 864//864 822//822
f 757//757 823//823 822//822 824//824
f 824//824 865//865 866//866 825//825
f 825//825 866//866 867//867 826//826
f 789//789 826//826 868//868 827//827
f 828//828 827//827 869//869 870//870
f 829//829 828//828 870//870 871//871
f 872//872 831//831 791//791 829//829
f 873//873 874//874 790//790 830//830
f 874//874 832//832 792//792 790//790
f 875//875 834//834 795//795 832//832
f 876//876 833//833 796//796 835//835
f 877//877 835//835 836//836 878//878
f 879//879 880//880 838//838 837//837
f 837//837 798//798 839//839 881//881
f 882//882 839//839 799//799 840//840
f 883//883 840//840 833//833 876//876
f 884//884 841//841 838//838 880//880
f 814//814 801//801 885//885 853//853
f 843//843 842//842 886//886 887//887
f 844//844 803//803 888//888 889//889
f 890//890 845//845 804//804 844//844
f 846//846 805//805 891//891 892//892
f 847//847 806//806 846//846 893//893
f 894//894 895//895 849//849 848//848
f 849//849 896//896 850//850 808//808
f 850//850 897//897 851//851 809//809
f 851//851 898//898 852//852 813//813
f 812//812 894//894 848//848 810//810
f 852//852 899//899 854//854 815//815
f 842//842 853//853 900//900 886//886
f 854//854 901//901 902//902 855//855
f 855//855 856//856 817//817 816//816
f 856//856 903//903 904//904 857//857
f 857//857 904//904 905//905 858//858
f 818//818 858//858 906//906 859//859
f 860//860 859//859 907//907 908//908
f 860//860 908//908 861//861 820//820
f 861//861 909//909 910//910 862//862
f 821//821 862//862 863//863 787//787
f 863//863 911//911 912//912 864//864
f 824//824 822//822 864//864 913//913
f 914//914 865//865 824//824 915//915
f 865//865 916//916 917//917 866//866
f 866//866 917//917 918//918 867//867
f 826//826 867//867 919//919 868//868
f 827//827 868//868 920//920 869//869
f 870//870 869//869 921//921 922//922
f 871//871 870//870 922//922 923//923
f 872//872 829//829 871//871 924//924
f 925//925 926//926 874//874 873//873
f 927//927 873//873 830//830 928//928
f 926//926 875//875 832//832 874//874
f 876//876 835//835 877//877 929//929
f 878//878 836//836 930//930 931//931
f 932//932 877//877 878//878 933//933
f 934//934 935//935 880//880 879//879
f 879//879 837//837 881//881 936//936
f 937//937 881//881 839//839 882//882
f 938//938 882//882 840//840 883//883
f 939//939 883//883 876//876 929//929
f 884//884 940//940 941//941 841//841
f 935//935 942//942 884//884 880//880
f 885//885 941//941 900//900 853//853
f 943//943 887//887 886//886 944//944
f 888//888 843//843 887//887 945//945
f 888//888 945//945 946//946 889//889
f 890//890 844//844 889//889 947//947
f 948//948 891//891 845//845 890//890
f 892//892 891//891 948//948 949//949
f 893//893 846//846 892//892 950//950
f 951//951 847//847 893//893 952//952
f 953//953 954//954 895//895 894//894
f 895//895 955//955 896//896 849//849
f 896//896 956//956 897//897 850//850
f 897//897 957//957 898//898 851//851
f 898//898 958//958 899//899 852//852
f 959//959 953//953 894//894 812//812
f 854//854 899//899 960//960 901//901
f 902//902 901//901 961//961 962//962
f 855//855 902//902 903//903 856//856
f 903//903 963//963 964//964 904//904
f 904//904 964//964 965//965 905//905
f 906//906 858//858 905//905 966//966
f 859//859 906//906 967//967 907//907
f 907//907 968//968 969//969 908//908
f 908//908 969//969 909//909 861//861
f 909//909 970//970 971//971 910//910
f 910//910 971//971 911//911 863//863
f 911//911 972//972 973//973 912//912
f 864//864 912//912 974//974 913//913
f 824//824 913//913 975//975 915//915
f 976//976 977//977 865//865 914//914
f 977//977 978//978 916//916 865//865
f 917//917 979//979 980//980 918//918
f 868//868 919//919 981//981 920//920
f 869//869 920//920 982//982 921//921
f 922//922 921//921 983//983 984//984
f 923//923 922//922 984//984 985//985
f 924//924 871//871 923//923 986//986
f 987//987 988//988 926//926 925//925
f 989//989 925//925 873//873 927//927
f 990//990 927//927 928//928 991//991
f 930//930 875//875 926//926 988//988
f 992//992 929//929 877//877 932//932
f 931//931 930//930 988//988 993//993
f 933//933 878//878 931//931 994//994
f 995//995 932//932 933//933 996//996
f 997//997 998//998 935//935 934//934
f 934//934 879//879 936//936 999//999
f 1000//1000 936//936 881//881 937//937
f 1001//1001 937//937 882//882 938//938
f 1002//1002 938//938 883//883 939//939
f 1003//1003 939//939 929//929 992//992
f 942//942 1004//1004 940//940 884//884
f 998//998 1005//1005 942//942 935//935
f 1006//1006 1007//1007 887//887 943//943
f 943//943 944//944 1004//1004 1008//1008
f 947//947 889//889 946//946 1009//1009
f 948//948 890//890 947//947 1010//1010
f 949//949 948//948 1010//1010 1011//1011
f 950//950 892//892 949//949 1012//1012
f 952//952 893//893 950//950 1013//1013
f 1014//1014 951//951 952//952 1015//1015
f 1016//1016 1017//1017 954//954 953//953
f 954//954 1018//1018 955//955 895//895
f 955//955 1019//1019 956//956 896//896
f 956//956 1020//1020 957//957 897//897
f 957//957 1021//1021 958//958 898//898
f 958//958 1022//1022 960//960 899//899
f 1016//1016 953//953 959//959 1014//1014
f 960//960 1023//1023 961//961 901//901
f 961//961 1024//1024 1025//1025 962//962
f 902//902 962//962 963//963 903//903
f 963//963 1026//1026 1027//1027 964//964
f 964//964 1027//1027 1028//1028 965//965
f 966//966 905//905 965//965 1029//1029
f 906//906 966//966 1030//1030 967//967
f 907//907 967//967 1031//1031 968//968
f 969//969 968//968 1032//1032 1033//1033
f 969//969 1033//1033 970//970 909//909
f 970//970 1034//1034 1035//1035 971//971
f 971//971 1035//1035 972//972 911//911
f 972//972 1036//1036 1037//1037 973//973
f 912//912 973//973 1038//1038 974//974
f 915//915 975//975 1039//1039 1040//1040
f 1041//1041 1042//1042 977//977 976//976
f 1043//1043 976//976 914//914 1044//1044
f 1042//1042 1045//1045 978//978 977//977
f 978//978 1046//1046 1047//1047 916//916
f 980//980 979//979 1048//1048 1049//1049
f 918//918 980//980 1050//1050 919//919
f 919//919 1050//1050 1051//1051 981//981
f 920//920 981//981 1052//1052 982//982
f 921//921 982//982 1053//1053 1054//1054
f 921//921 1054//1054 1055//1055 983//983
f 984//984 983//983 1056//1056 1057//1057
f 985//985 984//984 1057//1057 1058//1058
f 986//986 923//923 985//985 1059//1059
f 1060//1060 924//924 986//986 1061//1061
f 1062//1062 993//993 988//988 987//987
f 989//989 1063//1063 987//987 925//925
f 1064//1064 989//989 927//927 990//990
f 991//991 928//928 1065//1065 1066//1066
f 1067//1067 990//990 991//991 1068//1068
f 992//992 932//932 995//995 1069//1069
f 994//994 931//931 993//993 1070//1070
f 996//996 933//933 994//994 1071//1071
f 1072//1072 995//995 996//996 1073//1073
f 1074//1074 1075//1075 998//998 997//997
f 1076//1076 997//997 934//934 999//999
f 1077//1077 999//999 936//936 1000//1000
f 1078//1078 1000//1000 937//937 1001//1001
f 1079//1079 1001//1001 938//938 1002//1002
f 1080//1080 1003//1003 992//992 1069//1069
f 1005//1005 1008//1008 1004//1004 942//942
f 1004//1004 944//944 900//900 940//940
f 1075//1075 1081//1081 1005//1005 998//998
f 1082//1082 1083//1083 1007//1007 1006//1006
f 1084//1084 1006//1006 943//943 1008//1008
f 1010//1010 947//947 1009//1009 1085//1085
f 1011//1011 1010//1010 1085//1085 1086//1086
f 1012//1012 949//949 1011//1011 1087//1087
f 1013//1013 950//950 1012//1012 1088//1088
f 1015//1015 952//952 1013//1013 1089//1089
f 1090//1090 1016//1016 1014//1014 1015//1015
f 1090//1090 1091//1091 1017//1017 1016//1016
f 1017//1017 1092//1092 1018//1018 954//954
f 955//955 1018//1018 1093//1093 1019//1019
f 1019//1019 1094//1094 1020//1020 956//956
f 1020//1020 1095//1095 1021//1021 957//957
f 1021//1021 1096//1096 1022//1022 958//958
f 1022//1022 1097//1097 1023//1023 960//960
f 1023//1023 1098//1098 1024//1024 961//961
f 962//962 1025//1025 1026//1026 963//963
f 1026//1026 1099//1099 1100//1100 1027//1027
f 1027//1027 1100//1100 1101//1101 1028//1028
f 965//965 1028//1028 1102//1102 1029//1029
f 966//966 1029//1029 1103//1103 1030//1030
f 967//967 1030//1030 1104//1104 1031//1031
f 968//968 1031//1031 1105//1105 1032//1032
f 1033//1033 1032//1032 1106//1106 1107//1107
f 1033//1033 1107//1107 1034//1034 970//970
f 1034//1034 1108//1108 1109//1109 1035//1035
f 1035//1035 1109//1109 1036//1036 972//972
f 1036//1036 1110//1110 1111//1111 1037//1037
f 973//973 1037//1037 1112//1112 1113//1113
f 973//973 1113//1113 1114//1114 1038//1038
f 975//975 974//974 1038//1038 1115//1115
f 975//975 1116//1116 1117//1117 1039//1039
f 1118//1118 1040//1040 1039//1039 1119//1119
f 1120//1120 1121//1121 1042//1042 1041//1041
f 1122//1122 1041//1041 976//976 1043//1043
f 1044//1044 914//914 1040//1040 1118//1118
f 1123//1123 1043//1043 1044//1044 1124//1124
f 1121//1121 1125//1125 1045//1045 1042//1042
f 1045//1045 1126//1126 1046//1046 978//978
f 1046//1046 1127//1127 1128//1128 1047//1047
f 916//916 1047//1047 1129//1129 979//979
f 979//979 1129//1129 1130//1130 1048//1048
f 980//980 1049//1049 1131//1131 1050//1050
f 1050//1050 1131//1131 1132//1132 1051//1051
f 981//981 1051//1051 1133//1133 1052//1052
f 982//982 1052//1052 1134//1134 1053//1053
f 1054//1054 1053//1053 1135//1135 1055//1055
f 983//983 1055//1055 1136//1136 1056//1056
f 1057//1057 1056//1056 1137//1137 1138//1138
f 1058//1058 1057//1057 1138//1138 1139//1139
f 1059//1059 985//985 1058//1058 1140//1140
f 1141//1141 1061//1061 986//986 1059//1059
f 1142//1142 1060//1060 1061//1061 1143//1143
f 1070//1070 993//993 1062//1062 1144//1144
f 1145//1145 1062//1062 987//987 1063//1063
f 1146//1146 1063//1063 989//989 1064//1064
f 1147//1147 1064//1064 990//990 1067//1067
f 1068//1068 991//991 1066//1066 1148//1148
f 1149//1149 1067//1067 1068//1068 1150//1150
f 1151//1151 1069//1069 995//995 1072//1072
f 1071//1071 994//994 1070//1070 1152//1152
f 1073//1073 996//996 1071//1071 1153//1153
f 1154//1154 1072//1072 1073//1073 1155//1155
f 1156//1156 1157//1157 1075//1075 1074//1074
f 1076//1076 1158//1158 1074//1074 997//997
f 1159//1159 1076//1076 999//999 1077//1077
f 1160//1160 1077//1077 1000//1000 1078//1078
f 1161//1161 1078//1078 1001//1001 1079//1079
f 1162//1162 1079//1079 1002//1002 1163//1163
f 1164//1164 1165//1165 1003//1003 1080//1080
f 1166//1166 1080//1080 1069//1069 1151//1151
f 1081//1081 1084//1084 1008//1008 1005//1005
f 1157//1157 1167//1167 1081//1081 1075//1075
f 1168//1168 1169//1169 1083//1083 1082//1082
f 1083//1083 1170//1170 945//945 1007//1007
f 1171//1171 1082//1082 1006//1006 1084//1084
f 1085//1085 1009//1009 1172//1172 1173//1173
f 1086//1086 1085//1085 1173//1173 1174//1174
f 1087//1087 1011//1011 1086//1086 1175//1175
f 1088//1088 1012//1012 1087//1087 1176//1176
f 1089//1089 1013//1013 1088//1088 1177//1177
f 1090//1090 1015//1015 1089//1089 1178//1178
f 1090//1090 1178//1178 1179//1179 1091//1091
f 1091//1091 1179//1179 1092//1092 1017//1017
f 1093//1093 1180//1180 1094//1094 1019//1019
f 1181//1181 1095//1095 1020//1020 1094//1094
f 1095//1095 1182//1182 1096//1096 1021//1021
f 1022//1022 1096//1096 1183//1183 1097//1097
f 1097//1097 1184//1184 1098//1098 1023//1023
f 1185//1185 1186//1186 1024//1024 1098//1098
f 1025//1025 1187//1187 1099//1099 1026//1026
f 1100//1100 1188//1188 1189//1189 1101//1101
f 1028//1028 1101//1101 1190//1190 1102//1102
f 1029//1029 1102//1102 1191//1191 1103//1103
f 1030//1030 1103//1103 1192//1192 1104//1104
f 1031//1031 1104//1104 1193//1193 1105//1105
f 1032//1032 1105//1105 1194//1194 1106//1106
f 1106//1106 1194//1194 1195//1195 1107//1107
f 1107//1107 1195//1195 1108//1108 1034//1034
f 1108//1108 1196//1196 1197//1197 1109//1109
f 1109//1109 1197//1197 1110//1110 1036//1036
f 1110//1110 1198//1198 1199//1199 1111//1111
f 1037//1037 1111//1111 1200//1200 1112//1112
f 1113//1113 1112//1112 1201//1201 1114//1114
f 1038//1038 1114//1114 1202//1202 1115//1115
f 975//975 1115//1115 1130//1130 1116//1116
f 1117//1117 1116//1116 1203//1203 1204//1204
f 1119//1119 1039//1039 1117//1117 1205//1205
f 1206//1206 1118//1118 1119//1119 1207//1207
f 1208//1208 1209//1209 1121//1121 1120//1120
f 1210//1210 1120//1120 1041//1041 1122//1122
f 1211//1211 1122//1122 1043//1043 1123//1123
f 1124//1124 1044//1044 1118//1118 1206//1206
f 1212//1212 1123//1123 1124//1124 1213//1213
f 1209//1209 1214//1214 1125//1125 1121//1121
f 1125//1125 1215//1215 1126//1126 1045//1045
f 1126//1126 1216//1216 1127//1127 1046//1046
f 1127//1127 1217//1217 1218//1218 1128//1128
f 1047//1047 1128//1128 1219//1219 1129//1129
f 1130//1130 1115//1115 1202//1202 1048//1048
f 1049//1049 1220//1220 1221//1221 1131//1131
f 1131//1131 1221//1221 1222//1222 1132//1132
f 1051//1051 1132//1132 1223//1223 1133//1133
f 1052//1052 1133//1133 1224//1224 1134//1134
f 1053//1053 1134//1134 1225//1225 1135//1135
f 1055//1055 1135//1135 1226//1226 1136//1136
f 1056//1056 1136//1136 1227//1227 1137//1137
f 1138//1138 1137//1137 1228//1228 1229//1229
f 1139//1139 1138//1138 1229//1229 1230//1230
f 1140//1140 1058//1058 1139//1139 1231//1231
f 1141//1141 1059//1059 1140//1140 1232//1232
f 1143//1143 1061//1061 1141//1141 1233//1233
f 1148//1148 1066//1066 1060//1060 1142//1142
f 1234//1234 1142//1142 1143//1143 1235//1235
f 1236//1236 1144//1144 1062//1062 1145//1145
f 1237//1237 1152//1152 1070//1070 1144//1144
f 1238//1238 1145//1145 1063//1063 1146//1146
f 1239//1239 1146//1146 1064//1064 1147//1147
f 1240//1240 1147//1147 1067//1067 1149//1149
f 1150//1150 1068//1068 1148//1148 1241//1241
f 1242//1242 1149//1149 1150//1150 1243//1243
f 1244//1244 1151//1151 1072//1072 1154//1154
f 1153//1153 1071//1071 1152//1152 1245//1245
f 1155//1155 1073//1073 1153//1153 1246//1246
f 1247//1247 1154//1154 1155//1155 1248//1248
f 1249//1249 1250//1250 1157//1157 1156//1156
f 1156//1156 1074//1074 1251//1251 1252//1252
f 1159//1159 1253//1253 1158//1158 1076//1076
f 1251//1251 1074//1074 1158//1158 1254//1254
f 1255//1255 1159//1159 1077//1077 1160//1160
f 1256//1256 1160//1160 1078//1078 1161//1161
f 1257//1257 1161//1161 1079//1079 1162//1162
f 1258//1258 1162//1162 1163//1163 1165//1165
f 1259//1259 1258//1258 1165//1165 1164//1164
f 1164//1164 1080//1080 1166//1166 1260//1260
f 1261//1261 1166//1166 1151//1151 1244//1244
f 1081//1081 1262//1262 1171//1171 1084//1084
f 1250//1250 1263//1263 1167//1167 1157//1157
f 1264//1264 1265//1265 1169//1169 1168//1168
f 1169//1169 1266//1266 1170//1170 1083//1083
f 1267//1267 1168//1168 1082//1082 1171//1171
f 1173//1173 1172//1172 1268//1268 1269//1269
f 1174//1174 1173//1173 1269//1269 1270//1270
f 1271//1271 1175//1175 1086//1086 1174//1174
f 1177//1177 1088//1088 1176//1176 1272//1272
f 1178//1178 1089//1089 1177//1177 1273//1273
f 1178//1178 1273//1273 1274//1274 1179//1179
f 1179//1179 1274//1274 1275//1275 1092//1092
f 1180//1180 1276//1276 1181//1181 1094//1094
f 1181//1181 1277//1277 1182//1182 1095//1095
f 1182//1182 1278//1278 1183//1183 1096//1096
f 1279//1279 1184//1184 1097//1097 1183//1183
f 1184//1184 1280//1280 1185//1185 1098//1098
f 1185//1185 1281//1281 1282//1282 1186//1186
f 1186//1186 1282//1282 1187//1187 1025//1025
f 1099//1099 1187//1187 1283//1283 1284//1284
f 1188//1188 1285//1285 1286//1286 1189//1189
f 1101//1101 1189//1189 1287//1287 1190//1190
f 1102//1102 1190//1190 1288//1288 1191//1191
f 1103//1103 1191//1191 1289//1289 1192//1192
f 1104//1104 1192//1192 1290//1290 1193//1193
f 1105//1105 1193//1193 1291//1291 1194//1194
f 1194//1194 1291//1291 1292//1292 1195//1195
f 1195//1195 1292//1292 1196//1196 1108//1108
f 1196//1196 1293//1293 1294//1294 1197//1197
f 1197//1197 1294//1294 1198//1198 1110//1110
f 1198//1198 1295//1295 1296//1296 1199//1199
f 1111//1111 1199//1199 1297//1297 1200//1200
f 1112//1112 1200//1200 1298//1298 1201//1201
f 1202//1202 1114//1114 1220//1220 1049//1049
f 1116//1116 1130//1130 1299//1299 1203//1203
f 1204//1204 1203//1203 1300//1300 1301//1301
f 1205//1205 1117//1117 1204//1204 1302//1302
f 1207//1207 1119//1119 1205//1205 1303//1303
f 1304//1304 1206//1206 1207//1207 1305//1305
f 1306//1306 1307//1307 1209//1209 1208//1208
f 1308//1308 1208//1208 1120//1120 1210//1210
f 1309//1309 1210//1210 1122//1122 1211//1211
f 1310//1310 1211//1211 1123//1123 1212//1212
f 1213//1213 1124//1124 1206//1206 1304//1304
f 1311//1311 1212//1212 1213//1213 1312//1312
f 1307//1307 1313//1313 1214//1214 1209//1209
f 1215//1215 1314//1314 1216//1216 1126//1126
f 1216//1216 1315//1315 1217//1217 1127//1127
f 1217//1217 1316//1316 1317//1317 1218//1218
f 1128//1128 1218//1218 1318//1318 1219//1219
f 1129//1129 1219//1219 1319//1319 1320//1320
f 1220//1220 1321//1321 1322//1322 1221//1221
f 1221//1221 1322//1322 1323//1323 1222//1222
f 1132//1132 1222//1222 1324//1324 1223//1223
f 1133//1133 1223//1223 1325//1325 1224//1224
f 1134//1134 1224//1224 1326//1326 1225//1225
f 1135//1135 1225//1225 1327//1327 1226//1226
f 1136//1136 1226//1226 1328//1328 1227//1227
f 1137//1137 1227//1227 1329//1329 1228//1228
f 1228//1228 1330//1330 1331//1331 1229//1229
f 1230//1230 1229//1229 1331//1331 1332//1332
f 1231//1231 1139//1139 1230//1230 1333//1333
f 1232//1232 1140//1140 1231//1231 1334//1334
f 1233//1233 1141//1141 1232//1232 1335//1335
f 1143//1143 1233//1233 1336//1336 1235//1235
f 1241//1241 1148//1148 1142//1142 1234//1234
f 1337//1337 1234//1234 1235//1235 1338//1338
f 1238//1238 1339//1339 1236//1236 1145//1145
f 1245//1245 1152//1152 1237//1237 1340//1340
f 1341//1341 1237//1237 1144//1144 1342//1342
f 1238//1238 1146//1146 1239//1239 1343//1343
f 1344//1344 1239//1239 1147//1147 1240//1240
f 1243//1243 1150//1150 1241//1241 1345//1345
f 1346//1346 1347//1347 1149//1149 1242//1242
f 1348//1348 1242//1242 1243//1243 1349//1349
f 1350//1350 1244//1244 1154//1154 1247//1247
f 1246//1246 1153//1153 1245//1245 1351//1351
f 1248//1248 1155//1155 1246//1246 1352//1352
f 1353//1353 1247//1247 1248//1248 1354//1354
f 1355//1355 1356//1356 1250//1250 1249//1249
f 1249//1249 1156//1156 1252//1252 1357//1357
f 1252//1252 1251//1251 1358//1358 1359//1359
f 1255//1255 1360//1360 1253//1253 1159//1159
f 1253//1253 1361//1361 1254//1254 1158//1158
f 1251//1251 1254//1254 1362//1362 1358//1358
f 1363//1363 1255//1255 1160//1160 1256//1256
f 1364//1364 1256//1256 1161//1161 1257//1257
f 1257//1257 1162//1162 1258//1258 1365//1365
f 1366//1366 1365//1365 1258//1258 1259//1259
f 1259//1259 1164//1164 1260//1260 1367//1367
f 1261//1261 1368//1368 1260//1260 1166//1166
f 1369//1369 1261//1261 1244//1244 1350//1350
f 1370//1370 1267//1267 1171//1171 1262//1262
f 1356//1356 1371//1371 1263//1263 1250//1250
f 1263//1263 1370//1370 1262//1262 1167//1167
f 1372//1372 1373//1373 1265//1265 1264//1264
f 1265//1265 1374//1374 1266//1266 1169//1169
f 1375//1375 1264//1264 1168//1168 1267//1267
f 1376//1376 1268//1268 1172//1172 1266//1266
f 1269//1269 1268//1268 1377//1377 1378//1378
f 1270//1270 1269//1269 1378//1378 1379//1379
f 1271//1271 1174//1174 1270//1270 1380//1380
f 1176//1176 1175//1175 1271//1271 1381//1381
f 1272//1272 1176//1176 1381//1381 1382//1382
f 1273//1273 1177//1177 1272//1272 1383//1383
f 1273//1273 1383//1383 1384//1384 1274//1274
f 1275//1275 1274//1274 1384//1384 1385//1385
f 1275//1275 1385//1385 1276//1276 1180//1180
f 1276//1276 1386//1386 1277//1277 1181//1181
f 1277//1277 1387//1387 1278//1278 1182//1182
f 1278//1278 1378//1378 1377//1377 1183//1183
f 1279//1279 1376//1376 1280//1280 1184//1184
f 1388//1388 1185//1185 1280//1280 1389//1389
f 1390//1390 1391//1391 1282//1282 1281//1281
f 1391//1391 1283//1283 1187//1187 1282//1282
f 1392//1392 1393//1393 1284//1284 1283//1283
f 1393//1393 1394//1394 1285//1285 1188//1188
f 1285//1285 1395//1395 1396//1396 1286//1286
f 1189//1189 1286//1286 1397//1397 1287//1287
f 1190//1190 1287//1287 1398//1398 1288//1288
f 1191//1191 1288//1288 1399//1399 1289//1289
f 1290//1290 1192//1192 1289//1289 1400//1400
f 1193//1193 1290//1290 1401//1401 1291//1291
f 1291//1291 1401//1401 1402//1402 1292//1292
f 1292//1292 1402//1402 1293//1293 1196//1196
f 1293//1293 1403//1403 1404//1404 1294//1294
f 1294//1294 1404//1404 1295//1295 1198//1198
f 1295//1295 1405//1405 1406//1406 1296//1296
f 1199//1199 1296//1296 1407//1407 1297//1297
f 1200//1200 1297//1297 1408//1408 1298//1298
f 1130//1130 1320//1320 1409//1409 1299//1299
f 1203//1203 1299//1299 1410//1410 1300//1300
f 1301//1301 1300//1300 1411//1411 1412//1412
f 1302//1302 1204//1204 1301//1301 1413//1413
f 1303//1303 1205//1205 1302//1302 1414//1414
f 1305//1305 1207//1207 1303//1303 1415//1415
f 1416//1416 1304//1304 1305//1305 1417//1417
f 1418//1418 1419//1419 1307//1307 1306//1306
f 1420//1420 1306//1306 1208//1208 1308//1308
f 1421//1421 1308//1308 1210//1210 1309//1309
f 1422//1422 1309//1309 1211//1211 1310//1310
f 1423//1423 1310//1310 1212//1212 1311//1311
f 1312//1312 1213//1213 1304//1304 1416//1416
f 1424//1424 1311//1311 1312//1312 1425//1425
f 1419//1419 1426//1426 1313//1313 1307//1307
f 1313//1313 1427//1427 1428//1428 1214//1214
f 1215//1215 1429//1429 1430//1430 1314//1314
f 1314//1314 1431//1431 1315//1315 1216//1216
f 1217//1217 1315//1315 1432//1432 1316//1316
f 1316//1316 1433//1433 1434//1434 1317//1317
f 1218//1218 1317//1317 1435//1435 1318//1318
f 1219//1219 1318//1318 1436//1436 1319//1319
f 1320//1320 1319//1319 1437//1437 1409//1409
f 1201//1201 1438//1438 1321//1321 1220//1220
f 1321//1321 1439//1439 1440//1440 1322//1322
f 1322//1322 1440//1440 1441//1441 1323//1323
f 1222//1222 1323//1323 1442//1442 1324//1324
f 1223//1223 1324//1324 1443//1443 1444//1444
f 1325//1325 1223//1223 1444//1444 1445//1445
f 1225//1225 1326//1326 1446//1446 1327//1327
f 1226//1226 1327//1327 1447//1447 1328//1328
f 1227//1227 1328//1328 1448//1448 1329//1329
f 1228//1228 1449//1449 1450//1450 1330//1330
f 1331//1331 1330//1330 1451//1451 1452//1452
f 1332//1332 1331//1331 1452//1452 1453//1453
f 1230//1230 1332//1332 1453//1453 1454//1454
f 1333//1333 1230//1230 1454//1454 1455//1455
f 1334//1334 1231//1231 1333//1333 1456//1456
f 1335//1335 1232//1232 1334//1334 1457//1457
f 1233//1233 1335//1335 1458//1458 1336//1336
f 1338//1338 1235//1235 1336//1336 1459//1459
f 1345//1345 1241//1241 1234//1234 1337//1337
f 1460//1460 1337//1337 1338//1338 1461//1461
f 1462//1462 1339//1339 1238//1238 1343//1343
f 1463//1463 1342//1342 1236//1236 1339//1339
f 1464//1464 1340//1340 1237//1237 1341//1341
f 1465//1465 1351//1351 1245//1245 1340//1340
f 1466//1466 1341//1341 1342//1342 1463//1463
f 1467//1467 1343//1343 1239//1239 1344//1344
f 1468//1468 1344//1344 1240//1240 1347//1347
f 1349//1349 1243//1243 1345//1345 1469//1469
f 1470//1470 1468//1468 1347//1347 1346//1346
f 1471//1471 1346//1346 1242//1242 1348//1348
f 1254//1254 1361//1361 1348//1348 1349//1349
f 1472//1472 1350//1350 1247//1247 1353//1353
f 1246//1246 1351//1351 1473//1473 1352//1352
f 1248//1248 1352//1352 1474//1474 1475//1475
f 1476//1476 1353//1353 1354//1354 1477//1477
f 1478//1478 1479//1479 1356//1356 1355//1355
f 1480//1480 1355//1355 1249//1249 1357//1357
f 1357//1357 1252//1252 1359//1359 1481//1481
f 1359//1359 1358//1358 1482//1482 1483//1483
f 1360//1360 1484//1484 1361//1361 1253//1253
f 1254//1254 1349//1349 1469//1469 1362//1362
f 1358//1358 1362//1362 1485//1485 1482//1482
f 1486//1486 1363//1363 1256//1256 1364//1364
f 1487//1487 1364//1364 1257//1257 1365//1365
f 1488//1488 1487//1487 1365//1365 1366//1366
f 1489//1489 1366//1366 1259//1259 1367//1367
f 1367//1367 1260//1260 1368//1368 1490//1490
f 1491//1491 1368//1368 1261//1261 1369//1369
f 1492//1492 1369//1369 1350//1350 1472//1472
f 1493//1493 1375//1375 1267//1267 1370//1370
f 1479//1479 1494//1494 1371//1371 1356//1356
f 1263//1263 1371//1371 1493//1493 1370//1370
f 1495//1495 1496//1496 1373//1373 1372//1372
f 1373//1373 1497//1497 1374//1374 1265//1265
f 1376//1376 1266//1266 1374//1374 1498//1498
f 1268//1268 1376//1376 1279//1279 1377//1377
f 1387//1387 1379//1379 1378//1378 1278//1278
f 1499//1499 1380//1380 1270//1270 1379//1379
f 1272//1272 1382//1382 1500//1500 1383//1383
f 1383//1383 1500//1500 1501//1501 1384//1384
f 1501//1501 1502//1502 1385//1385 1384//1384
f 1385//1385 1502//1502 1386//1386 1276//1276
f 1386//1386 1499//1499 1387//1387 1277//1277
f 1376//1376 1498//1498 1389//1389 1280//1280
f 1388//1388 1389//1389 1503//1503 1504//1504
f 1505//1505 1506//1506 1391//1391 1390//1390
f 1507//1507 1390//1390 1281//1281 1508//1508
f 1391//1391 1506//1506 1392//1392 1283//1283
f 1509//1509 1394//1394 1393//1393 1392//1392
f 1396//1396 1395//1395 1510//1510 1511//1511
f 1396//1396 1512//1512 1397//1397 1286//1286
f 1287//1287 1397//1397 1513//1513 1398//1398
f 1399//1399 1288//1288 1398//1398 1514//1514
f 1400//1400 1289//1289 1399//1399 1515//1515
f 1290//1290 1400//1400 1516//1516 1401//1401
f 1401//1401 1516//1516 1517//1517 1402//1402
f 1402//1402 1517//1517 1403//1403 1293//1293
f 1403//1403 1518//1518 1519//1519 1404//1404
f 1404//1404 1519//1519 1405//1405 1295//1295
f 1405//1405 1520//1520 1521//1521 1406//1406
f 1407//1407 1296//1296 1406//1406 1522//1522
f 1297//1297 1407//1407 1523//1523 1408//1408
f 1438//1438 1298//1298 1408//1408 1524//1524
f 1299//1299 1409//1409 1525//1525 1410//1410
f 1410//1410 1526//1526 1412//1412 1411//1411
f 1301//1301 1412//1412 1527//1527 1413//1413
f 1414//1414 1302//1302 1413//1413 1528//1528
f 1415//1415 1303//1303 1414//1414 1529//1529
f 1417//1417 1305//1305 1415//1415 1530//1530
f 1531//1531 1416//1416 1417//1417 1532//1532
f 1533//1533 1534//1534 1419//1419 1418//1418
f 1535//1535 1418//1418 1306//1306 1420//1420
f 1420//1420 1308//1308 1421//1421 1536//1536
f 1537//1537 1421//1421 1309//1309 1422//1422
f 1538//1538 1422//1422 1310//1310 1423//1423
f 1539//1539 1423//1423 1311//1311 1424//1424
f 1540//1540 1424//1424 1425//1425 1541//1541
f 1534//1534 1542//1542 1426//1426 1419//1419
f 1426//1426 1543//1543 1427//1427 1313//1313
f 1427//1427 1544//1544 1545//1545 1428//1428
f 1428//1428 1545//1545 1430//1430 1429//1429
f 1430//1430 1546//1546 1431//1431 1314//1314
f 1431//1431 1547//1547 1432//1432 1315//1315
f 1432//1432 1548//1548 1433//1433 1316//1316
f 1433//1433 1549//1549 1550//1550 1434//1434
f 1317//1317 1434//1434 1551//1551 1435//1435
f 1318//1318 1435//1435 1552//1552 1436//1436
f 1437//1437 1319//1319 1436//1436 1553//1553
f 1409//1409 1437//1437 1554//1554 1525//1525
f 1438//1438 1524//1524 1439//1439 1321//1321
f 1442//1442 1323//1323 1441//1441 1555//1555
f 1324//1324 1442//1442 1556//1556 1443//1443
f 1444//1444 1443//1443 1557//1557 1445//1445
f 1327//1327 1446//1446 1558//1558 1447//1447
f 1328//1328 1447//1447 1559//1559 1448//1448
f 1329//1329 1448//1448 1560//1560 1449//1449
f 1449//1449 1560//1560 1561//1561 1450//1450
f 1452//1452 1451//1451 1562//1562 1563//1563
f 1453//1453 1452//1452 1563//1563 1564//1564
f 1454//1454 1453//1453 1564//1564 1565//1565
f 1455//1455 1454//1454 1565//1565 1566//1566
f 1456//1456 1333//1333 1455//1455 1567//1567
f 1457//1457 1334//1334 1456//1456 1568//1568
f 1569//1569 1458//1458 1335//1335 1457//1457
f 1459//1459 1336//1336 1458//1458 1570//1570
f 1571//1571 1461//1461 1338//1338 1459//1459
f 1469//1469 1345//1345 1337//1337 1460//1460
f 1485//1485 1460//1460 1461//1461 1572//1572
f 1573//1573 1463//1463 1339//1339 1462//1462
f 1574//1574 1462//1462 1343//1343 1467//1467
f 1575//1575 1465//1465 1340//1340 1464//1464
f 1576//1576 1464//1464 1341//1341 1466//1466
f 1577//1577 1473//1473 1351//1351 1465//1465
f 1578//1578 1466//1466 1463//1463 1573//1573
f 1579//1579 1467//1467 1344//1344 1468//1468
f 1580//1580 1579//1579 1468//1468 1470//1470
f 1581//1581 1470//1470 1346//1346 1471//1471
f 1484//1484 1471//1471 1348//1348 1361//1361
f 1582//1582 1472//1472 1353//1353 1476//1476
f 1474//1474 1352//1352 1473//1473 1583//1583
f 1584//1584 1475//1475 1474//1474 1585//1585
f 1477//1477 1354//1354 1475//1475 1584//1584
f 1586//1586 1476//1476 1477//1477 1587//1587
f 1588//1588 1589//1589 1479//1479 1478//1478
f 1478//1478 1355//1355 1480//1480 1590//1590
f 1480//1480 1357//1357 1481//1481 1591//1591
f 1481//1481 1359//1359 1483//1483 1592//1592
f 1483//1483 1482//1482 1593//1593 1594//1594
f 1595//1595 1596//1596 1484//1484 1360//1360
f 1362//1362 1469//1469 1460//1460 1485//1485
f 1482//1482 1485//1485 1572//1572 1593//1593
f 1597//1597 1598//1598 1363//1363 1486//1486
f 1599//1599 1486//1486 1364//1364 1487//1487
f 1600//1600 1599//1599 1487//1487 1488//1488
f 1601//1601 1488//1488 1366//1366 1489//1489
f 1602//1602 1489//1489 1367//1367 1490//1490
f 1603//1603 1490//1490 1368//1368 1491//1491
f 1604//1604 1491//1491 1369//1369 1492//1492
f 1605//1605 1492//1492 1472//1472 1582//1582
f 1493//1493 1606//1606 1607//1607 1375//1375
f 1589//1589 1608//1608 1494//1494 1479//1479
f 1494//1494 1606//1606 1493//1493 1371//1371
f 1609//1609 1610//1610 1496//1496 1495//1495
f 1496//1496 1611//1611 1497//1497 1373//1373
f 1495//1495 1372//1372 1375//1375 1607//1607
f 1497//1497 1612//1612 1498//1498 1374//1374
f 1381//1381 1380//1380 1499//1499 1613//1613
f 1500//1500 1381//1381 1613//1613 1501//1501
f 1502//1502 1613//1613 1499//1499 1386//1386
f 1498//1498 1614//1614 1503//1503 1389//1389
f 1615//1615 1616//1616 1504//1504 1503//1503
f 1388//1388 1504//1504 1617//1617 1618//1618
f 1388//1388 1619//1619 1508//1508 1281//1281
f 1620//1620 1621//1621 1506//1506 1505//1505
f 1622//1622 1505//1505 1390//1390 1507//1507
f 1623//1623 1507//1507 1508//1508 1624//1624
f 1621//1621 1509//1509 1392//1392 1506//1506
f 1509//1509 1625//1625 1626//1626 1394//1394
f 1627//1627 1628//1628 1510//1510 1395//1395
f 1510//1510 1629//1629 1630//1630 1511//1511
f 1396//1396 1511//1511 1631//1631 1512//1512
f 1513//1513 1397//1397 1512//1512 1632//1632
f 1514//1514 1398//1398 1513//1513 1633//1633
f 1399//1399 1514//1514 1634//1634 1515//1515
f 1400//1400 1515//1515 1635//1635 1516//1516
f 1516//1516 1635//1635 1636//1636 1517//1517
f 1517//1517 1636//1636 1518//1518 1403//1403
f 1518//1518 1637//1637 1638//1638 1519//1519
f 1519//1519 1638//1638 1520//1520 1405//1405
f 1520//1520 1639//1639 1640//1640 1521//1521
f 1406//1406 1521//1521 1641//1641 1522//1522
f 1407//1407 1522//1522 1642//1642 1523//1523
f 1408//1408 1523//1523 1643//1643 1524//1524
f 1410//1410 1525//1525 1644//1644 1526//1526
f 1527//1527 1412//1412 1526//1526 1645//1645
f 1528//1528 1413//1413 1527//1527 1646//1646
f 1529//1529 1414//1414 1528//1528 1647//1647
f 1415//1415 1529//1529 1648//1648 1530//1530
f 1532//1532 1417//1417 1530//1530 1649//1649
f 1650//1650 1531//1531 1532//1532 1651//1651
f 1652//1652 1653//1653 1534//1534 1533//1533
f 1654//1654 1533//1533 1418//1418 1535//1535
f 1655//1655 1535//1535 1420//1420 1536//1536
f 1656//1656 1536//1536 1421//1421 1537//1537
f 1657//1657 1537//1537 1422//1422 1538//1538
f 1658//1658 1539//1539 1424//1424 1540//1540
f 1541//1541 1425//1425 1659//1659 1660//1660
f 1661//1661 1540//1540 1541//1541 1662//1662
f 1653//1653 1663//1663 1542//1542 1534//1534
f 1542//1542 1664//1664 1543//1543 1426//1426
f 1543//1543 1665//1665 1544//1544 1427//1427
f 1544//1544 1666//1666 1667//1667 1545//1545
f 1545//1545 1667//1667 1546//1546 1430//1430
f 1546//1546 1668//1668 1547//1547 1431//1431
f 1547//1547 1669//1669 1548//1548 1432//1432
f 1548//1548 1670//1670 1549//1549 1433//1433
f 1549//1549 1671//1671 1672//1672 1550//1550
f 1434//1434 1550//1550 1673//1673 1551//1551
f 1435//1435 1551//1551 1674//1674 1552//1552
f 1436//1436 1552//1552 1675//1675 1553//1553
f 1437//1437 1553//1553 1676//1676 1554//1554
f 1525//1525 1554//1554 1676//1676 1644//1644
f 1524//1524 1643//1643 1677//1677 1439//1439
f 1442//1442 1555//1555 1678//1678 1556//1556
f 1443//1443 1556//1556 1679//1679 1557//1557
f 1446//1446 1445//1445 1557//1557 1558//1558
f 1447//1447 1558//1558 1680//1680 1559//1559
f 1448//1448 1559//1559 1681//1681 1560//1560
f 1560//1560 1681//1681 1682//1682 1561//1561
f 1450//1450 1561//1561 1683//1683 1451//1451
f 1451//1451 1683//1683 1684//1684 1562//1562
f 1563//1563 1562//1562 1685//1685 1686//1686
f 1564//1564 1563//1563 1687//1687 1688//1688
f 1565//1565 1564//1564 1688//1688 1689//1689
f 1567//1567 1455//1455 1566//1566 1690//1690
f 1568//1568 1456//1456 1567//1567 1691//1691
f 1569//1569 1457//1457 1568//1568 1692//1692
f 1693//1693 1570//1570 1458//1458 1569//1569
f 1571//1571 1459//1459 1570//1570 1694//1694
f 1572//1572 1461//1461 1571//1571 1695//1695
f 1696//1696 1573//1573 1462//1462 1574//1574
f 1697//1697 1574//1574 1467//1467 1579//1579
f 1698//1698 1577//1577 1465//1465 1575//1575
f 1699//1699 1575//1575 1464//1464 1576//1576
f 1700//1700 1576//1576 1466//1466 1578//1578
f 1701//1701 1583//1583 1473//1473 1577//1577
f 1696//1696 1702//1702 1578//1578 1573//1573
f 1703//1703 1697//1697 1579//1579 1580//1580
f 1704//1704 1580//1580 1470//1470 1581//1581
f 1596//1596 1581//1581 1471//1471 1484//1484
f 1705//1705 1582//1582 1476//1476 1586//1586
f 1474//1474 1583//1583 1706//1706 1707//1707
f 1708//1708 1584//1584 1585//1585 1709//1709
f 1587//1587 1477//1477 1584//1584 1708//1708
f 1710//1710 1586//1586 1587//1587 1711//1711
f 1712//1712 1713//1713 1589//1589 1588//1588
f 1588//1588 1478//1478 1590//1590 1714//1714
f 1591//1591 1481//1481 1592//1592 1715//1715
f 1592//1592 1483//1483 1594//1594 1716//1716
f 1717//1717 1594//1594 1593//1593 1718//1718
f 1719//1719 1720//1720 1596//1596 1595//1595
f 1572//1572 1695//1695 1718//1718 1593//1593
f 1597//1597 1719//1719 1595//1595 1598//1598
f 1721//1721 1597//1597 1486//1486 1599//1599
f 1722//1722 1721//1721 1599//1599 1600//1600
f 1723//1723 1600//1600 1488//1488 1601//1601
f 1724//1724 1725//1725 1489//1489 1602//1602
f 1726//1726 1602//1602 1490//1490 1603//1603
f 1603//1603 1491//1491 1604//1604 1727//1727
f 1728//1728 1604//1604 1492//1492 1605//1605
f 1605//1605 1582//1582 1705//1705 1729//1729
f 1730//1730 1731//1731 1607//1607 1606//1606
f 1713//1713 1732//1732 1608//1608 1589//1589
f 1608//1608 1730//1730 1606//1606 1494//1494
f 1733//1733 1734//1734 1610//1610 1609//1609
f 1610//1610 1735//1735 1611//1611 1496//1496
f 1731//1731 1609//1609 1495//1495 1607//1607
f 1611//1611 1736//1736 1612//1612 1497//1497
f 1737//1737 1614//1614 1498//1498 1612//1612
f 1738//1738 1615//1615 1503//1503 1614//1614
f 1739//1739 1740//1740 1616//1616 1615//1615
f 1616//1616 1741//1741 1617//1617 1504//1504
f 1617//1617 1742//1742 1743//1743 1618//1618
f 1388//1388 1618//1618 1744//1744 1619//1619
f 1624//1624 1508//1508 1619//1619 1745//1745
f 1620//1620 1746//1746 1747//1747 1621//1621
f 1748//1748 1620//1620 1505//1505 1622//1622
f 1749//1749 1622//1622 1507//1507 1623//1623
f 1750//1750 1623//1623 1624//1624 1751//1751
f 1621//1621 1747//1747 1625//1625 1509//1509
f 1752//1752 1753//1753 1626//1626 1625//1625
f 1754//1754 1755//1755 1628//1628 1627//1627
f 1628//1628 1756//1756 1629//1629 1510//1510
f 1629//1629 1757//1757 1758//1758 1630//1630
f 1512//1512 1631//1631 1759//1759 1632//1632
f 1633//1633 1513//1513 1632//1632 1760//1760
f 1514//1514 1633//1633 1761//1761 1634//1634
f 1515//1515 1634//1634 1762//1762 1635//1635
f 1635//1635 1762//1762 1763//1763 1636//1636
f 1636//1636 1763//1763 1637//1637 1518//1518
f 1637//1637 1764//1764 1765//1765 1638//1638
f 1638//1638 1765//1765 1639//1639 1520//1520
f 1639//1639 1766//1766 1767//1767 1640//1640
f 1521//1521 1640//1640 1768//1768 1641//1641
f 1522//1522 1641//1641 1769//1769 1642//1642
f 1523//1523 1642//1642 1770//1770 1643//1643
f 1526//1526 1644//1644 1771//1771 1645//1645
f 1527//1527 1645//1645 1772//1772 1773//1773
f 1647//1647 1528//1528 1646//1646 1774//1774
f 1648//1648 1529//1529 1647//1647 1775//1775
f 1530//1530 1648//1648 1776//1776 1649//1649
f 1532//1532 1649//1649 1777//1777 1651//1651
f 1660//1660 1659//1659 1531//1531 1650//1650
f 1778//1778 1779//1779 1653//1653 1652//1652
f 1654//1654 1780//1780 1652//1652 1533//1533
f 1781//1781 1654//1654 1535//1535 1655//1655
f 1782//1782 1655//1655 1536//1536 1656//1656
f 1783//1783 1656//1656 1537//1537 1657//1657
f 1784//1784 1538//1538 1539//1539 1658//1658
f 1785//1785 1658//1658 1540//1540 1661//1661
f 1662//1662 1541//1541 1660//1660 1786//1786
f 1661//1661 1662//1662 1787//1787 1788//1788
f 1779//1779 1789//1789 1663//1663 1653//1653
f 1663//1663 1789//1789 1664//1664 1542//1542
f 1664//1664 1790//1790 1665//1665 1543//1543
f 1665//1665 1791//1791 1666//1666 1544//1544
f 1666//1666 1792//1792 1793//1793 1667//1667
f 1667//1667 1793//1793 1668//1668 1546//1546
f 1668//1668 1794//1794 1669//1669 1547//1547
f 1669//1669 1795//1795 1670//1670 1548//1548
f 1670//1670 1796//1796 1671//1671 1549//1549
f 1797//1797 1798//1798 1672//1672 1671//1671
f 1550//1550 1672//1672 1799//1799 1673//1673
f 1551//1551 1673//1673 1800//1800 1674//1674
f 1552//1552 1674//1674 1801//1801 1675//1675
f 1676//1676 1553//1553 1675//1675 1802//1802
f 1676//1676 1802//1802 1771//1771 1644//1644
f 1643//1643 1770//1770 1803//1803 1677//1677
f 1555//1555 1804//1804 1805//1805 1678//1678
f 1556//1556 1678//1678 1806//1806 1679//1679
f 1558//1558 1557//1557 1679//1679 1680//1680
f 1559//1559 1680//1680 1807//1807 1681//1681
f 1681//1681 1807//1807 1808//1808 1682//1682
f 1683//1683 1561//1561 1682//1682 1809//1809
f 1683//1683 1809//1809 1810//1810 1684//1684
f 1562//1562 1684//1684 1811//1811 1685//1685
f 1686//1686 1685//1685 1812//1812 1813//1813
f 1814//1814 1815//1815 1688//1688 1687//1687
f 1689//1689 1688//1688 1815//1815 1816//1816
f 1690//1690 1566//1566 1817//1817 1818//1818
f 1691//1691 1567//1567 1690//1690 1819//1819
f 1692//1692 1568//1568 1691//1691 1742//1742
f 1693//1693 1569//1569 1692//1692 1741//1741
f 1694//1694 1570//1570 1693//1693 1740//1740
f 1695//1695 1571//1571 1694//1694 1820//1820
f 1821//1821 1696//1696 1574//1574 1697//1697
f 1822//1822 1701//1701 1577//1577 1698//1698
f 1823//1823 1698//1698 1575//1575 1699//1699
f 1824//1824 1699//1699 1576//1576 1700//1700
f 1825//1825 1700//1700 1578//1578 1702//1702
f 1826//1826 1706//1706 1583//1583 1701//1701
f 1827//1827 1702//1702 1696//1696 1821//1821
f 1828//1828 1821//1821 1697//1697 1703//1703
f 1829//1829 1703//1703 1580//1580 1704//1704
f 1720//1720 1704//1704 1581//1581 1596//1596
f 1830//1830 1705//1705 1586//1586 1710//1710
f 1831//1831 1832//1832 1707//1707 1706//1706
f 1709//1709 1585//1585 1707//1707 1832//1832
f 1833//1833 1708//1708 1709//1709 1834//1834
f 1711//1711 1587//1587 1708//1708 1833//1833
f 1835//1835 1710//1710 1711//1711 1836//1836
f 1837//1837 1838//1838 1713//1713 1712//1712
f 1837//1837 1712//1712 1588//1588 1714//1714
f 1839//1839 1715//1715 1592//1592 1716//1716
f 1590//1590 1591//1591 1715//1715 1840//1840
f 1717//1717 1841//1841 1716//1716 1594//1594
f 1717//1717 1718//1718 1842//1842 1843//1843
f 1719//1719 1844//1844 1845//1845 1720//1720
f 1842//1842 1718//1718 1695//1695 1820//1820
f 1721//1721 1844//1844 1719//1719 1597//1597
f 1722//1722 1846//1846 1844//1844 1721//1721
f 1723//1723 1847//1847 1722//1722 1600//1600
f 1848//1848 1723//1723 1601//1601 1725//1725
f 1849//1849 1848//1848 1725//1725 1724//1724
f 1850//1850 1724//1724 1602//1602 1726//1726
f 1851//1851 1726//1726 1603//1603 1727//1727
f 1852//1852 1727//1727 1604//1604 1728//1728
f 1853//1853 1728//1728 1605//1605 1729//1729
f 1854//1854 1729//1729 1705//1705 1830//1830
f 1855//1855 1856//1856 1731//1731 1730//1730
f 1838//1838 1857//1857 1732//1732 1713//1713
f 1732//1732 1855//1855 1730//1730 1608//1608
f 1858//1858 1859//1859 1734//1734 1733//1733
f 1734//1734 1860//1860 1735//1735 1610//1610
f 1856//1856 1733//1733 1609//1609 1731//1731
f 1735//1735 1861//1861 1736//1736 1611//1611
f 1862//1862 1737//1737 1612//1612 1736//1736
f 1737//1737 1863//1863 1738//1738 1614//1614
f 1864//1864 1739//1739 1615//1615 1738//1738
f 1820//1820 1694//1694 1740//1740 1739//1739
f 1740//1740 1693//1693 1741//1741 1616//1616
f 1741//1741 1692//1692 1742//1742 1617//1617
f 1743//1743 1742//1742 1691//1691 1819//1819
f 1618//1618 1743//1743 1865//1865 1744//1744
f 1745//1745 1619//1619 1744//1744 1866//1866
f 1624//1624 1745//1745 1867//1867 1751//1751
f 1868//1868 1746//1746 1620//1620 1748//1748
f 1869//1869 1870//1870 1747//1747 1746//1746
f 1871//1871 1748//1748 1622//1622 1749//1749
f 1872//1872 1749//1749 1623//1623 1750//1750
f 1873//1873 1750//1750 1751//1751 1874//1874
f 1870//1870 1752//1752 1625//1625 1747//1747
f 1752//1752 1875//1875 1876//1876 1753//1753
f 1626//1626 1753//1753 1877//1877 1754//1754
f 1626//1626 1754//1754 1627//1627 1878//1878
f 1877//1877 1879//1879 1755//1755 1754//1754
f 1628//1628 1755//1755 1880//1880 1756//1756
f 1756//1756 1881//1881 1757//1757 1629//1629
f 1757//1757 1882//1882 1883//1883 1758//1758
f 1631//1631 1884//1884 1885//1885 1759//1759
f 1632//1632 1759//1759 1886//1886 1760//1760
f 1633//1633 1887//1887 1888//1888 1761//1761
f 1634//1634 1761//1761 1889//1889 1762//1762
f 1762//1762 1889//1889 1890//1890 1763//1763
f 1763//1763 1890//1890 1764//1764 1637//1637
f 1764//1764 1891//1891 1892//1892 1765//1765
f 1765//1765 1892//1892 1766//1766 1639//1639
f 1893//1893 1894//1894 1767//1767 1766//1766
f 1767//1767 1895//1895 1768//1768 1640//1640
f 1641//1641 1768//1768 1896//1896 1769//1769
f 1642//1642 1769//1769 1897//1897 1770//1770
f 1645//1645 1771//1771 1898//1898 1772//1772
f 1899//1899 1773//1773 1772//1772 1900//1900
f 1774//1774 1646//1646 1773//1773 1899//1899
f 1775//1775 1647//1647 1774//1774 1901//1901
f 1648//1648 1775//1775 1902//1902 1776//1776
f 1777//1777 1649//1649 1776//1776 1903//1903
f 1904//1904 1651//1651 1777//1777 1905//1905
f 1786//1786 1660//1660 1650//1650 1906//1906
f 1778//1778 1907//1907 1908//1908 1779//1779
f 1778//1778 1652//1652 1780//1780 1909//1909
f 1910//1910 1911//1911 1654//1654 1781//1781
f 1781//1781 1655//1655 1782//1782 1912//1912
f 1913//1913 1782//1782 1656//1656 1783//1783
f 1914//1914 1783//1783 1657//1657 1784//1784
f 1915//1915 1784//1784 1658//1658 1785//1785
f 1916//1916 1785//1785 1661//1661 1788//1788
f 1787//1787 1662//1662 1786//1786 1917//1917
f 1918//1918 1788//1788 1787//1787 1919//1919
f 1920//1920 1790//1790 1664//1664 1789//1789
f 1790//1790 1921//1921 1791//1791 1665//1665
f 1791//1791 1922//1922 1792//1792 1666//1666
f 1792//1792 1923//1923 1924//1924 1793//1793
f 1793//1793 1924//1924 1794//1794 1668//1668
f 1794//1794 1925//1925 1795//1795 1669//1669
f 1795//1795 1926//1926 1796//1796 1670//1670
f 1796//1796 1927//1927 1797//1797 1671//1671
f 1797//1797 1928//1928 1929//1929 1798//1798
f 1672//1672 1798//1798 1930//1930 1799//1799
f 1931//1931 1800//1800 1673//1673 1799//1799
f 1801//1801 1674//1674 1800//1800 1932//1932
f 1675//1675 1801//1801 1933//1933 1802//1802
f 1771//1771 1802//1802 1933//1933 1898//1898
f 1770//1770 1897//1897 1934//1934 1803//1803
f 1677//1677 1803//1803 1935//1935 1936//1936
f 1805//1805 1804//1804 1937//1937 1938//1938
f 1678//1678 1805//1805 1939//1939 1806//1806
f 1680//1680 1679//1679 1806//1806 1807//1807
f 1807//1807 1806//1806 1939//1939 1808//1808
f 1682//1682 1808//1808 1940//1940 1809//1809
f 1809//1809 1940//1940 1941//1941 1810//1810
f 1684//1684 1810//1810 1942//1942 1811//1811
f 1685//1685 1811//1811 1943//1943 1812//1812
f 1813//1813 1812//1812 1944//1944 1945//1945
f 1687//1687 1686//1686 1813//1813 1814//1814
f 1946//1946 1816//1816 1815//1815 1947//1947
f 1948//1948 1689//1689 1816//1816 1949//1949
f 1818//1818 1817//1817 1950//1950 1951//1951
f 1819//1819 1690//1690 1818//1818 1952//1952
f 1953//1953 1826//1826 1701//1701 1822//1822
f 1954//1954 1822//1822 1698//1698 1823//1823
f 1955//1955 1823//1823 1699//1699 1824//1824
f 1956//1956 1824//1824 1700//1700 1825//1825
f 1957//1957 1825//1825 1702//1702 1827//1827
f 1958//1958 1831//1831 1706//1706 1826//1826
f 1959//1959 1827//1827 1821//1821 1828//1828
f 1960//1960 1828//1828 1703//1703 1829//1829
f 1845//1845 1829//1829 1704//1704 1720//1720
f 1961//1961 1830//1830 1710//1710 1835//1835
f 1962//1962 1963//1963 1832//1832 1831//1831
f 1834//1834 1709//1709 1832//1832 1963//1963
f 1964//1964 1833//1833 1834//1834 1965//1965
f 1836//1836 1711//1711 1833//1833 1964//1964
f 1966//1966 1835//1835 1836//1836 1967//1967
f 1837//1837 1968//1968 1969//1969 1838//1838
f 1840//1840 1715//1715 1839//1839 1970//1970
f 1839//1839 1716//1716 1841//1841 1971//1971
f 1972//1972 1841//1841 1717//1717 1843//1843
f 1843//1843 1842//1842 1864//1864 1973//1973
f 1846//1846 1974//1974 1845//1845 1844//1844
f 1842//1842 1820//1820 1739//1739 1864//1864
f 1847//1847 1975//1975 1846//1846 1722//1722
f 1848//1848 1976//1976 1847//1847 1723//1723
f 1977//1977 1976//1976 1848//1848 1849//1849
f 1978//1978 1849//1849 1724//1724 1850//1850
f 1850//1850 1726//1726 1851//1851 1979//1979
f 1980//1980 1851//1851 1727//1727 1852//1852
f 1981//1981 1852//1852 1728//1728 1853//1853
f 1854//1854 1982//1982 1853//1853 1729//1729
f 1983//1983 1854//1854 1830//1830 1961//1961
f 1984//1984 1985//1985 1856//1856 1855//1855
f 1857//1857 1984//1984 1855//1855 1732//1732
f 1858//1858 1986//1986 1987//1987 1859//1859
f 1734//1734 1859//1859 1988//1988 1860//1860
f 1985//1985 1858//1858 1733//1733 1856//1856
f 1988//1988 1861//1861 1735//1735 1860//1860
f 1861//1861 1989//1989 1862//1862 1736//1736
f 1862//1862 1990//1990 1863//1863 1737//1737
f 1973//1973 1864//1864 1738//1738 1863//1863
f 1743//1743 1819//1819 1952//1952 1865//1865
f 1744//1744 1865//1865 1991//1991 1866//1866
f 1867//1867 1745//1745 1866//1866 1992//1992
f 1993//1993 1874//1874 1751//1751 1867//1867
f 1994//1994 1869//1869 1746//1746 1868//1868
f 1995//1995 1868//1868 1748//1748 1871//1871
f 1996//1996 1997//1997 1870//1870 1869//1869
f 1998//1998 1871//1871 1749//1749 1872//1872
f 1999//1999 1872//1872 1750//1750 1873//1873
f 1873//1873 1874//1874 2000//2000 2001//2001
f 1870//1870 1997//1997 1875//1875 1752//1752
f 1875//1875 2002//2002 2003//2003 1876//1876
f 1876//1876 2004//2004 1877//1877 1753//1753
f 2004//2004 2005//2005 1879//1879 1877//1877
f 1879//1879 2006//2006 1880//1880 1755//1755
f 2007//2007 2008//2008 1881//1881 1756//1756
f 1881//1881 2009//2009 1882//1882 1757//1757
f 1882//1882 2010//2010 2011//2011 1883//1883
f 1758//1758 1883//1883 2012//2012 1884//1884
f 1884//1884 2012//2012 2013//2013 1885//1885
f 1759//1759 1885//1885 2014//2014 1886//1886
f 1760//1760 1886//1886 1893//1893 2015//2015
f 1887//1887 2016//2016 2017//2017 1888//1888
f 1761//1761 1888//1888 2018//2018 1889//1889
f 1889//1889 2018//2018 2019//2019 1890//1890
f 1890//1890 2019//2019 1891//1891 1764//1764
f 1891//1891 2020//2020 2021//2021 1892//1892
f 1893//1893 1766//1766 1892//1892 2021//2021
f 1886//1886 2014//2014 1894//1894 1893//1893
f 1894//1894 2022//2022 1895//1895 1767//1767
f 1895//1895 2023//2023 1896//1896 1768//1768
f 1769//1769 1896//1896 2024//2024 1897//1897
f 1900//1900 1772//1772 1898//1898 2025//2025
f 2026//2026 1899//1899 1900//1900 2027//2027
f 1901//1901 1774//1774 1899//1899 2026//2026
f 1775//1775 1901//1901 2028//2028 1902//1902
f 1903//1903 1776//1776 1902//1902 2029//2029
f 1777//1777 1903//1903 2030//2030 1905//1905
f 1906//1906 1651//1651 1904//1904 2031//2031
f 1904//1904 1905//1905 2032//2032 2033//2033
f 1917//1917 1786//1786 1906//1906 2031//2031
f 2034//2034 1907//1907 1778//1778 1909//1909
f 1907//1907 2035//2035 2036//2036 1908//1908
f 2037//2037 1909//1909 1780//1780 1911//1911
f 2038//2038 2037//2037 1911//1911 1910//1910
f 2039//2039 1910//1910 1781//1781 1912//1912
f 2040//2040 1912//1912 1782//1782 1913//1913
f 2041//2041 1913//1913 1783//1783 1914//1914
f 1914//1914 1784//1784 1915//1915 2042//2042
f 2042//2042 1915//1915 1785//1785 1916//1916
f 2043//2043 1916//1916 1788//1788 1918//1918
f 1919//1919 1787//1787 1917//1917 2044//2044
f 1918//1918 1919//1919 2045//2045 2046//2046
f 1920//1920 2047//2047 1921//1921 1790//1790
f 1921//1921 2048//2048 1922//1922 1791//1791
f 1922//1922 2049//2049 1923//1923 1792//1792
f 1923//1923 2050//2050 2051//2051 1924//1924
f 1924//1924 2051//2051 1925//1925 1794//1794
f 1925//1925 2052//2052 1926//1926 1795//1795
f 1926//1926 2053//2053 1927//1927 1796//1796
f 1927//1927 2054//2054 1928//1928 1797//1797
f 1928//1928 2055//2055 2056//2056 1929//1929
f 1930//1930 1798//1798 1929//1929 2057//2057
f 1930//1930 2058//2058 1931//1931 1799//1799
f 2059//2059 1932//1932 1800//1800 1931//1931
f 1801//1801 1932//1932 2060//2060 1933//1933
f 1898//1898 1933//1933 2060//2060 2025//2025
f 1897//1897 2024//2024 2061//2061 1934//1934
f 1803//1803 1934//1934 2062//2062 1935//1935
f 2063//2063 1936//1936 1935//1935 2064//2064
f 1804//1804 2063//2063 2064//2064 1937//1937
f 1937//1937 2065//2065 2066//2066 1938//1938
f 1805//1805 1938//1938 2067//2067 1939//1939
f 1939//1939 2067//2067 1940//1940 1808//1808
f 2067//2067 2068//2068 1941//1941 1940//1940
f 1810//1810 1941//1941 2069//2069 1942//1942
f 1811//1811 1942//1942 2070//2070 1943//1943
f 1812//1812 1943//1943 2071//2071 1944//1944
f 1945//1945 1944//1944 2072//2072 2073//2073
f 1814//1814 1813//1813 1945//1945 2074//2074
f 1949//1949 1816//1816 1946//1946 2075//2075
f 1815//1815 2076//2076 2077//2077 1947//1947
f 1946//1946 1947//1947 2011//2011 2010//2010
f 1950//1950 1948//1948 1949//1949 2078//2078
f 1951//1951 1950//1950 2078//2078 2079//2079
f 1952//1952 1818//1818 1951//1951 2080//2080
f 2081//2081 1958//1958 1826//1826 1953//1953
f 2082//2082 1953//1953 1822//1822 1954//1954
f 2083//2083 1954//1954 1823//1823 1955//1955
f 2084//2084 1955//1955 1824//1824 1956//1956
f 2085//2085 1956//1956 1825//1825 1957//1957
f 2086//2086 1957//1957 1827//1827 1959//1959
f 2087//2087 1962//1962 1831//1831 1958//1958
f 2088//2088 1959//1959 1828//1828 1960//1960
f 1974//1974 1960//1960 1829//1829 1845//1845
f 2089//2089 1961//1961 1835//1835 1966//1966
f 2090//2090 2091//2091 1963//1963 1962//1962
f 1965//1965 1834//1834 1963//1963 2091//2091
f 2092//2092 1964//1964 1965//1965 2093//2093
f 1967//1967 1836//1836 1964//1964 2092//2092
f 2094//2094 1966//1966 1967//1967 2095//2095
f 1968//1968 1840//1840 1970//1970 1969//1969
f 1838//1838 1969//1969 2096//2096 2097//2097
f 1839//1839 1971//1971 2098//2098 1970//1970
f 1972//1972 2099//2099 1971//1971 1841//1841
f 1972//1972 1843//1843 1973//1973 2100//2100
f 1975//1975 2101//2101 1974//1974 1846//1846
f 1976//1976 2102//2102 1975//1975 1847//1847
f 1977//1977 2103//2103 2102//2102 1976//1976
f 2104//2104 1977//1977 1849//1849 1978//1978
f 1978//1978 1850//1850 1979//1979 2105//2105
f 1980//1980 2106//2106 1979//1979 1851//1851
f 2107//2107 1980//1980 1852//1852 1981//1981
f 1981//1981 1853//1853 1982//1982 2108//2108
f 2109//2109 1982//1982 1854//1854 1983//1983
f 2110//2110 1983//1983 1961//1961 2089//2089
f 1984//1984 2111//2111 2112//2112 1985//1985
f 1857//1857 2097//2097 2111//2111 1984//1984
f 1985//1985 2112//2112 1986//1986 1858//1858
f 2112//2112 2113//2113 1987//1987 1986//1986
f 1859//1859 1987//1987 2114//2114 1988//1988
f 1988//1988 2114//2114 1989//1989 1861//1861
f 2115//2115 1990//1990 1862//1862 1989//1989
f 1973//1973 1863//1863 1990//1990 2100//2100
f 1991//1991 1865//1865 1952//1952 2080//2080
f 1866//1866 1991//1991 2116//2116 1992//1992
f 1993//1993 1867//1867 1992//1992 2117//2117
f 1993//1993 2118//2118 2000//2000 1874//1874
f 1994//1994 2119//2119 1996//1996 1869//1869
f 2120//2120 1994//1994 1868//1868 1995//1995
f 1998//1998 2121//2121 1995//1995 1871//1871
f 1996//1996 2122//2122 2123//2123 1997//1997
f 2124//2124 1998//1998 1872//1872 1999//1999
f 2125//2125 2001//2001 2000//2000 2126//2126
f 1997//1997 2123//2123 2002//2002 1875//1875
f 2002//2002 2127//2127 2128//2128 2003//2003
f 1876//1876 2003//2003 2129//2129 2004//2004
f 2004//2004 2129//2129 2130//2130 2005//2005
f 2005//2005 2131//2131 2006//2006 1879//1879
f 2006//2006 2132//2132 2007//2007 1880//1880
f 2008//2008 2133//2133 2009//2009 1881//1881
f 2009//2009 2134//2134 2010//2010 1882//1882
f 1883//1883 2011//2011 2135//2135 2012//2012
f 2012//2012 2135//2135 2136//2136 2013//2013
f 2014//2014 1885//1885 2013//2013 2137//2137
f 2015//2015 1893//1893 2138//2138 2139//2139
f 1887//1887 1760//1760 2015//2015 2016//2016
f 2016//2016 2140//2140 2141//2141 2017//2017
f 1888//1888 2017//2017 2142//2142 2018//2018
f 2018//2018 2142//2142 2143//2143 2019//2019
f 2019//2019 2143//2143 2020//2020 1891//1891
f 2021//2021 2020//2020 2144//2144 2145//2145
f 1893//1893 2021//2021 2145//2145 2138//2138
f 2014//2014 2137//2137 2022//2022 1894//1894
f 2022//2022 2146//2146 2023//2023 1895//1895
f 1896//1896 2023//2023 2147//2147 2024//2024
f 1900//1900 2025//2025 2148//2148 2027//2027
f 2026//2026 2027//2027 2149//2149 2150//2150
f 1901//1901 2026//2026 2150//2150 2028//2028
f 2029//2029 1902//1902 2028//2028 2151//2151
f 1903//1903 2029//2029 2152//2152 2030//2030
f 1905//1905 2030//2030 2153//2153 2032//2032
f 2154//2154 2031//2031 1904//1904 2155//2155
f 2156//2156 2033//2033 2032//2032 2157//2157
f 2044//2044 1917//1917 2031//2031 2154//2154
f 2034//2034 2158//2158 2035//2035 1907//1907
f 2037//2037 2159//2159 2034//2034 1909//1909
f 2035//2035 2160//2160 2161//2161 2036//2036
f 2162//2162 2159//2159 2037//2037 2038//2038
f 2163//2163 2038//2038 1910//1910 2039//2039
f 2164//2164 2039//2039 1912//1912 2040//2040
f 2041//2041 2165//2165 2040//2040 1913//1913
f 2166//2166 2041//2041 1914//1914 2042//2042
f 2167//2167 2042//2042 1916//1916 2043//2043
f 2168//2168 2043//2043 1918//1918 2046//2046
f 1919//1919 2044//2044 2169//2169 2045//2045
f 2046//2046 2045//2045 2170//2170 2171//2171
f 2036//2036 2161//2161 2047//2047 1920//1920
f 2047//2047 2172//2172 2048//2048 1921//1921
f 2048//2048 2173//2173 2049//2049 1922//1922
f 2049//2049 2174//2174 2050//2050 1923//1923
f 2050//2050 2175//2175 2176//2176 2051//2051
f 2051//2051 2176//2176 2052//2052 1925//1925
f 2052//2052 2177//2177 2053//2053 1926//1926
f 2053//2053 2178//2178 2054//2054 1927//1927
f 2054//2054 2179//2179 2055//2055 1928//1928
f 2055//2055 2180//2180 2181//2181 2056//2056
f 2057//2057 1929//1929 2056//2056 2182//2182
f 1930//1930 2057//2057 2183//2183 2058//2058
f 2184//2184 2059//2059 1931//1931 2058//2058
f 2059//2059 2185//2185 2060//2060 1932//1932
f 2148//2148 2025//2025 2060//2060 2185//2185
f 2147//2147 2186//2186 2061//2061 2024//2024
f 1934//1934 2061//2061 2187//2187 2062//2062
f 1935//1935 2062//2062 2188//2188 2064//2064
f 1937//1937 2064//2064 2188//2188 2065//2065
f 2066//2066 2065//2065 2189//2189 2190//2190
f 2067//2067 1938//1938 2066//2066 2068//2068
f 1941//1941 2068//2068 2191//2191 2069//2069
f 1942//1942 2069//2069 2192//2192 2070//2070
f 1943//1943 2070//2070 2193//2193 2071//2071
f 1944//1944 2071//2071 2194//2194 2072//2072
f 2073//2073 2072//2072 2195//2195 2196//2196
f 1945//1945 2073//2073 2197//2197 2074//2074
f 1814//1814 2074//2074 2198//2198 2199//2199
f 1815//1815 2199//2199 2200//2200 2076//2076
f 2075//2075 1946//1946 2010//2010 2134//2134
f 2078//2078 1949//1949 2075//2075 2201//2201
f 2077//2077 2076//2076 2202//2202 2203//2203
f 1947//1947 2077//2077 2135//2135 2011//2011
f 2079//2079 2078//2078 2201//2201 2204//2204
f 2080//2080 1951//1951 2205//2205 2206//2206
f 2207//2207 2087//2087 1958//1958 2081//2081
f 2082//2082 2208//2208 2081//2081 1953//1953
f 2082//2082 1954//1954 2083//2083 2209//2209
f 2210//2210 2083//2083 1955//1955 2084//2084
f 2211//2211 2084//2084 1956//1956 2085//2085
f 2212//2212 2085//2085 1957//1957 2086//2086
f 2213//2213 2086//2086 1959//1959 2088//2088
f 2214//2214 2090//2090 1962//1962 2087//2087
f 2101//2101 2088//2088 1960//1960 1974//1974
f 2215//2215 2089//2089 1966//1966 2094//2094
f 2216//2216 2091//2091 2090//2090 2217//2217
f 2093//2093 1965//1965 2091//2091 2216//2216
f 2218//2218 2092//2092 2093//2093 2219//2219
f 2095//2095 1967//1967 2092//2092 2218//2218
f 2220//2220 2094//2094 2095//2095 2221//2221
f 2096//2096 1969//1969 1970//1970 2098//2098
f 2097//2097 2096//2096 2222//2222 2111//2111
f 1971//1971 2099//2099 2223//2223 2098//2098
f 1972//1972 2100//2100 2224//2224 2099//2099
f 2102//2102 2225//2225 2101//2101 1975//1975
f 2104//2104 2226//2226 2103//2103 1977//1977
f 2103//2103 2227//2227 2225//2225 2102//2102
f 2228//2228 2104//2104 1978//1978 2105//2105
f 2229//2229 2105//2105 1979//1979 2106//2106
f 2107//2107 2230//2230 2106//2106 1980//1980
f 2107//2107 1981//1981 2108//2108 2231//2231
f 2109//2109 2232//2232 2108//2108 1982//1982
f 2233//2233 2109//2109 1983//1983 2110//2110
f 2234//2234 2110//2110 2089//2089 2215//2215
f 2111//2111 2222//2222 2113//2113 2112//2112
f 2113//2113 2235//2235 2114//2114 1987//1987
f 2114//2114 2235//2235 2115//2115 1989//1989
f 2115//2115 2224//2224 2100//2100 1990//1990
f 1991//1991 2206//2206 2236//2236 2116//2116
f 2117//2117 1992//1992 2116//2116 2237//2237
f 2126//2126 2000//2000 2118//2118 2238//2238
f 2239//2239 2119//2119 1994//1994 2240//2240
f 2241//2241 2122//2122 1996//1996 2119//2119
f 2120//2120 1995//1995 2121//2121 2242//2242
f 2243//2243 2121//2121 1998//1998 2124//2124
f 2122//2122 2244//2244 2245//2245 2123//2123
f 2246//2246 2124//2124 1999//1999 2247//2247
f 2248//2248 2249//2249 2001//2001 2125//2125
f 2250//2250 2125//2125 2126//2126 2251//2251
f 2245//2245 2127//2127 2002//2002 2123//2123
f 2252//2252 2253//2253 2128//2128 2127//2127
f 2003//2003 2128//2128 2254//2254 2129//2129
f 2129//2129 2254//2254 2255//2255 2130//2130
f 2005//2005 2130//2130 2256//2256 2131//2131
f 2006//2006 2131//2131 2257//2257 2258//2258
f 2008//2008 2259//2259 2260//2260 2133//2133
f 2133//2133 2261//2261 2134//2134 2009//2009
f 2077//2077 2203//2203 2136//2136 2135//2135
f 2013//2013 2136//2136 2262//2262 2137//2137
f 2139//2139 2138//2138 2263//2263 2264//2264
f 2016//2016 2015//2015 2139//2139 2140//2140
f 2017//2017 2141//2141 2265//2265 2142//2142
f 2142//2142 2265//2265 2266//2266 2143//2143
f 2143//2143 2266//2266 2144//2144 2020//2020
f 2145//2145 2144//2144 2267//2267 2268//2268
f 2138//2138 2145//2145 2268//2268 2263//2263
f 2137//2137 2262//2262 2146//2146 2022//2022
f 2146//2146 2269//2269 2147//2147 2023//2023
f 2149//2149 2027//2027 2148//2148 2270//2270
f 2150//2150 2149//2149 2271//2271 2272//2272
f 2151//2151 2028//2028 2150//2150 2272//2272
f 2152//2152 2029//2029 2151//2151 2273//2273
f 2030//2030 2152//2152 2274//2274 2153//2153
f 2032//2032 2153//2153 2275//2275 2157//2157
f 2154//2154 2155//2155 2276//2276 2277//2277
f 2155//2155 2033//2033 2156//2156 2276//2276
f 2156//2156 2157//2157 2278//2278 2279//2279
f 2044//2044 2154//2154 2277//2277 2169//2169
f 2034//2034 2159//2159 2280//2280 2158//2158
f 2158//2158 2281//2281 2160//2160 2035//2035
f 2160//2160 2282//2282 2283//2283 2161//2161
f 2284//2284 2280//2280 2159//2159 2162//2162
f 2162//2162 2038//2038 2163//2163 2285//2285
f 2286//2286 2163//2163 2039//2039 2164//2164
f 2287//2287 2164//2164 2040//2040 2165//2165
f 2288//2288 2289//2289 2041//2041 2166//2166
f 2290//2290 2167//2167 2043//2043 2168//2168
f 2170//2170 2045//2045 2169//2169 2291//2291
f 2292//2292 2171//2171 2170//2170 2293//2293
f 2161//2161 2283//2283 2172//2172 2047//2047
f 2172//2172 2294//2294 2173//2173 2048//2048
f 2173//2173 2295//2295 2174//2174 2049//2049
f 2174//2174 2296//2296 2175//2175 2050//2050
f 2176//2176 2175//2175 2297//2297 2298//2298
f 2176//2176 2298//2298 2177//2177 2052//2052
f 2177//2177 2299//2299 2178//2178 2053//2053
f 2054//2054 2178//2178 2300//2300 2179//2179
f 2179//2179 2301//2301 2180//2180 2055//2055
f 2180//2180 2302//2302 2303//2303 2181//2181
f 2056//2056 2181//2181 2304//2304 2182//2182
f 2183//2183 2057//2057 2182//2182 2305//2305
f 2184//2184 2058//2058 2183//2183 2306//2306
f 2184//2184 2270//2270 2185//2185 2059//2059
f 2269//2269 2307//2307 2186//2186 2147//2147
f 2186//2186 2308//2308 2187//2187 2061//2061
f 2062//2062 2187//2187 2309//2309 2188//2188
f 2065//2065 2188//2188 2309//2309 2189//2189
f 2310//2310 2190//2190 2189//2189 2311//2311
f 2191//2191 2068//2068 2066//2066 2190//2190
f 2312//2312 2192//2192 2069//2069 2191//2191
f 2070//2070 2192//2192 2313//2313 2193//2193
f 2071//2071 2193//2193 2314//2314 2194//2194
f 2072//2072 2194//2194 2315//2315 2195//2195
f 2196//2196 2195//2195 2316//2316 2317//2317
f 2197//2197 2073//2073 2196//2196 2318//2318
f 2074//2074 2197//2197 2319//2319 2198//2198
f 2199//2199 2198//2198 2320//2320 2312//2312
f 2076//2076 2200//2200 2321//2321 2202//2202
f 2201//2201 2075//2075 2134//2134 2261//2261
f 2204//2204 2201//2201 2261//2261 2322//2322
f 2205//2205 2079//2079 2204//2204 2323//2323
f 2236//2236 2206//2206 2205//2205 2324//2324
f 2325//2325 2214//2214 2087//2087 2207//2207
f 2326//2326 2207//2207 2081//2081 2208//2208
f 2082//2082 2209//2209 2327//2327 2208//2208
f 2210//2210 2328//2328 2209//2209 2083//2083
f 2329//2329 2210//2210 2084//2084 2211//2211
f 2330//2330 2211//2211 2085//2085 2212//2212
f 2331//2331 2212//2212 2086//2086 2213//2213
f 2225//2225 2213//2213 2088//2088 2101//2101
f 2332//2332 2217//2217 2090//2090 2214//2214
f 2333//2333 2215//2215 2094//2094 2220//2220
f 2334//2334 2335//2335 2216//2216 2217//2217
f 2219//2219 2093//2093 2216//2216 2335//2335
f 2336//2336 2218//2218 2219//2219 2337//2337
f 2095//2095 2218//2218 2336//2336 2221//2221
f 2338//2338 2220//2220 2221//2221 2339//2339
f 2096//2096 2098//2098 2223//2223 2222//2222
f 2340//2340 2223//2223 2099//2099 2224//2224
f 2228//2228 2341//2341 2226//2226 2104//2104
f 2226//2226 2342//2342 2227//2227 2103//2103
f 2227//2227 2331//2331 2213//2213 2225//2225
f 2343//2343 2228//2228 2105//2105 2229//2229
f 2344//2344 2229//2229 2106//2106 2230//2230
f 2107//2107 2231//2231 2345//2345 2230//2230
f 2108//2108 2232//2232 2346//2346 2231//2231
f 2347//2347 2232//2232 2109//2109 2233//2233
f 2348//2348 2233//2233 2110//2110 2234//2234
f 2349//2349 2234//2234 2215//2215 2333//2333
f 2222//2222 2223//2223 2340//2340 2113//2113
f 2115//2115 2235//2235 2340//2340 2224//2224
f 2237//2237 2116//2116 2236//2236 2350//2350
f 2351//2351 2117//2117 2237//2237 2352//2352
f 2238//2238 2118//2118 2353//2353 2354//2354
f 2251//2251 2126//2126 2238//2238 2355//2355
f 2239//2239 2356//2356 2241//2241 2119//2119
f 2357//2357 2239//2239 2240//2240 2358//2358
f 2359//2359 2244//2244 2122//2122 2241//2241
f 2243//2243 2360//2360 2242//2242 2121//2121
f 2358//2358 2240//2240 2120//2120 2242//2242
f 2361//2361 2243//2243 2124//2124 2246//2246
f 2244//2244 2362//2362 2363//2363 2245//2245
f 2246//2246 2247//2247 2364//2364 2365//2365
f 2364//2364 2247//2247 2249//2249 2248//2248
f 2366//2366 2248//2248 2125//2125 2250//2250
f 2367//2367 2250//2250 2251//2251 2368//2368
f 2363//2363 2252//2252 2127//2127 2245//2245
f 2369//2369 2370//2370 2253//2253 2252//2252
f 2128//2128 2253//2253 2371//2371 2254//2254
f 2371//2371 2372//2372 2255//2255 2254//2254
f 2130//2130 2255//2255 2373//2373 2256//2256
f 2131//2131 2256//2256 2374//2374 2257//2257
f 2132//2132 2375//2375 2259//2259 2008//2008
f 2376//2376 2260//2260 2259//2259 2377//2377
f 2322//2322 2261//2261 2133//2133 2260//2260
f 2136//2136 2203//2203 2378//2378 2262//2262
f 2264//2264 2263//2263 2379//2379 2380//2380
f 2140//2140 2139//2139 2264//2264 2381//2381
f 2141//2141 2381//2381 2382//2382 2265//2265
f 2265//2265 2382//2382 2383//2383 2266//2266
f 2266//2266 2383//2383 2267//2267 2144//2144
f 2268//2268 2267//2267 2384//2384 2385//2385
f 2263//2263 2268//2268 2385//2385 2379//2379
f 2262//2262 2378//2378 2269//2269 2146//2146
f 2149//2149 2270//2270 2386//2386 2271//2271
f 2387//2387 2272//2272 2271//2271 2388//2388
f 2151//2151 2272//2272 2387//2387 2273//2273
f 2274//2274 2152//2152 2273//2273 2389//2389
f 2153//2153 2274//2274 2390//2390 2275//2275
f 2157//2157 2275//2275 2391//2391 2278//2278
f 2276//2276 2156//2156 2279//2279 2392//2392
f 2279//2279 2278//2278 2393//2393 2394//2394
f 2291//2291 2169//2169 2277//2277 2395//2395
f 2280//2280 2396//2396 2281//2281 2158//2158
f 2281//2281 2397//2397 2282//2282 2160//2160
f 2282//2282 2398//2398 2399//2399 2283//2283
f 2284//2284 2400//2400 2396//2396 2280//2280
f 2284//2284 2162//2162 2285//2285 2401//2401
f 2286//2286 2402//2402 2285//2285 2163//2163
f 2403//2403 2286//2286 2164//2164 2287//2287
f 2404//2404 2287//2287 2165//2165 2289//2289
f 2404//2404 2289//2289 2288//2288 2405//2405
f 2288//2288 2166//2166 2167//2167 2290//2290
f 2406//2406 2290//2290 2168//2168 2407//2407
f 2170//2170 2291//2291 2408//2408 2293//2293
f 2409//2409 2292//2292 2293//2293 2410//2410
f 2283//2283 2399//2399 2294//2294 2172//2172
f 2294//2294 2411//2411 2412//2412 2173//2173
f 2295//2295 2413//2413 2296//2296 2174//2174
f 2296//2296 2414//2414 2297//2297 2175//2175
f 2297//2297 2415//2415 2416//2416 2298//2298
f 2298//2298 2416//2416 2299//2299 2177//2177
f 2299//2299 2417//2417 2300//2300 2178//2178
f 2179//2179 2300//2300 2418//2418 2301//2301
f 2301//2301 2419//2419 2302//2302 2180//2180
f 2302//2302 2420//2420 2421//2421 2303//2303
f 2181//2181 2303//2303 2422//2422 2304//2304
f 2305//2305 2182//2182 2304//2304 2423//2423
f 2183//2183 2305//2305 2424//2424 2306//2306
f 2386//2386 2270//2270 2184//2184 2306//2306
f 2378//2378 2425//2425 2307//2307 2269//2269
f 2307//2307 2426//2426 2308//2308 2186//2186
f 2426//2426 2309//2309 2187//2187 2308//2308
f 2311//2311 2189//2189 2309//2309 2426//2426
f 2312//2312 2191//2191 2190//2190 2310//2310
f 2321//2321 2310//2310 2311//2311 2425//2425
f 2312//2312 2320//2320 2313//2313 2192//2192
f 2193//2193 2313//2313 2427//2427 2314//2314
f 2194//2194 2314//2314 2428//2428 2315//2315
f 2195//2195 2315//2315 2429//2429 2316//2316
f 2317//2317 2316//2316 2430//2430 2431//2431
f 2196//2196 2317//2317 2432//2432 2318//2318
f 2197//2197 2318//2318 2433//2433 2319//2319
f 2198//2198 2319//2319 2434//2434 2320//2320
f 2312//2312 2310//2310 2321//2321 2200//2200
f 2323//2323 2204//2204 2322//2322 2435//2435
f 2324//2324 2205//2205 2323//2323 2436//2436
f 2350//2350 2236//2236 2324//2324 2437//2437
f 2438//2438 2332//2332 2214//2214 2325//2325
f 2439//2439 2325//2325 2207//2207 2326//2326
f 2440//2440 2326//2326 2208//2208 2327//2327
f 2441//2441 2327//2327 2209//2209 2328//2328
f 2329//2329 2442//2442 2328//2328 2210//2210
f 2443//2443 2329//2329 2211//2211 2330//2330
f 2444//2444 2330//2330 2212//2212 2331//2331
f 2445//2445 2334//2334 2217//2217 2332//2332
f 2446//2446 2333//2333 2220//2220 2338//2338
f 2447//2447 2448//2448 2335//2335 2334//2334
f 2337//2337 2219//2219 2335//2335 2448//2448
f 2449//2449 2336//2336 2337//2337 2450//2450
f 2339//2339 2221//2221 2336//2336 2449//2449
f 2451//2451 2338//2338 2339//2339 2452//2452
f 2343//2343 2453//2453 2341//2341 2228//2228
f 2341//2341 2454//2454 2342//2342 2226//2226
f 2342//2342 2444//2444 2331//2331 2227//2227
f 2455//2455 2343//2343 2229//2229 2344//2344
f 2456//2456 2344//2344 2230//2230 2345//2345
f 2457//2457 2345//2345 2231//2231 2346//2346
f 2458//2458 2346//2346 2232//2232 2347//2347
f 2459//2459 2347//2347 2233//2233 2348//2348
f 2460//2460 2348//2348 2234//2234 2349//2349
f 2461//2461 2349//2349 2333//2333 2446//2446
f 2237//2237 2350//2350 2462//2462 2352//2352
f 2351//2351 2352//2352 2463//2463 2464//2464
f 2353//2353 2351//2351 2464//2464 2354//2354
f 2355//2355 2238//2238 2354//2354 2465//2465
f 2368//2368 2251//2251 2355//2355 2466//2466
f 2357//2357 2467//2467 2356//2356 2239//2239
f 2356//2356 2468//2468 2359//2359 2241//2241
f 2469//2469 2357//2357 2358//2358 2470//2470
f 2359//2359 2471//2471 2362//2362 2244//2244
f 2472//2472 2360//2360 2243//2243 2361//2361
f 2470//2470 2358//2358 2242//2242 2360//2360
f 2473//2473 2361//2361 2246//2246 2365//2365
f 2474//2474 2475//2475 2363//2363 2362//2362
f 2476//2476 2365//2365 2364//2364 2477//2477
f 2477//2477 2364//2364 2248//2248 2366//2366
f 2478//2478 2366//2366 2250//2250 2367//2367
f 2367//2367 2368//2368 2479//2479 2480//2480
f 2363//2363 2475//2475 2369//2369 2252//2252
f 2369//2369 2481//2481 2482//2482 2370//2370
f 2370//2370 2483//2483 2371//2371 2253//2253
f 2371//2371 2483//2483 2484//2484 2372//2372
f 2255//2255 2372//2372 2485//2485 2373//2373
f 2256//2256 2373//2373 2486//2486 2374//2374
f 2257//2257 2374//2374 2487//2487 2488//2488
f 2375//2375 2489//2489 2377//2377 2259//2259
f 2435//2435 2322//2322 2260//2260 2376//2376
f 2376//2376 2377//2377 2490//2490 2491//2491
f 2380//2380 2379//2379 2492//2492 2493//2493
f 2381//2381 2264//2264 2380//2380 2494//2494
f 2381//2381 2494//2494 2495//2495 2382//2382
f 2382//2382 2495//2495 2496//2496 2383//2383
f 2383//2383 2496//2496 2384//2384 2267//2267
f 2384//2384 2497//2497 2498//2498 2385//2385
f 2379//2379 2385//2385 2498//2498 2492//2492
f 2271//2271 2386//2386 2499//2499 2388//2388
f 2387//2387 2388//2388 2500//2500 2501//2501
f 2273//2273 2387//2387 2501//2501 2389//2389
f 2274//2274 2389//2389 2502//2502 2390//2390
f 2391//2391 2275//2275 2390//2390 2503//2503
f 2393//2393 2278//2278 2391//2391 2504//2504
f 2392//2392 2279//2279 2394//2394 2505//2505
f 2394//2394 2393//2393 2506//2506 2507//2507
f 2408//2408 2291//2291 2395//2395 2508//2508
f 2396//2396 2509//2509 2397//2397 2281//2281
f 2397//2397 2510//2510 2398//2398 2282//2282
f 2398//2398 2511//2511 2512//2512 2399//2399
f 2513//2513 2514//2514 2400//2400 2284//2284
f 2400//2400 2515//2515 2509//2509 2396//2396
f 2285//2285 2402//2402 2516//2516 2401//2401
f 2403//2403 2517//2517 2402//2402 2286//2286
f 2405//2405 2288//2288 2290//2290 2406//2406
f 2518//2518 2404//2404 2405//2405 2519//2519
f 2520//2520 2406//2406 2407//2407 2521//2521
f 2410//2410 2293//2293 2408//2408 2522//2522
f 2521//2521 2407//2407 2292//2292 2409//2409
f 2523//2523 2409//2409 2410//2410 2524//2524
f 2399//2399 2512//2512 2411//2411 2294//2294
f 2411//2411 2525//2525 2526//2526 2412//2412
f 2526//2526 2413//2413 2295//2295 2412//2412
f 2413//2413 2527//2527 2414//2414 2296//2296
f 2414//2414 2528//2528 2415//2415 2297//2297
f 2415//2415 2529//2529 2530//2530 2416//2416
f 2416//2416 2530//2530 2417//2417 2299//2299
f 2417//2417 2531//2531 2418//2418 2300//2300
f 2301//2301 2418//2418 2532//2532 2419//2419
f 2419//2419 2533//2533 2420//2420 2302//2302
f 2303//2303 2421//2421 2534//2534 2422//2422
f 2423//2423 2304//2304 2422//2422 2535//2535
f 2424//2424 2305//2305 2423//2423 2536//2536
f 2499//2499 2386//2386 2306//2306 2424//2424
f 2425//2425 2311//2311 2426//2426 2307//2307
f 2320//2320 2434//2434 2427//2427 2313//2313
f 2427//2427 2537//2537 2428//2428 2314//2314
f 2315//2315 2428//2428 2538//2538 2429//2429
f 2316//2316 2429//2429 2539//2539 2430//2430
f 2431//2431 2430//2430 2540//2540 2541//2541
f 2317//2317 2431//2431 2542//2542 2432//2432
f 2318//2318 2432//2432 2543//2543 2433//2433
f 2319//2319 2433//2433 2544//2544 2434//2434
f 2436//2436 2323//2323 2435//2435 2545//2545
f 2324//2324 2436//2436 2546//2546 2437//2437
f 2350//2350 2437//2437 2547//2547 2462//2462
f 2548//2548 2445//2445 2332//2332 2438//2438
f 2549//2549 2438//2438 2325//2325 2439//2439
f 2550//2550 2439//2439 2326//2326 2440//2440
f 2441//2441 2551//2551 2440//2440 2327//2327
f 2552//2552 2441//2441 2328//2328 2442//2442
f 2443//2443 2553//2553 2442//2442 2329//2329
f 2554//2554 2443//2443 2330//2330 2444//2444
f 2555//2555 2447//2447 2334//2334 2445//2445
f 2451//2451 2556//2556 2446//2446 2338//2338
f 2557//2557 2558//2558 2448//2448 2447//2447
f 2450//2450 2337//2337 2448//2448 2558//2558
f 2559//2559 2449//2449 2450//2450 2560//2560
f 2452//2452 2339//2339 2449//2449 2559//2559
f 2561//2561 2451//2451 2452//2452 2562//2562
f 2455//2455 2563//2563 2453//2453 2343//2343
f 2453//2453 2564//2564 2454//2454 2341//2341
f 2342//2342 2454//2454 2554//2554 2444//2444
f 2565//2565 2455//2455 2344//2344 2456//2456
f 2566//2566 2456//2456 2345//2345 2457//2457
f 2567//2567 2457//2457 2346//2346 2458//2458
f 2458//2458 2347//2347 2459//2459 2568//2568
f 2569//2569 2459//2459 2348//2348 2460//2460
f 2570//2570 2460//2460 2349//2349 2461//2461
f 2571//2571 2461//2461 2446//2446 2556//2556
f 2463//2463 2352//2352 2462//2462 2572//2572
f 2573//2573 2464//2464 2463//2463 2574//2574
f 2465//2465 2354//2354 2464//2464 2573//2573
f 2466//2466 2355//2355 2465//2465 2575//2575
f 2368//2368 2466//2466 2576//2576 2479//2479
f 2469//2469 2577//2577 2467//2467 2357//2357
f 2467//2467 2578//2578 2468//2468 2356//2356
f 2579//2579 2471//2471 2359//2359 2468//2468
f 2580//2580 2469//2469 2470//2470 2581//2581
f 2582//2582 2474//2474 2362//2362 2471//2471
f 2581//2581 2470//2470 2360//2360 2472//2472
f 2473//2473 2583//2583 2472//2472 2361//2361
f 2476//2476 2584//2584 2473//2473 2365//2365
f 2474//2474 2585//2585 2586//2586 2475//2475
f 2476//2476 2477//2477 2587//2587 2588//2588
f 2587//2587 2477//2477 2366//2366 2478//2478
f 2589//2589 2478//2478 2367//2367 2480//2480
f 2590//2590 2480//2480 2479//2479 2591//2591
f 2586//2586 2592//2592 2369//2369 2475//2475
f 2481//2481 2593//2593 2594//2594 2482//2482
f 2370//2370 2482//2482 2595//2595 2483//2483
f 2483//2483 2595//2595 2596//2596 2484//2484
f 2373//2373 2485//2485 2597//2597 2486//2486
f 2374//2374 2486//2486 2598//2598 2487//2487
f 2488//2488 2487//2487 2599//2599 2600//2600
f 2488//2488 2600//2600 2489//2489 2375//2375
f 2489//2489 2601//2601 2490//2490 2377//2377
f 2545//2545 2435//2435 2376//2376 2491//2491
f 2491//2491 2490//2490 2602//2602 2603//2603
f 2493//2493 2492//2492 2604//2604 2605//2605
f 2494//2494 2380//2380 2493//2493 2606//2606
f 2494//2494 2606//2606 2607//2607 2495//2495
f 2495//2495 2607//2607 2608//2608 2496//2496
f 2496//2496 2608//2608 2497//2497 2384//2384
f 2497//2497 2609//2609 2610//2610 2498//2498
f 2492//2492 2498//2498 2610//2610 2604//2604
f 2500//2500 2388//2388 2499//2499 2611//2611
f 2501//2501 2500//2500 2612//2612 2613//2613
f 2389//2389 2501//2501 2613//2613 2502//2502
f 2503//2503 2390//2390 2502//2502 2614//2614
f 2391//2391 2503//2503 2615//2615 2504//2504
f 2393//2393 2504//2504 2616//2616 2506//2506
f 2505//2505 2394//2394 2507//2507 2617//2617
f 2618//2618 2619//2619 2392//2392 2505//2505
f 2507//2507 2506//2506 2620//2620 2621//2621
f 2508//2508 2395//2395 2619//2619 2618//2618
f 2408//2408 2508//2508 2622//2622 2522//2522
f 2509//2509 2623//2623 2510//2510 2397//2397
f 2510//2510 2624//2624 2511//2511 2398//2398
f 2511//2511 2625//2625 2626//2626 2512//2512
f 2627//2627 2628//2628 2514//2514 2513//2513
f 2514//2514 2629//2629 2515//2515 2400//2400
f 2515//2515 2630//2630 2623//2623 2509//2509
f 2517//2517 2631//2631 2516//2516 2402//2402
f 2513//2513 2401//2401 2516//2516 2632//2632
f 2633//2633 2634//2634 2517//2517 2403//2403
f 2519//2519 2405//2405 2406//2406 2520//2520
f 2518//2518 2519//2519 2635//2635 2633//2633
f 2636//2636 2520//2520 2521//2521 2637//2637
f 2410//2410 2522//2522 2638//2638 2524//2524
f 2637//2637 2521//2521 2409//2409 2523//2523
f 2523//2523 2524//2524 2639//2639 2640//2640
f 2512//2512 2626//2626 2525//2525 2411//2411
f 2525//2525 2641//2641 2642//2642 2526//2526
f 2526//2526 2642//2642 2527//2527 2413//2413
f 2527//2527 2643//2643 2528//2528 2414//2414
f 2528//2528 2644//2644 2529//2529 2415//2415
f 2529//2529 2645//2645 2646//2646 2530//2530
f 2530//2530 2646//2646 2531//2531 2417//2417
f 2419//2419 2532//2532 2647//2647 2533//2533
f 2533//2533 2648//2648 2649//2649 2420//2420
f 2535//2535 2422//2422 2534//2534 2650//2650
f 2536//2536 2423//2423 2535//2535 2651//2651
f 2499//2499 2424//2424 2536//2536 2611//2611
f 2434//2434 2544//2544 2537//2537 2427//2427
f 2428//2428 2537//2537 2652//2652 2538//2538
f 2429//2429 2538//2538 2653//2653 2539//2539
f 2430//2430 2539//2539 2654//2654 2540//2540
f 2541//2541 2540//2540 2655//2655 2656//2656
f 2542//2542 2431//2431 2541//2541 2657//2657
f 2432//2432 2542//2542 2658//2658 2543//2543
f 2433//2433 2543//2543 2659//2659 2544//2544
f 2546//2546 2436//2436 2545//2545 2660//2660
f 2547//2547 2437//2437 2546//2546 2661//2661
f 2572//2572 2462//2462 2547//2547 2662//2662
f 2663//2663 2555//2555 2445//2445 2548//2548
f 2664//2664 2548//2548 2438//2438 2549//2549
f 2665//2665 2549//2549 2439//2439 2550//2550
f 2666//2666 2550//2550 2440//2440 2551//2551
f 2667//2667 2551//2551 2441//2441 2552//2552
f 2668//2668 2552//2552 2442//2442 2553//2553
f 2669//2669 2553//2553 2443//2443 2554//2554
f 2670//2670 2557//2557 2447//2447 2555//2555
f 2671//2671 2556//2556 2451//2451 2561//2561
f 2672//2672 2558//2558 2557//2557 2673//2673
f 2560//2560 2450//2450 2558//2558 2672//2672
f 2674//2674 2559//2559 2560//2560 2675//2675
f 2562//2562 2452//2452 2559//2559 2674//2674
f 2676//2676 2561//2561 2562//2562 2677//2677
f 2563//2563 2678//2678 2564//2564 2453//2453
f 2669//2669 2554//2554 2454//2454 2564//2564
f 2566//2566 2679//2679 2565//2565 2456//2456
f 2680//2680 2566//2566 2457//2457 2567//2567
f 2681//2681 2567//2567 2458//2458 2568//2568
f 2569//2569 2682//2682 2568//2568 2459//2459
f 2683//2683 2569//2569 2460//2460 2570//2570
f 2684//2684 2570//2570 2461//2461 2571//2571
f 2685//2685 2571//2571 2556//2556 2671//2671
f 2574//2574 2463//2463 2572//2572 2686//2686
f 2573//2573 2574//2574 2687//2687 2688//2688
f 2575//2575 2465//2465 2573//2573 2688//2688
f 2576//2576 2466//2466 2575//2575 2689//2689
f 2591//2591 2479//2479 2576//2576 2690//2690
f 2580//2580 2691//2691 2577//2577 2469//2469
f 2577//2577 2692//2692 2578//2578 2467//2467
f 2578//2578 2693//2693 2579//2579 2468//2468
f 2579//2579 2694//2694 2582//2582 2471//2471
f 2695//2695 2580//2580 2581//2581 2696//2696
f 2582//2582 2697//2697 2585//2585 2474//2474
f 2696//2696 2581//2581 2472//2472 2583//2583
f 2698//2698 2583//2583 2473//2473 2584//2584
f 2699//2699 2700//2700 2586//2586 2585//2585
f 2701//2701 2588//2588 2587//2587 2702//2702
f 2702//2702 2587//2587 2478//2478 2589//2589
f 2703//2703 2589//2589 2480//2480 2590//2590
f 2590//2590 2591//2591 2704//2704 2705//2705
f 2586//2586 2700//2700 2706//2706 2592//2592
f 2592//2592 2706//2706 2593//2593 2481//2481
f 2593//2593 2707//2707 2708//2708 2594//2594
f 2482//2482 2594//2594 2709//2709 2595//2595
f 2595//2595 2709//2709 2710//2710 2596//2596
f 2484//2484 2596//2596 2711//2711 2712//2712
f 2485//2485 2713//2713 2714//2714 2597//2597
f 2486//2486 2597//2597 2715//2715 2598//2598
f 2487//2487 2598//2598 2716//2716 2599//2599
f 2660//2660 2545//2545 2491//2491 2603//2603
f 2603//2603 2602//2602 2717//2717 2718//2718
f 2605//2605 2604//2604 2719//2719 2720//2720
f 2606//2606 2493//2493 2605//2605 2721//2721
f 2606//2606 2721//2721 2722//2722 2607//2607
f 2607//2607 2722//2722 2723//2723 2608//2608
f 2608//2608 2723//2723 2609//2609 2497//2497
f 2609//2609 2724//2724 2725//2725 2610//2610
f 2604//2604 2610//2610 2725//2725 2719//2719
f 2500//2500 2611//2611 2726//2726 2612//2612
f 2613//2613 2612//2612 2727//2727 2728//2728
f 2614//2614 2502//2502 2613//2613 2728//2728
f 2503//2503 2614//2614 2729//2729 2615//2615
f 2504//2504 2615//2615 2730//2730 2616//2616
f 2620//2620 2506//2506 2616//2616 2731//2731
f 2617//2617 2507//2507 2621//2621 2732//2732
f 2618//2618 2505//2505 2617//2617 2733//2733
f 2621//2621 2620//2620 2734//2734 2735//2735
f 2622//2622 2508//2508 2618//2618 2733//2733
f 2522//2522 2622//2622 2736//2736 2638//2638
f 2623//2623 2737//2737 2624//2624 2510//2510
f 2624//2624 2738//2738 2625//2625 2511//2511
f 2625//2625 2739//2739 2740//2740 2626//2626
f 2741//2741 2742//2742 2628//2628 2627//2627
f 2628//2628 2743//2743 2629//2629 2514//2514
f 2744//2744 2627//2627 2513//2513 2632//2632
f 2629//2629 2745//2745 2630//2630 2515//2515
f 2630//2630 2746//2746 2737//2737 2623//2623
f 2634//2634 2747//2747 2631//2631 2517//2517
f 2631//2631 2748//2748 2632//2632 2516//2516
f 2635//2635 2749//2749 2634//2634 2633//2633
f 2635//2635 2519//2519 2520//2520 2636//2636
f 2636//2636 2637//2637 2750//2750 2751//2751
f 2639//2639 2524//2524 2638//2638 2752//2752
f 2637//2637 2523//2523 2640//2640 2750//2750
f 2640//2640 2639//2639 2753//2753 2754//2754
f 2626//2626 2740//2740 2641//2641 2525//2525
f 2641//2641 2755//2755 2756//2756 2642//2642
f 2643//2643 2757//2757 2644//2644 2528//2528
f 2758//2758 2645//2645 2529//2529 2644//2644
f 2646//2646 2759//2759 2532//2532 2531//2531
f 2760//2760 2647//2647 2532//2532 2759//2759
f 2647//2647 2761//2761 2648//2648 2533//2533
f 2762//2762 2763//2763 2649//2649 2648//2648
f 2420//2420 2649//2649 2764//2764 2765//2765
f 2650//2650 2534//2534 2766//2766 2767//2767
f 2726//2726 2611//2611 2536//2536 2651//2651
f 2544//2544 2659//2659 2652//2652 2537//2537
f 2538//2538 2652//2652 2768//2768 2653//2653
f 2539//2539 2653//2653 2769//2769 2654//2654
f 2540//2540 2654//2654 2770//2770 2655//2655
f 2656//2656 2655//2655 2771//2771 2772//2772
f 2541//2541 2656//2656 2773//2773 2657//2657
f 2542//2542 2657//2657 2774//2774 2658//2658
f 2543//2543 2658//2658 2775//2775 2659//2659
f 2546//2546 2660//2660 2776//2776 2661//2661
f 2547//2547 2661//2661 2777//2777 2778//2778
f 2686//2686 2572//2572 2662//2662 2779//2779
f 2780//2780 2670//2670 2555//2555 2663//2663
f 2781//2781 2663//2663 2548//2548 2664//2664
f 2782//2782 2664//2664 2549//2549 2665//2665
f 2783//2783 2665//2665 2550//2550 2666//2666
f 2784//2784 2666//2666 2551//2551 2667//2667
f 2785//2785 2667//2667 2552//2552 2668//2668
f 2786//2786 2668//2668 2553//2553 2669//2669
f 2787//2787 2673//2673 2557//2557 2670//2670
f 2788//2788 2671//2671 2561//2561 2676//2676
f 2789//2789 2790//2790 2672//2672 2673//2673
f 2675//2675 2560//2560 2672//2672 2790//2790
f 2791//2791 2674//2674 2675//2675 2792//2792
f 2677//2677 2562//2562 2674//2674 2791//2791
f 2793//2793 2676//2676 2677//2677 2794//2794
f 2565//2565 2795//2795 2678//2678 2563//2563
f 2678//2678 2786//2786 2669//2669 2564//2564
f 2680//2680 2796//2796 2679//2679 2566//2566
f 2679//2679 2797//2797 2795//2795 2565//2565
f 2798//2798 2680//2680 2567//2567 2681//2681
f 2799//2799 2681//2681 2568//2568 2682//2682
f 2800//2800 2682//2682 2569//2569 2683//2683
f 2801//2801 2683//2683 2570//2570 2684//2684
f 2802//2802 2684//2684 2571//2571 2685//2685
f 2803//2803 2685//2685 2671//2671 2788//2788
f 2687//2687 2574//2574 2686//2686 2804//2804
f 2805//2805 2688//2688 2687//2687 2806//2806
f 2689//2689 2575//2575 2688//2688 2805//2805
f 2690//2690 2576//2576 2689//2689 2807//2807
f 2704//2704 2591//2591 2690//2690 2808//2808
f 2809//2809 2691//2691 2580//2580 2695//2695
f 2691//2691 2810//2810 2692//2692 2577//2577
f 2692//2692 2811//2811 2693//2693 2578//2578
f 2693//2693 2811//2811 2694//2694 2579//2579
f 2812//2812 2697//2697 2582//2582 2694//2694
f 2813//2813 2695//2695 2696//2696 2814//2814
f 2697//2697 2815//2815 2699//2699 2585//2585
f 2814//2814 2696//2696 2583//2583 2698//2698
f 2816//2816 2698//2698 2584//2584 2817//2817
f 2699//2699 2818//2818 2819//2819 2700//2700
f 2701//2701 2702//2702 2820//2820 2821//2821
f 2820//2820 2702//2702 2589//2589 2703//2703
f 2822//2822 2703//2703 2590//2590 2705//2705
f 2705//2705 2704//2704 2823//2823 2824//2824
f 2819//2819 2825//2825 2706//2706 2700//2700
f 2706//2706 2825//2825 2707//2707 2593//2593
f 2826//2826 2827//2827 2708//2708 2707//2707
f 2594//2594 2708//2708 2828//2828 2709//2709
f 2709//2709 2828//2828 2829//2829 2710//2710
f 2596//2596 2710//2710 2830//2830 2711//2711
f 2712//2712 2711//2711 2831//2831 2713//2713
f 2713//2713 2831//2831 2832//2832 2714//2714
f 2597//2597 2714//2714 2833//2833 2715//2715
f 2598//2598 2715//2715 2834//2834 2716//2716
f 2716//2716 2835//2835 2836//2836 2599//2599
f 2660//2660 2603//2603 2718//2718 2776//2776
f 2602//2602 2837//2837 2838//2838 2717//2717
f 2718//2718 2717//2717 2839//2839 2840//2840
f 2720//2720 2719//2719 2841//2841 2842//2842
f 2721//2721 2605//2605 2720//2720 2843//2843
f 2721//2721 2843//2843 2844//2844 2722//2722
f 2722//2722 2844//2844 2845//2845 2723//2723
f 2723//2723 2845//2845 2724//2724 2609//2609
f 2725//2725 2724//2724 2846//2846 2841//2841
f 2726//2726 2847//2847 2727//2727 2612//2612
f 2728//2728 2727//2727 2848//2848 2849//2849
f 2614//2614 2728//2728 2849//2849 2729//2729
f 2730//2730 2615//2615 2729//2729 2850//2850
f 2616//2616 2730//2730 2851//2851 2731//2731
f 2620//2620 2731//2731 2852//2852 2734//2734
f 2853//2853 2732//2732 2621//2621 2735//2735
f 2733//2733 2617//2617 2732//2732 2854//2854
f 2735//2735 2734//2734 2855//2855 2856//2856
f 2622//2622 2733//2733 2854//2854 2736//2736
f 2638//2638 2736//2736 2857//2857 2752//2752
f 2737//2737 2858//2858 2738//2738 2624//2624
f 2738//2738 2859//2859 2739//2739 2625//2625
f 2860//2860 2861//2861 2742//2742 2741//2741
f 2742//2742 2862//2862 2743//2743 2628//2628
f 2863//2863 2741//2741 2627//2627 2744//2744
f 2743//2743 2864//2864 2745//2745 2629//2629
f 2865//2865 2744//2744 2632//2632 2748//2748
f 2745//2745 2866//2866 2746//2746 2630//2630
f 2746//2746 2867//2867 2858//2858 2737//2737
f 2749//2749 2868//2868 2747//2747 2634//2634
f 2869//2869 2748//2748 2631//2631 2747//2747
f 2635//2635 2636//2636 2751//2751 2749//2749
f 2751//2751 2750//2750 2870//2870 2871//2871
f 2639//2639 2752//2752 2872//2872 2753//2753
f 2870//2870 2750//2750 2640//2640 2754//2754
f 2754//2754 2753//2753 2873//2873 2874//2874
f 2740//2740 2875//2875 2755//2755 2641//2641
f 2755//2755 2876//2876 2877//2877 2756//2756
f 2757//2757 2878//2878 2758//2758 2644//2644
f 2758//2758 2879//2879 2880//2880 2645//2645
f 2760//2760 2881//2881 2761//2761 2647//2647
f 2645//2645 2880//2880 2760//2760 2759//2759
f 2881//2881 2762//2762 2648//2648 2761//2761
f 2882//2882 2883//2883 2763//2763 2762//2762
f 2649//2649 2763//2763 2884//2884 2764//2764
f 2765//2765 2764//2764 2885//2885 2886//2886
f 2767//2767 2766//2766 2887//2887 2888//2888
f 2889//2889 2650//2650 2767//2767 2890//2890
f 2726//2726 2651//2651 2891//2891 2847//2847
f 2659//2659 2775//2775 2768//2768 2652//2652
f 2653//2653 2768//2768 2892//2892 2769//2769
f 2654//2654 2769//2769 2893//2893 2770//2770
f 2655//2655 2770//2770 2894//2894 2771//2771
f 2772//2772 2771//2771 2895//2895 2896//2896
f 2773//2773 2656//2656 2772//2772 2897//2897
f 2657//2657 2773//2773 2898//2898 2774//2774
f 2658//2658 2774//2774 2899//2899 2775//2775
f 2661//2661 2776//2776 2900//2900 2777//2777
f 2901//2901 2778//2778 2777//2777 2902//2902
f 2662//2662 2778//2778 2901//2901 2779//2779
f 2804//2804 2686//2686 2779//2779 2903//2903
f 2780//2780 2663//2663 2781//2781 2904//2904
f 2782//2782 2905//2905 2781//2781 2664//2664
f 2906//2906 2782//2782 2665//2665 2783//2783
f 2907//2907 2783//2783 2666//2666 2784//2784
f 2908//2908 2784//2784 2667//2667 2785//2785
f 2909//2909 2785//2785 2668//2668 2786//2786
f 2910//2910 2789//2789 2673//2673 2787//2787
f 2911//2911 2788//2788 2676//2676 2793//2793
f 2792//2792 2675//2675 2790//2790 2912//2912
f 2913//2913 2791//2791 2792//2792 2914//2914
f 2794//2794 2677//2677 2791//2791 2913//2913
f 2915//2915 2793//2793 2794//2794 2916//2916
f 2795//2795 2909//2909 2786//2786 2678//2678
f 2796//2796 2917//2917 2797//2797 2679//2679
f 2797//2797 2918//2918 2909//2909 2795//2795
f 2919//2919 2798//2798 2681//2681 2799//2799
f 2920//2920 2799//2799 2682//2682 2800//2800
f 2921//2921 2800//2800 2683//2683 2801//2801
f 2922//2922 2801//2801 2684//2684 2802//2802
f 2923//2923 2802//2802 2685//2685 2803//2803
f 2687//2687 2804//2804 2924//2924 2806//2806
f 2925//2925 2805//2805 2806//2806 2926//2926
f 2807//2807 2689//2689 2805//2805 2925//2925
f 2808//2808 2690//2690 2927//2927 2928//2928
f 2704//2704 2808//2808 2929//2929 2823//2823
f 2809//2809 2930//2930 2810//2810 2691//2691
f 2810//2810 2931//2931 2811//2811 2692//2692
f 2932//2932 2812//2812 2694//2694 2811//2811
f 2933//2933 2813//2813 2814//2814 2934//2934
f 2935//2935 2818//2818 2699//2699 2815//2815
f 2934//2934 2814//2814 2698//2698 2816//2816
f 2816//2816 2817//2817 2936//2936 2937//2937
f 2818//2818 2938//2938 2939//2939 2819//2819
f 2940//2940 2821//2821 2820//2820 2941//2941
f 2817//2817 2701//2701 2821//2821 2936//2936
f 2820//2820 2703//2703 2822//2822 2941//2941
f 2822//2822 2705//2705 2824//2824 2942//2942
f 2943//2943 2824//2824 2823//2823 2944//2944
f 2826//2826 2945//2945 2946//2946 2827//2827
f 2827//2827 2947//2947 2828//2828 2708//2708
f 2828//2828 2947//2947 2948//2948 2829//2829
f 2710//2710 2829//2829 2949//2949 2830//2830
f 2830//2830 2950//2950 2831//2831 2711//2711
f 2831//2831 2950//2950 2951//2951 2832//2832
f 2714//2714 2832//2832 2952//2952 2833//2833
f 2834//2834 2715//2715 2833//2833 2953//2953
f 2716//2716 2834//2834 2954//2954 2835//2835
f 2836//2836 2835//2835 2955//2955 2956//2956
f 2601//2601 2836//2836 2956//2956 2957//2957
f 2776//2776 2718//2718 2840//2840 2900//2900
f 2837//2837 2958//2958 2959//2959 2838//2838
f 2717//2717 2838//2838 2960//2960 2839//2839
f 2840//2840 2839//2839 2961//2961 2962//2962
f 2842//2842 2841//2841 2963//2963 2964//2964
f 2843//2843 2720//2720 2842//2842 2965//2965
f 2843//2843 2965//2965 2966//2966 2844//2844
f 2844//2844 2966//2966 2967//2967 2845//2845
f 2845//2845 2967//2967 2846//2846 2724//2724
f 2846//2846 2968//2968 2963//2963 2841//2841
f 2848//2848 2727//2727 2847//2847 2969//2969
f 2849//2849 2848//2848 2970//2970 2971//2971
f 2729//2729 2849//2849 2971//2971 2850//2850
f 2730//2730 2850//2850 2972//2972 2973//2973
f 2852//2852 2731//2731 2851//2851 2974//2974
f 2734//2734 2852//2852 2975//2975 2855//2855
f 2854//2854 2732//2732 2853//2853 2976//2976
f 2853//2853 2735//2735 2856//2856 2977//2977
f 2856//2856 2855//2855 2978//2978 2979//2979
f 2736//2736 2854//2854 2976//2976 2857//2857
f 2752//2752 2857//2857 2980//2980 2872//2872
f 2858//2858 2981//2981 2859//2859 2738//2738
f 2859//2859 2982//2982 2875//2875 2739//2739
f 2983//2983 2984//2984 2861//2861 2860//2860
f 2861//2861 2985//2985 2862//2862 2742//2742
f 2986//2986 2860//2860 2741//2741 2863//2863
f 2862//2862 2987//2987 2864//2864 2743//2743
f 2988//2988 2863//2863 2744//2744 2865//2865
f 2864//2864 2989//2989 2866//2866 2745//2745
f 2865//2865 2748//2748 2869//2869 2990//2990
f 2867//2867 2991//2991 2981//2981 2858//2858
f 2869//2869 2747//2747 2868//2868 2992//2992
f 2871//2871 2870//2870 2993//2993 2994//2994
f 2753//2753 2872//2872 2995//2995 2873//2873
f 2993//2993 2870//2870 2754//2754 2874//2874
f 2874//2874 2873//2873 2996//2996 2997//2997
f 2875//2875 2998//2998 2876//2876 2755//2755
f 2876//2876 2999//2999 3000//3000 2877//2877
f 2756//2756 2877//2877 2878//2878 2757//2757
f 3001//3001 2879//2879 2758//2758 2878//2878
f 2879//2879 3002//3002 3003//3003 2880//2880
f 2880//2880 3003//3003 2881//2881 2760//2760
f 3004//3004 2882//2882 2762//2762 2881//2881
f 3005//3005 3006//3006 2883//2883 2882//2882
f 2883//2883 3007//3007 2884//2884 2763//2763
f 2764//2764 2884//2884 3008//3008 3009//3009
f 2885//2885 2764//2764 3009//3009 3010//3010
f 2766//2766 2886//2886 2885//2885 2887//2887
f 2888//2888 2887//2887 3011//3011 3012//3012
f 2890//2890 2767//2767 2888//2888 3013//3013
f 3014//3014 2889//2889 2890//2890 3015//3015
f 2969//2969 2847//2847 2891//2891 3014//3014
f 2775//2775 2899//2899 2892//2892 2768//2768
f 2892//2892 3016//3016 2893//2893 2769//2769
f 2770//2770 2893//2893 3017//3017 2894//2894
f 2771//2771 2894//2894 3018//3018 2895//2895
f 2896//2896 2895//2895 3019//3019 3020//3020
f 2773//2773 2897//2897 3021//3021 2898//2898
f 2774//2774 2898//2898 3022//3022 2899//2899
f 2902//2902 2777//2777 2900//2900 3023//3023
f 3024//3024 2901//2901 2902//2902 3025//3025
f 2903//2903 2779//2779 2901//2901 3024//3024
f 2804//2804 2903//2903 3026//3026 2924//2924
f 3027//3027 2904//2904 2781//2781 2905//2905
f 2780//2780 2904//2904 3028//3028 2787//2787
f 2906//2906 3029//3029 2905//2905 2782//2782
f 2908//2908 3030//3030 2907//2907 2784//2784
f 2909//2909 2918//2918 2908//2908 2785//2785
f 3031//3031 2912//2912 2789//2789 2910//2910
f 2910//2910 2787//2787 3028//3028 3032//3032
f 3033//3033 2911//2911 2793//2793 2915//2915
f 2914//2914 2792//2792 2912//2912 3034//3034
f 3035//3035 2913//2913 2914//2914 3036//3036
f 2916//2916 2794//2794 2913//2913 3035//3035
f 3037//3037 2915//2915 2916//2916 3038//3038
f 2798//2798 3039//3039 2917//2917 2796//2796
f 2917//2917 3040//3040 2918//2918 2797//2797
f 2919//2919 3041//3041 3039//3039 2798//2798
f 3042//3042 2919//2919 2799//2799 2920//2920
f 2920//2920 2800//2800 2921//2921 3043//3043
f 3044//3044 2921//2921 2801//2801 2922//2922
f 3045//3045 2922//2922 2802//2802 2923//2923
f 3046//3046 2923//2923 2803//2803 2911//2911
f 2926//2926 2806//2806 2924//2924 3047//3047
f 3048//3048 2925//2925 2926//2926 3049//3049
f 2927//2927 2807//2807 2925//2925 3048//3048
f 2928//2928 2927//2927 3048//3048 3050//3050
f 2808//2808 2928//2928 3051//3051 2929//2929
f 2823//2823 2929//2929 3052//3052 2944//2944
f 3053//3053 3054//3054 2930//2930 2809//2809
f 2930//2930 3055//3055 2931//2931 2810//2810
f 2931//2931 3056//3056 2932//2932 2811//2811
f 3057//3057 3058//3058 2812//2812 2932//2932
f 2933//2933 3053//3053 2809//2809 2813//2813
f 3059//3059 2933//2933 2934//2934 3060//3060
f 2935//2935 3061//3061 2938//2938 2818//2818
f 3060//3060 2934//2934 2816//2816 2937//2937
f 3062//3062 2937//2937 2936//2936 3063//3063
f 2938//2938 3064//3064 3065//3065 2939//2939
f 2940//2940 2941//2941 3066//3066 3067//3067
f 2941//2941 2822//2822 2942//2942 3066//3066
f 2942//2942 2824//2824 2943//2943 3068//3068
f 2943//2943 2944//2944 3069//3069 3070//3070
f 2826//2826 3071//3071 3072//3072 2945//2945
f 3073//3073 3074//3074 2946//2946 2945//2945
f 2827//2827 2946//2946 3075//3075 2947//2947
f 2948//2948 3076//3076 2949//2949 2829//2829
f 2830//2830 2949//2949 3077//3077 2950//2950
f 2832//2832 2951//2951 3078//3078 2952//2952
f 2833//2833 2952//2952 3079//3079 2953//2953
f 2834//2834 2953//2953 3080//3080 2954//2954
f 2835//2835 2954//2954 3081//3081 2955//2955
f 2956//2956 2955//2955 3082//3082 2958//2958
f 2837//2837 2957//2957 2956//2956 2958//2958
f 3023//3023 2900//2900 2840//2840 2962//2962
f 2958//2958 3082//3082 3083//3083 2959//2959
f 2838//2838 2959//2959 3084//3084 2960//2960
f 2961//2961 2839//2839 2960//2960 3085//3085
f 2962//2962 2961//2961 3086//3086 3087//3087
f 2964//2964 2963//2963 3088//3088 3089//3089
f 2965//2965 2842//2842 2964//2964 3090//3090
f 2966//2966 3090//3090 3091//3091 2967//2967
f 2967//2967 3091//3091 2968//2968 2846//2846
f 2963//2963 2968//2968 3092//3092 3088//3088
f 2848//2848 2969//2969 3093//3093 2970//2970
f 2971//2971 2970//2970 3094//3094 3095//3095
f 2850//2850 2971//2971 3095//3095 2972//2972
f 2973//2973 2972//2972 3096//3096 3097//3097
f 2851//2851 2973//2973 3098//3098 2974//2974
f 2852//2852 2974//2974 3099//3099 2975//2975
f 2855//2855 2975//2975 3100//3100 2978//2978
f 2853//2853 2977//2977 3101//3101 2976//2976
f 2977//2977 2856//2856 2979//2979 3102//3102
f 2979//2979 2978//2978 3103//3103 3104//3104
f 2857//2857 2976//2976 3101//3101 3105//3105
f 2872//2872 2980//2980 3106//3106 2995//2995
f 2981//2981 3107//3107 2982//2982 2859//2859
f 2982//2982 3108//3108 2998//2998 2875//2875
f 3109//3109 3110//3110 2984//2984 2983//2983
f 2984//2984 3111//3111 2985//2985 2861//2861
f 3112//3112 2983//2983 2860//2860 2986//2986
f 2985//2985 3113//3113 2987//2987 2862//2862
f 3114//3114 2986//2986 2863//2863 2988//2988
f 2987//2987 3115//3115 2989//2989 2864//2864
f 3116//3116 2988//2988 2865//2865 3117//3117
f 2989//2989 3118//3118 3119//3119 2866//2866
f 3120//3120 2990//2990 2869//2869 3121//3121
f 3122//3122 3117//3117 2865//2865 2990//2990
f 3123//3123 3124//3124 2991//2991 2867//2867
f 2991//2991 3125//3125 3107//3107 2981//2981
f 2868//2868 2994//2994 3126//3126 2992//2992
f 3121//3121 2869//2869 2992//2992 3127//3127
f 2994//2994 2993//2993 3128//3128 3126//3126
f 2873//2873 2995//2995 3129//3129 2996//2996
f 2993//2993 2874//2874 2997//2997 3128//3128
f 2997//2997 2996//2996 3130//3130 3131//3131
f 2999//2999 3132//3132 3133//3133 3000//3000
f 2877//2877 3000//3000 3001//3001 2878//2878
f 3134//3134 3002//3002 2879//2879 3001//3001
f 3135//3135 3136//3136 3003//3003 3002//3002
f 3136//3136 3004//3004 2881//2881 3003//3003
f 3137//3137 3005//3005 2882//2882 3004//3004
f 3138//3138 3139//3139 3006//3006 3005//3005
f 3006//3006 3140//3140 3007//3007 2883//2883
f 3007//3007 3141//3141 3008//3008 2884//2884
f 3009//3009 3008//3008 3142//3142 3143//3143
f 3010//3010 3009//3009 3143//3143 3144//3144
f 2887//2887 2885//2885 3010//3010 3011//3011
f 3012//3012 3011//3011 3145//3145 3146//3146
f 3013//3013 2888//2888 3012//3012 3147//3147
f 3015//3015 2890//2890 3013//3013 3148//3148
f 2969//2969 3014//3014 3015//3015 3093//3093
f 2899//2899 3022//3022 3016//3016 2892//2892
f 2893//2893 3016//3016 3149//3149 3017//3017
f 2894//2894 3017//3017 3150//3150 3018//3018
f 2895//2895 3018//3018 3151//3151 3019//3019
f 3020//3020 3019//3019 3152//3152 3153//3153
f 2897//2897 2896//2896 3154//3154 3021//3021
f 2898//2898 3021//3021 3155//3155 3022//3022
f 3025//3025 2902//2902 3023//3023 3156//3156
f 3024//3024 3025//3025 3157//3157 3158//3158
f 3026//3026 2903//2903 3024//3024 3158//3158
f 3047//3047 2924//2924 3026//3026 3159//3159
f 3160//3160 3028//3028 2904//2904 3027//3027
f 3161//3161 3027//3027 2905//2905 3029//3029
f 3162//3162 3029//3029 2906//2906 3163//3163
f 2918//2918 3040//3040 3030//3030 2908//2908
f 3164//3164 3034//3034 2912//2912 3031//3031
f 3165//3165 3031//3031 2910//2910 3032//3032
f 3160//3160 3166//3166 3032//3032 3028//3028
f 3167//3167 3046//3046 2911//2911 3033//3033
f 3168//3168 3033//3033 2915//2915 3037//3037
f 3169//3169 3036//3036 2914//2914 3034//3034
f 3170//3170 3035//3035 3036//3036 3171//3171
f 3038//3038 2916//2916 3035//3035 3170//3170
f 3172//3172 3037//3037 3038//3038 3173//3173
f 3039//3039 3174//3174 3040//3040 2917//2917
f 3042//3042 3175//3175 3041//3041 2919//2919
f 3041//3041 3176//3176 3174//3174 3039//3039
f 3177//3177 3042//3042 2920//2920 3043//3043
f 3178//3178 3043//3043 2921//2921 3044//3044
f 3179//3179 3044//3044 2922//2922 3045//3045
f 3180//3180 3045//3045 2923//2923 3046//3046
f 2926//2926 3047//3047 3181//3181 3049//3049
f 3050//3050 3048//3048 3049//3049 3182//3182
f 3051//3051 2928//2928 3050//3050 3183//3183
f 2944//2944 3052//3052 3184//3184 3069//3069
f 3185//3185 3186//3186 3054//3054 3053//3053
f 3054//3054 3187//3187 3055//3055 2930//2930
f 3187//3187 3056//3056 2931//2931 3055//3055
f 3188//3188 3057//3057 2932//2932 3056//3056
f 3059//3059 3185//3185 3053//3053 2933//2933
f 3059//3059 3060//3060 3189//3189 3190//3190
f 3058//3058 3191//3191 3061//3061 2935//2935
f 3061//3061 3192//3192 3064//3064 2938//2938
f 3060//3060 2937//2937 3062//3062 3189//3189
f 3062//3062 3063//3063 3193//3193 3194//3194
f 3064//3064 3195//3195 3196//3196 3065//3065
f 3065//3065 3197//3197 3198//3198 2939//2939
f 3067//3067 3066//3066 3199//3199 3200//3200
f 3066//3066 2942//2942 3068//3068 3199//3199
f 3068//3068 2943//2943 3070//3070 3201//3201
f 3070//3070 3069//3069 3202//3202 3203//3203
f 3198//3198 3072//3072 3071//3071 3204//3204
f 3072//3072 3205//3205 3073//3073 2945//2945
f 3073//3073 3206//3206 3207//3207 3074//3074
f 2946//2946 3074//3074 3208//3208 3075//3075
f 2948//2948 3075//3075 3209//3209 3076//3076
f 3076//3076 3210//3210 3077//3077 2949//2949
f 3211//3211 3212//3212 3078//3078 2951//2951
f 2952//2952 3078//3078 3213//3213 3079//3079
f 2953//2953 3079//3079 3214//3214 3080//3080
f 2954//2954 3080//3080 3215//3215 3081//3081
f 2955//2955 3081//3081 3216//3216 3082//3082
f 3023//3023 2962//2962 3087//3087 3156//3156
f 3082//3082 3216//3216 3217//3217 3083//3083
f 3085//3085 2960//2960 3084//3084 3218//3218
f 2961//2961 3085//3085 3219//3219 3086//3086
f 3220//3220 3087//3087 3086//3086 3221//3221
f 3089//3089 3088//3088 3222//3222 3223//3223
f 3090//3090 2964//2964 3089//3089 3224//3224
f 3090//3090 3224//3224 3225//3225 3091//3091
f 3091//3091 3225//3225 3092//3092 2968//2968
f 3088//3088 3092//3092 3226//3226 3222//3222
f 2970//2970 3093//3093 3227//3227 3094//3094
f 3095//3095 3094//3094 3228//3228 3229//3229
f 2972//2972 3095//3095 3229//3229 3096//3096
f 3097//3097 3096//3096 3230//3230 3231//3231
f 2973//2973 3097//3097 3232//3232 3098//3098
f 2974//2974 3098//3098 3233//3233 3099//3099
f 2975//2975 3099//3099 3234//3234 3100//3100
f 2978//2978 3100//3100 3235//3235 3103//3103
f 3101//3101 2977//2977 3102//3102 3236//3236
f 3102//3102 2979//2979 3104//3104 3237//3237
f 3104//3104 3103//3103 3238//3238 3239//3239
f 3105//3105 3101//3101 3236//3236 3240//3240
f 2980//2980 3105//3105 3240//3240 3106//3106
f 2995//2995 3106//3106 3241//3241 3129//3129
f 3107//3107 3242//3242 3108//3108 2982//2982
f 3108//3108 3242//3242 3243//3243 2998//2998
f 3244//3244 3245//3245 3110//3110 3109//3109
f 3110//3110 3246//3246 3111//3111 2984//2984
f 3247//3247 3109//3109 2983//2983 3112//3112
f 3111//3111 3248//3248 3113//3113 2985//2985
f 3249//3249 3112//3112 2986//2986 3114//3114
f 3113//3113 3250//3250 3115//3115 2987//2987
f 3249//3249 3114//3114 2988//2988 3251//3251
f 3115//3115 3252//3252 3118//3118 2989//2989
f 3253//3253 3116//3116 3117//3117 3254//3254
f 3118//3118 3255//3255 3256//3256 3119//3119
f 2866//2866 3119//3119 3123//3123 2867//2867
f 3122//3122 2990//2990 3120//3120 3257//3257
f 3257//3257 3120//3120 3121//3121 3258//3258
f 3259//3259 3254//3254 3117//3117 3122//3122
f 3260//3260 3261//3261 3124//3124 3123//3123
f 3262//3262 3263//3263 2991//2991 3124//3124
f 3263//3263 3264//3264 3125//3125 2991//2991
f 3125//3125 3265//3265 3242//3242 3107//3107
f 3127//3127 2992//2992 3126//3126 3266//3266
f 3258//3258 3121//3121 3127//3127 3267//3267
f 3266//3266 3126//3126 3128//3128 3268//3268
f 3130//3130 2996//2996 3129//3129 3269//3269
f 3128//3128 2997//2997 3131//3131 3270//3270
f 3131//3131 3130//3130 3271//3271 3272//3272
f 3243//3243 3132//3132 2999//2999 2998//2998
f 3273//3273 3274//3274 3133//3133 3132//3132
f 3133//3133 3134//3134 3001//3001 3000//3000
f 3134//3134 3275//3275 3135//3135 3002//3002
f 3276//3276 3277//3277 3136//3136 3135//3135
f 3277//3277 3137//3137 3004//3004 3136//3136
f 3278//3278 3138//3138 3005//3005 3137//3137
f 3138//3138 3279//3279 3280//3280 3139//3139
f 3139//3139 3281//3281 3140//3140 3006//3006
f 3007//3007 3140//3140 3282//3282 3141//3141
f 3008//3008 3141//3141 3283//3283 3284//3284
f 3143//3143 3142//3142 3285//3285 3286//3286
f 3144//3144 3143//3143 3286//3286 3287//3287
f 3011//3011 3010//3010 3144//3144 3145//3145
f 3146//3146 3145//3145 3288//3288 3289//3289
f 3012//3012 3146//3146 3290//3290 3291//3291
f 3148//3148 3013//3013 3147//3147 3292//3292
f 3093//3093 3015//3015 3148//3148 3227//3227
f 3022//3022 3155//3155 3149//3149 3016//3016
f 3017//3017 3149//3149 3293//3293 3150//3150
f 3018//3018 3150//3150 3294//3294 3151//3151
f 3019//3019 3151//3151 3295//3295 3152//3152
f 3296//3296 3153//3153 3152//3152 3297//3297
f 3020//3020 3153//3153 3298//3298 3299//3299
f 3021//3021 3154//3154 3300//3300 3155//3155
f 3157//3157 3025//3025 3156//3156 3301//3301
f 3302//3302 3158//3158 3157//3157 3303//3303
f 3159//3159 3026//3026 3158//3158 3302//3302
f 3181//3181 3047//3047 3159//3159 3304//3304
f 3305//3305 3160//3160 3027//3027 3161//3161
f 3162//3162 3306//3306 3161//3161 3029//3029
f 3162//3162 3163//3163 3174//3174 3176//3176
f 3163//3163 3030//3030 3040//3040 3174//3174
f 3307//3307 3169//3169 3034//3034 3164//3164
f 3308//3308 3164//3164 3031//3031 3165//3165
f 3309//3309 3165//3165 3032//3032 3166//3166
f 3310//3310 3166//3166 3160//3160 3305//3305
f 3311//3311 3180//3180 3046//3046 3167//3167
f 3312//3312 3167//3167 3033//3033 3168//3168
f 3313//3313 3168//3168 3037//3037 3172//3172
f 3171//3171 3036//3036 3169//3169 3314//3314
f 3315//3315 3170//3170 3171//3171 3316//3316
f 3173//3173 3038//3038 3170//3170 3315//3315
f 3317//3317 3172//3172 3173//3173 3318//3318
f 3177//3177 3319//3319 3175//3175 3042//3042
f 3175//3175 3320//3320 3176//3176 3041//3041
f 3321//3321 3177//3177 3043//3043 3178//3178
f 3322//3322 3178//3178 3044//3044 3179//3179
f 3182//3182 3049//3049 3181//3181 3323//3323
f 3183//3183 3050//3050 3182//3182 3324//3324
f 3052//3052 3325//3325 3326//3326 3184//3184
f 3202//3202 3069//3069 3184//3184 3327//3327
f 3185//3185 3328//3328 3329//3329 3186//3186
f 3186//3186 3330//3330 3187//3187 3054//3054
f 3188//3188 3331//3331 3332//3332 3057//3057
f 3059//3059 3190//3190 3328//3328 3185//3185
f 3189//3189 3333//3333 3334//3334 3190//3190
f 3191//3191 3335//3335 3192//3192 3061//3061
f 3192//3192 3336//3336 3195//3195 3064//3064
f 3189//3189 3062//3062 3194//3194 3333//3333
f 3067//3067 3200//3200 3193//3193 3063//3063
f 3337//3337 3338//3338 3196//3196 3195//3195
f 3065//3065 3196//3196 3339//3339 3197//3197
f 3198//3198 3197//3197 3205//3205 3072//3072
f 3199//3199 3340//3340 3341//3341 3200//3200
f 3068//3068 3201//3201 3340//3340 3199//3199
f 3201//3201 3070//3070 3203//3203 3342//3342
f 3343//3343 3203//3203 3202//3202 3344//3344
f 3205//3205 3345//3345 3206//3206 3073//3073
f 3206//3206 3346//3346 3347//3347 3207//3207
f 3207//3207 3348//3348 3208//3208 3074//3074
f 3075//3075 3208//3208 3349//3349 3209//3209
f 3209//3209 3350//3350 3210//3210 3076//3076
f 3077//3077 3210//3210 3351//3351 3352//3352
f 3211//3211 3352//3352 3353//3353 3212//3212
f 3078//3078 3212//3212 3354//3354 3213//3213
f 3079//3079 3213//3213 3355//3355 3214//3214
f 3080//3080 3214//3214 3356//3356 3215//3215
f 3081//3081 3215//3215 3357//3357 3216//3216
f 3301//3301 3156//3156 3087//3087 3220//3220
f 3216//3216 3357//3357 3358//3358 3217//3217
f 3083//3083 3217//3217 3359//3359 3360//3360
f 3084//3084 3361//3361 3362//3362 3218//3218
f 3085//3085 3218//3218 3363//3363 3219//3219
f 3086//3086 3219//3219 3364//3364 3221//3221
f 3365//3365 3220//3220 3221//3221 3366//3366
f 3223//3223 3222//3222 3367//3367 3368//3368
f 3224//3224 3089//3089 3223//3223 3369//3369
f 3224//3224 3369//3369 3370//3370 3225//3225
f 3225//3225 3370//3370 3226//3226 3092//3092
f 3226//3226 3371//3371 3367//3367 3222//3222
f 3094//3094 3227//3227 3372//3372 3228//3228
f 3229//3229 3228//3228 3373//3373 3374//3374
f 3096//3096 3229//3229 3374//3374 3230//3230
f 3231//3231 3230//3230 3375//3375 3376//3376
f 3097//3097 3231//3231 3377//3377 3232//3232
f 3098//3098 3232//3232 3378//3378 3233//3233
f 3099//3099 3233//3233 3379//3379 3234//3234
f 3100//3100 3234//3234 3380//3380 3235//3235
f 3103//3103 3235//3235 3381//3381 3238//3238
f 3236//3236 3102//3102 3237//3237 3382//3382
f 3383//3383 3237//3237 3104//3104 3239//3239
f 3239//3239 3238//3238 3384//3384 3385//3385
f 3240//3240 3236//3236 3382//3382 3386//3386
f 3106//3106 3240//3240 3386//3386 3241//3241
f 3129//3129 3241//3241 3387//3387 3269//3269
f 3265//3265 3388//3388 3243//3243 3242//3242
f 3389//3389 3390//3390 3245//3245 3244//3244
f 3245//3245 3391//3391 3246//3246 3110//3110
f 3392//3392 3244//3244 3109//3109 3247//3247
f 3246//3246 3393//3393 3248//3248 3111//3111
f 3394//3394 3247//3247 3112//3112 3249//3249
f 3248//3248 3395//3395 3250//3250 3113//3113
f 3250//3250 3396//3396 3252//3252 3115//3115
f 3394//3394 3249//3249 3251//3251 3397//3397
f 3252//3252 3398//3398 3255//3255 3118//3118
f 3397//3397 3251//3251 3116//3116 3253//3253
f 3399//3399 3253//3253 3254//3254 3259//3259
f 3400//3400 3401//3401 3256//3256 3255//3255
f 3119//3119 3256//3256 3260//3260 3123//3123
f 3402//3402 3259//3259 3122//3122 3257//3257
f 3402//3402 3257//3257 3258//3258 3403//3403
f 3404//3404 3405//3405 3261//3261 3260//3260
f 3406//3406 3262//3262 3124//3124 3261//3261
f 3407//3407 3408//3408 3263//3263 3262//3262
f 3264//3264 3409//3409 3265//3265 3125//3125
f 3267//3267 3127//3127 3266//3266 3410//3410
f 3403//3403 3258//3258 3267//3267 3411//3411
f 3268//3268 3128//3128 3270//3270 3412//3412
f 3410//3410 3266//3266 3268//3268 3413//3413
f 3130//3130 3269//3269 3414//3414 3271//3271
f 3270//3270 3131//3131 3272//3272 3415//3415
f 3272//3272 3271//3271 3416//3416 3417//3417
f 3388//3388 3273//3273 3132//3132 3243//3243
f 3418//3418 3419//3419 3274//3274 3273//3273
f 3133//3133 3274//3274 3275//3275 3134//3134
f 3420//3420 3276//3276 3135//3135 3275//3275
f 3421//3421 3422//3422 3277//3277 3276//3276
f 3422//3422 3278//3278 3137//3137 3277//3277
f 3423//3423 3279//3279 3138//3138 3278//3278
f 3424//3424 3425//3425 3280//3280 3279//3279
f 3281//3281 3426//3426 3282//3282 3140//3140
f 3282//3282 3427//3427 3283//3283 3141//3141
f 3283//3283 3428//3428 3429//3429 3284//3284
f 3284//3284 3429//3429 3285//3285 3142//3142
f 3287//3287 3286//3286 3430//3430 3431//3431
f 3145//3145 3144//3144 3287//3287 3288//3288
f 3289//3289 3288//3288 3432//3432 3433//3433
f 3146//3146 3289//3289 3434//3434 3290//3290
f 3292//3292 3147//3147 3291//3291 3435//3435
f 3227//3227 3148//3148 3292//3292 3372//3372
f 3155//3155 3300//3300 3293//3293 3149//3149
f 3293//3293 3436//3436 3294//3294 3150//3150
f 3151//3151 3294//3294 3437//3437 3295//3295
f 3297//3297 3152//3152 3295//3295 3438//3438
f 3439//3439 3298//3298 3153//3153 3296//3296
f 3440//3440 3296//3296 3297//3297 3441//3441
f 3442//3442 3299//3299 3298//3298 3443//3443
f 3442//3442 3444//3444 3300//3300 3154//3154
f 3157//3157 3301//3301 3445//3445 3303//3303
f 3446//3446 3302//3302 3303//3303 3447//3447
f 3159//3159 3302//3302 3446//3446 3304//3304
f 3181//3181 3304//3304 3448//3448 3323//3323
f 3449//3449 3305//3305 3161//3161 3306//3306
f 3320//3320 3306//3306 3162//3162 3176//3176
f 3450//3450 3314//3314 3169//3169 3307//3307
f 3451//3451 3307//3307 3164//3164 3308//3308
f 3452//3452 3308//3308 3165//3165 3309//3309
f 3453//3453 3309//3309 3166//3166 3310//3310
f 3454//3454 3310//3310 3305//3305 3449//3449
f 3455//3455 3456//3456 3180//3180 3311//3311
f 3457//3457 3311//3311 3167//3167 3312//3312
f 3458//3458 3312//3312 3168//3168 3313//3313
f 3459//3459 3313//3313 3172//3172 3317//3317
f 3316//3316 3171//3171 3314//3314 3460//3460
f 3318//3318 3173//3173 3315//3315 3461//3461
f 3462//3462 3317//3317 3318//3318 3463//3463
f 3321//3321 3464//3464 3319//3319 3177//3177
f 3319//3319 3465//3465 3320//3320 3175//3175
f 3322//3322 3466//3466 3321//3321 3178//3178
f 3456//3456 3322//3322 3179//3179 3180//3180
f 3324//3324 3182//3182 3323//3323 3467//3467
f 3325//3325 3183//3183 3324//3324 3468//3468
f 3326//3326 3325//3325 3468//3468 3469//3469
f 3327//3327 3184//3184 3326//3326 3470//3470
f 3344//3344 3202//3202 3327//3327 3471//3471
f 3187//3187 3330//3330 3331//3331 3188//3188
f 3331//3331 3472//3472 3473//3473 3332//3332
f 3057//3057 3332//3332 3335//3335 3191//3191
f 3328//3328 3190//3190 3334//3334 3474//3474
f 3334//3334 3333//3333 3475//3475 3476//3476
f 3477//3477 3336//3336 3192//3192 3335//3335
f 3478//3478 3337//3337 3195//3195 3336//3336
f 3333//3333 3194//3194 3479//3479 3475//3475
f 3193//3193 3200//3200 3341//3341 3480//3480
f 3337//3337 3481//3481 3482//3482 3338//3338
f 3338//3338 3483//3483 3339//3339 3196//3196
f 3339//3339 3345//3345 3205//3205 3197//3197
f 3341//3341 3340//3340 3484//3484 3485//3485
f 3340//3340 3201//3201 3342//3342 3484//3484
f 3203//3203 3486//3486 3487//3487 3342//3342
f 3343//3343 3488//3488 3486//3486 3203//3203
f 3489//3489 3343//3343 3344//3344 3490//3490
f 3491//3491 3346//3346 3206//3206 3345//3345
f 3492//3492 3493//3493 3347//3347 3346//3346
f 3347//3347 3494//3494 3348//3348 3207//3207
f 3348//3348 3495//3495 3349//3349 3208//3208
f 3209//3209 3349//3349 3496//3496 3350//3350
f 3350//3350 3497//3497 3351//3351 3210//3210
f 3351//3351 3498//3498 3353//3353 3352//3352
f 3212//3212 3353//3353 3499//3499 3354//3354
f 3213//3213 3354//3354 3500//3500 3355//3355
f 3214//3214 3355//3355 3501//3501 3356//3356
f 3215//3215 3356//3356 3502//3502 3357//3357
f 3445//3445 3301//3301 3220//3220 3365//3365
f 3217//3217 3358//3358 3503//3503 3359//3359
f 3361//3361 3360//3360 3359//3359 3504//3504
f 3361//3361 3504//3504 3505//3505 3362//3362
f 3218//3218 3362//3362 3506//3506 3363//3363
f 3364//3364 3219//3219 3363//3363 3507//3507
f 3366//3366 3221//3221 3364//3364 3508//3508
f 3365//3365 3366//3366 3509//3509 3510//3510
f 3368//3368 3367//3367 3511//3511 3512//3512
f 3369//3369 3223//3223 3368//3368 3443//3443
f 3370//3370 3513//3513 3371//3371 3226//3226
f 3367//3367 3371//3371 3514//3514 3511//3511
f 3228//3228 3372//3372 3515//3515 3373//3373
f 3374//3374 3373//3373 3516//3516 3517//3517
f 3230//3230 3374//3374 3517//3517 3375//3375
f 3376//3376 3375//3375 3518//3518 3519//3519
f 3231//3231 3376//3376 3520//3520 3521//3521
f 3232//3232 3377//3377 3522//3522 3378//3378
f 3233//3233 3378//3378 3523//3523 3379//3379
f 3234//3234 3379//3379 3524//3524 3380//3380
f 3235//3235 3380//3380 3525//3525 3381//3381
f 3238//3238 3381//3381 3526//3526 3384//3384
f 3382//3382 3237//3237 3383//3383 3527//3527
f 3383//3383 3239//3239 3385//3385 3528//3528
f 3385//3385 3384//3384 3529//3529 3530//3530
f 3386//3386 3382//3382 3527//3527 3531//3531
f 3241//3241 3386//3386 3531//3531 3387//3387
f 3269//3269 3387//3387 3532//3532 3414//3414
f 3409//3409 3533//3533 3388//3388 3265//3265
f 3389//3389 3534//3534 3535//3535 3390//3390
f 3390//3390 3536//3536 3391//3391 3245//3245
f 3389//3389 3244//3244 3392//3392 3537//3537
f 3538//3538 3392//3392 3247//3247 3394//3394
f 3539//3539 3395//3395 3248//3248 3393//3393
f 3540//3540 3396//3396 3250//3250 3395//3395
f 3541//3541 3398//3398 3252//3252 3396//3396
f 3542//3542 3538//3538 3394//3394 3397//3397
f 3398//3398 3543//3543 3400//3400 3255//3255
f 3542//3542 3397//3397 3253//3253 3399//3399
f 3544//3544 3399//3399 3259//3259 3545//3545
f 3401//3401 3404//3404 3260//3260 3256//3256
f 3545//3545 3259//3259 3402//3402 3546//3546
f 3546//3546 3402//3402 3403//3403 3547//3547
f 3548//3548 3405//3405 3404//3404 3549//3549
f 3550//3550 3406//3406 3261//3261 3405//3405
f 3551//3551 3407//3407 3262//3262 3406//3406
f 3552//3552 3417//3417 3408//3408 3407//3407
f 3408//3408 3553//3553 3409//3409 3264//3264
f 3411//3411 3267//3267 3410//3410 3554//3554
f 3547//3547 3403//3403 3411//3411 3555//3555
f 3412//3412 3270//3270 3415//3415 3556//3556
f 3413//3413 3268//3268 3412//3412 3557//3557
f 3554//3554 3410//3410 3413//3413 3558//3558
f 3271//3271 3414//3414 3559//3559 3416//3416
f 3415//3415 3272//3272 3417//3417 3552//3552
f 3417//3417 3416//3416 3553//3553 3408//3408
f 3533//3533 3418//3418 3273//3273 3388//3388
f 3560//3560 3561//3561 3419//3419 3418//3418
f 3419//3419 3420//3420 3275//3275 3274//3274
f 3562//3562 3421//3421 3276//3276 3420//3420
f 3563//3563 3564//3564 3422//3422 3421//3421
f 3564//3564 3423//3423 3278//3278 3422//3422
f 3529//3529 3424//3424 3279//3279 3423//3423
f 3526//3526 3565//3565 3425//3425 3424//3424
f 3425//3425 3566//3566 3567//3567 3280//3280
f 3280//3280 3567//3567 3426//3426 3281//3281
f 3426//3426 3568//3568 3427//3427 3282//3282
f 3427//3427 3569//3569 3428//3428 3283//3283
f 3570//3570 3429//3429 3428//3428 3571//3571
f 3570//3570 3572//3572 3285//3285 3429//3429
f 3431//3431 3430//3430 3570//3570 3573//3573
f 3432//3432 3288//3288 3287//3287 3431//3431
f 3432//3432 3573//3573 3574//3574 3433//3433
f 3289//3289 3433//3433 3575//3575 3434//3434
f 3435//3435 3290//3290 3434//3434 3576//3576
f 3372//3372 3292//3292 3435//3435 3515//3515
f 3300//3300 3444//3444 3436//3436 3293//3293
f 3436//3436 3512//3512 3577//3577 3294//3294
f 3295//3295 3437//3437 3578//3578 3438//3438
f 3297//3297 3438//3438 3579//3579 3441//3441
f 3439//3439 3580//3580 3581//3581 3298//3298
f 3440//3440 3582//3582 3439//3439 3296//3296
f 3369//3369 3443//3443 3298//3298 3581//3581
f 3442//3442 3443//3443 3368//3368 3444//3444
f 3447//3447 3303//3303 3445//3445 3583//3583
f 3446//3446 3447//3447 3584//3584 3585//3585
f 3304//3304 3446//3446 3585//3585 3448//3448
f 3467//3467 3323//3323 3448//3448 3586//3586
f 3465//3465 3449//3449 3306//3306 3320//3320
f 3587//3587 3460//3460 3314//3314 3450//3450
f 3588//3588 3450//3450 3307//3307 3451//3451
f 3589//3589 3452//3452 3309//3309 3453//3453
f 3590//3590 3453//3453 3310//3310 3454//3454
f 3591//3591 3454//3454 3449//3449 3465//3465
f 3455//3455 3592//3592 3593//3593 3456//3456
f 3457//3457 3594//3594 3455//3455 3311//3311
f 3595//3595 3457//3457 3312//3312 3458//3458
f 3596//3596 3458//3458 3313//3313 3459//3459
f 3597//3597 3459//3459 3317//3317 3462//3462
f 3598//3598 3461//3461 3316//3316 3460//3460
f 3463//3463 3318//3318 3461//3461 3599//3599
f 3600//3600 3462//3462 3463//3463 3601//3601
f 3466//3466 3602//3602 3464//3464 3321//3321
f 3464//3464 3591//3591 3465//3465 3319//3319
f 3456//3456 3593//3593 3466//3466 3322//3322
f 3324//3324 3467//3467 3603//3603 3468//3468
f 3468//3468 3603//3603 3604//3604 3469//3469
f 3326//3326 3469//3469 3605//3605 3470//3470
f 3471//3471 3327//3327 3470//3470 3606//3606
f 3490//3490 3344//3344 3471//3471 3607//3607
f 3330//3330 3329//3329 3472//3472 3331//3331
f 3608//3608 3609//3609 3473//3473 3472//3472
f 3332//3332 3473//3473 3477//3477 3335//3335
f 3334//3334 3476//3476 3610//3610 3474//3474
f 3476//3476 3475//3475 3611//3611 3612//3612
f 3478//3478 3613//3613 3481//3481 3337//3337
f 3194//3194 3480//3480 3614//3614 3479//3479
f 3479//3479 3615//3615 3611//3611 3475//3475
f 3480//3480 3341//3341 3485//3485 3614//3614
f 3616//3616 3617//3617 3482//3482 3481//3481
f 3338//3338 3482//3482 3618//3618 3483//3483
f 3339//3339 3483//3483 3491//3491 3345//3345
f 3485//3485 3484//3484 3619//3619 3620//3620
f 3484//3484 3342//3342 3487//3487 3619//3619
f 3486//3486 3621//3621 3622//3622 3487//3487
f 3623//3623 3488//3488 3343//3343 3489//3489
f 3488//3488 3624//3624 3621//3621 3486//3486
f 3625//3625 3489//3489 3490//3490 3626//3626
f 3491//3491 3627//3627 3492//3492 3346//3346
f 3492//3492 3628//3628 3629//3629 3493//3493
f 3347//3347 3493//3493 3630//3630 3494//3494
f 3348//3348 3494//3494 3631//3631 3495//3495
f 3349//3349 3495//3495 3632//3632 3496//3496
f 3350//3350 3496//3496 3633//3633 3497//3497
f 3351//3351 3497//3497 3634//3634 3498//3498
f 3498//3498 3635//3635 3499//3499 3353//3353
f 3354//3354 3499//3499 3636//3636 3500//3500
f 3500//3500 3637//3637 3501//3501 3355//3355
f 3356//3356 3501//3501 3638//3638 3502//3502
f 3357//3357 3502//3502 3639//3639 3640//3640
f 3583//3583 3445//3445 3365//3365 3510//3510
f 3358//3358 3640//3640 3641//3641 3503//3503
f 3359//3359 3503//3503 3642//3642 3504//3504
f 3504//3504 3642//3642 3643//3643 3505//3505
f 3362//3362 3505//3505 3644//3644 3506//3506
f 3507//3507 3363//3363 3506//3506 3645//3645
f 3364//3364 3507//3507 3646//3646 3508//3508
f 3509//3509 3366//3366 3508//3508 3647//3647
f 3648//3648 3510//3510 3509//3509 3649//3649
f 3444//3444 3368//3368 3512//3512 3436//3436
f 3513//3513 3650//3650 3514//3514 3371//3371
f 3373//3373 3515//3515 3651//3651 3516//3516
f 3517//3517 3516//3516 3652//3652 3653//3653
f 3375//3375 3517//3517 3653//3653 3518//3518
f 3520//3520 3376//3376 3519//3519 3654//3654
f 3521//3521 3520//3520 3655//3655 3656//3656
f 3377//3377 3521//3521 3656//3656 3522//3522
f 3378//3378 3522//3522 3657//3657 3523//3523
f 3379//3379 3523//3523 3658//3658 3524//3524
f 3380//3380 3524//3524 3659//3659 3525//3525
f 3381//3381 3525//3525 3565//3565 3526//3526
f 3384//3384 3526//3526 3424//3424 3529//3529
f 3527//3527 3383//3383 3528//3528 3660//3660
f 3528//3528 3385//3385 3530//3530 3661//3661
f 3530//3530 3529//3529 3423//3423 3564//3564
f 3531//3531 3527//3527 3660//3660 3662//3662
f 3387//3387 3531//3531 3662//3662 3532//3532
f 3414//3414 3532//3532 3663//3663 3559//3559
f 3664//3664 3534//3534 3389//3389 3537//3537
f 3534//3534 3665//3665 3666//3666 3535//3535
f 3535//3535 3667//3667 3536//3536 3390//3390
f 3536//3536 3539//3539 3393//3393 3391//3391
f 3538//3538 3668//3668 3537//3537 3392//3392
f 3669//3669 3540//3540 3395//3395 3539//3539
f 3540//3540 3670//3670 3541//3541 3396//3396
f 3541//3541 3671//3671 3543//3543 3398//3398
f 3672//3672 3668//3668 3538//3538 3542//3542
f 3673//3673 3674//3674 3400//3400 3543//3543
f 3672//3672 3542//3542 3399//3399 3544//3544
f 3675//3675 3545//3545 3546//3546 3676//3676
f 3676//3676 3546//3546 3547//3547 3677//3677
f 3678//3678 3550//3550 3405//3405 3548//3548
f 3679//3679 3680//3680 3548//3548 3549//3549
f 3681//3681 3551//3551 3406//3406 3550//3550
f 3682//3682 3552//3552 3407//3407 3551//3551
f 3553//3553 3683//3683 3684//3684 3409//3409
f 3677//3677 3547//3547 3555//3555 3685//3685
f 3556//3556 3415//3415 3552//3552 3682//3682
f 3557//3557 3412//3412 3556//3556 3686//3686
f 3558//3558 3413//3413 3557//3557 3687//3687
f 3688//3688 3554//3554 3558//3558 3689//3689
f 3416//3416 3559//3559 3683//3683 3553//3553
f 3684//3684 3560//3560 3418//3418 3533//3533
f 3690//3690 3691//3691 3561//3561 3560//3560
f 3561//3561 3562//3562 3420//3420 3419//3419
f 3692//3692 3563//3563 3421//3421 3562//3562
f 3661//3661 3530//3530 3564//3564 3563//3563
f 3425//3425 3565//3565 3693//3693 3566//3566
f 3566//3566 3694//3694 3695//3695 3567//3567
f 3567//3567 3695//3695 3568//3568 3426//3426
f 3568//3568 3696//3696 3569//3569 3427//3427
f 3428//3428 3569//3569 3697//3697 3571//3571
f 3574//3574 3573//3573 3570//3570 3571//3571
f 3575//3575 3433//3433 3574//3574 3698//3698
f 3576//3576 3434//3434 3575//3575 3699//3699
f 3651//3651 3515//3515 3435//3435 3576//3576
f 3437//3437 3577//3577 3700//3700 3578//3578
f 3438//3438 3578//3578 3701//3701 3579//3579
f 3441//3441 3579//3579 3702//3702 3703//3703
f 3582//3582 3704//3704 3580//3580 3439//3439
f 3580//3580 3705//3705 3706//3706 3581//3581
f 3369//3369 3581//3581 3706//3706 3513//3513
f 3584//3584 3447//3447 3583//3583 3707//3707
f 3585//3585 3584//3584 3708//3708 3709//3709
f 3448//3448 3585//3585 3709//3709 3586//3586
f 3603//3603 3467//3467 3586//3586 3710//3710
f 3598//3598 3460//3460 3587//3587 3711//3711
f 3712//3712 3587//3587 3450//3450 3588//3588
f 3713//3713 3588//3588 3451//3451 3714//3714
f 3714//3714 3451//3451 3452//3452 3589//3589
f 3590//3590 3715//3715 3589//3589 3453//3453
f 3716//3716 3590//3590 3454//3454 3591//3591
f 3717//3717 3592//3592 3455//3455 3594//3594
f 3592//3592 3718//3718 3719//3719 3593//3593
f 3720//3720 3594//3594 3457//3457 3595//3595
f 3721//3721 3595//3595 3458//3458 3596//3596
f 3722//3722 3596//3596 3459//3459 3597//3597
f 3723//3723 3597//3597 3462//3462 3600//3600
f 3724//3724 3599//3599 3461//3461 3598//3598
f 3601//3601 3463//3463 3599//3599 3725//3725
f 3726//3726 3600//3600 3601//3601 3727//3727
f 3593//3593 3719//3719 3602//3602 3466//3466
f 3602//3602 3716//3716 3591//3591 3464//3464
f 3604//3604 3603//3603 3710//3710 3728//3728
f 3605//3605 3469//3469 3604//3604 3729//3729
f 3606//3606 3470//3470 3605//3605 3730//3730
f 3607//3607 3471//3471 3606//3606 3731//3731
f 3490//3490 3607//3607 3732//3732 3626//3626
f 3474//3474 3610//3610 3733//3733 3329//3329
f 3734//3734 3735//3735 3609//3609 3608//3608
f 3473//3473 3609//3609 3736//3736 3477//3477
f 3737//3737 3612//3612 3611//3611 3738//3738
f 3477//3477 3736//3736 3613//3613 3478//3478
f 3613//3613 3739//3739 3616//3616 3481//3481
f 3479//3479 3614//3614 3740//3740 3615//3615
f 3614//3614 3485//3485 3620//3620 3740//3740
f 3741//3741 3742//3742 3617//3617 3616//3616
f 3482//3482 3617//3617 3743//3743 3618//3618
f 3618//3618 3627//3627 3491//3491 3483//3483
f 3619//3619 3487//3487 3622//3622 3744//3744
f 3745//3745 3746//3746 3622//3622 3621//3621
f 3623//3623 3747//3747 3624//3624 3488//3488
f 3625//3625 3748//3748 3623//3623 3489//3489
f 3624//3624 3749//3749 3745//3745 3621//3621
f 3750//3750 3625//3625 3626//3626 3751//3751
f 3627//3627 3752//3752 3628//3628 3492//3492
f 3753//3753 3754//3754 3629//3629 3628//3628
f 3493//3493 3629//3629 3755//3755 3630//3630
f 3494//3494 3630//3630 3756//3756 3631//3631
f 3632//3632 3757//3757 3633//3633 3496//3496
f 3497//3497 3633//3633 3758//3758 3634//3634
f 3498//3498 3634//3634 3759//3759 3635//3635
f 3635//3635 3760//3760 3636//3636 3499//3499
f 3500//3500 3636//3636 3761//3761 3637//3637
f 3637//3637 3762//3762 3638//3638 3501//3501
f 3502//3502 3638//3638 3763//3763 3639//3639
f 3640//3640 3639//3639 3764//3764 3641//3641
f 3707//3707 3583//3583 3510//3510 3648//3648
f 3503//3503 3641//3641 3765//3765 3642//3642
f 3642//3642 3765//3765 3766//3766 3643//3643
f 3505//3505 3643//3643 3767//3767 3644//3644
f 3506//3506 3644//3644 3768//3768 3645//3645
f 3507//3507 3645//3645 3769//3769 3646//3646
f 3647//3647 3508//3508 3646//3646 3770//3770
f 3509//3509 3647//3647 3771//3771 3649//3649
f 3648//3648 3649//3649 3772//3772 3773//3773
f 3706//3706 3774//3774 3650//3650 3513//3513
f 3650//3650 3775//3775 3776//3776 3514//3514
f 3653//3653 3652//3652 3777//3777 3778//3778
f 3518//3518 3653//3653 3778//3778 3779//3779
f 3519//3519 3779//3779 3780//3780 3654//3654
f 3520//3520 3654//3654 3781//3781 3655//3655
f 3782//3782 3656//3656 3655//3655 3783//3783
f 3522//3522 3656//3656 3782//3782 3657//3657
f 3523//3523 3657//3657 3784//3784 3658//3658
f 3524//3524 3658//3658 3785//3785 3659//3659
f 3525//3525 3659//3659 3693//3693 3565//3565
f 3660//3660 3528//3528 3661//3661 3786//3786
f 3662//3662 3660//3660 3786//3786 3787//3787
f 3532//3532 3662//3662 3787//3787 3663//3663
f 3559//3559 3663//3663 3690//3690 3683//3683
f 3664//3664 3788//3788 3665//3665 3534//3534
f 3789//3789 3664//3664 3537//3537 3668//3668
f 3665//3665 3790//3790 3791//3791 3666//3666
f 3535//3535 3666//3666 3792//3792 3667//3667
f 3536//3536 3667//3667 3669//3669 3539//3539
f 3793//3793 3670//3670 3540//3540 3669//3669
f 3794//3794 3671//3671 3541//3541 3670//3670
f 3671//3671 3795//3795 3673//3673 3543//3543
f 3789//3789 3668//3668 3672//3672 3796//3796
f 3673//3673 3797//3797 3798//3798 3674//3674
f 3799//3799 3675//3675 3676//3676 3800//3800
f 3800//3800 3676//3676 3677//3677 3801//3801
f 3802//3802 3681//3681 3550//3550 3678//3678
f 3803//3803 3678//3678 3548//3548 3680//3680
f 3804//3804 3805//3805 3680//3680 3679//3679
f 3797//3797 3679//3679 3549//3549 3798//3798
f 3806//3806 3682//3682 3551//3551 3681//3681
f 3683//3683 3690//3690 3560//3560 3684//3684
f 3555//3555 3554//3554 3688//3688 3685//3685
f 3801//3801 3677//3677 3685//3685 3807//3807
f 3686//3686 3556//3556 3682//3682 3806//3806
f 3687//3687 3557//3557 3686//3686 3808//3808
f 3689//3689 3558//3558 3687//3687 3809//3809
f 3688//3688 3689//3689 3810//3810 3685//3685
f 3663//3663 3787//3787 3691//3691 3690//3690
f 3691//3691 3692//3692 3562//3562 3561//3561
f 3786//3786 3661//3661 3563//3563 3692//3692
f 3693//3693 3811//3811 3694//3694 3566//3566
f 3694//3694 3812//3812 3813//3813 3695//3695
f 3695//3695 3813//3813 3696//3696 3568//3568
f 3696//3696 3814//3814 3697//3697 3569//3569
f 3698//3698 3574//3574 3571//3571 3697//3697
f 3575//3575 3698//3698 3815//3815 3816//3816
f 3699//3699 3575//3575 3816//3816 3817//3817
f 3818//3818 3576//3576 3699//3699 3819//3819
f 3579//3579 3701//3701 3820//3820 3702//3702
f 3821//3821 3703//3703 3702//3702 3822//3822
f 3823//3823 3441//3441 3703//3703 3824//3824
f 3763//3763 3825//3825 3704//3704 3582//3582
f 3704//3704 3826//3826 3705//3705 3580//3580
f 3705//3705 3827//3827 3774//3774 3706//3706
f 3764//3764 3440//3440 3823//3823 3828//3828
f 3708//3708 3584//3584 3707//3707 3829//3829
f 3830//3830 3709//3709 3708//3708 3831//3831
f 3710//3710 3586//3586 3709//3709 3830//3830
f 3832//3832 3711//3711 3587//3587 3712//3712
f 3833//3833 3724//3724 3598//3598 3711//3711
f 3834//3834 3712//3712 3588//3588 3713//3713
f 3835//3835 3713//3713 3714//3714 3836//3836
f 3836//3836 3714//3714 3589//3589 3715//3715
f 3837//3837 3715//3715 3590//3590 3716//3716
f 3717//3717 3838//3838 3718//3718 3592//3592
f 3720//3720 3839//3839 3717//3717 3594//3594
f 3718//3718 3840//3840 3837//3837 3719//3719
f 3841//3841 3720//3720 3595//3595 3721//3721
f 3842//3842 3722//3722 3597//3597 3723//3723
f 3843//3843 3723//3723 3600//3600 3726//3726
f 3725//3725 3599//3599 3724//3724 3844//3844
f 3727//3727 3601//3601 3725//3725 3845//3845
f 3719//3719 3837//3837 3716//3716 3602//3602
f 3728//3728 3710//3710 3830//3830 3846//3846
f 3604//3604 3728//3728 3847//3847 3729//3729
f 3730//3730 3605//3605 3729//3729 3848//3848
f 3606//3606 3730//3730 3849//3849 3731//3731
f 3732//3732 3607//3607 3731//3731 3850//3850
f 3751//3751 3626//3626 3732//3732 3851//3851
f 3852//3852 3733//3733 3610//3610 3853//3853
f 3733//3733 3734//3734 3608//3608 3329//3329
f 3854//3854 3855//3855 3735//3735 3734//3734
f 3735//3735 3856//3856 3736//3736 3609//3609
f 3853//3853 3610//3610 3612//3612 3737//3737
f 3738//3738 3611//3611 3857//3857 3858//3858
f 3856//3856 3739//3739 3613//3613 3736//3736
f 3859//3859 3741//3741 3616//3616 3739//3739
f 3615//3615 3740//3740 3860//3860 3857//3857
f 3740//3740 3620//3620 3744//3744 3860//3860
f 3742//3742 3861//3861 3743//3743 3617//3617
f 3743//3743 3752//3752 3627//3627 3618//3618
f 3744//3744 3622//3622 3746//3746 3862//3862
f 3745//3745 3863//3863 3864//3864 3746//3746
f 3748//3748 3865//3865 3747//3747 3623//3623
f 3747//3747 3866//3866 3749//3749 3624//3624
f 3867//3867 3748//3748 3625//3625 3750//3750
f 3866//3866 3863//3863 3745//3745 3749//3749
f 3868//3868 3750//3750 3751//3751 3869//3869
f 3870//3870 3753//3753 3628//3628 3752//3752
f 3753//3753 3871//3871 3872//3872 3754//3754
f 3754//3754 3873//3873 3755//3755 3629//3629
f 3755//3755 3874//3874 3756//3756 3630//3630
f 3631//3631 3756//3756 3875//3875 3876//3876
f 3632//3632 3877//3877 3878//3878 3757//3757
f 3757//3757 3879//3879 3758//3758 3633//3633
f 3758//3758 3880//3880 3759//3759 3634//3634
f 3635//3635 3759//3759 3881//3881 3760//3760
f 3636//3636 3760//3760 3882//3882 3761//3761
f 3637//3637 3761//3761 3883//3883 3762//3762
f 3638//3638 3762//3762 3825//3825 3763//3763
f 3639//3639 3763//3763 3440//3440 3764//3764
f 3641//3641 3764//3764 3828//3828 3765//3765
f 3707//3707 3648//3648 3773//3773 3829//3829
f 3766//3766 3765//3765 3828//3828 3884//3884
f 3643//3643 3766//3766 3885//3885 3767//3767
f 3644//3644 3767//3767 3886//3886 3768//3768
f 3769//3769 3645//3645 3768//3768 3887//3887
f 3770//3770 3646//3646 3769//3769 3888//3888
f 3771//3771 3647//3647 3770//3770 3889//3889
f 3772//3772 3649//3649 3771//3771 3890//3890
f 3891//3891 3773//3773 3772//3772 3892//3892
f 3511//3511 3776//3776 3893//3893 3894//3894
f 3776//3776 3775//3775 3895//3895 3893//3893
f 3652//3652 3896//3896 3897//3897 3777//3777
f 3779//3779 3778//3778 3898//3898 3780//3780
f 3654//3654 3780//3780 3899//3899 3781//3781
f 3655//3655 3781//3781 3900//3900 3783//3783
f 3782//3782 3783//3783 3901//3901 3902//3902
f 3657//3657 3782//3782 3902//3902 3784//3784
f 3658//3658 3784//3784 3903//3903 3785//3785
f 3659//3659 3785//3785 3811//3811 3693//3693
f 3787//3787 3786//3786 3692//3692 3691//3691
f 3789//3789 3904//3904 3788//3788 3664//3664
f 3788//3788 3905//3905 3790//3790 3665//3665
f 3790//3790 3906//3906 3907//3907 3791//3791
f 3666//3666 3791//3791 3908//3908 3792//3792
f 3792//3792 3793//3793 3669//3669 3667//3667
f 3793//3793 3909//3909 3794//3794 3670//3670
f 3794//3794 3910//3910 3795//3795 3671//3671
f 3795//3795 3911//3911 3797//3797 3673//3673
f 3789//3789 3796//3796 3912//3912 3904//3904
f 3796//3796 3544//3544 3675//3675 3799//3799
f 3913//3913 3799//3799 3800//3800 3914//3914
f 3914//3914 3800//3800 3801//3801 3915//3915
f 3916//3916 3806//3806 3681//3681 3802//3802
f 3803//3803 3917//3917 3802//3802 3678//3678
f 3805//3805 3918//3918 3803//3803 3680//3680
f 3919//3919 3805//3805 3804//3804 3920//3920
f 3804//3804 3679//3679 3797//3797 3911//3911
f 3807//3807 3685//3685 3810//3810 3921//3921
f 3801//3801 3807//3807 3921//3921 3915//3915
f 3808//3808 3686//3686 3806//3806 3922//3922
f 3809//3809 3687//3687 3808//3808 3923//3923
f 3810//3810 3689//3689 3809//3809 3924//3924
f 3811//3811 3925//3925 3812//3812 3694//3694
f 3812//3812 3926//3926 3927//3927 3813//3813
f 3813//3813 3927//3927 3814//3814 3696//3696
f 3698//3698 3697//3697 3928//3928 3815//3815
f 3816//3816 3815//3815 3929//3929 3930//3930
f 3816//3816 3930//3930 3931//3931 3817//3817
f 3819//3819 3699//3699 3817//3817 3932//3932
f 3896//3896 3818//3818 3819//3819 3897//3897
f 3701//3701 3933//3933 3934//3934 3820//3820
f 3702//3702 3820//3820 3935//3935 3822//3822
f 3936//3936 3821//3821 3822//3822 3937//3937
f 3825//3825 3938//3938 3826//3826 3704//3704
f 3826//3826 3939//3939 3827//3827 3705//3705
f 3827//3827 3940//3940 3941//3941 3774//3774
f 3831//3831 3708//3708 3829//3829 3942//3942
f 3846//3846 3830//3830 3831//3831 3943//3943
f 3832//3832 3944//3944 3833//3833 3711//3711
f 3945//3945 3832//3832 3712//3712 3834//3834
f 3946//3946 3834//3834 3713//3713 3835//3835
f 3947//3947 3835//3835 3836//3836 3840//3840
f 3840//3840 3836//3836 3715//3715 3837//3837
f 3839//3839 3948//3948 3838//3838 3717//3717
f 3838//3838 3947//3947 3840//3840 3718//3718
f 3841//3841 3949//3949 3839//3839 3720//3720
f 3950//3950 3841//3841 3721//3721 3722//3722
f 3842//3842 3951//3951 3950//3950 3722//3722
f 3842//3842 3723//3723 3843//3843 3952//3952
f 3843//3843 3726//3726 3953//3953 3954//3954
f 3845//3845 3725//3725 3844//3844 3955//3955
f 3953//3953 3727//3727 3845//3845 3956//3956
f 3847//3847 3728//3728 3846//3846 3957//3957
f 3848//3848 3729//3729 3847//3847 3958//3958
f 3849//3849 3730//3730 3848//3848 3959//3959
f 3850//3850 3731//3731 3849//3849 3960//3960
f 3851//3851 3732//3732 3850//3850 3961//3961
f 3869//3869 3751//3751 3851//3851 3962//3962
f 3852//3852 3854//3854 3734//3734 3733//3733
f 3963//3963 3852//3852 3853//3853 3964//3964
f 3965//3965 3966//3966 3855//3855 3854//3854
f 3855//3855 3967//3967 3856//3856 3735//3735
f 3964//3964 3853//3853 3737//3737 3968//3968
f 3858//3858 3857//3857 3860//3860 3969//3969
f 3967//3967 3859//3859 3739//3739 3856//3856
f 3970//3970 3971//3971 3741//3741 3859//3859
f 3860//3860 3744//3744 3862//3862 3972//3972
f 3742//3742 3973//3973 3974//3974 3861//3861
f 3861//3861 3870//3870 3752//3752 3743//3743
f 3862//3862 3746//3746 3864//3864 3975//3975
f 3976//3976 3977//3977 3864//3864 3863//3863
f 3865//3865 3978//3978 3866//3866 3747//3747
f 3979//3979 3867//3867 3750//3750 3868//3868
f 3866//3866 3980//3980 3976//3976 3863//3863
f 3981//3981 3868//3868 3869//3869 3982//3982
f 3983//3983 3871//3871 3753//3753 3870//3870
f 3872//3872 3984//3984 3873//3873 3754//3754
f 3873//3873 3985//3985 3874//3874 3755//3755
f 3874//3874 3986//3986 3875//3875 3756//3756
f 3875//3875 3987//3987 3877//3877 3876//3876
f 3877//3877 3987//3987 3988//3988 3878//3878
f 3757//3757 3878//3878 3989//3989 3879//3879
f 3758//3758 3879//3879 3990//3990 3880//3880
f 3880//3880 3991//3991 3881//3881 3759//3759
f 3760//3760 3881//3881 3992//3992 3882//3882
f 3761//3761 3882//3882 3993//3993 3883//3883
f 3762//3762 3883//3883 3938//3938 3825//3825
f 3942//3942 3829//3829 3773//3773 3891//3891
f 3766//3766 3884//3884 3994//3994 3885//3885
f 3886//3886 3767//3767 3885//3885 3995//3995
f 3887//3887 3768//3768 3886//3886 3996//3996
f 3888//3888 3769//3769 3887//3887 3997//3997
f 3890//3890 3771//3771 3889//3889 3998//3998
f 3772//3772 3890//3890 3999//3999 3892//3892
f 4000//4000 3891//3891 3892//3892 4001//4001
f 3700//3700 3894//3894 3893//3893 4002//4002
f 4003//4003 4004//4004 3895//3895 3775//3775
f 3893//3893 3895//3895 4005//4005 4002//4002
f 3777//3777 3897//3897 4006//4006 4007//4007
f 3778//3778 4007//4007 4008//4008 3898//3898
f 3781//3781 3899//3899 4009//4009 3900//3900
f 3783//3783 3900//3900 4010//4010 3901//3901
f 3902//3902 3901//3901 4011//4011 4012//4012
f 3784//3784 3902//3902 4012//4012 3903//3903
f 3785//3785 3903//3903 3925//3925 3811//3811
f 3905//3905 4013//4013 4014//4014 3790//3790
f 4014//4014 4015//4015 3906//3906 3790//3790
f 3906//3906 4015//4015 4016//4016 3907//3907
f 3791//3791 3907//3907 4017//4017 3908//3908
f 3792//3792 3908//3908 3909//3909 3793//3793
f 4018//4018 3910//3910 3794//3794 3909//3909
f 3910//3910 4019//4019 3911//3911 3795//3795
f 3796//3796 3799//3799 3913//3913 3912//3912
f 3904//3904 3912//3912 4013//4013 3905//3905
f 3913//3913 3914//3914 4020//4020 4021//4021
f 4020//4020 3914//3914 3915//3915 4022//4022
f 4023//4023 3916//3916 3802//3802 3917//3917
f 3918//3918 4024//4024 3917//3917 3803//3803
f 3919//3919 4025//4025 3918//3918 3805//3805
f 4019//4019 3920//3920 3804//3804 3911//3911
f 4026//4026 4027//4027 3919//3919 3920//3920
f 3921//3921 3810//3810 3924//3924 4028//4028
f 3915//3915 3921//3921 4028//4028 4022//4022
f 3923//3923 3808//3808 3922//3922 4029//4029
f 3924//3924 3809//3809 4030//4030 4031//4031
f 3925//3925 4032//4032 3926//3926 3812//3812
f 3926//3926 4033//4033 4034//4034 3927//3927
f 3927//3927 4034//4034 3928//3928 3814//3814
f 4034//4034 3929//3929 3815//3815 3928//3928
f 4035//4035 4036//4036 3930//3930 3929//3929
f 4037//4037 3931//3931 3930//3930 4036//4036
f 3932//3932 3817//3817 3931//3931 4038//4038
f 3897//3897 3819//3819 3932//3932 4006//4006
f 3933//3933 4002//4002 4005//4005 3934//3934
f 3937//3937 3822//3822 3935//3935 4039//4039
f 4040//4040 4041//4041 3821//3821 3936//3936
f 4042//4042 3936//3936 3937//3937 4043//4043
f 3938//3938 4044//4044 3939//3939 3826//3826
f 3939//3939 4045//4045 3940//3940 3827//3827
f 3940//3940 4046//4046 4047//4047 3941//3941
f 3943//3943 3831//3831 3942//3942 4048//4048
f 3957//3957 3846//3846 3943//3943 4049//4049
f 4050//4050 3944//3944 3832//3832 3945//3945
f 4051//4051 3844//3844 3833//3833 3944//3944
f 4052//4052 3945//3945 3834//3834 3946//3946
f 3949//3949 4053//4053 3948//3948 3839//3839
f 3948//3948 3946//3946 3947//3947 3838//3838
f 3950//3950 4054//4054 3949//3949 3841//3841
f 4055//4055 3951//3951 3842//3842 3952//3952
f 3951//3951 4056//4056 4054//4054 3950//3950
f 4057//4057 3952//3952 3843//3843 3954//3954
f 4058//4058 3954//3954 3953//3953 4059//4059
f 4060//4060 3955//3955 3844//3844 4051//4051
f 3956//3956 3845//3845 3955//3955 4061//4061
f 4059//4059 3953//3953 3956//3956 4062//4062
f 3958//3958 3847//3847 3957//3957 4063//4063
f 3959//3959 3848//3848 3958//3958 4064//4064
f 3961//3961 3850//3850 3960//3960 4065//4065
f 3962//3962 3851//3851 3961//3961 4066//4066
f 3982//3982 3869//3869 3962//3962 4067//4067
f 3963//3963 3965//3965 3854//3854 3852//3852
f 4068//4068 4069//4069 3963//3963 3964//3964
f 4070//4070 4071//4071 3966//3966 3965//3965
f 4068//4068 3964//3964 3968//3968 4072//4072
f 3969//3969 3860//3860 3972//3972 4073//4073
f 4074//4074 3858//3858 3969//3969 4075//4075
f 4076//4076 3970//3970 3859//3859 3967//3967
f 4077//4077 4078//4078 3971//3971 3970//3970
f 3972//3972 3862//3862 3975//3975 4079//4079
f 3971//3971 4078//4078 3973//3973 3742//3742
f 3973//3973 4080//4080 4081//4081 3974//3974
f 3861//3861 3974//3974 3983//3983 3870//3870
f 3864//3864 3977//3977 4082//4082 3975//3975
f 4083//4083 4084//4084 3977//3977 3976//3976
f 3978//3978 4085//4085 3980//3980 3866//3866
f 3979//3979 4086//4086 4087//4087 3867//3867
f 4088//4088 3979//3979 3868//3868 3981//3981
f 4089//4089 4083//4083 3976//3976 3980//3980
f 3981//3981 3982//3982 4090//4090 4091//4091
f 4092//4092 4093//4093 3871//3871 3983//3983
f 4094//4094 4095//4095 3984//3984 3872//3872
f 3984//3984 4096//4096 3985//3985 3873//3873
f 3874//3874 3985//3985 4097//4097 3986//3986
f 3875//3875 3986//3986 4098//4098 3987//3987
f 4098//4098 4099//4099 3988//3988 3987//3987
f 3878//3878 3988//3988 4100//4100 3989//3989
f 3989//3989 4101//4101 3990//3990 3879//3879
f 3880//3880 3990//3990 4102//4102 3991//3991
f 3881//3881 3991//3991 4103//4103 3992//3992
f 3993//3993 3882//3882 3992//3992 4104//4104
f 3993//3993 4044//4044 3938//3938 3883//3883
f 3942//3942 3891//3891 4000//4000 4048//4048
f 3884//3884 4105//4105 4106//4106 3994//3994
f 3885//3885 3994//3994 4107//4107 3995//3995
f 3996//3996 3886//3886 3995//3995 4108//4108
f 3997//3997 3887//3887 3996//3996 4109//4109
f 4110//4110 3888//3888 3997//3997 4111//4111
f 3998//3998 3889//3889 3888//3888 4110//4110
f 3999//3999 3890//3890 3998//3998 4112//4112
f 4001//4001 3892//3892 3999//3999 4113//4113
f 4000//4000 4001//4001 4114//4114 4115//4115
f 3941//3941 4047//4047 4004//4004 4003//4003
f 3895//3895 4004//4004 4116//4116 4005//4005
f 4007//4007 4006//4006 4117//4117 4008//4008
f 3898//3898 4008//4008 4117//4117 4118//4118
f 3898//3898 4118//4118 4009//4009 3899//3899
f 3900//3900 4009//4009 4119//4119 4010//4010
f 3901//3901 4010//4010 4120//4120 4011//4011
f 4012//4012 4011//4011 4121//4121 4032//4032
f 3903//3903 4012//4012 4032//4032 3925//3925
f 4013//4013 4021//4021 4122//4122 4014//4014
f 4014//4014 4122//4122 4123//4123 4015//4015
f 4015//4015 4123//4123 4124//4124 4016//4016
f 4016//4016 4125//4125 4017//4017 3907//3907
f 4017//4017 4018//4018 3909//3909 3908//3908
f 4018//4018 4126//4126 4019//4019 3910//3910
f 3912//3912 3913//3913 4021//4021 4013//4013
f 4021//4021 4020//4020 4127//4127 4122//4122
f 4020//4020 4022//4022 4128//4128 4127//4127
f 4029//4029 3922//3922 3916//3916 4023//4023
f 4129//4129 4023//4023 3917//3917 4024//4024
f 4130//4130 4024//4024 3918//3918 4025//4025
f 4131//4131 4132//4132 4025//4025 3919//3919
f 4126//4126 4026//4026 3920//3920 4019//4019
f 4133//4133 4134//4134 4027//4027 4026//4026
f 4028//4028 3924//3924 4031//4031 4135//4135
f 4022//4022 4028//4028 4135//4135 4128//4128
f 4030//4030 3923//3923 4029//4029 4136//4136
f 4031//4031 4030//4030 4136//4136 4137//4137
f 4032//4032 4121//4121 4033//4033 3926//3926
f 4033//4033 4035//4035 3929//3929 4034//4034
f 4120//4120 4138//4138 4036//4036 4035//4035
f 4139//4139 4038//4038 3931//3931 4037//4037
f 4006//4006 3932//3932 4038//4038 4117//4117
f 3935//3935 3934//3934 4005//4005 4116//4116
f 4039//4039 3935//3935 4116//4116 4140//4140
f 4043//4043 3937//3937 4039//4039 4141//4141
f 3824//3824 3821//3821 4142//4142 4143//4143
f 4040//4040 4144//4144 4145//4145 4041//4041
f 3821//3821 4041//4041 4146//4146 4142//4142
f 4147//4147 4040//4040 3936//3936 4042//4042
f 4147//4147 4042//4042 4043//4043 4148//4148
f 4105//4105 3824//3824 4143//4143 4106//4106
f 4044//4044 4149//4149 4045//4045 3939//3939
f 4045//4045 4150//4150 4046//4046 3940//3940
f 4046//4046 4151//4151 4140//4140 4047//4047
f 4049//4049 3943//3943 4048//4048 4152//4152
f 4063//4063 3957//3957 4049//4049 4153//4153
f 4154//4154 4051//4051 3944//3944 4050//4050
f 4155//4155 4050//4050 3945//3945 4052//4052
f 4053//4053 4052//4052 3946//3946 3948//3948
f 4054//4054 4156//4156 4053//4053 3949//3949
f 4157//4157 4055//4055 3952//3952 4057//4057
f 4056//4056 4158//4158 4156//4156 4054//4054
f 4159//4159 4057//4057 3954//3954 4058//4058
f 4160//4160 4058//4058 4059//4059 4161//4161
f 4162//4162 4060//4060 4051//4051 4154//4154
f 4163//4163 4062//4062 3956//3956 4061//4061
f 4164//4164 4161//4161 4059//4059 4062//4062
f 4064//4064 3958//3958 4063//4063 4165//4165
f 4166//4166 3959//3959 4064//4064 4167//4167
f 4065//4065 3960//3960 4168//4168 4169//4169
f 3962//3962 4066//4066 4170//4170 4067//4067
f 3982//3982 4067//4067 4170//4170 4171//4171
f 4069//4069 4070//4070 3965//3965 3963//3963
f 4172//4172 4173//4173 4069//4069 4068//4068
f 4174//4174 4175//4175 4071//4071 4070//4070
f 4072//4072 3968//3968 4074//4074 4176//4176
f 4172//4172 4068//4068 4072//4072 4177//4177
f 4073//4073 3972//3972 4079//4079 4178//4178
f 4075//4075 3969//3969 4073//4073 4179//4179
f 4176//4176 4074//4074 4075//4075 4180//4180
f 4076//4076 4181//4181 4077//4077 3970//3970
f 3966//3966 4182//4182 4076//4076 3967//3967
f 4077//4077 4183//4183 4184//4184 4078//4078
f 4079//4079 3975//3975 4082//4082 4185//4185
f 4078//4078 4184//4184 4080//4080 3973//3973
f 4186//4186 4187//4187 4081//4081 4080//4080
f 3974//3974 4081//4081 4092//4092 3983//3983
f 3977//3977 4084//4084 4188//4188 4082//4082
f 4189//4189 4085//4085 3978//3978 4087//4087
f 4190//4190 4089//4089 3980//3980 4085//4085
f 4088//4088 4191//4191 4086//4086 3979//3979
f 4192//4192 4189//4189 4087//4087 4086//4086
f 4193//4193 4088//4088 3981//3981 4091//4091
f 4194//4194 4195//4195 4083//4083 4089//4089
f 4090//4090 3982//3982 4196//4196 4197//4197
f 4198//4198 4091//4091 4090//4090 4199//4199
f 4092//4092 4200//4200 4201//4201 4093//4093
f 4201//4201 4094//4094 3872//3872 4093//4093
f 4094//4094 4202//4202 4203//4203 4095//4095
f 3984//3984 4095//4095 4204//4204 4096//4096
f 4096//4096 4205//4205 4097//4097 3985//3985
f 4097//4097 4206//4206 4098//4098 3986//3986
f 4206//4206 4207//4207 4099//4099 4098//4098
f 3988//3988 4099//4099 4208//4208 4100//4100
f 3989//3989 4100//4100 4209//4209 4101//4101
f 3990//3990 4101//4101 4210//4210 4102//4102
f 4102//4102 4211//4211 4103//4103 3991//3991
f 3992//3992 4103//4103 4212//4212 4104//4104
f 3993//3993 4104//4104 4149//4149 4044//4044
f 4152//4152 4048//4048 4000//4000 4115//4115
f 3994//3994 4106//4106 4213//4213 4107//4107
f 3995//3995 4107//4107 4214//4214 4108//4108
f 3996//3996 4108//4108 4215//4215 4109//4109
f 4111//4111 3997//3997 4109//4109 4216//4216
f 4217//4217 4110//4110 4111//4111 4218//4218
f 4113//4113 3999//3999 4112//4112 4219//4219
f 4114//4114 4001//4001 4113//4113 4220//4220
f 4221//4221 4115//4115 4114//4114 4222//4222
f 4047//4047 4140//4140 4116//4116 4004//4004
f 4118//4118 4117//4117 4038//4038 4139//4139
f 4009//4009 4118//4118 4139//4139 4119//4119
f 4010//4010 4119//4119 4138//4138 4120//4120
f 4122//4122 4127//4127 4223//4223 4123//4123
f 4123//4123 4223//4223 4224//4224 4124//4124
f 4016//4016 4124//4124 4133//4133 4125//4125
f 4017//4017 4125//4125 4126//4126 4018//4018
f 4127//4127 4128//4128 4225//4225 4223//4223
f 4136//4136 4029//4029 4023//4023 4129//4129
f 4226//4226 4129//4129 4024//4024 4130//4130
f 4227//4227 4130//4130 4025//4025 4132//4132
f 4228//4228 4227//4227 4132//4132 4131//4131
f 4125//4125 4133//4133 4026//4026 4126//4126
f 4124//4124 4224//4224 4134//4134 4133//4133
f 4134//4134 4228//4228 4131//4131 4027//4027
f 4135//4135 4031//4031 4137//4137 4229//4229
f 4128//4128 4135//4135 4229//4229 4225//4225
f 4137//4137 4136//4136 4129//4129 4226//4226
f 4121//4121 4120//4120 4035//4035 4033//4033
f 4139//4139 4037//4037 4138//4138 4119//4119
f 4141//4141 4039//4039 4140//4140 4151//4151
f 4148//4148 4043//4043 4141//4141 4230//4230
f 4143//4143 4142//4142 4231//4231 4232//4232
f 4147//4147 4233//4233 4144//4144 4040//4040
f 4234//4234 4235//4235 4145//4145 4144//4144
f 4041//4041 4145//4145 4236//4236 4146//4146
f 4231//4231 4142//4142 4146//4146 4237//4237
f 4147//4147 4148//4148 4238//4238 4233//4233
f 4106//4106 4143//4143 4232//4232 4213//4213
f 4150//4150 4141//4141 4151//4151 4046//4046
f 4049//4049 4152//4152 4239//4239 4153//4153
f 4063//4063 4153//4153 4240//4240 4165//4165
f 4241//4241 4154//4154 4050//4050 4155//4155
f 4156//4156 4155//4155 4052//4052 4053//4053
f 4157//4157 4242//4242 4243//4243 4055//4055
f 4244//4244 4157//4157 4057//4057 4159//4159
f 4055//4055 4243//4243 4158//4158 4056//4056
f 4158//4158 4241//4241 4155//4155 4156//4156
f 4245//4245 4159//4159 4058//4058 4160//4160
f 4246//4246 4160//4160 4161//4161 4164//4164
f 4247//4247 4061//4061 4060//4060 4162//4162
f 4248//4248 4162//4162 4154//4154 4241//4241
f 4249//4249 4164//4164 4062//4062 4163//4163
f 4250//4250 4163//4163 4061//4061 4247//4247
f 4166//4166 4167//4167 4251//4251 4252//4252
f 4169//4169 4168//4168 4166//4166 4252//4252
f 4065//4065 4169//4169 4253//4253 4254//4254
f 4170//4170 4066//4066 4065//4065 4254//4254
f 4170//4170 4254//4254 4255//4255 4171//4171
f 3982//3982 4171//4171 4256//4256 4196//4196
f 4173//4173 4174//4174 4070//4070 4069//4069
f 4257//4257 4258//4258 4173//4173 4172//4172
f 4259//4259 4260//4260 4175//4175 4174//4174
f 4175//4175 4261//4261 4182//4182 4071//4071
f 4177//4177 4072//4072 4176//4176 4262//4262
f 4257//4257 4172//4172 4177//4177 4263//4263
f 4178//4178 4079//4079 4185//4185 4264//4264
f 4179//4179 4073//4073 4178//4178 4265//4265
f 4180//4180 4075//4075 4179//4179 4266//4266
f 4262//4262 4176//4176 4180//4180 4267//4267
f 4261//4261 4181//4181 4076//4076 4182//4182
f 4268//4268 4183//4183 4077//4077 4181//4181
f 4269//4269 4270//4270 4184//4184 4183//4183
f 4185//4185 4082//4082 4188//4188 4271//4271
f 4270//4270 4186//4186 4080//4080 4184//4184
f 4272//4272 4273//4273 4187//4187 4186//4186
f 4187//4187 4200//4200 4092//4092 4081//4081
f 4274//4274 4275//4275 4188//4188 4084//4084
f 4276//4276 4190//4190 4085//4085 4189//4189
f 4277//4277 4194//4194 4089//4089 4190//4190
f 4278//4278 4191//4191 4088//4088 4193//4193
f 4278//4278 4192//4192 4086//4086 4191//4191
f 4279//4279 4276//4276 4189//4189 4192//4192
f 4280//4280 4281//4281 4195//4195 4194//4194
f 4195//4195 4282//4282 4274//4274 4083//4083
f 4283//4283 4197//4197 4196//4196 4284//4284
f 4285//4285 4199//4199 4090//4090 4197//4197
f 4286//4286 4198//4198 4199//4199 4287//4287
f 4288//4288 4289//4289 4201//4201 4200//4200
f 4201//4201 4289//4289 4202//4202 4094//4094
f 4290//4290 4291//4291 4203//4203 4202//4202
f 4095//4095 4203//4203 4292//4292 4204//4204
f 4096//4096 4204//4204 4293//4293 4205//4205
f 4205//4205 4294//4294 4206//4206 4097//4097
f 4206//4206 4294//4294 4295//4295 4207//4207
f 4207//4207 4296//4296 4208//4208 4099//4099
f 4100//4100 4208//4208 4297//4297 4209//4209
f 4209//4209 4298//4298 4210//4210 4101//4101
f 4102//4102 4210//4210 4299//4299 4211//4211
f 4103//4103 4211//4211 4300//4300 4301//4301
f 4104//4104 4212//4212 4302//4302 4149//4149
f 4239//4239 4152//4152 4115//4115 4221//4221
f 4213//4213 4303//4303 4214//4214 4107//4107
f 4215//4215 4108//4108 4214//4214 4304//4304
f 4216//4216 4109//4109 4215//4215 4305//4305
f 4218//4218 4111//4111 4216//4216 4306//4306
f 4217//4217 4218//4218 4306//4306 4307//4307
f 4219//4219 4112//4112 4308//4308 4309//4309
f 4220//4220 4113//4113 4219//4219 4310//4310
f 4114//4114 4220//4220 4311//4311 4222//4222
f 4312//4312 4221//4221 4222//4222 4313//4313
f 4223//4223 4225//4225 4314//4314 4224//4224
f 4315//4315 4226//4226 4130//4130 4227//4227
f 4314//4314 4315//4315 4227//4227 4228//4228
f 4224//4224 4314//4314 4228//4228 4134//4134
f 4229//4229 4137//4137 4226//4226 4315//4315
f 4225//4225 4229//4229 4315//4315 4314//4314
f 4150//4150 4316//4316 4230//4230 4141//4141
f 4148//4148 4230//4230 4317//4317 4238//4238
f 4318//4318 4232//4232 4231//4231 4319//4319
f 4234//4234 4320//4320 4321//4321 4235//4235
f 4235//4235 4322//4322 4236//4236 4145//4145
f 4146//4146 4236//4236 4323//4323 4237//4237
f 4233//4233 4238//4238 4324//4324 4234//4234
f 4213//4213 4232//4232 4318//4318 4303//4303
f 4153//4153 4239//4239 4325//4325 4240//4240
f 4165//4165 4240//4240 4326//4326 4327//4327
f 4244//4244 4328//4328 4242//4242 4157//4157
f 4242//4242 4329//4329 4248//4248 4243//4243
f 4330//4330 4244//4244 4159//4159 4245//4245
f 4243//4243 4248//4248 4241//4241 4158//4158
f 4331//4331 4245//4245 4160//4160 4246//4246
f 4329//4329 4247//4247 4162//4162 4248//4248
f 4332//4332 4249//4249 4163//4163 4250//4250
f 4333//4333 4250//4250 4247//4247 4329//4329
f 4251//4251 4167//4167 4165//4165 4327//4327
f 4334//4334 4252//4252 4251//4251 4335//4335
f 4253//4253 4169//4169 4252//4252 4334//4334
f 4255//4255 4254//4254 4253//4253 4336//4336
f 4171//4171 4255//4255 4337//4337 4256//4256
f 4196//4196 4256//4256 4338//4338 4284//4284
f 4258//4258 4259//4259 4174//4174 4173//4173
f 4339//4339 4340//4340 4258//4258 4257//4257
f 4259//4259 4341//4341 4342//4342 4260//4260
f 4175//4175 4260//4260 4343//4343 4261//4261
f 4263//4263 4177//4177 4262//4262 4344//4344
f 4345//4345 4339//4339 4257//4257 4263//4263
f 4264//4264 4185//4185 4271//4271 4346//4346
f 4265//4265 4178//4178 4264//4264 4347//4347
f 4267//4267 4180//4180 4266//4266 4348//4348
f 4344//4344 4262//4262 4267//4267 4349//4349
f 4343//4343 4268//4268 4181//4181 4261//4261
f 4268//4268 4350//4350 4269//4269 4183//4183
f 4269//4269 4351//4351 4352//4352 4270//4270
f 4275//4275 4353//4353 4271//4271 4188//4188
f 4272//4272 4354//4354 4355//4355 4273//4273
f 4273//4273 4288//4288 4200//4200 4187//4187
f 4356//4356 4272//4272 4186//4186 4352//4352
f 4282//4282 4346//4346 4275//4275 4274//4274
f 4357//4357 4277//4277 4190//4190 4276//4276
f 4358//4358 4280//4280 4194//4194 4277//4277
f 4359//4359 4360//4360 4278//4278 4193//4193
f 4361//4361 4279//4279 4192//4192 4278//4278
f 4362//4362 4357//4357 4276//4276 4279//4279
f 4348//4348 4266//4266 4281//4281 4280//4280
f 4281//4281 4347//4347 4282//4282 4195//4195
f 4285//4285 4197//4197 4283//4283 4363//4363
f 4283//4283 4284//4284 4364//4364 4365//4365
f 4287//4287 4199//4199 4285//4285 4366//4366
f 4359//4359 4193//4193 4198//4198 4286//4286
f 4367//4367 4368//4368 4286//4286 4287//4287
f 4369//4369 4370//4370 4289//4289 4288//4288
f 4370//4370 4290//4290 4202//4202 4289//4289
f 4290//4290 4371//4371 4372//4372 4291//4291
f 4291//4291 4373//4373 4292//4292 4203//4203
f 4292//4292 4374//4374 4293//4293 4204//4204
f 4375//4375 4376//4376 4295//4295 4294//4294
f 4207//4207 4295//4295 4377//4377 4296//4296
f 4296//4296 4378//4378 4297//4297 4208//4208
f 4209//4209 4297//4297 4379//4379 4298//4298
f 4210//4210 4298//4298 4380//4380 4299//4299
f 4211//4211 4299//4299 4381//4381 4300//4300
f 4300//4300 4382//4382 4383//4383 4301//4301
f 4212//4212 4301//4301 4383//4383 4302//4302
f 4325//4325 4239//4239 4221//4221 4312//4312
f 4304//4304 4214//4214 4303//4303 4384//4384
f 4305//4305 4215//4215 4304//4304 4385//4385
f 4386//4386 4216//4216 4305//4305 4387//4387
f 4388//4388 4306//4306 4216//4216 4386//4386
f 4389//4389 4307//4307 4306//4306 4388//4388
f 4309//4309 4308//4308 4217//4217 4307//4307
f 4310//4310 4219//4219 4309//4309 4390//4390
f 4220//4220 4310//4310 4391//4391 4311//4311
f 4313//4313 4222//4222 4311//4311 4392//4392
f 4312//4312 4313//4313 4393//4393 4394//4394
f 4230//4230 4316//4316 4395//4395 4317//4317
f 4238//4238 4317//4317 4396//4396 4324//4324
f 4234//4234 4324//4324 4397//4397 4320//4320
f 4398//4398 4399//4399 4321//4321 4320//4320
f 4321//4321 4400//4400 4322//4322 4235//4235
f 4236//4236 4322//4322 4401//4401 4323//4323
f 4303//4303 4318//4318 4402//4402 4384//4384
f 4149//4149 4403//4403 4404//4404 4150//4150
f 4326//4326 4240//4240 4325//4325 4405//4405
f 4406//4406 4327//4327 4326//4326 4407//4407
f 4330//4330 4408//4408 4328//4328 4244//4244
f 4328//4328 4333//4333 4329//4329 4242//4242
f 4331//4331 4246//4246 4249//4249 4332//4332
f 4332//4332 4250//4250 4333//4333 4409//4409
f 4335//4335 4251//4251 4327//4327 4406//4406
f 4334//4334 4335//4335 4410//4410 4411//4411
f 4336//4336 4253//4253 4334//4334 4411//4411
f 4255//4255 4336//4336 4412//4412 4337//4337
f 4256//4256 4337//4337 4413//4413 4338//4338
f 4364//4364 4284//4284 4338//4338 4414//4414
f 4340//4340 4415//4415 4259//4259 4258//4258
f 4339//4339 4416//4416 4415//4415 4340//4340
f 4417//4417 4341//4341 4259//4259 4415//4415
f 4418//4418 4419//4419 4342//4342 4341//4341
f 4345//4345 4263//4263 4344//4344 4420//4420
f 4421//4421 4416//4416 4339//4339 4345//4345
f 4346//4346 4271//4271 4353//4353 4275//4275
f 4347//4347 4264//4264 4346//4346 4282//4282
f 4266//4266 4265//4265 4347//4347 4281//4281
f 4349//4349 4267//4267 4348//4348 4422//4422
f 4420//4420 4344//4344 4349//4349 4423//4423
f 4343//4343 4424//4424 4350//4350 4268//4268
f 4425//4425 4351//4351 4269//4269 4350//4350
f 4351//4351 4426//4426 4356//4356 4352//4352
f 4356//4356 4427//4427 4354//4354 4272//4272
f 4355//4355 4369//4369 4288//4288 4273//4273
f 4428//4428 4358//4358 4277//4277 4357//4357
f 4422//4422 4348//4348 4280//4280 4358//4358
f 4429//4429 4360//4360 4359//4359 4430//4430
f 4431//4431 4361//4361 4278//4278 4360//4360
f 4432//4432 4362//4362 4279//4279 4361//4361
f 4433//4433 4428//4428 4357//4357 4362//4362
f 4434//4434 4366//4366 4285//4285 4363//4363
f 4435//4435 4365//4365 4364//4364 4436//4436
f 4367//4367 4287//4287 4366//4366 4437//4437
f 4430//4430 4359//4359 4286//4286 4368//4368
f 4438//4438 4439//4439 4368//4368 4367//4367
f 4369//4369 4440//4440 4441//4441 4370//4370
f 4441//4441 4371//4371 4290//4290 4370//4370
f 4442//4442 4443//4443 4372//4372 4371//4371
f 4372//4372 4444//4444 4373//4373 4291//4291
f 4373//4373 4445//4445 4374//4374 4292//4292
f 4374//4374 4375//4375 4294//4294 4293//4293
f 4446//4446 4447//4447 4376//4376 4375//4375
f 4376//4376 4448//4448 4377//4377 4295//4295
f 4296//4296 4377//4377 4449//4449 4378//4378
f 4378//4378 4450//4450 4379//4379 4297//4297
f 4298//4298 4379//4379 4451//4451 4380//4380
f 4299//4299 4380//4380 4452//4452 4381//4381
f 4300//4300 4381//4381 4453//4453 4382//4382
f 4383//4383 4382//4382 4454//4454 4455//4455
f 4302//4302 4383//4383 4455//4455 4403//4403
f 4325//4325 4312//4312 4394//4394 4405//4405
f 4385//4385 4304//4304 4384//4384 4456//4456
f 4305//4305 4385//4385 4457//4457 4387//4387
f 4458//4458 4386//4386 4387//4387 4459//4459
f 4388//4388 4386//4386 4458//4458 4460//4460
f 4390//4390 4309//4309 4307//4307 4389//4389
f 4389//4389 4388//4388 4460//4460 4461//4461
f 4310//4310 4390//4390 4462//4462 4391//4391
f 4311//4311 4391//4391 4463//4463 4392//4392
f 4393//4393 4313//4313 4392//4392 4464//4464
f 4465//4465 4394//4394 4393//4393 4466//4466
f 4316//4316 4404//4404 4467//4467 4395//4395
f 4317//4317 4395//4395 4468//4468 4396//4396
f 4324//4324 4396//4396 4469//4469 4397//4397
f 4398//4398 4320//4320 4397//4397 4470//4470
f 4398//4398 4471//4471 4472//4472 4399//4399
f 4399//4399 4473//4473 4400//4400 4321//4321
f 4400//4400 4474//4474 4401//4401 4322//4322
f 4323//4323 4401//4401 4475//4475 4476//4476
f 4384//4384 4402//4402 4477//4477 4456//4456
f 4403//4403 4455//4455 4467//4467 4404//4404
f 4407//4407 4326//4326 4405//4405 4478//4478
f 4406//4406 4407//4407 4479//4479 4480//4480
f 4408//4408 4409//4409 4333//4333 4328//4328
f 4335//4335 4406//4406 4480//4480 4410//4410
f 4411//4411 4410//4410 4481//4481 4482//4482
f 4336//4336 4411//4411 4482//4482 4412//4412
f 4337//4337 4412//4412 4483//4483 4413//4413
f 4414//4414 4338//4338 4413//4413 4484//4484
f 4364//4364 4414//4414 4485//4485 4436//4436
f 4486//4486 4417//4417 4415//4415 4416//4416
f 4418//4418 4487//4487 4488//4488 4419//4419
f 4419//4419 4489//4489 4490//4490 4342//4342
f 4491//4491 4492//4492 4418//4418 4341//4341
f 4421//4421 4345//4345 4420//4420 4493//4493
f 4494//4494 4495//4495 4416//4416 4421//4421
f 4423//4423 4349//4349 4422//4422 4496//4496
f 4493//4493 4420//4420 4423//4423 4497//4497
f 4490//4490 4425//4425 4350//4350 4424//4424
f 4498//4498 4426//4426 4351//4351 4425//4425
f 4499//4499 4427//4427 4356//4356 4426//4426
f 4500//4500 4501//4501 4354//4354 4427//4427
f 4502//4502 4440//4440 4369//4369 4355//4355
f 4496//4496 4422//4422 4358//4358 4428//4428
f 4503//4503 4431//4431 4360//4360 4429//4429
f 4504//4504 4429//4429 4430//4430 4505//4505
f 4506//4506 4432//4432 4361//4361 4431//4431
f 4507//4507 4433//4433 4362//4362 4432//4432
f 4508//4508 4496//4496 4428//4428 4433//4433
f 4509//4509 4437//4437 4366//4366 4434//4434
f 4436//4436 4510//4510 4511//4511 4435//4435
f 4512//4512 4438//4438 4367//4367 4437//4437
f 4505//4505 4430//4430 4368//4368 4439//4439
f 4513//4513 4439//4439 4438//4438 4514//4514
f 4515//4515 4516//4516 4441//4441 4440//4440
f 4441//4441 4516//4516 4442//4442 4371//4371
f 4442//4442 4517//4517 4518//4518 4443//4443
f 4443//4443 4519//4519 4444//4444 4372//4372
f 4444//4444 4520//4520 4445//4445 4373//4373
f 4445//4445 4446//4446 4375//4375 4374//4374
f 4521//4521 4522//4522 4447//4447 4446//4446
f 4447//4447 4523//4523 4448//4448 4376//4376
f 4448//4448 4524//4524 4449//4449 4377//4377
f 4378//4378 4449//4449 4525//4525 4450//4450
f 4451//4451 4526//4526 4452//4452 4380//4380
f 4452//4452 4527//4527 4453//4453 4381//4381
f 4453//4453 4528//4528 4454//4454 4382//4382
f 4455//4455 4454//4454 4529//4529 4467//4467
f 4478//4478 4405//4405 4394//4394 4465//4465
f 4459//4459 4387//4387 4457//4457 4530//4530
f 4458//4458 4459//4459 4531//4531 4532//4532
f 4533//4533 4460//4460 4458//4458 4532//4532
f 4390//4390 4389//4389 4461//4461 4462//4462
f 4461//4461 4460//4460 4533//4533 4534//4534
f 4391//4391 4462//4462 4535//4535 4463//4463
f 4464//4464 4392//4392 4463//4463 4536//4536
f 4466//4466 4393//4393 4464//4464 4537//4537
f 4465//4465 4466//4466 4538//4538 4539//4539
f 4467//4467 4529//4529 4468//4468 4395//4395
f 4469//4469 4396//4396 4468//4468 4540//4540
f 4470//4470 4397//4397 4469//4469 4541//4541
f 4402//4402 4319//4319 4542//4542 4477//4477
f 4398//4398 4470//4470 4543//4543 4471//4471
f 4471//4471 4543//4543 4544//4544 4472//4472
f 4472//4472 4545//4545 4473//4473 4399//4399
f 4473//4473 4546//4546 4474//4474 4400//4400
f 4474//4474 4547//4547 4475//4475 4401//4401
f 4542//4542 4476//4476 4475//4475 4548//4548
f 4549//4549 4456//4456 4477//4477 4550//4550
f 4407//4407 4478//4478 4551//4551 4479//4479
f 4480//4480 4479//4479 4551//4551 4552//4552
f 4410//4410 4480//4480 4553//4553 4481//4481
f 4482//4482 4481//4481 4554//4554 4555//4555
f 4412//4412 4482//4482 4555//4555 4483//4483
f 4413//4413 4483//4483 4556//4556 4484//4484
f 4414//4414 4557//4557 4558//4558 4485//4485
f 4436//4436 4485//4485 4559//4559 4510//4510
f 4560//4560 4491//4491 4417//4417 4486//4486
f 4561//4561 4486//4486 4416//4416 4495//4495
f 4562//4562 4487//4487 4418//4418 4492//4492
f 4563//4563 4564//4564 4488//4488 4487//4487
f 4488//4488 4565//4565 4489//4489 4419//4419
f 4566//4566 4492//4492 4491//4491 4560//4560
f 4494//4494 4421//4421 4493//4493 4567//4567
f 4568//4568 4569//4569 4495//4495 4494//4494
f 4497//4497 4423//4423 4496//4496 4508//4508
f 4567//4567 4493//4493 4497//4497 4570//4570
f 4498//4498 4571//4571 4499//4499 4426//4426
f 4565//4565 4498//4498 4425//4425 4489//4489
f 4499//4499 4572//4572 4500//4500 4427//4427
f 4573//4573 4574//4574 4501//4501 4500//4500
f 4575//4575 4515//4515 4440//4440 4502//4502
f 4576//4576 4506//4506 4431//4431 4503//4503
f 4577//4577 4503//4503 4429//4429 4504//4504
f 4578//4578 4507//4507 4432//4432 4506//4506
f 4579//4579 4508//4508 4433//4433 4507//4507
f 4580//4580 4511//4511 4510//4510 4581//4580
f 4435//4435 4511//4511 4582//4581 4583//4582
f 4514//4514 4438//4438 4512//4512 4584//4583
f 4585//4584 4505//4505 4439//4439 4513//4513
f 4586//4585 4513//4513 4514//4514 4587//4586
f 4515//4515 4588//4587 4589//4588 4516//4516
f 4516//4516 4589//4588 4517//4517 4442//4442
f 4517//4517 4590//4589 4591//4590 4518//4518
f 4443//4443 4518//4518 4592//4591 4519//4519
f 4520//4520 4521//4521 4446//4446 4445//4445
f 4521//4521 4593//4592 4594//4593 4522//4522
f 4522//4522 4595//4594 4523//4523 4447//4447
f 4523//4523 4596//4595 4524//4524 4448//4448
f 4524//4524 4597//4596 4525//4525 4449//4449
f 4525//4525 4598//4597 4599//4598 4450//4450
f 4450//4450 4599//4598 4526//4526 4451//4451
f 4526//4526 4600//4599 4527//4527 4452//4452
f 4527//4527 4601//4600 4528//4528 4453//4453
f 4454//4454 4528//4528 4602//4601 4529//4529
f 4478//4478 4465//4465 4539//4539 4551//4551
f 4530//4530 4457//4457 4456//4456 4549//4549
f 4531//4531 4459//4459 4530//4530 4603//4602
f 4604//4603 4532//4532 4531//4531 4605//4604
f 4533//4533 4532//4532 4604//4603 4606//4605
f 4462//4462 4461//4461 4534//4534 4535//4535
f 4534//4534 4533//4533 4606//4605 4607//4606
f 4463//4463 4535//4535 4608//4607 4536//4536
f 4537//4537 4464//4464 4536//4536 4609//4608
f 4466//4466 4537//4537 4610//4609 4538//4538
f 4539//4539 4538//4538 4611//4610 4612//4611
f 4468//4468 4529//4529 4602//4601 4540//4540
f 4469//4469 4540//4540 4613//4612 4541//4541
f 4470//4470 4541//4541 4614//4613 4543//4543
f 4477//4477 4542//4542 4548//4548 4550//4550
f 4543//4543 4615//4614 4616//4615 4544//4544
f 4472//4472 4544//4544 4617//4616 4545//4545
f 4545//4545 4618//4617 4546//4546 4473//4473
f 4546//4546 4619//4618 4547//4547 4474//4474
f 4620//4619 4548//4548 4475//4475 4547//4547
f 4549//4549 4550//4550 4621//4620 4622//4621
f 4552//4552 4551//4551 4539//4539 4612//4611
f 4553//4553 4480//4480 4552//4552 4623//4622
f 4481//4481 4553//4553 4624//4623 4554//4554
f 4556//4556 4483//4483 4555//4555 4625//4624
f 4557//4557 4484//4484 4556//4556 4626//4625
f 4627//4626 4558//4558 4557//4557 4626//4625
f 4559//4559 4485//4485 4558//4558 4628//4627
f 4559//4559 4629//4580 4581//4580 4510//4510
f 4630//4628 4560//4560 4486//4486 4561//4561
f 4631//4629 4561//4561 4495//4495 4569//4569
f 4562//4562 4632//4630 4563//4563 4487//4487
f 4633//4631 4562//4562 4492//4492 4566//4566
f 4634//4632 4635//4633 4564//4564 4563//4563
f 4564//4564 4636//4634 4565//4565 4488//4488
f 4630//4628 4637//4635 4566//4566 4560//4560
f 4638//4636 4568//4568 4494//4494 4567//4567
f 4639//4637 4569//4569 4568//4568 4640//4638
f 4579//4579 4570//4570 4497//4497 4508//4508
f 4638//4636 4567//4567 4570//4570 4641//4639
f 4636//4634 4571//4571 4498//4498 4565//4565
f 4571//4571 4642//4640 4572//4572 4499//4499
f 4643//4641 4573//4573 4500//4500 4572//4572
f 4644//4642 4645//4643 4574//4574 4573//4573
f 4645//4643 4575//4575 4502//4502 4574//4574
f 4575//4575 4646//4644 4588//4587 4515//4515
f 4647//4645 4578//4578 4506//4506 4576//4576
f 4577//4577 4648//4646 4576//4576 4503//4503
f 4649//4647 4577//4577 4504//4504 4650//4648
f 4578//4578 4651//4649 4579//4579 4507//4507
f 4580//4580 4652//4580 4582//4581 4511//4511
f 4653//4580 4654//4580 4580//4580 4581//4580
f 4583//4582 4582//4581 4655//4650 4656//4651
f 4657//4652 4658//4653 4584//4583 4512//4512
f 4587//4586 4514//4514 4584//4583 4659//4654
f 4586//4585 4660//4655 4585//4584 4513//4513
f 4661//4656 4662//4657 4586//4585 4587//4586
f 4588//4587 4663//4658 4664//4659 4589//4588
f 4589//4588 4664//4659 4590//4589 4517//4517
f 4590//4589 4665//4580 4666//4580 4591//4590
f 4518//4518 4591//4590 4667//4660 4592//4591
f 4519//4519 4592//4591 4668//4661 4520//4520
f 4593//4592 4521//4521 4520//4520 4668//4661
f 4593//4592 4669//4662 4670//4663 4594//4593
f 4594//4593 4671//4664 4595//4594 4522//4522
f 4595//4594 4672//4665 4596//4595 4523//4523
f 4524//4524 4596//4595 4673//4666 4597//4596
f 4525//4525 4674//4667 4675//4668 4598//4597
f 4599//4598 4598//4597 4676//4669 4677//4670
f 4599//4598 4677//4670 4600//4599 4526//4526
f 4600//4599 4678//4671 4601//4600 4527//4527
f 4601//4600 4679//4672 4602//4601 4528//4528
f 4530//4530 4549//4549 4622//4621 4603//4602
f 4531//4531 4603//4602 4680//4673 4605//4604
f 4604//4603 4605//4604 4681//4674 4682//4675
f 4606//4605 4604//4603 4682//4675 4683//4676
f 4608//4607 4535//4535 4534//4534 4607//4606
f 4684//4677 4607//4606 4606//4605 4683//4676
f 4609//4608 4536//4536 4608//4607 4685//4678
f 4537//4537 4609//4608 4686//4679 4687//4680
f 4612//4611 4611//4610 4688//4681 4689//4682
f 4679//4672 4613//4612 4540//4540 4602//4601
f 4614//4613 4541//4541 4613//4612 4690//4683
f 4550//4550 4548//4548 4620//4619 4621//4620
f 4615//4614 4691//4684 4692//4685 4616//4615
f 4618//4617 4693//4686 4619//4618 4546//4546
f 4620//4619 4547//4547 4619//4618 4694//4687
f 4695//4688 4622//4621 4621//4620 4696//4689
f 4552//4552 4612//4611 4689//4682 4623//4622
f 4553//4553 4623//4622 4697//4690 4624//4623
f 4698//4691 4554//4554 4624//4623 4699//4692
f 4555//4555 4698//4691 4700//4693 4625//4624
f 4556//4556 4625//4624 4701//4694 4626//4625
f 4627//4626 4702//4695 4628//4627 4558//4558
f 4627//4626 4626//4625 4701//4694 4703//4696
f 4559//4559 4628//4627 4704//4580 4629//4580
f 4653//4580 4581//4580 4629//4580 4705//4580
f 4706//4697 4630//4628 4561//4561 4631//4629
f 4639//4637 4707//4698 4631//4629 4569//4569
f 4633//4631 4708//4699 4632//4630 4562//4562
f 4709//4700 4634//4632 4563//4563 4632//4630
f 4637//4635 4710//4701 4633//4631 4566//4566
f 4711//4702 4712//4703 4635//4633 4634//4632
f 4564//4564 4635//4633 4713//4704 4636//4634
f 4714//4705 4637//4635 4630//4628 4706//4697
f 4640//4638 4568//4568 4638//4636 4715//4706
f 4716//4707 4717//4708 4639//4637 4640//4638
f 4641//4639 4570//4570 4579//4579 4651//4649
f 4636//4634 4713//4704 4642//4640 4571//4571
f 4718//4709 4643//4641 4572//4572 4642//4640
f 4643//4641 4719//4710 4644//4642 4573//4573
f 4645//4643 4720//4711 4646//4644 4575//4575
f 4588//4587 4646//4644 4721//4712 4663//4658
f 4722//4713 4651//4649 4578//4578 4647//4645
f 4723//4714 4647//4645 4576//4576 4648//4646
f 4649//4647 4724//4715 4648//4646 4577//4577
f 4650//4648 4504//4504 4585//4584 4660//4655
f 4725//4716 4726//4717 4649//4647 4650//4648
f 4654//4580 4727//4580 4652//4580 4580//4580
f 4728//4580 4655//4650 4582//4581 4652//4580
f 4653//4580 4729//4580 4730//4580 4654//4580
f 4656//4651 4655//4650 4731//4718 4732//4719
f 4657//4652 4733//4720 4734//4721 4658//4653
f 4659//4654 4584//4583 4658//4653 4735//4722
f 4661//4656 4587//4586 4659//4654 4736//4723
f 4662//4657 4737//4724 4660//4655 4586//4585
f 4738//4725 4662//4657 4661//4656 4739//4726
f 4740//4580 4741//4580 4664//4659 4663//4658
f 4664//4659 4741//4580 4665//4580 4590//4589
f 4742//4580 4743//4580 4666//4580 4665//4580
f 4666//4580 4744//4580 4667//4660 4591//4590
f 4668//4661 4592//4591 4667//4660 4745//4727
f 4593//4592 4668//4661 4745//4727 4669//4662
f 4746//4580 4747//4580 4670//4663 4669//4662
f 4594//4593 4670//4663 4748//4728 4671//4664
f 4595//4594 4671//4664 4749//4729 4672//4665
f 4672//4665 4750//4730 4673//4666 4596//4595
f 4597//4596 4673//4666 4751//4731 4674//4667
f 4674//4667 4751//4731 4752//4732 4675//4668
f 4598//4597 4675//4668 4753//4733 4676//4669
f 4677//4670 4676//4669 4754//4734 4755//4735
f 4677//4670 4755//4735 4678//4671 4600//4599
f 4678//4671 4756//4736 4679//4672 4601//4600
f 4680//4673 4603//4602 4622//4621 4695//4688
f 4681//4674 4605//4604 4680//4673 4757//4737
f 4682//4675 4681//4674 4758//4738 4759//4739
f 4760//4740 4683//4676 4682//4675 4759//4739
f 4608//4607 4607//4606 4684//4677 4685//4678
f 4761//4741 4684//4677 4683//4676 4760//4740
f 4609//4608 4685//4678 4762//4742 4686//4679
f 4763//4743 4687//4680 4686//4679 4764//4744
f 4688//4681 4611//4610 4687//4680 4763//4743
f 4689//4682 4688//4681 4765//4745 4766//4746
f 4756//4736 4690//4683 4613//4612 4679//4672
f 4614//4613 4690//4683 4767//4747 4615//4614
f 4696//4689 4621//4620 4620//4619 4694//4687
f 4615//4614 4767//4747 4768//4748 4691//4684
f 4691//4684 4769//4749 4770//4750 4692//4685
f 4618//4617 4771//4751 4772//4752 4693//4686
f 4773//4753 4694//4687 4619//4618 4693//4686
f 4695//4688 4696//4689 4774//4754 4775//4755
f 4623//4622 4689//4682 4766//4746 4697//4690
f 4699//4692 4624//4623 4697//4690 4776//4756
f 4698//4691 4699//4692 4777//4757 4700//4693
f 4701//4694 4625//4624 4700//4693 4778//4758
f 4779//4759 4702//4695 4627//4626 4703//4696
f 4628//4627 4702//4695 4780//4580 4704//4580
f 4781//4760 4703//4696 4701//4694 4778//4758
f 4782//4580 4705//4580 4629//4580 4704//4580
f 4653//4580 4705//4580 4783//4580 4729//4580
f 4784//4761 4706//4697 4631//4629 4707//4698
f 4717//4708 4785//4762 4707//4698 4639//4637
f 4786//4763 4708//4699 4633//4631 4710//4701
f 4787//4764 4709//4700 4632//4630 4708//4699
f 4788//4765 4711//4702 4634//4632 4709//4700
f 4714//4705 4789//4766 4710//4701 4637//4635
f 4711//4702 4790//4767 4791//4768 4712//4703
f 4712//4703 4792//4769 4713//4704 4635//4633
f 4793//4770 4715//4706 4638//4636 4794//4771
f 4716//4707 4640//4638 4715//4706 4795//4772
f 4716//4707 4796//4773 4797//4774 4717//4708
f 4722//4713 4794//4771 4641//4639 4651//4649
f 4792//4769 4718//4709 4642//4640 4713//4704
f 4798//4775 4719//4710 4643//4641 4718//4709
f 4799//4776 4800//4777 4644//4642 4719//4710
f 4800//4777 4801//4778 4720//4711 4645//4643
f 4721//4712 4646//4644 4720//4711 4802//4779
f 4740//4580 4663//4658 4721//4712 4803//4580
f 4804//4780 4722//4713 4647//4645 4723//4714
f 4724//4715 4805//4781 4723//4714 4648//4646
f 4726//4717 4806//4782 4724//4715 4649//4647
f 4737//4724 4725//4716 4650//4648 4660//4655
f 4807//4783 4726//4717 4725//4716 4808//4784
f 4809//4580 4727//4580 4654//4580 4730//4580
f 4810//4580 4728//4580 4652//4580 4727//4580
f 4728//4580 4811//4580 4731//4718 4655//4650
f 4812//4580 4730//4580 4729//4580 4813//4580
f 4732//4719 4731//4718 4733//4720 4657//4652
f 4814//4580 4734//4721 4733//4720 4815//4580
f 4816//4785 4735//4722 4658//4653 4734//4721
f 4736//4723 4659//4654 4735//4722 4817//4786
f 4662//4657 4738//4725 4818//4787 4737//4724
f 4819//4788 4820//4789 4738//4725 4739//4726
f 4740//4580 4821//4580 4822//4580 4741//4580
f 4742//4580 4665//4580 4741//4580 4822//4580
f 4742//4580 4823//4580 4824//4580 4743//4580
f 4743//4580 4825//4580 4744//4580 4666//4580
f 4826//4580 4745//4727 4667//4660 4744//4580
f 4746//4580 4669//4662 4745//4727 4826//4580
f 4746//4580 4827//4580 4828//4580 4747//4580
f 4829//4580 4748//4728 4670//4663 4747//4580
f 4671//4664 4748//4728 4830//4790 4749//4729
f 4672//4665 4749//4729 4831//4791 4750//4730
f 4750//4730 4832//4792 4751//4731 4673//4666
f 4832//4792 4833//4793 4752//4732 4751//4731
f 4752//4732 4834//4794 4753//4733 4675//4668
f 4753//4733 4835//4795 4754//4734 4676//4669
f 4755//4735 4754//4734 4836//4796 4767//4747
f 4680//4673 4695//4688 4775//4755 4757//4737
f 4758//4738 4681//4674 4757//4737 4837//4797
f 4838//4798 4759//4739 4758//4738 4839//4799
f 4760//4740 4759//4739 4838//4798 4840//4800
f 4685//4678 4684//4677 4761//4741 4762//4742
f 4761//4741 4760//4740 4840//4800 4841//4801
f 4764//4744 4686//4679 4762//4742 4842//4802
f 4843//4803 4763//4743 4764//4744 4844//4804
f 4765//4745 4688//4681 4763//4743 4843//4803
f 4845//4805 4766//4746 4765//4745 4846//4806
f 4755//4735 4767//4747 4690//4683 4756//4736
f 4696//4689 4694//4687 4773//4753 4774//4754
f 4767//4747 4836//4796 4847//4807 4768//4748
f 4691//4684 4768//4748 4848//4808 4769//4749
f 4770//4750 4769//4749 4849//4809 4850//4810
f 4851//4811 4692//4685 4770//4750 4852//4812
f 4617//4616 4851//4811 4771//4751 4618//4617
f 4771//4751 4853//4813 4854//4814 4772//4752
f 4773//4753 4693//4686 4772//4752 4855//4815
f 4775//4755 4774//4754 4856//4816 4857//4817
f 4697//4690 4766//4746 4845//4805 4776//4756
f 4699//4692 4776//4756 4858//4818 4777//4757
f 4778//4758 4700//4693 4777//4757 4859//4819
f 4860//4580 4780//4580 4702//4695 4779//4759
f 4781//4760 4861//4820 4779//4759 4703//4696
f 4780//4580 4862//4580 4782//4580 4704//4580
f 4781//4760 4778//4758 4859//4819 4863//4821
f 4864//4580 4783//4580 4705//4580 4782//4580
f 4813//4580 4729//4580 4783//4580 4865//4580
f 4866//4822 4784//4761 4707//4698 4785//4762
f 4717//4708 4797//4774 4867//4823 4785//4762
f 4786//4763 4868//4824 4787//4764 4708//4699
f 4869//4825 4786//4763 4710//4701 4789//4766
f 4787//4764 4870//4826 4788//4765 4709//4700
f 4871//4827 4790//4767 4711//4702 4788//4765
f 4872//4828 4873//4829 4789//4766 4714//4705
f 4874//4830 4875//4831 4791//4768 4790//4767
f 4791//4768 4876//4832 4792//4769 4712//4703
f 4877//4833 4795//4772 4715//4706 4793//4770
f 4793//4770 4794//4771 4722//4713 4804//4780
f 4716//4707 4795//4772 4878//4834 4796//4773
f 4879//4835 4880//4836 4797//4774 4796//4773
f 4876//4832 4798//4775 4718//4709 4792//4769
f 4798//4775 4881//4837 4799//4776 4719//4710
f 4799//4776 4882//4838 4801//4778 4800//4777
f 4802//4779 4720//4711 4801//4778 4883//4839
f 4721//4712 4802//4779 4884//4580 4803//4580
f 4740//4580 4803//4580 4885//4580 4821//4580
f 4886//4840 4805//4781 4724//4715 4806//4782
f 4807//4783 4887//4841 4806//4782 4726//4717
f 4737//4724 4818//4787 4808//4784 4725//4716
f 4807//4783 4808//4784 4888//4842 4889//4843
f 4809//4580 4890//4580 4810//4580 4727//4580
f 4809//4580 4730//4580 4812//4580 4891//4580
f 4810//4580 4892//4580 4811//4580 4728//4580
f 4733//4720 4731//4718 4811//4580 4815//4580
f 4812//4580 4813//4580 4893//4580 4894//4580
f 4814//4580 4895//4580 4816//4785 4734//4721
f 4896//4580 4814//4580 4815//4580 4897//4580
f 4817//4786 4735//4722 4816//4785 4819//4788
f 4818//4787 4738//4725 4820//4789 4898//4844
f 4816//4785 4895//4580 4820//4789 4819//4788
f 4817//4786 4819//4788 4739//4726 4899//4845
f 4821//4580 4900//4580 4901//4580 4822//4580
f 4742//4580 4822//4580 4901//4580 4823//4580
f 4824//4580 4823//4580 4902//4580 4903//4580
f 4824//4580 4904//4580 4825//4580 4743//4580
f 4826//4580 4744//4580 4825//4580 4905//4580
f 4746//4580 4826//4580 4905//4580 4827//4580
f 4828//4580 4827//4580 4906//4580 4907//4580
f 4829//4580 4747//4580 4828//4580 4908//4580
f 4829//4580 4909//4580 4830//4790 4748//4728
f 4910//4846 4831//4791 4749//4729 4830//4790
f 4750//4730 4831//4791 4911//4847 4832//4792
f 4832//4792 4911//4847 4912//4848 4833//4793
f 4752//4732 4833//4793 4913//4849 4834//4794
f 4834//4794 4914//4850 4835//4795 4753//4733
f 4835//4795 4915//4851 4836//4796 4754//4734
f 4837//4797 4757//4737 4775//4755 4857//4817
f 4758//4738 4837//4797 4916//4852 4839//4799
f 4917//4853 4838//4798 4839//4799 4918//4854
f 4762//4742 4761//4741 4841//4801 4842//4802
f 4841//4801 4840//4800 4919//4855 4920//4856
f 4764//4744 4842//4802 4921//4857 4844//4804
f 4843//4803 4844//4804 4922//4858 4923//4859
f 4765//4745 4843//4803 4923//4859 4846//4806
f 4845//4805 4846//4806 4924//4860 4925//4861
f 4836//4796 4915//4851 4926//4862 4847//4807
f 4847//4807 4927//4863 4848//4808 4768//4748
f 4848//4808 4928//4864 4849//4809 4769//4749
f 4850//4810 4849//4809 4929//4865 4930//4866
f 4770//4750 4850//4810 4931//4867 4852//4812
f 4851//4811 4852//4812 4853//4813 4771//4751
f 4854//4814 4853//4813 4932//4868 4933//4869
f 4855//4815 4772//4752 4854//4814 4934//4870
f 4773//4753 4855//4815 4935//4871 4936//4872
f 4774//4754 4936//4872 4937//4873 4856//4816
f 4938//4874 4857//4817 4856//4816 4939//4875
f 4858//4818 4776//4756 4845//4805 4925//4861
f 4859//4819 4777//4757 4858//4818 4940//4876
f 4860//4580 4941//4580 4862//4580 4780//4580
f 4860//4580 4779//4759 4861//4820 4942//4580
f 4863//4821 4943//4877 4861//4820 4781//4760
f 4864//4580 4782//4580 4862//4580 4944//4580
f 4859//4819 4940//4876 4945//4878 4863//4821
f 4946//4580 4865//4580 4783//4580 4864//4580
f 4947//4580 4893//4580 4813//4580 4865//4580
f 4872//4828 4714//4705 4784//4761 4866//4822
f 4866//4822 4785//4762 4867//4823 4948//4879
f 4949//4880 4867//4823 4797//4774 4880//4836
f 4869//4825 4950//4881 4868//4824 4786//4763
f 4951//4882 4870//4826 4787//4764 4868//4824
f 4952//4883 4869//4825 4789//4766 4873//4829
f 4953//4884 4871//4827 4788//4765 4870//4826
f 4871//4827 4954//4885 4874//4830 4790//4767
f 4872//4828 4955//4886 4956//4887 4873//4829
f 4874//4830 4957//4888 4958//4889 4875//4831
f 4791//4768 4875//4831 4959//4890 4876//4832
f 4877//4833 4960//4891 4878//4834 4795//4772
f 4961//4892 4877//4833 4793//4770 4804//4780
f 4962//4893 4879//4835 4796//4773 4878//4834
f 4879//4835 4963//4580 4964//4580 4880//4836
f 4876//4832 4959//4890 4881//4837 4798//4775
f 4881//4837 4965//4894 4882//4838 4799//4776
f 4801//4778 4882//4838 4966//4895 4883//4839
f 4967//4580 4884//4580 4802//4779 4883//4839
f 4968//4580 4885//4580 4803//4580 4884//4580
f 4821//4580 4885//4580 4969//4580 4900//4580
f 4961//4892 4804//4780 4805//4781 4886//4840
f 4886//4840 4806//4782 4887//4841 4970//4896
f 4807//4783 4889//4843 4971//4897 4887//4841
f 4808//4784 4818//4787 4898//4844 4888//4842
f 4972//4580 4889//4843 4888//4842 4973//4580
f 4809//4580 4891//4580 4974//4580 4890//4580
f 4890//4580 4975//4580 4892//4580 4810//4580
f 4812//4580 4894//4580 4976//4580 4891//4580
f 4892//4580 4897//4580 4815//4580 4811//4580
f 4977//4580 4894//4580 4893//4580 4978//4580
f 4896//4580 4979//4580 4895//4580 4814//4580
f 4896//4580 4897//4580 4980//4580 4981//4580
f 4820//4789 4895//4580 4979//4580 4898//4844
f 4900//4580 4982//4580 4983//4580 4901//4580
f 4902//4580 4823//4580 4901//4580 4983//4580
f 4902//4580 4984//4580 4985//4580 4903//4580
f 4824//4580 4903//4580 4986//4580 4904//4580
f 4987//4580 4905//4580 4825//4580 4904//4580
f 4987//4580 4906//4580 4827//4580 4905//4580
f 4988//4580 4907//4580 4906//4580 4989//4580
f 4828//4580 4907//4580 4990//4580 4908//4580
f 4829//4580 4908//4580 4991//4580 4909//4580
f 4992//4580 4910//4846 4830//4790 4909//4580
f 4910//4846 4993//4581 4911//4847 4831//4791
f 4994//4898 4912//4848 4911//4847 4993//4581
f 4833//4793 4912//4848 4995//4899 4913//4849
f 4834//4794 4913//4849 4996//4900 4914//4850
f 4837//4797 4857//4817 4938//4874 4916//4852
f 4839//4799 4916//4852 4997//4901 4918//4854
f 4917//4853 4918//4854 4998//4902 4999//4903
f 4842//4802 4841//4801 4920//4856 4921//4857
f 4840//4800 4917//4853 4999//4903 4919//4855
f 5000//4904 4920//4856 4919//4855 5001//4905
f 4922//4858 4844//4804 4921//4857 5002//4906
f 5003//4907 4923//4859 4922//4858 5004//4908
f 4924//4860 4846//4806 4923//4859 5003//4907
f 5005//4909 4925//4861 4924//4860 5006//4910
f 5007//4911 5008//4912 4926//4862 4915//4851
f 4926//4862 5009//4913 4927//4863 4847//4807
f 4848//4808 4927//4863 5010//4914 4928//4864
f 4928//4864 5011//4915 4929//4865 4849//4809
f 4929//4865 5012//4916 5013//4917 4930//4866
f 4850//4810 4930//4866 5014//4918 4931//4867
f 4852//4812 4931//4867 4932//4868 4853//4813
f 4932//4868 5015//4919 5016//4920 4933//4869
f 4854//4814 4933//4869 5017//4921 4934//4870
f 4855//4815 4934//4870 5018//4922 4935//4871
f 4936//4872 4935//4871 5019//4923 4937//4873
f 4856//4816 4937//4873 5020//4924 4939//4875
f 4938//4874 4939//4875 5021//4925 5022//4926
f 4940//4876 4858//4818 4925//4861 5005//4909
f 4860//4580 4942//4580 5023//4580 4941//4580
f 4944//4580 4862//4580 4941//4580 5024//4580
f 5025//4580 4942//4580 4861//4820 4943//4877
f 4863//4821 4945//4878 5026//4927 4943//4877
f 4946//4580 4864//4580 4944//4580 5027//4580
f 4940//4876 5005//4909 5028//4928 4945//4878
f 4946//4580 5029//4580 4947//4580 4865//4580
f 5030//4580 4978//4580 4893//4580 4947//4580
f 4872//4828 4866//4822 4948//4879 4955//4886
f 4949//4880 5031//4929 4948//4879 4867//4823
f 4949//4880 4880//4836 4964//4580 5032//4580
f 5033//4930 4950//4881 4869//4825 4952//4883
f 5034//4931 4951//4882 4868//4824 4950//4881
f 5035//4932 4953//4884 4870//4826 4951//4882
f 5036//4933 4952//4883 4873//4829 4956//4887
f 4953//4884 5037//4934 4954//4885 4871//4827
f 4954//4885 5038//4935 4957//4888 4874//4830
f 5039//4936 4956//4887 4955//4886 5040//4937
f 4957//4888 5041//4938 5042//4939 4958//4889
f 4875//4831 4958//4889 5043//4940 4959//4890
f 4961//4892 5044//4941 4960//4891 4877//4833
f 4962//4893 4878//4834 4960//4891 5045//4942
f 4962//4893 5046//4580 4963//4580 4879//4835
f 5047//4580 5048//4580 4964//4580 4963//4580
f 4959//4890 5043//4940 4965//4894 4881//4837
f 4965//4894 5049//4943 4966//4895 4882//4838
f 5050//4580 4967//4580 4883//4839 4966//4895
f 4968//4580 4884//4580 4967//4580 5051//4580
f 5052//4580 4969//4580 4885//4580 4968//4580
f 5053//4580 4982//4580 4900//4580 4969//4580
f 4961//4892 4886//4840 4970//4896 5044//4941
f 4970//4896 4887//4841 4971//4897 5054//4944
f 4972//4580 5055//4580 4971//4897 4889//4843
f 4888//4842 4898//4844 4979//4580 4973//4580
f 4972//4580 4973//4580 4981//4580 5056//4580
f 4974//4580 4891//4580 4976//4580 5057//4580
f 4890//4580 4974//4580 5058//4580 4975//4580
f 4892//4580 4975//4580 4980//4580 4897//4580
f 4977//4580 5059//4580 4976//4580 4894//4580
f 5060//4580 4977//4580 4978//4580 5061//4580
f 4896//4580 4981//4580 4973//4580 4979//4580
f 4980//4580 5062//4580 5056//4580 4981//4580
f 5063//4580 4983//4580 4982//4580 5064//4580
f 5063//4580 4984//4580 4902//4580 4983//4580
f 5065//4580 5066//4580 4985//4580 4984//4580
f 5067//4580 4986//4580 4903//4580 4985//4580
f 4987//4580 4904//4580 4986//4580 5068//4580
f 4987//4580 5068//4580 4989//4580 4906//4580
f 4988//4580 5069//4580 4990//4580 4907//4580
f 4988//4580 4989//4580 5070//4580 5071//4580
f 5072//4580 4991//4580 4908//4580 4990//4580
f 4992//4580 4909//4580 4991//4580 5073//4580
f 4992//4580 5074//4580 4993//4581 4910//4846
f 4995//4899 4912//4848 4994//4898 5075//4510
f 5076//4580 4994//4898 4993//4581 5074//4580
f 4913//4849 4995//4899 5077//4945 4996//4900
f 4914//4850 4996//4900 5078//4946 5079//4947
f 4997//4901 4916//4852 5022//4926 5080//4948
f 4997//4901 5081//4949 4998//4902 4918//4854
f 4999//4903 4998//4902 5082//4950 5083//4951
f 5002//4906 4921//4857 4920//4856 5000//4904
f 5001//4905 4919//4855 4999//4903 5083//4951
f 5084//4952 5000//4904 5001//4905 5085//4953
f 5004//4908 4922//4858 5002//4906 5086//4954
f 5087//4955 5003//4907 5004//4908 5088//4956
f 4924//4860 5003//4907 5087//4955 5006//4910
f 5005//4909 5006//4910 5089//4957 5028//4928
f 5007//4911 5079//4947 5090//4958 5008//4912
f 5009//4913 5091//4959 5010//4914 4927//4863
f 4928//4864 5010//4914 5092//4960 5011//4915
f 4929//4865 5011//4915 5093//4961 5012//4916
f 5012//4916 5094//4962 5095//4963 5013//4917
f 4930//4866 5013//4917 5096//4964 5014//4918
f 4932//4868 4931//4867 5014//4918 5015//4919
f 5016//4920 5015//4919 5097//4965 5098//4966
f 4933//4869 5016//4920 5099//4967 5017//4921
f 5018//4922 4934//4870 5017//4921 5100//4968
f 5019//4923 4935//4871 5018//4922 5101//4969
f 5020//4924 4937//4873 5019//4923 5102//4970
f 4939//4875 5020//4924 5103//4971 5021//4925
f 5022//4926 5021//4925 5104//4972 5080//4948
f 5025//4580 5105//4580 5023//4580 4942//4580
f 5106//4580 5024//4580 4941//4580 5023//4580
f 5027//4580 4944//4580 5024//4580 5107//4580
f 5108//4580 5025//4580 4943//4877 5026//4927
f 4945//4878 5028//4928 5109//4973 5026//4927
f 5110//4580 5029//4580 4946//4580 5027//4580
f 5030//4580 4947//4580 5029//4580 5111//4580
f 5030//4580 5112//4580 5061//4580 4978//4580
f 5031//4929 5040//4937 4955//4886 4948//4879
f 4949//4880 5032//4580 5113//4580 5031//4929
f 5114//4580 5032//4580 4964//4580 5048//4580
f 5115//4974 5034//4931 4950//4881 5033//4930
f 5033//4930 4952//4883 5036//4933 5116//4975
f 5117//4976 5035//4932 4951//4882 5034//4931
f 5118//4977 5037//4934 4953//4884 5035//4932
f 5036//4933 4956//4887 5039//4936 5119//4978
f 5037//4934 5120//4979 5038//4935 4954//4885
f 4957//4888 5038//4935 5121//4980 5041//4938
f 5122//4580 5123//4580 5039//4936 5040//4937
f 5042//4939 5041//4938 5124//4580 5125//4580
f 5043//4940 4958//4889 5042//4939 5126//4981
f 5044//4941 5127//4982 5045//4942 4960//4891
f 4962//4893 5045//4942 5128//4580 5046//4580
f 5047//4580 4963//4580 5046//4580 5129//4580
f 5130//4580 5131//4580 5048//4580 5047//4580
f 4965//4894 5043//4940 5126//4981 5049//4943
f 5050//4580 4966//4895 5049//4943 5132//4580
f 5050//4580 5133//4580 5051//4580 4967//4580
f 5052//4580 4968//4580 5051//4580 5134//4580
f 5052//4580 5135//4580 5053//4580 4969//4580
f 5136//4580 5064//4580 4982//4580 5053//4580
f 5044//4941 4970//4896 5054//4944 5127//4982
f 5137//4580 5054//4944 4971//4897 5055//4580
f 4972//4580 5056//4580 5138//4580 5055//4580
f 5139//4580 5057//4580 4976//4580 5059//4580
f 4974//4580 5057//4580 5140//4580 5058//4580
f 4975//4580 5058//4580 5062//4580 4980//4580
f 5060//4580 5141//4580 5059//4580 4977//4580
f 5060//4580 5061//4580 5142//4580 5143//4580
f 5144//4580 5138//4580 5056//4580 5062//4580
f 5063//4580 5064//4580 5145//4580 5146//4580
f 5065//4580 4984//4580 5063//4580 5146//4580
f 5065//4580 5147//4580 5148//4580 5066//4580
f 5067//4580 4985//4580 5066//4580 5149//4580
f 5068//4580 4986//4580 5067//4580 5150//4580
f 5068//4580 5150//4580 5070//4580 4989//4580
f 4988//4580 5071//4580 5151//4580 5069//4580
f 5072//4580 4990//4580 5069//4580 5152//4580
f 5070//4580 5153//4580 5154//4580 5071//4580
f 5072//4580 5155//4580 5073//4580 4991//4580
f 4992//4580 5073//4580 5156//4580 5074//4580
f 5075//4510 4994//4898 5076//4580 5157//4580
f 4995//4899 5075//4510 5158//4627 5077//4945
f 5076//4580 5074//4580 5156//4580 5159//4580
f 4996//4900 5077//4945 5160//4983 5078//4946
f 5078//4946 5161//4984 5090//4958 5079//4947
f 4997//4901 5080//4948 5162//4985 5081//4949
f 4998//4902 5081//4949 5163//4986 5082//4950
f 5164//4987 5083//4951 5082//4950 5165//4988
f 5002//4906 5000//4904 5084//4952 5086//4954
f 5085//4953 5001//4905 5083//4951 5164//4987
f 5084//4952 5085//4953 5166//4989 5167//4990
f 5004//4908 5086//4954 5168//4991 5088//4956
f 5087//4955 5088//4956 5169//4992 5170//4993
f 5006//4910 5087//4955 5170//4993 5089//4957
f 5089//4957 5171//4994 5109//4973 5028//4928
f 5008//4912 5090//4958 5172//4995 5173//4996
f 5008//4912 5173//4996 5091//4959 5009//4913
f 5010//4914 5091//4959 5174//4997 5092//4960
f 5175//4998 5093//4961 5011//4915 5092//4960
f 5012//4916 5093//4961 5176//4999 5094//4962
f 5177//4580 5178//4580 5095//4963 5094//4962
f 5096//4964 5013//4917 5095//4963 5179//5000
f 5015//4919 5014//4918 5096//4964 5097//4965
f 5098//4966 5097//4965 5180//5001 5181//5002
f 5016//4920 5098//4966 5182//5003 5099//4967
f 5017//4921 5099//4967 5183//5004 5100//4968
f 5018//4922 5100//4968 5184//5005 5101//4969
f 5020//4924 5102//4970 5185//5006 5103//4971
f 5104//4972 5021//4925 5103//4971 5186//5007
f 5162//4985 5080//4948 5104//4972 5187//5008
f 5108//4580 5188//4580 5105//4580 5025//4580
f 5189//4580 5106//4580 5023//4580 5105//4580
f 5106//4580 5190//4580 5107//4580 5024//4580
f 5110//4580 5027//4580 5107//4580 5191//4580
f 5108//4580 5026//4927 5109//4973 5192//4580
f 5110//4580 5193//4580 5111//4580 5029//4580
f 5030//4580 5111//4580 5194//4580 5112//4580
f 5112//4580 5195//4580 5142//4580 5061//4580
f 5122//4580 5040//4937 5031//4929 5113//4580
f 5114//4580 5196//4580 5113//4580 5032//4580
f 5114//4580 5048//4580 5131//4580 5197//4580
f 5198//5009 5117//4976 5034//4931 5115//4974
f 5115//4974 5033//4930 5116//4975 5199//5010
f 5036//4933 5119//4978 5200//5011 5116//4975
f 5117//4976 5201//5012 5118//4977 5035//4932
f 5118//4977 5202//5013 5120//4979 5037//4934
f 5039//4936 5123//4580 5203//4580 5119//4978
f 5120//4979 5204//5014 5121//4980 5038//4935
f 5124//4580 5041//4938 5121//4980 5205//4580
f 5122//4580 5206//4580 5207//4580 5123//4580
f 5124//4580 5208//4580 5209//4580 5125//4580
f 5126//4981 5042//4939 5125//4580 5210//4580
f 5128//4580 5045//4942 5127//4982 5211//4580
f 5128//4580 5212//4580 5129//4580 5046//4580
f 5130//4580 5047//4580 5129//4580 5213//4580
f 5214//4580 5131//4580 5130//4580 5215//4580
f 5132//4580 5049//4943 5126//4981 5210//4580
f 5050//4580 5132//4580 5216//4580 5133//4580
f 5134//4580 5051//4580 5133//4580 5217//4580
f 5052//4580 5134//4580 5218//4580 5135//4580
f 5136//4580 5053//4580 5135//4580 5219//4580
f 5136//4580 5220//4580 5145//4580 5064//4580
f 5137//4580 5211//4580 5127//4982 5054//4944
f 5137//4580 5055//4580 5138//4580 5221//4580
f 5139//4580 5222//4580 5140//4580 5057//4580
f 5139//4580 5059//4580 5141//4580 5223//4580
f 5144//4580 5062//4580 5058//4580 5140//4580
f 5060//4580 5143//4580 5224//4580 5141//4580
f 5143//4580 5142//4580 5225//4580 5226//4580
f 5144//4580 5227//4580 5221//4580 5138//4580
f 5228//4580 5146//4580 5145//4580 5229//4580
f 5065//4580 5146//4580 5228//4580 5147//4580
f 5230//4580 5148//4580 5147//4580 5231//4580
f 5232//4580 5149//4580 5066//4580 5148//4580
f 5067//4580 5149//4580 5233//4580 5150//4580
f 5070//4580 5150//4580 5233//4580 5153//4580
f 5234//4580 5151//4580 5071//4580 5154//4580
f 5235//4580 5152//4580 5069//4580 5151//4580
f 5072//4580 5152//4580 5236//4580 5155//4580
f 5237//4580 5154//4580 5153//4580 5238//4580
f 5155//4580 5239//4580 5156//4580 5073//4580
f 5240//4580 5157//4580 5076//4580 5159//4580
f 5075//4510 5157//4580 5241//4580 5158//4627
f 5160//4983 5077//4945 5158//4627 5242//5015
f 5243//4580 5159//4580 5156//4580 5239//4580
f 5078//4946 5160//4983 5244//5016 5161//4984
f 5161//4984 5245//5017 5172//4995 5090//4958
f 5081//4949 5162//4985 5246//5018 5163//4986
f 5165//4988 5082//4950 5163//4986 5247//5019
f 5248//5020 5164//4987 5165//4988 5249//5021
f 5086//4954 5084//4952 5167//4990 5168//4991
f 5085//4953 5164//4987 5248//5020 5166//4989
f 5167//4990 5166//4989 5250//5022 5251//5023
f 5088//4956 5168//4991 5252//5024 5169//4992
f 5170//4993 5169//4992 5253//5025 5254//5026
f 5170//4993 5254//5026 5171//4994 5089//4957
f 5109//4973 5171//4994 5255//4580 5192//4580
f 5172//4995 5256//5027 5257//5028 5173//4996
f 5173//4996 5257//5028 5174//4997 5091//4959
f 5175//4998 5092//4960 5174//4997 5258//5029
f 5175//4998 5259//5030 5176//4999 5093//4961
f 5260//4580 5177//4580 5094//4962 5176//4999
f 5177//4580 5261//4580 5262//4580 5178//4580
f 5095//4963 5178//4580 5263//4580 5179//5000
f 5096//4964 5179//5000 5180//5001 5097//4965
f 5264//4580 5265//4580 5181//5002 5180//5001
f 5098//4966 5181//5002 5266//5031 5182//5003
f 5183//5004 5099//4967 5182//5003 5267//5032
f 5100//4968 5183//5004 5268//5033 5184//5005
f 5101//4969 5184//5005 5269//5034 5102//4970
f 5270//5035 5185//5006 5102//4970 5269//5034
f 5103//4971 5185//5006 5271//5036 5186//5007
f 5104//4972 5186//5007 5272//5037 5187//5008
f 5246//5018 5162//4985 5187//5008 5273//5038
f 5108//4580 5192//4580 5274//4580 5188//4580
f 5189//4580 5105//4580 5188//4580 5275//4580
f 5189//4580 5276//4580 5190//4580 5106//4580
f 5277//4580 5191//4580 5107//4580 5190//4580
f 5110//4580 5191//4580 5278//4580 5193//4580
f 5111//4580 5193//4580 5279//4580 5194//4580
f 5112//4580 5194//4580 5280//4580 5195//4580
f 5281//4580 5225//4580 5142//4580 5195//4580
f 5122//4580 5113//4580 5196//4580 5206//4580
f 5114//4580 5197//4580 5282//4580 5196//4580
f 5214//4580 5283//4580 5197//4580 5131//4580
f 5284//5039 5201//5012 5117//4976 5198//5009
f 5198//5009 5115//4974 5199//5010 5285//5040
f 5116//4975 5200//5011 5286//5041 5199//5010
f 5287//4580 5200//5011 5119//4978 5203//4580
f 5201//5012 5288//5042 5202//5013 5118//4977
f 5289//4580 5203//4580 5123//4580 5207//4580
f 5290//4580 5205//4580 5121//4980 5204//5014
f 5208//4580 5124//4580 5205//4580 5291//4580
f 5206//4580 5292//4580 5293//4580 5207//4580
f 5208//4580 5294//4580 5295//4580 5209//4580
f 5210//4580 5125//4580 5209//4580 5296//4580
f 5128//4580 5211//4580 5297//4580 5212//4580
f 5212//4580 5298//4580 5213//4580 5129//4580
f 5130//4580 5213//4580 5299//4580 5215//4580
f 5214//4580 5215//4580 5300//4580 5301//4580
f 5216//4580 5132//4580 5210//4580 5296//4580
f 5217//4580 5133//4580 5216//4580 5302//4580
f 5134//4580 5217//4580 5303//4580 5218//4580
f 5219//4580 5135//4580 5218//4580 5304//4580
f 5136//4580 5219//4580 5305//4580 5220//4580
f 5220//4580 5306//4580 5229//4580 5145//4580
f 5137//4580 5221//4580 5297//4580 5211//4580
f 5139//4580 5223//4580 5307//4580 5222//4580
f 5144//4580 5140//4580 5222//4580 5227//4580
f 5223//4580 5141//4580 5224//4580 5308//4580
f 5143//4580 5226//4580 5309//4580 5224//4580
f 5310//4580 5311//4580 5226//4580 5225//4580
f 5312//4580 5297//4580 5221//4580 5227//4580
f 5228//4580 5229//4580 5313//4580 5314//4580
f 5228//4580 5314//4580 5231//4580 5147//4580
f 5232//4580 5148//4580 5230//4580 5315//4580
f 5230//4580 5231//4580 5316//4580 5317//4580
f 5232//4580 5318//4580 5233//4580 5149//4580
f 5318//4580 5238//4580 5153//4580 5233//4580
f 5234//4580 5319//4580 5235//4580 5151//4580
f 5234//4580 5154//4580 5237//4580 5320//4580
f 5236//4580 5152//4580 5235//4580 5321//4580
f 5322//4580 5239//4580 5155//4580 5236//4580
f 5237//4580 5238//4580 5323//4580 5324//4580
f 5240//4580 5325//4580 5241//4580 5157//4580
f 5240//4580 5159//4580 5243//4580 5326//4580
f 5158//4627 5241//4580 5327//4580 5242//5015
f 5160//4983 5242//5015 5328//5043 5244//5016
f 5243//4580 5239//4580 5322//4580 5329//4580
f 5161//4984 5244//5016 5330//5044 5245//5017
f 5172//4995 5245//5017 5331//5045 5256//5027
f 5247//5019 5163//4986 5246//5018 5332//5046
f 5165//4988 5247//5019 5333//5047 5249//5021
f 5248//5020 5249//5021 5334//5048 5335//5049
f 5168//4991 5167//4990 5251//5023 5252//5024
f 5166//4989 5335//5049 5336//5050 5250//5022
f 5337//5051 5251//5023 5250//5022 5338//5052
f 5169//4992 5252//5024 5339//5053 5253//5025
f 5340//4580 5341//4580 5254//5026 5253//5025
f 5255//4580 5171//4994 5254//5026 5341//4580
f 5255//4580 5342//4580 5274//4580 5192//4580
f 5256//5027 5343//5054 5344//5055 5257//5028
f 5174//4997 5257//5028 5344//5055 5258//5029
f 5258//5029 5345//5056 5259//5030 5175//4998
f 5259//5030 5346//4580 5260//4580 5176//4999
f 5347//4580 5261//4580 5177//4580 5260//4580
f 5348//4580 5349//4580 5262//4580 5261//4580
f 5350//4580 5263//4580 5178//4580 5262//4580
f 5264//4580 5180//5001 5179//5000 5263//4580
f 5351//4580 5352//4580 5265//4580 5264//4580
f 5181//5002 5265//4580 5353//4580 5266//5031
f 5267//5032 5182//5003 5266//5031 5354//5057
f 5183//5004 5267//5032 5355//5058 5268//5033
f 5269//5034 5184//5005 5268//5033 5356//5059
f 5271//5036 5185//5006 5270//5035 5357//5060
f 5270//5035 5269//5034 5356//5059 5358//5061
f 5186//5007 5271//5036 5359//5062 5272//5037
f 5187//5008 5272//5037 5360//5063 5273//5038
f 5332//5046 5246//5018 5273//5038 5361//5064
f 5362//4580 5275//4580 5188//4580 5274//4580
f 5189//4580 5275//4580 5363//4580 5276//4580
f 5364//4580 5277//4580 5190//4580 5276//4580
f 5365//4580 5278//4580 5191//4580 5277//4580
f 5278//4580 5366//4580 5279//4580 5193//4580
f 5367//4580 5280//4580 5194//4580 5279//4580
f 5281//4580 5195//4580 5280//4580 5368//4580
f 5310//4580 5225//4580 5281//4580 5369//4580
f 5206//4580 5196//4580 5282//4580 5292//4580
f 5282//4580 5197//4580 5283//4580 5370//4580
f 5214//4580 5301//4580 5371//4580 5283//4580
f 5284//5039 5372//5065 5288//5042 5201//5012
f 5284//5039 5198//5009 5285//5040 5372//5065
f 5286//5041 5373//5066 5285//5040 5199//5010
f 5287//4580 5374//4580 5286//5041 5200//5011
f 5289//4580 5375//4580 5287//4580 5203//4580
f 5288//5042 5376//5067 5377//5068 5202//5013
f 5293//4580 5378//4580 5289//4580 5207//4580
f 5290//4580 5375//4580 5291//4580 5205//4580
f 5290//4580 5204//5014 5379//5069 5374//4580
f 5208//4580 5291//4580 5378//4580 5294//4580
f 5380//4580 5293//4580 5292//4580 5381//4580
f 5380//4580 5382//4580 5295//4580 5294//4580
f 5383//4580 5296//4580 5209//4580 5295//4580
f 5312//4580 5298//4580 5212//4580 5297//4580
f 5299//4580 5213//4580 5298//4580 5384//4580
f 5299//4580 5385//4580 5300//4580 5215//4580
f 5386//4580 5301//4580 5300//4580 5387//4580
f 5383//4580 5302//4580 5216//4580 5296//4580
f 5303//4580 5217//4580 5302//4580 5388//4580
f 5303//4580 5389//4580 5304//4580 5218//4580
f 5390//4580 5305//4580 5219//4580 5304//4580
f 5391//4580 5306//4580 5220//4580 5305//4580
f 5392//4580 5313//4580 5229//4580 5306//4580
f 5223//4580 5308//4580 5384//4580 5307//4580
f 5312//4580 5227//4580 5222//4580 5307//4580
f 5309//4580 5385//4580 5308//4580 5224//4580
f 5387//4580 5309//4580 5226//4580 5311//4580
f 5310//4580 5393//4580 5394//4580 5311//4580
f 5395//4580 5396//4580 5314//4580 5313//4580
f 5316//4580 5231//4580 5314//4580 5396//4580
f 5230//4580 5317//4580 5397//4580 5315//4580
f 5232//4580 5315//4580 5398//4580 5318//4580
f 5316//4580 5399//4580 5400//4580 5317//4580
f 5318//4580 5398//4580 5323//4580 5238//4580
f 5234//4580 5320//4580 5401//4580 5319//4580
f 5235//4580 5319//4580 5402//4580 5321//4580
f 5237//4580 5324//4580 5403//4580 5320//4580
f 5322//4580 5236//4580 5321//4580 5404//4580
f 5323//4580 5405//4580 5406//4580 5324//4580
f 5240//4580 5326//4580 5407//4580 5325//4580
f 5325//4580 5408//4580 5327//4580 5241//4580
f 5243//4580 5329//4580 5409//4580 5326//4580
f 5328//5043 5242//5015 5327//4580 5410//4580
f 5328//5043 5411//5070 5330//5044 5244//5016
f 5322//4580 5404//4580 5412//4580 5329//4580
f 5245//5017 5330//5044 5413//5071 5331//5045
f 5256//5027 5331//5045 5413//5071 5343//5054
f 5333//5047 5247//5019 5332//5046 5414//5072
f 5334//5048 5249//5021 5333//5047 5415//5073
f 5335//5049 5334//5048 5416//5074 5336//5050
f 5337//5051 5339//5053 5252//5024 5251//5023
f 5336//5050 5417//5075 5338//5052 5250//5022
f 5418//4580 5419//4580 5337//5051 5338//5052
f 5340//4580 5253//5025 5339//5053 5420//4580
f 5340//4580 5421//4580 5422//4580 5341//4580
f 5422//4580 5342//4580 5255//4580 5341//4580
f 5362//4580 5274//4580 5342//4580 5423//4580
f 5344//5055 5343//5054 5411//5070 5424//5076
f 5258//5029 5344//5055 5424//5076 5345//5056
f 5425//4580 5346//4580 5259//5030 5345//5056
f 5426//4580 5347//4580 5260//4580 5346//4580
f 5427//4580 5348//4580 5261//4580 5347//4580
f 5428//4580 5349//4580 5348//4580 5429//4580
f 5350//4580 5262//4580 5349//4580 5430//4580
f 5350//4580 5351//4580 5264//4580 5263//4580
f 5431//4580 5432//4580 5352//4580 5351//4580
f 5433//4580 5353//4580 5265//4580 5352//4580
f 5354//5057 5266//5031 5353//4580 5434//4580
f 5355//5058 5267//5032 5354//5057 5435//5077
f 5268//5033 5355//5058 5436//5078 5356//5059
f 5270//5035 5358//5061 5437//5079 5357//5060
f 5271//5036 5357//5060 5438//5080 5359//5062
f 5358//5061 5356//5059 5436//5078 5439//5081
f 5360//5063 5272//5037 5359//5062 5440//5082
f 5361//5064 5273//5038 5360//5063 5441//5083
f 5332//5046 5361//5064 5442//5084 5414//5072
f 5443//4580 5363//4580 5275//4580 5362//4580
f 5444//4580 5364//4580 5276//4580 5363//4580
f 5365//4580 5277//4580 5364//4580 5445//4580
f 5365//4580 5446//4580 5366//4580 5278//4580
f 5367//4580 5279//4580 5366//4580 5447//4580
f 5367//4580 5448//4580 5368//4580 5280//4580
f 5281//4580 5368//4580 5449//4580 5369//4580
f 5310//4580 5369//4580 5450//4580 5393//4580
f 5282//4580 5370//4580 5381//4580 5292//4580
f 5371//4580 5451//4580 5370//4580 5283//4580
f 5386//4580 5452//4580 5371//4580 5301//4580
f 5372//5065 5285//5040 5373//5066 5376//5067
f 5379//5069 5373//5066 5286//5041 5374//4580
f 5290//4580 5374//4580 5287//4580 5375//4580
f 5289//4580 5378//4580 5291//4580 5375//4580
f 5379//5069 5377//5068 5376//5067 5373//5066
f 5380//4580 5294//4580 5378//4580 5293//4580
f 5380//4580 5381//4580 5453//4580 5382//4580
f 5383//4580 5295//4580 5382//4580 5454//4580
f 5312//4580 5307//4580 5384//4580 5298//4580
f 5299//4580 5384//4580 5308//4580 5385//4580
f 5387//4580 5300//4580 5385//4580 5309//4580
f 5386//4580 5387//4580 5311//4580 5394//4580
f 5383//4580 5454//4580 5388//4580 5302//4580
f 5455//4580 5389//4580 5303//4580 5388//4580
f 5390//4580 5304//4580 5389//4580 5456//4580
f 5391//4580 5305//4580 5390//4580 5457//4580
f 5391//4580 5458//4580 5392//4580 5306//4580
f 5392//4580 5459//4580 5395//4580 5313//4580
f 5460//4580 5461//4580 5394//4580 5393//4580
f 5395//4580 5462//4580 5463//4580 5396//4580
f 5316//4580 5396//4580 5463//4580 5399//4580
f 5464//4580 5397//4580 5317//4580 5400//4580
f 5315//4580 5397//4580 5465//4580 5398//4580
f 5399//4580 5466//4580 5467//4580 5400//4580
f 5323//4580 5398//4580 5465//4580 5405//4580
f 5320//4580 5403//4580 5468//4580 5401//4580
f 5319//4580 5401//4580 5469//4580 5402//4580
f 5321//4580 5402//4580 5470//4580 5404//4580
f 5403//4580 5324//4580 5406//4580 5471//4580
f 5472//4580 5473//4580 5406//4580 5405//4580
f 5427//4580 5407//4580 5326//4580 5409//4580
f 5407//4580 5426//4580 5408//4580 5325//4580
f 5425//4580 5410//4580 5327//4580 5408//4580
f 5412//4580 5429//4580 5409//4580 5329//4580
f 5328//5043 5410//4580 5424//5076 5411//5070
f 5413//5071 5330//5044 5411//5070 5343//5054
f 5412//4580 5404//4580 5470//4580 5474//4580
f 5333//5047 5414//5072 5475//5085 5415//5073
f 5334//5048 5415//5073 5476//5086 5416//5074
f 5336//5050 5416//5074 5477//5087 5417//5075
f 5419//4580 5420//4580 5339//5053 5337//5051
f 5418//4580 5338//5052 5417//5075 5478//4580
f 5418//4580 5479//4580 5480//4580 5419//4580
f 5340//4580 5420//4580 5481//4580 5421//4580
f 5482//4580 5422//4580 5421//4580 5483//4580
f 5482//4580 5423//4580 5342//4580 5422//4580
f 5484//4580 5443//4580 5362//4580 5423//4580
f 5425//4580 5345//5056 5424//5076 5410//4580
f 5425//4580 5408//4580 5426//4580 5346//4580
f 5427//4580 5347//4580 5426//4580 5407//4580
f 5427//4580 5409//4580 5429//4580 5348//4580
f 5428//4580 5485//4580 5430//4580 5349//4580
f 5428//4580 5429//4580 5412//4580 5474//4580
f 5431//4580 5351//4580 5350//4580 5430//4580
f 5431//4580 5486//4580 5487//4580 5432//4580
f 5433//4580 5352//4580 5432//4580 5488//4580
f 5433//4580 5489//4580 5434//4580 5353//4580
f 5490//4580 5435//5077 5354//5057 5434//4580
f 5355//5058 5435//5077 5491//5088 5436//5078
f 5358//5061 5439//5081 5492//5089 5437//5079
f 5438//5080 5357//5060 5437//5079 5493//5090
f 5440//5082 5359//5062 5438//5080 5494//5091
f 5495//5092 5439//5081 5436//5078 5491//5088
f 5360//5063 5440//5082 5496//5093 5441//5083
f 5361//5064 5441//5083 5497//5094 5442//5084
f 5414//5072 5442//5084 5498//5095 5475//5085
f 5444//4580 5363//4580 5443//4580 5499//4580
f 5444//4580 5500//4580 5445//4580 5364//4580
f 5365//4580 5445//4580 5501//4580 5446//4580
f 5446//4580 5502//4580 5447//4580 5366//4580
f 5367//4580 5447//4580 5462//4580 5448//4580
f 5449//4580 5368//4580 5448//4580 5459//4580
f 5449//4580 5458//4580 5450//4580 5369//4580
f 5460//4580 5393//4580 5450//4580 5457//4580
f 5451//4580 5453//4580 5381//4580 5370//4580
f 5371//4580 5452//4580 5503//4580 5451//4580
f 5386//4580 5394//4580 5461//4580 5452//4580
f 5382//4580 5453//4580 5504//4580 5454//4580
f 5455//4580 5388//4580 5454//4580 5504//4580
f 5505//4580 5456//4580 5389//4580 5455//4580
f 5460//4580 5457//4580 5390//4580 5456//4580
f 5391//4580 5457//4580 5450//4580 5458//4580
f 5449//4580 5459//4580 5392//4580 5458//4580
f 5395//4580 5459//4580 5448//4580 5462//4580
f 5505//4580 5461//4580 5460//4580 5456//4580
f 5463//4580 5462//4580 5447//4580 5502//4580
f 5399//4580 5463//4580 5502//4580 5466//4580
f 5464//4580 5506//4580 5465//4580 5397//4580
f 5464//4580 5400//4580 5467//4580 5507//4580
f 5466//4580 5501//4580 5508//4580 5467//4580
f 5472//4580 5405//4580 5465//4580 5506//4580
f 5403//4580 5471//4580 5509//4580 5468//4580
f 5401//4580 5468//4580 5510//4580 5469//4580
f 5511//4580 5470//4580 5402//4580 5469//4580
f 5512//4580 5471//4580 5406//4580 5473//4580
f 5472//4580 5513//4580 5514//4580 5473//4580
f 5511//4580 5515//4580 5474//4580 5470//4580
f 5415//5073 5475//5085 5516//5096 5476//5086
f 5416//5074 5476//5086 5517//5097 5477//5087
f 5518//4580 5478//4580 5417//5075 5477//5087
f 5419//4580 5480//4580 5481//4580 5420//4580
f 5418//4580 5478//4580 5519//4580 5479//4580
f 5479//4580 5520//4580 5521//4580 5480//4580
f 5421//4580 5481//4580 5522//4580 5483//4580
f 5482//4580 5483//4580 5523//4580 5524//4580
f 5484//4580 5423//4580 5482//4580 5524//4580
f 5484//4580 5525//4580 5499//4580 5443//4580
f 5428//4580 5474//4580 5515//4580 5485//4580
f 5431//4580 5430//4580 5485//4580 5486//4580
f 5486//4580 5526//4580 5527//4580 5487//4580
f 5432//4580 5487//4580 5528//4580 5488//4580
f 5433//4580 5488//4580 5529//4580 5489//4580
f 5530//4580 5490//4580 5434//4580 5489//4580
f 5490//4580 5531//4580 5491//5088 5435//5077
f 5492//5089 5439//5081 5495//5092 5532//5098
f 5533//5099 5493//5090 5437//5079 5492//5089
f 5438//5080 5493//5090 5534//5100 5494//5091
f 5496//5093 5440//5082 5494//5091 5535//5101
f 5495//5092 5491//5088 5531//4580 5536//4580
f 5497//5094 5441//5083 5496//5093 5537//5102
f 5442//5084 5497//5094 5538//5103 5498//5095
f 5475//5085 5498//5095 5539//5104 5516//5096
f 5444//4580 5499//4580 5540//4580 5500//4580
f 5500//4580 5508//4580 5501//4580 5445//4580
f 5446//4580 5501//4580 5466//4580 5502//4580
f 5503//4580 5504//4580 5453//4580 5451//4580
f 5505//4580 5503//4580 5452//4580 5461//4580
f 5505//4580 5455//4580 5504//4580 5503//4580
f 5464//4580 5507//4580 5541//4580 5506//4580
f 5542//4580 5507//4580 5467//4580 5508//4580
f 5472//4580 5506//4580 5541//4580 5513//4580
f 5512//4580 5543//4580 5509//4580 5471//4580
f 5468//4580 5509//4580 5544//4580 5510//4580
f 5511//4580 5469//4580 5510//4580 5545//4580
f 5512//4580 5473//4580 5514//4580 5546//4580
f 5547//4580 5548//4580 5514//4580 5513//4580
f 5511//4580 5545//4580 5526//4580 5515//4580
f 5516//5096 5549//5105 5517//5097 5476//5086
f 5550//4580 5518//4580 5477//5087 5517//5097
f 5551//4580 5519//4580 5478//4580 5518//4580
f 5522//4580 5481//4580 5480//4580 5521//4580
f 5479//4580 5519//4580 5552//4580 5520//4580
f 5521//4580 5520//4580 5553//4580 5554//4580
f 5555//4580 5523//4580 5483//4580 5522//4580
f 5556//4580 5524//4580 5523//4580 5557//4580
f 5484//4580 5524//4580 5556//4580 5525//4580
f 5558//4580 5540//4580 5499//4580 5525//4580
f 5486//4580 5485//4580 5515//4580 5526//4580
f 5559//4580 5527//4580 5526//4580 5545//4580
f 5560//4580 5528//4580 5487//4580 5527//4580
f 5561//4580 5529//4580 5488//4580 5528//4580
f 5530//4580 5489//4580 5529//4580 5562//4580
f 5530//4580 5563//4580 5531//4580 5490//4580
f 5495//5092 5536//4580 5564//4580 5532//5098
f 5533//5099 5492//5089 5532//5098 5565//5106
f 5534//5100 5493//5090 5533//5099 5566//5107
f 5535//5101 5494//5091 5534//5100 5567//5108
f 5496//5093 5535//5101 5568//5109 5537//5102
f 5563//4580 5569//4580 5536//4580 5531//4580
f 5497//5094 5537//5102 5570//5110 5538//5103
f 5498//5095 5538//5103 5571//5111 5539//5104
f 5539//5104 5572//5112 5549//5105 5516//5096
f 5508//4580 5500//4580 5540//4580 5542//4580
f 5542//4580 5573//4580 5541//4580 5507//4580
f 5547//4580 5513//4580 5541//4580 5573//4580
f 5512//4580 5546//4580 5574//4580 5543//4580
f 5575//4580 5544//4580 5509//4580 5543//4580
f 5559//4580 5545//4580 5510//4580 5544//4580
f 5576//4580 5546//4580 5514//4580 5548//4580
f 5577//4580 5578//4580 5548//4580 5547//4580
f 5550//4580 5517//5097 5549//5105 5579//4580
f 5550//4580 5580//4580 5551//4580 5518//4580
f 5581//4580 5552//4580 5519//4580 5551//4580
f 5555//4580 5522//4580 5521//4580 5554//4580
f 5552//4580 5582//4580 5553//4580 5520//4580
f 5554//4580 5553//4580 5583//4580 5584//4580
f 5555//4580 5585//4580 5557//4580 5523//4580
f 5556//4580 5557//4580 5578//4580 5577//4580
f 5558//4580 5525//4580 5556//4580 5577//4580
f 5540//4580 5558//4580 5573//4580 5542//4580
f 5560//4580 5527//4580 5559//4580 5586//4580
f 5560//4580 5587//4580 5561//4580 5528//4580
f 5562//4580 5529//4580 5561//4580 5588//4580
f 5530//4580 5562//4580 5589//4580 5563//4580
f 5536//4580 5569//4580 5590//4580 5564//4580
f 5564//4580 5591//4580 5565//5106 5532//5098
f 5566//5107 5533//5099 5565//5106 5592//5113
f 5566//5107 5593//5114 5567//5108 5534//5100
f 5568//5109 5535//5101 5567//5108 5594//5115
f 5537//5102 5568//5109 5595//5116 5570//5110
f 5563//4580 5589//4580 5596//4580 5569//4580
f 5538//5103 5570//5110 5597//5117 5571//5111
f 5539//5104 5571//5111 5598//4658 5572//5112
f 5572//5112 5599//4580 5579//4580 5549//5105
f 5558//4580 5577//4580 5547//4580 5573//4580
f 5576//4580 5600//4580 5574//4580 5546//4580
f 5575//4580 5543//4580 5574//4580 5601//4580
f 5559//4580 5544//4580 5575//4580 5586//4580
f 5578//4580 5602//4580 5576//4580 5548//4580
f 5550//4580 5579//4580 5603//4580 5580//4580
f 5581//4580 5551//4580 5580//4580 5604//4580
f 5605//4580 5582//4580 5552//4580 5581//4580
f 5555//4580 5554//4580 5584//4580 5585//4580
f 5606//4580 5583//4580 5553//4580 5582//4580
f 5607//4580 5608//4580 5584//4580 5583//4580
f 5585//4580 5602//4580 5578//4580 5557//4580
f 5560//4580 5586//4580 5609//4580 5587//4580
f 5610//4580 5588//4580 5561//4580 5587//4580
f 5611//4580 5589//4580 5562//4580 5588//4580
f 5612//4580 5590//4580 5569//4580 5596//4580
f 5590//4580 5613//4580 5591//4580 5564//4580
f 5592//5113 5565//5106 5591//4580 5614//4580
f 5592//5113 5615//5118 5593//5114 5566//5107
f 5594//5115 5567//5108 5593//5114 5616//5119
f 5570//5110 5595//5116 5617//5120 5597//5117
f 5611//4580 5618//4580 5596//4580 5589//4580
f 5571//5111 5597//5117 5619//5121 5598//4658
f 5572//5112 5598//4658 5620//4580 5599//4580
f 5603//4580 5579//4580 5599//4580 5621//4580
f 5576//4580 5602//4580 5608//4580 5600//4580
f 5622//4580 5601//4580 5574//4580 5600//4580
f 5586//4580 5575//4580 5601//4580 5609//4580
f 5623//4580 5604//4580 5580//4580 5603//4580
f 5605//4580 5581//4580 5604//4580 5624//4580
f 5605//4580 5625//4580 5606//4580 5582//4580
f 5585//4580 5584//4580 5608//4580 5602//4580
f 5607//4580 5583//4580 5606//4580 5626//4580
f 5622//4580 5600//4580 5608//4580 5607//4580
f 5609//4580 5627//4580 5610//4580 5587//4580
f 5628//4580 5611//4580 5588//4580 5610//4580
f 5612//4580 5623//4580 5613//4580 5590//4580
f 5612//4580 5596//4580 5618//4580 5624//4580
f 5614//4580 5591//4580 5613//4580 5621//4580
f 5592//5113 5614//4580 5620//4580 5615//5118
f 5593//5114 5615//5118 5619//5121 5616//5119
f 5595//5116 5594//5115 5616//5119 5617//5120
f 5597//5117 5617//5120 5616//5119 5619//5121
f 5628//4580 5625//4580 5618//4580 5611//4580
f 5619//5121 5615//5118 5620//4580 5598//4658
f 5614//4580 5621//4580 5599//4580 5620//4580
f 5623//4580 5603//4580 5621//4580 5613//4580
f 5622//4580 5627//4580 5609//4580 5601//4580
f 5604//4580 5623//4580 5612//4580 5624//4580
f 5605//4580 5624//4580 5618//4580 5625//4580
f 5628//4580 5626//4580 5606//4580 5625//4580
f 5622//4580 5607//4580 5626//4580 5627//4580
f 5628//4580 5610//4580 5627//4580 5626//4580
f 1//1 4//4 11//11
f 4//4 10//10 12//12
f 28//28 37//37 58//58 59//59 38//38
f 35//35 45//45 46//46
f 39//39 49//49 63//63
f 41//41 51//51 66//66
f 71//71 99//99 85//85
f 96//96 111//111 112//112
f 118//118 149//149 150//150 135//135 119//119
f 121//121 152//152 189//189 153//153 122//122
f 150//150 184//184 167//167
f 160//160 198//198 177//177
f 174//174 194//194 195//195
f 192//192 235//235 213//213
f 203//203 224//224 225//225
f 223//223 246//246 247//247
f 264//264 288//288 313//313
f 325//325 350//350 351//351
f 344//344 370//370 397//397
f 391//391 446//446 419//419
f 516//516 543//543 544//544
f 545//545 571//571 546//546
f 548//548 596//596 619//619 573//573 549//549
f 598//598 641//641 642//642 620//620 599//599
f 593//593 616//616 594//594
f 623//623 648//648 624//624
f 614//614 634//634 635//635
f 637//637 657//657 638//638
f 649//649 666//666 668//668
f 698//698 739//739 699//699
f 714//714 793//793 736//736
f 720//720 774//774 744//744
f 756//756 823//823 757//757
f 733//733 758//758 788//788
f 782//782 857//857 783//783
f 753//753 819//819 784//784
f 786//786 821//821 787//787
f 760//760 790//790 792//792
f 800//800 841//841 941//941 885//885 801//801
f 775//775 812//812 810//810
f 811//811 959//959 812//812
f 830//830 831//831 872//872 1065//1065 928//928
f 797//797 834//834 875//875 930//930 836//836
f 803//803 843//843 888//888
f 805//805 845//845 891//891
f 811//811 847//847 951//951 1014//1014 959//959
f 886//886 900//900 944//944
f 862//862 910//910 863//863
f 914//914 915//915 1040//1040
f 916//916 979//979 917//917
f 867//867 918//918 919//919
f 872//872 924//924 1060//1060 1066//1066 1065//1065
f 900//900 941//941 940//940
f 887//887 1007//1007 945//945
f 945//945 1170//1170 946//946
f 913//913 974//974 975//975
f 939//939 1003//1003 1165//1165 1163//1163 1002//1002
f 946//946 1170//1170 1266//1266 1172//1172 1009//1009
f 1024//1024 1186//1186 1025//1025
f 1048//1048 1202//1202 1049//1049
f 1018//1018 1092//1092 1275//1275 1180//1180 1093//1093
f 1099//1099 1284//1284 1393//1393 1188//1188 1100//1100
f 1129//1129 1320//1320 1130//1130
f 1081//1081 1167//1167 1262//1262
f 1087//1087 1175//1175 1176//1176
f 1114//1114 1201//1201 1220//1220
f 1125//1125 1214//1214 1428//1428 1429//1429 1215//1215
f 1144//1144 1236//1236 1342//1342
f 1149//1149 1347//1347 1240//1240
f 1183//1183 1377//1377 1279//1279
f 1185//1185 1388//1388 1281//1281
f 1201//1201 1298//1298 1438//1438
f 1224//1224 1325//1325 1445//1445 1446//1446 1326//1326
f 1228//1228 1329//1329 1449//1449
f 1248//1248 1475//1475 1354//1354
f 1255//1255 1363//1363 1598//1598 1595//1595 1360//1360
f 1264//1264 1375//1375 1372//1372
f 1271//1271 1380//1380 1381//1381
f 1381//1381 1500//1500 1382//1382
f 1285//1285 1394//1394 1878//1878 1627//1627 1395//1395
f 1300//1300 1410//1410 1411//1411
f 1312//1312 1416//1416 1531//1531 1659//1659 1425//1425
f 1439//1439 1677//1677 1936//1936 1441//1441 1440//1440
f 1330//1330 1450//1450 1451//1451
f 1379//1379 1387//1387 1499//1499
f 1501//1501 1613//1613 1502//1502
f 1423//1423 1539//1539 1538//1538
f 1441//1441 1936//1936 2063//2063 1804//1804 1555//1555
f 1565//1565 1689//1689 1948//1948 1817//1817 1566//1566
f 1474//1474 1707//1707 1585//1585
f 1480//1480 1591//1591 1590//1590
f 1489//1489 1725//1725 1601//1601
f 1394//1394 1626//1626 1878//1878
f 1511//1511 1630//1630 1758//1758 1884//1884 1631//1631
f 1527//1527 1773//1773 1646//1646
f 1650//1650 1651//1651 1906//1906
f 1538//1538 1784//1784 1657//1657
f 1563//1563 1686//1686 1687//1687
f 1590//1590 1840//1840 1968//1968 1837//1837 1714//1714
f 1633//1633 1760//1760 1887//1887
f 1654//1654 1911//1911 1780//1780
f 1779//1779 1908//1908 2036//2036 1920//1920 1789//1789
f 1814//1814 2199//2199 1815//1815
f 1838//1838 2097//2097 1857//1857
f 1756//1756 1880//1880 2007//2007
f 1817//1817 1948//1948 1950//1950
f 1873//1873 2001//2001 2249//2249 2247//2247 1999//1999
f 2007//2007 2132//2132 2008//2008
f 1904//1904 2033//2033 2155//2155
f 1951//1951 2079//2079 2205//2205
f 1991//1991 2080//2080 2206//2206
f 1993//1993 2117//2117 2351//2351 2353//2353 2118//2118
f 1994//1994 2120//2120 2240//2240
f 2006//2006 2258//2258 2132//2132
f 2140//2140 2381//2381 2141//2141
f 2041//2041 2289//2289 2165//2165
f 2042//2042 2167//2167 2166//2166
f 2046//2046 2171//2171 2292//2292 2407//2407 2168//2168
f 2148//2148 2185//2185 2270//2270
f 2199//2199 2312//2312 2200//2200
f 2202//2202 2321//2321 2425//2425 2378//2378 2203//2203
f 2113//2113 2340//2340 2235//2235
f 2132//2132 2258//2258 2257//2257 2488//2488 2375//2375
f 2276//2276 2392//2392 2619//2619 2395//2395 2277//2277
f 2173//2173 2412//2412 2295//2295
f 2284//2284 2401//2401 2513//2513
f 2287//2287 2404//2404 2518//2518 2633//2633 2403//2403
f 2420//2420 2765//2765 2421//2421
f 2369//2369 2592//2592 2481//2481
f 2372//2372 2484//2484 2712//2712 2713//2713 2485//2485
f 2418//2418 2531//2531 2532//2532
f 2421//2421 2765//2765 2886//2886 2766//2766 2534//2534
f 2455//2455 2565//2565 2563//2563
f 2476//2476 2588//2588 2701//2701 2817//2817 2584//2584
f 2489//2489 2600//2600 2599//2599 2836//2836 2601//2601
f 2490//2490 2601//2601 2957//2957 2837//2837 2602//2602
f 2527//2527 2642//2642 2756//2756 2757//2757 2643//2643
f 2645//2645 2759//2759 2646//2646
f 2535//2535 2650//2650 2889//2889 2891//2891 2651//2651
f 2547//2547 2778//2778 2662//2662
f 2719//2719 2725//2725 2841//2841
f 2739//2739 2875//2875 2740//2740
f 2670//2670 2780//2780 2787//2787
f 2789//2789 2912//2912 2790//2790
f 2680//2680 2798//2798 2796//2796
f 2788//2788 2911//2911 2803//2803
f 2690//2690 2807//2807 2927//2927
f 2695//2695 2813//2813 2809//2809
f 2697//2697 2812//2812 3058//3058 2935//2935 2815//2815
f 2819//2819 2939//2939 3198//3198 3204//3204 2825//2825
f 2707//2707 2825//2825 3204//3204 3071//3071 2826//2826
f 2730//2730 2973//2973 2851//2851
f 2746//2746 2866//2866 2867//2867
f 2749//2749 2751//2751 2871//2871 2994//2994 2868//2868
f 2772//2772 2896//2896 2897//2897
f 2783//2783 2907//2907 3030//3030 3163//3163 2906//2906
f 2821//2821 2940//2940 3067//3067 3063//3063 2936//2936
f 2947//2947 3075//3075 2948//2948
f 2950//2950 3077//3077 3352//3352 3211//3211 2951//2951
f 2965//2965 3090//3090 2966//2966
f 2857//2857 3105//3105 2980//2980
f 2876//2876 2998//2998 2999//2999
f 2889//2889 3014//3014 2891//2891
f 2896//2896 3020//3020 3299//3299 3442//3442 3154//3154
f 2929//2929 3051//3051 3183//3183 3325//3325 3052//3052
f 3057//3057 3191//3191 3058//3058
f 2959//2959 3083//3083 3360//3360 3361//3361 3084//3084
f 2988//2988 3116//3116 3251//3251
f 3008//3008 3284//3284 3142//3142
f 3012//3012 3291//3291 3147//3147
f 3045//3045 3180//3180 3179//3179
f 3056//3056 3187//3187 3188//3188
f 3193//3193 3480//3480 3194//3194
f 3263//3263 3408//3408 3264//3264
f 3139//3139 3280//3280 3281//3281
f 3285//3285 3572//3572 3570//3570 3430//3430 3286//3286
f 3290//3290 3435//3435 3291//3291
f 3315//3315 3316//3316 3461//3461
f 3328//3328 3474//3474 3329//3329
f 3186//3186 3329//3329 3330//3330
f 3357//3357 3640//3640 3358//3358
f 3369//3369 3513//3513 3370//3370
f 3231//3231 3521//3521 3377//3377
f 3246//3246 3391//3391 3393//3393
f 3400//3400 3674//3674 3401//3401
f 3294//3294 3577//3577 3437//3437
f 3440//3440 3441//3441 3823//3823
f 3308//3308 3452//3452 3451//3451
f 3336//3336 3477//3477 3478//3478
f 3511//3511 3894//3894 3700//3700 3577//3577 3512//3512
f 3511//3511 3514//3514 3776//3776
f 3518//3518 3779//3779 3519//3519
f 3409//3409 3684//3684 3533//3533
f 3544//3544 3545//3545 3675//3675
f 3401//3401 3674//3674 3798//3798 3549//3549 3404//3404
f 3411//3411 3554//3554 3555//3555
f 3431//3431 3573//3573 3432//3432
f 3440//3440 3763//3763 3582//3582
f 3329//3329 3608//3608 3472//3472
f 3476//3476 3612//3612 3610//3610
f 3611//3611 3615//3615 3857//3857
f 3619//3619 3744//3744 3620//3620
f 3495//3495 3631//3631 3876//3876 3877//3877 3632//3632
f 3516//3516 3651//3651 3818//3818 3896//3896 3652//3652
f 3544//3544 3796//3796 3672//3672
f 3576//3576 3818//3818 3651//3651
f 3578//3578 3700//3700 4002//4002 3933//3933 3701//3701
f 3596//3596 3722//3722 3721//3721
f 3726//3726 3727//3727 3953//3953
f 3737//3737 3738//3738 3858//3858 4074//4074 3968//3968
f 3741//3741 3971//3971 3742//3742
f 3650//3650 3774//3774 3941//3941 4003//4003 3775//3775
f 3777//3777 4007//4007 3778//3778
f 3697//3697 3814//3814 3928//3928
f 3703//3703 3821//3821 3824//3824
f 3823//3823 3824//3824 4105//4105 3884//3884 3828//3828
f 3724//3724 3833//3833 3844//3844
f 3748//3748 3867//3867 4087//4087 3978//3978 3865//3865
f 3871//3871 4093//4093 3872//3872
f 3770//3770 3888//3888 3889//3889
f 3780//3780 3898//3898 3899//3899
f 3788//3788 3904//3904 3905//3905
f 3806//3806 3916//3916 3922//3922
f 3809//3809 3923//3923 4030//4030
f 3820//3820 3934//3934 3935//3935
f 3835//3835 3947//3947 3946//3946
f 3849//3849 3959//3959 4166//4166 4168//4168 3960//3960
f 3855//3855 3966//3966 3967//3967
f 3919//3919 4027//4027 4131//4131
f 4036//4036 4138//4138 4037//4037
f 3951//3951 4055//4055 4056//4056
f 3955//3955 4060//4060 4061//4061
f 3961//3961 4065//4065 4066//4066
f 3966//3966 4071//4071 4182//4182
f 4083//4083 4274//4274 4084//4084
f 3998//3998 4110//4110 4217//4217 4308//4308 4112//4112
f 4011//4011 4120//4120 4121//4121
f 4045//4045 4149//4149 4150//4150
f 4064//4064 4165//4165 4167//4167
f 4091//4091 4198//4198 4193//4193
f 4103//4103 4301//4301 4212//4212
f 4144//4144 4233//4233 4234//4234
f 4231//4231 4237//4237 4323//4323 4476//4476 4319//4319
f 4164//4164 4249//4249 4246//4246
f 4179//4179 4265//4265 4266//4266
f 4186//4186 4270//4270 4352//4352
f 4205//4205 4293//4293 4294//4294
f 4149//4149 4302//4302 4403//4403
f 4150//4150 4404//4404 4316//4316
f 4318//4318 4319//4319 4402//4402
f 4245//4245 4331//4331 4330//4330
f 4260//4260 4342//4342 4490//4490 4424//4424 4343//4343
f 4354//4354 4501//4501 4574//4574 4502//4502 4355//4355
f 4283//4283 4365//4365 4363//4363
f 4330//4330 4331//4331 4332//4332 4409//4409 4408//4408
f 4341//4341 4417//4417 4491//4491
f 4379//4379 4450//4450 4451//4451
f 4385//4385 4456//4456 4457//4457
f 4319//4319 4476//4476 4542//4542
f 4414//4414 4484//4484 4557//4557
f 4425//4425 4490//4490 4489//4489
f 4504//4504 4505//4505 4585//4584
f 4437//4437 4509//4509 4512//4512
f 4444//4444 4519//4519 4520//4520
f 4554//4554 4698//4691 4555//4555
f 4525//4525 4597//4596 4674//4667
f 4537//4537 4687//4680 4611//4610 4538//4538 4610//4609
f 4543//4543 4614//4613 4615//4614
f 4544//4544 4616//4615 4692//4685 4851//4811 4617//4616
f 4545//4545 4617//4616 4618//4617
f 4638//4636 4641//4639 4794//4771
f 4644//4642 4800//4777 4645//4643
f 4706//4697 4784//4761 4714//4705
f 4661//4656 4736//4723 4817//4786 4899//4845 4739//4726
f 4678//4671 4755//4735 4756//4736
f 4723//4714 4805//4781 4804//4780
f 4838//4798 4917//4853 4840//4800
f 4773//4753 4936//4872 4774//4754
f 4835//4795 4914//4850 5079//4947 5007//4911 4915//4851
f 4916//4852 4938//4874 5022//4926
f 4926//4862 5008//4912 5009//4913
f 5019//4923 5101//4969 5102//4970
f 5120//4979 5202//5013 5377//5068 5379//5069 5204//5014
f 5166//4989 5248//5020 5335//5049
f 5288//5042 5372//5065 5376//5067
f 5568//5109 5594//5115 5595//5116
