# Blender v3.1.2 OBJ File: ''
# www.blender.org
mtllib Wireicosahedron.mtl
o Wireicosahedron
v 0.011571 0.487003 0.286666
v 0.471844 0.311195 0.002202
v 0.477772 0.303975 0.002202
v 0.006129 0.484126 0.293694
v 0.314481 0.002591 0.473589
v 0.490415 0.287257 0.012989
v 0.499491 0.304228 0.005968
v 0.313069 0.002591 0.494027
v 0.299623 -0.016520 0.478995
v 0.015160 -0.476793 0.303187
v 0.006354 -0.479358 0.301408
v 0.297845 -0.007715 0.481561
v 0.002591 0.473589 0.314481
v 0.287257 0.012989 0.490415
v 0.304228 0.005968 0.499491
v 0.002591 0.494027 0.313069
v 0.478995 0.299623 -0.016520
v 0.303187 0.015160 -0.476793
v 0.301408 0.006354 -0.479358
v 0.481561 0.297845 -0.007715
v 0.018427 0.481617 0.301492
v 0.479026 0.305683 0.016825
v 0.495124 0.311293 0.005464
v 0.007065 0.497715 0.307101
v 0.311195 0.002202 -0.471844
v 0.487003 0.286666 -0.011571
v 0.484126 0.293694 -0.006129
v 0.303975 0.002202 -0.477772
v 0.012989 0.490415 -0.287257
v 0.473589 0.314481 -0.002591
v 0.494027 0.313069 -0.002591
v 0.005968 0.499491 -0.304228
v 0.002202 0.471844 -0.311195
v 0.286666 0.011571 -0.487003
v 0.293694 0.006129 -0.484126
v 0.002202 0.477772 -0.303975
v 0.301492 -0.018427 -0.481617
v 0.016825 -0.479026 -0.305683
v 0.005464 -0.495124 -0.311293
v 0.307101 -0.007065 -0.497715
v 0.471844 0.311195 -0.002202
v 0.011571 0.487003 -0.286666
v 0.006129 0.484126 -0.293694
v 0.477772 0.303975 -0.002202
v 0.305683 0.016825 -0.479026
v 0.481617 0.301492 -0.018427
v 0.497715 0.307101 -0.007065
v 0.311293 0.005464 -0.495124
v 0.311195 -0.002202 0.471844
v 0.487003 -0.286666 0.011571
v 0.484126 -0.293694 0.006129
v 0.303975 -0.002202 0.477772
v 0.012989 -0.490415 0.287257
v 0.473589 -0.314481 0.002591
v 0.494027 -0.313069 0.002591
v 0.005968 -0.499491 0.304228
v 0.002202 -0.471844 0.311195
v 0.286666 -0.011571 0.487003
v 0.293694 -0.006129 0.484126
v 0.002202 -0.477772 0.303975
v 0.284666 0.008798 0.492016
v -0.284666 0.008798 0.492016
v -0.301637 0.001776 0.501092
v 0.301637 0.001776 0.501092
v 0.476793 -0.303187 -0.015160
v 0.016520 -0.478995 -0.299623
v 0.007715 -0.481561 -0.297845
v 0.479358 -0.301408 -0.006354
v 0.305683 -0.016825 0.479026
v 0.481617 -0.301492 0.018427
v 0.497715 -0.307101 0.007065
v 0.311293 -0.005464 0.495124
v 0.011571 -0.487003 -0.286666
v 0.471844 -0.311195 -0.002202
v 0.477772 -0.303975 -0.002202
v 0.006129 -0.484126 -0.293694
v 0.314481 -0.002591 -0.473589
v 0.490415 -0.287257 -0.012989
v 0.499491 -0.304228 -0.005968
v 0.313069 -0.002591 -0.494027
v 0.284464 0.008008 -0.488364
v -0.284464 0.008008 -0.488364
v -0.291491 0.002566 -0.485487
v 0.291491 0.002566 -0.485487
v 0.002591 -0.473589 -0.314481
v 0.287257 -0.012989 -0.490415
v 0.304228 -0.005968 -0.499491
v 0.002591 -0.494027 -0.313069
v 0.471844 -0.311195 0.002202
v 0.011571 -0.487003 0.286666
v 0.006129 -0.484126 0.293694
v 0.477772 -0.303975 0.002202
v 0.018427 -0.481617 -0.301492
v 0.479026 -0.305683 -0.016825
v 0.495124 -0.311293 -0.005464
v 0.007065 -0.497715 -0.307101
v -0.311195 0.002202 0.471844
v -0.487003 0.286666 0.011571
v -0.484126 0.293694 0.006129
v -0.303975 0.002202 0.477772
v -0.012989 0.490415 0.287257
v -0.473589 0.314481 0.002591
v -0.494027 0.313069 0.002591
v -0.005968 0.499491 0.304228
v -0.002202 0.471844 0.311195
v -0.286666 0.011571 0.487003
v -0.293694 0.006129 0.484126
v -0.002202 0.477772 0.303975
v -0.301492 -0.018427 0.481617
v -0.016825 -0.479026 0.305683
v -0.005464 -0.495124 0.311293
v -0.307101 -0.007065 0.497715
v -0.476793 0.303187 -0.015160
v -0.016520 0.478995 -0.299623
v -0.007715 0.481561 -0.297845
v -0.479358 0.301408 -0.006354
v -0.305683 0.016825 0.479026
v -0.481617 0.301492 0.018427
v -0.497715 0.307101 0.007065
v -0.311293 0.005464 0.495124
v -0.011571 0.487003 -0.286666
v -0.471844 0.311195 -0.002202
v -0.477772 0.303975 -0.002202
v -0.006129 0.484126 -0.293694
v -0.314481 0.002591 -0.473589
v -0.490415 0.287257 -0.012989
v -0.499491 0.304228 -0.005968
v -0.313069 0.002591 -0.494027
v -0.299623 -0.016520 -0.478995
v -0.015160 -0.476793 -0.303187
v -0.006354 -0.479358 -0.301408
v -0.297845 -0.007715 -0.481561
v -0.002591 0.473589 -0.314481
v -0.287257 0.012989 -0.490415
v -0.304228 0.005968 -0.499491
v -0.002591 0.494027 -0.313069
v -0.471844 0.311195 0.002202
v -0.011571 0.487003 0.286666
v -0.006129 0.484126 0.293694
v -0.477772 0.303975 0.002202
v -0.018427 0.481617 -0.301492
v -0.479026 0.305683 -0.016825
v -0.495124 0.311293 -0.005464
v -0.007065 0.497715 -0.307101
v -0.011571 -0.487003 0.286666
v -0.471844 -0.311195 0.002202
v -0.477772 -0.303975 0.002202
v -0.006129 -0.484126 0.293694
v -0.314481 -0.002591 0.473589
v -0.490415 -0.287257 0.012989
v -0.499491 -0.304228 0.005968
v -0.313069 -0.002591 0.494027
v -0.286666 -0.011571 0.487003
v -0.002202 -0.471844 0.311195
v -0.002202 -0.477772 0.303975
v -0.293694 -0.006129 0.484126
v -0.002591 -0.473589 0.314481
v -0.287257 -0.012989 0.490415
v -0.304228 -0.005968 0.499491
v -0.002591 -0.494027 0.313069
v -0.478995 -0.299623 -0.016520
v -0.303187 -0.015160 -0.476793
v -0.301408 -0.006354 -0.479358
v -0.481561 -0.297845 -0.007715
v -0.018427 -0.481617 0.301492
v -0.479026 -0.305683 0.016825
v -0.495124 -0.311293 0.005464
v -0.007065 -0.497715 0.307101
v -0.311195 -0.002202 -0.471844
v -0.487003 -0.286666 -0.011571
v -0.484126 -0.293694 -0.006129
v -0.303975 -0.002202 -0.477772
v -0.012989 -0.490415 -0.287257
v -0.473589 -0.314481 -0.002591
v -0.494027 -0.313069 -0.002591
v -0.005968 -0.499491 -0.304228
v -0.002202 -0.471844 -0.311195
v -0.286666 -0.011571 -0.487003
v -0.293694 -0.006129 -0.484126
v -0.002202 -0.477772 -0.303975
v -0.287257 -0.012989 -0.490415
v -0.002591 -0.473589 -0.314481
v -0.002591 -0.494027 -0.313069
v -0.304228 -0.005968 -0.499491
v -0.471844 -0.311195 -0.002202
v -0.011571 -0.487003 -0.286666
v -0.006129 -0.484126 -0.293694
v -0.477772 -0.303975 -0.002202
v -0.305683 -0.016825 -0.479026
v -0.481617 -0.301492 -0.018427
v -0.497715 -0.307101 -0.007065
v -0.311293 -0.005464 -0.495124
v 0.487003 0.286666 0.011571
v 0.311195 0.002202 0.471844
v 0.303975 0.002202 0.477772
v 0.484126 0.293694 0.006129
v 0.473589 0.314481 0.002591
v 0.012989 0.490415 0.287257
v 0.005968 0.499491 0.304228
v 0.494027 0.313069 0.002591
v -0.008008 0.488364 0.284464
v -0.008008 0.488364 -0.284464
v -0.002566 0.485487 -0.291491
v -0.002566 0.485487 0.291491
v -0.008798 0.492016 -0.284666
v -0.008798 0.492016 0.284666
v -0.001776 0.501092 0.301637
v -0.001776 0.501092 -0.301637
v 0.481617 0.301492 0.018427
v 0.305683 0.016825 0.479026
v 0.311293 0.005464 0.495124
v 0.497715 0.307101 0.007065
v 0.492016 0.284666 0.008798
v 0.492016 -0.284666 0.008798
v 0.501092 -0.301637 0.001776
v 0.501092 0.301637 0.001776
v -0.488364 0.284464 0.008008
v -0.488364 -0.284464 0.008008
v -0.485487 -0.291491 0.002566
v -0.485487 0.291491 0.002566
v -0.481617 0.301492 -0.018427
v -0.305683 0.016825 -0.479026
v -0.311293 0.005464 -0.495124
v -0.497715 0.307101 -0.007065
v 0.008798 0.492016 0.284666
v 0.008798 0.492016 -0.284666
v 0.001776 0.501092 -0.301637
v 0.001776 0.501092 0.301637
v 0.008008 -0.488364 0.284464
v 0.008008 -0.488364 -0.284464
v 0.002566 -0.485487 -0.291491
v 0.002566 -0.485487 0.291491
v -0.303187 0.015160 -0.476793
v -0.478995 0.299623 -0.016520
v -0.481561 0.297845 -0.007715
v -0.301408 0.006354 -0.479358
v -0.490415 0.287257 0.012989
v -0.314481 0.002591 0.473589
v -0.313069 0.002591 0.494027
v -0.499491 0.304228 0.005968
v 0.487003 -0.286666 -0.011571
v 0.311195 -0.002202 -0.471844
v 0.303975 -0.002202 -0.477772
v 0.484126 -0.293694 -0.006129
v 0.481617 -0.301492 -0.018427
v 0.305683 -0.016825 -0.479026
v 0.311293 -0.005464 -0.495124
v 0.497715 -0.307101 -0.007065
v -0.008008 -0.488364 -0.284464
v -0.008008 -0.488364 0.284464
v -0.002566 -0.485487 0.291491
v -0.002566 -0.485487 -0.291491
v -0.008798 -0.492016 0.284666
v -0.008798 -0.492016 -0.284666
v -0.001776 -0.501092 -0.301637
v -0.001776 -0.501092 0.301637
v 0.303187 -0.015160 -0.476793
v 0.478995 -0.299623 -0.016520
v 0.481561 -0.297845 -0.007715
v 0.301408 -0.006354 -0.479358
v 0.490415 -0.287257 0.012989
v 0.314481 -0.002591 0.473589
v 0.313069 -0.002591 0.494027
v 0.499491 -0.304228 0.005968
v -0.487003 -0.286666 0.011571
v -0.311195 -0.002202 0.471844
v -0.303975 -0.002202 0.477772
v -0.484126 -0.293694 0.006129
v -0.473589 -0.314481 0.002591
v -0.012989 -0.490415 0.287257
v -0.005968 -0.499491 0.304228
v -0.494027 -0.313069 0.002591
v 0.008798 -0.492016 -0.284666
v 0.008798 -0.492016 0.284666
v 0.001776 -0.501092 0.301637
v 0.001776 -0.501092 -0.301637
v -0.481617 -0.301492 0.018427
v -0.305683 -0.016825 0.479026
v -0.311293 -0.005464 0.495124
v -0.497715 -0.307101 0.007065
v -0.490415 -0.287257 -0.012989
v -0.314481 -0.002591 -0.473589
v -0.313069 -0.002591 -0.494027
v -0.499491 -0.304228 -0.005968
v 0.479026 -0.305683 0.016825
v 0.018427 -0.481617 0.301492
v 0.007065 -0.497715 0.307101
v 0.495124 -0.311293 0.005464
v -0.303187 -0.015160 0.476793
v -0.478995 -0.299623 0.016520
v -0.481561 -0.297845 0.007715
v -0.301408 -0.006354 0.479358
v 0.488364 0.284464 -0.008008
v 0.488364 -0.284464 -0.008008
v 0.485487 -0.291491 -0.002566
v 0.485487 0.291491 -0.002566
v 0.492016 -0.284666 -0.008798
v 0.492016 0.284666 -0.008798
v 0.501092 0.301637 -0.001776
v 0.501092 -0.301637 -0.001776
v 0.488364 -0.284464 0.008008
v 0.488364 0.284464 0.008008
v 0.485487 0.291491 0.002566
v 0.485487 -0.291491 0.002566
v 0.479026 0.305683 -0.016825
v 0.018427 0.481617 -0.301492
v 0.007065 0.497715 -0.307101
v 0.495124 0.311293 -0.005464
v 0.016520 0.478995 -0.299623
v 0.476793 0.303187 -0.015160
v 0.479358 0.301408 -0.006354
v 0.007715 0.481561 -0.297845
v -0.016520 0.478995 0.299623
v -0.476793 0.303187 0.015160
v -0.479358 0.301408 0.006354
v -0.007715 0.481561 0.297845
v 0.476793 0.303187 0.015160
v 0.016520 0.478995 0.299623
v 0.007715 0.481561 0.297845
v 0.479358 0.301408 0.006354
v 0.490415 0.287257 -0.012989
v 0.314481 0.002591 -0.473589
v 0.313069 0.002591 -0.494027
v 0.499491 0.304228 -0.005968
v 0.478995 -0.299623 0.016520
v 0.303187 -0.015160 0.476793
v 0.301408 -0.006354 0.479358
v 0.481561 -0.297845 0.007715
v 0.473589 -0.314481 -0.002591
v 0.012989 -0.490415 -0.287257
v 0.005968 -0.499491 -0.304228
v 0.494027 -0.313069 -0.002591
v -0.479026 0.305683 0.016825
v -0.018427 0.481617 0.301492
v -0.007065 0.497715 0.307101
v -0.495124 0.311293 0.005464
v -0.492016 -0.284666 0.008798
v -0.492016 0.284666 0.008798
v -0.501092 0.301637 0.001776
v -0.501092 -0.301637 0.001776
v -0.488364 -0.284464 -0.008008
v -0.488364 0.284464 -0.008008
v -0.485487 0.291491 -0.002566
v -0.485487 -0.291491 -0.002566
v -0.492016 0.284666 -0.008798
v -0.492016 -0.284666 -0.008798
v -0.501092 -0.301637 -0.001776
v -0.501092 0.301637 -0.001776
v -0.476793 -0.303187 0.015160
v -0.016520 -0.478995 0.299623
v -0.007715 -0.481561 0.297845
v -0.479358 -0.301408 0.006354
v -0.479026 -0.305683 -0.016825
v -0.018427 -0.481617 -0.301492
v -0.007065 -0.497715 -0.307101
v -0.495124 -0.311293 -0.005464
v -0.016520 -0.478995 -0.299623
v -0.476793 -0.303187 -0.015160
v -0.479358 -0.301408 -0.006354
v -0.007715 -0.481561 -0.297845
v 0.015160 0.476793 0.303187
v 0.299623 0.016520 0.478995
v 0.297845 0.007715 0.481561
v 0.006354 0.479358 0.301408
v -0.487003 0.286666 -0.011571
v -0.311195 0.002202 -0.471844
v -0.303975 0.002202 -0.477772
v -0.484126 0.293694 -0.006129
v 0.016520 -0.478995 0.299623
v 0.476793 -0.303187 0.015160
v 0.479358 -0.301408 0.006354
v 0.007715 -0.481561 0.297845
v -0.478995 0.299623 0.016520
v -0.303187 0.015160 0.476793
v -0.301408 0.006354 0.479358
v -0.481561 0.297845 0.007715
v -0.473589 0.314481 -0.002591
v -0.012989 0.490415 -0.287257
v -0.005968 0.499491 -0.304228
v -0.494027 0.313069 -0.002591
v -0.015160 -0.476793 0.303187
v -0.299623 -0.016520 0.478995
v -0.297845 -0.007715 0.481561
v -0.006354 -0.479358 0.301408
v -0.015160 0.476793 -0.303187
v -0.299623 0.016520 -0.478995
v -0.297845 0.007715 -0.481561
v -0.006354 0.479358 -0.301408
v 0.284464 -0.008008 0.488364
v -0.284464 -0.008008 0.488364
v -0.291491 -0.002566 0.485487
v 0.291491 -0.002566 0.485487
v -0.284666 -0.008798 0.492016
v 0.284666 -0.008798 0.492016
v 0.301637 -0.001776 0.501092
v -0.301637 -0.001776 0.501092
v -0.284464 0.008008 0.488364
v 0.284464 0.008008 0.488364
v 0.291491 0.002566 0.485487
v -0.291491 0.002566 0.485487
v 0.016825 -0.479026 0.305683
v 0.301492 -0.018427 0.481617
v 0.307101 -0.007065 0.497715
v 0.005464 -0.495124 0.311293
v 0.286666 0.011571 0.487003
v 0.002202 0.471844 0.311195
v 0.002202 0.477772 0.303975
v 0.293694 0.006129 0.484126
v 0.299623 0.016520 -0.478995
v 0.015160 0.476793 -0.303187
v 0.006354 0.479358 -0.301408
v 0.297845 0.007715 -0.481561
v 0.301492 0.018427 0.481617
v 0.016825 0.479026 0.305683
v 0.005464 0.495124 0.311293
v 0.307101 0.007065 0.497715
v 0.287257 -0.012989 0.490415
v 0.002591 -0.473589 0.314481
v 0.002591 -0.494027 0.313069
v 0.304228 -0.005968 0.499491
v -0.016825 0.479026 0.305683
v -0.301492 0.018427 0.481617
v -0.307101 0.007065 0.497715
v -0.005464 0.495124 0.311293
v -0.287257 0.012989 0.490415
v -0.002591 0.473589 0.314481
v -0.002591 0.494027 0.313069
v -0.304228 0.005968 0.499491
v 0.015160 -0.476793 -0.303187
v 0.299623 -0.016520 -0.478995
v 0.297845 -0.007715 -0.481561
v 0.006354 -0.479358 -0.301408
v -0.284666 0.008798 -0.492016
v 0.284666 0.008798 -0.492016
v 0.301637 0.001776 -0.501092
v -0.301637 0.001776 -0.501092
v -0.284464 -0.008008 -0.488364
v 0.284464 -0.008008 -0.488364
v 0.291491 -0.002566 -0.485487
v -0.291491 -0.002566 -0.485487
v 0.284666 -0.008798 -0.492016
v -0.284666 -0.008798 -0.492016
v -0.301637 -0.001776 -0.501092
v 0.301637 -0.001776 -0.501092
v -0.301492 0.018427 -0.481617
v -0.016825 0.479026 -0.305683
v -0.005464 0.495124 -0.311293
v -0.307101 0.007065 -0.497715
v -0.016825 -0.479026 -0.305683
v -0.301492 -0.018427 -0.481617
v -0.307101 -0.007065 -0.497715
v -0.005464 -0.495124 -0.311293
v -0.286666 0.011571 -0.487003
v -0.002202 0.471844 -0.311195
v -0.002202 0.477772 -0.303975
v -0.293694 0.006129 -0.484126
v 0.008008 0.488364 -0.284464
v 0.008008 0.488364 0.284464
v 0.002566 0.485487 0.291491
v 0.002566 0.485487 -0.291491
v 0.286666 -0.011571 -0.487003
v 0.002202 -0.471844 -0.311195
v 0.002202 -0.477772 -0.303975
v 0.293694 -0.006129 -0.484126
v -0.299623 0.016520 0.478995
v -0.015160 0.476793 0.303187
v -0.006354 0.479358 0.301408
v -0.297845 0.007715 0.481561
v 0.016825 0.479026 -0.305683
v 0.301492 0.018427 -0.481617
v 0.307101 0.007065 -0.497715
v 0.005464 0.495124 -0.311293
v 0.287257 0.012989 -0.490415
v 0.002591 0.473589 -0.314481
v 0.002591 0.494027 -0.313069
v 0.304228 0.005968 -0.499491
v 0.481561 0.297845 0.007715
v 0.481389 0.299341 0.007363
v 0.482312 0.298160 0.004242
v 0.482001 0.296383 0.006979
v 0.480591 0.300632 0.006870
v 0.481061 0.300183 0.003469
v 0.478622 0.301849 0.004892
v 0.478044 0.302785 0.003378
v 0.480213 0.301554 0.001250
v 0.478272 0.304385 0.000798
v 0.478272 0.304385 -0.000798
v 0.480213 0.301554 -0.001250
v 0.478044 0.302785 -0.003378
v 0.478622 0.301849 -0.004892
v 0.481061 0.300183 -0.003469
v 0.480591 0.300632 -0.006870
v 0.481389 0.299341 -0.007363
v 0.482312 0.298160 -0.004242
v 0.482001 0.296383 -0.006979
v 0.482936 0.294869 -0.006401
v 0.483683 0.295941 -0.003394
v 0.485142 0.293269 -0.005044
v 0.485635 0.292471 -0.003753
v 0.484456 0.294690 -0.001371
v 0.485023 0.291491 -0.000936
v 0.485023 0.291491 0.000936
v 0.484455 0.294690 0.001371
v 0.485635 0.292471 0.003753
v 0.485142 0.293269 0.005044
v 0.483683 0.295941 0.003394
v 0.482936 0.294869 0.006401
v 0.498923 0.306421 0.007106
v 0.499155 0.308320 0.003933
v 0.496729 0.308200 0.006211
v 0.499557 0.305395 0.006715
v 0.500228 0.306583 0.003269
v 0.499623 0.303518 0.004423
v 0.500207 0.302573 0.002894
v 0.501067 0.305225 0.001074
v 0.501880 0.301637 0.000634
v 0.501880 0.301637 -0.000634
v 0.501067 0.305225 -0.001074
v 0.500207 0.302573 -0.002894
v 0.499623 0.303518 -0.004423
v 0.500228 0.306583 -0.003269
v 0.499557 0.305395 -0.006715
v 0.498923 0.306421 -0.007106
v 0.499155 0.308320 -0.003933
v 0.496729 0.308200 -0.006211
v 0.495784 0.309729 -0.005627
v 0.497798 0.310515 -0.003094
v 0.495165 0.312501 -0.004783
v 0.494773 0.313135 -0.003758
v 0.497135 0.311589 -0.001357
v 0.493996 0.312623 -0.000945
v 0.493996 0.312623 0.000945
v 0.497135 0.311589 0.001357
v 0.494773 0.313135 0.003758
v 0.495165 0.312501 0.004783
v 0.497798 0.310515 0.003094
v 0.495784 0.309729 0.005627
v -0.480591 0.300632 0.006870
v -0.481061 0.300183 0.003469
v -0.478622 0.301849 0.004892
v -0.481389 0.299341 0.007363
v -0.482312 0.298160 0.004242
v -0.482001 0.296383 0.006979
v -0.482936 0.294869 0.006401
v -0.483683 0.295941 0.003394
v -0.485142 0.293269 0.005044
v -0.485635 0.292471 0.003753
v -0.484456 0.294690 0.001371
v -0.485023 0.291491 0.000936
v -0.485023 0.291491 -0.000936
v -0.484455 0.294690 -0.001371
v -0.485635 0.292471 -0.003753
v -0.485142 0.293269 -0.005044
v -0.483683 0.295941 -0.003394
v -0.482936 0.294869 -0.006401
v -0.482001 0.296383 -0.006979
v -0.482312 0.298160 -0.004242
v -0.481389 0.299341 -0.007363
v -0.480591 0.300632 -0.006870
v -0.481061 0.300183 -0.003469
v -0.478622 0.301849 -0.004892
v -0.478044 0.302785 -0.003378
v -0.480213 0.301554 -0.001250
v -0.478272 0.304385 -0.000798
v -0.478272 0.304385 0.000798
v -0.480213 0.301554 0.001250
v -0.478044 0.302785 0.003378
v -0.495165 0.312501 0.004783
v -0.497798 0.310515 0.003094
v -0.495784 0.309729 0.005627
v -0.494773 0.313135 0.003758
v -0.497135 0.311589 0.001357
v -0.493996 0.312623 0.000945
v -0.493996 0.312623 -0.000945
v -0.497135 0.311589 -0.001357
v -0.494773 0.313135 -0.003758
v -0.495165 0.312501 -0.004783
v -0.497798 0.310515 -0.003094
v -0.495784 0.309729 -0.005627
v -0.496729 0.308200 -0.006211
v -0.499155 0.308320 -0.003933
v -0.498923 0.306421 -0.007106
v -0.499557 0.305395 -0.006715
v -0.500228 0.306583 -0.003269
v -0.499623 0.303518 -0.004423
v -0.500207 0.302573 -0.002894
v -0.501067 0.305225 -0.001074
v -0.501880 0.301637 -0.000634
v -0.501880 0.301637 0.000634
v -0.501067 0.305225 0.001074
v -0.500207 0.302573 0.002894
v -0.499623 0.303518 0.004423
v -0.500228 0.306583 0.003269
v -0.499557 0.305395 0.006715
v -0.498923 0.306421 0.007106
v -0.499155 0.308320 0.003933
v -0.496729 0.308200 0.006211
v 0.480591 -0.300632 0.006870
v 0.481061 -0.300183 0.003469
v 0.478622 -0.301849 0.004892
v 0.481389 -0.299341 0.007363
v 0.482312 -0.298160 0.004242
v 0.482001 -0.296383 0.006979
v 0.482936 -0.294869 0.006401
v 0.483683 -0.295941 0.003394
v 0.485142 -0.293269 0.005044
v 0.485635 -0.292471 0.003753
v 0.484456 -0.294690 0.001371
v 0.485023 -0.291491 0.000936
v 0.485023 -0.291491 -0.000936
v 0.484455 -0.294690 -0.001371
v 0.485635 -0.292471 -0.003753
v 0.485142 -0.293269 -0.005044
v 0.483683 -0.295941 -0.003394
v 0.482936 -0.294869 -0.006401
v 0.482001 -0.296383 -0.006979
v 0.482312 -0.298160 -0.004242
v 0.481389 -0.299341 -0.007363
v 0.480591 -0.300632 -0.006870
v 0.481061 -0.300183 -0.003469
v 0.478622 -0.301849 -0.004892
v 0.478044 -0.302785 -0.003378
v 0.480213 -0.301554 -0.001250
v 0.478272 -0.304385 -0.000798
v 0.478272 -0.304385 0.000798
v 0.480213 -0.301554 0.001250
v 0.478044 -0.302785 0.003378
v 0.495165 -0.312501 0.004783
v 0.497798 -0.310515 0.003094
v 0.495784 -0.309729 0.005627
v 0.494773 -0.313135 0.003758
v 0.497135 -0.311589 0.001357
v 0.493996 -0.312623 0.000945
v 0.493996 -0.312623 -0.000945
v 0.497135 -0.311589 -0.001357
v 0.494773 -0.313135 -0.003758
v 0.495165 -0.312501 -0.004783
v 0.497798 -0.310515 -0.003094
v 0.495784 -0.309729 -0.005627
v 0.496729 -0.308200 -0.006211
v 0.499155 -0.308320 -0.003933
v 0.498923 -0.306421 -0.007106
v 0.499557 -0.305395 -0.006715
v 0.500228 -0.306583 -0.003269
v 0.499623 -0.303518 -0.004423
v 0.500207 -0.302573 -0.002894
v 0.501067 -0.305225 -0.001074
v 0.501880 -0.301637 -0.000634
v 0.501880 -0.301637 0.000634
v 0.501067 -0.305225 0.001074
v 0.500207 -0.302573 0.002894
v 0.499623 -0.303518 0.004423
v 0.500228 -0.306583 0.003269
v 0.499557 -0.305395 0.006715
v 0.498923 -0.306421 0.007106
v 0.499155 -0.308320 0.003933
v 0.496729 -0.308200 0.006211
v -0.481389 -0.299341 0.007363
v -0.482312 -0.298160 0.004242
v -0.482001 -0.296383 0.006979
v -0.480591 -0.300632 0.006870
v -0.481061 -0.300183 0.003469
v -0.478622 -0.301849 0.004892
v -0.478044 -0.302785 0.003378
v -0.480213 -0.301554 0.001250
v -0.478272 -0.304385 0.000798
v -0.478272 -0.304385 -0.000798
v -0.480213 -0.301554 -0.001250
v -0.478044 -0.302785 -0.003378
v -0.478622 -0.301849 -0.004892
v -0.481061 -0.300183 -0.003469
v -0.480591 -0.300632 -0.006870
v -0.481389 -0.299341 -0.007363
v -0.482312 -0.298160 -0.004242
v -0.482001 -0.296383 -0.006979
v -0.482936 -0.294869 -0.006401
v -0.483683 -0.295941 -0.003394
v -0.485142 -0.293269 -0.005044
v -0.485635 -0.292471 -0.003753
v -0.484456 -0.294690 -0.001371
v -0.485023 -0.291491 -0.000936
v -0.485023 -0.291491 0.000936
v -0.484455 -0.294690 0.001371
v -0.485635 -0.292471 0.003753
v -0.485142 -0.293269 0.005044
v -0.483683 -0.295941 0.003394
v -0.482936 -0.294869 0.006401
v -0.498923 -0.306421 0.007106
v -0.499155 -0.308320 0.003933
v -0.496729 -0.308200 0.006211
v -0.499557 -0.305395 0.006715
v -0.500228 -0.306583 0.003269
v -0.499623 -0.303518 0.004423
v -0.500207 -0.302573 0.002894
v -0.501067 -0.305225 0.001074
v -0.501880 -0.301637 0.000634
v -0.501880 -0.301637 -0.000634
v -0.501067 -0.305225 -0.001074
v -0.500207 -0.302573 -0.002894
v -0.499623 -0.303518 -0.004423
v -0.500228 -0.306583 -0.003269
v -0.499557 -0.305395 -0.006715
v -0.498923 -0.306421 -0.007106
v -0.499155 -0.308320 -0.003933
v -0.496729 -0.308200 -0.006211
v -0.495784 -0.309729 -0.005627
v -0.497798 -0.310515 -0.003094
v -0.495165 -0.312501 -0.004783
v -0.494773 -0.313135 -0.003758
v -0.497135 -0.311589 -0.001357
v -0.493996 -0.312623 -0.000945
v -0.493996 -0.312623 0.000945
v -0.497135 -0.311589 0.001357
v -0.494773 -0.313135 0.003758
v -0.495165 -0.312501 0.004783
v -0.497798 -0.310515 0.003094
v -0.495784 -0.309729 0.005627
v 0.301408 0.006354 0.479358
v 0.301849 0.004892 0.478622
v 0.300183 0.003469 0.481061
v 0.300632 0.006870 0.480591
v 0.302785 0.003378 0.478044
v 0.301554 0.001250 0.480214
v 0.304385 0.000798 0.478272
v 0.304385 -0.000798 0.478272
v 0.301554 -0.001250 0.480213
v 0.302785 -0.003378 0.478044
v 0.301849 -0.004892 0.478622
v 0.300183 -0.003469 0.481061
v 0.300632 -0.006870 0.480591
v 0.299341 -0.007363 0.481389
v 0.298160 -0.004242 0.482312
v 0.296383 -0.006979 0.482001
v 0.294869 -0.006401 0.482936
v 0.295941 -0.003394 0.483683
v 0.293269 -0.005044 0.485142
v 0.292471 -0.003753 0.485635
v 0.294690 -0.001371 0.484456
v 0.291491 -0.000936 0.485023
v 0.291491 0.000936 0.485023
v 0.294690 0.001371 0.484455
v 0.292471 0.003753 0.485635
v 0.293269 0.005044 0.485142
v 0.295941 0.003394 0.483683
v 0.294869 0.006401 0.482936
v 0.296383 0.006979 0.482001
v 0.298160 0.004242 0.482312
v 0.299341 0.007363 0.481389
v 0.309729 0.005627 0.495784
v 0.310515 0.003094 0.497798
v 0.312501 0.004783 0.495165
v 0.308200 0.006211 0.496729
v 0.308320 0.003933 0.499155
v 0.306421 0.007106 0.498923
v 0.305395 0.006715 0.499557
v 0.306583 0.003269 0.500228
v 0.303518 0.004423 0.499624
v 0.302573 0.002894 0.500207
v 0.305225 0.001074 0.501067
v 0.301637 0.000634 0.501880
v 0.301637 -0.000634 0.501880
v 0.305225 -0.001074 0.501067
v 0.302573 -0.002894 0.500207
v 0.303518 -0.004423 0.499623
v 0.306583 -0.003269 0.500228
v 0.305395 -0.006715 0.499557
v 0.306421 -0.007106 0.498923
v 0.308320 -0.003933 0.499155
v 0.308200 -0.006211 0.496729
v 0.309729 -0.005627 0.495784
v 0.310515 -0.003094 0.497798
v 0.312501 -0.004783 0.495165
v 0.313135 -0.003758 0.494773
v 0.311589 -0.001357 0.497135
v 0.312623 -0.000945 0.493996
v 0.312623 0.000945 0.493996
v 0.311589 0.001357 0.497135
v 0.313135 0.003758 0.494773
v 0.296383 0.006979 -0.482001
v 0.298160 0.004242 -0.482312
v 0.299341 0.007363 -0.481389
v 0.294869 0.006401 -0.482936
v 0.295941 0.003394 -0.483683
v 0.293269 0.005044 -0.485142
v 0.292471 0.003753 -0.485635
v 0.294690 0.001371 -0.484456
v 0.291491 0.000936 -0.485023
v 0.291491 -0.000936 -0.485023
v 0.294690 -0.001371 -0.484455
v 0.292471 -0.003753 -0.485635
v 0.293269 -0.005044 -0.485142
v 0.295941 -0.003394 -0.483683
v 0.294869 -0.006401 -0.482936
v 0.296383 -0.006979 -0.482001
v 0.298160 -0.004242 -0.482312
v 0.299341 -0.007363 -0.481389
v 0.300632 -0.006870 -0.480591
v 0.300183 -0.003469 -0.481061
v 0.301849 -0.004892 -0.478622
v 0.302785 -0.003378 -0.478044
v 0.301554 -0.001250 -0.480213
v 0.304385 -0.000798 -0.478272
v 0.304385 0.000798 -0.478272
v 0.301554 0.001250 -0.480213
v 0.302785 0.003378 -0.478044
v 0.301849 0.004892 -0.478622
v 0.300183 0.003469 -0.481061
v 0.300632 0.006870 -0.480591
v 0.308200 0.006211 -0.496729
v 0.308320 0.003933 -0.499155
v 0.306421 0.007106 -0.498923
v 0.309729 0.005627 -0.495784
v 0.310515 0.003094 -0.497798
v 0.312501 0.004783 -0.495165
v 0.313135 0.003758 -0.494773
v 0.311589 0.001357 -0.497135
v 0.312623 0.000945 -0.493996
v 0.312623 -0.000945 -0.493996
v 0.311589 -0.001357 -0.497135
v 0.313135 -0.003758 -0.494773
v 0.312501 -0.004783 -0.495165
v 0.310515 -0.003094 -0.497798
v 0.309729 -0.005627 -0.495784
v 0.308200 -0.006211 -0.496729
v 0.308320 -0.003933 -0.499155
v 0.306421 -0.007106 -0.498923
v 0.305395 -0.006715 -0.499557
v 0.306583 -0.003269 -0.500228
v 0.303518 -0.004423 -0.499624
v 0.302573 -0.002894 -0.500207
v 0.305225 -0.001074 -0.501067
v 0.301637 -0.000634 -0.501880
v 0.301637 0.000634 -0.501880
v 0.305225 0.001074 -0.501067
v 0.302573 0.002894 -0.500207
v 0.303518 0.004423 -0.499623
v 0.306583 0.003269 -0.500228
v 0.305395 0.006715 -0.499557
v -0.296383 0.006979 0.482001
v -0.298160 0.004242 0.482312
v -0.299341 0.007363 0.481389
v -0.294869 0.006401 0.482936
v -0.295941 0.003394 0.483683
v -0.293269 0.005044 0.485142
v -0.292471 0.003753 0.485635
v -0.294690 0.001371 0.484456
v -0.291491 0.000936 0.485023
v -0.291491 -0.000936 0.485023
v -0.294690 -0.001371 0.484455
v -0.292471 -0.003753 0.485635
v -0.293269 -0.005044 0.485142
v -0.295941 -0.003394 0.483683
v -0.294869 -0.006401 0.482936
v -0.296383 -0.006979 0.482001
v -0.298160 -0.004242 0.482312
v -0.299341 -0.007363 0.481389
v -0.300632 -0.006870 0.480591
v -0.300183 -0.003469 0.481061
v -0.301849 -0.004892 0.478622
v -0.302785 -0.003378 0.478044
v -0.301554 -0.001250 0.480213
v -0.304385 -0.000798 0.478272
v -0.304385 0.000798 0.478272
v -0.301554 0.001250 0.480213
v -0.302785 0.003378 0.478044
v -0.301849 0.004892 0.478622
v -0.300183 0.003469 0.481061
v -0.300632 0.006870 0.480591
v -0.308200 0.006211 0.496729
v -0.308320 0.003933 0.499155
v -0.306421 0.007106 0.498923
v -0.309729 0.005627 0.495784
v -0.310515 0.003094 0.497798
v -0.312501 0.004783 0.495165
v -0.313135 0.003758 0.494773
v -0.311589 0.001357 0.497135
v -0.312623 0.000945 0.493996
v -0.312623 -0.000945 0.493996
v -0.311589 -0.001357 0.497135
v -0.313135 -0.003758 0.494773
v -0.312501 -0.004783 0.495165
v -0.310515 -0.003094 0.497798
v -0.309729 -0.005627 0.495784
v -0.308200 -0.006211 0.496729
v -0.308320 -0.003933 0.499155
v -0.306421 -0.007106 0.498923
v -0.305395 -0.006715 0.499557
v -0.306583 -0.003269 0.500228
v -0.303518 -0.004423 0.499624
v -0.302573 -0.002894 0.500207
v -0.305225 -0.001074 0.501067
v -0.301637 -0.000634 0.501880
v -0.301637 0.000634 0.501880
v -0.305225 0.001074 0.501067
v -0.302573 0.002894 0.500207
v -0.303518 0.004423 0.499623
v -0.306583 0.003269 0.500228
v -0.305395 0.006715 0.499557
v -0.301849 0.004892 -0.478622
v -0.300183 0.003469 -0.481061
v -0.300632 0.006870 -0.480591
v -0.302785 0.003378 -0.478044
v -0.301554 0.001250 -0.480214
v -0.304385 0.000798 -0.478272
v -0.304385 -0.000798 -0.478272
v -0.301554 -0.001250 -0.480213
v -0.302785 -0.003378 -0.478044
v -0.301849 -0.004892 -0.478622
v -0.300183 -0.003469 -0.481061
v -0.300632 -0.006870 -0.480591
v -0.299341 -0.007363 -0.481389
v -0.298160 -0.004242 -0.482312
v -0.296383 -0.006979 -0.482001
v -0.294869 -0.006401 -0.482936
v -0.295941 -0.003394 -0.483683
v -0.293269 -0.005044 -0.485142
v -0.292471 -0.003753 -0.485635
v -0.294690 -0.001371 -0.484456
v -0.291491 -0.000936 -0.485023
v -0.291491 0.000936 -0.485023
v -0.294690 0.001371 -0.484455
v -0.292471 0.003753 -0.485635
v -0.293269 0.005044 -0.485142
v -0.295941 0.003394 -0.483683
v -0.294869 0.006401 -0.482936
v -0.296383 0.006979 -0.482001
v -0.298160 0.004242 -0.482312
v -0.299341 0.007363 -0.481389
v -0.309729 0.005627 -0.495784
v -0.310515 0.003094 -0.497798
v -0.312501 0.004783 -0.495165
v -0.308200 0.006211 -0.496729
v -0.308320 0.003933 -0.499155
v -0.306421 0.007106 -0.498923
v -0.305395 0.006715 -0.499557
v -0.306583 0.003269 -0.500228
v -0.303518 0.004423 -0.499624
v -0.302573 0.002894 -0.500207
v -0.305225 0.001074 -0.501067
v -0.301637 0.000634 -0.501880
v -0.301637 -0.000634 -0.501880
v -0.305225 -0.001074 -0.501067
v -0.302573 -0.002894 -0.500207
v -0.303518 -0.004423 -0.499623
v -0.306583 -0.003269 -0.500228
v -0.305395 -0.006715 -0.499557
v -0.306421 -0.007106 -0.498923
v -0.308320 -0.003933 -0.499155
v -0.308200 -0.006211 -0.496729
v -0.309729 -0.005627 -0.495784
v -0.310515 -0.003094 -0.497798
v -0.312501 -0.004783 -0.495165
v -0.313135 -0.003758 -0.494773
v -0.311589 -0.001357 -0.497135
v -0.312623 -0.000945 -0.493996
v -0.312623 0.000945 -0.493996
v -0.311589 0.001357 -0.497135
v -0.313135 0.003758 -0.494773
v 0.004892 0.478622 0.301849
v 0.003469 0.481061 0.300183
v 0.006870 0.480591 0.300632
v 0.003378 0.478044 0.302785
v 0.001250 0.480213 0.301554
v 0.000798 0.478272 0.304385
v -0.000798 0.478272 0.304385
v -0.001250 0.480214 0.301554
v -0.003378 0.478044 0.302785
v -0.004892 0.478622 0.301849
v -0.003469 0.481061 0.300183
v -0.006870 0.480591 0.300632
v -0.007363 0.481389 0.299341
v -0.004242 0.482312 0.298160
v -0.006979 0.482001 0.296383
v -0.006401 0.482936 0.294869
v -0.003394 0.483683 0.295941
v -0.005044 0.485142 0.293269
v -0.003753 0.485635 0.292471
v -0.001371 0.484455 0.294690
v -0.000936 0.485023 0.291491
v 0.000936 0.485023 0.291491
v 0.001371 0.484455 0.294690
v 0.003753 0.485635 0.292471
v 0.005044 0.485142 0.293269
v 0.003394 0.483683 0.295941
v 0.006401 0.482936 0.294869
v 0.006979 0.482001 0.296383
v 0.004242 0.482312 0.298160
v 0.007363 0.481389 0.299341
v 0.005627 0.495784 0.309729
v 0.003094 0.497798 0.310515
v 0.004783 0.495165 0.312501
v 0.006211 0.496729 0.308200
v 0.003933 0.499155 0.308320
v 0.007106 0.498923 0.306421
v 0.006715 0.499557 0.305395
v 0.003269 0.500228 0.306583
v 0.004423 0.499624 0.303518
v 0.002894 0.500207 0.302573
v 0.001074 0.501067 0.305225
v 0.000634 0.501880 0.301637
v -0.000634 0.501880 0.301637
v -0.001074 0.501067 0.305225
v -0.002894 0.500207 0.302573
v -0.004423 0.499623 0.303518
v -0.003269 0.500228 0.306583
v -0.006715 0.499557 0.305395
v -0.007106 0.498923 0.306421
v -0.003933 0.499155 0.308320
v -0.006211 0.496729 0.308200
v -0.005627 0.495784 0.309729
v -0.003094 0.497798 0.310515
v -0.004783 0.495165 0.312501
v -0.003758 0.494773 0.313135
v -0.001357 0.497135 0.311589
v -0.000945 0.493996 0.312623
v 0.000945 0.493996 0.312623
v 0.001357 0.497135 0.311589
v 0.003758 0.494773 0.313135
v 0.006979 -0.482001 0.296383
v 0.004242 -0.482312 0.298160
v 0.007363 -0.481389 0.299341
v 0.006401 -0.482936 0.294869
v 0.003394 -0.483683 0.295941
v 0.005044 -0.485142 0.293269
v 0.003753 -0.485635 0.292471
v 0.001371 -0.484455 0.294690
v 0.000936 -0.485023 0.291491
v -0.000936 -0.485023 0.291491
v -0.001371 -0.484455 0.294690
v -0.003753 -0.485635 0.292471
v -0.005044 -0.485142 0.293269
v -0.003394 -0.483683 0.295941
v -0.006401 -0.482936 0.294869
v -0.006979 -0.482001 0.296383
v -0.004242 -0.482312 0.298160
v -0.007363 -0.481389 0.299341
v -0.006870 -0.480591 0.300632
v -0.003469 -0.481061 0.300183
v -0.004892 -0.478622 0.301849
v -0.003378 -0.478044 0.302785
v -0.001250 -0.480213 0.301554
v -0.000798 -0.478272 0.304385
v 0.000798 -0.478272 0.304385
v 0.001250 -0.480214 0.301554
v 0.003378 -0.478044 0.302785
v 0.004892 -0.478622 0.301849
v 0.003469 -0.481061 0.300183
v 0.006870 -0.480591 0.300632
v 0.006211 -0.496729 0.308200
v 0.003933 -0.499155 0.308320
v 0.007106 -0.498923 0.306421
v 0.005627 -0.495784 0.309729
v 0.003094 -0.497798 0.310515
v 0.004783 -0.495165 0.312501
v 0.003758 -0.494773 0.313135
v 0.001357 -0.497135 0.311589
v 0.000945 -0.493996 0.312623
v -0.000945 -0.493996 0.312623
v -0.001357 -0.497135 0.311589
v -0.003758 -0.494773 0.313135
v -0.004783 -0.495165 0.312501
v -0.003094 -0.497798 0.310515
v -0.005627 -0.495784 0.309729
v -0.006211 -0.496729 0.308200
v -0.003933 -0.499155 0.308320
v -0.007106 -0.498923 0.306421
v -0.006715 -0.499557 0.305395
v -0.003269 -0.500228 0.306583
v -0.004423 -0.499624 0.303518
v -0.002894 -0.500207 0.302573
v -0.001074 -0.501067 0.305225
v -0.000634 -0.501880 0.301637
v 0.000634 -0.501880 0.301637
v 0.001074 -0.501067 0.305225
v 0.002894 -0.500207 0.302573
v 0.004423 -0.499623 0.303518
v 0.003269 -0.500228 0.306583
v 0.006715 -0.499557 0.305395
v 0.006979 0.482001 -0.296383
v 0.004242 0.482312 -0.298160
v 0.007363 0.481389 -0.299341
v 0.006401 0.482936 -0.294869
v 0.003394 0.483683 -0.295941
v 0.005044 0.485142 -0.293269
v 0.003753 0.485635 -0.292471
v 0.001371 0.484455 -0.294690
v 0.000936 0.485023 -0.291491
v -0.000936 0.485023 -0.291491
v -0.001371 0.484455 -0.294690
v -0.003753 0.485635 -0.292471
v -0.005044 0.485142 -0.293269
v -0.003394 0.483683 -0.295941
v -0.006401 0.482936 -0.294869
v -0.006979 0.482001 -0.296383
v -0.004242 0.482312 -0.298160
v -0.007363 0.481389 -0.299341
v -0.006870 0.480591 -0.300632
v -0.003469 0.481061 -0.300183
v -0.004892 0.478622 -0.301849
v -0.003378 0.478044 -0.302785
v -0.001250 0.480213 -0.301554
v -0.000798 0.478272 -0.304385
v 0.000798 0.478272 -0.304385
v 0.001250 0.480214 -0.301554
v 0.003378 0.478044 -0.302785
v 0.004892 0.478622 -0.301849
v 0.003469 0.481061 -0.300183
v 0.006870 0.480591 -0.300632
v 0.006211 0.496729 -0.308200
v 0.003933 0.499155 -0.308320
v 0.007106 0.498923 -0.306421
v 0.005627 0.495784 -0.309729
v 0.003094 0.497798 -0.310515
v 0.004783 0.495165 -0.312501
v 0.003758 0.494773 -0.313135
v 0.001357 0.497135 -0.311589
v 0.000945 0.493996 -0.312623
v -0.000945 0.493996 -0.312623
v -0.001357 0.497135 -0.311589
v -0.003758 0.494773 -0.313135
v -0.004783 0.495165 -0.312501
v -0.003094 0.497798 -0.310515
v -0.005627 0.495784 -0.309729
v -0.006211 0.496729 -0.308200
v -0.003933 0.499155 -0.308320
v -0.007106 0.498923 -0.306421
v -0.006715 0.499557 -0.305395
v -0.003269 0.500228 -0.306583
v -0.004423 0.499624 -0.303518
v -0.002894 0.500207 -0.302573
v -0.001074 0.501067 -0.305225
v -0.000634 0.501880 -0.301637
v 0.000634 0.501880 -0.301637
v 0.001074 0.501067 -0.305225
v 0.002894 0.500207 -0.302573
v 0.004423 0.499623 -0.303518
v 0.003269 0.500228 -0.306583
v 0.006715 0.499557 -0.305395
v 0.004892 -0.478622 -0.301849
v 0.003469 -0.481061 -0.300183
v 0.006870 -0.480591 -0.300632
v 0.003378 -0.478044 -0.302785
v 0.001250 -0.480213 -0.301554
v 0.000798 -0.478272 -0.304385
v -0.000798 -0.478272 -0.304385
v -0.001250 -0.480214 -0.301554
v -0.003378 -0.478044 -0.302785
v -0.004892 -0.478622 -0.301849
v -0.003469 -0.481061 -0.300183
v -0.006870 -0.480591 -0.300632
v -0.007363 -0.481389 -0.299341
v -0.004242 -0.482312 -0.298160
v -0.006979 -0.482001 -0.296383
v -0.006401 -0.482936 -0.294869
v -0.003394 -0.483683 -0.295941
v -0.005044 -0.485142 -0.293269
v -0.003753 -0.485635 -0.292471
v -0.001371 -0.484455 -0.294690
v -0.000936 -0.485023 -0.291491
v 0.000936 -0.485023 -0.291491
v 0.001371 -0.484455 -0.294690
v 0.003753 -0.485635 -0.292471
v 0.005044 -0.485142 -0.293269
v 0.003394 -0.483683 -0.295941
v 0.006401 -0.482936 -0.294869
v 0.006979 -0.482001 -0.296383
v 0.004242 -0.482312 -0.298160
v 0.007363 -0.481389 -0.299341
v 0.005627 -0.495784 -0.309729
v 0.003094 -0.497798 -0.310515
v 0.004783 -0.495165 -0.312501
v 0.006211 -0.496729 -0.308200
v 0.003933 -0.499155 -0.308320
v 0.007106 -0.498923 -0.306421
v 0.006715 -0.499557 -0.305395
v 0.003269 -0.500228 -0.306583
v 0.004423 -0.499624 -0.303518
v 0.002894 -0.500207 -0.302573
v 0.001074 -0.501067 -0.305225
v 0.000634 -0.501880 -0.301637
v -0.000634 -0.501880 -0.301637
v -0.001074 -0.501067 -0.305225
v -0.002894 -0.500207 -0.302573
v -0.004423 -0.499623 -0.303518
v -0.003269 -0.500228 -0.306583
v -0.006715 -0.499557 -0.305395
v -0.007106 -0.498923 -0.306421
v -0.003933 -0.499155 -0.308320
v -0.006211 -0.496729 -0.308200
v -0.005627 -0.495784 -0.309729
v -0.003094 -0.497798 -0.310515
v -0.004783 -0.495165 -0.312501
v -0.003758 -0.494773 -0.313135
v -0.001357 -0.497135 -0.311589
v -0.000945 -0.493996 -0.312623
v 0.000945 -0.493996 -0.312623
v 0.001357 -0.497135 -0.311589
v 0.003758 -0.494773 -0.313135
v 0.478995 0.299623 0.016520
v 0.479333 0.300775 0.017282
v 0.479113 0.301833 0.016850
v 0.478824 0.301119 0.016168
v 0.480273 0.301445 0.017965
v 0.479724 0.302333 0.017323
v 0.480631 0.302591 0.017573
v 0.479686 0.304120 0.016989
v 0.479101 0.303341 0.016939
v 0.478459 0.304380 0.016843
v 0.477659 0.303485 0.016246
v 0.478538 0.302764 0.016495
v 0.478026 0.302410 0.015676
v 0.017573 0.480631 0.302591
v 0.017323 0.479724 0.302333
v 0.017965 0.480273 0.301445
v 0.016989 0.479686 0.304120
v 0.016939 0.479101 0.303340
v 0.016843 0.478459 0.304380
v 0.016246 0.477659 0.303485
v 0.016495 0.478538 0.302764
v 0.015676 0.478026 0.302410
v 0.016168 0.478824 0.301119
v 0.016850 0.479113 0.301833
v 0.017282 0.479333 0.300775
v 0.302591 0.017573 0.480631
v 0.302333 0.017323 0.479724
v 0.301445 0.017965 0.480273
v 0.304120 0.016989 0.479686
v 0.303341 0.016939 0.479101
v 0.304380 0.016843 0.478459
v 0.303485 0.016246 0.477659
v 0.302764 0.016495 0.478538
v 0.303187 0.015160 0.476793
v 0.302410 0.015676 0.478026
v 0.301119 0.016168 0.478824
v 0.301833 0.016850 0.479113
v 0.300775 0.017282 0.479333
v 0.477659 0.303485 -0.016246
v 0.478538 0.302764 -0.016495
v 0.478026 0.302410 -0.015676
v 0.478459 0.304380 -0.016843
v 0.479101 0.303341 -0.016939
v 0.479686 0.304120 -0.016989
v 0.480631 0.302591 -0.017573
v 0.479724 0.302333 -0.017323
v 0.480273 0.301445 -0.017965
v 0.479333 0.300775 -0.017282
v 0.479113 0.301833 -0.016850
v 0.478824 0.301119 -0.016168
v 0.304120 0.016989 -0.479686
v 0.303341 0.016939 -0.479101
v 0.304380 0.016843 -0.478459
v 0.302591 0.017573 -0.480631
v 0.302333 0.017323 -0.479724
v 0.301445 0.017965 -0.480273
v 0.300775 0.017282 -0.479333
v 0.301833 0.016850 -0.479113
v 0.301119 0.016168 -0.478824
v 0.302410 0.015676 -0.478026
v 0.302764 0.016495 -0.478538
v 0.303485 0.016246 -0.477659
v 0.016989 0.479686 -0.304120
v 0.016939 0.479101 -0.303341
v 0.016843 0.478459 -0.304380
v 0.017573 0.480631 -0.302591
v 0.017323 0.479724 -0.302333
v 0.017965 0.480273 -0.301445
v 0.017282 0.479333 -0.300775
v 0.016850 0.479113 -0.301833
v 0.016168 0.478824 -0.301119
v 0.015676 0.478026 -0.302410
v 0.016495 0.478538 -0.302764
v 0.016246 0.477659 -0.303485
v 0.477659 -0.303485 0.016246
v 0.478538 -0.302764 0.016495
v 0.478026 -0.302410 0.015676
v 0.478459 -0.304380 0.016843
v 0.479101 -0.303341 0.016939
v 0.479686 -0.304120 0.016989
v 0.480631 -0.302591 0.017573
v 0.479724 -0.302333 0.017323
v 0.480273 -0.301445 0.017965
v 0.479333 -0.300775 0.017282
v 0.479113 -0.301833 0.016850
v 0.478824 -0.301119 0.016168
v 0.304120 -0.016989 0.479686
v 0.303341 -0.016939 0.479101
v 0.304380 -0.016843 0.478459
v 0.302591 -0.017573 0.480631
v 0.302333 -0.017323 0.479724
v 0.301445 -0.017965 0.480273
v 0.300775 -0.017282 0.479333
v 0.301833 -0.016850 0.479113
v 0.301119 -0.016168 0.478824
v 0.302410 -0.015676 0.478026
v 0.302764 -0.016495 0.478538
v 0.303485 -0.016246 0.477659
v 0.016989 -0.479686 0.304120
v 0.016939 -0.479101 0.303341
v 0.016843 -0.478459 0.304380
v 0.017573 -0.480631 0.302591
v 0.017323 -0.479724 0.302333
v 0.017965 -0.480273 0.301445
v 0.017282 -0.479333 0.300775
v 0.016850 -0.479113 0.301833
v 0.016168 -0.478824 0.301119
v 0.015676 -0.478026 0.302410
v 0.016495 -0.478538 0.302764
v 0.016246 -0.477659 0.303485
v 0.479333 -0.300775 -0.017282
v 0.479113 -0.301833 -0.016850
v 0.478824 -0.301119 -0.016168
v 0.480273 -0.301445 -0.017965
v 0.479724 -0.302333 -0.017323
v 0.480631 -0.302591 -0.017573
v 0.479686 -0.304120 -0.016989
v 0.479101 -0.303341 -0.016939
v 0.478459 -0.304380 -0.016843
v 0.477659 -0.303485 -0.016246
v 0.478538 -0.302764 -0.016495
v 0.478026 -0.302410 -0.015676
v 0.017573 -0.480631 -0.302591
v 0.017323 -0.479724 -0.302333
v 0.017965 -0.480273 -0.301445
v 0.016989 -0.479686 -0.304120
v 0.016939 -0.479101 -0.303340
v 0.016843 -0.478459 -0.304380
v 0.016246 -0.477659 -0.303485
v 0.016495 -0.478538 -0.302764
v 0.015676 -0.478026 -0.302410
v 0.016168 -0.478824 -0.301119
v 0.016850 -0.479113 -0.301833
v 0.017282 -0.479333 -0.300775
v 0.302591 -0.017573 -0.480631
v 0.302333 -0.017323 -0.479724
v 0.301445 -0.017965 -0.480273
v 0.304120 -0.016989 -0.479686
v 0.303341 -0.016939 -0.479101
v 0.304380 -0.016843 -0.478459
v 0.303485 -0.016246 -0.477659
v 0.302764 -0.016495 -0.478538
v 0.302410 -0.015676 -0.478026
v 0.301119 -0.016168 -0.478824
v 0.301833 -0.016850 -0.479113
v 0.300775 -0.017282 -0.479333
v -0.477659 0.303485 0.016246
v -0.478538 0.302764 0.016495
v -0.478026 0.302410 0.015676
v -0.478459 0.304380 0.016843
v -0.479101 0.303341 0.016939
v -0.479686 0.304120 0.016989
v -0.480631 0.302591 0.017573
v -0.479724 0.302333 0.017323
v -0.480273 0.301445 0.017965
v -0.479333 0.300775 0.017282
v -0.479113 0.301833 0.016850
v -0.478824 0.301119 0.016168
v -0.304120 0.016989 0.479686
v -0.303341 0.016939 0.479101
v -0.304380 0.016843 0.478459
v -0.302591 0.017573 0.480631
v -0.302333 0.017323 0.479724
v -0.301445 0.017965 0.480273
v -0.300775 0.017282 0.479333
v -0.301833 0.016850 0.479113
v -0.301119 0.016168 0.478824
v -0.302410 0.015676 0.478026
v -0.302764 0.016495 0.478538
v -0.303485 0.016246 0.477659
v -0.016989 0.479686 0.304120
v -0.016939 0.479101 0.303341
v -0.016843 0.478459 0.304380
v -0.017573 0.480631 0.302591
v -0.017323 0.479724 0.302333
v -0.017965 0.480273 0.301445
v -0.017282 0.479333 0.300775
v -0.016850 0.479113 0.301833
v -0.016168 0.478824 0.301119
v -0.015676 0.478026 0.302410
v -0.016495 0.478538 0.302764
v -0.016246 0.477659 0.303485
v -0.479333 0.300775 -0.017282
v -0.479113 0.301833 -0.016850
v -0.478824 0.301119 -0.016168
v -0.480273 0.301445 -0.017965
v -0.479724 0.302333 -0.017323
v -0.480631 0.302591 -0.017573
v -0.479686 0.304120 -0.016989
v -0.479101 0.303341 -0.016939
v -0.478459 0.304380 -0.016843
v -0.477659 0.303485 -0.016246
v -0.478538 0.302764 -0.016495
v -0.478026 0.302410 -0.015676
v -0.017573 0.480631 -0.302591
v -0.017323 0.479724 -0.302333
v -0.017965 0.480273 -0.301445
v -0.016989 0.479686 -0.304120
v -0.016939 0.479101 -0.303340
v -0.016843 0.478459 -0.304380
v -0.016246 0.477659 -0.303485
v -0.016495 0.478538 -0.302764
v -0.015676 0.478026 -0.302410
v -0.016168 0.478824 -0.301119
v -0.016850 0.479113 -0.301833
v -0.017282 0.479333 -0.300775
v -0.302591 0.017573 -0.480631
v -0.302333 0.017323 -0.479724
v -0.301445 0.017965 -0.480273
v -0.304120 0.016989 -0.479686
v -0.303341 0.016939 -0.479101
v -0.304380 0.016843 -0.478459
v -0.303485 0.016246 -0.477659
v -0.302764 0.016495 -0.478538
v -0.302410 0.015676 -0.478026
v -0.301119 0.016168 -0.478824
v -0.301833 0.016850 -0.479113
v -0.300775 0.017282 -0.479333
v -0.479333 -0.300775 0.017282
v -0.479113 -0.301833 0.016850
v -0.478824 -0.301119 0.016168
v -0.480273 -0.301445 0.017965
v -0.479724 -0.302333 0.017323
v -0.480631 -0.302591 0.017573
v -0.479686 -0.304120 0.016989
v -0.479101 -0.303341 0.016939
v -0.478459 -0.304380 0.016843
v -0.477659 -0.303485 0.016246
v -0.478538 -0.302764 0.016495
v -0.478026 -0.302410 0.015676
v -0.017573 -0.480631 0.302591
v -0.017323 -0.479724 0.302333
v -0.017965 -0.480273 0.301445
v -0.016989 -0.479686 0.304120
v -0.016939 -0.479101 0.303340
v -0.016843 -0.478459 0.304380
v -0.016246 -0.477659 0.303485
v -0.016495 -0.478538 0.302764
v -0.015676 -0.478026 0.302410
v -0.016168 -0.478824 0.301119
v -0.016850 -0.479113 0.301833
v -0.017282 -0.479333 0.300775
v -0.302591 -0.017573 0.480631
v -0.302333 -0.017323 0.479724
v -0.301445 -0.017965 0.480273
v -0.304120 -0.016989 0.479686
v -0.303341 -0.016939 0.479101
v -0.304380 -0.016843 0.478459
v -0.303485 -0.016246 0.477659
v -0.302764 -0.016495 0.478538
v -0.302410 -0.015676 0.478026
v -0.301119 -0.016168 0.478824
v -0.301833 -0.016850 0.479113
v -0.300775 -0.017282 0.479333
v -0.477659 -0.303485 -0.016246
v -0.478538 -0.302764 -0.016495
v -0.478026 -0.302410 -0.015676
v -0.478459 -0.304380 -0.016843
v -0.479101 -0.303341 -0.016939
v -0.479686 -0.304120 -0.016989
v -0.480631 -0.302591 -0.017573
v -0.479724 -0.302333 -0.017323
v -0.480273 -0.301445 -0.017965
v -0.479333 -0.300775 -0.017282
v -0.479113 -0.301833 -0.016850
v -0.478824 -0.301119 -0.016168
v -0.304120 -0.016989 -0.479686
v -0.303341 -0.016939 -0.479101
v -0.304380 -0.016843 -0.478459
v -0.302591 -0.017573 -0.480631
v -0.302333 -0.017323 -0.479724
v -0.301445 -0.017965 -0.480273
v -0.300775 -0.017282 -0.479333
v -0.301833 -0.016850 -0.479113
v -0.301119 -0.016168 -0.478824
v -0.302410 -0.015676 -0.478026
v -0.302764 -0.016495 -0.478538
v -0.303485 -0.016246 -0.477659
v -0.016989 -0.479686 -0.304120
v -0.016939 -0.479101 -0.303341
v -0.016843 -0.478459 -0.304380
v -0.017573 -0.480631 -0.302591
v -0.017323 -0.479724 -0.302333
v -0.017965 -0.480273 -0.301445
v -0.017282 -0.479333 -0.300775
v -0.016850 -0.479113 -0.301833
v -0.016168 -0.478824 -0.301119
v -0.015676 -0.478026 -0.302410
v -0.016495 -0.478538 -0.302764
v -0.016246 -0.477659 -0.303485
v 0.472093 0.312491 0.001675
v 0.472457 0.312602 0.000575
v 0.472344 0.311605 0.000798
v 0.472719 0.313669 0.001814
v 0.472869 0.313424 0.000623
v 0.473558 0.314036 0.000945
v 0.473558 0.314036 -0.000945
v 0.472869 0.313424 -0.000623
v 0.472719 0.313669 -0.001814
v 0.472093 0.312491 -0.001675
v 0.472457 0.312602 -0.000575
v 0.472344 0.311605 -0.000798
v 0.011445 0.490547 -0.286547
v 0.011091 0.489808 -0.286017
v 0.012224 0.489562 -0.286415
v 0.009916 0.491131 -0.285602
v 0.010084 0.490193 -0.285394
v 0.009289 0.490683 -0.284602
v 0.009006 0.489375 -0.284529
v 0.009839 0.489307 -0.285339
v 0.009195 0.488512 -0.285444
v 0.010486 0.488019 -0.286241
v 0.010770 0.488951 -0.285913
v 0.011716 0.488339 -0.286204
v 0.009916 0.491131 0.285602
v 0.010084 0.490192 0.285394
v 0.009289 0.490683 0.284602
v 0.011445 0.490547 0.286547
v 0.011091 0.489808 0.286017
v 0.012224 0.489562 0.286415
v 0.011716 0.488339 0.286204
v 0.010770 0.488951 0.285913
v 0.010486 0.488019 0.286241
v 0.009195 0.488512 0.285444
v 0.009839 0.489307 0.285339
v 0.009006 0.489375 0.284529
v -0.472093 0.312491 -0.001675
v -0.472457 0.312602 -0.000575
v -0.472344 0.311605 -0.000798
v -0.472719 0.313669 -0.001814
v -0.472869 0.313424 -0.000623
v -0.473558 0.314036 -0.000945
v -0.473558 0.314036 0.000945
v -0.472869 0.313424 0.000623
v -0.472719 0.313669 0.001814
v -0.472093 0.312491 0.001675
v -0.472457 0.312602 0.000575
v -0.472344 0.311605 0.000798
v -0.011445 0.490547 0.286547
v -0.011091 0.489808 0.286017
v -0.012224 0.489562 0.286415
v -0.009916 0.491131 0.285602
v -0.010084 0.490193 0.285394
v -0.009289 0.490683 0.284602
v -0.009006 0.489375 0.284529
v -0.009839 0.489307 0.285339
v -0.009195 0.488512 0.285444
v -0.010486 0.488019 0.286241
v -0.010770 0.488951 0.285913
v -0.011716 0.488339 0.286204
v -0.009916 0.491131 -0.285602
v -0.010084 0.490192 -0.285394
v -0.009289 0.490683 -0.284602
v -0.011445 0.490547 -0.286547
v -0.011091 0.489808 -0.286017
v -0.012224 0.489562 -0.286415
v -0.011716 0.488339 -0.286204
v -0.010770 0.488951 -0.285913
v -0.010486 0.488019 -0.286241
v -0.009195 0.488512 -0.285444
v -0.009839 0.489307 -0.285339
v -0.009006 0.489375 -0.284529
v 0.472093 -0.312491 -0.001675
v 0.472457 -0.312602 -0.000575
v 0.472344 -0.311605 -0.000798
v 0.472719 -0.313669 -0.001814
v 0.472869 -0.313424 -0.000623
v 0.473558 -0.314036 -0.000945
v 0.473558 -0.314036 0.000945
v 0.472869 -0.313424 0.000623
v 0.472719 -0.313669 0.001814
v 0.472093 -0.312491 0.001675
v 0.472457 -0.312602 0.000575
v 0.472344 -0.311605 0.000798
v 0.011445 -0.490547 0.286547
v 0.011091 -0.489808 0.286017
v 0.012224 -0.489562 0.286415
v 0.009916 -0.491131 0.285602
v 0.010084 -0.490193 0.285394
v 0.009289 -0.490683 0.284602
v 0.009006 -0.489375 0.284529
v 0.009839 -0.489307 0.285339
v 0.009195 -0.488512 0.285444
v 0.010486 -0.488019 0.286241
v 0.010770 -0.488951 0.285913
v 0.011716 -0.488339 0.286204
v 0.009916 -0.491131 -0.285602
v 0.010084 -0.490192 -0.285394
v 0.009289 -0.490683 -0.284602
v 0.011445 -0.490547 -0.286547
v 0.011091 -0.489808 -0.286017
v 0.012224 -0.489562 -0.286415
v 0.011716 -0.488339 -0.286204
v 0.010770 -0.488951 -0.285913
v 0.010486 -0.488019 -0.286241
v 0.009195 -0.488512 -0.285444
v 0.009839 -0.489307 -0.285339
v 0.009006 -0.489375 -0.284529
v -0.472093 -0.312491 0.001675
v -0.472457 -0.312602 0.000575
v -0.472344 -0.311605 0.000798
v -0.472719 -0.313669 0.001814
v -0.472869 -0.313424 0.000623
v -0.473558 -0.314036 0.000945
v -0.473558 -0.314036 -0.000945
v -0.472869 -0.313424 -0.000623
v -0.472719 -0.313669 -0.001814
v -0.472093 -0.312491 -0.001675
v -0.472457 -0.312602 -0.000575
v -0.472344 -0.311605 -0.000798
v -0.011445 -0.490547 -0.286547
v -0.011091 -0.489808 -0.286017
v -0.012224 -0.489562 -0.286415
v -0.009916 -0.491131 -0.285602
v -0.010084 -0.490193 -0.285394
v -0.009289 -0.490683 -0.284602
v -0.009006 -0.489375 -0.284529
v -0.009839 -0.489307 -0.285339
v -0.009195 -0.488512 -0.285444
v -0.010486 -0.488019 -0.286241
v -0.010770 -0.488951 -0.285913
v -0.011716 -0.488339 -0.286204
v -0.009916 -0.491131 0.285602
v -0.010084 -0.490192 0.285394
v -0.009289 -0.490683 0.284602
v -0.011445 -0.490547 0.286547
v -0.011091 -0.489808 0.286017
v -0.012224 -0.489562 0.286415
v -0.011716 -0.488339 0.286204
v -0.010770 -0.488951 0.285913
v -0.010486 -0.488019 0.286241
v -0.009195 -0.488512 0.285444
v -0.009839 -0.489307 0.285339
v -0.009006 -0.489375 0.284529
v 0.312491 0.001675 0.472093
v 0.312602 0.000575 0.472457
v 0.311605 0.000798 0.472344
v 0.313669 0.001814 0.472719
v 0.313424 0.000623 0.472869
v 0.314036 0.000945 0.473558
v 0.314036 -0.000945 0.473558
v 0.313424 -0.000623 0.472869
v 0.313669 -0.001814 0.472719
v 0.312491 -0.001675 0.472093
v 0.312602 -0.000575 0.472457
v 0.311605 -0.000798 0.472344
v 0.490547 -0.286547 0.011445
v 0.489808 -0.286017 0.011091
v 0.489562 -0.286415 0.012224
v 0.491131 -0.285602 0.009916
v 0.490193 -0.285394 0.010084
v 0.490683 -0.284602 0.009289
v 0.489375 -0.284529 0.009006
v 0.489307 -0.285339 0.009839
v 0.488512 -0.285444 0.009195
v 0.488019 -0.286241 0.010486
v 0.488951 -0.285913 0.010770
v 0.488339 -0.286204 0.011716
v 0.491131 0.285602 0.009916
v 0.490192 0.285394 0.010084
v 0.490683 0.284602 0.009289
v 0.490547 0.286547 0.011445
v 0.489808 0.286017 0.011091
v 0.489562 0.286415 0.012224
v 0.488339 0.286204 0.011716
v 0.488951 0.285913 0.010770
v 0.488019 0.286241 0.010486
v 0.488512 0.285444 0.009195
v 0.489307 0.285339 0.009839
v 0.489375 0.284529 0.009006
v 0.312491 -0.001675 -0.472093
v 0.312602 -0.000575 -0.472457
v 0.311605 -0.000798 -0.472344
v 0.313669 -0.001814 -0.472719
v 0.313424 -0.000623 -0.472869
v 0.314036 -0.000945 -0.473558
v 0.314036 0.000945 -0.473558
v 0.313424 0.000623 -0.472869
v 0.313669 0.001814 -0.472719
v 0.312491 0.001675 -0.472093
v 0.312602 0.000575 -0.472457
v 0.311605 0.000798 -0.472344
v 0.490547 0.286547 -0.011445
v 0.489808 0.286017 -0.011091
v 0.489562 0.286415 -0.012224
v 0.491131 0.285602 -0.009916
v 0.490193 0.285394 -0.010084
v 0.490683 0.284602 -0.009289
v 0.489375 0.284529 -0.009006
v 0.489307 0.285339 -0.009839
v 0.488512 0.285444 -0.009195
v 0.488019 0.286241 -0.010486
v 0.488951 0.285913 -0.010770
v 0.488339 0.286204 -0.011716
v 0.491131 -0.285602 -0.009916
v 0.490192 -0.285394 -0.010084
v 0.490683 -0.284602 -0.009289
v 0.490547 -0.286547 -0.011445
v 0.489808 -0.286017 -0.011091
v 0.489562 -0.286415 -0.012224
v 0.488339 -0.286204 -0.011716
v 0.488951 -0.285913 -0.010770
v 0.488019 -0.286241 -0.010486
v 0.488512 -0.285444 -0.009195
v 0.489307 -0.285339 -0.009839
v 0.489375 -0.284529 -0.009006
v -0.312491 -0.001675 0.472093
v -0.312602 -0.000575 0.472457
v -0.311605 -0.000798 0.472344
v -0.313669 -0.001814 0.472719
v -0.313424 -0.000623 0.472869
v -0.314036 -0.000945 0.473558
v -0.314036 0.000945 0.473558
v -0.313424 0.000623 0.472869
v -0.313669 0.001814 0.472719
v -0.312491 0.001675 0.472093
v -0.312602 0.000575 0.472457
v -0.311605 0.000798 0.472344
v -0.490547 0.286547 0.011445
v -0.489808 0.286017 0.011091
v -0.489562 0.286415 0.012224
v -0.491131 0.285602 0.009916
v -0.490193 0.285394 0.010084
v -0.490683 0.284602 0.009289
v -0.489375 0.284529 0.009006
v -0.489307 0.285339 0.009839
v -0.488512 0.285444 0.009195
v -0.488019 0.286241 0.010486
v -0.488951 0.285913 0.010770
v -0.488339 0.286204 0.011716
v -0.491131 -0.285602 0.009916
v -0.490192 -0.285394 0.010084
v -0.490683 -0.284602 0.009289
v -0.490547 -0.286547 0.011445
v -0.489808 -0.286017 0.011091
v -0.489562 -0.286415 0.012224
v -0.488339 -0.286204 0.011716
v -0.488951 -0.285913 0.010770
v -0.488019 -0.286241 0.010486
v -0.488512 -0.285444 0.009195
v -0.489307 -0.285339 0.009839
v -0.489375 -0.284529 0.009006
v -0.312491 0.001675 -0.472093
v -0.312602 0.000575 -0.472457
v -0.311605 0.000798 -0.472344
v -0.313669 0.001814 -0.472719
v -0.313424 0.000623 -0.472869
v -0.314036 0.000945 -0.473558
v -0.314036 -0.000945 -0.473558
v -0.313424 -0.000623 -0.472869
v -0.313669 -0.001814 -0.472719
v -0.312491 -0.001675 -0.472093
v -0.312602 -0.000575 -0.472457
v -0.311605 -0.000798 -0.472344
v -0.490547 -0.286547 -0.011445
v -0.489808 -0.286017 -0.011091
v -0.489562 -0.286415 -0.012224
v -0.491131 -0.285602 -0.009916
v -0.490193 -0.285394 -0.010084
v -0.490683 -0.284602 -0.009289
v -0.489375 -0.284529 -0.009006
v -0.489307 -0.285339 -0.009839
v -0.488512 -0.285444 -0.009195
v -0.488019 -0.286241 -0.010486
v -0.488951 -0.285913 -0.010770
v -0.488339 -0.286204 -0.011716
v -0.491131 0.285602 -0.009916
v -0.490192 0.285394 -0.010084
v -0.490683 0.284602 -0.009289
v -0.490547 0.286547 -0.011445
v -0.489808 0.286017 -0.011091
v -0.489562 0.286415 -0.012224
v -0.488339 0.286204 -0.011716
v -0.488951 0.285913 -0.010770
v -0.488019 0.286241 -0.010486
v -0.488512 0.285444 -0.009195
v -0.489307 0.285339 -0.009839
v -0.489375 0.284529 -0.009006
v 0.001675 0.472093 0.312491
v 0.000575 0.472457 0.312602
v 0.000798 0.472344 0.311605
v 0.001814 0.472719 0.313669
v 0.000623 0.472869 0.313424
v 0.000945 0.473558 0.314036
v -0.000945 0.473558 0.314036
v -0.000623 0.472869 0.313424
v -0.001814 0.472719 0.313669
v -0.001675 0.472093 0.312491
v -0.000575 0.472457 0.312602
v -0.000798 0.472344 0.311605
v -0.286547 0.011445 0.490547
v -0.286017 0.011091 0.489808
v -0.286415 0.012224 0.489562
v -0.285602 0.009916 0.491131
v -0.285394 0.010084 0.490192
v -0.284602 0.009289 0.490683
v -0.284529 0.009006 0.489375
v -0.285339 0.009839 0.489307
v -0.285444 0.009195 0.488512
v -0.286241 0.010486 0.488019
v -0.285913 0.010770 0.488951
v -0.286204 0.011716 0.488339
v 0.285602 0.009916 0.491131
v 0.285394 0.010084 0.490192
v 0.284602 0.009289 0.490683
v 0.286547 0.011445 0.490547
v 0.286017 0.011091 0.489808
v 0.286415 0.012224 0.489562
v 0.286204 0.011716 0.488339
v 0.285913 0.010770 0.488951
v 0.286241 0.010486 0.488019
v 0.285444 0.009195 0.488512
v 0.285339 0.009839 0.489307
v 0.284529 0.009006 0.489375
v -0.001675 -0.472093 0.312491
v -0.000575 -0.472457 0.312602
v -0.000798 -0.472344 0.311605
v -0.001814 -0.472719 0.313669
v -0.000623 -0.472869 0.313424
v -0.000945 -0.473558 0.314036
v 0.000945 -0.473558 0.314036
v 0.000623 -0.472869 0.313424
v 0.001814 -0.472719 0.313669
v 0.001675 -0.472093 0.312491
v 0.000575 -0.472457 0.312602
v 0.000798 -0.472344 0.311605
v 0.286547 -0.011445 0.490547
v 0.286017 -0.011091 0.489808
v 0.286415 -0.012224 0.489562
v 0.285602 -0.009916 0.491131
v 0.285394 -0.010084 0.490192
v 0.284602 -0.009289 0.490683
v 0.284529 -0.009006 0.489375
v 0.285339 -0.009839 0.489307
v 0.285444 -0.009195 0.488512
v 0.286241 -0.010486 0.488019
v 0.285913 -0.010770 0.488951
v 0.286204 -0.011716 0.488339
v -0.285602 -0.009916 0.491131
v -0.285394 -0.010084 0.490192
v -0.284602 -0.009289 0.490683
v -0.286547 -0.011445 0.490547
v -0.286017 -0.011091 0.489808
v -0.286415 -0.012224 0.489562
v -0.286204 -0.011716 0.488339
v -0.285913 -0.010770 0.488951
v -0.286241 -0.010486 0.488019
v -0.285444 -0.009195 0.488512
v -0.285339 -0.009839 0.489307
v -0.284529 -0.009006 0.489375
v -0.001675 0.472093 -0.312491
v -0.000575 0.472457 -0.312602
v -0.000798 0.472344 -0.311605
v -0.001814 0.472719 -0.313669
v -0.000623 0.472869 -0.313424
v -0.000945 0.473558 -0.314036
v 0.000945 0.473558 -0.314036
v 0.000623 0.472869 -0.313424
v 0.001814 0.472719 -0.313669
v 0.001675 0.472093 -0.312491
v 0.000575 0.472457 -0.312602
v 0.000798 0.472344 -0.311605
v 0.286547 0.011445 -0.490547
v 0.286017 0.011091 -0.489808
v 0.286415 0.012224 -0.489562
v 0.285602 0.009916 -0.491131
v 0.285394 0.010084 -0.490192
v 0.284602 0.009289 -0.490683
v 0.284529 0.009006 -0.489375
v 0.285339 0.009839 -0.489307
v 0.285444 0.009195 -0.488512
v 0.286241 0.010486 -0.488019
v 0.285913 0.010770 -0.488951
v 0.286204 0.011716 -0.488339
v -0.285602 0.009916 -0.491131
v -0.285394 0.010084 -0.490192
v -0.284602 0.009289 -0.490683
v -0.286547 0.011445 -0.490547
v -0.286017 0.011091 -0.489808
v -0.286415 0.012224 -0.489562
v -0.286204 0.011716 -0.488339
v -0.285913 0.010770 -0.488951
v -0.286241 0.010486 -0.488019
v -0.285444 0.009195 -0.488512
v -0.285339 0.009839 -0.489307
v -0.284529 0.009006 -0.489375
v 0.001675 -0.472093 -0.312491
v 0.000575 -0.472457 -0.312602
v 0.000798 -0.472344 -0.311605
v 0.001814 -0.472719 -0.313669
v 0.000623 -0.472869 -0.313424
v 0.000945 -0.473558 -0.314036
v -0.000945 -0.473558 -0.314036
v -0.000623 -0.472869 -0.313424
v -0.001814 -0.472719 -0.313669
v -0.001675 -0.472093 -0.312491
v -0.000575 -0.472457 -0.312602
v -0.000798 -0.472344 -0.311605
v -0.286547 -0.011445 -0.490547
v -0.286017 -0.011091 -0.489808
v -0.286415 -0.012224 -0.489562
v -0.285602 -0.009916 -0.491131
v -0.285394 -0.010084 -0.490192
v -0.284602 -0.009289 -0.490683
v -0.284529 -0.009006 -0.489375
v -0.285339 -0.009839 -0.489307
v -0.285444 -0.009195 -0.488512
v -0.286241 -0.010486 -0.488019
v -0.285913 -0.010770 -0.488951
v -0.286204 -0.011716 -0.488339
v 0.285602 -0.009916 -0.491131
v 0.285394 -0.010084 -0.490192
v 0.284602 -0.009289 -0.490683
v 0.286547 -0.011445 -0.490547
v 0.286017 -0.011091 -0.489808
v 0.286415 -0.012224 -0.489562
v 0.286204 -0.011716 -0.488339
v 0.285913 -0.010770 -0.488951
v 0.286241 -0.010486 -0.488019
v 0.285444 -0.009195 -0.488512
v 0.285339 -0.009839 -0.489307
v 0.284529 -0.009006 -0.489375
vn -0.5865 -0.4815 -0.6513
vn 0.8905 -0.4508 0.0615
vn 0.1049 0.2976 -0.9489
vn -0.4508 0.0615 0.8905
vn -0.9489 0.1049 0.2976
vn 0.5504 0.0996 0.8290
vn -0.4815 -0.6513 0.5865
vn 0.0615 0.8905 0.4508
vn -0.6513 -0.5865 0.4815
vn 0.8290 -0.5504 -0.0996
vn -0.5865 -0.4815 0.6513
vn 0.0996 0.8290 -0.5504
vn -0.4815 0.6513 -0.5865
vn 0.0615 -0.8905 -0.4508
vn -0.6513 0.5865 -0.4815
vn 0.0000 0.7909 0.6119
vn -0.2976 0.9489 -0.1049
vn 0.0996 -0.8290 0.5504
vn -0.5865 0.4815 0.6513
vn 0.8905 0.4508 -0.0615
vn 0.0000 0.4673 0.8841
vn -0.4508 -0.0615 -0.8905
vn -0.5865 0.4815 -0.6513
vn 0.5504 -0.0996 -0.8290
vn 0.4815 -0.6513 -0.5865
vn -0.0615 0.8905 -0.4508
vn 0.6513 -0.5865 -0.4815
vn -0.8290 -0.5504 0.0996
vn 0.2976 -0.9489 -0.1049
vn -0.0996 0.8290 0.5504
vn 0.5865 -0.4815 0.6513
vn -0.8905 -0.4508 -0.0615
vn -0.1049 0.2976 0.9489
vn 0.4508 0.0615 -0.8905
vn 0.5865 -0.4815 -0.6513
vn -0.5504 0.0996 -0.8290
vn 0.5865 0.4815 -0.6513
vn -0.8905 0.4508 0.0615
vn 0.6513 0.5865 -0.4815
vn 0.4508 -0.0615 0.8905
vn 0.9489 -0.1049 0.2976
vn -0.5504 -0.0996 0.8290
vn 0.4815 0.6513 0.5865
vn -0.0615 -0.8905 0.4508
vn 0.6513 0.5865 0.4815
vn 0.4508 -0.0615 -0.8905
vn 0.5865 0.4815 0.6513
vn -0.0996 -0.8290 -0.5504
vn -0.4815 -0.6513 -0.5865
vn 0.0615 0.8905 -0.4508
vn -0.4673 -0.8841 0.0000
vn -0.7909 0.6119 0.0000
vn 0.0996 0.8290 0.5504
vn 0.6119 0.0000 0.7909
vn 0.8841 0.0000 0.4673
vn -0.0996 0.8290 -0.5504
vn 0.7909 0.6119 0.0000
vn 0.4673 0.8841 0.0000
vn 0.9489 0.1049 0.2976
vn -0.8905 -0.4508 0.0615
vn -0.4815 0.6513 0.5865
vn 0.0996 -0.8290 -0.5504
vn -0.4673 0.8841 0.0000
vn -0.7909 -0.6119 0.0000
vn -0.9489 -0.1049 0.2976
vn 0.8905 0.4508 0.0615
vn 0.4815 0.6513 -0.5865
vn -0.0615 -0.8905 -0.4508
vn 0.7909 -0.6119 0.0000
vn -0.0996 -0.8290 0.5504
vn -0.8905 0.4508 -0.0615
vn 0.5504 -0.0996 0.8290
vn 0.9489 -0.1049 -0.2976
vn -0.8841 0.0000 -0.4673
vn 0.6119 0.0000 -0.7909
vn -0.8841 0.0000 0.4673
vn 0.5504 0.0996 -0.8290
vn -0.2976 -0.9489 -0.1049
vn 0.2976 -0.9489 0.1049
vn -0.2976 -0.9489 0.1049
vn 0.8905 -0.4508 -0.0615
vn -0.9489 -0.1049 -0.2976
vn 0.0615 -0.8905 0.4508
vn -0.5504 0.0996 0.8290
vn -0.6119 0.0000 0.7909
vn 0.8841 0.0000 -0.4673
vn -0.6119 0.0000 -0.7909
vn 0.2976 0.9489 0.1049
vn -0.5504 -0.0996 -0.8290
vn 0.2976 0.9489 -0.1049
vn 0.1049 -0.2976 -0.9489
vn 0.4815 -0.6513 0.5865
vn -0.2976 0.9489 0.1049
vn 0.9489 0.1049 -0.2976
vn -0.0615 0.8905 0.4508
vn -0.1049 0.2976 -0.9489
vn -0.1049 -0.2976 0.9489
vn 0.0000 -0.4673 -0.8841
vn 0.0000 -0.7909 0.6119
vn 0.0000 0.4673 -0.8841
vn 0.8290 -0.5504 0.0996
vn -0.6513 -0.5865 -0.4815
vn 0.1049 -0.2976 0.9489
vn 0.8290 0.5504 0.0996
vn -0.4508 -0.0615 0.8905
vn -0.8290 0.5504 0.0996
vn 0.4508 0.0615 0.8905
vn 0.1049 0.2976 0.9489
vn 0.0000 0.7909 -0.6119
vn 0.0000 -0.4673 0.8841
vn 0.0000 -0.7909 -0.6119
vn -0.8290 0.5504 -0.0996
vn -0.8290 -0.5504 -0.0996
vn 0.6513 -0.5865 0.4815
vn 0.4673 -0.8841 0.0000
vn -0.6513 0.5865 0.4815
vn -0.1049 -0.2976 -0.9489
vn 0.8290 0.5504 -0.0996
vn -0.4508 0.0615 -0.8905
vn -0.9600 -0.1694 -0.2230
vn -0.8420 -0.5375 -0.0452
vn -0.5481 -0.8358 0.0316
vn -0.6339 -0.7424 -0.2168
vn -0.7175 -0.5617 -0.4119
vn -0.8247 -0.5656 0.0001
vn -0.7175 -0.5618 0.4118
vn -0.6339 -0.7424 0.2168
vn -0.5483 -0.8357 -0.0315
vn -0.8421 -0.5374 0.0452
vn -0.9600 -0.1695 0.2230
vn -0.8506 -0.3916 0.3508
vn -0.6860 -0.6128 0.3923
vn -0.8699 -0.4925 0.0281
vn -0.9405 -0.2009 -0.2741
vn -0.9846 -0.1748 -0.0001
vn -0.9404 -0.2010 0.2742
vn -0.8699 -0.4924 -0.0279
vn -0.6861 -0.6127 -0.3923
vn -0.8506 -0.3917 -0.3508
vn -0.8506 -0.5258 0.0000
vn 0.4198 0.7640 0.4900
vn 0.8573 0.4119 0.3089
vn 0.9794 -0.1417 0.1441
vn 0.9248 -0.0402 0.3783
vn 0.8207 0.1153 0.5596
vn 0.9753 0.2209 0.0000
vn 0.8207 0.1153 -0.5596
vn 0.9248 -0.0402 -0.3783
vn 0.9794 -0.1417 -0.1441
vn 0.8573 0.4119 -0.3089
vn 0.4198 0.7640 -0.4900
vn 0.5467 0.5715 -0.6119
vn 0.6765 0.3486 -0.6487
vn 0.6663 0.7208 -0.1910
vn 0.3305 0.9082 0.2569
vn 0.3130 0.9497 0.0000
vn 0.3307 0.9082 -0.2567
vn 0.6663 0.7208 0.1910
vn 0.6765 0.3486 0.6487
vn 0.5467 0.5715 0.6119
vn 0.8507 0.5257 0.0000
vn 0.5483 -0.8357 0.0315
vn 0.8421 -0.5374 -0.0452
vn 0.9600 -0.1695 -0.2230
vn 0.8506 -0.3916 -0.3508
vn 0.6860 -0.6128 -0.3923
vn 0.8699 -0.4925 -0.0281
vn 0.9405 -0.2009 0.2741
vn 0.9846 -0.1748 0.0001
vn 0.9404 -0.2010 -0.2742
vn 0.8699 -0.4924 0.0279
vn 0.6861 -0.6127 0.3923
vn 0.8506 -0.3917 0.3508
vn 0.9600 -0.1694 0.2230
vn 0.8420 -0.5375 0.0452
vn 0.5481 -0.8358 -0.0316
vn 0.6339 -0.7424 0.2168
vn 0.7175 -0.5617 0.4119
vn 0.8247 -0.5656 -0.0001
vn 0.7175 -0.5618 -0.4118
vn 0.6339 -0.7424 -0.2168
vn 0.8506 -0.5258 -0.0000
vn -0.6765 0.3486 0.6487
vn -0.6663 0.7208 0.1910
vn -0.3305 0.9082 -0.2569
vn -0.3130 0.9497 0.0000
vn -0.3307 0.9082 0.2567
vn -0.6663 0.7208 -0.1910
vn -0.6765 0.3486 -0.6487
vn -0.5467 0.5715 -0.6119
vn -0.4198 0.7640 -0.4900
vn -0.8573 0.4119 -0.3089
vn -0.9794 -0.1417 -0.1441
vn -0.9248 -0.0402 -0.3783
vn -0.8207 0.1153 -0.5596
vn -0.9753 0.2209 0.0000
vn -0.8207 0.1153 0.5596
vn -0.9248 -0.0402 0.3783
vn -0.9794 -0.1417 0.1441
vn -0.8573 0.4119 0.3089
vn -0.4198 0.7640 0.4900
vn -0.5467 0.5715 0.6119
vn -0.8507 0.5257 -0.0000
vn -0.5483 0.8357 0.0315
vn -0.8421 0.5374 -0.0452
vn -0.9600 0.1695 -0.2230
vn -0.8506 0.3916 -0.3508
vn -0.6860 0.6128 -0.3923
vn -0.8699 0.4925 -0.0281
vn -0.9405 0.2009 0.2741
vn -0.9846 0.1748 0.0001
vn -0.9404 0.2010 -0.2742
vn -0.8699 0.4924 0.0279
vn -0.6861 0.6127 0.3923
vn -0.8506 0.3917 0.3508
vn -0.9600 0.1694 0.2230
vn -0.8420 0.5375 0.0452
vn -0.5481 0.8358 -0.0316
vn -0.6339 0.7424 0.2168
vn -0.7175 0.5617 0.4119
vn -0.8247 0.5656 -0.0001
vn -0.7175 0.5618 -0.4118
vn -0.6339 0.7424 -0.2168
vn -0.8506 0.5258 -0.0000
vn 0.6765 -0.3486 0.6487
vn 0.6663 -0.7208 0.1910
vn 0.3305 -0.9082 -0.2569
vn 0.3130 -0.9497 0.0000
vn 0.3307 -0.9082 0.2567
vn 0.6663 -0.7208 -0.1910
vn 0.6765 -0.3486 -0.6487
vn 0.5467 -0.5715 -0.6119
vn 0.4198 -0.7640 -0.4900
vn 0.8573 -0.4119 -0.3089
vn 0.9794 0.1417 -0.1441
vn 0.9248 0.0402 -0.3783
vn 0.8207 -0.1153 -0.5596
vn 0.9753 -0.2209 0.0000
vn 0.8207 -0.1153 0.5596
vn 0.9248 0.0402 0.3783
vn 0.9794 0.1417 0.1441
vn 0.8573 -0.4119 0.3089
vn 0.4198 -0.7640 0.4900
vn 0.5467 -0.5715 0.6119
vn 0.8507 -0.5257 -0.0000
vn 0.9600 0.1694 -0.2230
vn 0.8420 0.5375 -0.0452
vn 0.5481 0.8358 0.0316
vn 0.6339 0.7424 -0.2168
vn 0.7175 0.5617 -0.4119
vn 0.8247 0.5656 0.0001
vn 0.7175 0.5618 0.4118
vn 0.6339 0.7424 0.2168
vn 0.5483 0.8357 -0.0315
vn 0.8421 0.5374 0.0452
vn 0.9600 0.1695 0.2230
vn 0.8506 0.3916 0.3508
vn 0.6860 0.6128 0.3923
vn 0.8699 0.4925 0.0281
vn 0.9405 0.2009 -0.2741
vn 0.9846 0.1748 -0.0001
vn 0.9404 0.2010 0.2742
vn 0.8699 0.4924 -0.0279
vn 0.6861 0.6127 -0.3923
vn 0.8506 0.3917 -0.3508
vn 0.8506 0.5258 0.0000
vn -0.4198 -0.7640 0.4900
vn -0.8573 -0.4119 0.3089
vn -0.9794 0.1417 0.1441
vn -0.9248 0.0402 0.3783
vn -0.8207 -0.1153 0.5596
vn -0.9753 -0.2209 0.0000
vn -0.8207 -0.1153 -0.5596
vn -0.9248 0.0402 -0.3783
vn -0.9794 0.1417 -0.1441
vn -0.8573 -0.4119 -0.3089
vn -0.4198 -0.7640 -0.4900
vn -0.5467 -0.5715 -0.6119
vn -0.6765 -0.3486 -0.6487
vn -0.6663 -0.7208 -0.1910
vn -0.3305 -0.9082 0.2569
vn -0.3130 -0.9497 0.0000
vn -0.3307 -0.9082 -0.2567
vn -0.6663 -0.7208 0.1910
vn -0.6765 -0.3486 0.6487
vn -0.5467 -0.5715 0.6119
vn -0.8507 -0.5257 0.0000
vn -0.8358 0.0315 -0.5481
vn -0.7425 -0.2169 -0.6338
vn -0.5618 -0.4120 -0.7174
vn -0.5656 0.0002 -0.8247
vn -0.5618 0.4118 -0.7175
vn -0.7424 0.2168 -0.6339
vn -0.8357 -0.0315 -0.5483
vn -0.5378 0.0452 -0.8419
vn -0.1695 0.2230 -0.9600
vn -0.3917 0.3508 -0.8506
vn -0.6127 0.3923 -0.6861
vn -0.4924 0.0281 -0.8699
vn -0.2009 -0.2741 -0.9405
vn -0.1748 -0.0001 -0.9846
vn -0.2010 0.2742 -0.9404
vn -0.4924 -0.0279 -0.8699
vn -0.6127 -0.3923 -0.6861
vn -0.3917 -0.3508 -0.8506
vn -0.1694 -0.2230 -0.9600
vn -0.5377 -0.0452 -0.8419
vn -0.5257 0.0000 -0.8506
vn 0.3483 0.6489 0.6765
vn 0.5715 0.6119 0.5467
vn 0.7640 0.4900 0.4198
vn 0.4119 0.3089 0.8573
vn -0.1415 0.1442 0.9794
vn -0.0402 0.3781 0.9249
vn 0.1153 0.5596 0.8207
vn 0.2209 0.0000 0.9753
vn 0.1153 -0.5596 0.8207
vn -0.0402 -0.3783 0.9248
vn -0.1417 -0.1441 0.9794
vn 0.4119 -0.3089 0.8573
vn 0.7640 -0.4900 0.4198
vn 0.5715 -0.6119 0.5467
vn 0.3486 -0.6487 0.6765
vn 0.7208 -0.1910 0.6663
vn 0.9082 0.2567 0.3307
vn 0.9497 0.0000 0.3130
vn 0.9082 -0.2567 0.3307
vn 0.7208 0.1910 0.6663
vn 0.5257 0.0000 0.8507
vn -0.1695 -0.2230 0.9600
vn -0.3917 -0.3508 0.8506
vn -0.6127 -0.3923 0.6861
vn -0.4924 -0.0281 0.8699
vn -0.2009 0.2741 0.9405
vn -0.1748 0.0001 0.9846
vn -0.2010 -0.2742 0.9404
vn -0.4924 0.0279 0.8699
vn -0.6127 0.3923 0.6861
vn -0.3917 0.3508 0.8506
vn -0.1694 0.2230 0.9600
vn -0.5378 0.0451 0.8419
vn -0.8358 -0.0316 0.5481
vn -0.7424 0.2168 0.6339
vn -0.5617 0.4119 0.7175
vn -0.5656 -0.0001 0.8247
vn -0.5618 -0.4118 0.7175
vn -0.7424 -0.2168 0.6339
vn -0.8357 0.0315 0.5483
vn -0.5378 -0.0452 0.8419
vn -0.5258 0.0000 0.8506
vn 0.7640 0.4900 -0.4198
vn 0.5715 0.6119 -0.5467
vn 0.3486 0.6487 -0.6765
vn 0.7208 0.1910 -0.6663
vn 0.9082 -0.2567 -0.3307
vn 0.9497 0.0000 -0.3130
vn 0.9082 0.2567 -0.3307
vn 0.7208 -0.1910 -0.6663
vn 0.3483 -0.6489 -0.6765
vn 0.5715 -0.6119 -0.5467
vn 0.7640 -0.4900 -0.4198
vn 0.4119 -0.3089 -0.8573
vn -0.1415 -0.1442 -0.9794
vn -0.0402 -0.3781 -0.9249
vn 0.1153 -0.5596 -0.8207
vn 0.2209 0.0000 -0.9753
vn 0.1153 0.5596 -0.8207
vn -0.0402 0.3783 -0.9248
vn -0.1417 0.1441 -0.9794
vn 0.4119 0.3089 -0.8573
vn 0.5257 0.0000 -0.8507
vn 0.1695 -0.2230 -0.9600
vn 0.3917 -0.3508 -0.8506
vn 0.6127 -0.3923 -0.6861
vn 0.4924 -0.0281 -0.8699
vn 0.2009 0.2741 -0.9405
vn 0.1748 0.0001 -0.9846
vn 0.2010 -0.2742 -0.9404
vn 0.4924 0.0279 -0.8699
vn 0.6127 0.3923 -0.6861
vn 0.3917 0.3508 -0.8506
vn 0.1694 0.2230 -0.9600
vn 0.5378 0.0451 -0.8419
vn 0.8358 -0.0316 -0.5481
vn 0.7424 0.2168 -0.6339
vn 0.5617 0.4119 -0.7175
vn 0.5656 -0.0001 -0.8247
vn 0.5618 -0.4118 -0.7175
vn 0.7424 -0.2168 -0.6339
vn 0.8357 0.0315 -0.5483
vn 0.5378 -0.0452 -0.8419
vn 0.5258 0.0000 -0.8506
vn -0.7640 0.4900 0.4198
vn -0.5715 0.6119 0.5467
vn -0.3486 0.6487 0.6765
vn -0.7208 0.1910 0.6663
vn -0.9082 -0.2567 0.3307
vn -0.9497 0.0000 0.3130
vn -0.9082 0.2567 0.3307
vn -0.7208 -0.1910 0.6663
vn -0.3483 -0.6489 0.6765
vn -0.5715 -0.6119 0.5467
vn -0.7640 -0.4900 0.4198
vn -0.4119 -0.3089 0.8573
vn 0.1415 -0.1442 0.9794
vn 0.0402 -0.3781 0.9249
vn -0.1153 -0.5596 0.8207
vn -0.2209 0.0000 0.9753
vn -0.1153 0.5596 0.8207
vn 0.0402 0.3783 0.9248
vn 0.1417 0.1441 0.9794
vn -0.4119 0.3089 0.8573
vn -0.5257 0.0000 0.8507
vn 0.8358 0.0315 0.5481
vn 0.7425 -0.2169 0.6338
vn 0.5618 -0.4120 0.7174
vn 0.5656 0.0002 0.8247
vn 0.5618 0.4118 0.7175
vn 0.7424 0.2168 0.6339
vn 0.8357 -0.0315 0.5483
vn 0.5378 0.0452 0.8419
vn 0.1695 0.2230 0.9600
vn 0.3917 0.3508 0.8506
vn 0.6127 0.3923 0.6861
vn 0.4924 0.0281 0.8699
vn 0.2009 -0.2741 0.9405
vn 0.1748 -0.0001 0.9846
vn 0.2010 0.2742 0.9404
vn 0.4924 -0.0279 0.8699
vn 0.6127 -0.3923 0.6861
vn 0.3917 -0.3508 0.8506
vn 0.1694 -0.2230 0.9600
vn 0.5377 -0.0452 0.8419
vn 0.5257 0.0000 0.8506
vn -0.3483 0.6489 -0.6765
vn -0.5715 0.6119 -0.5467
vn -0.7640 0.4900 -0.4198
vn -0.4119 0.3089 -0.8573
vn 0.1415 0.1442 -0.9794
vn 0.0402 0.3781 -0.9249
vn -0.1153 0.5596 -0.8207
vn -0.2209 0.0000 -0.9753
vn -0.1153 -0.5596 -0.8207
vn 0.0402 -0.3783 -0.9248
vn 0.1417 -0.1441 -0.9794
vn -0.4119 -0.3089 -0.8573
vn -0.7640 -0.4900 -0.4198
vn -0.5715 -0.6119 -0.5467
vn -0.3486 -0.6487 -0.6765
vn -0.7208 -0.1910 -0.6663
vn -0.9082 0.2567 -0.3307
vn -0.9497 0.0000 -0.3130
vn -0.9082 -0.2567 -0.3307
vn -0.7208 0.1910 -0.6663
vn -0.5257 0.0000 -0.8507
vn 0.0316 -0.5481 -0.8358
vn -0.2168 -0.6339 -0.7424
vn -0.4118 -0.7175 -0.5618
vn -0.0001 -0.8246 -0.5657
vn 0.4119 -0.7175 -0.5618
vn 0.2169 -0.6339 -0.7424
vn -0.0315 -0.5483 -0.8357
vn 0.0452 -0.8421 -0.5374
vn 0.2230 -0.9600 -0.1695
vn 0.3508 -0.8506 -0.3916
vn 0.3923 -0.6860 -0.6128
vn 0.0280 -0.8699 -0.4925
vn -0.2742 -0.9404 -0.2010
vn 0.0000 -0.9846 -0.1749
vn 0.2742 -0.9404 -0.2010
vn -0.0279 -0.8699 -0.4924
vn -0.3923 -0.6861 -0.6127
vn -0.3508 -0.8506 -0.3917
vn -0.2230 -0.9600 -0.1695
vn -0.0452 -0.8419 -0.5377
vn 0.0000 -0.8507 -0.5257
vn 0.6489 0.6765 0.3483
vn 0.6119 0.5467 0.5715
vn 0.4900 0.4198 0.7640
vn 0.3089 0.8573 0.4119
vn 0.1442 0.9794 -0.1415
vn 0.3781 0.9249 -0.0402
vn 0.5596 0.8207 0.1153
vn 0.0000 0.9753 0.2209
vn -0.5596 0.8207 0.1153
vn -0.3783 0.9248 -0.0402
vn -0.1441 0.9794 -0.1417
vn -0.3089 0.8573 0.4119
vn -0.4900 0.4198 0.7640
vn -0.6119 0.5467 0.5715
vn -0.6487 0.6765 0.3486
vn -0.1910 0.6663 0.7208
vn 0.2567 0.3307 0.9082
vn 0.0000 0.3130 0.9497
vn -0.2567 0.3307 0.9082
vn 0.1910 0.6663 0.7208
vn 0.0000 0.8507 0.5257
vn -0.2230 0.9600 -0.1695
vn -0.3508 0.8506 -0.3916
vn -0.3923 0.6860 -0.6128
vn -0.0280 0.8699 -0.4925
vn 0.2742 0.9404 -0.2010
vn 0.0000 0.9846 -0.1749
vn -0.2742 0.9404 -0.2010
vn 0.0279 0.8699 -0.4924
vn 0.3923 0.6861 -0.6127
vn 0.3508 0.8506 -0.3917
vn 0.2230 0.9600 -0.1695
vn 0.0452 0.8419 -0.5377
vn -0.0316 0.5481 -0.8358
vn 0.2168 0.6339 -0.7424
vn 0.4118 0.7175 -0.5618
vn 0.0001 0.8246 -0.5657
vn -0.4119 0.7175 -0.5618
vn -0.2169 0.6339 -0.7424
vn 0.0315 0.5483 -0.8357
vn -0.0452 0.8421 -0.5374
vn -0.0000 0.8507 -0.5257
vn 0.4900 -0.4198 0.7640
vn 0.6119 -0.5467 0.5715
vn 0.6487 -0.6765 0.3486
vn 0.1910 -0.6663 0.7208
vn -0.2567 -0.3307 0.9082
vn 0.0000 -0.3130 0.9497
vn 0.2567 -0.3307 0.9082
vn -0.1910 -0.6663 0.7208
vn -0.6489 -0.6765 0.3483
vn -0.6119 -0.5467 0.5715
vn -0.4900 -0.4198 0.7640
vn -0.3089 -0.8573 0.4119
vn -0.1442 -0.9794 -0.1415
vn -0.3781 -0.9249 -0.0402
vn -0.5596 -0.8207 0.1153
vn 0.0000 -0.9753 0.2209
vn 0.5596 -0.8207 0.1153
vn 0.3783 -0.9248 -0.0402
vn 0.1441 -0.9794 -0.1417
vn 0.3089 -0.8573 0.4119
vn 0.0000 -0.8507 0.5257
vn -0.2230 -0.9600 0.1695
vn -0.3508 -0.8506 0.3916
vn -0.3923 -0.6860 0.6128
vn -0.0280 -0.8699 0.4925
vn 0.2742 -0.9404 0.2010
vn 0.0000 -0.9846 0.1749
vn -0.2742 -0.9404 0.2010
vn 0.0279 -0.8699 0.4924
vn 0.3923 -0.6861 0.6127
vn 0.3508 -0.8506 0.3917
vn 0.2230 -0.9600 0.1695
vn 0.0452 -0.8419 0.5377
vn -0.0316 -0.5481 0.8358
vn 0.2168 -0.6339 0.7424
vn 0.4118 -0.7175 0.5618
vn 0.0001 -0.8246 0.5657
vn -0.4119 -0.7175 0.5618
vn -0.2169 -0.6339 0.7424
vn 0.0315 -0.5483 0.8357
vn -0.0452 -0.8421 0.5374
vn 0.4900 0.4198 -0.7640
vn 0.6119 0.5467 -0.5715
vn 0.6487 0.6765 -0.3486
vn 0.1910 0.6663 -0.7208
vn -0.2567 0.3307 -0.9082
vn 0.0000 0.3130 -0.9497
vn 0.2567 0.3307 -0.9082
vn -0.1910 0.6663 -0.7208
vn -0.6489 0.6765 -0.3483
vn -0.6119 0.5467 -0.5715
vn -0.4900 0.4198 -0.7640
vn -0.3089 0.8573 -0.4119
vn -0.1442 0.9794 0.1415
vn -0.3781 0.9249 0.0402
vn -0.5596 0.8207 -0.1153
vn 0.0000 0.9753 -0.2209
vn 0.5596 0.8207 -0.1153
vn 0.3783 0.9248 0.0402
vn 0.1441 0.9794 0.1417
vn 0.3089 0.8573 -0.4119
vn 0.0316 0.5481 0.8358
vn -0.2168 0.6339 0.7424
vn -0.4118 0.7175 0.5618
vn -0.0001 0.8246 0.5657
vn 0.4119 0.7175 0.5618
vn 0.2169 0.6339 0.7424
vn -0.0315 0.5483 0.8357
vn 0.0452 0.8421 0.5374
vn 0.2230 0.9600 0.1695
vn 0.3508 0.8506 0.3916
vn 0.3923 0.6860 0.6128
vn 0.0280 0.8699 0.4925
vn -0.2742 0.9404 0.2010
vn 0.0000 0.9846 0.1749
vn 0.2742 0.9404 0.2010
vn -0.0279 0.8699 0.4924
vn -0.3923 0.6861 0.6127
vn -0.3508 0.8506 0.3917
vn -0.2230 0.9600 0.1695
vn -0.0452 0.8419 0.5377
vn 0.6489 -0.6765 -0.3483
vn 0.6119 -0.5467 -0.5715
vn 0.4900 -0.4198 -0.7640
vn 0.3089 -0.8573 -0.4119
vn 0.1442 -0.9794 0.1415
vn 0.3781 -0.9249 0.0402
vn 0.5596 -0.8207 -0.1153
vn 0.0000 -0.9753 -0.2209
vn -0.5596 -0.8207 -0.1153
vn -0.3783 -0.9248 0.0402
vn -0.1441 -0.9794 0.1417
vn -0.3089 -0.8573 -0.4119
vn -0.4900 -0.4198 -0.7640
vn -0.6119 -0.5467 -0.5715
vn -0.6487 -0.6765 -0.3486
vn -0.1910 -0.6663 -0.7208
vn 0.2567 -0.3307 -0.9082
vn 0.0000 -0.3130 -0.9497
vn -0.2567 -0.3307 -0.9082
vn 0.1910 -0.6663 -0.7208
vn -0.9108 -0.0131 0.4127
vn -0.6597 0.1454 0.7374
vn -0.3251 0.3953 0.8591
vn -0.3056 0.1692 0.9370
vn -0.1080 0.0445 0.9932
vn -0.4402 -0.2098 0.8731
vn -0.5936 -0.5261 0.6090
vn -0.7690 -0.2506 0.5881
vn -0.5846 -0.0522 0.8096
vn 0.8591 -0.3251 0.3953
vn 0.9370 -0.3055 0.1691
vn 0.9931 -0.1085 0.0445
vn 0.8730 -0.4402 -0.2098
vn 0.6090 -0.5936 -0.5261
vn 0.5881 -0.7690 -0.2506
vn 0.4127 -0.9108 -0.0131
vn 0.7375 -0.6596 0.1453
vn 0.8097 -0.5845 -0.0519
vn 0.3953 0.8591 -0.3251
vn 0.1692 0.9370 -0.3056
vn 0.0445 0.9932 -0.1080
vn -0.2098 0.8731 -0.4402
vn -0.5261 0.6090 -0.5936
vn -0.2506 0.5881 -0.7690
vn -0.0131 0.4127 -0.9108
vn 0.1457 0.7372 -0.6597
vn -0.0522 0.8096 -0.5846
vn -0.5936 -0.5261 -0.6090
vn -0.4402 -0.2098 -0.8731
vn -0.1080 0.0445 -0.9932
vn -0.3056 0.1686 -0.9371
vn -0.3248 0.3955 -0.8591
vn -0.6596 0.1453 -0.7375
vn -0.9107 -0.0130 -0.4128
vn -0.7691 -0.2507 -0.5880
vn -0.5846 -0.0522 -0.8096
vn 0.0445 0.9932 0.1080
vn 0.1687 0.9371 0.3056
vn 0.3955 0.8591 0.3248
vn 0.1453 0.7375 0.6595
vn -0.0130 0.4128 0.9107
vn -0.2505 0.5884 0.7688
vn -0.5261 0.6090 0.5936
vn -0.2098 0.8731 0.4402
vn -0.0522 0.8096 0.5846
vn 0.9932 -0.1080 -0.0444
vn 0.9370 -0.3058 -0.1689
vn 0.8591 -0.3248 -0.3955
vn 0.7375 -0.6595 -0.1452
vn 0.4129 -0.9107 0.0134
vn 0.4129 -0.9107 0.0133
vn 0.5884 -0.7688 0.2505
vn 0.6090 -0.5936 0.5261
vn 0.8731 -0.4402 0.2098
vn 0.8096 -0.5846 0.0522
vn -0.5936 0.5261 0.6090
vn -0.4402 0.2098 0.8731
vn -0.1080 -0.0445 0.9932
vn -0.3056 -0.1686 0.9371
vn -0.3248 -0.3955 0.8591
vn -0.6596 -0.1453 0.7375
vn -0.9107 0.0130 0.4128
vn -0.7691 0.2507 0.5880
vn -0.5846 0.0522 0.8096
vn 0.0445 -0.9932 -0.1080
vn 0.1687 -0.9371 -0.3056
vn 0.3955 -0.8591 -0.3248
vn 0.1453 -0.7375 -0.6595
vn -0.0130 -0.4128 -0.9107
vn -0.2505 -0.5884 -0.7688
vn -0.5261 -0.6090 -0.5936
vn -0.2098 -0.8731 -0.4402
vn -0.0522 -0.8096 -0.5846
vn 0.9932 0.1080 0.0444
vn 0.9370 0.3058 0.1689
vn 0.8591 0.3248 0.3955
vn 0.7375 0.6595 0.1452
vn 0.4129 0.9107 -0.0134
vn 0.4129 0.9107 -0.0133
vn 0.5884 0.7688 -0.2505
vn 0.6090 0.5936 -0.5261
vn 0.8731 0.4402 -0.2098
vn 0.8096 0.5846 -0.0522
vn -0.9108 0.0131 -0.4127
vn -0.6597 -0.1454 -0.7374
vn -0.3251 -0.3953 -0.8591
vn -0.3056 -0.1692 -0.9370
vn -0.1080 -0.0445 -0.9932
vn -0.4402 0.2098 -0.8731
vn -0.5936 0.5261 -0.6090
vn -0.7690 0.2506 -0.5881
vn -0.5846 0.0522 -0.8096
vn 0.8591 0.3251 -0.3953
vn 0.9370 0.3055 -0.1691
vn 0.9931 0.1085 -0.0445
vn 0.8730 0.4402 0.2098
vn 0.6090 0.5936 0.5261
vn 0.5881 0.7690 0.2506
vn 0.4127 0.9108 0.0131
vn 0.7375 0.6596 -0.1453
vn 0.8097 0.5845 0.0519
vn 0.3953 -0.8591 0.3251
vn 0.1692 -0.9370 0.3056
vn 0.0445 -0.9932 0.1080
vn -0.2098 -0.8731 0.4402
vn -0.5261 -0.6090 0.5936
vn -0.2506 -0.5881 0.7690
vn -0.0131 -0.4127 0.9108
vn 0.1457 -0.7372 0.6597
vn -0.0522 -0.8096 0.5846
vn 0.5936 -0.5261 0.6090
vn 0.4402 -0.2098 0.8731
vn 0.1080 0.0445 0.9932
vn 0.3056 0.1686 0.9371
vn 0.3248 0.3955 0.8591
vn 0.6596 0.1453 0.7375
vn 0.9107 -0.0130 0.4128
vn 0.7691 -0.2507 0.5880
vn 0.5846 -0.0522 0.8096
vn -0.0445 0.9932 -0.1080
vn -0.1687 0.9371 -0.3056
vn -0.3955 0.8591 -0.3248
vn -0.1453 0.7375 -0.6595
vn 0.0130 0.4128 -0.9107
vn 0.2505 0.5884 -0.7688
vn 0.5261 0.6090 -0.5936
vn 0.2098 0.8731 -0.4402
vn 0.0522 0.8096 -0.5846
vn -0.9932 -0.1080 0.0444
vn -0.9370 -0.3058 0.1689
vn -0.8591 -0.3248 0.3955
vn -0.7375 -0.6595 0.1452
vn -0.4129 -0.9107 -0.0134
vn -0.4129 -0.9107 -0.0133
vn -0.5884 -0.7688 -0.2505
vn -0.6090 -0.5936 -0.5261
vn -0.8731 -0.4402 -0.2098
vn -0.8096 -0.5846 -0.0522
vn 0.9108 -0.0131 -0.4127
vn 0.6597 0.1454 -0.7374
vn 0.3251 0.3953 -0.8591
vn 0.3056 0.1692 -0.9370
vn 0.1080 0.0445 -0.9932
vn 0.4402 -0.2098 -0.8731
vn 0.5936 -0.5261 -0.6090
vn 0.7690 -0.2506 -0.5881
vn 0.5846 -0.0522 -0.8096
vn -0.8591 -0.3251 -0.3953
vn -0.9370 -0.3055 -0.1691
vn -0.9931 -0.1085 -0.0445
vn -0.8730 -0.4402 0.2098
vn -0.6090 -0.5936 0.5261
vn -0.5881 -0.7690 0.2506
vn -0.4127 -0.9108 0.0131
vn -0.7375 -0.6596 -0.1453
vn -0.8097 -0.5845 0.0519
vn -0.3953 0.8591 0.3251
vn -0.1692 0.9370 0.3056
vn -0.0445 0.9932 0.1080
vn 0.2098 0.8731 0.4402
vn 0.5261 0.6090 0.5936
vn 0.2506 0.5881 0.7690
vn 0.0131 0.4127 0.9108
vn -0.1457 0.7372 0.6597
vn 0.0522 0.8096 0.5846
vn 0.9108 0.0131 0.4127
vn 0.6597 -0.1454 0.7374
vn 0.3251 -0.3953 0.8591
vn 0.3056 -0.1692 0.9370
vn 0.1080 -0.0445 0.9932
vn 0.4402 0.2098 0.8731
vn 0.5936 0.5261 0.6090
vn 0.7690 0.2506 0.5881
vn 0.5846 0.0522 0.8096
vn -0.8591 0.3251 0.3953
vn -0.9370 0.3055 0.1691
vn -0.9931 0.1085 0.0445
vn -0.8730 0.4402 -0.2098
vn -0.6090 0.5936 -0.5261
vn -0.5881 0.7690 -0.2506
vn -0.4127 0.9108 -0.0131
vn -0.7375 0.6596 0.1453
vn -0.8097 0.5845 -0.0519
vn -0.3953 -0.8591 -0.3251
vn -0.1692 -0.9370 -0.3056
vn -0.0445 -0.9932 -0.1080
vn 0.2098 -0.8731 -0.4402
vn 0.5261 -0.6090 -0.5936
vn 0.2506 -0.5881 -0.7690
vn 0.0131 -0.4127 -0.9108
vn -0.1457 -0.7372 -0.6597
vn 0.0522 -0.8096 -0.5846
vn 0.5936 0.5261 -0.6090
vn 0.4402 0.2098 -0.8731
vn 0.1080 -0.0445 -0.9932
vn 0.3056 -0.1686 -0.9371
vn 0.3248 -0.3955 -0.8591
vn 0.6596 -0.1453 -0.7375
vn 0.9107 0.0130 -0.4128
vn 0.7691 0.2507 -0.5880
vn 0.5846 0.0522 -0.8096
vn -0.0445 -0.9932 0.1080
vn -0.1687 -0.9371 0.3056
vn -0.3955 -0.8591 0.3248
vn -0.1453 -0.7375 0.6595
vn 0.0130 -0.4128 0.9107
vn 0.2505 -0.5884 0.7688
vn 0.5261 -0.6090 0.5936
vn 0.2098 -0.8731 0.4402
vn 0.0522 -0.8096 0.5846
vn -0.9932 0.1080 -0.0444
vn -0.9370 0.3058 -0.1689
vn -0.8591 0.3248 -0.3955
vn -0.7375 0.6595 -0.1452
vn -0.4129 0.9107 0.0134
vn -0.4129 0.9107 0.0133
vn -0.5884 0.7688 0.2505
vn -0.6090 0.5936 0.5261
vn -0.8731 0.4402 0.2098
vn -0.8096 0.5846 0.0522
vn -0.9473 0.0459 -0.3172
vn -0.8573 0.4655 -0.2198
vn -0.5703 0.7923 -0.2170
vn -0.6634 0.7482 -0.0000
vn -0.5702 0.7923 0.2169
vn -0.8574 0.4656 0.2194
vn -0.9473 0.0462 0.3170
vn -0.9936 0.1128 0.0000
vn -0.8938 0.4486 -0.0003
vn 0.3969 0.4227 0.8147
vn 0.5792 0.2734 0.7680
vn 0.7478 0.2888 0.5979
vn 0.6752 -0.1201 0.7278
vn 0.5723 -0.5343 0.6221
vn 0.3633 -0.4053 0.8389
vn 0.0591 -0.3384 0.9391
vn 0.3202 0.0160 0.9472
vn 0.5004 -0.0839 0.8617
vn 0.7478 0.2887 -0.5979
vn 0.5792 0.2733 -0.7680
vn 0.3969 0.4226 -0.8148
vn 0.3202 0.0160 -0.9472
vn 0.0592 -0.3385 -0.9391
vn 0.3633 -0.4055 -0.8388
vn 0.5723 -0.5343 -0.6221
vn 0.6752 -0.1201 -0.7278
vn 0.5004 -0.0839 -0.8617
vn 0.9473 0.0459 0.3172
vn 0.8573 0.4655 0.2198
vn 0.5703 0.7923 0.2170
vn 0.6634 0.7482 0.0000
vn 0.5702 0.7923 -0.2169
vn 0.8574 0.4656 -0.2194
vn 0.9473 0.0462 -0.3170
vn 0.9936 0.1128 0.0000
vn 0.8938 0.4486 0.0003
vn -0.3969 0.4227 -0.8147
vn -0.5792 0.2734 -0.7680
vn -0.7478 0.2888 -0.5979
vn -0.6752 -0.1201 -0.7278
vn -0.5723 -0.5343 -0.6221
vn -0.3633 -0.4053 -0.8389
vn -0.0591 -0.3384 -0.9391
vn -0.3202 0.0160 -0.9472
vn -0.5004 -0.0839 -0.8617
vn -0.7478 0.2887 0.5979
vn -0.5792 0.2733 0.7680
vn -0.3969 0.4226 0.8148
vn -0.3202 0.0160 0.9472
vn -0.0592 -0.3385 0.9391
vn -0.3633 -0.4055 0.8388
vn -0.5723 -0.5343 0.6221
vn -0.6752 -0.1201 0.7278
vn -0.5004 -0.0839 0.8617
vn -0.9473 -0.0459 0.3172
vn -0.8573 -0.4655 0.2198
vn -0.5703 -0.7923 0.2170
vn -0.6634 -0.7482 0.0000
vn -0.5702 -0.7923 -0.2169
vn -0.8574 -0.4656 -0.2194
vn -0.9473 -0.0462 -0.3170
vn -0.9936 -0.1128 0.0000
vn -0.8938 -0.4486 0.0003
vn 0.3969 -0.4227 -0.8147
vn 0.5792 -0.2734 -0.7680
vn 0.7478 -0.2888 -0.5979
vn 0.6752 0.1201 -0.7278
vn 0.5723 0.5343 -0.6221
vn 0.3633 0.4053 -0.8389
vn 0.0591 0.3384 -0.9391
vn 0.3202 -0.0160 -0.9472
vn 0.5004 0.0839 -0.8617
vn 0.7478 -0.2887 0.5979
vn 0.5792 -0.2733 0.7680
vn 0.3969 -0.4226 0.8148
vn 0.3202 -0.0160 0.9472
vn 0.0592 0.3385 0.9391
vn 0.3633 0.4055 0.8388
vn 0.5723 0.5343 0.6221
vn 0.6752 0.1201 0.7278
vn 0.5004 0.0839 0.8617
vn 0.9473 -0.0459 -0.3172
vn 0.8573 -0.4655 -0.2198
vn 0.5703 -0.7923 -0.2170
vn 0.6634 -0.7482 -0.0000
vn 0.5702 -0.7923 0.2169
vn 0.8574 -0.4656 0.2194
vn 0.9473 -0.0462 0.3170
vn 0.9936 -0.1128 0.0000
vn 0.8938 -0.4486 -0.0003
vn -0.3969 -0.4227 0.8147
vn -0.5792 -0.2734 0.7680
vn -0.7478 -0.2888 0.5979
vn -0.6752 0.1201 0.7278
vn -0.5723 0.5343 0.6221
vn -0.3633 0.4053 0.8389
vn -0.0591 0.3384 0.9391
vn -0.3202 -0.0160 0.9472
vn -0.5004 0.0839 0.8617
vn -0.7478 -0.2887 -0.5979
vn -0.5792 -0.2733 -0.7680
vn -0.3969 -0.4226 -0.8148
vn -0.3202 -0.0160 -0.9472
vn -0.0592 0.3385 -0.9391
vn -0.3633 0.4055 -0.8388
vn -0.5723 0.5343 -0.6221
vn -0.6752 0.1201 -0.7278
vn -0.5004 0.0839 -0.8617
vn 0.0461 -0.3171 -0.9473
vn 0.4654 -0.2197 -0.8574
vn 0.7923 -0.2169 -0.5702
vn 0.7484 -0.0000 -0.6632
vn 0.7923 0.2169 -0.5702
vn 0.4653 0.2196 -0.8575
vn 0.0462 0.3170 -0.9473
vn 0.1128 0.0000 -0.9936
vn 0.4485 -0.0000 -0.8938
vn 0.4227 0.8147 0.3969
vn 0.2734 0.7680 0.5792
vn 0.2888 0.5979 0.7478
vn -0.1201 0.7278 0.6752
vn -0.5343 0.6221 0.5723
vn -0.4053 0.8389 0.3633
vn -0.3384 0.9391 0.0594
vn 0.0160 0.9472 0.3202
vn -0.0839 0.8617 0.5004
vn 0.2887 -0.5979 0.7478
vn 0.2733 -0.7680 0.5792
vn 0.4226 -0.8148 0.3969
vn 0.0160 -0.9472 0.3202
vn -0.3385 -0.9391 0.0592
vn -0.4055 -0.8388 0.3633
vn -0.5343 -0.6221 0.5723
vn -0.1201 -0.7278 0.6752
vn -0.0839 -0.8617 0.5004
vn 0.0461 0.3171 0.9473
vn 0.4654 0.2197 0.8574
vn 0.7923 0.2169 0.5702
vn 0.7484 0.0000 0.6632
vn 0.7923 -0.2169 0.5702
vn 0.4653 -0.2196 0.8575
vn 0.0462 -0.3170 0.9473
vn 0.1128 0.0000 0.9936
vn 0.4485 0.0000 0.8938
vn 0.4227 -0.8147 -0.3969
vn 0.2734 -0.7680 -0.5792
vn 0.2888 -0.5979 -0.7478
vn -0.1201 -0.7278 -0.6752
vn -0.5343 -0.6221 -0.5723
vn -0.4053 -0.8389 -0.3633
vn -0.3384 -0.9391 -0.0594
vn 0.0160 -0.9472 -0.3202
vn -0.0839 -0.8617 -0.5004
vn 0.2887 0.5979 -0.7478
vn 0.2733 0.7680 -0.5792
vn 0.4226 0.8148 -0.3969
vn 0.0160 0.9472 -0.3202
vn -0.3385 0.9391 -0.0592
vn -0.4055 0.8388 -0.3633
vn -0.5343 0.6221 -0.5723
vn -0.1201 0.7278 -0.6752
vn -0.0839 0.8617 -0.5004
vn -0.0461 0.3171 -0.9473
vn -0.4654 0.2197 -0.8574
vn -0.7923 0.2169 -0.5702
vn -0.7484 0.0000 -0.6632
vn -0.7923 -0.2169 -0.5702
vn -0.4653 -0.2196 -0.8575
vn -0.0462 -0.3170 -0.9473
vn -0.1128 0.0000 -0.9936
vn -0.4485 0.0000 -0.8938
vn -0.4227 -0.8147 0.3969
vn -0.2734 -0.7680 0.5792
vn -0.2888 -0.5979 0.7478
vn 0.1201 -0.7278 0.6752
vn 0.5343 -0.6221 0.5723
vn 0.4053 -0.8389 0.3633
vn 0.3384 -0.9391 0.0594
vn -0.0160 -0.9472 0.3202
vn 0.0839 -0.8617 0.5004
vn -0.2887 0.5979 0.7478
vn -0.2733 0.7680 0.5792
vn -0.4226 0.8148 0.3969
vn -0.0160 0.9472 0.3202
vn 0.3385 0.9391 0.0592
vn 0.4055 0.8388 0.3633
vn 0.5343 0.6221 0.5723
vn 0.1201 0.7278 0.6752
vn 0.0839 0.8617 0.5004
vn -0.0461 -0.3171 0.9473
vn -0.4654 -0.2197 0.8574
vn -0.7923 -0.2169 0.5702
vn -0.7484 -0.0000 0.6632
vn -0.7923 0.2169 0.5702
vn -0.4653 0.2196 0.8575
vn -0.0462 0.3170 0.9473
vn -0.1128 0.0000 0.9936
vn -0.4485 -0.0000 0.8938
vn -0.4227 0.8147 -0.3969
vn -0.2734 0.7680 -0.5792
vn -0.2888 0.5979 -0.7478
vn 0.1201 0.7278 -0.6752
vn 0.5343 0.6221 -0.5723
vn 0.4053 0.8389 -0.3633
vn 0.3384 0.9391 -0.0594
vn -0.0160 0.9472 -0.3202
vn 0.0839 0.8617 -0.5004
vn -0.2887 -0.5979 -0.7478
vn -0.2733 -0.7680 -0.5792
vn -0.4226 -0.8148 -0.3969
vn -0.0160 -0.9472 -0.3202
vn 0.3385 -0.9391 -0.0592
vn 0.4055 -0.8388 -0.3633
vn 0.5343 -0.6221 -0.5723
vn 0.1201 -0.7278 -0.6752
vn 0.0839 -0.8617 -0.5004
vn -0.3172 -0.9473 0.0459
vn -0.2196 -0.8575 0.4653
vn -0.2169 -0.5702 0.7923
vn -0.0000 -0.6632 0.7484
vn 0.2169 -0.5702 0.7923
vn 0.2194 -0.8574 0.4656
vn 0.3170 -0.9473 0.0462
vn 0.0000 -0.9936 0.1128
vn 0.0000 -0.8938 0.4485
vn 0.8147 0.3969 0.4227
vn 0.7680 0.5792 0.2733
vn 0.5979 0.7478 0.2887
vn 0.7278 0.6752 -0.1201
vn 0.6221 0.5723 -0.5343
vn 0.8389 0.3633 -0.4053
vn 0.9391 0.0594 -0.3384
vn 0.9472 0.3202 0.0160
vn 0.8617 0.5004 -0.0839
vn -0.5979 0.7478 0.2887
vn -0.7680 0.5791 0.2736
vn -0.8148 0.3969 0.4226
vn -0.9472 0.3202 0.0160
vn -0.9391 0.0592 -0.3385
vn -0.8388 0.3633 -0.4055
vn -0.6221 0.5723 -0.5343
vn -0.7278 0.6752 -0.1201
vn -0.8617 0.5004 -0.0839
vn 0.3172 0.9473 0.0459
vn 0.2196 0.8575 0.4653
vn 0.2169 0.5702 0.7923
vn 0.0000 0.6632 0.7484
vn -0.2169 0.5702 0.7923
vn -0.2194 0.8574 0.4656
vn -0.3170 0.9473 0.0462
vn 0.0000 0.9936 0.1128
vn -0.0000 0.8938 0.4485
vn -0.8147 -0.3969 0.4227
vn -0.7680 -0.5792 0.2733
vn -0.5979 -0.7478 0.2887
vn -0.7278 -0.6752 -0.1201
vn -0.6221 -0.5723 -0.5343
vn -0.8389 -0.3633 -0.4053
vn -0.9391 -0.0594 -0.3384
vn -0.9472 -0.3202 0.0160
vn -0.8617 -0.5004 -0.0839
vn 0.5979 -0.7478 0.2887
vn 0.7680 -0.5791 0.2736
vn 0.8148 -0.3969 0.4226
vn 0.9472 -0.3202 0.0160
vn 0.9391 -0.0592 -0.3385
vn 0.8388 -0.3633 -0.4055
vn 0.6221 -0.5723 -0.5343
vn 0.7278 -0.6752 -0.1201
vn 0.8617 -0.5004 -0.0839
vn 0.3172 -0.9473 -0.0459
vn 0.2196 -0.8575 -0.4653
vn 0.2169 -0.5702 -0.7923
vn 0.0000 -0.6632 -0.7484
vn -0.2169 -0.5702 -0.7923
vn -0.2194 -0.8574 -0.4656
vn -0.3170 -0.9473 -0.0462
vn 0.0000 -0.9936 -0.1128
vn -0.0000 -0.8938 -0.4485
vn -0.8147 0.3969 -0.4227
vn -0.7680 0.5792 -0.2733
vn -0.5979 0.7478 -0.2887
vn -0.7278 0.6752 0.1201
vn -0.6221 0.5723 0.5343
vn -0.8389 0.3633 0.4053
vn -0.9391 0.0594 0.3384
vn -0.9472 0.3202 -0.0160
vn -0.8617 0.5004 0.0839
vn 0.5979 0.7478 -0.2887
vn 0.7680 0.5791 -0.2736
vn 0.8148 0.3969 -0.4226
vn 0.9472 0.3202 -0.0160
vn 0.9391 0.0592 0.3385
vn 0.8388 0.3633 0.4055
vn 0.6221 0.5723 0.5343
vn 0.7278 0.6752 0.1201
vn 0.8617 0.5004 0.0839
vn -0.3172 0.9473 -0.0459
vn -0.2196 0.8575 -0.4653
vn -0.2169 0.5702 -0.7923
vn -0.0000 0.6632 -0.7484
vn 0.2169 0.5702 -0.7923
vn 0.2194 0.8574 -0.4656
vn 0.3170 0.9473 -0.0462
vn 0.0000 0.9936 -0.1128
vn 0.0000 0.8938 -0.4485
vn 0.8147 -0.3969 -0.4227
vn 0.7680 -0.5792 -0.2733
vn 0.5979 -0.7478 -0.2887
vn 0.7278 -0.6752 0.1201
vn 0.6221 -0.5723 0.5343
vn 0.8389 -0.3633 0.4053
vn 0.9391 -0.0594 0.3384
vn 0.9472 -0.3202 -0.0160
vn 0.8617 -0.5004 0.0839
vn -0.5979 -0.7478 -0.2887
vn -0.7680 -0.5791 -0.2736
vn -0.8148 -0.3969 -0.4226
vn -0.9472 -0.3202 -0.0160
vn -0.9391 -0.0592 0.3385
vn -0.8388 -0.3633 0.4055
vn -0.6221 -0.5723 0.5343
vn -0.7278 -0.6752 0.1201
vn -0.8617 -0.5004 0.0839
vn -0.9552 -0.1666 -0.2446
vn -0.8213 -0.5562 -0.1269
vn -0.5369 -0.8436 0.0140
vn 0.4628 -0.1894 0.8660
vn 0.1963 -0.6597 0.7254
vn -0.1315 -0.9242 0.3585
vn 0.0140 -0.5369 -0.8436
vn -0.1269 -0.8213 -0.5561
vn -0.2446 -0.9552 -0.1666
vn -0.5654 -0.6415 -0.5184
vn -0.5000 -0.8090 -0.3090
vn -0.3965 -0.9149 -0.0761
vn 0.8266 0.4823 0.2899
vn 0.7726 0.3641 0.5201
vn 0.6646 0.2203 0.7140
vn 0.2203 0.7140 0.6646
vn 0.3640 0.5202 0.7726
vn 0.4824 0.2898 0.8266
vn 0.2361 0.9499 -0.2050
vn 0.5000 0.8089 0.3094
vn 0.5871 0.3822 0.7137
vn 0.8660 0.4628 -0.1894
vn 0.7254 0.1963 -0.6597
vn 0.3585 -0.1315 -0.9242
vn -0.8436 0.0140 -0.5369
vn -0.5562 -0.1269 -0.8213
vn -0.1666 -0.2446 -0.9552
vn -0.5184 -0.5654 -0.6415
vn -0.3090 -0.5000 -0.8090
vn -0.0761 -0.3965 -0.9149
vn 0.2898 0.8266 0.4824
vn 0.5202 0.7726 0.3640
vn 0.7140 0.6646 0.2203
vn -0.2050 0.2361 0.9499
vn 0.3089 0.5000 0.8091
vn 0.7138 0.5871 0.3817
vn -0.1894 0.8660 0.4628
vn -0.6597 0.7254 0.1963
vn -0.9242 0.3585 -0.1315
vn -0.6415 -0.5184 -0.5654
vn -0.8090 -0.3090 -0.5000
vn -0.9149 -0.0761 -0.3965
vn 0.9499 -0.2050 0.2361
vn 0.8091 0.3089 0.5000
vn 0.3822 0.7137 0.5871
vn -0.5370 -0.8435 -0.0140
vn -0.8214 -0.5561 0.1270
vn -0.9552 -0.1668 0.2446
vn -0.1894 0.8660 -0.4628
vn -0.6597 0.7254 -0.1963
vn -0.9242 0.3585 0.1315
vn -0.1668 -0.2446 0.9552
vn -0.5561 -0.1270 0.8213
vn -0.8435 0.0140 0.5370
vn -0.6415 -0.5184 0.5654
vn -0.8090 -0.3090 0.5000
vn -0.9149 -0.0761 0.3965
vn 0.7140 0.6646 -0.2203
vn 0.5202 0.7726 -0.3640
vn 0.2898 0.8266 -0.4824
vn 0.4824 0.2898 -0.8266
vn 0.3640 0.5202 -0.7726
vn 0.2203 0.7140 -0.6646
vn 0.9499 -0.2050 -0.2361
vn 0.8091 0.3089 -0.5000
vn 0.3822 0.7137 -0.5871
vn 0.8660 0.4628 0.1894
vn 0.7254 0.1963 0.6597
vn 0.3585 -0.1315 0.9242
vn -0.2446 -0.9552 0.1668
vn -0.1270 -0.8213 0.5561
vn 0.0140 -0.5370 0.8435
vn -0.5184 -0.5654 0.6415
vn -0.3090 -0.5000 0.8090
vn -0.0761 -0.3965 0.9149
vn 0.6646 0.2203 -0.7140
vn 0.7726 0.3641 -0.5201
vn 0.8266 0.4823 -0.2899
vn -0.2050 0.2361 -0.9499
vn 0.3089 0.5000 -0.8091
vn 0.7137 0.5871 -0.3822
vn 0.4628 -0.1894 -0.8660
vn 0.1963 -0.6597 -0.7254
vn -0.1315 -0.9242 -0.3585
vn -0.5654 -0.6415 0.5184
vn -0.5000 -0.8090 0.3090
vn -0.3965 -0.9149 0.0761
vn 0.2361 0.9499 0.2050
vn 0.5000 0.8091 -0.3089
vn 0.5871 0.3822 -0.7137
vn -0.5370 0.8435 0.0140
vn -0.8214 0.5561 -0.1270
vn -0.9552 0.1668 -0.2446
vn -0.1894 -0.8660 0.4628
vn -0.6597 -0.7254 0.1963
vn -0.9242 -0.3585 -0.1315
vn -0.1668 0.2446 -0.9552
vn -0.5561 0.1270 -0.8213
vn -0.8435 -0.0140 -0.5370
vn -0.6415 0.5184 -0.5654
vn -0.8090 0.3090 -0.5000
vn -0.9149 0.0761 -0.3965
vn 0.7140 -0.6646 0.2203
vn 0.5202 -0.7726 0.3640
vn 0.2898 -0.8266 0.4824
vn 0.4824 -0.2898 0.8266
vn 0.3640 -0.5202 0.7726
vn 0.2203 -0.7140 0.6646
vn 0.9499 0.2050 0.2361
vn 0.8091 -0.3089 0.5000
vn 0.3822 -0.7137 0.5871
vn 0.8660 -0.4628 -0.1894
vn 0.7254 -0.1963 -0.6597
vn 0.3585 0.1315 -0.9242
vn -0.2446 0.9552 -0.1668
vn -0.1270 0.8213 -0.5561
vn 0.0140 0.5370 -0.8435
vn -0.5184 0.5654 -0.6415
vn -0.3090 0.5000 -0.8090
vn -0.0761 0.3965 -0.9149
vn 0.6646 -0.2203 0.7140
vn 0.7726 -0.3641 0.5201
vn 0.8266 -0.4823 0.2899
vn -0.2050 -0.2361 0.9499
vn 0.3089 -0.5000 0.8091
vn 0.7137 -0.5871 0.3822
vn 0.4628 0.1894 0.8660
vn 0.1963 0.6597 0.7254
vn -0.1315 0.9242 0.3585
vn -0.5654 0.6415 -0.5184
vn -0.5000 0.8090 -0.3090
vn -0.3965 0.9149 -0.0761
vn 0.2361 -0.9499 -0.2050
vn 0.5000 -0.8091 0.3089
vn 0.5871 -0.3822 0.7137
vn -0.9552 0.1666 0.2446
vn -0.8213 0.5562 0.1269
vn -0.5369 0.8436 -0.0140
vn 0.4628 0.1894 -0.8660
vn 0.1963 0.6597 -0.7254
vn -0.1315 0.9242 -0.3585
vn 0.0140 0.5369 0.8436
vn -0.1269 0.8213 0.5561
vn -0.2446 0.9552 0.1666
vn -0.5654 0.6415 0.5184
vn -0.5000 0.8090 0.3090
vn -0.3965 0.9149 0.0761
vn 0.8266 -0.4823 -0.2899
vn 0.7726 -0.3641 -0.5201
vn 0.6646 -0.2203 -0.7140
vn 0.2203 -0.7140 -0.6646
vn 0.3640 -0.5202 -0.7726
vn 0.4824 -0.2898 -0.8266
vn 0.2361 -0.9499 0.2050
vn 0.5000 -0.8089 -0.3094
vn 0.5871 -0.3822 -0.7137
vn 0.8660 -0.4628 0.1894
vn 0.7254 -0.1963 0.6597
vn 0.3585 0.1315 0.9242
vn -0.8436 -0.0140 0.5369
vn -0.5562 0.1269 0.8213
vn -0.1666 0.2446 0.9552
vn -0.5184 0.5654 0.6415
vn -0.3090 0.5000 0.8090
vn -0.0761 0.3965 0.9149
vn 0.2898 -0.8266 -0.4824
vn 0.5202 -0.7726 -0.3640
vn 0.7140 -0.6646 -0.2203
vn -0.2050 -0.2361 -0.9499
vn 0.3089 -0.5000 -0.8091
vn 0.7138 -0.5871 -0.3817
vn -0.1894 -0.8660 -0.4628
vn -0.6597 -0.7254 -0.1963
vn -0.9242 -0.3585 0.1315
vn -0.6415 0.5184 0.5654
vn -0.8090 0.3090 0.5000
vn -0.9149 0.0761 0.3965
vn 0.9499 0.2050 -0.2361
vn 0.8091 -0.3089 -0.5000
vn 0.3822 -0.7137 -0.5871
vn 0.5370 -0.8435 0.0140
vn 0.8214 -0.5561 -0.1270
vn 0.9552 -0.1668 -0.2446
vn 0.1894 0.8660 0.4628
vn 0.6597 0.7254 0.1963
vn 0.9242 0.3585 -0.1315
vn 0.1668 -0.2446 -0.9552
vn 0.5561 -0.1270 -0.8213
vn 0.8435 0.0140 -0.5370
vn 0.6415 -0.5184 -0.5654
vn 0.8090 -0.3090 -0.5000
vn 0.9149 -0.0761 -0.3965
vn -0.7140 0.6646 0.2203
vn -0.5202 0.7726 0.3640
vn -0.2898 0.8266 0.4824
vn -0.4824 0.2898 0.8266
vn -0.3640 0.5202 0.7726
vn -0.2203 0.7140 0.6646
vn -0.9499 -0.2050 0.2361
vn -0.8091 0.3089 0.5000
vn -0.3822 0.7137 0.5871
vn -0.8660 0.4628 -0.1894
vn -0.7254 0.1963 -0.6597
vn -0.3585 -0.1315 -0.9242
vn 0.2446 -0.9552 -0.1668
vn 0.1270 -0.8213 -0.5561
vn -0.0140 -0.5370 -0.8435
vn 0.5184 -0.5654 -0.6415
vn 0.3090 -0.5000 -0.8090
vn 0.0761 -0.3965 -0.9149
vn -0.6646 0.2203 0.7140
vn -0.7726 0.3641 0.5201
vn -0.8266 0.4823 0.2899
vn 0.2050 0.2361 0.9499
vn -0.3089 0.5000 0.8091
vn -0.7137 0.5871 0.3822
vn -0.4628 -0.1894 0.8660
vn -0.1963 -0.6597 0.7254
vn 0.1315 -0.9242 0.3585
vn 0.5654 -0.6415 -0.5184
vn 0.5000 -0.8090 -0.3090
vn 0.3965 -0.9149 -0.0761
vn -0.2361 0.9499 -0.2050
vn -0.5000 0.8091 0.3089
vn -0.5871 0.3822 0.7137
vn 0.9552 -0.1666 0.2446
vn 0.8213 -0.5562 0.1269
vn 0.5369 -0.8436 -0.0140
vn -0.4628 -0.1894 -0.8660
vn -0.1963 -0.6597 -0.7254
vn 0.1315 -0.9242 -0.3585
vn -0.0140 -0.5369 0.8436
vn 0.1269 -0.8213 0.5561
vn 0.2446 -0.9552 0.1666
vn 0.5654 -0.6415 0.5184
vn 0.5000 -0.8090 0.3090
vn 0.3965 -0.9149 0.0761
vn -0.8266 0.4823 -0.2899
vn -0.7726 0.3641 -0.5201
vn -0.6646 0.2203 -0.7140
vn -0.2203 0.7140 -0.6646
vn -0.3640 0.5202 -0.7726
vn -0.4824 0.2898 -0.8266
vn -0.2361 0.9499 0.2050
vn -0.5000 0.8089 -0.3094
vn -0.5871 0.3822 -0.7137
vn -0.8660 0.4628 0.1894
vn -0.7254 0.1963 0.6597
vn -0.3585 -0.1315 0.9242
vn 0.8436 0.0140 0.5369
vn 0.5562 -0.1269 0.8213
vn 0.1666 -0.2446 0.9552
vn 0.5184 -0.5654 0.6415
vn 0.3090 -0.5000 0.8090
vn 0.0761 -0.3965 0.9149
vn -0.2898 0.8266 -0.4824
vn -0.5202 0.7726 -0.3640
vn -0.7140 0.6646 -0.2203
vn 0.2050 0.2361 -0.9499
vn -0.3089 0.5000 -0.8091
vn -0.7138 0.5871 -0.3817
vn 0.1894 0.8660 -0.4628
vn 0.6597 0.7254 -0.1963
vn 0.9242 0.3585 0.1315
vn 0.6415 -0.5184 0.5654
vn 0.8090 -0.3090 0.5000
vn 0.9149 -0.0761 0.3965
vn -0.9499 -0.2050 -0.2361
vn -0.8091 0.3089 -0.5000
vn -0.3822 0.7137 -0.5871
vn 0.9552 0.1666 -0.2446
vn 0.8213 0.5562 -0.1269
vn 0.5369 0.8436 0.0140
vn -0.4628 0.1894 0.8660
vn -0.1963 0.6597 0.7254
vn 0.1315 0.9242 0.3585
vn -0.0140 0.5369 -0.8436
vn 0.1269 0.8213 -0.5561
vn 0.2446 0.9552 -0.1666
vn 0.5654 0.6415 -0.5184
vn 0.5000 0.8090 -0.3090
vn 0.3965 0.9149 -0.0761
vn -0.8266 -0.4823 0.2899
vn -0.7726 -0.3641 0.5201
vn -0.6646 -0.2203 0.7140
vn -0.2203 -0.7140 0.6646
vn -0.3640 -0.5202 0.7726
vn -0.4824 -0.2898 0.8266
vn -0.2361 -0.9499 -0.2050
vn -0.5000 -0.8089 0.3094
vn -0.5871 -0.3822 0.7137
vn -0.8660 -0.4628 -0.1894
vn -0.7254 -0.1963 -0.6597
vn -0.3585 0.1315 -0.9242
vn 0.8436 -0.0140 -0.5369
vn 0.5562 0.1269 -0.8213
vn 0.1666 0.2446 -0.9552
vn 0.5184 0.5654 -0.6415
vn 0.3090 0.5000 -0.8090
vn 0.0761 0.3965 -0.9149
vn -0.2898 -0.8266 0.4824
vn -0.5202 -0.7726 0.3640
vn -0.7140 -0.6646 0.2203
vn 0.2050 -0.2361 0.9499
vn -0.3089 -0.5000 0.8091
vn -0.7138 -0.5871 0.3817
vn 0.1894 -0.8660 0.4628
vn 0.6597 -0.7254 0.1963
vn 0.9242 -0.3585 -0.1315
vn 0.6415 0.5184 -0.5654
vn 0.8090 0.3090 -0.5000
vn 0.9149 0.0761 -0.3965
vn -0.9499 0.2050 0.2361
vn -0.8091 -0.3089 0.5000
vn -0.3822 -0.7137 0.5871
vn 0.5370 0.8435 -0.0140
vn 0.8214 0.5561 0.1270
vn 0.9552 0.1668 0.2446
vn 0.1894 -0.8660 -0.4628
vn 0.6597 -0.7254 -0.1963
vn 0.9242 -0.3585 0.1315
vn 0.1668 0.2446 0.9552
vn 0.5561 0.1270 0.8213
vn 0.8435 -0.0140 0.5370
vn 0.6415 0.5184 0.5654
vn 0.8090 0.3090 0.5000
vn 0.9149 0.0761 0.3965
vn -0.7140 -0.6646 -0.2203
vn -0.5202 -0.7726 -0.3640
vn -0.2898 -0.8266 -0.4824
vn -0.4824 -0.2898 -0.8266
vn -0.3640 -0.5202 -0.7726
vn -0.2203 -0.7140 -0.6646
vn -0.9499 0.2050 -0.2361
vn -0.8091 -0.3089 -0.5000
vn -0.3822 -0.7137 -0.5871
vn -0.8660 -0.4628 0.1894
vn -0.7254 -0.1963 0.6597
vn -0.3585 0.1315 0.9242
vn 0.2446 0.9552 0.1668
vn 0.1270 0.8213 0.5561
vn -0.0140 0.5370 0.8435
vn 0.5184 0.5654 0.6415
vn 0.3090 0.5000 0.8090
vn 0.0761 0.3965 0.9149
vn -0.6646 -0.2203 -0.7140
vn -0.7726 -0.3641 -0.5201
vn -0.8266 -0.4823 -0.2899
vn 0.2050 -0.2361 -0.9499
vn -0.3089 -0.5000 -0.8091
vn -0.7137 -0.5871 -0.3822
vn -0.4628 0.1894 -0.8660
vn -0.1963 0.6597 -0.7254
vn 0.1315 0.9242 -0.3585
vn 0.5654 0.6415 0.5184
vn 0.5000 0.8090 0.3090
vn 0.3965 0.9149 0.0761
vn -0.2361 -0.9499 0.2050
vn -0.5000 -0.8091 -0.3089
vn -0.5871 -0.3822 -0.7137
vn -0.7020 -0.5764 -0.4181
vn -0.7729 -0.6346 0.0001
vn -0.7020 -0.5764 0.4183
vn -0.1171 0.7489 0.6523
vn -0.4078 0.3176 0.8561
vn -0.5712 -0.2127 0.7928
vn 0.2671 -0.9466 0.1806
vn -0.0787 -0.8997 0.4293
vn -0.4096 -0.6882 0.5989
vn 0.6729 0.7311 0.1126
vn 0.4775 0.8416 0.2525
vn 0.2487 0.8931 0.3747
vn 0.0665 0.9628 -0.2621
vn 0.0689 0.9976 0.0000
vn 0.0665 0.9628 0.2621
vn 0.9383 0.3459 0.0000
vn 0.9774 -0.2112 0.0000
vn 0.7116 -0.7026 0.0000
vn -0.4097 -0.6881 -0.5989
vn -0.0786 -0.8998 -0.4292
vn 0.2671 -0.9466 -0.1806
vn -0.2733 -0.9619 0.0000
vn 0.0000 -1.0000 0.0000
vn 0.2733 -0.9619 -0.0000
vn 0.2486 0.8932 -0.3748
vn 0.4774 0.8416 -0.2526
vn 0.6729 0.7311 -0.1126
vn -0.5679 0.8231 0.0000
vn 0.0000 1.0000 0.0000
vn 0.5679 0.8231 -0.0000
vn -0.1171 0.7489 -0.6523
vn -0.4078 0.3176 -0.8561
vn -0.5712 -0.2127 -0.7928
vn 0.7020 -0.5764 0.4181
vn 0.7729 -0.6346 -0.0001
vn 0.7020 -0.5764 -0.4183
vn 0.1171 0.7489 -0.6523
vn 0.4078 0.3176 -0.8561
vn 0.5712 -0.2127 -0.7928
vn -0.2671 -0.9466 -0.1806
vn 0.0787 -0.8997 -0.4293
vn 0.4096 -0.6882 -0.5989
vn -0.6729 0.7311 -0.1126
vn -0.4775 0.8416 -0.2525
vn -0.2487 0.8931 -0.3747
vn -0.0665 0.9628 0.2621
vn -0.0689 0.9976 0.0000
vn -0.0665 0.9628 -0.2621
vn -0.9383 0.3459 0.0000
vn -0.9774 -0.2112 -0.0000
vn -0.7116 -0.7026 0.0000
vn 0.4097 -0.6881 0.5989
vn 0.0786 -0.8998 0.4292
vn -0.2671 -0.9466 0.1806
vn -0.2486 0.8932 0.3748
vn -0.4774 0.8416 0.2526
vn -0.6729 0.7311 0.1126
vn 0.1171 0.7489 0.6523
vn 0.4078 0.3176 0.8561
vn 0.5712 -0.2127 0.7928
vn -0.7020 0.5764 0.4181
vn -0.7729 0.6346 -0.0001
vn -0.7020 0.5764 -0.4183
vn -0.1171 -0.7489 -0.6523
vn -0.4078 -0.3176 -0.8561
vn -0.5712 0.2127 -0.7928
vn 0.2671 0.9466 -0.1806
vn -0.0787 0.8997 -0.4293
vn -0.4096 0.6882 -0.5989
vn 0.6729 -0.7311 -0.1126
vn 0.4775 -0.8416 -0.2525
vn 0.2487 -0.8931 -0.3747
vn 0.0665 -0.9628 0.2621
vn 0.0689 -0.9976 0.0000
vn 0.0665 -0.9628 -0.2621
vn 0.9383 -0.3459 0.0000
vn 0.9774 0.2112 -0.0000
vn 0.7116 0.7026 0.0000
vn -0.4097 0.6881 0.5989
vn -0.0786 0.8998 0.4292
vn 0.2671 0.9466 0.1806
vn -0.2733 0.9619 -0.0000
vn 0.2733 0.9619 0.0000
vn 0.2486 -0.8932 0.3748
vn 0.4774 -0.8416 0.2526
vn 0.6729 -0.7311 0.1126
vn -0.5679 -0.8231 -0.0000
vn 0.5679 -0.8231 0.0000
vn -0.1171 -0.7489 0.6523
vn -0.4078 -0.3176 0.8561
vn -0.5712 0.2127 0.7928
vn 0.7020 0.5764 -0.4181
vn 0.7729 0.6346 0.0001
vn 0.7020 0.5764 0.4183
vn 0.1171 -0.7489 0.6523
vn 0.4078 -0.3176 0.8561
vn 0.5712 0.2127 0.7928
vn -0.2671 0.9466 0.1806
vn 0.0787 0.8997 0.4293
vn 0.4096 0.6882 0.5989
vn -0.6729 -0.7311 0.1126
vn -0.4775 -0.8416 0.2525
vn -0.2487 -0.8931 0.3747
vn -0.0665 -0.9628 -0.2621
vn -0.0689 -0.9976 0.0000
vn -0.0665 -0.9628 0.2621
vn -0.9383 -0.3459 0.0000
vn -0.9774 0.2112 0.0000
vn -0.7116 0.7026 0.0000
vn 0.4097 0.6881 -0.5989
vn 0.0786 0.8998 -0.4292
vn -0.2671 0.9466 -0.1806
vn -0.2486 -0.8932 -0.3748
vn -0.4774 -0.8416 -0.2526
vn -0.6729 -0.7311 -0.1126
vn 0.1171 -0.7489 -0.6523
vn 0.4078 -0.3176 -0.8561
vn 0.5712 0.2127 -0.7928
vn -0.5764 -0.4184 -0.7019
vn -0.6346 0.0001 -0.7729
vn -0.5764 0.4183 -0.7020
vn 0.7489 0.6523 -0.1171
vn 0.3176 0.8561 -0.4078
vn -0.2127 0.7928 -0.5712
vn -0.9466 0.1806 0.2671
vn -0.8998 0.4292 -0.0784
vn -0.6880 0.5989 -0.4098
vn 0.7311 0.1126 0.6729
vn 0.8416 0.2525 0.4775
vn 0.8931 0.3747 0.2487
vn 0.9628 -0.2621 0.0665
vn 0.9976 0.0000 0.0689
vn 0.9628 0.2621 0.0665
vn 0.3459 0.0000 0.9383
vn -0.2112 0.0000 0.9774
vn -0.7026 0.0000 0.7116
vn -0.6881 -0.5989 -0.4097
vn -0.8998 -0.4292 -0.0786
vn -0.9466 -0.1806 0.2671
vn -0.9619 0.0000 -0.2733
vn -1.0000 0.0000 0.0000
vn -0.9619 -0.0000 0.2733
vn 0.8931 -0.3747 0.2487
vn 0.8416 -0.2525 0.4775
vn 0.7311 -0.1126 0.6729
vn 0.8231 0.0000 -0.5679
vn 1.0000 0.0000 0.0000
vn 0.8231 -0.0000 0.5679
vn 0.7489 -0.6523 -0.1171
vn 0.3178 -0.8560 -0.4077
vn -0.2128 -0.7927 -0.5712
vn -0.5764 0.4184 0.7019
vn -0.6346 -0.0001 0.7729
vn -0.5764 -0.4183 0.7020
vn 0.7489 -0.6523 0.1171
vn 0.3176 -0.8561 0.4078
vn -0.2127 -0.7928 0.5712
vn -0.9466 -0.1806 -0.2671
vn -0.8998 -0.4292 0.0784
vn -0.6880 -0.5989 0.4098
vn 0.7311 -0.1126 -0.6729
vn 0.8416 -0.2525 -0.4775
vn 0.8931 -0.3747 -0.2487
vn 0.9628 0.2621 -0.0665
vn 0.9976 0.0000 -0.0689
vn 0.9628 -0.2621 -0.0665
vn 0.3459 0.0000 -0.9383
vn -0.2112 -0.0000 -0.9774
vn -0.7026 0.0000 -0.7116
vn -0.6881 0.5989 0.4097
vn -0.8998 0.4292 0.0786
vn -0.9466 0.1806 -0.2671
vn 0.8931 0.3747 -0.2487
vn 0.8416 0.2525 -0.4775
vn 0.7311 0.1126 -0.6729
vn 0.7489 0.6523 0.1171
vn 0.3178 0.8560 0.4077
vn -0.2128 0.7927 0.5712
vn 0.5764 0.4184 -0.7019
vn 0.6346 -0.0001 -0.7729
vn 0.5764 -0.4183 -0.7020
vn -0.7489 -0.6523 -0.1171
vn -0.3176 -0.8561 -0.4078
vn 0.2127 -0.7928 -0.5712
vn 0.9466 -0.1806 0.2671
vn 0.8998 -0.4292 -0.0784
vn 0.6880 -0.5989 -0.4098
vn -0.7311 -0.1126 0.6729
vn -0.8416 -0.2525 0.4775
vn -0.8931 -0.3747 0.2487
vn -0.9628 0.2621 0.0665
vn -0.9976 0.0000 0.0689
vn -0.9628 -0.2621 0.0665
vn -0.3459 0.0000 0.9383
vn 0.2112 -0.0000 0.9774
vn 0.7026 0.0000 0.7116
vn 0.6881 0.5989 -0.4097
vn 0.8998 0.4292 -0.0786
vn 0.9466 0.1806 0.2671
vn 0.9619 -0.0000 -0.2733
vn 0.9619 0.0000 0.2733
vn -0.8931 0.3747 0.2487
vn -0.8416 0.2525 0.4775
vn -0.7311 0.1126 0.6729
vn -0.8231 -0.0000 -0.5679
vn -0.8231 0.0000 0.5679
vn -0.7489 0.6523 -0.1171
vn -0.3178 0.8560 -0.4077
vn 0.2128 0.7927 -0.5712
vn 0.5764 -0.4184 0.7019
vn 0.6346 0.0001 0.7729
vn 0.5764 0.4183 0.7020
vn -0.7489 0.6523 0.1171
vn -0.3176 0.8561 0.4078
vn 0.2127 0.7928 0.5712
vn 0.9466 0.1806 -0.2671
vn 0.8998 0.4292 0.0784
vn 0.6880 0.5989 0.4098
vn -0.7311 0.1126 -0.6729
vn -0.8416 0.2525 -0.4775
vn -0.8931 0.3747 -0.2487
vn -0.9628 -0.2621 -0.0665
vn -0.9976 0.0000 -0.0689
vn -0.9628 0.2621 -0.0665
vn -0.3459 0.0000 -0.9383
vn 0.2112 0.0000 -0.9774
vn 0.7026 0.0000 -0.7116
vn 0.6881 -0.5989 0.4097
vn 0.8998 -0.4292 0.0786
vn 0.9466 -0.1806 -0.2671
vn -0.8931 -0.3747 -0.2487
vn -0.8416 -0.2525 -0.4775
vn -0.7311 -0.1126 -0.6729
vn -0.7489 -0.6523 0.1171
vn -0.3178 -0.8560 0.4077
vn 0.2128 -0.7927 0.5712
vn -0.4183 -0.7020 -0.5764
vn 0.0000 -0.7729 -0.6346
vn 0.4183 -0.7020 -0.5764
vn 0.6523 -0.1171 0.7489
vn 0.8561 -0.4078 0.3176
vn 0.7928 -0.5712 -0.2127
vn 0.1806 0.2671 -0.9466
vn 0.4293 -0.0787 -0.8997
vn 0.5989 -0.4096 -0.6882
vn 0.1126 0.6729 0.7311
vn 0.2525 0.4775 0.8416
vn 0.3747 0.2487 0.8931
vn -0.2621 0.0665 0.9628
vn 0.0000 0.0689 0.9976
vn 0.2621 0.0665 0.9628
vn 0.0000 0.9383 0.3459
vn 0.0000 0.9774 -0.2112
vn 0.0000 0.7116 -0.7026
vn -0.5989 -0.4097 -0.6881
vn -0.4292 -0.0786 -0.8998
vn -0.1806 0.2671 -0.9466
vn 0.0000 -0.2733 -0.9619
vn 0.0000 0.0000 -1.0000
vn -0.0000 0.2733 -0.9619
vn -0.3748 0.2486 0.8932
vn -0.2526 0.4774 0.8416
vn -0.1126 0.6729 0.7311
vn 0.0000 -0.5679 0.8231
vn 0.0000 0.0000 1.0000
vn -0.0000 0.5679 0.8231
vn -0.6523 -0.1171 0.7489
vn -0.8561 -0.4078 0.3176
vn -0.7928 -0.5712 -0.2127
vn 0.4183 0.7020 -0.5764
vn 0.0000 0.7729 -0.6346
vn -0.4183 0.7020 -0.5764
vn -0.6523 0.1171 0.7489
vn -0.8561 0.4078 0.3176
vn -0.7928 0.5712 -0.2127
vn -0.1806 -0.2671 -0.9466
vn -0.4293 0.0787 -0.8997
vn -0.5989 0.4096 -0.6882
vn -0.1126 -0.6729 0.7311
vn -0.2525 -0.4775 0.8416
vn -0.3747 -0.2487 0.8931
vn 0.2621 -0.0665 0.9628
vn 0.0000 -0.0689 0.9976
vn -0.2621 -0.0665 0.9628
vn 0.0000 -0.9383 0.3459
vn -0.0000 -0.9774 -0.2112
vn 0.0000 -0.7116 -0.7026
vn 0.5989 0.4097 -0.6881
vn 0.4292 0.0786 -0.8998
vn 0.1806 -0.2671 -0.9466
vn 0.3748 -0.2486 0.8932
vn 0.2526 -0.4774 0.8416
vn 0.1126 -0.6729 0.7311
vn 0.6523 0.1171 0.7489
vn 0.8561 0.4078 0.3176
vn 0.7928 0.5712 -0.2127
vn 0.4183 -0.7020 0.5764
vn 0.0000 -0.7729 0.6346
vn -0.4183 -0.7020 0.5764
vn -0.6523 -0.1171 -0.7489
vn -0.8561 -0.4078 -0.3176
vn -0.7928 -0.5712 0.2127
vn -0.1806 0.2671 0.9466
vn -0.4293 -0.0787 0.8997
vn -0.5989 -0.4096 0.6882
vn -0.1126 0.6729 -0.7311
vn -0.2525 0.4775 -0.8416
vn -0.3747 0.2487 -0.8931
vn 0.2621 0.0665 -0.9628
vn 0.0000 0.0689 -0.9976
vn -0.2621 0.0665 -0.9628
vn 0.0000 0.9383 -0.3459
vn -0.0000 0.9774 0.2112
vn 0.0000 0.7116 0.7026
vn 0.5989 -0.4097 0.6881
vn 0.4292 -0.0786 0.8998
vn 0.1806 0.2671 0.9466
vn -0.0000 -0.2733 0.9619
vn 0.0000 0.2733 0.9619
vn 0.3748 0.2486 -0.8932
vn 0.2526 0.4774 -0.8416
vn 0.1126 0.6729 -0.7311
vn -0.0000 -0.5679 -0.8231
vn 0.0000 0.5679 -0.8231
vn 0.6523 -0.1171 -0.7489
vn 0.8561 -0.4078 -0.3176
vn 0.7928 -0.5712 0.2127
vn -0.4183 0.7020 0.5764
vn 0.0000 0.7729 0.6346
vn 0.4183 0.7020 0.5764
vn 0.6523 0.1171 -0.7489
vn 0.8561 0.4078 -0.3176
vn 0.7928 0.5712 0.2127
vn 0.1806 -0.2671 0.9466
vn 0.4293 0.0787 0.8997
vn 0.5989 0.4096 0.6882
vn 0.1126 -0.6729 -0.7311
vn 0.2525 -0.4775 -0.8416
vn 0.3747 -0.2487 -0.8931
vn -0.2621 -0.0665 -0.9628
vn 0.0000 -0.0689 -0.9976
vn 0.2621 -0.0665 -0.9628
vn 0.0000 -0.9383 -0.3459
vn 0.0000 -0.9774 0.2112
vn 0.0000 -0.7116 0.7026
vn -0.5989 0.4097 0.6881
vn -0.4292 0.0786 0.8998
vn -0.1806 -0.2671 0.9466
vn -0.3748 -0.2486 -0.8932
vn -0.2526 -0.4774 -0.8416
vn -0.1126 -0.6729 -0.7311
vn -0.6523 0.1171 -0.7489
vn -0.8561 0.4078 -0.3176
vn -0.7928 0.5712 0.2127
vn -0.9489 0.1049 -0.2976
usemtl dtmo_base_mat
s 1
f 1//1 2//1 3//1 4//1
f 5//2 6//2 7//2 8//2
f 9//3 10//3 11//3 12//3
f 13//4 14//4 15//4 16//4
f 17//5 18//5 19//5 20//5
f 21//6 22//6 23//6 24//6
f 25//7 26//7 27//7 28//7
f 29//8 30//8 31//8 32//8
f 33//9 34//9 35//9 36//9
f 37//10 38//10 39//10 40//10
f 41//11 42//11 43//11 44//11
f 45//12 46//12 47//12 48//12
f 49//13 50//13 51//13 52//13
f 53//14 54//14 55//14 56//14
f 57//15 58//15 59//15 60//15
f 61//16 62//16 63//16 64//16
f 65//17 66//17 67//17 68//17
f 69//18 70//18 71//18 72//18
f 73//19 74//19 75//19 76//19
f 77//20 78//20 79//20 80//20
f 81//21 82//21 83//21 84//21
f 85//22 86//22 87//22 88//22
f 89//23 90//23 91//23 92//23
f 93//24 94//24 95//24 96//24
f 97//25 98//25 99//25 100//25
f 101//26 102//26 103//26 104//26
f 105//27 106//27 107//27 108//27
f 109//28 110//28 111//28 112//28
f 113//29 114//29 115//29 116//29
f 117//30 118//30 119//30 120//30
f 121//31 122//31 123//31 124//31
f 125//32 126//32 127//32 128//32
f 129//33 130//33 131//33 132//33
f 133//34 134//34 135//34 136//34
f 137//35 138//35 139//35 140//35
f 141//36 142//36 143//36 144//36
f 145//37 146//37 147//37 148//37
f 149//38 150//38 151//38 152//38
f 153//39 154//39 155//39 156//39
f 157//40 158//40 159//40 160//40
f 161//41 162//41 163//41 164//41
f 165//42 166//42 167//42 168//42
f 169//43 170//43 171//43 172//43
f 173//44 174//44 175//44 176//44
f 177//45 178//45 179//45 180//45
f 181//46 182//46 183//46 184//46
f 185//47 186//47 187//47 188//47
f 189//48 190//48 191//48 192//48
f 193//49 194//49 195//49 196//49
f 197//50 198//50 199//50 200//50
f 201//51 202//51 203//51 204//51
f 205//52 206//52 207//52 208//52
f 209//53 210//53 211//53 212//53
f 213//54 214//54 215//54 216//54
f 217//55 218//55 219//55 220//55
f 221//56 222//56 223//56 224//56
f 225//57 226//57 227//57 228//57
f 229//58 230//58 231//58 232//58
f 233//59 234//59 235//59 236//59
f 237//60 238//60 239//60 240//60
f 241//61 242//61 243//61 244//61
f 245//62 246//62 247//62 248//62
f 249//63 250//63 251//63 252//63
f 253//64 254//64 255//64 256//64
f 257//65 258//65 259//65 260//65
f 261//66 262//66 263//66 264//66
f 265//67 266//67 267//67 268//67
f 269//68 270//68 271//68 272//68
f 273//69 274//69 275//69 276//69
f 277//70 278//70 279//70 280//70
f 281//71 282//71 283//71 284//71
f 285//72 286//72 287//72 288//72
f 289//73 290//73 291//73 292//73
f 293//74 294//74 295//74 296//74
f 297//75 298//75 299//75 300//75
f 301//76 302//76 303//76 304//76
f 305//77 306//77 307//77 308//77
f 309//78 310//78 311//78 312//78
f 313//79 314//79 315//79 316//79
f 317//80 318//80 319//80 320//80
f 321//81 322//81 323//81 324//81
f 325//82 326//82 327//82 328//82
f 329//83 330//83 331//83 332//83
f 333//84 334//84 335//84 336//84
f 337//85 338//85 339//85 340//85
f 341//86 342//86 343//86 344//86
f 345//87 346//87 347//87 348//87
f 349//88 350//88 351//88 352//88
f 353//89 354//89 355//89 356//89
f 357//90 358//90 359//90 360//90
f 361//91 362//91 363//91 364//91
f 365//92 366//92 367//92 368//92
f 369//93 370//93 371//93 372//93
f 373//94 374//94 375//94 376//94
f 377//95 378//95 379//95 380//95
f 381//96 382//96 383//96 384//96
f 385//97 386//97 387//97 388//97
f 389//98 390//98 391//98 392//98
f 393//99 394//99 395//99 396//99
f 397//100 398//100 399//100 400//100
f 401//101 402//101 403//101 404//101
f 405//102 406//102 407//102 408//102
f 409//103 410//103 411//103 412//103
f 413//104 414//104 415//104 416//104
f 417//105 418//105 419//105 420//105
f 421//106 422//106 423//106 424//106
f 425//107 426//107 427//107 428//107
f 429//108 430//108 431//108 432//108
f 433//109 434//109 435//109 436//109
f 437//110 438//110 439//110 440//110
f 441//111 442//111 443//111 444//111
f 445//112 446//112 447//112 448//112
f 449//113 450//113 451//113 452//113
f 453//114 454//114 455//114 456//114
f 457//115 458//115 459//115 460//115
f 461//116 462//116 463//116 464//116
f 465//117 466//117 467//117 468//117
f 469//118 470//118 471//118 472//118
f 473//119 474//119 475//119 476//119
f 477//120 478//120 479//120 480//120
f 478//121 481//121 482//121 479//121
f 320//122 483//122 482//122 481//122
f 483//123 484//123 485//123 482//123
f 3//124 486//124 485//124 484//124
f 486//125 487//125 488//125 485//125
f 44//126 489//126 488//126 487//126
f 489//127 490//127 491//127 488//127
f 311//128 492//128 491//128 490//128
f 492//129 493//129 494//129 491//129
f 20//130 495//130 494//130 493//130
f 495//131 496//131 497//131 494//131
f 27//132 498//132 497//132 496//132
f 498//133 499//133 500//133 497//133
f 296//134 501//134 500//134 499//134
f 501//135 502//135 503//135 500//135
f 303//136 504//136 503//136 502//136
f 504//137 505//137 506//137 503//137
f 196//138 507//138 506//138 505//138
f 507//139 480//139 479//139 506//139
f 479//140 482//140 485//140 488//140 491//140 494//140 497//140 500//140 503//140 506//140
f 212//141 508//141 509//141 510//141
f 508//142 511//142 512//142 509//142
f 7//143 513//143 512//143 511//143
f 513//144 514//144 515//144 512//144
f 216//145 516//145 515//145 514//145
f 516//146 517//146 518//146 515//146
f 299//147 519//147 518//147 517//147
f 519//148 520//148 521//148 518//148
f 324//149 522//149 521//149 520//149
f 522//150 523//150 524//150 521//150
f 47//151 525//151 524//151 523//151
f 525//152 526//152 527//152 524//152
f 308//153 528//153 527//153 526//153
f 528//154 529//154 530//154 527//154
f 31//155 531//155 530//155 529//155
f 531//156 532//156 533//156 530//156
f 200//157 534//157 533//157 532//157
f 534//158 535//158 536//158 533//158
f 23//159 537//159 536//159 535//159
f 537//160 510//160 509//160 536//160
f 509//161 512//161 515//161 518//161 521//161 524//161 527//161 530//161 533//161 536//161
f 315//162 538//162 539//162 540//162
f 538//163 541//163 542//163 539//163
f 376//164 543//164 542//164 541//164
f 543//165 544//165 545//165 542//165
f 99//166 546//166 545//166 544//166
f 546//167 547//167 548//167 545//167
f 220//168 549//168 548//168 547//168
f 549//169 550//169 551//169 548//169
f 343//170 552//170 551//170 550//170
f 552//171 553//171 554//171 551//171
f 368//172 555//172 554//172 553//172
f 555//173 556//173 557//173 554//173
f 235//174 558//174 557//174 556//174
f 558//175 559//175 560//175 557//175
f 116//176 561//176 560//176 559//176
f 561//177 562//177 563//177 560//177
f 123//178 564//178 563//178 562//178
f 564//179 565//179 566//179 563//179
f 140//180 567//180 566//180 565//180
f 567//181 540//181 539//181 566//181
f 539//182 542//182 545//182 548//182 551//182 554//182 557//182 560//182 563//182 566//182
f 336//183 568//183 569//183 570//183
f 568//184 571//184 572//184 569//184
f 103//185 573//185 572//185 571//185
f 573//186 574//186 575//186 572//186
f 380//187 576//187 575//187 574//187
f 576//188 577//188 578//188 575//188
f 143//189 579//189 578//189 577//189
f 579//190 580//190 581//190 578//190
f 224//191 582//191 581//191 580//191
f 582//192 583//192 584//192 581//192
f 127//193 585//193 584//193 583//193
f 585//194 586//194 587//194 584//194
f 348//195 588//195 587//195 586//195
f 588//196 589//196 590//196 587//196
f 339//197 591//197 590//197 589//197
f 591//198 592//198 593//198 590//198
f 240//199 594//199 593//199 592//199
f 594//200 595//200 596//200 593//200
f 119//201 597//201 596//201 595//201
f 597//202 570//202 569//202 596//202
f 569//203 572//203 575//203 578//203 581//203 584//203 587//203 590//203 593//203 596//203
f 371//204 598//204 599//204 600//204
f 598//205 601//205 602//205 599//205
f 328//206 603//206 602//206 601//206
f 603//207 604//207 605//207 602//207
f 51//208 606//208 605//208 604//208
f 606//209 607//209 608//209 605//209
f 304//210 609//210 608//210 607//210
f 609//211 610//211 611//211 608//211
f 295//212 612//212 611//212 610//212
f 612//213 613//213 614//213 611//213
f 244//214 615//214 614//214 613//214
f 615//215 616//215 617//215 614//215
f 259//216 618//216 617//216 616//216
f 618//217 619//217 620//217 617//217
f 68//218 621//218 620//218 619//218
f 621//219 622//219 623//219 620//219
f 75//220 624//220 623//220 622//220
f 624//221 625//221 626//221 623//221
f 92//222 627//222 626//222 625//222
f 627//223 600//223 599//223 626//223
f 599//224 602//224 605//224 608//224 611//224 614//224 617//224 620//224 623//224 626//224
f 288//225 628//225 629//225 630//225
f 628//226 631//226 632//226 629//226
f 55//227 633//227 632//227 631//227
f 633//228 634//228 635//228 632//228
f 332//229 636//229 635//229 634//229
f 636//230 637//230 638//230 635//230
f 95//231 639//231 638//231 637//231
f 639//232 640//232 641//232 638//232
f 248//233 642//233 641//233 640//233
f 642//234 643//234 644//234 641//234
f 79//235 645//235 644//235 643//235
f 645//236 646//236 647//236 644//236
f 300//237 648//237 647//237 646//237
f 648//238 649//238 650//238 647//238
f 215//239 651//239 650//239 649//239
f 651//240 652//240 653//240 650//240
f 264//241 654//241 653//241 652//241
f 654//242 655//242 656//242 653//242
f 71//243 657//243 656//243 655//243
f 657//244 630//244 629//244 656//244
f 629//245 632//245 635//245 638//245 641//245 644//245 647//245 650//245 653//245 656//245
f 291//246 658//246 659//246 660//246
f 658//247 661//247 662//247 659//247
f 352//248 663//248 662//248 661//248
f 663//249 664//249 665//249 662//249
f 147//250 666//250 665//250 664//250
f 666//251 667//251 668//251 665//251
f 188//252 669//252 668//252 667//252
f 669//253 670//253 671//253 668//253
f 359//254 672//254 671//254 670//254
f 672//255 673//255 674//255 671//255
f 164//256 675//256 674//256 673//256
f 675//257 676//257 677//257 674//257
f 171//258 678//258 677//258 676//258
f 678//259 679//259 680//259 677//259
f 344//260 681//260 680//260 679//260
f 681//261 682//261 683//261 680//261
f 219//262 684//262 683//262 682//262
f 684//263 685//263 686//263 683//263
f 268//264 687//264 686//264 685//264
f 687//265 660//265 659//265 686//265
f 659//266 662//266 665//266 668//266 671//266 674//266 677//266 680//266 683//266 686//266
f 280//267 688//267 689//267 690//267
f 688//268 691//268 692//268 689//268
f 151//269 693//269 692//269 691//269
f 693//270 694//270 695//270 692//270
f 340//271 696//271 695//271 694//271
f 696//272 697//272 698//272 695//272
f 347//273 699//273 698//273 697//273
f 699//274 700//274 701//274 698//274
f 284//275 702//275 701//275 700//275
f 702//276 703//276 704//276 701//276
f 191//277 705//277 704//277 703//277
f 705//278 706//278 707//278 704//278
f 356//279 708//279 707//279 706//279
f 708//280 709//280 710//280 707//280
f 175//281 711//281 710//281 709//281
f 711//282 712//282 713//282 710//282
f 272//283 714//283 713//283 712//283
f 714//284 715//284 716//284 713//284
f 167//285 717//285 716//285 715//285
f 717//286 690//286 689//286 716//286
f 689//287 692//287 695//287 698//287 701//287 704//287 707//287 710//287 713//287 716//287
f 718//288 719//288 720//288 721//288
f 719//289 722//289 723//289 720//289
f 195//290 724//290 723//290 722//290
f 724//291 725//291 726//291 723//291
f 52//292 727//292 726//292 725//292
f 727//293 728//293 729//293 726//293
f 327//294 730//294 729//294 728//294
f 730//295 731//295 732//295 729//295
f 12//296 733//296 732//296 731//296
f 733//297 734//297 735//297 732//297
f 59//298 736//298 735//298 734//298
f 736//299 737//299 738//299 735//299
f 392//300 739//300 738//300 737//300
f 739//301 740//301 741//301 738//301
f 399//302 742//302 741//302 740//302
f 742//303 743//303 744//303 741//303
f 408//304 745//304 744//304 743//304
f 745//305 746//305 747//305 744//305
f 363//306 748//306 747//306 746//306
f 748//307 721//307 720//307 747//307
f 720//308 723//308 726//308 729//308 732//308 735//308 738//308 741//308 744//308 747//308
f 211//309 749//309 750//309 751//309
f 749//310 752//310 753//310 750//310
f 416//311 754//311 753//311 752//311
f 754//312 755//312 756//312 753//312
f 15//313 757//313 756//313 755//313
f 757//314 758//314 759//314 756//314
f 64//315 760//315 759//315 758//315
f 760//316 761//316 762//316 759//316
f 395//317 763//317 762//317 761//317
f 763//318 764//318 765//318 762//318
f 420//319 766//319 765//319 764//319
f 766//320 767//320 768//320 765//320
f 403//321 769//321 768//321 767//321
f 769//322 770//322 771//322 768//322
f 72//323 772//323 771//323 770//323
f 772//324 773//324 774//324 771//324
f 263//325 775//325 774//325 773//325
f 775//326 776//326 777//326 774//326
f 8//327 778//327 777//327 776//327
f 778//328 751//328 750//328 777//328
f 750//329 753//329 756//329 759//329 762//329 765//329 768//329 771//329 774//329 777//329
f 412//330 779//330 780//330 781//330
f 779//331 782//331 783//331 780//331
f 35//332 784//332 783//332 782//332
f 784//333 785//333 786//333 783//333
f 84//334 787//334 786//334 785//334
f 787//335 788//335 789//335 786//335
f 439//336 790//336 789//336 788//336
f 790//337 791//337 792//337 789//337
f 464//338 793//338 792//338 791//338
f 793//339 794//339 795//339 792//339
f 431//340 796//340 795//340 794//340
f 796//341 797//341 798//341 795//341
f 260//342 799//342 798//342 797//342
f 799//343 800//343 801//343 798//343
f 243//344 802//344 801//344 800//344
f 802//345 803//345 804//345 801//345
f 28//346 805//346 804//346 803//346
f 805//347 806//347 807//347 804//347
f 19//348 808//348 807//348 806//348
f 808//349 781//349 780//349 807//349
f 780//350 783//350 786//350 789//350 792//350 795//350 798//350 801//350 804//350 807//350
f 471//351 809//351 810//351 811//351
f 809//352 812//352 813//352 810//352
f 48//353 814//353 813//353 812//353
f 814//354 815//354 816//354 813//354
f 323//355 817//355 816//355 815//355
f 817//356 818//356 819//356 816//356
f 80//357 820//357 819//357 818//357
f 820//358 821//358 822//358 819//358
f 247//359 823//359 822//359 821//359
f 823//360 824//360 825//360 822//360
f 40//361 826//361 825//361 824//361
f 826//362 827//362 828//362 825//362
f 87//363 829//363 828//363 827//363
f 829//364 830//364 831//364 828//364
f 444//365 832//365 831//365 830//365
f 832//366 833//366 834//366 831//366
f 435//367 835//367 834//367 833//367
f 835//368 836//368 837//368 834//368
f 476//369 838//369 837//369 836//369
f 838//370 811//370 810//370 837//370
f 810//371 813//371 816//371 819//371 822//371 825//371 828//371 831//371 834//371 837//371
f 468//372 839//372 840//372 841//372
f 839//373 842//373 843//373 840//373
f 107//374 844//374 843//374 842//374
f 844//375 845//375 846//375 843//375
f 400//376 847//376 846//376 845//376
f 847//377 848//377 849//377 846//377
f 391//378 850//378 849//378 848//378
f 850//379 851//379 852//379 849//379
f 156//380 853//380 852//380 851//380
f 853//381 854//381 855//381 852//381
f 383//382 856//382 855//382 854//382
f 856//383 857//383 858//383 855//383
f 292//384 859//384 858//384 857//384
f 859//385 860//385 861//385 858//385
f 267//386 862//386 861//386 860//386
f 862//387 863//387 864//387 861//387
f 100//388 865//388 864//388 863//388
f 865//389 866//389 867//389 864//389
f 375//390 868//390 867//390 866//390
f 868//391 841//391 840//391 867//391
f 840//392 843//392 846//392 849//392 852//392 855//392 858//392 861//392 864//392 867//392
f 423//393 869//393 870//393 871//393
f 869//394 872//394 873//394 870//394
f 120//395 874//395 873//395 872//395
f 874//396 875//396 876//396 873//396
f 239//397 877//397 876//397 875//397
f 877//398 878//398 879//398 876//398
f 152//399 880//399 879//399 878//399
f 880//400 881//400 882//400 879//400
f 279//401 883//401 882//401 881//401
f 883//402 884//402 885//402 882//402
f 112//403 886//403 885//403 884//403
f 886//404 887//404 888//404 885//404
f 159//405 889//405 888//405 887//405
f 889//406 890//406 891//406 888//406
f 396//407 892//407 891//407 890//407
f 892//408 893//408 894//408 891//408
f 63//409 895//409 894//409 893//409
f 895//410 896//410 897//410 894//410
f 428//411 898//411 897//411 896//411
f 898//412 871//412 870//412 897//412
f 870//413 873//413 876//413 879//413 882//413 885//413 888//413 891//413 894//413 897//413
f 236//414 899//414 900//414 901//414
f 899//415 902//415 903//415 900//415
f 367//416 904//416 903//416 902//416
f 904//417 905//417 906//417 903//417
f 172//418 907//418 906//418 905//418
f 907//419 908//419 909//419 906//419
f 163//420 910//420 909//420 908//420
f 910//421 911//421 912//421 909//421
f 132//422 913//422 912//422 911//422
f 913//423 914//423 915//423 912//423
f 179//424 916//424 915//424 914//424
f 916//425 917//425 918//425 915//425
f 440//426 919//426 918//426 917//426
f 919//427 920//427 921//427 918//427
f 83//428 922//428 921//428 920//428
f 922//429 923//429 924//429 921//429
f 456//430 925//430 924//430 923//430
f 925//431 926//431 927//431 924//431
f 387//432 928//432 927//432 926//432
f 928//433 901//433 900//433 927//433
f 900//434 903//434 906//434 909//434 912//434 915//434 918//434 921//434 924//434 927//434
f 223//435 929//435 930//435 931//435
f 929//436 932//436 933//436 930//436
f 448//437 934//437 933//437 932//437
f 934//438 935//438 936//438 933//438
f 135//439 937//439 936//439 935//439
f 937//440 938//440 939//440 936//440
f 436//441 940//441 939//441 938//441
f 940//442 941//442 942//442 939//442
f 443//443 943//443 942//443 941//443
f 943//444 944//444 945//444 942//444
f 184//445 946//445 945//445 944//445
f 946//446 947//446 948//446 945//446
f 451//447 949//447 948//447 947//447
f 949//448 950//448 951//448 948//448
f 192//449 952//449 951//449 950//449
f 952//450 953//450 954//450 951//450
f 283//451 955//451 954//451 953//451
f 955//452 956//452 957//452 954//452
f 128//453 958//453 957//453 956//453
f 958//454 931//454 930//454 957//454
f 930//455 933//455 936//455 939//455 942//455 945//455 948//455 951//455 954//455 957//455
f 364//456 959//456 960//456 961//456
f 959//457 962//457 963//457 960//457
f 407//458 964//458 963//458 962//458
f 964//459 965//459 966//459 963//459
f 108//460 967//460 966//460 965//460
f 967//461 968//461 969//461 966//461
f 467//462 970//462 969//462 968//462
f 970//463 971//463 972//463 969//463
f 316//464 973//464 972//464 971//464
f 973//465 974//465 975//465 972//465
f 139//466 976//466 975//466 974//466
f 976//467 977//467 978//467 975//467
f 204//468 979//468 978//468 977//468
f 979//469 980//469 981//469 978//469
f 459//470 982//470 981//470 980//470
f 982//471 983//471 984//471 981//471
f 4//472 985//472 984//472 983//472
f 985//473 986//473 987//473 984//473
f 319//474 988//474 987//474 986//474
f 988//475 961//475 960//475 987//475
f 960//476 963//476 966//476 969//476 972//476 975//476 978//476 981//476 984//476 987//476
f 415//477 989//477 990//477 991//477
f 989//478 992//478 993//478 990//478
f 24//479 994//479 993//479 992//479
f 994//480 995//480 996//480 993//480
f 199//481 997//481 996//481 995//481
f 997//482 998//482 999//482 996//482
f 228//483 1000//483 999//483 998//483
f 1000//484 1001//484 1002//484 999//484
f 207//485 1003//485 1002//485 1001//485
f 1003//486 1004//486 1005//486 1002//486
f 104//487 1006//487 1005//487 1004//487
f 1006//488 1007//488 1008//488 1005//488
f 335//489 1009//489 1008//489 1007//489
f 1009//490 1010//490 1011//490 1008//490
f 424//491 1012//491 1011//491 1010//491
f 1012//492 1013//492 1014//492 1011//492
f 427//493 1015//493 1014//493 1013//493
f 1015//494 1016//494 1017//494 1014//494
f 16//495 1018//495 1017//495 1016//495
f 1018//496 991//496 990//496 1017//496
f 990//497 993//497 996//497 999//497 1002//497 1005//497 1008//497 1011//497 1014//497 1017//497
f 372//498 1019//498 1020//498 1021//498
f 1019//499 1022//499 1023//499 1020//499
f 91//500 1024//500 1023//500 1022//500
f 1024//501 1025//501 1026//501 1023//501
f 232//502 1027//502 1026//502 1025//502
f 1027//503 1028//503 1029//503 1026//503
f 251//504 1030//504 1029//504 1028//504
f 1030//505 1031//505 1032//505 1029//505
f 148//506 1033//506 1032//506 1031//506
f 1033//507 1034//507 1035//507 1032//507
f 351//508 1036//508 1035//508 1034//508
f 1036//509 1037//509 1038//509 1035//509
f 384//510 1039//510 1038//510 1037//510
f 1039//511 1040//511 1041//511 1038//511
f 155//512 1042//512 1041//512 1040//512
f 1042//513 1043//513 1044//513 1041//513
f 60//514 1045//514 1044//514 1043//514
f 1045//515 1046//515 1047//515 1044//515
f 11//516 1048//516 1047//516 1046//516
f 1048//517 1021//517 1020//517 1047//517
f 1020//518 1023//518 1026//518 1029//518 1032//518 1035//518 1038//518 1041//518 1044//518 1047//518
f 287//519 1049//519 1050//519 1051//519
f 1049//520 1052//520 1053//520 1050//520
f 404//521 1054//521 1053//521 1052//521
f 1054//522 1055//522 1056//522 1053//522
f 419//523 1057//523 1056//523 1055//523
f 1057//524 1058//524 1059//524 1056//524
f 160//525 1060//525 1059//525 1058//525
f 1060//526 1061//526 1062//526 1059//526
f 111//527 1063//527 1062//527 1061//527
f 1063//528 1064//528 1065//528 1062//528
f 168//529 1066//529 1065//529 1064//529
f 1066//530 1067//530 1068//530 1065//530
f 271//531 1069//531 1068//531 1067//531
f 1069//532 1070//532 1071//532 1068//532
f 256//533 1072//533 1071//533 1070//533
f 1072//534 1073//534 1074//534 1071//534
f 275//535 1075//535 1074//535 1073//535
f 1075//536 1076//536 1077//536 1074//536
f 56//537 1078//537 1077//537 1076//537
f 1078//538 1051//538 1050//538 1077//538
f 1050//539 1053//539 1056//539 1059//539 1062//539 1065//539 1068//539 1071//539 1074//539 1077//539
f 312//540 1079//540 1080//540 1081//540
f 1079//541 1082//541 1083//541 1080//541
f 43//542 1084//542 1083//542 1082//542
f 1084//543 1085//543 1086//543 1083//543
f 460//544 1087//544 1086//544 1085//544
f 1087//545 1088//545 1089//545 1086//545
f 203//546 1090//546 1089//546 1088//546
f 1090//547 1091//547 1092//547 1089//547
f 124//548 1093//548 1092//548 1091//548
f 1093//549 1094//549 1095//549 1092//549
f 115//550 1096//550 1095//550 1094//550
f 1096//551 1097//551 1098//551 1095//551
f 388//552 1099//552 1098//552 1097//552
f 1099//553 1100//553 1101//553 1098//553
f 455//554 1102//554 1101//554 1100//554
f 1102//555 1103//555 1104//555 1101//555
f 36//556 1105//556 1104//556 1103//556
f 1105//557 1106//557 1107//557 1104//557
f 411//558 1108//558 1107//558 1106//558
f 1108//559 1081//559 1080//559 1107//559
f 1080//539 1083//539 1086//539 1089//539 1092//539 1095//539 1098//539 1101//539 1104//539 1107//539
f 307//560 1109//560 1110//560 1111//560
f 1109//561 1112//561 1113//561 1110//561
f 472//562 1114//562 1113//562 1112//562
f 1114//563 1115//563 1116//563 1113//563
f 475//564 1117//564 1116//564 1115//564
f 1117//565 1118//565 1119//565 1116//565
f 136//566 1120//566 1119//566 1118//566
f 1120//567 1121//567 1122//567 1119//567
f 447//568 1123//568 1122//568 1121//568
f 1123//569 1124//569 1125//569 1122//569
f 144//570 1126//570 1125//570 1124//570
f 1126//571 1127//571 1128//571 1125//571
f 379//572 1129//572 1128//572 1127//572
f 1129//573 1130//573 1131//573 1128//573
f 208//574 1132//574 1131//574 1130//574
f 1132//575 1133//575 1134//575 1131//575
f 227//576 1135//576 1134//576 1133//576
f 1135//577 1136//577 1137//577 1134//577
f 32//578 1138//578 1137//578 1136//578
f 1138//579 1111//579 1110//579 1137//579
f 1110//518 1113//518 1116//518 1119//518 1122//518 1125//518 1128//518 1131//518 1134//518 1137//518
f 432//580 1139//580 1140//580 1141//580
f 1139//581 1142//581 1143//581 1140//581
f 463//582 1144//582 1143//582 1142//582
f 1144//583 1145//583 1146//583 1143//583
f 180//584 1147//584 1146//584 1145//584
f 1147//585 1148//585 1149//585 1146//585
f 131//586 1150//586 1149//586 1148//586
f 1150//587 1151//587 1152//587 1149//587
f 360//588 1153//588 1152//588 1151//588
f 1153//589 1154//589 1155//589 1152//589
f 187//590 1156//590 1155//590 1154//590
f 1156//591 1157//591 1158//591 1155//591
f 252//592 1159//592 1158//592 1157//592
f 1159//593 1160//593 1161//593 1158//593
f 231//594 1162//594 1161//594 1160//594
f 1162//595 1163//595 1164//595 1161//595
f 76//596 1165//596 1164//596 1163//596
f 1165//597 1166//597 1167//597 1164//597
f 67//598 1168//598 1167//598 1166//598
f 1168//599 1141//599 1140//599 1167//599
f 1140//497 1143//497 1146//497 1149//497 1152//497 1155//497 1158//497 1161//497 1164//497 1167//497
f 39//600 1169//600 1170//600 1171//600
f 1169//601 1172//601 1173//601 1170//601
f 96//602 1174//602 1173//602 1172//602
f 1174//603 1175//603 1176//603 1173//603
f 331//604 1177//604 1176//604 1175//604
f 1177//605 1178//605 1179//605 1176//605
f 276//606 1180//606 1179//606 1178//606
f 1180//607 1181//607 1182//607 1179//607
f 255//608 1183//608 1182//608 1181//608
f 1183//609 1184//609 1185//609 1182//609
f 176//610 1186//610 1185//610 1184//610
f 1186//611 1187//611 1188//611 1185//611
f 355//612 1189//612 1188//612 1187//612
f 1189//613 1190//613 1191//613 1188//613
f 452//614 1192//614 1191//614 1190//614
f 1192//615 1193//615 1194//615 1191//615
f 183//616 1195//616 1194//616 1193//616
f 1195//617 1196//617 1197//617 1194//617
f 88//618 1198//618 1197//618 1196//618
f 1198//619 1171//619 1170//619 1197//619
f 1170//476 1173//476 1176//476 1179//476 1182//476 1185//476 1188//476 1191//476 1194//476 1197//476
f 1199//620 1200//620 1201//620 1202//620
f 1200//621 1203//621 1204//621 1201//621
f 209//622 1205//622 1204//622 1203//622
f 1205//623 1206//623 1207//623 1204//623
f 22//624 1208//624 1207//624 1206//624
f 1208//625 1209//625 1210//625 1207//625
f 317//626 1211//626 1210//626 1209//626
f 1211//627 1202//627 1201//627 1210//627
f 1201//628 1204//628 1207//628 1210//628
f 21//629 1212//629 1213//629 1214//629
f 1212//630 1215//630 1216//630 1213//630
f 414//631 1217//631 1216//631 1215//631
f 1217//632 1218//632 1219//632 1216//632
f 361//633 1220//633 1219//633 1218//633
f 1220//634 1221//634 1222//634 1219//634
f 318//635 1223//635 1222//635 1221//635
f 1223//636 1214//636 1213//636 1222//636
f 1213//637 1216//637 1219//637 1222//637
f 413//638 1224//638 1225//638 1226//638
f 1224//639 1227//639 1228//639 1225//639
f 210//640 1229//640 1228//640 1227//640
f 1229//641 1230//641 1231//641 1228//641
f 1232//642 1233//642 1231//642 1230//642
f 1233//643 1234//643 1235//643 1231//643
f 362//644 1236//644 1235//644 1234//644
f 1236//645 1226//645 1225//645 1235//645
f 1225//646 1228//646 1231//646 1235//646
f 310//647 1237//647 1238//647 1239//647
f 1237//648 1240//648 1241//648 1238//648
f 305//649 1242//649 1241//649 1240//649
f 1242//650 1243//650 1244//650 1241//650
f 46//651 1245//651 1244//651 1243//651
f 1245//652 1246//652 1247//652 1244//652
f 17//653 1248//653 1247//653 1246//653
f 1248//654 1239//654 1238//654 1247//654
f 1238//655 1241//655 1244//655 1247//655
f 45//656 1249//656 1250//656 1251//656
f 1249//657 1252//657 1253//657 1250//657
f 470//658 1254//658 1253//658 1252//658
f 1254//659 1255//659 1256//659 1253//659
f 409//660 1257//660 1256//660 1255//660
f 1257//661 1258//661 1259//661 1256//661
f 18//662 1260//662 1259//662 1258//662
f 1260//663 1251//663 1250//663 1259//663
f 1250//664 1253//664 1256//664 1259//664
f 469//665 1261//665 1262//665 1263//665
f 1261//666 1264//666 1265//666 1262//666
f 306//667 1266//667 1265//667 1264//667
f 1266//668 1267//668 1268//668 1265//668
f 309//669 1269//670 1268//669 1267//670
f 1269//671 1270//671 1271//671 1268//671
f 410//672 1272//672 1271//672 1270//672
f 1272//673 1263//673 1262//673 1271//673
f 1262//674 1265//674 1268//674 1271//674
f 370//675 1273//675 1274//675 1275//675
f 1273//676 1276//676 1277//676 1274//676
f 285//677 1278//677 1277//677 1276//677
f 1278//678 1279//678 1280//678 1277//678
f 70//679 1281//679 1280//679 1279//679
f 1281//680 1282//680 1283//680 1280//680
f 325//681 1284//681 1283//681 1282//681
f 1284//682 1275//682 1274//682 1283//682
f 1274//683 1277//683 1280//683 1283//683
f 69//684 1285//684 1286//684 1287//684
f 1285//685 1288//685 1289//685 1286//685
f 402//686 1290//686 1289//686 1288//686
f 1290//687 1291//687 1292//687 1289//687
f 9//688 1293//688 1292//688 1291//688
f 1293//689 1294//689 1295//689 1292//689
f 326//690 1296//690 1295//690 1294//690
f 1296//691 1287//691 1286//691 1295//691
f 1286//692 1289//692 1292//692 1295//692
f 401//693 1297//693 1298//693 1299//693
f 1297//694 1300//694 1301//694 1298//694
f 286//695 1302//695 1301//695 1300//695
f 1302//696 1303//696 1304//696 1301//696
f 369//697 1305//698 1304//697 1303//698
f 1305//699 1306//699 1307//699 1304//699
f 10//700 1308//700 1307//700 1306//700
f 1308//701 1299//701 1298//701 1307//701
f 1298//702 1301//702 1304//702 1307//702
f 258//703 1309//703 1310//703 1311//703
f 1309//704 1312//704 1313//704 1310//704
f 245//705 1314//705 1313//705 1312//705
f 1314//706 1315//706 1316//706 1313//706
f 94//707 1317//707 1316//707 1315//707
f 1317//708 1318//708 1319//708 1316//708
f 65//709 1320//709 1319//709 1318//709
f 1320//710 1311//710 1310//710 1319//710
f 1310//711 1313//711 1316//711 1319//711
f 93//712 1321//712 1322//712 1323//712
f 1321//713 1324//713 1325//713 1322//713
f 38//714 1326//714 1325//714 1324//714
f 1326//715 1327//715 1328//715 1325//715
f 429//716 1329//716 1328//716 1327//716
f 1329//717 1330//717 1331//717 1328//717
f 66//718 1332//718 1331//718 1330//718
f 1332//719 1323//719 1322//719 1331//719
f 1322//720 1325//720 1328//720 1331//720
f 37//721 1333//721 1334//721 1335//721
f 1333//722 1336//722 1337//722 1334//722
f 246//723 1338//723 1337//723 1336//723
f 1338//724 1339//724 1340//724 1337//724
f 257//725 1341//725 1340//725 1339//725
f 1341//726 1342//726 1343//726 1340//726
f 430//727 1344//727 1343//727 1342//727
f 1344//728 1335//728 1334//728 1343//728
f 1334//729 1337//729 1340//729 1343//729
f 314//730 1345//730 1346//730 1347//730
f 1345//731 1348//731 1349//731 1346//731
f 333//732 1350//732 1349//732 1348//732
f 1350//733 1351//733 1352//733 1349//733
f 118//734 1353//734 1352//734 1351//734
f 1353//735 1354//735 1355//735 1352//735
f 373//736 1356//736 1355//736 1354//736
f 1356//737 1347//737 1346//737 1355//737
f 1346//738 1349//738 1352//738 1355//738
f 117//739 1357//739 1358//739 1359//739
f 1357//740 1360//740 1361//740 1358//740
f 422//741 1362//741 1361//741 1360//741
f 1362//742 1363//742 1364//742 1361//742
f 465//743 1365//743 1364//743 1363//743
f 1365//744 1366//744 1367//744 1364//744
f 374//745 1368//745 1367//745 1366//745
f 1368//746 1359//746 1358//746 1367//746
f 1358//747 1361//747 1364//747 1367//747
f 421//748 1369//748 1370//748 1371//748
f 1369//749 1372//749 1373//749 1370//749
f 334//750 1374//750 1373//750 1372//750
f 1374//751 1375//751 1376//751 1373//751
f 313//752 1377//753 1376//752 1375//753
f 1377//754 1378//754 1379//754 1376//754
f 466//755 1380//755 1379//755 1378//755
f 1380//756 1371//756 1370//756 1379//756
f 1370//757 1373//757 1376//757 1379//757
f 234//758 1381//758 1382//758 1383//758
f 1381//759 1384//759 1385//759 1382//759
f 221//760 1386//760 1385//760 1384//760
f 1386//761 1387//761 1388//761 1385//761
f 142//762 1389//762 1388//762 1387//762
f 1389//763 1390//763 1391//763 1388//763
f 113//764 1392//764 1391//764 1390//764
f 1392//765 1383//765 1382//765 1391//765
f 1382//766 1385//766 1388//766 1391//766
f 141//767 1393//767 1394//767 1395//767
f 1393//768 1396//768 1397//768 1394//768
f 446//769 1398//769 1397//769 1396//769
f 1398//770 1399//770 1400//770 1397//770
f 385//771 1401//771 1400//771 1399//771
f 1401//772 1402//772 1403//772 1400//772
f 114//773 1404//773 1403//773 1402//773
f 1404//774 1395//774 1394//774 1403//774
f 1394//775 1397//775 1400//775 1403//775
f 445//776 1405//776 1406//776 1407//776
f 1405//777 1408//777 1409//777 1406//777
f 222//778 1410//778 1409//778 1408//778
f 1410//779 1411//779 1412//779 1409//779
f 233//780 1413//780 1412//780 1411//780
f 1413//781 1414//781 1415//781 1412//781
f 386//782 1416//782 1415//782 1414//782
f 1416//783 1407//783 1406//783 1415//783
f 1406//784 1409//784 1412//784 1415//784
f 290//785 1417//785 1418//785 1419//785
f 1417//786 1420//786 1421//786 1418//786
f 277//787 1422//787 1421//787 1420//787
f 1422//788 1423//788 1424//788 1421//788
f 166//789 1425//789 1424//789 1423//789
f 1425//790 1426//790 1427//790 1424//790
f 349//791 1428//791 1427//791 1426//791
f 1428//792 1419//792 1418//792 1427//792
f 1418//793 1421//793 1424//793 1427//793
f 165//794 1429//794 1430//794 1431//794
f 1429//795 1432//795 1433//795 1430//795
f 110//796 1434//796 1433//796 1432//796
f 1434//797 1435//797 1436//797 1433//797
f 381//798 1437//798 1436//798 1435//798
f 1437//799 1438//799 1439//799 1436//799
f 350//800 1440//800 1439//800 1438//800
f 1440//801 1431//801 1430//801 1439//801
f 1430//802 1433//802 1436//802 1439//802
f 109//803 1441//803 1442//803 1443//803
f 1441//804 1444//804 1445//804 1442//804
f 278//805 1446//805 1445//805 1444//805
f 1446//806 1447//806 1448//806 1445//806
f 289//807 1449//807 1448//807 1447//807
f 1449//808 1450//808 1451//808 1448//808
f 382//809 1452//809 1451//809 1450//809
f 1452//810 1443//810 1442//810 1451//810
f 1442//811 1445//811 1448//811 1451//811
f 358//812 1453//812 1454//812 1455//812
f 1453//813 1456//813 1457//813 1454//813
f 353//814 1458//814 1457//814 1456//814
f 1458//815 1459//815 1460//815 1457//815
f 190//816 1461//816 1460//816 1459//816
f 1461//817 1462//817 1463//817 1460//817
f 161//818 1464//818 1463//818 1462//818
f 1464//819 1455//819 1454//819 1463//819
f 1454//820 1457//820 1460//820 1463//820
f 189//821 1465//821 1466//821 1467//821
f 1465//822 1468//822 1469//822 1466//822
f 450//823 1470//823 1469//823 1468//823
f 1470//824 1471//824 1472//824 1469//824
f 129//825 1473//825 1472//825 1471//825
f 1473//826 1474//826 1475//826 1472//826
f 162//827 1476//827 1475//827 1474//827
f 1476//828 1467//828 1466//828 1475//828
f 1466//829 1469//829 1472//829 1475//829
f 449//830 1477//830 1478//830 1479//830
f 1477//831 1480//831 1481//831 1478//831
f 354//832 1482//832 1481//832 1480//832
f 1482//833 1483//833 1484//833 1481//833
f 357//834 1485//835 1484//834 1483//835
f 1485//836 1486//836 1487//836 1484//836
f 130//837 1488//837 1487//837 1486//837
f 1488//838 1479//838 1478//838 1487//838
f 1478//839 1481//839 1484//839 1487//839
f 2//840 1489//840 1490//840 1491//840
f 1489//841 1492//841 1493//841 1490//841
f 197//842 1494//842 1493//842 1492//842
f 1494//843 1495//843 1496//843 1493//843
f 30//844 1497//844 1496//844 1495//844
f 1497//845 1498//845 1499//845 1496//845
f 41//846 1500//846 1499//846 1498//846
f 1500//847 1491//847 1490//847 1499//847
f 1490//848 1493//848 1496//848 1499//848
f 29//849 1501//849 1502//849 1503//849
f 1501//850 1504//850 1505//850 1502//850
f 226//851 1506//851 1505//851 1504//851
f 1506//852 1507//852 1508//852 1505//852
f 457//853 1509//853 1508//853 1507//853
f 1509//854 1510//854 1511//854 1508//854
f 42//855 1512//855 1511//855 1510//855
f 1512//856 1503//856 1502//856 1511//856
f 1502//857 1505//857 1508//857 1511//857
f 225//858 1513//858 1514//858 1515//858
f 1513//859 1516//859 1517//859 1514//859
f 198//860 1518//860 1517//860 1516//860
f 1518//861 1519//861 1520//861 1517//861
f 1//862 1521//862 1520//862 1519//862
f 1521//863 1522//863 1523//863 1520//863
f 458//864 1524//864 1523//864 1522//864
f 1524//865 1515//865 1514//865 1523//865
f 1514//866 1517//866 1520//866 1523//866
f 122//867 1525//867 1526//867 1527//867
f 1525//868 1528//868 1529//868 1526//868
f 377//869 1530//869 1529//869 1528//869
f 1530//870 1531//870 1532//870 1529//870
f 102//871 1533//871 1532//871 1531//871
f 1533//872 1534//872 1535//872 1532//872
f 137//873 1536//873 1535//873 1534//873
f 1536//874 1527//874 1526//874 1535//874
f 1526//875 1529//875 1532//875 1535//875
f 101//876 1537//876 1538//876 1539//876
f 1537//877 1540//877 1541//877 1538//877
f 206//878 1542//878 1541//878 1540//878
f 1542//879 1543//879 1544//879 1541//879
f 201//880 1545//880 1544//880 1543//880
f 1545//881 1546//881 1547//881 1544//881
f 138//882 1548//882 1547//882 1546//882
f 1548//883 1539//883 1538//883 1547//883
f 1538//884 1541//884 1544//884 1547//884
f 205//885 1549//885 1550//885 1551//885
f 1549//886 1552//886 1553//886 1550//886
f 378//887 1554//887 1553//887 1552//887
f 1554//888 1555//888 1556//888 1553//888
f 121//889 1557//889 1556//889 1555//889
f 1557//890 1558//890 1559//890 1556//890
f 202//891 1560//891 1559//891 1558//891
f 1560//892 1551//892 1550//892 1559//892
f 1550//893 1553//893 1556//893 1559//893
f 74//894 1561//894 1562//894 1563//894
f 1561//895 1564//895 1565//895 1562//895
f 329//896 1566//896 1565//896 1564//896
f 1566//897 1567//897 1568//897 1565//897
f 54//898 1569//898 1568//898 1567//898
f 1569//899 1570//899 1571//899 1568//899
f 89//900 1572//900 1571//900 1570//900
f 1572//901 1563//901 1562//901 1571//901
f 1562//902 1565//902 1568//902 1571//902
f 53//903 1573//903 1574//903 1575//903
f 1573//904 1576//904 1577//904 1574//904
f 274//905 1578//905 1577//905 1576//905
f 1578//906 1579//906 1580//906 1577//906
f 229//907 1581//907 1580//907 1579//907
f 1581//908 1582//908 1583//908 1580//908
f 90//909 1584//909 1583//909 1582//909
f 1584//910 1575//910 1574//910 1583//910
f 1574//911 1577//911 1580//911 1583//911
f 273//912 1585//912 1586//912 1587//912
f 1585//913 1588//913 1589//913 1586//913
f 330//914 1590//914 1589//914 1588//914
f 1590//915 1591//915 1592//915 1589//915
f 73//916 1593//916 1592//916 1591//916
f 1593//917 1594//917 1595//917 1592//917
f 230//918 1596//918 1595//918 1594//918
f 1596//919 1587//919 1586//919 1595//919
f 1586//920 1589//920 1592//920 1595//920
f 146//921 1597//921 1598//921 1599//921
f 1597//922 1600//922 1601//922 1598//922
f 269//923 1602//923 1601//923 1600//923
f 1602//924 1603//924 1604//924 1601//924
f 174//925 1605//925 1604//925 1603//925
f 1605//926 1606//926 1607//926 1604//926
f 185//927 1608//927 1607//927 1606//927
f 1608//928 1599//928 1598//928 1607//928
f 1598//929 1601//929 1604//929 1607//929
f 173//930 1609//930 1610//930 1611//930
f 1609//931 1612//931 1613//931 1610//931
f 254//932 1614//932 1613//932 1612//932
f 1614//933 1615//933 1616//933 1613//933
f 249//934 1617//934 1616//934 1615//934
f 1617//935 1618//935 1619//935 1616//935
f 186//936 1620//936 1619//936 1618//936
f 1620//937 1611//937 1610//937 1619//937
f 1610//938 1613//938 1616//938 1619//938
f 253//939 1621//939 1622//939 1623//939
f 1621//940 1624//940 1625//940 1622//940
f 270//941 1626//941 1625//941 1624//941
f 1626//942 1627//942 1628//942 1625//942
f 145//943 1629//943 1628//943 1627//943
f 1629//944 1630//944 1631//944 1628//944
f 250//945 1632//945 1631//945 1630//945
f 1632//946 1623//946 1622//946 1631//946
f 1622//947 1625//947 1628//947 1631//947
f 194//948 1633//948 1634//948 1635//948
f 1633//949 1636//949 1637//949 1634//949
f 5//950 1638//950 1637//950 1636//950
f 1638//951 1639//951 1640//951 1637//951
f 262//952 1641//952 1640//952 1639//952
f 1641//953 1642//953 1643//953 1640//953
f 49//954 1644//954 1643//954 1642//954
f 1644//955 1635//955 1634//955 1643//955
f 1634//956 1637//956 1640//956 1643//956
f 261//957 1645//957 1646//957 1647//957
f 1645//958 1648//958 1649//958 1646//958
f 214//959 1650//959 1649//959 1648//959
f 1650//960 1651//960 1652//960 1649//960
f 301//961 1653//961 1652//961 1651//961
f 1653//962 1654//962 1655//962 1652//962
f 50//963 1656//963 1655//963 1654//963
f 1656//964 1647//964 1646//964 1655//964
f 1646//965 1649//965 1652//965 1655//965
f 213//966 1657//966 1658//966 1659//966
f 1657//967 1660//967 1661//967 1658//967
f 6//968 1662//968 1661//968 1660//968
f 1662//969 1663//969 1664//969 1661//969
f 193//970 1665//970 1664//970 1663//970
f 1665//971 1666//971 1667//971 1664//971
f 302//972 1668//972 1667//972 1666//972
f 1668//973 1659//973 1658//973 1667//973
f 1658//974 1661//974 1664//974 1667//974
f 242//975 1669//975 1670//975 1671//975
f 1669//976 1672//976 1673//976 1670//976
f 77//977 1674//977 1673//977 1672//977
f 1674//978 1675//978 1676//978 1673//978
f 322//979 1677//979 1676//979 1675//979
f 1677//980 1678//980 1679//980 1676//980
f 25//981 1680//981 1679//981 1678//981
f 1680//982 1671//982 1670//982 1679//982
f 1670//983 1673//983 1676//983 1679//983
f 321//984 1681//984 1682//984 1683//984
f 1681//985 1684//985 1685//985 1682//985
f 298//986 1686//986 1685//986 1684//986
f 1686//987 1687//987 1688//987 1685//987
f 293//988 1689//988 1688//988 1687//988
f 1689//989 1690//989 1691//989 1688//989
f 26//990 1692//990 1691//990 1690//990
f 1692//991 1683//991 1682//991 1691//991
f 1682//992 1685//992 1688//992 1691//992
f 297//993 1693//993 1694//993 1695//993
f 1693//994 1696//994 1697//994 1694//994
f 78//995 1698//995 1697//995 1696//995
f 1698//996 1699//996 1700//996 1697//996
f 241//997 1701//997 1700//997 1699//997
f 1701//998 1702//998 1703//998 1700//998
f 294//999 1704//999 1703//999 1702//999
f 1704//1000 1695//1000 1694//1000 1703//1000
f 1694//1001 1697//1001 1700//1001 1703//1001
f 266//1002 1705//1002 1706//1002 1707//1002
f 1705//1003 1708//1003 1709//1003 1706//1003
f 149//1004 1710//1004 1709//1004 1708//1004
f 1710//1005 1711//1005 1712//1005 1709//1005
f 238//1006 1713//1006 1712//1006 1711//1006
f 1713//1007 1714//1007 1715//1007 1712//1007
f 97//1008 1716//1008 1715//1008 1714//1008
f 1716//1009 1707//1009 1706//1009 1715//1009
f 1706//1010 1709//1010 1712//1010 1715//1010
f 237//1011 1717//1011 1718//1011 1719//1011
f 1717//1012 1720//1012 1721//1012 1718//1012
f 338//1013 1722//1013 1721//1013 1720//1013
f 1722//1014 1723//1014 1724//1014 1721//1014
f 217//1015 1725//1015 1724//1015 1723//1015
f 1725//1016 1726//1016 1727//1016 1724//1016
f 98//1017 1728//1017 1727//1017 1726//1017
f 1728//1018 1719//1018 1718//1018 1727//1018
f 1718//1019 1721//1019 1724//1019 1727//1019
f 337//1020 1729//1020 1730//1020 1731//1020
f 1729//1021 1732//1021 1733//1021 1730//1021
f 150//1022 1734//1022 1733//1022 1732//1022
f 1734//1023 1735//1023 1736//1023 1733//1023
f 265//1024 1737//1024 1736//1024 1735//1024
f 1737//1025 1738//1025 1739//1025 1736//1025
f 218//1026 1740//1026 1739//1026 1738//1026
f 1740//1027 1731//1027 1730//1027 1739//1027
f 1730//1028 1733//1028 1736//1028 1739//1028
f 366//1029 1741//1029 1742//1029 1743//1029
f 1741//1030 1744//1030 1745//1030 1742//1030
f 125//1031 1746//1031 1745//1031 1744//1031
f 1746//1032 1747//1032 1748//1032 1745//1032
f 282//1033 1749//1033 1748//1033 1747//1033
f 1749//1034 1750//1034 1751//1034 1748//1034
f 169//1035 1752//1035 1751//1035 1750//1035
f 1752//1036 1743//1036 1742//1036 1751//1036
f 1742//1037 1745//1037 1748//1037 1751//1037
f 281//1038 1753//1038 1754//1038 1755//1038
f 1753//1039 1756//1039 1757//1039 1754//1039
f 346//1040 1758//1040 1757//1040 1756//1040
f 1758//1041 1759//1041 1760//1041 1757//1041
f 341//1042 1761//1042 1760//1042 1759//1042
f 1761//1043 1762//1043 1763//1043 1760//1043
f 170//1044 1764//1044 1763//1044 1762//1044
f 1764//1045 1755//1045 1754//1045 1763//1045
f 1754//1046 1757//1046 1760//1046 1763//1046
f 345//1047 1765//1047 1766//1047 1767//1047
f 1765//1048 1768//1048 1769//1048 1766//1048
f 126//1049 1770//1049 1769//1049 1768//1049
f 1770//1050 1771//1050 1772//1050 1769//1050
f 365//1051 1773//1051 1772//1051 1771//1051
f 1773//1052 1774//1052 1775//1052 1772//1052
f 342//1053 1776//1053 1775//1053 1774//1053
f 1776//1054 1767//1054 1766//1054 1775//1054
f 1766//1055 1769//1055 1772//1055 1775//1055
f 406//1056 1777//1056 1778//1056 1779//1056
f 1777//1057 1780//1057 1781//1057 1778//1057
f 13//1058 1782//1058 1781//1058 1780//1058
f 1782//1059 1783//1059 1784//1059 1781//1059
f 426//1060 1785//1060 1784//1060 1783//1060
f 1785//1061 1786//1061 1787//1061 1784//1061
f 105//1062 1788//1062 1787//1062 1786//1062
f 1788//1063 1779//1063 1778//1063 1787//1063
f 1778//1064 1781//1064 1784//1064 1787//1064
f 425//1065 1789//1065 1790//1065 1791//1065
f 1789//1066 1792//1066 1793//1066 1790//1066
f 62//1067 1794//1067 1793//1067 1792//1067
f 1794//1068 1795//1068 1796//1068 1793//1068
f 397//1069 1797//1069 1796//1069 1795//1069
f 1797//1070 1798//1070 1799//1070 1796//1070
f 106//1071 1800//1071 1799//1071 1798//1071
f 1800//1072 1791//1072 1790//1072 1799//1072
f 1790//1073 1793//1073 1796//1073 1799//1073
f 61//1074 1801//1074 1802//1074 1803//1074
f 1801//1075 1804//1075 1805//1075 1802//1075
f 14//1076 1806//1076 1805//1076 1804//1076
f 1806//1077 1807//1077 1808//1077 1805//1077
f 405//1078 1809//1078 1808//1078 1807//1078
f 1809//1079 1810//1079 1811//1079 1808//1079
f 398//1080 1812//1080 1811//1080 1810//1080
f 1812//1081 1803//1081 1802//1081 1811//1081
f 1802//1082 1805//1082 1808//1082 1811//1082
f 154//1083 1813//1083 1814//1083 1815//1083
f 1813//1084 1816//1084 1817//1084 1814//1084
f 157//1085 1818//1085 1817//1085 1816//1085
f 1818//1086 1819//1086 1820//1086 1817//1086
f 418//1087 1821//1087 1820//1087 1819//1087
f 1821//1088 1822//1088 1823//1088 1820//1088
f 57//1089 1824//1089 1823//1089 1822//1089
f 1824//1090 1815//1090 1814//1090 1823//1090
f 1814//1091 1817//1091 1820//1091 1823//1091
f 417//1092 1825//1092 1826//1092 1827//1092
f 1825//1093 1828//1093 1829//1093 1826//1093
f 394//1094 1830//1094 1829//1094 1828//1094
f 1830//1095 1831//1095 1832//1095 1829//1095
f 389//1096 1833//1096 1832//1096 1831//1096
f 1833//1097 1834//1097 1835//1097 1832//1097
f 58//1098 1836//1098 1835//1098 1834//1098
f 1836//1099 1827//1099 1826//1099 1835//1099
f 1826//1100 1829//1100 1832//1100 1835//1100
f 393//1101 1837//1101 1838//1101 1839//1101
f 1837//1102 1840//1102 1841//1102 1838//1102
f 158//1103 1842//1103 1841//1103 1840//1103
f 1842//1104 1843//1104 1844//1104 1841//1104
f 153//1105 1845//1105 1844//1105 1843//1105
f 1845//1106 1846//1106 1847//1106 1844//1106
f 390//1107 1848//1107 1847//1107 1846//1107
f 1848//1108 1839//1108 1838//1108 1847//1108
f 1838//1109 1841//1109 1844//1109 1847//1109
f 454//1110 1849//1110 1850//1110 1851//1110
f 1849//1111 1852//1111 1853//1111 1850//1111
f 133//1112 1854//1112 1853//1112 1852//1112
f 1854//1113 1855//1113 1856//1113 1853//1113
f 474//1114 1857//1114 1856//1114 1855//1114
f 1857//1115 1858//1115 1859//1115 1856//1115
f 33//1116 1860//1116 1859//1116 1858//1116
f 1860//1117 1851//1117 1850//1117 1859//1117
f 1850//1118 1853//1118 1856//1118 1859//1118
f 473//1119 1861//1119 1862//1119 1863//1119
f 1861//1120 1864//1120 1865//1120 1862//1120
f 434//1121 1866//1121 1865//1121 1864//1121
f 1866//1122 1867//1122 1868//1122 1865//1122
f 81//1123 1869//1123 1868//1123 1867//1123
f 1869//1124 1870//1124 1871//1124 1868//1124
f 34//1125 1872//1125 1871//1125 1870//1125
f 1872//1126 1863//1126 1862//1126 1871//1126
f 1862//1127 1865//1127 1868//1127 1871//1127
f 433//1128 1873//1128 1874//1128 1875//1128
f 1873//1129 1876//1129 1877//1129 1874//1129
f 134//1130 1878//1130 1877//1130 1876//1130
f 1878//1131 1879//1131 1880//1131 1877//1131
f 453//1132 1881//1132 1880//1132 1879//1132
f 1881//1133 1882//1133 1883//1133 1880//1133
f 82//1134 1884//1134 1883//1134 1882//1134
f 1884//1135 1875//1135 1874//1135 1883//1135
f 1874//1136 1877//1136 1880//1136 1883//1136
f 462//1137 1885//1137 1886//1137 1887//1137
f 1885//1138 1888//1138 1889//1138 1886//1138
f 85//1139 1890//1139 1889//1139 1888//1139
f 1890//1140 1891//1140 1892//1140 1889//1140
f 182//1141 1893//1141 1892//1141 1891//1141
f 1893//1142 1894//1142 1895//1142 1892//1142
f 177//1143 1896//1143 1895//1143 1894//1143
f 1896//1144 1887//1144 1886//1144 1895//1144
f 1886//1145 1889//1145 1892//1145 1895//1145
f 181//1146 1897//1146 1898//1146 1899//1146
f 1897//1147 1900//1147 1901//1147 1898//1147
f 442//1148 1902//1148 1901//1148 1900//1148
f 1902//1149 1903//1149 1904//1149 1901//1149
f 437//1150 1905//1150 1904//1150 1903//1150
f 1905//1151 1906//1151 1907//1151 1904//1151
f 178//1152 1908//1152 1907//1152 1906//1152
f 1908//1153 1899//1153 1898//1153 1907//1153
f 1898//1154 1901//1154 1904//1154 1907//1154
f 441//1155 1909//1155 1910//1155 1911//1155
f 1909//1156 1912//1156 1913//1156 1910//1156
f 86//1157 1914//1157 1913//1157 1912//1157
f 1914//1158 1915//1158 1916//1158 1913//1158
f 461//1159 1917//1159 1916//1159 1915//1159
f 1917//1160 1918//1160 1919//1160 1916//1160
f 438//1161 1920//1161 1919//1161 1918//1161
f 1920//1162 1911//1162 1910//1162 1919//1162
f 1910//1163 1913//1163 1916//1163 1919//1163
f 477//1164 1199//1164 1202//1164 478//1164
f 478//1165 1202//1165 1211//1165 481//1165
f 481//1166 1211//1166 317//1166 320//1166
f 22//1167 21//1167 1214//1167 1208//1167
f 1208//1168 1214//1168 1223//1168 1209//1168
f 1209//1169 1223//1169 318//1169 317//1169
f 361//1170 364//1170 961//1170 1220//1170
f 1220//1171 961//1171 988//1171 1221//1171
f 1221//1172 988//1172 319//1172 318//1172
f 4//1173 3//1173 484//1173 985//1173
f 985//1174 484//1174 483//1174 986//1174
f 986//1175 483//1175 320//1175 319//1175
f 415//1176 414//1176 1215//1176 989//1176
f 989//1177 1215//1177 1212//1177 992//1177
f 992//1178 1212//1178 21//1178 24//1178
f 209//1179 212//1179 510//1179 1205//1179
f 1205//1180 510//1180 537//1180 1206//1180
f 1206//1181 537//1181 23//1181 22//1181
f 200//1182 199//1182 995//1182 534//1182
f 534//1183 995//1183 994//1183 535//1183
f 535//1184 994//1184 24//1184 23//1184
f 414//1185 413//1185 1226//1185 1217//1185
f 1217//1186 1226//1186 1236//1186 1218//1186
f 1218//1187 1236//1187 362//1187 361//1187
f 1232//1188 718//1188 721//1188 1233//1188
f 1233//1189 721//1189 748//1189 1234//1189
f 1234//1190 748//1190 363//1190 362//1190
f 408//1191 407//1191 962//1191 745//1191
f 745//1192 962//1192 959//1192 746//1192
f 746//1193 959//1193 364//1193 363//1193
f 211//1194 210//1194 1227//1194 749//1194
f 749//1195 1227//1195 1224//1195 752//1195
f 752//1196 1224//1196 413//1196 416//1196
f 16//1197 15//1197 755//1197 1018//1197
f 1018//1198 755//1198 754//1198 991//1198
f 991//1199 754//1199 416//1199 415//1199
f 210//1200 209//1200 1203//1200 1229//1200
f 1229//1201 1203//1201 1200//1201 1230//1201
f 1230//1202 1200//1202 1199//1202 1232//1202
f 196//1203 195//1203 722//1203 507//1203
f 507//1204 722//1204 719//1204 480//1204
f 480//1205 719//1205 718//1205 477//1205
f 8//1206 7//1206 511//1206 778//1206
f 778//1207 511//1207 508//1207 751//1207
f 751//1208 508//1208 212//1208 211//1208
f 311//1209 310//1209 1239//1209 492//1209
f 492//1210 1239//1210 1248//1210 493//1210
f 493//1211 1248//1211 17//1211 20//1211
f 46//1212 45//1212 1251//1212 1245//1212
f 1245//1213 1251//1213 1260//1213 1246//1213
f 1246//1214 1260//1214 18//1214 17//1214
f 409//1215 412//1215 781//1215 1257//1215
f 1257//1216 781//1216 808//1216 1258//1216
f 1258//1217 808//1217 19//1217 18//1217
f 28//1218 27//1218 496//1218 805//1218
f 805//1219 496//1219 495//1219 806//1219
f 806//1220 495//1220 20//1220 19//1220
f 471//1221 470//1221 1252//1221 809//1221
f 809//1222 1252//1222 1249//1222 812//1222
f 812//1223 1249//1223 45//1223 48//1223
f 305//1224 308//1224 526//1224 1242//1224
f 1242//1225 526//1225 525//1225 1243//1225
f 1243//1226 525//1226 47//1226 46//1226
f 324//1227 323//1227 815//1227 522//1227
f 522//1228 815//1228 814//1228 523//1228
f 523//1229 814//1229 48//1229 47//1229
f 470//1230 469//1230 1263//1230 1254//1230
f 1254//1231 1263//1231 1272//1231 1255//1231
f 1255//1232 1272//1232 410//1232 409//1232
f 309//1233 312//1233 1081//1233 1269//1233
f 1269//1234 1081//1234 1108//1234 1270//1234
f 1270//1235 1108//1235 411//1235 410//1235
f 36//1236 35//1236 782//1236 1105//1236
f 1105//1237 782//1237 779//1237 1106//1237
f 1106//1238 779//1238 412//1238 411//1238
f 307//1239 306//1239 1264//1239 1109//1239
f 1109//1240 1264//1240 1261//1240 1112//1240
f 1112//1241 1261//1241 469//1241 472//1241
f 476//1242 475//1242 1115//1242 838//1242
f 838//1243 1115//1243 1114//1243 811//1243
f 811//1244 1114//1244 472//1244 471//1244
f 306//1245 305//1245 1240//1245 1266//1245
f 1266//1246 1240//1246 1237//1246 1267//1246
f 1267//1247 1237//1247 310//1247 309//1247
f 44//1248 43//1248 1082//1248 489//1248
f 489//1249 1082//1249 1079//1249 490//1249
f 490//1250 1079//1250 312//1250 311//1250
f 32//1251 31//1251 529//1251 1138//1251
f 1138//1252 529//1252 528//1252 1111//1252
f 1111//1253 528//1253 308//1253 307//1253
f 371//1254 370//1254 1275//1254 598//1254
f 598//1255 1275//1255 1284//1255 601//1255
f 601//1256 1284//1256 325//1256 328//1256
f 70//1257 69//1257 1287//1257 1281//1257
f 1281//1258 1287//1258 1296//1258 1282//1258
f 1282//1259 1296//1259 326//1259 325//1259
f 9//1260 12//1260 731//1260 1293//1260
f 1293//1261 731//1261 730//1261 1294//1261
f 1294//1262 730//1262 327//1262 326//1262
f 52//1263 51//1263 604//1263 727//1263
f 727//1264 604//1264 603//1264 728//1264
f 728//1265 603//1265 328//1265 327//1265
f 403//1266 402//1266 1288//1266 769//1266
f 769//1267 1288//1267 1285//1267 770//1267
f 770//1268 1285//1268 69//1268 72//1268
f 285//1269 288//1269 630//1269 1278//1269
f 1278//1270 630//1270 657//1270 1279//1270
f 1279//1271 657//1271 71//1271 70//1271
f 264//1272 263//1272 773//1272 654//1272
f 654//1273 773//1273 772//1273 655//1273
f 655//1274 772//1274 72//1274 71//1274
f 402//1275 401//1275 1299//1275 1290//1275
f 1290//1276 1299//1276 1308//1276 1291//1276
f 1291//1277 1308//1277 10//1277 9//1277
f 369//1278 372//1278 1021//1278 1305//1278
f 1305//1279 1021//1279 1048//1279 1306//1279
f 1306//1280 1048//1280 11//1280 10//1280
f 60//1281 59//1281 734//1281 1045//1281
f 1045//1282 734//1282 733//1282 1046//1282
f 1046//1283 733//1283 12//1283 11//1283
f 287//1284 286//1284 1300//1284 1049//1284
f 1049//1285 1300//1285 1297//1285 1052//1285
f 1052//1286 1297//1286 401//1286 404//1286
f 420//1287 419//1287 1055//1287 766//1287
f 766//1288 1055//1288 1054//1288 767//1288
f 767//1289 1054//1289 404//1289 403//1289
f 286//1290 285//1290 1276//1290 1302//1290
f 1302//1291 1276//1291 1273//1291 1303//1291
f 1303//1292 1273//1292 370//1292 369//1292
f 92//1293 91//1293 1022//1293 627//1293
f 627//1294 1022//1294 1019//1294 600//1294
f 600//1295 1019//1295 372//1295 371//1295
f 56//1296 55//1296 631//1296 1078//1296
f 1078//1297 631//1297 628//1297 1051//1297
f 1051//1298 628//1298 288//1298 287//1298
f 259//1299 258//1299 1311//1299 618//1299
f 618//1300 1311//1300 1320//1300 619//1300
f 619//1301 1320//1301 65//1301 68//1301
f 94//1302 93//1302 1323//1302 1317//1302
f 1317//1303 1323//1303 1332//1303 1318//1303
f 1318//1304 1332//1304 66//1304 65//1304
f 429//1305 432//1305 1141//1305 1329//1305
f 1329//1306 1141//1306 1168//1306 1330//1306
f 1330//1307 1168//1307 67//1307 66//1307
f 76//1308 75//1308 622//1308 1165//1308
f 1165//1309 622//1309 621//1309 1166//1309
f 1166//1310 621//1310 68//1310 67//1310
f 39//1311 38//1311 1324//1311 1169//1311
f 1169//1312 1324//1312 1321//1312 1172//1312
f 1172//1313 1321//1313 93//1313 96//1313
f 245//1314 248//1314 640//1314 1314//1314
f 1314//1315 640//1315 639//1315 1315//1315
f 1315//1316 639//1316 95//1316 94//1316
f 332//1317 331//1317 1175//1317 636//1317
f 636//1318 1175//1318 1174//1318 637//1318
f 637//1319 1174//1319 96//1319 95//1319
f 38//1320 37//1320 1335//1320 1326//1320
f 1326//1321 1335//1321 1344//1321 1327//1321
f 1327//1322 1344//1322 430//1322 429//1322
f 257//1323 260//1323 797//1323 1341//1323
f 1341//1324 797//1324 796//1324 1342//1324
f 1342//1325 796//1325 431//1325 430//1325
f 464//1326 463//1326 1142//1326 793//1326
f 793//1327 1142//1327 1139//1327 794//1327
f 794//1328 1139//1328 432//1328 431//1328
f 247//1329 246//1329 1336//1329 823//1329
f 823//1330 1336//1330 1333//1330 824//1330
f 824//1331 1333//1331 37//1331 40//1331
f 88//1332 87//1332 827//1332 1198//1332
f 1198//1333 827//1333 826//1333 1171//1333
f 1171//1334 826//1334 40//1334 39//1334
f 246//1335 245//1335 1312//1335 1338//1335
f 1338//1336 1312//1336 1309//1336 1339//1336
f 1339//1337 1309//1337 258//1337 257//1337
f 244//1338 243//1338 800//1338 615//1338
f 615//1339 800//1339 799//1339 616//1339
f 616//1340 799//1340 260//1340 259//1340
f 80//1341 79//1341 643//1341 820//1341
f 820//1342 643//1342 642//1342 821//1342
f 821//1343 642//1343 248//1343 247//1343
f 315//1344 314//1344 1347//1344 538//1344
f 538//1345 1347//1345 1356//1345 541//1345
f 541//1346 1356//1346 373//1346 376//1346
f 118//1347 117//1347 1359//1347 1353//1347
f 1353//1348 1359//1348 1368//1348 1354//1348
f 1354//1349 1368//1349 374//1349 373//1349
f 465//1350 468//1350 841//1350 1365//1350
f 1365//1351 841//1351 868//1351 1366//1351
f 1366//1352 868//1352 375//1352 374//1352
f 100//1353 99//1353 544//1353 865//1353
f 865//1354 544//1354 543//1354 866//1354
f 866//1355 543//1355 376//1355 375//1355
f 423//1356 422//1356 1360//1356 869//1356
f 869//1357 1360//1357 1357//1357 872//1357
f 872//1358 1357//1358 117//1358 120//1358
f 333//1359 336//1359 570//1359 1350//1359
f 1350//1360 570//1360 597//1360 1351//1360
f 1351//1361 597//1361 119//1361 118//1361
f 240//1362 239//1362 875//1362 594//1362
f 594//1363 875//1363 874//1363 595//1363
f 595//1364 874//1364 120//1364 119//1364
f 422//1365 421//1365 1371//1365 1362//1365
f 1362//1366 1371//1366 1380//1366 1363//1366
f 1363//1367 1380//1367 466//1367 465//1367
f 313//1368 316//1368 971//1368 1377//1368
f 1377//1369 971//1369 970//1369 1378//1369
f 1378//1370 970//1370 467//1370 466//1370
f 108//1371 107//1371 842//1371 967//1371
f 967//1372 842//1372 839//1372 968//1372
f 968//1373 839//1373 468//1373 467//1373
f 335//1374 334//1374 1372//1374 1009//1374
f 1009//1375 1372//1375 1369//1375 1010//1375
f 1010//1376 1369//1376 421//1376 424//1376
f 428//1377 427//1377 1013//1377 898//1377
f 898//1378 1013//1378 1012//1378 871//1378
f 871//1379 1012//1379 424//1379 423//1379
f 334//1380 333//1380 1348//1380 1374//1380
f 1374//1381 1348//1381 1345//1381 1375//1381
f 1375//1382 1345//1382 314//1382 313//1382
f 140//1383 139//1383 974//1383 567//1383
f 567//1384 974//1384 973//1384 540//1384
f 540//1385 973//1385 316//1385 315//1385
f 104//1386 103//1386 571//1386 1006//1386
f 1006//1387 571//1387 568//1387 1007//1387
f 1007//1388 568//1388 336//1388 335//1388
f 235//1389 234//1389 1383//1389 558//1389
f 558//1390 1383//1390 1392//1390 559//1390
f 559//1391 1392//1391 113//1391 116//1391
f 142//1392 141//1392 1395//1392 1389//1392
f 1389//1393 1395//1393 1404//1393 1390//1393
f 1390//1394 1404//1394 114//1394 113//1394
f 385//1395 388//1395 1097//1395 1401//1395
f 1401//1396 1097//1396 1096//1396 1402//1396
f 1402//1397 1096//1397 115//1397 114//1397
f 124//1398 123//1398 562//1398 1093//1398
f 1093//1399 562//1399 561//1399 1094//1399
f 1094//1400 561//1400 116//1400 115//1400
f 447//1401 446//1401 1396//1401 1123//1401
f 1123//1402 1396//1402 1393//1402 1124//1402
f 1124//1403 1393//1403 141//1403 144//1403
f 221//1404 224//1404 580//1404 1386//1404
f 1386//1405 580//1405 579//1405 1387//1405
f 1387//1406 579//1406 143//1406 142//1406
f 380//1407 379//1407 1127//1407 576//1407
f 576//1408 1127//1408 1126//1408 577//1408
f 577//1409 1126//1409 144//1409 143//1409
f 446//1410 445//1410 1407//1410 1398//1410
f 1398//1411 1407//1411 1416//1411 1399//1411
f 1399//1412 1416//1412 386//1412 385//1412
f 233//1413 236//1413 901//1413 1413//1413
f 1413//1414 901//1414 928//1414 1414//1414
f 1414//1415 928//1415 387//1415 386//1415
f 456//1416 455//1416 1100//1416 925//1416
f 925//1417 1100//1417 1099//1417 926//1417
f 926//1418 1099//1418 388//1418 387//1418
f 223//1419 222//1419 1408//1419 929//1419
f 929//1420 1408//1420 1405//1420 932//1420
f 932//1421 1405//1421 445//1421 448//1421
f 136//1422 135//1422 935//1422 1120//1422
f 1120//1423 935//1423 934//1423 1121//1423
f 1121//1424 934//1424 448//1424 447//1424
f 222//1425 221//1425 1384//1425 1410//1425
f 1410//1426 1384//1426 1381//1426 1411//1426
f 1411//1427 1381//1427 234//1427 233//1427
f 368//1428 367//1428 902//1428 555//1428
f 555//1429 902//1429 899//1429 556//1429
f 556//1430 899//1430 236//1430 235//1430
f 128//1431 127//1431 583//1431 958//1431
f 958//1432 583//1432 582//1432 931//1432
f 931//1433 582//1433 224//1433 223//1433
f 291//1434 290//1434 1419//1434 658//1434
f 658//1435 1419//1435 1428//1435 661//1435
f 661//1436 1428//1436 349//1436 352//1436
f 166//1437 165//1437 1431//1437 1425//1437
f 1425//1438 1431//1438 1440//1438 1426//1438
f 1426//1439 1440//1439 350//1439 349//1439
f 381//1440 384//1440 1037//1440 1437//1440
f 1437//1441 1037//1441 1036//1441 1438//1441
f 1438//1442 1036//1442 351//1442 350//1442
f 148//1443 147//1443 664//1443 1033//1443
f 1033//1444 664//1444 663//1444 1034//1444
f 1034//1445 663//1445 352//1445 351//1445
f 111//1446 110//1446 1432//1446 1063//1446
f 1063//1447 1432//1447 1429//1447 1064//1447
f 1064//1448 1429//1448 165//1448 168//1448
f 277//1449 280//1449 690//1449 1422//1449
f 1422//1450 690//1450 717//1450 1423//1450
f 1423//1451 717//1451 167//1451 166//1451
f 272//1452 271//1452 1067//1452 714//1452
f 714//1453 1067//1453 1066//1453 715//1453
f 715//1454 1066//1454 168//1454 167//1454
f 110//1455 109//1455 1443//1455 1434//1455
f 1434//1456 1443//1456 1452//1456 1435//1456
f 1435//1457 1452//1457 382//1457 381//1457
f 289//1458 292//1458 857//1458 1449//1458
f 1449//1459 857//1459 856//1459 1450//1459
f 1450//1460 856//1460 383//1460 382//1460
f 156//1461 155//1461 1040//1461 853//1461
f 853//1462 1040//1462 1039//1462 854//1462
f 854//1463 1039//1463 384//1463 383//1463
f 279//1464 278//1464 1444//1464 883//1464
f 883//1465 1444//1465 1441//1465 884//1465
f 884//1466 1441//1466 109//1466 112//1466
f 160//1467 159//1467 887//1467 1060//1467
f 1060//1468 887//1468 886//1468 1061//1468
f 1061//1469 886//1469 112//1469 111//1469
f 278//1470 277//1470 1420//1470 1446//1470
f 1446//1471 1420//1471 1417//1471 1447//1471
f 1447//1472 1417//1472 290//1472 289//1472
f 268//1473 267//1473 860//1473 687//1473
f 687//1474 860//1474 859//1474 660//1474
f 660//1475 859//1475 292//1475 291//1475
f 152//1476 151//1476 691//1476 880//1476
f 880//1477 691//1477 688//1477 881//1477
f 881//1478 688//1478 280//1478 279//1478
f 359//1479 358//1479 1455//1479 672//1479
f 672//1480 1455//1480 1464//1480 673//1480
f 673//1481 1464//1481 161//1481 164//1481
f 190//1482 189//1482 1467//1482 1461//1482
f 1461//1483 1467//1483 1476//1483 1462//1483
f 1462//1484 1476//1484 162//1484 161//1484
f 129//1485 132//1485 911//1485 1473//1485
f 1473//1486 911//1486 910//1486 1474//1486
f 1474//1487 910//1487 163//1487 162//1487
f 172//1488 171//1488 676//1488 907//1488
f 907//1489 676//1489 675//1489 908//1489
f 908//1490 675//1490 164//1490 163//1490
f 451//1491 450//1491 1468//1491 949//1491
f 949//1492 1468//1492 1465//1492 950//1492
f 950//1493 1465//1493 189//1493 192//1493
f 353//1494 356//1494 706//1494 1458//1494
f 1458//1495 706//1495 705//1495 1459//1495
f 1459//1496 705//1496 191//1496 190//1496
f 284//1497 283//1497 953//1497 702//1497
f 702//1498 953//1498 952//1498 703//1498
f 703//1499 952//1499 192//1499 191//1499
f 450//1500 449//1500 1479//1500 1470//1500
f 1470//1501 1479//1501 1488//1501 1471//1501
f 1471//1502 1488//1502 130//1502 129//1502
f 357//1503 360//1503 1151//1503 1485//1503
f 1485//1504 1151//1504 1150//1504 1486//1504
f 1486//1505 1150//1505 131//1505 130//1505
f 180//1506 179//1506 914//1506 1147//1506
f 1147//1507 914//1507 913//1507 1148//1507
f 1148//1508 913//1508 132//1508 131//1508
f 355//1509 354//1509 1480//1509 1189//1509
f 1189//1510 1480//1510 1477//1510 1190//1510
f 1190//1511 1477//1511 449//1511 452//1511
f 184//1512 183//1512 1193//1512 946//1512
f 946//1513 1193//1513 1192//1513 947//1513
f 947//1514 1192//1514 452//1514 451//1514
f 354//1515 353//1515 1456//1515 1482//1515
f 1482//1516 1456//1516 1453//1516 1483//1516
f 1483//1517 1453//1517 358//1517 357//1517
f 188//1518 187//1518 1154//1518 669//1518
f 669//1519 1154//1519 1153//1519 670//1519
f 670//1520 1153//1520 360//1520 359//1520
f 176//1521 175//1521 709//1521 1186//1521
f 1186//1522 709//1522 708//1522 1187//1522
f 1187//1523 708//1523 356//1523 355//1523
f 3//1524 2//1524 1491//1524 486//1524
f 486//1525 1491//1525 1500//1525 487//1525
f 487//1526 1500//1526 41//1526 44//1526
f 30//1527 29//1527 1503//1527 1497//1527
f 1497//1528 1503//1528 1512//1528 1498//1528
f 1498//1529 1512//1529 42//1529 41//1529
f 457//1530 460//1530 1085//1530 1509//1530
f 1509//1531 1085//1531 1084//1531 1510//1531
f 1510//1532 1084//1532 43//1532 42//1532
f 227//1533 226//1533 1504//1533 1135//1533
f 1135//1534 1504//1534 1501//1534 1136//1534
f 1136//1535 1501//1535 29//1535 32//1535
f 197//1536 200//1536 532//1536 1494//1536
f 1494//1537 532//1537 531//1537 1495//1537
f 1495//1538 531//1538 31//1538 30//1538
f 226//1539 225//1539 1515//1539 1506//1539
f 1506//1540 1515//1540 1524//1540 1507//1540
f 1507//1541 1524//1541 458//1541 457//1541
f 1//1542 4//1542 983//1542 1521//1542
f 1521//1543 983//1543 982//1543 1522//1543
f 1522//1544 982//1544 459//1544 458//1544
f 204//1545 203//1545 1088//1545 979//1545
f 979//1546 1088//1546 1087//1546 980//1546
f 980//1547 1087//1547 460//1547 459//1547
f 199//1548 198//1548 1516//1548 997//1548
f 997//1549 1516//1549 1513//1549 998//1549
f 998//1550 1513//1550 225//1550 228//1550
f 208//1551 207//1551 1001//1551 1132//1551
f 1132//1552 1001//1552 1000//1552 1133//1552
f 1133//1553 1000//1553 228//1553 227//1553
f 198//1554 197//1554 1492//1554 1518//1554
f 1518//1555 1492//1555 1489//1555 1519//1555
f 1519//1556 1489//1556 2//1556 1//1556
f 123//1557 122//1557 1527//1557 564//1557
f 564//1558 1527//1558 1536//1558 565//1558
f 565//1559 1536//1559 137//1559 140//1559
f 102//1560 101//1560 1539//1560 1533//1560
f 1533//1561 1539//1561 1548//1561 1534//1561
f 1534//1562 1548//1562 138//1562 137//1562
f 201//1563 204//1563 977//1563 1545//1563
f 1545//1564 977//1564 976//1564 1546//1564
f 1546//1565 976//1565 139//1565 138//1565
f 207//1566 206//1566 1540//1566 1003//1566
f 1003//1567 1540//1567 1537//1567 1004//1567
f 1004//1568 1537//1568 101//1568 104//1568
f 377//1569 380//1569 574//1569 1530//1569
f 1530//1570 574//1570 573//1570 1531//1570
f 1531//1571 573//1571 103//1571 102//1571
f 206//1572 205//1572 1551//1572 1542//1572
f 1542//1573 1551//1573 1560//1573 1543//1573
f 1543//1574 1560//1574 202//1574 201//1574
f 121//1575 124//1575 1091//1575 1557//1575
f 1557//1576 1091//1576 1090//1576 1558//1576
f 1558//1577 1090//1577 203//1577 202//1577
f 379//1578 378//1578 1552//1578 1129//1578
f 1129//1579 1552//1579 1549//1579 1130//1579
f 1130//1580 1549//1580 205//1580 208//1580
f 378//1581 377//1581 1528//1581 1554//1581
f 1554//1582 1528//1582 1525//1582 1555//1582
f 1555//1583 1525//1583 122//1583 121//1583
f 75//1584 74//1584 1563//1584 624//1584
f 624//1585 1563//1585 1572//1585 625//1585
f 625//1586 1572//1586 89//1586 92//1586
f 54//1587 53//1587 1575//1587 1569//1587
f 1569//1588 1575//1588 1584//1588 1570//1588
f 1570//1589 1584//1589 90//1589 89//1589
f 229//1590 232//1590 1025//1590 1581//1590
f 1581//1591 1025//1591 1024//1591 1582//1591
f 1582//1592 1024//1592 91//1592 90//1592
f 275//1593 274//1593 1576//1593 1075//1593
f 1075//1594 1576//1594 1573//1594 1076//1594
f 1076//1595 1573//1595 53//1595 56//1595
f 329//1596 332//1596 634//1596 1566//1596
f 1566//1597 634//1597 633//1597 1567//1597
f 1567//1598 633//1598 55//1598 54//1598
f 274//1599 273//1599 1587//1599 1578//1599
f 1578//1600 1587//1600 1596//1600 1579//1600
f 1579//1601 1596//1601 230//1601 229//1601
f 73//1602 76//1602 1163//1602 1593//1602
f 1593//1603 1163//1603 1162//1603 1594//1603
f 1594//1604 1162//1604 231//1604 230//1604
f 252//1605 251//1605 1028//1605 1159//1605
f 1159//1552 1028//1552 1027//1552 1160//1552
f 1160//1606 1027//1606 232//1606 231//1606
f 331//1607 330//1607 1588//1607 1177//1607
f 1177//1608 1588//1608 1585//1608 1178//1608
f 1178//1609 1585//1609 273//1609 276//1609
f 256//1610 255//1610 1181//1610 1072//1610
f 1072//1546 1181//1546 1180//1546 1073//1546
f 1073//1611 1180//1611 276//1611 275//1611
f 330//1612 329//1612 1564//1612 1590//1612
f 1590//1613 1564//1613 1561//1613 1591//1613
f 1591//1614 1561//1614 74//1614 73//1614
f 147//1615 146//1615 1599//1615 666//1615
f 666//1616 1599//1616 1608//1616 667//1616
f 667//1617 1608//1617 185//1617 188//1617
f 174//1618 173//1618 1611//1618 1605//1618
f 1605//1619 1611//1619 1620//1619 1606//1619
f 1606//1620 1620//1620 186//1620 185//1620
f 249//1621 252//1621 1157//1621 1617//1621
f 1617//1622 1157//1622 1156//1622 1618//1622
f 1618//1623 1156//1623 187//1623 186//1623
f 255//1624 254//1624 1612//1624 1183//1624
f 1183//1625 1612//1625 1609//1625 1184//1625
f 1184//1626 1609//1626 173//1626 176//1626
f 269//1627 272//1627 712//1627 1602//1627
f 1602//1628 712//1628 711//1628 1603//1628
f 1603//1629 711//1629 175//1629 174//1629
f 254//1630 253//1630 1623//1630 1614//1630
f 1614//1631 1623//1631 1632//1631 1615//1631
f 1615//1632 1632//1632 250//1632 249//1632
f 145//1633 148//1633 1031//1633 1629//1633
f 1629//1634 1031//1634 1030//1634 1630//1634
f 1630//1635 1030//1635 251//1635 250//1635
f 271//1636 270//1636 1624//1636 1069//1636
f 1069//1637 1624//1637 1621//1637 1070//1637
f 1070//1638 1621//1638 253//1638 256//1638
f 270//1639 269//1639 1600//1639 1626//1639
f 1626//1640 1600//1640 1597//1640 1627//1640
f 1627//1641 1597//1641 146//1641 145//1641
f 195//1642 194//1642 1635//1642 724//1642
f 724//1643 1635//1643 1644//1643 725//1643
f 725//1644 1644//1644 49//1644 52//1644
f 262//1645 261//1645 1647//1645 1641//1645
f 1641//1646 1647//1646 1656//1646 1642//1646
f 1642//1647 1656//1647 50//1647 49//1647
f 301//1648 304//1648 607//1648 1653//1648
f 1653//1649 607//1649 606//1649 1654//1649
f 1654//1650 606//1650 51//1650 50//1650
f 215//1651 214//1651 1648//1651 651//1651
f 651//1652 1648//1652 1645//1652 652//1652
f 652//1653 1645//1653 261//1653 264//1653
f 5//1654 8//1654 776//1654 1638//1654
f 1638//1655 776//1655 775//1655 1639//1655
f 1639//1656 775//1656 263//1656 262//1656
f 214//1657 213//1657 1659//1657 1650//1657
f 1650//1658 1659//1658 1668//1658 1651//1658
f 1651//1659 1668//1659 302//1659 301//1659
f 193//1660 196//1660 505//1660 1665//1660
f 1665//1661 505//1661 504//1661 1666//1661
f 1666//1662 504//1662 303//1662 302//1662
f 296//1663 295//1663 610//1663 501//1663
f 501//1664 610//1664 609//1664 502//1664
f 502//1665 609//1665 304//1665 303//1665
f 7//1666 6//1666 1660//1666 513//1666
f 513//1667 1660//1667 1657//1667 514//1667
f 514//1668 1657//1668 213//1668 216//1668
f 300//1669 299//1669 517//1669 648//1669
f 648//1670 517//1670 516//1670 649//1670
f 649//1671 516//1671 216//1671 215//1671
f 6//1672 5//1672 1636//1672 1662//1672
f 1662//1673 1636//1673 1633//1673 1663//1673
f 1663//1674 1633//1674 194//1674 193//1674
f 243//1675 242//1675 1671//1675 802//1675
f 802//1676 1671//1676 1680//1676 803//1676
f 803//1677 1680//1677 25//1677 28//1677
f 322//1678 321//1678 1683//1678 1677//1678
f 1677//1679 1683//1679 1692//1679 1678//1679
f 1678//1680 1692//1680 26//1680 25//1680
f 293//1681 296//1681 499//1681 1689//1681
f 1689//1682 499//1682 498//1682 1690//1682
f 1690//1683 498//1683 27//1683 26//1683
f 299//1684 298//1684 1684//1684 519//1684
f 519//1685 1684//1685 1681//1685 520//1685
f 520//1686 1681//1686 321//1686 324//1686
f 77//1687 80//1687 818//1687 1674//1687
f 1674//1688 818//1688 817//1688 1675//1688
f 1675//1689 817//1689 323//1689 322//1689
f 298//1690 297//1690 1695//1690 1686//1690
f 1686//1691 1695//1691 1704//1691 1687//1691
f 1687//1692 1704//1692 294//1692 293//1692
f 241//1693 244//1693 613//1693 1701//1693
f 1701//1694 613//1694 612//1694 1702//1694
f 1702//1695 612//1695 295//1695 294//1695
f 79//1696 78//1696 1696//1696 645//1696
f 645//1697 1696//1697 1693//1697 646//1697
f 646//1698 1693//1698 297//1698 300//1698
f 78//1699 77//1699 1672//1699 1698//1699
f 1698//1700 1672//1700 1669//1700 1699//1700
f 1699//1701 1669//1701 242//1701 241//1701
f 267//1702 266//1702 1707//1702 862//1702
f 862//1703 1707//1703 1716//1703 863//1703
f 863//1704 1716//1704 97//1704 100//1704
f 238//1705 237//1705 1719//1705 1713//1705
f 1713//1706 1719//1706 1728//1706 1714//1706
f 1714//1707 1728//1707 98//1707 97//1707
f 217//1708 220//1708 547//1708 1725//1708
f 1725//1709 547//1709 546//1709 1726//1709
f 1726//1710 546//1710 99//1710 98//1710
f 339//1711 338//1711 1720//1711 591//1711
f 591//1712 1720//1712 1717//1712 592//1712
f 592//1713 1717//1713 237//1713 240//1713
f 149//1714 152//1714 878//1714 1710//1714
f 1710//1715 878//1715 877//1715 1711//1715
f 1711//1716 877//1716 239//1716 238//1716
f 338//1717 337//1717 1731//1717 1722//1717
f 1722//1718 1731//1718 1740//1718 1723//1718
f 1723//1719 1740//1719 218//1719 217//1719
f 265//1720 268//1720 685//1720 1737//1720
f 1737//1721 685//1721 684//1721 1738//1721
f 1738//1722 684//1722 219//1722 218//1722
f 344//1723 343//1723 550//1723 681//1723
f 681//1670 550//1670 549//1670 682//1670
f 682//1724 549//1724 220//1724 219//1724
f 151//1725 150//1725 1732//1725 693//1725
f 693//1726 1732//1726 1729//1726 694//1726
f 694//1727 1729//1727 337//1727 340//1727
f 348//1728 347//1728 697//1728 588//1728
f 588//1664 697//1664 696//1664 589//1664
f 589//1729 696//1729 340//1729 339//1729
f 150//1730 149//1730 1708//1730 1734//1730
f 1734//1731 1708//1731 1705//1731 1735//1731
f 1735//1732 1705//1732 266//1732 265//1732
f 367//1733 366//1733 1743//1733 904//1733
f 904//1734 1743//1734 1752//1734 905//1734
f 905//1735 1752//1735 169//1735 172//1735
f 282//1736 281//1736 1755//1736 1749//1736
f 1749//1737 1755//1737 1764//1737 1750//1737
f 1750//1738 1764//1738 170//1738 169//1738
f 341//1739 344//1739 679//1739 1761//1739
f 1761//1740 679//1740 678//1740 1762//1740
f 1762//1741 678//1741 171//1741 170//1741
f 347//1742 346//1742 1756//1742 699//1742
f 699//1743 1756//1743 1753//1743 700//1743
f 700//1744 1753//1744 281//1744 284//1744
f 125//1745 128//1745 956//1745 1746//1745
f 1746//1746 956//1746 955//1746 1747//1746
f 1747//1747 955//1747 283//1747 282//1747
f 346//1748 345//1748 1767//1748 1758//1748
f 1758//1749 1767//1749 1776//1749 1759//1749
f 1759//1750 1776//1750 342//1750 341//1750
f 365//1751 368//1751 553//1751 1773//1751
f 1773//1752 553//1752 552//1752 1774//1752
f 1774//1753 552//1753 343//1753 342//1753
f 127//1754 126//1754 1768//1754 585//1754
f 585//1755 1768//1755 1765//1755 586//1755
f 586//1756 1765//1756 345//1756 348//1756
f 126//1757 125//1757 1744//1757 1770//1757
f 1770//1758 1744//1758 1741//1758 1771//1758
f 1771//1759 1741//1759 366//1759 365//1759
f 407//1760 406//1760 1779//1760 964//1760
f 964//1761 1779//1761 1788//1761 965//1761
f 965//1762 1788//1762 105//1762 108//1762
f 426//1763 425//1763 1791//1763 1785//1763
f 1785//1764 1791//1764 1800//1764 1786//1764
f 1786//1765 1800//1765 106//1765 105//1765
f 397//1766 400//1766 845//1766 1797//1766
f 1797//1767 845//1767 844//1767 1798//1767
f 1798//1768 844//1768 107//1768 106//1768
f 63//1769 62//1769 1792//1769 895//1769
f 895//1770 1792//1770 1789//1770 896//1770
f 896//1771 1789//1771 425//1771 428//1771
f 13//1772 16//1772 1016//1772 1782//1772
f 1782//1773 1016//1773 1015//1773 1783//1773
f 1783//1774 1015//1774 427//1774 426//1774
f 62//1775 61//1775 1803//1775 1794//1775
f 1794//1776 1803//1776 1812//1776 1795//1776
f 1795//1777 1812//1777 398//1777 397//1777
f 405//1778 408//1778 743//1778 1809//1778
f 1809//1779 743//1779 742//1779 1810//1779
f 1810//1780 742//1780 399//1780 398//1780
f 392//1781 391//1781 848//1781 739//1781
f 739//1782 848//1782 847//1782 740//1782
f 740//1783 847//1783 400//1783 399//1783
f 15//1784 14//1784 1804//1784 757//1784
f 757//1785 1804//1785 1801//1785 758//1785
f 758//1786 1801//1786 61//1786 64//1786
f 396//1787 395//1787 761//1787 892//1787
f 892//1788 761//1788 760//1788 893//1788
f 893//1789 760//1789 64//1789 63//1789
f 14//1790 13//1790 1780//1790 1806//1790
f 1806//1791 1780//1791 1777//1791 1807//1791
f 1807//1792 1777//1792 406//1792 405//1792
f 155//1793 154//1793 1815//1793 1042//1793
f 1042//1794 1815//1794 1824//1794 1043//1794
f 1043//1795 1824//1795 57//1795 60//1795
f 418//1796 417//1796 1827//1796 1821//1796
f 1821//1797 1827//1797 1836//1797 1822//1797
f 1822//1798 1836//1798 58//1798 57//1798
f 389//1799 392//1799 737//1799 1833//1799
f 1833//1800 737//1800 736//1800 1834//1800
f 1834//1801 736//1801 59//1801 58//1801
f 395//1802 394//1802 1828//1802 763//1802
f 763//1803 1828//1803 1825//1803 764//1803
f 764//1804 1825//1804 417//1804 420//1804
f 157//1805 160//1805 1058//1805 1818//1805
f 1818//1806 1058//1806 1057//1806 1819//1806
f 1819//1807 1057//1807 419//1807 418//1807
f 394//1808 393//1808 1839//1808 1830//1808
f 1830//1809 1839//1809 1848//1809 1831//1809
f 1831//1810 1848//1810 390//1810 389//1810
f 153//1811 156//1811 851//1811 1845//1811
f 1845//1812 851//1812 850//1812 1846//1812
f 1846//1813 850//1813 391//1813 390//1813
f 159//1814 158//1814 1840//1814 889//1814
f 889//1815 1840//1815 1837//1815 890//1815
f 890//1816 1837//1816 393//1816 396//1816
f 158//1817 157//1817 1816//1817 1842//1817
f 1842//1818 1816//1818 1813//1818 1843//1818
f 1843//1819 1813//1819 154//1819 153//1819
f 455//1820 454//1820 1851//1820 1102//1820
f 1102//1821 1851//1821 1860//1821 1103//1821
f 1103//1822 1860//1822 33//1822 36//1822
f 474//1823 473//1823 1863//1823 1857//1823
f 1857//1824 1863//1824 1872//1824 1858//1824
f 1858//1825 1872//1825 34//1825 33//1825
f 81//1826 84//1826 785//1826 1869//1826
f 1869//1827 785//1827 784//1827 1870//1827
f 1870//1828 784//1828 35//1828 34//1828
f 435//1829 434//1829 1864//1829 835//1829
f 835//1830 1864//1830 1861//1830 836//1830
f 836//1831 1861//1831 473//1831 476//1831
f 133//1832 136//1832 1118//1832 1854//1832
f 1854//1833 1118//1833 1117//1833 1855//1833
f 1855//1834 1117//1834 475//1834 474//1834
f 434//1835 433//1835 1875//1835 1866//1835
f 1866//1836 1875//1836 1884//1836 1867//1836
f 1867//1837 1884//1837 82//1837 81//1837
f 453//1838 456//1838 923//1838 1881//1838
f 1881//1839 923//1839 922//1839 1882//1839
f 1882//1840 922//1840 83//1840 82//1840
f 440//1841 439//1841 788//1841 919//1841
f 919//1788 788//1788 787//1788 920//1788
f 920//1842 787//1842 84//1842 83//1842
f 135//1843 134//1843 1876//1843 937//1843
f 937//1844 1876//1844 1873//1844 938//1844
f 938//1845 1873//1845 433//1845 436//1845
f 444//1846 443//1846 941//1846 832//1846
f 832//1782 941//1782 940//1782 833//1782
f 833//1847 940//1847 436//1847 435//1847
f 134//1848 133//1848 1852//1848 1878//1848
f 1878//1849 1852//1849 1849//1849 1879//1849
f 1879//1850 1849//1850 454//1850 453//1850
f 463//1851 462//1851 1887//1851 1144//1851
f 1144//1852 1887//1852 1896//1852 1145//1852
f 1145//1853 1896//1853 177//1853 180//1853
f 182//1854 181//1854 1899//1854 1893//1854
f 1893//1855 1899//1855 1908//1855 1894//1855
f 1894//1856 1908//1856 178//1856 177//1856
f 437//1857 440//1857 917//1857 1905//1857
f 1905//1858 917//1858 916//1858 1906//1858
f 1906//1859 916//1859 179//1859 178//1859
f 443//1860 442//1860 1900//1860 943//1860
f 943//1861 1900//1861 1897//1861 944//1861
f 944//1862 1897//1862 181//1862 184//1862
f 85//1863 88//1863 1196//1863 1890//1863
f 1890//1864 1196//1864 1195//1864 1891//1864
f 1891//1865 1195//1865 183//1865 182//1865
f 442//1866 441//1866 1911//1866 1902//1866
f 1902//1867 1911//1867 1920//1867 1903//1867
f 1903//1868 1920//1868 438//1868 437//1868
f 461//1869 464//1869 791//1869 1917//1869
f 1917//1870 791//1870 790//1870 1918//1870
f 1918//1871 790//1871 439//1871 438//1871
f 87//1872 86//1872 1912//1872 829//1872
f 829//1873 1912//1873 1909//1873 830//1873
f 830//1874 1909//1874 441//1874 444//1874
f 86//1875 85//1875 1888//1875 1914//1875
f 1914//1876 1888//1876 1885//1876 1915//1876
f 1915//1877 1885//1877 462//1877 461//1877
f 1232//1878 1199//1878 477//1878 718//1878
